election,tour,code_departement,code_commune,commune,commune_norm,code_bv,inscrits,votants,abstentions,exprimes,blancs,nuls,numero_panneau,nuance,nom,prenom,sexe,candidat,candidature,voix,pct_inscrits,pct_exprimes,elu,bureau_nom,bureau_nom_norm,match_score,etablissement_nom,etablissement_adresse,etablissement_theme1,etablissement_theme2,etablissement_theme3,longitude,latitude,geo_source,iris_id,iris_codgeo,iris_libgeo
legislatives_2024,1,988,98801,Belep,BELEP,0001,933,538,395,535,0,3,1,DVG,TUKUMULI,Milakulo,MASCULIN,Milakulo TUKUMULI,,4,,,,Mairie,MAIRIE,0.7,Waala,Belep,LIEU_DIT_NC,VILLE,,163.6480110596638,-19.71203277091468,tribus_villages_nc,3,101,Bélep
legislatives_2024,1,988,98801,Belep,BELEP,0001,933,538,395,535,0,3,2,REG,TJIBAOU,Emmanuel,MASCULIN,Emmanuel TJIBAOU,,526,,,,Mairie,MAIRIE,0.7,Waala,Belep,LIEU_DIT_NC,VILLE,,163.6480110596638,-19.71203277091468,tribus_villages_nc,3,101,Bélep
legislatives_2024,1,988,98801,Belep,BELEP,0001,933,538,395,535,0,3,3,REG,FRERE,Ronald,MASCULIN,Ronald FRERE,,2,,,,Mairie,MAIRIE,0.7,Waala,Belep,LIEU_DIT_NC,VILLE,,163.6480110596638,-19.71203277091468,tribus_villages_nc,3,101,Bélep
legislatives_2024,1,988,98801,Belep,BELEP,0001,933,538,395,535,0,3,4,REG,VOUDJO,Luther,MASCULIN,Luther VOUDJO,,1,,,,Mairie,MAIRIE,0.7,Waala,Belep,LIEU_DIT_NC,VILLE,,163.6480110596638,-19.71203277091468,tribus_villages_nc,3,101,Bélep
legislatives_2024,1,988,98801,Belep,BELEP,0001,933,538,395,535,0,3,6,DVD,PONGA,Alcide,MASCULIN,Alcide PONGA,,0,,,,Mairie,MAIRIE,0.7,Waala,Belep,LIEU_DIT_NC,VILLE,,163.6480110596638,-19.71203277091468,tribus_villages_nc,3,101,Bélep
legislatives_2024,1,988,98801,Belep,BELEP,0001,933,538,395,535,0,3,7,HOR,POADJA,Gérard,MASCULIN,Gérard POADJA,,2,,,,Mairie,MAIRIE,0.7,Waala,Belep,LIEU_DIT_NC,VILLE,,163.6480110596638,-19.71203277091468,tribus_villages_nc,3,101,Bélep
legislatives_2024,1,988,98802,Bouloupari,BOULOUPARI,0001,931,624,307,615,2,7,1,DVG,TUKUMULI,Milakulo,MASCULIN,Milakulo TUKUMULI,,33,,,,Mairie,MAIRIE,0.98,Mairie de Boulouparis,,ADMINISTRATION ET ORGANISME,Administrations des collectivités,Administration de la commune de Boulouparis,166.047711423762,-21.8654175541592,etablissements_publics_nc,88,201,Boulouparis village
legislatives_2024,1,988,98802,Bouloupari,BOULOUPARI,0001,931,624,307,615,2,7,2,REG,TJIBAOU,Emmanuel,MASCULIN,Emmanuel TJIBAOU,,231,,,,Mairie,MAIRIE,0.98,Mairie de Boulouparis,,ADMINISTRATION ET ORGANISME,Administrations des collectivités,Administration de la commune de Boulouparis,166.047711423762,-21.8654175541592,etablissements_publics_nc,88,201,Boulouparis village
legislatives_2024,1,988,98802,Bouloupari,BOULOUPARI,0001,931,624,307,615,2,7,3,REG,FRERE,Ronald,MASCULIN,Ronald FRERE,,8,,,,Mairie,MAIRIE,0.98,Mairie de Boulouparis,,ADMINISTRATION ET ORGANISME,Administrations des collectivités,Administration de la commune de Boulouparis,166.047711423762,-21.8654175541592,etablissements_publics_nc,88,201,Boulouparis village
legislatives_2024,1,988,98802,Bouloupari,BOULOUPARI,0001,931,624,307,615,2,7,4,REG,VOUDJO,Luther,MASCULIN,Luther VOUDJO,,2,,,,Mairie,MAIRIE,0.98,Mairie de Boulouparis,,ADMINISTRATION ET ORGANISME,Administrations des collectivités,Administration de la commune de Boulouparis,166.047711423762,-21.8654175541592,etablissements_publics_nc,88,201,Boulouparis village
legislatives_2024,1,988,98802,Bouloupari,BOULOUPARI,0001,931,624,307,615,2,7,6,DVD,PONGA,Alcide,MASCULIN,Alcide PONGA,,311,,,,Mairie,MAIRIE,0.98,Mairie de Boulouparis,,ADMINISTRATION ET ORGANISME,Administrations des collectivités,Administration de la commune de Boulouparis,166.047711423762,-21.8654175541592,etablissements_publics_nc,88,201,Boulouparis village
legislatives_2024,1,988,98802,Bouloupari,BOULOUPARI,0001,931,624,307,615,2,7,7,HOR,POADJA,Gérard,MASCULIN,Gérard POADJA,,30,,,,Mairie,MAIRIE,0.98,Mairie de Boulouparis,,ADMINISTRATION ET ORGANISME,Administrations des collectivités,Administration de la commune de Boulouparis,166.047711423762,-21.8654175541592,etablissements_publics_nc,88,201,Boulouparis village
legislatives_2024,1,988,98802,Bouloupari,BOULOUPARI,0002,720,494,226,489,4,1,1,DVG,TUKUMULI,Milakulo,MASCULIN,Milakulo TUKUMULI,,13,,,,Centre Culturel,CENTRE CULTUREL,0.833,Centre Socioculturel,,CULTUREL ET SOCIO EDUCATIF,Equipements socio-éducatifs et socio-culturels,Foyer socio culturel,166.049037015845,-21.8654352350015,etablissements_publics_nc,88,201,Boulouparis village
legislatives_2024,1,988,98802,Bouloupari,BOULOUPARI,0002,720,494,226,489,4,1,2,REG,TJIBAOU,Emmanuel,MASCULIN,Emmanuel TJIBAOU,,82,,,,Centre Culturel,CENTRE CULTUREL,0.833,Centre Socioculturel,,CULTUREL ET SOCIO EDUCATIF,Equipements socio-éducatifs et socio-culturels,Foyer socio culturel,166.049037015845,-21.8654352350015,etablissements_publics_nc,88,201,Boulouparis village
legislatives_2024,1,988,98802,Bouloupari,BOULOUPARI,0002,720,494,226,489,4,1,3,REG,FRERE,Ronald,MASCULIN,Ronald FRERE,,2,,,,Centre Culturel,CENTRE CULTUREL,0.833,Centre Socioculturel,,CULTUREL ET SOCIO EDUCATIF,Equipements socio-éducatifs et socio-culturels,Foyer socio culturel,166.049037015845,-21.8654352350015,etablissements_publics_nc,88,201,Boulouparis village
legislatives_2024,1,988,98802,Bouloupari,BOULOUPARI,0002,720,494,226,489,4,1,4,REG,VOUDJO,Luther,MASCULIN,Luther VOUDJO,,9,,,,Centre Culturel,CENTRE CULTUREL,0.833,Centre Socioculturel,,CULTUREL ET SOCIO EDUCATIF,Equipements socio-éducatifs et socio-culturels,Foyer socio culturel,166.049037015845,-21.8654352350015,etablissements_publics_nc,88,201,Boulouparis village
legislatives_2024,1,988,98802,Bouloupari,BOULOUPARI,0002,720,494,226,489,4,1,6,DVD,PONGA,Alcide,MASCULIN,Alcide PONGA,,361,,,,Centre Culturel,CENTRE CULTUREL,0.833,Centre Socioculturel,,CULTUREL ET SOCIO EDUCATIF,Equipements socio-éducatifs et socio-culturels,Foyer socio culturel,166.049037015845,-21.8654352350015,etablissements_publics_nc,88,201,Boulouparis village
legislatives_2024,1,988,98802,Bouloupari,BOULOUPARI,0002,720,494,226,489,4,1,7,HOR,POADJA,Gérard,MASCULIN,Gérard POADJA,,22,,,,Centre Culturel,CENTRE CULTUREL,0.833,Centre Socioculturel,,CULTUREL ET SOCIO EDUCATIF,Equipements socio-éducatifs et socio-culturels,Foyer socio culturel,166.049037015845,-21.8654352350015,etablissements_publics_nc,88,201,Boulouparis village
legislatives_2024,1,988,98802,Bouloupari,BOULOUPARI,0003,783,570,213,561,7,2,1,DVG,TUKUMULI,Milakulo,MASCULIN,Milakulo TUKUMULI,,11,,,,Mairie (Maison des associations),MAIRIE MAISON ASSOCIATIONS,0.93,Maison des Associations,,CULTUREL ET SOCIO EDUCATIF,Equipements socio-éducatifs et socio-culturels,Autre équipement socio-éducatif et socio-culturel,166.047082551458,-21.8655893376649,etablissements_publics_nc,88,201,Boulouparis village
legislatives_2024,1,988,98802,Bouloupari,BOULOUPARI,0003,783,570,213,561,7,2,2,REG,TJIBAOU,Emmanuel,MASCULIN,Emmanuel TJIBAOU,,152,,,,Mairie (Maison des associations),MAIRIE MAISON ASSOCIATIONS,0.93,Maison des Associations,,CULTUREL ET SOCIO EDUCATIF,Equipements socio-éducatifs et socio-culturels,Autre équipement socio-éducatif et socio-culturel,166.047082551458,-21.8655893376649,etablissements_publics_nc,88,201,Boulouparis village
legislatives_2024,1,988,98802,Bouloupari,BOULOUPARI,0003,783,570,213,561,7,2,3,REG,FRERE,Ronald,MASCULIN,Ronald FRERE,,2,,,,Mairie (Maison des associations),MAIRIE MAISON ASSOCIATIONS,0.93,Maison des Associations,,CULTUREL ET SOCIO EDUCATIF,Equipements socio-éducatifs et socio-culturels,Autre équipement socio-éducatif et socio-culturel,166.047082551458,-21.8655893376649,etablissements_publics_nc,88,201,Boulouparis village
legislatives_2024,1,988,98802,Bouloupari,BOULOUPARI,0003,783,570,213,561,7,2,4,REG,VOUDJO,Luther,MASCULIN,Luther VOUDJO,,2,,,,Mairie (Maison des associations),MAIRIE MAISON ASSOCIATIONS,0.93,Maison des Associations,,CULTUREL ET SOCIO EDUCATIF,Equipements socio-éducatifs et socio-culturels,Autre équipement socio-éducatif et socio-culturel,166.047082551458,-21.8655893376649,etablissements_publics_nc,88,201,Boulouparis village
legislatives_2024,1,988,98802,Bouloupari,BOULOUPARI,0003,783,570,213,561,7,2,6,DVD,PONGA,Alcide,MASCULIN,Alcide PONGA,,356,,,,Mairie (Maison des associations),MAIRIE MAISON ASSOCIATIONS,0.93,Maison des Associations,,CULTUREL ET SOCIO EDUCATIF,Equipements socio-éducatifs et socio-culturels,Autre équipement socio-éducatif et socio-culturel,166.047082551458,-21.8655893376649,etablissements_publics_nc,88,201,Boulouparis village
legislatives_2024,1,988,98802,Bouloupari,BOULOUPARI,0003,783,570,213,561,7,2,7,HOR,POADJA,Gérard,MASCULIN,Gérard POADJA,,38,,,,Mairie (Maison des associations),MAIRIE MAISON ASSOCIATIONS,0.93,Maison des Associations,,CULTUREL ET SOCIO EDUCATIF,Equipements socio-éducatifs et socio-culturels,Autre équipement socio-éducatif et socio-culturel,166.047082551458,-21.8655893376649,etablissements_publics_nc,88,201,Boulouparis village
legislatives_2024,1,988,98802,Bouloupari,BOULOUPARI,0004,911,610,301,600,3,7,1,DVG,TUKUMULI,Milakulo,MASCULIN,Milakulo TUKUMULI,,41,,,,Centre culturel,CENTRE CULTUREL,0.833,Centre Socioculturel,,CULTUREL ET SOCIO EDUCATIF,Equipements socio-éducatifs et socio-culturels,Foyer socio culturel,166.049037015845,-21.8654352350015,etablissements_publics_nc,88,201,Boulouparis village
legislatives_2024,1,988,98802,Bouloupari,BOULOUPARI,0004,911,610,301,600,3,7,2,REG,TJIBAOU,Emmanuel,MASCULIN,Emmanuel TJIBAOU,,188,,,,Centre culturel,CENTRE CULTUREL,0.833,Centre Socioculturel,,CULTUREL ET SOCIO EDUCATIF,Equipements socio-éducatifs et socio-culturels,Foyer socio culturel,166.049037015845,-21.8654352350015,etablissements_publics_nc,88,201,Boulouparis village
legislatives_2024,1,988,98802,Bouloupari,BOULOUPARI,0004,911,610,301,600,3,7,3,REG,FRERE,Ronald,MASCULIN,Ronald FRERE,,16,,,,Centre culturel,CENTRE CULTUREL,0.833,Centre Socioculturel,,CULTUREL ET SOCIO EDUCATIF,Equipements socio-éducatifs et socio-culturels,Foyer socio culturel,166.049037015845,-21.8654352350015,etablissements_publics_nc,88,201,Boulouparis village
legislatives_2024,1,988,98802,Bouloupari,BOULOUPARI,0004,911,610,301,600,3,7,4,REG,VOUDJO,Luther,MASCULIN,Luther VOUDJO,,6,,,,Centre culturel,CENTRE CULTUREL,0.833,Centre Socioculturel,,CULTUREL ET SOCIO EDUCATIF,Equipements socio-éducatifs et socio-culturels,Foyer socio culturel,166.049037015845,-21.8654352350015,etablissements_publics_nc,88,201,Boulouparis village
legislatives_2024,1,988,98802,Bouloupari,BOULOUPARI,0004,911,610,301,600,3,7,6,DVD,PONGA,Alcide,MASCULIN,Alcide PONGA,,313,,,,Centre culturel,CENTRE CULTUREL,0.833,Centre Socioculturel,,CULTUREL ET SOCIO EDUCATIF,Equipements socio-éducatifs et socio-culturels,Foyer socio culturel,166.049037015845,-21.8654352350015,etablissements_publics_nc,88,201,Boulouparis village
legislatives_2024,1,988,98802,Bouloupari,BOULOUPARI,0004,911,610,301,600,3,7,7,HOR,POADJA,Gérard,MASCULIN,Gérard POADJA,,36,,,,Centre culturel,CENTRE CULTUREL,0.833,Centre Socioculturel,,CULTUREL ET SOCIO EDUCATIF,Equipements socio-éducatifs et socio-culturels,Foyer socio culturel,166.049037015845,-21.8654352350015,etablissements_publics_nc,88,201,Boulouparis village
legislatives_2024,1,988,98803,Bourail,BOURAIL,0001,742,497,245,483,10,4,1,DVG,TUKUMULI,Milakulo,MASCULIN,Milakulo TUKUMULI,,51,,,,Mairie,MAIRIE,0.98,Mairie de Bourail,,ADMINISTRATION ET ORGANISME,Administrations des collectivités,Administration de la commune de Bourail,165.497503614793,-21.5680444203004,etablissements_publics_nc,125,301,Bourail village
legislatives_2024,1,988,98803,Bourail,BOURAIL,0001,742,497,245,483,10,4,2,REG,TJIBAOU,Emmanuel,MASCULIN,Emmanuel TJIBAOU,,115,,,,Mairie,MAIRIE,0.98,Mairie de Bourail,,ADMINISTRATION ET ORGANISME,Administrations des collectivités,Administration de la commune de Bourail,165.497503614793,-21.5680444203004,etablissements_publics_nc,125,301,Bourail village
legislatives_2024,1,988,98803,Bourail,BOURAIL,0001,742,497,245,483,10,4,3,REG,FRERE,Ronald,MASCULIN,Ronald FRERE,,11,,,,Mairie,MAIRIE,0.98,Mairie de Bourail,,ADMINISTRATION ET ORGANISME,Administrations des collectivités,Administration de la commune de Bourail,165.497503614793,-21.5680444203004,etablissements_publics_nc,125,301,Bourail village
legislatives_2024,1,988,98803,Bourail,BOURAIL,0001,742,497,245,483,10,4,4,REG,VOUDJO,Luther,MASCULIN,Luther VOUDJO,,7,,,,Mairie,MAIRIE,0.98,Mairie de Bourail,,ADMINISTRATION ET ORGANISME,Administrations des collectivités,Administration de la commune de Bourail,165.497503614793,-21.5680444203004,etablissements_publics_nc,125,301,Bourail village
legislatives_2024,1,988,98803,Bourail,BOURAIL,0001,742,497,245,483,10,4,6,DVD,PONGA,Alcide,MASCULIN,Alcide PONGA,,259,,,,Mairie,MAIRIE,0.98,Mairie de Bourail,,ADMINISTRATION ET ORGANISME,Administrations des collectivités,Administration de la commune de Bourail,165.497503614793,-21.5680444203004,etablissements_publics_nc,125,301,Bourail village
legislatives_2024,1,988,98803,Bourail,BOURAIL,0001,742,497,245,483,10,4,7,HOR,POADJA,Gérard,MASCULIN,Gérard POADJA,,40,,,,Mairie,MAIRIE,0.98,Mairie de Bourail,,ADMINISTRATION ET ORGANISME,Administrations des collectivités,Administration de la commune de Bourail,165.497503614793,-21.5680444203004,etablissements_publics_nc,125,301,Bourail village
legislatives_2024,1,988,98803,Bourail,BOURAIL,0002,868,547,321,539,2,6,1,DVG,TUKUMULI,Milakulo,MASCULIN,Milakulo TUKUMULI,,40,,,,Pothé,POTHE,0.93,Ecole de Pothé,,ENSEIGNEMENT ET FORMATION,Enseignement du premier degré,Ecole pré-élémentaire,165.491900847299,-21.4547330481005,etablissements_publics_nc,128,305,Ny
legislatives_2024,1,988,98803,Bourail,BOURAIL,0002,868,547,321,539,2,6,2,REG,TJIBAOU,Emmanuel,MASCULIN,Emmanuel TJIBAOU,,459,,,,Pothé,POTHE,0.93,Ecole de Pothé,,ENSEIGNEMENT ET FORMATION,Enseignement du premier degré,Ecole pré-élémentaire,165.491900847299,-21.4547330481005,etablissements_publics_nc,128,305,Ny
legislatives_2024,1,988,98803,Bourail,BOURAIL,0002,868,547,321,539,2,6,3,REG,FRERE,Ronald,MASCULIN,Ronald FRERE,,5,,,,Pothé,POTHE,0.93,Ecole de Pothé,,ENSEIGNEMENT ET FORMATION,Enseignement du premier degré,Ecole pré-élémentaire,165.491900847299,-21.4547330481005,etablissements_publics_nc,128,305,Ny
legislatives_2024,1,988,98803,Bourail,BOURAIL,0002,868,547,321,539,2,6,4,REG,VOUDJO,Luther,MASCULIN,Luther VOUDJO,,17,,,,Pothé,POTHE,0.93,Ecole de Pothé,,ENSEIGNEMENT ET FORMATION,Enseignement du premier degré,Ecole pré-élémentaire,165.491900847299,-21.4547330481005,etablissements_publics_nc,128,305,Ny
legislatives_2024,1,988,98803,Bourail,BOURAIL,0002,868,547,321,539,2,6,6,DVD,PONGA,Alcide,MASCULIN,Alcide PONGA,,14,,,,Pothé,POTHE,0.93,Ecole de Pothé,,ENSEIGNEMENT ET FORMATION,Enseignement du premier degré,Ecole pré-élémentaire,165.491900847299,-21.4547330481005,etablissements_publics_nc,128,305,Ny
legislatives_2024,1,988,98803,Bourail,BOURAIL,0002,868,547,321,539,2,6,7,HOR,POADJA,Gérard,MASCULIN,Gérard POADJA,,4,,,,Pothé,POTHE,0.93,Ecole de Pothé,,ENSEIGNEMENT ET FORMATION,Enseignement du premier degré,Ecole pré-élémentaire,165.491900847299,-21.4547330481005,etablissements_publics_nc,128,305,Ny
legislatives_2024,1,988,98803,Bourail,BOURAIL,0003,1011,713,298,696,12,5,1,DVG,TUKUMULI,Milakulo,MASCULIN,Milakulo TUKUMULI,,58,,,,Colisée,COLISEE,0.93,Le Colisée - Salle de spectacle,,CULTUREL ET SOCIO EDUCATIF,Equipements culturels,Salle de concert,165.49385205691,-21.5656940047007,etablissements_publics_nc,125,301,Bourail village
legislatives_2024,1,988,98803,Bourail,BOURAIL,0003,1011,713,298,696,12,5,2,REG,TJIBAOU,Emmanuel,MASCULIN,Emmanuel TJIBAOU,,97,,,,Colisée,COLISEE,0.93,Le Colisée - Salle de spectacle,,CULTUREL ET SOCIO EDUCATIF,Equipements culturels,Salle de concert,165.49385205691,-21.5656940047007,etablissements_publics_nc,125,301,Bourail village
legislatives_2024,1,988,98803,Bourail,BOURAIL,0003,1011,713,298,696,12,5,3,REG,FRERE,Ronald,MASCULIN,Ronald FRERE,,7,,,,Colisée,COLISEE,0.93,Le Colisée - Salle de spectacle,,CULTUREL ET SOCIO EDUCATIF,Equipements culturels,Salle de concert,165.49385205691,-21.5656940047007,etablissements_publics_nc,125,301,Bourail village
legislatives_2024,1,988,98803,Bourail,BOURAIL,0003,1011,713,298,696,12,5,4,REG,VOUDJO,Luther,MASCULIN,Luther VOUDJO,,5,,,,Colisée,COLISEE,0.93,Le Colisée - Salle de spectacle,,CULTUREL ET SOCIO EDUCATIF,Equipements culturels,Salle de concert,165.49385205691,-21.5656940047007,etablissements_publics_nc,125,301,Bourail village
legislatives_2024,1,988,98803,Bourail,BOURAIL,0003,1011,713,298,696,12,5,6,DVD,PONGA,Alcide,MASCULIN,Alcide PONGA,,483,,,,Colisée,COLISEE,0.93,Le Colisée - Salle de spectacle,,CULTUREL ET SOCIO EDUCATIF,Equipements culturels,Salle de concert,165.49385205691,-21.5656940047007,etablissements_publics_nc,125,301,Bourail village
legislatives_2024,1,988,98803,Bourail,BOURAIL,0003,1011,713,298,696,12,5,7,HOR,POADJA,Gérard,MASCULIN,Gérard POADJA,,46,,,,Colisée,COLISEE,0.93,Le Colisée - Salle de spectacle,,CULTUREL ET SOCIO EDUCATIF,Equipements culturels,Salle de concert,165.49385205691,-21.5656940047007,etablissements_publics_nc,125,301,Bourail village
legislatives_2024,1,988,98803,Bourail,BOURAIL,0004,1112,787,325,772,7,8,1,DVG,TUKUMULI,Milakulo,MASCULIN,Milakulo TUKUMULI,,71,,,,École Les Lys d’Eau,ECOLE LYS D EAU,0.85,Ecole primaire Les Lys d'Eau,,ENSEIGNEMENT ET FORMATION,Enseignement du premier degré,Ecole primaire,165.49748641875,-21.5730483252455,etablissements_publics_nc,125,301,Bourail village
legislatives_2024,1,988,98803,Bourail,BOURAIL,0004,1112,787,325,772,7,8,2,REG,TJIBAOU,Emmanuel,MASCULIN,Emmanuel TJIBAOU,,108,,,,École Les Lys d’Eau,ECOLE LYS D EAU,0.85,Ecole primaire Les Lys d'Eau,,ENSEIGNEMENT ET FORMATION,Enseignement du premier degré,Ecole primaire,165.49748641875,-21.5730483252455,etablissements_publics_nc,125,301,Bourail village
legislatives_2024,1,988,98803,Bourail,BOURAIL,0004,1112,787,325,772,7,8,3,REG,FRERE,Ronald,MASCULIN,Ronald FRERE,,14,,,,École Les Lys d’Eau,ECOLE LYS D EAU,0.85,Ecole primaire Les Lys d'Eau,,ENSEIGNEMENT ET FORMATION,Enseignement du premier degré,Ecole primaire,165.49748641875,-21.5730483252455,etablissements_publics_nc,125,301,Bourail village
legislatives_2024,1,988,98803,Bourail,BOURAIL,0004,1112,787,325,772,7,8,4,REG,VOUDJO,Luther,MASCULIN,Luther VOUDJO,,3,,,,École Les Lys d’Eau,ECOLE LYS D EAU,0.85,Ecole primaire Les Lys d'Eau,,ENSEIGNEMENT ET FORMATION,Enseignement du premier degré,Ecole primaire,165.49748641875,-21.5730483252455,etablissements_publics_nc,125,301,Bourail village
legislatives_2024,1,988,98803,Bourail,BOURAIL,0004,1112,787,325,772,7,8,6,DVD,PONGA,Alcide,MASCULIN,Alcide PONGA,,505,,,,École Les Lys d’Eau,ECOLE LYS D EAU,0.85,Ecole primaire Les Lys d'Eau,,ENSEIGNEMENT ET FORMATION,Enseignement du premier degré,Ecole primaire,165.49748641875,-21.5730483252455,etablissements_publics_nc,125,301,Bourail village
legislatives_2024,1,988,98803,Bourail,BOURAIL,0004,1112,787,325,772,7,8,7,HOR,POADJA,Gérard,MASCULIN,Gérard POADJA,,71,,,,École Les Lys d’Eau,ECOLE LYS D EAU,0.85,Ecole primaire Les Lys d'Eau,,ENSEIGNEMENT ET FORMATION,Enseignement du premier degré,Ecole primaire,165.49748641875,-21.5730483252455,etablissements_publics_nc,125,301,Bourail village
legislatives_2024,1,988,98803,Bourail,BOURAIL,0005,1019,708,311,693,11,4,1,DVG,TUKUMULI,Milakulo,MASCULIN,Milakulo TUKUMULI,,63,,,,École Louise Michel,ECOLE LOUISE MICHEL,0.859,Ecole primaire Louise Michel,,ENSEIGNEMENT ET FORMATION,Enseignement du premier degré,Ecole primaire,165.497379452405,-21.57045570157,etablissements_publics_nc,125,301,Bourail village
legislatives_2024,1,988,98803,Bourail,BOURAIL,0005,1019,708,311,693,11,4,2,REG,TJIBAOU,Emmanuel,MASCULIN,Emmanuel TJIBAOU,,135,,,,École Louise Michel,ECOLE LOUISE MICHEL,0.859,Ecole primaire Louise Michel,,ENSEIGNEMENT ET FORMATION,Enseignement du premier degré,Ecole primaire,165.497379452405,-21.57045570157,etablissements_publics_nc,125,301,Bourail village
legislatives_2024,1,988,98803,Bourail,BOURAIL,0005,1019,708,311,693,11,4,3,REG,FRERE,Ronald,MASCULIN,Ronald FRERE,,17,,,,École Louise Michel,ECOLE LOUISE MICHEL,0.859,Ecole primaire Louise Michel,,ENSEIGNEMENT ET FORMATION,Enseignement du premier degré,Ecole primaire,165.497379452405,-21.57045570157,etablissements_publics_nc,125,301,Bourail village
legislatives_2024,1,988,98803,Bourail,BOURAIL,0005,1019,708,311,693,11,4,4,REG,VOUDJO,Luther,MASCULIN,Luther VOUDJO,,14,,,,École Louise Michel,ECOLE LOUISE MICHEL,0.859,Ecole primaire Louise Michel,,ENSEIGNEMENT ET FORMATION,Enseignement du premier degré,Ecole primaire,165.497379452405,-21.57045570157,etablissements_publics_nc,125,301,Bourail village
legislatives_2024,1,988,98803,Bourail,BOURAIL,0005,1019,708,311,693,11,4,6,DVD,PONGA,Alcide,MASCULIN,Alcide PONGA,,419,,,,École Louise Michel,ECOLE LOUISE MICHEL,0.859,Ecole primaire Louise Michel,,ENSEIGNEMENT ET FORMATION,Enseignement du premier degré,Ecole primaire,165.497379452405,-21.57045570157,etablissements_publics_nc,125,301,Bourail village
legislatives_2024,1,988,98803,Bourail,BOURAIL,0005,1019,708,311,693,11,4,7,HOR,POADJA,Gérard,MASCULIN,Gérard POADJA,,45,,,,École Louise Michel,ECOLE LOUISE MICHEL,0.859,Ecole primaire Louise Michel,,ENSEIGNEMENT ET FORMATION,Enseignement du premier degré,Ecole primaire,165.497379452405,-21.57045570157,etablissements_publics_nc,125,301,Bourail village
legislatives_2024,1,988,98804,Canala,CANALA,0001,415,291,124,285,3,3,1,DVG,TUKUMULI,Milakulo,MASCULIN,Milakulo TUKUMULI,,26,,,,Mairie,MAIRIE,0.7,CANALA,Canala,LIEU_DIT_NC,VILLE,Xârâcùù,165.96392757417755,-21.522084905801098,tribus_villages_nc,136,401,Canala village
legislatives_2024,1,988,98804,Canala,CANALA,0001,415,291,124,285,3,3,2,REG,TJIBAOU,Emmanuel,MASCULIN,Emmanuel TJIBAOU,,248,,,,Mairie,MAIRIE,0.7,CANALA,Canala,LIEU_DIT_NC,VILLE,Xârâcùù,165.96392757417755,-21.522084905801098,tribus_villages_nc,136,401,Canala village
legislatives_2024,1,988,98804,Canala,CANALA,0001,415,291,124,285,3,3,3,REG,FRERE,Ronald,MASCULIN,Ronald FRERE,,2,,,,Mairie,MAIRIE,0.7,CANALA,Canala,LIEU_DIT_NC,VILLE,Xârâcùù,165.96392757417755,-21.522084905801098,tribus_villages_nc,136,401,Canala village
legislatives_2024,1,988,98804,Canala,CANALA,0001,415,291,124,285,3,3,4,REG,VOUDJO,Luther,MASCULIN,Luther VOUDJO,,4,,,,Mairie,MAIRIE,0.7,CANALA,Canala,LIEU_DIT_NC,VILLE,Xârâcùù,165.96392757417755,-21.522084905801098,tribus_villages_nc,136,401,Canala village
legislatives_2024,1,988,98804,Canala,CANALA,0001,415,291,124,285,3,3,6,DVD,PONGA,Alcide,MASCULIN,Alcide PONGA,,3,,,,Mairie,MAIRIE,0.7,CANALA,Canala,LIEU_DIT_NC,VILLE,Xârâcùù,165.96392757417755,-21.522084905801098,tribus_villages_nc,136,401,Canala village
legislatives_2024,1,988,98804,Canala,CANALA,0001,415,291,124,285,3,3,7,HOR,POADJA,Gérard,MASCULIN,Gérard POADJA,,2,,,,Mairie,MAIRIE,0.7,CANALA,Canala,LIEU_DIT_NC,VILLE,Xârâcùù,165.96392757417755,-21.522084905801098,tribus_villages_nc,136,401,Canala village
legislatives_2024,1,988,98804,Canala,CANALA,0002,506,339,167,338,0,1,1,DVG,TUKUMULI,Milakulo,MASCULIN,Milakulo TUKUMULI,,12,,,,Nakéty,NAKETY,1,Nakéty,Canala,LIEU_DIT_NC,TRIBU,Nèkètè,166.04631481753384,-21.54222544058342,tribus_villages_nc,137,403,Gélima - Nakéty
legislatives_2024,1,988,98804,Canala,CANALA,0002,506,339,167,338,0,1,2,REG,TJIBAOU,Emmanuel,MASCULIN,Emmanuel TJIBAOU,,321,,,,Nakéty,NAKETY,1,Nakéty,Canala,LIEU_DIT_NC,TRIBU,Nèkètè,166.04631481753384,-21.54222544058342,tribus_villages_nc,137,403,Gélima - Nakéty
legislatives_2024,1,988,98804,Canala,CANALA,0002,506,339,167,338,0,1,3,REG,FRERE,Ronald,MASCULIN,Ronald FRERE,,1,,,,Nakéty,NAKETY,1,Nakéty,Canala,LIEU_DIT_NC,TRIBU,Nèkètè,166.04631481753384,-21.54222544058342,tribus_villages_nc,137,403,Gélima - Nakéty
legislatives_2024,1,988,98804,Canala,CANALA,0002,506,339,167,338,0,1,4,REG,VOUDJO,Luther,MASCULIN,Luther VOUDJO,,4,,,,Nakéty,NAKETY,1,Nakéty,Canala,LIEU_DIT_NC,TRIBU,Nèkètè,166.04631481753384,-21.54222544058342,tribus_villages_nc,137,403,Gélima - Nakéty
legislatives_2024,1,988,98804,Canala,CANALA,0002,506,339,167,338,0,1,6,DVD,PONGA,Alcide,MASCULIN,Alcide PONGA,,0,,,,Nakéty,NAKETY,1,Nakéty,Canala,LIEU_DIT_NC,TRIBU,Nèkètè,166.04631481753384,-21.54222544058342,tribus_villages_nc,137,403,Gélima - Nakéty
legislatives_2024,1,988,98804,Canala,CANALA,0002,506,339,167,338,0,1,7,HOR,POADJA,Gérard,MASCULIN,Gérard POADJA,,0,,,,Nakéty,NAKETY,1,Nakéty,Canala,LIEU_DIT_NC,TRIBU,Nèkètè,166.04631481753384,-21.54222544058342,tribus_villages_nc,137,403,Gélima - Nakéty
legislatives_2024,1,988,98804,Canala,CANALA,0003,460,313,147,311,0,2,1,DVG,TUKUMULI,Milakulo,MASCULIN,Milakulo TUKUMULI,,4,,,,Nanon,NANON,0.95,Nanon-Kénérou,Canala,LIEU_DIT_NC,TRIBU,Nèno - Kénéru,165.88480729759476,-21.546697208816735,tribus_villages_nc,136,401,Canala village
legislatives_2024,1,988,98804,Canala,CANALA,0003,460,313,147,311,0,2,2,REG,TJIBAOU,Emmanuel,MASCULIN,Emmanuel TJIBAOU,,304,,,,Nanon,NANON,0.95,Nanon-Kénérou,Canala,LIEU_DIT_NC,TRIBU,Nèno - Kénéru,165.88480729759476,-21.546697208816735,tribus_villages_nc,136,401,Canala village
legislatives_2024,1,988,98804,Canala,CANALA,0003,460,313,147,311,0,2,3,REG,FRERE,Ronald,MASCULIN,Ronald FRERE,,0,,,,Nanon,NANON,0.95,Nanon-Kénérou,Canala,LIEU_DIT_NC,TRIBU,Nèno - Kénéru,165.88480729759476,-21.546697208816735,tribus_villages_nc,136,401,Canala village
legislatives_2024,1,988,98804,Canala,CANALA,0003,460,313,147,311,0,2,4,REG,VOUDJO,Luther,MASCULIN,Luther VOUDJO,,1,,,,Nanon,NANON,0.95,Nanon-Kénérou,Canala,LIEU_DIT_NC,TRIBU,Nèno - Kénéru,165.88480729759476,-21.546697208816735,tribus_villages_nc,136,401,Canala village
legislatives_2024,1,988,98804,Canala,CANALA,0003,460,313,147,311,0,2,6,DVD,PONGA,Alcide,MASCULIN,Alcide PONGA,,2,,,,Nanon,NANON,0.95,Nanon-Kénérou,Canala,LIEU_DIT_NC,TRIBU,Nèno - Kénéru,165.88480729759476,-21.546697208816735,tribus_villages_nc,136,401,Canala village
legislatives_2024,1,988,98804,Canala,CANALA,0003,460,313,147,311,0,2,7,HOR,POADJA,Gérard,MASCULIN,Gérard POADJA,,0,,,,Nanon,NANON,0.95,Nanon-Kénérou,Canala,LIEU_DIT_NC,TRIBU,Nèno - Kénéru,165.88480729759476,-21.546697208816735,tribus_villages_nc,136,401,Canala village
legislatives_2024,1,988,98804,Canala,CANALA,0004,821,600,221,598,0,2,1,DVG,TUKUMULI,Milakulo,MASCULIN,Milakulo TUKUMULI,,33,,,,Méhoué,MEHOUE,1,Méhoué,Canala,LIEU_DIT_NC,TRIBU,Mèèwéé,165.9494172177474,-21.51958486452521,tribus_villages_nc,136,401,Canala village
legislatives_2024,1,988,98804,Canala,CANALA,0004,821,600,221,598,0,2,2,REG,TJIBAOU,Emmanuel,MASCULIN,Emmanuel TJIBAOU,,550,,,,Méhoué,MEHOUE,1,Méhoué,Canala,LIEU_DIT_NC,TRIBU,Mèèwéé,165.9494172177474,-21.51958486452521,tribus_villages_nc,136,401,Canala village
legislatives_2024,1,988,98804,Canala,CANALA,0004,821,600,221,598,0,2,3,REG,FRERE,Ronald,MASCULIN,Ronald FRERE,,2,,,,Méhoué,MEHOUE,1,Méhoué,Canala,LIEU_DIT_NC,TRIBU,Mèèwéé,165.9494172177474,-21.51958486452521,tribus_villages_nc,136,401,Canala village
legislatives_2024,1,988,98804,Canala,CANALA,0004,821,600,221,598,0,2,4,REG,VOUDJO,Luther,MASCULIN,Luther VOUDJO,,6,,,,Méhoué,MEHOUE,1,Méhoué,Canala,LIEU_DIT_NC,TRIBU,Mèèwéé,165.9494172177474,-21.51958486452521,tribus_villages_nc,136,401,Canala village
legislatives_2024,1,988,98804,Canala,CANALA,0004,821,600,221,598,0,2,6,DVD,PONGA,Alcide,MASCULIN,Alcide PONGA,,3,,,,Méhoué,MEHOUE,1,Méhoué,Canala,LIEU_DIT_NC,TRIBU,Mèèwéé,165.9494172177474,-21.51958486452521,tribus_villages_nc,136,401,Canala village
legislatives_2024,1,988,98804,Canala,CANALA,0004,821,600,221,598,0,2,7,HOR,POADJA,Gérard,MASCULIN,Gérard POADJA,,4,,,,Méhoué,MEHOUE,1,Méhoué,Canala,LIEU_DIT_NC,TRIBU,Mèèwéé,165.9494172177474,-21.51958486452521,tribus_villages_nc,136,401,Canala village
legislatives_2024,1,988,98804,Canala,CANALA,0005,752,538,214,534,2,2,1,DVG,TUKUMULI,Milakulo,MASCULIN,Milakulo TUKUMULI,,21,,,,Gélima,GELIMA,1,Gélima,Canala,LIEU_DIT_NC,TRIBU,Jari Mwâ,165.98151543430086,-21.534392845846163,tribus_villages_nc,137,403,Gélima - Nakéty
legislatives_2024,1,988,98804,Canala,CANALA,0005,752,538,214,534,2,2,2,REG,TJIBAOU,Emmanuel,MASCULIN,Emmanuel TJIBAOU,,502,,,,Gélima,GELIMA,1,Gélima,Canala,LIEU_DIT_NC,TRIBU,Jari Mwâ,165.98151543430086,-21.534392845846163,tribus_villages_nc,137,403,Gélima - Nakéty
legislatives_2024,1,988,98804,Canala,CANALA,0005,752,538,214,534,2,2,3,REG,FRERE,Ronald,MASCULIN,Ronald FRERE,,1,,,,Gélima,GELIMA,1,Gélima,Canala,LIEU_DIT_NC,TRIBU,Jari Mwâ,165.98151543430086,-21.534392845846163,tribus_villages_nc,137,403,Gélima - Nakéty
legislatives_2024,1,988,98804,Canala,CANALA,0005,752,538,214,534,2,2,4,REG,VOUDJO,Luther,MASCULIN,Luther VOUDJO,,2,,,,Gélima,GELIMA,1,Gélima,Canala,LIEU_DIT_NC,TRIBU,Jari Mwâ,165.98151543430086,-21.534392845846163,tribus_villages_nc,137,403,Gélima - Nakéty
legislatives_2024,1,988,98804,Canala,CANALA,0005,752,538,214,534,2,2,6,DVD,PONGA,Alcide,MASCULIN,Alcide PONGA,,8,,,,Gélima,GELIMA,1,Gélima,Canala,LIEU_DIT_NC,TRIBU,Jari Mwâ,165.98151543430086,-21.534392845846163,tribus_villages_nc,137,403,Gélima - Nakéty
legislatives_2024,1,988,98804,Canala,CANALA,0005,752,538,214,534,2,2,7,HOR,POADJA,Gérard,MASCULIN,Gérard POADJA,,0,,,,Gélima,GELIMA,1,Gélima,Canala,LIEU_DIT_NC,TRIBU,Jari Mwâ,165.98151543430086,-21.534392845846163,tribus_villages_nc,137,403,Gélima - Nakéty
legislatives_2024,1,988,98804,Canala,CANALA,0006,318,210,108,210,0,0,1,DVG,TUKUMULI,Milakulo,MASCULIN,Milakulo TUKUMULI,,1,,,,Mérénémé,MERENEME,1,Mérénémé,Canala,LIEU_DIT_NC,TRIBU,,165.92818615112122,-21.514857403632252,tribus_villages_nc,136,401,Canala village
legislatives_2024,1,988,98804,Canala,CANALA,0006,318,210,108,210,0,0,2,REG,TJIBAOU,Emmanuel,MASCULIN,Emmanuel TJIBAOU,,207,,,,Mérénémé,MERENEME,1,Mérénémé,Canala,LIEU_DIT_NC,TRIBU,,165.92818615112122,-21.514857403632252,tribus_villages_nc,136,401,Canala village
legislatives_2024,1,988,98804,Canala,CANALA,0006,318,210,108,210,0,0,3,REG,FRERE,Ronald,MASCULIN,Ronald FRERE,,0,,,,Mérénémé,MERENEME,1,Mérénémé,Canala,LIEU_DIT_NC,TRIBU,,165.92818615112122,-21.514857403632252,tribus_villages_nc,136,401,Canala village
legislatives_2024,1,988,98804,Canala,CANALA,0006,318,210,108,210,0,0,4,REG,VOUDJO,Luther,MASCULIN,Luther VOUDJO,,1,,,,Mérénémé,MERENEME,1,Mérénémé,Canala,LIEU_DIT_NC,TRIBU,,165.92818615112122,-21.514857403632252,tribus_villages_nc,136,401,Canala village
legislatives_2024,1,988,98804,Canala,CANALA,0006,318,210,108,210,0,0,6,DVD,PONGA,Alcide,MASCULIN,Alcide PONGA,,0,,,,Mérénémé,MERENEME,1,Mérénémé,Canala,LIEU_DIT_NC,TRIBU,,165.92818615112122,-21.514857403632252,tribus_villages_nc,136,401,Canala village
legislatives_2024,1,988,98804,Canala,CANALA,0006,318,210,108,210,0,0,7,HOR,POADJA,Gérard,MASCULIN,Gérard POADJA,,1,,,,Mérénémé,MERENEME,1,Mérénémé,Canala,LIEU_DIT_NC,TRIBU,,165.92818615112122,-21.514857403632252,tribus_villages_nc,136,401,Canala village
legislatives_2024,1,988,98804,Canala,CANALA,0007,348,211,137,210,0,1,1,DVG,TUKUMULI,Milakulo,MASCULIN,Milakulo TUKUMULI,,11,,,,Tenda Koumendi,TENDA KOUMENDI,1,Tenda,Canala,LIEU_DIT_NC,TRIBU,Tèda Nèxinyi,166.03563428874068,-21.545648677139223,tribus_villages_nc,137,403,Gélima - Nakéty
legislatives_2024,1,988,98804,Canala,CANALA,0007,348,211,137,210,0,1,2,REG,TJIBAOU,Emmanuel,MASCULIN,Emmanuel TJIBAOU,,197,,,,Tenda Koumendi,TENDA KOUMENDI,1,Tenda,Canala,LIEU_DIT_NC,TRIBU,Tèda Nèxinyi,166.03563428874068,-21.545648677139223,tribus_villages_nc,137,403,Gélima - Nakéty
legislatives_2024,1,988,98804,Canala,CANALA,0007,348,211,137,210,0,1,3,REG,FRERE,Ronald,MASCULIN,Ronald FRERE,,0,,,,Tenda Koumendi,TENDA KOUMENDI,1,Tenda,Canala,LIEU_DIT_NC,TRIBU,Tèda Nèxinyi,166.03563428874068,-21.545648677139223,tribus_villages_nc,137,403,Gélima - Nakéty
legislatives_2024,1,988,98804,Canala,CANALA,0007,348,211,137,210,0,1,4,REG,VOUDJO,Luther,MASCULIN,Luther VOUDJO,,1,,,,Tenda Koumendi,TENDA KOUMENDI,1,Tenda,Canala,LIEU_DIT_NC,TRIBU,Tèda Nèxinyi,166.03563428874068,-21.545648677139223,tribus_villages_nc,137,403,Gélima - Nakéty
legislatives_2024,1,988,98804,Canala,CANALA,0007,348,211,137,210,0,1,6,DVD,PONGA,Alcide,MASCULIN,Alcide PONGA,,1,,,,Tenda Koumendi,TENDA KOUMENDI,1,Tenda,Canala,LIEU_DIT_NC,TRIBU,Tèda Nèxinyi,166.03563428874068,-21.545648677139223,tribus_villages_nc,137,403,Gélima - Nakéty
legislatives_2024,1,988,98804,Canala,CANALA,0007,348,211,137,210,0,1,7,HOR,POADJA,Gérard,MASCULIN,Gérard POADJA,,0,,,,Tenda Koumendi,TENDA KOUMENDI,1,Tenda,Canala,LIEU_DIT_NC,TRIBU,Tèda Nèxinyi,166.03563428874068,-21.545648677139223,tribus_villages_nc,137,403,Gélima - Nakéty
legislatives_2024,1,988,98805,Dumbéa,DUMBEA,0001,1123,715,408,698,12,5,1,DVG,TUKUMULI,Milakulo,MASCULIN,Milakulo TUKUMULI,,39,,,,Hôtel de Ville 1,MAIRIE,0.93,Mairie du Nord de Dumbéa,777 ROUTE TERRITORIALE N°1,ADMINISTRATION ET ORGANISME,Administrations des collectivités,Administration de la commune de Dumbéa,166.457501065839,-22.1675460417822,etablissements_publics_nc,149,512,Plaine de Koé
legislatives_2024,1,988,98805,Dumbéa,DUMBEA,0001,1123,715,408,698,12,5,2,REG,TJIBAOU,Emmanuel,MASCULIN,Emmanuel TJIBAOU,,68,,,,Hôtel de Ville 1,MAIRIE,0.93,Mairie du Nord de Dumbéa,777 ROUTE TERRITORIALE N°1,ADMINISTRATION ET ORGANISME,Administrations des collectivités,Administration de la commune de Dumbéa,166.457501065839,-22.1675460417822,etablissements_publics_nc,149,512,Plaine de Koé
legislatives_2024,1,988,98805,Dumbéa,DUMBEA,0001,1123,715,408,698,12,5,3,REG,FRERE,Ronald,MASCULIN,Ronald FRERE,,12,,,,Hôtel de Ville 1,MAIRIE,0.93,Mairie du Nord de Dumbéa,777 ROUTE TERRITORIALE N°1,ADMINISTRATION ET ORGANISME,Administrations des collectivités,Administration de la commune de Dumbéa,166.457501065839,-22.1675460417822,etablissements_publics_nc,149,512,Plaine de Koé
legislatives_2024,1,988,98805,Dumbéa,DUMBEA,0001,1123,715,408,698,12,5,4,REG,VOUDJO,Luther,MASCULIN,Luther VOUDJO,,5,,,,Hôtel de Ville 1,MAIRIE,0.93,Mairie du Nord de Dumbéa,777 ROUTE TERRITORIALE N°1,ADMINISTRATION ET ORGANISME,Administrations des collectivités,Administration de la commune de Dumbéa,166.457501065839,-22.1675460417822,etablissements_publics_nc,149,512,Plaine de Koé
legislatives_2024,1,988,98805,Dumbéa,DUMBEA,0001,1123,715,408,698,12,5,6,DVD,PONGA,Alcide,MASCULIN,Alcide PONGA,,522,,,,Hôtel de Ville 1,MAIRIE,0.93,Mairie du Nord de Dumbéa,777 ROUTE TERRITORIALE N°1,ADMINISTRATION ET ORGANISME,Administrations des collectivités,Administration de la commune de Dumbéa,166.457501065839,-22.1675460417822,etablissements_publics_nc,149,512,Plaine de Koé
legislatives_2024,1,988,98805,Dumbéa,DUMBEA,0001,1123,715,408,698,12,5,7,HOR,POADJA,Gérard,MASCULIN,Gérard POADJA,,52,,,,Hôtel de Ville 1,MAIRIE,0.93,Mairie du Nord de Dumbéa,777 ROUTE TERRITORIALE N°1,ADMINISTRATION ET ORGANISME,Administrations des collectivités,Administration de la commune de Dumbéa,166.457501065839,-22.1675460417822,etablissements_publics_nc,149,512,Plaine de Koé
legislatives_2024,1,988,98805,Dumbéa,DUMBEA,0002,939,587,352,571,10,6,1,DVG,TUKUMULI,Milakulo,MASCULIN,Milakulo TUKUMULI,,155,,,,Hôtel de ville 2,MAIRIE,0.93,Mairie du Nord de Dumbéa,777 ROUTE TERRITORIALE N°1,ADMINISTRATION ET ORGANISME,Administrations des collectivités,Administration de la commune de Dumbéa,166.457501065839,-22.1675460417822,etablissements_publics_nc,149,512,Plaine de Koé
legislatives_2024,1,988,98805,Dumbéa,DUMBEA,0002,939,587,352,571,10,6,2,REG,TJIBAOU,Emmanuel,MASCULIN,Emmanuel TJIBAOU,,168,,,,Hôtel de ville 2,MAIRIE,0.93,Mairie du Nord de Dumbéa,777 ROUTE TERRITORIALE N°1,ADMINISTRATION ET ORGANISME,Administrations des collectivités,Administration de la commune de Dumbéa,166.457501065839,-22.1675460417822,etablissements_publics_nc,149,512,Plaine de Koé
legislatives_2024,1,988,98805,Dumbéa,DUMBEA,0002,939,587,352,571,10,6,3,REG,FRERE,Ronald,MASCULIN,Ronald FRERE,,12,,,,Hôtel de ville 2,MAIRIE,0.93,Mairie du Nord de Dumbéa,777 ROUTE TERRITORIALE N°1,ADMINISTRATION ET ORGANISME,Administrations des collectivités,Administration de la commune de Dumbéa,166.457501065839,-22.1675460417822,etablissements_publics_nc,149,512,Plaine de Koé
legislatives_2024,1,988,98805,Dumbéa,DUMBEA,0002,939,587,352,571,10,6,4,REG,VOUDJO,Luther,MASCULIN,Luther VOUDJO,,15,,,,Hôtel de ville 2,MAIRIE,0.93,Mairie du Nord de Dumbéa,777 ROUTE TERRITORIALE N°1,ADMINISTRATION ET ORGANISME,Administrations des collectivités,Administration de la commune de Dumbéa,166.457501065839,-22.1675460417822,etablissements_publics_nc,149,512,Plaine de Koé
legislatives_2024,1,988,98805,Dumbéa,DUMBEA,0002,939,587,352,571,10,6,6,DVD,PONGA,Alcide,MASCULIN,Alcide PONGA,,168,,,,Hôtel de ville 2,MAIRIE,0.93,Mairie du Nord de Dumbéa,777 ROUTE TERRITORIALE N°1,ADMINISTRATION ET ORGANISME,Administrations des collectivités,Administration de la commune de Dumbéa,166.457501065839,-22.1675460417822,etablissements_publics_nc,149,512,Plaine de Koé
legislatives_2024,1,988,98805,Dumbéa,DUMBEA,0002,939,587,352,571,10,6,7,HOR,POADJA,Gérard,MASCULIN,Gérard POADJA,,53,,,,Hôtel de ville 2,MAIRIE,0.93,Mairie du Nord de Dumbéa,777 ROUTE TERRITORIALE N°1,ADMINISTRATION ET ORGANISME,Administrations des collectivités,Administration de la commune de Dumbéa,166.457501065839,-22.1675460417822,etablissements_publics_nc,149,512,Plaine de Koé
legislatives_2024,1,988,98805,Dumbéa,DUMBEA,0003,1047,667,380,650,12,5,1,DVG,TUKUMULI,Milakulo,MASCULIN,Milakulo TUKUMULI,,141,,,,Hôtel de ville 3,MAIRIE,0.93,Mairie du Nord de Dumbéa,777 ROUTE TERRITORIALE N°1,ADMINISTRATION ET ORGANISME,Administrations des collectivités,Administration de la commune de Dumbéa,166.457501065839,-22.1675460417822,etablissements_publics_nc,149,512,Plaine de Koé
legislatives_2024,1,988,98805,Dumbéa,DUMBEA,0003,1047,667,380,650,12,5,2,REG,TJIBAOU,Emmanuel,MASCULIN,Emmanuel TJIBAOU,,236,,,,Hôtel de ville 3,MAIRIE,0.93,Mairie du Nord de Dumbéa,777 ROUTE TERRITORIALE N°1,ADMINISTRATION ET ORGANISME,Administrations des collectivités,Administration de la commune de Dumbéa,166.457501065839,-22.1675460417822,etablissements_publics_nc,149,512,Plaine de Koé
legislatives_2024,1,988,98805,Dumbéa,DUMBEA,0003,1047,667,380,650,12,5,3,REG,FRERE,Ronald,MASCULIN,Ronald FRERE,,13,,,,Hôtel de ville 3,MAIRIE,0.93,Mairie du Nord de Dumbéa,777 ROUTE TERRITORIALE N°1,ADMINISTRATION ET ORGANISME,Administrations des collectivités,Administration de la commune de Dumbéa,166.457501065839,-22.1675460417822,etablissements_publics_nc,149,512,Plaine de Koé
legislatives_2024,1,988,98805,Dumbéa,DUMBEA,0003,1047,667,380,650,12,5,4,REG,VOUDJO,Luther,MASCULIN,Luther VOUDJO,,11,,,,Hôtel de ville 3,MAIRIE,0.93,Mairie du Nord de Dumbéa,777 ROUTE TERRITORIALE N°1,ADMINISTRATION ET ORGANISME,Administrations des collectivités,Administration de la commune de Dumbéa,166.457501065839,-22.1675460417822,etablissements_publics_nc,149,512,Plaine de Koé
legislatives_2024,1,988,98805,Dumbéa,DUMBEA,0003,1047,667,380,650,12,5,6,DVD,PONGA,Alcide,MASCULIN,Alcide PONGA,,193,,,,Hôtel de ville 3,MAIRIE,0.93,Mairie du Nord de Dumbéa,777 ROUTE TERRITORIALE N°1,ADMINISTRATION ET ORGANISME,Administrations des collectivités,Administration de la commune de Dumbéa,166.457501065839,-22.1675460417822,etablissements_publics_nc,149,512,Plaine de Koé
legislatives_2024,1,988,98805,Dumbéa,DUMBEA,0003,1047,667,380,650,12,5,7,HOR,POADJA,Gérard,MASCULIN,Gérard POADJA,,56,,,,Hôtel de ville 3,MAIRIE,0.93,Mairie du Nord de Dumbéa,777 ROUTE TERRITORIALE N°1,ADMINISTRATION ET ORGANISME,Administrations des collectivités,Administration de la commune de Dumbéa,166.457501065839,-22.1675460417822,etablissements_publics_nc,149,512,Plaine de Koé
legislatives_2024,1,988,98805,Dumbéa,DUMBEA,0004,1041,656,385,634,18,4,1,DVG,TUKUMULI,Milakulo,MASCULIN,Milakulo TUKUMULI,,105,,,,Ecole primaire Mainguet 1,ECOLE PRIMAIRE MAINGUET,0.952,Ecole primaire Jack Mainguet,73 RUE JEAN FRANCOIS LAPEROUSE,ENSEIGNEMENT ET FORMATION,Enseignement du premier degré,Ecole primaire,166.474584305922,-22.2148395317313,etablissements_publics_nc,138,501,Coeur de ville urbain
legislatives_2024,1,988,98805,Dumbéa,DUMBEA,0004,1041,656,385,634,18,4,2,REG,TJIBAOU,Emmanuel,MASCULIN,Emmanuel TJIBAOU,,223,,,,Ecole primaire Mainguet 1,ECOLE PRIMAIRE MAINGUET,0.952,Ecole primaire Jack Mainguet,73 RUE JEAN FRANCOIS LAPEROUSE,ENSEIGNEMENT ET FORMATION,Enseignement du premier degré,Ecole primaire,166.474584305922,-22.2148395317313,etablissements_publics_nc,138,501,Coeur de ville urbain
legislatives_2024,1,988,98805,Dumbéa,DUMBEA,0004,1041,656,385,634,18,4,3,REG,FRERE,Ronald,MASCULIN,Ronald FRERE,,4,,,,Ecole primaire Mainguet 1,ECOLE PRIMAIRE MAINGUET,0.952,Ecole primaire Jack Mainguet,73 RUE JEAN FRANCOIS LAPEROUSE,ENSEIGNEMENT ET FORMATION,Enseignement du premier degré,Ecole primaire,166.474584305922,-22.2148395317313,etablissements_publics_nc,138,501,Coeur de ville urbain
legislatives_2024,1,988,98805,Dumbéa,DUMBEA,0004,1041,656,385,634,18,4,4,REG,VOUDJO,Luther,MASCULIN,Luther VOUDJO,,30,,,,Ecole primaire Mainguet 1,ECOLE PRIMAIRE MAINGUET,0.952,Ecole primaire Jack Mainguet,73 RUE JEAN FRANCOIS LAPEROUSE,ENSEIGNEMENT ET FORMATION,Enseignement du premier degré,Ecole primaire,166.474584305922,-22.2148395317313,etablissements_publics_nc,138,501,Coeur de ville urbain
legislatives_2024,1,988,98805,Dumbéa,DUMBEA,0004,1041,656,385,634,18,4,6,DVD,PONGA,Alcide,MASCULIN,Alcide PONGA,,238,,,,Ecole primaire Mainguet 1,ECOLE PRIMAIRE MAINGUET,0.952,Ecole primaire Jack Mainguet,73 RUE JEAN FRANCOIS LAPEROUSE,ENSEIGNEMENT ET FORMATION,Enseignement du premier degré,Ecole primaire,166.474584305922,-22.2148395317313,etablissements_publics_nc,138,501,Coeur de ville urbain
legislatives_2024,1,988,98805,Dumbéa,DUMBEA,0004,1041,656,385,634,18,4,7,HOR,POADJA,Gérard,MASCULIN,Gérard POADJA,,34,,,,Ecole primaire Mainguet 1,ECOLE PRIMAIRE MAINGUET,0.952,Ecole primaire Jack Mainguet,73 RUE JEAN FRANCOIS LAPEROUSE,ENSEIGNEMENT ET FORMATION,Enseignement du premier degré,Ecole primaire,166.474584305922,-22.2148395317313,etablissements_publics_nc,138,501,Coeur de ville urbain
legislatives_2024,1,988,98805,Dumbéa,DUMBEA,0005,656,360,296,349,6,5,1,DVG,TUKUMULI,Milakulo,MASCULIN,Milakulo TUKUMULI,,95,,,,Ecole primaire Mainguet 2,ECOLE PRIMAIRE MAINGUET,0.952,Ecole primaire Jack Mainguet,73 RUE JEAN FRANCOIS LAPEROUSE,ENSEIGNEMENT ET FORMATION,Enseignement du premier degré,Ecole primaire,166.474584305922,-22.2148395317313,etablissements_publics_nc,138,501,Coeur de ville urbain
legislatives_2024,1,988,98805,Dumbéa,DUMBEA,0005,656,360,296,349,6,5,2,REG,TJIBAOU,Emmanuel,MASCULIN,Emmanuel TJIBAOU,,126,,,,Ecole primaire Mainguet 2,ECOLE PRIMAIRE MAINGUET,0.952,Ecole primaire Jack Mainguet,73 RUE JEAN FRANCOIS LAPEROUSE,ENSEIGNEMENT ET FORMATION,Enseignement du premier degré,Ecole primaire,166.474584305922,-22.2148395317313,etablissements_publics_nc,138,501,Coeur de ville urbain
legislatives_2024,1,988,98805,Dumbéa,DUMBEA,0005,656,360,296,349,6,5,3,REG,FRERE,Ronald,MASCULIN,Ronald FRERE,,5,,,,Ecole primaire Mainguet 2,ECOLE PRIMAIRE MAINGUET,0.952,Ecole primaire Jack Mainguet,73 RUE JEAN FRANCOIS LAPEROUSE,ENSEIGNEMENT ET FORMATION,Enseignement du premier degré,Ecole primaire,166.474584305922,-22.2148395317313,etablissements_publics_nc,138,501,Coeur de ville urbain
legislatives_2024,1,988,98805,Dumbéa,DUMBEA,0005,656,360,296,349,6,5,4,REG,VOUDJO,Luther,MASCULIN,Luther VOUDJO,,8,,,,Ecole primaire Mainguet 2,ECOLE PRIMAIRE MAINGUET,0.952,Ecole primaire Jack Mainguet,73 RUE JEAN FRANCOIS LAPEROUSE,ENSEIGNEMENT ET FORMATION,Enseignement du premier degré,Ecole primaire,166.474584305922,-22.2148395317313,etablissements_publics_nc,138,501,Coeur de ville urbain
legislatives_2024,1,988,98805,Dumbéa,DUMBEA,0005,656,360,296,349,6,5,6,DVD,PONGA,Alcide,MASCULIN,Alcide PONGA,,93,,,,Ecole primaire Mainguet 2,ECOLE PRIMAIRE MAINGUET,0.952,Ecole primaire Jack Mainguet,73 RUE JEAN FRANCOIS LAPEROUSE,ENSEIGNEMENT ET FORMATION,Enseignement du premier degré,Ecole primaire,166.474584305922,-22.2148395317313,etablissements_publics_nc,138,501,Coeur de ville urbain
legislatives_2024,1,988,98805,Dumbéa,DUMBEA,0005,656,360,296,349,6,5,7,HOR,POADJA,Gérard,MASCULIN,Gérard POADJA,,22,,,,Ecole primaire Mainguet 2,ECOLE PRIMAIRE MAINGUET,0.952,Ecole primaire Jack Mainguet,73 RUE JEAN FRANCOIS LAPEROUSE,ENSEIGNEMENT ET FORMATION,Enseignement du premier degré,Ecole primaire,166.474584305922,-22.2148395317313,etablissements_publics_nc,138,501,Coeur de ville urbain
legislatives_2024,1,988,98805,Dumbéa,DUMBEA,0006,987,646,341,623,16,7,1,DVG,TUKUMULI,Milakulo,MASCULIN,Milakulo TUKUMULI,,89,,,,Maison de la jeunesse 1,MAISON JEUNESSE,1,Maison de la jeunesse,26 AVENUE D'AUTEUIL,CULTUREL ET SOCIO EDUCATIF,Equipements culturels,Centre culturel maison culturelle et centre d'art,166.474913290828,-22.2056811434969,etablissements_publics_nc,144,507,Jacarandas II
legislatives_2024,1,988,98805,Dumbéa,DUMBEA,0006,987,646,341,623,16,7,2,REG,TJIBAOU,Emmanuel,MASCULIN,Emmanuel TJIBAOU,,135,,,,Maison de la jeunesse 1,MAISON JEUNESSE,1,Maison de la jeunesse,26 AVENUE D'AUTEUIL,CULTUREL ET SOCIO EDUCATIF,Equipements culturels,Centre culturel maison culturelle et centre d'art,166.474913290828,-22.2056811434969,etablissements_publics_nc,144,507,Jacarandas II
legislatives_2024,1,988,98805,Dumbéa,DUMBEA,0006,987,646,341,623,16,7,3,REG,FRERE,Ronald,MASCULIN,Ronald FRERE,,10,,,,Maison de la jeunesse 1,MAISON JEUNESSE,1,Maison de la jeunesse,26 AVENUE D'AUTEUIL,CULTUREL ET SOCIO EDUCATIF,Equipements culturels,Centre culturel maison culturelle et centre d'art,166.474913290828,-22.2056811434969,etablissements_publics_nc,144,507,Jacarandas II
legislatives_2024,1,988,98805,Dumbéa,DUMBEA,0006,987,646,341,623,16,7,4,REG,VOUDJO,Luther,MASCULIN,Luther VOUDJO,,14,,,,Maison de la jeunesse 1,MAISON JEUNESSE,1,Maison de la jeunesse,26 AVENUE D'AUTEUIL,CULTUREL ET SOCIO EDUCATIF,Equipements culturels,Centre culturel maison culturelle et centre d'art,166.474913290828,-22.2056811434969,etablissements_publics_nc,144,507,Jacarandas II
legislatives_2024,1,988,98805,Dumbéa,DUMBEA,0006,987,646,341,623,16,7,6,DVD,PONGA,Alcide,MASCULIN,Alcide PONGA,,317,,,,Maison de la jeunesse 1,MAISON JEUNESSE,1,Maison de la jeunesse,26 AVENUE D'AUTEUIL,CULTUREL ET SOCIO EDUCATIF,Equipements culturels,Centre culturel maison culturelle et centre d'art,166.474913290828,-22.2056811434969,etablissements_publics_nc,144,507,Jacarandas II
legislatives_2024,1,988,98805,Dumbéa,DUMBEA,0006,987,646,341,623,16,7,7,HOR,POADJA,Gérard,MASCULIN,Gérard POADJA,,58,,,,Maison de la jeunesse 1,MAISON JEUNESSE,1,Maison de la jeunesse,26 AVENUE D'AUTEUIL,CULTUREL ET SOCIO EDUCATIF,Equipements culturels,Centre culturel maison culturelle et centre d'art,166.474913290828,-22.2056811434969,etablissements_publics_nc,144,507,Jacarandas II
legislatives_2024,1,988,98805,Dumbéa,DUMBEA,0007,908,575,333,567,6,2,1,DVG,TUKUMULI,Milakulo,MASCULIN,Milakulo TUKUMULI,,55,,,,Maison de la jeunesse 2,MAISON JEUNESSE,1,Maison de la jeunesse,26 AVENUE D'AUTEUIL,CULTUREL ET SOCIO EDUCATIF,Equipements culturels,Centre culturel maison culturelle et centre d'art,166.474913290828,-22.2056811434969,etablissements_publics_nc,144,507,Jacarandas II
legislatives_2024,1,988,98805,Dumbéa,DUMBEA,0007,908,575,333,567,6,2,2,REG,TJIBAOU,Emmanuel,MASCULIN,Emmanuel TJIBAOU,,95,,,,Maison de la jeunesse 2,MAISON JEUNESSE,1,Maison de la jeunesse,26 AVENUE D'AUTEUIL,CULTUREL ET SOCIO EDUCATIF,Equipements culturels,Centre culturel maison culturelle et centre d'art,166.474913290828,-22.2056811434969,etablissements_publics_nc,144,507,Jacarandas II
legislatives_2024,1,988,98805,Dumbéa,DUMBEA,0007,908,575,333,567,6,2,3,REG,FRERE,Ronald,MASCULIN,Ronald FRERE,,3,,,,Maison de la jeunesse 2,MAISON JEUNESSE,1,Maison de la jeunesse,26 AVENUE D'AUTEUIL,CULTUREL ET SOCIO EDUCATIF,Equipements culturels,Centre culturel maison culturelle et centre d'art,166.474913290828,-22.2056811434969,etablissements_publics_nc,144,507,Jacarandas II
legislatives_2024,1,988,98805,Dumbéa,DUMBEA,0007,908,575,333,567,6,2,4,REG,VOUDJO,Luther,MASCULIN,Luther VOUDJO,,3,,,,Maison de la jeunesse 2,MAISON JEUNESSE,1,Maison de la jeunesse,26 AVENUE D'AUTEUIL,CULTUREL ET SOCIO EDUCATIF,Equipements culturels,Centre culturel maison culturelle et centre d'art,166.474913290828,-22.2056811434969,etablissements_publics_nc,144,507,Jacarandas II
legislatives_2024,1,988,98805,Dumbéa,DUMBEA,0007,908,575,333,567,6,2,6,DVD,PONGA,Alcide,MASCULIN,Alcide PONGA,,363,,,,Maison de la jeunesse 2,MAISON JEUNESSE,1,Maison de la jeunesse,26 AVENUE D'AUTEUIL,CULTUREL ET SOCIO EDUCATIF,Equipements culturels,Centre culturel maison culturelle et centre d'art,166.474913290828,-22.2056811434969,etablissements_publics_nc,144,507,Jacarandas II
legislatives_2024,1,988,98805,Dumbéa,DUMBEA,0007,908,575,333,567,6,2,7,HOR,POADJA,Gérard,MASCULIN,Gérard POADJA,,48,,,,Maison de la jeunesse 2,MAISON JEUNESSE,1,Maison de la jeunesse,26 AVENUE D'AUTEUIL,CULTUREL ET SOCIO EDUCATIF,Equipements culturels,Centre culturel maison culturelle et centre d'art,166.474913290828,-22.2056811434969,etablissements_publics_nc,144,507,Jacarandas II
legislatives_2024,1,988,98805,Dumbéa,DUMBEA,0008,880,482,398,470,7,5,1,DVG,TUKUMULI,Milakulo,MASCULIN,Milakulo TUKUMULI,,163,,,,Centre culturel de Dumbéa 1,CENTRE CULTUREL DUMBEA,1,Centre culturel de Dumbéa,56 AVENUE D'AUTEUIL,CULTUREL ET SOCIO EDUCATIF,Equipements culturels,Centre culturel maison culturelle et centre d'art,166.474126141924,-22.2081759337081,etablissements_publics_nc,140,503,Koutio Secal
legislatives_2024,1,988,98805,Dumbéa,DUMBEA,0008,880,482,398,470,7,5,2,REG,TJIBAOU,Emmanuel,MASCULIN,Emmanuel TJIBAOU,,104,,,,Centre culturel de Dumbéa 1,CENTRE CULTUREL DUMBEA,1,Centre culturel de Dumbéa,56 AVENUE D'AUTEUIL,CULTUREL ET SOCIO EDUCATIF,Equipements culturels,Centre culturel maison culturelle et centre d'art,166.474126141924,-22.2081759337081,etablissements_publics_nc,140,503,Koutio Secal
legislatives_2024,1,988,98805,Dumbéa,DUMBEA,0008,880,482,398,470,7,5,3,REG,FRERE,Ronald,MASCULIN,Ronald FRERE,,7,,,,Centre culturel de Dumbéa 1,CENTRE CULTUREL DUMBEA,1,Centre culturel de Dumbéa,56 AVENUE D'AUTEUIL,CULTUREL ET SOCIO EDUCATIF,Equipements culturels,Centre culturel maison culturelle et centre d'art,166.474126141924,-22.2081759337081,etablissements_publics_nc,140,503,Koutio Secal
legislatives_2024,1,988,98805,Dumbéa,DUMBEA,0008,880,482,398,470,7,5,4,REG,VOUDJO,Luther,MASCULIN,Luther VOUDJO,,9,,,,Centre culturel de Dumbéa 1,CENTRE CULTUREL DUMBEA,1,Centre culturel de Dumbéa,56 AVENUE D'AUTEUIL,CULTUREL ET SOCIO EDUCATIF,Equipements culturels,Centre culturel maison culturelle et centre d'art,166.474126141924,-22.2081759337081,etablissements_publics_nc,140,503,Koutio Secal
legislatives_2024,1,988,98805,Dumbéa,DUMBEA,0008,880,482,398,470,7,5,6,DVD,PONGA,Alcide,MASCULIN,Alcide PONGA,,163,,,,Centre culturel de Dumbéa 1,CENTRE CULTUREL DUMBEA,1,Centre culturel de Dumbéa,56 AVENUE D'AUTEUIL,CULTUREL ET SOCIO EDUCATIF,Equipements culturels,Centre culturel maison culturelle et centre d'art,166.474126141924,-22.2081759337081,etablissements_publics_nc,140,503,Koutio Secal
legislatives_2024,1,988,98805,Dumbéa,DUMBEA,0008,880,482,398,470,7,5,7,HOR,POADJA,Gérard,MASCULIN,Gérard POADJA,,24,,,,Centre culturel de Dumbéa 1,CENTRE CULTUREL DUMBEA,1,Centre culturel de Dumbéa,56 AVENUE D'AUTEUIL,CULTUREL ET SOCIO EDUCATIF,Equipements culturels,Centre culturel maison culturelle et centre d'art,166.474126141924,-22.2081759337081,etablissements_publics_nc,140,503,Koutio Secal
legislatives_2024,1,988,98805,Dumbéa,DUMBEA,0009,1045,661,384,641,11,9,1,DVG,TUKUMULI,Milakulo,MASCULIN,Milakulo TUKUMULI,,199,,,,Centre culturel de Dumbéa 2,CENTRE CULTUREL DUMBEA,1,Centre culturel de Dumbéa,56 AVENUE D'AUTEUIL,CULTUREL ET SOCIO EDUCATIF,Equipements culturels,Centre culturel maison culturelle et centre d'art,166.474126141924,-22.2081759337081,etablissements_publics_nc,140,503,Koutio Secal
legislatives_2024,1,988,98805,Dumbéa,DUMBEA,0009,1045,661,384,641,11,9,2,REG,TJIBAOU,Emmanuel,MASCULIN,Emmanuel TJIBAOU,,208,,,,Centre culturel de Dumbéa 2,CENTRE CULTUREL DUMBEA,1,Centre culturel de Dumbéa,56 AVENUE D'AUTEUIL,CULTUREL ET SOCIO EDUCATIF,Equipements culturels,Centre culturel maison culturelle et centre d'art,166.474126141924,-22.2081759337081,etablissements_publics_nc,140,503,Koutio Secal
legislatives_2024,1,988,98805,Dumbéa,DUMBEA,0009,1045,661,384,641,11,9,3,REG,FRERE,Ronald,MASCULIN,Ronald FRERE,,4,,,,Centre culturel de Dumbéa 2,CENTRE CULTUREL DUMBEA,1,Centre culturel de Dumbéa,56 AVENUE D'AUTEUIL,CULTUREL ET SOCIO EDUCATIF,Equipements culturels,Centre culturel maison culturelle et centre d'art,166.474126141924,-22.2081759337081,etablissements_publics_nc,140,503,Koutio Secal
legislatives_2024,1,988,98805,Dumbéa,DUMBEA,0009,1045,661,384,641,11,9,4,REG,VOUDJO,Luther,MASCULIN,Luther VOUDJO,,11,,,,Centre culturel de Dumbéa 2,CENTRE CULTUREL DUMBEA,1,Centre culturel de Dumbéa,56 AVENUE D'AUTEUIL,CULTUREL ET SOCIO EDUCATIF,Equipements culturels,Centre culturel maison culturelle et centre d'art,166.474126141924,-22.2081759337081,etablissements_publics_nc,140,503,Koutio Secal
legislatives_2024,1,988,98805,Dumbéa,DUMBEA,0009,1045,661,384,641,11,9,6,DVD,PONGA,Alcide,MASCULIN,Alcide PONGA,,184,,,,Centre culturel de Dumbéa 2,CENTRE CULTUREL DUMBEA,1,Centre culturel de Dumbéa,56 AVENUE D'AUTEUIL,CULTUREL ET SOCIO EDUCATIF,Equipements culturels,Centre culturel maison culturelle et centre d'art,166.474126141924,-22.2081759337081,etablissements_publics_nc,140,503,Koutio Secal
legislatives_2024,1,988,98805,Dumbéa,DUMBEA,0009,1045,661,384,641,11,9,7,HOR,POADJA,Gérard,MASCULIN,Gérard POADJA,,35,,,,Centre culturel de Dumbéa 2,CENTRE CULTUREL DUMBEA,1,Centre culturel de Dumbéa,56 AVENUE D'AUTEUIL,CULTUREL ET SOCIO EDUCATIF,Equipements culturels,Centre culturel maison culturelle et centre d'art,166.474126141924,-22.2081759337081,etablissements_publics_nc,140,503,Koutio Secal
legislatives_2024,1,988,98805,Dumbéa,DUMBEA,0010,892,569,323,554,9,6,1,DVG,TUKUMULI,Milakulo,MASCULIN,Milakulo TUKUMULI,,54,,,,Centre culturel de Dumbéa 3,CENTRE CULTUREL DUMBEA,1,Centre culturel de Dumbéa,56 AVENUE D'AUTEUIL,CULTUREL ET SOCIO EDUCATIF,Equipements culturels,Centre culturel maison culturelle et centre d'art,166.474126141924,-22.2081759337081,etablissements_publics_nc,140,503,Koutio Secal
legislatives_2024,1,988,98805,Dumbéa,DUMBEA,0010,892,569,323,554,9,6,2,REG,TJIBAOU,Emmanuel,MASCULIN,Emmanuel TJIBAOU,,149,,,,Centre culturel de Dumbéa 3,CENTRE CULTUREL DUMBEA,1,Centre culturel de Dumbéa,56 AVENUE D'AUTEUIL,CULTUREL ET SOCIO EDUCATIF,Equipements culturels,Centre culturel maison culturelle et centre d'art,166.474126141924,-22.2081759337081,etablissements_publics_nc,140,503,Koutio Secal
legislatives_2024,1,988,98805,Dumbéa,DUMBEA,0010,892,569,323,554,9,6,3,REG,FRERE,Ronald,MASCULIN,Ronald FRERE,,11,,,,Centre culturel de Dumbéa 3,CENTRE CULTUREL DUMBEA,1,Centre culturel de Dumbéa,56 AVENUE D'AUTEUIL,CULTUREL ET SOCIO EDUCATIF,Equipements culturels,Centre culturel maison culturelle et centre d'art,166.474126141924,-22.2081759337081,etablissements_publics_nc,140,503,Koutio Secal
legislatives_2024,1,988,98805,Dumbéa,DUMBEA,0010,892,569,323,554,9,6,4,REG,VOUDJO,Luther,MASCULIN,Luther VOUDJO,,8,,,,Centre culturel de Dumbéa 3,CENTRE CULTUREL DUMBEA,1,Centre culturel de Dumbéa,56 AVENUE D'AUTEUIL,CULTUREL ET SOCIO EDUCATIF,Equipements culturels,Centre culturel maison culturelle et centre d'art,166.474126141924,-22.2081759337081,etablissements_publics_nc,140,503,Koutio Secal
legislatives_2024,1,988,98805,Dumbéa,DUMBEA,0010,892,569,323,554,9,6,6,DVD,PONGA,Alcide,MASCULIN,Alcide PONGA,,293,,,,Centre culturel de Dumbéa 3,CENTRE CULTUREL DUMBEA,1,Centre culturel de Dumbéa,56 AVENUE D'AUTEUIL,CULTUREL ET SOCIO EDUCATIF,Equipements culturels,Centre culturel maison culturelle et centre d'art,166.474126141924,-22.2081759337081,etablissements_publics_nc,140,503,Koutio Secal
legislatives_2024,1,988,98805,Dumbéa,DUMBEA,0010,892,569,323,554,9,6,7,HOR,POADJA,Gérard,MASCULIN,Gérard POADJA,,39,,,,Centre culturel de Dumbéa 3,CENTRE CULTUREL DUMBEA,1,Centre culturel de Dumbéa,56 AVENUE D'AUTEUIL,CULTUREL ET SOCIO EDUCATIF,Equipements culturels,Centre culturel maison culturelle et centre d'art,166.474126141924,-22.2081759337081,etablissements_publics_nc,140,503,Koutio Secal
legislatives_2024,1,988,98805,Dumbéa,DUMBEA,0011,891,514,377,494,16,4,1,DVG,TUKUMULI,Milakulo,MASCULIN,Milakulo TUKUMULI,,93,,,,Ecole primaire Gustave Clain 1,ECOLE PRIMAIRE GUSTAVE CLAIN,0.897,Ecole élémentaire Gustave Clain,49 RUE JACQUES MONOD,ENSEIGNEMENT ET FORMATION,Enseignement du premier degré,Ecole élémentaire,166.460870510376,-22.2089353285944,etablissements_publics_nc,141,504,Koutio érudits
legislatives_2024,1,988,98805,Dumbéa,DUMBEA,0011,891,514,377,494,16,4,2,REG,TJIBAOU,Emmanuel,MASCULIN,Emmanuel TJIBAOU,,123,,,,Ecole primaire Gustave Clain 1,ECOLE PRIMAIRE GUSTAVE CLAIN,0.897,Ecole élémentaire Gustave Clain,49 RUE JACQUES MONOD,ENSEIGNEMENT ET FORMATION,Enseignement du premier degré,Ecole élémentaire,166.460870510376,-22.2089353285944,etablissements_publics_nc,141,504,Koutio érudits
legislatives_2024,1,988,98805,Dumbéa,DUMBEA,0011,891,514,377,494,16,4,3,REG,FRERE,Ronald,MASCULIN,Ronald FRERE,,7,,,,Ecole primaire Gustave Clain 1,ECOLE PRIMAIRE GUSTAVE CLAIN,0.897,Ecole élémentaire Gustave Clain,49 RUE JACQUES MONOD,ENSEIGNEMENT ET FORMATION,Enseignement du premier degré,Ecole élémentaire,166.460870510376,-22.2089353285944,etablissements_publics_nc,141,504,Koutio érudits
legislatives_2024,1,988,98805,Dumbéa,DUMBEA,0011,891,514,377,494,16,4,4,REG,VOUDJO,Luther,MASCULIN,Luther VOUDJO,,10,,,,Ecole primaire Gustave Clain 1,ECOLE PRIMAIRE GUSTAVE CLAIN,0.897,Ecole élémentaire Gustave Clain,49 RUE JACQUES MONOD,ENSEIGNEMENT ET FORMATION,Enseignement du premier degré,Ecole élémentaire,166.460870510376,-22.2089353285944,etablissements_publics_nc,141,504,Koutio érudits
legislatives_2024,1,988,98805,Dumbéa,DUMBEA,0011,891,514,377,494,16,4,6,DVD,PONGA,Alcide,MASCULIN,Alcide PONGA,,234,,,,Ecole primaire Gustave Clain 1,ECOLE PRIMAIRE GUSTAVE CLAIN,0.897,Ecole élémentaire Gustave Clain,49 RUE JACQUES MONOD,ENSEIGNEMENT ET FORMATION,Enseignement du premier degré,Ecole élémentaire,166.460870510376,-22.2089353285944,etablissements_publics_nc,141,504,Koutio érudits
legislatives_2024,1,988,98805,Dumbéa,DUMBEA,0011,891,514,377,494,16,4,7,HOR,POADJA,Gérard,MASCULIN,Gérard POADJA,,27,,,,Ecole primaire Gustave Clain 1,ECOLE PRIMAIRE GUSTAVE CLAIN,0.897,Ecole élémentaire Gustave Clain,49 RUE JACQUES MONOD,ENSEIGNEMENT ET FORMATION,Enseignement du premier degré,Ecole élémentaire,166.460870510376,-22.2089353285944,etablissements_publics_nc,141,504,Koutio érudits
legislatives_2024,1,988,98805,Dumbéa,DUMBEA,0012,999,579,420,568,8,3,1,DVG,TUKUMULI,Milakulo,MASCULIN,Milakulo TUKUMULI,,76,,,,Ecole primaire Gustave Clain 2,ECOLE PRIMAIRE GUSTAVE CLAIN,0.897,Ecole élémentaire Gustave Clain,49 RUE JACQUES MONOD,ENSEIGNEMENT ET FORMATION,Enseignement du premier degré,Ecole élémentaire,166.460870510376,-22.2089353285944,etablissements_publics_nc,141,504,Koutio érudits
legislatives_2024,1,988,98805,Dumbéa,DUMBEA,0012,999,579,420,568,8,3,2,REG,TJIBAOU,Emmanuel,MASCULIN,Emmanuel TJIBAOU,,183,,,,Ecole primaire Gustave Clain 2,ECOLE PRIMAIRE GUSTAVE CLAIN,0.897,Ecole élémentaire Gustave Clain,49 RUE JACQUES MONOD,ENSEIGNEMENT ET FORMATION,Enseignement du premier degré,Ecole élémentaire,166.460870510376,-22.2089353285944,etablissements_publics_nc,141,504,Koutio érudits
legislatives_2024,1,988,98805,Dumbéa,DUMBEA,0012,999,579,420,568,8,3,3,REG,FRERE,Ronald,MASCULIN,Ronald FRERE,,4,,,,Ecole primaire Gustave Clain 2,ECOLE PRIMAIRE GUSTAVE CLAIN,0.897,Ecole élémentaire Gustave Clain,49 RUE JACQUES MONOD,ENSEIGNEMENT ET FORMATION,Enseignement du premier degré,Ecole élémentaire,166.460870510376,-22.2089353285944,etablissements_publics_nc,141,504,Koutio érudits
legislatives_2024,1,988,98805,Dumbéa,DUMBEA,0012,999,579,420,568,8,3,4,REG,VOUDJO,Luther,MASCULIN,Luther VOUDJO,,18,,,,Ecole primaire Gustave Clain 2,ECOLE PRIMAIRE GUSTAVE CLAIN,0.897,Ecole élémentaire Gustave Clain,49 RUE JACQUES MONOD,ENSEIGNEMENT ET FORMATION,Enseignement du premier degré,Ecole élémentaire,166.460870510376,-22.2089353285944,etablissements_publics_nc,141,504,Koutio érudits
legislatives_2024,1,988,98805,Dumbéa,DUMBEA,0012,999,579,420,568,8,3,6,DVD,PONGA,Alcide,MASCULIN,Alcide PONGA,,245,,,,Ecole primaire Gustave Clain 2,ECOLE PRIMAIRE GUSTAVE CLAIN,0.897,Ecole élémentaire Gustave Clain,49 RUE JACQUES MONOD,ENSEIGNEMENT ET FORMATION,Enseignement du premier degré,Ecole élémentaire,166.460870510376,-22.2089353285944,etablissements_publics_nc,141,504,Koutio érudits
legislatives_2024,1,988,98805,Dumbéa,DUMBEA,0012,999,579,420,568,8,3,7,HOR,POADJA,Gérard,MASCULIN,Gérard POADJA,,42,,,,Ecole primaire Gustave Clain 2,ECOLE PRIMAIRE GUSTAVE CLAIN,0.897,Ecole élémentaire Gustave Clain,49 RUE JACQUES MONOD,ENSEIGNEMENT ET FORMATION,Enseignement du premier degré,Ecole élémentaire,166.460870510376,-22.2089353285944,etablissements_publics_nc,141,504,Koutio érudits
legislatives_2024,1,988,98805,Dumbéa,DUMBEA,0013,799,524,275,514,7,3,1,DVG,TUKUMULI,Milakulo,MASCULIN,Milakulo TUKUMULI,,73,,,,Ecole maternelle l'Oasis 1,ECOLE MATERNELLE L OASIS,0.729,Ecole maternelle L'Oasis,39 RUE JACQUES MONOD,ENSEIGNEMENT ET FORMATION,Enseignement du premier degré,Ecole pré-élémentaire,166.461460951246,-22.2085634346196,etablissements_publics_nc,141,504,Koutio érudits
legislatives_2024,1,988,98805,Dumbéa,DUMBEA,0013,799,524,275,514,7,3,2,REG,TJIBAOU,Emmanuel,MASCULIN,Emmanuel TJIBAOU,,100,,,,Ecole maternelle l'Oasis 1,ECOLE MATERNELLE L OASIS,0.729,Ecole maternelle L'Oasis,39 RUE JACQUES MONOD,ENSEIGNEMENT ET FORMATION,Enseignement du premier degré,Ecole pré-élémentaire,166.461460951246,-22.2085634346196,etablissements_publics_nc,141,504,Koutio érudits
legislatives_2024,1,988,98805,Dumbéa,DUMBEA,0013,799,524,275,514,7,3,3,REG,FRERE,Ronald,MASCULIN,Ronald FRERE,,8,,,,Ecole maternelle l'Oasis 1,ECOLE MATERNELLE L OASIS,0.729,Ecole maternelle L'Oasis,39 RUE JACQUES MONOD,ENSEIGNEMENT ET FORMATION,Enseignement du premier degré,Ecole pré-élémentaire,166.461460951246,-22.2085634346196,etablissements_publics_nc,141,504,Koutio érudits
legislatives_2024,1,988,98805,Dumbéa,DUMBEA,0013,799,524,275,514,7,3,4,REG,VOUDJO,Luther,MASCULIN,Luther VOUDJO,,11,,,,Ecole maternelle l'Oasis 1,ECOLE MATERNELLE L OASIS,0.729,Ecole maternelle L'Oasis,39 RUE JACQUES MONOD,ENSEIGNEMENT ET FORMATION,Enseignement du premier degré,Ecole pré-élémentaire,166.461460951246,-22.2085634346196,etablissements_publics_nc,141,504,Koutio érudits
legislatives_2024,1,988,98805,Dumbéa,DUMBEA,0013,799,524,275,514,7,3,6,DVD,PONGA,Alcide,MASCULIN,Alcide PONGA,,293,,,,Ecole maternelle l'Oasis 1,ECOLE MATERNELLE L OASIS,0.729,Ecole maternelle L'Oasis,39 RUE JACQUES MONOD,ENSEIGNEMENT ET FORMATION,Enseignement du premier degré,Ecole pré-élémentaire,166.461460951246,-22.2085634346196,etablissements_publics_nc,141,504,Koutio érudits
legislatives_2024,1,988,98805,Dumbéa,DUMBEA,0013,799,524,275,514,7,3,7,HOR,POADJA,Gérard,MASCULIN,Gérard POADJA,,29,,,,Ecole maternelle l'Oasis 1,ECOLE MATERNELLE L OASIS,0.729,Ecole maternelle L'Oasis,39 RUE JACQUES MONOD,ENSEIGNEMENT ET FORMATION,Enseignement du premier degré,Ecole pré-élémentaire,166.461460951246,-22.2085634346196,etablissements_publics_nc,141,504,Koutio érudits
legislatives_2024,1,988,98805,Dumbéa,DUMBEA,0014,804,507,297,498,6,3,1,DVG,TUKUMULI,Milakulo,MASCULIN,Milakulo TUKUMULI,,99,,,,Ecole maternelle l'Oasis 2,ECOLE MATERNELLE L OASIS,0.729,Ecole maternelle L'Oasis,39 RUE JACQUES MONOD,ENSEIGNEMENT ET FORMATION,Enseignement du premier degré,Ecole pré-élémentaire,166.461460951246,-22.2085634346196,etablissements_publics_nc,141,504,Koutio érudits
legislatives_2024,1,988,98805,Dumbéa,DUMBEA,0014,804,507,297,498,6,3,2,REG,TJIBAOU,Emmanuel,MASCULIN,Emmanuel TJIBAOU,,107,,,,Ecole maternelle l'Oasis 2,ECOLE MATERNELLE L OASIS,0.729,Ecole maternelle L'Oasis,39 RUE JACQUES MONOD,ENSEIGNEMENT ET FORMATION,Enseignement du premier degré,Ecole pré-élémentaire,166.461460951246,-22.2085634346196,etablissements_publics_nc,141,504,Koutio érudits
legislatives_2024,1,988,98805,Dumbéa,DUMBEA,0014,804,507,297,498,6,3,3,REG,FRERE,Ronald,MASCULIN,Ronald FRERE,,1,,,,Ecole maternelle l'Oasis 2,ECOLE MATERNELLE L OASIS,0.729,Ecole maternelle L'Oasis,39 RUE JACQUES MONOD,ENSEIGNEMENT ET FORMATION,Enseignement du premier degré,Ecole pré-élémentaire,166.461460951246,-22.2085634346196,etablissements_publics_nc,141,504,Koutio érudits
legislatives_2024,1,988,98805,Dumbéa,DUMBEA,0014,804,507,297,498,6,3,4,REG,VOUDJO,Luther,MASCULIN,Luther VOUDJO,,14,,,,Ecole maternelle l'Oasis 2,ECOLE MATERNELLE L OASIS,0.729,Ecole maternelle L'Oasis,39 RUE JACQUES MONOD,ENSEIGNEMENT ET FORMATION,Enseignement du premier degré,Ecole pré-élémentaire,166.461460951246,-22.2085634346196,etablissements_publics_nc,141,504,Koutio érudits
legislatives_2024,1,988,98805,Dumbéa,DUMBEA,0014,804,507,297,498,6,3,6,DVD,PONGA,Alcide,MASCULIN,Alcide PONGA,,232,,,,Ecole maternelle l'Oasis 2,ECOLE MATERNELLE L OASIS,0.729,Ecole maternelle L'Oasis,39 RUE JACQUES MONOD,ENSEIGNEMENT ET FORMATION,Enseignement du premier degré,Ecole pré-élémentaire,166.461460951246,-22.2085634346196,etablissements_publics_nc,141,504,Koutio érudits
legislatives_2024,1,988,98805,Dumbéa,DUMBEA,0014,804,507,297,498,6,3,7,HOR,POADJA,Gérard,MASCULIN,Gérard POADJA,,45,,,,Ecole maternelle l'Oasis 2,ECOLE MATERNELLE L OASIS,0.729,Ecole maternelle L'Oasis,39 RUE JACQUES MONOD,ENSEIGNEMENT ET FORMATION,Enseignement du premier degré,Ecole pré-élémentaire,166.461460951246,-22.2085634346196,etablissements_publics_nc,141,504,Koutio érudits
legislatives_2024,1,988,98805,Dumbéa,DUMBEA,0015,636,360,276,353,6,1,1,DVG,TUKUMULI,Milakulo,MASCULIN,Milakulo TUKUMULI,,77,,,,Groupe scolaire Michelle Delacharlerie-Rolly 1,GROUPE SCOLAIRE MICHELLE DELACHARLERIE ROLLY,1,Groupe scolaire Michelle Delacharlerie-Rolly,103 BOULEVARD DU RAIL CALEDONIEN,ENSEIGNEMENT ET FORMATION,Enseignement du premier degré,Groupe scolaire,166.445998676866,-22.2013803961715,etablissements_publics_nc,147,510,Dumbéa/mer Ouest
legislatives_2024,1,988,98805,Dumbéa,DUMBEA,0015,636,360,276,353,6,1,2,REG,TJIBAOU,Emmanuel,MASCULIN,Emmanuel TJIBAOU,,98,,,,Groupe scolaire Michelle Delacharlerie-Rolly 1,GROUPE SCOLAIRE MICHELLE DELACHARLERIE ROLLY,1,Groupe scolaire Michelle Delacharlerie-Rolly,103 BOULEVARD DU RAIL CALEDONIEN,ENSEIGNEMENT ET FORMATION,Enseignement du premier degré,Groupe scolaire,166.445998676866,-22.2013803961715,etablissements_publics_nc,147,510,Dumbéa/mer Ouest
legislatives_2024,1,988,98805,Dumbéa,DUMBEA,0015,636,360,276,353,6,1,3,REG,FRERE,Ronald,MASCULIN,Ronald FRERE,,4,,,,Groupe scolaire Michelle Delacharlerie-Rolly 1,GROUPE SCOLAIRE MICHELLE DELACHARLERIE ROLLY,1,Groupe scolaire Michelle Delacharlerie-Rolly,103 BOULEVARD DU RAIL CALEDONIEN,ENSEIGNEMENT ET FORMATION,Enseignement du premier degré,Groupe scolaire,166.445998676866,-22.2013803961715,etablissements_publics_nc,147,510,Dumbéa/mer Ouest
legislatives_2024,1,988,98805,Dumbéa,DUMBEA,0015,636,360,276,353,6,1,4,REG,VOUDJO,Luther,MASCULIN,Luther VOUDJO,,4,,,,Groupe scolaire Michelle Delacharlerie-Rolly 1,GROUPE SCOLAIRE MICHELLE DELACHARLERIE ROLLY,1,Groupe scolaire Michelle Delacharlerie-Rolly,103 BOULEVARD DU RAIL CALEDONIEN,ENSEIGNEMENT ET FORMATION,Enseignement du premier degré,Groupe scolaire,166.445998676866,-22.2013803961715,etablissements_publics_nc,147,510,Dumbéa/mer Ouest
legislatives_2024,1,988,98805,Dumbéa,DUMBEA,0015,636,360,276,353,6,1,6,DVD,PONGA,Alcide,MASCULIN,Alcide PONGA,,141,,,,Groupe scolaire Michelle Delacharlerie-Rolly 1,GROUPE SCOLAIRE MICHELLE DELACHARLERIE ROLLY,1,Groupe scolaire Michelle Delacharlerie-Rolly,103 BOULEVARD DU RAIL CALEDONIEN,ENSEIGNEMENT ET FORMATION,Enseignement du premier degré,Groupe scolaire,166.445998676866,-22.2013803961715,etablissements_publics_nc,147,510,Dumbéa/mer Ouest
legislatives_2024,1,988,98805,Dumbéa,DUMBEA,0015,636,360,276,353,6,1,7,HOR,POADJA,Gérard,MASCULIN,Gérard POADJA,,29,,,,Groupe scolaire Michelle Delacharlerie-Rolly 1,GROUPE SCOLAIRE MICHELLE DELACHARLERIE ROLLY,1,Groupe scolaire Michelle Delacharlerie-Rolly,103 BOULEVARD DU RAIL CALEDONIEN,ENSEIGNEMENT ET FORMATION,Enseignement du premier degré,Groupe scolaire,166.445998676866,-22.2013803961715,etablissements_publics_nc,147,510,Dumbéa/mer Ouest
legislatives_2024,1,988,98805,Dumbéa,DUMBEA,0016,858,462,396,451,5,6,1,DVG,TUKUMULI,Milakulo,MASCULIN,Milakulo TUKUMULI,,113,,,,Groupe scolaire Michelle Delacharlerie-Rolly 2,GROUPE SCOLAIRE MICHELLE DELACHARLERIE ROLLY,1,Groupe scolaire Michelle Delacharlerie-Rolly,103 BOULEVARD DU RAIL CALEDONIEN,ENSEIGNEMENT ET FORMATION,Enseignement du premier degré,Groupe scolaire,166.445998676866,-22.2013803961715,etablissements_publics_nc,147,510,Dumbéa/mer Ouest
legislatives_2024,1,988,98805,Dumbéa,DUMBEA,0016,858,462,396,451,5,6,2,REG,TJIBAOU,Emmanuel,MASCULIN,Emmanuel TJIBAOU,,170,,,,Groupe scolaire Michelle Delacharlerie-Rolly 2,GROUPE SCOLAIRE MICHELLE DELACHARLERIE ROLLY,1,Groupe scolaire Michelle Delacharlerie-Rolly,103 BOULEVARD DU RAIL CALEDONIEN,ENSEIGNEMENT ET FORMATION,Enseignement du premier degré,Groupe scolaire,166.445998676866,-22.2013803961715,etablissements_publics_nc,147,510,Dumbéa/mer Ouest
legislatives_2024,1,988,98805,Dumbéa,DUMBEA,0016,858,462,396,451,5,6,3,REG,FRERE,Ronald,MASCULIN,Ronald FRERE,,12,,,,Groupe scolaire Michelle Delacharlerie-Rolly 2,GROUPE SCOLAIRE MICHELLE DELACHARLERIE ROLLY,1,Groupe scolaire Michelle Delacharlerie-Rolly,103 BOULEVARD DU RAIL CALEDONIEN,ENSEIGNEMENT ET FORMATION,Enseignement du premier degré,Groupe scolaire,166.445998676866,-22.2013803961715,etablissements_publics_nc,147,510,Dumbéa/mer Ouest
legislatives_2024,1,988,98805,Dumbéa,DUMBEA,0016,858,462,396,451,5,6,4,REG,VOUDJO,Luther,MASCULIN,Luther VOUDJO,,6,,,,Groupe scolaire Michelle Delacharlerie-Rolly 2,GROUPE SCOLAIRE MICHELLE DELACHARLERIE ROLLY,1,Groupe scolaire Michelle Delacharlerie-Rolly,103 BOULEVARD DU RAIL CALEDONIEN,ENSEIGNEMENT ET FORMATION,Enseignement du premier degré,Groupe scolaire,166.445998676866,-22.2013803961715,etablissements_publics_nc,147,510,Dumbéa/mer Ouest
legislatives_2024,1,988,98805,Dumbéa,DUMBEA,0016,858,462,396,451,5,6,6,DVD,PONGA,Alcide,MASCULIN,Alcide PONGA,,124,,,,Groupe scolaire Michelle Delacharlerie-Rolly 2,GROUPE SCOLAIRE MICHELLE DELACHARLERIE ROLLY,1,Groupe scolaire Michelle Delacharlerie-Rolly,103 BOULEVARD DU RAIL CALEDONIEN,ENSEIGNEMENT ET FORMATION,Enseignement du premier degré,Groupe scolaire,166.445998676866,-22.2013803961715,etablissements_publics_nc,147,510,Dumbéa/mer Ouest
legislatives_2024,1,988,98805,Dumbéa,DUMBEA,0016,858,462,396,451,5,6,7,HOR,POADJA,Gérard,MASCULIN,Gérard POADJA,,26,,,,Groupe scolaire Michelle Delacharlerie-Rolly 2,GROUPE SCOLAIRE MICHELLE DELACHARLERIE ROLLY,1,Groupe scolaire Michelle Delacharlerie-Rolly,103 BOULEVARD DU RAIL CALEDONIEN,ENSEIGNEMENT ET FORMATION,Enseignement du premier degré,Groupe scolaire,166.445998676866,-22.2013803961715,etablissements_publics_nc,147,510,Dumbéa/mer Ouest
legislatives_2024,1,988,98805,Dumbéa,DUMBEA,0017,1053,704,349,683,18,3,1,DVG,TUKUMULI,Milakulo,MASCULIN,Milakulo TUKUMULI,,81,,,,Groupe scolaire Renée Fong 1,GROUPE SCOLAIRE RENEE FONG,1,Groupe scolaire Renée FONG,2 BIS ALLEE JEAN-LOUIS MARIE,ENSEIGNEMENT ET FORMATION,Enseignement du premier degré,Groupe scolaire,166.44418672502,-22.192372203396,etablissements_publics_nc,148,511,Dumbea/mer Est - Plaine Adam
legislatives_2024,1,988,98805,Dumbéa,DUMBEA,0017,1053,704,349,683,18,3,2,REG,TJIBAOU,Emmanuel,MASCULIN,Emmanuel TJIBAOU,,81,,,,Groupe scolaire Renée Fong 1,GROUPE SCOLAIRE RENEE FONG,1,Groupe scolaire Renée FONG,2 BIS ALLEE JEAN-LOUIS MARIE,ENSEIGNEMENT ET FORMATION,Enseignement du premier degré,Groupe scolaire,166.44418672502,-22.192372203396,etablissements_publics_nc,148,511,Dumbea/mer Est - Plaine Adam
legislatives_2024,1,988,98805,Dumbéa,DUMBEA,0017,1053,704,349,683,18,3,3,REG,FRERE,Ronald,MASCULIN,Ronald FRERE,,5,,,,Groupe scolaire Renée Fong 1,GROUPE SCOLAIRE RENEE FONG,1,Groupe scolaire Renée FONG,2 BIS ALLEE JEAN-LOUIS MARIE,ENSEIGNEMENT ET FORMATION,Enseignement du premier degré,Groupe scolaire,166.44418672502,-22.192372203396,etablissements_publics_nc,148,511,Dumbea/mer Est - Plaine Adam
legislatives_2024,1,988,98805,Dumbéa,DUMBEA,0017,1053,704,349,683,18,3,4,REG,VOUDJO,Luther,MASCULIN,Luther VOUDJO,,3,,,,Groupe scolaire Renée Fong 1,GROUPE SCOLAIRE RENEE FONG,1,Groupe scolaire Renée FONG,2 BIS ALLEE JEAN-LOUIS MARIE,ENSEIGNEMENT ET FORMATION,Enseignement du premier degré,Groupe scolaire,166.44418672502,-22.192372203396,etablissements_publics_nc,148,511,Dumbea/mer Est - Plaine Adam
legislatives_2024,1,988,98805,Dumbéa,DUMBEA,0017,1053,704,349,683,18,3,6,DVD,PONGA,Alcide,MASCULIN,Alcide PONGA,,486,,,,Groupe scolaire Renée Fong 1,GROUPE SCOLAIRE RENEE FONG,1,Groupe scolaire Renée FONG,2 BIS ALLEE JEAN-LOUIS MARIE,ENSEIGNEMENT ET FORMATION,Enseignement du premier degré,Groupe scolaire,166.44418672502,-22.192372203396,etablissements_publics_nc,148,511,Dumbea/mer Est - Plaine Adam
legislatives_2024,1,988,98805,Dumbéa,DUMBEA,0017,1053,704,349,683,18,3,7,HOR,POADJA,Gérard,MASCULIN,Gérard POADJA,,27,,,,Groupe scolaire Renée Fong 1,GROUPE SCOLAIRE RENEE FONG,1,Groupe scolaire Renée FONG,2 BIS ALLEE JEAN-LOUIS MARIE,ENSEIGNEMENT ET FORMATION,Enseignement du premier degré,Groupe scolaire,166.44418672502,-22.192372203396,etablissements_publics_nc,148,511,Dumbea/mer Est - Plaine Adam
legislatives_2024,1,988,98805,Dumbéa,DUMBEA,0018,1286,765,521,743,14,8,1,DVG,TUKUMULI,Milakulo,MASCULIN,Milakulo TUKUMULI,,177,,,,Groupe scolaire Renée Fong 2,GROUPE SCOLAIRE RENEE FONG,1,Groupe scolaire Renée FONG,2 BIS ALLEE JEAN-LOUIS MARIE,ENSEIGNEMENT ET FORMATION,Enseignement du premier degré,Groupe scolaire,166.44418672502,-22.192372203396,etablissements_publics_nc,148,511,Dumbea/mer Est - Plaine Adam
legislatives_2024,1,988,98805,Dumbéa,DUMBEA,0018,1286,765,521,743,14,8,2,REG,TJIBAOU,Emmanuel,MASCULIN,Emmanuel TJIBAOU,,289,,,,Groupe scolaire Renée Fong 2,GROUPE SCOLAIRE RENEE FONG,1,Groupe scolaire Renée FONG,2 BIS ALLEE JEAN-LOUIS MARIE,ENSEIGNEMENT ET FORMATION,Enseignement du premier degré,Groupe scolaire,166.44418672502,-22.192372203396,etablissements_publics_nc,148,511,Dumbea/mer Est - Plaine Adam
legislatives_2024,1,988,98805,Dumbéa,DUMBEA,0018,1286,765,521,743,14,8,3,REG,FRERE,Ronald,MASCULIN,Ronald FRERE,,7,,,,Groupe scolaire Renée Fong 2,GROUPE SCOLAIRE RENEE FONG,1,Groupe scolaire Renée FONG,2 BIS ALLEE JEAN-LOUIS MARIE,ENSEIGNEMENT ET FORMATION,Enseignement du premier degré,Groupe scolaire,166.44418672502,-22.192372203396,etablissements_publics_nc,148,511,Dumbea/mer Est - Plaine Adam
legislatives_2024,1,988,98805,Dumbéa,DUMBEA,0018,1286,765,521,743,14,8,4,REG,VOUDJO,Luther,MASCULIN,Luther VOUDJO,,21,,,,Groupe scolaire Renée Fong 2,GROUPE SCOLAIRE RENEE FONG,1,Groupe scolaire Renée FONG,2 BIS ALLEE JEAN-LOUIS MARIE,ENSEIGNEMENT ET FORMATION,Enseignement du premier degré,Groupe scolaire,166.44418672502,-22.192372203396,etablissements_publics_nc,148,511,Dumbea/mer Est - Plaine Adam
legislatives_2024,1,988,98805,Dumbéa,DUMBEA,0018,1286,765,521,743,14,8,6,DVD,PONGA,Alcide,MASCULIN,Alcide PONGA,,208,,,,Groupe scolaire Renée Fong 2,GROUPE SCOLAIRE RENEE FONG,1,Groupe scolaire Renée FONG,2 BIS ALLEE JEAN-LOUIS MARIE,ENSEIGNEMENT ET FORMATION,Enseignement du premier degré,Groupe scolaire,166.44418672502,-22.192372203396,etablissements_publics_nc,148,511,Dumbea/mer Est - Plaine Adam
legislatives_2024,1,988,98805,Dumbéa,DUMBEA,0018,1286,765,521,743,14,8,7,HOR,POADJA,Gérard,MASCULIN,Gérard POADJA,,41,,,,Groupe scolaire Renée Fong 2,GROUPE SCOLAIRE RENEE FONG,1,Groupe scolaire Renée FONG,2 BIS ALLEE JEAN-LOUIS MARIE,ENSEIGNEMENT ET FORMATION,Enseignement du premier degré,Groupe scolaire,166.44418672502,-22.192372203396,etablissements_publics_nc,148,511,Dumbea/mer Est - Plaine Adam
legislatives_2024,1,988,98805,Dumbéa,DUMBEA,0019,855,550,305,537,11,2,1,DVG,TUKUMULI,Milakulo,MASCULIN,Milakulo TUKUMULI,,37,,,,Mairie du Nord 1,MAIRIE NORD,0.98,Mairie du Nord de Dumbéa,777 ROUTE TERRITORIALE N°1,ADMINISTRATION ET ORGANISME,Administrations des collectivités,Administration de la commune de Dumbéa,166.457501065839,-22.1675460417822,etablissements_publics_nc,149,512,Plaine de Koé
legislatives_2024,1,988,98805,Dumbéa,DUMBEA,0019,855,550,305,537,11,2,2,REG,TJIBAOU,Emmanuel,MASCULIN,Emmanuel TJIBAOU,,49,,,,Mairie du Nord 1,MAIRIE NORD,0.98,Mairie du Nord de Dumbéa,777 ROUTE TERRITORIALE N°1,ADMINISTRATION ET ORGANISME,Administrations des collectivités,Administration de la commune de Dumbéa,166.457501065839,-22.1675460417822,etablissements_publics_nc,149,512,Plaine de Koé
legislatives_2024,1,988,98805,Dumbéa,DUMBEA,0019,855,550,305,537,11,2,3,REG,FRERE,Ronald,MASCULIN,Ronald FRERE,,8,,,,Mairie du Nord 1,MAIRIE NORD,0.98,Mairie du Nord de Dumbéa,777 ROUTE TERRITORIALE N°1,ADMINISTRATION ET ORGANISME,Administrations des collectivités,Administration de la commune de Dumbéa,166.457501065839,-22.1675460417822,etablissements_publics_nc,149,512,Plaine de Koé
legislatives_2024,1,988,98805,Dumbéa,DUMBEA,0019,855,550,305,537,11,2,4,REG,VOUDJO,Luther,MASCULIN,Luther VOUDJO,,6,,,,Mairie du Nord 1,MAIRIE NORD,0.98,Mairie du Nord de Dumbéa,777 ROUTE TERRITORIALE N°1,ADMINISTRATION ET ORGANISME,Administrations des collectivités,Administration de la commune de Dumbéa,166.457501065839,-22.1675460417822,etablissements_publics_nc,149,512,Plaine de Koé
legislatives_2024,1,988,98805,Dumbéa,DUMBEA,0019,855,550,305,537,11,2,6,DVD,PONGA,Alcide,MASCULIN,Alcide PONGA,,387,,,,Mairie du Nord 1,MAIRIE NORD,0.98,Mairie du Nord de Dumbéa,777 ROUTE TERRITORIALE N°1,ADMINISTRATION ET ORGANISME,Administrations des collectivités,Administration de la commune de Dumbéa,166.457501065839,-22.1675460417822,etablissements_publics_nc,149,512,Plaine de Koé
legislatives_2024,1,988,98805,Dumbéa,DUMBEA,0019,855,550,305,537,11,2,7,HOR,POADJA,Gérard,MASCULIN,Gérard POADJA,,50,,,,Mairie du Nord 1,MAIRIE NORD,0.98,Mairie du Nord de Dumbéa,777 ROUTE TERRITORIALE N°1,ADMINISTRATION ET ORGANISME,Administrations des collectivités,Administration de la commune de Dumbéa,166.457501065839,-22.1675460417822,etablissements_publics_nc,149,512,Plaine de Koé
legislatives_2024,1,988,98805,Dumbéa,DUMBEA,0020,859,605,254,592,12,1,1,DVG,TUKUMULI,Milakulo,MASCULIN,Milakulo TUKUMULI,,35,,,,Mairie du Nord 2,MAIRIE NORD,0.98,Mairie du Nord de Dumbéa,777 ROUTE TERRITORIALE N°1,ADMINISTRATION ET ORGANISME,Administrations des collectivités,Administration de la commune de Dumbéa,166.457501065839,-22.1675460417822,etablissements_publics_nc,149,512,Plaine de Koé
legislatives_2024,1,988,98805,Dumbéa,DUMBEA,0020,859,605,254,592,12,1,2,REG,TJIBAOU,Emmanuel,MASCULIN,Emmanuel TJIBAOU,,51,,,,Mairie du Nord 2,MAIRIE NORD,0.98,Mairie du Nord de Dumbéa,777 ROUTE TERRITORIALE N°1,ADMINISTRATION ET ORGANISME,Administrations des collectivités,Administration de la commune de Dumbéa,166.457501065839,-22.1675460417822,etablissements_publics_nc,149,512,Plaine de Koé
legislatives_2024,1,988,98805,Dumbéa,DUMBEA,0020,859,605,254,592,12,1,3,REG,FRERE,Ronald,MASCULIN,Ronald FRERE,,8,,,,Mairie du Nord 2,MAIRIE NORD,0.98,Mairie du Nord de Dumbéa,777 ROUTE TERRITORIALE N°1,ADMINISTRATION ET ORGANISME,Administrations des collectivités,Administration de la commune de Dumbéa,166.457501065839,-22.1675460417822,etablissements_publics_nc,149,512,Plaine de Koé
legislatives_2024,1,988,98805,Dumbéa,DUMBEA,0020,859,605,254,592,12,1,4,REG,VOUDJO,Luther,MASCULIN,Luther VOUDJO,,3,,,,Mairie du Nord 2,MAIRIE NORD,0.98,Mairie du Nord de Dumbéa,777 ROUTE TERRITORIALE N°1,ADMINISTRATION ET ORGANISME,Administrations des collectivités,Administration de la commune de Dumbéa,166.457501065839,-22.1675460417822,etablissements_publics_nc,149,512,Plaine de Koé
legislatives_2024,1,988,98805,Dumbéa,DUMBEA,0020,859,605,254,592,12,1,6,DVD,PONGA,Alcide,MASCULIN,Alcide PONGA,,440,,,,Mairie du Nord 2,MAIRIE NORD,0.98,Mairie du Nord de Dumbéa,777 ROUTE TERRITORIALE N°1,ADMINISTRATION ET ORGANISME,Administrations des collectivités,Administration de la commune de Dumbéa,166.457501065839,-22.1675460417822,etablissements_publics_nc,149,512,Plaine de Koé
legislatives_2024,1,988,98805,Dumbéa,DUMBEA,0020,859,605,254,592,12,1,7,HOR,POADJA,Gérard,MASCULIN,Gérard POADJA,,55,,,,Mairie du Nord 2,MAIRIE NORD,0.98,Mairie du Nord de Dumbéa,777 ROUTE TERRITORIALE N°1,ADMINISTRATION ET ORGANISME,Administrations des collectivités,Administration de la commune de Dumbéa,166.457501065839,-22.1675460417822,etablissements_publics_nc,149,512,Plaine de Koé
legislatives_2024,1,988,98805,Dumbéa,DUMBEA,0021,839,453,386,443,8,2,1,DVG,TUKUMULI,Milakulo,MASCULIN,Milakulo TUKUMULI,,129,,,,Mairie du Nord 3,MAIRIE NORD,0.98,Mairie du Nord de Dumbéa,777 ROUTE TERRITORIALE N°1,ADMINISTRATION ET ORGANISME,Administrations des collectivités,Administration de la commune de Dumbéa,166.457501065839,-22.1675460417822,etablissements_publics_nc,149,512,Plaine de Koé
legislatives_2024,1,988,98805,Dumbéa,DUMBEA,0021,839,453,386,443,8,2,2,REG,TJIBAOU,Emmanuel,MASCULIN,Emmanuel TJIBAOU,,30,,,,Mairie du Nord 3,MAIRIE NORD,0.98,Mairie du Nord de Dumbéa,777 ROUTE TERRITORIALE N°1,ADMINISTRATION ET ORGANISME,Administrations des collectivités,Administration de la commune de Dumbéa,166.457501065839,-22.1675460417822,etablissements_publics_nc,149,512,Plaine de Koé
legislatives_2024,1,988,98805,Dumbéa,DUMBEA,0021,839,453,386,443,8,2,3,REG,FRERE,Ronald,MASCULIN,Ronald FRERE,,11,,,,Mairie du Nord 3,MAIRIE NORD,0.98,Mairie du Nord de Dumbéa,777 ROUTE TERRITORIALE N°1,ADMINISTRATION ET ORGANISME,Administrations des collectivités,Administration de la commune de Dumbéa,166.457501065839,-22.1675460417822,etablissements_publics_nc,149,512,Plaine de Koé
legislatives_2024,1,988,98805,Dumbéa,DUMBEA,0021,839,453,386,443,8,2,4,REG,VOUDJO,Luther,MASCULIN,Luther VOUDJO,,8,,,,Mairie du Nord 3,MAIRIE NORD,0.98,Mairie du Nord de Dumbéa,777 ROUTE TERRITORIALE N°1,ADMINISTRATION ET ORGANISME,Administrations des collectivités,Administration de la commune de Dumbéa,166.457501065839,-22.1675460417822,etablissements_publics_nc,149,512,Plaine de Koé
legislatives_2024,1,988,98805,Dumbéa,DUMBEA,0021,839,453,386,443,8,2,6,DVD,PONGA,Alcide,MASCULIN,Alcide PONGA,,228,,,,Mairie du Nord 3,MAIRIE NORD,0.98,Mairie du Nord de Dumbéa,777 ROUTE TERRITORIALE N°1,ADMINISTRATION ET ORGANISME,Administrations des collectivités,Administration de la commune de Dumbéa,166.457501065839,-22.1675460417822,etablissements_publics_nc,149,512,Plaine de Koé
legislatives_2024,1,988,98805,Dumbéa,DUMBEA,0021,839,453,386,443,8,2,7,HOR,POADJA,Gérard,MASCULIN,Gérard POADJA,,37,,,,Mairie du Nord 3,MAIRIE NORD,0.98,Mairie du Nord de Dumbéa,777 ROUTE TERRITORIALE N°1,ADMINISTRATION ET ORGANISME,Administrations des collectivités,Administration de la commune de Dumbéa,166.457501065839,-22.1675460417822,etablissements_publics_nc,149,512,Plaine de Koé
legislatives_2024,1,988,98805,Dumbéa,DUMBEA,0022,982,650,332,624,19,7,1,DVG,TUKUMULI,Milakulo,MASCULIN,Milakulo TUKUMULI,,90,,,,Ecole primaire Paul Duboisé 1,ECOLE PRIMAIRE PAUL DUBOISE,0.892,Ecole élémentaire Paul Duboise,42 RUE DE L'ENTREE,ENSEIGNEMENT ET FORMATION,Enseignement du premier degré,Ecole élémentaire,166.434846490836,-22.1399347171588,etablissements_publics_nc,152,515,Katiramona Sud
legislatives_2024,1,988,98805,Dumbéa,DUMBEA,0022,982,650,332,624,19,7,2,REG,TJIBAOU,Emmanuel,MASCULIN,Emmanuel TJIBAOU,,99,,,,Ecole primaire Paul Duboisé 1,ECOLE PRIMAIRE PAUL DUBOISE,0.892,Ecole élémentaire Paul Duboise,42 RUE DE L'ENTREE,ENSEIGNEMENT ET FORMATION,Enseignement du premier degré,Ecole élémentaire,166.434846490836,-22.1399347171588,etablissements_publics_nc,152,515,Katiramona Sud
legislatives_2024,1,988,98805,Dumbéa,DUMBEA,0022,982,650,332,624,19,7,3,REG,FRERE,Ronald,MASCULIN,Ronald FRERE,,6,,,,Ecole primaire Paul Duboisé 1,ECOLE PRIMAIRE PAUL DUBOISE,0.892,Ecole élémentaire Paul Duboise,42 RUE DE L'ENTREE,ENSEIGNEMENT ET FORMATION,Enseignement du premier degré,Ecole élémentaire,166.434846490836,-22.1399347171588,etablissements_publics_nc,152,515,Katiramona Sud
legislatives_2024,1,988,98805,Dumbéa,DUMBEA,0022,982,650,332,624,19,7,4,REG,VOUDJO,Luther,MASCULIN,Luther VOUDJO,,7,,,,Ecole primaire Paul Duboisé 1,ECOLE PRIMAIRE PAUL DUBOISE,0.892,Ecole élémentaire Paul Duboise,42 RUE DE L'ENTREE,ENSEIGNEMENT ET FORMATION,Enseignement du premier degré,Ecole élémentaire,166.434846490836,-22.1399347171588,etablissements_publics_nc,152,515,Katiramona Sud
legislatives_2024,1,988,98805,Dumbéa,DUMBEA,0022,982,650,332,624,19,7,6,DVD,PONGA,Alcide,MASCULIN,Alcide PONGA,,371,,,,Ecole primaire Paul Duboisé 1,ECOLE PRIMAIRE PAUL DUBOISE,0.892,Ecole élémentaire Paul Duboise,42 RUE DE L'ENTREE,ENSEIGNEMENT ET FORMATION,Enseignement du premier degré,Ecole élémentaire,166.434846490836,-22.1399347171588,etablissements_publics_nc,152,515,Katiramona Sud
legislatives_2024,1,988,98805,Dumbéa,DUMBEA,0022,982,650,332,624,19,7,7,HOR,POADJA,Gérard,MASCULIN,Gérard POADJA,,51,,,,Ecole primaire Paul Duboisé 1,ECOLE PRIMAIRE PAUL DUBOISE,0.892,Ecole élémentaire Paul Duboise,42 RUE DE L'ENTREE,ENSEIGNEMENT ET FORMATION,Enseignement du premier degré,Ecole élémentaire,166.434846490836,-22.1399347171588,etablissements_publics_nc,152,515,Katiramona Sud
legislatives_2024,1,988,98805,Dumbéa,DUMBEA,0023,893,527,366,499,16,12,1,DVG,TUKUMULI,Milakulo,MASCULIN,Milakulo TUKUMULI,,115,,,,Ecole primaire Paul Duboisé 2,ECOLE PRIMAIRE PAUL DUBOISE,0.892,Ecole élémentaire Paul Duboise,42 RUE DE L'ENTREE,ENSEIGNEMENT ET FORMATION,Enseignement du premier degré,Ecole élémentaire,166.434846490836,-22.1399347171588,etablissements_publics_nc,152,515,Katiramona Sud
legislatives_2024,1,988,98805,Dumbéa,DUMBEA,0023,893,527,366,499,16,12,2,REG,TJIBAOU,Emmanuel,MASCULIN,Emmanuel TJIBAOU,,128,,,,Ecole primaire Paul Duboisé 2,ECOLE PRIMAIRE PAUL DUBOISE,0.892,Ecole élémentaire Paul Duboise,42 RUE DE L'ENTREE,ENSEIGNEMENT ET FORMATION,Enseignement du premier degré,Ecole élémentaire,166.434846490836,-22.1399347171588,etablissements_publics_nc,152,515,Katiramona Sud
legislatives_2024,1,988,98805,Dumbéa,DUMBEA,0023,893,527,366,499,16,12,3,REG,FRERE,Ronald,MASCULIN,Ronald FRERE,,3,,,,Ecole primaire Paul Duboisé 2,ECOLE PRIMAIRE PAUL DUBOISE,0.892,Ecole élémentaire Paul Duboise,42 RUE DE L'ENTREE,ENSEIGNEMENT ET FORMATION,Enseignement du premier degré,Ecole élémentaire,166.434846490836,-22.1399347171588,etablissements_publics_nc,152,515,Katiramona Sud
legislatives_2024,1,988,98805,Dumbéa,DUMBEA,0023,893,527,366,499,16,12,4,REG,VOUDJO,Luther,MASCULIN,Luther VOUDJO,,10,,,,Ecole primaire Paul Duboisé 2,ECOLE PRIMAIRE PAUL DUBOISE,0.892,Ecole élémentaire Paul Duboise,42 RUE DE L'ENTREE,ENSEIGNEMENT ET FORMATION,Enseignement du premier degré,Ecole élémentaire,166.434846490836,-22.1399347171588,etablissements_publics_nc,152,515,Katiramona Sud
legislatives_2024,1,988,98805,Dumbéa,DUMBEA,0023,893,527,366,499,16,12,6,DVD,PONGA,Alcide,MASCULIN,Alcide PONGA,,214,,,,Ecole primaire Paul Duboisé 2,ECOLE PRIMAIRE PAUL DUBOISE,0.892,Ecole élémentaire Paul Duboise,42 RUE DE L'ENTREE,ENSEIGNEMENT ET FORMATION,Enseignement du premier degré,Ecole élémentaire,166.434846490836,-22.1399347171588,etablissements_publics_nc,152,515,Katiramona Sud
legislatives_2024,1,988,98805,Dumbéa,DUMBEA,0023,893,527,366,499,16,12,7,HOR,POADJA,Gérard,MASCULIN,Gérard POADJA,,29,,,,Ecole primaire Paul Duboisé 2,ECOLE PRIMAIRE PAUL DUBOISE,0.892,Ecole élémentaire Paul Duboise,42 RUE DE L'ENTREE,ENSEIGNEMENT ET FORMATION,Enseignement du premier degré,Ecole élémentaire,166.434846490836,-22.1399347171588,etablissements_publics_nc,152,515,Katiramona Sud
legislatives_2024,1,988,98805,Dumbéa,DUMBEA,0024,919,581,338,563,13,5,1,DVG,TUKUMULI,Milakulo,MASCULIN,Milakulo TUKUMULI,,81,,,,Ecole maternelle les Colibris,ECOLE MATERNELLE COLIBRIS,0.741,Ecole maternelle Les Colibris,42 RUE DE L'ENTREE,ENSEIGNEMENT ET FORMATION,Enseignement du premier degré,Ecole pré-élémentaire,166.436047169124,-22.1394710088392,etablissements_publics_nc,152,515,Katiramona Sud
legislatives_2024,1,988,98805,Dumbéa,DUMBEA,0024,919,581,338,563,13,5,2,REG,TJIBAOU,Emmanuel,MASCULIN,Emmanuel TJIBAOU,,105,,,,Ecole maternelle les Colibris,ECOLE MATERNELLE COLIBRIS,0.741,Ecole maternelle Les Colibris,42 RUE DE L'ENTREE,ENSEIGNEMENT ET FORMATION,Enseignement du premier degré,Ecole pré-élémentaire,166.436047169124,-22.1394710088392,etablissements_publics_nc,152,515,Katiramona Sud
legislatives_2024,1,988,98805,Dumbéa,DUMBEA,0024,919,581,338,563,13,5,3,REG,FRERE,Ronald,MASCULIN,Ronald FRERE,,7,,,,Ecole maternelle les Colibris,ECOLE MATERNELLE COLIBRIS,0.741,Ecole maternelle Les Colibris,42 RUE DE L'ENTREE,ENSEIGNEMENT ET FORMATION,Enseignement du premier degré,Ecole pré-élémentaire,166.436047169124,-22.1394710088392,etablissements_publics_nc,152,515,Katiramona Sud
legislatives_2024,1,988,98805,Dumbéa,DUMBEA,0024,919,581,338,563,13,5,4,REG,VOUDJO,Luther,MASCULIN,Luther VOUDJO,,4,,,,Ecole maternelle les Colibris,ECOLE MATERNELLE COLIBRIS,0.741,Ecole maternelle Les Colibris,42 RUE DE L'ENTREE,ENSEIGNEMENT ET FORMATION,Enseignement du premier degré,Ecole pré-élémentaire,166.436047169124,-22.1394710088392,etablissements_publics_nc,152,515,Katiramona Sud
legislatives_2024,1,988,98805,Dumbéa,DUMBEA,0024,919,581,338,563,13,5,6,DVD,PONGA,Alcide,MASCULIN,Alcide PONGA,,320,,,,Ecole maternelle les Colibris,ECOLE MATERNELLE COLIBRIS,0.741,Ecole maternelle Les Colibris,42 RUE DE L'ENTREE,ENSEIGNEMENT ET FORMATION,Enseignement du premier degré,Ecole pré-élémentaire,166.436047169124,-22.1394710088392,etablissements_publics_nc,152,515,Katiramona Sud
legislatives_2024,1,988,98805,Dumbéa,DUMBEA,0024,919,581,338,563,13,5,7,HOR,POADJA,Gérard,MASCULIN,Gérard POADJA,,46,,,,Ecole maternelle les Colibris,ECOLE MATERNELLE COLIBRIS,0.741,Ecole maternelle Les Colibris,42 RUE DE L'ENTREE,ENSEIGNEMENT ET FORMATION,Enseignement du premier degré,Ecole pré-élémentaire,166.436047169124,-22.1394710088392,etablissements_publics_nc,152,515,Katiramona Sud
legislatives_2024,1,988,98805,Dumbéa,DUMBEA,0025,437,225,212,219,3,3,1,DVG,TUKUMULI,Milakulo,MASCULIN,Milakulo TUKUMULI,,55,,,,,,,Ecole maternelle Les Colibris,42 RUE DE L'ENTREE,ENSEIGNEMENT ET FORMATION,Enseignement du premier degré,Ecole pré-élémentaire,166.436047169124,-22.1394710088392,arrete_manual_etablissements,152,515,Katiramona Sud
legislatives_2024,1,988,98805,Dumbéa,DUMBEA,0025,437,225,212,219,3,3,2,REG,TJIBAOU,Emmanuel,MASCULIN,Emmanuel TJIBAOU,,86,,,,,,,Ecole maternelle Les Colibris,42 RUE DE L'ENTREE,ENSEIGNEMENT ET FORMATION,Enseignement du premier degré,Ecole pré-élémentaire,166.436047169124,-22.1394710088392,arrete_manual_etablissements,152,515,Katiramona Sud
legislatives_2024,1,988,98805,Dumbéa,DUMBEA,0025,437,225,212,219,3,3,3,REG,FRERE,Ronald,MASCULIN,Ronald FRERE,,3,,,,,,,Ecole maternelle Les Colibris,42 RUE DE L'ENTREE,ENSEIGNEMENT ET FORMATION,Enseignement du premier degré,Ecole pré-élémentaire,166.436047169124,-22.1394710088392,arrete_manual_etablissements,152,515,Katiramona Sud
legislatives_2024,1,988,98805,Dumbéa,DUMBEA,0025,437,225,212,219,3,3,4,REG,VOUDJO,Luther,MASCULIN,Luther VOUDJO,,2,,,,,,,Ecole maternelle Les Colibris,42 RUE DE L'ENTREE,ENSEIGNEMENT ET FORMATION,Enseignement du premier degré,Ecole pré-élémentaire,166.436047169124,-22.1394710088392,arrete_manual_etablissements,152,515,Katiramona Sud
legislatives_2024,1,988,98805,Dumbéa,DUMBEA,0025,437,225,212,219,3,3,6,DVD,PONGA,Alcide,MASCULIN,Alcide PONGA,,61,,,,,,,Ecole maternelle Les Colibris,42 RUE DE L'ENTREE,ENSEIGNEMENT ET FORMATION,Enseignement du premier degré,Ecole pré-élémentaire,166.436047169124,-22.1394710088392,arrete_manual_etablissements,152,515,Katiramona Sud
legislatives_2024,1,988,98805,Dumbéa,DUMBEA,0025,437,225,212,219,3,3,7,HOR,POADJA,Gérard,MASCULIN,Gérard POADJA,,12,,,,,,,Ecole maternelle Les Colibris,42 RUE DE L'ENTREE,ENSEIGNEMENT ET FORMATION,Enseignement du premier degré,Ecole pré-élémentaire,166.436047169124,-22.1394710088392,arrete_manual_etablissements,152,515,Katiramona Sud
legislatives_2024,1,988,98805,Dumbéa,DUMBEA,0026,951,642,309,636,6,0,1,DVG,TUKUMULI,Milakulo,MASCULIN,Milakulo TUKUMULI,,33,,,,,,,Groupe Scolaire Frédéric-Louis Dorbritz,39 RUE DE BRETAGNE,ENSEIGNEMENT ET FORMATION,Enseignement du premier degré,Groupe scolaire,166.437530865088,-22.1944939226253,arrete_manual_etablissements,147,510,Dumbéa/mer Ouest
legislatives_2024,1,988,98805,Dumbéa,DUMBEA,0026,951,642,309,636,6,0,2,REG,TJIBAOU,Emmanuel,MASCULIN,Emmanuel TJIBAOU,,31,,,,,,,Groupe Scolaire Frédéric-Louis Dorbritz,39 RUE DE BRETAGNE,ENSEIGNEMENT ET FORMATION,Enseignement du premier degré,Groupe scolaire,166.437530865088,-22.1944939226253,arrete_manual_etablissements,147,510,Dumbéa/mer Ouest
legislatives_2024,1,988,98805,Dumbéa,DUMBEA,0026,951,642,309,636,6,0,3,REG,FRERE,Ronald,MASCULIN,Ronald FRERE,,1,,,,,,,Groupe Scolaire Frédéric-Louis Dorbritz,39 RUE DE BRETAGNE,ENSEIGNEMENT ET FORMATION,Enseignement du premier degré,Groupe scolaire,166.437530865088,-22.1944939226253,arrete_manual_etablissements,147,510,Dumbéa/mer Ouest
legislatives_2024,1,988,98805,Dumbéa,DUMBEA,0026,951,642,309,636,6,0,4,REG,VOUDJO,Luther,MASCULIN,Luther VOUDJO,,1,,,,,,,Groupe Scolaire Frédéric-Louis Dorbritz,39 RUE DE BRETAGNE,ENSEIGNEMENT ET FORMATION,Enseignement du premier degré,Groupe scolaire,166.437530865088,-22.1944939226253,arrete_manual_etablissements,147,510,Dumbéa/mer Ouest
legislatives_2024,1,988,98805,Dumbéa,DUMBEA,0026,951,642,309,636,6,0,6,DVD,PONGA,Alcide,MASCULIN,Alcide PONGA,,530,,,,,,,Groupe Scolaire Frédéric-Louis Dorbritz,39 RUE DE BRETAGNE,ENSEIGNEMENT ET FORMATION,Enseignement du premier degré,Groupe scolaire,166.437530865088,-22.1944939226253,arrete_manual_etablissements,147,510,Dumbéa/mer Ouest
legislatives_2024,1,988,98805,Dumbéa,DUMBEA,0026,951,642,309,636,6,0,7,HOR,POADJA,Gérard,MASCULIN,Gérard POADJA,,40,,,,,,,Groupe Scolaire Frédéric-Louis Dorbritz,39 RUE DE BRETAGNE,ENSEIGNEMENT ET FORMATION,Enseignement du premier degré,Groupe scolaire,166.437530865088,-22.1944939226253,arrete_manual_etablissements,147,510,Dumbéa/mer Ouest
legislatives_2024,1,988,98806,Farino,FARINO,0001,681,498,183,481,10,7,1,DVG,TUKUMULI,Milakulo,MASCULIN,Milakulo TUKUMULI,,27,,,,Mairie,MAIRIE,0.7,FARINO,Farino,LIEU_DIT_NC,VILLE,Farinö,165.77595416144513,-21.666848976720875,tribus_villages_nc,154,601,Farino
legislatives_2024,1,988,98806,Farino,FARINO,0001,681,498,183,481,10,7,2,REG,TJIBAOU,Emmanuel,MASCULIN,Emmanuel TJIBAOU,,54,,,,Mairie,MAIRIE,0.7,FARINO,Farino,LIEU_DIT_NC,VILLE,Farinö,165.77595416144513,-21.666848976720875,tribus_villages_nc,154,601,Farino
legislatives_2024,1,988,98806,Farino,FARINO,0001,681,498,183,481,10,7,3,REG,FRERE,Ronald,MASCULIN,Ronald FRERE,,10,,,,Mairie,MAIRIE,0.7,FARINO,Farino,LIEU_DIT_NC,VILLE,Farinö,165.77595416144513,-21.666848976720875,tribus_villages_nc,154,601,Farino
legislatives_2024,1,988,98806,Farino,FARINO,0001,681,498,183,481,10,7,4,REG,VOUDJO,Luther,MASCULIN,Luther VOUDJO,,2,,,,Mairie,MAIRIE,0.7,FARINO,Farino,LIEU_DIT_NC,VILLE,Farinö,165.77595416144513,-21.666848976720875,tribus_villages_nc,154,601,Farino
legislatives_2024,1,988,98806,Farino,FARINO,0001,681,498,183,481,10,7,6,DVD,PONGA,Alcide,MASCULIN,Alcide PONGA,,319,,,,Mairie,MAIRIE,0.7,FARINO,Farino,LIEU_DIT_NC,VILLE,Farinö,165.77595416144513,-21.666848976720875,tribus_villages_nc,154,601,Farino
legislatives_2024,1,988,98806,Farino,FARINO,0001,681,498,183,481,10,7,7,HOR,POADJA,Gérard,MASCULIN,Gérard POADJA,,69,,,,Mairie,MAIRIE,0.7,FARINO,Farino,LIEU_DIT_NC,VILLE,Farinö,165.77595416144513,-21.666848976720875,tribus_villages_nc,154,601,Farino
legislatives_2024,1,988,98807,Hienghène,HIENGHENE,0001,593,422,171,420,0,2,1,DVG,TUKUMULI,Milakulo,MASCULIN,Milakulo TUKUMULI,,13,,,,Mairie,MAIRIE,0.7,HIENGHENE,Hienghène,LIEU_DIT_NC,VILLE,,164.94565765433836,-20.688834938182335,tribus_villages_nc,155,701,Hienghéne littoral
legislatives_2024,1,988,98807,Hienghène,HIENGHENE,0001,593,422,171,420,0,2,2,REG,TJIBAOU,Emmanuel,MASCULIN,Emmanuel TJIBAOU,,400,,,,Mairie,MAIRIE,0.7,HIENGHENE,Hienghène,LIEU_DIT_NC,VILLE,,164.94565765433836,-20.688834938182335,tribus_villages_nc,155,701,Hienghéne littoral
legislatives_2024,1,988,98807,Hienghène,HIENGHENE,0001,593,422,171,420,0,2,3,REG,FRERE,Ronald,MASCULIN,Ronald FRERE,,0,,,,Mairie,MAIRIE,0.7,HIENGHENE,Hienghène,LIEU_DIT_NC,VILLE,,164.94565765433836,-20.688834938182335,tribus_villages_nc,155,701,Hienghéne littoral
legislatives_2024,1,988,98807,Hienghène,HIENGHENE,0001,593,422,171,420,0,2,4,REG,VOUDJO,Luther,MASCULIN,Luther VOUDJO,,2,,,,Mairie,MAIRIE,0.7,HIENGHENE,Hienghène,LIEU_DIT_NC,VILLE,,164.94565765433836,-20.688834938182335,tribus_villages_nc,155,701,Hienghéne littoral
legislatives_2024,1,988,98807,Hienghène,HIENGHENE,0001,593,422,171,420,0,2,6,DVD,PONGA,Alcide,MASCULIN,Alcide PONGA,,4,,,,Mairie,MAIRIE,0.7,HIENGHENE,Hienghène,LIEU_DIT_NC,VILLE,,164.94565765433836,-20.688834938182335,tribus_villages_nc,155,701,Hienghéne littoral
legislatives_2024,1,988,98807,Hienghène,HIENGHENE,0001,593,422,171,420,0,2,7,HOR,POADJA,Gérard,MASCULIN,Gérard POADJA,,1,,,,Mairie,MAIRIE,0.7,HIENGHENE,Hienghène,LIEU_DIT_NC,VILLE,,164.94565765433836,-20.688834938182335,tribus_villages_nc,155,701,Hienghéne littoral
legislatives_2024,1,988,98807,Hienghène,HIENGHENE,0002,225,167,58,165,0,2,1,DVG,TUKUMULI,Milakulo,MASCULIN,Milakulo TUKUMULI,,3,,,,Tendo,TENDO,1,Tendo,Hienghène,LIEU_DIT_NC,TRIBU,Tnèdo,164.8162801367713,-20.71273259336387,tribus_villages_nc,156,704,Tiendanite Ouayaguette
legislatives_2024,1,988,98807,Hienghène,HIENGHENE,0002,225,167,58,165,0,2,2,REG,TJIBAOU,Emmanuel,MASCULIN,Emmanuel TJIBAOU,,158,,,,Tendo,TENDO,1,Tendo,Hienghène,LIEU_DIT_NC,TRIBU,Tnèdo,164.8162801367713,-20.71273259336387,tribus_villages_nc,156,704,Tiendanite Ouayaguette
legislatives_2024,1,988,98807,Hienghène,HIENGHENE,0002,225,167,58,165,0,2,3,REG,FRERE,Ronald,MASCULIN,Ronald FRERE,,0,,,,Tendo,TENDO,1,Tendo,Hienghène,LIEU_DIT_NC,TRIBU,Tnèdo,164.8162801367713,-20.71273259336387,tribus_villages_nc,156,704,Tiendanite Ouayaguette
legislatives_2024,1,988,98807,Hienghène,HIENGHENE,0002,225,167,58,165,0,2,4,REG,VOUDJO,Luther,MASCULIN,Luther VOUDJO,,1,,,,Tendo,TENDO,1,Tendo,Hienghène,LIEU_DIT_NC,TRIBU,Tnèdo,164.8162801367713,-20.71273259336387,tribus_villages_nc,156,704,Tiendanite Ouayaguette
legislatives_2024,1,988,98807,Hienghène,HIENGHENE,0002,225,167,58,165,0,2,6,DVD,PONGA,Alcide,MASCULIN,Alcide PONGA,,2,,,,Tendo,TENDO,1,Tendo,Hienghène,LIEU_DIT_NC,TRIBU,Tnèdo,164.8162801367713,-20.71273259336387,tribus_villages_nc,156,704,Tiendanite Ouayaguette
legislatives_2024,1,988,98807,Hienghène,HIENGHENE,0002,225,167,58,165,0,2,7,HOR,POADJA,Gérard,MASCULIN,Gérard POADJA,,1,,,,Tendo,TENDO,1,Tendo,Hienghène,LIEU_DIT_NC,TRIBU,Tnèdo,164.8162801367713,-20.71273259336387,tribus_villages_nc,156,704,Tiendanite Ouayaguette
legislatives_2024,1,988,98807,Hienghène,HIENGHENE,0003,114,86,28,86,0,0,1,DVG,TUKUMULI,Milakulo,MASCULIN,Milakulo TUKUMULI,,0,,,,Bas-Coulna,BAS COULNA,1,Bas-Coulna,Hienghène,LIEU_DIT_NC,TRIBU,Wan Déuc,164.78261362354763,-20.687835024386533,tribus_villages_nc,156,704,Tiendanite Ouayaguette
legislatives_2024,1,988,98807,Hienghène,HIENGHENE,0003,114,86,28,86,0,0,2,REG,TJIBAOU,Emmanuel,MASCULIN,Emmanuel TJIBAOU,,85,,,,Bas-Coulna,BAS COULNA,1,Bas-Coulna,Hienghène,LIEU_DIT_NC,TRIBU,Wan Déuc,164.78261362354763,-20.687835024386533,tribus_villages_nc,156,704,Tiendanite Ouayaguette
legislatives_2024,1,988,98807,Hienghène,HIENGHENE,0003,114,86,28,86,0,0,3,REG,FRERE,Ronald,MASCULIN,Ronald FRERE,,0,,,,Bas-Coulna,BAS COULNA,1,Bas-Coulna,Hienghène,LIEU_DIT_NC,TRIBU,Wan Déuc,164.78261362354763,-20.687835024386533,tribus_villages_nc,156,704,Tiendanite Ouayaguette
legislatives_2024,1,988,98807,Hienghène,HIENGHENE,0003,114,86,28,86,0,0,4,REG,VOUDJO,Luther,MASCULIN,Luther VOUDJO,,0,,,,Bas-Coulna,BAS COULNA,1,Bas-Coulna,Hienghène,LIEU_DIT_NC,TRIBU,Wan Déuc,164.78261362354763,-20.687835024386533,tribus_villages_nc,156,704,Tiendanite Ouayaguette
legislatives_2024,1,988,98807,Hienghène,HIENGHENE,0003,114,86,28,86,0,0,6,DVD,PONGA,Alcide,MASCULIN,Alcide PONGA,,0,,,,Bas-Coulna,BAS COULNA,1,Bas-Coulna,Hienghène,LIEU_DIT_NC,TRIBU,Wan Déuc,164.78261362354763,-20.687835024386533,tribus_villages_nc,156,704,Tiendanite Ouayaguette
legislatives_2024,1,988,98807,Hienghène,HIENGHENE,0003,114,86,28,86,0,0,7,HOR,POADJA,Gérard,MASCULIN,Gérard POADJA,,1,,,,Bas-Coulna,BAS COULNA,1,Bas-Coulna,Hienghène,LIEU_DIT_NC,TRIBU,Wan Déuc,164.78261362354763,-20.687835024386533,tribus_villages_nc,156,704,Tiendanite Ouayaguette
legislatives_2024,1,988,98807,Hienghène,HIENGHENE,0004,100,76,24,76,0,0,1,DVG,TUKUMULI,Milakulo,MASCULIN,Milakulo TUKUMULI,,2,,,,Haut-Coulna,HAUT COULNA,1,Haut-Coulna,Hienghène,LIEU_DIT_NC,TRIBU,Paana,164.7358564404401,-20.63480876362534,tribus_villages_nc,156,704,Tiendanite Ouayaguette
legislatives_2024,1,988,98807,Hienghène,HIENGHENE,0004,100,76,24,76,0,0,2,REG,TJIBAOU,Emmanuel,MASCULIN,Emmanuel TJIBAOU,,68,,,,Haut-Coulna,HAUT COULNA,1,Haut-Coulna,Hienghène,LIEU_DIT_NC,TRIBU,Paana,164.7358564404401,-20.63480876362534,tribus_villages_nc,156,704,Tiendanite Ouayaguette
legislatives_2024,1,988,98807,Hienghène,HIENGHENE,0004,100,76,24,76,0,0,3,REG,FRERE,Ronald,MASCULIN,Ronald FRERE,,3,,,,Haut-Coulna,HAUT COULNA,1,Haut-Coulna,Hienghène,LIEU_DIT_NC,TRIBU,Paana,164.7358564404401,-20.63480876362534,tribus_villages_nc,156,704,Tiendanite Ouayaguette
legislatives_2024,1,988,98807,Hienghène,HIENGHENE,0004,100,76,24,76,0,0,4,REG,VOUDJO,Luther,MASCULIN,Luther VOUDJO,,2,,,,Haut-Coulna,HAUT COULNA,1,Haut-Coulna,Hienghène,LIEU_DIT_NC,TRIBU,Paana,164.7358564404401,-20.63480876362534,tribus_villages_nc,156,704,Tiendanite Ouayaguette
legislatives_2024,1,988,98807,Hienghène,HIENGHENE,0004,100,76,24,76,0,0,6,DVD,PONGA,Alcide,MASCULIN,Alcide PONGA,,0,,,,Haut-Coulna,HAUT COULNA,1,Haut-Coulna,Hienghène,LIEU_DIT_NC,TRIBU,Paana,164.7358564404401,-20.63480876362534,tribus_villages_nc,156,704,Tiendanite Ouayaguette
legislatives_2024,1,988,98807,Hienghène,HIENGHENE,0004,100,76,24,76,0,0,7,HOR,POADJA,Gérard,MASCULIN,Gérard POADJA,,1,,,,Haut-Coulna,HAUT COULNA,1,Haut-Coulna,Hienghène,LIEU_DIT_NC,TRIBU,Paana,164.7358564404401,-20.63480876362534,tribus_villages_nc,156,704,Tiendanite Ouayaguette
legislatives_2024,1,988,98807,Hienghène,HIENGHENE,0005,190,135,55,134,0,1,1,DVG,TUKUMULI,Milakulo,MASCULIN,Milakulo TUKUMULI,,0,,,,Ouayaguette,OUAYAGUETTE,1,Ouayaguette,Hienghène,LIEU_DIT_NC,TRIBU,Wébia,164.6835205195477,-20.659220188803257,tribus_villages_nc,156,704,Tiendanite Ouayaguette
legislatives_2024,1,988,98807,Hienghène,HIENGHENE,0005,190,135,55,134,0,1,2,REG,TJIBAOU,Emmanuel,MASCULIN,Emmanuel TJIBAOU,,131,,,,Ouayaguette,OUAYAGUETTE,1,Ouayaguette,Hienghène,LIEU_DIT_NC,TRIBU,Wébia,164.6835205195477,-20.659220188803257,tribus_villages_nc,156,704,Tiendanite Ouayaguette
legislatives_2024,1,988,98807,Hienghène,HIENGHENE,0005,190,135,55,134,0,1,3,REG,FRERE,Ronald,MASCULIN,Ronald FRERE,,0,,,,Ouayaguette,OUAYAGUETTE,1,Ouayaguette,Hienghène,LIEU_DIT_NC,TRIBU,Wébia,164.6835205195477,-20.659220188803257,tribus_villages_nc,156,704,Tiendanite Ouayaguette
legislatives_2024,1,988,98807,Hienghène,HIENGHENE,0005,190,135,55,134,0,1,4,REG,VOUDJO,Luther,MASCULIN,Luther VOUDJO,,0,,,,Ouayaguette,OUAYAGUETTE,1,Ouayaguette,Hienghène,LIEU_DIT_NC,TRIBU,Wébia,164.6835205195477,-20.659220188803257,tribus_villages_nc,156,704,Tiendanite Ouayaguette
legislatives_2024,1,988,98807,Hienghène,HIENGHENE,0005,190,135,55,134,0,1,6,DVD,PONGA,Alcide,MASCULIN,Alcide PONGA,,2,,,,Ouayaguette,OUAYAGUETTE,1,Ouayaguette,Hienghène,LIEU_DIT_NC,TRIBU,Wébia,164.6835205195477,-20.659220188803257,tribus_villages_nc,156,704,Tiendanite Ouayaguette
legislatives_2024,1,988,98807,Hienghène,HIENGHENE,0005,190,135,55,134,0,1,7,HOR,POADJA,Gérard,MASCULIN,Gérard POADJA,,1,,,,Ouayaguette,OUAYAGUETTE,1,Ouayaguette,Hienghène,LIEU_DIT_NC,TRIBU,Wébia,164.6835205195477,-20.659220188803257,tribus_villages_nc,156,704,Tiendanite Ouayaguette
legislatives_2024,1,988,98807,Hienghène,HIENGHENE,0006,211,148,63,147,1,0,1,DVG,TUKUMULI,Milakulo,MASCULIN,Milakulo TUKUMULI,,0,,,,Ouaième,OUAIEME,1,Ouaïème,Hienghène,LIEU_DIT_NC,TRIBU,Wâyém,164.84911233352278,-20.61488125992091,tribus_villages_nc,155,701,Hienghéne littoral
legislatives_2024,1,988,98807,Hienghène,HIENGHENE,0006,211,148,63,147,1,0,2,REG,TJIBAOU,Emmanuel,MASCULIN,Emmanuel TJIBAOU,,146,,,,Ouaième,OUAIEME,1,Ouaïème,Hienghène,LIEU_DIT_NC,TRIBU,Wâyém,164.84911233352278,-20.61488125992091,tribus_villages_nc,155,701,Hienghéne littoral
legislatives_2024,1,988,98807,Hienghène,HIENGHENE,0006,211,148,63,147,1,0,3,REG,FRERE,Ronald,MASCULIN,Ronald FRERE,,0,,,,Ouaième,OUAIEME,1,Ouaïème,Hienghène,LIEU_DIT_NC,TRIBU,Wâyém,164.84911233352278,-20.61488125992091,tribus_villages_nc,155,701,Hienghéne littoral
legislatives_2024,1,988,98807,Hienghène,HIENGHENE,0006,211,148,63,147,1,0,4,REG,VOUDJO,Luther,MASCULIN,Luther VOUDJO,,1,,,,Ouaième,OUAIEME,1,Ouaïème,Hienghène,LIEU_DIT_NC,TRIBU,Wâyém,164.84911233352278,-20.61488125992091,tribus_villages_nc,155,701,Hienghéne littoral
legislatives_2024,1,988,98807,Hienghène,HIENGHENE,0006,211,148,63,147,1,0,6,DVD,PONGA,Alcide,MASCULIN,Alcide PONGA,,0,,,,Ouaième,OUAIEME,1,Ouaïème,Hienghène,LIEU_DIT_NC,TRIBU,Wâyém,164.84911233352278,-20.61488125992091,tribus_villages_nc,155,701,Hienghéne littoral
legislatives_2024,1,988,98807,Hienghène,HIENGHENE,0006,211,148,63,147,1,0,7,HOR,POADJA,Gérard,MASCULIN,Gérard POADJA,,0,,,,Ouaième,OUAIEME,1,Ouaïème,Hienghène,LIEU_DIT_NC,TRIBU,Wâyém,164.84911233352278,-20.61488125992091,tribus_villages_nc,155,701,Hienghéne littoral
legislatives_2024,1,988,98807,Hienghène,HIENGHENE,0007,70,41,29,41,0,0,1,DVG,TUKUMULI,Milakulo,MASCULIN,Milakulo TUKUMULI,,0,,,,Oué-Hawa,OUE HAWA,0.875,Oué-Hava,Hienghène,LIEU_DIT_NC,TRIBU,Wé Hava,165.03458545186362,-20.765966185987494,tribus_villages_nc,156,704,Tiendanite Ouayaguette
legislatives_2024,1,988,98807,Hienghène,HIENGHENE,0007,70,41,29,41,0,0,2,REG,TJIBAOU,Emmanuel,MASCULIN,Emmanuel TJIBAOU,,41,,,,Oué-Hawa,OUE HAWA,0.875,Oué-Hava,Hienghène,LIEU_DIT_NC,TRIBU,Wé Hava,165.03458545186362,-20.765966185987494,tribus_villages_nc,156,704,Tiendanite Ouayaguette
legislatives_2024,1,988,98807,Hienghène,HIENGHENE,0007,70,41,29,41,0,0,3,REG,FRERE,Ronald,MASCULIN,Ronald FRERE,,0,,,,Oué-Hawa,OUE HAWA,0.875,Oué-Hava,Hienghène,LIEU_DIT_NC,TRIBU,Wé Hava,165.03458545186362,-20.765966185987494,tribus_villages_nc,156,704,Tiendanite Ouayaguette
legislatives_2024,1,988,98807,Hienghène,HIENGHENE,0007,70,41,29,41,0,0,4,REG,VOUDJO,Luther,MASCULIN,Luther VOUDJO,,0,,,,Oué-Hawa,OUE HAWA,0.875,Oué-Hava,Hienghène,LIEU_DIT_NC,TRIBU,Wé Hava,165.03458545186362,-20.765966185987494,tribus_villages_nc,156,704,Tiendanite Ouayaguette
legislatives_2024,1,988,98807,Hienghène,HIENGHENE,0007,70,41,29,41,0,0,6,DVD,PONGA,Alcide,MASCULIN,Alcide PONGA,,0,,,,Oué-Hawa,OUE HAWA,0.875,Oué-Hava,Hienghène,LIEU_DIT_NC,TRIBU,Wé Hava,165.03458545186362,-20.765966185987494,tribus_villages_nc,156,704,Tiendanite Ouayaguette
legislatives_2024,1,988,98807,Hienghène,HIENGHENE,0007,70,41,29,41,0,0,7,HOR,POADJA,Gérard,MASCULIN,Gérard POADJA,,0,,,,Oué-Hawa,OUE HAWA,0.875,Oué-Hava,Hienghène,LIEU_DIT_NC,TRIBU,Wé Hava,165.03458545186362,-20.765966185987494,tribus_villages_nc,156,704,Tiendanite Ouayaguette
legislatives_2024,1,988,98807,Hienghène,HIENGHENE,0008,102,90,12,90,0,0,1,DVG,TUKUMULI,Milakulo,MASCULIN,Milakulo TUKUMULI,,0,,,,Tiendanite,TIENDANITE,1,Tiendanite,Hienghène,LIEU_DIT_NC,TRIBU,Tândanit,164.8988687236624,-20.75818441571426,tribus_villages_nc,156,704,Tiendanite Ouayaguette
legislatives_2024,1,988,98807,Hienghène,HIENGHENE,0008,102,90,12,90,0,0,2,REG,TJIBAOU,Emmanuel,MASCULIN,Emmanuel TJIBAOU,,87,,,,Tiendanite,TIENDANITE,1,Tiendanite,Hienghène,LIEU_DIT_NC,TRIBU,Tândanit,164.8988687236624,-20.75818441571426,tribus_villages_nc,156,704,Tiendanite Ouayaguette
legislatives_2024,1,988,98807,Hienghène,HIENGHENE,0008,102,90,12,90,0,0,3,REG,FRERE,Ronald,MASCULIN,Ronald FRERE,,3,,,,Tiendanite,TIENDANITE,1,Tiendanite,Hienghène,LIEU_DIT_NC,TRIBU,Tândanit,164.8988687236624,-20.75818441571426,tribus_villages_nc,156,704,Tiendanite Ouayaguette
legislatives_2024,1,988,98807,Hienghène,HIENGHENE,0008,102,90,12,90,0,0,4,REG,VOUDJO,Luther,MASCULIN,Luther VOUDJO,,0,,,,Tiendanite,TIENDANITE,1,Tiendanite,Hienghène,LIEU_DIT_NC,TRIBU,Tândanit,164.8988687236624,-20.75818441571426,tribus_villages_nc,156,704,Tiendanite Ouayaguette
legislatives_2024,1,988,98807,Hienghène,HIENGHENE,0008,102,90,12,90,0,0,6,DVD,PONGA,Alcide,MASCULIN,Alcide PONGA,,0,,,,Tiendanite,TIENDANITE,1,Tiendanite,Hienghène,LIEU_DIT_NC,TRIBU,Tândanit,164.8988687236624,-20.75818441571426,tribus_villages_nc,156,704,Tiendanite Ouayaguette
legislatives_2024,1,988,98807,Hienghène,HIENGHENE,0008,102,90,12,90,0,0,7,HOR,POADJA,Gérard,MASCULIN,Gérard POADJA,,0,,,,Tiendanite,TIENDANITE,1,Tiendanite,Hienghène,LIEU_DIT_NC,TRIBU,Tândanit,164.8988687236624,-20.75818441571426,tribus_villages_nc,156,704,Tiendanite Ouayaguette
legislatives_2024,1,988,98807,Hienghène,HIENGHENE,0009,589,444,145,440,2,2,1,DVG,TUKUMULI,Milakulo,MASCULIN,Milakulo TUKUMULI,,3,,,,Ouaré,OUARE,1,Ouaré,Hienghène,LIEU_DIT_NC,TRIBU,Waré,164.93523458965643,-20.673024668353836,tribus_villages_nc,155,701,Hienghéne littoral
legislatives_2024,1,988,98807,Hienghène,HIENGHENE,0009,589,444,145,440,2,2,2,REG,TJIBAOU,Emmanuel,MASCULIN,Emmanuel TJIBAOU,,436,,,,Ouaré,OUARE,1,Ouaré,Hienghène,LIEU_DIT_NC,TRIBU,Waré,164.93523458965643,-20.673024668353836,tribus_villages_nc,155,701,Hienghéne littoral
legislatives_2024,1,988,98807,Hienghène,HIENGHENE,0009,589,444,145,440,2,2,3,REG,FRERE,Ronald,MASCULIN,Ronald FRERE,,0,,,,Ouaré,OUARE,1,Ouaré,Hienghène,LIEU_DIT_NC,TRIBU,Waré,164.93523458965643,-20.673024668353836,tribus_villages_nc,155,701,Hienghéne littoral
legislatives_2024,1,988,98807,Hienghène,HIENGHENE,0009,589,444,145,440,2,2,4,REG,VOUDJO,Luther,MASCULIN,Luther VOUDJO,,0,,,,Ouaré,OUARE,1,Ouaré,Hienghène,LIEU_DIT_NC,TRIBU,Waré,164.93523458965643,-20.673024668353836,tribus_villages_nc,155,701,Hienghéne littoral
legislatives_2024,1,988,98807,Hienghène,HIENGHENE,0009,589,444,145,440,2,2,6,DVD,PONGA,Alcide,MASCULIN,Alcide PONGA,,1,,,,Ouaré,OUARE,1,Ouaré,Hienghène,LIEU_DIT_NC,TRIBU,Waré,164.93523458965643,-20.673024668353836,tribus_villages_nc,155,701,Hienghéne littoral
legislatives_2024,1,988,98807,Hienghène,HIENGHENE,0009,589,444,145,440,2,2,7,HOR,POADJA,Gérard,MASCULIN,Gérard POADJA,,0,,,,Ouaré,OUARE,1,Ouaré,Hienghène,LIEU_DIT_NC,TRIBU,Waré,164.93523458965643,-20.673024668353836,tribus_villages_nc,155,701,Hienghéne littoral
legislatives_2024,1,988,98807,Hienghène,HIENGHENE,0010,306,233,73,232,1,0,1,DVG,TUKUMULI,Milakulo,MASCULIN,Milakulo TUKUMULI,,4,,,,Léwarap,LEWARAP,1,Lewarap,Hienghène,LIEU_DIT_NC,TRIBU,Wérap,164.92837654735197,-20.722390044785012,tribus_villages_nc,155,701,Hienghéne littoral
legislatives_2024,1,988,98807,Hienghène,HIENGHENE,0010,306,233,73,232,1,0,2,REG,TJIBAOU,Emmanuel,MASCULIN,Emmanuel TJIBAOU,,219,,,,Léwarap,LEWARAP,1,Lewarap,Hienghène,LIEU_DIT_NC,TRIBU,Wérap,164.92837654735197,-20.722390044785012,tribus_villages_nc,155,701,Hienghéne littoral
legislatives_2024,1,988,98807,Hienghène,HIENGHENE,0010,306,233,73,232,1,0,3,REG,FRERE,Ronald,MASCULIN,Ronald FRERE,,0,,,,Léwarap,LEWARAP,1,Lewarap,Hienghène,LIEU_DIT_NC,TRIBU,Wérap,164.92837654735197,-20.722390044785012,tribus_villages_nc,155,701,Hienghéne littoral
legislatives_2024,1,988,98807,Hienghène,HIENGHENE,0010,306,233,73,232,1,0,4,REG,VOUDJO,Luther,MASCULIN,Luther VOUDJO,,9,,,,Léwarap,LEWARAP,1,Lewarap,Hienghène,LIEU_DIT_NC,TRIBU,Wérap,164.92837654735197,-20.722390044785012,tribus_villages_nc,155,701,Hienghéne littoral
legislatives_2024,1,988,98807,Hienghène,HIENGHENE,0010,306,233,73,232,1,0,6,DVD,PONGA,Alcide,MASCULIN,Alcide PONGA,,0,,,,Léwarap,LEWARAP,1,Lewarap,Hienghène,LIEU_DIT_NC,TRIBU,Wérap,164.92837654735197,-20.722390044785012,tribus_villages_nc,155,701,Hienghéne littoral
legislatives_2024,1,988,98807,Hienghène,HIENGHENE,0010,306,233,73,232,1,0,7,HOR,POADJA,Gérard,MASCULIN,Gérard POADJA,,0,,,,Léwarap,LEWARAP,1,Lewarap,Hienghène,LIEU_DIT_NC,TRIBU,Wérap,164.92837654735197,-20.722390044785012,tribus_villages_nc,155,701,Hienghéne littoral
legislatives_2024,1,988,98808,Houaïlou,HOUAILOU,0001,453,0,453,0,0,0,1,DVG,TUKUMULI,Milakulo,MASCULIN,Milakulo TUKUMULI,,0,,,,Mairie,MAIRIE,0.7,HOUAÏLOU,Houaïlou,LIEU_DIT_NC,VILLE,Waa wi Luu,165.6260919909217,-21.278284372962112,tribus_villages_nc,157,801,Houailou village
legislatives_2024,1,988,98808,Houaïlou,HOUAILOU,0001,453,0,453,0,0,0,2,REG,TJIBAOU,Emmanuel,MASCULIN,Emmanuel TJIBAOU,,0,,,,Mairie,MAIRIE,0.7,HOUAÏLOU,Houaïlou,LIEU_DIT_NC,VILLE,Waa wi Luu,165.6260919909217,-21.278284372962112,tribus_villages_nc,157,801,Houailou village
legislatives_2024,1,988,98808,Houaïlou,HOUAILOU,0001,453,0,453,0,0,0,3,REG,FRERE,Ronald,MASCULIN,Ronald FRERE,,0,,,,Mairie,MAIRIE,0.7,HOUAÏLOU,Houaïlou,LIEU_DIT_NC,VILLE,Waa wi Luu,165.6260919909217,-21.278284372962112,tribus_villages_nc,157,801,Houailou village
legislatives_2024,1,988,98808,Houaïlou,HOUAILOU,0001,453,0,453,0,0,0,4,REG,VOUDJO,Luther,MASCULIN,Luther VOUDJO,,0,,,,Mairie,MAIRIE,0.7,HOUAÏLOU,Houaïlou,LIEU_DIT_NC,VILLE,Waa wi Luu,165.6260919909217,-21.278284372962112,tribus_villages_nc,157,801,Houailou village
legislatives_2024,1,988,98808,Houaïlou,HOUAILOU,0001,453,0,453,0,0,0,6,DVD,PONGA,Alcide,MASCULIN,Alcide PONGA,,0,,,,Mairie,MAIRIE,0.7,HOUAÏLOU,Houaïlou,LIEU_DIT_NC,VILLE,Waa wi Luu,165.6260919909217,-21.278284372962112,tribus_villages_nc,157,801,Houailou village
legislatives_2024,1,988,98808,Houaïlou,HOUAILOU,0001,453,0,453,0,0,0,7,HOR,POADJA,Gérard,MASCULIN,Gérard POADJA,,0,,,,Mairie,MAIRIE,0.7,HOUAÏLOU,Houaïlou,LIEU_DIT_NC,VILLE,Waa wi Luu,165.6260919909217,-21.278284372962112,tribus_villages_nc,157,801,Houailou village
legislatives_2024,1,988,98808,Houaïlou,HOUAILOU,0002,664,0,664,0,0,0,1,DVG,TUKUMULI,Milakulo,MASCULIN,Milakulo TUKUMULI,,0,,,,Warai,WARAI,0.95,Kua,Houaïlou,LIEU_DIT_NC,TRIBU,Wa',165.76989808558005,-21.33124821435679,tribus_villages_nc,160,807,Boréaré - Coula - Karagreu
legislatives_2024,1,988,98808,Houaïlou,HOUAILOU,0002,664,0,664,0,0,0,2,REG,TJIBAOU,Emmanuel,MASCULIN,Emmanuel TJIBAOU,,0,,,,Warai,WARAI,0.95,Kua,Houaïlou,LIEU_DIT_NC,TRIBU,Wa',165.76989808558005,-21.33124821435679,tribus_villages_nc,160,807,Boréaré - Coula - Karagreu
legislatives_2024,1,988,98808,Houaïlou,HOUAILOU,0002,664,0,664,0,0,0,3,REG,FRERE,Ronald,MASCULIN,Ronald FRERE,,0,,,,Warai,WARAI,0.95,Kua,Houaïlou,LIEU_DIT_NC,TRIBU,Wa',165.76989808558005,-21.33124821435679,tribus_villages_nc,160,807,Boréaré - Coula - Karagreu
legislatives_2024,1,988,98808,Houaïlou,HOUAILOU,0002,664,0,664,0,0,0,4,REG,VOUDJO,Luther,MASCULIN,Luther VOUDJO,,0,,,,Warai,WARAI,0.95,Kua,Houaïlou,LIEU_DIT_NC,TRIBU,Wa',165.76989808558005,-21.33124821435679,tribus_villages_nc,160,807,Boréaré - Coula - Karagreu
legislatives_2024,1,988,98808,Houaïlou,HOUAILOU,0002,664,0,664,0,0,0,6,DVD,PONGA,Alcide,MASCULIN,Alcide PONGA,,0,,,,Warai,WARAI,0.95,Kua,Houaïlou,LIEU_DIT_NC,TRIBU,Wa',165.76989808558005,-21.33124821435679,tribus_villages_nc,160,807,Boréaré - Coula - Karagreu
legislatives_2024,1,988,98808,Houaïlou,HOUAILOU,0002,664,0,664,0,0,0,7,HOR,POADJA,Gérard,MASCULIN,Gérard POADJA,,0,,,,Warai,WARAI,0.95,Kua,Houaïlou,LIEU_DIT_NC,TRIBU,Wa',165.76989808558005,-21.33124821435679,tribus_villages_nc,160,807,Boréaré - Coula - Karagreu
legislatives_2024,1,988,98808,Houaïlou,HOUAILOU,0003,377,0,377,0,0,0,1,DVG,TUKUMULI,Milakulo,MASCULIN,Milakulo TUKUMULI,,0,,,,Bâ,BA,1,Bâ,Houaïlou,LIEU_DIT_NC,TRIBU,Bwa,165.55842620966266,-21.19827944865936,tribus_villages_nc,158,803,Warai
legislatives_2024,1,988,98808,Houaïlou,HOUAILOU,0003,377,0,377,0,0,0,2,REG,TJIBAOU,Emmanuel,MASCULIN,Emmanuel TJIBAOU,,0,,,,Bâ,BA,1,Bâ,Houaïlou,LIEU_DIT_NC,TRIBU,Bwa,165.55842620966266,-21.19827944865936,tribus_villages_nc,158,803,Warai
legislatives_2024,1,988,98808,Houaïlou,HOUAILOU,0003,377,0,377,0,0,0,3,REG,FRERE,Ronald,MASCULIN,Ronald FRERE,,0,,,,Bâ,BA,1,Bâ,Houaïlou,LIEU_DIT_NC,TRIBU,Bwa,165.55842620966266,-21.19827944865936,tribus_villages_nc,158,803,Warai
legislatives_2024,1,988,98808,Houaïlou,HOUAILOU,0003,377,0,377,0,0,0,4,REG,VOUDJO,Luther,MASCULIN,Luther VOUDJO,,0,,,,Bâ,BA,1,Bâ,Houaïlou,LIEU_DIT_NC,TRIBU,Bwa,165.55842620966266,-21.19827944865936,tribus_villages_nc,158,803,Warai
legislatives_2024,1,988,98808,Houaïlou,HOUAILOU,0003,377,0,377,0,0,0,6,DVD,PONGA,Alcide,MASCULIN,Alcide PONGA,,0,,,,Bâ,BA,1,Bâ,Houaïlou,LIEU_DIT_NC,TRIBU,Bwa,165.55842620966266,-21.19827944865936,tribus_villages_nc,158,803,Warai
legislatives_2024,1,988,98808,Houaïlou,HOUAILOU,0003,377,0,377,0,0,0,7,HOR,POADJA,Gérard,MASCULIN,Gérard POADJA,,0,,,,Bâ,BA,1,Bâ,Houaïlou,LIEU_DIT_NC,TRIBU,Bwa,165.55842620966266,-21.19827944865936,tribus_villages_nc,158,803,Warai
legislatives_2024,1,988,98808,Houaïlou,HOUAILOU,0004,318,0,318,0,0,0,1,DVG,TUKUMULI,Milakulo,MASCULIN,Milakulo TUKUMULI,,0,,,,Nessakoéa,NESSAKOEA,0.842,Nessa Kouya,Houaïlou,LIEU_DIT_NC,TRIBU,Nérhexa i Kwéaa,165.5267547278778,-21.28421939373571,tribus_villages_nc,159,805,Nédivin - Bas Nindien
legislatives_2024,1,988,98808,Houaïlou,HOUAILOU,0004,318,0,318,0,0,0,2,REG,TJIBAOU,Emmanuel,MASCULIN,Emmanuel TJIBAOU,,0,,,,Nessakoéa,NESSAKOEA,0.842,Nessa Kouya,Houaïlou,LIEU_DIT_NC,TRIBU,Nérhexa i Kwéaa,165.5267547278778,-21.28421939373571,tribus_villages_nc,159,805,Nédivin - Bas Nindien
legislatives_2024,1,988,98808,Houaïlou,HOUAILOU,0004,318,0,318,0,0,0,3,REG,FRERE,Ronald,MASCULIN,Ronald FRERE,,0,,,,Nessakoéa,NESSAKOEA,0.842,Nessa Kouya,Houaïlou,LIEU_DIT_NC,TRIBU,Nérhexa i Kwéaa,165.5267547278778,-21.28421939373571,tribus_villages_nc,159,805,Nédivin - Bas Nindien
legislatives_2024,1,988,98808,Houaïlou,HOUAILOU,0004,318,0,318,0,0,0,4,REG,VOUDJO,Luther,MASCULIN,Luther VOUDJO,,0,,,,Nessakoéa,NESSAKOEA,0.842,Nessa Kouya,Houaïlou,LIEU_DIT_NC,TRIBU,Nérhexa i Kwéaa,165.5267547278778,-21.28421939373571,tribus_villages_nc,159,805,Nédivin - Bas Nindien
legislatives_2024,1,988,98808,Houaïlou,HOUAILOU,0004,318,0,318,0,0,0,6,DVD,PONGA,Alcide,MASCULIN,Alcide PONGA,,0,,,,Nessakoéa,NESSAKOEA,0.842,Nessa Kouya,Houaïlou,LIEU_DIT_NC,TRIBU,Nérhexa i Kwéaa,165.5267547278778,-21.28421939373571,tribus_villages_nc,159,805,Nédivin - Bas Nindien
legislatives_2024,1,988,98808,Houaïlou,HOUAILOU,0004,318,0,318,0,0,0,7,HOR,POADJA,Gérard,MASCULIN,Gérard POADJA,,0,,,,Nessakoéa,NESSAKOEA,0.842,Nessa Kouya,Houaïlou,LIEU_DIT_NC,TRIBU,Nérhexa i Kwéaa,165.5267547278778,-21.28421939373571,tribus_villages_nc,159,805,Nédivin - Bas Nindien
legislatives_2024,1,988,98808,Houaïlou,HOUAILOU,0005,578,0,578,0,0,0,1,DVG,TUKUMULI,Milakulo,MASCULIN,Milakulo TUKUMULI,,0,,,,Poro,PORO,1,Poro,Houaïlou,LIEU_DIT_NC,LDH,Pô Ro,165.70953015747588,-21.30262511634177,tribus_villages_nc,157,801,Houailou village
legislatives_2024,1,988,98808,Houaïlou,HOUAILOU,0005,578,0,578,0,0,0,2,REG,TJIBAOU,Emmanuel,MASCULIN,Emmanuel TJIBAOU,,0,,,,Poro,PORO,1,Poro,Houaïlou,LIEU_DIT_NC,LDH,Pô Ro,165.70953015747588,-21.30262511634177,tribus_villages_nc,157,801,Houailou village
legislatives_2024,1,988,98808,Houaïlou,HOUAILOU,0005,578,0,578,0,0,0,3,REG,FRERE,Ronald,MASCULIN,Ronald FRERE,,0,,,,Poro,PORO,1,Poro,Houaïlou,LIEU_DIT_NC,LDH,Pô Ro,165.70953015747588,-21.30262511634177,tribus_villages_nc,157,801,Houailou village
legislatives_2024,1,988,98808,Houaïlou,HOUAILOU,0005,578,0,578,0,0,0,4,REG,VOUDJO,Luther,MASCULIN,Luther VOUDJO,,0,,,,Poro,PORO,1,Poro,Houaïlou,LIEU_DIT_NC,LDH,Pô Ro,165.70953015747588,-21.30262511634177,tribus_villages_nc,157,801,Houailou village
legislatives_2024,1,988,98808,Houaïlou,HOUAILOU,0005,578,0,578,0,0,0,6,DVD,PONGA,Alcide,MASCULIN,Alcide PONGA,,0,,,,Poro,PORO,1,Poro,Houaïlou,LIEU_DIT_NC,LDH,Pô Ro,165.70953015747588,-21.30262511634177,tribus_villages_nc,157,801,Houailou village
legislatives_2024,1,988,98808,Houaïlou,HOUAILOU,0005,578,0,578,0,0,0,7,HOR,POADJA,Gérard,MASCULIN,Gérard POADJA,,0,,,,Poro,PORO,1,Poro,Houaïlou,LIEU_DIT_NC,LDH,Pô Ro,165.70953015747588,-21.30262511634177,tribus_villages_nc,157,801,Houailou village
legislatives_2024,1,988,98808,Houaïlou,HOUAILOU,0006,494,0,494,0,0,0,1,DVG,TUKUMULI,Milakulo,MASCULIN,Milakulo TUKUMULI,,0,,,,Coula,COULA,1,Coula,Houaïlou,LIEU_DIT_NC,TRIBU,Kuru raa,165.44899405604838,-21.336853600338287,tribus_villages_nc,160,807,Boréaré - Coula - Karagreu
legislatives_2024,1,988,98808,Houaïlou,HOUAILOU,0006,494,0,494,0,0,0,2,REG,TJIBAOU,Emmanuel,MASCULIN,Emmanuel TJIBAOU,,0,,,,Coula,COULA,1,Coula,Houaïlou,LIEU_DIT_NC,TRIBU,Kuru raa,165.44899405604838,-21.336853600338287,tribus_villages_nc,160,807,Boréaré - Coula - Karagreu
legislatives_2024,1,988,98808,Houaïlou,HOUAILOU,0006,494,0,494,0,0,0,3,REG,FRERE,Ronald,MASCULIN,Ronald FRERE,,0,,,,Coula,COULA,1,Coula,Houaïlou,LIEU_DIT_NC,TRIBU,Kuru raa,165.44899405604838,-21.336853600338287,tribus_villages_nc,160,807,Boréaré - Coula - Karagreu
legislatives_2024,1,988,98808,Houaïlou,HOUAILOU,0006,494,0,494,0,0,0,4,REG,VOUDJO,Luther,MASCULIN,Luther VOUDJO,,0,,,,Coula,COULA,1,Coula,Houaïlou,LIEU_DIT_NC,TRIBU,Kuru raa,165.44899405604838,-21.336853600338287,tribus_villages_nc,160,807,Boréaré - Coula - Karagreu
legislatives_2024,1,988,98808,Houaïlou,HOUAILOU,0006,494,0,494,0,0,0,6,DVD,PONGA,Alcide,MASCULIN,Alcide PONGA,,0,,,,Coula,COULA,1,Coula,Houaïlou,LIEU_DIT_NC,TRIBU,Kuru raa,165.44899405604838,-21.336853600338287,tribus_villages_nc,160,807,Boréaré - Coula - Karagreu
legislatives_2024,1,988,98808,Houaïlou,HOUAILOU,0006,494,0,494,0,0,0,7,HOR,POADJA,Gérard,MASCULIN,Gérard POADJA,,0,,,,Coula,COULA,1,Coula,Houaïlou,LIEU_DIT_NC,TRIBU,Kuru raa,165.44899405604838,-21.336853600338287,tribus_villages_nc,160,807,Boréaré - Coula - Karagreu
legislatives_2024,1,988,98808,Houaïlou,HOUAILOU,0007,335,0,335,0,0,0,1,DVG,TUKUMULI,Milakulo,MASCULIN,Milakulo TUKUMULI,,0,,,,Néaoua,NEAOUA,1,Néaoua,Houaïlou,LIEU_DIT_NC,TRIBU,Né awa,165.6455007313978,-21.325531853593,tribus_villages_nc,157,801,Houailou village
legislatives_2024,1,988,98808,Houaïlou,HOUAILOU,0007,335,0,335,0,0,0,2,REG,TJIBAOU,Emmanuel,MASCULIN,Emmanuel TJIBAOU,,0,,,,Néaoua,NEAOUA,1,Néaoua,Houaïlou,LIEU_DIT_NC,TRIBU,Né awa,165.6455007313978,-21.325531853593,tribus_villages_nc,157,801,Houailou village
legislatives_2024,1,988,98808,Houaïlou,HOUAILOU,0007,335,0,335,0,0,0,3,REG,FRERE,Ronald,MASCULIN,Ronald FRERE,,0,,,,Néaoua,NEAOUA,1,Néaoua,Houaïlou,LIEU_DIT_NC,TRIBU,Né awa,165.6455007313978,-21.325531853593,tribus_villages_nc,157,801,Houailou village
legislatives_2024,1,988,98808,Houaïlou,HOUAILOU,0007,335,0,335,0,0,0,4,REG,VOUDJO,Luther,MASCULIN,Luther VOUDJO,,0,,,,Néaoua,NEAOUA,1,Néaoua,Houaïlou,LIEU_DIT_NC,TRIBU,Né awa,165.6455007313978,-21.325531853593,tribus_villages_nc,157,801,Houailou village
legislatives_2024,1,988,98808,Houaïlou,HOUAILOU,0007,335,0,335,0,0,0,6,DVD,PONGA,Alcide,MASCULIN,Alcide PONGA,,0,,,,Néaoua,NEAOUA,1,Néaoua,Houaïlou,LIEU_DIT_NC,TRIBU,Né awa,165.6455007313978,-21.325531853593,tribus_villages_nc,157,801,Houailou village
legislatives_2024,1,988,98808,Houaïlou,HOUAILOU,0007,335,0,335,0,0,0,7,HOR,POADJA,Gérard,MASCULIN,Gérard POADJA,,0,,,,Néaoua,NEAOUA,1,Néaoua,Houaïlou,LIEU_DIT_NC,TRIBU,Né awa,165.6455007313978,-21.325531853593,tribus_villages_nc,157,801,Houailou village
legislatives_2024,1,988,98808,Houaïlou,HOUAILOU,0008,547,0,547,0,0,0,1,DVG,TUKUMULI,Milakulo,MASCULIN,Milakulo TUKUMULI,,0,,,,Nédivin,NEDIVIN,1,Nédivin,Houaïlou,LIEU_DIT_NC,TRIBU,Nédii vârâ,165.57082158687447,-21.289736384804883,tribus_villages_nc,159,805,Nédivin - Bas Nindien
legislatives_2024,1,988,98808,Houaïlou,HOUAILOU,0008,547,0,547,0,0,0,2,REG,TJIBAOU,Emmanuel,MASCULIN,Emmanuel TJIBAOU,,0,,,,Nédivin,NEDIVIN,1,Nédivin,Houaïlou,LIEU_DIT_NC,TRIBU,Nédii vârâ,165.57082158687447,-21.289736384804883,tribus_villages_nc,159,805,Nédivin - Bas Nindien
legislatives_2024,1,988,98808,Houaïlou,HOUAILOU,0008,547,0,547,0,0,0,3,REG,FRERE,Ronald,MASCULIN,Ronald FRERE,,0,,,,Nédivin,NEDIVIN,1,Nédivin,Houaïlou,LIEU_DIT_NC,TRIBU,Nédii vârâ,165.57082158687447,-21.289736384804883,tribus_villages_nc,159,805,Nédivin - Bas Nindien
legislatives_2024,1,988,98808,Houaïlou,HOUAILOU,0008,547,0,547,0,0,0,4,REG,VOUDJO,Luther,MASCULIN,Luther VOUDJO,,0,,,,Nédivin,NEDIVIN,1,Nédivin,Houaïlou,LIEU_DIT_NC,TRIBU,Nédii vârâ,165.57082158687447,-21.289736384804883,tribus_villages_nc,159,805,Nédivin - Bas Nindien
legislatives_2024,1,988,98808,Houaïlou,HOUAILOU,0008,547,0,547,0,0,0,6,DVD,PONGA,Alcide,MASCULIN,Alcide PONGA,,0,,,,Nédivin,NEDIVIN,1,Nédivin,Houaïlou,LIEU_DIT_NC,TRIBU,Nédii vârâ,165.57082158687447,-21.289736384804883,tribus_villages_nc,159,805,Nédivin - Bas Nindien
legislatives_2024,1,988,98808,Houaïlou,HOUAILOU,0008,547,0,547,0,0,0,7,HOR,POADJA,Gérard,MASCULIN,Gérard POADJA,,0,,,,Nédivin,NEDIVIN,1,Nédivin,Houaïlou,LIEU_DIT_NC,TRIBU,Nédii vârâ,165.57082158687447,-21.289736384804883,tribus_villages_nc,159,805,Nédivin - Bas Nindien
legislatives_2024,1,988,98809,L'Ile-des-Pins,ILEDESPINS,0001,1028,636,392,627,6,3,1,HOR,DUNOYER,Philippe,MASCULIN,Philippe DUNOYER,,33,,,,Mairie 1,MAIRIE,,,,,,,167.495819,-22.66517,tidygeocoder_osm,161,901,Vao
legislatives_2024,1,988,98809,L'Ile-des-Pins,ILEDESPINS,0001,1028,636,392,627,6,3,2,DVD,METZDORF,Nicolas,MASCULIN,Nicolas METZDORF,,62,,,,Mairie 1,MAIRIE,,,,,,,167.495819,-22.66517,tidygeocoder_osm,161,901,Vao
legislatives_2024,1,988,98809,L'Ile-des-Pins,ILEDESPINS,0001,1028,636,392,627,6,3,3,REG,ANGEXETINE ÉP RAILATI,Juanita Ciane,FEMININ,Juanita Ciane ANGEXETINE ÉP RAILATI,,2,,,,Mairie 1,MAIRIE,,,,,,,167.495819,-22.66517,tidygeocoder_osm,161,901,Vao
legislatives_2024,1,988,98809,L'Ile-des-Pins,ILEDESPINS,0001,1028,636,392,627,6,3,4,REG,NAISSELINE,Omayra Lisa Meun,FEMININ,Omayra Lisa Meun NAISSELINE,,471,,,,Mairie 1,MAIRIE,,,,,,,167.495819,-22.66517,tidygeocoder_osm,161,901,Vao
legislatives_2024,1,988,98809,L'Ile-des-Pins,ILEDESPINS,0001,1028,636,392,627,6,3,5,REC,NASRI,Thomas,MASCULIN,Thomas NASRI,,0,,,,Mairie 1,MAIRIE,,,,,,,167.495819,-22.66517,tidygeocoder_osm,161,901,Vao
legislatives_2024,1,988,98809,L'Ile-des-Pins,ILEDESPINS,0001,1028,636,392,627,6,3,6,DIV,MILLAR,Manuel,MASCULIN,Manuel MILLAR,,1,,,,Mairie 1,MAIRIE,,,,,,,167.495819,-22.66517,tidygeocoder_osm,161,901,Vao
legislatives_2024,1,988,98809,L'Ile-des-Pins,ILEDESPINS,0001,1028,636,392,627,6,3,7,DVD,CUENOT,Pierre-Henri,MASCULIN,Pierre-Henri CUENOT,,1,,,,Mairie 1,MAIRIE,,,,,,,167.495819,-22.66517,tidygeocoder_osm,161,901,Vao
legislatives_2024,1,988,98809,L'Ile-des-Pins,ILEDESPINS,0001,1028,636,392,627,6,3,8,REG,HAOCAS,Muneiko,FEMININ,Muneiko HAOCAS,,29,,,,Mairie 1,MAIRIE,,,,,,,167.495819,-22.66517,tidygeocoder_osm,161,901,Vao
legislatives_2024,1,988,98809,L'Ile-des-Pins,ILEDESPINS,0001,1028,636,392,627,6,3,9,RN,LOUECKHOTE,Simon,MASCULIN,Simon LOUECKHOTE,,7,,,,Mairie 1,MAIRIE,,,,,,,167.495819,-22.66517,tidygeocoder_osm,161,901,Vao
legislatives_2024,1,988,98809,L'Ile-des-Pins,ILEDESPINS,0001,1028,636,392,627,6,3,10,REG,NEMIA ÉP BISHOP,Germaine Toléta,FEMININ,Germaine Toléta NEMIA ÉP BISHOP,,1,,,,Mairie 1,MAIRIE,,,,,,,167.495819,-22.66517,tidygeocoder_osm,161,901,Vao
legislatives_2024,1,988,98809,L'Ile-des-Pins,ILEDESPINS,0001,1028,636,392,627,6,3,11,DVG,FALAEO,Veylma,FEMININ,Veylma FALAEO,,20,,,,Mairie 1,MAIRIE,,,,,,,167.495819,-22.66517,tidygeocoder_osm,161,901,Vao
legislatives_2024,1,988,98809,L'Ile-des-Pins,ILEDESPINS,0001,1028,636,392,627,6,3,12,ECO,DEVAUD,Cédric,MASCULIN,Cédric DEVAUD,,0,,,,Mairie 1,MAIRIE,,,,,,,167.495819,-22.66517,tidygeocoder_osm,161,901,Vao
legislatives_2024,1,988,98809,L'Ile-des-Pins,ILEDESPINS,0002,819,561,258,556,2,3,1,HOR,DUNOYER,Philippe,MASCULIN,Philippe DUNOYER,,43,,,,Bâtiment communal Point Information,BATIMENT COMMUNAL POINT INFORMATION,,,,,,,167.495819,-22.66517,tidygeocoder_osm,161,901,Vao
legislatives_2024,1,988,98809,L'Ile-des-Pins,ILEDESPINS,0002,819,561,258,556,2,3,2,DVD,METZDORF,Nicolas,MASCULIN,Nicolas METZDORF,,28,,,,Bâtiment communal Point Information,BATIMENT COMMUNAL POINT INFORMATION,,,,,,,167.495819,-22.66517,tidygeocoder_osm,161,901,Vao
legislatives_2024,1,988,98809,L'Ile-des-Pins,ILEDESPINS,0002,819,561,258,556,2,3,3,REG,ANGEXETINE ÉP RAILATI,Juanita Ciane,FEMININ,Juanita Ciane ANGEXETINE ÉP RAILATI,,1,,,,Bâtiment communal Point Information,BATIMENT COMMUNAL POINT INFORMATION,,,,,,,167.495819,-22.66517,tidygeocoder_osm,161,901,Vao
legislatives_2024,1,988,98809,L'Ile-des-Pins,ILEDESPINS,0002,819,561,258,556,2,3,4,REG,NAISSELINE,Omayra Lisa Meun,FEMININ,Omayra Lisa Meun NAISSELINE,,422,,,,Bâtiment communal Point Information,BATIMENT COMMUNAL POINT INFORMATION,,,,,,,167.495819,-22.66517,tidygeocoder_osm,161,901,Vao
legislatives_2024,1,988,98809,L'Ile-des-Pins,ILEDESPINS,0002,819,561,258,556,2,3,5,REC,NASRI,Thomas,MASCULIN,Thomas NASRI,,0,,,,Bâtiment communal Point Information,BATIMENT COMMUNAL POINT INFORMATION,,,,,,,167.495819,-22.66517,tidygeocoder_osm,161,901,Vao
legislatives_2024,1,988,98809,L'Ile-des-Pins,ILEDESPINS,0002,819,561,258,556,2,3,6,DIV,MILLAR,Manuel,MASCULIN,Manuel MILLAR,,1,,,,Bâtiment communal Point Information,BATIMENT COMMUNAL POINT INFORMATION,,,,,,,167.495819,-22.66517,tidygeocoder_osm,161,901,Vao
legislatives_2024,1,988,98809,L'Ile-des-Pins,ILEDESPINS,0002,819,561,258,556,2,3,7,DVD,CUENOT,Pierre-Henri,MASCULIN,Pierre-Henri CUENOT,,0,,,,Bâtiment communal Point Information,BATIMENT COMMUNAL POINT INFORMATION,,,,,,,167.495819,-22.66517,tidygeocoder_osm,161,901,Vao
legislatives_2024,1,988,98809,L'Ile-des-Pins,ILEDESPINS,0002,819,561,258,556,2,3,8,REG,HAOCAS,Muneiko,FEMININ,Muneiko HAOCAS,,22,,,,Bâtiment communal Point Information,BATIMENT COMMUNAL POINT INFORMATION,,,,,,,167.495819,-22.66517,tidygeocoder_osm,161,901,Vao
legislatives_2024,1,988,98809,L'Ile-des-Pins,ILEDESPINS,0002,819,561,258,556,2,3,9,RN,LOUECKHOTE,Simon,MASCULIN,Simon LOUECKHOTE,,6,,,,Bâtiment communal Point Information,BATIMENT COMMUNAL POINT INFORMATION,,,,,,,167.495819,-22.66517,tidygeocoder_osm,161,901,Vao
legislatives_2024,1,988,98809,L'Ile-des-Pins,ILEDESPINS,0002,819,561,258,556,2,3,10,REG,NEMIA ÉP BISHOP,Germaine Toléta,FEMININ,Germaine Toléta NEMIA ÉP BISHOP,,2,,,,Bâtiment communal Point Information,BATIMENT COMMUNAL POINT INFORMATION,,,,,,,167.495819,-22.66517,tidygeocoder_osm,161,901,Vao
legislatives_2024,1,988,98809,L'Ile-des-Pins,ILEDESPINS,0002,819,561,258,556,2,3,11,DVG,FALAEO,Veylma,FEMININ,Veylma FALAEO,,30,,,,Bâtiment communal Point Information,BATIMENT COMMUNAL POINT INFORMATION,,,,,,,167.495819,-22.66517,tidygeocoder_osm,161,901,Vao
legislatives_2024,1,988,98809,L'Ile-des-Pins,ILEDESPINS,0002,819,561,258,556,2,3,12,ECO,DEVAUD,Cédric,MASCULIN,Cédric DEVAUD,,1,,,,Bâtiment communal Point Information,BATIMENT COMMUNAL POINT INFORMATION,,,,,,,167.495819,-22.66517,tidygeocoder_osm,161,901,Vao
legislatives_2024,1,988,98810,Kaala-Gomen,KAALAGOMEN,0001,553,380,173,369,8,3,1,DVG,TUKUMULI,Milakulo,MASCULIN,Milakulo TUKUMULI,,18,,,,Mairie,MAIRIE,0.98,Mairie de Kaala-Gomen,804 Avenue de BWAPANU,ADMINISTRATION ET ORGANISME,Administrations des collectivités,Administration de la commune de Kaala-Gomen,164.397185345977,-20.6671314843025,etablissements_publics_nc,1,1001,Kaala Gomen village et littoral
legislatives_2024,1,988,98810,Kaala-Gomen,KAALAGOMEN,0001,553,380,173,369,8,3,2,REG,TJIBAOU,Emmanuel,MASCULIN,Emmanuel TJIBAOU,,244,,,,Mairie,MAIRIE,0.98,Mairie de Kaala-Gomen,804 Avenue de BWAPANU,ADMINISTRATION ET ORGANISME,Administrations des collectivités,Administration de la commune de Kaala-Gomen,164.397185345977,-20.6671314843025,etablissements_publics_nc,1,1001,Kaala Gomen village et littoral
legislatives_2024,1,988,98810,Kaala-Gomen,KAALAGOMEN,0001,553,380,173,369,8,3,3,REG,FRERE,Ronald,MASCULIN,Ronald FRERE,,7,,,,Mairie,MAIRIE,0.98,Mairie de Kaala-Gomen,804 Avenue de BWAPANU,ADMINISTRATION ET ORGANISME,Administrations des collectivités,Administration de la commune de Kaala-Gomen,164.397185345977,-20.6671314843025,etablissements_publics_nc,1,1001,Kaala Gomen village et littoral
legislatives_2024,1,988,98810,Kaala-Gomen,KAALAGOMEN,0001,553,380,173,369,8,3,4,REG,VOUDJO,Luther,MASCULIN,Luther VOUDJO,,3,,,,Mairie,MAIRIE,0.98,Mairie de Kaala-Gomen,804 Avenue de BWAPANU,ADMINISTRATION ET ORGANISME,Administrations des collectivités,Administration de la commune de Kaala-Gomen,164.397185345977,-20.6671314843025,etablissements_publics_nc,1,1001,Kaala Gomen village et littoral
legislatives_2024,1,988,98810,Kaala-Gomen,KAALAGOMEN,0001,553,380,173,369,8,3,6,DVD,PONGA,Alcide,MASCULIN,Alcide PONGA,,90,,,,Mairie,MAIRIE,0.98,Mairie de Kaala-Gomen,804 Avenue de BWAPANU,ADMINISTRATION ET ORGANISME,Administrations des collectivités,Administration de la commune de Kaala-Gomen,164.397185345977,-20.6671314843025,etablissements_publics_nc,1,1001,Kaala Gomen village et littoral
legislatives_2024,1,988,98810,Kaala-Gomen,KAALAGOMEN,0001,553,380,173,369,8,3,7,HOR,POADJA,Gérard,MASCULIN,Gérard POADJA,,7,,,,Mairie,MAIRIE,0.98,Mairie de Kaala-Gomen,804 Avenue de BWAPANU,ADMINISTRATION ET ORGANISME,Administrations des collectivités,Administration de la commune de Kaala-Gomen,164.397185345977,-20.6671314843025,etablissements_publics_nc,1,1001,Kaala Gomen village et littoral
legislatives_2024,1,988,98810,Kaala-Gomen,KAALAGOMEN,0002,385,292,93,290,0,2,1,DVG,TUKUMULI,Milakulo,MASCULIN,Milakulo TUKUMULI,,4,,,,Ouéholle,OUEHOLLE,0.93,Ecole catholique de Ouéholle,,ENSEIGNEMENT ET FORMATION,Enseignement du premier degré,Ecole pré-élémentaire,164.545680960012,-20.6046276080457,etablissements_publics_nc,2,1004,Ouéholle - Ouémou - Kourou
legislatives_2024,1,988,98810,Kaala-Gomen,KAALAGOMEN,0002,385,292,93,290,0,2,2,REG,TJIBAOU,Emmanuel,MASCULIN,Emmanuel TJIBAOU,,285,,,,Ouéholle,OUEHOLLE,0.93,Ecole catholique de Ouéholle,,ENSEIGNEMENT ET FORMATION,Enseignement du premier degré,Ecole pré-élémentaire,164.545680960012,-20.6046276080457,etablissements_publics_nc,2,1004,Ouéholle - Ouémou - Kourou
legislatives_2024,1,988,98810,Kaala-Gomen,KAALAGOMEN,0002,385,292,93,290,0,2,3,REG,FRERE,Ronald,MASCULIN,Ronald FRERE,,0,,,,Ouéholle,OUEHOLLE,0.93,Ecole catholique de Ouéholle,,ENSEIGNEMENT ET FORMATION,Enseignement du premier degré,Ecole pré-élémentaire,164.545680960012,-20.6046276080457,etablissements_publics_nc,2,1004,Ouéholle - Ouémou - Kourou
legislatives_2024,1,988,98810,Kaala-Gomen,KAALAGOMEN,0002,385,292,93,290,0,2,4,REG,VOUDJO,Luther,MASCULIN,Luther VOUDJO,,1,,,,Ouéholle,OUEHOLLE,0.93,Ecole catholique de Ouéholle,,ENSEIGNEMENT ET FORMATION,Enseignement du premier degré,Ecole pré-élémentaire,164.545680960012,-20.6046276080457,etablissements_publics_nc,2,1004,Ouéholle - Ouémou - Kourou
legislatives_2024,1,988,98810,Kaala-Gomen,KAALAGOMEN,0002,385,292,93,290,0,2,6,DVD,PONGA,Alcide,MASCULIN,Alcide PONGA,,0,,,,Ouéholle,OUEHOLLE,0.93,Ecole catholique de Ouéholle,,ENSEIGNEMENT ET FORMATION,Enseignement du premier degré,Ecole pré-élémentaire,164.545680960012,-20.6046276080457,etablissements_publics_nc,2,1004,Ouéholle - Ouémou - Kourou
legislatives_2024,1,988,98810,Kaala-Gomen,KAALAGOMEN,0002,385,292,93,290,0,2,7,HOR,POADJA,Gérard,MASCULIN,Gérard POADJA,,0,,,,Ouéholle,OUEHOLLE,0.93,Ecole catholique de Ouéholle,,ENSEIGNEMENT ET FORMATION,Enseignement du premier degré,Ecole pré-élémentaire,164.545680960012,-20.6046276080457,etablissements_publics_nc,2,1004,Ouéholle - Ouémou - Kourou
legislatives_2024,1,988,98810,Kaala-Gomen,KAALAGOMEN,0003,282,221,61,220,0,1,1,DVG,TUKUMULI,Milakulo,MASCULIN,Milakulo TUKUMULI,,2,,,,Maison Païta,MAISON PAITA,0.688,Maison commune de Piata,,CULTUREL ET SOCIO EDUCATIF,Equipements socio-éducatifs et socio-culturels,Maison de jeune et maison de quartier,164.426512320768,-20.6494636653987,etablissements_publics_nc,1,1001,Kaala Gomen village et littoral
legislatives_2024,1,988,98810,Kaala-Gomen,KAALAGOMEN,0003,282,221,61,220,0,1,2,REG,TJIBAOU,Emmanuel,MASCULIN,Emmanuel TJIBAOU,,215,,,,Maison Païta,MAISON PAITA,0.688,Maison commune de Piata,,CULTUREL ET SOCIO EDUCATIF,Equipements socio-éducatifs et socio-culturels,Maison de jeune et maison de quartier,164.426512320768,-20.6494636653987,etablissements_publics_nc,1,1001,Kaala Gomen village et littoral
legislatives_2024,1,988,98810,Kaala-Gomen,KAALAGOMEN,0003,282,221,61,220,0,1,3,REG,FRERE,Ronald,MASCULIN,Ronald FRERE,,0,,,,Maison Païta,MAISON PAITA,0.688,Maison commune de Piata,,CULTUREL ET SOCIO EDUCATIF,Equipements socio-éducatifs et socio-culturels,Maison de jeune et maison de quartier,164.426512320768,-20.6494636653987,etablissements_publics_nc,1,1001,Kaala Gomen village et littoral
legislatives_2024,1,988,98810,Kaala-Gomen,KAALAGOMEN,0003,282,221,61,220,0,1,4,REG,VOUDJO,Luther,MASCULIN,Luther VOUDJO,,1,,,,Maison Païta,MAISON PAITA,0.688,Maison commune de Piata,,CULTUREL ET SOCIO EDUCATIF,Equipements socio-éducatifs et socio-culturels,Maison de jeune et maison de quartier,164.426512320768,-20.6494636653987,etablissements_publics_nc,1,1001,Kaala Gomen village et littoral
legislatives_2024,1,988,98810,Kaala-Gomen,KAALAGOMEN,0003,282,221,61,220,0,1,6,DVD,PONGA,Alcide,MASCULIN,Alcide PONGA,,1,,,,Maison Païta,MAISON PAITA,0.688,Maison commune de Piata,,CULTUREL ET SOCIO EDUCATIF,Equipements socio-éducatifs et socio-culturels,Maison de jeune et maison de quartier,164.426512320768,-20.6494636653987,etablissements_publics_nc,1,1001,Kaala Gomen village et littoral
legislatives_2024,1,988,98810,Kaala-Gomen,KAALAGOMEN,0003,282,221,61,220,0,1,7,HOR,POADJA,Gérard,MASCULIN,Gérard POADJA,,1,,,,Maison Païta,MAISON PAITA,0.688,Maison commune de Piata,,CULTUREL ET SOCIO EDUCATIF,Equipements socio-éducatifs et socio-culturels,Maison de jeune et maison de quartier,164.426512320768,-20.6494636653987,etablissements_publics_nc,1,1001,Kaala Gomen village et littoral
legislatives_2024,1,988,98810,Kaala-Gomen,KAALAGOMEN,0004,196,145,51,145,0,0,1,DVG,TUKUMULI,Milakulo,MASCULIN,Milakulo TUKUMULI,,5,,,,Maison Gamaï,MAISON GAMAI,0.75,Maison commune de Gamaï,,CULTUREL ET SOCIO EDUCATIF,Equipements socio-éducatifs et socio-culturels,Maison de jeune et maison de quartier,164.486749878062,-20.6941126404856,etablissements_publics_nc,1,1001,Kaala Gomen village et littoral
legislatives_2024,1,988,98810,Kaala-Gomen,KAALAGOMEN,0004,196,145,51,145,0,0,2,REG,TJIBAOU,Emmanuel,MASCULIN,Emmanuel TJIBAOU,,132,,,,Maison Gamaï,MAISON GAMAI,0.75,Maison commune de Gamaï,,CULTUREL ET SOCIO EDUCATIF,Equipements socio-éducatifs et socio-culturels,Maison de jeune et maison de quartier,164.486749878062,-20.6941126404856,etablissements_publics_nc,1,1001,Kaala Gomen village et littoral
legislatives_2024,1,988,98810,Kaala-Gomen,KAALAGOMEN,0004,196,145,51,145,0,0,3,REG,FRERE,Ronald,MASCULIN,Ronald FRERE,,0,,,,Maison Gamaï,MAISON GAMAI,0.75,Maison commune de Gamaï,,CULTUREL ET SOCIO EDUCATIF,Equipements socio-éducatifs et socio-culturels,Maison de jeune et maison de quartier,164.486749878062,-20.6941126404856,etablissements_publics_nc,1,1001,Kaala Gomen village et littoral
legislatives_2024,1,988,98810,Kaala-Gomen,KAALAGOMEN,0004,196,145,51,145,0,0,4,REG,VOUDJO,Luther,MASCULIN,Luther VOUDJO,,6,,,,Maison Gamaï,MAISON GAMAI,0.75,Maison commune de Gamaï,,CULTUREL ET SOCIO EDUCATIF,Equipements socio-éducatifs et socio-culturels,Maison de jeune et maison de quartier,164.486749878062,-20.6941126404856,etablissements_publics_nc,1,1001,Kaala Gomen village et littoral
legislatives_2024,1,988,98810,Kaala-Gomen,KAALAGOMEN,0004,196,145,51,145,0,0,6,DVD,PONGA,Alcide,MASCULIN,Alcide PONGA,,2,,,,Maison Gamaï,MAISON GAMAI,0.75,Maison commune de Gamaï,,CULTUREL ET SOCIO EDUCATIF,Equipements socio-éducatifs et socio-culturels,Maison de jeune et maison de quartier,164.486749878062,-20.6941126404856,etablissements_publics_nc,1,1001,Kaala Gomen village et littoral
legislatives_2024,1,988,98810,Kaala-Gomen,KAALAGOMEN,0004,196,145,51,145,0,0,7,HOR,POADJA,Gérard,MASCULIN,Gérard POADJA,,0,,,,Maison Gamaï,MAISON GAMAI,0.75,Maison commune de Gamaï,,CULTUREL ET SOCIO EDUCATIF,Equipements socio-éducatifs et socio-culturels,Maison de jeune et maison de quartier,164.486749878062,-20.6941126404856,etablissements_publics_nc,1,1001,Kaala Gomen village et littoral
legislatives_2024,1,988,98810,Kaala-Gomen,KAALAGOMEN,0005,143,127,16,126,1,0,1,DVG,TUKUMULI,Milakulo,MASCULIN,Milakulo TUKUMULI,,2,,,,Maison Baoui,MAISON BAOUI,0.75,Maison commune de Baoui,,CULTUREL ET SOCIO EDUCATIF,Equipements socio-éducatifs et socio-culturels,Maison de jeune et maison de quartier,164.463552597488,-20.6891303658536,etablissements_publics_nc,1,1001,Kaala Gomen village et littoral
legislatives_2024,1,988,98810,Kaala-Gomen,KAALAGOMEN,0005,143,127,16,126,1,0,2,REG,TJIBAOU,Emmanuel,MASCULIN,Emmanuel TJIBAOU,,121,,,,Maison Baoui,MAISON BAOUI,0.75,Maison commune de Baoui,,CULTUREL ET SOCIO EDUCATIF,Equipements socio-éducatifs et socio-culturels,Maison de jeune et maison de quartier,164.463552597488,-20.6891303658536,etablissements_publics_nc,1,1001,Kaala Gomen village et littoral
legislatives_2024,1,988,98810,Kaala-Gomen,KAALAGOMEN,0005,143,127,16,126,1,0,3,REG,FRERE,Ronald,MASCULIN,Ronald FRERE,,0,,,,Maison Baoui,MAISON BAOUI,0.75,Maison commune de Baoui,,CULTUREL ET SOCIO EDUCATIF,Equipements socio-éducatifs et socio-culturels,Maison de jeune et maison de quartier,164.463552597488,-20.6891303658536,etablissements_publics_nc,1,1001,Kaala Gomen village et littoral
legislatives_2024,1,988,98810,Kaala-Gomen,KAALAGOMEN,0005,143,127,16,126,1,0,4,REG,VOUDJO,Luther,MASCULIN,Luther VOUDJO,,2,,,,Maison Baoui,MAISON BAOUI,0.75,Maison commune de Baoui,,CULTUREL ET SOCIO EDUCATIF,Equipements socio-éducatifs et socio-culturels,Maison de jeune et maison de quartier,164.463552597488,-20.6891303658536,etablissements_publics_nc,1,1001,Kaala Gomen village et littoral
legislatives_2024,1,988,98810,Kaala-Gomen,KAALAGOMEN,0005,143,127,16,126,1,0,6,DVD,PONGA,Alcide,MASCULIN,Alcide PONGA,,1,,,,Maison Baoui,MAISON BAOUI,0.75,Maison commune de Baoui,,CULTUREL ET SOCIO EDUCATIF,Equipements socio-éducatifs et socio-culturels,Maison de jeune et maison de quartier,164.463552597488,-20.6891303658536,etablissements_publics_nc,1,1001,Kaala Gomen village et littoral
legislatives_2024,1,988,98810,Kaala-Gomen,KAALAGOMEN,0005,143,127,16,126,1,0,7,HOR,POADJA,Gérard,MASCULIN,Gérard POADJA,,0,,,,Maison Baoui,MAISON BAOUI,0.75,Maison commune de Baoui,,CULTUREL ET SOCIO EDUCATIF,Equipements socio-éducatifs et socio-culturels,Maison de jeune et maison de quartier,164.463552597488,-20.6891303658536,etablissements_publics_nc,1,1001,Kaala Gomen village et littoral
legislatives_2024,1,988,98810,Kaala-Gomen,KAALAGOMEN,0006,221,150,71,148,1,1,1,DVG,TUKUMULI,Milakulo,MASCULIN,Milakulo TUKUMULI,,8,,,,Ouaco,OUACO,0.93,Ecole de Ouaco,185 Rue Victor ROFFEY,ENSEIGNEMENT ET FORMATION,Enseignement du premier degré,Ecole élémentaire,164.471215971078,-20.8375035625753,etablissements_publics_nc,1,1001,Kaala Gomen village et littoral
legislatives_2024,1,988,98810,Kaala-Gomen,KAALAGOMEN,0006,221,150,71,148,1,1,2,REG,TJIBAOU,Emmanuel,MASCULIN,Emmanuel TJIBAOU,,71,,,,Ouaco,OUACO,0.93,Ecole de Ouaco,185 Rue Victor ROFFEY,ENSEIGNEMENT ET FORMATION,Enseignement du premier degré,Ecole élémentaire,164.471215971078,-20.8375035625753,etablissements_publics_nc,1,1001,Kaala Gomen village et littoral
legislatives_2024,1,988,98810,Kaala-Gomen,KAALAGOMEN,0006,221,150,71,148,1,1,3,REG,FRERE,Ronald,MASCULIN,Ronald FRERE,,3,,,,Ouaco,OUACO,0.93,Ecole de Ouaco,185 Rue Victor ROFFEY,ENSEIGNEMENT ET FORMATION,Enseignement du premier degré,Ecole élémentaire,164.471215971078,-20.8375035625753,etablissements_publics_nc,1,1001,Kaala Gomen village et littoral
legislatives_2024,1,988,98810,Kaala-Gomen,KAALAGOMEN,0006,221,150,71,148,1,1,4,REG,VOUDJO,Luther,MASCULIN,Luther VOUDJO,,3,,,,Ouaco,OUACO,0.93,Ecole de Ouaco,185 Rue Victor ROFFEY,ENSEIGNEMENT ET FORMATION,Enseignement du premier degré,Ecole élémentaire,164.471215971078,-20.8375035625753,etablissements_publics_nc,1,1001,Kaala Gomen village et littoral
legislatives_2024,1,988,98810,Kaala-Gomen,KAALAGOMEN,0006,221,150,71,148,1,1,6,DVD,PONGA,Alcide,MASCULIN,Alcide PONGA,,58,,,,Ouaco,OUACO,0.93,Ecole de Ouaco,185 Rue Victor ROFFEY,ENSEIGNEMENT ET FORMATION,Enseignement du premier degré,Ecole élémentaire,164.471215971078,-20.8375035625753,etablissements_publics_nc,1,1001,Kaala Gomen village et littoral
legislatives_2024,1,988,98810,Kaala-Gomen,KAALAGOMEN,0006,221,150,71,148,1,1,7,HOR,POADJA,Gérard,MASCULIN,Gérard POADJA,,5,,,,Ouaco,OUACO,0.93,Ecole de Ouaco,185 Rue Victor ROFFEY,ENSEIGNEMENT ET FORMATION,Enseignement du premier degré,Ecole élémentaire,164.471215971078,-20.8375035625753,etablissements_publics_nc,1,1001,Kaala Gomen village et littoral
legislatives_2024,1,988,98811,Koné,KONE,0001,808,478,330,467,7,4,1,DVG,TUKUMULI,Milakulo,MASCULIN,Milakulo TUKUMULI,,41,,,,Salle Au Pitiri,SALLE AU PITIRI,0.556,Plateau sportif de Téari,AVENUE FOUE,EQUIPEMENT SPORTIF,Terrains sportifs normalisés,Terrain polyvalent,164.866375124843,-21.0740850901806,etablissements_publics_nc,5,1102,Paiamboué - La Caférie - Foué
legislatives_2024,1,988,98811,Koné,KONE,0001,808,478,330,467,7,4,2,REG,TJIBAOU,Emmanuel,MASCULIN,Emmanuel TJIBAOU,,151,,,,Salle Au Pitiri,SALLE AU PITIRI,0.556,Plateau sportif de Téari,AVENUE FOUE,EQUIPEMENT SPORTIF,Terrains sportifs normalisés,Terrain polyvalent,164.866375124843,-21.0740850901806,etablissements_publics_nc,5,1102,Paiamboué - La Caférie - Foué
legislatives_2024,1,988,98811,Koné,KONE,0001,808,478,330,467,7,4,3,REG,FRERE,Ronald,MASCULIN,Ronald FRERE,,6,,,,Salle Au Pitiri,SALLE AU PITIRI,0.556,Plateau sportif de Téari,AVENUE FOUE,EQUIPEMENT SPORTIF,Terrains sportifs normalisés,Terrain polyvalent,164.866375124843,-21.0740850901806,etablissements_publics_nc,5,1102,Paiamboué - La Caférie - Foué
legislatives_2024,1,988,98811,Koné,KONE,0001,808,478,330,467,7,4,4,REG,VOUDJO,Luther,MASCULIN,Luther VOUDJO,,9,,,,Salle Au Pitiri,SALLE AU PITIRI,0.556,Plateau sportif de Téari,AVENUE FOUE,EQUIPEMENT SPORTIF,Terrains sportifs normalisés,Terrain polyvalent,164.866375124843,-21.0740850901806,etablissements_publics_nc,5,1102,Paiamboué - La Caférie - Foué
legislatives_2024,1,988,98811,Koné,KONE,0001,808,478,330,467,7,4,6,DVD,PONGA,Alcide,MASCULIN,Alcide PONGA,,223,,,,Salle Au Pitiri,SALLE AU PITIRI,0.556,Plateau sportif de Téari,AVENUE FOUE,EQUIPEMENT SPORTIF,Terrains sportifs normalisés,Terrain polyvalent,164.866375124843,-21.0740850901806,etablissements_publics_nc,5,1102,Paiamboué - La Caférie - Foué
legislatives_2024,1,988,98811,Koné,KONE,0001,808,478,330,467,7,4,7,HOR,POADJA,Gérard,MASCULIN,Gérard POADJA,,37,,,,Salle Au Pitiri,SALLE AU PITIRI,0.556,Plateau sportif de Téari,AVENUE FOUE,EQUIPEMENT SPORTIF,Terrains sportifs normalisés,Terrain polyvalent,164.866375124843,-21.0740850901806,etablissements_publics_nc,5,1102,Paiamboué - La Caférie - Foué
legislatives_2024,1,988,98811,Koné,KONE,0002,174,127,47,124,2,1,1,DVG,TUKUMULI,Milakulo,MASCULIN,Milakulo TUKUMULI,,10,,,,Poindah,POINDAH,0.93,Maison commune de Poindah,,CULTUREL ET SOCIO EDUCATIF,Equipements socio-éducatifs et socio-culturels,Maison de jeune et maison de quartier,164.964442641559,-21.0372102738018,etablissements_publics_nc,7,1107,Poindah - Noelly - Néami - Netchaot
legislatives_2024,1,988,98811,Koné,KONE,0002,174,127,47,124,2,1,2,REG,TJIBAOU,Emmanuel,MASCULIN,Emmanuel TJIBAOU,,96,,,,Poindah,POINDAH,0.93,Maison commune de Poindah,,CULTUREL ET SOCIO EDUCATIF,Equipements socio-éducatifs et socio-culturels,Maison de jeune et maison de quartier,164.964442641559,-21.0372102738018,etablissements_publics_nc,7,1107,Poindah - Noelly - Néami - Netchaot
legislatives_2024,1,988,98811,Koné,KONE,0002,174,127,47,124,2,1,3,REG,FRERE,Ronald,MASCULIN,Ronald FRERE,,0,,,,Poindah,POINDAH,0.93,Maison commune de Poindah,,CULTUREL ET SOCIO EDUCATIF,Equipements socio-éducatifs et socio-culturels,Maison de jeune et maison de quartier,164.964442641559,-21.0372102738018,etablissements_publics_nc,7,1107,Poindah - Noelly - Néami - Netchaot
legislatives_2024,1,988,98811,Koné,KONE,0002,174,127,47,124,2,1,4,REG,VOUDJO,Luther,MASCULIN,Luther VOUDJO,,3,,,,Poindah,POINDAH,0.93,Maison commune de Poindah,,CULTUREL ET SOCIO EDUCATIF,Equipements socio-éducatifs et socio-culturels,Maison de jeune et maison de quartier,164.964442641559,-21.0372102738018,etablissements_publics_nc,7,1107,Poindah - Noelly - Néami - Netchaot
legislatives_2024,1,988,98811,Koné,KONE,0002,174,127,47,124,2,1,6,DVD,PONGA,Alcide,MASCULIN,Alcide PONGA,,1,,,,Poindah,POINDAH,0.93,Maison commune de Poindah,,CULTUREL ET SOCIO EDUCATIF,Equipements socio-éducatifs et socio-culturels,Maison de jeune et maison de quartier,164.964442641559,-21.0372102738018,etablissements_publics_nc,7,1107,Poindah - Noelly - Néami - Netchaot
legislatives_2024,1,988,98811,Koné,KONE,0002,174,127,47,124,2,1,7,HOR,POADJA,Gérard,MASCULIN,Gérard POADJA,,14,,,,Poindah,POINDAH,0.93,Maison commune de Poindah,,CULTUREL ET SOCIO EDUCATIF,Equipements socio-éducatifs et socio-culturels,Maison de jeune et maison de quartier,164.964442641559,-21.0372102738018,etablissements_publics_nc,7,1107,Poindah - Noelly - Néami - Netchaot
legislatives_2024,1,988,98811,Koné,KONE,0003,407,281,126,277,1,3,1,DVG,TUKUMULI,Milakulo,MASCULIN,Milakulo TUKUMULI,,8,,,,Netchaot,NETCHAOT,0.93,Ecole maternelle publique de Nétchaot,Route du STADE de NETCHAOT,ENSEIGNEMENT ET FORMATION,Enseignement du premier degré,Ecole pré-élémentaire,165.022902317548,-21.0054157631335,etablissements_publics_nc,7,1107,Poindah - Noelly - Néami - Netchaot
legislatives_2024,1,988,98811,Koné,KONE,0003,407,281,126,277,1,3,2,REG,TJIBAOU,Emmanuel,MASCULIN,Emmanuel TJIBAOU,,265,,,,Netchaot,NETCHAOT,0.93,Ecole maternelle publique de Nétchaot,Route du STADE de NETCHAOT,ENSEIGNEMENT ET FORMATION,Enseignement du premier degré,Ecole pré-élémentaire,165.022902317548,-21.0054157631335,etablissements_publics_nc,7,1107,Poindah - Noelly - Néami - Netchaot
legislatives_2024,1,988,98811,Koné,KONE,0003,407,281,126,277,1,3,3,REG,FRERE,Ronald,MASCULIN,Ronald FRERE,,0,,,,Netchaot,NETCHAOT,0.93,Ecole maternelle publique de Nétchaot,Route du STADE de NETCHAOT,ENSEIGNEMENT ET FORMATION,Enseignement du premier degré,Ecole pré-élémentaire,165.022902317548,-21.0054157631335,etablissements_publics_nc,7,1107,Poindah - Noelly - Néami - Netchaot
legislatives_2024,1,988,98811,Koné,KONE,0003,407,281,126,277,1,3,4,REG,VOUDJO,Luther,MASCULIN,Luther VOUDJO,,2,,,,Netchaot,NETCHAOT,0.93,Ecole maternelle publique de Nétchaot,Route du STADE de NETCHAOT,ENSEIGNEMENT ET FORMATION,Enseignement du premier degré,Ecole pré-élémentaire,165.022902317548,-21.0054157631335,etablissements_publics_nc,7,1107,Poindah - Noelly - Néami - Netchaot
legislatives_2024,1,988,98811,Koné,KONE,0003,407,281,126,277,1,3,6,DVD,PONGA,Alcide,MASCULIN,Alcide PONGA,,0,,,,Netchaot,NETCHAOT,0.93,Ecole maternelle publique de Nétchaot,Route du STADE de NETCHAOT,ENSEIGNEMENT ET FORMATION,Enseignement du premier degré,Ecole pré-élémentaire,165.022902317548,-21.0054157631335,etablissements_publics_nc,7,1107,Poindah - Noelly - Néami - Netchaot
legislatives_2024,1,988,98811,Koné,KONE,0003,407,281,126,277,1,3,7,HOR,POADJA,Gérard,MASCULIN,Gérard POADJA,,2,,,,Netchaot,NETCHAOT,0.93,Ecole maternelle publique de Nétchaot,Route du STADE de NETCHAOT,ENSEIGNEMENT ET FORMATION,Enseignement du premier degré,Ecole pré-élémentaire,165.022902317548,-21.0054157631335,etablissements_publics_nc,7,1107,Poindah - Noelly - Néami - Netchaot
legislatives_2024,1,988,98811,Koné,KONE,0004,287,237,50,235,1,1,1,DVG,TUKUMULI,Milakulo,MASCULIN,Milakulo TUKUMULI,,0,,,,Tiaoué,TIAOUE,0.93,Ecole publique de Tiaoué,RM5,ENSEIGNEMENT ET FORMATION,Enseignement du premier degré,Ecole primaire,164.916802108,-21.0000621217301,etablissements_publics_nc,7,1107,Poindah - Noelly - Néami - Netchaot
legislatives_2024,1,988,98811,Koné,KONE,0004,287,237,50,235,1,1,2,REG,TJIBAOU,Emmanuel,MASCULIN,Emmanuel TJIBAOU,,234,,,,Tiaoué,TIAOUE,0.93,Ecole publique de Tiaoué,RM5,ENSEIGNEMENT ET FORMATION,Enseignement du premier degré,Ecole primaire,164.916802108,-21.0000621217301,etablissements_publics_nc,7,1107,Poindah - Noelly - Néami - Netchaot
legislatives_2024,1,988,98811,Koné,KONE,0004,287,237,50,235,1,1,3,REG,FRERE,Ronald,MASCULIN,Ronald FRERE,,0,,,,Tiaoué,TIAOUE,0.93,Ecole publique de Tiaoué,RM5,ENSEIGNEMENT ET FORMATION,Enseignement du premier degré,Ecole primaire,164.916802108,-21.0000621217301,etablissements_publics_nc,7,1107,Poindah - Noelly - Néami - Netchaot
legislatives_2024,1,988,98811,Koné,KONE,0004,287,237,50,235,1,1,4,REG,VOUDJO,Luther,MASCULIN,Luther VOUDJO,,0,,,,Tiaoué,TIAOUE,0.93,Ecole publique de Tiaoué,RM5,ENSEIGNEMENT ET FORMATION,Enseignement du premier degré,Ecole primaire,164.916802108,-21.0000621217301,etablissements_publics_nc,7,1107,Poindah - Noelly - Néami - Netchaot
legislatives_2024,1,988,98811,Koné,KONE,0004,287,237,50,235,1,1,6,DVD,PONGA,Alcide,MASCULIN,Alcide PONGA,,0,,,,Tiaoué,TIAOUE,0.93,Ecole publique de Tiaoué,RM5,ENSEIGNEMENT ET FORMATION,Enseignement du premier degré,Ecole primaire,164.916802108,-21.0000621217301,etablissements_publics_nc,7,1107,Poindah - Noelly - Néami - Netchaot
legislatives_2024,1,988,98811,Koné,KONE,0004,287,237,50,235,1,1,7,HOR,POADJA,Gérard,MASCULIN,Gérard POADJA,,1,,,,Tiaoué,TIAOUE,0.93,Ecole publique de Tiaoué,RM5,ENSEIGNEMENT ET FORMATION,Enseignement du premier degré,Ecole primaire,164.916802108,-21.0000621217301,etablissements_publics_nc,7,1107,Poindah - Noelly - Néami - Netchaot
legislatives_2024,1,988,98811,Koné,KONE,0005,126,99,27,94,2,3,1,DVG,TUKUMULI,Milakulo,MASCULIN,Milakulo TUKUMULI,,2,,,,Atéou,ATEOU,0.93,Ecole publique d'Atéou,Route de l'EGLISE d'ATEOU,ENSEIGNEMENT ET FORMATION,Enseignement du premier degré,Ecole primaire,164.90654574925,-20.9500343540188,etablissements_publics_nc,7,1107,Poindah - Noelly - Néami - Netchaot
legislatives_2024,1,988,98811,Koné,KONE,0005,126,99,27,94,2,3,2,REG,TJIBAOU,Emmanuel,MASCULIN,Emmanuel TJIBAOU,,91,,,,Atéou,ATEOU,0.93,Ecole publique d'Atéou,Route de l'EGLISE d'ATEOU,ENSEIGNEMENT ET FORMATION,Enseignement du premier degré,Ecole primaire,164.90654574925,-20.9500343540188,etablissements_publics_nc,7,1107,Poindah - Noelly - Néami - Netchaot
legislatives_2024,1,988,98811,Koné,KONE,0005,126,99,27,94,2,3,3,REG,FRERE,Ronald,MASCULIN,Ronald FRERE,,0,,,,Atéou,ATEOU,0.93,Ecole publique d'Atéou,Route de l'EGLISE d'ATEOU,ENSEIGNEMENT ET FORMATION,Enseignement du premier degré,Ecole primaire,164.90654574925,-20.9500343540188,etablissements_publics_nc,7,1107,Poindah - Noelly - Néami - Netchaot
legislatives_2024,1,988,98811,Koné,KONE,0005,126,99,27,94,2,3,4,REG,VOUDJO,Luther,MASCULIN,Luther VOUDJO,,0,,,,Atéou,ATEOU,0.93,Ecole publique d'Atéou,Route de l'EGLISE d'ATEOU,ENSEIGNEMENT ET FORMATION,Enseignement du premier degré,Ecole primaire,164.90654574925,-20.9500343540188,etablissements_publics_nc,7,1107,Poindah - Noelly - Néami - Netchaot
legislatives_2024,1,988,98811,Koné,KONE,0005,126,99,27,94,2,3,6,DVD,PONGA,Alcide,MASCULIN,Alcide PONGA,,0,,,,Atéou,ATEOU,0.93,Ecole publique d'Atéou,Route de l'EGLISE d'ATEOU,ENSEIGNEMENT ET FORMATION,Enseignement du premier degré,Ecole primaire,164.90654574925,-20.9500343540188,etablissements_publics_nc,7,1107,Poindah - Noelly - Néami - Netchaot
legislatives_2024,1,988,98811,Koné,KONE,0005,126,99,27,94,2,3,7,HOR,POADJA,Gérard,MASCULIN,Gérard POADJA,,1,,,,Atéou,ATEOU,0.93,Ecole publique d'Atéou,Route de l'EGLISE d'ATEOU,ENSEIGNEMENT ET FORMATION,Enseignement du premier degré,Ecole primaire,164.90654574925,-20.9500343540188,etablissements_publics_nc,7,1107,Poindah - Noelly - Néami - Netchaot
legislatives_2024,1,988,98811,Koné,KONE,0006,234,175,59,174,0,1,1,DVG,TUKUMULI,Milakulo,MASCULIN,Milakulo TUKUMULI,,0,,,,Bopope,BOPOPE,0.93,Ecole privée protestante Bopope,ROUTE BOPOPE BOPOPE,ENSEIGNEMENT ET FORMATION,Enseignement du premier degré,Ecole primaire,165.079714634727,-20.9178415050895,etablissements_publics_nc,8,1108,Bopope
legislatives_2024,1,988,98811,Koné,KONE,0006,234,175,59,174,0,1,2,REG,TJIBAOU,Emmanuel,MASCULIN,Emmanuel TJIBAOU,,171,,,,Bopope,BOPOPE,0.93,Ecole privée protestante Bopope,ROUTE BOPOPE BOPOPE,ENSEIGNEMENT ET FORMATION,Enseignement du premier degré,Ecole primaire,165.079714634727,-20.9178415050895,etablissements_publics_nc,8,1108,Bopope
legislatives_2024,1,988,98811,Koné,KONE,0006,234,175,59,174,0,1,3,REG,FRERE,Ronald,MASCULIN,Ronald FRERE,,0,,,,Bopope,BOPOPE,0.93,Ecole privée protestante Bopope,ROUTE BOPOPE BOPOPE,ENSEIGNEMENT ET FORMATION,Enseignement du premier degré,Ecole primaire,165.079714634727,-20.9178415050895,etablissements_publics_nc,8,1108,Bopope
legislatives_2024,1,988,98811,Koné,KONE,0006,234,175,59,174,0,1,4,REG,VOUDJO,Luther,MASCULIN,Luther VOUDJO,,2,,,,Bopope,BOPOPE,0.93,Ecole privée protestante Bopope,ROUTE BOPOPE BOPOPE,ENSEIGNEMENT ET FORMATION,Enseignement du premier degré,Ecole primaire,165.079714634727,-20.9178415050895,etablissements_publics_nc,8,1108,Bopope
legislatives_2024,1,988,98811,Koné,KONE,0006,234,175,59,174,0,1,6,DVD,PONGA,Alcide,MASCULIN,Alcide PONGA,,1,,,,Bopope,BOPOPE,0.93,Ecole privée protestante Bopope,ROUTE BOPOPE BOPOPE,ENSEIGNEMENT ET FORMATION,Enseignement du premier degré,Ecole primaire,165.079714634727,-20.9178415050895,etablissements_publics_nc,8,1108,Bopope
legislatives_2024,1,988,98811,Koné,KONE,0006,234,175,59,174,0,1,7,HOR,POADJA,Gérard,MASCULIN,Gérard POADJA,,0,,,,Bopope,BOPOPE,0.93,Ecole privée protestante Bopope,ROUTE BOPOPE BOPOPE,ENSEIGNEMENT ET FORMATION,Enseignement du premier degré,Ecole primaire,165.079714634727,-20.9178415050895,etablissements_publics_nc,8,1108,Bopope
legislatives_2024,1,988,98811,Koné,KONE,0007,232,149,83,149,0,0,1,DVG,TUKUMULI,Milakulo,MASCULIN,Milakulo TUKUMULI,,3,,,,Néami,NEAMI,0.93,Ecole maternelle publique de Néami,Route GOROPOADJILEI,ENSEIGNEMENT ET FORMATION,Enseignement du premier degré,Ecole pré-élémentaire,164.971958124292,-20.977983356452,etablissements_publics_nc,7,1107,Poindah - Noelly - Néami - Netchaot
legislatives_2024,1,988,98811,Koné,KONE,0007,232,149,83,149,0,0,2,REG,TJIBAOU,Emmanuel,MASCULIN,Emmanuel TJIBAOU,,135,,,,Néami,NEAMI,0.93,Ecole maternelle publique de Néami,Route GOROPOADJILEI,ENSEIGNEMENT ET FORMATION,Enseignement du premier degré,Ecole pré-élémentaire,164.971958124292,-20.977983356452,etablissements_publics_nc,7,1107,Poindah - Noelly - Néami - Netchaot
legislatives_2024,1,988,98811,Koné,KONE,0007,232,149,83,149,0,0,3,REG,FRERE,Ronald,MASCULIN,Ronald FRERE,,0,,,,Néami,NEAMI,0.93,Ecole maternelle publique de Néami,Route GOROPOADJILEI,ENSEIGNEMENT ET FORMATION,Enseignement du premier degré,Ecole pré-élémentaire,164.971958124292,-20.977983356452,etablissements_publics_nc,7,1107,Poindah - Noelly - Néami - Netchaot
legislatives_2024,1,988,98811,Koné,KONE,0007,232,149,83,149,0,0,4,REG,VOUDJO,Luther,MASCULIN,Luther VOUDJO,,5,,,,Néami,NEAMI,0.93,Ecole maternelle publique de Néami,Route GOROPOADJILEI,ENSEIGNEMENT ET FORMATION,Enseignement du premier degré,Ecole pré-élémentaire,164.971958124292,-20.977983356452,etablissements_publics_nc,7,1107,Poindah - Noelly - Néami - Netchaot
legislatives_2024,1,988,98811,Koné,KONE,0007,232,149,83,149,0,0,6,DVD,PONGA,Alcide,MASCULIN,Alcide PONGA,,3,,,,Néami,NEAMI,0.93,Ecole maternelle publique de Néami,Route GOROPOADJILEI,ENSEIGNEMENT ET FORMATION,Enseignement du premier degré,Ecole pré-élémentaire,164.971958124292,-20.977983356452,etablissements_publics_nc,7,1107,Poindah - Noelly - Néami - Netchaot
legislatives_2024,1,988,98811,Koné,KONE,0007,232,149,83,149,0,0,7,HOR,POADJA,Gérard,MASCULIN,Gérard POADJA,,3,,,,Néami,NEAMI,0.93,Ecole maternelle publique de Néami,Route GOROPOADJILEI,ENSEIGNEMENT ET FORMATION,Enseignement du premier degré,Ecole pré-élémentaire,164.971958124292,-20.977983356452,etablissements_publics_nc,7,1107,Poindah - Noelly - Néami - Netchaot
legislatives_2024,1,988,98811,Koné,KONE,0008,483,348,135,344,0,4,1,DVG,TUKUMULI,Milakulo,MASCULIN,Milakulo TUKUMULI,,17,,,,Baco,BACO,0.93,Maison commune de Baco,,CULTUREL ET SOCIO EDUCATIF,Equipements socio-éducatifs et socio-culturels,Maison de jeune et maison de quartier,164.895177171264,-21.0667090848805,etablissements_publics_nc,6,1103,Baco - Koniambo
legislatives_2024,1,988,98811,Koné,KONE,0008,483,348,135,344,0,4,2,REG,TJIBAOU,Emmanuel,MASCULIN,Emmanuel TJIBAOU,,297,,,,Baco,BACO,0.93,Maison commune de Baco,,CULTUREL ET SOCIO EDUCATIF,Equipements socio-éducatifs et socio-culturels,Maison de jeune et maison de quartier,164.895177171264,-21.0667090848805,etablissements_publics_nc,6,1103,Baco - Koniambo
legislatives_2024,1,988,98811,Koné,KONE,0008,483,348,135,344,0,4,3,REG,FRERE,Ronald,MASCULIN,Ronald FRERE,,1,,,,Baco,BACO,0.93,Maison commune de Baco,,CULTUREL ET SOCIO EDUCATIF,Equipements socio-éducatifs et socio-culturels,Maison de jeune et maison de quartier,164.895177171264,-21.0667090848805,etablissements_publics_nc,6,1103,Baco - Koniambo
legislatives_2024,1,988,98811,Koné,KONE,0008,483,348,135,344,0,4,4,REG,VOUDJO,Luther,MASCULIN,Luther VOUDJO,,10,,,,Baco,BACO,0.93,Maison commune de Baco,,CULTUREL ET SOCIO EDUCATIF,Equipements socio-éducatifs et socio-culturels,Maison de jeune et maison de quartier,164.895177171264,-21.0667090848805,etablissements_publics_nc,6,1103,Baco - Koniambo
legislatives_2024,1,988,98811,Koné,KONE,0008,483,348,135,344,0,4,6,DVD,PONGA,Alcide,MASCULIN,Alcide PONGA,,12,,,,Baco,BACO,0.93,Maison commune de Baco,,CULTUREL ET SOCIO EDUCATIF,Equipements socio-éducatifs et socio-culturels,Maison de jeune et maison de quartier,164.895177171264,-21.0667090848805,etablissements_publics_nc,6,1103,Baco - Koniambo
legislatives_2024,1,988,98811,Koné,KONE,0008,483,348,135,344,0,4,7,HOR,POADJA,Gérard,MASCULIN,Gérard POADJA,,7,,,,Baco,BACO,0.93,Maison commune de Baco,,CULTUREL ET SOCIO EDUCATIF,Equipements socio-éducatifs et socio-culturels,Maison de jeune et maison de quartier,164.895177171264,-21.0667090848805,etablissements_publics_nc,6,1103,Baco - Koniambo
legislatives_2024,1,988,98811,Koné,KONE,0009,801,574,227,563,7,4,1,DVG,TUKUMULI,Milakulo,MASCULIN,Milakulo TUKUMULI,,35,,,,École primaire Les Cigales,ECOLE PRIMAIRE CIGALES,0.88,Ecole publique Les Cigales,12 RUE DES ABEILLES,ENSEIGNEMENT ET FORMATION,Enseignement du premier degré,Ecole primaire,164.8701529762,-21.0521518022935,etablissements_publics_nc,4,1101,Koné village
legislatives_2024,1,988,98811,Koné,KONE,0009,801,574,227,563,7,4,2,REG,TJIBAOU,Emmanuel,MASCULIN,Emmanuel TJIBAOU,,365,,,,École primaire Les Cigales,ECOLE PRIMAIRE CIGALES,0.88,Ecole publique Les Cigales,12 RUE DES ABEILLES,ENSEIGNEMENT ET FORMATION,Enseignement du premier degré,Ecole primaire,164.8701529762,-21.0521518022935,etablissements_publics_nc,4,1101,Koné village
legislatives_2024,1,988,98811,Koné,KONE,0009,801,574,227,563,7,4,3,REG,FRERE,Ronald,MASCULIN,Ronald FRERE,,5,,,,École primaire Les Cigales,ECOLE PRIMAIRE CIGALES,0.88,Ecole publique Les Cigales,12 RUE DES ABEILLES,ENSEIGNEMENT ET FORMATION,Enseignement du premier degré,Ecole primaire,164.8701529762,-21.0521518022935,etablissements_publics_nc,4,1101,Koné village
legislatives_2024,1,988,98811,Koné,KONE,0009,801,574,227,563,7,4,4,REG,VOUDJO,Luther,MASCULIN,Luther VOUDJO,,13,,,,École primaire Les Cigales,ECOLE PRIMAIRE CIGALES,0.88,Ecole publique Les Cigales,12 RUE DES ABEILLES,ENSEIGNEMENT ET FORMATION,Enseignement du premier degré,Ecole primaire,164.8701529762,-21.0521518022935,etablissements_publics_nc,4,1101,Koné village
legislatives_2024,1,988,98811,Koné,KONE,0009,801,574,227,563,7,4,6,DVD,PONGA,Alcide,MASCULIN,Alcide PONGA,,117,,,,École primaire Les Cigales,ECOLE PRIMAIRE CIGALES,0.88,Ecole publique Les Cigales,12 RUE DES ABEILLES,ENSEIGNEMENT ET FORMATION,Enseignement du premier degré,Ecole primaire,164.8701529762,-21.0521518022935,etablissements_publics_nc,4,1101,Koné village
legislatives_2024,1,988,98811,Koné,KONE,0009,801,574,227,563,7,4,7,HOR,POADJA,Gérard,MASCULIN,Gérard POADJA,,28,,,,École primaire Les Cigales,ECOLE PRIMAIRE CIGALES,0.88,Ecole publique Les Cigales,12 RUE DES ABEILLES,ENSEIGNEMENT ET FORMATION,Enseignement du premier degré,Ecole primaire,164.8701529762,-21.0521518022935,etablissements_publics_nc,4,1101,Koné village
legislatives_2024,1,988,98811,Koné,KONE,0010,224,163,61,162,0,1,1,DVG,TUKUMULI,Milakulo,MASCULIN,Milakulo TUKUMULI,,2,,,,Noëlly,NOELLY,0.93,Ecole maternelle publique de Noelly,Route de l'ECOLE de NOELI,ENSEIGNEMENT ET FORMATION,Enseignement du premier degré,Ecole pré-élémentaire,164.947538773364,-21.0048750710989,etablissements_publics_nc,7,1107,Poindah - Noelly - Néami - Netchaot
legislatives_2024,1,988,98811,Koné,KONE,0010,224,163,61,162,0,1,2,REG,TJIBAOU,Emmanuel,MASCULIN,Emmanuel TJIBAOU,,157,,,,Noëlly,NOELLY,0.93,Ecole maternelle publique de Noelly,Route de l'ECOLE de NOELI,ENSEIGNEMENT ET FORMATION,Enseignement du premier degré,Ecole pré-élémentaire,164.947538773364,-21.0048750710989,etablissements_publics_nc,7,1107,Poindah - Noelly - Néami - Netchaot
legislatives_2024,1,988,98811,Koné,KONE,0010,224,163,61,162,0,1,3,REG,FRERE,Ronald,MASCULIN,Ronald FRERE,,0,,,,Noëlly,NOELLY,0.93,Ecole maternelle publique de Noelly,Route de l'ECOLE de NOELI,ENSEIGNEMENT ET FORMATION,Enseignement du premier degré,Ecole pré-élémentaire,164.947538773364,-21.0048750710989,etablissements_publics_nc,7,1107,Poindah - Noelly - Néami - Netchaot
legislatives_2024,1,988,98811,Koné,KONE,0010,224,163,61,162,0,1,4,REG,VOUDJO,Luther,MASCULIN,Luther VOUDJO,,2,,,,Noëlly,NOELLY,0.93,Ecole maternelle publique de Noelly,Route de l'ECOLE de NOELI,ENSEIGNEMENT ET FORMATION,Enseignement du premier degré,Ecole pré-élémentaire,164.947538773364,-21.0048750710989,etablissements_publics_nc,7,1107,Poindah - Noelly - Néami - Netchaot
legislatives_2024,1,988,98811,Koné,KONE,0010,224,163,61,162,0,1,6,DVD,PONGA,Alcide,MASCULIN,Alcide PONGA,,0,,,,Noëlly,NOELLY,0.93,Ecole maternelle publique de Noelly,Route de l'ECOLE de NOELI,ENSEIGNEMENT ET FORMATION,Enseignement du premier degré,Ecole pré-élémentaire,164.947538773364,-21.0048750710989,etablissements_publics_nc,7,1107,Poindah - Noelly - Néami - Netchaot
legislatives_2024,1,988,98811,Koné,KONE,0010,224,163,61,162,0,1,7,HOR,POADJA,Gérard,MASCULIN,Gérard POADJA,,1,,,,Noëlly,NOELLY,0.93,Ecole maternelle publique de Noelly,Route de l'ECOLE de NOELI,ENSEIGNEMENT ET FORMATION,Enseignement du premier degré,Ecole pré-élémentaire,164.947538773364,-21.0048750710989,etablissements_publics_nc,7,1107,Poindah - Noelly - Néami - Netchaot
legislatives_2024,1,988,98811,Koné,KONE,0011,856,531,325,519,10,2,1,DVG,TUKUMULI,Milakulo,MASCULIN,Milakulo TUKUMULI,,61,,,,École Téari,ECOLE TEARI,0.636,Déchetterie,5135 AVENUE DU LAPITA,TRANSPORT ET DECHET,Gestion des déchets,Installation de stockage des déchets,164.82630681362,-21.0553442775238,etablissements_publics_nc,4,1101,Koné village
legislatives_2024,1,988,98811,Koné,KONE,0011,856,531,325,519,10,2,2,REG,TJIBAOU,Emmanuel,MASCULIN,Emmanuel TJIBAOU,,207,,,,École Téari,ECOLE TEARI,0.636,Déchetterie,5135 AVENUE DU LAPITA,TRANSPORT ET DECHET,Gestion des déchets,Installation de stockage des déchets,164.82630681362,-21.0553442775238,etablissements_publics_nc,4,1101,Koné village
legislatives_2024,1,988,98811,Koné,KONE,0011,856,531,325,519,10,2,3,REG,FRERE,Ronald,MASCULIN,Ronald FRERE,,11,,,,École Téari,ECOLE TEARI,0.636,Déchetterie,5135 AVENUE DU LAPITA,TRANSPORT ET DECHET,Gestion des déchets,Installation de stockage des déchets,164.82630681362,-21.0553442775238,etablissements_publics_nc,4,1101,Koné village
legislatives_2024,1,988,98811,Koné,KONE,0011,856,531,325,519,10,2,4,REG,VOUDJO,Luther,MASCULIN,Luther VOUDJO,,11,,,,École Téari,ECOLE TEARI,0.636,Déchetterie,5135 AVENUE DU LAPITA,TRANSPORT ET DECHET,Gestion des déchets,Installation de stockage des déchets,164.82630681362,-21.0553442775238,etablissements_publics_nc,4,1101,Koné village
legislatives_2024,1,988,98811,Koné,KONE,0011,856,531,325,519,10,2,6,DVD,PONGA,Alcide,MASCULIN,Alcide PONGA,,196,,,,École Téari,ECOLE TEARI,0.636,Déchetterie,5135 AVENUE DU LAPITA,TRANSPORT ET DECHET,Gestion des déchets,Installation de stockage des déchets,164.82630681362,-21.0553442775238,etablissements_publics_nc,4,1101,Koné village
legislatives_2024,1,988,98811,Koné,KONE,0011,856,531,325,519,10,2,7,HOR,POADJA,Gérard,MASCULIN,Gérard POADJA,,33,,,,École Téari,ECOLE TEARI,0.636,Déchetterie,5135 AVENUE DU LAPITA,TRANSPORT ET DECHET,Gestion des déchets,Installation de stockage des déchets,164.82630681362,-21.0553442775238,etablissements_publics_nc,4,1101,Koné village
legislatives_2024,1,988,98811,Koné,KONE,0012,643,428,215,414,11,3,1,DVG,TUKUMULI,Milakulo,MASCULIN,Milakulo TUKUMULI,,31,,,,Les Allamandas,ALLAMANDAS,0.93,Ecole publique Les Allamandas,242 RUE PAUL NAPOAREA,ENSEIGNEMENT ET FORMATION,Enseignement du premier degré,Ecole primaire,164.856461111321,-21.052040276968,etablissements_publics_nc,4,1101,Koné village
legislatives_2024,1,988,98811,Koné,KONE,0012,643,428,215,414,11,3,2,REG,TJIBAOU,Emmanuel,MASCULIN,Emmanuel TJIBAOU,,126,,,,Les Allamandas,ALLAMANDAS,0.93,Ecole publique Les Allamandas,242 RUE PAUL NAPOAREA,ENSEIGNEMENT ET FORMATION,Enseignement du premier degré,Ecole primaire,164.856461111321,-21.052040276968,etablissements_publics_nc,4,1101,Koné village
legislatives_2024,1,988,98811,Koné,KONE,0012,643,428,215,414,11,3,3,REG,FRERE,Ronald,MASCULIN,Ronald FRERE,,4,,,,Les Allamandas,ALLAMANDAS,0.93,Ecole publique Les Allamandas,242 RUE PAUL NAPOAREA,ENSEIGNEMENT ET FORMATION,Enseignement du premier degré,Ecole primaire,164.856461111321,-21.052040276968,etablissements_publics_nc,4,1101,Koné village
legislatives_2024,1,988,98811,Koné,KONE,0012,643,428,215,414,11,3,4,REG,VOUDJO,Luther,MASCULIN,Luther VOUDJO,,7,,,,Les Allamandas,ALLAMANDAS,0.93,Ecole publique Les Allamandas,242 RUE PAUL NAPOAREA,ENSEIGNEMENT ET FORMATION,Enseignement du premier degré,Ecole primaire,164.856461111321,-21.052040276968,etablissements_publics_nc,4,1101,Koné village
legislatives_2024,1,988,98811,Koné,KONE,0012,643,428,215,414,11,3,6,DVD,PONGA,Alcide,MASCULIN,Alcide PONGA,,200,,,,Les Allamandas,ALLAMANDAS,0.93,Ecole publique Les Allamandas,242 RUE PAUL NAPOAREA,ENSEIGNEMENT ET FORMATION,Enseignement du premier degré,Ecole primaire,164.856461111321,-21.052040276968,etablissements_publics_nc,4,1101,Koné village
legislatives_2024,1,988,98811,Koné,KONE,0012,643,428,215,414,11,3,7,HOR,POADJA,Gérard,MASCULIN,Gérard POADJA,,46,,,,Les Allamandas,ALLAMANDAS,0.93,Ecole publique Les Allamandas,242 RUE PAUL NAPOAREA,ENSEIGNEMENT ET FORMATION,Enseignement du premier degré,Ecole primaire,164.856461111321,-21.052040276968,etablissements_publics_nc,4,1101,Koné village
legislatives_2024,1,988,98812,Koumac,KOUMAC,0001,1379,920,459,909,8,3,1,DVG,TUKUMULI,Milakulo,MASCULIN,Milakulo TUKUMULI,,59,,,,Mairie 1 et centralisateur,MAIRIE ET CENTRALISATEUR,0.99,Mairie de Koumac,,ADMINISTRATION ET ORGANISME,Administrations des collectivités,Administration de la commune de Koumac,164.280241420927,-20.5602050455624,arrete_manual_etablissements,9,1201,Koumac village
legislatives_2024,1,988,98812,Koumac,KOUMAC,0001,1379,920,459,909,8,3,2,REG,TJIBAOU,Emmanuel,MASCULIN,Emmanuel TJIBAOU,,430,,,,Mairie 1 et centralisateur,MAIRIE ET CENTRALISATEUR,0.99,Mairie de Koumac,,ADMINISTRATION ET ORGANISME,Administrations des collectivités,Administration de la commune de Koumac,164.280241420927,-20.5602050455624,arrete_manual_etablissements,9,1201,Koumac village
legislatives_2024,1,988,98812,Koumac,KOUMAC,0001,1379,920,459,909,8,3,3,REG,FRERE,Ronald,MASCULIN,Ronald FRERE,,14,,,,Mairie 1 et centralisateur,MAIRIE ET CENTRALISATEUR,0.99,Mairie de Koumac,,ADMINISTRATION ET ORGANISME,Administrations des collectivités,Administration de la commune de Koumac,164.280241420927,-20.5602050455624,arrete_manual_etablissements,9,1201,Koumac village
legislatives_2024,1,988,98812,Koumac,KOUMAC,0001,1379,920,459,909,8,3,4,REG,VOUDJO,Luther,MASCULIN,Luther VOUDJO,,15,,,,Mairie 1 et centralisateur,MAIRIE ET CENTRALISATEUR,0.99,Mairie de Koumac,,ADMINISTRATION ET ORGANISME,Administrations des collectivités,Administration de la commune de Koumac,164.280241420927,-20.5602050455624,arrete_manual_etablissements,9,1201,Koumac village
legislatives_2024,1,988,98812,Koumac,KOUMAC,0001,1379,920,459,909,8,3,6,DVD,PONGA,Alcide,MASCULIN,Alcide PONGA,,358,,,,Mairie 1 et centralisateur,MAIRIE ET CENTRALISATEUR,0.99,Mairie de Koumac,,ADMINISTRATION ET ORGANISME,Administrations des collectivités,Administration de la commune de Koumac,164.280241420927,-20.5602050455624,arrete_manual_etablissements,9,1201,Koumac village
legislatives_2024,1,988,98812,Koumac,KOUMAC,0001,1379,920,459,909,8,3,7,HOR,POADJA,Gérard,MASCULIN,Gérard POADJA,,33,,,,Mairie 1 et centralisateur,MAIRIE ET CENTRALISATEUR,0.99,Mairie de Koumac,,ADMINISTRATION ET ORGANISME,Administrations des collectivités,Administration de la commune de Koumac,164.280241420927,-20.5602050455624,arrete_manual_etablissements,9,1201,Koumac village
legislatives_2024,1,988,98812,Koumac,KOUMAC,0002,1780,1172,608,1156,8,8,1,DVG,TUKUMULI,Milakulo,MASCULIN,Milakulo TUKUMULI,,97,,,,École primaire Charles Mermoud 2,ECOLE PRIMAIRE CHARLES MERMOUD,0.874,Ecole Charles MERMOUD,,ENSEIGNEMENT ET FORMATION,Enseignement du premier degré,Ecole primaire,164.282519595968,-20.5572929814306,etablissements_publics_nc,9,1201,Koumac village
legislatives_2024,1,988,98812,Koumac,KOUMAC,0002,1780,1172,608,1156,8,8,2,REG,TJIBAOU,Emmanuel,MASCULIN,Emmanuel TJIBAOU,,340,,,,École primaire Charles Mermoud 2,ECOLE PRIMAIRE CHARLES MERMOUD,0.874,Ecole Charles MERMOUD,,ENSEIGNEMENT ET FORMATION,Enseignement du premier degré,Ecole primaire,164.282519595968,-20.5572929814306,etablissements_publics_nc,9,1201,Koumac village
legislatives_2024,1,988,98812,Koumac,KOUMAC,0002,1780,1172,608,1156,8,8,3,REG,FRERE,Ronald,MASCULIN,Ronald FRERE,,12,,,,École primaire Charles Mermoud 2,ECOLE PRIMAIRE CHARLES MERMOUD,0.874,Ecole Charles MERMOUD,,ENSEIGNEMENT ET FORMATION,Enseignement du premier degré,Ecole primaire,164.282519595968,-20.5572929814306,etablissements_publics_nc,9,1201,Koumac village
legislatives_2024,1,988,98812,Koumac,KOUMAC,0002,1780,1172,608,1156,8,8,4,REG,VOUDJO,Luther,MASCULIN,Luther VOUDJO,,11,,,,École primaire Charles Mermoud 2,ECOLE PRIMAIRE CHARLES MERMOUD,0.874,Ecole Charles MERMOUD,,ENSEIGNEMENT ET FORMATION,Enseignement du premier degré,Ecole primaire,164.282519595968,-20.5572929814306,etablissements_publics_nc,9,1201,Koumac village
legislatives_2024,1,988,98812,Koumac,KOUMAC,0002,1780,1172,608,1156,8,8,6,DVD,PONGA,Alcide,MASCULIN,Alcide PONGA,,632,,,,École primaire Charles Mermoud 2,ECOLE PRIMAIRE CHARLES MERMOUD,0.874,Ecole Charles MERMOUD,,ENSEIGNEMENT ET FORMATION,Enseignement du premier degré,Ecole primaire,164.282519595968,-20.5572929814306,etablissements_publics_nc,9,1201,Koumac village
legislatives_2024,1,988,98812,Koumac,KOUMAC,0002,1780,1172,608,1156,8,8,7,HOR,POADJA,Gérard,MASCULIN,Gérard POADJA,,64,,,,École primaire Charles Mermoud 2,ECOLE PRIMAIRE CHARLES MERMOUD,0.874,Ecole Charles MERMOUD,,ENSEIGNEMENT ET FORMATION,Enseignement du premier degré,Ecole primaire,164.282519595968,-20.5572929814306,etablissements_publics_nc,9,1201,Koumac village
legislatives_2024,1,988,98813,La Foa,LAFOA,0001,963,647,316,627,10,10,1,DVG,TUKUMULI,Milakulo,MASCULIN,Milakulo TUKUMULI,,78,,,,Centre socio-culturel,CENTRE SOCIO CULTUREL,,,,,,,165.82495689060195,-21.708500844468237,arrete_manual_tribus,12,1301,La Foa village
legislatives_2024,1,988,98813,La Foa,LAFOA,0001,963,647,316,627,10,10,2,REG,TJIBAOU,Emmanuel,MASCULIN,Emmanuel TJIBAOU,,156,,,,Centre socio-culturel,CENTRE SOCIO CULTUREL,,,,,,,165.82495689060195,-21.708500844468237,arrete_manual_tribus,12,1301,La Foa village
legislatives_2024,1,988,98813,La Foa,LAFOA,0001,963,647,316,627,10,10,3,REG,FRERE,Ronald,MASCULIN,Ronald FRERE,,7,,,,Centre socio-culturel,CENTRE SOCIO CULTUREL,,,,,,,165.82495689060195,-21.708500844468237,arrete_manual_tribus,12,1301,La Foa village
legislatives_2024,1,988,98813,La Foa,LAFOA,0001,963,647,316,627,10,10,4,REG,VOUDJO,Luther,MASCULIN,Luther VOUDJO,,2,,,,Centre socio-culturel,CENTRE SOCIO CULTUREL,,,,,,,165.82495689060195,-21.708500844468237,arrete_manual_tribus,12,1301,La Foa village
legislatives_2024,1,988,98813,La Foa,LAFOA,0001,963,647,316,627,10,10,6,DVD,PONGA,Alcide,MASCULIN,Alcide PONGA,,278,,,,Centre socio-culturel,CENTRE SOCIO CULTUREL,,,,,,,165.82495689060195,-21.708500844468237,arrete_manual_tribus,12,1301,La Foa village
legislatives_2024,1,988,98813,La Foa,LAFOA,0001,963,647,316,627,10,10,7,HOR,POADJA,Gérard,MASCULIN,Gérard POADJA,,106,,,,Centre socio-culturel,CENTRE SOCIO CULTUREL,,,,,,,165.82495689060195,-21.708500844468237,arrete_manual_tribus,12,1301,La Foa village
legislatives_2024,1,988,98813,La Foa,LAFOA,0002,840,593,247,588,1,4,1,DVG,TUKUMULI,Milakulo,MASCULIN,Milakulo TUKUMULI,,33,,,,Centre socio-culturel,CENTRE SOCIO CULTUREL,,,,,,,165.82495689060195,-21.708500844468237,arrete_manual_tribus,12,1301,La Foa village
legislatives_2024,1,988,98813,La Foa,LAFOA,0002,840,593,247,588,1,4,2,REG,TJIBAOU,Emmanuel,MASCULIN,Emmanuel TJIBAOU,,228,,,,Centre socio-culturel,CENTRE SOCIO CULTUREL,,,,,,,165.82495689060195,-21.708500844468237,arrete_manual_tribus,12,1301,La Foa village
legislatives_2024,1,988,98813,La Foa,LAFOA,0002,840,593,247,588,1,4,3,REG,FRERE,Ronald,MASCULIN,Ronald FRERE,,5,,,,Centre socio-culturel,CENTRE SOCIO CULTUREL,,,,,,,165.82495689060195,-21.708500844468237,arrete_manual_tribus,12,1301,La Foa village
legislatives_2024,1,988,98813,La Foa,LAFOA,0002,840,593,247,588,1,4,4,REG,VOUDJO,Luther,MASCULIN,Luther VOUDJO,,3,,,,Centre socio-culturel,CENTRE SOCIO CULTUREL,,,,,,,165.82495689060195,-21.708500844468237,arrete_manual_tribus,12,1301,La Foa village
legislatives_2024,1,988,98813,La Foa,LAFOA,0002,840,593,247,588,1,4,6,DVD,PONGA,Alcide,MASCULIN,Alcide PONGA,,252,,,,Centre socio-culturel,CENTRE SOCIO CULTUREL,,,,,,,165.82495689060195,-21.708500844468237,arrete_manual_tribus,12,1301,La Foa village
legislatives_2024,1,988,98813,La Foa,LAFOA,0002,840,593,247,588,1,4,7,HOR,POADJA,Gérard,MASCULIN,Gérard POADJA,,67,,,,Centre socio-culturel,CENTRE SOCIO CULTUREL,,,,,,,165.82495689060195,-21.708500844468237,arrete_manual_tribus,12,1301,La Foa village
legislatives_2024,1,988,98813,La Foa,LAFOA,0003,821,588,233,575,8,5,1,DVG,TUKUMULI,Milakulo,MASCULIN,Milakulo TUKUMULI,,60,,,,Centre socio-culturel,CENTRE SOCIO CULTUREL,,,,,,,165.82495689060195,-21.708500844468237,arrete_manual_tribus,12,1301,La Foa village
legislatives_2024,1,988,98813,La Foa,LAFOA,0003,821,588,233,575,8,5,2,REG,TJIBAOU,Emmanuel,MASCULIN,Emmanuel TJIBAOU,,170,,,,Centre socio-culturel,CENTRE SOCIO CULTUREL,,,,,,,165.82495689060195,-21.708500844468237,arrete_manual_tribus,12,1301,La Foa village
legislatives_2024,1,988,98813,La Foa,LAFOA,0003,821,588,233,575,8,5,3,REG,FRERE,Ronald,MASCULIN,Ronald FRERE,,4,,,,Centre socio-culturel,CENTRE SOCIO CULTUREL,,,,,,,165.82495689060195,-21.708500844468237,arrete_manual_tribus,12,1301,La Foa village
legislatives_2024,1,988,98813,La Foa,LAFOA,0003,821,588,233,575,8,5,4,REG,VOUDJO,Luther,MASCULIN,Luther VOUDJO,,5,,,,Centre socio-culturel,CENTRE SOCIO CULTUREL,,,,,,,165.82495689060195,-21.708500844468237,arrete_manual_tribus,12,1301,La Foa village
legislatives_2024,1,988,98813,La Foa,LAFOA,0003,821,588,233,575,8,5,6,DVD,PONGA,Alcide,MASCULIN,Alcide PONGA,,281,,,,Centre socio-culturel,CENTRE SOCIO CULTUREL,,,,,,,165.82495689060195,-21.708500844468237,arrete_manual_tribus,12,1301,La Foa village
legislatives_2024,1,988,98813,La Foa,LAFOA,0003,821,588,233,575,8,5,7,HOR,POADJA,Gérard,MASCULIN,Gérard POADJA,,55,,,,Centre socio-culturel,CENTRE SOCIO CULTUREL,,,,,,,165.82495689060195,-21.708500844468237,arrete_manual_tribus,12,1301,La Foa village
legislatives_2024,1,988,98813,La Foa,LAFOA,0004,843,557,286,544,6,7,1,DVG,TUKUMULI,Milakulo,MASCULIN,Milakulo TUKUMULI,,111,,,,Centre socio-culturel,CENTRE SOCIO CULTUREL,,,,,,,165.82495689060195,-21.708500844468237,arrete_manual_tribus,12,1301,La Foa village
legislatives_2024,1,988,98813,La Foa,LAFOA,0004,843,557,286,544,6,7,2,REG,TJIBAOU,Emmanuel,MASCULIN,Emmanuel TJIBAOU,,128,,,,Centre socio-culturel,CENTRE SOCIO CULTUREL,,,,,,,165.82495689060195,-21.708500844468237,arrete_manual_tribus,12,1301,La Foa village
legislatives_2024,1,988,98813,La Foa,LAFOA,0004,843,557,286,544,6,7,3,REG,FRERE,Ronald,MASCULIN,Ronald FRERE,,6,,,,Centre socio-culturel,CENTRE SOCIO CULTUREL,,,,,,,165.82495689060195,-21.708500844468237,arrete_manual_tribus,12,1301,La Foa village
legislatives_2024,1,988,98813,La Foa,LAFOA,0004,843,557,286,544,6,7,4,REG,VOUDJO,Luther,MASCULIN,Luther VOUDJO,,5,,,,Centre socio-culturel,CENTRE SOCIO CULTUREL,,,,,,,165.82495689060195,-21.708500844468237,arrete_manual_tribus,12,1301,La Foa village
legislatives_2024,1,988,98813,La Foa,LAFOA,0004,843,557,286,544,6,7,6,DVD,PONGA,Alcide,MASCULIN,Alcide PONGA,,222,,,,Centre socio-culturel,CENTRE SOCIO CULTUREL,,,,,,,165.82495689060195,-21.708500844468237,arrete_manual_tribus,12,1301,La Foa village
legislatives_2024,1,988,98813,La Foa,LAFOA,0004,843,557,286,544,6,7,7,HOR,POADJA,Gérard,MASCULIN,Gérard POADJA,,72,,,,Centre socio-culturel,CENTRE SOCIO CULTUREL,,,,,,,165.82495689060195,-21.708500844468237,arrete_manual_tribus,12,1301,La Foa village
legislatives_2024,1,988,98814,Lifou,LIFOU,0001,707,425,282,423,2,0,1,HOR,DUNOYER,Philippe,MASCULIN,Philippe DUNOYER,,28,,,,Faré des îles,FARE ILES,,,,,,,164.9011843365689,-21.121493041727785,arrete_manual_tribus,112,2501,Pouembout village
legislatives_2024,1,988,98814,Lifou,LIFOU,0001,707,425,282,423,2,0,2,DVD,METZDORF,Nicolas,MASCULIN,Nicolas METZDORF,,4,,,,Faré des îles,FARE ILES,,,,,,,164.9011843365689,-21.121493041727785,arrete_manual_tribus,112,2501,Pouembout village
legislatives_2024,1,988,98814,Lifou,LIFOU,0001,707,425,282,423,2,0,3,REG,ANGEXETINE ÉP RAILATI,Juanita Ciane,FEMININ,Juanita Ciane ANGEXETINE ÉP RAILATI,,17,,,,Faré des îles,FARE ILES,,,,,,,164.9011843365689,-21.121493041727785,arrete_manual_tribus,112,2501,Pouembout village
legislatives_2024,1,988,98814,Lifou,LIFOU,0001,707,425,282,423,2,0,4,REG,NAISSELINE,Omayra Lisa Meun,FEMININ,Omayra Lisa Meun NAISSELINE,,340,,,,Faré des îles,FARE ILES,,,,,,,164.9011843365689,-21.121493041727785,arrete_manual_tribus,112,2501,Pouembout village
legislatives_2024,1,988,98814,Lifou,LIFOU,0001,707,425,282,423,2,0,5,REC,NASRI,Thomas,MASCULIN,Thomas NASRI,,1,,,,Faré des îles,FARE ILES,,,,,,,164.9011843365689,-21.121493041727785,arrete_manual_tribus,112,2501,Pouembout village
legislatives_2024,1,988,98814,Lifou,LIFOU,0001,707,425,282,423,2,0,6,DIV,MILLAR,Manuel,MASCULIN,Manuel MILLAR,,0,,,,Faré des îles,FARE ILES,,,,,,,164.9011843365689,-21.121493041727785,arrete_manual_tribus,112,2501,Pouembout village
legislatives_2024,1,988,98814,Lifou,LIFOU,0001,707,425,282,423,2,0,7,DVD,CUENOT,Pierre-Henri,MASCULIN,Pierre-Henri CUENOT,,0,,,,Faré des îles,FARE ILES,,,,,,,164.9011843365689,-21.121493041727785,arrete_manual_tribus,112,2501,Pouembout village
legislatives_2024,1,988,98814,Lifou,LIFOU,0001,707,425,282,423,2,0,8,REG,HAOCAS,Muneiko,FEMININ,Muneiko HAOCAS,,18,,,,Faré des îles,FARE ILES,,,,,,,164.9011843365689,-21.121493041727785,arrete_manual_tribus,112,2501,Pouembout village
legislatives_2024,1,988,98814,Lifou,LIFOU,0001,707,425,282,423,2,0,9,RN,LOUECKHOTE,Simon,MASCULIN,Simon LOUECKHOTE,,9,,,,Faré des îles,FARE ILES,,,,,,,164.9011843365689,-21.121493041727785,arrete_manual_tribus,112,2501,Pouembout village
legislatives_2024,1,988,98814,Lifou,LIFOU,0001,707,425,282,423,2,0,10,REG,NEMIA ÉP BISHOP,Germaine Toléta,FEMININ,Germaine Toléta NEMIA ÉP BISHOP,,0,,,,Faré des îles,FARE ILES,,,,,,,164.9011843365689,-21.121493041727785,arrete_manual_tribus,112,2501,Pouembout village
legislatives_2024,1,988,98814,Lifou,LIFOU,0001,707,425,282,423,2,0,11,DVG,FALAEO,Veylma,FEMININ,Veylma FALAEO,,6,,,,Faré des îles,FARE ILES,,,,,,,164.9011843365689,-21.121493041727785,arrete_manual_tribus,112,2501,Pouembout village
legislatives_2024,1,988,98814,Lifou,LIFOU,0001,707,425,282,423,2,0,12,ECO,DEVAUD,Cédric,MASCULIN,Cédric DEVAUD,,0,,,,Faré des îles,FARE ILES,,,,,,,164.9011843365689,-21.121493041727785,arrete_manual_tribus,112,2501,Pouembout village
legislatives_2024,1,988,98814,Lifou,LIFOU,0002,634,398,236,397,0,1,1,HOR,DUNOYER,Philippe,MASCULIN,Philippe DUNOYER,,1,,,,Xepenehe,XEPENEHE,1,Chépénéhé,Lifou,LIEU_DIT_NC,TRIBU,Xepenehe,167.15272048120752,-20.78265899014055,tribus_villages_nc,16,1403,Wet
legislatives_2024,1,988,98814,Lifou,LIFOU,0002,634,398,236,397,0,1,2,DVD,METZDORF,Nicolas,MASCULIN,Nicolas METZDORF,,5,,,,Xepenehe,XEPENEHE,1,Chépénéhé,Lifou,LIEU_DIT_NC,TRIBU,Xepenehe,167.15272048120752,-20.78265899014055,tribus_villages_nc,16,1403,Wet
legislatives_2024,1,988,98814,Lifou,LIFOU,0002,634,398,236,397,0,1,3,REG,ANGEXETINE ÉP RAILATI,Juanita Ciane,FEMININ,Juanita Ciane ANGEXETINE ÉP RAILATI,,11,,,,Xepenehe,XEPENEHE,1,Chépénéhé,Lifou,LIEU_DIT_NC,TRIBU,Xepenehe,167.15272048120752,-20.78265899014055,tribus_villages_nc,16,1403,Wet
legislatives_2024,1,988,98814,Lifou,LIFOU,0002,634,398,236,397,0,1,4,REG,NAISSELINE,Omayra Lisa Meun,FEMININ,Omayra Lisa Meun NAISSELINE,,356,,,,Xepenehe,XEPENEHE,1,Chépénéhé,Lifou,LIEU_DIT_NC,TRIBU,Xepenehe,167.15272048120752,-20.78265899014055,tribus_villages_nc,16,1403,Wet
legislatives_2024,1,988,98814,Lifou,LIFOU,0002,634,398,236,397,0,1,5,REC,NASRI,Thomas,MASCULIN,Thomas NASRI,,0,,,,Xepenehe,XEPENEHE,1,Chépénéhé,Lifou,LIEU_DIT_NC,TRIBU,Xepenehe,167.15272048120752,-20.78265899014055,tribus_villages_nc,16,1403,Wet
legislatives_2024,1,988,98814,Lifou,LIFOU,0002,634,398,236,397,0,1,6,DIV,MILLAR,Manuel,MASCULIN,Manuel MILLAR,,1,,,,Xepenehe,XEPENEHE,1,Chépénéhé,Lifou,LIEU_DIT_NC,TRIBU,Xepenehe,167.15272048120752,-20.78265899014055,tribus_villages_nc,16,1403,Wet
legislatives_2024,1,988,98814,Lifou,LIFOU,0002,634,398,236,397,0,1,7,DVD,CUENOT,Pierre-Henri,MASCULIN,Pierre-Henri CUENOT,,0,,,,Xepenehe,XEPENEHE,1,Chépénéhé,Lifou,LIEU_DIT_NC,TRIBU,Xepenehe,167.15272048120752,-20.78265899014055,tribus_villages_nc,16,1403,Wet
legislatives_2024,1,988,98814,Lifou,LIFOU,0002,634,398,236,397,0,1,8,REG,HAOCAS,Muneiko,FEMININ,Muneiko HAOCAS,,8,,,,Xepenehe,XEPENEHE,1,Chépénéhé,Lifou,LIEU_DIT_NC,TRIBU,Xepenehe,167.15272048120752,-20.78265899014055,tribus_villages_nc,16,1403,Wet
legislatives_2024,1,988,98814,Lifou,LIFOU,0002,634,398,236,397,0,1,9,RN,LOUECKHOTE,Simon,MASCULIN,Simon LOUECKHOTE,,4,,,,Xepenehe,XEPENEHE,1,Chépénéhé,Lifou,LIEU_DIT_NC,TRIBU,Xepenehe,167.15272048120752,-20.78265899014055,tribus_villages_nc,16,1403,Wet
legislatives_2024,1,988,98814,Lifou,LIFOU,0002,634,398,236,397,0,1,10,REG,NEMIA ÉP BISHOP,Germaine Toléta,FEMININ,Germaine Toléta NEMIA ÉP BISHOP,,0,,,,Xepenehe,XEPENEHE,1,Chépénéhé,Lifou,LIEU_DIT_NC,TRIBU,Xepenehe,167.15272048120752,-20.78265899014055,tribus_villages_nc,16,1403,Wet
legislatives_2024,1,988,98814,Lifou,LIFOU,0002,634,398,236,397,0,1,11,DVG,FALAEO,Veylma,FEMININ,Veylma FALAEO,,9,,,,Xepenehe,XEPENEHE,1,Chépénéhé,Lifou,LIEU_DIT_NC,TRIBU,Xepenehe,167.15272048120752,-20.78265899014055,tribus_villages_nc,16,1403,Wet
legislatives_2024,1,988,98814,Lifou,LIFOU,0002,634,398,236,397,0,1,12,ECO,DEVAUD,Cédric,MASCULIN,Cédric DEVAUD,,2,,,,Xepenehe,XEPENEHE,1,Chépénéhé,Lifou,LIEU_DIT_NC,TRIBU,Xepenehe,167.15272048120752,-20.78265899014055,tribus_villages_nc,16,1403,Wet
legislatives_2024,1,988,98814,Lifou,LIFOU,0003,767,524,243,523,0,1,1,HOR,DUNOYER,Philippe,MASCULIN,Philippe DUNOYER,,8,,,,Drueulu,DRUEULU,1,Douéoulou,Lifou,LIEU_DIT_NC,TRIBU,Drueulu,167.07853761275717,-20.930242999544458,tribus_villages_nc,14,1401,Gaitcha
legislatives_2024,1,988,98814,Lifou,LIFOU,0003,767,524,243,523,0,1,2,DVD,METZDORF,Nicolas,MASCULIN,Nicolas METZDORF,,0,,,,Drueulu,DRUEULU,1,Douéoulou,Lifou,LIEU_DIT_NC,TRIBU,Drueulu,167.07853761275717,-20.930242999544458,tribus_villages_nc,14,1401,Gaitcha
legislatives_2024,1,988,98814,Lifou,LIFOU,0003,767,524,243,523,0,1,3,REG,ANGEXETINE ÉP RAILATI,Juanita Ciane,FEMININ,Juanita Ciane ANGEXETINE ÉP RAILATI,,5,,,,Drueulu,DRUEULU,1,Douéoulou,Lifou,LIEU_DIT_NC,TRIBU,Drueulu,167.07853761275717,-20.930242999544458,tribus_villages_nc,14,1401,Gaitcha
legislatives_2024,1,988,98814,Lifou,LIFOU,0003,767,524,243,523,0,1,4,REG,NAISSELINE,Omayra Lisa Meun,FEMININ,Omayra Lisa Meun NAISSELINE,,483,,,,Drueulu,DRUEULU,1,Douéoulou,Lifou,LIEU_DIT_NC,TRIBU,Drueulu,167.07853761275717,-20.930242999544458,tribus_villages_nc,14,1401,Gaitcha
legislatives_2024,1,988,98814,Lifou,LIFOU,0003,767,524,243,523,0,1,5,REC,NASRI,Thomas,MASCULIN,Thomas NASRI,,0,,,,Drueulu,DRUEULU,1,Douéoulou,Lifou,LIEU_DIT_NC,TRIBU,Drueulu,167.07853761275717,-20.930242999544458,tribus_villages_nc,14,1401,Gaitcha
legislatives_2024,1,988,98814,Lifou,LIFOU,0003,767,524,243,523,0,1,6,DIV,MILLAR,Manuel,MASCULIN,Manuel MILLAR,,0,,,,Drueulu,DRUEULU,1,Douéoulou,Lifou,LIEU_DIT_NC,TRIBU,Drueulu,167.07853761275717,-20.930242999544458,tribus_villages_nc,14,1401,Gaitcha
legislatives_2024,1,988,98814,Lifou,LIFOU,0003,767,524,243,523,0,1,7,DVD,CUENOT,Pierre-Henri,MASCULIN,Pierre-Henri CUENOT,,0,,,,Drueulu,DRUEULU,1,Douéoulou,Lifou,LIEU_DIT_NC,TRIBU,Drueulu,167.07853761275717,-20.930242999544458,tribus_villages_nc,14,1401,Gaitcha
legislatives_2024,1,988,98814,Lifou,LIFOU,0003,767,524,243,523,0,1,8,REG,HAOCAS,Muneiko,FEMININ,Muneiko HAOCAS,,12,,,,Drueulu,DRUEULU,1,Douéoulou,Lifou,LIEU_DIT_NC,TRIBU,Drueulu,167.07853761275717,-20.930242999544458,tribus_villages_nc,14,1401,Gaitcha
legislatives_2024,1,988,98814,Lifou,LIFOU,0003,767,524,243,523,0,1,9,RN,LOUECKHOTE,Simon,MASCULIN,Simon LOUECKHOTE,,2,,,,Drueulu,DRUEULU,1,Douéoulou,Lifou,LIEU_DIT_NC,TRIBU,Drueulu,167.07853761275717,-20.930242999544458,tribus_villages_nc,14,1401,Gaitcha
legislatives_2024,1,988,98814,Lifou,LIFOU,0003,767,524,243,523,0,1,10,REG,NEMIA ÉP BISHOP,Germaine Toléta,FEMININ,Germaine Toléta NEMIA ÉP BISHOP,,0,,,,Drueulu,DRUEULU,1,Douéoulou,Lifou,LIEU_DIT_NC,TRIBU,Drueulu,167.07853761275717,-20.930242999544458,tribus_villages_nc,14,1401,Gaitcha
legislatives_2024,1,988,98814,Lifou,LIFOU,0003,767,524,243,523,0,1,11,DVG,FALAEO,Veylma,FEMININ,Veylma FALAEO,,13,,,,Drueulu,DRUEULU,1,Douéoulou,Lifou,LIEU_DIT_NC,TRIBU,Drueulu,167.07853761275717,-20.930242999544458,tribus_villages_nc,14,1401,Gaitcha
legislatives_2024,1,988,98814,Lifou,LIFOU,0003,767,524,243,523,0,1,12,ECO,DEVAUD,Cédric,MASCULIN,Cédric DEVAUD,,0,,,,Drueulu,DRUEULU,1,Douéoulou,Lifou,LIEU_DIT_NC,TRIBU,Drueulu,167.07853761275717,-20.930242999544458,tribus_villages_nc,14,1401,Gaitcha
legislatives_2024,1,988,98814,Lifou,LIFOU,0004,400,274,126,271,3,0,1,HOR,DUNOYER,Philippe,MASCULIN,Philippe DUNOYER,,11,,,,Jozip,JOZIP,1,Jozip,Lifou,LIEU_DIT_NC,TRIBU,,167.34721888788647,-20.940435542649407,tribus_villages_nc,15,1402,Lössi
legislatives_2024,1,988,98814,Lifou,LIFOU,0004,400,274,126,271,3,0,2,DVD,METZDORF,Nicolas,MASCULIN,Nicolas METZDORF,,2,,,,Jozip,JOZIP,1,Jozip,Lifou,LIEU_DIT_NC,TRIBU,,167.34721888788647,-20.940435542649407,tribus_villages_nc,15,1402,Lössi
legislatives_2024,1,988,98814,Lifou,LIFOU,0004,400,274,126,271,3,0,3,REG,ANGEXETINE ÉP RAILATI,Juanita Ciane,FEMININ,Juanita Ciane ANGEXETINE ÉP RAILATI,,1,,,,Jozip,JOZIP,1,Jozip,Lifou,LIEU_DIT_NC,TRIBU,,167.34721888788647,-20.940435542649407,tribus_villages_nc,15,1402,Lössi
legislatives_2024,1,988,98814,Lifou,LIFOU,0004,400,274,126,271,3,0,4,REG,NAISSELINE,Omayra Lisa Meun,FEMININ,Omayra Lisa Meun NAISSELINE,,219,,,,Jozip,JOZIP,1,Jozip,Lifou,LIEU_DIT_NC,TRIBU,,167.34721888788647,-20.940435542649407,tribus_villages_nc,15,1402,Lössi
legislatives_2024,1,988,98814,Lifou,LIFOU,0004,400,274,126,271,3,0,5,REC,NASRI,Thomas,MASCULIN,Thomas NASRI,,0,,,,Jozip,JOZIP,1,Jozip,Lifou,LIEU_DIT_NC,TRIBU,,167.34721888788647,-20.940435542649407,tribus_villages_nc,15,1402,Lössi
legislatives_2024,1,988,98814,Lifou,LIFOU,0004,400,274,126,271,3,0,6,DIV,MILLAR,Manuel,MASCULIN,Manuel MILLAR,,1,,,,Jozip,JOZIP,1,Jozip,Lifou,LIEU_DIT_NC,TRIBU,,167.34721888788647,-20.940435542649407,tribus_villages_nc,15,1402,Lössi
legislatives_2024,1,988,98814,Lifou,LIFOU,0004,400,274,126,271,3,0,7,DVD,CUENOT,Pierre-Henri,MASCULIN,Pierre-Henri CUENOT,,0,,,,Jozip,JOZIP,1,Jozip,Lifou,LIEU_DIT_NC,TRIBU,,167.34721888788647,-20.940435542649407,tribus_villages_nc,15,1402,Lössi
legislatives_2024,1,988,98814,Lifou,LIFOU,0004,400,274,126,271,3,0,8,REG,HAOCAS,Muneiko,FEMININ,Muneiko HAOCAS,,34,,,,Jozip,JOZIP,1,Jozip,Lifou,LIEU_DIT_NC,TRIBU,,167.34721888788647,-20.940435542649407,tribus_villages_nc,15,1402,Lössi
legislatives_2024,1,988,98814,Lifou,LIFOU,0004,400,274,126,271,3,0,9,RN,LOUECKHOTE,Simon,MASCULIN,Simon LOUECKHOTE,,0,,,,Jozip,JOZIP,1,Jozip,Lifou,LIEU_DIT_NC,TRIBU,,167.34721888788647,-20.940435542649407,tribus_villages_nc,15,1402,Lössi
legislatives_2024,1,988,98814,Lifou,LIFOU,0004,400,274,126,271,3,0,10,REG,NEMIA ÉP BISHOP,Germaine Toléta,FEMININ,Germaine Toléta NEMIA ÉP BISHOP,,0,,,,Jozip,JOZIP,1,Jozip,Lifou,LIEU_DIT_NC,TRIBU,,167.34721888788647,-20.940435542649407,tribus_villages_nc,15,1402,Lössi
legislatives_2024,1,988,98814,Lifou,LIFOU,0004,400,274,126,271,3,0,11,DVG,FALAEO,Veylma,FEMININ,Veylma FALAEO,,3,,,,Jozip,JOZIP,1,Jozip,Lifou,LIEU_DIT_NC,TRIBU,,167.34721888788647,-20.940435542649407,tribus_villages_nc,15,1402,Lössi
legislatives_2024,1,988,98814,Lifou,LIFOU,0004,400,274,126,271,3,0,12,ECO,DEVAUD,Cédric,MASCULIN,Cédric DEVAUD,,0,,,,Jozip,JOZIP,1,Jozip,Lifou,LIEU_DIT_NC,TRIBU,,167.34721888788647,-20.940435542649407,tribus_villages_nc,15,1402,Lössi
legislatives_2024,1,988,98814,Lifou,LIFOU,0005,463,272,191,271,0,1,1,HOR,DUNOYER,Philippe,MASCULIN,Philippe DUNOYER,,2,,,,Jokin,JOKIN,1,Jokin,Lifou,LIEU_DIT_NC,TRIBU,,167.16447665584124,-20.703384020726688,tribus_villages_nc,16,1403,Wet
legislatives_2024,1,988,98814,Lifou,LIFOU,0005,463,272,191,271,0,1,2,DVD,METZDORF,Nicolas,MASCULIN,Nicolas METZDORF,,0,,,,Jokin,JOKIN,1,Jokin,Lifou,LIEU_DIT_NC,TRIBU,,167.16447665584124,-20.703384020726688,tribus_villages_nc,16,1403,Wet
legislatives_2024,1,988,98814,Lifou,LIFOU,0005,463,272,191,271,0,1,3,REG,ANGEXETINE ÉP RAILATI,Juanita Ciane,FEMININ,Juanita Ciane ANGEXETINE ÉP RAILATI,,2,,,,Jokin,JOKIN,1,Jokin,Lifou,LIEU_DIT_NC,TRIBU,,167.16447665584124,-20.703384020726688,tribus_villages_nc,16,1403,Wet
legislatives_2024,1,988,98814,Lifou,LIFOU,0005,463,272,191,271,0,1,4,REG,NAISSELINE,Omayra Lisa Meun,FEMININ,Omayra Lisa Meun NAISSELINE,,261,,,,Jokin,JOKIN,1,Jokin,Lifou,LIEU_DIT_NC,TRIBU,,167.16447665584124,-20.703384020726688,tribus_villages_nc,16,1403,Wet
legislatives_2024,1,988,98814,Lifou,LIFOU,0005,463,272,191,271,0,1,5,REC,NASRI,Thomas,MASCULIN,Thomas NASRI,,0,,,,Jokin,JOKIN,1,Jokin,Lifou,LIEU_DIT_NC,TRIBU,,167.16447665584124,-20.703384020726688,tribus_villages_nc,16,1403,Wet
legislatives_2024,1,988,98814,Lifou,LIFOU,0005,463,272,191,271,0,1,6,DIV,MILLAR,Manuel,MASCULIN,Manuel MILLAR,,0,,,,Jokin,JOKIN,1,Jokin,Lifou,LIEU_DIT_NC,TRIBU,,167.16447665584124,-20.703384020726688,tribus_villages_nc,16,1403,Wet
legislatives_2024,1,988,98814,Lifou,LIFOU,0005,463,272,191,271,0,1,7,DVD,CUENOT,Pierre-Henri,MASCULIN,Pierre-Henri CUENOT,,0,,,,Jokin,JOKIN,1,Jokin,Lifou,LIEU_DIT_NC,TRIBU,,167.16447665584124,-20.703384020726688,tribus_villages_nc,16,1403,Wet
legislatives_2024,1,988,98814,Lifou,LIFOU,0005,463,272,191,271,0,1,8,REG,HAOCAS,Muneiko,FEMININ,Muneiko HAOCAS,,3,,,,Jokin,JOKIN,1,Jokin,Lifou,LIEU_DIT_NC,TRIBU,,167.16447665584124,-20.703384020726688,tribus_villages_nc,16,1403,Wet
legislatives_2024,1,988,98814,Lifou,LIFOU,0005,463,272,191,271,0,1,9,RN,LOUECKHOTE,Simon,MASCULIN,Simon LOUECKHOTE,,0,,,,Jokin,JOKIN,1,Jokin,Lifou,LIEU_DIT_NC,TRIBU,,167.16447665584124,-20.703384020726688,tribus_villages_nc,16,1403,Wet
legislatives_2024,1,988,98814,Lifou,LIFOU,0005,463,272,191,271,0,1,10,REG,NEMIA ÉP BISHOP,Germaine Toléta,FEMININ,Germaine Toléta NEMIA ÉP BISHOP,,0,,,,Jokin,JOKIN,1,Jokin,Lifou,LIEU_DIT_NC,TRIBU,,167.16447665584124,-20.703384020726688,tribus_villages_nc,16,1403,Wet
legislatives_2024,1,988,98814,Lifou,LIFOU,0005,463,272,191,271,0,1,11,DVG,FALAEO,Veylma,FEMININ,Veylma FALAEO,,3,,,,Jokin,JOKIN,1,Jokin,Lifou,LIEU_DIT_NC,TRIBU,,167.16447665584124,-20.703384020726688,tribus_villages_nc,16,1403,Wet
legislatives_2024,1,988,98814,Lifou,LIFOU,0005,463,272,191,271,0,1,12,ECO,DEVAUD,Cédric,MASCULIN,Cédric DEVAUD,,0,,,,Jokin,JOKIN,1,Jokin,Lifou,LIEU_DIT_NC,TRIBU,,167.16447665584124,-20.703384020726688,tribus_villages_nc,16,1403,Wet
legislatives_2024,1,988,98814,Lifou,LIFOU,0006,399,215,184,209,0,6,1,HOR,DUNOYER,Philippe,MASCULIN,Philippe DUNOYER,,5,,,,Hmelek,HMELEK,1,Hmelek,Lifou,LIEU_DIT_NC,TRIBU,,167.28575148149378,-21.047986298100245,tribus_villages_nc,15,1402,Lössi
legislatives_2024,1,988,98814,Lifou,LIFOU,0006,399,215,184,209,0,6,2,DVD,METZDORF,Nicolas,MASCULIN,Nicolas METZDORF,,5,,,,Hmelek,HMELEK,1,Hmelek,Lifou,LIEU_DIT_NC,TRIBU,,167.28575148149378,-21.047986298100245,tribus_villages_nc,15,1402,Lössi
legislatives_2024,1,988,98814,Lifou,LIFOU,0006,399,215,184,209,0,6,3,REG,ANGEXETINE ÉP RAILATI,Juanita Ciane,FEMININ,Juanita Ciane ANGEXETINE ÉP RAILATI,,1,,,,Hmelek,HMELEK,1,Hmelek,Lifou,LIEU_DIT_NC,TRIBU,,167.28575148149378,-21.047986298100245,tribus_villages_nc,15,1402,Lössi
legislatives_2024,1,988,98814,Lifou,LIFOU,0006,399,215,184,209,0,6,4,REG,NAISSELINE,Omayra Lisa Meun,FEMININ,Omayra Lisa Meun NAISSELINE,,186,,,,Hmelek,HMELEK,1,Hmelek,Lifou,LIEU_DIT_NC,TRIBU,,167.28575148149378,-21.047986298100245,tribus_villages_nc,15,1402,Lössi
legislatives_2024,1,988,98814,Lifou,LIFOU,0006,399,215,184,209,0,6,5,REC,NASRI,Thomas,MASCULIN,Thomas NASRI,,0,,,,Hmelek,HMELEK,1,Hmelek,Lifou,LIEU_DIT_NC,TRIBU,,167.28575148149378,-21.047986298100245,tribus_villages_nc,15,1402,Lössi
legislatives_2024,1,988,98814,Lifou,LIFOU,0006,399,215,184,209,0,6,6,DIV,MILLAR,Manuel,MASCULIN,Manuel MILLAR,,1,,,,Hmelek,HMELEK,1,Hmelek,Lifou,LIEU_DIT_NC,TRIBU,,167.28575148149378,-21.047986298100245,tribus_villages_nc,15,1402,Lössi
legislatives_2024,1,988,98814,Lifou,LIFOU,0006,399,215,184,209,0,6,7,DVD,CUENOT,Pierre-Henri,MASCULIN,Pierre-Henri CUENOT,,0,,,,Hmelek,HMELEK,1,Hmelek,Lifou,LIEU_DIT_NC,TRIBU,,167.28575148149378,-21.047986298100245,tribus_villages_nc,15,1402,Lössi
legislatives_2024,1,988,98814,Lifou,LIFOU,0006,399,215,184,209,0,6,8,REG,HAOCAS,Muneiko,FEMININ,Muneiko HAOCAS,,8,,,,Hmelek,HMELEK,1,Hmelek,Lifou,LIEU_DIT_NC,TRIBU,,167.28575148149378,-21.047986298100245,tribus_villages_nc,15,1402,Lössi
legislatives_2024,1,988,98814,Lifou,LIFOU,0006,399,215,184,209,0,6,9,RN,LOUECKHOTE,Simon,MASCULIN,Simon LOUECKHOTE,,1,,,,Hmelek,HMELEK,1,Hmelek,Lifou,LIEU_DIT_NC,TRIBU,,167.28575148149378,-21.047986298100245,tribus_villages_nc,15,1402,Lössi
legislatives_2024,1,988,98814,Lifou,LIFOU,0006,399,215,184,209,0,6,10,REG,NEMIA ÉP BISHOP,Germaine Toléta,FEMININ,Germaine Toléta NEMIA ÉP BISHOP,,0,,,,Hmelek,HMELEK,1,Hmelek,Lifou,LIEU_DIT_NC,TRIBU,,167.28575148149378,-21.047986298100245,tribus_villages_nc,15,1402,Lössi
legislatives_2024,1,988,98814,Lifou,LIFOU,0006,399,215,184,209,0,6,11,DVG,FALAEO,Veylma,FEMININ,Veylma FALAEO,,2,,,,Hmelek,HMELEK,1,Hmelek,Lifou,LIEU_DIT_NC,TRIBU,,167.28575148149378,-21.047986298100245,tribus_villages_nc,15,1402,Lössi
legislatives_2024,1,988,98814,Lifou,LIFOU,0006,399,215,184,209,0,6,12,ECO,DEVAUD,Cédric,MASCULIN,Cédric DEVAUD,,0,,,,Hmelek,HMELEK,1,Hmelek,Lifou,LIEU_DIT_NC,TRIBU,,167.28575148149378,-21.047986298100245,tribus_villages_nc,15,1402,Lössi
legislatives_2024,1,988,98814,Lifou,LIFOU,0007,566,352,214,348,0,4,1,HOR,DUNOYER,Philippe,MASCULIN,Philippe DUNOYER,,28,,,,Mou,MOU,1,Mou,Lifou,LIEU_DIT_NC,TRIBU,Mu,167.41341301025318,-21.092299627592674,tribus_villages_nc,15,1402,Lössi
legislatives_2024,1,988,98814,Lifou,LIFOU,0007,566,352,214,348,0,4,2,DVD,METZDORF,Nicolas,MASCULIN,Nicolas METZDORF,,3,,,,Mou,MOU,1,Mou,Lifou,LIEU_DIT_NC,TRIBU,Mu,167.41341301025318,-21.092299627592674,tribus_villages_nc,15,1402,Lössi
legislatives_2024,1,988,98814,Lifou,LIFOU,0007,566,352,214,348,0,4,3,REG,ANGEXETINE ÉP RAILATI,Juanita Ciane,FEMININ,Juanita Ciane ANGEXETINE ÉP RAILATI,,3,,,,Mou,MOU,1,Mou,Lifou,LIEU_DIT_NC,TRIBU,Mu,167.41341301025318,-21.092299627592674,tribus_villages_nc,15,1402,Lössi
legislatives_2024,1,988,98814,Lifou,LIFOU,0007,566,352,214,348,0,4,4,REG,NAISSELINE,Omayra Lisa Meun,FEMININ,Omayra Lisa Meun NAISSELINE,,300,,,,Mou,MOU,1,Mou,Lifou,LIEU_DIT_NC,TRIBU,Mu,167.41341301025318,-21.092299627592674,tribus_villages_nc,15,1402,Lössi
legislatives_2024,1,988,98814,Lifou,LIFOU,0007,566,352,214,348,0,4,5,REC,NASRI,Thomas,MASCULIN,Thomas NASRI,,0,,,,Mou,MOU,1,Mou,Lifou,LIEU_DIT_NC,TRIBU,Mu,167.41341301025318,-21.092299627592674,tribus_villages_nc,15,1402,Lössi
legislatives_2024,1,988,98814,Lifou,LIFOU,0007,566,352,214,348,0,4,6,DIV,MILLAR,Manuel,MASCULIN,Manuel MILLAR,,0,,,,Mou,MOU,1,Mou,Lifou,LIEU_DIT_NC,TRIBU,Mu,167.41341301025318,-21.092299627592674,tribus_villages_nc,15,1402,Lössi
legislatives_2024,1,988,98814,Lifou,LIFOU,0007,566,352,214,348,0,4,7,DVD,CUENOT,Pierre-Henri,MASCULIN,Pierre-Henri CUENOT,,1,,,,Mou,MOU,1,Mou,Lifou,LIEU_DIT_NC,TRIBU,Mu,167.41341301025318,-21.092299627592674,tribus_villages_nc,15,1402,Lössi
legislatives_2024,1,988,98814,Lifou,LIFOU,0007,566,352,214,348,0,4,8,REG,HAOCAS,Muneiko,FEMININ,Muneiko HAOCAS,,7,,,,Mou,MOU,1,Mou,Lifou,LIEU_DIT_NC,TRIBU,Mu,167.41341301025318,-21.092299627592674,tribus_villages_nc,15,1402,Lössi
legislatives_2024,1,988,98814,Lifou,LIFOU,0007,566,352,214,348,0,4,9,RN,LOUECKHOTE,Simon,MASCULIN,Simon LOUECKHOTE,,2,,,,Mou,MOU,1,Mou,Lifou,LIEU_DIT_NC,TRIBU,Mu,167.41341301025318,-21.092299627592674,tribus_villages_nc,15,1402,Lössi
legislatives_2024,1,988,98814,Lifou,LIFOU,0007,566,352,214,348,0,4,10,REG,NEMIA ÉP BISHOP,Germaine Toléta,FEMININ,Germaine Toléta NEMIA ÉP BISHOP,,0,,,,Mou,MOU,1,Mou,Lifou,LIEU_DIT_NC,TRIBU,Mu,167.41341301025318,-21.092299627592674,tribus_villages_nc,15,1402,Lössi
legislatives_2024,1,988,98814,Lifou,LIFOU,0007,566,352,214,348,0,4,11,DVG,FALAEO,Veylma,FEMININ,Veylma FALAEO,,4,,,,Mou,MOU,1,Mou,Lifou,LIEU_DIT_NC,TRIBU,Mu,167.41341301025318,-21.092299627592674,tribus_villages_nc,15,1402,Lössi
legislatives_2024,1,988,98814,Lifou,LIFOU,0007,566,352,214,348,0,4,12,ECO,DEVAUD,Cédric,MASCULIN,Cédric DEVAUD,,0,,,,Mou,MOU,1,Mou,Lifou,LIEU_DIT_NC,TRIBU,Mu,167.41341301025318,-21.092299627592674,tribus_villages_nc,15,1402,Lössi
legislatives_2024,1,988,98814,Lifou,LIFOU,0008,636,423,213,419,0,4,1,HOR,DUNOYER,Philippe,MASCULIN,Philippe DUNOYER,,3,,,,Hnathalo,HNATHALO,0.75,Hnacaöm,Lifou,LIEU_DIT_NC,TRIBU,,167.20569292168463,-20.72173372554335,tribus_villages_nc,16,1403,Wet
legislatives_2024,1,988,98814,Lifou,LIFOU,0008,636,423,213,419,0,4,2,DVD,METZDORF,Nicolas,MASCULIN,Nicolas METZDORF,,1,,,,Hnathalo,HNATHALO,0.75,Hnacaöm,Lifou,LIEU_DIT_NC,TRIBU,,167.20569292168463,-20.72173372554335,tribus_villages_nc,16,1403,Wet
legislatives_2024,1,988,98814,Lifou,LIFOU,0008,636,423,213,419,0,4,3,REG,ANGEXETINE ÉP RAILATI,Juanita Ciane,FEMININ,Juanita Ciane ANGEXETINE ÉP RAILATI,,10,,,,Hnathalo,HNATHALO,0.75,Hnacaöm,Lifou,LIEU_DIT_NC,TRIBU,,167.20569292168463,-20.72173372554335,tribus_villages_nc,16,1403,Wet
legislatives_2024,1,988,98814,Lifou,LIFOU,0008,636,423,213,419,0,4,4,REG,NAISSELINE,Omayra Lisa Meun,FEMININ,Omayra Lisa Meun NAISSELINE,,390,,,,Hnathalo,HNATHALO,0.75,Hnacaöm,Lifou,LIEU_DIT_NC,TRIBU,,167.20569292168463,-20.72173372554335,tribus_villages_nc,16,1403,Wet
legislatives_2024,1,988,98814,Lifou,LIFOU,0008,636,423,213,419,0,4,5,REC,NASRI,Thomas,MASCULIN,Thomas NASRI,,0,,,,Hnathalo,HNATHALO,0.75,Hnacaöm,Lifou,LIEU_DIT_NC,TRIBU,,167.20569292168463,-20.72173372554335,tribus_villages_nc,16,1403,Wet
legislatives_2024,1,988,98814,Lifou,LIFOU,0008,636,423,213,419,0,4,6,DIV,MILLAR,Manuel,MASCULIN,Manuel MILLAR,,0,,,,Hnathalo,HNATHALO,0.75,Hnacaöm,Lifou,LIEU_DIT_NC,TRIBU,,167.20569292168463,-20.72173372554335,tribus_villages_nc,16,1403,Wet
legislatives_2024,1,988,98814,Lifou,LIFOU,0008,636,423,213,419,0,4,7,DVD,CUENOT,Pierre-Henri,MASCULIN,Pierre-Henri CUENOT,,1,,,,Hnathalo,HNATHALO,0.75,Hnacaöm,Lifou,LIEU_DIT_NC,TRIBU,,167.20569292168463,-20.72173372554335,tribus_villages_nc,16,1403,Wet
legislatives_2024,1,988,98814,Lifou,LIFOU,0008,636,423,213,419,0,4,8,REG,HAOCAS,Muneiko,FEMININ,Muneiko HAOCAS,,11,,,,Hnathalo,HNATHALO,0.75,Hnacaöm,Lifou,LIEU_DIT_NC,TRIBU,,167.20569292168463,-20.72173372554335,tribus_villages_nc,16,1403,Wet
legislatives_2024,1,988,98814,Lifou,LIFOU,0008,636,423,213,419,0,4,9,RN,LOUECKHOTE,Simon,MASCULIN,Simon LOUECKHOTE,,2,,,,Hnathalo,HNATHALO,0.75,Hnacaöm,Lifou,LIEU_DIT_NC,TRIBU,,167.20569292168463,-20.72173372554335,tribus_villages_nc,16,1403,Wet
legislatives_2024,1,988,98814,Lifou,LIFOU,0008,636,423,213,419,0,4,10,REG,NEMIA ÉP BISHOP,Germaine Toléta,FEMININ,Germaine Toléta NEMIA ÉP BISHOP,,0,,,,Hnathalo,HNATHALO,0.75,Hnacaöm,Lifou,LIEU_DIT_NC,TRIBU,,167.20569292168463,-20.72173372554335,tribus_villages_nc,16,1403,Wet
legislatives_2024,1,988,98814,Lifou,LIFOU,0008,636,423,213,419,0,4,11,DVG,FALAEO,Veylma,FEMININ,Veylma FALAEO,,1,,,,Hnathalo,HNATHALO,0.75,Hnacaöm,Lifou,LIEU_DIT_NC,TRIBU,,167.20569292168463,-20.72173372554335,tribus_villages_nc,16,1403,Wet
legislatives_2024,1,988,98814,Lifou,LIFOU,0008,636,423,213,419,0,4,12,ECO,DEVAUD,Cédric,MASCULIN,Cédric DEVAUD,,0,,,,Hnathalo,HNATHALO,0.75,Hnacaöm,Lifou,LIEU_DIT_NC,TRIBU,,167.20569292168463,-20.72173372554335,tribus_villages_nc,16,1403,Wet
legislatives_2024,1,988,98814,Lifou,LIFOU,0009,234,144,90,141,0,3,1,HOR,DUNOYER,Philippe,MASCULIN,Philippe DUNOYER,,4,,,,Hnacaöm,HNACAOM,1,Hnacaöm,Lifou,LIEU_DIT_NC,TRIBU,,167.20569292168463,-20.72173372554335,tribus_villages_nc,16,1403,Wet
legislatives_2024,1,988,98814,Lifou,LIFOU,0009,234,144,90,141,0,3,2,DVD,METZDORF,Nicolas,MASCULIN,Nicolas METZDORF,,4,,,,Hnacaöm,HNACAOM,1,Hnacaöm,Lifou,LIEU_DIT_NC,TRIBU,,167.20569292168463,-20.72173372554335,tribus_villages_nc,16,1403,Wet
legislatives_2024,1,988,98814,Lifou,LIFOU,0009,234,144,90,141,0,3,3,REG,ANGEXETINE ÉP RAILATI,Juanita Ciane,FEMININ,Juanita Ciane ANGEXETINE ÉP RAILATI,,0,,,,Hnacaöm,HNACAOM,1,Hnacaöm,Lifou,LIEU_DIT_NC,TRIBU,,167.20569292168463,-20.72173372554335,tribus_villages_nc,16,1403,Wet
legislatives_2024,1,988,98814,Lifou,LIFOU,0009,234,144,90,141,0,3,4,REG,NAISSELINE,Omayra Lisa Meun,FEMININ,Omayra Lisa Meun NAISSELINE,,128,,,,Hnacaöm,HNACAOM,1,Hnacaöm,Lifou,LIEU_DIT_NC,TRIBU,,167.20569292168463,-20.72173372554335,tribus_villages_nc,16,1403,Wet
legislatives_2024,1,988,98814,Lifou,LIFOU,0009,234,144,90,141,0,3,5,REC,NASRI,Thomas,MASCULIN,Thomas NASRI,,0,,,,Hnacaöm,HNACAOM,1,Hnacaöm,Lifou,LIEU_DIT_NC,TRIBU,,167.20569292168463,-20.72173372554335,tribus_villages_nc,16,1403,Wet
legislatives_2024,1,988,98814,Lifou,LIFOU,0009,234,144,90,141,0,3,6,DIV,MILLAR,Manuel,MASCULIN,Manuel MILLAR,,0,,,,Hnacaöm,HNACAOM,1,Hnacaöm,Lifou,LIEU_DIT_NC,TRIBU,,167.20569292168463,-20.72173372554335,tribus_villages_nc,16,1403,Wet
legislatives_2024,1,988,98814,Lifou,LIFOU,0009,234,144,90,141,0,3,7,DVD,CUENOT,Pierre-Henri,MASCULIN,Pierre-Henri CUENOT,,0,,,,Hnacaöm,HNACAOM,1,Hnacaöm,Lifou,LIEU_DIT_NC,TRIBU,,167.20569292168463,-20.72173372554335,tribus_villages_nc,16,1403,Wet
legislatives_2024,1,988,98814,Lifou,LIFOU,0009,234,144,90,141,0,3,8,REG,HAOCAS,Muneiko,FEMININ,Muneiko HAOCAS,,1,,,,Hnacaöm,HNACAOM,1,Hnacaöm,Lifou,LIEU_DIT_NC,TRIBU,,167.20569292168463,-20.72173372554335,tribus_villages_nc,16,1403,Wet
legislatives_2024,1,988,98814,Lifou,LIFOU,0009,234,144,90,141,0,3,9,RN,LOUECKHOTE,Simon,MASCULIN,Simon LOUECKHOTE,,0,,,,Hnacaöm,HNACAOM,1,Hnacaöm,Lifou,LIEU_DIT_NC,TRIBU,,167.20569292168463,-20.72173372554335,tribus_villages_nc,16,1403,Wet
legislatives_2024,1,988,98814,Lifou,LIFOU,0009,234,144,90,141,0,3,10,REG,NEMIA ÉP BISHOP,Germaine Toléta,FEMININ,Germaine Toléta NEMIA ÉP BISHOP,,0,,,,Hnacaöm,HNACAOM,1,Hnacaöm,Lifou,LIEU_DIT_NC,TRIBU,,167.20569292168463,-20.72173372554335,tribus_villages_nc,16,1403,Wet
legislatives_2024,1,988,98814,Lifou,LIFOU,0009,234,144,90,141,0,3,11,DVG,FALAEO,Veylma,FEMININ,Veylma FALAEO,,4,,,,Hnacaöm,HNACAOM,1,Hnacaöm,Lifou,LIEU_DIT_NC,TRIBU,,167.20569292168463,-20.72173372554335,tribus_villages_nc,16,1403,Wet
legislatives_2024,1,988,98814,Lifou,LIFOU,0009,234,144,90,141,0,3,12,ECO,DEVAUD,Cédric,MASCULIN,Cédric DEVAUD,,0,,,,Hnacaöm,HNACAOM,1,Hnacaöm,Lifou,LIEU_DIT_NC,TRIBU,,167.20569292168463,-20.72173372554335,tribus_villages_nc,16,1403,Wet
legislatives_2024,1,988,98814,Lifou,LIFOU,0010,347,235,112,233,0,2,1,HOR,DUNOYER,Philippe,MASCULIN,Philippe DUNOYER,,2,,,,Siloam,SILOAM,1,Siloam,Lifou,LIEU_DIT_NC,TRIBU,,167.10495154784974,-20.76013449602238,tribus_villages_nc,16,1403,Wet
legislatives_2024,1,988,98814,Lifou,LIFOU,0010,347,235,112,233,0,2,2,DVD,METZDORF,Nicolas,MASCULIN,Nicolas METZDORF,,0,,,,Siloam,SILOAM,1,Siloam,Lifou,LIEU_DIT_NC,TRIBU,,167.10495154784974,-20.76013449602238,tribus_villages_nc,16,1403,Wet
legislatives_2024,1,988,98814,Lifou,LIFOU,0010,347,235,112,233,0,2,3,REG,ANGEXETINE ÉP RAILATI,Juanita Ciane,FEMININ,Juanita Ciane ANGEXETINE ÉP RAILATI,,0,,,,Siloam,SILOAM,1,Siloam,Lifou,LIEU_DIT_NC,TRIBU,,167.10495154784974,-20.76013449602238,tribus_villages_nc,16,1403,Wet
legislatives_2024,1,988,98814,Lifou,LIFOU,0010,347,235,112,233,0,2,4,REG,NAISSELINE,Omayra Lisa Meun,FEMININ,Omayra Lisa Meun NAISSELINE,,224,,,,Siloam,SILOAM,1,Siloam,Lifou,LIEU_DIT_NC,TRIBU,,167.10495154784974,-20.76013449602238,tribus_villages_nc,16,1403,Wet
legislatives_2024,1,988,98814,Lifou,LIFOU,0010,347,235,112,233,0,2,5,REC,NASRI,Thomas,MASCULIN,Thomas NASRI,,0,,,,Siloam,SILOAM,1,Siloam,Lifou,LIEU_DIT_NC,TRIBU,,167.10495154784974,-20.76013449602238,tribus_villages_nc,16,1403,Wet
legislatives_2024,1,988,98814,Lifou,LIFOU,0010,347,235,112,233,0,2,6,DIV,MILLAR,Manuel,MASCULIN,Manuel MILLAR,,0,,,,Siloam,SILOAM,1,Siloam,Lifou,LIEU_DIT_NC,TRIBU,,167.10495154784974,-20.76013449602238,tribus_villages_nc,16,1403,Wet
legislatives_2024,1,988,98814,Lifou,LIFOU,0010,347,235,112,233,0,2,7,DVD,CUENOT,Pierre-Henri,MASCULIN,Pierre-Henri CUENOT,,0,,,,Siloam,SILOAM,1,Siloam,Lifou,LIEU_DIT_NC,TRIBU,,167.10495154784974,-20.76013449602238,tribus_villages_nc,16,1403,Wet
legislatives_2024,1,988,98814,Lifou,LIFOU,0010,347,235,112,233,0,2,8,REG,HAOCAS,Muneiko,FEMININ,Muneiko HAOCAS,,7,,,,Siloam,SILOAM,1,Siloam,Lifou,LIEU_DIT_NC,TRIBU,,167.10495154784974,-20.76013449602238,tribus_villages_nc,16,1403,Wet
legislatives_2024,1,988,98814,Lifou,LIFOU,0010,347,235,112,233,0,2,9,RN,LOUECKHOTE,Simon,MASCULIN,Simon LOUECKHOTE,,0,,,,Siloam,SILOAM,1,Siloam,Lifou,LIEU_DIT_NC,TRIBU,,167.10495154784974,-20.76013449602238,tribus_villages_nc,16,1403,Wet
legislatives_2024,1,988,98814,Lifou,LIFOU,0010,347,235,112,233,0,2,10,REG,NEMIA ÉP BISHOP,Germaine Toléta,FEMININ,Germaine Toléta NEMIA ÉP BISHOP,,0,,,,Siloam,SILOAM,1,Siloam,Lifou,LIEU_DIT_NC,TRIBU,,167.10495154784974,-20.76013449602238,tribus_villages_nc,16,1403,Wet
legislatives_2024,1,988,98814,Lifou,LIFOU,0010,347,235,112,233,0,2,11,DVG,FALAEO,Veylma,FEMININ,Veylma FALAEO,,0,,,,Siloam,SILOAM,1,Siloam,Lifou,LIEU_DIT_NC,TRIBU,,167.10495154784974,-20.76013449602238,tribus_villages_nc,16,1403,Wet
legislatives_2024,1,988,98814,Lifou,LIFOU,0010,347,235,112,233,0,2,12,ECO,DEVAUD,Cédric,MASCULIN,Cédric DEVAUD,,0,,,,Siloam,SILOAM,1,Siloam,Lifou,LIEU_DIT_NC,TRIBU,,167.10495154784974,-20.76013449602238,tribus_villages_nc,16,1403,Wet
legislatives_2024,1,988,98814,Lifou,LIFOU,0011,362,203,159,201,0,2,1,HOR,DUNOYER,Philippe,MASCULIN,Philippe DUNOYER,,14,,,,Wasany,WASANY,1,Wasany,Lifou,LIEU_DIT_NC,TRIBU,,167.37793880476198,-21.00787866730366,tribus_villages_nc,15,1402,Lössi
legislatives_2024,1,988,98814,Lifou,LIFOU,0011,362,203,159,201,0,2,2,DVD,METZDORF,Nicolas,MASCULIN,Nicolas METZDORF,,0,,,,Wasany,WASANY,1,Wasany,Lifou,LIEU_DIT_NC,TRIBU,,167.37793880476198,-21.00787866730366,tribus_villages_nc,15,1402,Lössi
legislatives_2024,1,988,98814,Lifou,LIFOU,0011,362,203,159,201,0,2,3,REG,ANGEXETINE ÉP RAILATI,Juanita Ciane,FEMININ,Juanita Ciane ANGEXETINE ÉP RAILATI,,2,,,,Wasany,WASANY,1,Wasany,Lifou,LIEU_DIT_NC,TRIBU,,167.37793880476198,-21.00787866730366,tribus_villages_nc,15,1402,Lössi
legislatives_2024,1,988,98814,Lifou,LIFOU,0011,362,203,159,201,0,2,4,REG,NAISSELINE,Omayra Lisa Meun,FEMININ,Omayra Lisa Meun NAISSELINE,,175,,,,Wasany,WASANY,1,Wasany,Lifou,LIEU_DIT_NC,TRIBU,,167.37793880476198,-21.00787866730366,tribus_villages_nc,15,1402,Lössi
legislatives_2024,1,988,98814,Lifou,LIFOU,0011,362,203,159,201,0,2,5,REC,NASRI,Thomas,MASCULIN,Thomas NASRI,,0,,,,Wasany,WASANY,1,Wasany,Lifou,LIEU_DIT_NC,TRIBU,,167.37793880476198,-21.00787866730366,tribus_villages_nc,15,1402,Lössi
legislatives_2024,1,988,98814,Lifou,LIFOU,0011,362,203,159,201,0,2,6,DIV,MILLAR,Manuel,MASCULIN,Manuel MILLAR,,0,,,,Wasany,WASANY,1,Wasany,Lifou,LIEU_DIT_NC,TRIBU,,167.37793880476198,-21.00787866730366,tribus_villages_nc,15,1402,Lössi
legislatives_2024,1,988,98814,Lifou,LIFOU,0011,362,203,159,201,0,2,7,DVD,CUENOT,Pierre-Henri,MASCULIN,Pierre-Henri CUENOT,,0,,,,Wasany,WASANY,1,Wasany,Lifou,LIEU_DIT_NC,TRIBU,,167.37793880476198,-21.00787866730366,tribus_villages_nc,15,1402,Lössi
legislatives_2024,1,988,98814,Lifou,LIFOU,0011,362,203,159,201,0,2,8,REG,HAOCAS,Muneiko,FEMININ,Muneiko HAOCAS,,6,,,,Wasany,WASANY,1,Wasany,Lifou,LIEU_DIT_NC,TRIBU,,167.37793880476198,-21.00787866730366,tribus_villages_nc,15,1402,Lössi
legislatives_2024,1,988,98814,Lifou,LIFOU,0011,362,203,159,201,0,2,9,RN,LOUECKHOTE,Simon,MASCULIN,Simon LOUECKHOTE,,2,,,,Wasany,WASANY,1,Wasany,Lifou,LIEU_DIT_NC,TRIBU,,167.37793880476198,-21.00787866730366,tribus_villages_nc,15,1402,Lössi
legislatives_2024,1,988,98814,Lifou,LIFOU,0011,362,203,159,201,0,2,10,REG,NEMIA ÉP BISHOP,Germaine Toléta,FEMININ,Germaine Toléta NEMIA ÉP BISHOP,,0,,,,Wasany,WASANY,1,Wasany,Lifou,LIEU_DIT_NC,TRIBU,,167.37793880476198,-21.00787866730366,tribus_villages_nc,15,1402,Lössi
legislatives_2024,1,988,98814,Lifou,LIFOU,0011,362,203,159,201,0,2,11,DVG,FALAEO,Veylma,FEMININ,Veylma FALAEO,,2,,,,Wasany,WASANY,1,Wasany,Lifou,LIEU_DIT_NC,TRIBU,,167.37793880476198,-21.00787866730366,tribus_villages_nc,15,1402,Lössi
legislatives_2024,1,988,98814,Lifou,LIFOU,0011,362,203,159,201,0,2,12,ECO,DEVAUD,Cédric,MASCULIN,Cédric DEVAUD,,0,,,,Wasany,WASANY,1,Wasany,Lifou,LIEU_DIT_NC,TRIBU,,167.37793880476198,-21.00787866730366,tribus_villages_nc,15,1402,Lössi
legislatives_2024,1,988,98814,Lifou,LIFOU,0012,193,66,127,66,0,0,1,HOR,DUNOYER,Philippe,MASCULIN,Philippe DUNOYER,,0,,,,Tiga,TIGA,1,Tiga,Lifou,LIEU_DIT_NC,TRIBU,Toka,167.79672481501146,-21.094104177809253,tribus_villages_nc,15,1402,Lössi
legislatives_2024,1,988,98814,Lifou,LIFOU,0012,193,66,127,66,0,0,2,DVD,METZDORF,Nicolas,MASCULIN,Nicolas METZDORF,,0,,,,Tiga,TIGA,1,Tiga,Lifou,LIEU_DIT_NC,TRIBU,Toka,167.79672481501146,-21.094104177809253,tribus_villages_nc,15,1402,Lössi
legislatives_2024,1,988,98814,Lifou,LIFOU,0012,193,66,127,66,0,0,3,REG,ANGEXETINE ÉP RAILATI,Juanita Ciane,FEMININ,Juanita Ciane ANGEXETINE ÉP RAILATI,,1,,,,Tiga,TIGA,1,Tiga,Lifou,LIEU_DIT_NC,TRIBU,Toka,167.79672481501146,-21.094104177809253,tribus_villages_nc,15,1402,Lössi
legislatives_2024,1,988,98814,Lifou,LIFOU,0012,193,66,127,66,0,0,4,REG,NAISSELINE,Omayra Lisa Meun,FEMININ,Omayra Lisa Meun NAISSELINE,,64,,,,Tiga,TIGA,1,Tiga,Lifou,LIEU_DIT_NC,TRIBU,Toka,167.79672481501146,-21.094104177809253,tribus_villages_nc,15,1402,Lössi
legislatives_2024,1,988,98814,Lifou,LIFOU,0012,193,66,127,66,0,0,5,REC,NASRI,Thomas,MASCULIN,Thomas NASRI,,0,,,,Tiga,TIGA,1,Tiga,Lifou,LIEU_DIT_NC,TRIBU,Toka,167.79672481501146,-21.094104177809253,tribus_villages_nc,15,1402,Lössi
legislatives_2024,1,988,98814,Lifou,LIFOU,0012,193,66,127,66,0,0,6,DIV,MILLAR,Manuel,MASCULIN,Manuel MILLAR,,0,,,,Tiga,TIGA,1,Tiga,Lifou,LIEU_DIT_NC,TRIBU,Toka,167.79672481501146,-21.094104177809253,tribus_villages_nc,15,1402,Lössi
legislatives_2024,1,988,98814,Lifou,LIFOU,0012,193,66,127,66,0,0,7,DVD,CUENOT,Pierre-Henri,MASCULIN,Pierre-Henri CUENOT,,0,,,,Tiga,TIGA,1,Tiga,Lifou,LIEU_DIT_NC,TRIBU,Toka,167.79672481501146,-21.094104177809253,tribus_villages_nc,15,1402,Lössi
legislatives_2024,1,988,98814,Lifou,LIFOU,0012,193,66,127,66,0,0,8,REG,HAOCAS,Muneiko,FEMININ,Muneiko HAOCAS,,1,,,,Tiga,TIGA,1,Tiga,Lifou,LIEU_DIT_NC,TRIBU,Toka,167.79672481501146,-21.094104177809253,tribus_villages_nc,15,1402,Lössi
legislatives_2024,1,988,98814,Lifou,LIFOU,0012,193,66,127,66,0,0,9,RN,LOUECKHOTE,Simon,MASCULIN,Simon LOUECKHOTE,,0,,,,Tiga,TIGA,1,Tiga,Lifou,LIEU_DIT_NC,TRIBU,Toka,167.79672481501146,-21.094104177809253,tribus_villages_nc,15,1402,Lössi
legislatives_2024,1,988,98814,Lifou,LIFOU,0012,193,66,127,66,0,0,10,REG,NEMIA ÉP BISHOP,Germaine Toléta,FEMININ,Germaine Toléta NEMIA ÉP BISHOP,,0,,,,Tiga,TIGA,1,Tiga,Lifou,LIEU_DIT_NC,TRIBU,Toka,167.79672481501146,-21.094104177809253,tribus_villages_nc,15,1402,Lössi
legislatives_2024,1,988,98814,Lifou,LIFOU,0012,193,66,127,66,0,0,11,DVG,FALAEO,Veylma,FEMININ,Veylma FALAEO,,0,,,,Tiga,TIGA,1,Tiga,Lifou,LIEU_DIT_NC,TRIBU,Toka,167.79672481501146,-21.094104177809253,tribus_villages_nc,15,1402,Lössi
legislatives_2024,1,988,98814,Lifou,LIFOU,0012,193,66,127,66,0,0,12,ECO,DEVAUD,Cédric,MASCULIN,Cédric DEVAUD,,0,,,,Tiga,TIGA,1,Tiga,Lifou,LIEU_DIT_NC,TRIBU,Toka,167.79672481501146,-21.094104177809253,tribus_villages_nc,15,1402,Lössi
legislatives_2024,1,988,98814,Lifou,LIFOU,0013,780,519,261,515,1,3,1,HOR,DUNOYER,Philippe,MASCULIN,Philippe DUNOYER,,34,,,,Luecila,LUECILA,1,Luecila,Lifou,LIEU_DIT_NC,TRIBU,,167.25787949950455,-20.900908884449866,tribus_villages_nc,16,1403,Wet
legislatives_2024,1,988,98814,Lifou,LIFOU,0013,780,519,261,515,1,3,2,DVD,METZDORF,Nicolas,MASCULIN,Nicolas METZDORF,,4,,,,Luecila,LUECILA,1,Luecila,Lifou,LIEU_DIT_NC,TRIBU,,167.25787949950455,-20.900908884449866,tribus_villages_nc,16,1403,Wet
legislatives_2024,1,988,98814,Lifou,LIFOU,0013,780,519,261,515,1,3,3,REG,ANGEXETINE ÉP RAILATI,Juanita Ciane,FEMININ,Juanita Ciane ANGEXETINE ÉP RAILATI,,12,,,,Luecila,LUECILA,1,Luecila,Lifou,LIEU_DIT_NC,TRIBU,,167.25787949950455,-20.900908884449866,tribus_villages_nc,16,1403,Wet
legislatives_2024,1,988,98814,Lifou,LIFOU,0013,780,519,261,515,1,3,4,REG,NAISSELINE,Omayra Lisa Meun,FEMININ,Omayra Lisa Meun NAISSELINE,,427,,,,Luecila,LUECILA,1,Luecila,Lifou,LIEU_DIT_NC,TRIBU,,167.25787949950455,-20.900908884449866,tribus_villages_nc,16,1403,Wet
legislatives_2024,1,988,98814,Lifou,LIFOU,0013,780,519,261,515,1,3,5,REC,NASRI,Thomas,MASCULIN,Thomas NASRI,,0,,,,Luecila,LUECILA,1,Luecila,Lifou,LIEU_DIT_NC,TRIBU,,167.25787949950455,-20.900908884449866,tribus_villages_nc,16,1403,Wet
legislatives_2024,1,988,98814,Lifou,LIFOU,0013,780,519,261,515,1,3,6,DIV,MILLAR,Manuel,MASCULIN,Manuel MILLAR,,0,,,,Luecila,LUECILA,1,Luecila,Lifou,LIEU_DIT_NC,TRIBU,,167.25787949950455,-20.900908884449866,tribus_villages_nc,16,1403,Wet
legislatives_2024,1,988,98814,Lifou,LIFOU,0013,780,519,261,515,1,3,7,DVD,CUENOT,Pierre-Henri,MASCULIN,Pierre-Henri CUENOT,,0,,,,Luecila,LUECILA,1,Luecila,Lifou,LIEU_DIT_NC,TRIBU,,167.25787949950455,-20.900908884449866,tribus_villages_nc,16,1403,Wet
legislatives_2024,1,988,98814,Lifou,LIFOU,0013,780,519,261,515,1,3,8,REG,HAOCAS,Muneiko,FEMININ,Muneiko HAOCAS,,14,,,,Luecila,LUECILA,1,Luecila,Lifou,LIEU_DIT_NC,TRIBU,,167.25787949950455,-20.900908884449866,tribus_villages_nc,16,1403,Wet
legislatives_2024,1,988,98814,Lifou,LIFOU,0013,780,519,261,515,1,3,9,RN,LOUECKHOTE,Simon,MASCULIN,Simon LOUECKHOTE,,6,,,,Luecila,LUECILA,1,Luecila,Lifou,LIEU_DIT_NC,TRIBU,,167.25787949950455,-20.900908884449866,tribus_villages_nc,16,1403,Wet
legislatives_2024,1,988,98814,Lifou,LIFOU,0013,780,519,261,515,1,3,10,REG,NEMIA ÉP BISHOP,Germaine Toléta,FEMININ,Germaine Toléta NEMIA ÉP BISHOP,,1,,,,Luecila,LUECILA,1,Luecila,Lifou,LIEU_DIT_NC,TRIBU,,167.25787949950455,-20.900908884449866,tribus_villages_nc,16,1403,Wet
legislatives_2024,1,988,98814,Lifou,LIFOU,0013,780,519,261,515,1,3,11,DVG,FALAEO,Veylma,FEMININ,Veylma FALAEO,,17,,,,Luecila,LUECILA,1,Luecila,Lifou,LIEU_DIT_NC,TRIBU,,167.25787949950455,-20.900908884449866,tribus_villages_nc,16,1403,Wet
legislatives_2024,1,988,98814,Lifou,LIFOU,0013,780,519,261,515,1,3,12,ECO,DEVAUD,Cédric,MASCULIN,Cédric DEVAUD,,0,,,,Luecila,LUECILA,1,Luecila,Lifou,LIEU_DIT_NC,TRIBU,,167.25787949950455,-20.900908884449866,tribus_villages_nc,16,1403,Wet
legislatives_2024,1,988,98814,Lifou,LIFOU,0014,438,260,178,258,0,2,1,HOR,DUNOYER,Philippe,MASCULIN,Philippe DUNOYER,,2,,,,Hapetra,HAPETRA,1,Hapetra,Lifou,LIEU_DIT_NC,TRIBU,,167.14706004416075,-20.93025342048714,tribus_villages_nc,14,1401,Gaitcha
legislatives_2024,1,988,98814,Lifou,LIFOU,0014,438,260,178,258,0,2,2,DVD,METZDORF,Nicolas,MASCULIN,Nicolas METZDORF,,0,,,,Hapetra,HAPETRA,1,Hapetra,Lifou,LIEU_DIT_NC,TRIBU,,167.14706004416075,-20.93025342048714,tribus_villages_nc,14,1401,Gaitcha
legislatives_2024,1,988,98814,Lifou,LIFOU,0014,438,260,178,258,0,2,3,REG,ANGEXETINE ÉP RAILATI,Juanita Ciane,FEMININ,Juanita Ciane ANGEXETINE ÉP RAILATI,,0,,,,Hapetra,HAPETRA,1,Hapetra,Lifou,LIEU_DIT_NC,TRIBU,,167.14706004416075,-20.93025342048714,tribus_villages_nc,14,1401,Gaitcha
legislatives_2024,1,988,98814,Lifou,LIFOU,0014,438,260,178,258,0,2,4,REG,NAISSELINE,Omayra Lisa Meun,FEMININ,Omayra Lisa Meun NAISSELINE,,245,,,,Hapetra,HAPETRA,1,Hapetra,Lifou,LIEU_DIT_NC,TRIBU,,167.14706004416075,-20.93025342048714,tribus_villages_nc,14,1401,Gaitcha
legislatives_2024,1,988,98814,Lifou,LIFOU,0014,438,260,178,258,0,2,5,REC,NASRI,Thomas,MASCULIN,Thomas NASRI,,0,,,,Hapetra,HAPETRA,1,Hapetra,Lifou,LIEU_DIT_NC,TRIBU,,167.14706004416075,-20.93025342048714,tribus_villages_nc,14,1401,Gaitcha
legislatives_2024,1,988,98814,Lifou,LIFOU,0014,438,260,178,258,0,2,6,DIV,MILLAR,Manuel,MASCULIN,Manuel MILLAR,,0,,,,Hapetra,HAPETRA,1,Hapetra,Lifou,LIEU_DIT_NC,TRIBU,,167.14706004416075,-20.93025342048714,tribus_villages_nc,14,1401,Gaitcha
legislatives_2024,1,988,98814,Lifou,LIFOU,0014,438,260,178,258,0,2,7,DVD,CUENOT,Pierre-Henri,MASCULIN,Pierre-Henri CUENOT,,0,,,,Hapetra,HAPETRA,1,Hapetra,Lifou,LIEU_DIT_NC,TRIBU,,167.14706004416075,-20.93025342048714,tribus_villages_nc,14,1401,Gaitcha
legislatives_2024,1,988,98814,Lifou,LIFOU,0014,438,260,178,258,0,2,8,REG,HAOCAS,Muneiko,FEMININ,Muneiko HAOCAS,,2,,,,Hapetra,HAPETRA,1,Hapetra,Lifou,LIEU_DIT_NC,TRIBU,,167.14706004416075,-20.93025342048714,tribus_villages_nc,14,1401,Gaitcha
legislatives_2024,1,988,98814,Lifou,LIFOU,0014,438,260,178,258,0,2,9,RN,LOUECKHOTE,Simon,MASCULIN,Simon LOUECKHOTE,,6,,,,Hapetra,HAPETRA,1,Hapetra,Lifou,LIEU_DIT_NC,TRIBU,,167.14706004416075,-20.93025342048714,tribus_villages_nc,14,1401,Gaitcha
legislatives_2024,1,988,98814,Lifou,LIFOU,0014,438,260,178,258,0,2,10,REG,NEMIA ÉP BISHOP,Germaine Toléta,FEMININ,Germaine Toléta NEMIA ÉP BISHOP,,0,,,,Hapetra,HAPETRA,1,Hapetra,Lifou,LIEU_DIT_NC,TRIBU,,167.14706004416075,-20.93025342048714,tribus_villages_nc,14,1401,Gaitcha
legislatives_2024,1,988,98814,Lifou,LIFOU,0014,438,260,178,258,0,2,11,DVG,FALAEO,Veylma,FEMININ,Veylma FALAEO,,2,,,,Hapetra,HAPETRA,1,Hapetra,Lifou,LIEU_DIT_NC,TRIBU,,167.14706004416075,-20.93025342048714,tribus_villages_nc,14,1401,Gaitcha
legislatives_2024,1,988,98814,Lifou,LIFOU,0014,438,260,178,258,0,2,12,ECO,DEVAUD,Cédric,MASCULIN,Cédric DEVAUD,,1,,,,Hapetra,HAPETRA,1,Hapetra,Lifou,LIEU_DIT_NC,TRIBU,,167.14706004416075,-20.93025342048714,tribus_villages_nc,14,1401,Gaitcha
legislatives_2024,1,988,98814,Lifou,LIFOU,0015,422,230,192,229,0,1,1,HOR,DUNOYER,Philippe,MASCULIN,Philippe DUNOYER,,6,,,,Nang,NANG,,,,,,,167.2237643213265,-20.78244820991056,arrete_manual_tribus,16,1403,Wet
legislatives_2024,1,988,98814,Lifou,LIFOU,0015,422,230,192,229,0,1,2,DVD,METZDORF,Nicolas,MASCULIN,Nicolas METZDORF,,5,,,,Nang,NANG,,,,,,,167.2237643213265,-20.78244820991056,arrete_manual_tribus,16,1403,Wet
legislatives_2024,1,988,98814,Lifou,LIFOU,0015,422,230,192,229,0,1,3,REG,ANGEXETINE ÉP RAILATI,Juanita Ciane,FEMININ,Juanita Ciane ANGEXETINE ÉP RAILATI,,1,,,,Nang,NANG,,,,,,,167.2237643213265,-20.78244820991056,arrete_manual_tribus,16,1403,Wet
legislatives_2024,1,988,98814,Lifou,LIFOU,0015,422,230,192,229,0,1,4,REG,NAISSELINE,Omayra Lisa Meun,FEMININ,Omayra Lisa Meun NAISSELINE,,204,,,,Nang,NANG,,,,,,,167.2237643213265,-20.78244820991056,arrete_manual_tribus,16,1403,Wet
legislatives_2024,1,988,98814,Lifou,LIFOU,0015,422,230,192,229,0,1,5,REC,NASRI,Thomas,MASCULIN,Thomas NASRI,,0,,,,Nang,NANG,,,,,,,167.2237643213265,-20.78244820991056,arrete_manual_tribus,16,1403,Wet
legislatives_2024,1,988,98814,Lifou,LIFOU,0015,422,230,192,229,0,1,6,DIV,MILLAR,Manuel,MASCULIN,Manuel MILLAR,,0,,,,Nang,NANG,,,,,,,167.2237643213265,-20.78244820991056,arrete_manual_tribus,16,1403,Wet
legislatives_2024,1,988,98814,Lifou,LIFOU,0015,422,230,192,229,0,1,7,DVD,CUENOT,Pierre-Henri,MASCULIN,Pierre-Henri CUENOT,,0,,,,Nang,NANG,,,,,,,167.2237643213265,-20.78244820991056,arrete_manual_tribus,16,1403,Wet
legislatives_2024,1,988,98814,Lifou,LIFOU,0015,422,230,192,229,0,1,8,REG,HAOCAS,Muneiko,FEMININ,Muneiko HAOCAS,,9,,,,Nang,NANG,,,,,,,167.2237643213265,-20.78244820991056,arrete_manual_tribus,16,1403,Wet
legislatives_2024,1,988,98814,Lifou,LIFOU,0015,422,230,192,229,0,1,9,RN,LOUECKHOTE,Simon,MASCULIN,Simon LOUECKHOTE,,0,,,,Nang,NANG,,,,,,,167.2237643213265,-20.78244820991056,arrete_manual_tribus,16,1403,Wet
legislatives_2024,1,988,98814,Lifou,LIFOU,0015,422,230,192,229,0,1,10,REG,NEMIA ÉP BISHOP,Germaine Toléta,FEMININ,Germaine Toléta NEMIA ÉP BISHOP,,1,,,,Nang,NANG,,,,,,,167.2237643213265,-20.78244820991056,arrete_manual_tribus,16,1403,Wet
legislatives_2024,1,988,98814,Lifou,LIFOU,0015,422,230,192,229,0,1,11,DVG,FALAEO,Veylma,FEMININ,Veylma FALAEO,,3,,,,Nang,NANG,,,,,,,167.2237643213265,-20.78244820991056,arrete_manual_tribus,16,1403,Wet
legislatives_2024,1,988,98814,Lifou,LIFOU,0015,422,230,192,229,0,1,12,ECO,DEVAUD,Cédric,MASCULIN,Cédric DEVAUD,,0,,,,Nang,NANG,,,,,,,167.2237643213265,-20.78244820991056,arrete_manual_tribus,16,1403,Wet
legislatives_2024,1,988,98814,Lifou,LIFOU,0016,184,97,87,97,0,0,1,HOR,DUNOYER,Philippe,MASCULIN,Philippe DUNOYER,,8,,,,Xodre,XODRE,1,Xode,Lifou,LIEU_DIT_NC,TRIBU,Xodre,167.41059644422373,-21.127373900931634,tribus_villages_nc,15,1402,Lössi
legislatives_2024,1,988,98814,Lifou,LIFOU,0016,184,97,87,97,0,0,2,DVD,METZDORF,Nicolas,MASCULIN,Nicolas METZDORF,,1,,,,Xodre,XODRE,1,Xode,Lifou,LIEU_DIT_NC,TRIBU,Xodre,167.41059644422373,-21.127373900931634,tribus_villages_nc,15,1402,Lössi
legislatives_2024,1,988,98814,Lifou,LIFOU,0016,184,97,87,97,0,0,3,REG,ANGEXETINE ÉP RAILATI,Juanita Ciane,FEMININ,Juanita Ciane ANGEXETINE ÉP RAILATI,,0,,,,Xodre,XODRE,1,Xode,Lifou,LIEU_DIT_NC,TRIBU,Xodre,167.41059644422373,-21.127373900931634,tribus_villages_nc,15,1402,Lössi
legislatives_2024,1,988,98814,Lifou,LIFOU,0016,184,97,87,97,0,0,4,REG,NAISSELINE,Omayra Lisa Meun,FEMININ,Omayra Lisa Meun NAISSELINE,,86,,,,Xodre,XODRE,1,Xode,Lifou,LIEU_DIT_NC,TRIBU,Xodre,167.41059644422373,-21.127373900931634,tribus_villages_nc,15,1402,Lössi
legislatives_2024,1,988,98814,Lifou,LIFOU,0016,184,97,87,97,0,0,5,REC,NASRI,Thomas,MASCULIN,Thomas NASRI,,0,,,,Xodre,XODRE,1,Xode,Lifou,LIEU_DIT_NC,TRIBU,Xodre,167.41059644422373,-21.127373900931634,tribus_villages_nc,15,1402,Lössi
legislatives_2024,1,988,98814,Lifou,LIFOU,0016,184,97,87,97,0,0,6,DIV,MILLAR,Manuel,MASCULIN,Manuel MILLAR,,0,,,,Xodre,XODRE,1,Xode,Lifou,LIEU_DIT_NC,TRIBU,Xodre,167.41059644422373,-21.127373900931634,tribus_villages_nc,15,1402,Lössi
legislatives_2024,1,988,98814,Lifou,LIFOU,0016,184,97,87,97,0,0,7,DVD,CUENOT,Pierre-Henri,MASCULIN,Pierre-Henri CUENOT,,0,,,,Xodre,XODRE,1,Xode,Lifou,LIEU_DIT_NC,TRIBU,Xodre,167.41059644422373,-21.127373900931634,tribus_villages_nc,15,1402,Lössi
legislatives_2024,1,988,98814,Lifou,LIFOU,0016,184,97,87,97,0,0,8,REG,HAOCAS,Muneiko,FEMININ,Muneiko HAOCAS,,2,,,,Xodre,XODRE,1,Xode,Lifou,LIEU_DIT_NC,TRIBU,Xodre,167.41059644422373,-21.127373900931634,tribus_villages_nc,15,1402,Lössi
legislatives_2024,1,988,98814,Lifou,LIFOU,0016,184,97,87,97,0,0,9,RN,LOUECKHOTE,Simon,MASCULIN,Simon LOUECKHOTE,,0,,,,Xodre,XODRE,1,Xode,Lifou,LIEU_DIT_NC,TRIBU,Xodre,167.41059644422373,-21.127373900931634,tribus_villages_nc,15,1402,Lössi
legislatives_2024,1,988,98814,Lifou,LIFOU,0016,184,97,87,97,0,0,10,REG,NEMIA ÉP BISHOP,Germaine Toléta,FEMININ,Germaine Toléta NEMIA ÉP BISHOP,,0,,,,Xodre,XODRE,1,Xode,Lifou,LIEU_DIT_NC,TRIBU,Xodre,167.41059644422373,-21.127373900931634,tribus_villages_nc,15,1402,Lössi
legislatives_2024,1,988,98814,Lifou,LIFOU,0016,184,97,87,97,0,0,11,DVG,FALAEO,Veylma,FEMININ,Veylma FALAEO,,0,,,,Xodre,XODRE,1,Xode,Lifou,LIEU_DIT_NC,TRIBU,Xodre,167.41059644422373,-21.127373900931634,tribus_villages_nc,15,1402,Lössi
legislatives_2024,1,988,98814,Lifou,LIFOU,0016,184,97,87,97,0,0,12,ECO,DEVAUD,Cédric,MASCULIN,Cédric DEVAUD,,0,,,,Xodre,XODRE,1,Xode,Lifou,LIEU_DIT_NC,TRIBU,Xodre,167.41059644422373,-21.127373900931634,tribus_villages_nc,15,1402,Lössi
legislatives_2024,1,988,98814,Lifou,LIFOU,0017,436,283,153,280,2,1,1,HOR,DUNOYER,Philippe,MASCULIN,Philippe DUNOYER,,9,,,,Huiwatrul,HUIWATRUL,1,Huiwatrul,Lifou,LIEU_DIT_NC,TRIBU,Hunöj,167.34969330586503,-21.090299188696775,tribus_villages_nc,15,1402,Lössi
legislatives_2024,1,988,98814,Lifou,LIFOU,0017,436,283,153,280,2,1,2,DVD,METZDORF,Nicolas,MASCULIN,Nicolas METZDORF,,0,,,,Huiwatrul,HUIWATRUL,1,Huiwatrul,Lifou,LIEU_DIT_NC,TRIBU,Hunöj,167.34969330586503,-21.090299188696775,tribus_villages_nc,15,1402,Lössi
legislatives_2024,1,988,98814,Lifou,LIFOU,0017,436,283,153,280,2,1,3,REG,ANGEXETINE ÉP RAILATI,Juanita Ciane,FEMININ,Juanita Ciane ANGEXETINE ÉP RAILATI,,6,,,,Huiwatrul,HUIWATRUL,1,Huiwatrul,Lifou,LIEU_DIT_NC,TRIBU,Hunöj,167.34969330586503,-21.090299188696775,tribus_villages_nc,15,1402,Lössi
legislatives_2024,1,988,98814,Lifou,LIFOU,0017,436,283,153,280,2,1,4,REG,NAISSELINE,Omayra Lisa Meun,FEMININ,Omayra Lisa Meun NAISSELINE,,254,,,,Huiwatrul,HUIWATRUL,1,Huiwatrul,Lifou,LIEU_DIT_NC,TRIBU,Hunöj,167.34969330586503,-21.090299188696775,tribus_villages_nc,15,1402,Lössi
legislatives_2024,1,988,98814,Lifou,LIFOU,0017,436,283,153,280,2,1,5,REC,NASRI,Thomas,MASCULIN,Thomas NASRI,,0,,,,Huiwatrul,HUIWATRUL,1,Huiwatrul,Lifou,LIEU_DIT_NC,TRIBU,Hunöj,167.34969330586503,-21.090299188696775,tribus_villages_nc,15,1402,Lössi
legislatives_2024,1,988,98814,Lifou,LIFOU,0017,436,283,153,280,2,1,6,DIV,MILLAR,Manuel,MASCULIN,Manuel MILLAR,,0,,,,Huiwatrul,HUIWATRUL,1,Huiwatrul,Lifou,LIEU_DIT_NC,TRIBU,Hunöj,167.34969330586503,-21.090299188696775,tribus_villages_nc,15,1402,Lössi
legislatives_2024,1,988,98814,Lifou,LIFOU,0017,436,283,153,280,2,1,7,DVD,CUENOT,Pierre-Henri,MASCULIN,Pierre-Henri CUENOT,,0,,,,Huiwatrul,HUIWATRUL,1,Huiwatrul,Lifou,LIEU_DIT_NC,TRIBU,Hunöj,167.34969330586503,-21.090299188696775,tribus_villages_nc,15,1402,Lössi
legislatives_2024,1,988,98814,Lifou,LIFOU,0017,436,283,153,280,2,1,8,REG,HAOCAS,Muneiko,FEMININ,Muneiko HAOCAS,,9,,,,Huiwatrul,HUIWATRUL,1,Huiwatrul,Lifou,LIEU_DIT_NC,TRIBU,Hunöj,167.34969330586503,-21.090299188696775,tribus_villages_nc,15,1402,Lössi
legislatives_2024,1,988,98814,Lifou,LIFOU,0017,436,283,153,280,2,1,9,RN,LOUECKHOTE,Simon,MASCULIN,Simon LOUECKHOTE,,2,,,,Huiwatrul,HUIWATRUL,1,Huiwatrul,Lifou,LIEU_DIT_NC,TRIBU,Hunöj,167.34969330586503,-21.090299188696775,tribus_villages_nc,15,1402,Lössi
legislatives_2024,1,988,98814,Lifou,LIFOU,0017,436,283,153,280,2,1,10,REG,NEMIA ÉP BISHOP,Germaine Toléta,FEMININ,Germaine Toléta NEMIA ÉP BISHOP,,0,,,,Huiwatrul,HUIWATRUL,1,Huiwatrul,Lifou,LIEU_DIT_NC,TRIBU,Hunöj,167.34969330586503,-21.090299188696775,tribus_villages_nc,15,1402,Lössi
legislatives_2024,1,988,98814,Lifou,LIFOU,0017,436,283,153,280,2,1,11,DVG,FALAEO,Veylma,FEMININ,Veylma FALAEO,,0,,,,Huiwatrul,HUIWATRUL,1,Huiwatrul,Lifou,LIEU_DIT_NC,TRIBU,Hunöj,167.34969330586503,-21.090299188696775,tribus_villages_nc,15,1402,Lössi
legislatives_2024,1,988,98814,Lifou,LIFOU,0017,436,283,153,280,2,1,12,ECO,DEVAUD,Cédric,MASCULIN,Cédric DEVAUD,,0,,,,Huiwatrul,HUIWATRUL,1,Huiwatrul,Lifou,LIEU_DIT_NC,TRIBU,Hunöj,167.34969330586503,-21.090299188696775,tribus_villages_nc,15,1402,Lössi
legislatives_2024,1,988,98814,Lifou,LIFOU,0018,381,213,168,211,2,0,1,HOR,DUNOYER,Philippe,MASCULIN,Philippe DUNOYER,,25,,,,Wedrumel,WEDRUMEL,1,Wedumel,Lifou,LIEU_DIT_NC,TRIBU,Wedrumel,167.1109551627598,-20.984726331890663,tribus_villages_nc,14,1401,Gaitcha
legislatives_2024,1,988,98814,Lifou,LIFOU,0018,381,213,168,211,2,0,2,DVD,METZDORF,Nicolas,MASCULIN,Nicolas METZDORF,,0,,,,Wedrumel,WEDRUMEL,1,Wedumel,Lifou,LIEU_DIT_NC,TRIBU,Wedrumel,167.1109551627598,-20.984726331890663,tribus_villages_nc,14,1401,Gaitcha
legislatives_2024,1,988,98814,Lifou,LIFOU,0018,381,213,168,211,2,0,3,REG,ANGEXETINE ÉP RAILATI,Juanita Ciane,FEMININ,Juanita Ciane ANGEXETINE ÉP RAILATI,,1,,,,Wedrumel,WEDRUMEL,1,Wedumel,Lifou,LIEU_DIT_NC,TRIBU,Wedrumel,167.1109551627598,-20.984726331890663,tribus_villages_nc,14,1401,Gaitcha
legislatives_2024,1,988,98814,Lifou,LIFOU,0018,381,213,168,211,2,0,4,REG,NAISSELINE,Omayra Lisa Meun,FEMININ,Omayra Lisa Meun NAISSELINE,,180,,,,Wedrumel,WEDRUMEL,1,Wedumel,Lifou,LIEU_DIT_NC,TRIBU,Wedrumel,167.1109551627598,-20.984726331890663,tribus_villages_nc,14,1401,Gaitcha
legislatives_2024,1,988,98814,Lifou,LIFOU,0018,381,213,168,211,2,0,5,REC,NASRI,Thomas,MASCULIN,Thomas NASRI,,0,,,,Wedrumel,WEDRUMEL,1,Wedumel,Lifou,LIEU_DIT_NC,TRIBU,Wedrumel,167.1109551627598,-20.984726331890663,tribus_villages_nc,14,1401,Gaitcha
legislatives_2024,1,988,98814,Lifou,LIFOU,0018,381,213,168,211,2,0,6,DIV,MILLAR,Manuel,MASCULIN,Manuel MILLAR,,0,,,,Wedrumel,WEDRUMEL,1,Wedumel,Lifou,LIEU_DIT_NC,TRIBU,Wedrumel,167.1109551627598,-20.984726331890663,tribus_villages_nc,14,1401,Gaitcha
legislatives_2024,1,988,98814,Lifou,LIFOU,0018,381,213,168,211,2,0,7,DVD,CUENOT,Pierre-Henri,MASCULIN,Pierre-Henri CUENOT,,0,,,,Wedrumel,WEDRUMEL,1,Wedumel,Lifou,LIEU_DIT_NC,TRIBU,Wedrumel,167.1109551627598,-20.984726331890663,tribus_villages_nc,14,1401,Gaitcha
legislatives_2024,1,988,98814,Lifou,LIFOU,0018,381,213,168,211,2,0,8,REG,HAOCAS,Muneiko,FEMININ,Muneiko HAOCAS,,3,,,,Wedrumel,WEDRUMEL,1,Wedumel,Lifou,LIEU_DIT_NC,TRIBU,Wedrumel,167.1109551627598,-20.984726331890663,tribus_villages_nc,14,1401,Gaitcha
legislatives_2024,1,988,98814,Lifou,LIFOU,0018,381,213,168,211,2,0,9,RN,LOUECKHOTE,Simon,MASCULIN,Simon LOUECKHOTE,,2,,,,Wedrumel,WEDRUMEL,1,Wedumel,Lifou,LIEU_DIT_NC,TRIBU,Wedrumel,167.1109551627598,-20.984726331890663,tribus_villages_nc,14,1401,Gaitcha
legislatives_2024,1,988,98814,Lifou,LIFOU,0018,381,213,168,211,2,0,10,REG,NEMIA ÉP BISHOP,Germaine Toléta,FEMININ,Germaine Toléta NEMIA ÉP BISHOP,,0,,,,Wedrumel,WEDRUMEL,1,Wedumel,Lifou,LIEU_DIT_NC,TRIBU,Wedrumel,167.1109551627598,-20.984726331890663,tribus_villages_nc,14,1401,Gaitcha
legislatives_2024,1,988,98814,Lifou,LIFOU,0018,381,213,168,211,2,0,11,DVG,FALAEO,Veylma,FEMININ,Veylma FALAEO,,0,,,,Wedrumel,WEDRUMEL,1,Wedumel,Lifou,LIEU_DIT_NC,TRIBU,Wedrumel,167.1109551627598,-20.984726331890663,tribus_villages_nc,14,1401,Gaitcha
legislatives_2024,1,988,98814,Lifou,LIFOU,0018,381,213,168,211,2,0,12,ECO,DEVAUD,Cédric,MASCULIN,Cédric DEVAUD,,0,,,,Wedrumel,WEDRUMEL,1,Wedumel,Lifou,LIEU_DIT_NC,TRIBU,Wedrumel,167.1109551627598,-20.984726331890663,tribus_villages_nc,14,1401,Gaitcha
legislatives_2024,1,988,98814,Lifou,LIFOU,0019,410,242,168,238,0,4,1,HOR,DUNOYER,Philippe,MASCULIN,Philippe DUNOYER,,7,,,,Traput,TRAPUT,1,Traput,Lifou,LIEU_DIT_NC,TRIBU,,167.30947771877948,-20.931287472634196,tribus_villages_nc,15,1402,Lössi
legislatives_2024,1,988,98814,Lifou,LIFOU,0019,410,242,168,238,0,4,2,DVD,METZDORF,Nicolas,MASCULIN,Nicolas METZDORF,,1,,,,Traput,TRAPUT,1,Traput,Lifou,LIEU_DIT_NC,TRIBU,,167.30947771877948,-20.931287472634196,tribus_villages_nc,15,1402,Lössi
legislatives_2024,1,988,98814,Lifou,LIFOU,0019,410,242,168,238,0,4,3,REG,ANGEXETINE ÉP RAILATI,Juanita Ciane,FEMININ,Juanita Ciane ANGEXETINE ÉP RAILATI,,2,,,,Traput,TRAPUT,1,Traput,Lifou,LIEU_DIT_NC,TRIBU,,167.30947771877948,-20.931287472634196,tribus_villages_nc,15,1402,Lössi
legislatives_2024,1,988,98814,Lifou,LIFOU,0019,410,242,168,238,0,4,4,REG,NAISSELINE,Omayra Lisa Meun,FEMININ,Omayra Lisa Meun NAISSELINE,,214,,,,Traput,TRAPUT,1,Traput,Lifou,LIEU_DIT_NC,TRIBU,,167.30947771877948,-20.931287472634196,tribus_villages_nc,15,1402,Lössi
legislatives_2024,1,988,98814,Lifou,LIFOU,0019,410,242,168,238,0,4,5,REC,NASRI,Thomas,MASCULIN,Thomas NASRI,,0,,,,Traput,TRAPUT,1,Traput,Lifou,LIEU_DIT_NC,TRIBU,,167.30947771877948,-20.931287472634196,tribus_villages_nc,15,1402,Lössi
legislatives_2024,1,988,98814,Lifou,LIFOU,0019,410,242,168,238,0,4,6,DIV,MILLAR,Manuel,MASCULIN,Manuel MILLAR,,0,,,,Traput,TRAPUT,1,Traput,Lifou,LIEU_DIT_NC,TRIBU,,167.30947771877948,-20.931287472634196,tribus_villages_nc,15,1402,Lössi
legislatives_2024,1,988,98814,Lifou,LIFOU,0019,410,242,168,238,0,4,7,DVD,CUENOT,Pierre-Henri,MASCULIN,Pierre-Henri CUENOT,,0,,,,Traput,TRAPUT,1,Traput,Lifou,LIEU_DIT_NC,TRIBU,,167.30947771877948,-20.931287472634196,tribus_villages_nc,15,1402,Lössi
legislatives_2024,1,988,98814,Lifou,LIFOU,0019,410,242,168,238,0,4,8,REG,HAOCAS,Muneiko,FEMININ,Muneiko HAOCAS,,6,,,,Traput,TRAPUT,1,Traput,Lifou,LIEU_DIT_NC,TRIBU,,167.30947771877948,-20.931287472634196,tribus_villages_nc,15,1402,Lössi
legislatives_2024,1,988,98814,Lifou,LIFOU,0019,410,242,168,238,0,4,9,RN,LOUECKHOTE,Simon,MASCULIN,Simon LOUECKHOTE,,2,,,,Traput,TRAPUT,1,Traput,Lifou,LIEU_DIT_NC,TRIBU,,167.30947771877948,-20.931287472634196,tribus_villages_nc,15,1402,Lössi
legislatives_2024,1,988,98814,Lifou,LIFOU,0019,410,242,168,238,0,4,10,REG,NEMIA ÉP BISHOP,Germaine Toléta,FEMININ,Germaine Toléta NEMIA ÉP BISHOP,,1,,,,Traput,TRAPUT,1,Traput,Lifou,LIEU_DIT_NC,TRIBU,,167.30947771877948,-20.931287472634196,tribus_villages_nc,15,1402,Lössi
legislatives_2024,1,988,98814,Lifou,LIFOU,0019,410,242,168,238,0,4,11,DVG,FALAEO,Veylma,FEMININ,Veylma FALAEO,,5,,,,Traput,TRAPUT,1,Traput,Lifou,LIEU_DIT_NC,TRIBU,,167.30947771877948,-20.931287472634196,tribus_villages_nc,15,1402,Lössi
legislatives_2024,1,988,98814,Lifou,LIFOU,0019,410,242,168,238,0,4,12,ECO,DEVAUD,Cédric,MASCULIN,Cédric DEVAUD,,0,,,,Traput,TRAPUT,1,Traput,Lifou,LIEU_DIT_NC,TRIBU,,167.30947771877948,-20.931287472634196,tribus_villages_nc,15,1402,Lössi
legislatives_2024,1,988,98814,Lifou,LIFOU,0020,484,264,220,257,5,2,1,HOR,DUNOYER,Philippe,MASCULIN,Philippe DUNOYER,,5,,,,Kedeigne,KEDEIGNE,1,Kedeigne,Lifou,LIEU_DIT_NC,TRIBU,Kejëny,167.21465752873138,-21.037060872425982,tribus_villages_nc,15,1402,Lössi
legislatives_2024,1,988,98814,Lifou,LIFOU,0020,484,264,220,257,5,2,2,DVD,METZDORF,Nicolas,MASCULIN,Nicolas METZDORF,,2,,,,Kedeigne,KEDEIGNE,1,Kedeigne,Lifou,LIEU_DIT_NC,TRIBU,Kejëny,167.21465752873138,-21.037060872425982,tribus_villages_nc,15,1402,Lössi
legislatives_2024,1,988,98814,Lifou,LIFOU,0020,484,264,220,257,5,2,3,REG,ANGEXETINE ÉP RAILATI,Juanita Ciane,FEMININ,Juanita Ciane ANGEXETINE ÉP RAILATI,,2,,,,Kedeigne,KEDEIGNE,1,Kedeigne,Lifou,LIEU_DIT_NC,TRIBU,Kejëny,167.21465752873138,-21.037060872425982,tribus_villages_nc,15,1402,Lössi
legislatives_2024,1,988,98814,Lifou,LIFOU,0020,484,264,220,257,5,2,4,REG,NAISSELINE,Omayra Lisa Meun,FEMININ,Omayra Lisa Meun NAISSELINE,,229,,,,Kedeigne,KEDEIGNE,1,Kedeigne,Lifou,LIEU_DIT_NC,TRIBU,Kejëny,167.21465752873138,-21.037060872425982,tribus_villages_nc,15,1402,Lössi
legislatives_2024,1,988,98814,Lifou,LIFOU,0020,484,264,220,257,5,2,5,REC,NASRI,Thomas,MASCULIN,Thomas NASRI,,0,,,,Kedeigne,KEDEIGNE,1,Kedeigne,Lifou,LIEU_DIT_NC,TRIBU,Kejëny,167.21465752873138,-21.037060872425982,tribus_villages_nc,15,1402,Lössi
legislatives_2024,1,988,98814,Lifou,LIFOU,0020,484,264,220,257,5,2,6,DIV,MILLAR,Manuel,MASCULIN,Manuel MILLAR,,0,,,,Kedeigne,KEDEIGNE,1,Kedeigne,Lifou,LIEU_DIT_NC,TRIBU,Kejëny,167.21465752873138,-21.037060872425982,tribus_villages_nc,15,1402,Lössi
legislatives_2024,1,988,98814,Lifou,LIFOU,0020,484,264,220,257,5,2,7,DVD,CUENOT,Pierre-Henri,MASCULIN,Pierre-Henri CUENOT,,1,,,,Kedeigne,KEDEIGNE,1,Kedeigne,Lifou,LIEU_DIT_NC,TRIBU,Kejëny,167.21465752873138,-21.037060872425982,tribus_villages_nc,15,1402,Lössi
legislatives_2024,1,988,98814,Lifou,LIFOU,0020,484,264,220,257,5,2,8,REG,HAOCAS,Muneiko,FEMININ,Muneiko HAOCAS,,10,,,,Kedeigne,KEDEIGNE,1,Kedeigne,Lifou,LIEU_DIT_NC,TRIBU,Kejëny,167.21465752873138,-21.037060872425982,tribus_villages_nc,15,1402,Lössi
legislatives_2024,1,988,98814,Lifou,LIFOU,0020,484,264,220,257,5,2,9,RN,LOUECKHOTE,Simon,MASCULIN,Simon LOUECKHOTE,,3,,,,Kedeigne,KEDEIGNE,1,Kedeigne,Lifou,LIEU_DIT_NC,TRIBU,Kejëny,167.21465752873138,-21.037060872425982,tribus_villages_nc,15,1402,Lössi
legislatives_2024,1,988,98814,Lifou,LIFOU,0020,484,264,220,257,5,2,10,REG,NEMIA ÉP BISHOP,Germaine Toléta,FEMININ,Germaine Toléta NEMIA ÉP BISHOP,,0,,,,Kedeigne,KEDEIGNE,1,Kedeigne,Lifou,LIEU_DIT_NC,TRIBU,Kejëny,167.21465752873138,-21.037060872425982,tribus_villages_nc,15,1402,Lössi
legislatives_2024,1,988,98814,Lifou,LIFOU,0020,484,264,220,257,5,2,11,DVG,FALAEO,Veylma,FEMININ,Veylma FALAEO,,3,,,,Kedeigne,KEDEIGNE,1,Kedeigne,Lifou,LIEU_DIT_NC,TRIBU,Kejëny,167.21465752873138,-21.037060872425982,tribus_villages_nc,15,1402,Lössi
legislatives_2024,1,988,98814,Lifou,LIFOU,0020,484,264,220,257,5,2,12,ECO,DEVAUD,Cédric,MASCULIN,Cédric DEVAUD,,2,,,,Kedeigne,KEDEIGNE,1,Kedeigne,Lifou,LIEU_DIT_NC,TRIBU,Kejëny,167.21465752873138,-21.037060872425982,tribus_villages_nc,15,1402,Lössi
legislatives_2024,1,988,98814,Lifou,LIFOU,0021,307,170,137,170,0,0,1,HOR,DUNOYER,Philippe,MASCULIN,Philippe DUNOYER,,7,,,,Tingeting,TINGETING,1,Tingeting,Lifou,LIEU_DIT_NC,TRIBU,,167.26667509635985,-20.741613827760364,tribus_villages_nc,16,1403,Wet
legislatives_2024,1,988,98814,Lifou,LIFOU,0021,307,170,137,170,0,0,2,DVD,METZDORF,Nicolas,MASCULIN,Nicolas METZDORF,,5,,,,Tingeting,TINGETING,1,Tingeting,Lifou,LIEU_DIT_NC,TRIBU,,167.26667509635985,-20.741613827760364,tribus_villages_nc,16,1403,Wet
legislatives_2024,1,988,98814,Lifou,LIFOU,0021,307,170,137,170,0,0,3,REG,ANGEXETINE ÉP RAILATI,Juanita Ciane,FEMININ,Juanita Ciane ANGEXETINE ÉP RAILATI,,10,,,,Tingeting,TINGETING,1,Tingeting,Lifou,LIEU_DIT_NC,TRIBU,,167.26667509635985,-20.741613827760364,tribus_villages_nc,16,1403,Wet
legislatives_2024,1,988,98814,Lifou,LIFOU,0021,307,170,137,170,0,0,4,REG,NAISSELINE,Omayra Lisa Meun,FEMININ,Omayra Lisa Meun NAISSELINE,,135,,,,Tingeting,TINGETING,1,Tingeting,Lifou,LIEU_DIT_NC,TRIBU,,167.26667509635985,-20.741613827760364,tribus_villages_nc,16,1403,Wet
legislatives_2024,1,988,98814,Lifou,LIFOU,0021,307,170,137,170,0,0,5,REC,NASRI,Thomas,MASCULIN,Thomas NASRI,,0,,,,Tingeting,TINGETING,1,Tingeting,Lifou,LIEU_DIT_NC,TRIBU,,167.26667509635985,-20.741613827760364,tribus_villages_nc,16,1403,Wet
legislatives_2024,1,988,98814,Lifou,LIFOU,0021,307,170,137,170,0,0,6,DIV,MILLAR,Manuel,MASCULIN,Manuel MILLAR,,1,,,,Tingeting,TINGETING,1,Tingeting,Lifou,LIEU_DIT_NC,TRIBU,,167.26667509635985,-20.741613827760364,tribus_villages_nc,16,1403,Wet
legislatives_2024,1,988,98814,Lifou,LIFOU,0021,307,170,137,170,0,0,7,DVD,CUENOT,Pierre-Henri,MASCULIN,Pierre-Henri CUENOT,,0,,,,Tingeting,TINGETING,1,Tingeting,Lifou,LIEU_DIT_NC,TRIBU,,167.26667509635985,-20.741613827760364,tribus_villages_nc,16,1403,Wet
legislatives_2024,1,988,98814,Lifou,LIFOU,0021,307,170,137,170,0,0,8,REG,HAOCAS,Muneiko,FEMININ,Muneiko HAOCAS,,5,,,,Tingeting,TINGETING,1,Tingeting,Lifou,LIEU_DIT_NC,TRIBU,,167.26667509635985,-20.741613827760364,tribus_villages_nc,16,1403,Wet
legislatives_2024,1,988,98814,Lifou,LIFOU,0021,307,170,137,170,0,0,9,RN,LOUECKHOTE,Simon,MASCULIN,Simon LOUECKHOTE,,4,,,,Tingeting,TINGETING,1,Tingeting,Lifou,LIEU_DIT_NC,TRIBU,,167.26667509635985,-20.741613827760364,tribus_villages_nc,16,1403,Wet
legislatives_2024,1,988,98814,Lifou,LIFOU,0021,307,170,137,170,0,0,10,REG,NEMIA ÉP BISHOP,Germaine Toléta,FEMININ,Germaine Toléta NEMIA ÉP BISHOP,,1,,,,Tingeting,TINGETING,1,Tingeting,Lifou,LIEU_DIT_NC,TRIBU,,167.26667509635985,-20.741613827760364,tribus_villages_nc,16,1403,Wet
legislatives_2024,1,988,98814,Lifou,LIFOU,0021,307,170,137,170,0,0,11,DVG,FALAEO,Veylma,FEMININ,Veylma FALAEO,,2,,,,Tingeting,TINGETING,1,Tingeting,Lifou,LIEU_DIT_NC,TRIBU,,167.26667509635985,-20.741613827760364,tribus_villages_nc,16,1403,Wet
legislatives_2024,1,988,98814,Lifou,LIFOU,0021,307,170,137,170,0,0,12,ECO,DEVAUD,Cédric,MASCULIN,Cédric DEVAUD,,0,,,,Tingeting,TINGETING,1,Tingeting,Lifou,LIEU_DIT_NC,TRIBU,,167.26667509635985,-20.741613827760364,tribus_villages_nc,16,1403,Wet
legislatives_2024,1,988,98814,Lifou,LIFOU,0022,242,153,89,152,0,1,1,HOR,DUNOYER,Philippe,MASCULIN,Philippe DUNOYER,,0,,,,Hunëtë,HUNETE,1,Hunëtë,Lifou,LIEU_DIT_NC,TRIBU,,167.09364365001284,-20.763254184835077,tribus_villages_nc,16,1403,Wet
legislatives_2024,1,988,98814,Lifou,LIFOU,0022,242,153,89,152,0,1,2,DVD,METZDORF,Nicolas,MASCULIN,Nicolas METZDORF,,0,,,,Hunëtë,HUNETE,1,Hunëtë,Lifou,LIEU_DIT_NC,TRIBU,,167.09364365001284,-20.763254184835077,tribus_villages_nc,16,1403,Wet
legislatives_2024,1,988,98814,Lifou,LIFOU,0022,242,153,89,152,0,1,3,REG,ANGEXETINE ÉP RAILATI,Juanita Ciane,FEMININ,Juanita Ciane ANGEXETINE ÉP RAILATI,,1,,,,Hunëtë,HUNETE,1,Hunëtë,Lifou,LIEU_DIT_NC,TRIBU,,167.09364365001284,-20.763254184835077,tribus_villages_nc,16,1403,Wet
legislatives_2024,1,988,98814,Lifou,LIFOU,0022,242,153,89,152,0,1,4,REG,NAISSELINE,Omayra Lisa Meun,FEMININ,Omayra Lisa Meun NAISSELINE,,142,,,,Hunëtë,HUNETE,1,Hunëtë,Lifou,LIEU_DIT_NC,TRIBU,,167.09364365001284,-20.763254184835077,tribus_villages_nc,16,1403,Wet
legislatives_2024,1,988,98814,Lifou,LIFOU,0022,242,153,89,152,0,1,5,REC,NASRI,Thomas,MASCULIN,Thomas NASRI,,0,,,,Hunëtë,HUNETE,1,Hunëtë,Lifou,LIEU_DIT_NC,TRIBU,,167.09364365001284,-20.763254184835077,tribus_villages_nc,16,1403,Wet
legislatives_2024,1,988,98814,Lifou,LIFOU,0022,242,153,89,152,0,1,6,DIV,MILLAR,Manuel,MASCULIN,Manuel MILLAR,,0,,,,Hunëtë,HUNETE,1,Hunëtë,Lifou,LIEU_DIT_NC,TRIBU,,167.09364365001284,-20.763254184835077,tribus_villages_nc,16,1403,Wet
legislatives_2024,1,988,98814,Lifou,LIFOU,0022,242,153,89,152,0,1,7,DVD,CUENOT,Pierre-Henri,MASCULIN,Pierre-Henri CUENOT,,0,,,,Hunëtë,HUNETE,1,Hunëtë,Lifou,LIEU_DIT_NC,TRIBU,,167.09364365001284,-20.763254184835077,tribus_villages_nc,16,1403,Wet
legislatives_2024,1,988,98814,Lifou,LIFOU,0022,242,153,89,152,0,1,8,REG,HAOCAS,Muneiko,FEMININ,Muneiko HAOCAS,,5,,,,Hunëtë,HUNETE,1,Hunëtë,Lifou,LIEU_DIT_NC,TRIBU,,167.09364365001284,-20.763254184835077,tribus_villages_nc,16,1403,Wet
legislatives_2024,1,988,98814,Lifou,LIFOU,0022,242,153,89,152,0,1,9,RN,LOUECKHOTE,Simon,MASCULIN,Simon LOUECKHOTE,,0,,,,Hunëtë,HUNETE,1,Hunëtë,Lifou,LIEU_DIT_NC,TRIBU,,167.09364365001284,-20.763254184835077,tribus_villages_nc,16,1403,Wet
legislatives_2024,1,988,98814,Lifou,LIFOU,0022,242,153,89,152,0,1,10,REG,NEMIA ÉP BISHOP,Germaine Toléta,FEMININ,Germaine Toléta NEMIA ÉP BISHOP,,0,,,,Hunëtë,HUNETE,1,Hunëtë,Lifou,LIEU_DIT_NC,TRIBU,,167.09364365001284,-20.763254184835077,tribus_villages_nc,16,1403,Wet
legislatives_2024,1,988,98814,Lifou,LIFOU,0022,242,153,89,152,0,1,11,DVG,FALAEO,Veylma,FEMININ,Veylma FALAEO,,4,,,,Hunëtë,HUNETE,1,Hunëtë,Lifou,LIEU_DIT_NC,TRIBU,,167.09364365001284,-20.763254184835077,tribus_villages_nc,16,1403,Wet
legislatives_2024,1,988,98814,Lifou,LIFOU,0022,242,153,89,152,0,1,12,ECO,DEVAUD,Cédric,MASCULIN,Cédric DEVAUD,,0,,,,Hunëtë,HUNETE,1,Hunëtë,Lifou,LIEU_DIT_NC,TRIBU,,167.09364365001284,-20.763254184835077,tribus_villages_nc,16,1403,Wet
legislatives_2024,1,988,98814,Lifou,LIFOU,0023,360,219,141,217,2,0,1,HOR,DUNOYER,Philippe,MASCULIN,Philippe DUNOYER,,4,,,,Luengoni,LUENGONI,,,,,,,167.4090226,-21.033997,tidygeocoder_osm,,,
legislatives_2024,1,988,98814,Lifou,LIFOU,0023,360,219,141,217,2,0,2,DVD,METZDORF,Nicolas,MASCULIN,Nicolas METZDORF,,0,,,,Luengoni,LUENGONI,,,,,,,167.4090226,-21.033997,tidygeocoder_osm,,,
legislatives_2024,1,988,98814,Lifou,LIFOU,0023,360,219,141,217,2,0,3,REG,ANGEXETINE ÉP RAILATI,Juanita Ciane,FEMININ,Juanita Ciane ANGEXETINE ÉP RAILATI,,0,,,,Luengoni,LUENGONI,,,,,,,167.4090226,-21.033997,tidygeocoder_osm,,,
legislatives_2024,1,988,98814,Lifou,LIFOU,0023,360,219,141,217,2,0,4,REG,NAISSELINE,Omayra Lisa Meun,FEMININ,Omayra Lisa Meun NAISSELINE,,206,,,,Luengoni,LUENGONI,,,,,,,167.4090226,-21.033997,tidygeocoder_osm,,,
legislatives_2024,1,988,98814,Lifou,LIFOU,0023,360,219,141,217,2,0,5,REC,NASRI,Thomas,MASCULIN,Thomas NASRI,,0,,,,Luengoni,LUENGONI,,,,,,,167.4090226,-21.033997,tidygeocoder_osm,,,
legislatives_2024,1,988,98814,Lifou,LIFOU,0023,360,219,141,217,2,0,6,DIV,MILLAR,Manuel,MASCULIN,Manuel MILLAR,,0,,,,Luengoni,LUENGONI,,,,,,,167.4090226,-21.033997,tidygeocoder_osm,,,
legislatives_2024,1,988,98814,Lifou,LIFOU,0023,360,219,141,217,2,0,7,DVD,CUENOT,Pierre-Henri,MASCULIN,Pierre-Henri CUENOT,,0,,,,Luengoni,LUENGONI,,,,,,,167.4090226,-21.033997,tidygeocoder_osm,,,
legislatives_2024,1,988,98814,Lifou,LIFOU,0023,360,219,141,217,2,0,8,REG,HAOCAS,Muneiko,FEMININ,Muneiko HAOCAS,,3,,,,Luengoni,LUENGONI,,,,,,,167.4090226,-21.033997,tidygeocoder_osm,,,
legislatives_2024,1,988,98814,Lifou,LIFOU,0023,360,219,141,217,2,0,9,RN,LOUECKHOTE,Simon,MASCULIN,Simon LOUECKHOTE,,2,,,,Luengoni,LUENGONI,,,,,,,167.4090226,-21.033997,tidygeocoder_osm,,,
legislatives_2024,1,988,98814,Lifou,LIFOU,0023,360,219,141,217,2,0,10,REG,NEMIA ÉP BISHOP,Germaine Toléta,FEMININ,Germaine Toléta NEMIA ÉP BISHOP,,0,,,,Luengoni,LUENGONI,,,,,,,167.4090226,-21.033997,tidygeocoder_osm,,,
legislatives_2024,1,988,98814,Lifou,LIFOU,0023,360,219,141,217,2,0,11,DVG,FALAEO,Veylma,FEMININ,Veylma FALAEO,,2,,,,Luengoni,LUENGONI,,,,,,,167.4090226,-21.033997,tidygeocoder_osm,,,
legislatives_2024,1,988,98814,Lifou,LIFOU,0023,360,219,141,217,2,0,12,ECO,DEVAUD,Cédric,MASCULIN,Cédric DEVAUD,,0,,,,Luengoni,LUENGONI,,,,,,,167.4090226,-21.033997,tidygeocoder_osm,,,
legislatives_2024,1,988,98814,Lifou,LIFOU,0024,159,80,79,80,0,0,1,HOR,DUNOYER,Philippe,MASCULIN,Philippe DUNOYER,,3,,,,Hnanemuhaetra,HNANEMUHAETRA,1,Hnanemuhaetra,Lifou,LIEU_DIT_NC,TRIBU,,167.2208209830944,-20.707970338645733,tribus_villages_nc,16,1403,Wet
legislatives_2024,1,988,98814,Lifou,LIFOU,0024,159,80,79,80,0,0,2,DVD,METZDORF,Nicolas,MASCULIN,Nicolas METZDORF,,0,,,,Hnanemuhaetra,HNANEMUHAETRA,1,Hnanemuhaetra,Lifou,LIEU_DIT_NC,TRIBU,,167.2208209830944,-20.707970338645733,tribus_villages_nc,16,1403,Wet
legislatives_2024,1,988,98814,Lifou,LIFOU,0024,159,80,79,80,0,0,3,REG,ANGEXETINE ÉP RAILATI,Juanita Ciane,FEMININ,Juanita Ciane ANGEXETINE ÉP RAILATI,,1,,,,Hnanemuhaetra,HNANEMUHAETRA,1,Hnanemuhaetra,Lifou,LIEU_DIT_NC,TRIBU,,167.2208209830944,-20.707970338645733,tribus_villages_nc,16,1403,Wet
legislatives_2024,1,988,98814,Lifou,LIFOU,0024,159,80,79,80,0,0,4,REG,NAISSELINE,Omayra Lisa Meun,FEMININ,Omayra Lisa Meun NAISSELINE,,73,,,,Hnanemuhaetra,HNANEMUHAETRA,1,Hnanemuhaetra,Lifou,LIEU_DIT_NC,TRIBU,,167.2208209830944,-20.707970338645733,tribus_villages_nc,16,1403,Wet
legislatives_2024,1,988,98814,Lifou,LIFOU,0024,159,80,79,80,0,0,5,REC,NASRI,Thomas,MASCULIN,Thomas NASRI,,0,,,,Hnanemuhaetra,HNANEMUHAETRA,1,Hnanemuhaetra,Lifou,LIEU_DIT_NC,TRIBU,,167.2208209830944,-20.707970338645733,tribus_villages_nc,16,1403,Wet
legislatives_2024,1,988,98814,Lifou,LIFOU,0024,159,80,79,80,0,0,6,DIV,MILLAR,Manuel,MASCULIN,Manuel MILLAR,,0,,,,Hnanemuhaetra,HNANEMUHAETRA,1,Hnanemuhaetra,Lifou,LIEU_DIT_NC,TRIBU,,167.2208209830944,-20.707970338645733,tribus_villages_nc,16,1403,Wet
legislatives_2024,1,988,98814,Lifou,LIFOU,0024,159,80,79,80,0,0,7,DVD,CUENOT,Pierre-Henri,MASCULIN,Pierre-Henri CUENOT,,0,,,,Hnanemuhaetra,HNANEMUHAETRA,1,Hnanemuhaetra,Lifou,LIEU_DIT_NC,TRIBU,,167.2208209830944,-20.707970338645733,tribus_villages_nc,16,1403,Wet
legislatives_2024,1,988,98814,Lifou,LIFOU,0024,159,80,79,80,0,0,8,REG,HAOCAS,Muneiko,FEMININ,Muneiko HAOCAS,,1,,,,Hnanemuhaetra,HNANEMUHAETRA,1,Hnanemuhaetra,Lifou,LIEU_DIT_NC,TRIBU,,167.2208209830944,-20.707970338645733,tribus_villages_nc,16,1403,Wet
legislatives_2024,1,988,98814,Lifou,LIFOU,0024,159,80,79,80,0,0,9,RN,LOUECKHOTE,Simon,MASCULIN,Simon LOUECKHOTE,,1,,,,Hnanemuhaetra,HNANEMUHAETRA,1,Hnanemuhaetra,Lifou,LIEU_DIT_NC,TRIBU,,167.2208209830944,-20.707970338645733,tribus_villages_nc,16,1403,Wet
legislatives_2024,1,988,98814,Lifou,LIFOU,0024,159,80,79,80,0,0,10,REG,NEMIA ÉP BISHOP,Germaine Toléta,FEMININ,Germaine Toléta NEMIA ÉP BISHOP,,1,,,,Hnanemuhaetra,HNANEMUHAETRA,1,Hnanemuhaetra,Lifou,LIEU_DIT_NC,TRIBU,,167.2208209830944,-20.707970338645733,tribus_villages_nc,16,1403,Wet
legislatives_2024,1,988,98814,Lifou,LIFOU,0024,159,80,79,80,0,0,11,DVG,FALAEO,Veylma,FEMININ,Veylma FALAEO,,0,,,,Hnanemuhaetra,HNANEMUHAETRA,1,Hnanemuhaetra,Lifou,LIEU_DIT_NC,TRIBU,,167.2208209830944,-20.707970338645733,tribus_villages_nc,16,1403,Wet
legislatives_2024,1,988,98814,Lifou,LIFOU,0024,159,80,79,80,0,0,12,ECO,DEVAUD,Cédric,MASCULIN,Cédric DEVAUD,,0,,,,Hnanemuhaetra,HNANEMUHAETRA,1,Hnanemuhaetra,Lifou,LIEU_DIT_NC,TRIBU,,167.2208209830944,-20.707970338645733,tribus_villages_nc,16,1403,Wet
legislatives_2024,1,988,98814,Lifou,LIFOU,0025,262,160,102,159,0,1,1,HOR,DUNOYER,Philippe,MASCULIN,Philippe DUNOYER,,6,,,,Hnassé,HNASSE,0.833,Hnaasé,Lifou,LIEU_DIT_NC,TRIBU,,167.26043772263108,-20.9143896938111,tribus_villages_nc,15,1402,Lössi
legislatives_2024,1,988,98814,Lifou,LIFOU,0025,262,160,102,159,0,1,2,DVD,METZDORF,Nicolas,MASCULIN,Nicolas METZDORF,,1,,,,Hnassé,HNASSE,0.833,Hnaasé,Lifou,LIEU_DIT_NC,TRIBU,,167.26043772263108,-20.9143896938111,tribus_villages_nc,15,1402,Lössi
legislatives_2024,1,988,98814,Lifou,LIFOU,0025,262,160,102,159,0,1,3,REG,ANGEXETINE ÉP RAILATI,Juanita Ciane,FEMININ,Juanita Ciane ANGEXETINE ÉP RAILATI,,3,,,,Hnassé,HNASSE,0.833,Hnaasé,Lifou,LIEU_DIT_NC,TRIBU,,167.26043772263108,-20.9143896938111,tribus_villages_nc,15,1402,Lössi
legislatives_2024,1,988,98814,Lifou,LIFOU,0025,262,160,102,159,0,1,4,REG,NAISSELINE,Omayra Lisa Meun,FEMININ,Omayra Lisa Meun NAISSELINE,,140,,,,Hnassé,HNASSE,0.833,Hnaasé,Lifou,LIEU_DIT_NC,TRIBU,,167.26043772263108,-20.9143896938111,tribus_villages_nc,15,1402,Lössi
legislatives_2024,1,988,98814,Lifou,LIFOU,0025,262,160,102,159,0,1,5,REC,NASRI,Thomas,MASCULIN,Thomas NASRI,,0,,,,Hnassé,HNASSE,0.833,Hnaasé,Lifou,LIEU_DIT_NC,TRIBU,,167.26043772263108,-20.9143896938111,tribus_villages_nc,15,1402,Lössi
legislatives_2024,1,988,98814,Lifou,LIFOU,0025,262,160,102,159,0,1,6,DIV,MILLAR,Manuel,MASCULIN,Manuel MILLAR,,0,,,,Hnassé,HNASSE,0.833,Hnaasé,Lifou,LIEU_DIT_NC,TRIBU,,167.26043772263108,-20.9143896938111,tribus_villages_nc,15,1402,Lössi
legislatives_2024,1,988,98814,Lifou,LIFOU,0025,262,160,102,159,0,1,7,DVD,CUENOT,Pierre-Henri,MASCULIN,Pierre-Henri CUENOT,,0,,,,Hnassé,HNASSE,0.833,Hnaasé,Lifou,LIEU_DIT_NC,TRIBU,,167.26043772263108,-20.9143896938111,tribus_villages_nc,15,1402,Lössi
legislatives_2024,1,988,98814,Lifou,LIFOU,0025,262,160,102,159,0,1,8,REG,HAOCAS,Muneiko,FEMININ,Muneiko HAOCAS,,6,,,,Hnassé,HNASSE,0.833,Hnaasé,Lifou,LIEU_DIT_NC,TRIBU,,167.26043772263108,-20.9143896938111,tribus_villages_nc,15,1402,Lössi
legislatives_2024,1,988,98814,Lifou,LIFOU,0025,262,160,102,159,0,1,9,RN,LOUECKHOTE,Simon,MASCULIN,Simon LOUECKHOTE,,1,,,,Hnassé,HNASSE,0.833,Hnaasé,Lifou,LIEU_DIT_NC,TRIBU,,167.26043772263108,-20.9143896938111,tribus_villages_nc,15,1402,Lössi
legislatives_2024,1,988,98814,Lifou,LIFOU,0025,262,160,102,159,0,1,10,REG,NEMIA ÉP BISHOP,Germaine Toléta,FEMININ,Germaine Toléta NEMIA ÉP BISHOP,,0,,,,Hnassé,HNASSE,0.833,Hnaasé,Lifou,LIEU_DIT_NC,TRIBU,,167.26043772263108,-20.9143896938111,tribus_villages_nc,15,1402,Lössi
legislatives_2024,1,988,98814,Lifou,LIFOU,0025,262,160,102,159,0,1,11,DVG,FALAEO,Veylma,FEMININ,Veylma FALAEO,,1,,,,Hnassé,HNASSE,0.833,Hnaasé,Lifou,LIEU_DIT_NC,TRIBU,,167.26043772263108,-20.9143896938111,tribus_villages_nc,15,1402,Lössi
legislatives_2024,1,988,98814,Lifou,LIFOU,0025,262,160,102,159,0,1,12,ECO,DEVAUD,Cédric,MASCULIN,Cédric DEVAUD,,1,,,,Hnassé,HNASSE,0.833,Hnaasé,Lifou,LIEU_DIT_NC,TRIBU,,167.26043772263108,-20.9143896938111,tribus_villages_nc,15,1402,Lössi
legislatives_2024,1,988,98814,Lifou,LIFOU,0026,183,118,65,116,2,0,1,HOR,DUNOYER,Philippe,MASCULIN,Philippe DUNOYER,,0,,,,Kirinata,KIRINATA,1,Kirinata,Lifou,LIEU_DIT_NC,TRIBU,,167.24979496278135,-20.81569061412791,tribus_villages_nc,16,1403,Wet
legislatives_2024,1,988,98814,Lifou,LIFOU,0026,183,118,65,116,2,0,2,DVD,METZDORF,Nicolas,MASCULIN,Nicolas METZDORF,,0,,,,Kirinata,KIRINATA,1,Kirinata,Lifou,LIEU_DIT_NC,TRIBU,,167.24979496278135,-20.81569061412791,tribus_villages_nc,16,1403,Wet
legislatives_2024,1,988,98814,Lifou,LIFOU,0026,183,118,65,116,2,0,3,REG,ANGEXETINE ÉP RAILATI,Juanita Ciane,FEMININ,Juanita Ciane ANGEXETINE ÉP RAILATI,,5,,,,Kirinata,KIRINATA,1,Kirinata,Lifou,LIEU_DIT_NC,TRIBU,,167.24979496278135,-20.81569061412791,tribus_villages_nc,16,1403,Wet
legislatives_2024,1,988,98814,Lifou,LIFOU,0026,183,118,65,116,2,0,4,REG,NAISSELINE,Omayra Lisa Meun,FEMININ,Omayra Lisa Meun NAISSELINE,,102,,,,Kirinata,KIRINATA,1,Kirinata,Lifou,LIEU_DIT_NC,TRIBU,,167.24979496278135,-20.81569061412791,tribus_villages_nc,16,1403,Wet
legislatives_2024,1,988,98814,Lifou,LIFOU,0026,183,118,65,116,2,0,5,REC,NASRI,Thomas,MASCULIN,Thomas NASRI,,0,,,,Kirinata,KIRINATA,1,Kirinata,Lifou,LIEU_DIT_NC,TRIBU,,167.24979496278135,-20.81569061412791,tribus_villages_nc,16,1403,Wet
legislatives_2024,1,988,98814,Lifou,LIFOU,0026,183,118,65,116,2,0,6,DIV,MILLAR,Manuel,MASCULIN,Manuel MILLAR,,0,,,,Kirinata,KIRINATA,1,Kirinata,Lifou,LIEU_DIT_NC,TRIBU,,167.24979496278135,-20.81569061412791,tribus_villages_nc,16,1403,Wet
legislatives_2024,1,988,98814,Lifou,LIFOU,0026,183,118,65,116,2,0,7,DVD,CUENOT,Pierre-Henri,MASCULIN,Pierre-Henri CUENOT,,0,,,,Kirinata,KIRINATA,1,Kirinata,Lifou,LIEU_DIT_NC,TRIBU,,167.24979496278135,-20.81569061412791,tribus_villages_nc,16,1403,Wet
legislatives_2024,1,988,98814,Lifou,LIFOU,0026,183,118,65,116,2,0,8,REG,HAOCAS,Muneiko,FEMININ,Muneiko HAOCAS,,4,,,,Kirinata,KIRINATA,1,Kirinata,Lifou,LIEU_DIT_NC,TRIBU,,167.24979496278135,-20.81569061412791,tribus_villages_nc,16,1403,Wet
legislatives_2024,1,988,98814,Lifou,LIFOU,0026,183,118,65,116,2,0,9,RN,LOUECKHOTE,Simon,MASCULIN,Simon LOUECKHOTE,,1,,,,Kirinata,KIRINATA,1,Kirinata,Lifou,LIEU_DIT_NC,TRIBU,,167.24979496278135,-20.81569061412791,tribus_villages_nc,16,1403,Wet
legislatives_2024,1,988,98814,Lifou,LIFOU,0026,183,118,65,116,2,0,10,REG,NEMIA ÉP BISHOP,Germaine Toléta,FEMININ,Germaine Toléta NEMIA ÉP BISHOP,,0,,,,Kirinata,KIRINATA,1,Kirinata,Lifou,LIEU_DIT_NC,TRIBU,,167.24979496278135,-20.81569061412791,tribus_villages_nc,16,1403,Wet
legislatives_2024,1,988,98814,Lifou,LIFOU,0026,183,118,65,116,2,0,11,DVG,FALAEO,Veylma,FEMININ,Veylma FALAEO,,4,,,,Kirinata,KIRINATA,1,Kirinata,Lifou,LIEU_DIT_NC,TRIBU,,167.24979496278135,-20.81569061412791,tribus_villages_nc,16,1403,Wet
legislatives_2024,1,988,98814,Lifou,LIFOU,0026,183,118,65,116,2,0,12,ECO,DEVAUD,Cédric,MASCULIN,Cédric DEVAUD,,0,,,,Kirinata,KIRINATA,1,Kirinata,Lifou,LIEU_DIT_NC,TRIBU,,167.24979496278135,-20.81569061412791,tribus_villages_nc,16,1403,Wet
legislatives_2024,1,988,98814,Lifou,LIFOU,0027,247,138,109,138,0,0,1,HOR,DUNOYER,Philippe,MASCULIN,Philippe DUNOYER,,4,,,,Lieu de vote délocalisé n°1 de Lifou à Nouméa,LIEU VOTE DELOCALISE LIFOU A NOUMEA,,Centre Culturel Ko We Kara,72 RUE AMPERE,CULTUREL ET SOCIO EDUCATIF,Equipements culturels,Centre culturel maison culturelle et centre d'art,166.456104572757,-22.2355536217178,arrete_manual_etablissements,68,1832,Zone industrielle Ducos
legislatives_2024,1,988,98814,Lifou,LIFOU,0027,247,138,109,138,0,0,2,DVD,METZDORF,Nicolas,MASCULIN,Nicolas METZDORF,,1,,,,Lieu de vote délocalisé n°1 de Lifou à Nouméa,LIEU VOTE DELOCALISE LIFOU A NOUMEA,,Centre Culturel Ko We Kara,72 RUE AMPERE,CULTUREL ET SOCIO EDUCATIF,Equipements culturels,Centre culturel maison culturelle et centre d'art,166.456104572757,-22.2355536217178,arrete_manual_etablissements,68,1832,Zone industrielle Ducos
legislatives_2024,1,988,98814,Lifou,LIFOU,0027,247,138,109,138,0,0,3,REG,ANGEXETINE ÉP RAILATI,Juanita Ciane,FEMININ,Juanita Ciane ANGEXETINE ÉP RAILATI,,1,,,,Lieu de vote délocalisé n°1 de Lifou à Nouméa,LIEU VOTE DELOCALISE LIFOU A NOUMEA,,Centre Culturel Ko We Kara,72 RUE AMPERE,CULTUREL ET SOCIO EDUCATIF,Equipements culturels,Centre culturel maison culturelle et centre d'art,166.456104572757,-22.2355536217178,arrete_manual_etablissements,68,1832,Zone industrielle Ducos
legislatives_2024,1,988,98814,Lifou,LIFOU,0027,247,138,109,138,0,0,4,REG,NAISSELINE,Omayra Lisa Meun,FEMININ,Omayra Lisa Meun NAISSELINE,,124,,,,Lieu de vote délocalisé n°1 de Lifou à Nouméa,LIEU VOTE DELOCALISE LIFOU A NOUMEA,,Centre Culturel Ko We Kara,72 RUE AMPERE,CULTUREL ET SOCIO EDUCATIF,Equipements culturels,Centre culturel maison culturelle et centre d'art,166.456104572757,-22.2355536217178,arrete_manual_etablissements,68,1832,Zone industrielle Ducos
legislatives_2024,1,988,98814,Lifou,LIFOU,0027,247,138,109,138,0,0,5,REC,NASRI,Thomas,MASCULIN,Thomas NASRI,,0,,,,Lieu de vote délocalisé n°1 de Lifou à Nouméa,LIEU VOTE DELOCALISE LIFOU A NOUMEA,,Centre Culturel Ko We Kara,72 RUE AMPERE,CULTUREL ET SOCIO EDUCATIF,Equipements culturels,Centre culturel maison culturelle et centre d'art,166.456104572757,-22.2355536217178,arrete_manual_etablissements,68,1832,Zone industrielle Ducos
legislatives_2024,1,988,98814,Lifou,LIFOU,0027,247,138,109,138,0,0,6,DIV,MILLAR,Manuel,MASCULIN,Manuel MILLAR,,0,,,,Lieu de vote délocalisé n°1 de Lifou à Nouméa,LIEU VOTE DELOCALISE LIFOU A NOUMEA,,Centre Culturel Ko We Kara,72 RUE AMPERE,CULTUREL ET SOCIO EDUCATIF,Equipements culturels,Centre culturel maison culturelle et centre d'art,166.456104572757,-22.2355536217178,arrete_manual_etablissements,68,1832,Zone industrielle Ducos
legislatives_2024,1,988,98814,Lifou,LIFOU,0027,247,138,109,138,0,0,7,DVD,CUENOT,Pierre-Henri,MASCULIN,Pierre-Henri CUENOT,,0,,,,Lieu de vote délocalisé n°1 de Lifou à Nouméa,LIEU VOTE DELOCALISE LIFOU A NOUMEA,,Centre Culturel Ko We Kara,72 RUE AMPERE,CULTUREL ET SOCIO EDUCATIF,Equipements culturels,Centre culturel maison culturelle et centre d'art,166.456104572757,-22.2355536217178,arrete_manual_etablissements,68,1832,Zone industrielle Ducos
legislatives_2024,1,988,98814,Lifou,LIFOU,0027,247,138,109,138,0,0,8,REG,HAOCAS,Muneiko,FEMININ,Muneiko HAOCAS,,6,,,,Lieu de vote délocalisé n°1 de Lifou à Nouméa,LIEU VOTE DELOCALISE LIFOU A NOUMEA,,Centre Culturel Ko We Kara,72 RUE AMPERE,CULTUREL ET SOCIO EDUCATIF,Equipements culturels,Centre culturel maison culturelle et centre d'art,166.456104572757,-22.2355536217178,arrete_manual_etablissements,68,1832,Zone industrielle Ducos
legislatives_2024,1,988,98814,Lifou,LIFOU,0027,247,138,109,138,0,0,9,RN,LOUECKHOTE,Simon,MASCULIN,Simon LOUECKHOTE,,1,,,,Lieu de vote délocalisé n°1 de Lifou à Nouméa,LIEU VOTE DELOCALISE LIFOU A NOUMEA,,Centre Culturel Ko We Kara,72 RUE AMPERE,CULTUREL ET SOCIO EDUCATIF,Equipements culturels,Centre culturel maison culturelle et centre d'art,166.456104572757,-22.2355536217178,arrete_manual_etablissements,68,1832,Zone industrielle Ducos
legislatives_2024,1,988,98814,Lifou,LIFOU,0027,247,138,109,138,0,0,10,REG,NEMIA ÉP BISHOP,Germaine Toléta,FEMININ,Germaine Toléta NEMIA ÉP BISHOP,,0,,,,Lieu de vote délocalisé n°1 de Lifou à Nouméa,LIEU VOTE DELOCALISE LIFOU A NOUMEA,,Centre Culturel Ko We Kara,72 RUE AMPERE,CULTUREL ET SOCIO EDUCATIF,Equipements culturels,Centre culturel maison culturelle et centre d'art,166.456104572757,-22.2355536217178,arrete_manual_etablissements,68,1832,Zone industrielle Ducos
legislatives_2024,1,988,98814,Lifou,LIFOU,0027,247,138,109,138,0,0,11,DVG,FALAEO,Veylma,FEMININ,Veylma FALAEO,,1,,,,Lieu de vote délocalisé n°1 de Lifou à Nouméa,LIEU VOTE DELOCALISE LIFOU A NOUMEA,,Centre Culturel Ko We Kara,72 RUE AMPERE,CULTUREL ET SOCIO EDUCATIF,Equipements culturels,Centre culturel maison culturelle et centre d'art,166.456104572757,-22.2355536217178,arrete_manual_etablissements,68,1832,Zone industrielle Ducos
legislatives_2024,1,988,98814,Lifou,LIFOU,0027,247,138,109,138,0,0,12,ECO,DEVAUD,Cédric,MASCULIN,Cédric DEVAUD,,0,,,,Lieu de vote délocalisé n°1 de Lifou à Nouméa,LIEU VOTE DELOCALISE LIFOU A NOUMEA,,Centre Culturel Ko We Kara,72 RUE AMPERE,CULTUREL ET SOCIO EDUCATIF,Equipements culturels,Centre culturel maison culturelle et centre d'art,166.456104572757,-22.2355536217178,arrete_manual_etablissements,68,1832,Zone industrielle Ducos
legislatives_2024,1,988,98814,Lifou,LIFOU,0028,132,79,53,77,2,0,1,HOR,DUNOYER,Philippe,MASCULIN,Philippe DUNOYER,,0,,,,Lieu de vote délocalisé n°2 de Lifou à Nouméa,LIEU VOTE DELOCALISE LIFOU A NOUMEA,,Centre Culturel Ko We Kara,72 RUE AMPERE,CULTUREL ET SOCIO EDUCATIF,Equipements culturels,Centre culturel maison culturelle et centre d'art,166.456104572757,-22.2355536217178,arrete_manual_etablissements,68,1832,Zone industrielle Ducos
legislatives_2024,1,988,98814,Lifou,LIFOU,0028,132,79,53,77,2,0,2,DVD,METZDORF,Nicolas,MASCULIN,Nicolas METZDORF,,0,,,,Lieu de vote délocalisé n°2 de Lifou à Nouméa,LIEU VOTE DELOCALISE LIFOU A NOUMEA,,Centre Culturel Ko We Kara,72 RUE AMPERE,CULTUREL ET SOCIO EDUCATIF,Equipements culturels,Centre culturel maison culturelle et centre d'art,166.456104572757,-22.2355536217178,arrete_manual_etablissements,68,1832,Zone industrielle Ducos
legislatives_2024,1,988,98814,Lifou,LIFOU,0028,132,79,53,77,2,0,3,REG,ANGEXETINE ÉP RAILATI,Juanita Ciane,FEMININ,Juanita Ciane ANGEXETINE ÉP RAILATI,,0,,,,Lieu de vote délocalisé n°2 de Lifou à Nouméa,LIEU VOTE DELOCALISE LIFOU A NOUMEA,,Centre Culturel Ko We Kara,72 RUE AMPERE,CULTUREL ET SOCIO EDUCATIF,Equipements culturels,Centre culturel maison culturelle et centre d'art,166.456104572757,-22.2355536217178,arrete_manual_etablissements,68,1832,Zone industrielle Ducos
legislatives_2024,1,988,98814,Lifou,LIFOU,0028,132,79,53,77,2,0,4,REG,NAISSELINE,Omayra Lisa Meun,FEMININ,Omayra Lisa Meun NAISSELINE,,73,,,,Lieu de vote délocalisé n°2 de Lifou à Nouméa,LIEU VOTE DELOCALISE LIFOU A NOUMEA,,Centre Culturel Ko We Kara,72 RUE AMPERE,CULTUREL ET SOCIO EDUCATIF,Equipements culturels,Centre culturel maison culturelle et centre d'art,166.456104572757,-22.2355536217178,arrete_manual_etablissements,68,1832,Zone industrielle Ducos
legislatives_2024,1,988,98814,Lifou,LIFOU,0028,132,79,53,77,2,0,5,REC,NASRI,Thomas,MASCULIN,Thomas NASRI,,0,,,,Lieu de vote délocalisé n°2 de Lifou à Nouméa,LIEU VOTE DELOCALISE LIFOU A NOUMEA,,Centre Culturel Ko We Kara,72 RUE AMPERE,CULTUREL ET SOCIO EDUCATIF,Equipements culturels,Centre culturel maison culturelle et centre d'art,166.456104572757,-22.2355536217178,arrete_manual_etablissements,68,1832,Zone industrielle Ducos
legislatives_2024,1,988,98814,Lifou,LIFOU,0028,132,79,53,77,2,0,6,DIV,MILLAR,Manuel,MASCULIN,Manuel MILLAR,,0,,,,Lieu de vote délocalisé n°2 de Lifou à Nouméa,LIEU VOTE DELOCALISE LIFOU A NOUMEA,,Centre Culturel Ko We Kara,72 RUE AMPERE,CULTUREL ET SOCIO EDUCATIF,Equipements culturels,Centre culturel maison culturelle et centre d'art,166.456104572757,-22.2355536217178,arrete_manual_etablissements,68,1832,Zone industrielle Ducos
legislatives_2024,1,988,98814,Lifou,LIFOU,0028,132,79,53,77,2,0,7,DVD,CUENOT,Pierre-Henri,MASCULIN,Pierre-Henri CUENOT,,0,,,,Lieu de vote délocalisé n°2 de Lifou à Nouméa,LIEU VOTE DELOCALISE LIFOU A NOUMEA,,Centre Culturel Ko We Kara,72 RUE AMPERE,CULTUREL ET SOCIO EDUCATIF,Equipements culturels,Centre culturel maison culturelle et centre d'art,166.456104572757,-22.2355536217178,arrete_manual_etablissements,68,1832,Zone industrielle Ducos
legislatives_2024,1,988,98814,Lifou,LIFOU,0028,132,79,53,77,2,0,8,REG,HAOCAS,Muneiko,FEMININ,Muneiko HAOCAS,,1,,,,Lieu de vote délocalisé n°2 de Lifou à Nouméa,LIEU VOTE DELOCALISE LIFOU A NOUMEA,,Centre Culturel Ko We Kara,72 RUE AMPERE,CULTUREL ET SOCIO EDUCATIF,Equipements culturels,Centre culturel maison culturelle et centre d'art,166.456104572757,-22.2355536217178,arrete_manual_etablissements,68,1832,Zone industrielle Ducos
legislatives_2024,1,988,98814,Lifou,LIFOU,0028,132,79,53,77,2,0,9,RN,LOUECKHOTE,Simon,MASCULIN,Simon LOUECKHOTE,,0,,,,Lieu de vote délocalisé n°2 de Lifou à Nouméa,LIEU VOTE DELOCALISE LIFOU A NOUMEA,,Centre Culturel Ko We Kara,72 RUE AMPERE,CULTUREL ET SOCIO EDUCATIF,Equipements culturels,Centre culturel maison culturelle et centre d'art,166.456104572757,-22.2355536217178,arrete_manual_etablissements,68,1832,Zone industrielle Ducos
legislatives_2024,1,988,98814,Lifou,LIFOU,0028,132,79,53,77,2,0,10,REG,NEMIA ÉP BISHOP,Germaine Toléta,FEMININ,Germaine Toléta NEMIA ÉP BISHOP,,0,,,,Lieu de vote délocalisé n°2 de Lifou à Nouméa,LIEU VOTE DELOCALISE LIFOU A NOUMEA,,Centre Culturel Ko We Kara,72 RUE AMPERE,CULTUREL ET SOCIO EDUCATIF,Equipements culturels,Centre culturel maison culturelle et centre d'art,166.456104572757,-22.2355536217178,arrete_manual_etablissements,68,1832,Zone industrielle Ducos
legislatives_2024,1,988,98814,Lifou,LIFOU,0028,132,79,53,77,2,0,11,DVG,FALAEO,Veylma,FEMININ,Veylma FALAEO,,3,,,,Lieu de vote délocalisé n°2 de Lifou à Nouméa,LIEU VOTE DELOCALISE LIFOU A NOUMEA,,Centre Culturel Ko We Kara,72 RUE AMPERE,CULTUREL ET SOCIO EDUCATIF,Equipements culturels,Centre culturel maison culturelle et centre d'art,166.456104572757,-22.2355536217178,arrete_manual_etablissements,68,1832,Zone industrielle Ducos
legislatives_2024,1,988,98814,Lifou,LIFOU,0028,132,79,53,77,2,0,12,ECO,DEVAUD,Cédric,MASCULIN,Cédric DEVAUD,,0,,,,Lieu de vote délocalisé n°2 de Lifou à Nouméa,LIEU VOTE DELOCALISE LIFOU A NOUMEA,,Centre Culturel Ko We Kara,72 RUE AMPERE,CULTUREL ET SOCIO EDUCATIF,Equipements culturels,Centre culturel maison culturelle et centre d'art,166.456104572757,-22.2355536217178,arrete_manual_etablissements,68,1832,Zone industrielle Ducos
legislatives_2024,1,988,98815,Maré,MARE,0001,609,423,186,419,3,1,1,HOR,DUNOYER,Philippe,MASCULIN,Philippe DUNOYER,,2,,,,Tadine,TADINE,1,Tadine,Maré,LIEU_DIT_NC,TRIBU,Tadin,167.88122247564291,-21.54648900532693,tribus_villages_nc,19,1503,Tadine Pénélo
legislatives_2024,1,988,98815,Maré,MARE,0001,609,423,186,419,3,1,2,DVD,METZDORF,Nicolas,MASCULIN,Nicolas METZDORF,,0,,,,Tadine,TADINE,1,Tadine,Maré,LIEU_DIT_NC,TRIBU,Tadin,167.88122247564291,-21.54648900532693,tribus_villages_nc,19,1503,Tadine Pénélo
legislatives_2024,1,988,98815,Maré,MARE,0001,609,423,186,419,3,1,3,REG,ANGEXETINE ÉP RAILATI,Juanita Ciane,FEMININ,Juanita Ciane ANGEXETINE ÉP RAILATI,,0,,,,Tadine,TADINE,1,Tadine,Maré,LIEU_DIT_NC,TRIBU,Tadin,167.88122247564291,-21.54648900532693,tribus_villages_nc,19,1503,Tadine Pénélo
legislatives_2024,1,988,98815,Maré,MARE,0001,609,423,186,419,3,1,4,REG,NAISSELINE,Omayra Lisa Meun,FEMININ,Omayra Lisa Meun NAISSELINE,,403,,,,Tadine,TADINE,1,Tadine,Maré,LIEU_DIT_NC,TRIBU,Tadin,167.88122247564291,-21.54648900532693,tribus_villages_nc,19,1503,Tadine Pénélo
legislatives_2024,1,988,98815,Maré,MARE,0001,609,423,186,419,3,1,5,REC,NASRI,Thomas,MASCULIN,Thomas NASRI,,0,,,,Tadine,TADINE,1,Tadine,Maré,LIEU_DIT_NC,TRIBU,Tadin,167.88122247564291,-21.54648900532693,tribus_villages_nc,19,1503,Tadine Pénélo
legislatives_2024,1,988,98815,Maré,MARE,0001,609,423,186,419,3,1,6,DIV,MILLAR,Manuel,MASCULIN,Manuel MILLAR,,0,,,,Tadine,TADINE,1,Tadine,Maré,LIEU_DIT_NC,TRIBU,Tadin,167.88122247564291,-21.54648900532693,tribus_villages_nc,19,1503,Tadine Pénélo
legislatives_2024,1,988,98815,Maré,MARE,0001,609,423,186,419,3,1,7,DVD,CUENOT,Pierre-Henri,MASCULIN,Pierre-Henri CUENOT,,0,,,,Tadine,TADINE,1,Tadine,Maré,LIEU_DIT_NC,TRIBU,Tadin,167.88122247564291,-21.54648900532693,tribus_villages_nc,19,1503,Tadine Pénélo
legislatives_2024,1,988,98815,Maré,MARE,0001,609,423,186,419,3,1,8,REG,HAOCAS,Muneiko,FEMININ,Muneiko HAOCAS,,8,,,,Tadine,TADINE,1,Tadine,Maré,LIEU_DIT_NC,TRIBU,Tadin,167.88122247564291,-21.54648900532693,tribus_villages_nc,19,1503,Tadine Pénélo
legislatives_2024,1,988,98815,Maré,MARE,0001,609,423,186,419,3,1,9,RN,LOUECKHOTE,Simon,MASCULIN,Simon LOUECKHOTE,,0,,,,Tadine,TADINE,1,Tadine,Maré,LIEU_DIT_NC,TRIBU,Tadin,167.88122247564291,-21.54648900532693,tribus_villages_nc,19,1503,Tadine Pénélo
legislatives_2024,1,988,98815,Maré,MARE,0001,609,423,186,419,3,1,10,REG,NEMIA ÉP BISHOP,Germaine Toléta,FEMININ,Germaine Toléta NEMIA ÉP BISHOP,,1,,,,Tadine,TADINE,1,Tadine,Maré,LIEU_DIT_NC,TRIBU,Tadin,167.88122247564291,-21.54648900532693,tribus_villages_nc,19,1503,Tadine Pénélo
legislatives_2024,1,988,98815,Maré,MARE,0001,609,423,186,419,3,1,11,DVG,FALAEO,Veylma,FEMININ,Veylma FALAEO,,5,,,,Tadine,TADINE,1,Tadine,Maré,LIEU_DIT_NC,TRIBU,Tadin,167.88122247564291,-21.54648900532693,tribus_villages_nc,19,1503,Tadine Pénélo
legislatives_2024,1,988,98815,Maré,MARE,0001,609,423,186,419,3,1,12,ECO,DEVAUD,Cédric,MASCULIN,Cédric DEVAUD,,0,,,,Tadine,TADINE,1,Tadine,Maré,LIEU_DIT_NC,TRIBU,Tadin,167.88122247564291,-21.54648900532693,tribus_villages_nc,19,1503,Tadine Pénélo
legislatives_2024,1,988,98815,Maré,MARE,0002,652,435,217,434,1,0,1,HOR,DUNOYER,Philippe,MASCULIN,Philippe DUNOYER,,1,,,,Hnawayatche,HNAWAYATCHE,1,Hnawayatche,Maré,LIEU_DIT_NC,TRIBU,Hnawayaca,167.85931527784155,-21.444202132872793,tribus_villages_nc,17,1501,Guahma
legislatives_2024,1,988,98815,Maré,MARE,0002,652,435,217,434,1,0,2,DVD,METZDORF,Nicolas,MASCULIN,Nicolas METZDORF,,3,,,,Hnawayatche,HNAWAYATCHE,1,Hnawayatche,Maré,LIEU_DIT_NC,TRIBU,Hnawayaca,167.85931527784155,-21.444202132872793,tribus_villages_nc,17,1501,Guahma
legislatives_2024,1,988,98815,Maré,MARE,0002,652,435,217,434,1,0,3,REG,ANGEXETINE ÉP RAILATI,Juanita Ciane,FEMININ,Juanita Ciane ANGEXETINE ÉP RAILATI,,2,,,,Hnawayatche,HNAWAYATCHE,1,Hnawayatche,Maré,LIEU_DIT_NC,TRIBU,Hnawayaca,167.85931527784155,-21.444202132872793,tribus_villages_nc,17,1501,Guahma
legislatives_2024,1,988,98815,Maré,MARE,0002,652,435,217,434,1,0,4,REG,NAISSELINE,Omayra Lisa Meun,FEMININ,Omayra Lisa Meun NAISSELINE,,423,,,,Hnawayatche,HNAWAYATCHE,1,Hnawayatche,Maré,LIEU_DIT_NC,TRIBU,Hnawayaca,167.85931527784155,-21.444202132872793,tribus_villages_nc,17,1501,Guahma
legislatives_2024,1,988,98815,Maré,MARE,0002,652,435,217,434,1,0,5,REC,NASRI,Thomas,MASCULIN,Thomas NASRI,,0,,,,Hnawayatche,HNAWAYATCHE,1,Hnawayatche,Maré,LIEU_DIT_NC,TRIBU,Hnawayaca,167.85931527784155,-21.444202132872793,tribus_villages_nc,17,1501,Guahma
legislatives_2024,1,988,98815,Maré,MARE,0002,652,435,217,434,1,0,6,DIV,MILLAR,Manuel,MASCULIN,Manuel MILLAR,,0,,,,Hnawayatche,HNAWAYATCHE,1,Hnawayatche,Maré,LIEU_DIT_NC,TRIBU,Hnawayaca,167.85931527784155,-21.444202132872793,tribus_villages_nc,17,1501,Guahma
legislatives_2024,1,988,98815,Maré,MARE,0002,652,435,217,434,1,0,7,DVD,CUENOT,Pierre-Henri,MASCULIN,Pierre-Henri CUENOT,,0,,,,Hnawayatche,HNAWAYATCHE,1,Hnawayatche,Maré,LIEU_DIT_NC,TRIBU,Hnawayaca,167.85931527784155,-21.444202132872793,tribus_villages_nc,17,1501,Guahma
legislatives_2024,1,988,98815,Maré,MARE,0002,652,435,217,434,1,0,8,REG,HAOCAS,Muneiko,FEMININ,Muneiko HAOCAS,,3,,,,Hnawayatche,HNAWAYATCHE,1,Hnawayatche,Maré,LIEU_DIT_NC,TRIBU,Hnawayaca,167.85931527784155,-21.444202132872793,tribus_villages_nc,17,1501,Guahma
legislatives_2024,1,988,98815,Maré,MARE,0002,652,435,217,434,1,0,9,RN,LOUECKHOTE,Simon,MASCULIN,Simon LOUECKHOTE,,1,,,,Hnawayatche,HNAWAYATCHE,1,Hnawayatche,Maré,LIEU_DIT_NC,TRIBU,Hnawayaca,167.85931527784155,-21.444202132872793,tribus_villages_nc,17,1501,Guahma
legislatives_2024,1,988,98815,Maré,MARE,0002,652,435,217,434,1,0,10,REG,NEMIA ÉP BISHOP,Germaine Toléta,FEMININ,Germaine Toléta NEMIA ÉP BISHOP,,1,,,,Hnawayatche,HNAWAYATCHE,1,Hnawayatche,Maré,LIEU_DIT_NC,TRIBU,Hnawayaca,167.85931527784155,-21.444202132872793,tribus_villages_nc,17,1501,Guahma
legislatives_2024,1,988,98815,Maré,MARE,0002,652,435,217,434,1,0,11,DVG,FALAEO,Veylma,FEMININ,Veylma FALAEO,,0,,,,Hnawayatche,HNAWAYATCHE,1,Hnawayatche,Maré,LIEU_DIT_NC,TRIBU,Hnawayaca,167.85931527784155,-21.444202132872793,tribus_villages_nc,17,1501,Guahma
legislatives_2024,1,988,98815,Maré,MARE,0002,652,435,217,434,1,0,12,ECO,DEVAUD,Cédric,MASCULIN,Cédric DEVAUD,,0,,,,Hnawayatche,HNAWAYATCHE,1,Hnawayatche,Maré,LIEU_DIT_NC,TRIBU,Hnawayaca,167.85931527784155,-21.444202132872793,tribus_villages_nc,17,1501,Guahma
legislatives_2024,1,988,98815,Maré,MARE,0003,366,254,112,245,0,9,1,HOR,DUNOYER,Philippe,MASCULIN,Philippe DUNOYER,,5,,,,Tenane,TENANE,1,Tenan,Maré,LIEU_DIT_NC,TRIBU,,167.89430877263374,-21.40460074703544,tribus_villages_nc,17,1501,Guahma
legislatives_2024,1,988,98815,Maré,MARE,0003,366,254,112,245,0,9,2,DVD,METZDORF,Nicolas,MASCULIN,Nicolas METZDORF,,0,,,,Tenane,TENANE,1,Tenan,Maré,LIEU_DIT_NC,TRIBU,,167.89430877263374,-21.40460074703544,tribus_villages_nc,17,1501,Guahma
legislatives_2024,1,988,98815,Maré,MARE,0003,366,254,112,245,0,9,3,REG,ANGEXETINE ÉP RAILATI,Juanita Ciane,FEMININ,Juanita Ciane ANGEXETINE ÉP RAILATI,,1,,,,Tenane,TENANE,1,Tenan,Maré,LIEU_DIT_NC,TRIBU,,167.89430877263374,-21.40460074703544,tribus_villages_nc,17,1501,Guahma
legislatives_2024,1,988,98815,Maré,MARE,0003,366,254,112,245,0,9,4,REG,NAISSELINE,Omayra Lisa Meun,FEMININ,Omayra Lisa Meun NAISSELINE,,238,,,,Tenane,TENANE,1,Tenan,Maré,LIEU_DIT_NC,TRIBU,,167.89430877263374,-21.40460074703544,tribus_villages_nc,17,1501,Guahma
legislatives_2024,1,988,98815,Maré,MARE,0003,366,254,112,245,0,9,5,REC,NASRI,Thomas,MASCULIN,Thomas NASRI,,0,,,,Tenane,TENANE,1,Tenan,Maré,LIEU_DIT_NC,TRIBU,,167.89430877263374,-21.40460074703544,tribus_villages_nc,17,1501,Guahma
legislatives_2024,1,988,98815,Maré,MARE,0003,366,254,112,245,0,9,6,DIV,MILLAR,Manuel,MASCULIN,Manuel MILLAR,,0,,,,Tenane,TENANE,1,Tenan,Maré,LIEU_DIT_NC,TRIBU,,167.89430877263374,-21.40460074703544,tribus_villages_nc,17,1501,Guahma
legislatives_2024,1,988,98815,Maré,MARE,0003,366,254,112,245,0,9,7,DVD,CUENOT,Pierre-Henri,MASCULIN,Pierre-Henri CUENOT,,1,,,,Tenane,TENANE,1,Tenan,Maré,LIEU_DIT_NC,TRIBU,,167.89430877263374,-21.40460074703544,tribus_villages_nc,17,1501,Guahma
legislatives_2024,1,988,98815,Maré,MARE,0003,366,254,112,245,0,9,8,REG,HAOCAS,Muneiko,FEMININ,Muneiko HAOCAS,,0,,,,Tenane,TENANE,1,Tenan,Maré,LIEU_DIT_NC,TRIBU,,167.89430877263374,-21.40460074703544,tribus_villages_nc,17,1501,Guahma
legislatives_2024,1,988,98815,Maré,MARE,0003,366,254,112,245,0,9,9,RN,LOUECKHOTE,Simon,MASCULIN,Simon LOUECKHOTE,,0,,,,Tenane,TENANE,1,Tenan,Maré,LIEU_DIT_NC,TRIBU,,167.89430877263374,-21.40460074703544,tribus_villages_nc,17,1501,Guahma
legislatives_2024,1,988,98815,Maré,MARE,0003,366,254,112,245,0,9,10,REG,NEMIA ÉP BISHOP,Germaine Toléta,FEMININ,Germaine Toléta NEMIA ÉP BISHOP,,0,,,,Tenane,TENANE,1,Tenan,Maré,LIEU_DIT_NC,TRIBU,,167.89430877263374,-21.40460074703544,tribus_villages_nc,17,1501,Guahma
legislatives_2024,1,988,98815,Maré,MARE,0003,366,254,112,245,0,9,11,DVG,FALAEO,Veylma,FEMININ,Veylma FALAEO,,0,,,,Tenane,TENANE,1,Tenan,Maré,LIEU_DIT_NC,TRIBU,,167.89430877263374,-21.40460074703544,tribus_villages_nc,17,1501,Guahma
legislatives_2024,1,988,98815,Maré,MARE,0003,366,254,112,245,0,9,12,ECO,DEVAUD,Cédric,MASCULIN,Cédric DEVAUD,,0,,,,Tenane,TENANE,1,Tenan,Maré,LIEU_DIT_NC,TRIBU,,167.89430877263374,-21.40460074703544,tribus_villages_nc,17,1501,Guahma
legislatives_2024,1,988,98815,Maré,MARE,0004,344,214,130,213,0,1,1,HOR,DUNOYER,Philippe,MASCULIN,Philippe DUNOYER,,1,,,,Atha,ATHA,1,Atha,Maré,LIEU_DIT_NC,TRIBU,,168.01753084168095,-21.470451728197048,tribus_villages_nc,18,1502,La Roche
legislatives_2024,1,988,98815,Maré,MARE,0004,344,214,130,213,0,1,2,DVD,METZDORF,Nicolas,MASCULIN,Nicolas METZDORF,,0,,,,Atha,ATHA,1,Atha,Maré,LIEU_DIT_NC,TRIBU,,168.01753084168095,-21.470451728197048,tribus_villages_nc,18,1502,La Roche
legislatives_2024,1,988,98815,Maré,MARE,0004,344,214,130,213,0,1,3,REG,ANGEXETINE ÉP RAILATI,Juanita Ciane,FEMININ,Juanita Ciane ANGEXETINE ÉP RAILATI,,0,,,,Atha,ATHA,1,Atha,Maré,LIEU_DIT_NC,TRIBU,,168.01753084168095,-21.470451728197048,tribus_villages_nc,18,1502,La Roche
legislatives_2024,1,988,98815,Maré,MARE,0004,344,214,130,213,0,1,4,REG,NAISSELINE,Omayra Lisa Meun,FEMININ,Omayra Lisa Meun NAISSELINE,,211,,,,Atha,ATHA,1,Atha,Maré,LIEU_DIT_NC,TRIBU,,168.01753084168095,-21.470451728197048,tribus_villages_nc,18,1502,La Roche
legislatives_2024,1,988,98815,Maré,MARE,0004,344,214,130,213,0,1,5,REC,NASRI,Thomas,MASCULIN,Thomas NASRI,,0,,,,Atha,ATHA,1,Atha,Maré,LIEU_DIT_NC,TRIBU,,168.01753084168095,-21.470451728197048,tribus_villages_nc,18,1502,La Roche
legislatives_2024,1,988,98815,Maré,MARE,0004,344,214,130,213,0,1,6,DIV,MILLAR,Manuel,MASCULIN,Manuel MILLAR,,0,,,,Atha,ATHA,1,Atha,Maré,LIEU_DIT_NC,TRIBU,,168.01753084168095,-21.470451728197048,tribus_villages_nc,18,1502,La Roche
legislatives_2024,1,988,98815,Maré,MARE,0004,344,214,130,213,0,1,7,DVD,CUENOT,Pierre-Henri,MASCULIN,Pierre-Henri CUENOT,,0,,,,Atha,ATHA,1,Atha,Maré,LIEU_DIT_NC,TRIBU,,168.01753084168095,-21.470451728197048,tribus_villages_nc,18,1502,La Roche
legislatives_2024,1,988,98815,Maré,MARE,0004,344,214,130,213,0,1,8,REG,HAOCAS,Muneiko,FEMININ,Muneiko HAOCAS,,1,,,,Atha,ATHA,1,Atha,Maré,LIEU_DIT_NC,TRIBU,,168.01753084168095,-21.470451728197048,tribus_villages_nc,18,1502,La Roche
legislatives_2024,1,988,98815,Maré,MARE,0004,344,214,130,213,0,1,9,RN,LOUECKHOTE,Simon,MASCULIN,Simon LOUECKHOTE,,0,,,,Atha,ATHA,1,Atha,Maré,LIEU_DIT_NC,TRIBU,,168.01753084168095,-21.470451728197048,tribus_villages_nc,18,1502,La Roche
legislatives_2024,1,988,98815,Maré,MARE,0004,344,214,130,213,0,1,10,REG,NEMIA ÉP BISHOP,Germaine Toléta,FEMININ,Germaine Toléta NEMIA ÉP BISHOP,,0,,,,Atha,ATHA,1,Atha,Maré,LIEU_DIT_NC,TRIBU,,168.01753084168095,-21.470451728197048,tribus_villages_nc,18,1502,La Roche
legislatives_2024,1,988,98815,Maré,MARE,0004,344,214,130,213,0,1,11,DVG,FALAEO,Veylma,FEMININ,Veylma FALAEO,,0,,,,Atha,ATHA,1,Atha,Maré,LIEU_DIT_NC,TRIBU,,168.01753084168095,-21.470451728197048,tribus_villages_nc,18,1502,La Roche
legislatives_2024,1,988,98815,Maré,MARE,0004,344,214,130,213,0,1,12,ECO,DEVAUD,Cédric,MASCULIN,Cédric DEVAUD,,0,,,,Atha,ATHA,1,Atha,Maré,LIEU_DIT_NC,TRIBU,,168.01753084168095,-21.470451728197048,tribus_villages_nc,18,1502,La Roche
legislatives_2024,1,988,98815,Maré,MARE,0005,441,243,198,243,0,0,1,HOR,DUNOYER,Philippe,MASCULIN,Philippe DUNOYER,,8,,,,Tawainedre,TAWAINEDRE,1,Taweinedr,Maré,LIEU_DIT_NC,TRIBU,,168.08527860190287,-21.502551487309265,tribus_villages_nc,19,1503,Tadine Pénélo
legislatives_2024,1,988,98815,Maré,MARE,0005,441,243,198,243,0,0,2,DVD,METZDORF,Nicolas,MASCULIN,Nicolas METZDORF,,2,,,,Tawainedre,TAWAINEDRE,1,Taweinedr,Maré,LIEU_DIT_NC,TRIBU,,168.08527860190287,-21.502551487309265,tribus_villages_nc,19,1503,Tadine Pénélo
legislatives_2024,1,988,98815,Maré,MARE,0005,441,243,198,243,0,0,3,REG,ANGEXETINE ÉP RAILATI,Juanita Ciane,FEMININ,Juanita Ciane ANGEXETINE ÉP RAILATI,,2,,,,Tawainedre,TAWAINEDRE,1,Taweinedr,Maré,LIEU_DIT_NC,TRIBU,,168.08527860190287,-21.502551487309265,tribus_villages_nc,19,1503,Tadine Pénélo
legislatives_2024,1,988,98815,Maré,MARE,0005,441,243,198,243,0,0,4,REG,NAISSELINE,Omayra Lisa Meun,FEMININ,Omayra Lisa Meun NAISSELINE,,200,,,,Tawainedre,TAWAINEDRE,1,Taweinedr,Maré,LIEU_DIT_NC,TRIBU,,168.08527860190287,-21.502551487309265,tribus_villages_nc,19,1503,Tadine Pénélo
legislatives_2024,1,988,98815,Maré,MARE,0005,441,243,198,243,0,0,5,REC,NASRI,Thomas,MASCULIN,Thomas NASRI,,0,,,,Tawainedre,TAWAINEDRE,1,Taweinedr,Maré,LIEU_DIT_NC,TRIBU,,168.08527860190287,-21.502551487309265,tribus_villages_nc,19,1503,Tadine Pénélo
legislatives_2024,1,988,98815,Maré,MARE,0005,441,243,198,243,0,0,6,DIV,MILLAR,Manuel,MASCULIN,Manuel MILLAR,,0,,,,Tawainedre,TAWAINEDRE,1,Taweinedr,Maré,LIEU_DIT_NC,TRIBU,,168.08527860190287,-21.502551487309265,tribus_villages_nc,19,1503,Tadine Pénélo
legislatives_2024,1,988,98815,Maré,MARE,0005,441,243,198,243,0,0,7,DVD,CUENOT,Pierre-Henri,MASCULIN,Pierre-Henri CUENOT,,0,,,,Tawainedre,TAWAINEDRE,1,Taweinedr,Maré,LIEU_DIT_NC,TRIBU,,168.08527860190287,-21.502551487309265,tribus_villages_nc,19,1503,Tadine Pénélo
legislatives_2024,1,988,98815,Maré,MARE,0005,441,243,198,243,0,0,8,REG,HAOCAS,Muneiko,FEMININ,Muneiko HAOCAS,,15,,,,Tawainedre,TAWAINEDRE,1,Taweinedr,Maré,LIEU_DIT_NC,TRIBU,,168.08527860190287,-21.502551487309265,tribus_villages_nc,19,1503,Tadine Pénélo
legislatives_2024,1,988,98815,Maré,MARE,0005,441,243,198,243,0,0,9,RN,LOUECKHOTE,Simon,MASCULIN,Simon LOUECKHOTE,,4,,,,Tawainedre,TAWAINEDRE,1,Taweinedr,Maré,LIEU_DIT_NC,TRIBU,,168.08527860190287,-21.502551487309265,tribus_villages_nc,19,1503,Tadine Pénélo
legislatives_2024,1,988,98815,Maré,MARE,0005,441,243,198,243,0,0,10,REG,NEMIA ÉP BISHOP,Germaine Toléta,FEMININ,Germaine Toléta NEMIA ÉP BISHOP,,0,,,,Tawainedre,TAWAINEDRE,1,Taweinedr,Maré,LIEU_DIT_NC,TRIBU,,168.08527860190287,-21.502551487309265,tribus_villages_nc,19,1503,Tadine Pénélo
legislatives_2024,1,988,98815,Maré,MARE,0005,441,243,198,243,0,0,11,DVG,FALAEO,Veylma,FEMININ,Veylma FALAEO,,12,,,,Tawainedre,TAWAINEDRE,1,Taweinedr,Maré,LIEU_DIT_NC,TRIBU,,168.08527860190287,-21.502551487309265,tribus_villages_nc,19,1503,Tadine Pénélo
legislatives_2024,1,988,98815,Maré,MARE,0005,441,243,198,243,0,0,12,ECO,DEVAUD,Cédric,MASCULIN,Cédric DEVAUD,,0,,,,Tawainedre,TAWAINEDRE,1,Taweinedr,Maré,LIEU_DIT_NC,TRIBU,,168.08527860190287,-21.502551487309265,tribus_villages_nc,19,1503,Tadine Pénélo
legislatives_2024,1,988,98815,Maré,MARE,0006,780,500,280,487,13,0,1,HOR,DUNOYER,Philippe,MASCULIN,Philippe DUNOYER,,8,,,,Penelo,PENELO,1,Penelo,Maré,LIEU_DIT_NC,TRIBU,,168.08945780342214,-21.571088655754444,tribus_villages_nc,19,1503,Tadine Pénélo
legislatives_2024,1,988,98815,Maré,MARE,0006,780,500,280,487,13,0,2,DVD,METZDORF,Nicolas,MASCULIN,Nicolas METZDORF,,2,,,,Penelo,PENELO,1,Penelo,Maré,LIEU_DIT_NC,TRIBU,,168.08945780342214,-21.571088655754444,tribus_villages_nc,19,1503,Tadine Pénélo
legislatives_2024,1,988,98815,Maré,MARE,0006,780,500,280,487,13,0,3,REG,ANGEXETINE ÉP RAILATI,Juanita Ciane,FEMININ,Juanita Ciane ANGEXETINE ÉP RAILATI,,4,,,,Penelo,PENELO,1,Penelo,Maré,LIEU_DIT_NC,TRIBU,,168.08945780342214,-21.571088655754444,tribus_villages_nc,19,1503,Tadine Pénélo
legislatives_2024,1,988,98815,Maré,MARE,0006,780,500,280,487,13,0,4,REG,NAISSELINE,Omayra Lisa Meun,FEMININ,Omayra Lisa Meun NAISSELINE,,441,,,,Penelo,PENELO,1,Penelo,Maré,LIEU_DIT_NC,TRIBU,,168.08945780342214,-21.571088655754444,tribus_villages_nc,19,1503,Tadine Pénélo
legislatives_2024,1,988,98815,Maré,MARE,0006,780,500,280,487,13,0,5,REC,NASRI,Thomas,MASCULIN,Thomas NASRI,,0,,,,Penelo,PENELO,1,Penelo,Maré,LIEU_DIT_NC,TRIBU,,168.08945780342214,-21.571088655754444,tribus_villages_nc,19,1503,Tadine Pénélo
legislatives_2024,1,988,98815,Maré,MARE,0006,780,500,280,487,13,0,6,DIV,MILLAR,Manuel,MASCULIN,Manuel MILLAR,,0,,,,Penelo,PENELO,1,Penelo,Maré,LIEU_DIT_NC,TRIBU,,168.08945780342214,-21.571088655754444,tribus_villages_nc,19,1503,Tadine Pénélo
legislatives_2024,1,988,98815,Maré,MARE,0006,780,500,280,487,13,0,7,DVD,CUENOT,Pierre-Henri,MASCULIN,Pierre-Henri CUENOT,,0,,,,Penelo,PENELO,1,Penelo,Maré,LIEU_DIT_NC,TRIBU,,168.08945780342214,-21.571088655754444,tribus_villages_nc,19,1503,Tadine Pénélo
legislatives_2024,1,988,98815,Maré,MARE,0006,780,500,280,487,13,0,8,REG,HAOCAS,Muneiko,FEMININ,Muneiko HAOCAS,,17,,,,Penelo,PENELO,1,Penelo,Maré,LIEU_DIT_NC,TRIBU,,168.08945780342214,-21.571088655754444,tribus_villages_nc,19,1503,Tadine Pénélo
legislatives_2024,1,988,98815,Maré,MARE,0006,780,500,280,487,13,0,9,RN,LOUECKHOTE,Simon,MASCULIN,Simon LOUECKHOTE,,2,,,,Penelo,PENELO,1,Penelo,Maré,LIEU_DIT_NC,TRIBU,,168.08945780342214,-21.571088655754444,tribus_villages_nc,19,1503,Tadine Pénélo
legislatives_2024,1,988,98815,Maré,MARE,0006,780,500,280,487,13,0,10,REG,NEMIA ÉP BISHOP,Germaine Toléta,FEMININ,Germaine Toléta NEMIA ÉP BISHOP,,0,,,,Penelo,PENELO,1,Penelo,Maré,LIEU_DIT_NC,TRIBU,,168.08945780342214,-21.571088655754444,tribus_villages_nc,19,1503,Tadine Pénélo
legislatives_2024,1,988,98815,Maré,MARE,0006,780,500,280,487,13,0,11,DVG,FALAEO,Veylma,FEMININ,Veylma FALAEO,,13,,,,Penelo,PENELO,1,Penelo,Maré,LIEU_DIT_NC,TRIBU,,168.08945780342214,-21.571088655754444,tribus_villages_nc,19,1503,Tadine Pénélo
legislatives_2024,1,988,98815,Maré,MARE,0006,780,500,280,487,13,0,12,ECO,DEVAUD,Cédric,MASCULIN,Cédric DEVAUD,,0,,,,Penelo,PENELO,1,Penelo,Maré,LIEU_DIT_NC,TRIBU,,168.08945780342214,-21.571088655754444,tribus_villages_nc,19,1503,Tadine Pénélo
legislatives_2024,1,988,98815,Maré,MARE,0007,655,426,229,422,0,4,1,HOR,DUNOYER,Philippe,MASCULIN,Philippe DUNOYER,,5,,,,Wabao,WABAO,1,Wabao,Maré,LIEU_DIT_NC,TRIBU,Wabawo,167.93937201549338,-21.60210597985789,tribus_villages_nc,19,1503,Tadine Pénélo
legislatives_2024,1,988,98815,Maré,MARE,0007,655,426,229,422,0,4,2,DVD,METZDORF,Nicolas,MASCULIN,Nicolas METZDORF,,1,,,,Wabao,WABAO,1,Wabao,Maré,LIEU_DIT_NC,TRIBU,Wabawo,167.93937201549338,-21.60210597985789,tribus_villages_nc,19,1503,Tadine Pénélo
legislatives_2024,1,988,98815,Maré,MARE,0007,655,426,229,422,0,4,3,REG,ANGEXETINE ÉP RAILATI,Juanita Ciane,FEMININ,Juanita Ciane ANGEXETINE ÉP RAILATI,,1,,,,Wabao,WABAO,1,Wabao,Maré,LIEU_DIT_NC,TRIBU,Wabawo,167.93937201549338,-21.60210597985789,tribus_villages_nc,19,1503,Tadine Pénélo
legislatives_2024,1,988,98815,Maré,MARE,0007,655,426,229,422,0,4,4,REG,NAISSELINE,Omayra Lisa Meun,FEMININ,Omayra Lisa Meun NAISSELINE,,378,,,,Wabao,WABAO,1,Wabao,Maré,LIEU_DIT_NC,TRIBU,Wabawo,167.93937201549338,-21.60210597985789,tribus_villages_nc,19,1503,Tadine Pénélo
legislatives_2024,1,988,98815,Maré,MARE,0007,655,426,229,422,0,4,5,REC,NASRI,Thomas,MASCULIN,Thomas NASRI,,0,,,,Wabao,WABAO,1,Wabao,Maré,LIEU_DIT_NC,TRIBU,Wabawo,167.93937201549338,-21.60210597985789,tribus_villages_nc,19,1503,Tadine Pénélo
legislatives_2024,1,988,98815,Maré,MARE,0007,655,426,229,422,0,4,6,DIV,MILLAR,Manuel,MASCULIN,Manuel MILLAR,,0,,,,Wabao,WABAO,1,Wabao,Maré,LIEU_DIT_NC,TRIBU,Wabawo,167.93937201549338,-21.60210597985789,tribus_villages_nc,19,1503,Tadine Pénélo
legislatives_2024,1,988,98815,Maré,MARE,0007,655,426,229,422,0,4,7,DVD,CUENOT,Pierre-Henri,MASCULIN,Pierre-Henri CUENOT,,0,,,,Wabao,WABAO,1,Wabao,Maré,LIEU_DIT_NC,TRIBU,Wabawo,167.93937201549338,-21.60210597985789,tribus_villages_nc,19,1503,Tadine Pénélo
legislatives_2024,1,988,98815,Maré,MARE,0007,655,426,229,422,0,4,8,REG,HAOCAS,Muneiko,FEMININ,Muneiko HAOCAS,,12,,,,Wabao,WABAO,1,Wabao,Maré,LIEU_DIT_NC,TRIBU,Wabawo,167.93937201549338,-21.60210597985789,tribus_villages_nc,19,1503,Tadine Pénélo
legislatives_2024,1,988,98815,Maré,MARE,0007,655,426,229,422,0,4,9,RN,LOUECKHOTE,Simon,MASCULIN,Simon LOUECKHOTE,,1,,,,Wabao,WABAO,1,Wabao,Maré,LIEU_DIT_NC,TRIBU,Wabawo,167.93937201549338,-21.60210597985789,tribus_villages_nc,19,1503,Tadine Pénélo
legislatives_2024,1,988,98815,Maré,MARE,0007,655,426,229,422,0,4,10,REG,NEMIA ÉP BISHOP,Germaine Toléta,FEMININ,Germaine Toléta NEMIA ÉP BISHOP,,2,,,,Wabao,WABAO,1,Wabao,Maré,LIEU_DIT_NC,TRIBU,Wabawo,167.93937201549338,-21.60210597985789,tribus_villages_nc,19,1503,Tadine Pénélo
legislatives_2024,1,988,98815,Maré,MARE,0007,655,426,229,422,0,4,11,DVG,FALAEO,Veylma,FEMININ,Veylma FALAEO,,22,,,,Wabao,WABAO,1,Wabao,Maré,LIEU_DIT_NC,TRIBU,Wabawo,167.93937201549338,-21.60210597985789,tribus_villages_nc,19,1503,Tadine Pénélo
legislatives_2024,1,988,98815,Maré,MARE,0007,655,426,229,422,0,4,12,ECO,DEVAUD,Cédric,MASCULIN,Cédric DEVAUD,,0,,,,Wabao,WABAO,1,Wabao,Maré,LIEU_DIT_NC,TRIBU,Wabawo,167.93937201549338,-21.60210597985789,tribus_villages_nc,19,1503,Tadine Pénélo
legislatives_2024,1,988,98815,Maré,MARE,0008,789,550,239,549,0,1,1,HOR,DUNOYER,Philippe,MASCULIN,Philippe DUNOYER,,7,,,,Nece,NECE,1,Netché,Maré,LIEU_DIT_NC,TRIBU,Nece,167.8385405434138,-21.49048664280733,tribus_villages_nc,17,1501,Guahma
legislatives_2024,1,988,98815,Maré,MARE,0008,789,550,239,549,0,1,2,DVD,METZDORF,Nicolas,MASCULIN,Nicolas METZDORF,,1,,,,Nece,NECE,1,Netché,Maré,LIEU_DIT_NC,TRIBU,Nece,167.8385405434138,-21.49048664280733,tribus_villages_nc,17,1501,Guahma
legislatives_2024,1,988,98815,Maré,MARE,0008,789,550,239,549,0,1,3,REG,ANGEXETINE ÉP RAILATI,Juanita Ciane,FEMININ,Juanita Ciane ANGEXETINE ÉP RAILATI,,1,,,,Nece,NECE,1,Netché,Maré,LIEU_DIT_NC,TRIBU,Nece,167.8385405434138,-21.49048664280733,tribus_villages_nc,17,1501,Guahma
legislatives_2024,1,988,98815,Maré,MARE,0008,789,550,239,549,0,1,4,REG,NAISSELINE,Omayra Lisa Meun,FEMININ,Omayra Lisa Meun NAISSELINE,,522,,,,Nece,NECE,1,Netché,Maré,LIEU_DIT_NC,TRIBU,Nece,167.8385405434138,-21.49048664280733,tribus_villages_nc,17,1501,Guahma
legislatives_2024,1,988,98815,Maré,MARE,0008,789,550,239,549,0,1,5,REC,NASRI,Thomas,MASCULIN,Thomas NASRI,,0,,,,Nece,NECE,1,Netché,Maré,LIEU_DIT_NC,TRIBU,Nece,167.8385405434138,-21.49048664280733,tribus_villages_nc,17,1501,Guahma
legislatives_2024,1,988,98815,Maré,MARE,0008,789,550,239,549,0,1,6,DIV,MILLAR,Manuel,MASCULIN,Manuel MILLAR,,0,,,,Nece,NECE,1,Netché,Maré,LIEU_DIT_NC,TRIBU,Nece,167.8385405434138,-21.49048664280733,tribus_villages_nc,17,1501,Guahma
legislatives_2024,1,988,98815,Maré,MARE,0008,789,550,239,549,0,1,7,DVD,CUENOT,Pierre-Henri,MASCULIN,Pierre-Henri CUENOT,,0,,,,Nece,NECE,1,Netché,Maré,LIEU_DIT_NC,TRIBU,Nece,167.8385405434138,-21.49048664280733,tribus_villages_nc,17,1501,Guahma
legislatives_2024,1,988,98815,Maré,MARE,0008,789,550,239,549,0,1,8,REG,HAOCAS,Muneiko,FEMININ,Muneiko HAOCAS,,2,,,,Nece,NECE,1,Netché,Maré,LIEU_DIT_NC,TRIBU,Nece,167.8385405434138,-21.49048664280733,tribus_villages_nc,17,1501,Guahma
legislatives_2024,1,988,98815,Maré,MARE,0008,789,550,239,549,0,1,9,RN,LOUECKHOTE,Simon,MASCULIN,Simon LOUECKHOTE,,0,,,,Nece,NECE,1,Netché,Maré,LIEU_DIT_NC,TRIBU,Nece,167.8385405434138,-21.49048664280733,tribus_villages_nc,17,1501,Guahma
legislatives_2024,1,988,98815,Maré,MARE,0008,789,550,239,549,0,1,10,REG,NEMIA ÉP BISHOP,Germaine Toléta,FEMININ,Germaine Toléta NEMIA ÉP BISHOP,,11,,,,Nece,NECE,1,Netché,Maré,LIEU_DIT_NC,TRIBU,Nece,167.8385405434138,-21.49048664280733,tribus_villages_nc,17,1501,Guahma
legislatives_2024,1,988,98815,Maré,MARE,0008,789,550,239,549,0,1,11,DVG,FALAEO,Veylma,FEMININ,Veylma FALAEO,,5,,,,Nece,NECE,1,Netché,Maré,LIEU_DIT_NC,TRIBU,Nece,167.8385405434138,-21.49048664280733,tribus_villages_nc,17,1501,Guahma
legislatives_2024,1,988,98815,Maré,MARE,0008,789,550,239,549,0,1,12,ECO,DEVAUD,Cédric,MASCULIN,Cédric DEVAUD,,0,,,,Nece,NECE,1,Netché,Maré,LIEU_DIT_NC,TRIBU,Nece,167.8385405434138,-21.49048664280733,tribus_villages_nc,17,1501,Guahma
legislatives_2024,1,988,98815,Maré,MARE,0009,271,156,115,154,2,0,1,HOR,DUNOYER,Philippe,MASCULIN,Philippe DUNOYER,,3,,,,Ménaku,MENAKU,1,Menaku,Maré,LIEU_DIT_NC,TRIBU,,167.96911686605617,-21.444234250592025,tribus_villages_nc,17,1501,Guahma
legislatives_2024,1,988,98815,Maré,MARE,0009,271,156,115,154,2,0,2,DVD,METZDORF,Nicolas,MASCULIN,Nicolas METZDORF,,0,,,,Ménaku,MENAKU,1,Menaku,Maré,LIEU_DIT_NC,TRIBU,,167.96911686605617,-21.444234250592025,tribus_villages_nc,17,1501,Guahma
legislatives_2024,1,988,98815,Maré,MARE,0009,271,156,115,154,2,0,3,REG,ANGEXETINE ÉP RAILATI,Juanita Ciane,FEMININ,Juanita Ciane ANGEXETINE ÉP RAILATI,,0,,,,Ménaku,MENAKU,1,Menaku,Maré,LIEU_DIT_NC,TRIBU,,167.96911686605617,-21.444234250592025,tribus_villages_nc,17,1501,Guahma
legislatives_2024,1,988,98815,Maré,MARE,0009,271,156,115,154,2,0,4,REG,NAISSELINE,Omayra Lisa Meun,FEMININ,Omayra Lisa Meun NAISSELINE,,144,,,,Ménaku,MENAKU,1,Menaku,Maré,LIEU_DIT_NC,TRIBU,,167.96911686605617,-21.444234250592025,tribus_villages_nc,17,1501,Guahma
legislatives_2024,1,988,98815,Maré,MARE,0009,271,156,115,154,2,0,5,REC,NASRI,Thomas,MASCULIN,Thomas NASRI,,0,,,,Ménaku,MENAKU,1,Menaku,Maré,LIEU_DIT_NC,TRIBU,,167.96911686605617,-21.444234250592025,tribus_villages_nc,17,1501,Guahma
legislatives_2024,1,988,98815,Maré,MARE,0009,271,156,115,154,2,0,6,DIV,MILLAR,Manuel,MASCULIN,Manuel MILLAR,,0,,,,Ménaku,MENAKU,1,Menaku,Maré,LIEU_DIT_NC,TRIBU,,167.96911686605617,-21.444234250592025,tribus_villages_nc,17,1501,Guahma
legislatives_2024,1,988,98815,Maré,MARE,0009,271,156,115,154,2,0,7,DVD,CUENOT,Pierre-Henri,MASCULIN,Pierre-Henri CUENOT,,0,,,,Ménaku,MENAKU,1,Menaku,Maré,LIEU_DIT_NC,TRIBU,,167.96911686605617,-21.444234250592025,tribus_villages_nc,17,1501,Guahma
legislatives_2024,1,988,98815,Maré,MARE,0009,271,156,115,154,2,0,8,REG,HAOCAS,Muneiko,FEMININ,Muneiko HAOCAS,,6,,,,Ménaku,MENAKU,1,Menaku,Maré,LIEU_DIT_NC,TRIBU,,167.96911686605617,-21.444234250592025,tribus_villages_nc,17,1501,Guahma
legislatives_2024,1,988,98815,Maré,MARE,0009,271,156,115,154,2,0,9,RN,LOUECKHOTE,Simon,MASCULIN,Simon LOUECKHOTE,,1,,,,Ménaku,MENAKU,1,Menaku,Maré,LIEU_DIT_NC,TRIBU,,167.96911686605617,-21.444234250592025,tribus_villages_nc,17,1501,Guahma
legislatives_2024,1,988,98815,Maré,MARE,0009,271,156,115,154,2,0,10,REG,NEMIA ÉP BISHOP,Germaine Toléta,FEMININ,Germaine Toléta NEMIA ÉP BISHOP,,0,,,,Ménaku,MENAKU,1,Menaku,Maré,LIEU_DIT_NC,TRIBU,,167.96911686605617,-21.444234250592025,tribus_villages_nc,17,1501,Guahma
legislatives_2024,1,988,98815,Maré,MARE,0009,271,156,115,154,2,0,11,DVG,FALAEO,Veylma,FEMININ,Veylma FALAEO,,0,,,,Ménaku,MENAKU,1,Menaku,Maré,LIEU_DIT_NC,TRIBU,,167.96911686605617,-21.444234250592025,tribus_villages_nc,17,1501,Guahma
legislatives_2024,1,988,98815,Maré,MARE,0009,271,156,115,154,2,0,12,ECO,DEVAUD,Cédric,MASCULIN,Cédric DEVAUD,,0,,,,Ménaku,MENAKU,1,Menaku,Maré,LIEU_DIT_NC,TRIBU,,167.96911686605617,-21.444234250592025,tribus_villages_nc,17,1501,Guahma
legislatives_2024,1,988,98815,Maré,MARE,0010,360,238,122,236,1,1,1,HOR,DUNOYER,Philippe,MASCULIN,Philippe DUNOYER,,1,,,,Mebuet,MEBUET,1,Mebuet,Maré,LIEU_DIT_NC,TRIBU,,167.84863195183632,-21.51331947619321,tribus_villages_nc,17,1501,Guahma
legislatives_2024,1,988,98815,Maré,MARE,0010,360,238,122,236,1,1,2,DVD,METZDORF,Nicolas,MASCULIN,Nicolas METZDORF,,0,,,,Mebuet,MEBUET,1,Mebuet,Maré,LIEU_DIT_NC,TRIBU,,167.84863195183632,-21.51331947619321,tribus_villages_nc,17,1501,Guahma
legislatives_2024,1,988,98815,Maré,MARE,0010,360,238,122,236,1,1,3,REG,ANGEXETINE ÉP RAILATI,Juanita Ciane,FEMININ,Juanita Ciane ANGEXETINE ÉP RAILATI,,0,,,,Mebuet,MEBUET,1,Mebuet,Maré,LIEU_DIT_NC,TRIBU,,167.84863195183632,-21.51331947619321,tribus_villages_nc,17,1501,Guahma
legislatives_2024,1,988,98815,Maré,MARE,0010,360,238,122,236,1,1,4,REG,NAISSELINE,Omayra Lisa Meun,FEMININ,Omayra Lisa Meun NAISSELINE,,235,,,,Mebuet,MEBUET,1,Mebuet,Maré,LIEU_DIT_NC,TRIBU,,167.84863195183632,-21.51331947619321,tribus_villages_nc,17,1501,Guahma
legislatives_2024,1,988,98815,Maré,MARE,0010,360,238,122,236,1,1,5,REC,NASRI,Thomas,MASCULIN,Thomas NASRI,,0,,,,Mebuet,MEBUET,1,Mebuet,Maré,LIEU_DIT_NC,TRIBU,,167.84863195183632,-21.51331947619321,tribus_villages_nc,17,1501,Guahma
legislatives_2024,1,988,98815,Maré,MARE,0010,360,238,122,236,1,1,6,DIV,MILLAR,Manuel,MASCULIN,Manuel MILLAR,,0,,,,Mebuet,MEBUET,1,Mebuet,Maré,LIEU_DIT_NC,TRIBU,,167.84863195183632,-21.51331947619321,tribus_villages_nc,17,1501,Guahma
legislatives_2024,1,988,98815,Maré,MARE,0010,360,238,122,236,1,1,7,DVD,CUENOT,Pierre-Henri,MASCULIN,Pierre-Henri CUENOT,,0,,,,Mebuet,MEBUET,1,Mebuet,Maré,LIEU_DIT_NC,TRIBU,,167.84863195183632,-21.51331947619321,tribus_villages_nc,17,1501,Guahma
legislatives_2024,1,988,98815,Maré,MARE,0010,360,238,122,236,1,1,8,REG,HAOCAS,Muneiko,FEMININ,Muneiko HAOCAS,,0,,,,Mebuet,MEBUET,1,Mebuet,Maré,LIEU_DIT_NC,TRIBU,,167.84863195183632,-21.51331947619321,tribus_villages_nc,17,1501,Guahma
legislatives_2024,1,988,98815,Maré,MARE,0010,360,238,122,236,1,1,9,RN,LOUECKHOTE,Simon,MASCULIN,Simon LOUECKHOTE,,0,,,,Mebuet,MEBUET,1,Mebuet,Maré,LIEU_DIT_NC,TRIBU,,167.84863195183632,-21.51331947619321,tribus_villages_nc,17,1501,Guahma
legislatives_2024,1,988,98815,Maré,MARE,0010,360,238,122,236,1,1,10,REG,NEMIA ÉP BISHOP,Germaine Toléta,FEMININ,Germaine Toléta NEMIA ÉP BISHOP,,0,,,,Mebuet,MEBUET,1,Mebuet,Maré,LIEU_DIT_NC,TRIBU,,167.84863195183632,-21.51331947619321,tribus_villages_nc,17,1501,Guahma
legislatives_2024,1,988,98815,Maré,MARE,0010,360,238,122,236,1,1,11,DVG,FALAEO,Veylma,FEMININ,Veylma FALAEO,,0,,,,Mebuet,MEBUET,1,Mebuet,Maré,LIEU_DIT_NC,TRIBU,,167.84863195183632,-21.51331947619321,tribus_villages_nc,17,1501,Guahma
legislatives_2024,1,988,98815,Maré,MARE,0010,360,238,122,236,1,1,12,ECO,DEVAUD,Cédric,MASCULIN,Cédric DEVAUD,,0,,,,Mebuet,MEBUET,1,Mebuet,Maré,LIEU_DIT_NC,TRIBU,,167.84863195183632,-21.51331947619321,tribus_villages_nc,17,1501,Guahma
legislatives_2024,1,988,98815,Maré,MARE,0011,298,153,145,153,0,0,1,HOR,DUNOYER,Philippe,MASCULIN,Philippe DUNOYER,,1,,,,Roh,ROH,0.95,Ro,Maré,LIEU_DIT_NC,TRIBU,,167.86202487687797,-21.39242632802858,tribus_villages_nc,17,1501,Guahma
legislatives_2024,1,988,98815,Maré,MARE,0011,298,153,145,153,0,0,2,DVD,METZDORF,Nicolas,MASCULIN,Nicolas METZDORF,,2,,,,Roh,ROH,0.95,Ro,Maré,LIEU_DIT_NC,TRIBU,,167.86202487687797,-21.39242632802858,tribus_villages_nc,17,1501,Guahma
legislatives_2024,1,988,98815,Maré,MARE,0011,298,153,145,153,0,0,3,REG,ANGEXETINE ÉP RAILATI,Juanita Ciane,FEMININ,Juanita Ciane ANGEXETINE ÉP RAILATI,,0,,,,Roh,ROH,0.95,Ro,Maré,LIEU_DIT_NC,TRIBU,,167.86202487687797,-21.39242632802858,tribus_villages_nc,17,1501,Guahma
legislatives_2024,1,988,98815,Maré,MARE,0011,298,153,145,153,0,0,4,REG,NAISSELINE,Omayra Lisa Meun,FEMININ,Omayra Lisa Meun NAISSELINE,,148,,,,Roh,ROH,0.95,Ro,Maré,LIEU_DIT_NC,TRIBU,,167.86202487687797,-21.39242632802858,tribus_villages_nc,17,1501,Guahma
legislatives_2024,1,988,98815,Maré,MARE,0011,298,153,145,153,0,0,5,REC,NASRI,Thomas,MASCULIN,Thomas NASRI,,0,,,,Roh,ROH,0.95,Ro,Maré,LIEU_DIT_NC,TRIBU,,167.86202487687797,-21.39242632802858,tribus_villages_nc,17,1501,Guahma
legislatives_2024,1,988,98815,Maré,MARE,0011,298,153,145,153,0,0,6,DIV,MILLAR,Manuel,MASCULIN,Manuel MILLAR,,0,,,,Roh,ROH,0.95,Ro,Maré,LIEU_DIT_NC,TRIBU,,167.86202487687797,-21.39242632802858,tribus_villages_nc,17,1501,Guahma
legislatives_2024,1,988,98815,Maré,MARE,0011,298,153,145,153,0,0,7,DVD,CUENOT,Pierre-Henri,MASCULIN,Pierre-Henri CUENOT,,0,,,,Roh,ROH,0.95,Ro,Maré,LIEU_DIT_NC,TRIBU,,167.86202487687797,-21.39242632802858,tribus_villages_nc,17,1501,Guahma
legislatives_2024,1,988,98815,Maré,MARE,0011,298,153,145,153,0,0,8,REG,HAOCAS,Muneiko,FEMININ,Muneiko HAOCAS,,1,,,,Roh,ROH,0.95,Ro,Maré,LIEU_DIT_NC,TRIBU,,167.86202487687797,-21.39242632802858,tribus_villages_nc,17,1501,Guahma
legislatives_2024,1,988,98815,Maré,MARE,0011,298,153,145,153,0,0,9,RN,LOUECKHOTE,Simon,MASCULIN,Simon LOUECKHOTE,,0,,,,Roh,ROH,0.95,Ro,Maré,LIEU_DIT_NC,TRIBU,,167.86202487687797,-21.39242632802858,tribus_villages_nc,17,1501,Guahma
legislatives_2024,1,988,98815,Maré,MARE,0011,298,153,145,153,0,0,10,REG,NEMIA ÉP BISHOP,Germaine Toléta,FEMININ,Germaine Toléta NEMIA ÉP BISHOP,,0,,,,Roh,ROH,0.95,Ro,Maré,LIEU_DIT_NC,TRIBU,,167.86202487687797,-21.39242632802858,tribus_villages_nc,17,1501,Guahma
legislatives_2024,1,988,98815,Maré,MARE,0011,298,153,145,153,0,0,11,DVG,FALAEO,Veylma,FEMININ,Veylma FALAEO,,1,,,,Roh,ROH,0.95,Ro,Maré,LIEU_DIT_NC,TRIBU,,167.86202487687797,-21.39242632802858,tribus_villages_nc,17,1501,Guahma
legislatives_2024,1,988,98815,Maré,MARE,0011,298,153,145,153,0,0,12,ECO,DEVAUD,Cédric,MASCULIN,Cédric DEVAUD,,0,,,,Roh,ROH,0.95,Ro,Maré,LIEU_DIT_NC,TRIBU,,167.86202487687797,-21.39242632802858,tribus_villages_nc,17,1501,Guahma
legislatives_2024,1,988,98815,Maré,MARE,0012,377,249,128,248,0,1,1,HOR,DUNOYER,Philippe,MASCULIN,Philippe DUNOYER,,1,,,,Eni,ENI,1,Eni,Maré,LIEU_DIT_NC,TRIBU,,167.94942757221617,-21.62666270346723,tribus_villages_nc,19,1503,Tadine Pénélo
legislatives_2024,1,988,98815,Maré,MARE,0012,377,249,128,248,0,1,2,DVD,METZDORF,Nicolas,MASCULIN,Nicolas METZDORF,,1,,,,Eni,ENI,1,Eni,Maré,LIEU_DIT_NC,TRIBU,,167.94942757221617,-21.62666270346723,tribus_villages_nc,19,1503,Tadine Pénélo
legislatives_2024,1,988,98815,Maré,MARE,0012,377,249,128,248,0,1,3,REG,ANGEXETINE ÉP RAILATI,Juanita Ciane,FEMININ,Juanita Ciane ANGEXETINE ÉP RAILATI,,2,,,,Eni,ENI,1,Eni,Maré,LIEU_DIT_NC,TRIBU,,167.94942757221617,-21.62666270346723,tribus_villages_nc,19,1503,Tadine Pénélo
legislatives_2024,1,988,98815,Maré,MARE,0012,377,249,128,248,0,1,4,REG,NAISSELINE,Omayra Lisa Meun,FEMININ,Omayra Lisa Meun NAISSELINE,,229,,,,Eni,ENI,1,Eni,Maré,LIEU_DIT_NC,TRIBU,,167.94942757221617,-21.62666270346723,tribus_villages_nc,19,1503,Tadine Pénélo
legislatives_2024,1,988,98815,Maré,MARE,0012,377,249,128,248,0,1,5,REC,NASRI,Thomas,MASCULIN,Thomas NASRI,,0,,,,Eni,ENI,1,Eni,Maré,LIEU_DIT_NC,TRIBU,,167.94942757221617,-21.62666270346723,tribus_villages_nc,19,1503,Tadine Pénélo
legislatives_2024,1,988,98815,Maré,MARE,0012,377,249,128,248,0,1,6,DIV,MILLAR,Manuel,MASCULIN,Manuel MILLAR,,0,,,,Eni,ENI,1,Eni,Maré,LIEU_DIT_NC,TRIBU,,167.94942757221617,-21.62666270346723,tribus_villages_nc,19,1503,Tadine Pénélo
legislatives_2024,1,988,98815,Maré,MARE,0012,377,249,128,248,0,1,7,DVD,CUENOT,Pierre-Henri,MASCULIN,Pierre-Henri CUENOT,,0,,,,Eni,ENI,1,Eni,Maré,LIEU_DIT_NC,TRIBU,,167.94942757221617,-21.62666270346723,tribus_villages_nc,19,1503,Tadine Pénélo
legislatives_2024,1,988,98815,Maré,MARE,0012,377,249,128,248,0,1,8,REG,HAOCAS,Muneiko,FEMININ,Muneiko HAOCAS,,5,,,,Eni,ENI,1,Eni,Maré,LIEU_DIT_NC,TRIBU,,167.94942757221617,-21.62666270346723,tribus_villages_nc,19,1503,Tadine Pénélo
legislatives_2024,1,988,98815,Maré,MARE,0012,377,249,128,248,0,1,9,RN,LOUECKHOTE,Simon,MASCULIN,Simon LOUECKHOTE,,2,,,,Eni,ENI,1,Eni,Maré,LIEU_DIT_NC,TRIBU,,167.94942757221617,-21.62666270346723,tribus_villages_nc,19,1503,Tadine Pénélo
legislatives_2024,1,988,98815,Maré,MARE,0012,377,249,128,248,0,1,10,REG,NEMIA ÉP BISHOP,Germaine Toléta,FEMININ,Germaine Toléta NEMIA ÉP BISHOP,,0,,,,Eni,ENI,1,Eni,Maré,LIEU_DIT_NC,TRIBU,,167.94942757221617,-21.62666270346723,tribus_villages_nc,19,1503,Tadine Pénélo
legislatives_2024,1,988,98815,Maré,MARE,0012,377,249,128,248,0,1,11,DVG,FALAEO,Veylma,FEMININ,Veylma FALAEO,,8,,,,Eni,ENI,1,Eni,Maré,LIEU_DIT_NC,TRIBU,,167.94942757221617,-21.62666270346723,tribus_villages_nc,19,1503,Tadine Pénélo
legislatives_2024,1,988,98815,Maré,MARE,0012,377,249,128,248,0,1,12,ECO,DEVAUD,Cédric,MASCULIN,Cédric DEVAUD,,0,,,,Eni,ENI,1,Eni,Maré,LIEU_DIT_NC,TRIBU,,167.94942757221617,-21.62666270346723,tribus_villages_nc,19,1503,Tadine Pénélo
legislatives_2024,1,988,98815,Maré,MARE,0013,670,384,286,382,0,2,1,HOR,DUNOYER,Philippe,MASCULIN,Philippe DUNOYER,,1,,,,La Roche,ROCHE,1,La Roche,Maré,LIEU_DIT_NC,TRIBU,,168.03155085257677,-21.471745123256497,tribus_villages_nc,18,1502,La Roche
legislatives_2024,1,988,98815,Maré,MARE,0013,670,384,286,382,0,2,2,DVD,METZDORF,Nicolas,MASCULIN,Nicolas METZDORF,,0,,,,La Roche,ROCHE,1,La Roche,Maré,LIEU_DIT_NC,TRIBU,,168.03155085257677,-21.471745123256497,tribus_villages_nc,18,1502,La Roche
legislatives_2024,1,988,98815,Maré,MARE,0013,670,384,286,382,0,2,3,REG,ANGEXETINE ÉP RAILATI,Juanita Ciane,FEMININ,Juanita Ciane ANGEXETINE ÉP RAILATI,,1,,,,La Roche,ROCHE,1,La Roche,Maré,LIEU_DIT_NC,TRIBU,,168.03155085257677,-21.471745123256497,tribus_villages_nc,18,1502,La Roche
legislatives_2024,1,988,98815,Maré,MARE,0013,670,384,286,382,0,2,4,REG,NAISSELINE,Omayra Lisa Meun,FEMININ,Omayra Lisa Meun NAISSELINE,,373,,,,La Roche,ROCHE,1,La Roche,Maré,LIEU_DIT_NC,TRIBU,,168.03155085257677,-21.471745123256497,tribus_villages_nc,18,1502,La Roche
legislatives_2024,1,988,98815,Maré,MARE,0013,670,384,286,382,0,2,5,REC,NASRI,Thomas,MASCULIN,Thomas NASRI,,0,,,,La Roche,ROCHE,1,La Roche,Maré,LIEU_DIT_NC,TRIBU,,168.03155085257677,-21.471745123256497,tribus_villages_nc,18,1502,La Roche
legislatives_2024,1,988,98815,Maré,MARE,0013,670,384,286,382,0,2,6,DIV,MILLAR,Manuel,MASCULIN,Manuel MILLAR,,0,,,,La Roche,ROCHE,1,La Roche,Maré,LIEU_DIT_NC,TRIBU,,168.03155085257677,-21.471745123256497,tribus_villages_nc,18,1502,La Roche
legislatives_2024,1,988,98815,Maré,MARE,0013,670,384,286,382,0,2,7,DVD,CUENOT,Pierre-Henri,MASCULIN,Pierre-Henri CUENOT,,0,,,,La Roche,ROCHE,1,La Roche,Maré,LIEU_DIT_NC,TRIBU,,168.03155085257677,-21.471745123256497,tribus_villages_nc,18,1502,La Roche
legislatives_2024,1,988,98815,Maré,MARE,0013,670,384,286,382,0,2,8,REG,HAOCAS,Muneiko,FEMININ,Muneiko HAOCAS,,2,,,,La Roche,ROCHE,1,La Roche,Maré,LIEU_DIT_NC,TRIBU,,168.03155085257677,-21.471745123256497,tribus_villages_nc,18,1502,La Roche
legislatives_2024,1,988,98815,Maré,MARE,0013,670,384,286,382,0,2,9,RN,LOUECKHOTE,Simon,MASCULIN,Simon LOUECKHOTE,,1,,,,La Roche,ROCHE,1,La Roche,Maré,LIEU_DIT_NC,TRIBU,,168.03155085257677,-21.471745123256497,tribus_villages_nc,18,1502,La Roche
legislatives_2024,1,988,98815,Maré,MARE,0013,670,384,286,382,0,2,10,REG,NEMIA ÉP BISHOP,Germaine Toléta,FEMININ,Germaine Toléta NEMIA ÉP BISHOP,,0,,,,La Roche,ROCHE,1,La Roche,Maré,LIEU_DIT_NC,TRIBU,,168.03155085257677,-21.471745123256497,tribus_villages_nc,18,1502,La Roche
legislatives_2024,1,988,98815,Maré,MARE,0013,670,384,286,382,0,2,11,DVG,FALAEO,Veylma,FEMININ,Veylma FALAEO,,4,,,,La Roche,ROCHE,1,La Roche,Maré,LIEU_DIT_NC,TRIBU,,168.03155085257677,-21.471745123256497,tribus_villages_nc,18,1502,La Roche
legislatives_2024,1,988,98815,Maré,MARE,0013,670,384,286,382,0,2,12,ECO,DEVAUD,Cédric,MASCULIN,Cédric DEVAUD,,0,,,,La Roche,ROCHE,1,La Roche,Maré,LIEU_DIT_NC,TRIBU,,168.03155085257677,-21.471745123256497,tribus_villages_nc,18,1502,La Roche
legislatives_2024,1,988,98815,Maré,MARE,0014,430,295,135,295,0,0,1,HOR,DUNOYER,Philippe,MASCULIN,Philippe DUNOYER,,0,,,,Tuho,TUHO,1,Tuho,Maré,LIEU_DIT_NC,TRIBU,Tuo,167.89428156445027,-21.49517949257516,tribus_villages_nc,17,1501,Guahma
legislatives_2024,1,988,98815,Maré,MARE,0014,430,295,135,295,0,0,2,DVD,METZDORF,Nicolas,MASCULIN,Nicolas METZDORF,,1,,,,Tuho,TUHO,1,Tuho,Maré,LIEU_DIT_NC,TRIBU,Tuo,167.89428156445027,-21.49517949257516,tribus_villages_nc,17,1501,Guahma
legislatives_2024,1,988,98815,Maré,MARE,0014,430,295,135,295,0,0,3,REG,ANGEXETINE ÉP RAILATI,Juanita Ciane,FEMININ,Juanita Ciane ANGEXETINE ÉP RAILATI,,2,,,,Tuho,TUHO,1,Tuho,Maré,LIEU_DIT_NC,TRIBU,Tuo,167.89428156445027,-21.49517949257516,tribus_villages_nc,17,1501,Guahma
legislatives_2024,1,988,98815,Maré,MARE,0014,430,295,135,295,0,0,4,REG,NAISSELINE,Omayra Lisa Meun,FEMININ,Omayra Lisa Meun NAISSELINE,,285,,,,Tuho,TUHO,1,Tuho,Maré,LIEU_DIT_NC,TRIBU,Tuo,167.89428156445027,-21.49517949257516,tribus_villages_nc,17,1501,Guahma
legislatives_2024,1,988,98815,Maré,MARE,0014,430,295,135,295,0,0,5,REC,NASRI,Thomas,MASCULIN,Thomas NASRI,,0,,,,Tuho,TUHO,1,Tuho,Maré,LIEU_DIT_NC,TRIBU,Tuo,167.89428156445027,-21.49517949257516,tribus_villages_nc,17,1501,Guahma
legislatives_2024,1,988,98815,Maré,MARE,0014,430,295,135,295,0,0,6,DIV,MILLAR,Manuel,MASCULIN,Manuel MILLAR,,1,,,,Tuho,TUHO,1,Tuho,Maré,LIEU_DIT_NC,TRIBU,Tuo,167.89428156445027,-21.49517949257516,tribus_villages_nc,17,1501,Guahma
legislatives_2024,1,988,98815,Maré,MARE,0014,430,295,135,295,0,0,7,DVD,CUENOT,Pierre-Henri,MASCULIN,Pierre-Henri CUENOT,,0,,,,Tuho,TUHO,1,Tuho,Maré,LIEU_DIT_NC,TRIBU,Tuo,167.89428156445027,-21.49517949257516,tribus_villages_nc,17,1501,Guahma
legislatives_2024,1,988,98815,Maré,MARE,0014,430,295,135,295,0,0,8,REG,HAOCAS,Muneiko,FEMININ,Muneiko HAOCAS,,5,,,,Tuho,TUHO,1,Tuho,Maré,LIEU_DIT_NC,TRIBU,Tuo,167.89428156445027,-21.49517949257516,tribus_villages_nc,17,1501,Guahma
legislatives_2024,1,988,98815,Maré,MARE,0014,430,295,135,295,0,0,9,RN,LOUECKHOTE,Simon,MASCULIN,Simon LOUECKHOTE,,0,,,,Tuho,TUHO,1,Tuho,Maré,LIEU_DIT_NC,TRIBU,Tuo,167.89428156445027,-21.49517949257516,tribus_villages_nc,17,1501,Guahma
legislatives_2024,1,988,98815,Maré,MARE,0014,430,295,135,295,0,0,10,REG,NEMIA ÉP BISHOP,Germaine Toléta,FEMININ,Germaine Toléta NEMIA ÉP BISHOP,,0,,,,Tuho,TUHO,1,Tuho,Maré,LIEU_DIT_NC,TRIBU,Tuo,167.89428156445027,-21.49517949257516,tribus_villages_nc,17,1501,Guahma
legislatives_2024,1,988,98815,Maré,MARE,0014,430,295,135,295,0,0,11,DVG,FALAEO,Veylma,FEMININ,Veylma FALAEO,,1,,,,Tuho,TUHO,1,Tuho,Maré,LIEU_DIT_NC,TRIBU,Tuo,167.89428156445027,-21.49517949257516,tribus_villages_nc,17,1501,Guahma
legislatives_2024,1,988,98815,Maré,MARE,0014,430,295,135,295,0,0,12,ECO,DEVAUD,Cédric,MASCULIN,Cédric DEVAUD,,0,,,,Tuho,TUHO,1,Tuho,Maré,LIEU_DIT_NC,TRIBU,Tuo,167.89428156445027,-21.49517949257516,tribus_villages_nc,17,1501,Guahma
legislatives_2024,1,988,98816,Moindou,MOINDOU,0001,832,613,219,603,8,2,1,DVG,TUKUMULI,Milakulo,MASCULIN,Milakulo TUKUMULI,,36,,,,Mairie,MAIRIE,0.7,MOINDOU,Moindou,LIEU_DIT_NC,VILLE,Mére Mwêro,165.67695619871748,-21.69271000327087,tribus_villages_nc,20,1601,Moindou
legislatives_2024,1,988,98816,Moindou,MOINDOU,0001,832,613,219,603,8,2,2,REG,TJIBAOU,Emmanuel,MASCULIN,Emmanuel TJIBAOU,,273,,,,Mairie,MAIRIE,0.7,MOINDOU,Moindou,LIEU_DIT_NC,VILLE,Mére Mwêro,165.67695619871748,-21.69271000327087,tribus_villages_nc,20,1601,Moindou
legislatives_2024,1,988,98816,Moindou,MOINDOU,0001,832,613,219,603,8,2,3,REG,FRERE,Ronald,MASCULIN,Ronald FRERE,,9,,,,Mairie,MAIRIE,0.7,MOINDOU,Moindou,LIEU_DIT_NC,VILLE,Mére Mwêro,165.67695619871748,-21.69271000327087,tribus_villages_nc,20,1601,Moindou
legislatives_2024,1,988,98816,Moindou,MOINDOU,0001,832,613,219,603,8,2,4,REG,VOUDJO,Luther,MASCULIN,Luther VOUDJO,,5,,,,Mairie,MAIRIE,0.7,MOINDOU,Moindou,LIEU_DIT_NC,VILLE,Mére Mwêro,165.67695619871748,-21.69271000327087,tribus_villages_nc,20,1601,Moindou
legislatives_2024,1,988,98816,Moindou,MOINDOU,0001,832,613,219,603,8,2,6,DVD,PONGA,Alcide,MASCULIN,Alcide PONGA,,244,,,,Mairie,MAIRIE,0.7,MOINDOU,Moindou,LIEU_DIT_NC,VILLE,Mére Mwêro,165.67695619871748,-21.69271000327087,tribus_villages_nc,20,1601,Moindou
legislatives_2024,1,988,98816,Moindou,MOINDOU,0001,832,613,219,603,8,2,7,HOR,POADJA,Gérard,MASCULIN,Gérard POADJA,,36,,,,Mairie,MAIRIE,0.7,MOINDOU,Moindou,LIEU_DIT_NC,VILLE,Mére Mwêro,165.67695619871748,-21.69271000327087,tribus_villages_nc,20,1601,Moindou
legislatives_2024,1,988,98817,Le Mont-Dore,MONTDORE,0001,1007,594,413,571,16,7,1,DVG,TUKUMULI,Milakulo,MASCULIN,Milakulo TUKUMULI,,72,,,,Mairie de BOULARI,MAIRIE BOULARI,0.727,Marina de Port Boulari,RUE DES THAZARDS,PARC ESPACE PUBLIC ET LOISIR,Espaces de loisirs,Marinas port de plaisance et port à sec,166.523722376157,-22.2317078297453,etablissements_publics_nc,,,
legislatives_2024,1,988,98817,Le Mont-Dore,MONTDORE,0001,1007,594,413,571,16,7,2,REG,TJIBAOU,Emmanuel,MASCULIN,Emmanuel TJIBAOU,,148,,,,Mairie de BOULARI,MAIRIE BOULARI,0.727,Marina de Port Boulari,RUE DES THAZARDS,PARC ESPACE PUBLIC ET LOISIR,Espaces de loisirs,Marinas port de plaisance et port à sec,166.523722376157,-22.2317078297453,etablissements_publics_nc,,,
legislatives_2024,1,988,98817,Le Mont-Dore,MONTDORE,0001,1007,594,413,571,16,7,3,REG,FRERE,Ronald,MASCULIN,Ronald FRERE,,17,,,,Mairie de BOULARI,MAIRIE BOULARI,0.727,Marina de Port Boulari,RUE DES THAZARDS,PARC ESPACE PUBLIC ET LOISIR,Espaces de loisirs,Marinas port de plaisance et port à sec,166.523722376157,-22.2317078297453,etablissements_publics_nc,,,
legislatives_2024,1,988,98817,Le Mont-Dore,MONTDORE,0001,1007,594,413,571,16,7,4,REG,VOUDJO,Luther,MASCULIN,Luther VOUDJO,,11,,,,Mairie de BOULARI,MAIRIE BOULARI,0.727,Marina de Port Boulari,RUE DES THAZARDS,PARC ESPACE PUBLIC ET LOISIR,Espaces de loisirs,Marinas port de plaisance et port à sec,166.523722376157,-22.2317078297453,etablissements_publics_nc,,,
legislatives_2024,1,988,98817,Le Mont-Dore,MONTDORE,0001,1007,594,413,571,16,7,6,DVD,PONGA,Alcide,MASCULIN,Alcide PONGA,,280,,,,Mairie de BOULARI,MAIRIE BOULARI,0.727,Marina de Port Boulari,RUE DES THAZARDS,PARC ESPACE PUBLIC ET LOISIR,Espaces de loisirs,Marinas port de plaisance et port à sec,166.523722376157,-22.2317078297453,etablissements_publics_nc,,,
legislatives_2024,1,988,98817,Le Mont-Dore,MONTDORE,0001,1007,594,413,571,16,7,7,HOR,POADJA,Gérard,MASCULIN,Gérard POADJA,,43,,,,Mairie de BOULARI,MAIRIE BOULARI,0.727,Marina de Port Boulari,RUE DES THAZARDS,PARC ESPACE PUBLIC ET LOISIR,Espaces de loisirs,Marinas port de plaisance et port à sec,166.523722376157,-22.2317078297453,etablissements_publics_nc,,,
legislatives_2024,1,988,98817,Le Mont-Dore,MONTDORE,0002,707,415,292,398,15,2,1,DVG,TUKUMULI,Milakulo,MASCULIN,Milakulo TUKUMULI,,32,,,,Groupe scolaire Hélène CHANIEL,GROUPE SCOLAIRE HELENE CHANIEL,1,Groupe scolaire Hélène Chaniel,105 RUE HELENE CHANIEL,ENSEIGNEMENT ET FORMATION,Enseignement du premier degré,Groupe scolaire,166.485528594387,-22.2217711398288,etablissements_publics_nc,23,1703,Pont des Fran‡ais
legislatives_2024,1,988,98817,Le Mont-Dore,MONTDORE,0002,707,415,292,398,15,2,2,REG,TJIBAOU,Emmanuel,MASCULIN,Emmanuel TJIBAOU,,46,,,,Groupe scolaire Hélène CHANIEL,GROUPE SCOLAIRE HELENE CHANIEL,1,Groupe scolaire Hélène Chaniel,105 RUE HELENE CHANIEL,ENSEIGNEMENT ET FORMATION,Enseignement du premier degré,Groupe scolaire,166.485528594387,-22.2217711398288,etablissements_publics_nc,23,1703,Pont des Fran‡ais
legislatives_2024,1,988,98817,Le Mont-Dore,MONTDORE,0002,707,415,292,398,15,2,3,REG,FRERE,Ronald,MASCULIN,Ronald FRERE,,7,,,,Groupe scolaire Hélène CHANIEL,GROUPE SCOLAIRE HELENE CHANIEL,1,Groupe scolaire Hélène Chaniel,105 RUE HELENE CHANIEL,ENSEIGNEMENT ET FORMATION,Enseignement du premier degré,Groupe scolaire,166.485528594387,-22.2217711398288,etablissements_publics_nc,23,1703,Pont des Fran‡ais
legislatives_2024,1,988,98817,Le Mont-Dore,MONTDORE,0002,707,415,292,398,15,2,4,REG,VOUDJO,Luther,MASCULIN,Luther VOUDJO,,4,,,,Groupe scolaire Hélène CHANIEL,GROUPE SCOLAIRE HELENE CHANIEL,1,Groupe scolaire Hélène Chaniel,105 RUE HELENE CHANIEL,ENSEIGNEMENT ET FORMATION,Enseignement du premier degré,Groupe scolaire,166.485528594387,-22.2217711398288,etablissements_publics_nc,23,1703,Pont des Fran‡ais
legislatives_2024,1,988,98817,Le Mont-Dore,MONTDORE,0002,707,415,292,398,15,2,6,DVD,PONGA,Alcide,MASCULIN,Alcide PONGA,,269,,,,Groupe scolaire Hélène CHANIEL,GROUPE SCOLAIRE HELENE CHANIEL,1,Groupe scolaire Hélène Chaniel,105 RUE HELENE CHANIEL,ENSEIGNEMENT ET FORMATION,Enseignement du premier degré,Groupe scolaire,166.485528594387,-22.2217711398288,etablissements_publics_nc,23,1703,Pont des Fran‡ais
legislatives_2024,1,988,98817,Le Mont-Dore,MONTDORE,0002,707,415,292,398,15,2,7,HOR,POADJA,Gérard,MASCULIN,Gérard POADJA,,40,,,,Groupe scolaire Hélène CHANIEL,GROUPE SCOLAIRE HELENE CHANIEL,1,Groupe scolaire Hélène Chaniel,105 RUE HELENE CHANIEL,ENSEIGNEMENT ET FORMATION,Enseignement du premier degré,Groupe scolaire,166.485528594387,-22.2217711398288,etablissements_publics_nc,23,1703,Pont des Fran‡ais
legislatives_2024,1,988,98817,Le Mont-Dore,MONTDORE,0003,975,653,322,628,15,10,1,DVG,TUKUMULI,Milakulo,MASCULIN,Milakulo TUKUMULI,,44,,,,École primaire Adolphe BOUTAN,ECOLE PRIMAIRE ADOLPHE BOUTAN,0.828,Ecole primaire de l'Ile-Ouen,,ENSEIGNEMENT ET FORMATION,Enseignement du premier degré,Ecole primaire,166.841440737558,-22.4256696418669,etablissements_publics_nc,35,1715,Mouirange - Grand Sud - Ile Ouen
legislatives_2024,1,988,98817,Le Mont-Dore,MONTDORE,0003,975,653,322,628,15,10,2,REG,TJIBAOU,Emmanuel,MASCULIN,Emmanuel TJIBAOU,,83,,,,École primaire Adolphe BOUTAN,ECOLE PRIMAIRE ADOLPHE BOUTAN,0.828,Ecole primaire de l'Ile-Ouen,,ENSEIGNEMENT ET FORMATION,Enseignement du premier degré,Ecole primaire,166.841440737558,-22.4256696418669,etablissements_publics_nc,35,1715,Mouirange - Grand Sud - Ile Ouen
legislatives_2024,1,988,98817,Le Mont-Dore,MONTDORE,0003,975,653,322,628,15,10,3,REG,FRERE,Ronald,MASCULIN,Ronald FRERE,,6,,,,École primaire Adolphe BOUTAN,ECOLE PRIMAIRE ADOLPHE BOUTAN,0.828,Ecole primaire de l'Ile-Ouen,,ENSEIGNEMENT ET FORMATION,Enseignement du premier degré,Ecole primaire,166.841440737558,-22.4256696418669,etablissements_publics_nc,35,1715,Mouirange - Grand Sud - Ile Ouen
legislatives_2024,1,988,98817,Le Mont-Dore,MONTDORE,0003,975,653,322,628,15,10,4,REG,VOUDJO,Luther,MASCULIN,Luther VOUDJO,,7,,,,École primaire Adolphe BOUTAN,ECOLE PRIMAIRE ADOLPHE BOUTAN,0.828,Ecole primaire de l'Ile-Ouen,,ENSEIGNEMENT ET FORMATION,Enseignement du premier degré,Ecole primaire,166.841440737558,-22.4256696418669,etablissements_publics_nc,35,1715,Mouirange - Grand Sud - Ile Ouen
legislatives_2024,1,988,98817,Le Mont-Dore,MONTDORE,0003,975,653,322,628,15,10,6,DVD,PONGA,Alcide,MASCULIN,Alcide PONGA,,433,,,,École primaire Adolphe BOUTAN,ECOLE PRIMAIRE ADOLPHE BOUTAN,0.828,Ecole primaire de l'Ile-Ouen,,ENSEIGNEMENT ET FORMATION,Enseignement du premier degré,Ecole primaire,166.841440737558,-22.4256696418669,etablissements_publics_nc,35,1715,Mouirange - Grand Sud - Ile Ouen
legislatives_2024,1,988,98817,Le Mont-Dore,MONTDORE,0003,975,653,322,628,15,10,7,HOR,POADJA,Gérard,MASCULIN,Gérard POADJA,,55,,,,École primaire Adolphe BOUTAN,ECOLE PRIMAIRE ADOLPHE BOUTAN,0.828,Ecole primaire de l'Ile-Ouen,,ENSEIGNEMENT ET FORMATION,Enseignement du premier degré,Ecole primaire,166.841440737558,-22.4256696418669,etablissements_publics_nc,35,1715,Mouirange - Grand Sud - Ile Ouen
legislatives_2024,1,988,98817,Le Mont-Dore,MONTDORE,0004,973,614,359,588,17,9,1,DVG,TUKUMULI,Milakulo,MASCULIN,Milakulo TUKUMULI,,108,,,,École primaire Louis Henri GALINIE 1,ECOLE PRIMAIRE LOUIS HENRI GALINIE,0.923,Ecole primaire Louis Henri Galinié,1133 RUE DES TROIS BANIANS,ENSEIGNEMENT ET FORMATION,Enseignement du premier degré,Ecole élémentaire,166.512755378687,-22.2163077194956,etablissements_publics_nc,25,1705,Robinson Nord
legislatives_2024,1,988,98817,Le Mont-Dore,MONTDORE,0004,973,614,359,588,17,9,2,REG,TJIBAOU,Emmanuel,MASCULIN,Emmanuel TJIBAOU,,99,,,,École primaire Louis Henri GALINIE 1,ECOLE PRIMAIRE LOUIS HENRI GALINIE,0.923,Ecole primaire Louis Henri Galinié,1133 RUE DES TROIS BANIANS,ENSEIGNEMENT ET FORMATION,Enseignement du premier degré,Ecole élémentaire,166.512755378687,-22.2163077194956,etablissements_publics_nc,25,1705,Robinson Nord
legislatives_2024,1,988,98817,Le Mont-Dore,MONTDORE,0004,973,614,359,588,17,9,3,REG,FRERE,Ronald,MASCULIN,Ronald FRERE,,12,,,,École primaire Louis Henri GALINIE 1,ECOLE PRIMAIRE LOUIS HENRI GALINIE,0.923,Ecole primaire Louis Henri Galinié,1133 RUE DES TROIS BANIANS,ENSEIGNEMENT ET FORMATION,Enseignement du premier degré,Ecole élémentaire,166.512755378687,-22.2163077194956,etablissements_publics_nc,25,1705,Robinson Nord
legislatives_2024,1,988,98817,Le Mont-Dore,MONTDORE,0004,973,614,359,588,17,9,4,REG,VOUDJO,Luther,MASCULIN,Luther VOUDJO,,11,,,,École primaire Louis Henri GALINIE 1,ECOLE PRIMAIRE LOUIS HENRI GALINIE,0.923,Ecole primaire Louis Henri Galinié,1133 RUE DES TROIS BANIANS,ENSEIGNEMENT ET FORMATION,Enseignement du premier degré,Ecole élémentaire,166.512755378687,-22.2163077194956,etablissements_publics_nc,25,1705,Robinson Nord
legislatives_2024,1,988,98817,Le Mont-Dore,MONTDORE,0004,973,614,359,588,17,9,6,DVD,PONGA,Alcide,MASCULIN,Alcide PONGA,,320,,,,École primaire Louis Henri GALINIE 1,ECOLE PRIMAIRE LOUIS HENRI GALINIE,0.923,Ecole primaire Louis Henri Galinié,1133 RUE DES TROIS BANIANS,ENSEIGNEMENT ET FORMATION,Enseignement du premier degré,Ecole élémentaire,166.512755378687,-22.2163077194956,etablissements_publics_nc,25,1705,Robinson Nord
legislatives_2024,1,988,98817,Le Mont-Dore,MONTDORE,0004,973,614,359,588,17,9,7,HOR,POADJA,Gérard,MASCULIN,Gérard POADJA,,38,,,,École primaire Louis Henri GALINIE 1,ECOLE PRIMAIRE LOUIS HENRI GALINIE,0.923,Ecole primaire Louis Henri Galinié,1133 RUE DES TROIS BANIANS,ENSEIGNEMENT ET FORMATION,Enseignement du premier degré,Ecole élémentaire,166.512755378687,-22.2163077194956,etablissements_publics_nc,25,1705,Robinson Nord
legislatives_2024,1,988,98817,Le Mont-Dore,MONTDORE,0005,1116,423,693,417,1,5,1,DVG,TUKUMULI,Milakulo,MASCULIN,Milakulo TUKUMULI,,23,,,,École La Rizière 1,ECOLE RIZIERE,0.734,Ecole primaire La Rizière,89 RUE DU VIEUX PONT,ENSEIGNEMENT ET FORMATION,Enseignement du premier degré,Ecole élémentaire,166.573975497183,-22.2332233282141,etablissements_publics_nc,30,1710,La Coulée Nord
legislatives_2024,1,988,98817,Le Mont-Dore,MONTDORE,0005,1116,423,693,417,1,5,2,REG,TJIBAOU,Emmanuel,MASCULIN,Emmanuel TJIBAOU,,370,,,,École La Rizière 1,ECOLE RIZIERE,0.734,Ecole primaire La Rizière,89 RUE DU VIEUX PONT,ENSEIGNEMENT ET FORMATION,Enseignement du premier degré,Ecole élémentaire,166.573975497183,-22.2332233282141,etablissements_publics_nc,30,1710,La Coulée Nord
legislatives_2024,1,988,98817,Le Mont-Dore,MONTDORE,0005,1116,423,693,417,1,5,3,REG,FRERE,Ronald,MASCULIN,Ronald FRERE,,3,,,,École La Rizière 1,ECOLE RIZIERE,0.734,Ecole primaire La Rizière,89 RUE DU VIEUX PONT,ENSEIGNEMENT ET FORMATION,Enseignement du premier degré,Ecole élémentaire,166.573975497183,-22.2332233282141,etablissements_publics_nc,30,1710,La Coulée Nord
legislatives_2024,1,988,98817,Le Mont-Dore,MONTDORE,0005,1116,423,693,417,1,5,4,REG,VOUDJO,Luther,MASCULIN,Luther VOUDJO,,9,,,,École La Rizière 1,ECOLE RIZIERE,0.734,Ecole primaire La Rizière,89 RUE DU VIEUX PONT,ENSEIGNEMENT ET FORMATION,Enseignement du premier degré,Ecole élémentaire,166.573975497183,-22.2332233282141,etablissements_publics_nc,30,1710,La Coulée Nord
legislatives_2024,1,988,98817,Le Mont-Dore,MONTDORE,0005,1116,423,693,417,1,5,6,DVD,PONGA,Alcide,MASCULIN,Alcide PONGA,,8,,,,École La Rizière 1,ECOLE RIZIERE,0.734,Ecole primaire La Rizière,89 RUE DU VIEUX PONT,ENSEIGNEMENT ET FORMATION,Enseignement du premier degré,Ecole élémentaire,166.573975497183,-22.2332233282141,etablissements_publics_nc,30,1710,La Coulée Nord
legislatives_2024,1,988,98817,Le Mont-Dore,MONTDORE,0005,1116,423,693,417,1,5,7,HOR,POADJA,Gérard,MASCULIN,Gérard POADJA,,4,,,,École La Rizière 1,ECOLE RIZIERE,0.734,Ecole primaire La Rizière,89 RUE DU VIEUX PONT,ENSEIGNEMENT ET FORMATION,Enseignement du premier degré,Ecole élémentaire,166.573975497183,-22.2332233282141,etablissements_publics_nc,30,1710,La Coulée Nord
legislatives_2024,1,988,98817,Le Mont-Dore,MONTDORE,0006,969,566,403,543,19,4,1,DVG,TUKUMULI,Milakulo,MASCULIN,Milakulo TUKUMULI,,101,,,,École primaire du Vallon Dore,ECOLE PRIMAIRE VALLON DORE,0.886,Ecole élémentaire du Vallon-Dore,1622 LA CORNICHE DU MONT DORE,ENSEIGNEMENT ET FORMATION,Enseignement du premier degré,Ecole élémentaire,166.571853310489,-22.2757480668132,etablissements_publics_nc,32,1712,Vallon Dore
legislatives_2024,1,988,98817,Le Mont-Dore,MONTDORE,0006,969,566,403,543,19,4,2,REG,TJIBAOU,Emmanuel,MASCULIN,Emmanuel TJIBAOU,,98,,,,École primaire du Vallon Dore,ECOLE PRIMAIRE VALLON DORE,0.886,Ecole élémentaire du Vallon-Dore,1622 LA CORNICHE DU MONT DORE,ENSEIGNEMENT ET FORMATION,Enseignement du premier degré,Ecole élémentaire,166.571853310489,-22.2757480668132,etablissements_publics_nc,32,1712,Vallon Dore
legislatives_2024,1,988,98817,Le Mont-Dore,MONTDORE,0006,969,566,403,543,19,4,3,REG,FRERE,Ronald,MASCULIN,Ronald FRERE,,6,,,,École primaire du Vallon Dore,ECOLE PRIMAIRE VALLON DORE,0.886,Ecole élémentaire du Vallon-Dore,1622 LA CORNICHE DU MONT DORE,ENSEIGNEMENT ET FORMATION,Enseignement du premier degré,Ecole élémentaire,166.571853310489,-22.2757480668132,etablissements_publics_nc,32,1712,Vallon Dore
legislatives_2024,1,988,98817,Le Mont-Dore,MONTDORE,0006,969,566,403,543,19,4,4,REG,VOUDJO,Luther,MASCULIN,Luther VOUDJO,,5,,,,École primaire du Vallon Dore,ECOLE PRIMAIRE VALLON DORE,0.886,Ecole élémentaire du Vallon-Dore,1622 LA CORNICHE DU MONT DORE,ENSEIGNEMENT ET FORMATION,Enseignement du premier degré,Ecole élémentaire,166.571853310489,-22.2757480668132,etablissements_publics_nc,32,1712,Vallon Dore
legislatives_2024,1,988,98817,Le Mont-Dore,MONTDORE,0006,969,566,403,543,19,4,6,DVD,PONGA,Alcide,MASCULIN,Alcide PONGA,,297,,,,École primaire du Vallon Dore,ECOLE PRIMAIRE VALLON DORE,0.886,Ecole élémentaire du Vallon-Dore,1622 LA CORNICHE DU MONT DORE,ENSEIGNEMENT ET FORMATION,Enseignement du premier degré,Ecole élémentaire,166.571853310489,-22.2757480668132,etablissements_publics_nc,32,1712,Vallon Dore
legislatives_2024,1,988,98817,Le Mont-Dore,MONTDORE,0006,969,566,403,543,19,4,7,HOR,POADJA,Gérard,MASCULIN,Gérard POADJA,,36,,,,École primaire du Vallon Dore,ECOLE PRIMAIRE VALLON DORE,0.886,Ecole élémentaire du Vallon-Dore,1622 LA CORNICHE DU MONT DORE,ENSEIGNEMENT ET FORMATION,Enseignement du premier degré,Ecole élémentaire,166.571853310489,-22.2757480668132,etablissements_publics_nc,32,1712,Vallon Dore
legislatives_2024,1,988,98817,Le Mont-Dore,MONTDORE,0007,107,33,74,32,0,1,1,DVG,TUKUMULI,Milakulo,MASCULIN,Milakulo TUKUMULI,,2,,,,Ouara,OUARA,1,Ouara,Mont-Dore,LIEU_DIT_NC,TRIBU,,166.84029773306233,-22.42316008394107,tribus_villages_nc,35,1715,Mouirange - Grand Sud - Ile Ouen
legislatives_2024,1,988,98817,Le Mont-Dore,MONTDORE,0007,107,33,74,32,0,1,2,REG,TJIBAOU,Emmanuel,MASCULIN,Emmanuel TJIBAOU,,28,,,,Ouara,OUARA,1,Ouara,Mont-Dore,LIEU_DIT_NC,TRIBU,,166.84029773306233,-22.42316008394107,tribus_villages_nc,35,1715,Mouirange - Grand Sud - Ile Ouen
legislatives_2024,1,988,98817,Le Mont-Dore,MONTDORE,0007,107,33,74,32,0,1,3,REG,FRERE,Ronald,MASCULIN,Ronald FRERE,,0,,,,Ouara,OUARA,1,Ouara,Mont-Dore,LIEU_DIT_NC,TRIBU,,166.84029773306233,-22.42316008394107,tribus_villages_nc,35,1715,Mouirange - Grand Sud - Ile Ouen
legislatives_2024,1,988,98817,Le Mont-Dore,MONTDORE,0007,107,33,74,32,0,1,4,REG,VOUDJO,Luther,MASCULIN,Luther VOUDJO,,0,,,,Ouara,OUARA,1,Ouara,Mont-Dore,LIEU_DIT_NC,TRIBU,,166.84029773306233,-22.42316008394107,tribus_villages_nc,35,1715,Mouirange - Grand Sud - Ile Ouen
legislatives_2024,1,988,98817,Le Mont-Dore,MONTDORE,0007,107,33,74,32,0,1,6,DVD,PONGA,Alcide,MASCULIN,Alcide PONGA,,2,,,,Ouara,OUARA,1,Ouara,Mont-Dore,LIEU_DIT_NC,TRIBU,,166.84029773306233,-22.42316008394107,tribus_villages_nc,35,1715,Mouirange - Grand Sud - Ile Ouen
legislatives_2024,1,988,98817,Le Mont-Dore,MONTDORE,0007,107,33,74,32,0,1,7,HOR,POADJA,Gérard,MASCULIN,Gérard POADJA,,0,,,,Ouara,OUARA,1,Ouara,Mont-Dore,LIEU_DIT_NC,TRIBU,,166.84029773306233,-22.42316008394107,tribus_villages_nc,35,1715,Mouirange - Grand Sud - Ile Ouen
legislatives_2024,1,988,98817,Le Mont-Dore,MONTDORE,0008,1060,698,362,677,13,8,1,DVG,TUKUMULI,Milakulo,MASCULIN,Milakulo TUKUMULI,,76,,,,Groupe scolaire de Boulari 1,GROUPE SCOLAIRE BOULARI,1,Groupe scolaire de Boulari,154 RUE ANTOINE GRISCELLI,ENSEIGNEMENT ET FORMATION,Enseignement du premier degré,Groupe scolaire,166.520855451452,-22.2274992832452,etablissements_publics_nc,27,1707,Boulari
legislatives_2024,1,988,98817,Le Mont-Dore,MONTDORE,0008,1060,698,362,677,13,8,2,REG,TJIBAOU,Emmanuel,MASCULIN,Emmanuel TJIBAOU,,61,,,,Groupe scolaire de Boulari 1,GROUPE SCOLAIRE BOULARI,1,Groupe scolaire de Boulari,154 RUE ANTOINE GRISCELLI,ENSEIGNEMENT ET FORMATION,Enseignement du premier degré,Groupe scolaire,166.520855451452,-22.2274992832452,etablissements_publics_nc,27,1707,Boulari
legislatives_2024,1,988,98817,Le Mont-Dore,MONTDORE,0008,1060,698,362,677,13,8,3,REG,FRERE,Ronald,MASCULIN,Ronald FRERE,,10,,,,Groupe scolaire de Boulari 1,GROUPE SCOLAIRE BOULARI,1,Groupe scolaire de Boulari,154 RUE ANTOINE GRISCELLI,ENSEIGNEMENT ET FORMATION,Enseignement du premier degré,Groupe scolaire,166.520855451452,-22.2274992832452,etablissements_publics_nc,27,1707,Boulari
legislatives_2024,1,988,98817,Le Mont-Dore,MONTDORE,0008,1060,698,362,677,13,8,4,REG,VOUDJO,Luther,MASCULIN,Luther VOUDJO,,6,,,,Groupe scolaire de Boulari 1,GROUPE SCOLAIRE BOULARI,1,Groupe scolaire de Boulari,154 RUE ANTOINE GRISCELLI,ENSEIGNEMENT ET FORMATION,Enseignement du premier degré,Groupe scolaire,166.520855451452,-22.2274992832452,etablissements_publics_nc,27,1707,Boulari
legislatives_2024,1,988,98817,Le Mont-Dore,MONTDORE,0008,1060,698,362,677,13,8,6,DVD,PONGA,Alcide,MASCULIN,Alcide PONGA,,472,,,,Groupe scolaire de Boulari 1,GROUPE SCOLAIRE BOULARI,1,Groupe scolaire de Boulari,154 RUE ANTOINE GRISCELLI,ENSEIGNEMENT ET FORMATION,Enseignement du premier degré,Groupe scolaire,166.520855451452,-22.2274992832452,etablissements_publics_nc,27,1707,Boulari
legislatives_2024,1,988,98817,Le Mont-Dore,MONTDORE,0008,1060,698,362,677,13,8,7,HOR,POADJA,Gérard,MASCULIN,Gérard POADJA,,52,,,,Groupe scolaire de Boulari 1,GROUPE SCOLAIRE BOULARI,1,Groupe scolaire de Boulari,154 RUE ANTOINE GRISCELLI,ENSEIGNEMENT ET FORMATION,Enseignement du premier degré,Groupe scolaire,166.520855451452,-22.2274992832452,etablissements_publics_nc,27,1707,Boulari
legislatives_2024,1,988,98817,Le Mont-Dore,MONTDORE,0009,1096,501,595,483,8,10,1,DVG,TUKUMULI,Milakulo,MASCULIN,Milakulo TUKUMULI,,72,,,,Mairie annexe de Plum 1,MAIRIE ANNEXE PLUM,0.782,Mairie annexe du Mont-Dore,9048 LA CORNICHE DU MONT DORE,ADMINISTRATION ET ORGANISME,Administrations des collectivités,Administration de la commune de Mont-Dore,166.623268718041,-22.2730906933136,etablissements_publics_nc,34,1714,Plum
legislatives_2024,1,988,98817,Le Mont-Dore,MONTDORE,0009,1096,501,595,483,8,10,2,REG,TJIBAOU,Emmanuel,MASCULIN,Emmanuel TJIBAOU,,147,,,,Mairie annexe de Plum 1,MAIRIE ANNEXE PLUM,0.782,Mairie annexe du Mont-Dore,9048 LA CORNICHE DU MONT DORE,ADMINISTRATION ET ORGANISME,Administrations des collectivités,Administration de la commune de Mont-Dore,166.623268718041,-22.2730906933136,etablissements_publics_nc,34,1714,Plum
legislatives_2024,1,988,98817,Le Mont-Dore,MONTDORE,0009,1096,501,595,483,8,10,3,REG,FRERE,Ronald,MASCULIN,Ronald FRERE,,7,,,,Mairie annexe de Plum 1,MAIRIE ANNEXE PLUM,0.782,Mairie annexe du Mont-Dore,9048 LA CORNICHE DU MONT DORE,ADMINISTRATION ET ORGANISME,Administrations des collectivités,Administration de la commune de Mont-Dore,166.623268718041,-22.2730906933136,etablissements_publics_nc,34,1714,Plum
legislatives_2024,1,988,98817,Le Mont-Dore,MONTDORE,0009,1096,501,595,483,8,10,4,REG,VOUDJO,Luther,MASCULIN,Luther VOUDJO,,11,,,,Mairie annexe de Plum 1,MAIRIE ANNEXE PLUM,0.782,Mairie annexe du Mont-Dore,9048 LA CORNICHE DU MONT DORE,ADMINISTRATION ET ORGANISME,Administrations des collectivités,Administration de la commune de Mont-Dore,166.623268718041,-22.2730906933136,etablissements_publics_nc,34,1714,Plum
legislatives_2024,1,988,98817,Le Mont-Dore,MONTDORE,0009,1096,501,595,483,8,10,6,DVD,PONGA,Alcide,MASCULIN,Alcide PONGA,,203,,,,Mairie annexe de Plum 1,MAIRIE ANNEXE PLUM,0.782,Mairie annexe du Mont-Dore,9048 LA CORNICHE DU MONT DORE,ADMINISTRATION ET ORGANISME,Administrations des collectivités,Administration de la commune de Mont-Dore,166.623268718041,-22.2730906933136,etablissements_publics_nc,34,1714,Plum
legislatives_2024,1,988,98817,Le Mont-Dore,MONTDORE,0009,1096,501,595,483,8,10,7,HOR,POADJA,Gérard,MASCULIN,Gérard POADJA,,43,,,,Mairie annexe de Plum 1,MAIRIE ANNEXE PLUM,0.782,Mairie annexe du Mont-Dore,9048 LA CORNICHE DU MONT DORE,ADMINISTRATION ET ORGANISME,Administrations des collectivités,Administration de la commune de Mont-Dore,166.623268718041,-22.2730906933136,etablissements_publics_nc,34,1714,Plum
legislatives_2024,1,988,98817,Le Mont-Dore,MONTDORE,0010,1103,366,737,353,9,4,1,DVG,TUKUMULI,Milakulo,MASCULIN,Milakulo TUKUMULI,,47,,,,École La Rizière 2,ECOLE RIZIERE,0.734,Ecole primaire La Rizière,89 RUE DU VIEUX PONT,ENSEIGNEMENT ET FORMATION,Enseignement du premier degré,Ecole élémentaire,166.573975497183,-22.2332233282141,etablissements_publics_nc,30,1710,La Coulée Nord
legislatives_2024,1,988,98817,Le Mont-Dore,MONTDORE,0010,1103,366,737,353,9,4,2,REG,TJIBAOU,Emmanuel,MASCULIN,Emmanuel TJIBAOU,,134,,,,École La Rizière 2,ECOLE RIZIERE,0.734,Ecole primaire La Rizière,89 RUE DU VIEUX PONT,ENSEIGNEMENT ET FORMATION,Enseignement du premier degré,Ecole élémentaire,166.573975497183,-22.2332233282141,etablissements_publics_nc,30,1710,La Coulée Nord
legislatives_2024,1,988,98817,Le Mont-Dore,MONTDORE,0010,1103,366,737,353,9,4,3,REG,FRERE,Ronald,MASCULIN,Ronald FRERE,,8,,,,École La Rizière 2,ECOLE RIZIERE,0.734,Ecole primaire La Rizière,89 RUE DU VIEUX PONT,ENSEIGNEMENT ET FORMATION,Enseignement du premier degré,Ecole élémentaire,166.573975497183,-22.2332233282141,etablissements_publics_nc,30,1710,La Coulée Nord
legislatives_2024,1,988,98817,Le Mont-Dore,MONTDORE,0010,1103,366,737,353,9,4,4,REG,VOUDJO,Luther,MASCULIN,Luther VOUDJO,,8,,,,École La Rizière 2,ECOLE RIZIERE,0.734,Ecole primaire La Rizière,89 RUE DU VIEUX PONT,ENSEIGNEMENT ET FORMATION,Enseignement du premier degré,Ecole élémentaire,166.573975497183,-22.2332233282141,etablissements_publics_nc,30,1710,La Coulée Nord
legislatives_2024,1,988,98817,Le Mont-Dore,MONTDORE,0010,1103,366,737,353,9,4,6,DVD,PONGA,Alcide,MASCULIN,Alcide PONGA,,141,,,,École La Rizière 2,ECOLE RIZIERE,0.734,Ecole primaire La Rizière,89 RUE DU VIEUX PONT,ENSEIGNEMENT ET FORMATION,Enseignement du premier degré,Ecole élémentaire,166.573975497183,-22.2332233282141,etablissements_publics_nc,30,1710,La Coulée Nord
legislatives_2024,1,988,98817,Le Mont-Dore,MONTDORE,0010,1103,366,737,353,9,4,7,HOR,POADJA,Gérard,MASCULIN,Gérard POADJA,,15,,,,École La Rizière 2,ECOLE RIZIERE,0.734,Ecole primaire La Rizière,89 RUE DU VIEUX PONT,ENSEIGNEMENT ET FORMATION,Enseignement du premier degré,Ecole élémentaire,166.573975497183,-22.2332233282141,etablissements_publics_nc,30,1710,La Coulée Nord
legislatives_2024,1,988,98817,Le Mont-Dore,MONTDORE,0011,856,560,296,546,5,9,1,DVG,TUKUMULI,Milakulo,MASCULIN,Milakulo TUKUMULI,,73,,,,Groupe scolaire de Boulari 2,GROUPE SCOLAIRE BOULARI,1,Groupe scolaire de Boulari,154 RUE ANTOINE GRISCELLI,ENSEIGNEMENT ET FORMATION,Enseignement du premier degré,Groupe scolaire,166.520855451452,-22.2274992832452,etablissements_publics_nc,27,1707,Boulari
legislatives_2024,1,988,98817,Le Mont-Dore,MONTDORE,0011,856,560,296,546,5,9,2,REG,TJIBAOU,Emmanuel,MASCULIN,Emmanuel TJIBAOU,,58,,,,Groupe scolaire de Boulari 2,GROUPE SCOLAIRE BOULARI,1,Groupe scolaire de Boulari,154 RUE ANTOINE GRISCELLI,ENSEIGNEMENT ET FORMATION,Enseignement du premier degré,Groupe scolaire,166.520855451452,-22.2274992832452,etablissements_publics_nc,27,1707,Boulari
legislatives_2024,1,988,98817,Le Mont-Dore,MONTDORE,0011,856,560,296,546,5,9,3,REG,FRERE,Ronald,MASCULIN,Ronald FRERE,,7,,,,Groupe scolaire de Boulari 2,GROUPE SCOLAIRE BOULARI,1,Groupe scolaire de Boulari,154 RUE ANTOINE GRISCELLI,ENSEIGNEMENT ET FORMATION,Enseignement du premier degré,Groupe scolaire,166.520855451452,-22.2274992832452,etablissements_publics_nc,27,1707,Boulari
legislatives_2024,1,988,98817,Le Mont-Dore,MONTDORE,0011,856,560,296,546,5,9,4,REG,VOUDJO,Luther,MASCULIN,Luther VOUDJO,,1,,,,Groupe scolaire de Boulari 2,GROUPE SCOLAIRE BOULARI,1,Groupe scolaire de Boulari,154 RUE ANTOINE GRISCELLI,ENSEIGNEMENT ET FORMATION,Enseignement du premier degré,Groupe scolaire,166.520855451452,-22.2274992832452,etablissements_publics_nc,27,1707,Boulari
legislatives_2024,1,988,98817,Le Mont-Dore,MONTDORE,0011,856,560,296,546,5,9,6,DVD,PONGA,Alcide,MASCULIN,Alcide PONGA,,364,,,,Groupe scolaire de Boulari 2,GROUPE SCOLAIRE BOULARI,1,Groupe scolaire de Boulari,154 RUE ANTOINE GRISCELLI,ENSEIGNEMENT ET FORMATION,Enseignement du premier degré,Groupe scolaire,166.520855451452,-22.2274992832452,etablissements_publics_nc,27,1707,Boulari
legislatives_2024,1,988,98817,Le Mont-Dore,MONTDORE,0011,856,560,296,546,5,9,7,HOR,POADJA,Gérard,MASCULIN,Gérard POADJA,,43,,,,Groupe scolaire de Boulari 2,GROUPE SCOLAIRE BOULARI,1,Groupe scolaire de Boulari,154 RUE ANTOINE GRISCELLI,ENSEIGNEMENT ET FORMATION,Enseignement du premier degré,Groupe scolaire,166.520855451452,-22.2274992832452,etablissements_publics_nc,27,1707,Boulari
legislatives_2024,1,988,98817,Le Mont-Dore,MONTDORE,0012,818,498,320,490,7,1,1,DVG,TUKUMULI,Milakulo,MASCULIN,Milakulo TUKUMULI,,111,,,,Groupe scolaire Saint-Michel 1,GROUPE SCOLAIRE SAINT MICHEL,0.824,Groupe scolaire de Saint-Joseph de Cluny,367 RUE CHARLES FRANCOIS BEAUTEMPS BEAUPRE,ENSEIGNEMENT ET FORMATION,Enseignement du premier degré,Groupe scolaire,166.499920849353,-22.2240498676639,etablissements_publics_nc,24,1704,La Conception
legislatives_2024,1,988,98817,Le Mont-Dore,MONTDORE,0012,818,498,320,490,7,1,2,REG,TJIBAOU,Emmanuel,MASCULIN,Emmanuel TJIBAOU,,143,,,,Groupe scolaire Saint-Michel 1,GROUPE SCOLAIRE SAINT MICHEL,0.824,Groupe scolaire de Saint-Joseph de Cluny,367 RUE CHARLES FRANCOIS BEAUTEMPS BEAUPRE,ENSEIGNEMENT ET FORMATION,Enseignement du premier degré,Groupe scolaire,166.499920849353,-22.2240498676639,etablissements_publics_nc,24,1704,La Conception
legislatives_2024,1,988,98817,Le Mont-Dore,MONTDORE,0012,818,498,320,490,7,1,3,REG,FRERE,Ronald,MASCULIN,Ronald FRERE,,3,,,,Groupe scolaire Saint-Michel 1,GROUPE SCOLAIRE SAINT MICHEL,0.824,Groupe scolaire de Saint-Joseph de Cluny,367 RUE CHARLES FRANCOIS BEAUTEMPS BEAUPRE,ENSEIGNEMENT ET FORMATION,Enseignement du premier degré,Groupe scolaire,166.499920849353,-22.2240498676639,etablissements_publics_nc,24,1704,La Conception
legislatives_2024,1,988,98817,Le Mont-Dore,MONTDORE,0012,818,498,320,490,7,1,4,REG,VOUDJO,Luther,MASCULIN,Luther VOUDJO,,19,,,,Groupe scolaire Saint-Michel 1,GROUPE SCOLAIRE SAINT MICHEL,0.824,Groupe scolaire de Saint-Joseph de Cluny,367 RUE CHARLES FRANCOIS BEAUTEMPS BEAUPRE,ENSEIGNEMENT ET FORMATION,Enseignement du premier degré,Groupe scolaire,166.499920849353,-22.2240498676639,etablissements_publics_nc,24,1704,La Conception
legislatives_2024,1,988,98817,Le Mont-Dore,MONTDORE,0012,818,498,320,490,7,1,6,DVD,PONGA,Alcide,MASCULIN,Alcide PONGA,,177,,,,Groupe scolaire Saint-Michel 1,GROUPE SCOLAIRE SAINT MICHEL,0.824,Groupe scolaire de Saint-Joseph de Cluny,367 RUE CHARLES FRANCOIS BEAUTEMPS BEAUPRE,ENSEIGNEMENT ET FORMATION,Enseignement du premier degré,Groupe scolaire,166.499920849353,-22.2240498676639,etablissements_publics_nc,24,1704,La Conception
legislatives_2024,1,988,98817,Le Mont-Dore,MONTDORE,0012,818,498,320,490,7,1,7,HOR,POADJA,Gérard,MASCULIN,Gérard POADJA,,37,,,,Groupe scolaire Saint-Michel 1,GROUPE SCOLAIRE SAINT MICHEL,0.824,Groupe scolaire de Saint-Joseph de Cluny,367 RUE CHARLES FRANCOIS BEAUTEMPS BEAUPRE,ENSEIGNEMENT ET FORMATION,Enseignement du premier degré,Groupe scolaire,166.499920849353,-22.2240498676639,etablissements_publics_nc,24,1704,La Conception
legislatives_2024,1,988,98817,Le Mont-Dore,MONTDORE,0013,579,344,235,338,4,2,1,DVG,TUKUMULI,Milakulo,MASCULIN,Milakulo TUKUMULI,,84,,,,École maternelle Les Fougères,ECOLE MATERNELLE FOUGERES,0.69,Ecole primaire de l'Ile-Ouen,,ENSEIGNEMENT ET FORMATION,Enseignement du premier degré,Ecole primaire,166.841440737558,-22.4256696418669,etablissements_publics_nc,35,1715,Mouirange - Grand Sud - Ile Ouen
legislatives_2024,1,988,98817,Le Mont-Dore,MONTDORE,0013,579,344,235,338,4,2,2,REG,TJIBAOU,Emmanuel,MASCULIN,Emmanuel TJIBAOU,,84,,,,École maternelle Les Fougères,ECOLE MATERNELLE FOUGERES,0.69,Ecole primaire de l'Ile-Ouen,,ENSEIGNEMENT ET FORMATION,Enseignement du premier degré,Ecole primaire,166.841440737558,-22.4256696418669,etablissements_publics_nc,35,1715,Mouirange - Grand Sud - Ile Ouen
legislatives_2024,1,988,98817,Le Mont-Dore,MONTDORE,0013,579,344,235,338,4,2,3,REG,FRERE,Ronald,MASCULIN,Ronald FRERE,,8,,,,École maternelle Les Fougères,ECOLE MATERNELLE FOUGERES,0.69,Ecole primaire de l'Ile-Ouen,,ENSEIGNEMENT ET FORMATION,Enseignement du premier degré,Ecole primaire,166.841440737558,-22.4256696418669,etablissements_publics_nc,35,1715,Mouirange - Grand Sud - Ile Ouen
legislatives_2024,1,988,98817,Le Mont-Dore,MONTDORE,0013,579,344,235,338,4,2,4,REG,VOUDJO,Luther,MASCULIN,Luther VOUDJO,,5,,,,École maternelle Les Fougères,ECOLE MATERNELLE FOUGERES,0.69,Ecole primaire de l'Ile-Ouen,,ENSEIGNEMENT ET FORMATION,Enseignement du premier degré,Ecole primaire,166.841440737558,-22.4256696418669,etablissements_publics_nc,35,1715,Mouirange - Grand Sud - Ile Ouen
legislatives_2024,1,988,98817,Le Mont-Dore,MONTDORE,0013,579,344,235,338,4,2,6,DVD,PONGA,Alcide,MASCULIN,Alcide PONGA,,131,,,,École maternelle Les Fougères,ECOLE MATERNELLE FOUGERES,0.69,Ecole primaire de l'Ile-Ouen,,ENSEIGNEMENT ET FORMATION,Enseignement du premier degré,Ecole primaire,166.841440737558,-22.4256696418669,etablissements_publics_nc,35,1715,Mouirange - Grand Sud - Ile Ouen
legislatives_2024,1,988,98817,Le Mont-Dore,MONTDORE,0013,579,344,235,338,4,2,7,HOR,POADJA,Gérard,MASCULIN,Gérard POADJA,,26,,,,École maternelle Les Fougères,ECOLE MATERNELLE FOUGERES,0.69,Ecole primaire de l'Ile-Ouen,,ENSEIGNEMENT ET FORMATION,Enseignement du premier degré,Ecole primaire,166.841440737558,-22.4256696418669,etablissements_publics_nc,35,1715,Mouirange - Grand Sud - Ile Ouen
legislatives_2024,1,988,98817,Le Mont-Dore,MONTDORE,0014,1092,626,466,608,16,2,1,DVG,TUKUMULI,Milakulo,MASCULIN,Milakulo TUKUMULI,,53,,,,École maternelle Les Dauphins,ECOLE MATERNELLE DAUPHINS,0.741,Ecole maternelle les Dauphins,1724 LA CORNICHE DU MONT DORE,ENSEIGNEMENT ET FORMATION,Enseignement du premier degré,Ecole pré-élémentaire,166.57252708408,-22.2768294716869,etablissements_publics_nc,32,1712,Vallon Dore
legislatives_2024,1,988,98817,Le Mont-Dore,MONTDORE,0014,1092,626,466,608,16,2,2,REG,TJIBAOU,Emmanuel,MASCULIN,Emmanuel TJIBAOU,,104,,,,École maternelle Les Dauphins,ECOLE MATERNELLE DAUPHINS,0.741,Ecole maternelle les Dauphins,1724 LA CORNICHE DU MONT DORE,ENSEIGNEMENT ET FORMATION,Enseignement du premier degré,Ecole pré-élémentaire,166.57252708408,-22.2768294716869,etablissements_publics_nc,32,1712,Vallon Dore
legislatives_2024,1,988,98817,Le Mont-Dore,MONTDORE,0014,1092,626,466,608,16,2,3,REG,FRERE,Ronald,MASCULIN,Ronald FRERE,,10,,,,École maternelle Les Dauphins,ECOLE MATERNELLE DAUPHINS,0.741,Ecole maternelle les Dauphins,1724 LA CORNICHE DU MONT DORE,ENSEIGNEMENT ET FORMATION,Enseignement du premier degré,Ecole pré-élémentaire,166.57252708408,-22.2768294716869,etablissements_publics_nc,32,1712,Vallon Dore
legislatives_2024,1,988,98817,Le Mont-Dore,MONTDORE,0014,1092,626,466,608,16,2,4,REG,VOUDJO,Luther,MASCULIN,Luther VOUDJO,,4,,,,École maternelle Les Dauphins,ECOLE MATERNELLE DAUPHINS,0.741,Ecole maternelle les Dauphins,1724 LA CORNICHE DU MONT DORE,ENSEIGNEMENT ET FORMATION,Enseignement du premier degré,Ecole pré-élémentaire,166.57252708408,-22.2768294716869,etablissements_publics_nc,32,1712,Vallon Dore
legislatives_2024,1,988,98817,Le Mont-Dore,MONTDORE,0014,1092,626,466,608,16,2,6,DVD,PONGA,Alcide,MASCULIN,Alcide PONGA,,393,,,,École maternelle Les Dauphins,ECOLE MATERNELLE DAUPHINS,0.741,Ecole maternelle les Dauphins,1724 LA CORNICHE DU MONT DORE,ENSEIGNEMENT ET FORMATION,Enseignement du premier degré,Ecole pré-élémentaire,166.57252708408,-22.2768294716869,etablissements_publics_nc,32,1712,Vallon Dore
legislatives_2024,1,988,98817,Le Mont-Dore,MONTDORE,0014,1092,626,466,608,16,2,7,HOR,POADJA,Gérard,MASCULIN,Gérard POADJA,,44,,,,École maternelle Les Dauphins,ECOLE MATERNELLE DAUPHINS,0.741,Ecole maternelle les Dauphins,1724 LA CORNICHE DU MONT DORE,ENSEIGNEMENT ET FORMATION,Enseignement du premier degré,Ecole pré-élémentaire,166.57252708408,-22.2768294716869,etablissements_publics_nc,32,1712,Vallon Dore
legislatives_2024,1,988,98817,Le Mont-Dore,MONTDORE,0015,1281,702,579,676,8,18,1,DVG,TUKUMULI,Milakulo,MASCULIN,Milakulo TUKUMULI,,95,,,,École maternelle Les Coccinelles,ECOLE MATERNELLE COCCINELLES,0.771,Ecole maternelle Les Coccinelles,2299 ROUTE DU VALLON DORE,ENSEIGNEMENT ET FORMATION,Enseignement du premier degré,Ecole pré-élémentaire,166.56758162382,-22.2502864537601,etablissements_publics_nc,31,1711,La Coulée Sud
legislatives_2024,1,988,98817,Le Mont-Dore,MONTDORE,0015,1281,702,579,676,8,18,2,REG,TJIBAOU,Emmanuel,MASCULIN,Emmanuel TJIBAOU,,219,,,,École maternelle Les Coccinelles,ECOLE MATERNELLE COCCINELLES,0.771,Ecole maternelle Les Coccinelles,2299 ROUTE DU VALLON DORE,ENSEIGNEMENT ET FORMATION,Enseignement du premier degré,Ecole pré-élémentaire,166.56758162382,-22.2502864537601,etablissements_publics_nc,31,1711,La Coulée Sud
legislatives_2024,1,988,98817,Le Mont-Dore,MONTDORE,0015,1281,702,579,676,8,18,3,REG,FRERE,Ronald,MASCULIN,Ronald FRERE,,14,,,,École maternelle Les Coccinelles,ECOLE MATERNELLE COCCINELLES,0.771,Ecole maternelle Les Coccinelles,2299 ROUTE DU VALLON DORE,ENSEIGNEMENT ET FORMATION,Enseignement du premier degré,Ecole pré-élémentaire,166.56758162382,-22.2502864537601,etablissements_publics_nc,31,1711,La Coulée Sud
legislatives_2024,1,988,98817,Le Mont-Dore,MONTDORE,0015,1281,702,579,676,8,18,4,REG,VOUDJO,Luther,MASCULIN,Luther VOUDJO,,17,,,,École maternelle Les Coccinelles,ECOLE MATERNELLE COCCINELLES,0.771,Ecole maternelle Les Coccinelles,2299 ROUTE DU VALLON DORE,ENSEIGNEMENT ET FORMATION,Enseignement du premier degré,Ecole pré-élémentaire,166.56758162382,-22.2502864537601,etablissements_publics_nc,31,1711,La Coulée Sud
legislatives_2024,1,988,98817,Le Mont-Dore,MONTDORE,0015,1281,702,579,676,8,18,6,DVD,PONGA,Alcide,MASCULIN,Alcide PONGA,,272,,,,École maternelle Les Coccinelles,ECOLE MATERNELLE COCCINELLES,0.771,Ecole maternelle Les Coccinelles,2299 ROUTE DU VALLON DORE,ENSEIGNEMENT ET FORMATION,Enseignement du premier degré,Ecole pré-élémentaire,166.56758162382,-22.2502864537601,etablissements_publics_nc,31,1711,La Coulée Sud
legislatives_2024,1,988,98817,Le Mont-Dore,MONTDORE,0015,1281,702,579,676,8,18,7,HOR,POADJA,Gérard,MASCULIN,Gérard POADJA,,59,,,,École maternelle Les Coccinelles,ECOLE MATERNELLE COCCINELLES,0.771,Ecole maternelle Les Coccinelles,2299 ROUTE DU VALLON DORE,ENSEIGNEMENT ET FORMATION,Enseignement du premier degré,Ecole pré-élémentaire,166.56758162382,-22.2502864537601,etablissements_publics_nc,31,1711,La Coulée Sud
legislatives_2024,1,988,98817,Le Mont-Dore,MONTDORE,0016,1128,718,410,705,5,8,1,DVG,TUKUMULI,Milakulo,MASCULIN,Milakulo TUKUMULI,,170,,,,École Saint-Joseph de CLUNY,ECOLE SAINT JOSEPH CLUNY,0.83,Communauté Saint Joseph de CLUNY,483 RUE CHARLES FRANCOIS BEAUTEMPS BEAUPRE,CULTE,Culte,Chapelle paroisse et centre religieux,166.499920601202,-22.2239776205159,etablissements_publics_nc,24,1704,La Conception
legislatives_2024,1,988,98817,Le Mont-Dore,MONTDORE,0016,1128,718,410,705,5,8,2,REG,TJIBAOU,Emmanuel,MASCULIN,Emmanuel TJIBAOU,,263,,,,École Saint-Joseph de CLUNY,ECOLE SAINT JOSEPH CLUNY,0.83,Communauté Saint Joseph de CLUNY,483 RUE CHARLES FRANCOIS BEAUTEMPS BEAUPRE,CULTE,Culte,Chapelle paroisse et centre religieux,166.499920601202,-22.2239776205159,etablissements_publics_nc,24,1704,La Conception
legislatives_2024,1,988,98817,Le Mont-Dore,MONTDORE,0016,1128,718,410,705,5,8,3,REG,FRERE,Ronald,MASCULIN,Ronald FRERE,,5,,,,École Saint-Joseph de CLUNY,ECOLE SAINT JOSEPH CLUNY,0.83,Communauté Saint Joseph de CLUNY,483 RUE CHARLES FRANCOIS BEAUTEMPS BEAUPRE,CULTE,Culte,Chapelle paroisse et centre religieux,166.499920601202,-22.2239776205159,etablissements_publics_nc,24,1704,La Conception
legislatives_2024,1,988,98817,Le Mont-Dore,MONTDORE,0016,1128,718,410,705,5,8,4,REG,VOUDJO,Luther,MASCULIN,Luther VOUDJO,,7,,,,École Saint-Joseph de CLUNY,ECOLE SAINT JOSEPH CLUNY,0.83,Communauté Saint Joseph de CLUNY,483 RUE CHARLES FRANCOIS BEAUTEMPS BEAUPRE,CULTE,Culte,Chapelle paroisse et centre religieux,166.499920601202,-22.2239776205159,etablissements_publics_nc,24,1704,La Conception
legislatives_2024,1,988,98817,Le Mont-Dore,MONTDORE,0016,1128,718,410,705,5,8,6,DVD,PONGA,Alcide,MASCULIN,Alcide PONGA,,218,,,,École Saint-Joseph de CLUNY,ECOLE SAINT JOSEPH CLUNY,0.83,Communauté Saint Joseph de CLUNY,483 RUE CHARLES FRANCOIS BEAUTEMPS BEAUPRE,CULTE,Culte,Chapelle paroisse et centre religieux,166.499920601202,-22.2239776205159,etablissements_publics_nc,24,1704,La Conception
legislatives_2024,1,988,98817,Le Mont-Dore,MONTDORE,0016,1128,718,410,705,5,8,7,HOR,POADJA,Gérard,MASCULIN,Gérard POADJA,,42,,,,École Saint-Joseph de CLUNY,ECOLE SAINT JOSEPH CLUNY,0.83,Communauté Saint Joseph de CLUNY,483 RUE CHARLES FRANCOIS BEAUTEMPS BEAUPRE,CULTE,Culte,Chapelle paroisse et centre religieux,166.499920601202,-22.2239776205159,etablissements_publics_nc,24,1704,La Conception
legislatives_2024,1,988,98817,Le Mont-Dore,MONTDORE,0017,948,616,332,592,23,1,1,DVG,TUKUMULI,Milakulo,MASCULIN,Milakulo TUKUMULI,,135,,,,École primaire Louis Henri GALINIE 2,ECOLE PRIMAIRE LOUIS HENRI GALINIE,0.923,Ecole primaire Louis Henri Galinié,1133 RUE DES TROIS BANIANS,ENSEIGNEMENT ET FORMATION,Enseignement du premier degré,Ecole élémentaire,166.512755378687,-22.2163077194956,etablissements_publics_nc,25,1705,Robinson Nord
legislatives_2024,1,988,98817,Le Mont-Dore,MONTDORE,0017,948,616,332,592,23,1,2,REG,TJIBAOU,Emmanuel,MASCULIN,Emmanuel TJIBAOU,,92,,,,École primaire Louis Henri GALINIE 2,ECOLE PRIMAIRE LOUIS HENRI GALINIE,0.923,Ecole primaire Louis Henri Galinié,1133 RUE DES TROIS BANIANS,ENSEIGNEMENT ET FORMATION,Enseignement du premier degré,Ecole élémentaire,166.512755378687,-22.2163077194956,etablissements_publics_nc,25,1705,Robinson Nord
legislatives_2024,1,988,98817,Le Mont-Dore,MONTDORE,0017,948,616,332,592,23,1,3,REG,FRERE,Ronald,MASCULIN,Ronald FRERE,,6,,,,École primaire Louis Henri GALINIE 2,ECOLE PRIMAIRE LOUIS HENRI GALINIE,0.923,Ecole primaire Louis Henri Galinié,1133 RUE DES TROIS BANIANS,ENSEIGNEMENT ET FORMATION,Enseignement du premier degré,Ecole élémentaire,166.512755378687,-22.2163077194956,etablissements_publics_nc,25,1705,Robinson Nord
legislatives_2024,1,988,98817,Le Mont-Dore,MONTDORE,0017,948,616,332,592,23,1,4,REG,VOUDJO,Luther,MASCULIN,Luther VOUDJO,,7,,,,École primaire Louis Henri GALINIE 2,ECOLE PRIMAIRE LOUIS HENRI GALINIE,0.923,Ecole primaire Louis Henri Galinié,1133 RUE DES TROIS BANIANS,ENSEIGNEMENT ET FORMATION,Enseignement du premier degré,Ecole élémentaire,166.512755378687,-22.2163077194956,etablissements_publics_nc,25,1705,Robinson Nord
legislatives_2024,1,988,98817,Le Mont-Dore,MONTDORE,0017,948,616,332,592,23,1,6,DVD,PONGA,Alcide,MASCULIN,Alcide PONGA,,302,,,,École primaire Louis Henri GALINIE 2,ECOLE PRIMAIRE LOUIS HENRI GALINIE,0.923,Ecole primaire Louis Henri Galinié,1133 RUE DES TROIS BANIANS,ENSEIGNEMENT ET FORMATION,Enseignement du premier degré,Ecole élémentaire,166.512755378687,-22.2163077194956,etablissements_publics_nc,25,1705,Robinson Nord
legislatives_2024,1,988,98817,Le Mont-Dore,MONTDORE,0017,948,616,332,592,23,1,7,HOR,POADJA,Gérard,MASCULIN,Gérard POADJA,,50,,,,École primaire Louis Henri GALINIE 2,ECOLE PRIMAIRE LOUIS HENRI GALINIE,0.923,Ecole primaire Louis Henri Galinié,1133 RUE DES TROIS BANIANS,ENSEIGNEMENT ET FORMATION,Enseignement du premier degré,Ecole élémentaire,166.512755378687,-22.2163077194956,etablissements_publics_nc,25,1705,Robinson Nord
legislatives_2024,1,988,98817,Le Mont-Dore,MONTDORE,0018,1078,693,385,677,12,4,1,DVG,TUKUMULI,Milakulo,MASCULIN,Milakulo TUKUMULI,,107,,,,Groupe scolaire de Boulari 3,GROUPE SCOLAIRE BOULARI,1,Groupe scolaire de Boulari,154 RUE ANTOINE GRISCELLI,ENSEIGNEMENT ET FORMATION,Enseignement du premier degré,Groupe scolaire,166.520855451452,-22.2274992832452,etablissements_publics_nc,27,1707,Boulari
legislatives_2024,1,988,98817,Le Mont-Dore,MONTDORE,0018,1078,693,385,677,12,4,2,REG,TJIBAOU,Emmanuel,MASCULIN,Emmanuel TJIBAOU,,125,,,,Groupe scolaire de Boulari 3,GROUPE SCOLAIRE BOULARI,1,Groupe scolaire de Boulari,154 RUE ANTOINE GRISCELLI,ENSEIGNEMENT ET FORMATION,Enseignement du premier degré,Groupe scolaire,166.520855451452,-22.2274992832452,etablissements_publics_nc,27,1707,Boulari
legislatives_2024,1,988,98817,Le Mont-Dore,MONTDORE,0018,1078,693,385,677,12,4,3,REG,FRERE,Ronald,MASCULIN,Ronald FRERE,,2,,,,Groupe scolaire de Boulari 3,GROUPE SCOLAIRE BOULARI,1,Groupe scolaire de Boulari,154 RUE ANTOINE GRISCELLI,ENSEIGNEMENT ET FORMATION,Enseignement du premier degré,Groupe scolaire,166.520855451452,-22.2274992832452,etablissements_publics_nc,27,1707,Boulari
legislatives_2024,1,988,98817,Le Mont-Dore,MONTDORE,0018,1078,693,385,677,12,4,4,REG,VOUDJO,Luther,MASCULIN,Luther VOUDJO,,8,,,,Groupe scolaire de Boulari 3,GROUPE SCOLAIRE BOULARI,1,Groupe scolaire de Boulari,154 RUE ANTOINE GRISCELLI,ENSEIGNEMENT ET FORMATION,Enseignement du premier degré,Groupe scolaire,166.520855451452,-22.2274992832452,etablissements_publics_nc,27,1707,Boulari
legislatives_2024,1,988,98817,Le Mont-Dore,MONTDORE,0018,1078,693,385,677,12,4,6,DVD,PONGA,Alcide,MASCULIN,Alcide PONGA,,368,,,,Groupe scolaire de Boulari 3,GROUPE SCOLAIRE BOULARI,1,Groupe scolaire de Boulari,154 RUE ANTOINE GRISCELLI,ENSEIGNEMENT ET FORMATION,Enseignement du premier degré,Groupe scolaire,166.520855451452,-22.2274992832452,etablissements_publics_nc,27,1707,Boulari
legislatives_2024,1,988,98817,Le Mont-Dore,MONTDORE,0018,1078,693,385,677,12,4,7,HOR,POADJA,Gérard,MASCULIN,Gérard POADJA,,67,,,,Groupe scolaire de Boulari 3,GROUPE SCOLAIRE BOULARI,1,Groupe scolaire de Boulari,154 RUE ANTOINE GRISCELLI,ENSEIGNEMENT ET FORMATION,Enseignement du premier degré,Groupe scolaire,166.520855451452,-22.2274992832452,etablissements_publics_nc,27,1707,Boulari
legislatives_2024,1,988,98817,Le Mont-Dore,MONTDORE,0019,720,451,269,435,10,6,1,DVG,TUKUMULI,Milakulo,MASCULIN,Milakulo TUKUMULI,,87,,,,Groupe scolaire de Saint-Michel 2,GROUPE SCOLAIRE SAINT MICHEL,0.824,Groupe scolaire de Saint-Joseph de Cluny,367 RUE CHARLES FRANCOIS BEAUTEMPS BEAUPRE,ENSEIGNEMENT ET FORMATION,Enseignement du premier degré,Groupe scolaire,166.499920849353,-22.2240498676639,etablissements_publics_nc,24,1704,La Conception
legislatives_2024,1,988,98817,Le Mont-Dore,MONTDORE,0019,720,451,269,435,10,6,2,REG,TJIBAOU,Emmanuel,MASCULIN,Emmanuel TJIBAOU,,41,,,,Groupe scolaire de Saint-Michel 2,GROUPE SCOLAIRE SAINT MICHEL,0.824,Groupe scolaire de Saint-Joseph de Cluny,367 RUE CHARLES FRANCOIS BEAUTEMPS BEAUPRE,ENSEIGNEMENT ET FORMATION,Enseignement du premier degré,Groupe scolaire,166.499920849353,-22.2240498676639,etablissements_publics_nc,24,1704,La Conception
legislatives_2024,1,988,98817,Le Mont-Dore,MONTDORE,0019,720,451,269,435,10,6,3,REG,FRERE,Ronald,MASCULIN,Ronald FRERE,,6,,,,Groupe scolaire de Saint-Michel 2,GROUPE SCOLAIRE SAINT MICHEL,0.824,Groupe scolaire de Saint-Joseph de Cluny,367 RUE CHARLES FRANCOIS BEAUTEMPS BEAUPRE,ENSEIGNEMENT ET FORMATION,Enseignement du premier degré,Groupe scolaire,166.499920849353,-22.2240498676639,etablissements_publics_nc,24,1704,La Conception
legislatives_2024,1,988,98817,Le Mont-Dore,MONTDORE,0019,720,451,269,435,10,6,4,REG,VOUDJO,Luther,MASCULIN,Luther VOUDJO,,1,,,,Groupe scolaire de Saint-Michel 2,GROUPE SCOLAIRE SAINT MICHEL,0.824,Groupe scolaire de Saint-Joseph de Cluny,367 RUE CHARLES FRANCOIS BEAUTEMPS BEAUPRE,ENSEIGNEMENT ET FORMATION,Enseignement du premier degré,Groupe scolaire,166.499920849353,-22.2240498676639,etablissements_publics_nc,24,1704,La Conception
legislatives_2024,1,988,98817,Le Mont-Dore,MONTDORE,0019,720,451,269,435,10,6,6,DVD,PONGA,Alcide,MASCULIN,Alcide PONGA,,265,,,,Groupe scolaire de Saint-Michel 2,GROUPE SCOLAIRE SAINT MICHEL,0.824,Groupe scolaire de Saint-Joseph de Cluny,367 RUE CHARLES FRANCOIS BEAUTEMPS BEAUPRE,ENSEIGNEMENT ET FORMATION,Enseignement du premier degré,Groupe scolaire,166.499920849353,-22.2240498676639,etablissements_publics_nc,24,1704,La Conception
legislatives_2024,1,988,98817,Le Mont-Dore,MONTDORE,0019,720,451,269,435,10,6,7,HOR,POADJA,Gérard,MASCULIN,Gérard POADJA,,35,,,,Groupe scolaire de Saint-Michel 2,GROUPE SCOLAIRE SAINT MICHEL,0.824,Groupe scolaire de Saint-Joseph de Cluny,367 RUE CHARLES FRANCOIS BEAUTEMPS BEAUPRE,ENSEIGNEMENT ET FORMATION,Enseignement du premier degré,Groupe scolaire,166.499920849353,-22.2240498676639,etablissements_publics_nc,24,1704,La Conception
legislatives_2024,1,988,98817,Le Mont-Dore,MONTDORE,0020,893,371,522,357,11,3,1,DVG,TUKUMULI,Milakulo,MASCULIN,Milakulo TUKUMULI,,40,,,,Groupe scolaire de Plum,GROUPE SCOLAIRE PLUM,0.86,Groupe scolaire de Yahoué,264 RUE DES OPUI,ENSEIGNEMENT ET FORMATION,Enseignement du premier degré,Groupe scolaire,166.489906860567,-22.2084828348965,etablissements_publics_nc,22,1702,Yahoué Sud
legislatives_2024,1,988,98817,Le Mont-Dore,MONTDORE,0020,893,371,522,357,11,3,2,REG,TJIBAOU,Emmanuel,MASCULIN,Emmanuel TJIBAOU,,70,,,,Groupe scolaire de Plum,GROUPE SCOLAIRE PLUM,0.86,Groupe scolaire de Yahoué,264 RUE DES OPUI,ENSEIGNEMENT ET FORMATION,Enseignement du premier degré,Groupe scolaire,166.489906860567,-22.2084828348965,etablissements_publics_nc,22,1702,Yahoué Sud
legislatives_2024,1,988,98817,Le Mont-Dore,MONTDORE,0020,893,371,522,357,11,3,3,REG,FRERE,Ronald,MASCULIN,Ronald FRERE,,10,,,,Groupe scolaire de Plum,GROUPE SCOLAIRE PLUM,0.86,Groupe scolaire de Yahoué,264 RUE DES OPUI,ENSEIGNEMENT ET FORMATION,Enseignement du premier degré,Groupe scolaire,166.489906860567,-22.2084828348965,etablissements_publics_nc,22,1702,Yahoué Sud
legislatives_2024,1,988,98817,Le Mont-Dore,MONTDORE,0020,893,371,522,357,11,3,4,REG,VOUDJO,Luther,MASCULIN,Luther VOUDJO,,6,,,,Groupe scolaire de Plum,GROUPE SCOLAIRE PLUM,0.86,Groupe scolaire de Yahoué,264 RUE DES OPUI,ENSEIGNEMENT ET FORMATION,Enseignement du premier degré,Groupe scolaire,166.489906860567,-22.2084828348965,etablissements_publics_nc,22,1702,Yahoué Sud
legislatives_2024,1,988,98817,Le Mont-Dore,MONTDORE,0020,893,371,522,357,11,3,6,DVD,PONGA,Alcide,MASCULIN,Alcide PONGA,,209,,,,Groupe scolaire de Plum,GROUPE SCOLAIRE PLUM,0.86,Groupe scolaire de Yahoué,264 RUE DES OPUI,ENSEIGNEMENT ET FORMATION,Enseignement du premier degré,Groupe scolaire,166.489906860567,-22.2084828348965,etablissements_publics_nc,22,1702,Yahoué Sud
legislatives_2024,1,988,98817,Le Mont-Dore,MONTDORE,0020,893,371,522,357,11,3,7,HOR,POADJA,Gérard,MASCULIN,Gérard POADJA,,22,,,,Groupe scolaire de Plum,GROUPE SCOLAIRE PLUM,0.86,Groupe scolaire de Yahoué,264 RUE DES OPUI,ENSEIGNEMENT ET FORMATION,Enseignement du premier degré,Groupe scolaire,166.489906860567,-22.2084828348965,etablissements_publics_nc,22,1702,Yahoué Sud
legislatives_2024,1,988,98817,Le Mont-Dore,MONTDORE,0021,718,322,396,312,8,2,1,DVG,TUKUMULI,Milakulo,MASCULIN,Milakulo TUKUMULI,,27,,,,École La Rizière 3,ECOLE RIZIERE,0.734,Ecole primaire La Rizière,89 RUE DU VIEUX PONT,ENSEIGNEMENT ET FORMATION,Enseignement du premier degré,Ecole élémentaire,166.573975497183,-22.2332233282141,etablissements_publics_nc,30,1710,La Coulée Nord
legislatives_2024,1,988,98817,Le Mont-Dore,MONTDORE,0021,718,322,396,312,8,2,2,REG,TJIBAOU,Emmanuel,MASCULIN,Emmanuel TJIBAOU,,88,,,,École La Rizière 3,ECOLE RIZIERE,0.734,Ecole primaire La Rizière,89 RUE DU VIEUX PONT,ENSEIGNEMENT ET FORMATION,Enseignement du premier degré,Ecole élémentaire,166.573975497183,-22.2332233282141,etablissements_publics_nc,30,1710,La Coulée Nord
legislatives_2024,1,988,98817,Le Mont-Dore,MONTDORE,0021,718,322,396,312,8,2,3,REG,FRERE,Ronald,MASCULIN,Ronald FRERE,,11,,,,École La Rizière 3,ECOLE RIZIERE,0.734,Ecole primaire La Rizière,89 RUE DU VIEUX PONT,ENSEIGNEMENT ET FORMATION,Enseignement du premier degré,Ecole élémentaire,166.573975497183,-22.2332233282141,etablissements_publics_nc,30,1710,La Coulée Nord
legislatives_2024,1,988,98817,Le Mont-Dore,MONTDORE,0021,718,322,396,312,8,2,4,REG,VOUDJO,Luther,MASCULIN,Luther VOUDJO,,4,,,,École La Rizière 3,ECOLE RIZIERE,0.734,Ecole primaire La Rizière,89 RUE DU VIEUX PONT,ENSEIGNEMENT ET FORMATION,Enseignement du premier degré,Ecole élémentaire,166.573975497183,-22.2332233282141,etablissements_publics_nc,30,1710,La Coulée Nord
legislatives_2024,1,988,98817,Le Mont-Dore,MONTDORE,0021,718,322,396,312,8,2,6,DVD,PONGA,Alcide,MASCULIN,Alcide PONGA,,160,,,,École La Rizière 3,ECOLE RIZIERE,0.734,Ecole primaire La Rizière,89 RUE DU VIEUX PONT,ENSEIGNEMENT ET FORMATION,Enseignement du premier degré,Ecole élémentaire,166.573975497183,-22.2332233282141,etablissements_publics_nc,30,1710,La Coulée Nord
legislatives_2024,1,988,98817,Le Mont-Dore,MONTDORE,0021,718,322,396,312,8,2,7,HOR,POADJA,Gérard,MASCULIN,Gérard POADJA,,22,,,,École La Rizière 3,ECOLE RIZIERE,0.734,Ecole primaire La Rizière,89 RUE DU VIEUX PONT,ENSEIGNEMENT ET FORMATION,Enseignement du premier degré,Ecole élémentaire,166.573975497183,-22.2332233282141,etablissements_publics_nc,30,1710,La Coulée Nord
legislatives_2024,1,988,98817,Le Mont-Dore,MONTDORE,0022,898,483,415,470,8,5,1,DVG,TUKUMULI,Milakulo,MASCULIN,Milakulo TUKUMULI,,62,,,,École de la Briqueterie 1,ECOLE BRIQUETERIE,0.756,Groupe scolaire La Briquetterie,297 RUE DES ROSEAUX,ENSEIGNEMENT ET FORMATION,Enseignement du premier degré,Groupe scolaire,166.566445622614,-22.2625090934915,etablissements_publics_nc,32,1712,Vallon Dore
legislatives_2024,1,988,98817,Le Mont-Dore,MONTDORE,0022,898,483,415,470,8,5,2,REG,TJIBAOU,Emmanuel,MASCULIN,Emmanuel TJIBAOU,,127,,,,École de la Briqueterie 1,ECOLE BRIQUETERIE,0.756,Groupe scolaire La Briquetterie,297 RUE DES ROSEAUX,ENSEIGNEMENT ET FORMATION,Enseignement du premier degré,Groupe scolaire,166.566445622614,-22.2625090934915,etablissements_publics_nc,32,1712,Vallon Dore
legislatives_2024,1,988,98817,Le Mont-Dore,MONTDORE,0022,898,483,415,470,8,5,3,REG,FRERE,Ronald,MASCULIN,Ronald FRERE,,6,,,,École de la Briqueterie 1,ECOLE BRIQUETERIE,0.756,Groupe scolaire La Briquetterie,297 RUE DES ROSEAUX,ENSEIGNEMENT ET FORMATION,Enseignement du premier degré,Groupe scolaire,166.566445622614,-22.2625090934915,etablissements_publics_nc,32,1712,Vallon Dore
legislatives_2024,1,988,98817,Le Mont-Dore,MONTDORE,0022,898,483,415,470,8,5,4,REG,VOUDJO,Luther,MASCULIN,Luther VOUDJO,,7,,,,École de la Briqueterie 1,ECOLE BRIQUETERIE,0.756,Groupe scolaire La Briquetterie,297 RUE DES ROSEAUX,ENSEIGNEMENT ET FORMATION,Enseignement du premier degré,Groupe scolaire,166.566445622614,-22.2625090934915,etablissements_publics_nc,32,1712,Vallon Dore
legislatives_2024,1,988,98817,Le Mont-Dore,MONTDORE,0022,898,483,415,470,8,5,6,DVD,PONGA,Alcide,MASCULIN,Alcide PONGA,,239,,,,École de la Briqueterie 1,ECOLE BRIQUETERIE,0.756,Groupe scolaire La Briquetterie,297 RUE DES ROSEAUX,ENSEIGNEMENT ET FORMATION,Enseignement du premier degré,Groupe scolaire,166.566445622614,-22.2625090934915,etablissements_publics_nc,32,1712,Vallon Dore
legislatives_2024,1,988,98817,Le Mont-Dore,MONTDORE,0022,898,483,415,470,8,5,7,HOR,POADJA,Gérard,MASCULIN,Gérard POADJA,,29,,,,École de la Briqueterie 1,ECOLE BRIQUETERIE,0.756,Groupe scolaire La Briquetterie,297 RUE DES ROSEAUX,ENSEIGNEMENT ET FORMATION,Enseignement du premier degré,Groupe scolaire,166.566445622614,-22.2625090934915,etablissements_publics_nc,32,1712,Vallon Dore
legislatives_2024,1,988,98817,Le Mont-Dore,MONTDORE,0023,850,457,393,443,9,5,1,DVG,TUKUMULI,Milakulo,MASCULIN,Milakulo TUKUMULI,,43,,,,École de la Briqueterie 2,ECOLE BRIQUETERIE,0.756,Groupe scolaire La Briquetterie,297 RUE DES ROSEAUX,ENSEIGNEMENT ET FORMATION,Enseignement du premier degré,Groupe scolaire,166.566445622614,-22.2625090934915,etablissements_publics_nc,32,1712,Vallon Dore
legislatives_2024,1,988,98817,Le Mont-Dore,MONTDORE,0023,850,457,393,443,9,5,2,REG,TJIBAOU,Emmanuel,MASCULIN,Emmanuel TJIBAOU,,55,,,,École de la Briqueterie 2,ECOLE BRIQUETERIE,0.756,Groupe scolaire La Briquetterie,297 RUE DES ROSEAUX,ENSEIGNEMENT ET FORMATION,Enseignement du premier degré,Groupe scolaire,166.566445622614,-22.2625090934915,etablissements_publics_nc,32,1712,Vallon Dore
legislatives_2024,1,988,98817,Le Mont-Dore,MONTDORE,0023,850,457,393,443,9,5,3,REG,FRERE,Ronald,MASCULIN,Ronald FRERE,,6,,,,École de la Briqueterie 2,ECOLE BRIQUETERIE,0.756,Groupe scolaire La Briquetterie,297 RUE DES ROSEAUX,ENSEIGNEMENT ET FORMATION,Enseignement du premier degré,Groupe scolaire,166.566445622614,-22.2625090934915,etablissements_publics_nc,32,1712,Vallon Dore
legislatives_2024,1,988,98817,Le Mont-Dore,MONTDORE,0023,850,457,393,443,9,5,4,REG,VOUDJO,Luther,MASCULIN,Luther VOUDJO,,9,,,,École de la Briqueterie 2,ECOLE BRIQUETERIE,0.756,Groupe scolaire La Briquetterie,297 RUE DES ROSEAUX,ENSEIGNEMENT ET FORMATION,Enseignement du premier degré,Groupe scolaire,166.566445622614,-22.2625090934915,etablissements_publics_nc,32,1712,Vallon Dore
legislatives_2024,1,988,98817,Le Mont-Dore,MONTDORE,0023,850,457,393,443,9,5,6,DVD,PONGA,Alcide,MASCULIN,Alcide PONGA,,312,,,,École de la Briqueterie 2,ECOLE BRIQUETERIE,0.756,Groupe scolaire La Briquetterie,297 RUE DES ROSEAUX,ENSEIGNEMENT ET FORMATION,Enseignement du premier degré,Groupe scolaire,166.566445622614,-22.2625090934915,etablissements_publics_nc,32,1712,Vallon Dore
legislatives_2024,1,988,98817,Le Mont-Dore,MONTDORE,0023,850,457,393,443,9,5,7,HOR,POADJA,Gérard,MASCULIN,Gérard POADJA,,18,,,,École de la Briqueterie 2,ECOLE BRIQUETERIE,0.756,Groupe scolaire La Briquetterie,297 RUE DES ROSEAUX,ENSEIGNEMENT ET FORMATION,Enseignement du premier degré,Groupe scolaire,166.566445622614,-22.2625090934915,etablissements_publics_nc,32,1712,Vallon Dore
legislatives_2024,1,988,98817,Le Mont-Dore,MONTDORE,0024,674,354,320,346,5,3,1,DVG,TUKUMULI,Milakulo,MASCULIN,Milakulo TUKUMULI,,31,,,,Mairie 2,MAIRIE,0.98,Mairie du Mont-Dore,4468 AVENUE DES DEUX BAIES,ADMINISTRATION ET ORGANISME,Administrations des collectivités,Administration de la commune de Mont-Dore,166.523259425452,-22.2297495527098,etablissements_publics_nc,27,1707,Boulari
legislatives_2024,1,988,98817,Le Mont-Dore,MONTDORE,0024,674,354,320,346,5,3,2,REG,TJIBAOU,Emmanuel,MASCULIN,Emmanuel TJIBAOU,,46,,,,Mairie 2,MAIRIE,0.98,Mairie du Mont-Dore,4468 AVENUE DES DEUX BAIES,ADMINISTRATION ET ORGANISME,Administrations des collectivités,Administration de la commune de Mont-Dore,166.523259425452,-22.2297495527098,etablissements_publics_nc,27,1707,Boulari
legislatives_2024,1,988,98817,Le Mont-Dore,MONTDORE,0024,674,354,320,346,5,3,3,REG,FRERE,Ronald,MASCULIN,Ronald FRERE,,3,,,,Mairie 2,MAIRIE,0.98,Mairie du Mont-Dore,4468 AVENUE DES DEUX BAIES,ADMINISTRATION ET ORGANISME,Administrations des collectivités,Administration de la commune de Mont-Dore,166.523259425452,-22.2297495527098,etablissements_publics_nc,27,1707,Boulari
legislatives_2024,1,988,98817,Le Mont-Dore,MONTDORE,0024,674,354,320,346,5,3,4,REG,VOUDJO,Luther,MASCULIN,Luther VOUDJO,,4,,,,Mairie 2,MAIRIE,0.98,Mairie du Mont-Dore,4468 AVENUE DES DEUX BAIES,ADMINISTRATION ET ORGANISME,Administrations des collectivités,Administration de la commune de Mont-Dore,166.523259425452,-22.2297495527098,etablissements_publics_nc,27,1707,Boulari
legislatives_2024,1,988,98817,Le Mont-Dore,MONTDORE,0024,674,354,320,346,5,3,6,DVD,PONGA,Alcide,MASCULIN,Alcide PONGA,,233,,,,Mairie 2,MAIRIE,0.98,Mairie du Mont-Dore,4468 AVENUE DES DEUX BAIES,ADMINISTRATION ET ORGANISME,Administrations des collectivités,Administration de la commune de Mont-Dore,166.523259425452,-22.2297495527098,etablissements_publics_nc,27,1707,Boulari
legislatives_2024,1,988,98817,Le Mont-Dore,MONTDORE,0024,674,354,320,346,5,3,7,HOR,POADJA,Gérard,MASCULIN,Gérard POADJA,,29,,,,Mairie 2,MAIRIE,0.98,Mairie du Mont-Dore,4468 AVENUE DES DEUX BAIES,ADMINISTRATION ET ORGANISME,Administrations des collectivités,Administration de la commune de Mont-Dore,166.523259425452,-22.2297495527098,etablissements_publics_nc,27,1707,Boulari
legislatives_2024,1,988,98817,Le Mont-Dore,MONTDORE,0025,862,532,330,519,8,5,1,DVG,TUKUMULI,Milakulo,MASCULIN,Milakulo TUKUMULI,,117,,,,Groupe scolaire de Yahoué,GROUPE SCOLAIRE YAHOUE,1,Groupe scolaire de Yahoué,264 RUE DES OPUI,ENSEIGNEMENT ET FORMATION,Enseignement du premier degré,Groupe scolaire,166.489906860567,-22.2084828348965,etablissements_publics_nc,22,1702,Yahoué Sud
legislatives_2024,1,988,98817,Le Mont-Dore,MONTDORE,0025,862,532,330,519,8,5,2,REG,TJIBAOU,Emmanuel,MASCULIN,Emmanuel TJIBAOU,,121,,,,Groupe scolaire de Yahoué,GROUPE SCOLAIRE YAHOUE,1,Groupe scolaire de Yahoué,264 RUE DES OPUI,ENSEIGNEMENT ET FORMATION,Enseignement du premier degré,Groupe scolaire,166.489906860567,-22.2084828348965,etablissements_publics_nc,22,1702,Yahoué Sud
legislatives_2024,1,988,98817,Le Mont-Dore,MONTDORE,0025,862,532,330,519,8,5,3,REG,FRERE,Ronald,MASCULIN,Ronald FRERE,,6,,,,Groupe scolaire de Yahoué,GROUPE SCOLAIRE YAHOUE,1,Groupe scolaire de Yahoué,264 RUE DES OPUI,ENSEIGNEMENT ET FORMATION,Enseignement du premier degré,Groupe scolaire,166.489906860567,-22.2084828348965,etablissements_publics_nc,22,1702,Yahoué Sud
legislatives_2024,1,988,98817,Le Mont-Dore,MONTDORE,0025,862,532,330,519,8,5,4,REG,VOUDJO,Luther,MASCULIN,Luther VOUDJO,,10,,,,Groupe scolaire de Yahoué,GROUPE SCOLAIRE YAHOUE,1,Groupe scolaire de Yahoué,264 RUE DES OPUI,ENSEIGNEMENT ET FORMATION,Enseignement du premier degré,Groupe scolaire,166.489906860567,-22.2084828348965,etablissements_publics_nc,22,1702,Yahoué Sud
legislatives_2024,1,988,98817,Le Mont-Dore,MONTDORE,0025,862,532,330,519,8,5,6,DVD,PONGA,Alcide,MASCULIN,Alcide PONGA,,224,,,,Groupe scolaire de Yahoué,GROUPE SCOLAIRE YAHOUE,1,Groupe scolaire de Yahoué,264 RUE DES OPUI,ENSEIGNEMENT ET FORMATION,Enseignement du premier degré,Groupe scolaire,166.489906860567,-22.2084828348965,etablissements_publics_nc,22,1702,Yahoué Sud
legislatives_2024,1,988,98817,Le Mont-Dore,MONTDORE,0025,862,532,330,519,8,5,7,HOR,POADJA,Gérard,MASCULIN,Gérard POADJA,,41,,,,Groupe scolaire de Yahoué,GROUPE SCOLAIRE YAHOUE,1,Groupe scolaire de Yahoué,264 RUE DES OPUI,ENSEIGNEMENT ET FORMATION,Enseignement du premier degré,Groupe scolaire,166.489906860567,-22.2084828348965,etablissements_publics_nc,22,1702,Yahoué Sud
legislatives_2024,1,988,98818,Nouméa,NOUMEA,0001,2230,736,1494,723,8,5,1,HOR,DUNOYER,Philippe,MASCULIN,Philippe DUNOYER,,82,,,,Mairie 1,MAIRIE,0.93,Hôtel de Ville de Nouméa,16 RUE DU GENERAL MANGIN,ADMINISTRATION ET ORGANISME,Administrations des collectivités,Administration de la commune de Nouméa,166.439401925184,-22.2714056104229,etablissements_publics_nc,58,1822,Centre ville
legislatives_2024,1,988,98818,Nouméa,NOUMEA,0001,2230,736,1494,723,8,5,2,DVD,METZDORF,Nicolas,MASCULIN,Nicolas METZDORF,,314,,,,Mairie 1,MAIRIE,0.93,Hôtel de Ville de Nouméa,16 RUE DU GENERAL MANGIN,ADMINISTRATION ET ORGANISME,Administrations des collectivités,Administration de la commune de Nouméa,166.439401925184,-22.2714056104229,etablissements_publics_nc,58,1822,Centre ville
legislatives_2024,1,988,98818,Nouméa,NOUMEA,0001,2230,736,1494,723,8,5,3,REG,ANGEXETINE ÉP RAILATI,Juanita Ciane,FEMININ,Juanita Ciane ANGEXETINE ÉP RAILATI,,9,,,,Mairie 1,MAIRIE,0.93,Hôtel de Ville de Nouméa,16 RUE DU GENERAL MANGIN,ADMINISTRATION ET ORGANISME,Administrations des collectivités,Administration de la commune de Nouméa,166.439401925184,-22.2714056104229,etablissements_publics_nc,58,1822,Centre ville
legislatives_2024,1,988,98818,Nouméa,NOUMEA,0001,2230,736,1494,723,8,5,4,REG,NAISSELINE,Omayra Lisa Meun,FEMININ,Omayra Lisa Meun NAISSELINE,,173,,,,Mairie 1,MAIRIE,0.93,Hôtel de Ville de Nouméa,16 RUE DU GENERAL MANGIN,ADMINISTRATION ET ORGANISME,Administrations des collectivités,Administration de la commune de Nouméa,166.439401925184,-22.2714056104229,etablissements_publics_nc,58,1822,Centre ville
legislatives_2024,1,988,98818,Nouméa,NOUMEA,0001,2230,736,1494,723,8,5,5,REC,NASRI,Thomas,MASCULIN,Thomas NASRI,,3,,,,Mairie 1,MAIRIE,0.93,Hôtel de Ville de Nouméa,16 RUE DU GENERAL MANGIN,ADMINISTRATION ET ORGANISME,Administrations des collectivités,Administration de la commune de Nouméa,166.439401925184,-22.2714056104229,etablissements_publics_nc,58,1822,Centre ville
legislatives_2024,1,988,98818,Nouméa,NOUMEA,0001,2230,736,1494,723,8,5,6,DIV,MILLAR,Manuel,MASCULIN,Manuel MILLAR,,2,,,,Mairie 1,MAIRIE,0.93,Hôtel de Ville de Nouméa,16 RUE DU GENERAL MANGIN,ADMINISTRATION ET ORGANISME,Administrations des collectivités,Administration de la commune de Nouméa,166.439401925184,-22.2714056104229,etablissements_publics_nc,58,1822,Centre ville
legislatives_2024,1,988,98818,Nouméa,NOUMEA,0001,2230,736,1494,723,8,5,7,DVD,CUENOT,Pierre-Henri,MASCULIN,Pierre-Henri CUENOT,,6,,,,Mairie 1,MAIRIE,0.93,Hôtel de Ville de Nouméa,16 RUE DU GENERAL MANGIN,ADMINISTRATION ET ORGANISME,Administrations des collectivités,Administration de la commune de Nouméa,166.439401925184,-22.2714056104229,etablissements_publics_nc,58,1822,Centre ville
legislatives_2024,1,988,98818,Nouméa,NOUMEA,0001,2230,736,1494,723,8,5,8,REG,HAOCAS,Muneiko,FEMININ,Muneiko HAOCAS,,35,,,,Mairie 1,MAIRIE,0.93,Hôtel de Ville de Nouméa,16 RUE DU GENERAL MANGIN,ADMINISTRATION ET ORGANISME,Administrations des collectivités,Administration de la commune de Nouméa,166.439401925184,-22.2714056104229,etablissements_publics_nc,58,1822,Centre ville
legislatives_2024,1,988,98818,Nouméa,NOUMEA,0001,2230,736,1494,723,8,5,9,RN,LOUECKHOTE,Simon,MASCULIN,Simon LOUECKHOTE,,56,,,,Mairie 1,MAIRIE,0.93,Hôtel de Ville de Nouméa,16 RUE DU GENERAL MANGIN,ADMINISTRATION ET ORGANISME,Administrations des collectivités,Administration de la commune de Nouméa,166.439401925184,-22.2714056104229,etablissements_publics_nc,58,1822,Centre ville
legislatives_2024,1,988,98818,Nouméa,NOUMEA,0001,2230,736,1494,723,8,5,10,REG,NEMIA ÉP BISHOP,Germaine Toléta,FEMININ,Germaine Toléta NEMIA ÉP BISHOP,,1,,,,Mairie 1,MAIRIE,0.93,Hôtel de Ville de Nouméa,16 RUE DU GENERAL MANGIN,ADMINISTRATION ET ORGANISME,Administrations des collectivités,Administration de la commune de Nouméa,166.439401925184,-22.2714056104229,etablissements_publics_nc,58,1822,Centre ville
legislatives_2024,1,988,98818,Nouméa,NOUMEA,0001,2230,736,1494,723,8,5,11,DVG,FALAEO,Veylma,FEMININ,Veylma FALAEO,,39,,,,Mairie 1,MAIRIE,0.93,Hôtel de Ville de Nouméa,16 RUE DU GENERAL MANGIN,ADMINISTRATION ET ORGANISME,Administrations des collectivités,Administration de la commune de Nouméa,166.439401925184,-22.2714056104229,etablissements_publics_nc,58,1822,Centre ville
legislatives_2024,1,988,98818,Nouméa,NOUMEA,0001,2230,736,1494,723,8,5,12,ECO,DEVAUD,Cédric,MASCULIN,Cédric DEVAUD,,3,,,,Mairie 1,MAIRIE,0.93,Hôtel de Ville de Nouméa,16 RUE DU GENERAL MANGIN,ADMINISTRATION ET ORGANISME,Administrations des collectivités,Administration de la commune de Nouméa,166.439401925184,-22.2714056104229,etablissements_publics_nc,58,1822,Centre ville
legislatives_2024,1,988,98818,Nouméa,NOUMEA,0002,1611,728,883,710,7,11,1,HOR,DUNOYER,Philippe,MASCULIN,Philippe DUNOYER,,102,,,,Mairie 2,MAIRIE,0.93,Hôtel de Ville de Nouméa,16 RUE DU GENERAL MANGIN,ADMINISTRATION ET ORGANISME,Administrations des collectivités,Administration de la commune de Nouméa,166.439401925184,-22.2714056104229,etablissements_publics_nc,58,1822,Centre ville
legislatives_2024,1,988,98818,Nouméa,NOUMEA,0002,1611,728,883,710,7,11,2,DVD,METZDORF,Nicolas,MASCULIN,Nicolas METZDORF,,246,,,,Mairie 2,MAIRIE,0.93,Hôtel de Ville de Nouméa,16 RUE DU GENERAL MANGIN,ADMINISTRATION ET ORGANISME,Administrations des collectivités,Administration de la commune de Nouméa,166.439401925184,-22.2714056104229,etablissements_publics_nc,58,1822,Centre ville
legislatives_2024,1,988,98818,Nouméa,NOUMEA,0002,1611,728,883,710,7,11,3,REG,ANGEXETINE ÉP RAILATI,Juanita Ciane,FEMININ,Juanita Ciane ANGEXETINE ÉP RAILATI,,8,,,,Mairie 2,MAIRIE,0.93,Hôtel de Ville de Nouméa,16 RUE DU GENERAL MANGIN,ADMINISTRATION ET ORGANISME,Administrations des collectivités,Administration de la commune de Nouméa,166.439401925184,-22.2714056104229,etablissements_publics_nc,58,1822,Centre ville
legislatives_2024,1,988,98818,Nouméa,NOUMEA,0002,1611,728,883,710,7,11,4,REG,NAISSELINE,Omayra Lisa Meun,FEMININ,Omayra Lisa Meun NAISSELINE,,219,,,,Mairie 2,MAIRIE,0.93,Hôtel de Ville de Nouméa,16 RUE DU GENERAL MANGIN,ADMINISTRATION ET ORGANISME,Administrations des collectivités,Administration de la commune de Nouméa,166.439401925184,-22.2714056104229,etablissements_publics_nc,58,1822,Centre ville
legislatives_2024,1,988,98818,Nouméa,NOUMEA,0002,1611,728,883,710,7,11,5,REC,NASRI,Thomas,MASCULIN,Thomas NASRI,,0,,,,Mairie 2,MAIRIE,0.93,Hôtel de Ville de Nouméa,16 RUE DU GENERAL MANGIN,ADMINISTRATION ET ORGANISME,Administrations des collectivités,Administration de la commune de Nouméa,166.439401925184,-22.2714056104229,etablissements_publics_nc,58,1822,Centre ville
legislatives_2024,1,988,98818,Nouméa,NOUMEA,0002,1611,728,883,710,7,11,6,DIV,MILLAR,Manuel,MASCULIN,Manuel MILLAR,,2,,,,Mairie 2,MAIRIE,0.93,Hôtel de Ville de Nouméa,16 RUE DU GENERAL MANGIN,ADMINISTRATION ET ORGANISME,Administrations des collectivités,Administration de la commune de Nouméa,166.439401925184,-22.2714056104229,etablissements_publics_nc,58,1822,Centre ville
legislatives_2024,1,988,98818,Nouméa,NOUMEA,0002,1611,728,883,710,7,11,7,DVD,CUENOT,Pierre-Henri,MASCULIN,Pierre-Henri CUENOT,,5,,,,Mairie 2,MAIRIE,0.93,Hôtel de Ville de Nouméa,16 RUE DU GENERAL MANGIN,ADMINISTRATION ET ORGANISME,Administrations des collectivités,Administration de la commune de Nouméa,166.439401925184,-22.2714056104229,etablissements_publics_nc,58,1822,Centre ville
legislatives_2024,1,988,98818,Nouméa,NOUMEA,0002,1611,728,883,710,7,11,8,REG,HAOCAS,Muneiko,FEMININ,Muneiko HAOCAS,,27,,,,Mairie 2,MAIRIE,0.93,Hôtel de Ville de Nouméa,16 RUE DU GENERAL MANGIN,ADMINISTRATION ET ORGANISME,Administrations des collectivités,Administration de la commune de Nouméa,166.439401925184,-22.2714056104229,etablissements_publics_nc,58,1822,Centre ville
legislatives_2024,1,988,98818,Nouméa,NOUMEA,0002,1611,728,883,710,7,11,9,RN,LOUECKHOTE,Simon,MASCULIN,Simon LOUECKHOTE,,46,,,,Mairie 2,MAIRIE,0.93,Hôtel de Ville de Nouméa,16 RUE DU GENERAL MANGIN,ADMINISTRATION ET ORGANISME,Administrations des collectivités,Administration de la commune de Nouméa,166.439401925184,-22.2714056104229,etablissements_publics_nc,58,1822,Centre ville
legislatives_2024,1,988,98818,Nouméa,NOUMEA,0002,1611,728,883,710,7,11,10,REG,NEMIA ÉP BISHOP,Germaine Toléta,FEMININ,Germaine Toléta NEMIA ÉP BISHOP,,1,,,,Mairie 2,MAIRIE,0.93,Hôtel de Ville de Nouméa,16 RUE DU GENERAL MANGIN,ADMINISTRATION ET ORGANISME,Administrations des collectivités,Administration de la commune de Nouméa,166.439401925184,-22.2714056104229,etablissements_publics_nc,58,1822,Centre ville
legislatives_2024,1,988,98818,Nouméa,NOUMEA,0002,1611,728,883,710,7,11,11,DVG,FALAEO,Veylma,FEMININ,Veylma FALAEO,,51,,,,Mairie 2,MAIRIE,0.93,Hôtel de Ville de Nouméa,16 RUE DU GENERAL MANGIN,ADMINISTRATION ET ORGANISME,Administrations des collectivités,Administration de la commune de Nouméa,166.439401925184,-22.2714056104229,etablissements_publics_nc,58,1822,Centre ville
legislatives_2024,1,988,98818,Nouméa,NOUMEA,0002,1611,728,883,710,7,11,12,ECO,DEVAUD,Cédric,MASCULIN,Cédric DEVAUD,,3,,,,Mairie 2,MAIRIE,0.93,Hôtel de Ville de Nouméa,16 RUE DU GENERAL MANGIN,ADMINISTRATION ET ORGANISME,Administrations des collectivités,Administration de la commune de Nouméa,166.439401925184,-22.2714056104229,etablissements_publics_nc,58,1822,Centre ville
legislatives_2024,1,988,98818,Nouméa,NOUMEA,0003,1323,713,610,704,4,5,1,HOR,DUNOYER,Philippe,MASCULIN,Philippe DUNOYER,,120,,,,École Frédéric SURLEAU,ECOLE FREDERIC SURLEAU,0.836,Ecole Frédéric SURLEAU,5 RUE FREDERIC SURLEAU,ENSEIGNEMENT ET FORMATION,Enseignement du premier degré,Ecole élémentaire,166.446180272936,-22.2732842135737,etablissements_publics_nc,58,1822,Centre ville
legislatives_2024,1,988,98818,Nouméa,NOUMEA,0003,1323,713,610,704,4,5,2,DVD,METZDORF,Nicolas,MASCULIN,Nicolas METZDORF,,412,,,,École Frédéric SURLEAU,ECOLE FREDERIC SURLEAU,0.836,Ecole Frédéric SURLEAU,5 RUE FREDERIC SURLEAU,ENSEIGNEMENT ET FORMATION,Enseignement du premier degré,Ecole élémentaire,166.446180272936,-22.2732842135737,etablissements_publics_nc,58,1822,Centre ville
legislatives_2024,1,988,98818,Nouméa,NOUMEA,0003,1323,713,610,704,4,5,3,REG,ANGEXETINE ÉP RAILATI,Juanita Ciane,FEMININ,Juanita Ciane ANGEXETINE ÉP RAILATI,,0,,,,École Frédéric SURLEAU,ECOLE FREDERIC SURLEAU,0.836,Ecole Frédéric SURLEAU,5 RUE FREDERIC SURLEAU,ENSEIGNEMENT ET FORMATION,Enseignement du premier degré,Ecole élémentaire,166.446180272936,-22.2732842135737,etablissements_publics_nc,58,1822,Centre ville
legislatives_2024,1,988,98818,Nouméa,NOUMEA,0003,1323,713,610,704,4,5,4,REG,NAISSELINE,Omayra Lisa Meun,FEMININ,Omayra Lisa Meun NAISSELINE,,59,,,,École Frédéric SURLEAU,ECOLE FREDERIC SURLEAU,0.836,Ecole Frédéric SURLEAU,5 RUE FREDERIC SURLEAU,ENSEIGNEMENT ET FORMATION,Enseignement du premier degré,Ecole élémentaire,166.446180272936,-22.2732842135737,etablissements_publics_nc,58,1822,Centre ville
legislatives_2024,1,988,98818,Nouméa,NOUMEA,0003,1323,713,610,704,4,5,5,REC,NASRI,Thomas,MASCULIN,Thomas NASRI,,5,,,,École Frédéric SURLEAU,ECOLE FREDERIC SURLEAU,0.836,Ecole Frédéric SURLEAU,5 RUE FREDERIC SURLEAU,ENSEIGNEMENT ET FORMATION,Enseignement du premier degré,Ecole élémentaire,166.446180272936,-22.2732842135737,etablissements_publics_nc,58,1822,Centre ville
legislatives_2024,1,988,98818,Nouméa,NOUMEA,0003,1323,713,610,704,4,5,6,DIV,MILLAR,Manuel,MASCULIN,Manuel MILLAR,,2,,,,École Frédéric SURLEAU,ECOLE FREDERIC SURLEAU,0.836,Ecole Frédéric SURLEAU,5 RUE FREDERIC SURLEAU,ENSEIGNEMENT ET FORMATION,Enseignement du premier degré,Ecole élémentaire,166.446180272936,-22.2732842135737,etablissements_publics_nc,58,1822,Centre ville
legislatives_2024,1,988,98818,Nouméa,NOUMEA,0003,1323,713,610,704,4,5,7,DVD,CUENOT,Pierre-Henri,MASCULIN,Pierre-Henri CUENOT,,2,,,,École Frédéric SURLEAU,ECOLE FREDERIC SURLEAU,0.836,Ecole Frédéric SURLEAU,5 RUE FREDERIC SURLEAU,ENSEIGNEMENT ET FORMATION,Enseignement du premier degré,Ecole élémentaire,166.446180272936,-22.2732842135737,etablissements_publics_nc,58,1822,Centre ville
legislatives_2024,1,988,98818,Nouméa,NOUMEA,0003,1323,713,610,704,4,5,8,REG,HAOCAS,Muneiko,FEMININ,Muneiko HAOCAS,,7,,,,École Frédéric SURLEAU,ECOLE FREDERIC SURLEAU,0.836,Ecole Frédéric SURLEAU,5 RUE FREDERIC SURLEAU,ENSEIGNEMENT ET FORMATION,Enseignement du premier degré,Ecole élémentaire,166.446180272936,-22.2732842135737,etablissements_publics_nc,58,1822,Centre ville
legislatives_2024,1,988,98818,Nouméa,NOUMEA,0003,1323,713,610,704,4,5,9,RN,LOUECKHOTE,Simon,MASCULIN,Simon LOUECKHOTE,,63,,,,École Frédéric SURLEAU,ECOLE FREDERIC SURLEAU,0.836,Ecole Frédéric SURLEAU,5 RUE FREDERIC SURLEAU,ENSEIGNEMENT ET FORMATION,Enseignement du premier degré,Ecole élémentaire,166.446180272936,-22.2732842135737,etablissements_publics_nc,58,1822,Centre ville
legislatives_2024,1,988,98818,Nouméa,NOUMEA,0003,1323,713,610,704,4,5,10,REG,NEMIA ÉP BISHOP,Germaine Toléta,FEMININ,Germaine Toléta NEMIA ÉP BISHOP,,1,,,,École Frédéric SURLEAU,ECOLE FREDERIC SURLEAU,0.836,Ecole Frédéric SURLEAU,5 RUE FREDERIC SURLEAU,ENSEIGNEMENT ET FORMATION,Enseignement du premier degré,Ecole élémentaire,166.446180272936,-22.2732842135737,etablissements_publics_nc,58,1822,Centre ville
legislatives_2024,1,988,98818,Nouméa,NOUMEA,0003,1323,713,610,704,4,5,11,DVG,FALAEO,Veylma,FEMININ,Veylma FALAEO,,32,,,,École Frédéric SURLEAU,ECOLE FREDERIC SURLEAU,0.836,Ecole Frédéric SURLEAU,5 RUE FREDERIC SURLEAU,ENSEIGNEMENT ET FORMATION,Enseignement du premier degré,Ecole élémentaire,166.446180272936,-22.2732842135737,etablissements_publics_nc,58,1822,Centre ville
legislatives_2024,1,988,98818,Nouméa,NOUMEA,0003,1323,713,610,704,4,5,12,ECO,DEVAUD,Cédric,MASCULIN,Cédric DEVAUD,,1,,,,École Frédéric SURLEAU,ECOLE FREDERIC SURLEAU,0.836,Ecole Frédéric SURLEAU,5 RUE FREDERIC SURLEAU,ENSEIGNEMENT ET FORMATION,Enseignement du premier degré,Ecole élémentaire,166.446180272936,-22.2732842135737,etablissements_publics_nc,58,1822,Centre ville
legislatives_2024,1,988,98818,Nouméa,NOUMEA,0004,1231,754,477,743,9,2,1,HOR,DUNOYER,Philippe,MASCULIN,Philippe DUNOYER,,125,,,,École Marguerite LEFRANCOIS,ECOLE MARGUERITE LEFRANCOIS,0.821,Ecole Marguerite LEFRANCOIS,8 RUE FRANCOIS ECORCHON,ENSEIGNEMENT ET FORMATION,Enseignement du premier degré,Ecole pré-élémentaire,166.446044574066,-22.2859909097298,etablissements_publics_nc,45,1809,Orphelinat
legislatives_2024,1,988,98818,Nouméa,NOUMEA,0004,1231,754,477,743,9,2,2,DVD,METZDORF,Nicolas,MASCULIN,Nicolas METZDORF,,551,,,,École Marguerite LEFRANCOIS,ECOLE MARGUERITE LEFRANCOIS,0.821,Ecole Marguerite LEFRANCOIS,8 RUE FRANCOIS ECORCHON,ENSEIGNEMENT ET FORMATION,Enseignement du premier degré,Ecole pré-élémentaire,166.446044574066,-22.2859909097298,etablissements_publics_nc,45,1809,Orphelinat
legislatives_2024,1,988,98818,Nouméa,NOUMEA,0004,1231,754,477,743,9,2,3,REG,ANGEXETINE ÉP RAILATI,Juanita Ciane,FEMININ,Juanita Ciane ANGEXETINE ÉP RAILATI,,0,,,,École Marguerite LEFRANCOIS,ECOLE MARGUERITE LEFRANCOIS,0.821,Ecole Marguerite LEFRANCOIS,8 RUE FRANCOIS ECORCHON,ENSEIGNEMENT ET FORMATION,Enseignement du premier degré,Ecole pré-élémentaire,166.446044574066,-22.2859909097298,etablissements_publics_nc,45,1809,Orphelinat
legislatives_2024,1,988,98818,Nouméa,NOUMEA,0004,1231,754,477,743,9,2,4,REG,NAISSELINE,Omayra Lisa Meun,FEMININ,Omayra Lisa Meun NAISSELINE,,6,,,,École Marguerite LEFRANCOIS,ECOLE MARGUERITE LEFRANCOIS,0.821,Ecole Marguerite LEFRANCOIS,8 RUE FRANCOIS ECORCHON,ENSEIGNEMENT ET FORMATION,Enseignement du premier degré,Ecole pré-élémentaire,166.446044574066,-22.2859909097298,etablissements_publics_nc,45,1809,Orphelinat
legislatives_2024,1,988,98818,Nouméa,NOUMEA,0004,1231,754,477,743,9,2,5,REC,NASRI,Thomas,MASCULIN,Thomas NASRI,,5,,,,École Marguerite LEFRANCOIS,ECOLE MARGUERITE LEFRANCOIS,0.821,Ecole Marguerite LEFRANCOIS,8 RUE FRANCOIS ECORCHON,ENSEIGNEMENT ET FORMATION,Enseignement du premier degré,Ecole pré-élémentaire,166.446044574066,-22.2859909097298,etablissements_publics_nc,45,1809,Orphelinat
legislatives_2024,1,988,98818,Nouméa,NOUMEA,0004,1231,754,477,743,9,2,6,DIV,MILLAR,Manuel,MASCULIN,Manuel MILLAR,,1,,,,École Marguerite LEFRANCOIS,ECOLE MARGUERITE LEFRANCOIS,0.821,Ecole Marguerite LEFRANCOIS,8 RUE FRANCOIS ECORCHON,ENSEIGNEMENT ET FORMATION,Enseignement du premier degré,Ecole pré-élémentaire,166.446044574066,-22.2859909097298,etablissements_publics_nc,45,1809,Orphelinat
legislatives_2024,1,988,98818,Nouméa,NOUMEA,0004,1231,754,477,743,9,2,7,DVD,CUENOT,Pierre-Henri,MASCULIN,Pierre-Henri CUENOT,,2,,,,École Marguerite LEFRANCOIS,ECOLE MARGUERITE LEFRANCOIS,0.821,Ecole Marguerite LEFRANCOIS,8 RUE FRANCOIS ECORCHON,ENSEIGNEMENT ET FORMATION,Enseignement du premier degré,Ecole pré-élémentaire,166.446044574066,-22.2859909097298,etablissements_publics_nc,45,1809,Orphelinat
legislatives_2024,1,988,98818,Nouméa,NOUMEA,0004,1231,754,477,743,9,2,8,REG,HAOCAS,Muneiko,FEMININ,Muneiko HAOCAS,,6,,,,École Marguerite LEFRANCOIS,ECOLE MARGUERITE LEFRANCOIS,0.821,Ecole Marguerite LEFRANCOIS,8 RUE FRANCOIS ECORCHON,ENSEIGNEMENT ET FORMATION,Enseignement du premier degré,Ecole pré-élémentaire,166.446044574066,-22.2859909097298,etablissements_publics_nc,45,1809,Orphelinat
legislatives_2024,1,988,98818,Nouméa,NOUMEA,0004,1231,754,477,743,9,2,9,RN,LOUECKHOTE,Simon,MASCULIN,Simon LOUECKHOTE,,28,,,,École Marguerite LEFRANCOIS,ECOLE MARGUERITE LEFRANCOIS,0.821,Ecole Marguerite LEFRANCOIS,8 RUE FRANCOIS ECORCHON,ENSEIGNEMENT ET FORMATION,Enseignement du premier degré,Ecole pré-élémentaire,166.446044574066,-22.2859909097298,etablissements_publics_nc,45,1809,Orphelinat
legislatives_2024,1,988,98818,Nouméa,NOUMEA,0004,1231,754,477,743,9,2,10,REG,NEMIA ÉP BISHOP,Germaine Toléta,FEMININ,Germaine Toléta NEMIA ÉP BISHOP,,0,,,,École Marguerite LEFRANCOIS,ECOLE MARGUERITE LEFRANCOIS,0.821,Ecole Marguerite LEFRANCOIS,8 RUE FRANCOIS ECORCHON,ENSEIGNEMENT ET FORMATION,Enseignement du premier degré,Ecole pré-élémentaire,166.446044574066,-22.2859909097298,etablissements_publics_nc,45,1809,Orphelinat
legislatives_2024,1,988,98818,Nouméa,NOUMEA,0004,1231,754,477,743,9,2,11,DVG,FALAEO,Veylma,FEMININ,Veylma FALAEO,,13,,,,École Marguerite LEFRANCOIS,ECOLE MARGUERITE LEFRANCOIS,0.821,Ecole Marguerite LEFRANCOIS,8 RUE FRANCOIS ECORCHON,ENSEIGNEMENT ET FORMATION,Enseignement du premier degré,Ecole pré-élémentaire,166.446044574066,-22.2859909097298,etablissements_publics_nc,45,1809,Orphelinat
legislatives_2024,1,988,98818,Nouméa,NOUMEA,0004,1231,754,477,743,9,2,12,ECO,DEVAUD,Cédric,MASCULIN,Cédric DEVAUD,,6,,,,École Marguerite LEFRANCOIS,ECOLE MARGUERITE LEFRANCOIS,0.821,Ecole Marguerite LEFRANCOIS,8 RUE FRANCOIS ECORCHON,ENSEIGNEMENT ET FORMATION,Enseignement du premier degré,Ecole pré-élémentaire,166.446044574066,-22.2859909097298,etablissements_publics_nc,45,1809,Orphelinat
legislatives_2024,1,988,98818,Nouméa,NOUMEA,0005,1102,726,376,716,4,6,1,HOR,DUNOYER,Philippe,MASCULIN,Philippe DUNOYER,,85,,,,École Yvonne DUPONT 1,ECOLE YVONNE DUPONT,0.98,Parc école Yvonne DUPONT,2 RUE MARCELLIN LACABANNE,PARC ESPACE PUBLIC ET LOISIR,Parcs et espaces verts,Parc,166.442173657352,-22.2926748814035,etablissements_publics_nc,42,1806,Motor Pool - Receiving
legislatives_2024,1,988,98818,Nouméa,NOUMEA,0005,1102,726,376,716,4,6,2,DVD,METZDORF,Nicolas,MASCULIN,Nicolas METZDORF,,540,,,,École Yvonne DUPONT 1,ECOLE YVONNE DUPONT,0.98,Parc école Yvonne DUPONT,2 RUE MARCELLIN LACABANNE,PARC ESPACE PUBLIC ET LOISIR,Parcs et espaces verts,Parc,166.442173657352,-22.2926748814035,etablissements_publics_nc,42,1806,Motor Pool - Receiving
legislatives_2024,1,988,98818,Nouméa,NOUMEA,0005,1102,726,376,716,4,6,3,REG,ANGEXETINE ÉP RAILATI,Juanita Ciane,FEMININ,Juanita Ciane ANGEXETINE ÉP RAILATI,,1,,,,École Yvonne DUPONT 1,ECOLE YVONNE DUPONT,0.98,Parc école Yvonne DUPONT,2 RUE MARCELLIN LACABANNE,PARC ESPACE PUBLIC ET LOISIR,Parcs et espaces verts,Parc,166.442173657352,-22.2926748814035,etablissements_publics_nc,42,1806,Motor Pool - Receiving
legislatives_2024,1,988,98818,Nouméa,NOUMEA,0005,1102,726,376,716,4,6,4,REG,NAISSELINE,Omayra Lisa Meun,FEMININ,Omayra Lisa Meun NAISSELINE,,18,,,,École Yvonne DUPONT 1,ECOLE YVONNE DUPONT,0.98,Parc école Yvonne DUPONT,2 RUE MARCELLIN LACABANNE,PARC ESPACE PUBLIC ET LOISIR,Parcs et espaces verts,Parc,166.442173657352,-22.2926748814035,etablissements_publics_nc,42,1806,Motor Pool - Receiving
legislatives_2024,1,988,98818,Nouméa,NOUMEA,0005,1102,726,376,716,4,6,5,REC,NASRI,Thomas,MASCULIN,Thomas NASRI,,4,,,,École Yvonne DUPONT 1,ECOLE YVONNE DUPONT,0.98,Parc école Yvonne DUPONT,2 RUE MARCELLIN LACABANNE,PARC ESPACE PUBLIC ET LOISIR,Parcs et espaces verts,Parc,166.442173657352,-22.2926748814035,etablissements_publics_nc,42,1806,Motor Pool - Receiving
legislatives_2024,1,988,98818,Nouméa,NOUMEA,0005,1102,726,376,716,4,6,6,DIV,MILLAR,Manuel,MASCULIN,Manuel MILLAR,,0,,,,École Yvonne DUPONT 1,ECOLE YVONNE DUPONT,0.98,Parc école Yvonne DUPONT,2 RUE MARCELLIN LACABANNE,PARC ESPACE PUBLIC ET LOISIR,Parcs et espaces verts,Parc,166.442173657352,-22.2926748814035,etablissements_publics_nc,42,1806,Motor Pool - Receiving
legislatives_2024,1,988,98818,Nouméa,NOUMEA,0005,1102,726,376,716,4,6,7,DVD,CUENOT,Pierre-Henri,MASCULIN,Pierre-Henri CUENOT,,2,,,,École Yvonne DUPONT 1,ECOLE YVONNE DUPONT,0.98,Parc école Yvonne DUPONT,2 RUE MARCELLIN LACABANNE,PARC ESPACE PUBLIC ET LOISIR,Parcs et espaces verts,Parc,166.442173657352,-22.2926748814035,etablissements_publics_nc,42,1806,Motor Pool - Receiving
legislatives_2024,1,988,98818,Nouméa,NOUMEA,0005,1102,726,376,716,4,6,8,REG,HAOCAS,Muneiko,FEMININ,Muneiko HAOCAS,,4,,,,École Yvonne DUPONT 1,ECOLE YVONNE DUPONT,0.98,Parc école Yvonne DUPONT,2 RUE MARCELLIN LACABANNE,PARC ESPACE PUBLIC ET LOISIR,Parcs et espaces verts,Parc,166.442173657352,-22.2926748814035,etablissements_publics_nc,42,1806,Motor Pool - Receiving
legislatives_2024,1,988,98818,Nouméa,NOUMEA,0005,1102,726,376,716,4,6,9,RN,LOUECKHOTE,Simon,MASCULIN,Simon LOUECKHOTE,,45,,,,École Yvonne DUPONT 1,ECOLE YVONNE DUPONT,0.98,Parc école Yvonne DUPONT,2 RUE MARCELLIN LACABANNE,PARC ESPACE PUBLIC ET LOISIR,Parcs et espaces verts,Parc,166.442173657352,-22.2926748814035,etablissements_publics_nc,42,1806,Motor Pool - Receiving
legislatives_2024,1,988,98818,Nouméa,NOUMEA,0005,1102,726,376,716,4,6,10,REG,NEMIA ÉP BISHOP,Germaine Toléta,FEMININ,Germaine Toléta NEMIA ÉP BISHOP,,1,,,,École Yvonne DUPONT 1,ECOLE YVONNE DUPONT,0.98,Parc école Yvonne DUPONT,2 RUE MARCELLIN LACABANNE,PARC ESPACE PUBLIC ET LOISIR,Parcs et espaces verts,Parc,166.442173657352,-22.2926748814035,etablissements_publics_nc,42,1806,Motor Pool - Receiving
legislatives_2024,1,988,98818,Nouméa,NOUMEA,0005,1102,726,376,716,4,6,11,DVG,FALAEO,Veylma,FEMININ,Veylma FALAEO,,14,,,,École Yvonne DUPONT 1,ECOLE YVONNE DUPONT,0.98,Parc école Yvonne DUPONT,2 RUE MARCELLIN LACABANNE,PARC ESPACE PUBLIC ET LOISIR,Parcs et espaces verts,Parc,166.442173657352,-22.2926748814035,etablissements_publics_nc,42,1806,Motor Pool - Receiving
legislatives_2024,1,988,98818,Nouméa,NOUMEA,0005,1102,726,376,716,4,6,12,ECO,DEVAUD,Cédric,MASCULIN,Cédric DEVAUD,,2,,,,École Yvonne DUPONT 1,ECOLE YVONNE DUPONT,0.98,Parc école Yvonne DUPONT,2 RUE MARCELLIN LACABANNE,PARC ESPACE PUBLIC ET LOISIR,Parcs et espaces verts,Parc,166.442173657352,-22.2926748814035,etablissements_publics_nc,42,1806,Motor Pool - Receiving
legislatives_2024,1,988,98818,Nouméa,NOUMEA,0006,1349,815,534,804,7,4,1,HOR,DUNOYER,Philippe,MASCULIN,Philippe DUNOYER,,110,,,,École Eloi FRANC 1,ECOLE ELOI FRANC,0.83,Ecole Eloi FRANC,10 RUE PIERRE SAUVAN,ENSEIGNEMENT ET FORMATION,Enseignement du premier degré,Ecole primaire,166.447826467842,-22.2974281428095,etablissements_publics_nc,39,1803,Anse Vata Est
legislatives_2024,1,988,98818,Nouméa,NOUMEA,0006,1349,815,534,804,7,4,2,DVD,METZDORF,Nicolas,MASCULIN,Nicolas METZDORF,,514,,,,École Eloi FRANC 1,ECOLE ELOI FRANC,0.83,Ecole Eloi FRANC,10 RUE PIERRE SAUVAN,ENSEIGNEMENT ET FORMATION,Enseignement du premier degré,Ecole primaire,166.447826467842,-22.2974281428095,etablissements_publics_nc,39,1803,Anse Vata Est
legislatives_2024,1,988,98818,Nouméa,NOUMEA,0006,1349,815,534,804,7,4,3,REG,ANGEXETINE ÉP RAILATI,Juanita Ciane,FEMININ,Juanita Ciane ANGEXETINE ÉP RAILATI,,8,,,,École Eloi FRANC 1,ECOLE ELOI FRANC,0.83,Ecole Eloi FRANC,10 RUE PIERRE SAUVAN,ENSEIGNEMENT ET FORMATION,Enseignement du premier degré,Ecole primaire,166.447826467842,-22.2974281428095,etablissements_publics_nc,39,1803,Anse Vata Est
legislatives_2024,1,988,98818,Nouméa,NOUMEA,0006,1349,815,534,804,7,4,4,REG,NAISSELINE,Omayra Lisa Meun,FEMININ,Omayra Lisa Meun NAISSELINE,,69,,,,École Eloi FRANC 1,ECOLE ELOI FRANC,0.83,Ecole Eloi FRANC,10 RUE PIERRE SAUVAN,ENSEIGNEMENT ET FORMATION,Enseignement du premier degré,Ecole primaire,166.447826467842,-22.2974281428095,etablissements_publics_nc,39,1803,Anse Vata Est
legislatives_2024,1,988,98818,Nouméa,NOUMEA,0006,1349,815,534,804,7,4,5,REC,NASRI,Thomas,MASCULIN,Thomas NASRI,,4,,,,École Eloi FRANC 1,ECOLE ELOI FRANC,0.83,Ecole Eloi FRANC,10 RUE PIERRE SAUVAN,ENSEIGNEMENT ET FORMATION,Enseignement du premier degré,Ecole primaire,166.447826467842,-22.2974281428095,etablissements_publics_nc,39,1803,Anse Vata Est
legislatives_2024,1,988,98818,Nouméa,NOUMEA,0006,1349,815,534,804,7,4,6,DIV,MILLAR,Manuel,MASCULIN,Manuel MILLAR,,1,,,,École Eloi FRANC 1,ECOLE ELOI FRANC,0.83,Ecole Eloi FRANC,10 RUE PIERRE SAUVAN,ENSEIGNEMENT ET FORMATION,Enseignement du premier degré,Ecole primaire,166.447826467842,-22.2974281428095,etablissements_publics_nc,39,1803,Anse Vata Est
legislatives_2024,1,988,98818,Nouméa,NOUMEA,0006,1349,815,534,804,7,4,7,DVD,CUENOT,Pierre-Henri,MASCULIN,Pierre-Henri CUENOT,,4,,,,École Eloi FRANC 1,ECOLE ELOI FRANC,0.83,Ecole Eloi FRANC,10 RUE PIERRE SAUVAN,ENSEIGNEMENT ET FORMATION,Enseignement du premier degré,Ecole primaire,166.447826467842,-22.2974281428095,etablissements_publics_nc,39,1803,Anse Vata Est
legislatives_2024,1,988,98818,Nouméa,NOUMEA,0006,1349,815,534,804,7,4,8,REG,HAOCAS,Muneiko,FEMININ,Muneiko HAOCAS,,3,,,,École Eloi FRANC 1,ECOLE ELOI FRANC,0.83,Ecole Eloi FRANC,10 RUE PIERRE SAUVAN,ENSEIGNEMENT ET FORMATION,Enseignement du premier degré,Ecole primaire,166.447826467842,-22.2974281428095,etablissements_publics_nc,39,1803,Anse Vata Est
legislatives_2024,1,988,98818,Nouméa,NOUMEA,0006,1349,815,534,804,7,4,9,RN,LOUECKHOTE,Simon,MASCULIN,Simon LOUECKHOTE,,58,,,,École Eloi FRANC 1,ECOLE ELOI FRANC,0.83,Ecole Eloi FRANC,10 RUE PIERRE SAUVAN,ENSEIGNEMENT ET FORMATION,Enseignement du premier degré,Ecole primaire,166.447826467842,-22.2974281428095,etablissements_publics_nc,39,1803,Anse Vata Est
legislatives_2024,1,988,98818,Nouméa,NOUMEA,0006,1349,815,534,804,7,4,10,REG,NEMIA ÉP BISHOP,Germaine Toléta,FEMININ,Germaine Toléta NEMIA ÉP BISHOP,,0,,,,École Eloi FRANC 1,ECOLE ELOI FRANC,0.83,Ecole Eloi FRANC,10 RUE PIERRE SAUVAN,ENSEIGNEMENT ET FORMATION,Enseignement du premier degré,Ecole primaire,166.447826467842,-22.2974281428095,etablissements_publics_nc,39,1803,Anse Vata Est
legislatives_2024,1,988,98818,Nouméa,NOUMEA,0006,1349,815,534,804,7,4,11,DVG,FALAEO,Veylma,FEMININ,Veylma FALAEO,,28,,,,École Eloi FRANC 1,ECOLE ELOI FRANC,0.83,Ecole Eloi FRANC,10 RUE PIERRE SAUVAN,ENSEIGNEMENT ET FORMATION,Enseignement du premier degré,Ecole primaire,166.447826467842,-22.2974281428095,etablissements_publics_nc,39,1803,Anse Vata Est
legislatives_2024,1,988,98818,Nouméa,NOUMEA,0006,1349,815,534,804,7,4,12,ECO,DEVAUD,Cédric,MASCULIN,Cédric DEVAUD,,5,,,,École Eloi FRANC 1,ECOLE ELOI FRANC,0.83,Ecole Eloi FRANC,10 RUE PIERRE SAUVAN,ENSEIGNEMENT ET FORMATION,Enseignement du premier degré,Ecole primaire,166.447826467842,-22.2974281428095,etablissements_publics_nc,39,1803,Anse Vata Est
legislatives_2024,1,988,98818,Nouméa,NOUMEA,0007,1130,736,394,722,5,9,1,HOR,DUNOYER,Philippe,MASCULIN,Philippe DUNOYER,,111,,,,École Eloi FRANC 2,ECOLE ELOI FRANC,0.83,Ecole Eloi FRANC,10 RUE PIERRE SAUVAN,ENSEIGNEMENT ET FORMATION,Enseignement du premier degré,Ecole primaire,166.447826467842,-22.2974281428095,etablissements_publics_nc,39,1803,Anse Vata Est
legislatives_2024,1,988,98818,Nouméa,NOUMEA,0007,1130,736,394,722,5,9,2,DVD,METZDORF,Nicolas,MASCULIN,Nicolas METZDORF,,525,,,,École Eloi FRANC 2,ECOLE ELOI FRANC,0.83,Ecole Eloi FRANC,10 RUE PIERRE SAUVAN,ENSEIGNEMENT ET FORMATION,Enseignement du premier degré,Ecole primaire,166.447826467842,-22.2974281428095,etablissements_publics_nc,39,1803,Anse Vata Est
legislatives_2024,1,988,98818,Nouméa,NOUMEA,0007,1130,736,394,722,5,9,3,REG,ANGEXETINE ÉP RAILATI,Juanita Ciane,FEMININ,Juanita Ciane ANGEXETINE ÉP RAILATI,,2,,,,École Eloi FRANC 2,ECOLE ELOI FRANC,0.83,Ecole Eloi FRANC,10 RUE PIERRE SAUVAN,ENSEIGNEMENT ET FORMATION,Enseignement du premier degré,Ecole primaire,166.447826467842,-22.2974281428095,etablissements_publics_nc,39,1803,Anse Vata Est
legislatives_2024,1,988,98818,Nouméa,NOUMEA,0007,1130,736,394,722,5,9,4,REG,NAISSELINE,Omayra Lisa Meun,FEMININ,Omayra Lisa Meun NAISSELINE,,23,,,,École Eloi FRANC 2,ECOLE ELOI FRANC,0.83,Ecole Eloi FRANC,10 RUE PIERRE SAUVAN,ENSEIGNEMENT ET FORMATION,Enseignement du premier degré,Ecole primaire,166.447826467842,-22.2974281428095,etablissements_publics_nc,39,1803,Anse Vata Est
legislatives_2024,1,988,98818,Nouméa,NOUMEA,0007,1130,736,394,722,5,9,5,REC,NASRI,Thomas,MASCULIN,Thomas NASRI,,0,,,,École Eloi FRANC 2,ECOLE ELOI FRANC,0.83,Ecole Eloi FRANC,10 RUE PIERRE SAUVAN,ENSEIGNEMENT ET FORMATION,Enseignement du premier degré,Ecole primaire,166.447826467842,-22.2974281428095,etablissements_publics_nc,39,1803,Anse Vata Est
legislatives_2024,1,988,98818,Nouméa,NOUMEA,0007,1130,736,394,722,5,9,6,DIV,MILLAR,Manuel,MASCULIN,Manuel MILLAR,,0,,,,École Eloi FRANC 2,ECOLE ELOI FRANC,0.83,Ecole Eloi FRANC,10 RUE PIERRE SAUVAN,ENSEIGNEMENT ET FORMATION,Enseignement du premier degré,Ecole primaire,166.447826467842,-22.2974281428095,etablissements_publics_nc,39,1803,Anse Vata Est
legislatives_2024,1,988,98818,Nouméa,NOUMEA,0007,1130,736,394,722,5,9,7,DVD,CUENOT,Pierre-Henri,MASCULIN,Pierre-Henri CUENOT,,2,,,,École Eloi FRANC 2,ECOLE ELOI FRANC,0.83,Ecole Eloi FRANC,10 RUE PIERRE SAUVAN,ENSEIGNEMENT ET FORMATION,Enseignement du premier degré,Ecole primaire,166.447826467842,-22.2974281428095,etablissements_publics_nc,39,1803,Anse Vata Est
legislatives_2024,1,988,98818,Nouméa,NOUMEA,0007,1130,736,394,722,5,9,8,REG,HAOCAS,Muneiko,FEMININ,Muneiko HAOCAS,,3,,,,École Eloi FRANC 2,ECOLE ELOI FRANC,0.83,Ecole Eloi FRANC,10 RUE PIERRE SAUVAN,ENSEIGNEMENT ET FORMATION,Enseignement du premier degré,Ecole primaire,166.447826467842,-22.2974281428095,etablissements_publics_nc,39,1803,Anse Vata Est
legislatives_2024,1,988,98818,Nouméa,NOUMEA,0007,1130,736,394,722,5,9,9,RN,LOUECKHOTE,Simon,MASCULIN,Simon LOUECKHOTE,,28,,,,École Eloi FRANC 2,ECOLE ELOI FRANC,0.83,Ecole Eloi FRANC,10 RUE PIERRE SAUVAN,ENSEIGNEMENT ET FORMATION,Enseignement du premier degré,Ecole primaire,166.447826467842,-22.2974281428095,etablissements_publics_nc,39,1803,Anse Vata Est
legislatives_2024,1,988,98818,Nouméa,NOUMEA,0007,1130,736,394,722,5,9,10,REG,NEMIA ÉP BISHOP,Germaine Toléta,FEMININ,Germaine Toléta NEMIA ÉP BISHOP,,1,,,,École Eloi FRANC 2,ECOLE ELOI FRANC,0.83,Ecole Eloi FRANC,10 RUE PIERRE SAUVAN,ENSEIGNEMENT ET FORMATION,Enseignement du premier degré,Ecole primaire,166.447826467842,-22.2974281428095,etablissements_publics_nc,39,1803,Anse Vata Est
legislatives_2024,1,988,98818,Nouméa,NOUMEA,0007,1130,736,394,722,5,9,11,DVG,FALAEO,Veylma,FEMININ,Veylma FALAEO,,15,,,,École Eloi FRANC 2,ECOLE ELOI FRANC,0.83,Ecole Eloi FRANC,10 RUE PIERRE SAUVAN,ENSEIGNEMENT ET FORMATION,Enseignement du premier degré,Ecole primaire,166.447826467842,-22.2974281428095,etablissements_publics_nc,39,1803,Anse Vata Est
legislatives_2024,1,988,98818,Nouméa,NOUMEA,0007,1130,736,394,722,5,9,12,ECO,DEVAUD,Cédric,MASCULIN,Cédric DEVAUD,,12,,,,École Eloi FRANC 2,ECOLE ELOI FRANC,0.83,Ecole Eloi FRANC,10 RUE PIERRE SAUVAN,ENSEIGNEMENT ET FORMATION,Enseignement du premier degré,Ecole primaire,166.447826467842,-22.2974281428095,etablissements_publics_nc,39,1803,Anse Vata Est
legislatives_2024,1,988,98818,Nouméa,NOUMEA,0008,1143,692,451,684,6,2,1,HOR,DUNOYER,Philippe,MASCULIN,Philippe DUNOYER,,97,,,,École Fernande LERICHE 1,ECOLE FERNANDE LERICHE,0.836,Ecole Fernande LERICHE,13 RUE PIERRE SAUVAN,ENSEIGNEMENT ET FORMATION,Enseignement du premier degré,Ecole élémentaire,166.448431376266,-22.2984740950672,etablissements_publics_nc,39,1803,Anse Vata Est
legislatives_2024,1,988,98818,Nouméa,NOUMEA,0008,1143,692,451,684,6,2,2,DVD,METZDORF,Nicolas,MASCULIN,Nicolas METZDORF,,520,,,,École Fernande LERICHE 1,ECOLE FERNANDE LERICHE,0.836,Ecole Fernande LERICHE,13 RUE PIERRE SAUVAN,ENSEIGNEMENT ET FORMATION,Enseignement du premier degré,Ecole élémentaire,166.448431376266,-22.2984740950672,etablissements_publics_nc,39,1803,Anse Vata Est
legislatives_2024,1,988,98818,Nouméa,NOUMEA,0008,1143,692,451,684,6,2,3,REG,ANGEXETINE ÉP RAILATI,Juanita Ciane,FEMININ,Juanita Ciane ANGEXETINE ÉP RAILATI,,0,,,,École Fernande LERICHE 1,ECOLE FERNANDE LERICHE,0.836,Ecole Fernande LERICHE,13 RUE PIERRE SAUVAN,ENSEIGNEMENT ET FORMATION,Enseignement du premier degré,Ecole élémentaire,166.448431376266,-22.2984740950672,etablissements_publics_nc,39,1803,Anse Vata Est
legislatives_2024,1,988,98818,Nouméa,NOUMEA,0008,1143,692,451,684,6,2,4,REG,NAISSELINE,Omayra Lisa Meun,FEMININ,Omayra Lisa Meun NAISSELINE,,13,,,,École Fernande LERICHE 1,ECOLE FERNANDE LERICHE,0.836,Ecole Fernande LERICHE,13 RUE PIERRE SAUVAN,ENSEIGNEMENT ET FORMATION,Enseignement du premier degré,Ecole élémentaire,166.448431376266,-22.2984740950672,etablissements_publics_nc,39,1803,Anse Vata Est
legislatives_2024,1,988,98818,Nouméa,NOUMEA,0008,1143,692,451,684,6,2,5,REC,NASRI,Thomas,MASCULIN,Thomas NASRI,,7,,,,École Fernande LERICHE 1,ECOLE FERNANDE LERICHE,0.836,Ecole Fernande LERICHE,13 RUE PIERRE SAUVAN,ENSEIGNEMENT ET FORMATION,Enseignement du premier degré,Ecole élémentaire,166.448431376266,-22.2984740950672,etablissements_publics_nc,39,1803,Anse Vata Est
legislatives_2024,1,988,98818,Nouméa,NOUMEA,0008,1143,692,451,684,6,2,6,DIV,MILLAR,Manuel,MASCULIN,Manuel MILLAR,,1,,,,École Fernande LERICHE 1,ECOLE FERNANDE LERICHE,0.836,Ecole Fernande LERICHE,13 RUE PIERRE SAUVAN,ENSEIGNEMENT ET FORMATION,Enseignement du premier degré,Ecole élémentaire,166.448431376266,-22.2984740950672,etablissements_publics_nc,39,1803,Anse Vata Est
legislatives_2024,1,988,98818,Nouméa,NOUMEA,0008,1143,692,451,684,6,2,7,DVD,CUENOT,Pierre-Henri,MASCULIN,Pierre-Henri CUENOT,,8,,,,École Fernande LERICHE 1,ECOLE FERNANDE LERICHE,0.836,Ecole Fernande LERICHE,13 RUE PIERRE SAUVAN,ENSEIGNEMENT ET FORMATION,Enseignement du premier degré,Ecole élémentaire,166.448431376266,-22.2984740950672,etablissements_publics_nc,39,1803,Anse Vata Est
legislatives_2024,1,988,98818,Nouméa,NOUMEA,0008,1143,692,451,684,6,2,8,REG,HAOCAS,Muneiko,FEMININ,Muneiko HAOCAS,,0,,,,École Fernande LERICHE 1,ECOLE FERNANDE LERICHE,0.836,Ecole Fernande LERICHE,13 RUE PIERRE SAUVAN,ENSEIGNEMENT ET FORMATION,Enseignement du premier degré,Ecole élémentaire,166.448431376266,-22.2984740950672,etablissements_publics_nc,39,1803,Anse Vata Est
legislatives_2024,1,988,98818,Nouméa,NOUMEA,0008,1143,692,451,684,6,2,9,RN,LOUECKHOTE,Simon,MASCULIN,Simon LOUECKHOTE,,22,,,,École Fernande LERICHE 1,ECOLE FERNANDE LERICHE,0.836,Ecole Fernande LERICHE,13 RUE PIERRE SAUVAN,ENSEIGNEMENT ET FORMATION,Enseignement du premier degré,Ecole élémentaire,166.448431376266,-22.2984740950672,etablissements_publics_nc,39,1803,Anse Vata Est
legislatives_2024,1,988,98818,Nouméa,NOUMEA,0008,1143,692,451,684,6,2,10,REG,NEMIA ÉP BISHOP,Germaine Toléta,FEMININ,Germaine Toléta NEMIA ÉP BISHOP,,0,,,,École Fernande LERICHE 1,ECOLE FERNANDE LERICHE,0.836,Ecole Fernande LERICHE,13 RUE PIERRE SAUVAN,ENSEIGNEMENT ET FORMATION,Enseignement du premier degré,Ecole élémentaire,166.448431376266,-22.2984740950672,etablissements_publics_nc,39,1803,Anse Vata Est
legislatives_2024,1,988,98818,Nouméa,NOUMEA,0008,1143,692,451,684,6,2,11,DVG,FALAEO,Veylma,FEMININ,Veylma FALAEO,,14,,,,École Fernande LERICHE 1,ECOLE FERNANDE LERICHE,0.836,Ecole Fernande LERICHE,13 RUE PIERRE SAUVAN,ENSEIGNEMENT ET FORMATION,Enseignement du premier degré,Ecole élémentaire,166.448431376266,-22.2984740950672,etablissements_publics_nc,39,1803,Anse Vata Est
legislatives_2024,1,988,98818,Nouméa,NOUMEA,0008,1143,692,451,684,6,2,12,ECO,DEVAUD,Cédric,MASCULIN,Cédric DEVAUD,,2,,,,École Fernande LERICHE 1,ECOLE FERNANDE LERICHE,0.836,Ecole Fernande LERICHE,13 RUE PIERRE SAUVAN,ENSEIGNEMENT ET FORMATION,Enseignement du premier degré,Ecole élémentaire,166.448431376266,-22.2984740950672,etablissements_publics_nc,39,1803,Anse Vata Est
legislatives_2024,1,988,98818,Nouméa,NOUMEA,0009,1153,764,389,757,6,1,1,HOR,DUNOYER,Philippe,MASCULIN,Philippe DUNOYER,,92,,,,École Fernande LERICHE 2,ECOLE FERNANDE LERICHE,0.836,Ecole Fernande LERICHE,13 RUE PIERRE SAUVAN,ENSEIGNEMENT ET FORMATION,Enseignement du premier degré,Ecole élémentaire,166.448431376266,-22.2984740950672,etablissements_publics_nc,39,1803,Anse Vata Est
legislatives_2024,1,988,98818,Nouméa,NOUMEA,0009,1153,764,389,757,6,1,2,DVD,METZDORF,Nicolas,MASCULIN,Nicolas METZDORF,,556,,,,École Fernande LERICHE 2,ECOLE FERNANDE LERICHE,0.836,Ecole Fernande LERICHE,13 RUE PIERRE SAUVAN,ENSEIGNEMENT ET FORMATION,Enseignement du premier degré,Ecole élémentaire,166.448431376266,-22.2984740950672,etablissements_publics_nc,39,1803,Anse Vata Est
legislatives_2024,1,988,98818,Nouméa,NOUMEA,0009,1153,764,389,757,6,1,3,REG,ANGEXETINE ÉP RAILATI,Juanita Ciane,FEMININ,Juanita Ciane ANGEXETINE ÉP RAILATI,,1,,,,École Fernande LERICHE 2,ECOLE FERNANDE LERICHE,0.836,Ecole Fernande LERICHE,13 RUE PIERRE SAUVAN,ENSEIGNEMENT ET FORMATION,Enseignement du premier degré,Ecole élémentaire,166.448431376266,-22.2984740950672,etablissements_publics_nc,39,1803,Anse Vata Est
legislatives_2024,1,988,98818,Nouméa,NOUMEA,0009,1153,764,389,757,6,1,4,REG,NAISSELINE,Omayra Lisa Meun,FEMININ,Omayra Lisa Meun NAISSELINE,,23,,,,École Fernande LERICHE 2,ECOLE FERNANDE LERICHE,0.836,Ecole Fernande LERICHE,13 RUE PIERRE SAUVAN,ENSEIGNEMENT ET FORMATION,Enseignement du premier degré,Ecole élémentaire,166.448431376266,-22.2984740950672,etablissements_publics_nc,39,1803,Anse Vata Est
legislatives_2024,1,988,98818,Nouméa,NOUMEA,0009,1153,764,389,757,6,1,5,REC,NASRI,Thomas,MASCULIN,Thomas NASRI,,5,,,,École Fernande LERICHE 2,ECOLE FERNANDE LERICHE,0.836,Ecole Fernande LERICHE,13 RUE PIERRE SAUVAN,ENSEIGNEMENT ET FORMATION,Enseignement du premier degré,Ecole élémentaire,166.448431376266,-22.2984740950672,etablissements_publics_nc,39,1803,Anse Vata Est
legislatives_2024,1,988,98818,Nouméa,NOUMEA,0009,1153,764,389,757,6,1,6,DIV,MILLAR,Manuel,MASCULIN,Manuel MILLAR,,1,,,,École Fernande LERICHE 2,ECOLE FERNANDE LERICHE,0.836,Ecole Fernande LERICHE,13 RUE PIERRE SAUVAN,ENSEIGNEMENT ET FORMATION,Enseignement du premier degré,Ecole élémentaire,166.448431376266,-22.2984740950672,etablissements_publics_nc,39,1803,Anse Vata Est
legislatives_2024,1,988,98818,Nouméa,NOUMEA,0009,1153,764,389,757,6,1,7,DVD,CUENOT,Pierre-Henri,MASCULIN,Pierre-Henri CUENOT,,2,,,,École Fernande LERICHE 2,ECOLE FERNANDE LERICHE,0.836,Ecole Fernande LERICHE,13 RUE PIERRE SAUVAN,ENSEIGNEMENT ET FORMATION,Enseignement du premier degré,Ecole élémentaire,166.448431376266,-22.2984740950672,etablissements_publics_nc,39,1803,Anse Vata Est
legislatives_2024,1,988,98818,Nouméa,NOUMEA,0009,1153,764,389,757,6,1,8,REG,HAOCAS,Muneiko,FEMININ,Muneiko HAOCAS,,2,,,,École Fernande LERICHE 2,ECOLE FERNANDE LERICHE,0.836,Ecole Fernande LERICHE,13 RUE PIERRE SAUVAN,ENSEIGNEMENT ET FORMATION,Enseignement du premier degré,Ecole élémentaire,166.448431376266,-22.2984740950672,etablissements_publics_nc,39,1803,Anse Vata Est
legislatives_2024,1,988,98818,Nouméa,NOUMEA,0009,1153,764,389,757,6,1,9,RN,LOUECKHOTE,Simon,MASCULIN,Simon LOUECKHOTE,,60,,,,École Fernande LERICHE 2,ECOLE FERNANDE LERICHE,0.836,Ecole Fernande LERICHE,13 RUE PIERRE SAUVAN,ENSEIGNEMENT ET FORMATION,Enseignement du premier degré,Ecole élémentaire,166.448431376266,-22.2984740950672,etablissements_publics_nc,39,1803,Anse Vata Est
legislatives_2024,1,988,98818,Nouméa,NOUMEA,0009,1153,764,389,757,6,1,10,REG,NEMIA ÉP BISHOP,Germaine Toléta,FEMININ,Germaine Toléta NEMIA ÉP BISHOP,,0,,,,École Fernande LERICHE 2,ECOLE FERNANDE LERICHE,0.836,Ecole Fernande LERICHE,13 RUE PIERRE SAUVAN,ENSEIGNEMENT ET FORMATION,Enseignement du premier degré,Ecole élémentaire,166.448431376266,-22.2984740950672,etablissements_publics_nc,39,1803,Anse Vata Est
legislatives_2024,1,988,98818,Nouméa,NOUMEA,0009,1153,764,389,757,6,1,11,DVG,FALAEO,Veylma,FEMININ,Veylma FALAEO,,10,,,,École Fernande LERICHE 2,ECOLE FERNANDE LERICHE,0.836,Ecole Fernande LERICHE,13 RUE PIERRE SAUVAN,ENSEIGNEMENT ET FORMATION,Enseignement du premier degré,Ecole élémentaire,166.448431376266,-22.2984740950672,etablissements_publics_nc,39,1803,Anse Vata Est
legislatives_2024,1,988,98818,Nouméa,NOUMEA,0009,1153,764,389,757,6,1,12,ECO,DEVAUD,Cédric,MASCULIN,Cédric DEVAUD,,5,,,,École Fernande LERICHE 2,ECOLE FERNANDE LERICHE,0.836,Ecole Fernande LERICHE,13 RUE PIERRE SAUVAN,ENSEIGNEMENT ET FORMATION,Enseignement du premier degré,Ecole élémentaire,166.448431376266,-22.2984740950672,etablissements_publics_nc,39,1803,Anse Vata Est
legislatives_2024,1,988,98818,Nouméa,NOUMEA,0010,1315,829,486,823,3,3,1,HOR,DUNOYER,Philippe,MASCULIN,Philippe DUNOYER,,111,,,,École Jean MERMOUD 1,ECOLE JEAN MERMOUD,0.85,Ecole Jean MERMOUD,19 RUE MICHEL KAUMA,ENSEIGNEMENT ET FORMATION,Enseignement du premier degré,Ecole primaire,166.454827725543,-22.2956844604928,etablissements_publics_nc,43,1807,N'Géa
legislatives_2024,1,988,98818,Nouméa,NOUMEA,0010,1315,829,486,823,3,3,2,DVD,METZDORF,Nicolas,MASCULIN,Nicolas METZDORF,,605,,,,École Jean MERMOUD 1,ECOLE JEAN MERMOUD,0.85,Ecole Jean MERMOUD,19 RUE MICHEL KAUMA,ENSEIGNEMENT ET FORMATION,Enseignement du premier degré,Ecole primaire,166.454827725543,-22.2956844604928,etablissements_publics_nc,43,1807,N'Géa
legislatives_2024,1,988,98818,Nouméa,NOUMEA,0010,1315,829,486,823,3,3,3,REG,ANGEXETINE ÉP RAILATI,Juanita Ciane,FEMININ,Juanita Ciane ANGEXETINE ÉP RAILATI,,0,,,,École Jean MERMOUD 1,ECOLE JEAN MERMOUD,0.85,Ecole Jean MERMOUD,19 RUE MICHEL KAUMA,ENSEIGNEMENT ET FORMATION,Enseignement du premier degré,Ecole primaire,166.454827725543,-22.2956844604928,etablissements_publics_nc,43,1807,N'Géa
legislatives_2024,1,988,98818,Nouméa,NOUMEA,0010,1315,829,486,823,3,3,4,REG,NAISSELINE,Omayra Lisa Meun,FEMININ,Omayra Lisa Meun NAISSELINE,,14,,,,École Jean MERMOUD 1,ECOLE JEAN MERMOUD,0.85,Ecole Jean MERMOUD,19 RUE MICHEL KAUMA,ENSEIGNEMENT ET FORMATION,Enseignement du premier degré,Ecole primaire,166.454827725543,-22.2956844604928,etablissements_publics_nc,43,1807,N'Géa
legislatives_2024,1,988,98818,Nouméa,NOUMEA,0010,1315,829,486,823,3,3,5,REC,NASRI,Thomas,MASCULIN,Thomas NASRI,,4,,,,École Jean MERMOUD 1,ECOLE JEAN MERMOUD,0.85,Ecole Jean MERMOUD,19 RUE MICHEL KAUMA,ENSEIGNEMENT ET FORMATION,Enseignement du premier degré,Ecole primaire,166.454827725543,-22.2956844604928,etablissements_publics_nc,43,1807,N'Géa
legislatives_2024,1,988,98818,Nouméa,NOUMEA,0010,1315,829,486,823,3,3,6,DIV,MILLAR,Manuel,MASCULIN,Manuel MILLAR,,0,,,,École Jean MERMOUD 1,ECOLE JEAN MERMOUD,0.85,Ecole Jean MERMOUD,19 RUE MICHEL KAUMA,ENSEIGNEMENT ET FORMATION,Enseignement du premier degré,Ecole primaire,166.454827725543,-22.2956844604928,etablissements_publics_nc,43,1807,N'Géa
legislatives_2024,1,988,98818,Nouméa,NOUMEA,0010,1315,829,486,823,3,3,7,DVD,CUENOT,Pierre-Henri,MASCULIN,Pierre-Henri CUENOT,,3,,,,École Jean MERMOUD 1,ECOLE JEAN MERMOUD,0.85,Ecole Jean MERMOUD,19 RUE MICHEL KAUMA,ENSEIGNEMENT ET FORMATION,Enseignement du premier degré,Ecole primaire,166.454827725543,-22.2956844604928,etablissements_publics_nc,43,1807,N'Géa
legislatives_2024,1,988,98818,Nouméa,NOUMEA,0010,1315,829,486,823,3,3,8,REG,HAOCAS,Muneiko,FEMININ,Muneiko HAOCAS,,3,,,,École Jean MERMOUD 1,ECOLE JEAN MERMOUD,0.85,Ecole Jean MERMOUD,19 RUE MICHEL KAUMA,ENSEIGNEMENT ET FORMATION,Enseignement du premier degré,Ecole primaire,166.454827725543,-22.2956844604928,etablissements_publics_nc,43,1807,N'Géa
legislatives_2024,1,988,98818,Nouméa,NOUMEA,0010,1315,829,486,823,3,3,9,RN,LOUECKHOTE,Simon,MASCULIN,Simon LOUECKHOTE,,62,,,,École Jean MERMOUD 1,ECOLE JEAN MERMOUD,0.85,Ecole Jean MERMOUD,19 RUE MICHEL KAUMA,ENSEIGNEMENT ET FORMATION,Enseignement du premier degré,Ecole primaire,166.454827725543,-22.2956844604928,etablissements_publics_nc,43,1807,N'Géa
legislatives_2024,1,988,98818,Nouméa,NOUMEA,0010,1315,829,486,823,3,3,10,REG,NEMIA ÉP BISHOP,Germaine Toléta,FEMININ,Germaine Toléta NEMIA ÉP BISHOP,,0,,,,École Jean MERMOUD 1,ECOLE JEAN MERMOUD,0.85,Ecole Jean MERMOUD,19 RUE MICHEL KAUMA,ENSEIGNEMENT ET FORMATION,Enseignement du premier degré,Ecole primaire,166.454827725543,-22.2956844604928,etablissements_publics_nc,43,1807,N'Géa
legislatives_2024,1,988,98818,Nouméa,NOUMEA,0010,1315,829,486,823,3,3,11,DVG,FALAEO,Veylma,FEMININ,Veylma FALAEO,,13,,,,École Jean MERMOUD 1,ECOLE JEAN MERMOUD,0.85,Ecole Jean MERMOUD,19 RUE MICHEL KAUMA,ENSEIGNEMENT ET FORMATION,Enseignement du premier degré,Ecole primaire,166.454827725543,-22.2956844604928,etablissements_publics_nc,43,1807,N'Géa
legislatives_2024,1,988,98818,Nouméa,NOUMEA,0010,1315,829,486,823,3,3,12,ECO,DEVAUD,Cédric,MASCULIN,Cédric DEVAUD,,8,,,,École Jean MERMOUD 1,ECOLE JEAN MERMOUD,0.85,Ecole Jean MERMOUD,19 RUE MICHEL KAUMA,ENSEIGNEMENT ET FORMATION,Enseignement du premier degré,Ecole primaire,166.454827725543,-22.2956844604928,etablissements_publics_nc,43,1807,N'Géa
legislatives_2024,1,988,98818,Nouméa,NOUMEA,0011,1299,926,373,925,0,1,1,HOR,DUNOYER,Philippe,MASCULIN,Philippe DUNOYER,,114,,,,École Jean MERMOUD 2,ECOLE JEAN MERMOUD,0.85,Ecole Jean MERMOUD,19 RUE MICHEL KAUMA,ENSEIGNEMENT ET FORMATION,Enseignement du premier degré,Ecole primaire,166.454827725543,-22.2956844604928,etablissements_publics_nc,43,1807,N'Géa
legislatives_2024,1,988,98818,Nouméa,NOUMEA,0011,1299,926,373,925,0,1,2,DVD,METZDORF,Nicolas,MASCULIN,Nicolas METZDORF,,735,,,,École Jean MERMOUD 2,ECOLE JEAN MERMOUD,0.85,Ecole Jean MERMOUD,19 RUE MICHEL KAUMA,ENSEIGNEMENT ET FORMATION,Enseignement du premier degré,Ecole primaire,166.454827725543,-22.2956844604928,etablissements_publics_nc,43,1807,N'Géa
legislatives_2024,1,988,98818,Nouméa,NOUMEA,0011,1299,926,373,925,0,1,3,REG,ANGEXETINE ÉP RAILATI,Juanita Ciane,FEMININ,Juanita Ciane ANGEXETINE ÉP RAILATI,,0,,,,École Jean MERMOUD 2,ECOLE JEAN MERMOUD,0.85,Ecole Jean MERMOUD,19 RUE MICHEL KAUMA,ENSEIGNEMENT ET FORMATION,Enseignement du premier degré,Ecole primaire,166.454827725543,-22.2956844604928,etablissements_publics_nc,43,1807,N'Géa
legislatives_2024,1,988,98818,Nouméa,NOUMEA,0011,1299,926,373,925,0,1,4,REG,NAISSELINE,Omayra Lisa Meun,FEMININ,Omayra Lisa Meun NAISSELINE,,2,,,,École Jean MERMOUD 2,ECOLE JEAN MERMOUD,0.85,Ecole Jean MERMOUD,19 RUE MICHEL KAUMA,ENSEIGNEMENT ET FORMATION,Enseignement du premier degré,Ecole primaire,166.454827725543,-22.2956844604928,etablissements_publics_nc,43,1807,N'Géa
legislatives_2024,1,988,98818,Nouméa,NOUMEA,0011,1299,926,373,925,0,1,5,REC,NASRI,Thomas,MASCULIN,Thomas NASRI,,9,,,,École Jean MERMOUD 2,ECOLE JEAN MERMOUD,0.85,Ecole Jean MERMOUD,19 RUE MICHEL KAUMA,ENSEIGNEMENT ET FORMATION,Enseignement du premier degré,Ecole primaire,166.454827725543,-22.2956844604928,etablissements_publics_nc,43,1807,N'Géa
legislatives_2024,1,988,98818,Nouméa,NOUMEA,0011,1299,926,373,925,0,1,6,DIV,MILLAR,Manuel,MASCULIN,Manuel MILLAR,,0,,,,École Jean MERMOUD 2,ECOLE JEAN MERMOUD,0.85,Ecole Jean MERMOUD,19 RUE MICHEL KAUMA,ENSEIGNEMENT ET FORMATION,Enseignement du premier degré,Ecole primaire,166.454827725543,-22.2956844604928,etablissements_publics_nc,43,1807,N'Géa
legislatives_2024,1,988,98818,Nouméa,NOUMEA,0011,1299,926,373,925,0,1,7,DVD,CUENOT,Pierre-Henri,MASCULIN,Pierre-Henri CUENOT,,3,,,,École Jean MERMOUD 2,ECOLE JEAN MERMOUD,0.85,Ecole Jean MERMOUD,19 RUE MICHEL KAUMA,ENSEIGNEMENT ET FORMATION,Enseignement du premier degré,Ecole primaire,166.454827725543,-22.2956844604928,etablissements_publics_nc,43,1807,N'Géa
legislatives_2024,1,988,98818,Nouméa,NOUMEA,0011,1299,926,373,925,0,1,8,REG,HAOCAS,Muneiko,FEMININ,Muneiko HAOCAS,,2,,,,École Jean MERMOUD 2,ECOLE JEAN MERMOUD,0.85,Ecole Jean MERMOUD,19 RUE MICHEL KAUMA,ENSEIGNEMENT ET FORMATION,Enseignement du premier degré,Ecole primaire,166.454827725543,-22.2956844604928,etablissements_publics_nc,43,1807,N'Géa
legislatives_2024,1,988,98818,Nouméa,NOUMEA,0011,1299,926,373,925,0,1,9,RN,LOUECKHOTE,Simon,MASCULIN,Simon LOUECKHOTE,,42,,,,École Jean MERMOUD 2,ECOLE JEAN MERMOUD,0.85,Ecole Jean MERMOUD,19 RUE MICHEL KAUMA,ENSEIGNEMENT ET FORMATION,Enseignement du premier degré,Ecole primaire,166.454827725543,-22.2956844604928,etablissements_publics_nc,43,1807,N'Géa
legislatives_2024,1,988,98818,Nouméa,NOUMEA,0011,1299,926,373,925,0,1,10,REG,NEMIA ÉP BISHOP,Germaine Toléta,FEMININ,Germaine Toléta NEMIA ÉP BISHOP,,0,,,,École Jean MERMOUD 2,ECOLE JEAN MERMOUD,0.85,Ecole Jean MERMOUD,19 RUE MICHEL KAUMA,ENSEIGNEMENT ET FORMATION,Enseignement du premier degré,Ecole primaire,166.454827725543,-22.2956844604928,etablissements_publics_nc,43,1807,N'Géa
legislatives_2024,1,988,98818,Nouméa,NOUMEA,0011,1299,926,373,925,0,1,11,DVG,FALAEO,Veylma,FEMININ,Veylma FALAEO,,16,,,,École Jean MERMOUD 2,ECOLE JEAN MERMOUD,0.85,Ecole Jean MERMOUD,19 RUE MICHEL KAUMA,ENSEIGNEMENT ET FORMATION,Enseignement du premier degré,Ecole primaire,166.454827725543,-22.2956844604928,etablissements_publics_nc,43,1807,N'Géa
legislatives_2024,1,988,98818,Nouméa,NOUMEA,0011,1299,926,373,925,0,1,12,ECO,DEVAUD,Cédric,MASCULIN,Cédric DEVAUD,,2,,,,École Jean MERMOUD 2,ECOLE JEAN MERMOUD,0.85,Ecole Jean MERMOUD,19 RUE MICHEL KAUMA,ENSEIGNEMENT ET FORMATION,Enseignement du premier degré,Ecole primaire,166.454827725543,-22.2956844604928,etablissements_publics_nc,43,1807,N'Géa
legislatives_2024,1,988,98818,Nouméa,NOUMEA,0012,1353,839,514,829,9,1,1,HOR,DUNOYER,Philippe,MASCULIN,Philippe DUNOYER,,153,,,,École Ernest RISBEC 1,ECOLE ERNEST RISBEC,0.859,Ecole Ernest RISBEC,19 RUE DU COMMANDANT RIVIERE,ENSEIGNEMENT ET FORMATION,Enseignement du premier degré,Ecole primaire,166.451704940929,-22.2838445188063,etablissements_publics_nc,44,1808,Trianon
legislatives_2024,1,988,98818,Nouméa,NOUMEA,0012,1353,839,514,829,9,1,2,DVD,METZDORF,Nicolas,MASCULIN,Nicolas METZDORF,,543,,,,École Ernest RISBEC 1,ECOLE ERNEST RISBEC,0.859,Ecole Ernest RISBEC,19 RUE DU COMMANDANT RIVIERE,ENSEIGNEMENT ET FORMATION,Enseignement du premier degré,Ecole primaire,166.451704940929,-22.2838445188063,etablissements_publics_nc,44,1808,Trianon
legislatives_2024,1,988,98818,Nouméa,NOUMEA,0012,1353,839,514,829,9,1,3,REG,ANGEXETINE ÉP RAILATI,Juanita Ciane,FEMININ,Juanita Ciane ANGEXETINE ÉP RAILATI,,1,,,,École Ernest RISBEC 1,ECOLE ERNEST RISBEC,0.859,Ecole Ernest RISBEC,19 RUE DU COMMANDANT RIVIERE,ENSEIGNEMENT ET FORMATION,Enseignement du premier degré,Ecole primaire,166.451704940929,-22.2838445188063,etablissements_publics_nc,44,1808,Trianon
legislatives_2024,1,988,98818,Nouméa,NOUMEA,0012,1353,839,514,829,9,1,4,REG,NAISSELINE,Omayra Lisa Meun,FEMININ,Omayra Lisa Meun NAISSELINE,,31,,,,École Ernest RISBEC 1,ECOLE ERNEST RISBEC,0.859,Ecole Ernest RISBEC,19 RUE DU COMMANDANT RIVIERE,ENSEIGNEMENT ET FORMATION,Enseignement du premier degré,Ecole primaire,166.451704940929,-22.2838445188063,etablissements_publics_nc,44,1808,Trianon
legislatives_2024,1,988,98818,Nouméa,NOUMEA,0012,1353,839,514,829,9,1,5,REC,NASRI,Thomas,MASCULIN,Thomas NASRI,,9,,,,École Ernest RISBEC 1,ECOLE ERNEST RISBEC,0.859,Ecole Ernest RISBEC,19 RUE DU COMMANDANT RIVIERE,ENSEIGNEMENT ET FORMATION,Enseignement du premier degré,Ecole primaire,166.451704940929,-22.2838445188063,etablissements_publics_nc,44,1808,Trianon
legislatives_2024,1,988,98818,Nouméa,NOUMEA,0012,1353,839,514,829,9,1,6,DIV,MILLAR,Manuel,MASCULIN,Manuel MILLAR,,1,,,,École Ernest RISBEC 1,ECOLE ERNEST RISBEC,0.859,Ecole Ernest RISBEC,19 RUE DU COMMANDANT RIVIERE,ENSEIGNEMENT ET FORMATION,Enseignement du premier degré,Ecole primaire,166.451704940929,-22.2838445188063,etablissements_publics_nc,44,1808,Trianon
legislatives_2024,1,988,98818,Nouméa,NOUMEA,0012,1353,839,514,829,9,1,7,DVD,CUENOT,Pierre-Henri,MASCULIN,Pierre-Henri CUENOT,,1,,,,École Ernest RISBEC 1,ECOLE ERNEST RISBEC,0.859,Ecole Ernest RISBEC,19 RUE DU COMMANDANT RIVIERE,ENSEIGNEMENT ET FORMATION,Enseignement du premier degré,Ecole primaire,166.451704940929,-22.2838445188063,etablissements_publics_nc,44,1808,Trianon
legislatives_2024,1,988,98818,Nouméa,NOUMEA,0012,1353,839,514,829,9,1,8,REG,HAOCAS,Muneiko,FEMININ,Muneiko HAOCAS,,6,,,,École Ernest RISBEC 1,ECOLE ERNEST RISBEC,0.859,Ecole Ernest RISBEC,19 RUE DU COMMANDANT RIVIERE,ENSEIGNEMENT ET FORMATION,Enseignement du premier degré,Ecole primaire,166.451704940929,-22.2838445188063,etablissements_publics_nc,44,1808,Trianon
legislatives_2024,1,988,98818,Nouméa,NOUMEA,0012,1353,839,514,829,9,1,9,RN,LOUECKHOTE,Simon,MASCULIN,Simon LOUECKHOTE,,59,,,,École Ernest RISBEC 1,ECOLE ERNEST RISBEC,0.859,Ecole Ernest RISBEC,19 RUE DU COMMANDANT RIVIERE,ENSEIGNEMENT ET FORMATION,Enseignement du premier degré,Ecole primaire,166.451704940929,-22.2838445188063,etablissements_publics_nc,44,1808,Trianon
legislatives_2024,1,988,98818,Nouméa,NOUMEA,0012,1353,839,514,829,9,1,10,REG,NEMIA ÉP BISHOP,Germaine Toléta,FEMININ,Germaine Toléta NEMIA ÉP BISHOP,,0,,,,École Ernest RISBEC 1,ECOLE ERNEST RISBEC,0.859,Ecole Ernest RISBEC,19 RUE DU COMMANDANT RIVIERE,ENSEIGNEMENT ET FORMATION,Enseignement du premier degré,Ecole primaire,166.451704940929,-22.2838445188063,etablissements_publics_nc,44,1808,Trianon
legislatives_2024,1,988,98818,Nouméa,NOUMEA,0012,1353,839,514,829,9,1,11,DVG,FALAEO,Veylma,FEMININ,Veylma FALAEO,,19,,,,École Ernest RISBEC 1,ECOLE ERNEST RISBEC,0.859,Ecole Ernest RISBEC,19 RUE DU COMMANDANT RIVIERE,ENSEIGNEMENT ET FORMATION,Enseignement du premier degré,Ecole primaire,166.451704940929,-22.2838445188063,etablissements_publics_nc,44,1808,Trianon
legislatives_2024,1,988,98818,Nouméa,NOUMEA,0012,1353,839,514,829,9,1,12,ECO,DEVAUD,Cédric,MASCULIN,Cédric DEVAUD,,6,,,,École Ernest RISBEC 1,ECOLE ERNEST RISBEC,0.859,Ecole Ernest RISBEC,19 RUE DU COMMANDANT RIVIERE,ENSEIGNEMENT ET FORMATION,Enseignement du premier degré,Ecole primaire,166.451704940929,-22.2838445188063,etablissements_publics_nc,44,1808,Trianon
legislatives_2024,1,988,98818,Nouméa,NOUMEA,0013,1087,664,423,647,12,5,1,HOR,DUNOYER,Philippe,MASCULIN,Philippe DUNOYER,,83,,,,École Ernest RISBEC 2,ECOLE ERNEST RISBEC,0.859,Ecole Ernest RISBEC,19 RUE DU COMMANDANT RIVIERE,ENSEIGNEMENT ET FORMATION,Enseignement du premier degré,Ecole primaire,166.451704940929,-22.2838445188063,etablissements_publics_nc,44,1808,Trianon
legislatives_2024,1,988,98818,Nouméa,NOUMEA,0013,1087,664,423,647,12,5,2,DVD,METZDORF,Nicolas,MASCULIN,Nicolas METZDORF,,445,,,,École Ernest RISBEC 2,ECOLE ERNEST RISBEC,0.859,Ecole Ernest RISBEC,19 RUE DU COMMANDANT RIVIERE,ENSEIGNEMENT ET FORMATION,Enseignement du premier degré,Ecole primaire,166.451704940929,-22.2838445188063,etablissements_publics_nc,44,1808,Trianon
legislatives_2024,1,988,98818,Nouméa,NOUMEA,0013,1087,664,423,647,12,5,3,REG,ANGEXETINE ÉP RAILATI,Juanita Ciane,FEMININ,Juanita Ciane ANGEXETINE ÉP RAILATI,,0,,,,École Ernest RISBEC 2,ECOLE ERNEST RISBEC,0.859,Ecole Ernest RISBEC,19 RUE DU COMMANDANT RIVIERE,ENSEIGNEMENT ET FORMATION,Enseignement du premier degré,Ecole primaire,166.451704940929,-22.2838445188063,etablissements_publics_nc,44,1808,Trianon
legislatives_2024,1,988,98818,Nouméa,NOUMEA,0013,1087,664,423,647,12,5,4,REG,NAISSELINE,Omayra Lisa Meun,FEMININ,Omayra Lisa Meun NAISSELINE,,37,,,,École Ernest RISBEC 2,ECOLE ERNEST RISBEC,0.859,Ecole Ernest RISBEC,19 RUE DU COMMANDANT RIVIERE,ENSEIGNEMENT ET FORMATION,Enseignement du premier degré,Ecole primaire,166.451704940929,-22.2838445188063,etablissements_publics_nc,44,1808,Trianon
legislatives_2024,1,988,98818,Nouméa,NOUMEA,0013,1087,664,423,647,12,5,5,REC,NASRI,Thomas,MASCULIN,Thomas NASRI,,2,,,,École Ernest RISBEC 2,ECOLE ERNEST RISBEC,0.859,Ecole Ernest RISBEC,19 RUE DU COMMANDANT RIVIERE,ENSEIGNEMENT ET FORMATION,Enseignement du premier degré,Ecole primaire,166.451704940929,-22.2838445188063,etablissements_publics_nc,44,1808,Trianon
legislatives_2024,1,988,98818,Nouméa,NOUMEA,0013,1087,664,423,647,12,5,6,DIV,MILLAR,Manuel,MASCULIN,Manuel MILLAR,,0,,,,École Ernest RISBEC 2,ECOLE ERNEST RISBEC,0.859,Ecole Ernest RISBEC,19 RUE DU COMMANDANT RIVIERE,ENSEIGNEMENT ET FORMATION,Enseignement du premier degré,Ecole primaire,166.451704940929,-22.2838445188063,etablissements_publics_nc,44,1808,Trianon
legislatives_2024,1,988,98818,Nouméa,NOUMEA,0013,1087,664,423,647,12,5,7,DVD,CUENOT,Pierre-Henri,MASCULIN,Pierre-Henri CUENOT,,2,,,,École Ernest RISBEC 2,ECOLE ERNEST RISBEC,0.859,Ecole Ernest RISBEC,19 RUE DU COMMANDANT RIVIERE,ENSEIGNEMENT ET FORMATION,Enseignement du premier degré,Ecole primaire,166.451704940929,-22.2838445188063,etablissements_publics_nc,44,1808,Trianon
legislatives_2024,1,988,98818,Nouméa,NOUMEA,0013,1087,664,423,647,12,5,8,REG,HAOCAS,Muneiko,FEMININ,Muneiko HAOCAS,,5,,,,École Ernest RISBEC 2,ECOLE ERNEST RISBEC,0.859,Ecole Ernest RISBEC,19 RUE DU COMMANDANT RIVIERE,ENSEIGNEMENT ET FORMATION,Enseignement du premier degré,Ecole primaire,166.451704940929,-22.2838445188063,etablissements_publics_nc,44,1808,Trianon
legislatives_2024,1,988,98818,Nouméa,NOUMEA,0013,1087,664,423,647,12,5,9,RN,LOUECKHOTE,Simon,MASCULIN,Simon LOUECKHOTE,,38,,,,École Ernest RISBEC 2,ECOLE ERNEST RISBEC,0.859,Ecole Ernest RISBEC,19 RUE DU COMMANDANT RIVIERE,ENSEIGNEMENT ET FORMATION,Enseignement du premier degré,Ecole primaire,166.451704940929,-22.2838445188063,etablissements_publics_nc,44,1808,Trianon
legislatives_2024,1,988,98818,Nouméa,NOUMEA,0013,1087,664,423,647,12,5,10,REG,NEMIA ÉP BISHOP,Germaine Toléta,FEMININ,Germaine Toléta NEMIA ÉP BISHOP,,0,,,,École Ernest RISBEC 2,ECOLE ERNEST RISBEC,0.859,Ecole Ernest RISBEC,19 RUE DU COMMANDANT RIVIERE,ENSEIGNEMENT ET FORMATION,Enseignement du premier degré,Ecole primaire,166.451704940929,-22.2838445188063,etablissements_publics_nc,44,1808,Trianon
legislatives_2024,1,988,98818,Nouméa,NOUMEA,0013,1087,664,423,647,12,5,11,DVG,FALAEO,Veylma,FEMININ,Veylma FALAEO,,30,,,,École Ernest RISBEC 2,ECOLE ERNEST RISBEC,0.859,Ecole Ernest RISBEC,19 RUE DU COMMANDANT RIVIERE,ENSEIGNEMENT ET FORMATION,Enseignement du premier degré,Ecole primaire,166.451704940929,-22.2838445188063,etablissements_publics_nc,44,1808,Trianon
legislatives_2024,1,988,98818,Nouméa,NOUMEA,0013,1087,664,423,647,12,5,12,ECO,DEVAUD,Cédric,MASCULIN,Cédric DEVAUD,,5,,,,École Ernest RISBEC 2,ECOLE ERNEST RISBEC,0.859,Ecole Ernest RISBEC,19 RUE DU COMMANDANT RIVIERE,ENSEIGNEMENT ET FORMATION,Enseignement du premier degré,Ecole primaire,166.451704940929,-22.2838445188063,etablissements_publics_nc,44,1808,Trianon
legislatives_2024,1,988,98818,Nouméa,NOUMEA,0014,1155,632,523,624,5,3,1,HOR,DUNOYER,Philippe,MASCULIN,Philippe DUNOYER,,89,,,,École Paul BOYER 1,ECOLE PAUL BOYER,0.812,Ecole Paul BOYER,10 RUE BOUGAINVILLE,ENSEIGNEMENT ET FORMATION,Enseignement du premier degré,Groupe scolaire,166.452482969153,-22.2781620536236,etablissements_publics_nc,47,1811,Faubourg Blanchot
legislatives_2024,1,988,98818,Nouméa,NOUMEA,0014,1155,632,523,624,5,3,2,DVD,METZDORF,Nicolas,MASCULIN,Nicolas METZDORF,,423,,,,École Paul BOYER 1,ECOLE PAUL BOYER,0.812,Ecole Paul BOYER,10 RUE BOUGAINVILLE,ENSEIGNEMENT ET FORMATION,Enseignement du premier degré,Groupe scolaire,166.452482969153,-22.2781620536236,etablissements_publics_nc,47,1811,Faubourg Blanchot
legislatives_2024,1,988,98818,Nouméa,NOUMEA,0014,1155,632,523,624,5,3,3,REG,ANGEXETINE ÉP RAILATI,Juanita Ciane,FEMININ,Juanita Ciane ANGEXETINE ÉP RAILATI,,0,,,,École Paul BOYER 1,ECOLE PAUL BOYER,0.812,Ecole Paul BOYER,10 RUE BOUGAINVILLE,ENSEIGNEMENT ET FORMATION,Enseignement du premier degré,Groupe scolaire,166.452482969153,-22.2781620536236,etablissements_publics_nc,47,1811,Faubourg Blanchot
legislatives_2024,1,988,98818,Nouméa,NOUMEA,0014,1155,632,523,624,5,3,4,REG,NAISSELINE,Omayra Lisa Meun,FEMININ,Omayra Lisa Meun NAISSELINE,,36,,,,École Paul BOYER 1,ECOLE PAUL BOYER,0.812,Ecole Paul BOYER,10 RUE BOUGAINVILLE,ENSEIGNEMENT ET FORMATION,Enseignement du premier degré,Groupe scolaire,166.452482969153,-22.2781620536236,etablissements_publics_nc,47,1811,Faubourg Blanchot
legislatives_2024,1,988,98818,Nouméa,NOUMEA,0014,1155,632,523,624,5,3,5,REC,NASRI,Thomas,MASCULIN,Thomas NASRI,,2,,,,École Paul BOYER 1,ECOLE PAUL BOYER,0.812,Ecole Paul BOYER,10 RUE BOUGAINVILLE,ENSEIGNEMENT ET FORMATION,Enseignement du premier degré,Groupe scolaire,166.452482969153,-22.2781620536236,etablissements_publics_nc,47,1811,Faubourg Blanchot
legislatives_2024,1,988,98818,Nouméa,NOUMEA,0014,1155,632,523,624,5,3,6,DIV,MILLAR,Manuel,MASCULIN,Manuel MILLAR,,0,,,,École Paul BOYER 1,ECOLE PAUL BOYER,0.812,Ecole Paul BOYER,10 RUE BOUGAINVILLE,ENSEIGNEMENT ET FORMATION,Enseignement du premier degré,Groupe scolaire,166.452482969153,-22.2781620536236,etablissements_publics_nc,47,1811,Faubourg Blanchot
legislatives_2024,1,988,98818,Nouméa,NOUMEA,0014,1155,632,523,624,5,3,7,DVD,CUENOT,Pierre-Henri,MASCULIN,Pierre-Henri CUENOT,,2,,,,École Paul BOYER 1,ECOLE PAUL BOYER,0.812,Ecole Paul BOYER,10 RUE BOUGAINVILLE,ENSEIGNEMENT ET FORMATION,Enseignement du premier degré,Groupe scolaire,166.452482969153,-22.2781620536236,etablissements_publics_nc,47,1811,Faubourg Blanchot
legislatives_2024,1,988,98818,Nouméa,NOUMEA,0014,1155,632,523,624,5,3,8,REG,HAOCAS,Muneiko,FEMININ,Muneiko HAOCAS,,3,,,,École Paul BOYER 1,ECOLE PAUL BOYER,0.812,Ecole Paul BOYER,10 RUE BOUGAINVILLE,ENSEIGNEMENT ET FORMATION,Enseignement du premier degré,Groupe scolaire,166.452482969153,-22.2781620536236,etablissements_publics_nc,47,1811,Faubourg Blanchot
legislatives_2024,1,988,98818,Nouméa,NOUMEA,0014,1155,632,523,624,5,3,9,RN,LOUECKHOTE,Simon,MASCULIN,Simon LOUECKHOTE,,54,,,,École Paul BOYER 1,ECOLE PAUL BOYER,0.812,Ecole Paul BOYER,10 RUE BOUGAINVILLE,ENSEIGNEMENT ET FORMATION,Enseignement du premier degré,Groupe scolaire,166.452482969153,-22.2781620536236,etablissements_publics_nc,47,1811,Faubourg Blanchot
legislatives_2024,1,988,98818,Nouméa,NOUMEA,0014,1155,632,523,624,5,3,10,REG,NEMIA ÉP BISHOP,Germaine Toléta,FEMININ,Germaine Toléta NEMIA ÉP BISHOP,,1,,,,École Paul BOYER 1,ECOLE PAUL BOYER,0.812,Ecole Paul BOYER,10 RUE BOUGAINVILLE,ENSEIGNEMENT ET FORMATION,Enseignement du premier degré,Groupe scolaire,166.452482969153,-22.2781620536236,etablissements_publics_nc,47,1811,Faubourg Blanchot
legislatives_2024,1,988,98818,Nouméa,NOUMEA,0014,1155,632,523,624,5,3,11,DVG,FALAEO,Veylma,FEMININ,Veylma FALAEO,,13,,,,École Paul BOYER 1,ECOLE PAUL BOYER,0.812,Ecole Paul BOYER,10 RUE BOUGAINVILLE,ENSEIGNEMENT ET FORMATION,Enseignement du premier degré,Groupe scolaire,166.452482969153,-22.2781620536236,etablissements_publics_nc,47,1811,Faubourg Blanchot
legislatives_2024,1,988,98818,Nouméa,NOUMEA,0014,1155,632,523,624,5,3,12,ECO,DEVAUD,Cédric,MASCULIN,Cédric DEVAUD,,1,,,,École Paul BOYER 1,ECOLE PAUL BOYER,0.812,Ecole Paul BOYER,10 RUE BOUGAINVILLE,ENSEIGNEMENT ET FORMATION,Enseignement du premier degré,Groupe scolaire,166.452482969153,-22.2781620536236,etablissements_publics_nc,47,1811,Faubourg Blanchot
legislatives_2024,1,988,98818,Nouméa,NOUMEA,0015,976,646,330,637,6,3,1,HOR,DUNOYER,Philippe,MASCULIN,Philippe DUNOYER,,89,,,,École les CAPUCINES,ECOLE CAPUCINES,0.8,Ecole LES CAPUCINES,41 RUE TARAGNAT,ENSEIGNEMENT ET FORMATION,Enseignement du premier degré,Groupe scolaire,166.457228804171,-22.2753677119578,etablissements_publics_nc,49,1813,Vallée des Colons Sud Ouest
legislatives_2024,1,988,98818,Nouméa,NOUMEA,0015,976,646,330,637,6,3,2,DVD,METZDORF,Nicolas,MASCULIN,Nicolas METZDORF,,453,,,,École les CAPUCINES,ECOLE CAPUCINES,0.8,Ecole LES CAPUCINES,41 RUE TARAGNAT,ENSEIGNEMENT ET FORMATION,Enseignement du premier degré,Groupe scolaire,166.457228804171,-22.2753677119578,etablissements_publics_nc,49,1813,Vallée des Colons Sud Ouest
legislatives_2024,1,988,98818,Nouméa,NOUMEA,0015,976,646,330,637,6,3,3,REG,ANGEXETINE ÉP RAILATI,Juanita Ciane,FEMININ,Juanita Ciane ANGEXETINE ÉP RAILATI,,1,,,,École les CAPUCINES,ECOLE CAPUCINES,0.8,Ecole LES CAPUCINES,41 RUE TARAGNAT,ENSEIGNEMENT ET FORMATION,Enseignement du premier degré,Groupe scolaire,166.457228804171,-22.2753677119578,etablissements_publics_nc,49,1813,Vallée des Colons Sud Ouest
legislatives_2024,1,988,98818,Nouméa,NOUMEA,0015,976,646,330,637,6,3,4,REG,NAISSELINE,Omayra Lisa Meun,FEMININ,Omayra Lisa Meun NAISSELINE,,31,,,,École les CAPUCINES,ECOLE CAPUCINES,0.8,Ecole LES CAPUCINES,41 RUE TARAGNAT,ENSEIGNEMENT ET FORMATION,Enseignement du premier degré,Groupe scolaire,166.457228804171,-22.2753677119578,etablissements_publics_nc,49,1813,Vallée des Colons Sud Ouest
legislatives_2024,1,988,98818,Nouméa,NOUMEA,0015,976,646,330,637,6,3,5,REC,NASRI,Thomas,MASCULIN,Thomas NASRI,,1,,,,École les CAPUCINES,ECOLE CAPUCINES,0.8,Ecole LES CAPUCINES,41 RUE TARAGNAT,ENSEIGNEMENT ET FORMATION,Enseignement du premier degré,Groupe scolaire,166.457228804171,-22.2753677119578,etablissements_publics_nc,49,1813,Vallée des Colons Sud Ouest
legislatives_2024,1,988,98818,Nouméa,NOUMEA,0015,976,646,330,637,6,3,6,DIV,MILLAR,Manuel,MASCULIN,Manuel MILLAR,,1,,,,École les CAPUCINES,ECOLE CAPUCINES,0.8,Ecole LES CAPUCINES,41 RUE TARAGNAT,ENSEIGNEMENT ET FORMATION,Enseignement du premier degré,Groupe scolaire,166.457228804171,-22.2753677119578,etablissements_publics_nc,49,1813,Vallée des Colons Sud Ouest
legislatives_2024,1,988,98818,Nouméa,NOUMEA,0015,976,646,330,637,6,3,7,DVD,CUENOT,Pierre-Henri,MASCULIN,Pierre-Henri CUENOT,,2,,,,École les CAPUCINES,ECOLE CAPUCINES,0.8,Ecole LES CAPUCINES,41 RUE TARAGNAT,ENSEIGNEMENT ET FORMATION,Enseignement du premier degré,Groupe scolaire,166.457228804171,-22.2753677119578,etablissements_publics_nc,49,1813,Vallée des Colons Sud Ouest
legislatives_2024,1,988,98818,Nouméa,NOUMEA,0015,976,646,330,637,6,3,8,REG,HAOCAS,Muneiko,FEMININ,Muneiko HAOCAS,,5,,,,École les CAPUCINES,ECOLE CAPUCINES,0.8,Ecole LES CAPUCINES,41 RUE TARAGNAT,ENSEIGNEMENT ET FORMATION,Enseignement du premier degré,Groupe scolaire,166.457228804171,-22.2753677119578,etablissements_publics_nc,49,1813,Vallée des Colons Sud Ouest
legislatives_2024,1,988,98818,Nouméa,NOUMEA,0015,976,646,330,637,6,3,9,RN,LOUECKHOTE,Simon,MASCULIN,Simon LOUECKHOTE,,35,,,,École les CAPUCINES,ECOLE CAPUCINES,0.8,Ecole LES CAPUCINES,41 RUE TARAGNAT,ENSEIGNEMENT ET FORMATION,Enseignement du premier degré,Groupe scolaire,166.457228804171,-22.2753677119578,etablissements_publics_nc,49,1813,Vallée des Colons Sud Ouest
legislatives_2024,1,988,98818,Nouméa,NOUMEA,0015,976,646,330,637,6,3,10,REG,NEMIA ÉP BISHOP,Germaine Toléta,FEMININ,Germaine Toléta NEMIA ÉP BISHOP,,0,,,,École les CAPUCINES,ECOLE CAPUCINES,0.8,Ecole LES CAPUCINES,41 RUE TARAGNAT,ENSEIGNEMENT ET FORMATION,Enseignement du premier degré,Groupe scolaire,166.457228804171,-22.2753677119578,etablissements_publics_nc,49,1813,Vallée des Colons Sud Ouest
legislatives_2024,1,988,98818,Nouméa,NOUMEA,0015,976,646,330,637,6,3,11,DVG,FALAEO,Veylma,FEMININ,Veylma FALAEO,,18,,,,École les CAPUCINES,ECOLE CAPUCINES,0.8,Ecole LES CAPUCINES,41 RUE TARAGNAT,ENSEIGNEMENT ET FORMATION,Enseignement du premier degré,Groupe scolaire,166.457228804171,-22.2753677119578,etablissements_publics_nc,49,1813,Vallée des Colons Sud Ouest
legislatives_2024,1,988,98818,Nouméa,NOUMEA,0015,976,646,330,637,6,3,12,ECO,DEVAUD,Cédric,MASCULIN,Cédric DEVAUD,,1,,,,École les CAPUCINES,ECOLE CAPUCINES,0.8,Ecole LES CAPUCINES,41 RUE TARAGNAT,ENSEIGNEMENT ET FORMATION,Enseignement du premier degré,Groupe scolaire,166.457228804171,-22.2753677119578,etablissements_publics_nc,49,1813,Vallée des Colons Sud Ouest
legislatives_2024,1,988,98818,Nouméa,NOUMEA,0016,1173,690,483,685,3,2,1,HOR,DUNOYER,Philippe,MASCULIN,Philippe DUNOYER,,104,,,,École Candide KOCH 1,ECOLE CANDIDE KOCH,0.833,Ecole Candide KOCH,33 RUE TARAGNAT,ENSEIGNEMENT ET FORMATION,Enseignement du premier degré,Groupe scolaire,166.456450040223,-22.2745660873879,etablissements_publics_nc,49,1813,Vallée des Colons Sud Ouest
legislatives_2024,1,988,98818,Nouméa,NOUMEA,0016,1173,690,483,685,3,2,2,DVD,METZDORF,Nicolas,MASCULIN,Nicolas METZDORF,,430,,,,École Candide KOCH 1,ECOLE CANDIDE KOCH,0.833,Ecole Candide KOCH,33 RUE TARAGNAT,ENSEIGNEMENT ET FORMATION,Enseignement du premier degré,Groupe scolaire,166.456450040223,-22.2745660873879,etablissements_publics_nc,49,1813,Vallée des Colons Sud Ouest
legislatives_2024,1,988,98818,Nouméa,NOUMEA,0016,1173,690,483,685,3,2,3,REG,ANGEXETINE ÉP RAILATI,Juanita Ciane,FEMININ,Juanita Ciane ANGEXETINE ÉP RAILATI,,1,,,,École Candide KOCH 1,ECOLE CANDIDE KOCH,0.833,Ecole Candide KOCH,33 RUE TARAGNAT,ENSEIGNEMENT ET FORMATION,Enseignement du premier degré,Groupe scolaire,166.456450040223,-22.2745660873879,etablissements_publics_nc,49,1813,Vallée des Colons Sud Ouest
legislatives_2024,1,988,98818,Nouméa,NOUMEA,0016,1173,690,483,685,3,2,4,REG,NAISSELINE,Omayra Lisa Meun,FEMININ,Omayra Lisa Meun NAISSELINE,,69,,,,École Candide KOCH 1,ECOLE CANDIDE KOCH,0.833,Ecole Candide KOCH,33 RUE TARAGNAT,ENSEIGNEMENT ET FORMATION,Enseignement du premier degré,Groupe scolaire,166.456450040223,-22.2745660873879,etablissements_publics_nc,49,1813,Vallée des Colons Sud Ouest
legislatives_2024,1,988,98818,Nouméa,NOUMEA,0016,1173,690,483,685,3,2,5,REC,NASRI,Thomas,MASCULIN,Thomas NASRI,,1,,,,École Candide KOCH 1,ECOLE CANDIDE KOCH,0.833,Ecole Candide KOCH,33 RUE TARAGNAT,ENSEIGNEMENT ET FORMATION,Enseignement du premier degré,Groupe scolaire,166.456450040223,-22.2745660873879,etablissements_publics_nc,49,1813,Vallée des Colons Sud Ouest
legislatives_2024,1,988,98818,Nouméa,NOUMEA,0016,1173,690,483,685,3,2,6,DIV,MILLAR,Manuel,MASCULIN,Manuel MILLAR,,1,,,,École Candide KOCH 1,ECOLE CANDIDE KOCH,0.833,Ecole Candide KOCH,33 RUE TARAGNAT,ENSEIGNEMENT ET FORMATION,Enseignement du premier degré,Groupe scolaire,166.456450040223,-22.2745660873879,etablissements_publics_nc,49,1813,Vallée des Colons Sud Ouest
legislatives_2024,1,988,98818,Nouméa,NOUMEA,0016,1173,690,483,685,3,2,7,DVD,CUENOT,Pierre-Henri,MASCULIN,Pierre-Henri CUENOT,,9,,,,École Candide KOCH 1,ECOLE CANDIDE KOCH,0.833,Ecole Candide KOCH,33 RUE TARAGNAT,ENSEIGNEMENT ET FORMATION,Enseignement du premier degré,Groupe scolaire,166.456450040223,-22.2745660873879,etablissements_publics_nc,49,1813,Vallée des Colons Sud Ouest
legislatives_2024,1,988,98818,Nouméa,NOUMEA,0016,1173,690,483,685,3,2,8,REG,HAOCAS,Muneiko,FEMININ,Muneiko HAOCAS,,6,,,,École Candide KOCH 1,ECOLE CANDIDE KOCH,0.833,Ecole Candide KOCH,33 RUE TARAGNAT,ENSEIGNEMENT ET FORMATION,Enseignement du premier degré,Groupe scolaire,166.456450040223,-22.2745660873879,etablissements_publics_nc,49,1813,Vallée des Colons Sud Ouest
legislatives_2024,1,988,98818,Nouméa,NOUMEA,0016,1173,690,483,685,3,2,9,RN,LOUECKHOTE,Simon,MASCULIN,Simon LOUECKHOTE,,43,,,,École Candide KOCH 1,ECOLE CANDIDE KOCH,0.833,Ecole Candide KOCH,33 RUE TARAGNAT,ENSEIGNEMENT ET FORMATION,Enseignement du premier degré,Groupe scolaire,166.456450040223,-22.2745660873879,etablissements_publics_nc,49,1813,Vallée des Colons Sud Ouest
legislatives_2024,1,988,98818,Nouméa,NOUMEA,0016,1173,690,483,685,3,2,10,REG,NEMIA ÉP BISHOP,Germaine Toléta,FEMININ,Germaine Toléta NEMIA ÉP BISHOP,,3,,,,École Candide KOCH 1,ECOLE CANDIDE KOCH,0.833,Ecole Candide KOCH,33 RUE TARAGNAT,ENSEIGNEMENT ET FORMATION,Enseignement du premier degré,Groupe scolaire,166.456450040223,-22.2745660873879,etablissements_publics_nc,49,1813,Vallée des Colons Sud Ouest
legislatives_2024,1,988,98818,Nouméa,NOUMEA,0016,1173,690,483,685,3,2,11,DVG,FALAEO,Veylma,FEMININ,Veylma FALAEO,,14,,,,École Candide KOCH 1,ECOLE CANDIDE KOCH,0.833,Ecole Candide KOCH,33 RUE TARAGNAT,ENSEIGNEMENT ET FORMATION,Enseignement du premier degré,Groupe scolaire,166.456450040223,-22.2745660873879,etablissements_publics_nc,49,1813,Vallée des Colons Sud Ouest
legislatives_2024,1,988,98818,Nouméa,NOUMEA,0016,1173,690,483,685,3,2,12,ECO,DEVAUD,Cédric,MASCULIN,Cédric DEVAUD,,4,,,,École Candide KOCH 1,ECOLE CANDIDE KOCH,0.833,Ecole Candide KOCH,33 RUE TARAGNAT,ENSEIGNEMENT ET FORMATION,Enseignement du premier degré,Groupe scolaire,166.456450040223,-22.2745660873879,etablissements_publics_nc,49,1813,Vallée des Colons Sud Ouest
legislatives_2024,1,988,98818,Nouméa,NOUMEA,0017,1190,795,395,781,8,6,1,HOR,DUNOYER,Philippe,MASCULIN,Philippe DUNOYER,,125,,,,École Candide KOCH 2,ECOLE CANDIDE KOCH,0.833,Ecole Candide KOCH,33 RUE TARAGNAT,ENSEIGNEMENT ET FORMATION,Enseignement du premier degré,Groupe scolaire,166.456450040223,-22.2745660873879,etablissements_publics_nc,49,1813,Vallée des Colons Sud Ouest
legislatives_2024,1,988,98818,Nouméa,NOUMEA,0017,1190,795,395,781,8,6,2,DVD,METZDORF,Nicolas,MASCULIN,Nicolas METZDORF,,543,,,,École Candide KOCH 2,ECOLE CANDIDE KOCH,0.833,Ecole Candide KOCH,33 RUE TARAGNAT,ENSEIGNEMENT ET FORMATION,Enseignement du premier degré,Groupe scolaire,166.456450040223,-22.2745660873879,etablissements_publics_nc,49,1813,Vallée des Colons Sud Ouest
legislatives_2024,1,988,98818,Nouméa,NOUMEA,0017,1190,795,395,781,8,6,3,REG,ANGEXETINE ÉP RAILATI,Juanita Ciane,FEMININ,Juanita Ciane ANGEXETINE ÉP RAILATI,,1,,,,École Candide KOCH 2,ECOLE CANDIDE KOCH,0.833,Ecole Candide KOCH,33 RUE TARAGNAT,ENSEIGNEMENT ET FORMATION,Enseignement du premier degré,Groupe scolaire,166.456450040223,-22.2745660873879,etablissements_publics_nc,49,1813,Vallée des Colons Sud Ouest
legislatives_2024,1,988,98818,Nouméa,NOUMEA,0017,1190,795,395,781,8,6,4,REG,NAISSELINE,Omayra Lisa Meun,FEMININ,Omayra Lisa Meun NAISSELINE,,34,,,,École Candide KOCH 2,ECOLE CANDIDE KOCH,0.833,Ecole Candide KOCH,33 RUE TARAGNAT,ENSEIGNEMENT ET FORMATION,Enseignement du premier degré,Groupe scolaire,166.456450040223,-22.2745660873879,etablissements_publics_nc,49,1813,Vallée des Colons Sud Ouest
legislatives_2024,1,988,98818,Nouméa,NOUMEA,0017,1190,795,395,781,8,6,5,REC,NASRI,Thomas,MASCULIN,Thomas NASRI,,0,,,,École Candide KOCH 2,ECOLE CANDIDE KOCH,0.833,Ecole Candide KOCH,33 RUE TARAGNAT,ENSEIGNEMENT ET FORMATION,Enseignement du premier degré,Groupe scolaire,166.456450040223,-22.2745660873879,etablissements_publics_nc,49,1813,Vallée des Colons Sud Ouest
legislatives_2024,1,988,98818,Nouméa,NOUMEA,0017,1190,795,395,781,8,6,6,DIV,MILLAR,Manuel,MASCULIN,Manuel MILLAR,,0,,,,École Candide KOCH 2,ECOLE CANDIDE KOCH,0.833,Ecole Candide KOCH,33 RUE TARAGNAT,ENSEIGNEMENT ET FORMATION,Enseignement du premier degré,Groupe scolaire,166.456450040223,-22.2745660873879,etablissements_publics_nc,49,1813,Vallée des Colons Sud Ouest
legislatives_2024,1,988,98818,Nouméa,NOUMEA,0017,1190,795,395,781,8,6,7,DVD,CUENOT,Pierre-Henri,MASCULIN,Pierre-Henri CUENOT,,3,,,,École Candide KOCH 2,ECOLE CANDIDE KOCH,0.833,Ecole Candide KOCH,33 RUE TARAGNAT,ENSEIGNEMENT ET FORMATION,Enseignement du premier degré,Groupe scolaire,166.456450040223,-22.2745660873879,etablissements_publics_nc,49,1813,Vallée des Colons Sud Ouest
legislatives_2024,1,988,98818,Nouméa,NOUMEA,0017,1190,795,395,781,8,6,8,REG,HAOCAS,Muneiko,FEMININ,Muneiko HAOCAS,,4,,,,École Candide KOCH 2,ECOLE CANDIDE KOCH,0.833,Ecole Candide KOCH,33 RUE TARAGNAT,ENSEIGNEMENT ET FORMATION,Enseignement du premier degré,Groupe scolaire,166.456450040223,-22.2745660873879,etablissements_publics_nc,49,1813,Vallée des Colons Sud Ouest
legislatives_2024,1,988,98818,Nouméa,NOUMEA,0017,1190,795,395,781,8,6,9,RN,LOUECKHOTE,Simon,MASCULIN,Simon LOUECKHOTE,,39,,,,École Candide KOCH 2,ECOLE CANDIDE KOCH,0.833,Ecole Candide KOCH,33 RUE TARAGNAT,ENSEIGNEMENT ET FORMATION,Enseignement du premier degré,Groupe scolaire,166.456450040223,-22.2745660873879,etablissements_publics_nc,49,1813,Vallée des Colons Sud Ouest
legislatives_2024,1,988,98818,Nouméa,NOUMEA,0017,1190,795,395,781,8,6,10,REG,NEMIA ÉP BISHOP,Germaine Toléta,FEMININ,Germaine Toléta NEMIA ÉP BISHOP,,0,,,,École Candide KOCH 2,ECOLE CANDIDE KOCH,0.833,Ecole Candide KOCH,33 RUE TARAGNAT,ENSEIGNEMENT ET FORMATION,Enseignement du premier degré,Groupe scolaire,166.456450040223,-22.2745660873879,etablissements_publics_nc,49,1813,Vallée des Colons Sud Ouest
legislatives_2024,1,988,98818,Nouméa,NOUMEA,0017,1190,795,395,781,8,6,11,DVG,FALAEO,Veylma,FEMININ,Veylma FALAEO,,26,,,,École Candide KOCH 2,ECOLE CANDIDE KOCH,0.833,Ecole Candide KOCH,33 RUE TARAGNAT,ENSEIGNEMENT ET FORMATION,Enseignement du premier degré,Groupe scolaire,166.456450040223,-22.2745660873879,etablissements_publics_nc,49,1813,Vallée des Colons Sud Ouest
legislatives_2024,1,988,98818,Nouméa,NOUMEA,0017,1190,795,395,781,8,6,12,ECO,DEVAUD,Cédric,MASCULIN,Cédric DEVAUD,,6,,,,École Candide KOCH 2,ECOLE CANDIDE KOCH,0.833,Ecole Candide KOCH,33 RUE TARAGNAT,ENSEIGNEMENT ET FORMATION,Enseignement du premier degré,Groupe scolaire,166.456450040223,-22.2745660873879,etablissements_publics_nc,49,1813,Vallée des Colons Sud Ouest
legislatives_2024,1,988,98818,Nouméa,NOUMEA,0018,1108,673,435,666,5,2,1,HOR,DUNOYER,Philippe,MASCULIN,Philippe DUNOYER,,124,,,,École Emily PANNE 1,ECOLE EMILY PANNE,0.841,Ecole Emily PANNE,115 RUE AUGUSTE BENEBIG,ENSEIGNEMENT ET FORMATION,Enseignement du premier degré,Ecole primaire,166.454860512437,-22.2689261325801,etablissements_publics_nc,56,1820,Vallée des Colons Nord Est
legislatives_2024,1,988,98818,Nouméa,NOUMEA,0018,1108,673,435,666,5,2,2,DVD,METZDORF,Nicolas,MASCULIN,Nicolas METZDORF,,411,,,,École Emily PANNE 1,ECOLE EMILY PANNE,0.841,Ecole Emily PANNE,115 RUE AUGUSTE BENEBIG,ENSEIGNEMENT ET FORMATION,Enseignement du premier degré,Ecole primaire,166.454860512437,-22.2689261325801,etablissements_publics_nc,56,1820,Vallée des Colons Nord Est
legislatives_2024,1,988,98818,Nouméa,NOUMEA,0018,1108,673,435,666,5,2,3,REG,ANGEXETINE ÉP RAILATI,Juanita Ciane,FEMININ,Juanita Ciane ANGEXETINE ÉP RAILATI,,7,,,,École Emily PANNE 1,ECOLE EMILY PANNE,0.841,Ecole Emily PANNE,115 RUE AUGUSTE BENEBIG,ENSEIGNEMENT ET FORMATION,Enseignement du premier degré,Ecole primaire,166.454860512437,-22.2689261325801,etablissements_publics_nc,56,1820,Vallée des Colons Nord Est
legislatives_2024,1,988,98818,Nouméa,NOUMEA,0018,1108,673,435,666,5,2,4,REG,NAISSELINE,Omayra Lisa Meun,FEMININ,Omayra Lisa Meun NAISSELINE,,30,,,,École Emily PANNE 1,ECOLE EMILY PANNE,0.841,Ecole Emily PANNE,115 RUE AUGUSTE BENEBIG,ENSEIGNEMENT ET FORMATION,Enseignement du premier degré,Ecole primaire,166.454860512437,-22.2689261325801,etablissements_publics_nc,56,1820,Vallée des Colons Nord Est
legislatives_2024,1,988,98818,Nouméa,NOUMEA,0018,1108,673,435,666,5,2,5,REC,NASRI,Thomas,MASCULIN,Thomas NASRI,,1,,,,École Emily PANNE 1,ECOLE EMILY PANNE,0.841,Ecole Emily PANNE,115 RUE AUGUSTE BENEBIG,ENSEIGNEMENT ET FORMATION,Enseignement du premier degré,Ecole primaire,166.454860512437,-22.2689261325801,etablissements_publics_nc,56,1820,Vallée des Colons Nord Est
legislatives_2024,1,988,98818,Nouméa,NOUMEA,0018,1108,673,435,666,5,2,6,DIV,MILLAR,Manuel,MASCULIN,Manuel MILLAR,,1,,,,École Emily PANNE 1,ECOLE EMILY PANNE,0.841,Ecole Emily PANNE,115 RUE AUGUSTE BENEBIG,ENSEIGNEMENT ET FORMATION,Enseignement du premier degré,Ecole primaire,166.454860512437,-22.2689261325801,etablissements_publics_nc,56,1820,Vallée des Colons Nord Est
legislatives_2024,1,988,98818,Nouméa,NOUMEA,0018,1108,673,435,666,5,2,7,DVD,CUENOT,Pierre-Henri,MASCULIN,Pierre-Henri CUENOT,,3,,,,École Emily PANNE 1,ECOLE EMILY PANNE,0.841,Ecole Emily PANNE,115 RUE AUGUSTE BENEBIG,ENSEIGNEMENT ET FORMATION,Enseignement du premier degré,Ecole primaire,166.454860512437,-22.2689261325801,etablissements_publics_nc,56,1820,Vallée des Colons Nord Est
legislatives_2024,1,988,98818,Nouméa,NOUMEA,0018,1108,673,435,666,5,2,8,REG,HAOCAS,Muneiko,FEMININ,Muneiko HAOCAS,,10,,,,École Emily PANNE 1,ECOLE EMILY PANNE,0.841,Ecole Emily PANNE,115 RUE AUGUSTE BENEBIG,ENSEIGNEMENT ET FORMATION,Enseignement du premier degré,Ecole primaire,166.454860512437,-22.2689261325801,etablissements_publics_nc,56,1820,Vallée des Colons Nord Est
legislatives_2024,1,988,98818,Nouméa,NOUMEA,0018,1108,673,435,666,5,2,9,RN,LOUECKHOTE,Simon,MASCULIN,Simon LOUECKHOTE,,40,,,,École Emily PANNE 1,ECOLE EMILY PANNE,0.841,Ecole Emily PANNE,115 RUE AUGUSTE BENEBIG,ENSEIGNEMENT ET FORMATION,Enseignement du premier degré,Ecole primaire,166.454860512437,-22.2689261325801,etablissements_publics_nc,56,1820,Vallée des Colons Nord Est
legislatives_2024,1,988,98818,Nouméa,NOUMEA,0018,1108,673,435,666,5,2,10,REG,NEMIA ÉP BISHOP,Germaine Toléta,FEMININ,Germaine Toléta NEMIA ÉP BISHOP,,0,,,,École Emily PANNE 1,ECOLE EMILY PANNE,0.841,Ecole Emily PANNE,115 RUE AUGUSTE BENEBIG,ENSEIGNEMENT ET FORMATION,Enseignement du premier degré,Ecole primaire,166.454860512437,-22.2689261325801,etablissements_publics_nc,56,1820,Vallée des Colons Nord Est
legislatives_2024,1,988,98818,Nouméa,NOUMEA,0018,1108,673,435,666,5,2,11,DVG,FALAEO,Veylma,FEMININ,Veylma FALAEO,,35,,,,École Emily PANNE 1,ECOLE EMILY PANNE,0.841,Ecole Emily PANNE,115 RUE AUGUSTE BENEBIG,ENSEIGNEMENT ET FORMATION,Enseignement du premier degré,Ecole primaire,166.454860512437,-22.2689261325801,etablissements_publics_nc,56,1820,Vallée des Colons Nord Est
legislatives_2024,1,988,98818,Nouméa,NOUMEA,0018,1108,673,435,666,5,2,12,ECO,DEVAUD,Cédric,MASCULIN,Cédric DEVAUD,,4,,,,École Emily PANNE 1,ECOLE EMILY PANNE,0.841,Ecole Emily PANNE,115 RUE AUGUSTE BENEBIG,ENSEIGNEMENT ET FORMATION,Enseignement du premier degré,Ecole primaire,166.454860512437,-22.2689261325801,etablissements_publics_nc,56,1820,Vallée des Colons Nord Est
legislatives_2024,1,988,98818,Nouméa,NOUMEA,0019,1262,719,543,706,9,4,1,HOR,DUNOYER,Philippe,MASCULIN,Philippe DUNOYER,,93,,,,École Emily PANNE 2,ECOLE EMILY PANNE,0.841,Ecole Emily PANNE,115 RUE AUGUSTE BENEBIG,ENSEIGNEMENT ET FORMATION,Enseignement du premier degré,Ecole primaire,166.454860512437,-22.2689261325801,etablissements_publics_nc,56,1820,Vallée des Colons Nord Est
legislatives_2024,1,988,98818,Nouméa,NOUMEA,0019,1262,719,543,706,9,4,2,DVD,METZDORF,Nicolas,MASCULIN,Nicolas METZDORF,,412,,,,École Emily PANNE 2,ECOLE EMILY PANNE,0.841,Ecole Emily PANNE,115 RUE AUGUSTE BENEBIG,ENSEIGNEMENT ET FORMATION,Enseignement du premier degré,Ecole primaire,166.454860512437,-22.2689261325801,etablissements_publics_nc,56,1820,Vallée des Colons Nord Est
legislatives_2024,1,988,98818,Nouméa,NOUMEA,0019,1262,719,543,706,9,4,3,REG,ANGEXETINE ÉP RAILATI,Juanita Ciane,FEMININ,Juanita Ciane ANGEXETINE ÉP RAILATI,,0,,,,École Emily PANNE 2,ECOLE EMILY PANNE,0.841,Ecole Emily PANNE,115 RUE AUGUSTE BENEBIG,ENSEIGNEMENT ET FORMATION,Enseignement du premier degré,Ecole primaire,166.454860512437,-22.2689261325801,etablissements_publics_nc,56,1820,Vallée des Colons Nord Est
legislatives_2024,1,988,98818,Nouméa,NOUMEA,0019,1262,719,543,706,9,4,4,REG,NAISSELINE,Omayra Lisa Meun,FEMININ,Omayra Lisa Meun NAISSELINE,,92,,,,École Emily PANNE 2,ECOLE EMILY PANNE,0.841,Ecole Emily PANNE,115 RUE AUGUSTE BENEBIG,ENSEIGNEMENT ET FORMATION,Enseignement du premier degré,Ecole primaire,166.454860512437,-22.2689261325801,etablissements_publics_nc,56,1820,Vallée des Colons Nord Est
legislatives_2024,1,988,98818,Nouméa,NOUMEA,0019,1262,719,543,706,9,4,5,REC,NASRI,Thomas,MASCULIN,Thomas NASRI,,2,,,,École Emily PANNE 2,ECOLE EMILY PANNE,0.841,Ecole Emily PANNE,115 RUE AUGUSTE BENEBIG,ENSEIGNEMENT ET FORMATION,Enseignement du premier degré,Ecole primaire,166.454860512437,-22.2689261325801,etablissements_publics_nc,56,1820,Vallée des Colons Nord Est
legislatives_2024,1,988,98818,Nouméa,NOUMEA,0019,1262,719,543,706,9,4,6,DIV,MILLAR,Manuel,MASCULIN,Manuel MILLAR,,2,,,,École Emily PANNE 2,ECOLE EMILY PANNE,0.841,Ecole Emily PANNE,115 RUE AUGUSTE BENEBIG,ENSEIGNEMENT ET FORMATION,Enseignement du premier degré,Ecole primaire,166.454860512437,-22.2689261325801,etablissements_publics_nc,56,1820,Vallée des Colons Nord Est
legislatives_2024,1,988,98818,Nouméa,NOUMEA,0019,1262,719,543,706,9,4,7,DVD,CUENOT,Pierre-Henri,MASCULIN,Pierre-Henri CUENOT,,4,,,,École Emily PANNE 2,ECOLE EMILY PANNE,0.841,Ecole Emily PANNE,115 RUE AUGUSTE BENEBIG,ENSEIGNEMENT ET FORMATION,Enseignement du premier degré,Ecole primaire,166.454860512437,-22.2689261325801,etablissements_publics_nc,56,1820,Vallée des Colons Nord Est
legislatives_2024,1,988,98818,Nouméa,NOUMEA,0019,1262,719,543,706,9,4,8,REG,HAOCAS,Muneiko,FEMININ,Muneiko HAOCAS,,7,,,,École Emily PANNE 2,ECOLE EMILY PANNE,0.841,Ecole Emily PANNE,115 RUE AUGUSTE BENEBIG,ENSEIGNEMENT ET FORMATION,Enseignement du premier degré,Ecole primaire,166.454860512437,-22.2689261325801,etablissements_publics_nc,56,1820,Vallée des Colons Nord Est
legislatives_2024,1,988,98818,Nouméa,NOUMEA,0019,1262,719,543,706,9,4,9,RN,LOUECKHOTE,Simon,MASCULIN,Simon LOUECKHOTE,,50,,,,École Emily PANNE 2,ECOLE EMILY PANNE,0.841,Ecole Emily PANNE,115 RUE AUGUSTE BENEBIG,ENSEIGNEMENT ET FORMATION,Enseignement du premier degré,Ecole primaire,166.454860512437,-22.2689261325801,etablissements_publics_nc,56,1820,Vallée des Colons Nord Est
legislatives_2024,1,988,98818,Nouméa,NOUMEA,0019,1262,719,543,706,9,4,10,REG,NEMIA ÉP BISHOP,Germaine Toléta,FEMININ,Germaine Toléta NEMIA ÉP BISHOP,,1,,,,École Emily PANNE 2,ECOLE EMILY PANNE,0.841,Ecole Emily PANNE,115 RUE AUGUSTE BENEBIG,ENSEIGNEMENT ET FORMATION,Enseignement du premier degré,Ecole primaire,166.454860512437,-22.2689261325801,etablissements_publics_nc,56,1820,Vallée des Colons Nord Est
legislatives_2024,1,988,98818,Nouméa,NOUMEA,0019,1262,719,543,706,9,4,11,DVG,FALAEO,Veylma,FEMININ,Veylma FALAEO,,38,,,,École Emily PANNE 2,ECOLE EMILY PANNE,0.841,Ecole Emily PANNE,115 RUE AUGUSTE BENEBIG,ENSEIGNEMENT ET FORMATION,Enseignement du premier degré,Ecole primaire,166.454860512437,-22.2689261325801,etablissements_publics_nc,56,1820,Vallée des Colons Nord Est
legislatives_2024,1,988,98818,Nouméa,NOUMEA,0019,1262,719,543,706,9,4,12,ECO,DEVAUD,Cédric,MASCULIN,Cédric DEVAUD,,5,,,,École Emily PANNE 2,ECOLE EMILY PANNE,0.841,Ecole Emily PANNE,115 RUE AUGUSTE BENEBIG,ENSEIGNEMENT ET FORMATION,Enseignement du premier degré,Ecole primaire,166.454860512437,-22.2689261325801,etablissements_publics_nc,56,1820,Vallée des Colons Nord Est
legislatives_2024,1,988,98818,Nouméa,NOUMEA,0020,1040,697,343,689,6,2,1,HOR,DUNOYER,Philippe,MASCULIN,Philippe DUNOYER,,80,,,,École Antoinette CHARBONNEAUX,ECOLE ANTOINETTE CHARBONNEAUX,0.879,Ecole Antoinette CHARBONNEAUX,1 RUE ANDRE ROLLY,ENSEIGNEMENT ET FORMATION,Enseignement du premier degré,Ecole élémentaire,166.46666463723,-22.273716213111,etablissements_publics_nc,52,1816,Magenta Tours
legislatives_2024,1,988,98818,Nouméa,NOUMEA,0020,1040,697,343,689,6,2,2,DVD,METZDORF,Nicolas,MASCULIN,Nicolas METZDORF,,528,,,,École Antoinette CHARBONNEAUX,ECOLE ANTOINETTE CHARBONNEAUX,0.879,Ecole Antoinette CHARBONNEAUX,1 RUE ANDRE ROLLY,ENSEIGNEMENT ET FORMATION,Enseignement du premier degré,Ecole élémentaire,166.46666463723,-22.273716213111,etablissements_publics_nc,52,1816,Magenta Tours
legislatives_2024,1,988,98818,Nouméa,NOUMEA,0020,1040,697,343,689,6,2,3,REG,ANGEXETINE ÉP RAILATI,Juanita Ciane,FEMININ,Juanita Ciane ANGEXETINE ÉP RAILATI,,0,,,,École Antoinette CHARBONNEAUX,ECOLE ANTOINETTE CHARBONNEAUX,0.879,Ecole Antoinette CHARBONNEAUX,1 RUE ANDRE ROLLY,ENSEIGNEMENT ET FORMATION,Enseignement du premier degré,Ecole élémentaire,166.46666463723,-22.273716213111,etablissements_publics_nc,52,1816,Magenta Tours
legislatives_2024,1,988,98818,Nouméa,NOUMEA,0020,1040,697,343,689,6,2,4,REG,NAISSELINE,Omayra Lisa Meun,FEMININ,Omayra Lisa Meun NAISSELINE,,15,,,,École Antoinette CHARBONNEAUX,ECOLE ANTOINETTE CHARBONNEAUX,0.879,Ecole Antoinette CHARBONNEAUX,1 RUE ANDRE ROLLY,ENSEIGNEMENT ET FORMATION,Enseignement du premier degré,Ecole élémentaire,166.46666463723,-22.273716213111,etablissements_publics_nc,52,1816,Magenta Tours
legislatives_2024,1,988,98818,Nouméa,NOUMEA,0020,1040,697,343,689,6,2,5,REC,NASRI,Thomas,MASCULIN,Thomas NASRI,,3,,,,École Antoinette CHARBONNEAUX,ECOLE ANTOINETTE CHARBONNEAUX,0.879,Ecole Antoinette CHARBONNEAUX,1 RUE ANDRE ROLLY,ENSEIGNEMENT ET FORMATION,Enseignement du premier degré,Ecole élémentaire,166.46666463723,-22.273716213111,etablissements_publics_nc,52,1816,Magenta Tours
legislatives_2024,1,988,98818,Nouméa,NOUMEA,0020,1040,697,343,689,6,2,6,DIV,MILLAR,Manuel,MASCULIN,Manuel MILLAR,,1,,,,École Antoinette CHARBONNEAUX,ECOLE ANTOINETTE CHARBONNEAUX,0.879,Ecole Antoinette CHARBONNEAUX,1 RUE ANDRE ROLLY,ENSEIGNEMENT ET FORMATION,Enseignement du premier degré,Ecole élémentaire,166.46666463723,-22.273716213111,etablissements_publics_nc,52,1816,Magenta Tours
legislatives_2024,1,988,98818,Nouméa,NOUMEA,0020,1040,697,343,689,6,2,7,DVD,CUENOT,Pierre-Henri,MASCULIN,Pierre-Henri CUENOT,,3,,,,École Antoinette CHARBONNEAUX,ECOLE ANTOINETTE CHARBONNEAUX,0.879,Ecole Antoinette CHARBONNEAUX,1 RUE ANDRE ROLLY,ENSEIGNEMENT ET FORMATION,Enseignement du premier degré,Ecole élémentaire,166.46666463723,-22.273716213111,etablissements_publics_nc,52,1816,Magenta Tours
legislatives_2024,1,988,98818,Nouméa,NOUMEA,0020,1040,697,343,689,6,2,8,REG,HAOCAS,Muneiko,FEMININ,Muneiko HAOCAS,,2,,,,École Antoinette CHARBONNEAUX,ECOLE ANTOINETTE CHARBONNEAUX,0.879,Ecole Antoinette CHARBONNEAUX,1 RUE ANDRE ROLLY,ENSEIGNEMENT ET FORMATION,Enseignement du premier degré,Ecole élémentaire,166.46666463723,-22.273716213111,etablissements_publics_nc,52,1816,Magenta Tours
legislatives_2024,1,988,98818,Nouméa,NOUMEA,0020,1040,697,343,689,6,2,9,RN,LOUECKHOTE,Simon,MASCULIN,Simon LOUECKHOTE,,38,,,,École Antoinette CHARBONNEAUX,ECOLE ANTOINETTE CHARBONNEAUX,0.879,Ecole Antoinette CHARBONNEAUX,1 RUE ANDRE ROLLY,ENSEIGNEMENT ET FORMATION,Enseignement du premier degré,Ecole élémentaire,166.46666463723,-22.273716213111,etablissements_publics_nc,52,1816,Magenta Tours
legislatives_2024,1,988,98818,Nouméa,NOUMEA,0020,1040,697,343,689,6,2,10,REG,NEMIA ÉP BISHOP,Germaine Toléta,FEMININ,Germaine Toléta NEMIA ÉP BISHOP,,0,,,,École Antoinette CHARBONNEAUX,ECOLE ANTOINETTE CHARBONNEAUX,0.879,Ecole Antoinette CHARBONNEAUX,1 RUE ANDRE ROLLY,ENSEIGNEMENT ET FORMATION,Enseignement du premier degré,Ecole élémentaire,166.46666463723,-22.273716213111,etablissements_publics_nc,52,1816,Magenta Tours
legislatives_2024,1,988,98818,Nouméa,NOUMEA,0020,1040,697,343,689,6,2,11,DVG,FALAEO,Veylma,FEMININ,Veylma FALAEO,,17,,,,École Antoinette CHARBONNEAUX,ECOLE ANTOINETTE CHARBONNEAUX,0.879,Ecole Antoinette CHARBONNEAUX,1 RUE ANDRE ROLLY,ENSEIGNEMENT ET FORMATION,Enseignement du premier degré,Ecole élémentaire,166.46666463723,-22.273716213111,etablissements_publics_nc,52,1816,Magenta Tours
legislatives_2024,1,988,98818,Nouméa,NOUMEA,0020,1040,697,343,689,6,2,12,ECO,DEVAUD,Cédric,MASCULIN,Cédric DEVAUD,,2,,,,École Antoinette CHARBONNEAUX,ECOLE ANTOINETTE CHARBONNEAUX,0.879,Ecole Antoinette CHARBONNEAUX,1 RUE ANDRE ROLLY,ENSEIGNEMENT ET FORMATION,Enseignement du premier degré,Ecole élémentaire,166.46666463723,-22.273716213111,etablissements_publics_nc,52,1816,Magenta Tours
legislatives_2024,1,988,98818,Nouméa,NOUMEA,0021,1277,818,459,810,8,0,1,HOR,DUNOYER,Philippe,MASCULIN,Philippe DUNOYER,,116,,,,École Marie HAVET 1,ECOLE MARIE HAVET,0.841,Ecole Marie HAVET,231 RUE ARNOLD DALY,ENSEIGNEMENT ET FORMATION,Enseignement du premier degré,Ecole primaire,166.471138313555,-22.2828880563017,etablissements_publics_nc,54,1818,Ouémo
legislatives_2024,1,988,98818,Nouméa,NOUMEA,0021,1277,818,459,810,8,0,2,DVD,METZDORF,Nicolas,MASCULIN,Nicolas METZDORF,,589,,,,École Marie HAVET 1,ECOLE MARIE HAVET,0.841,Ecole Marie HAVET,231 RUE ARNOLD DALY,ENSEIGNEMENT ET FORMATION,Enseignement du premier degré,Ecole primaire,166.471138313555,-22.2828880563017,etablissements_publics_nc,54,1818,Ouémo
legislatives_2024,1,988,98818,Nouméa,NOUMEA,0021,1277,818,459,810,8,0,3,REG,ANGEXETINE ÉP RAILATI,Juanita Ciane,FEMININ,Juanita Ciane ANGEXETINE ÉP RAILATI,,1,,,,École Marie HAVET 1,ECOLE MARIE HAVET,0.841,Ecole Marie HAVET,231 RUE ARNOLD DALY,ENSEIGNEMENT ET FORMATION,Enseignement du premier degré,Ecole primaire,166.471138313555,-22.2828880563017,etablissements_publics_nc,54,1818,Ouémo
legislatives_2024,1,988,98818,Nouméa,NOUMEA,0021,1277,818,459,810,8,0,4,REG,NAISSELINE,Omayra Lisa Meun,FEMININ,Omayra Lisa Meun NAISSELINE,,28,,,,École Marie HAVET 1,ECOLE MARIE HAVET,0.841,Ecole Marie HAVET,231 RUE ARNOLD DALY,ENSEIGNEMENT ET FORMATION,Enseignement du premier degré,Ecole primaire,166.471138313555,-22.2828880563017,etablissements_publics_nc,54,1818,Ouémo
legislatives_2024,1,988,98818,Nouméa,NOUMEA,0021,1277,818,459,810,8,0,5,REC,NASRI,Thomas,MASCULIN,Thomas NASRI,,6,,,,École Marie HAVET 1,ECOLE MARIE HAVET,0.841,Ecole Marie HAVET,231 RUE ARNOLD DALY,ENSEIGNEMENT ET FORMATION,Enseignement du premier degré,Ecole primaire,166.471138313555,-22.2828880563017,etablissements_publics_nc,54,1818,Ouémo
legislatives_2024,1,988,98818,Nouméa,NOUMEA,0021,1277,818,459,810,8,0,6,DIV,MILLAR,Manuel,MASCULIN,Manuel MILLAR,,0,,,,École Marie HAVET 1,ECOLE MARIE HAVET,0.841,Ecole Marie HAVET,231 RUE ARNOLD DALY,ENSEIGNEMENT ET FORMATION,Enseignement du premier degré,Ecole primaire,166.471138313555,-22.2828880563017,etablissements_publics_nc,54,1818,Ouémo
legislatives_2024,1,988,98818,Nouméa,NOUMEA,0021,1277,818,459,810,8,0,7,DVD,CUENOT,Pierre-Henri,MASCULIN,Pierre-Henri CUENOT,,0,,,,École Marie HAVET 1,ECOLE MARIE HAVET,0.841,Ecole Marie HAVET,231 RUE ARNOLD DALY,ENSEIGNEMENT ET FORMATION,Enseignement du premier degré,Ecole primaire,166.471138313555,-22.2828880563017,etablissements_publics_nc,54,1818,Ouémo
legislatives_2024,1,988,98818,Nouméa,NOUMEA,0021,1277,818,459,810,8,0,8,REG,HAOCAS,Muneiko,FEMININ,Muneiko HAOCAS,,3,,,,École Marie HAVET 1,ECOLE MARIE HAVET,0.841,Ecole Marie HAVET,231 RUE ARNOLD DALY,ENSEIGNEMENT ET FORMATION,Enseignement du premier degré,Ecole primaire,166.471138313555,-22.2828880563017,etablissements_publics_nc,54,1818,Ouémo
legislatives_2024,1,988,98818,Nouméa,NOUMEA,0021,1277,818,459,810,8,0,9,RN,LOUECKHOTE,Simon,MASCULIN,Simon LOUECKHOTE,,39,,,,École Marie HAVET 1,ECOLE MARIE HAVET,0.841,Ecole Marie HAVET,231 RUE ARNOLD DALY,ENSEIGNEMENT ET FORMATION,Enseignement du premier degré,Ecole primaire,166.471138313555,-22.2828880563017,etablissements_publics_nc,54,1818,Ouémo
legislatives_2024,1,988,98818,Nouméa,NOUMEA,0021,1277,818,459,810,8,0,10,REG,NEMIA ÉP BISHOP,Germaine Toléta,FEMININ,Germaine Toléta NEMIA ÉP BISHOP,,0,,,,École Marie HAVET 1,ECOLE MARIE HAVET,0.841,Ecole Marie HAVET,231 RUE ARNOLD DALY,ENSEIGNEMENT ET FORMATION,Enseignement du premier degré,Ecole primaire,166.471138313555,-22.2828880563017,etablissements_publics_nc,54,1818,Ouémo
legislatives_2024,1,988,98818,Nouméa,NOUMEA,0021,1277,818,459,810,8,0,11,DVG,FALAEO,Veylma,FEMININ,Veylma FALAEO,,20,,,,École Marie HAVET 1,ECOLE MARIE HAVET,0.841,Ecole Marie HAVET,231 RUE ARNOLD DALY,ENSEIGNEMENT ET FORMATION,Enseignement du premier degré,Ecole primaire,166.471138313555,-22.2828880563017,etablissements_publics_nc,54,1818,Ouémo
legislatives_2024,1,988,98818,Nouméa,NOUMEA,0021,1277,818,459,810,8,0,12,ECO,DEVAUD,Cédric,MASCULIN,Cédric DEVAUD,,8,,,,École Marie HAVET 1,ECOLE MARIE HAVET,0.841,Ecole Marie HAVET,231 RUE ARNOLD DALY,ENSEIGNEMENT ET FORMATION,Enseignement du premier degré,Ecole primaire,166.471138313555,-22.2828880563017,etablissements_publics_nc,54,1818,Ouémo
legislatives_2024,1,988,98818,Nouméa,NOUMEA,0022,1387,900,487,889,7,4,1,HOR,DUNOYER,Philippe,MASCULIN,Philippe DUNOYER,,141,,,,École Marie HAVET 2,ECOLE MARIE HAVET,0.841,Ecole Marie HAVET,231 RUE ARNOLD DALY,ENSEIGNEMENT ET FORMATION,Enseignement du premier degré,Ecole primaire,166.471138313555,-22.2828880563017,etablissements_publics_nc,54,1818,Ouémo
legislatives_2024,1,988,98818,Nouméa,NOUMEA,0022,1387,900,487,889,7,4,2,DVD,METZDORF,Nicolas,MASCULIN,Nicolas METZDORF,,601,,,,École Marie HAVET 2,ECOLE MARIE HAVET,0.841,Ecole Marie HAVET,231 RUE ARNOLD DALY,ENSEIGNEMENT ET FORMATION,Enseignement du premier degré,Ecole primaire,166.471138313555,-22.2828880563017,etablissements_publics_nc,54,1818,Ouémo
legislatives_2024,1,988,98818,Nouméa,NOUMEA,0022,1387,900,487,889,7,4,3,REG,ANGEXETINE ÉP RAILATI,Juanita Ciane,FEMININ,Juanita Ciane ANGEXETINE ÉP RAILATI,,0,,,,École Marie HAVET 2,ECOLE MARIE HAVET,0.841,Ecole Marie HAVET,231 RUE ARNOLD DALY,ENSEIGNEMENT ET FORMATION,Enseignement du premier degré,Ecole primaire,166.471138313555,-22.2828880563017,etablissements_publics_nc,54,1818,Ouémo
legislatives_2024,1,988,98818,Nouméa,NOUMEA,0022,1387,900,487,889,7,4,4,REG,NAISSELINE,Omayra Lisa Meun,FEMININ,Omayra Lisa Meun NAISSELINE,,35,,,,École Marie HAVET 2,ECOLE MARIE HAVET,0.841,Ecole Marie HAVET,231 RUE ARNOLD DALY,ENSEIGNEMENT ET FORMATION,Enseignement du premier degré,Ecole primaire,166.471138313555,-22.2828880563017,etablissements_publics_nc,54,1818,Ouémo
legislatives_2024,1,988,98818,Nouméa,NOUMEA,0022,1387,900,487,889,7,4,5,REC,NASRI,Thomas,MASCULIN,Thomas NASRI,,1,,,,École Marie HAVET 2,ECOLE MARIE HAVET,0.841,Ecole Marie HAVET,231 RUE ARNOLD DALY,ENSEIGNEMENT ET FORMATION,Enseignement du premier degré,Ecole primaire,166.471138313555,-22.2828880563017,etablissements_publics_nc,54,1818,Ouémo
legislatives_2024,1,988,98818,Nouméa,NOUMEA,0022,1387,900,487,889,7,4,6,DIV,MILLAR,Manuel,MASCULIN,Manuel MILLAR,,0,,,,École Marie HAVET 2,ECOLE MARIE HAVET,0.841,Ecole Marie HAVET,231 RUE ARNOLD DALY,ENSEIGNEMENT ET FORMATION,Enseignement du premier degré,Ecole primaire,166.471138313555,-22.2828880563017,etablissements_publics_nc,54,1818,Ouémo
legislatives_2024,1,988,98818,Nouméa,NOUMEA,0022,1387,900,487,889,7,4,7,DVD,CUENOT,Pierre-Henri,MASCULIN,Pierre-Henri CUENOT,,3,,,,École Marie HAVET 2,ECOLE MARIE HAVET,0.841,Ecole Marie HAVET,231 RUE ARNOLD DALY,ENSEIGNEMENT ET FORMATION,Enseignement du premier degré,Ecole primaire,166.471138313555,-22.2828880563017,etablissements_publics_nc,54,1818,Ouémo
legislatives_2024,1,988,98818,Nouméa,NOUMEA,0022,1387,900,487,889,7,4,8,REG,HAOCAS,Muneiko,FEMININ,Muneiko HAOCAS,,8,,,,École Marie HAVET 2,ECOLE MARIE HAVET,0.841,Ecole Marie HAVET,231 RUE ARNOLD DALY,ENSEIGNEMENT ET FORMATION,Enseignement du premier degré,Ecole primaire,166.471138313555,-22.2828880563017,etablissements_publics_nc,54,1818,Ouémo
legislatives_2024,1,988,98818,Nouméa,NOUMEA,0022,1387,900,487,889,7,4,9,RN,LOUECKHOTE,Simon,MASCULIN,Simon LOUECKHOTE,,61,,,,École Marie HAVET 2,ECOLE MARIE HAVET,0.841,Ecole Marie HAVET,231 RUE ARNOLD DALY,ENSEIGNEMENT ET FORMATION,Enseignement du premier degré,Ecole primaire,166.471138313555,-22.2828880563017,etablissements_publics_nc,54,1818,Ouémo
legislatives_2024,1,988,98818,Nouméa,NOUMEA,0022,1387,900,487,889,7,4,10,REG,NEMIA ÉP BISHOP,Germaine Toléta,FEMININ,Germaine Toléta NEMIA ÉP BISHOP,,0,,,,École Marie HAVET 2,ECOLE MARIE HAVET,0.841,Ecole Marie HAVET,231 RUE ARNOLD DALY,ENSEIGNEMENT ET FORMATION,Enseignement du premier degré,Ecole primaire,166.471138313555,-22.2828880563017,etablissements_publics_nc,54,1818,Ouémo
legislatives_2024,1,988,98818,Nouméa,NOUMEA,0022,1387,900,487,889,7,4,11,DVG,FALAEO,Veylma,FEMININ,Veylma FALAEO,,28,,,,École Marie HAVET 2,ECOLE MARIE HAVET,0.841,Ecole Marie HAVET,231 RUE ARNOLD DALY,ENSEIGNEMENT ET FORMATION,Enseignement du premier degré,Ecole primaire,166.471138313555,-22.2828880563017,etablissements_publics_nc,54,1818,Ouémo
legislatives_2024,1,988,98818,Nouméa,NOUMEA,0022,1387,900,487,889,7,4,12,ECO,DEVAUD,Cédric,MASCULIN,Cédric DEVAUD,,11,,,,École Marie HAVET 2,ECOLE MARIE HAVET,0.841,Ecole Marie HAVET,231 RUE ARNOLD DALY,ENSEIGNEMENT ET FORMATION,Enseignement du premier degré,Ecole primaire,166.471138313555,-22.2828880563017,etablissements_publics_nc,54,1818,Ouémo
legislatives_2024,1,988,98818,Nouméa,NOUMEA,0023,1294,813,481,799,6,8,1,HOR,DUNOYER,Philippe,MASCULIN,Philippe DUNOYER,,117,,,,École Christine BOLETTI 1,ECOLE CHRISTINE BOLETTI,0.792,Ecole Christine BOLETTI,10 RUE CHARLES STEINMETZ,ENSEIGNEMENT ET FORMATION,Enseignement du premier degré,Ecole pré-élémentaire,166.465990390657,-22.2661773380247,etablissements_publics_nc,63,1827,Aérodrome Sud
legislatives_2024,1,988,98818,Nouméa,NOUMEA,0023,1294,813,481,799,6,8,2,DVD,METZDORF,Nicolas,MASCULIN,Nicolas METZDORF,,520,,,,École Christine BOLETTI 1,ECOLE CHRISTINE BOLETTI,0.792,Ecole Christine BOLETTI,10 RUE CHARLES STEINMETZ,ENSEIGNEMENT ET FORMATION,Enseignement du premier degré,Ecole pré-élémentaire,166.465990390657,-22.2661773380247,etablissements_publics_nc,63,1827,Aérodrome Sud
legislatives_2024,1,988,98818,Nouméa,NOUMEA,0023,1294,813,481,799,6,8,3,REG,ANGEXETINE ÉP RAILATI,Juanita Ciane,FEMININ,Juanita Ciane ANGEXETINE ÉP RAILATI,,2,,,,École Christine BOLETTI 1,ECOLE CHRISTINE BOLETTI,0.792,Ecole Christine BOLETTI,10 RUE CHARLES STEINMETZ,ENSEIGNEMENT ET FORMATION,Enseignement du premier degré,Ecole pré-élémentaire,166.465990390657,-22.2661773380247,etablissements_publics_nc,63,1827,Aérodrome Sud
legislatives_2024,1,988,98818,Nouméa,NOUMEA,0023,1294,813,481,799,6,8,4,REG,NAISSELINE,Omayra Lisa Meun,FEMININ,Omayra Lisa Meun NAISSELINE,,49,,,,École Christine BOLETTI 1,ECOLE CHRISTINE BOLETTI,0.792,Ecole Christine BOLETTI,10 RUE CHARLES STEINMETZ,ENSEIGNEMENT ET FORMATION,Enseignement du premier degré,Ecole pré-élémentaire,166.465990390657,-22.2661773380247,etablissements_publics_nc,63,1827,Aérodrome Sud
legislatives_2024,1,988,98818,Nouméa,NOUMEA,0023,1294,813,481,799,6,8,5,REC,NASRI,Thomas,MASCULIN,Thomas NASRI,,3,,,,École Christine BOLETTI 1,ECOLE CHRISTINE BOLETTI,0.792,Ecole Christine BOLETTI,10 RUE CHARLES STEINMETZ,ENSEIGNEMENT ET FORMATION,Enseignement du premier degré,Ecole pré-élémentaire,166.465990390657,-22.2661773380247,etablissements_publics_nc,63,1827,Aérodrome Sud
legislatives_2024,1,988,98818,Nouméa,NOUMEA,0023,1294,813,481,799,6,8,6,DIV,MILLAR,Manuel,MASCULIN,Manuel MILLAR,,0,,,,École Christine BOLETTI 1,ECOLE CHRISTINE BOLETTI,0.792,Ecole Christine BOLETTI,10 RUE CHARLES STEINMETZ,ENSEIGNEMENT ET FORMATION,Enseignement du premier degré,Ecole pré-élémentaire,166.465990390657,-22.2661773380247,etablissements_publics_nc,63,1827,Aérodrome Sud
legislatives_2024,1,988,98818,Nouméa,NOUMEA,0023,1294,813,481,799,6,8,7,DVD,CUENOT,Pierre-Henri,MASCULIN,Pierre-Henri CUENOT,,3,,,,École Christine BOLETTI 1,ECOLE CHRISTINE BOLETTI,0.792,Ecole Christine BOLETTI,10 RUE CHARLES STEINMETZ,ENSEIGNEMENT ET FORMATION,Enseignement du premier degré,Ecole pré-élémentaire,166.465990390657,-22.2661773380247,etablissements_publics_nc,63,1827,Aérodrome Sud
legislatives_2024,1,988,98818,Nouméa,NOUMEA,0023,1294,813,481,799,6,8,8,REG,HAOCAS,Muneiko,FEMININ,Muneiko HAOCAS,,9,,,,École Christine BOLETTI 1,ECOLE CHRISTINE BOLETTI,0.792,Ecole Christine BOLETTI,10 RUE CHARLES STEINMETZ,ENSEIGNEMENT ET FORMATION,Enseignement du premier degré,Ecole pré-élémentaire,166.465990390657,-22.2661773380247,etablissements_publics_nc,63,1827,Aérodrome Sud
legislatives_2024,1,988,98818,Nouméa,NOUMEA,0023,1294,813,481,799,6,8,9,RN,LOUECKHOTE,Simon,MASCULIN,Simon LOUECKHOTE,,46,,,,École Christine BOLETTI 1,ECOLE CHRISTINE BOLETTI,0.792,Ecole Christine BOLETTI,10 RUE CHARLES STEINMETZ,ENSEIGNEMENT ET FORMATION,Enseignement du premier degré,Ecole pré-élémentaire,166.465990390657,-22.2661773380247,etablissements_publics_nc,63,1827,Aérodrome Sud
legislatives_2024,1,988,98818,Nouméa,NOUMEA,0023,1294,813,481,799,6,8,10,REG,NEMIA ÉP BISHOP,Germaine Toléta,FEMININ,Germaine Toléta NEMIA ÉP BISHOP,,0,,,,École Christine BOLETTI 1,ECOLE CHRISTINE BOLETTI,0.792,Ecole Christine BOLETTI,10 RUE CHARLES STEINMETZ,ENSEIGNEMENT ET FORMATION,Enseignement du premier degré,Ecole pré-élémentaire,166.465990390657,-22.2661773380247,etablissements_publics_nc,63,1827,Aérodrome Sud
legislatives_2024,1,988,98818,Nouméa,NOUMEA,0023,1294,813,481,799,6,8,11,DVG,FALAEO,Veylma,FEMININ,Veylma FALAEO,,43,,,,École Christine BOLETTI 1,ECOLE CHRISTINE BOLETTI,0.792,Ecole Christine BOLETTI,10 RUE CHARLES STEINMETZ,ENSEIGNEMENT ET FORMATION,Enseignement du premier degré,Ecole pré-élémentaire,166.465990390657,-22.2661773380247,etablissements_publics_nc,63,1827,Aérodrome Sud
legislatives_2024,1,988,98818,Nouméa,NOUMEA,0023,1294,813,481,799,6,8,12,ECO,DEVAUD,Cédric,MASCULIN,Cédric DEVAUD,,7,,,,École Christine BOLETTI 1,ECOLE CHRISTINE BOLETTI,0.792,Ecole Christine BOLETTI,10 RUE CHARLES STEINMETZ,ENSEIGNEMENT ET FORMATION,Enseignement du premier degré,Ecole pré-élémentaire,166.465990390657,-22.2661773380247,etablissements_publics_nc,63,1827,Aérodrome Sud
legislatives_2024,1,988,98818,Nouméa,NOUMEA,0024,1240,689,551,674,8,7,1,HOR,DUNOYER,Philippe,MASCULIN,Philippe DUNOYER,,76,,,,École Christine BOLETTI 2,ECOLE CHRISTINE BOLETTI,0.792,Ecole Christine BOLETTI,10 RUE CHARLES STEINMETZ,ENSEIGNEMENT ET FORMATION,Enseignement du premier degré,Ecole pré-élémentaire,166.465990390657,-22.2661773380247,etablissements_publics_nc,63,1827,Aérodrome Sud
legislatives_2024,1,988,98818,Nouméa,NOUMEA,0024,1240,689,551,674,8,7,2,DVD,METZDORF,Nicolas,MASCULIN,Nicolas METZDORF,,241,,,,École Christine BOLETTI 2,ECOLE CHRISTINE BOLETTI,0.792,Ecole Christine BOLETTI,10 RUE CHARLES STEINMETZ,ENSEIGNEMENT ET FORMATION,Enseignement du premier degré,Ecole pré-élémentaire,166.465990390657,-22.2661773380247,etablissements_publics_nc,63,1827,Aérodrome Sud
legislatives_2024,1,988,98818,Nouméa,NOUMEA,0024,1240,689,551,674,8,7,3,REG,ANGEXETINE ÉP RAILATI,Juanita Ciane,FEMININ,Juanita Ciane ANGEXETINE ÉP RAILATI,,9,,,,École Christine BOLETTI 2,ECOLE CHRISTINE BOLETTI,0.792,Ecole Christine BOLETTI,10 RUE CHARLES STEINMETZ,ENSEIGNEMENT ET FORMATION,Enseignement du premier degré,Ecole pré-élémentaire,166.465990390657,-22.2661773380247,etablissements_publics_nc,63,1827,Aérodrome Sud
legislatives_2024,1,988,98818,Nouméa,NOUMEA,0024,1240,689,551,674,8,7,4,REG,NAISSELINE,Omayra Lisa Meun,FEMININ,Omayra Lisa Meun NAISSELINE,,244,,,,École Christine BOLETTI 2,ECOLE CHRISTINE BOLETTI,0.792,Ecole Christine BOLETTI,10 RUE CHARLES STEINMETZ,ENSEIGNEMENT ET FORMATION,Enseignement du premier degré,Ecole pré-élémentaire,166.465990390657,-22.2661773380247,etablissements_publics_nc,63,1827,Aérodrome Sud
legislatives_2024,1,988,98818,Nouméa,NOUMEA,0024,1240,689,551,674,8,7,5,REC,NASRI,Thomas,MASCULIN,Thomas NASRI,,2,,,,École Christine BOLETTI 2,ECOLE CHRISTINE BOLETTI,0.792,Ecole Christine BOLETTI,10 RUE CHARLES STEINMETZ,ENSEIGNEMENT ET FORMATION,Enseignement du premier degré,Ecole pré-élémentaire,166.465990390657,-22.2661773380247,etablissements_publics_nc,63,1827,Aérodrome Sud
legislatives_2024,1,988,98818,Nouméa,NOUMEA,0024,1240,689,551,674,8,7,6,DIV,MILLAR,Manuel,MASCULIN,Manuel MILLAR,,1,,,,École Christine BOLETTI 2,ECOLE CHRISTINE BOLETTI,0.792,Ecole Christine BOLETTI,10 RUE CHARLES STEINMETZ,ENSEIGNEMENT ET FORMATION,Enseignement du premier degré,Ecole pré-élémentaire,166.465990390657,-22.2661773380247,etablissements_publics_nc,63,1827,Aérodrome Sud
legislatives_2024,1,988,98818,Nouméa,NOUMEA,0024,1240,689,551,674,8,7,7,DVD,CUENOT,Pierre-Henri,MASCULIN,Pierre-Henri CUENOT,,1,,,,École Christine BOLETTI 2,ECOLE CHRISTINE BOLETTI,0.792,Ecole Christine BOLETTI,10 RUE CHARLES STEINMETZ,ENSEIGNEMENT ET FORMATION,Enseignement du premier degré,Ecole pré-élémentaire,166.465990390657,-22.2661773380247,etablissements_publics_nc,63,1827,Aérodrome Sud
legislatives_2024,1,988,98818,Nouméa,NOUMEA,0024,1240,689,551,674,8,7,8,REG,HAOCAS,Muneiko,FEMININ,Muneiko HAOCAS,,23,,,,École Christine BOLETTI 2,ECOLE CHRISTINE BOLETTI,0.792,Ecole Christine BOLETTI,10 RUE CHARLES STEINMETZ,ENSEIGNEMENT ET FORMATION,Enseignement du premier degré,Ecole pré-élémentaire,166.465990390657,-22.2661773380247,etablissements_publics_nc,63,1827,Aérodrome Sud
legislatives_2024,1,988,98818,Nouméa,NOUMEA,0024,1240,689,551,674,8,7,9,RN,LOUECKHOTE,Simon,MASCULIN,Simon LOUECKHOTE,,36,,,,École Christine BOLETTI 2,ECOLE CHRISTINE BOLETTI,0.792,Ecole Christine BOLETTI,10 RUE CHARLES STEINMETZ,ENSEIGNEMENT ET FORMATION,Enseignement du premier degré,Ecole pré-élémentaire,166.465990390657,-22.2661773380247,etablissements_publics_nc,63,1827,Aérodrome Sud
legislatives_2024,1,988,98818,Nouméa,NOUMEA,0024,1240,689,551,674,8,7,10,REG,NEMIA ÉP BISHOP,Germaine Toléta,FEMININ,Germaine Toléta NEMIA ÉP BISHOP,,0,,,,École Christine BOLETTI 2,ECOLE CHRISTINE BOLETTI,0.792,Ecole Christine BOLETTI,10 RUE CHARLES STEINMETZ,ENSEIGNEMENT ET FORMATION,Enseignement du premier degré,Ecole pré-élémentaire,166.465990390657,-22.2661773380247,etablissements_publics_nc,63,1827,Aérodrome Sud
legislatives_2024,1,988,98818,Nouméa,NOUMEA,0024,1240,689,551,674,8,7,11,DVG,FALAEO,Veylma,FEMININ,Veylma FALAEO,,39,,,,École Christine BOLETTI 2,ECOLE CHRISTINE BOLETTI,0.792,Ecole Christine BOLETTI,10 RUE CHARLES STEINMETZ,ENSEIGNEMENT ET FORMATION,Enseignement du premier degré,Ecole pré-élémentaire,166.465990390657,-22.2661773380247,etablissements_publics_nc,63,1827,Aérodrome Sud
legislatives_2024,1,988,98818,Nouméa,NOUMEA,0024,1240,689,551,674,8,7,12,ECO,DEVAUD,Cédric,MASCULIN,Cédric DEVAUD,,2,,,,École Christine BOLETTI 2,ECOLE CHRISTINE BOLETTI,0.792,Ecole Christine BOLETTI,10 RUE CHARLES STEINMETZ,ENSEIGNEMENT ET FORMATION,Enseignement du premier degré,Ecole pré-élémentaire,166.465990390657,-22.2661773380247,etablissements_publics_nc,63,1827,Aérodrome Sud
legislatives_2024,1,988,98818,Nouméa,NOUMEA,0025,1303,843,460,838,4,1,1,HOR,DUNOYER,Philippe,MASCULIN,Philippe DUNOYER,,100,,,,École Michel CACOT 1,ECOLE MICHEL CACOT,0.85,Ecole Michel CACOT,231 RUE ARMAND OHLEN,ENSEIGNEMENT ET FORMATION,Enseignement du premier degré,Ecole primaire,166.463652223431,-22.2662199324801,etablissements_publics_nc,62,1826,Portes de Fer - Sud
legislatives_2024,1,988,98818,Nouméa,NOUMEA,0025,1303,843,460,838,4,1,2,DVD,METZDORF,Nicolas,MASCULIN,Nicolas METZDORF,,578,,,,École Michel CACOT 1,ECOLE MICHEL CACOT,0.85,Ecole Michel CACOT,231 RUE ARMAND OHLEN,ENSEIGNEMENT ET FORMATION,Enseignement du premier degré,Ecole primaire,166.463652223431,-22.2662199324801,etablissements_publics_nc,62,1826,Portes de Fer - Sud
legislatives_2024,1,988,98818,Nouméa,NOUMEA,0025,1303,843,460,838,4,1,3,REG,ANGEXETINE ÉP RAILATI,Juanita Ciane,FEMININ,Juanita Ciane ANGEXETINE ÉP RAILATI,,3,,,,École Michel CACOT 1,ECOLE MICHEL CACOT,0.85,Ecole Michel CACOT,231 RUE ARMAND OHLEN,ENSEIGNEMENT ET FORMATION,Enseignement du premier degré,Ecole primaire,166.463652223431,-22.2662199324801,etablissements_publics_nc,62,1826,Portes de Fer - Sud
legislatives_2024,1,988,98818,Nouméa,NOUMEA,0025,1303,843,460,838,4,1,4,REG,NAISSELINE,Omayra Lisa Meun,FEMININ,Omayra Lisa Meun NAISSELINE,,51,,,,École Michel CACOT 1,ECOLE MICHEL CACOT,0.85,Ecole Michel CACOT,231 RUE ARMAND OHLEN,ENSEIGNEMENT ET FORMATION,Enseignement du premier degré,Ecole primaire,166.463652223431,-22.2662199324801,etablissements_publics_nc,62,1826,Portes de Fer - Sud
legislatives_2024,1,988,98818,Nouméa,NOUMEA,0025,1303,843,460,838,4,1,5,REC,NASRI,Thomas,MASCULIN,Thomas NASRI,,7,,,,École Michel CACOT 1,ECOLE MICHEL CACOT,0.85,Ecole Michel CACOT,231 RUE ARMAND OHLEN,ENSEIGNEMENT ET FORMATION,Enseignement du premier degré,Ecole primaire,166.463652223431,-22.2662199324801,etablissements_publics_nc,62,1826,Portes de Fer - Sud
legislatives_2024,1,988,98818,Nouméa,NOUMEA,0025,1303,843,460,838,4,1,6,DIV,MILLAR,Manuel,MASCULIN,Manuel MILLAR,,0,,,,École Michel CACOT 1,ECOLE MICHEL CACOT,0.85,Ecole Michel CACOT,231 RUE ARMAND OHLEN,ENSEIGNEMENT ET FORMATION,Enseignement du premier degré,Ecole primaire,166.463652223431,-22.2662199324801,etablissements_publics_nc,62,1826,Portes de Fer - Sud
legislatives_2024,1,988,98818,Nouméa,NOUMEA,0025,1303,843,460,838,4,1,7,DVD,CUENOT,Pierre-Henri,MASCULIN,Pierre-Henri CUENOT,,4,,,,École Michel CACOT 1,ECOLE MICHEL CACOT,0.85,Ecole Michel CACOT,231 RUE ARMAND OHLEN,ENSEIGNEMENT ET FORMATION,Enseignement du premier degré,Ecole primaire,166.463652223431,-22.2662199324801,etablissements_publics_nc,62,1826,Portes de Fer - Sud
legislatives_2024,1,988,98818,Nouméa,NOUMEA,0025,1303,843,460,838,4,1,8,REG,HAOCAS,Muneiko,FEMININ,Muneiko HAOCAS,,4,,,,École Michel CACOT 1,ECOLE MICHEL CACOT,0.85,Ecole Michel CACOT,231 RUE ARMAND OHLEN,ENSEIGNEMENT ET FORMATION,Enseignement du premier degré,Ecole primaire,166.463652223431,-22.2662199324801,etablissements_publics_nc,62,1826,Portes de Fer - Sud
legislatives_2024,1,988,98818,Nouméa,NOUMEA,0025,1303,843,460,838,4,1,9,RN,LOUECKHOTE,Simon,MASCULIN,Simon LOUECKHOTE,,61,,,,École Michel CACOT 1,ECOLE MICHEL CACOT,0.85,Ecole Michel CACOT,231 RUE ARMAND OHLEN,ENSEIGNEMENT ET FORMATION,Enseignement du premier degré,Ecole primaire,166.463652223431,-22.2662199324801,etablissements_publics_nc,62,1826,Portes de Fer - Sud
legislatives_2024,1,988,98818,Nouméa,NOUMEA,0025,1303,843,460,838,4,1,10,REG,NEMIA ÉP BISHOP,Germaine Toléta,FEMININ,Germaine Toléta NEMIA ÉP BISHOP,,0,,,,École Michel CACOT 1,ECOLE MICHEL CACOT,0.85,Ecole Michel CACOT,231 RUE ARMAND OHLEN,ENSEIGNEMENT ET FORMATION,Enseignement du premier degré,Ecole primaire,166.463652223431,-22.2662199324801,etablissements_publics_nc,62,1826,Portes de Fer - Sud
legislatives_2024,1,988,98818,Nouméa,NOUMEA,0025,1303,843,460,838,4,1,11,DVG,FALAEO,Veylma,FEMININ,Veylma FALAEO,,25,,,,École Michel CACOT 1,ECOLE MICHEL CACOT,0.85,Ecole Michel CACOT,231 RUE ARMAND OHLEN,ENSEIGNEMENT ET FORMATION,Enseignement du premier degré,Ecole primaire,166.463652223431,-22.2662199324801,etablissements_publics_nc,62,1826,Portes de Fer - Sud
legislatives_2024,1,988,98818,Nouméa,NOUMEA,0025,1303,843,460,838,4,1,12,ECO,DEVAUD,Cédric,MASCULIN,Cédric DEVAUD,,5,,,,École Michel CACOT 1,ECOLE MICHEL CACOT,0.85,Ecole Michel CACOT,231 RUE ARMAND OHLEN,ENSEIGNEMENT ET FORMATION,Enseignement du premier degré,Ecole primaire,166.463652223431,-22.2662199324801,etablissements_publics_nc,62,1826,Portes de Fer - Sud
legislatives_2024,1,988,98818,Nouméa,NOUMEA,0026,1412,815,597,800,12,3,1,HOR,DUNOYER,Philippe,MASCULIN,Philippe DUNOYER,,128,,,,École Michel CACOT 2,ECOLE MICHEL CACOT,0.85,Ecole Michel CACOT,231 RUE ARMAND OHLEN,ENSEIGNEMENT ET FORMATION,Enseignement du premier degré,Ecole primaire,166.463652223431,-22.2662199324801,etablissements_publics_nc,62,1826,Portes de Fer - Sud
legislatives_2024,1,988,98818,Nouméa,NOUMEA,0026,1412,815,597,800,12,3,2,DVD,METZDORF,Nicolas,MASCULIN,Nicolas METZDORF,,538,,,,École Michel CACOT 2,ECOLE MICHEL CACOT,0.85,Ecole Michel CACOT,231 RUE ARMAND OHLEN,ENSEIGNEMENT ET FORMATION,Enseignement du premier degré,Ecole primaire,166.463652223431,-22.2662199324801,etablissements_publics_nc,62,1826,Portes de Fer - Sud
legislatives_2024,1,988,98818,Nouméa,NOUMEA,0026,1412,815,597,800,12,3,3,REG,ANGEXETINE ÉP RAILATI,Juanita Ciane,FEMININ,Juanita Ciane ANGEXETINE ÉP RAILATI,,3,,,,École Michel CACOT 2,ECOLE MICHEL CACOT,0.85,Ecole Michel CACOT,231 RUE ARMAND OHLEN,ENSEIGNEMENT ET FORMATION,Enseignement du premier degré,Ecole primaire,166.463652223431,-22.2662199324801,etablissements_publics_nc,62,1826,Portes de Fer - Sud
legislatives_2024,1,988,98818,Nouméa,NOUMEA,0026,1412,815,597,800,12,3,4,REG,NAISSELINE,Omayra Lisa Meun,FEMININ,Omayra Lisa Meun NAISSELINE,,51,,,,École Michel CACOT 2,ECOLE MICHEL CACOT,0.85,Ecole Michel CACOT,231 RUE ARMAND OHLEN,ENSEIGNEMENT ET FORMATION,Enseignement du premier degré,Ecole primaire,166.463652223431,-22.2662199324801,etablissements_publics_nc,62,1826,Portes de Fer - Sud
legislatives_2024,1,988,98818,Nouméa,NOUMEA,0026,1412,815,597,800,12,3,5,REC,NASRI,Thomas,MASCULIN,Thomas NASRI,,2,,,,École Michel CACOT 2,ECOLE MICHEL CACOT,0.85,Ecole Michel CACOT,231 RUE ARMAND OHLEN,ENSEIGNEMENT ET FORMATION,Enseignement du premier degré,Ecole primaire,166.463652223431,-22.2662199324801,etablissements_publics_nc,62,1826,Portes de Fer - Sud
legislatives_2024,1,988,98818,Nouméa,NOUMEA,0026,1412,815,597,800,12,3,6,DIV,MILLAR,Manuel,MASCULIN,Manuel MILLAR,,0,,,,École Michel CACOT 2,ECOLE MICHEL CACOT,0.85,Ecole Michel CACOT,231 RUE ARMAND OHLEN,ENSEIGNEMENT ET FORMATION,Enseignement du premier degré,Ecole primaire,166.463652223431,-22.2662199324801,etablissements_publics_nc,62,1826,Portes de Fer - Sud
legislatives_2024,1,988,98818,Nouméa,NOUMEA,0026,1412,815,597,800,12,3,7,DVD,CUENOT,Pierre-Henri,MASCULIN,Pierre-Henri CUENOT,,2,,,,École Michel CACOT 2,ECOLE MICHEL CACOT,0.85,Ecole Michel CACOT,231 RUE ARMAND OHLEN,ENSEIGNEMENT ET FORMATION,Enseignement du premier degré,Ecole primaire,166.463652223431,-22.2662199324801,etablissements_publics_nc,62,1826,Portes de Fer - Sud
legislatives_2024,1,988,98818,Nouméa,NOUMEA,0026,1412,815,597,800,12,3,8,REG,HAOCAS,Muneiko,FEMININ,Muneiko HAOCAS,,7,,,,École Michel CACOT 2,ECOLE MICHEL CACOT,0.85,Ecole Michel CACOT,231 RUE ARMAND OHLEN,ENSEIGNEMENT ET FORMATION,Enseignement du premier degré,Ecole primaire,166.463652223431,-22.2662199324801,etablissements_publics_nc,62,1826,Portes de Fer - Sud
legislatives_2024,1,988,98818,Nouméa,NOUMEA,0026,1412,815,597,800,12,3,9,RN,LOUECKHOTE,Simon,MASCULIN,Simon LOUECKHOTE,,34,,,,École Michel CACOT 2,ECOLE MICHEL CACOT,0.85,Ecole Michel CACOT,231 RUE ARMAND OHLEN,ENSEIGNEMENT ET FORMATION,Enseignement du premier degré,Ecole primaire,166.463652223431,-22.2662199324801,etablissements_publics_nc,62,1826,Portes de Fer - Sud
legislatives_2024,1,988,98818,Nouméa,NOUMEA,0026,1412,815,597,800,12,3,10,REG,NEMIA ÉP BISHOP,Germaine Toléta,FEMININ,Germaine Toléta NEMIA ÉP BISHOP,,1,,,,École Michel CACOT 2,ECOLE MICHEL CACOT,0.85,Ecole Michel CACOT,231 RUE ARMAND OHLEN,ENSEIGNEMENT ET FORMATION,Enseignement du premier degré,Ecole primaire,166.463652223431,-22.2662199324801,etablissements_publics_nc,62,1826,Portes de Fer - Sud
legislatives_2024,1,988,98818,Nouméa,NOUMEA,0026,1412,815,597,800,12,3,11,DVG,FALAEO,Veylma,FEMININ,Veylma FALAEO,,28,,,,École Michel CACOT 2,ECOLE MICHEL CACOT,0.85,Ecole Michel CACOT,231 RUE ARMAND OHLEN,ENSEIGNEMENT ET FORMATION,Enseignement du premier degré,Ecole primaire,166.463652223431,-22.2662199324801,etablissements_publics_nc,62,1826,Portes de Fer - Sud
legislatives_2024,1,988,98818,Nouméa,NOUMEA,0026,1412,815,597,800,12,3,12,ECO,DEVAUD,Cédric,MASCULIN,Cédric DEVAUD,,6,,,,École Michel CACOT 2,ECOLE MICHEL CACOT,0.85,Ecole Michel CACOT,231 RUE ARMAND OHLEN,ENSEIGNEMENT ET FORMATION,Enseignement du premier degré,Ecole primaire,166.463652223431,-22.2662199324801,etablissements_publics_nc,62,1826,Portes de Fer - Sud
legislatives_2024,1,988,98818,Nouméa,NOUMEA,0027,1212,616,596,603,5,8,1,HOR,DUNOYER,Philippe,MASCULIN,Philippe DUNOYER,,68,,,,École Céline TEYSSANDIER de LAUBAREDE,ECOLE CELINE TEYSSANDIER LAUBAREDE,0.933,Ecole primaire Céline TEYSSANDIER DE LAUBAREDE,29 ROUTE DES DEUX VALLEES - RUE JACQUES BARRAU,ENSEIGNEMENT ET FORMATION,Enseignement du premier degré,Ecole primaire,166.445705500987,-22.2640017751327,etablissements_publics_nc,60,1824,Vallée du Tir
legislatives_2024,1,988,98818,Nouméa,NOUMEA,0027,1212,616,596,603,5,8,2,DVD,METZDORF,Nicolas,MASCULIN,Nicolas METZDORF,,190,,,,École Céline TEYSSANDIER de LAUBAREDE,ECOLE CELINE TEYSSANDIER LAUBAREDE,0.933,Ecole primaire Céline TEYSSANDIER DE LAUBAREDE,29 ROUTE DES DEUX VALLEES - RUE JACQUES BARRAU,ENSEIGNEMENT ET FORMATION,Enseignement du premier degré,Ecole primaire,166.445705500987,-22.2640017751327,etablissements_publics_nc,60,1824,Vallée du Tir
legislatives_2024,1,988,98818,Nouméa,NOUMEA,0027,1212,616,596,603,5,8,3,REG,ANGEXETINE ÉP RAILATI,Juanita Ciane,FEMININ,Juanita Ciane ANGEXETINE ÉP RAILATI,,13,,,,École Céline TEYSSANDIER de LAUBAREDE,ECOLE CELINE TEYSSANDIER LAUBAREDE,0.933,Ecole primaire Céline TEYSSANDIER DE LAUBAREDE,29 ROUTE DES DEUX VALLEES - RUE JACQUES BARRAU,ENSEIGNEMENT ET FORMATION,Enseignement du premier degré,Ecole primaire,166.445705500987,-22.2640017751327,etablissements_publics_nc,60,1824,Vallée du Tir
legislatives_2024,1,988,98818,Nouméa,NOUMEA,0027,1212,616,596,603,5,8,4,REG,NAISSELINE,Omayra Lisa Meun,FEMININ,Omayra Lisa Meun NAISSELINE,,230,,,,École Céline TEYSSANDIER de LAUBAREDE,ECOLE CELINE TEYSSANDIER LAUBAREDE,0.933,Ecole primaire Céline TEYSSANDIER DE LAUBAREDE,29 ROUTE DES DEUX VALLEES - RUE JACQUES BARRAU,ENSEIGNEMENT ET FORMATION,Enseignement du premier degré,Ecole primaire,166.445705500987,-22.2640017751327,etablissements_publics_nc,60,1824,Vallée du Tir
legislatives_2024,1,988,98818,Nouméa,NOUMEA,0027,1212,616,596,603,5,8,5,REC,NASRI,Thomas,MASCULIN,Thomas NASRI,,1,,,,École Céline TEYSSANDIER de LAUBAREDE,ECOLE CELINE TEYSSANDIER LAUBAREDE,0.933,Ecole primaire Céline TEYSSANDIER DE LAUBAREDE,29 ROUTE DES DEUX VALLEES - RUE JACQUES BARRAU,ENSEIGNEMENT ET FORMATION,Enseignement du premier degré,Ecole primaire,166.445705500987,-22.2640017751327,etablissements_publics_nc,60,1824,Vallée du Tir
legislatives_2024,1,988,98818,Nouméa,NOUMEA,0027,1212,616,596,603,5,8,6,DIV,MILLAR,Manuel,MASCULIN,Manuel MILLAR,,3,,,,École Céline TEYSSANDIER de LAUBAREDE,ECOLE CELINE TEYSSANDIER LAUBAREDE,0.933,Ecole primaire Céline TEYSSANDIER DE LAUBAREDE,29 ROUTE DES DEUX VALLEES - RUE JACQUES BARRAU,ENSEIGNEMENT ET FORMATION,Enseignement du premier degré,Ecole primaire,166.445705500987,-22.2640017751327,etablissements_publics_nc,60,1824,Vallée du Tir
legislatives_2024,1,988,98818,Nouméa,NOUMEA,0027,1212,616,596,603,5,8,7,DVD,CUENOT,Pierre-Henri,MASCULIN,Pierre-Henri CUENOT,,2,,,,École Céline TEYSSANDIER de LAUBAREDE,ECOLE CELINE TEYSSANDIER LAUBAREDE,0.933,Ecole primaire Céline TEYSSANDIER DE LAUBAREDE,29 ROUTE DES DEUX VALLEES - RUE JACQUES BARRAU,ENSEIGNEMENT ET FORMATION,Enseignement du premier degré,Ecole primaire,166.445705500987,-22.2640017751327,etablissements_publics_nc,60,1824,Vallée du Tir
legislatives_2024,1,988,98818,Nouméa,NOUMEA,0027,1212,616,596,603,5,8,8,REG,HAOCAS,Muneiko,FEMININ,Muneiko HAOCAS,,25,,,,École Céline TEYSSANDIER de LAUBAREDE,ECOLE CELINE TEYSSANDIER LAUBAREDE,0.933,Ecole primaire Céline TEYSSANDIER DE LAUBAREDE,29 ROUTE DES DEUX VALLEES - RUE JACQUES BARRAU,ENSEIGNEMENT ET FORMATION,Enseignement du premier degré,Ecole primaire,166.445705500987,-22.2640017751327,etablissements_publics_nc,60,1824,Vallée du Tir
legislatives_2024,1,988,98818,Nouméa,NOUMEA,0027,1212,616,596,603,5,8,9,RN,LOUECKHOTE,Simon,MASCULIN,Simon LOUECKHOTE,,30,,,,École Céline TEYSSANDIER de LAUBAREDE,ECOLE CELINE TEYSSANDIER LAUBAREDE,0.933,Ecole primaire Céline TEYSSANDIER DE LAUBAREDE,29 ROUTE DES DEUX VALLEES - RUE JACQUES BARRAU,ENSEIGNEMENT ET FORMATION,Enseignement du premier degré,Ecole primaire,166.445705500987,-22.2640017751327,etablissements_publics_nc,60,1824,Vallée du Tir
legislatives_2024,1,988,98818,Nouméa,NOUMEA,0027,1212,616,596,603,5,8,10,REG,NEMIA ÉP BISHOP,Germaine Toléta,FEMININ,Germaine Toléta NEMIA ÉP BISHOP,,2,,,,École Céline TEYSSANDIER de LAUBAREDE,ECOLE CELINE TEYSSANDIER LAUBAREDE,0.933,Ecole primaire Céline TEYSSANDIER DE LAUBAREDE,29 ROUTE DES DEUX VALLEES - RUE JACQUES BARRAU,ENSEIGNEMENT ET FORMATION,Enseignement du premier degré,Ecole primaire,166.445705500987,-22.2640017751327,etablissements_publics_nc,60,1824,Vallée du Tir
legislatives_2024,1,988,98818,Nouméa,NOUMEA,0027,1212,616,596,603,5,8,11,DVG,FALAEO,Veylma,FEMININ,Veylma FALAEO,,35,,,,École Céline TEYSSANDIER de LAUBAREDE,ECOLE CELINE TEYSSANDIER LAUBAREDE,0.933,Ecole primaire Céline TEYSSANDIER DE LAUBAREDE,29 ROUTE DES DEUX VALLEES - RUE JACQUES BARRAU,ENSEIGNEMENT ET FORMATION,Enseignement du premier degré,Ecole primaire,166.445705500987,-22.2640017751327,etablissements_publics_nc,60,1824,Vallée du Tir
legislatives_2024,1,988,98818,Nouméa,NOUMEA,0027,1212,616,596,603,5,8,12,ECO,DEVAUD,Cédric,MASCULIN,Cédric DEVAUD,,4,,,,École Céline TEYSSANDIER de LAUBAREDE,ECOLE CELINE TEYSSANDIER LAUBAREDE,0.933,Ecole primaire Céline TEYSSANDIER DE LAUBAREDE,29 ROUTE DES DEUX VALLEES - RUE JACQUES BARRAU,ENSEIGNEMENT ET FORMATION,Enseignement du premier degré,Ecole primaire,166.445705500987,-22.2640017751327,etablissements_publics_nc,60,1824,Vallée du Tir
legislatives_2024,1,988,98818,Nouméa,NOUMEA,0028,1302,651,651,636,4,11,1,HOR,DUNOYER,Philippe,MASCULIN,Philippe DUNOYER,,32,,,,École Gustave MOUCHET 1,ECOLE GUSTAVE MOUCHET,0.874,Ecole Gustave MOUCHET,8 RUE DES FRERES CHARPENTIER,ENSEIGNEMENT ET FORMATION,Enseignement du premier degré,Ecole primaire,166.454414703061,-22.2504501881193,etablissements_publics_nc,64,1828,Portes de Fer - Nord
legislatives_2024,1,988,98818,Nouméa,NOUMEA,0028,1302,651,651,636,4,11,2,DVD,METZDORF,Nicolas,MASCULIN,Nicolas METZDORF,,46,,,,École Gustave MOUCHET 1,ECOLE GUSTAVE MOUCHET,0.874,Ecole Gustave MOUCHET,8 RUE DES FRERES CHARPENTIER,ENSEIGNEMENT ET FORMATION,Enseignement du premier degré,Ecole primaire,166.454414703061,-22.2504501881193,etablissements_publics_nc,64,1828,Portes de Fer - Nord
legislatives_2024,1,988,98818,Nouméa,NOUMEA,0028,1302,651,651,636,4,11,3,REG,ANGEXETINE ÉP RAILATI,Juanita Ciane,FEMININ,Juanita Ciane ANGEXETINE ÉP RAILATI,,18,,,,École Gustave MOUCHET 1,ECOLE GUSTAVE MOUCHET,0.874,Ecole Gustave MOUCHET,8 RUE DES FRERES CHARPENTIER,ENSEIGNEMENT ET FORMATION,Enseignement du premier degré,Ecole primaire,166.454414703061,-22.2504501881193,etablissements_publics_nc,64,1828,Portes de Fer - Nord
legislatives_2024,1,988,98818,Nouméa,NOUMEA,0028,1302,651,651,636,4,11,4,REG,NAISSELINE,Omayra Lisa Meun,FEMININ,Omayra Lisa Meun NAISSELINE,,435,,,,École Gustave MOUCHET 1,ECOLE GUSTAVE MOUCHET,0.874,Ecole Gustave MOUCHET,8 RUE DES FRERES CHARPENTIER,ENSEIGNEMENT ET FORMATION,Enseignement du premier degré,Ecole primaire,166.454414703061,-22.2504501881193,etablissements_publics_nc,64,1828,Portes de Fer - Nord
legislatives_2024,1,988,98818,Nouméa,NOUMEA,0028,1302,651,651,636,4,11,5,REC,NASRI,Thomas,MASCULIN,Thomas NASRI,,0,,,,École Gustave MOUCHET 1,ECOLE GUSTAVE MOUCHET,0.874,Ecole Gustave MOUCHET,8 RUE DES FRERES CHARPENTIER,ENSEIGNEMENT ET FORMATION,Enseignement du premier degré,Ecole primaire,166.454414703061,-22.2504501881193,etablissements_publics_nc,64,1828,Portes de Fer - Nord
legislatives_2024,1,988,98818,Nouméa,NOUMEA,0028,1302,651,651,636,4,11,6,DIV,MILLAR,Manuel,MASCULIN,Manuel MILLAR,,2,,,,École Gustave MOUCHET 1,ECOLE GUSTAVE MOUCHET,0.874,Ecole Gustave MOUCHET,8 RUE DES FRERES CHARPENTIER,ENSEIGNEMENT ET FORMATION,Enseignement du premier degré,Ecole primaire,166.454414703061,-22.2504501881193,etablissements_publics_nc,64,1828,Portes de Fer - Nord
legislatives_2024,1,988,98818,Nouméa,NOUMEA,0028,1302,651,651,636,4,11,7,DVD,CUENOT,Pierre-Henri,MASCULIN,Pierre-Henri CUENOT,,0,,,,École Gustave MOUCHET 1,ECOLE GUSTAVE MOUCHET,0.874,Ecole Gustave MOUCHET,8 RUE DES FRERES CHARPENTIER,ENSEIGNEMENT ET FORMATION,Enseignement du premier degré,Ecole primaire,166.454414703061,-22.2504501881193,etablissements_publics_nc,64,1828,Portes de Fer - Nord
legislatives_2024,1,988,98818,Nouméa,NOUMEA,0028,1302,651,651,636,4,11,8,REG,HAOCAS,Muneiko,FEMININ,Muneiko HAOCAS,,39,,,,École Gustave MOUCHET 1,ECOLE GUSTAVE MOUCHET,0.874,Ecole Gustave MOUCHET,8 RUE DES FRERES CHARPENTIER,ENSEIGNEMENT ET FORMATION,Enseignement du premier degré,Ecole primaire,166.454414703061,-22.2504501881193,etablissements_publics_nc,64,1828,Portes de Fer - Nord
legislatives_2024,1,988,98818,Nouméa,NOUMEA,0028,1302,651,651,636,4,11,9,RN,LOUECKHOTE,Simon,MASCULIN,Simon LOUECKHOTE,,12,,,,École Gustave MOUCHET 1,ECOLE GUSTAVE MOUCHET,0.874,Ecole Gustave MOUCHET,8 RUE DES FRERES CHARPENTIER,ENSEIGNEMENT ET FORMATION,Enseignement du premier degré,Ecole primaire,166.454414703061,-22.2504501881193,etablissements_publics_nc,64,1828,Portes de Fer - Nord
legislatives_2024,1,988,98818,Nouméa,NOUMEA,0028,1302,651,651,636,4,11,10,REG,NEMIA ÉP BISHOP,Germaine Toléta,FEMININ,Germaine Toléta NEMIA ÉP BISHOP,,0,,,,École Gustave MOUCHET 1,ECOLE GUSTAVE MOUCHET,0.874,Ecole Gustave MOUCHET,8 RUE DES FRERES CHARPENTIER,ENSEIGNEMENT ET FORMATION,Enseignement du premier degré,Ecole primaire,166.454414703061,-22.2504501881193,etablissements_publics_nc,64,1828,Portes de Fer - Nord
legislatives_2024,1,988,98818,Nouméa,NOUMEA,0028,1302,651,651,636,4,11,11,DVG,FALAEO,Veylma,FEMININ,Veylma FALAEO,,51,,,,École Gustave MOUCHET 1,ECOLE GUSTAVE MOUCHET,0.874,Ecole Gustave MOUCHET,8 RUE DES FRERES CHARPENTIER,ENSEIGNEMENT ET FORMATION,Enseignement du premier degré,Ecole primaire,166.454414703061,-22.2504501881193,etablissements_publics_nc,64,1828,Portes de Fer - Nord
legislatives_2024,1,988,98818,Nouméa,NOUMEA,0028,1302,651,651,636,4,11,12,ECO,DEVAUD,Cédric,MASCULIN,Cédric DEVAUD,,1,,,,École Gustave MOUCHET 1,ECOLE GUSTAVE MOUCHET,0.874,Ecole Gustave MOUCHET,8 RUE DES FRERES CHARPENTIER,ENSEIGNEMENT ET FORMATION,Enseignement du premier degré,Ecole primaire,166.454414703061,-22.2504501881193,etablissements_publics_nc,64,1828,Portes de Fer - Nord
legislatives_2024,1,988,98818,Nouméa,NOUMEA,0029,1176,569,607,555,6,8,1,HOR,DUNOYER,Philippe,MASCULIN,Philippe DUNOYER,,50,,,,École Gustave MOUCHET 2,ECOLE GUSTAVE MOUCHET,0.874,Ecole Gustave MOUCHET,8 RUE DES FRERES CHARPENTIER,ENSEIGNEMENT ET FORMATION,Enseignement du premier degré,Ecole primaire,166.454414703061,-22.2504501881193,etablissements_publics_nc,64,1828,Portes de Fer - Nord
legislatives_2024,1,988,98818,Nouméa,NOUMEA,0029,1176,569,607,555,6,8,2,DVD,METZDORF,Nicolas,MASCULIN,Nicolas METZDORF,,134,,,,École Gustave MOUCHET 2,ECOLE GUSTAVE MOUCHET,0.874,Ecole Gustave MOUCHET,8 RUE DES FRERES CHARPENTIER,ENSEIGNEMENT ET FORMATION,Enseignement du premier degré,Ecole primaire,166.454414703061,-22.2504501881193,etablissements_publics_nc,64,1828,Portes de Fer - Nord
legislatives_2024,1,988,98818,Nouméa,NOUMEA,0029,1176,569,607,555,6,8,3,REG,ANGEXETINE ÉP RAILATI,Juanita Ciane,FEMININ,Juanita Ciane ANGEXETINE ÉP RAILATI,,15,,,,École Gustave MOUCHET 2,ECOLE GUSTAVE MOUCHET,0.874,Ecole Gustave MOUCHET,8 RUE DES FRERES CHARPENTIER,ENSEIGNEMENT ET FORMATION,Enseignement du premier degré,Ecole primaire,166.454414703061,-22.2504501881193,etablissements_publics_nc,64,1828,Portes de Fer - Nord
legislatives_2024,1,988,98818,Nouméa,NOUMEA,0029,1176,569,607,555,6,8,4,REG,NAISSELINE,Omayra Lisa Meun,FEMININ,Omayra Lisa Meun NAISSELINE,,246,,,,École Gustave MOUCHET 2,ECOLE GUSTAVE MOUCHET,0.874,Ecole Gustave MOUCHET,8 RUE DES FRERES CHARPENTIER,ENSEIGNEMENT ET FORMATION,Enseignement du premier degré,Ecole primaire,166.454414703061,-22.2504501881193,etablissements_publics_nc,64,1828,Portes de Fer - Nord
legislatives_2024,1,988,98818,Nouméa,NOUMEA,0029,1176,569,607,555,6,8,5,REC,NASRI,Thomas,MASCULIN,Thomas NASRI,,1,,,,École Gustave MOUCHET 2,ECOLE GUSTAVE MOUCHET,0.874,Ecole Gustave MOUCHET,8 RUE DES FRERES CHARPENTIER,ENSEIGNEMENT ET FORMATION,Enseignement du premier degré,Ecole primaire,166.454414703061,-22.2504501881193,etablissements_publics_nc,64,1828,Portes de Fer - Nord
legislatives_2024,1,988,98818,Nouméa,NOUMEA,0029,1176,569,607,555,6,8,6,DIV,MILLAR,Manuel,MASCULIN,Manuel MILLAR,,2,,,,École Gustave MOUCHET 2,ECOLE GUSTAVE MOUCHET,0.874,Ecole Gustave MOUCHET,8 RUE DES FRERES CHARPENTIER,ENSEIGNEMENT ET FORMATION,Enseignement du premier degré,Ecole primaire,166.454414703061,-22.2504501881193,etablissements_publics_nc,64,1828,Portes de Fer - Nord
legislatives_2024,1,988,98818,Nouméa,NOUMEA,0029,1176,569,607,555,6,8,7,DVD,CUENOT,Pierre-Henri,MASCULIN,Pierre-Henri CUENOT,,3,,,,École Gustave MOUCHET 2,ECOLE GUSTAVE MOUCHET,0.874,Ecole Gustave MOUCHET,8 RUE DES FRERES CHARPENTIER,ENSEIGNEMENT ET FORMATION,Enseignement du premier degré,Ecole primaire,166.454414703061,-22.2504501881193,etablissements_publics_nc,64,1828,Portes de Fer - Nord
legislatives_2024,1,988,98818,Nouméa,NOUMEA,0029,1176,569,607,555,6,8,8,REG,HAOCAS,Muneiko,FEMININ,Muneiko HAOCAS,,38,,,,École Gustave MOUCHET 2,ECOLE GUSTAVE MOUCHET,0.874,Ecole Gustave MOUCHET,8 RUE DES FRERES CHARPENTIER,ENSEIGNEMENT ET FORMATION,Enseignement du premier degré,Ecole primaire,166.454414703061,-22.2504501881193,etablissements_publics_nc,64,1828,Portes de Fer - Nord
legislatives_2024,1,988,98818,Nouméa,NOUMEA,0029,1176,569,607,555,6,8,9,RN,LOUECKHOTE,Simon,MASCULIN,Simon LOUECKHOTE,,16,,,,École Gustave MOUCHET 2,ECOLE GUSTAVE MOUCHET,0.874,Ecole Gustave MOUCHET,8 RUE DES FRERES CHARPENTIER,ENSEIGNEMENT ET FORMATION,Enseignement du premier degré,Ecole primaire,166.454414703061,-22.2504501881193,etablissements_publics_nc,64,1828,Portes de Fer - Nord
legislatives_2024,1,988,98818,Nouméa,NOUMEA,0029,1176,569,607,555,6,8,10,REG,NEMIA ÉP BISHOP,Germaine Toléta,FEMININ,Germaine Toléta NEMIA ÉP BISHOP,,1,,,,École Gustave MOUCHET 2,ECOLE GUSTAVE MOUCHET,0.874,Ecole Gustave MOUCHET,8 RUE DES FRERES CHARPENTIER,ENSEIGNEMENT ET FORMATION,Enseignement du premier degré,Ecole primaire,166.454414703061,-22.2504501881193,etablissements_publics_nc,64,1828,Portes de Fer - Nord
legislatives_2024,1,988,98818,Nouméa,NOUMEA,0029,1176,569,607,555,6,8,11,DVG,FALAEO,Veylma,FEMININ,Veylma FALAEO,,46,,,,École Gustave MOUCHET 2,ECOLE GUSTAVE MOUCHET,0.874,Ecole Gustave MOUCHET,8 RUE DES FRERES CHARPENTIER,ENSEIGNEMENT ET FORMATION,Enseignement du premier degré,Ecole primaire,166.454414703061,-22.2504501881193,etablissements_publics_nc,64,1828,Portes de Fer - Nord
legislatives_2024,1,988,98818,Nouméa,NOUMEA,0029,1176,569,607,555,6,8,12,ECO,DEVAUD,Cédric,MASCULIN,Cédric DEVAUD,,3,,,,École Gustave MOUCHET 2,ECOLE GUSTAVE MOUCHET,0.874,Ecole Gustave MOUCHET,8 RUE DES FRERES CHARPENTIER,ENSEIGNEMENT ET FORMATION,Enseignement du premier degré,Ecole primaire,166.454414703061,-22.2504501881193,etablissements_publics_nc,64,1828,Portes de Fer - Nord
legislatives_2024,1,988,98818,Nouméa,NOUMEA,0030,1394,789,605,769,13,7,1,HOR,DUNOYER,Philippe,MASCULIN,Philippe DUNOYER,,99,,,,École Mathilde BROQUET 1,ECOLE MATHILDE BROQUET,0.836,Ecole Mathilde BROQUET,24 RUE PIERRE ARTIGUE,ENSEIGNEMENT ET FORMATION,Enseignement du premier degré,Ecole élémentaire,166.467549840387,-22.256293239868,etablissements_publics_nc,63,1827,Aérodrome Sud
legislatives_2024,1,988,98818,Nouméa,NOUMEA,0030,1394,789,605,769,13,7,2,DVD,METZDORF,Nicolas,MASCULIN,Nicolas METZDORF,,328,,,,École Mathilde BROQUET 1,ECOLE MATHILDE BROQUET,0.836,Ecole Mathilde BROQUET,24 RUE PIERRE ARTIGUE,ENSEIGNEMENT ET FORMATION,Enseignement du premier degré,Ecole élémentaire,166.467549840387,-22.256293239868,etablissements_publics_nc,63,1827,Aérodrome Sud
legislatives_2024,1,988,98818,Nouméa,NOUMEA,0030,1394,789,605,769,13,7,3,REG,ANGEXETINE ÉP RAILATI,Juanita Ciane,FEMININ,Juanita Ciane ANGEXETINE ÉP RAILATI,,3,,,,École Mathilde BROQUET 1,ECOLE MATHILDE BROQUET,0.836,Ecole Mathilde BROQUET,24 RUE PIERRE ARTIGUE,ENSEIGNEMENT ET FORMATION,Enseignement du premier degré,Ecole élémentaire,166.467549840387,-22.256293239868,etablissements_publics_nc,63,1827,Aérodrome Sud
legislatives_2024,1,988,98818,Nouméa,NOUMEA,0030,1394,789,605,769,13,7,4,REG,NAISSELINE,Omayra Lisa Meun,FEMININ,Omayra Lisa Meun NAISSELINE,,194,,,,École Mathilde BROQUET 1,ECOLE MATHILDE BROQUET,0.836,Ecole Mathilde BROQUET,24 RUE PIERRE ARTIGUE,ENSEIGNEMENT ET FORMATION,Enseignement du premier degré,Ecole élémentaire,166.467549840387,-22.256293239868,etablissements_publics_nc,63,1827,Aérodrome Sud
legislatives_2024,1,988,98818,Nouméa,NOUMEA,0030,1394,789,605,769,13,7,5,REC,NASRI,Thomas,MASCULIN,Thomas NASRI,,0,,,,École Mathilde BROQUET 1,ECOLE MATHILDE BROQUET,0.836,Ecole Mathilde BROQUET,24 RUE PIERRE ARTIGUE,ENSEIGNEMENT ET FORMATION,Enseignement du premier degré,Ecole élémentaire,166.467549840387,-22.256293239868,etablissements_publics_nc,63,1827,Aérodrome Sud
legislatives_2024,1,988,98818,Nouméa,NOUMEA,0030,1394,789,605,769,13,7,6,DIV,MILLAR,Manuel,MASCULIN,Manuel MILLAR,,1,,,,École Mathilde BROQUET 1,ECOLE MATHILDE BROQUET,0.836,Ecole Mathilde BROQUET,24 RUE PIERRE ARTIGUE,ENSEIGNEMENT ET FORMATION,Enseignement du premier degré,Ecole élémentaire,166.467549840387,-22.256293239868,etablissements_publics_nc,63,1827,Aérodrome Sud
legislatives_2024,1,988,98818,Nouméa,NOUMEA,0030,1394,789,605,769,13,7,7,DVD,CUENOT,Pierre-Henri,MASCULIN,Pierre-Henri CUENOT,,4,,,,École Mathilde BROQUET 1,ECOLE MATHILDE BROQUET,0.836,Ecole Mathilde BROQUET,24 RUE PIERRE ARTIGUE,ENSEIGNEMENT ET FORMATION,Enseignement du premier degré,Ecole élémentaire,166.467549840387,-22.256293239868,etablissements_publics_nc,63,1827,Aérodrome Sud
legislatives_2024,1,988,98818,Nouméa,NOUMEA,0030,1394,789,605,769,13,7,8,REG,HAOCAS,Muneiko,FEMININ,Muneiko HAOCAS,,23,,,,École Mathilde BROQUET 1,ECOLE MATHILDE BROQUET,0.836,Ecole Mathilde BROQUET,24 RUE PIERRE ARTIGUE,ENSEIGNEMENT ET FORMATION,Enseignement du premier degré,Ecole élémentaire,166.467549840387,-22.256293239868,etablissements_publics_nc,63,1827,Aérodrome Sud
legislatives_2024,1,988,98818,Nouméa,NOUMEA,0030,1394,789,605,769,13,7,9,RN,LOUECKHOTE,Simon,MASCULIN,Simon LOUECKHOTE,,29,,,,École Mathilde BROQUET 1,ECOLE MATHILDE BROQUET,0.836,Ecole Mathilde BROQUET,24 RUE PIERRE ARTIGUE,ENSEIGNEMENT ET FORMATION,Enseignement du premier degré,Ecole élémentaire,166.467549840387,-22.256293239868,etablissements_publics_nc,63,1827,Aérodrome Sud
legislatives_2024,1,988,98818,Nouméa,NOUMEA,0030,1394,789,605,769,13,7,10,REG,NEMIA ÉP BISHOP,Germaine Toléta,FEMININ,Germaine Toléta NEMIA ÉP BISHOP,,1,,,,École Mathilde BROQUET 1,ECOLE MATHILDE BROQUET,0.836,Ecole Mathilde BROQUET,24 RUE PIERRE ARTIGUE,ENSEIGNEMENT ET FORMATION,Enseignement du premier degré,Ecole élémentaire,166.467549840387,-22.256293239868,etablissements_publics_nc,63,1827,Aérodrome Sud
legislatives_2024,1,988,98818,Nouméa,NOUMEA,0030,1394,789,605,769,13,7,11,DVG,FALAEO,Veylma,FEMININ,Veylma FALAEO,,80,,,,École Mathilde BROQUET 1,ECOLE MATHILDE BROQUET,0.836,Ecole Mathilde BROQUET,24 RUE PIERRE ARTIGUE,ENSEIGNEMENT ET FORMATION,Enseignement du premier degré,Ecole élémentaire,166.467549840387,-22.256293239868,etablissements_publics_nc,63,1827,Aérodrome Sud
legislatives_2024,1,988,98818,Nouméa,NOUMEA,0030,1394,789,605,769,13,7,12,ECO,DEVAUD,Cédric,MASCULIN,Cédric DEVAUD,,7,,,,École Mathilde BROQUET 1,ECOLE MATHILDE BROQUET,0.836,Ecole Mathilde BROQUET,24 RUE PIERRE ARTIGUE,ENSEIGNEMENT ET FORMATION,Enseignement du premier degré,Ecole élémentaire,166.467549840387,-22.256293239868,etablissements_publics_nc,63,1827,Aérodrome Sud
legislatives_2024,1,988,98818,Nouméa,NOUMEA,0031,1472,925,547,910,6,9,1,HOR,DUNOYER,Philippe,MASCULIN,Philippe DUNOYER,,98,,,,École Marie COURTOT 1,ECOLE MARIE COURTOT,0.859,Ecole Marie COURTOT,234 RUE JACQUES IEKAWE,ENSEIGNEMENT ET FORMATION,Enseignement du premier degré,Ecole primaire,166.470464378859,-22.2425220070829,etablissements_publics_nc,70,1834,PK 6 Nord
legislatives_2024,1,988,98818,Nouméa,NOUMEA,0031,1472,925,547,910,6,9,2,DVD,METZDORF,Nicolas,MASCULIN,Nicolas METZDORF,,419,,,,École Marie COURTOT 1,ECOLE MARIE COURTOT,0.859,Ecole Marie COURTOT,234 RUE JACQUES IEKAWE,ENSEIGNEMENT ET FORMATION,Enseignement du premier degré,Ecole primaire,166.470464378859,-22.2425220070829,etablissements_publics_nc,70,1834,PK 6 Nord
legislatives_2024,1,988,98818,Nouméa,NOUMEA,0031,1472,925,547,910,6,9,3,REG,ANGEXETINE ÉP RAILATI,Juanita Ciane,FEMININ,Juanita Ciane ANGEXETINE ÉP RAILATI,,8,,,,École Marie COURTOT 1,ECOLE MARIE COURTOT,0.859,Ecole Marie COURTOT,234 RUE JACQUES IEKAWE,ENSEIGNEMENT ET FORMATION,Enseignement du premier degré,Ecole primaire,166.470464378859,-22.2425220070829,etablissements_publics_nc,70,1834,PK 6 Nord
legislatives_2024,1,988,98818,Nouméa,NOUMEA,0031,1472,925,547,910,6,9,4,REG,NAISSELINE,Omayra Lisa Meun,FEMININ,Omayra Lisa Meun NAISSELINE,,231,,,,École Marie COURTOT 1,ECOLE MARIE COURTOT,0.859,Ecole Marie COURTOT,234 RUE JACQUES IEKAWE,ENSEIGNEMENT ET FORMATION,Enseignement du premier degré,Ecole primaire,166.470464378859,-22.2425220070829,etablissements_publics_nc,70,1834,PK 6 Nord
legislatives_2024,1,988,98818,Nouméa,NOUMEA,0031,1472,925,547,910,6,9,5,REC,NASRI,Thomas,MASCULIN,Thomas NASRI,,3,,,,École Marie COURTOT 1,ECOLE MARIE COURTOT,0.859,Ecole Marie COURTOT,234 RUE JACQUES IEKAWE,ENSEIGNEMENT ET FORMATION,Enseignement du premier degré,Ecole primaire,166.470464378859,-22.2425220070829,etablissements_publics_nc,70,1834,PK 6 Nord
legislatives_2024,1,988,98818,Nouméa,NOUMEA,0031,1472,925,547,910,6,9,6,DIV,MILLAR,Manuel,MASCULIN,Manuel MILLAR,,2,,,,École Marie COURTOT 1,ECOLE MARIE COURTOT,0.859,Ecole Marie COURTOT,234 RUE JACQUES IEKAWE,ENSEIGNEMENT ET FORMATION,Enseignement du premier degré,Ecole primaire,166.470464378859,-22.2425220070829,etablissements_publics_nc,70,1834,PK 6 Nord
legislatives_2024,1,988,98818,Nouméa,NOUMEA,0031,1472,925,547,910,6,9,7,DVD,CUENOT,Pierre-Henri,MASCULIN,Pierre-Henri CUENOT,,4,,,,École Marie COURTOT 1,ECOLE MARIE COURTOT,0.859,Ecole Marie COURTOT,234 RUE JACQUES IEKAWE,ENSEIGNEMENT ET FORMATION,Enseignement du premier degré,Ecole primaire,166.470464378859,-22.2425220070829,etablissements_publics_nc,70,1834,PK 6 Nord
legislatives_2024,1,988,98818,Nouméa,NOUMEA,0031,1472,925,547,910,6,9,8,REG,HAOCAS,Muneiko,FEMININ,Muneiko HAOCAS,,13,,,,École Marie COURTOT 1,ECOLE MARIE COURTOT,0.859,Ecole Marie COURTOT,234 RUE JACQUES IEKAWE,ENSEIGNEMENT ET FORMATION,Enseignement du premier degré,Ecole primaire,166.470464378859,-22.2425220070829,etablissements_publics_nc,70,1834,PK 6 Nord
legislatives_2024,1,988,98818,Nouméa,NOUMEA,0031,1472,925,547,910,6,9,9,RN,LOUECKHOTE,Simon,MASCULIN,Simon LOUECKHOTE,,46,,,,École Marie COURTOT 1,ECOLE MARIE COURTOT,0.859,Ecole Marie COURTOT,234 RUE JACQUES IEKAWE,ENSEIGNEMENT ET FORMATION,Enseignement du premier degré,Ecole primaire,166.470464378859,-22.2425220070829,etablissements_publics_nc,70,1834,PK 6 Nord
legislatives_2024,1,988,98818,Nouméa,NOUMEA,0031,1472,925,547,910,6,9,10,REG,NEMIA ÉP BISHOP,Germaine Toléta,FEMININ,Germaine Toléta NEMIA ÉP BISHOP,,4,,,,École Marie COURTOT 1,ECOLE MARIE COURTOT,0.859,Ecole Marie COURTOT,234 RUE JACQUES IEKAWE,ENSEIGNEMENT ET FORMATION,Enseignement du premier degré,Ecole primaire,166.470464378859,-22.2425220070829,etablissements_publics_nc,70,1834,PK 6 Nord
legislatives_2024,1,988,98818,Nouméa,NOUMEA,0031,1472,925,547,910,6,9,11,DVG,FALAEO,Veylma,FEMININ,Veylma FALAEO,,79,,,,École Marie COURTOT 1,ECOLE MARIE COURTOT,0.859,Ecole Marie COURTOT,234 RUE JACQUES IEKAWE,ENSEIGNEMENT ET FORMATION,Enseignement du premier degré,Ecole primaire,166.470464378859,-22.2425220070829,etablissements_publics_nc,70,1834,PK 6 Nord
legislatives_2024,1,988,98818,Nouméa,NOUMEA,0031,1472,925,547,910,6,9,12,ECO,DEVAUD,Cédric,MASCULIN,Cédric DEVAUD,,3,,,,École Marie COURTOT 1,ECOLE MARIE COURTOT,0.859,Ecole Marie COURTOT,234 RUE JACQUES IEKAWE,ENSEIGNEMENT ET FORMATION,Enseignement du premier degré,Ecole primaire,166.470464378859,-22.2425220070829,etablissements_publics_nc,70,1834,PK 6 Nord
legislatives_2024,1,988,98818,Nouméa,NOUMEA,0032,1089,754,335,747,6,1,1,HOR,DUNOYER,Philippe,MASCULIN,Philippe DUNOYER,,102,,,,École Marie COURTOT 2,ECOLE MARIE COURTOT,0.859,Ecole Marie COURTOT,234 RUE JACQUES IEKAWE,ENSEIGNEMENT ET FORMATION,Enseignement du premier degré,Ecole primaire,166.470464378859,-22.2425220070829,etablissements_publics_nc,70,1834,PK 6 Nord
legislatives_2024,1,988,98818,Nouméa,NOUMEA,0032,1089,754,335,747,6,1,2,DVD,METZDORF,Nicolas,MASCULIN,Nicolas METZDORF,,521,,,,École Marie COURTOT 2,ECOLE MARIE COURTOT,0.859,Ecole Marie COURTOT,234 RUE JACQUES IEKAWE,ENSEIGNEMENT ET FORMATION,Enseignement du premier degré,Ecole primaire,166.470464378859,-22.2425220070829,etablissements_publics_nc,70,1834,PK 6 Nord
legislatives_2024,1,988,98818,Nouméa,NOUMEA,0032,1089,754,335,747,6,1,3,REG,ANGEXETINE ÉP RAILATI,Juanita Ciane,FEMININ,Juanita Ciane ANGEXETINE ÉP RAILATI,,0,,,,École Marie COURTOT 2,ECOLE MARIE COURTOT,0.859,Ecole Marie COURTOT,234 RUE JACQUES IEKAWE,ENSEIGNEMENT ET FORMATION,Enseignement du premier degré,Ecole primaire,166.470464378859,-22.2425220070829,etablissements_publics_nc,70,1834,PK 6 Nord
legislatives_2024,1,988,98818,Nouméa,NOUMEA,0032,1089,754,335,747,6,1,4,REG,NAISSELINE,Omayra Lisa Meun,FEMININ,Omayra Lisa Meun NAISSELINE,,27,,,,École Marie COURTOT 2,ECOLE MARIE COURTOT,0.859,Ecole Marie COURTOT,234 RUE JACQUES IEKAWE,ENSEIGNEMENT ET FORMATION,Enseignement du premier degré,Ecole primaire,166.470464378859,-22.2425220070829,etablissements_publics_nc,70,1834,PK 6 Nord
legislatives_2024,1,988,98818,Nouméa,NOUMEA,0032,1089,754,335,747,6,1,5,REC,NASRI,Thomas,MASCULIN,Thomas NASRI,,2,,,,École Marie COURTOT 2,ECOLE MARIE COURTOT,0.859,Ecole Marie COURTOT,234 RUE JACQUES IEKAWE,ENSEIGNEMENT ET FORMATION,Enseignement du premier degré,Ecole primaire,166.470464378859,-22.2425220070829,etablissements_publics_nc,70,1834,PK 6 Nord
legislatives_2024,1,988,98818,Nouméa,NOUMEA,0032,1089,754,335,747,6,1,6,DIV,MILLAR,Manuel,MASCULIN,Manuel MILLAR,,2,,,,École Marie COURTOT 2,ECOLE MARIE COURTOT,0.859,Ecole Marie COURTOT,234 RUE JACQUES IEKAWE,ENSEIGNEMENT ET FORMATION,Enseignement du premier degré,Ecole primaire,166.470464378859,-22.2425220070829,etablissements_publics_nc,70,1834,PK 6 Nord
legislatives_2024,1,988,98818,Nouméa,NOUMEA,0032,1089,754,335,747,6,1,7,DVD,CUENOT,Pierre-Henri,MASCULIN,Pierre-Henri CUENOT,,5,,,,École Marie COURTOT 2,ECOLE MARIE COURTOT,0.859,Ecole Marie COURTOT,234 RUE JACQUES IEKAWE,ENSEIGNEMENT ET FORMATION,Enseignement du premier degré,Ecole primaire,166.470464378859,-22.2425220070829,etablissements_publics_nc,70,1834,PK 6 Nord
legislatives_2024,1,988,98818,Nouméa,NOUMEA,0032,1089,754,335,747,6,1,8,REG,HAOCAS,Muneiko,FEMININ,Muneiko HAOCAS,,4,,,,École Marie COURTOT 2,ECOLE MARIE COURTOT,0.859,Ecole Marie COURTOT,234 RUE JACQUES IEKAWE,ENSEIGNEMENT ET FORMATION,Enseignement du premier degré,Ecole primaire,166.470464378859,-22.2425220070829,etablissements_publics_nc,70,1834,PK 6 Nord
legislatives_2024,1,988,98818,Nouméa,NOUMEA,0032,1089,754,335,747,6,1,9,RN,LOUECKHOTE,Simon,MASCULIN,Simon LOUECKHOTE,,57,,,,École Marie COURTOT 2,ECOLE MARIE COURTOT,0.859,Ecole Marie COURTOT,234 RUE JACQUES IEKAWE,ENSEIGNEMENT ET FORMATION,Enseignement du premier degré,Ecole primaire,166.470464378859,-22.2425220070829,etablissements_publics_nc,70,1834,PK 6 Nord
legislatives_2024,1,988,98818,Nouméa,NOUMEA,0032,1089,754,335,747,6,1,10,REG,NEMIA ÉP BISHOP,Germaine Toléta,FEMININ,Germaine Toléta NEMIA ÉP BISHOP,,1,,,,École Marie COURTOT 2,ECOLE MARIE COURTOT,0.859,Ecole Marie COURTOT,234 RUE JACQUES IEKAWE,ENSEIGNEMENT ET FORMATION,Enseignement du premier degré,Ecole primaire,166.470464378859,-22.2425220070829,etablissements_publics_nc,70,1834,PK 6 Nord
legislatives_2024,1,988,98818,Nouméa,NOUMEA,0032,1089,754,335,747,6,1,11,DVG,FALAEO,Veylma,FEMININ,Veylma FALAEO,,24,,,,École Marie COURTOT 2,ECOLE MARIE COURTOT,0.859,Ecole Marie COURTOT,234 RUE JACQUES IEKAWE,ENSEIGNEMENT ET FORMATION,Enseignement du premier degré,Ecole primaire,166.470464378859,-22.2425220070829,etablissements_publics_nc,70,1834,PK 6 Nord
legislatives_2024,1,988,98818,Nouméa,NOUMEA,0032,1089,754,335,747,6,1,12,ECO,DEVAUD,Cédric,MASCULIN,Cédric DEVAUD,,2,,,,École Marie COURTOT 2,ECOLE MARIE COURTOT,0.859,Ecole Marie COURTOT,234 RUE JACQUES IEKAWE,ENSEIGNEMENT ET FORMATION,Enseignement du premier degré,Ecole primaire,166.470464378859,-22.2425220070829,etablissements_publics_nc,70,1834,PK 6 Nord
legislatives_2024,1,988,98818,Nouméa,NOUMEA,0033,1120,605,515,596,7,2,1,HOR,DUNOYER,Philippe,MASCULIN,Philippe DUNOYER,,67,,,,École Robert BURCK,ECOLE ROBERT BURCK,0.833,Ecole Robert BURCK,3 RUE DU CAPITAINE VIDAL,ENSEIGNEMENT ET FORMATION,Enseignement du premier degré,Groupe scolaire,166.463601949873,-22.2382604330193,etablissements_publics_nc,69,1833,Riviére Salée Sud
legislatives_2024,1,988,98818,Nouméa,NOUMEA,0033,1120,605,515,596,7,2,2,DVD,METZDORF,Nicolas,MASCULIN,Nicolas METZDORF,,142,,,,École Robert BURCK,ECOLE ROBERT BURCK,0.833,Ecole Robert BURCK,3 RUE DU CAPITAINE VIDAL,ENSEIGNEMENT ET FORMATION,Enseignement du premier degré,Groupe scolaire,166.463601949873,-22.2382604330193,etablissements_publics_nc,69,1833,Riviére Salée Sud
legislatives_2024,1,988,98818,Nouméa,NOUMEA,0033,1120,605,515,596,7,2,3,REG,ANGEXETINE ÉP RAILATI,Juanita Ciane,FEMININ,Juanita Ciane ANGEXETINE ÉP RAILATI,,2,,,,École Robert BURCK,ECOLE ROBERT BURCK,0.833,Ecole Robert BURCK,3 RUE DU CAPITAINE VIDAL,ENSEIGNEMENT ET FORMATION,Enseignement du premier degré,Groupe scolaire,166.463601949873,-22.2382604330193,etablissements_publics_nc,69,1833,Riviére Salée Sud
legislatives_2024,1,988,98818,Nouméa,NOUMEA,0033,1120,605,515,596,7,2,4,REG,NAISSELINE,Omayra Lisa Meun,FEMININ,Omayra Lisa Meun NAISSELINE,,235,,,,École Robert BURCK,ECOLE ROBERT BURCK,0.833,Ecole Robert BURCK,3 RUE DU CAPITAINE VIDAL,ENSEIGNEMENT ET FORMATION,Enseignement du premier degré,Groupe scolaire,166.463601949873,-22.2382604330193,etablissements_publics_nc,69,1833,Riviére Salée Sud
legislatives_2024,1,988,98818,Nouméa,NOUMEA,0033,1120,605,515,596,7,2,5,REC,NASRI,Thomas,MASCULIN,Thomas NASRI,,1,,,,École Robert BURCK,ECOLE ROBERT BURCK,0.833,Ecole Robert BURCK,3 RUE DU CAPITAINE VIDAL,ENSEIGNEMENT ET FORMATION,Enseignement du premier degré,Groupe scolaire,166.463601949873,-22.2382604330193,etablissements_publics_nc,69,1833,Riviére Salée Sud
legislatives_2024,1,988,98818,Nouméa,NOUMEA,0033,1120,605,515,596,7,2,6,DIV,MILLAR,Manuel,MASCULIN,Manuel MILLAR,,0,,,,École Robert BURCK,ECOLE ROBERT BURCK,0.833,Ecole Robert BURCK,3 RUE DU CAPITAINE VIDAL,ENSEIGNEMENT ET FORMATION,Enseignement du premier degré,Groupe scolaire,166.463601949873,-22.2382604330193,etablissements_publics_nc,69,1833,Riviére Salée Sud
legislatives_2024,1,988,98818,Nouméa,NOUMEA,0033,1120,605,515,596,7,2,7,DVD,CUENOT,Pierre-Henri,MASCULIN,Pierre-Henri CUENOT,,1,,,,École Robert BURCK,ECOLE ROBERT BURCK,0.833,Ecole Robert BURCK,3 RUE DU CAPITAINE VIDAL,ENSEIGNEMENT ET FORMATION,Enseignement du premier degré,Groupe scolaire,166.463601949873,-22.2382604330193,etablissements_publics_nc,69,1833,Riviére Salée Sud
legislatives_2024,1,988,98818,Nouméa,NOUMEA,0033,1120,605,515,596,7,2,8,REG,HAOCAS,Muneiko,FEMININ,Muneiko HAOCAS,,28,,,,École Robert BURCK,ECOLE ROBERT BURCK,0.833,Ecole Robert BURCK,3 RUE DU CAPITAINE VIDAL,ENSEIGNEMENT ET FORMATION,Enseignement du premier degré,Groupe scolaire,166.463601949873,-22.2382604330193,etablissements_publics_nc,69,1833,Riviére Salée Sud
legislatives_2024,1,988,98818,Nouméa,NOUMEA,0033,1120,605,515,596,7,2,9,RN,LOUECKHOTE,Simon,MASCULIN,Simon LOUECKHOTE,,27,,,,École Robert BURCK,ECOLE ROBERT BURCK,0.833,Ecole Robert BURCK,3 RUE DU CAPITAINE VIDAL,ENSEIGNEMENT ET FORMATION,Enseignement du premier degré,Groupe scolaire,166.463601949873,-22.2382604330193,etablissements_publics_nc,69,1833,Riviére Salée Sud
legislatives_2024,1,988,98818,Nouméa,NOUMEA,0033,1120,605,515,596,7,2,10,REG,NEMIA ÉP BISHOP,Germaine Toléta,FEMININ,Germaine Toléta NEMIA ÉP BISHOP,,0,,,,École Robert BURCK,ECOLE ROBERT BURCK,0.833,Ecole Robert BURCK,3 RUE DU CAPITAINE VIDAL,ENSEIGNEMENT ET FORMATION,Enseignement du premier degré,Groupe scolaire,166.463601949873,-22.2382604330193,etablissements_publics_nc,69,1833,Riviére Salée Sud
legislatives_2024,1,988,98818,Nouméa,NOUMEA,0033,1120,605,515,596,7,2,11,DVG,FALAEO,Veylma,FEMININ,Veylma FALAEO,,90,,,,École Robert BURCK,ECOLE ROBERT BURCK,0.833,Ecole Robert BURCK,3 RUE DU CAPITAINE VIDAL,ENSEIGNEMENT ET FORMATION,Enseignement du premier degré,Groupe scolaire,166.463601949873,-22.2382604330193,etablissements_publics_nc,69,1833,Riviére Salée Sud
legislatives_2024,1,988,98818,Nouméa,NOUMEA,0033,1120,605,515,596,7,2,12,ECO,DEVAUD,Cédric,MASCULIN,Cédric DEVAUD,,3,,,,École Robert BURCK,ECOLE ROBERT BURCK,0.833,Ecole Robert BURCK,3 RUE DU CAPITAINE VIDAL,ENSEIGNEMENT ET FORMATION,Enseignement du premier degré,Groupe scolaire,166.463601949873,-22.2382604330193,etablissements_publics_nc,69,1833,Riviére Salée Sud
legislatives_2024,1,988,98818,Nouméa,NOUMEA,0034,1011,607,404,592,7,8,1,HOR,DUNOYER,Philippe,MASCULIN,Philippe DUNOYER,,69,,,,École les ROSES,ECOLE ROSES,0.633,Ecole FILANTE,8 RUE MARCELLIN LACABANNE,ENSEIGNEMENT ET FORMATION,Enseignement du premier degré,Autre structure scolaire,166.443135087106,-22.2929071476207,etablissements_publics_nc,42,1806,Motor Pool - Receiving
legislatives_2024,1,988,98818,Nouméa,NOUMEA,0034,1011,607,404,592,7,8,2,DVD,METZDORF,Nicolas,MASCULIN,Nicolas METZDORF,,218,,,,École les ROSES,ECOLE ROSES,0.633,Ecole FILANTE,8 RUE MARCELLIN LACABANNE,ENSEIGNEMENT ET FORMATION,Enseignement du premier degré,Autre structure scolaire,166.443135087106,-22.2929071476207,etablissements_publics_nc,42,1806,Motor Pool - Receiving
legislatives_2024,1,988,98818,Nouméa,NOUMEA,0034,1011,607,404,592,7,8,3,REG,ANGEXETINE ÉP RAILATI,Juanita Ciane,FEMININ,Juanita Ciane ANGEXETINE ÉP RAILATI,,4,,,,École les ROSES,ECOLE ROSES,0.633,Ecole FILANTE,8 RUE MARCELLIN LACABANNE,ENSEIGNEMENT ET FORMATION,Enseignement du premier degré,Autre structure scolaire,166.443135087106,-22.2929071476207,etablissements_publics_nc,42,1806,Motor Pool - Receiving
legislatives_2024,1,988,98818,Nouméa,NOUMEA,0034,1011,607,404,592,7,8,4,REG,NAISSELINE,Omayra Lisa Meun,FEMININ,Omayra Lisa Meun NAISSELINE,,176,,,,École les ROSES,ECOLE ROSES,0.633,Ecole FILANTE,8 RUE MARCELLIN LACABANNE,ENSEIGNEMENT ET FORMATION,Enseignement du premier degré,Autre structure scolaire,166.443135087106,-22.2929071476207,etablissements_publics_nc,42,1806,Motor Pool - Receiving
legislatives_2024,1,988,98818,Nouméa,NOUMEA,0034,1011,607,404,592,7,8,5,REC,NASRI,Thomas,MASCULIN,Thomas NASRI,,2,,,,École les ROSES,ECOLE ROSES,0.633,Ecole FILANTE,8 RUE MARCELLIN LACABANNE,ENSEIGNEMENT ET FORMATION,Enseignement du premier degré,Autre structure scolaire,166.443135087106,-22.2929071476207,etablissements_publics_nc,42,1806,Motor Pool - Receiving
legislatives_2024,1,988,98818,Nouméa,NOUMEA,0034,1011,607,404,592,7,8,6,DIV,MILLAR,Manuel,MASCULIN,Manuel MILLAR,,0,,,,École les ROSES,ECOLE ROSES,0.633,Ecole FILANTE,8 RUE MARCELLIN LACABANNE,ENSEIGNEMENT ET FORMATION,Enseignement du premier degré,Autre structure scolaire,166.443135087106,-22.2929071476207,etablissements_publics_nc,42,1806,Motor Pool - Receiving
legislatives_2024,1,988,98818,Nouméa,NOUMEA,0034,1011,607,404,592,7,8,7,DVD,CUENOT,Pierre-Henri,MASCULIN,Pierre-Henri CUENOT,,0,,,,École les ROSES,ECOLE ROSES,0.633,Ecole FILANTE,8 RUE MARCELLIN LACABANNE,ENSEIGNEMENT ET FORMATION,Enseignement du premier degré,Autre structure scolaire,166.443135087106,-22.2929071476207,etablissements_publics_nc,42,1806,Motor Pool - Receiving
legislatives_2024,1,988,98818,Nouméa,NOUMEA,0034,1011,607,404,592,7,8,8,REG,HAOCAS,Muneiko,FEMININ,Muneiko HAOCAS,,18,,,,École les ROSES,ECOLE ROSES,0.633,Ecole FILANTE,8 RUE MARCELLIN LACABANNE,ENSEIGNEMENT ET FORMATION,Enseignement du premier degré,Autre structure scolaire,166.443135087106,-22.2929071476207,etablissements_publics_nc,42,1806,Motor Pool - Receiving
legislatives_2024,1,988,98818,Nouméa,NOUMEA,0034,1011,607,404,592,7,8,9,RN,LOUECKHOTE,Simon,MASCULIN,Simon LOUECKHOTE,,28,,,,École les ROSES,ECOLE ROSES,0.633,Ecole FILANTE,8 RUE MARCELLIN LACABANNE,ENSEIGNEMENT ET FORMATION,Enseignement du premier degré,Autre structure scolaire,166.443135087106,-22.2929071476207,etablissements_publics_nc,42,1806,Motor Pool - Receiving
legislatives_2024,1,988,98818,Nouméa,NOUMEA,0034,1011,607,404,592,7,8,10,REG,NEMIA ÉP BISHOP,Germaine Toléta,FEMININ,Germaine Toléta NEMIA ÉP BISHOP,,2,,,,École les ROSES,ECOLE ROSES,0.633,Ecole FILANTE,8 RUE MARCELLIN LACABANNE,ENSEIGNEMENT ET FORMATION,Enseignement du premier degré,Autre structure scolaire,166.443135087106,-22.2929071476207,etablissements_publics_nc,42,1806,Motor Pool - Receiving
legislatives_2024,1,988,98818,Nouméa,NOUMEA,0034,1011,607,404,592,7,8,11,DVG,FALAEO,Veylma,FEMININ,Veylma FALAEO,,72,,,,École les ROSES,ECOLE ROSES,0.633,Ecole FILANTE,8 RUE MARCELLIN LACABANNE,ENSEIGNEMENT ET FORMATION,Enseignement du premier degré,Autre structure scolaire,166.443135087106,-22.2929071476207,etablissements_publics_nc,42,1806,Motor Pool - Receiving
legislatives_2024,1,988,98818,Nouméa,NOUMEA,0034,1011,607,404,592,7,8,12,ECO,DEVAUD,Cédric,MASCULIN,Cédric DEVAUD,,3,,,,École les ROSES,ECOLE ROSES,0.633,Ecole FILANTE,8 RUE MARCELLIN LACABANNE,ENSEIGNEMENT ET FORMATION,Enseignement du premier degré,Autre structure scolaire,166.443135087106,-22.2929071476207,etablissements_publics_nc,42,1806,Motor Pool - Receiving
legislatives_2024,1,988,98818,Nouméa,NOUMEA,0035,1027,587,440,579,5,3,1,HOR,DUNOYER,Philippe,MASCULIN,Philippe DUNOYER,,82,,,,École les ŒILLETS,ECOLE ILLETS,0.77,Ecole FILANTE,8 RUE MARCELLIN LACABANNE,ENSEIGNEMENT ET FORMATION,Enseignement du premier degré,Autre structure scolaire,166.443135087106,-22.2929071476207,etablissements_publics_nc,42,1806,Motor Pool - Receiving
legislatives_2024,1,988,98818,Nouméa,NOUMEA,0035,1027,587,440,579,5,3,2,DVD,METZDORF,Nicolas,MASCULIN,Nicolas METZDORF,,225,,,,École les ŒILLETS,ECOLE ILLETS,0.77,Ecole FILANTE,8 RUE MARCELLIN LACABANNE,ENSEIGNEMENT ET FORMATION,Enseignement du premier degré,Autre structure scolaire,166.443135087106,-22.2929071476207,etablissements_publics_nc,42,1806,Motor Pool - Receiving
legislatives_2024,1,988,98818,Nouméa,NOUMEA,0035,1027,587,440,579,5,3,3,REG,ANGEXETINE ÉP RAILATI,Juanita Ciane,FEMININ,Juanita Ciane ANGEXETINE ÉP RAILATI,,3,,,,École les ŒILLETS,ECOLE ILLETS,0.77,Ecole FILANTE,8 RUE MARCELLIN LACABANNE,ENSEIGNEMENT ET FORMATION,Enseignement du premier degré,Autre structure scolaire,166.443135087106,-22.2929071476207,etablissements_publics_nc,42,1806,Motor Pool - Receiving
legislatives_2024,1,988,98818,Nouméa,NOUMEA,0035,1027,587,440,579,5,3,4,REG,NAISSELINE,Omayra Lisa Meun,FEMININ,Omayra Lisa Meun NAISSELINE,,140,,,,École les ŒILLETS,ECOLE ILLETS,0.77,Ecole FILANTE,8 RUE MARCELLIN LACABANNE,ENSEIGNEMENT ET FORMATION,Enseignement du premier degré,Autre structure scolaire,166.443135087106,-22.2929071476207,etablissements_publics_nc,42,1806,Motor Pool - Receiving
legislatives_2024,1,988,98818,Nouméa,NOUMEA,0035,1027,587,440,579,5,3,5,REC,NASRI,Thomas,MASCULIN,Thomas NASRI,,1,,,,École les ŒILLETS,ECOLE ILLETS,0.77,Ecole FILANTE,8 RUE MARCELLIN LACABANNE,ENSEIGNEMENT ET FORMATION,Enseignement du premier degré,Autre structure scolaire,166.443135087106,-22.2929071476207,etablissements_publics_nc,42,1806,Motor Pool - Receiving
legislatives_2024,1,988,98818,Nouméa,NOUMEA,0035,1027,587,440,579,5,3,6,DIV,MILLAR,Manuel,MASCULIN,Manuel MILLAR,,2,,,,École les ŒILLETS,ECOLE ILLETS,0.77,Ecole FILANTE,8 RUE MARCELLIN LACABANNE,ENSEIGNEMENT ET FORMATION,Enseignement du premier degré,Autre structure scolaire,166.443135087106,-22.2929071476207,etablissements_publics_nc,42,1806,Motor Pool - Receiving
legislatives_2024,1,988,98818,Nouméa,NOUMEA,0035,1027,587,440,579,5,3,7,DVD,CUENOT,Pierre-Henri,MASCULIN,Pierre-Henri CUENOT,,4,,,,École les ŒILLETS,ECOLE ILLETS,0.77,Ecole FILANTE,8 RUE MARCELLIN LACABANNE,ENSEIGNEMENT ET FORMATION,Enseignement du premier degré,Autre structure scolaire,166.443135087106,-22.2929071476207,etablissements_publics_nc,42,1806,Motor Pool - Receiving
legislatives_2024,1,988,98818,Nouméa,NOUMEA,0035,1027,587,440,579,5,3,8,REG,HAOCAS,Muneiko,FEMININ,Muneiko HAOCAS,,14,,,,École les ŒILLETS,ECOLE ILLETS,0.77,Ecole FILANTE,8 RUE MARCELLIN LACABANNE,ENSEIGNEMENT ET FORMATION,Enseignement du premier degré,Autre structure scolaire,166.443135087106,-22.2929071476207,etablissements_publics_nc,42,1806,Motor Pool - Receiving
legislatives_2024,1,988,98818,Nouméa,NOUMEA,0035,1027,587,440,579,5,3,9,RN,LOUECKHOTE,Simon,MASCULIN,Simon LOUECKHOTE,,38,,,,École les ŒILLETS,ECOLE ILLETS,0.77,Ecole FILANTE,8 RUE MARCELLIN LACABANNE,ENSEIGNEMENT ET FORMATION,Enseignement du premier degré,Autre structure scolaire,166.443135087106,-22.2929071476207,etablissements_publics_nc,42,1806,Motor Pool - Receiving
legislatives_2024,1,988,98818,Nouméa,NOUMEA,0035,1027,587,440,579,5,3,10,REG,NEMIA ÉP BISHOP,Germaine Toléta,FEMININ,Germaine Toléta NEMIA ÉP BISHOP,,1,,,,École les ŒILLETS,ECOLE ILLETS,0.77,Ecole FILANTE,8 RUE MARCELLIN LACABANNE,ENSEIGNEMENT ET FORMATION,Enseignement du premier degré,Autre structure scolaire,166.443135087106,-22.2929071476207,etablissements_publics_nc,42,1806,Motor Pool - Receiving
legislatives_2024,1,988,98818,Nouméa,NOUMEA,0035,1027,587,440,579,5,3,11,DVG,FALAEO,Veylma,FEMININ,Veylma FALAEO,,68,,,,École les ŒILLETS,ECOLE ILLETS,0.77,Ecole FILANTE,8 RUE MARCELLIN LACABANNE,ENSEIGNEMENT ET FORMATION,Enseignement du premier degré,Autre structure scolaire,166.443135087106,-22.2929071476207,etablissements_publics_nc,42,1806,Motor Pool - Receiving
legislatives_2024,1,988,98818,Nouméa,NOUMEA,0035,1027,587,440,579,5,3,12,ECO,DEVAUD,Cédric,MASCULIN,Cédric DEVAUD,,1,,,,École les ŒILLETS,ECOLE ILLETS,0.77,Ecole FILANTE,8 RUE MARCELLIN LACABANNE,ENSEIGNEMENT ET FORMATION,Enseignement du premier degré,Autre structure scolaire,166.443135087106,-22.2929071476207,etablissements_publics_nc,42,1806,Motor Pool - Receiving
legislatives_2024,1,988,98818,Nouméa,NOUMEA,0036,956,573,383,559,4,10,1,HOR,DUNOYER,Philippe,MASCULIN,Philippe DUNOYER,,84,,,,École Jacques TROUILLOT,ECOLE JACQUES TROUILLOT,0.886,Ecole Jacques TROUILLOT,15 RUE NOELAT,ENSEIGNEMENT ET FORMATION,Enseignement du premier degré,Ecole primaire,166.471000599479,-22.2283599819501,etablissements_publics_nc,74,1838,Riviére Salée Nord Est
legislatives_2024,1,988,98818,Nouméa,NOUMEA,0036,956,573,383,559,4,10,2,DVD,METZDORF,Nicolas,MASCULIN,Nicolas METZDORF,,169,,,,École Jacques TROUILLOT,ECOLE JACQUES TROUILLOT,0.886,Ecole Jacques TROUILLOT,15 RUE NOELAT,ENSEIGNEMENT ET FORMATION,Enseignement du premier degré,Ecole primaire,166.471000599479,-22.2283599819501,etablissements_publics_nc,74,1838,Riviére Salée Nord Est
legislatives_2024,1,988,98818,Nouméa,NOUMEA,0036,956,573,383,559,4,10,3,REG,ANGEXETINE ÉP RAILATI,Juanita Ciane,FEMININ,Juanita Ciane ANGEXETINE ÉP RAILATI,,7,,,,École Jacques TROUILLOT,ECOLE JACQUES TROUILLOT,0.886,Ecole Jacques TROUILLOT,15 RUE NOELAT,ENSEIGNEMENT ET FORMATION,Enseignement du premier degré,Ecole primaire,166.471000599479,-22.2283599819501,etablissements_publics_nc,74,1838,Riviére Salée Nord Est
legislatives_2024,1,988,98818,Nouméa,NOUMEA,0036,956,573,383,559,4,10,4,REG,NAISSELINE,Omayra Lisa Meun,FEMININ,Omayra Lisa Meun NAISSELINE,,150,,,,École Jacques TROUILLOT,ECOLE JACQUES TROUILLOT,0.886,Ecole Jacques TROUILLOT,15 RUE NOELAT,ENSEIGNEMENT ET FORMATION,Enseignement du premier degré,Ecole primaire,166.471000599479,-22.2283599819501,etablissements_publics_nc,74,1838,Riviére Salée Nord Est
legislatives_2024,1,988,98818,Nouméa,NOUMEA,0036,956,573,383,559,4,10,5,REC,NASRI,Thomas,MASCULIN,Thomas NASRI,,2,,,,École Jacques TROUILLOT,ECOLE JACQUES TROUILLOT,0.886,Ecole Jacques TROUILLOT,15 RUE NOELAT,ENSEIGNEMENT ET FORMATION,Enseignement du premier degré,Ecole primaire,166.471000599479,-22.2283599819501,etablissements_publics_nc,74,1838,Riviére Salée Nord Est
legislatives_2024,1,988,98818,Nouméa,NOUMEA,0036,956,573,383,559,4,10,6,DIV,MILLAR,Manuel,MASCULIN,Manuel MILLAR,,0,,,,École Jacques TROUILLOT,ECOLE JACQUES TROUILLOT,0.886,Ecole Jacques TROUILLOT,15 RUE NOELAT,ENSEIGNEMENT ET FORMATION,Enseignement du premier degré,Ecole primaire,166.471000599479,-22.2283599819501,etablissements_publics_nc,74,1838,Riviére Salée Nord Est
legislatives_2024,1,988,98818,Nouméa,NOUMEA,0036,956,573,383,559,4,10,7,DVD,CUENOT,Pierre-Henri,MASCULIN,Pierre-Henri CUENOT,,4,,,,École Jacques TROUILLOT,ECOLE JACQUES TROUILLOT,0.886,Ecole Jacques TROUILLOT,15 RUE NOELAT,ENSEIGNEMENT ET FORMATION,Enseignement du premier degré,Ecole primaire,166.471000599479,-22.2283599819501,etablissements_publics_nc,74,1838,Riviére Salée Nord Est
legislatives_2024,1,988,98818,Nouméa,NOUMEA,0036,956,573,383,559,4,10,8,REG,HAOCAS,Muneiko,FEMININ,Muneiko HAOCAS,,16,,,,École Jacques TROUILLOT,ECOLE JACQUES TROUILLOT,0.886,Ecole Jacques TROUILLOT,15 RUE NOELAT,ENSEIGNEMENT ET FORMATION,Enseignement du premier degré,Ecole primaire,166.471000599479,-22.2283599819501,etablissements_publics_nc,74,1838,Riviére Salée Nord Est
legislatives_2024,1,988,98818,Nouméa,NOUMEA,0036,956,573,383,559,4,10,9,RN,LOUECKHOTE,Simon,MASCULIN,Simon LOUECKHOTE,,35,,,,École Jacques TROUILLOT,ECOLE JACQUES TROUILLOT,0.886,Ecole Jacques TROUILLOT,15 RUE NOELAT,ENSEIGNEMENT ET FORMATION,Enseignement du premier degré,Ecole primaire,166.471000599479,-22.2283599819501,etablissements_publics_nc,74,1838,Riviére Salée Nord Est
legislatives_2024,1,988,98818,Nouméa,NOUMEA,0036,956,573,383,559,4,10,10,REG,NEMIA ÉP BISHOP,Germaine Toléta,FEMININ,Germaine Toléta NEMIA ÉP BISHOP,,0,,,,École Jacques TROUILLOT,ECOLE JACQUES TROUILLOT,0.886,Ecole Jacques TROUILLOT,15 RUE NOELAT,ENSEIGNEMENT ET FORMATION,Enseignement du premier degré,Ecole primaire,166.471000599479,-22.2283599819501,etablissements_publics_nc,74,1838,Riviére Salée Nord Est
legislatives_2024,1,988,98818,Nouméa,NOUMEA,0036,956,573,383,559,4,10,11,DVG,FALAEO,Veylma,FEMININ,Veylma FALAEO,,90,,,,École Jacques TROUILLOT,ECOLE JACQUES TROUILLOT,0.886,Ecole Jacques TROUILLOT,15 RUE NOELAT,ENSEIGNEMENT ET FORMATION,Enseignement du premier degré,Ecole primaire,166.471000599479,-22.2283599819501,etablissements_publics_nc,74,1838,Riviére Salée Nord Est
legislatives_2024,1,988,98818,Nouméa,NOUMEA,0036,956,573,383,559,4,10,12,ECO,DEVAUD,Cédric,MASCULIN,Cédric DEVAUD,,2,,,,École Jacques TROUILLOT,ECOLE JACQUES TROUILLOT,0.886,Ecole Jacques TROUILLOT,15 RUE NOELAT,ENSEIGNEMENT ET FORMATION,Enseignement du premier degré,Ecole primaire,166.471000599479,-22.2283599819501,etablissements_publics_nc,74,1838,Riviére Salée Nord Est
legislatives_2024,1,988,98818,Nouméa,NOUMEA,0037,1518,821,697,790,13,18,1,HOR,DUNOYER,Philippe,MASCULIN,Philippe DUNOYER,,46,,,,École Mauricette DEVAMBEZ 1,ECOLE MAURICETTE DEVAMBEZ,0.627,Ecole Michel AMIOT,12 RUE DE PRONY,ENSEIGNEMENT ET FORMATION,Enseignement du premier degré,Ecole primaire,166.468616034294,-22.2680303864914,etablissements_publics_nc,53,1817,Magenta Est
legislatives_2024,1,988,98818,Nouméa,NOUMEA,0037,1518,821,697,790,13,18,2,DVD,METZDORF,Nicolas,MASCULIN,Nicolas METZDORF,,107,,,,École Mauricette DEVAMBEZ 1,ECOLE MAURICETTE DEVAMBEZ,0.627,Ecole Michel AMIOT,12 RUE DE PRONY,ENSEIGNEMENT ET FORMATION,Enseignement du premier degré,Ecole primaire,166.468616034294,-22.2680303864914,etablissements_publics_nc,53,1817,Magenta Est
legislatives_2024,1,988,98818,Nouméa,NOUMEA,0037,1518,821,697,790,13,18,3,REG,ANGEXETINE ÉP RAILATI,Juanita Ciane,FEMININ,Juanita Ciane ANGEXETINE ÉP RAILATI,,11,,,,École Mauricette DEVAMBEZ 1,ECOLE MAURICETTE DEVAMBEZ,0.627,Ecole Michel AMIOT,12 RUE DE PRONY,ENSEIGNEMENT ET FORMATION,Enseignement du premier degré,Ecole primaire,166.468616034294,-22.2680303864914,etablissements_publics_nc,53,1817,Magenta Est
legislatives_2024,1,988,98818,Nouméa,NOUMEA,0037,1518,821,697,790,13,18,4,REG,NAISSELINE,Omayra Lisa Meun,FEMININ,Omayra Lisa Meun NAISSELINE,,418,,,,École Mauricette DEVAMBEZ 1,ECOLE MAURICETTE DEVAMBEZ,0.627,Ecole Michel AMIOT,12 RUE DE PRONY,ENSEIGNEMENT ET FORMATION,Enseignement du premier degré,Ecole primaire,166.468616034294,-22.2680303864914,etablissements_publics_nc,53,1817,Magenta Est
legislatives_2024,1,988,98818,Nouméa,NOUMEA,0037,1518,821,697,790,13,18,5,REC,NASRI,Thomas,MASCULIN,Thomas NASRI,,0,,,,École Mauricette DEVAMBEZ 1,ECOLE MAURICETTE DEVAMBEZ,0.627,Ecole Michel AMIOT,12 RUE DE PRONY,ENSEIGNEMENT ET FORMATION,Enseignement du premier degré,Ecole primaire,166.468616034294,-22.2680303864914,etablissements_publics_nc,53,1817,Magenta Est
legislatives_2024,1,988,98818,Nouméa,NOUMEA,0037,1518,821,697,790,13,18,6,DIV,MILLAR,Manuel,MASCULIN,Manuel MILLAR,,1,,,,École Mauricette DEVAMBEZ 1,ECOLE MAURICETTE DEVAMBEZ,0.627,Ecole Michel AMIOT,12 RUE DE PRONY,ENSEIGNEMENT ET FORMATION,Enseignement du premier degré,Ecole primaire,166.468616034294,-22.2680303864914,etablissements_publics_nc,53,1817,Magenta Est
legislatives_2024,1,988,98818,Nouméa,NOUMEA,0037,1518,821,697,790,13,18,7,DVD,CUENOT,Pierre-Henri,MASCULIN,Pierre-Henri CUENOT,,5,,,,École Mauricette DEVAMBEZ 1,ECOLE MAURICETTE DEVAMBEZ,0.627,Ecole Michel AMIOT,12 RUE DE PRONY,ENSEIGNEMENT ET FORMATION,Enseignement du premier degré,Ecole primaire,166.468616034294,-22.2680303864914,etablissements_publics_nc,53,1817,Magenta Est
legislatives_2024,1,988,98818,Nouméa,NOUMEA,0037,1518,821,697,790,13,18,8,REG,HAOCAS,Muneiko,FEMININ,Muneiko HAOCAS,,48,,,,École Mauricette DEVAMBEZ 1,ECOLE MAURICETTE DEVAMBEZ,0.627,Ecole Michel AMIOT,12 RUE DE PRONY,ENSEIGNEMENT ET FORMATION,Enseignement du premier degré,Ecole primaire,166.468616034294,-22.2680303864914,etablissements_publics_nc,53,1817,Magenta Est
legislatives_2024,1,988,98818,Nouméa,NOUMEA,0037,1518,821,697,790,13,18,9,RN,LOUECKHOTE,Simon,MASCULIN,Simon LOUECKHOTE,,27,,,,École Mauricette DEVAMBEZ 1,ECOLE MAURICETTE DEVAMBEZ,0.627,Ecole Michel AMIOT,12 RUE DE PRONY,ENSEIGNEMENT ET FORMATION,Enseignement du premier degré,Ecole primaire,166.468616034294,-22.2680303864914,etablissements_publics_nc,53,1817,Magenta Est
legislatives_2024,1,988,98818,Nouméa,NOUMEA,0037,1518,821,697,790,13,18,10,REG,NEMIA ÉP BISHOP,Germaine Toléta,FEMININ,Germaine Toléta NEMIA ÉP BISHOP,,1,,,,École Mauricette DEVAMBEZ 1,ECOLE MAURICETTE DEVAMBEZ,0.627,Ecole Michel AMIOT,12 RUE DE PRONY,ENSEIGNEMENT ET FORMATION,Enseignement du premier degré,Ecole primaire,166.468616034294,-22.2680303864914,etablissements_publics_nc,53,1817,Magenta Est
legislatives_2024,1,988,98818,Nouméa,NOUMEA,0037,1518,821,697,790,13,18,11,DVG,FALAEO,Veylma,FEMININ,Veylma FALAEO,,121,,,,École Mauricette DEVAMBEZ 1,ECOLE MAURICETTE DEVAMBEZ,0.627,Ecole Michel AMIOT,12 RUE DE PRONY,ENSEIGNEMENT ET FORMATION,Enseignement du premier degré,Ecole primaire,166.468616034294,-22.2680303864914,etablissements_publics_nc,53,1817,Magenta Est
legislatives_2024,1,988,98818,Nouméa,NOUMEA,0037,1518,821,697,790,13,18,12,ECO,DEVAUD,Cédric,MASCULIN,Cédric DEVAUD,,5,,,,École Mauricette DEVAMBEZ 1,ECOLE MAURICETTE DEVAMBEZ,0.627,Ecole Michel AMIOT,12 RUE DE PRONY,ENSEIGNEMENT ET FORMATION,Enseignement du premier degré,Ecole primaire,166.468616034294,-22.2680303864914,etablissements_publics_nc,53,1817,Magenta Est
legislatives_2024,1,988,98818,Nouméa,NOUMEA,0038,1306,827,479,811,12,4,1,HOR,DUNOYER,Philippe,MASCULIN,Philippe DUNOYER,,90,,,,École Mauricette DEVAMBEZ 2,ECOLE MAURICETTE DEVAMBEZ,0.627,Ecole Michel AMIOT,12 RUE DE PRONY,ENSEIGNEMENT ET FORMATION,Enseignement du premier degré,Ecole primaire,166.468616034294,-22.2680303864914,etablissements_publics_nc,53,1817,Magenta Est
legislatives_2024,1,988,98818,Nouméa,NOUMEA,0038,1306,827,479,811,12,4,2,DVD,METZDORF,Nicolas,MASCULIN,Nicolas METZDORF,,369,,,,École Mauricette DEVAMBEZ 2,ECOLE MAURICETTE DEVAMBEZ,0.627,Ecole Michel AMIOT,12 RUE DE PRONY,ENSEIGNEMENT ET FORMATION,Enseignement du premier degré,Ecole primaire,166.468616034294,-22.2680303864914,etablissements_publics_nc,53,1817,Magenta Est
legislatives_2024,1,988,98818,Nouméa,NOUMEA,0038,1306,827,479,811,12,4,3,REG,ANGEXETINE ÉP RAILATI,Juanita Ciane,FEMININ,Juanita Ciane ANGEXETINE ÉP RAILATI,,6,,,,École Mauricette DEVAMBEZ 2,ECOLE MAURICETTE DEVAMBEZ,0.627,Ecole Michel AMIOT,12 RUE DE PRONY,ENSEIGNEMENT ET FORMATION,Enseignement du premier degré,Ecole primaire,166.468616034294,-22.2680303864914,etablissements_publics_nc,53,1817,Magenta Est
legislatives_2024,1,988,98818,Nouméa,NOUMEA,0038,1306,827,479,811,12,4,4,REG,NAISSELINE,Omayra Lisa Meun,FEMININ,Omayra Lisa Meun NAISSELINE,,199,,,,École Mauricette DEVAMBEZ 2,ECOLE MAURICETTE DEVAMBEZ,0.627,Ecole Michel AMIOT,12 RUE DE PRONY,ENSEIGNEMENT ET FORMATION,Enseignement du premier degré,Ecole primaire,166.468616034294,-22.2680303864914,etablissements_publics_nc,53,1817,Magenta Est
legislatives_2024,1,988,98818,Nouméa,NOUMEA,0038,1306,827,479,811,12,4,5,REC,NASRI,Thomas,MASCULIN,Thomas NASRI,,5,,,,École Mauricette DEVAMBEZ 2,ECOLE MAURICETTE DEVAMBEZ,0.627,Ecole Michel AMIOT,12 RUE DE PRONY,ENSEIGNEMENT ET FORMATION,Enseignement du premier degré,Ecole primaire,166.468616034294,-22.2680303864914,etablissements_publics_nc,53,1817,Magenta Est
legislatives_2024,1,988,98818,Nouméa,NOUMEA,0038,1306,827,479,811,12,4,6,DIV,MILLAR,Manuel,MASCULIN,Manuel MILLAR,,2,,,,École Mauricette DEVAMBEZ 2,ECOLE MAURICETTE DEVAMBEZ,0.627,Ecole Michel AMIOT,12 RUE DE PRONY,ENSEIGNEMENT ET FORMATION,Enseignement du premier degré,Ecole primaire,166.468616034294,-22.2680303864914,etablissements_publics_nc,53,1817,Magenta Est
legislatives_2024,1,988,98818,Nouméa,NOUMEA,0038,1306,827,479,811,12,4,7,DVD,CUENOT,Pierre-Henri,MASCULIN,Pierre-Henri CUENOT,,3,,,,École Mauricette DEVAMBEZ 2,ECOLE MAURICETTE DEVAMBEZ,0.627,Ecole Michel AMIOT,12 RUE DE PRONY,ENSEIGNEMENT ET FORMATION,Enseignement du premier degré,Ecole primaire,166.468616034294,-22.2680303864914,etablissements_publics_nc,53,1817,Magenta Est
legislatives_2024,1,988,98818,Nouméa,NOUMEA,0038,1306,827,479,811,12,4,8,REG,HAOCAS,Muneiko,FEMININ,Muneiko HAOCAS,,21,,,,École Mauricette DEVAMBEZ 2,ECOLE MAURICETTE DEVAMBEZ,0.627,Ecole Michel AMIOT,12 RUE DE PRONY,ENSEIGNEMENT ET FORMATION,Enseignement du premier degré,Ecole primaire,166.468616034294,-22.2680303864914,etablissements_publics_nc,53,1817,Magenta Est
legislatives_2024,1,988,98818,Nouméa,NOUMEA,0038,1306,827,479,811,12,4,9,RN,LOUECKHOTE,Simon,MASCULIN,Simon LOUECKHOTE,,49,,,,École Mauricette DEVAMBEZ 2,ECOLE MAURICETTE DEVAMBEZ,0.627,Ecole Michel AMIOT,12 RUE DE PRONY,ENSEIGNEMENT ET FORMATION,Enseignement du premier degré,Ecole primaire,166.468616034294,-22.2680303864914,etablissements_publics_nc,53,1817,Magenta Est
legislatives_2024,1,988,98818,Nouméa,NOUMEA,0038,1306,827,479,811,12,4,10,REG,NEMIA ÉP BISHOP,Germaine Toléta,FEMININ,Germaine Toléta NEMIA ÉP BISHOP,,1,,,,École Mauricette DEVAMBEZ 2,ECOLE MAURICETTE DEVAMBEZ,0.627,Ecole Michel AMIOT,12 RUE DE PRONY,ENSEIGNEMENT ET FORMATION,Enseignement du premier degré,Ecole primaire,166.468616034294,-22.2680303864914,etablissements_publics_nc,53,1817,Magenta Est
legislatives_2024,1,988,98818,Nouméa,NOUMEA,0038,1306,827,479,811,12,4,11,DVG,FALAEO,Veylma,FEMININ,Veylma FALAEO,,61,,,,École Mauricette DEVAMBEZ 2,ECOLE MAURICETTE DEVAMBEZ,0.627,Ecole Michel AMIOT,12 RUE DE PRONY,ENSEIGNEMENT ET FORMATION,Enseignement du premier degré,Ecole primaire,166.468616034294,-22.2680303864914,etablissements_publics_nc,53,1817,Magenta Est
legislatives_2024,1,988,98818,Nouméa,NOUMEA,0038,1306,827,479,811,12,4,12,ECO,DEVAUD,Cédric,MASCULIN,Cédric DEVAUD,,5,,,,École Mauricette DEVAMBEZ 2,ECOLE MAURICETTE DEVAMBEZ,0.627,Ecole Michel AMIOT,12 RUE DE PRONY,ENSEIGNEMENT ET FORMATION,Enseignement du premier degré,Ecole primaire,166.468616034294,-22.2680303864914,etablissements_publics_nc,53,1817,Magenta Est
legislatives_2024,1,988,98818,Nouméa,NOUMEA,0039,817,448,369,429,8,11,1,HOR,DUNOYER,Philippe,MASCULIN,Philippe DUNOYER,,43,,,,École Adrienne LOMONT 1,ECOLE ADRIENNE LOMONT,0.874,Ecole Adrienne LOMONT,10B RUE DU MARECHAL LYAUTEY,ENSEIGNEMENT ET FORMATION,Enseignement du premier degré,Ecole primaire,166.484157216578,-22.2206462260252,etablissements_publics_nc,76,1840,Normandie Nord
legislatives_2024,1,988,98818,Nouméa,NOUMEA,0039,817,448,369,429,8,11,2,DVD,METZDORF,Nicolas,MASCULIN,Nicolas METZDORF,,116,,,,École Adrienne LOMONT 1,ECOLE ADRIENNE LOMONT,0.874,Ecole Adrienne LOMONT,10B RUE DU MARECHAL LYAUTEY,ENSEIGNEMENT ET FORMATION,Enseignement du premier degré,Ecole primaire,166.484157216578,-22.2206462260252,etablissements_publics_nc,76,1840,Normandie Nord
legislatives_2024,1,988,98818,Nouméa,NOUMEA,0039,817,448,369,429,8,11,3,REG,ANGEXETINE ÉP RAILATI,Juanita Ciane,FEMININ,Juanita Ciane ANGEXETINE ÉP RAILATI,,4,,,,École Adrienne LOMONT 1,ECOLE ADRIENNE LOMONT,0.874,Ecole Adrienne LOMONT,10B RUE DU MARECHAL LYAUTEY,ENSEIGNEMENT ET FORMATION,Enseignement du premier degré,Ecole primaire,166.484157216578,-22.2206462260252,etablissements_publics_nc,76,1840,Normandie Nord
legislatives_2024,1,988,98818,Nouméa,NOUMEA,0039,817,448,369,429,8,11,4,REG,NAISSELINE,Omayra Lisa Meun,FEMININ,Omayra Lisa Meun NAISSELINE,,157,,,,École Adrienne LOMONT 1,ECOLE ADRIENNE LOMONT,0.874,Ecole Adrienne LOMONT,10B RUE DU MARECHAL LYAUTEY,ENSEIGNEMENT ET FORMATION,Enseignement du premier degré,Ecole primaire,166.484157216578,-22.2206462260252,etablissements_publics_nc,76,1840,Normandie Nord
legislatives_2024,1,988,98818,Nouméa,NOUMEA,0039,817,448,369,429,8,11,5,REC,NASRI,Thomas,MASCULIN,Thomas NASRI,,1,,,,École Adrienne LOMONT 1,ECOLE ADRIENNE LOMONT,0.874,Ecole Adrienne LOMONT,10B RUE DU MARECHAL LYAUTEY,ENSEIGNEMENT ET FORMATION,Enseignement du premier degré,Ecole primaire,166.484157216578,-22.2206462260252,etablissements_publics_nc,76,1840,Normandie Nord
legislatives_2024,1,988,98818,Nouméa,NOUMEA,0039,817,448,369,429,8,11,6,DIV,MILLAR,Manuel,MASCULIN,Manuel MILLAR,,1,,,,École Adrienne LOMONT 1,ECOLE ADRIENNE LOMONT,0.874,Ecole Adrienne LOMONT,10B RUE DU MARECHAL LYAUTEY,ENSEIGNEMENT ET FORMATION,Enseignement du premier degré,Ecole primaire,166.484157216578,-22.2206462260252,etablissements_publics_nc,76,1840,Normandie Nord
legislatives_2024,1,988,98818,Nouméa,NOUMEA,0039,817,448,369,429,8,11,7,DVD,CUENOT,Pierre-Henri,MASCULIN,Pierre-Henri CUENOT,,1,,,,École Adrienne LOMONT 1,ECOLE ADRIENNE LOMONT,0.874,Ecole Adrienne LOMONT,10B RUE DU MARECHAL LYAUTEY,ENSEIGNEMENT ET FORMATION,Enseignement du premier degré,Ecole primaire,166.484157216578,-22.2206462260252,etablissements_publics_nc,76,1840,Normandie Nord
legislatives_2024,1,988,98818,Nouméa,NOUMEA,0039,817,448,369,429,8,11,8,REG,HAOCAS,Muneiko,FEMININ,Muneiko HAOCAS,,17,,,,École Adrienne LOMONT 1,ECOLE ADRIENNE LOMONT,0.874,Ecole Adrienne LOMONT,10B RUE DU MARECHAL LYAUTEY,ENSEIGNEMENT ET FORMATION,Enseignement du premier degré,Ecole primaire,166.484157216578,-22.2206462260252,etablissements_publics_nc,76,1840,Normandie Nord
legislatives_2024,1,988,98818,Nouméa,NOUMEA,0039,817,448,369,429,8,11,9,RN,LOUECKHOTE,Simon,MASCULIN,Simon LOUECKHOTE,,26,,,,École Adrienne LOMONT 1,ECOLE ADRIENNE LOMONT,0.874,Ecole Adrienne LOMONT,10B RUE DU MARECHAL LYAUTEY,ENSEIGNEMENT ET FORMATION,Enseignement du premier degré,Ecole primaire,166.484157216578,-22.2206462260252,etablissements_publics_nc,76,1840,Normandie Nord
legislatives_2024,1,988,98818,Nouméa,NOUMEA,0039,817,448,369,429,8,11,10,REG,NEMIA ÉP BISHOP,Germaine Toléta,FEMININ,Germaine Toléta NEMIA ÉP BISHOP,,1,,,,École Adrienne LOMONT 1,ECOLE ADRIENNE LOMONT,0.874,Ecole Adrienne LOMONT,10B RUE DU MARECHAL LYAUTEY,ENSEIGNEMENT ET FORMATION,Enseignement du premier degré,Ecole primaire,166.484157216578,-22.2206462260252,etablissements_publics_nc,76,1840,Normandie Nord
legislatives_2024,1,988,98818,Nouméa,NOUMEA,0039,817,448,369,429,8,11,11,DVG,FALAEO,Veylma,FEMININ,Veylma FALAEO,,61,,,,École Adrienne LOMONT 1,ECOLE ADRIENNE LOMONT,0.874,Ecole Adrienne LOMONT,10B RUE DU MARECHAL LYAUTEY,ENSEIGNEMENT ET FORMATION,Enseignement du premier degré,Ecole primaire,166.484157216578,-22.2206462260252,etablissements_publics_nc,76,1840,Normandie Nord
legislatives_2024,1,988,98818,Nouméa,NOUMEA,0039,817,448,369,429,8,11,12,ECO,DEVAUD,Cédric,MASCULIN,Cédric DEVAUD,,1,,,,École Adrienne LOMONT 1,ECOLE ADRIENNE LOMONT,0.874,Ecole Adrienne LOMONT,10B RUE DU MARECHAL LYAUTEY,ENSEIGNEMENT ET FORMATION,Enseignement du premier degré,Ecole primaire,166.484157216578,-22.2206462260252,etablissements_publics_nc,76,1840,Normandie Nord
legislatives_2024,1,988,98818,Nouméa,NOUMEA,0040,1798,1010,788,984,12,14,1,HOR,DUNOYER,Philippe,MASCULIN,Philippe DUNOYER,,116,,,,École Adrienne LOMONT 2,ECOLE ADRIENNE LOMONT,0.874,Ecole Adrienne LOMONT,10B RUE DU MARECHAL LYAUTEY,ENSEIGNEMENT ET FORMATION,Enseignement du premier degré,Ecole primaire,166.484157216578,-22.2206462260252,etablissements_publics_nc,76,1840,Normandie Nord
legislatives_2024,1,988,98818,Nouméa,NOUMEA,0040,1798,1010,788,984,12,14,2,DVD,METZDORF,Nicolas,MASCULIN,Nicolas METZDORF,,409,,,,École Adrienne LOMONT 2,ECOLE ADRIENNE LOMONT,0.874,Ecole Adrienne LOMONT,10B RUE DU MARECHAL LYAUTEY,ENSEIGNEMENT ET FORMATION,Enseignement du premier degré,Ecole primaire,166.484157216578,-22.2206462260252,etablissements_publics_nc,76,1840,Normandie Nord
legislatives_2024,1,988,98818,Nouméa,NOUMEA,0040,1798,1010,788,984,12,14,3,REG,ANGEXETINE ÉP RAILATI,Juanita Ciane,FEMININ,Juanita Ciane ANGEXETINE ÉP RAILATI,,8,,,,École Adrienne LOMONT 2,ECOLE ADRIENNE LOMONT,0.874,Ecole Adrienne LOMONT,10B RUE DU MARECHAL LYAUTEY,ENSEIGNEMENT ET FORMATION,Enseignement du premier degré,Ecole primaire,166.484157216578,-22.2206462260252,etablissements_publics_nc,76,1840,Normandie Nord
legislatives_2024,1,988,98818,Nouméa,NOUMEA,0040,1798,1010,788,984,12,14,4,REG,NAISSELINE,Omayra Lisa Meun,FEMININ,Omayra Lisa Meun NAISSELINE,,236,,,,École Adrienne LOMONT 2,ECOLE ADRIENNE LOMONT,0.874,Ecole Adrienne LOMONT,10B RUE DU MARECHAL LYAUTEY,ENSEIGNEMENT ET FORMATION,Enseignement du premier degré,Ecole primaire,166.484157216578,-22.2206462260252,etablissements_publics_nc,76,1840,Normandie Nord
legislatives_2024,1,988,98818,Nouméa,NOUMEA,0040,1798,1010,788,984,12,14,5,REC,NASRI,Thomas,MASCULIN,Thomas NASRI,,3,,,,École Adrienne LOMONT 2,ECOLE ADRIENNE LOMONT,0.874,Ecole Adrienne LOMONT,10B RUE DU MARECHAL LYAUTEY,ENSEIGNEMENT ET FORMATION,Enseignement du premier degré,Ecole primaire,166.484157216578,-22.2206462260252,etablissements_publics_nc,76,1840,Normandie Nord
legislatives_2024,1,988,98818,Nouméa,NOUMEA,0040,1798,1010,788,984,12,14,6,DIV,MILLAR,Manuel,MASCULIN,Manuel MILLAR,,1,,,,École Adrienne LOMONT 2,ECOLE ADRIENNE LOMONT,0.874,Ecole Adrienne LOMONT,10B RUE DU MARECHAL LYAUTEY,ENSEIGNEMENT ET FORMATION,Enseignement du premier degré,Ecole primaire,166.484157216578,-22.2206462260252,etablissements_publics_nc,76,1840,Normandie Nord
legislatives_2024,1,988,98818,Nouméa,NOUMEA,0040,1798,1010,788,984,12,14,7,DVD,CUENOT,Pierre-Henri,MASCULIN,Pierre-Henri CUENOT,,5,,,,École Adrienne LOMONT 2,ECOLE ADRIENNE LOMONT,0.874,Ecole Adrienne LOMONT,10B RUE DU MARECHAL LYAUTEY,ENSEIGNEMENT ET FORMATION,Enseignement du premier degré,Ecole primaire,166.484157216578,-22.2206462260252,etablissements_publics_nc,76,1840,Normandie Nord
legislatives_2024,1,988,98818,Nouméa,NOUMEA,0040,1798,1010,788,984,12,14,8,REG,HAOCAS,Muneiko,FEMININ,Muneiko HAOCAS,,18,,,,École Adrienne LOMONT 2,ECOLE ADRIENNE LOMONT,0.874,Ecole Adrienne LOMONT,10B RUE DU MARECHAL LYAUTEY,ENSEIGNEMENT ET FORMATION,Enseignement du premier degré,Ecole primaire,166.484157216578,-22.2206462260252,etablissements_publics_nc,76,1840,Normandie Nord
legislatives_2024,1,988,98818,Nouméa,NOUMEA,0040,1798,1010,788,984,12,14,9,RN,LOUECKHOTE,Simon,MASCULIN,Simon LOUECKHOTE,,68,,,,École Adrienne LOMONT 2,ECOLE ADRIENNE LOMONT,0.874,Ecole Adrienne LOMONT,10B RUE DU MARECHAL LYAUTEY,ENSEIGNEMENT ET FORMATION,Enseignement du premier degré,Ecole primaire,166.484157216578,-22.2206462260252,etablissements_publics_nc,76,1840,Normandie Nord
legislatives_2024,1,988,98818,Nouméa,NOUMEA,0040,1798,1010,788,984,12,14,10,REG,NEMIA ÉP BISHOP,Germaine Toléta,FEMININ,Germaine Toléta NEMIA ÉP BISHOP,,4,,,,École Adrienne LOMONT 2,ECOLE ADRIENNE LOMONT,0.874,Ecole Adrienne LOMONT,10B RUE DU MARECHAL LYAUTEY,ENSEIGNEMENT ET FORMATION,Enseignement du premier degré,Ecole primaire,166.484157216578,-22.2206462260252,etablissements_publics_nc,76,1840,Normandie Nord
legislatives_2024,1,988,98818,Nouméa,NOUMEA,0040,1798,1010,788,984,12,14,11,DVG,FALAEO,Veylma,FEMININ,Veylma FALAEO,,112,,,,École Adrienne LOMONT 2,ECOLE ADRIENNE LOMONT,0.874,Ecole Adrienne LOMONT,10B RUE DU MARECHAL LYAUTEY,ENSEIGNEMENT ET FORMATION,Enseignement du premier degré,Ecole primaire,166.484157216578,-22.2206462260252,etablissements_publics_nc,76,1840,Normandie Nord
legislatives_2024,1,988,98818,Nouméa,NOUMEA,0040,1798,1010,788,984,12,14,12,ECO,DEVAUD,Cédric,MASCULIN,Cédric DEVAUD,,4,,,,École Adrienne LOMONT 2,ECOLE ADRIENNE LOMONT,0.874,Ecole Adrienne LOMONT,10B RUE DU MARECHAL LYAUTEY,ENSEIGNEMENT ET FORMATION,Enseignement du premier degré,Ecole primaire,166.484157216578,-22.2206462260252,etablissements_publics_nc,76,1840,Normandie Nord
legislatives_2024,1,988,98818,Nouméa,NOUMEA,0041,1225,633,592,606,14,13,1,HOR,DUNOYER,Philippe,MASCULIN,Philippe DUNOYER,,81,,,,École Gustave LODS 1,ECOLE GUSTAVE LODS,0.85,Ecole Gustave LODS,63 RUE VARIN,ENSEIGNEMENT ET FORMATION,Enseignement du premier degré,Ecole primaire,166.435430928496,-22.2381371662114,etablissements_publics_nc,79,1843,Logicoop
legislatives_2024,1,988,98818,Nouméa,NOUMEA,0041,1225,633,592,606,14,13,2,DVD,METZDORF,Nicolas,MASCULIN,Nicolas METZDORF,,165,,,,École Gustave LODS 1,ECOLE GUSTAVE LODS,0.85,Ecole Gustave LODS,63 RUE VARIN,ENSEIGNEMENT ET FORMATION,Enseignement du premier degré,Ecole primaire,166.435430928496,-22.2381371662114,etablissements_publics_nc,79,1843,Logicoop
legislatives_2024,1,988,98818,Nouméa,NOUMEA,0041,1225,633,592,606,14,13,3,REG,ANGEXETINE ÉP RAILATI,Juanita Ciane,FEMININ,Juanita Ciane ANGEXETINE ÉP RAILATI,,5,,,,École Gustave LODS 1,ECOLE GUSTAVE LODS,0.85,Ecole Gustave LODS,63 RUE VARIN,ENSEIGNEMENT ET FORMATION,Enseignement du premier degré,Ecole primaire,166.435430928496,-22.2381371662114,etablissements_publics_nc,79,1843,Logicoop
legislatives_2024,1,988,98818,Nouméa,NOUMEA,0041,1225,633,592,606,14,13,4,REG,NAISSELINE,Omayra Lisa Meun,FEMININ,Omayra Lisa Meun NAISSELINE,,176,,,,École Gustave LODS 1,ECOLE GUSTAVE LODS,0.85,Ecole Gustave LODS,63 RUE VARIN,ENSEIGNEMENT ET FORMATION,Enseignement du premier degré,Ecole primaire,166.435430928496,-22.2381371662114,etablissements_publics_nc,79,1843,Logicoop
legislatives_2024,1,988,98818,Nouméa,NOUMEA,0041,1225,633,592,606,14,13,5,REC,NASRI,Thomas,MASCULIN,Thomas NASRI,,1,,,,École Gustave LODS 1,ECOLE GUSTAVE LODS,0.85,Ecole Gustave LODS,63 RUE VARIN,ENSEIGNEMENT ET FORMATION,Enseignement du premier degré,Ecole primaire,166.435430928496,-22.2381371662114,etablissements_publics_nc,79,1843,Logicoop
legislatives_2024,1,988,98818,Nouméa,NOUMEA,0041,1225,633,592,606,14,13,6,DIV,MILLAR,Manuel,MASCULIN,Manuel MILLAR,,5,,,,École Gustave LODS 1,ECOLE GUSTAVE LODS,0.85,Ecole Gustave LODS,63 RUE VARIN,ENSEIGNEMENT ET FORMATION,Enseignement du premier degré,Ecole primaire,166.435430928496,-22.2381371662114,etablissements_publics_nc,79,1843,Logicoop
legislatives_2024,1,988,98818,Nouméa,NOUMEA,0041,1225,633,592,606,14,13,7,DVD,CUENOT,Pierre-Henri,MASCULIN,Pierre-Henri CUENOT,,5,,,,École Gustave LODS 1,ECOLE GUSTAVE LODS,0.85,Ecole Gustave LODS,63 RUE VARIN,ENSEIGNEMENT ET FORMATION,Enseignement du premier degré,Ecole primaire,166.435430928496,-22.2381371662114,etablissements_publics_nc,79,1843,Logicoop
legislatives_2024,1,988,98818,Nouméa,NOUMEA,0041,1225,633,592,606,14,13,8,REG,HAOCAS,Muneiko,FEMININ,Muneiko HAOCAS,,17,,,,École Gustave LODS 1,ECOLE GUSTAVE LODS,0.85,Ecole Gustave LODS,63 RUE VARIN,ENSEIGNEMENT ET FORMATION,Enseignement du premier degré,Ecole primaire,166.435430928496,-22.2381371662114,etablissements_publics_nc,79,1843,Logicoop
legislatives_2024,1,988,98818,Nouméa,NOUMEA,0041,1225,633,592,606,14,13,9,RN,LOUECKHOTE,Simon,MASCULIN,Simon LOUECKHOTE,,48,,,,École Gustave LODS 1,ECOLE GUSTAVE LODS,0.85,Ecole Gustave LODS,63 RUE VARIN,ENSEIGNEMENT ET FORMATION,Enseignement du premier degré,Ecole primaire,166.435430928496,-22.2381371662114,etablissements_publics_nc,79,1843,Logicoop
legislatives_2024,1,988,98818,Nouméa,NOUMEA,0041,1225,633,592,606,14,13,10,REG,NEMIA ÉP BISHOP,Germaine Toléta,FEMININ,Germaine Toléta NEMIA ÉP BISHOP,,7,,,,École Gustave LODS 1,ECOLE GUSTAVE LODS,0.85,Ecole Gustave LODS,63 RUE VARIN,ENSEIGNEMENT ET FORMATION,Enseignement du premier degré,Ecole primaire,166.435430928496,-22.2381371662114,etablissements_publics_nc,79,1843,Logicoop
legislatives_2024,1,988,98818,Nouméa,NOUMEA,0041,1225,633,592,606,14,13,11,DVG,FALAEO,Veylma,FEMININ,Veylma FALAEO,,94,,,,École Gustave LODS 1,ECOLE GUSTAVE LODS,0.85,Ecole Gustave LODS,63 RUE VARIN,ENSEIGNEMENT ET FORMATION,Enseignement du premier degré,Ecole primaire,166.435430928496,-22.2381371662114,etablissements_publics_nc,79,1843,Logicoop
legislatives_2024,1,988,98818,Nouméa,NOUMEA,0041,1225,633,592,606,14,13,12,ECO,DEVAUD,Cédric,MASCULIN,Cédric DEVAUD,,2,,,,École Gustave LODS 1,ECOLE GUSTAVE LODS,0.85,Ecole Gustave LODS,63 RUE VARIN,ENSEIGNEMENT ET FORMATION,Enseignement du premier degré,Ecole primaire,166.435430928496,-22.2381371662114,etablissements_publics_nc,79,1843,Logicoop
legislatives_2024,1,988,98818,Nouméa,NOUMEA,0042,1395,743,652,727,10,6,1,HOR,DUNOYER,Philippe,MASCULIN,Philippe DUNOYER,,88,,,,École Gustave LODS 2,ECOLE GUSTAVE LODS,0.85,Ecole Gustave LODS,63 RUE VARIN,ENSEIGNEMENT ET FORMATION,Enseignement du premier degré,Ecole primaire,166.435430928496,-22.2381371662114,etablissements_publics_nc,79,1843,Logicoop
legislatives_2024,1,988,98818,Nouméa,NOUMEA,0042,1395,743,652,727,10,6,2,DVD,METZDORF,Nicolas,MASCULIN,Nicolas METZDORF,,267,,,,École Gustave LODS 2,ECOLE GUSTAVE LODS,0.85,Ecole Gustave LODS,63 RUE VARIN,ENSEIGNEMENT ET FORMATION,Enseignement du premier degré,Ecole primaire,166.435430928496,-22.2381371662114,etablissements_publics_nc,79,1843,Logicoop
legislatives_2024,1,988,98818,Nouméa,NOUMEA,0042,1395,743,652,727,10,6,3,REG,ANGEXETINE ÉP RAILATI,Juanita Ciane,FEMININ,Juanita Ciane ANGEXETINE ÉP RAILATI,,2,,,,École Gustave LODS 2,ECOLE GUSTAVE LODS,0.85,Ecole Gustave LODS,63 RUE VARIN,ENSEIGNEMENT ET FORMATION,Enseignement du premier degré,Ecole primaire,166.435430928496,-22.2381371662114,etablissements_publics_nc,79,1843,Logicoop
legislatives_2024,1,988,98818,Nouméa,NOUMEA,0042,1395,743,652,727,10,6,4,REG,NAISSELINE,Omayra Lisa Meun,FEMININ,Omayra Lisa Meun NAISSELINE,,225,,,,École Gustave LODS 2,ECOLE GUSTAVE LODS,0.85,Ecole Gustave LODS,63 RUE VARIN,ENSEIGNEMENT ET FORMATION,Enseignement du premier degré,Ecole primaire,166.435430928496,-22.2381371662114,etablissements_publics_nc,79,1843,Logicoop
legislatives_2024,1,988,98818,Nouméa,NOUMEA,0042,1395,743,652,727,10,6,5,REC,NASRI,Thomas,MASCULIN,Thomas NASRI,,3,,,,École Gustave LODS 2,ECOLE GUSTAVE LODS,0.85,Ecole Gustave LODS,63 RUE VARIN,ENSEIGNEMENT ET FORMATION,Enseignement du premier degré,Ecole primaire,166.435430928496,-22.2381371662114,etablissements_publics_nc,79,1843,Logicoop
legislatives_2024,1,988,98818,Nouméa,NOUMEA,0042,1395,743,652,727,10,6,6,DIV,MILLAR,Manuel,MASCULIN,Manuel MILLAR,,1,,,,École Gustave LODS 2,ECOLE GUSTAVE LODS,0.85,Ecole Gustave LODS,63 RUE VARIN,ENSEIGNEMENT ET FORMATION,Enseignement du premier degré,Ecole primaire,166.435430928496,-22.2381371662114,etablissements_publics_nc,79,1843,Logicoop
legislatives_2024,1,988,98818,Nouméa,NOUMEA,0042,1395,743,652,727,10,6,7,DVD,CUENOT,Pierre-Henri,MASCULIN,Pierre-Henri CUENOT,,1,,,,École Gustave LODS 2,ECOLE GUSTAVE LODS,0.85,Ecole Gustave LODS,63 RUE VARIN,ENSEIGNEMENT ET FORMATION,Enseignement du premier degré,Ecole primaire,166.435430928496,-22.2381371662114,etablissements_publics_nc,79,1843,Logicoop
legislatives_2024,1,988,98818,Nouméa,NOUMEA,0042,1395,743,652,727,10,6,8,REG,HAOCAS,Muneiko,FEMININ,Muneiko HAOCAS,,35,,,,École Gustave LODS 2,ECOLE GUSTAVE LODS,0.85,Ecole Gustave LODS,63 RUE VARIN,ENSEIGNEMENT ET FORMATION,Enseignement du premier degré,Ecole primaire,166.435430928496,-22.2381371662114,etablissements_publics_nc,79,1843,Logicoop
legislatives_2024,1,988,98818,Nouméa,NOUMEA,0042,1395,743,652,727,10,6,9,RN,LOUECKHOTE,Simon,MASCULIN,Simon LOUECKHOTE,,38,,,,École Gustave LODS 2,ECOLE GUSTAVE LODS,0.85,Ecole Gustave LODS,63 RUE VARIN,ENSEIGNEMENT ET FORMATION,Enseignement du premier degré,Ecole primaire,166.435430928496,-22.2381371662114,etablissements_publics_nc,79,1843,Logicoop
legislatives_2024,1,988,98818,Nouméa,NOUMEA,0042,1395,743,652,727,10,6,10,REG,NEMIA ÉP BISHOP,Germaine Toléta,FEMININ,Germaine Toléta NEMIA ÉP BISHOP,,0,,,,École Gustave LODS 2,ECOLE GUSTAVE LODS,0.85,Ecole Gustave LODS,63 RUE VARIN,ENSEIGNEMENT ET FORMATION,Enseignement du premier degré,Ecole primaire,166.435430928496,-22.2381371662114,etablissements_publics_nc,79,1843,Logicoop
legislatives_2024,1,988,98818,Nouméa,NOUMEA,0042,1395,743,652,727,10,6,11,DVG,FALAEO,Veylma,FEMININ,Veylma FALAEO,,62,,,,École Gustave LODS 2,ECOLE GUSTAVE LODS,0.85,Ecole Gustave LODS,63 RUE VARIN,ENSEIGNEMENT ET FORMATION,Enseignement du premier degré,Ecole primaire,166.435430928496,-22.2381371662114,etablissements_publics_nc,79,1843,Logicoop
legislatives_2024,1,988,98818,Nouméa,NOUMEA,0042,1395,743,652,727,10,6,12,ECO,DEVAUD,Cédric,MASCULIN,Cédric DEVAUD,,5,,,,École Gustave LODS 2,ECOLE GUSTAVE LODS,0.85,Ecole Gustave LODS,63 RUE VARIN,ENSEIGNEMENT ET FORMATION,Enseignement du premier degré,Ecole primaire,166.435430928496,-22.2381371662114,etablissements_publics_nc,79,1843,Logicoop
legislatives_2024,1,988,98818,Nouméa,NOUMEA,0043,2159,1095,1064,1064,15,16,1,HOR,DUNOYER,Philippe,MASCULIN,Philippe DUNOYER,,138,,,,École Daniel TALON,ECOLE DANIEL TALON,0.8,Ecole Daniel TALON,5 RUE PIERRE ISSAMATRO,ENSEIGNEMENT ET FORMATION,Enseignement du premier degré,Ecole élémentaire,166.429735177846,-22.2343498153878,etablissements_publics_nc,79,1843,Logicoop
legislatives_2024,1,988,98818,Nouméa,NOUMEA,0043,2159,1095,1064,1064,15,16,2,DVD,METZDORF,Nicolas,MASCULIN,Nicolas METZDORF,,221,,,,École Daniel TALON,ECOLE DANIEL TALON,0.8,Ecole Daniel TALON,5 RUE PIERRE ISSAMATRO,ENSEIGNEMENT ET FORMATION,Enseignement du premier degré,Ecole élémentaire,166.429735177846,-22.2343498153878,etablissements_publics_nc,79,1843,Logicoop
legislatives_2024,1,988,98818,Nouméa,NOUMEA,0043,2159,1095,1064,1064,15,16,3,REG,ANGEXETINE ÉP RAILATI,Juanita Ciane,FEMININ,Juanita Ciane ANGEXETINE ÉP RAILATI,,19,,,,École Daniel TALON,ECOLE DANIEL TALON,0.8,Ecole Daniel TALON,5 RUE PIERRE ISSAMATRO,ENSEIGNEMENT ET FORMATION,Enseignement du premier degré,Ecole élémentaire,166.429735177846,-22.2343498153878,etablissements_publics_nc,79,1843,Logicoop
legislatives_2024,1,988,98818,Nouméa,NOUMEA,0043,2159,1095,1064,1064,15,16,4,REG,NAISSELINE,Omayra Lisa Meun,FEMININ,Omayra Lisa Meun NAISSELINE,,451,,,,École Daniel TALON,ECOLE DANIEL TALON,0.8,Ecole Daniel TALON,5 RUE PIERRE ISSAMATRO,ENSEIGNEMENT ET FORMATION,Enseignement du premier degré,Ecole élémentaire,166.429735177846,-22.2343498153878,etablissements_publics_nc,79,1843,Logicoop
legislatives_2024,1,988,98818,Nouméa,NOUMEA,0043,2159,1095,1064,1064,15,16,5,REC,NASRI,Thomas,MASCULIN,Thomas NASRI,,1,,,,École Daniel TALON,ECOLE DANIEL TALON,0.8,Ecole Daniel TALON,5 RUE PIERRE ISSAMATRO,ENSEIGNEMENT ET FORMATION,Enseignement du premier degré,Ecole élémentaire,166.429735177846,-22.2343498153878,etablissements_publics_nc,79,1843,Logicoop
legislatives_2024,1,988,98818,Nouméa,NOUMEA,0043,2159,1095,1064,1064,15,16,6,DIV,MILLAR,Manuel,MASCULIN,Manuel MILLAR,,2,,,,École Daniel TALON,ECOLE DANIEL TALON,0.8,Ecole Daniel TALON,5 RUE PIERRE ISSAMATRO,ENSEIGNEMENT ET FORMATION,Enseignement du premier degré,Ecole élémentaire,166.429735177846,-22.2343498153878,etablissements_publics_nc,79,1843,Logicoop
legislatives_2024,1,988,98818,Nouméa,NOUMEA,0043,2159,1095,1064,1064,15,16,7,DVD,CUENOT,Pierre-Henri,MASCULIN,Pierre-Henri CUENOT,,0,,,,École Daniel TALON,ECOLE DANIEL TALON,0.8,Ecole Daniel TALON,5 RUE PIERRE ISSAMATRO,ENSEIGNEMENT ET FORMATION,Enseignement du premier degré,Ecole élémentaire,166.429735177846,-22.2343498153878,etablissements_publics_nc,79,1843,Logicoop
legislatives_2024,1,988,98818,Nouméa,NOUMEA,0043,2159,1095,1064,1064,15,16,8,REG,HAOCAS,Muneiko,FEMININ,Muneiko HAOCAS,,60,,,,École Daniel TALON,ECOLE DANIEL TALON,0.8,Ecole Daniel TALON,5 RUE PIERRE ISSAMATRO,ENSEIGNEMENT ET FORMATION,Enseignement du premier degré,Ecole élémentaire,166.429735177846,-22.2343498153878,etablissements_publics_nc,79,1843,Logicoop
legislatives_2024,1,988,98818,Nouméa,NOUMEA,0043,2159,1095,1064,1064,15,16,9,RN,LOUECKHOTE,Simon,MASCULIN,Simon LOUECKHOTE,,42,,,,École Daniel TALON,ECOLE DANIEL TALON,0.8,Ecole Daniel TALON,5 RUE PIERRE ISSAMATRO,ENSEIGNEMENT ET FORMATION,Enseignement du premier degré,Ecole élémentaire,166.429735177846,-22.2343498153878,etablissements_publics_nc,79,1843,Logicoop
legislatives_2024,1,988,98818,Nouméa,NOUMEA,0043,2159,1095,1064,1064,15,16,10,REG,NEMIA ÉP BISHOP,Germaine Toléta,FEMININ,Germaine Toléta NEMIA ÉP BISHOP,,0,,,,École Daniel TALON,ECOLE DANIEL TALON,0.8,Ecole Daniel TALON,5 RUE PIERRE ISSAMATRO,ENSEIGNEMENT ET FORMATION,Enseignement du premier degré,Ecole élémentaire,166.429735177846,-22.2343498153878,etablissements_publics_nc,79,1843,Logicoop
legislatives_2024,1,988,98818,Nouméa,NOUMEA,0043,2159,1095,1064,1064,15,16,11,DVG,FALAEO,Veylma,FEMININ,Veylma FALAEO,,125,,,,École Daniel TALON,ECOLE DANIEL TALON,0.8,Ecole Daniel TALON,5 RUE PIERRE ISSAMATRO,ENSEIGNEMENT ET FORMATION,Enseignement du premier degré,Ecole élémentaire,166.429735177846,-22.2343498153878,etablissements_publics_nc,79,1843,Logicoop
legislatives_2024,1,988,98818,Nouméa,NOUMEA,0043,2159,1095,1064,1064,15,16,12,ECO,DEVAUD,Cédric,MASCULIN,Cédric DEVAUD,,5,,,,École Daniel TALON,ECOLE DANIEL TALON,0.8,Ecole Daniel TALON,5 RUE PIERRE ISSAMATRO,ENSEIGNEMENT ET FORMATION,Enseignement du premier degré,Ecole élémentaire,166.429735177846,-22.2343498153878,etablissements_publics_nc,79,1843,Logicoop
legislatives_2024,1,988,98818,Nouméa,NOUMEA,0044,1171,619,552,603,5,11,1,HOR,DUNOYER,Philippe,MASCULIN,Philippe DUNOYER,,40,,,,École Louise VERGES,ECOLE LOUISE VERGES,0.615,Ecole Serge LAIGLE,7 RUE GEORGES LEQUES,ENSEIGNEMENT ET FORMATION,Enseignement du premier degré,Ecole primaire,166.486016745804,-22.2343408388225,etablissements_publics_nc,71,1835,Tina
legislatives_2024,1,988,98818,Nouméa,NOUMEA,0044,1171,619,552,603,5,11,2,DVD,METZDORF,Nicolas,MASCULIN,Nicolas METZDORF,,30,,,,École Louise VERGES,ECOLE LOUISE VERGES,0.615,Ecole Serge LAIGLE,7 RUE GEORGES LEQUES,ENSEIGNEMENT ET FORMATION,Enseignement du premier degré,Ecole primaire,166.486016745804,-22.2343408388225,etablissements_publics_nc,71,1835,Tina
legislatives_2024,1,988,98818,Nouméa,NOUMEA,0044,1171,619,552,603,5,11,3,REG,ANGEXETINE ÉP RAILATI,Juanita Ciane,FEMININ,Juanita Ciane ANGEXETINE ÉP RAILATI,,7,,,,École Louise VERGES,ECOLE LOUISE VERGES,0.615,Ecole Serge LAIGLE,7 RUE GEORGES LEQUES,ENSEIGNEMENT ET FORMATION,Enseignement du premier degré,Ecole primaire,166.486016745804,-22.2343408388225,etablissements_publics_nc,71,1835,Tina
legislatives_2024,1,988,98818,Nouméa,NOUMEA,0044,1171,619,552,603,5,11,4,REG,NAISSELINE,Omayra Lisa Meun,FEMININ,Omayra Lisa Meun NAISSELINE,,412,,,,École Louise VERGES,ECOLE LOUISE VERGES,0.615,Ecole Serge LAIGLE,7 RUE GEORGES LEQUES,ENSEIGNEMENT ET FORMATION,Enseignement du premier degré,Ecole primaire,166.486016745804,-22.2343408388225,etablissements_publics_nc,71,1835,Tina
legislatives_2024,1,988,98818,Nouméa,NOUMEA,0044,1171,619,552,603,5,11,5,REC,NASRI,Thomas,MASCULIN,Thomas NASRI,,2,,,,École Louise VERGES,ECOLE LOUISE VERGES,0.615,Ecole Serge LAIGLE,7 RUE GEORGES LEQUES,ENSEIGNEMENT ET FORMATION,Enseignement du premier degré,Ecole primaire,166.486016745804,-22.2343408388225,etablissements_publics_nc,71,1835,Tina
legislatives_2024,1,988,98818,Nouméa,NOUMEA,0044,1171,619,552,603,5,11,6,DIV,MILLAR,Manuel,MASCULIN,Manuel MILLAR,,1,,,,École Louise VERGES,ECOLE LOUISE VERGES,0.615,Ecole Serge LAIGLE,7 RUE GEORGES LEQUES,ENSEIGNEMENT ET FORMATION,Enseignement du premier degré,Ecole primaire,166.486016745804,-22.2343408388225,etablissements_publics_nc,71,1835,Tina
legislatives_2024,1,988,98818,Nouméa,NOUMEA,0044,1171,619,552,603,5,11,7,DVD,CUENOT,Pierre-Henri,MASCULIN,Pierre-Henri CUENOT,,0,,,,École Louise VERGES,ECOLE LOUISE VERGES,0.615,Ecole Serge LAIGLE,7 RUE GEORGES LEQUES,ENSEIGNEMENT ET FORMATION,Enseignement du premier degré,Ecole primaire,166.486016745804,-22.2343408388225,etablissements_publics_nc,71,1835,Tina
legislatives_2024,1,988,98818,Nouméa,NOUMEA,0044,1171,619,552,603,5,11,8,REG,HAOCAS,Muneiko,FEMININ,Muneiko HAOCAS,,25,,,,École Louise VERGES,ECOLE LOUISE VERGES,0.615,Ecole Serge LAIGLE,7 RUE GEORGES LEQUES,ENSEIGNEMENT ET FORMATION,Enseignement du premier degré,Ecole primaire,166.486016745804,-22.2343408388225,etablissements_publics_nc,71,1835,Tina
legislatives_2024,1,988,98818,Nouméa,NOUMEA,0044,1171,619,552,603,5,11,9,RN,LOUECKHOTE,Simon,MASCULIN,Simon LOUECKHOTE,,9,,,,École Louise VERGES,ECOLE LOUISE VERGES,0.615,Ecole Serge LAIGLE,7 RUE GEORGES LEQUES,ENSEIGNEMENT ET FORMATION,Enseignement du premier degré,Ecole primaire,166.486016745804,-22.2343408388225,etablissements_publics_nc,71,1835,Tina
legislatives_2024,1,988,98818,Nouméa,NOUMEA,0044,1171,619,552,603,5,11,10,REG,NEMIA ÉP BISHOP,Germaine Toléta,FEMININ,Germaine Toléta NEMIA ÉP BISHOP,,2,,,,École Louise VERGES,ECOLE LOUISE VERGES,0.615,Ecole Serge LAIGLE,7 RUE GEORGES LEQUES,ENSEIGNEMENT ET FORMATION,Enseignement du premier degré,Ecole primaire,166.486016745804,-22.2343408388225,etablissements_publics_nc,71,1835,Tina
legislatives_2024,1,988,98818,Nouméa,NOUMEA,0044,1171,619,552,603,5,11,11,DVG,FALAEO,Veylma,FEMININ,Veylma FALAEO,,72,,,,École Louise VERGES,ECOLE LOUISE VERGES,0.615,Ecole Serge LAIGLE,7 RUE GEORGES LEQUES,ENSEIGNEMENT ET FORMATION,Enseignement du premier degré,Ecole primaire,166.486016745804,-22.2343408388225,etablissements_publics_nc,71,1835,Tina
legislatives_2024,1,988,98818,Nouméa,NOUMEA,0044,1171,619,552,603,5,11,12,ECO,DEVAUD,Cédric,MASCULIN,Cédric DEVAUD,,3,,,,École Louise VERGES,ECOLE LOUISE VERGES,0.615,Ecole Serge LAIGLE,7 RUE GEORGES LEQUES,ENSEIGNEMENT ET FORMATION,Enseignement du premier degré,Ecole primaire,166.486016745804,-22.2343408388225,etablissements_publics_nc,71,1835,Tina
legislatives_2024,1,988,98818,Nouméa,NOUMEA,0045,1675,956,719,944,6,6,1,HOR,DUNOYER,Philippe,MASCULIN,Philippe DUNOYER,,87,,,,École Mathilde BROQUET 2,ECOLE MATHILDE BROQUET,0.836,Ecole Mathilde BROQUET,24 RUE PIERRE ARTIGUE,ENSEIGNEMENT ET FORMATION,Enseignement du premier degré,Ecole élémentaire,166.467549840387,-22.256293239868,etablissements_publics_nc,63,1827,Aérodrome Sud
legislatives_2024,1,988,98818,Nouméa,NOUMEA,0045,1675,956,719,944,6,6,2,DVD,METZDORF,Nicolas,MASCULIN,Nicolas METZDORF,,545,,,,École Mathilde BROQUET 2,ECOLE MATHILDE BROQUET,0.836,Ecole Mathilde BROQUET,24 RUE PIERRE ARTIGUE,ENSEIGNEMENT ET FORMATION,Enseignement du premier degré,Ecole élémentaire,166.467549840387,-22.256293239868,etablissements_publics_nc,63,1827,Aérodrome Sud
legislatives_2024,1,988,98818,Nouméa,NOUMEA,0045,1675,956,719,944,6,6,3,REG,ANGEXETINE ÉP RAILATI,Juanita Ciane,FEMININ,Juanita Ciane ANGEXETINE ÉP RAILATI,,8,,,,École Mathilde BROQUET 2,ECOLE MATHILDE BROQUET,0.836,Ecole Mathilde BROQUET,24 RUE PIERRE ARTIGUE,ENSEIGNEMENT ET FORMATION,Enseignement du premier degré,Ecole élémentaire,166.467549840387,-22.256293239868,etablissements_publics_nc,63,1827,Aérodrome Sud
legislatives_2024,1,988,98818,Nouméa,NOUMEA,0045,1675,956,719,944,6,6,4,REG,NAISSELINE,Omayra Lisa Meun,FEMININ,Omayra Lisa Meun NAISSELINE,,178,,,,École Mathilde BROQUET 2,ECOLE MATHILDE BROQUET,0.836,Ecole Mathilde BROQUET,24 RUE PIERRE ARTIGUE,ENSEIGNEMENT ET FORMATION,Enseignement du premier degré,Ecole élémentaire,166.467549840387,-22.256293239868,etablissements_publics_nc,63,1827,Aérodrome Sud
legislatives_2024,1,988,98818,Nouméa,NOUMEA,0045,1675,956,719,944,6,6,5,REC,NASRI,Thomas,MASCULIN,Thomas NASRI,,4,,,,École Mathilde BROQUET 2,ECOLE MATHILDE BROQUET,0.836,Ecole Mathilde BROQUET,24 RUE PIERRE ARTIGUE,ENSEIGNEMENT ET FORMATION,Enseignement du premier degré,Ecole élémentaire,166.467549840387,-22.256293239868,etablissements_publics_nc,63,1827,Aérodrome Sud
legislatives_2024,1,988,98818,Nouméa,NOUMEA,0045,1675,956,719,944,6,6,6,DIV,MILLAR,Manuel,MASCULIN,Manuel MILLAR,,0,,,,École Mathilde BROQUET 2,ECOLE MATHILDE BROQUET,0.836,Ecole Mathilde BROQUET,24 RUE PIERRE ARTIGUE,ENSEIGNEMENT ET FORMATION,Enseignement du premier degré,Ecole élémentaire,166.467549840387,-22.256293239868,etablissements_publics_nc,63,1827,Aérodrome Sud
legislatives_2024,1,988,98818,Nouméa,NOUMEA,0045,1675,956,719,944,6,6,7,DVD,CUENOT,Pierre-Henri,MASCULIN,Pierre-Henri CUENOT,,7,,,,École Mathilde BROQUET 2,ECOLE MATHILDE BROQUET,0.836,Ecole Mathilde BROQUET,24 RUE PIERRE ARTIGUE,ENSEIGNEMENT ET FORMATION,Enseignement du premier degré,Ecole élémentaire,166.467549840387,-22.256293239868,etablissements_publics_nc,63,1827,Aérodrome Sud
legislatives_2024,1,988,98818,Nouméa,NOUMEA,0045,1675,956,719,944,6,6,8,REG,HAOCAS,Muneiko,FEMININ,Muneiko HAOCAS,,8,,,,École Mathilde BROQUET 2,ECOLE MATHILDE BROQUET,0.836,Ecole Mathilde BROQUET,24 RUE PIERRE ARTIGUE,ENSEIGNEMENT ET FORMATION,Enseignement du premier degré,Ecole élémentaire,166.467549840387,-22.256293239868,etablissements_publics_nc,63,1827,Aérodrome Sud
legislatives_2024,1,988,98818,Nouméa,NOUMEA,0045,1675,956,719,944,6,6,9,RN,LOUECKHOTE,Simon,MASCULIN,Simon LOUECKHOTE,,44,,,,École Mathilde BROQUET 2,ECOLE MATHILDE BROQUET,0.836,Ecole Mathilde BROQUET,24 RUE PIERRE ARTIGUE,ENSEIGNEMENT ET FORMATION,Enseignement du premier degré,Ecole élémentaire,166.467549840387,-22.256293239868,etablissements_publics_nc,63,1827,Aérodrome Sud
legislatives_2024,1,988,98818,Nouméa,NOUMEA,0045,1675,956,719,944,6,6,10,REG,NEMIA ÉP BISHOP,Germaine Toléta,FEMININ,Germaine Toléta NEMIA ÉP BISHOP,,1,,,,École Mathilde BROQUET 2,ECOLE MATHILDE BROQUET,0.836,Ecole Mathilde BROQUET,24 RUE PIERRE ARTIGUE,ENSEIGNEMENT ET FORMATION,Enseignement du premier degré,Ecole élémentaire,166.467549840387,-22.256293239868,etablissements_publics_nc,63,1827,Aérodrome Sud
legislatives_2024,1,988,98818,Nouméa,NOUMEA,0045,1675,956,719,944,6,6,11,DVG,FALAEO,Veylma,FEMININ,Veylma FALAEO,,62,,,,École Mathilde BROQUET 2,ECOLE MATHILDE BROQUET,0.836,Ecole Mathilde BROQUET,24 RUE PIERRE ARTIGUE,ENSEIGNEMENT ET FORMATION,Enseignement du premier degré,Ecole élémentaire,166.467549840387,-22.256293239868,etablissements_publics_nc,63,1827,Aérodrome Sud
legislatives_2024,1,988,98818,Nouméa,NOUMEA,0045,1675,956,719,944,6,6,12,ECO,DEVAUD,Cédric,MASCULIN,Cédric DEVAUD,,0,,,,École Mathilde BROQUET 2,ECOLE MATHILDE BROQUET,0.836,Ecole Mathilde BROQUET,24 RUE PIERRE ARTIGUE,ENSEIGNEMENT ET FORMATION,Enseignement du premier degré,Ecole élémentaire,166.467549840387,-22.256293239868,etablissements_publics_nc,63,1827,Aérodrome Sud
legislatives_2024,1,988,98818,Nouméa,NOUMEA,0046,951,548,403,543,3,2,1,HOR,DUNOYER,Philippe,MASCULIN,Philippe DUNOYER,,70,,,,École Yvonne DUPONT 2,ECOLE YVONNE DUPONT,0.98,Parc école Yvonne DUPONT,2 RUE MARCELLIN LACABANNE,PARC ESPACE PUBLIC ET LOISIR,Parcs et espaces verts,Parc,166.442173657352,-22.2926748814035,etablissements_publics_nc,42,1806,Motor Pool - Receiving
legislatives_2024,1,988,98818,Nouméa,NOUMEA,0046,951,548,403,543,3,2,2,DVD,METZDORF,Nicolas,MASCULIN,Nicolas METZDORF,,405,,,,École Yvonne DUPONT 2,ECOLE YVONNE DUPONT,0.98,Parc école Yvonne DUPONT,2 RUE MARCELLIN LACABANNE,PARC ESPACE PUBLIC ET LOISIR,Parcs et espaces verts,Parc,166.442173657352,-22.2926748814035,etablissements_publics_nc,42,1806,Motor Pool - Receiving
legislatives_2024,1,988,98818,Nouméa,NOUMEA,0046,951,548,403,543,3,2,3,REG,ANGEXETINE ÉP RAILATI,Juanita Ciane,FEMININ,Juanita Ciane ANGEXETINE ÉP RAILATI,,0,,,,École Yvonne DUPONT 2,ECOLE YVONNE DUPONT,0.98,Parc école Yvonne DUPONT,2 RUE MARCELLIN LACABANNE,PARC ESPACE PUBLIC ET LOISIR,Parcs et espaces verts,Parc,166.442173657352,-22.2926748814035,etablissements_publics_nc,42,1806,Motor Pool - Receiving
legislatives_2024,1,988,98818,Nouméa,NOUMEA,0046,951,548,403,543,3,2,4,REG,NAISSELINE,Omayra Lisa Meun,FEMININ,Omayra Lisa Meun NAISSELINE,,9,,,,École Yvonne DUPONT 2,ECOLE YVONNE DUPONT,0.98,Parc école Yvonne DUPONT,2 RUE MARCELLIN LACABANNE,PARC ESPACE PUBLIC ET LOISIR,Parcs et espaces verts,Parc,166.442173657352,-22.2926748814035,etablissements_publics_nc,42,1806,Motor Pool - Receiving
legislatives_2024,1,988,98818,Nouméa,NOUMEA,0046,951,548,403,543,3,2,5,REC,NASRI,Thomas,MASCULIN,Thomas NASRI,,2,,,,École Yvonne DUPONT 2,ECOLE YVONNE DUPONT,0.98,Parc école Yvonne DUPONT,2 RUE MARCELLIN LACABANNE,PARC ESPACE PUBLIC ET LOISIR,Parcs et espaces verts,Parc,166.442173657352,-22.2926748814035,etablissements_publics_nc,42,1806,Motor Pool - Receiving
legislatives_2024,1,988,98818,Nouméa,NOUMEA,0046,951,548,403,543,3,2,6,DIV,MILLAR,Manuel,MASCULIN,Manuel MILLAR,,0,,,,École Yvonne DUPONT 2,ECOLE YVONNE DUPONT,0.98,Parc école Yvonne DUPONT,2 RUE MARCELLIN LACABANNE,PARC ESPACE PUBLIC ET LOISIR,Parcs et espaces verts,Parc,166.442173657352,-22.2926748814035,etablissements_publics_nc,42,1806,Motor Pool - Receiving
legislatives_2024,1,988,98818,Nouméa,NOUMEA,0046,951,548,403,543,3,2,7,DVD,CUENOT,Pierre-Henri,MASCULIN,Pierre-Henri CUENOT,,3,,,,École Yvonne DUPONT 2,ECOLE YVONNE DUPONT,0.98,Parc école Yvonne DUPONT,2 RUE MARCELLIN LACABANNE,PARC ESPACE PUBLIC ET LOISIR,Parcs et espaces verts,Parc,166.442173657352,-22.2926748814035,etablissements_publics_nc,42,1806,Motor Pool - Receiving
legislatives_2024,1,988,98818,Nouméa,NOUMEA,0046,951,548,403,543,3,2,8,REG,HAOCAS,Muneiko,FEMININ,Muneiko HAOCAS,,0,,,,École Yvonne DUPONT 2,ECOLE YVONNE DUPONT,0.98,Parc école Yvonne DUPONT,2 RUE MARCELLIN LACABANNE,PARC ESPACE PUBLIC ET LOISIR,Parcs et espaces verts,Parc,166.442173657352,-22.2926748814035,etablissements_publics_nc,42,1806,Motor Pool - Receiving
legislatives_2024,1,988,98818,Nouméa,NOUMEA,0046,951,548,403,543,3,2,9,RN,LOUECKHOTE,Simon,MASCULIN,Simon LOUECKHOTE,,38,,,,École Yvonne DUPONT 2,ECOLE YVONNE DUPONT,0.98,Parc école Yvonne DUPONT,2 RUE MARCELLIN LACABANNE,PARC ESPACE PUBLIC ET LOISIR,Parcs et espaces verts,Parc,166.442173657352,-22.2926748814035,etablissements_publics_nc,42,1806,Motor Pool - Receiving
legislatives_2024,1,988,98818,Nouméa,NOUMEA,0046,951,548,403,543,3,2,10,REG,NEMIA ÉP BISHOP,Germaine Toléta,FEMININ,Germaine Toléta NEMIA ÉP BISHOP,,0,,,,École Yvonne DUPONT 2,ECOLE YVONNE DUPONT,0.98,Parc école Yvonne DUPONT,2 RUE MARCELLIN LACABANNE,PARC ESPACE PUBLIC ET LOISIR,Parcs et espaces verts,Parc,166.442173657352,-22.2926748814035,etablissements_publics_nc,42,1806,Motor Pool - Receiving
legislatives_2024,1,988,98818,Nouméa,NOUMEA,0046,951,548,403,543,3,2,11,DVG,FALAEO,Veylma,FEMININ,Veylma FALAEO,,16,,,,École Yvonne DUPONT 2,ECOLE YVONNE DUPONT,0.98,Parc école Yvonne DUPONT,2 RUE MARCELLIN LACABANNE,PARC ESPACE PUBLIC ET LOISIR,Parcs et espaces verts,Parc,166.442173657352,-22.2926748814035,etablissements_publics_nc,42,1806,Motor Pool - Receiving
legislatives_2024,1,988,98818,Nouméa,NOUMEA,0046,951,548,403,543,3,2,12,ECO,DEVAUD,Cédric,MASCULIN,Cédric DEVAUD,,0,,,,École Yvonne DUPONT 2,ECOLE YVONNE DUPONT,0.98,Parc école Yvonne DUPONT,2 RUE MARCELLIN LACABANNE,PARC ESPACE PUBLIC ET LOISIR,Parcs et espaces verts,Parc,166.442173657352,-22.2926748814035,etablissements_publics_nc,42,1806,Motor Pool - Receiving
legislatives_2024,1,988,98818,Nouméa,NOUMEA,0047,1037,674,363,668,4,2,1,HOR,DUNOYER,Philippe,MASCULIN,Philippe DUNOYER,,115,,,,École Paul BOYER 2,ECOLE PAUL BOYER,0.812,Ecole Paul BOYER,10 RUE BOUGAINVILLE,ENSEIGNEMENT ET FORMATION,Enseignement du premier degré,Groupe scolaire,166.452482969153,-22.2781620536236,etablissements_publics_nc,47,1811,Faubourg Blanchot
legislatives_2024,1,988,98818,Nouméa,NOUMEA,0047,1037,674,363,668,4,2,2,DVD,METZDORF,Nicolas,MASCULIN,Nicolas METZDORF,,457,,,,École Paul BOYER 2,ECOLE PAUL BOYER,0.812,Ecole Paul BOYER,10 RUE BOUGAINVILLE,ENSEIGNEMENT ET FORMATION,Enseignement du premier degré,Groupe scolaire,166.452482969153,-22.2781620536236,etablissements_publics_nc,47,1811,Faubourg Blanchot
legislatives_2024,1,988,98818,Nouméa,NOUMEA,0047,1037,674,363,668,4,2,3,REG,ANGEXETINE ÉP RAILATI,Juanita Ciane,FEMININ,Juanita Ciane ANGEXETINE ÉP RAILATI,,1,,,,École Paul BOYER 2,ECOLE PAUL BOYER,0.812,Ecole Paul BOYER,10 RUE BOUGAINVILLE,ENSEIGNEMENT ET FORMATION,Enseignement du premier degré,Groupe scolaire,166.452482969153,-22.2781620536236,etablissements_publics_nc,47,1811,Faubourg Blanchot
legislatives_2024,1,988,98818,Nouméa,NOUMEA,0047,1037,674,363,668,4,2,4,REG,NAISSELINE,Omayra Lisa Meun,FEMININ,Omayra Lisa Meun NAISSELINE,,13,,,,École Paul BOYER 2,ECOLE PAUL BOYER,0.812,Ecole Paul BOYER,10 RUE BOUGAINVILLE,ENSEIGNEMENT ET FORMATION,Enseignement du premier degré,Groupe scolaire,166.452482969153,-22.2781620536236,etablissements_publics_nc,47,1811,Faubourg Blanchot
legislatives_2024,1,988,98818,Nouméa,NOUMEA,0047,1037,674,363,668,4,2,5,REC,NASRI,Thomas,MASCULIN,Thomas NASRI,,3,,,,École Paul BOYER 2,ECOLE PAUL BOYER,0.812,Ecole Paul BOYER,10 RUE BOUGAINVILLE,ENSEIGNEMENT ET FORMATION,Enseignement du premier degré,Groupe scolaire,166.452482969153,-22.2781620536236,etablissements_publics_nc,47,1811,Faubourg Blanchot
legislatives_2024,1,988,98818,Nouméa,NOUMEA,0047,1037,674,363,668,4,2,6,DIV,MILLAR,Manuel,MASCULIN,Manuel MILLAR,,0,,,,École Paul BOYER 2,ECOLE PAUL BOYER,0.812,Ecole Paul BOYER,10 RUE BOUGAINVILLE,ENSEIGNEMENT ET FORMATION,Enseignement du premier degré,Groupe scolaire,166.452482969153,-22.2781620536236,etablissements_publics_nc,47,1811,Faubourg Blanchot
legislatives_2024,1,988,98818,Nouméa,NOUMEA,0047,1037,674,363,668,4,2,7,DVD,CUENOT,Pierre-Henri,MASCULIN,Pierre-Henri CUENOT,,5,,,,École Paul BOYER 2,ECOLE PAUL BOYER,0.812,Ecole Paul BOYER,10 RUE BOUGAINVILLE,ENSEIGNEMENT ET FORMATION,Enseignement du premier degré,Groupe scolaire,166.452482969153,-22.2781620536236,etablissements_publics_nc,47,1811,Faubourg Blanchot
legislatives_2024,1,988,98818,Nouméa,NOUMEA,0047,1037,674,363,668,4,2,8,REG,HAOCAS,Muneiko,FEMININ,Muneiko HAOCAS,,5,,,,École Paul BOYER 2,ECOLE PAUL BOYER,0.812,Ecole Paul BOYER,10 RUE BOUGAINVILLE,ENSEIGNEMENT ET FORMATION,Enseignement du premier degré,Groupe scolaire,166.452482969153,-22.2781620536236,etablissements_publics_nc,47,1811,Faubourg Blanchot
legislatives_2024,1,988,98818,Nouméa,NOUMEA,0047,1037,674,363,668,4,2,9,RN,LOUECKHOTE,Simon,MASCULIN,Simon LOUECKHOTE,,49,,,,École Paul BOYER 2,ECOLE PAUL BOYER,0.812,Ecole Paul BOYER,10 RUE BOUGAINVILLE,ENSEIGNEMENT ET FORMATION,Enseignement du premier degré,Groupe scolaire,166.452482969153,-22.2781620536236,etablissements_publics_nc,47,1811,Faubourg Blanchot
legislatives_2024,1,988,98818,Nouméa,NOUMEA,0047,1037,674,363,668,4,2,10,REG,NEMIA ÉP BISHOP,Germaine Toléta,FEMININ,Germaine Toléta NEMIA ÉP BISHOP,,0,,,,École Paul BOYER 2,ECOLE PAUL BOYER,0.812,Ecole Paul BOYER,10 RUE BOUGAINVILLE,ENSEIGNEMENT ET FORMATION,Enseignement du premier degré,Groupe scolaire,166.452482969153,-22.2781620536236,etablissements_publics_nc,47,1811,Faubourg Blanchot
legislatives_2024,1,988,98818,Nouméa,NOUMEA,0047,1037,674,363,668,4,2,11,DVG,FALAEO,Veylma,FEMININ,Veylma FALAEO,,15,,,,École Paul BOYER 2,ECOLE PAUL BOYER,0.812,Ecole Paul BOYER,10 RUE BOUGAINVILLE,ENSEIGNEMENT ET FORMATION,Enseignement du premier degré,Groupe scolaire,166.452482969153,-22.2781620536236,etablissements_publics_nc,47,1811,Faubourg Blanchot
legislatives_2024,1,988,98818,Nouméa,NOUMEA,0047,1037,674,363,668,4,2,12,ECO,DEVAUD,Cédric,MASCULIN,Cédric DEVAUD,,5,,,,École Paul BOYER 2,ECOLE PAUL BOYER,0.812,Ecole Paul BOYER,10 RUE BOUGAINVILLE,ENSEIGNEMENT ET FORMATION,Enseignement du premier degré,Groupe scolaire,166.452482969153,-22.2781620536236,etablissements_publics_nc,47,1811,Faubourg Blanchot
legislatives_2024,1,988,98818,Nouméa,NOUMEA,0048,1049,564,485,538,16,10,1,HOR,DUNOYER,Philippe,MASCULIN,Philippe DUNOYER,,48,,,,École Marguerite ARSAPIN,ECOLE MARGUERITE ARSAPIN,0.74,Ecole Marguerite CARLIER,14 RUE DE BOUGAINVILLE,ENSEIGNEMENT ET FORMATION,Enseignement du premier degré,Groupe scolaire,166.454280714904,-22.2790060967446,etablissements_publics_nc,47,1811,Faubourg Blanchot
legislatives_2024,1,988,98818,Nouméa,NOUMEA,0048,1049,564,485,538,16,10,2,DVD,METZDORF,Nicolas,MASCULIN,Nicolas METZDORF,,155,,,,École Marguerite ARSAPIN,ECOLE MARGUERITE ARSAPIN,0.74,Ecole Marguerite CARLIER,14 RUE DE BOUGAINVILLE,ENSEIGNEMENT ET FORMATION,Enseignement du premier degré,Groupe scolaire,166.454280714904,-22.2790060967446,etablissements_publics_nc,47,1811,Faubourg Blanchot
legislatives_2024,1,988,98818,Nouméa,NOUMEA,0048,1049,564,485,538,16,10,3,REG,ANGEXETINE ÉP RAILATI,Juanita Ciane,FEMININ,Juanita Ciane ANGEXETINE ÉP RAILATI,,1,,,,École Marguerite ARSAPIN,ECOLE MARGUERITE ARSAPIN,0.74,Ecole Marguerite CARLIER,14 RUE DE BOUGAINVILLE,ENSEIGNEMENT ET FORMATION,Enseignement du premier degré,Groupe scolaire,166.454280714904,-22.2790060967446,etablissements_publics_nc,47,1811,Faubourg Blanchot
legislatives_2024,1,988,98818,Nouméa,NOUMEA,0048,1049,564,485,538,16,10,4,REG,NAISSELINE,Omayra Lisa Meun,FEMININ,Omayra Lisa Meun NAISSELINE,,188,,,,École Marguerite ARSAPIN,ECOLE MARGUERITE ARSAPIN,0.74,Ecole Marguerite CARLIER,14 RUE DE BOUGAINVILLE,ENSEIGNEMENT ET FORMATION,Enseignement du premier degré,Groupe scolaire,166.454280714904,-22.2790060967446,etablissements_publics_nc,47,1811,Faubourg Blanchot
legislatives_2024,1,988,98818,Nouméa,NOUMEA,0048,1049,564,485,538,16,10,5,REC,NASRI,Thomas,MASCULIN,Thomas NASRI,,1,,,,École Marguerite ARSAPIN,ECOLE MARGUERITE ARSAPIN,0.74,Ecole Marguerite CARLIER,14 RUE DE BOUGAINVILLE,ENSEIGNEMENT ET FORMATION,Enseignement du premier degré,Groupe scolaire,166.454280714904,-22.2790060967446,etablissements_publics_nc,47,1811,Faubourg Blanchot
legislatives_2024,1,988,98818,Nouméa,NOUMEA,0048,1049,564,485,538,16,10,6,DIV,MILLAR,Manuel,MASCULIN,Manuel MILLAR,,0,,,,École Marguerite ARSAPIN,ECOLE MARGUERITE ARSAPIN,0.74,Ecole Marguerite CARLIER,14 RUE DE BOUGAINVILLE,ENSEIGNEMENT ET FORMATION,Enseignement du premier degré,Groupe scolaire,166.454280714904,-22.2790060967446,etablissements_publics_nc,47,1811,Faubourg Blanchot
legislatives_2024,1,988,98818,Nouméa,NOUMEA,0048,1049,564,485,538,16,10,7,DVD,CUENOT,Pierre-Henri,MASCULIN,Pierre-Henri CUENOT,,1,,,,École Marguerite ARSAPIN,ECOLE MARGUERITE ARSAPIN,0.74,Ecole Marguerite CARLIER,14 RUE DE BOUGAINVILLE,ENSEIGNEMENT ET FORMATION,Enseignement du premier degré,Groupe scolaire,166.454280714904,-22.2790060967446,etablissements_publics_nc,47,1811,Faubourg Blanchot
legislatives_2024,1,988,98818,Nouméa,NOUMEA,0048,1049,564,485,538,16,10,8,REG,HAOCAS,Muneiko,FEMININ,Muneiko HAOCAS,,19,,,,École Marguerite ARSAPIN,ECOLE MARGUERITE ARSAPIN,0.74,Ecole Marguerite CARLIER,14 RUE DE BOUGAINVILLE,ENSEIGNEMENT ET FORMATION,Enseignement du premier degré,Groupe scolaire,166.454280714904,-22.2790060967446,etablissements_publics_nc,47,1811,Faubourg Blanchot
legislatives_2024,1,988,98818,Nouméa,NOUMEA,0048,1049,564,485,538,16,10,9,RN,LOUECKHOTE,Simon,MASCULIN,Simon LOUECKHOTE,,34,,,,École Marguerite ARSAPIN,ECOLE MARGUERITE ARSAPIN,0.74,Ecole Marguerite CARLIER,14 RUE DE BOUGAINVILLE,ENSEIGNEMENT ET FORMATION,Enseignement du premier degré,Groupe scolaire,166.454280714904,-22.2790060967446,etablissements_publics_nc,47,1811,Faubourg Blanchot
legislatives_2024,1,988,98818,Nouméa,NOUMEA,0048,1049,564,485,538,16,10,10,REG,NEMIA ÉP BISHOP,Germaine Toléta,FEMININ,Germaine Toléta NEMIA ÉP BISHOP,,0,,,,École Marguerite ARSAPIN,ECOLE MARGUERITE ARSAPIN,0.74,Ecole Marguerite CARLIER,14 RUE DE BOUGAINVILLE,ENSEIGNEMENT ET FORMATION,Enseignement du premier degré,Groupe scolaire,166.454280714904,-22.2790060967446,etablissements_publics_nc,47,1811,Faubourg Blanchot
legislatives_2024,1,988,98818,Nouméa,NOUMEA,0048,1049,564,485,538,16,10,11,DVG,FALAEO,Veylma,FEMININ,Veylma FALAEO,,86,,,,École Marguerite ARSAPIN,ECOLE MARGUERITE ARSAPIN,0.74,Ecole Marguerite CARLIER,14 RUE DE BOUGAINVILLE,ENSEIGNEMENT ET FORMATION,Enseignement du premier degré,Groupe scolaire,166.454280714904,-22.2790060967446,etablissements_publics_nc,47,1811,Faubourg Blanchot
legislatives_2024,1,988,98818,Nouméa,NOUMEA,0048,1049,564,485,538,16,10,12,ECO,DEVAUD,Cédric,MASCULIN,Cédric DEVAUD,,5,,,,École Marguerite ARSAPIN,ECOLE MARGUERITE ARSAPIN,0.74,Ecole Marguerite CARLIER,14 RUE DE BOUGAINVILLE,ENSEIGNEMENT ET FORMATION,Enseignement du premier degré,Groupe scolaire,166.454280714904,-22.2790060967446,etablissements_publics_nc,47,1811,Faubourg Blanchot
legislatives_2024,1,988,98818,Nouméa,NOUMEA,0049,1211,770,441,764,4,2,1,HOR,DUNOYER,Philippe,MASCULIN,Philippe DUNOYER,,124,,,,École les PERVENCHES,ECOLE PERVENCHES,0.717,Ecole LES PERVENCHES,4 RUE PIERRE ARTIGUE,ENSEIGNEMENT ET FORMATION,Enseignement du premier degré,Ecole pré-élémentaire,166.463935144665,-22.2575766179093,etablissements_publics_nc,62,1826,Portes de Fer - Sud
legislatives_2024,1,988,98818,Nouméa,NOUMEA,0049,1211,770,441,764,4,2,2,DVD,METZDORF,Nicolas,MASCULIN,Nicolas METZDORF,,484,,,,École les PERVENCHES,ECOLE PERVENCHES,0.717,Ecole LES PERVENCHES,4 RUE PIERRE ARTIGUE,ENSEIGNEMENT ET FORMATION,Enseignement du premier degré,Ecole pré-élémentaire,166.463935144665,-22.2575766179093,etablissements_publics_nc,62,1826,Portes de Fer - Sud
legislatives_2024,1,988,98818,Nouméa,NOUMEA,0049,1211,770,441,764,4,2,3,REG,ANGEXETINE ÉP RAILATI,Juanita Ciane,FEMININ,Juanita Ciane ANGEXETINE ÉP RAILATI,,0,,,,École les PERVENCHES,ECOLE PERVENCHES,0.717,Ecole LES PERVENCHES,4 RUE PIERRE ARTIGUE,ENSEIGNEMENT ET FORMATION,Enseignement du premier degré,Ecole pré-élémentaire,166.463935144665,-22.2575766179093,etablissements_publics_nc,62,1826,Portes de Fer - Sud
legislatives_2024,1,988,98818,Nouméa,NOUMEA,0049,1211,770,441,764,4,2,4,REG,NAISSELINE,Omayra Lisa Meun,FEMININ,Omayra Lisa Meun NAISSELINE,,57,,,,École les PERVENCHES,ECOLE PERVENCHES,0.717,Ecole LES PERVENCHES,4 RUE PIERRE ARTIGUE,ENSEIGNEMENT ET FORMATION,Enseignement du premier degré,Ecole pré-élémentaire,166.463935144665,-22.2575766179093,etablissements_publics_nc,62,1826,Portes de Fer - Sud
legislatives_2024,1,988,98818,Nouméa,NOUMEA,0049,1211,770,441,764,4,2,5,REC,NASRI,Thomas,MASCULIN,Thomas NASRI,,2,,,,École les PERVENCHES,ECOLE PERVENCHES,0.717,Ecole LES PERVENCHES,4 RUE PIERRE ARTIGUE,ENSEIGNEMENT ET FORMATION,Enseignement du premier degré,Ecole pré-élémentaire,166.463935144665,-22.2575766179093,etablissements_publics_nc,62,1826,Portes de Fer - Sud
legislatives_2024,1,988,98818,Nouméa,NOUMEA,0049,1211,770,441,764,4,2,6,DIV,MILLAR,Manuel,MASCULIN,Manuel MILLAR,,0,,,,École les PERVENCHES,ECOLE PERVENCHES,0.717,Ecole LES PERVENCHES,4 RUE PIERRE ARTIGUE,ENSEIGNEMENT ET FORMATION,Enseignement du premier degré,Ecole pré-élémentaire,166.463935144665,-22.2575766179093,etablissements_publics_nc,62,1826,Portes de Fer - Sud
legislatives_2024,1,988,98818,Nouméa,NOUMEA,0049,1211,770,441,764,4,2,7,DVD,CUENOT,Pierre-Henri,MASCULIN,Pierre-Henri CUENOT,,1,,,,École les PERVENCHES,ECOLE PERVENCHES,0.717,Ecole LES PERVENCHES,4 RUE PIERRE ARTIGUE,ENSEIGNEMENT ET FORMATION,Enseignement du premier degré,Ecole pré-élémentaire,166.463935144665,-22.2575766179093,etablissements_publics_nc,62,1826,Portes de Fer - Sud
legislatives_2024,1,988,98818,Nouméa,NOUMEA,0049,1211,770,441,764,4,2,8,REG,HAOCAS,Muneiko,FEMININ,Muneiko HAOCAS,,4,,,,École les PERVENCHES,ECOLE PERVENCHES,0.717,Ecole LES PERVENCHES,4 RUE PIERRE ARTIGUE,ENSEIGNEMENT ET FORMATION,Enseignement du premier degré,Ecole pré-élémentaire,166.463935144665,-22.2575766179093,etablissements_publics_nc,62,1826,Portes de Fer - Sud
legislatives_2024,1,988,98818,Nouméa,NOUMEA,0049,1211,770,441,764,4,2,9,RN,LOUECKHOTE,Simon,MASCULIN,Simon LOUECKHOTE,,64,,,,École les PERVENCHES,ECOLE PERVENCHES,0.717,Ecole LES PERVENCHES,4 RUE PIERRE ARTIGUE,ENSEIGNEMENT ET FORMATION,Enseignement du premier degré,Ecole pré-élémentaire,166.463935144665,-22.2575766179093,etablissements_publics_nc,62,1826,Portes de Fer - Sud
legislatives_2024,1,988,98818,Nouméa,NOUMEA,0049,1211,770,441,764,4,2,10,REG,NEMIA ÉP BISHOP,Germaine Toléta,FEMININ,Germaine Toléta NEMIA ÉP BISHOP,,0,,,,École les PERVENCHES,ECOLE PERVENCHES,0.717,Ecole LES PERVENCHES,4 RUE PIERRE ARTIGUE,ENSEIGNEMENT ET FORMATION,Enseignement du premier degré,Ecole pré-élémentaire,166.463935144665,-22.2575766179093,etablissements_publics_nc,62,1826,Portes de Fer - Sud
legislatives_2024,1,988,98818,Nouméa,NOUMEA,0049,1211,770,441,764,4,2,11,DVG,FALAEO,Veylma,FEMININ,Veylma FALAEO,,24,,,,École les PERVENCHES,ECOLE PERVENCHES,0.717,Ecole LES PERVENCHES,4 RUE PIERRE ARTIGUE,ENSEIGNEMENT ET FORMATION,Enseignement du premier degré,Ecole pré-élémentaire,166.463935144665,-22.2575766179093,etablissements_publics_nc,62,1826,Portes de Fer - Sud
legislatives_2024,1,988,98818,Nouméa,NOUMEA,0049,1211,770,441,764,4,2,12,ECO,DEVAUD,Cédric,MASCULIN,Cédric DEVAUD,,4,,,,École les PERVENCHES,ECOLE PERVENCHES,0.717,Ecole LES PERVENCHES,4 RUE PIERRE ARTIGUE,ENSEIGNEMENT ET FORMATION,Enseignement du premier degré,Ecole pré-élémentaire,166.463935144665,-22.2575766179093,etablissements_publics_nc,62,1826,Portes de Fer - Sud
legislatives_2024,1,988,98818,Nouméa,NOUMEA,0050,1800,907,893,886,16,5,1,HOR,DUNOYER,Philippe,MASCULIN,Philippe DUNOYER,,92,,,,École Albert PERRAUD,ECOLE ALBERT PERRAUD,0.866,Ecole Albert PERRAUD,1 RUE HENRI BAUDOEUF,ENSEIGNEMENT ET FORMATION,Enseignement du premier degré,Ecole primaire,166.467888234029,-22.2619636836771,etablissements_publics_nc,63,1827,Aérodrome Sud
legislatives_2024,1,988,98818,Nouméa,NOUMEA,0050,1800,907,893,886,16,5,2,DVD,METZDORF,Nicolas,MASCULIN,Nicolas METZDORF,,191,,,,École Albert PERRAUD,ECOLE ALBERT PERRAUD,0.866,Ecole Albert PERRAUD,1 RUE HENRI BAUDOEUF,ENSEIGNEMENT ET FORMATION,Enseignement du premier degré,Ecole primaire,166.467888234029,-22.2619636836771,etablissements_publics_nc,63,1827,Aérodrome Sud
legislatives_2024,1,988,98818,Nouméa,NOUMEA,0050,1800,907,893,886,16,5,3,REG,ANGEXETINE ÉP RAILATI,Juanita Ciane,FEMININ,Juanita Ciane ANGEXETINE ÉP RAILATI,,5,,,,École Albert PERRAUD,ECOLE ALBERT PERRAUD,0.866,Ecole Albert PERRAUD,1 RUE HENRI BAUDOEUF,ENSEIGNEMENT ET FORMATION,Enseignement du premier degré,Ecole primaire,166.467888234029,-22.2619636836771,etablissements_publics_nc,63,1827,Aérodrome Sud
legislatives_2024,1,988,98818,Nouméa,NOUMEA,0050,1800,907,893,886,16,5,4,REG,NAISSELINE,Omayra Lisa Meun,FEMININ,Omayra Lisa Meun NAISSELINE,,432,,,,École Albert PERRAUD,ECOLE ALBERT PERRAUD,0.866,Ecole Albert PERRAUD,1 RUE HENRI BAUDOEUF,ENSEIGNEMENT ET FORMATION,Enseignement du premier degré,Ecole primaire,166.467888234029,-22.2619636836771,etablissements_publics_nc,63,1827,Aérodrome Sud
legislatives_2024,1,988,98818,Nouméa,NOUMEA,0050,1800,907,893,886,16,5,5,REC,NASRI,Thomas,MASCULIN,Thomas NASRI,,2,,,,École Albert PERRAUD,ECOLE ALBERT PERRAUD,0.866,Ecole Albert PERRAUD,1 RUE HENRI BAUDOEUF,ENSEIGNEMENT ET FORMATION,Enseignement du premier degré,Ecole primaire,166.467888234029,-22.2619636836771,etablissements_publics_nc,63,1827,Aérodrome Sud
legislatives_2024,1,988,98818,Nouméa,NOUMEA,0050,1800,907,893,886,16,5,6,DIV,MILLAR,Manuel,MASCULIN,Manuel MILLAR,,1,,,,École Albert PERRAUD,ECOLE ALBERT PERRAUD,0.866,Ecole Albert PERRAUD,1 RUE HENRI BAUDOEUF,ENSEIGNEMENT ET FORMATION,Enseignement du premier degré,Ecole primaire,166.467888234029,-22.2619636836771,etablissements_publics_nc,63,1827,Aérodrome Sud
legislatives_2024,1,988,98818,Nouméa,NOUMEA,0050,1800,907,893,886,16,5,7,DVD,CUENOT,Pierre-Henri,MASCULIN,Pierre-Henri CUENOT,,0,,,,École Albert PERRAUD,ECOLE ALBERT PERRAUD,0.866,Ecole Albert PERRAUD,1 RUE HENRI BAUDOEUF,ENSEIGNEMENT ET FORMATION,Enseignement du premier degré,Ecole primaire,166.467888234029,-22.2619636836771,etablissements_publics_nc,63,1827,Aérodrome Sud
legislatives_2024,1,988,98818,Nouméa,NOUMEA,0050,1800,907,893,886,16,5,8,REG,HAOCAS,Muneiko,FEMININ,Muneiko HAOCAS,,41,,,,École Albert PERRAUD,ECOLE ALBERT PERRAUD,0.866,Ecole Albert PERRAUD,1 RUE HENRI BAUDOEUF,ENSEIGNEMENT ET FORMATION,Enseignement du premier degré,Ecole primaire,166.467888234029,-22.2619636836771,etablissements_publics_nc,63,1827,Aérodrome Sud
legislatives_2024,1,988,98818,Nouméa,NOUMEA,0050,1800,907,893,886,16,5,9,RN,LOUECKHOTE,Simon,MASCULIN,Simon LOUECKHOTE,,28,,,,École Albert PERRAUD,ECOLE ALBERT PERRAUD,0.866,Ecole Albert PERRAUD,1 RUE HENRI BAUDOEUF,ENSEIGNEMENT ET FORMATION,Enseignement du premier degré,Ecole primaire,166.467888234029,-22.2619636836771,etablissements_publics_nc,63,1827,Aérodrome Sud
legislatives_2024,1,988,98818,Nouméa,NOUMEA,0050,1800,907,893,886,16,5,10,REG,NEMIA ÉP BISHOP,Germaine Toléta,FEMININ,Germaine Toléta NEMIA ÉP BISHOP,,1,,,,École Albert PERRAUD,ECOLE ALBERT PERRAUD,0.866,Ecole Albert PERRAUD,1 RUE HENRI BAUDOEUF,ENSEIGNEMENT ET FORMATION,Enseignement du premier degré,Ecole primaire,166.467888234029,-22.2619636836771,etablissements_publics_nc,63,1827,Aérodrome Sud
legislatives_2024,1,988,98818,Nouméa,NOUMEA,0050,1800,907,893,886,16,5,11,DVG,FALAEO,Veylma,FEMININ,Veylma FALAEO,,81,,,,École Albert PERRAUD,ECOLE ALBERT PERRAUD,0.866,Ecole Albert PERRAUD,1 RUE HENRI BAUDOEUF,ENSEIGNEMENT ET FORMATION,Enseignement du premier degré,Ecole primaire,166.467888234029,-22.2619636836771,etablissements_publics_nc,63,1827,Aérodrome Sud
legislatives_2024,1,988,98818,Nouméa,NOUMEA,0050,1800,907,893,886,16,5,12,ECO,DEVAUD,Cédric,MASCULIN,Cédric DEVAUD,,12,,,,École Albert PERRAUD,ECOLE ALBERT PERRAUD,0.866,Ecole Albert PERRAUD,1 RUE HENRI BAUDOEUF,ENSEIGNEMENT ET FORMATION,Enseignement du premier degré,Ecole primaire,166.467888234029,-22.2619636836771,etablissements_publics_nc,63,1827,Aérodrome Sud
legislatives_2024,1,988,98818,Nouméa,NOUMEA,0051,1339,805,534,791,10,4,1,HOR,DUNOYER,Philippe,MASCULIN,Philippe DUNOYER,,112,,,,École Michel AMIOT,ECOLE MICHEL AMIOT,0.85,Ecole Michel AMIOT,12 RUE DE PRONY,ENSEIGNEMENT ET FORMATION,Enseignement du premier degré,Ecole primaire,166.468616034294,-22.2680303864914,etablissements_publics_nc,53,1817,Magenta Est
legislatives_2024,1,988,98818,Nouméa,NOUMEA,0051,1339,805,534,791,10,4,2,DVD,METZDORF,Nicolas,MASCULIN,Nicolas METZDORF,,472,,,,École Michel AMIOT,ECOLE MICHEL AMIOT,0.85,Ecole Michel AMIOT,12 RUE DE PRONY,ENSEIGNEMENT ET FORMATION,Enseignement du premier degré,Ecole primaire,166.468616034294,-22.2680303864914,etablissements_publics_nc,53,1817,Magenta Est
legislatives_2024,1,988,98818,Nouméa,NOUMEA,0051,1339,805,534,791,10,4,3,REG,ANGEXETINE ÉP RAILATI,Juanita Ciane,FEMININ,Juanita Ciane ANGEXETINE ÉP RAILATI,,0,,,,École Michel AMIOT,ECOLE MICHEL AMIOT,0.85,Ecole Michel AMIOT,12 RUE DE PRONY,ENSEIGNEMENT ET FORMATION,Enseignement du premier degré,Ecole primaire,166.468616034294,-22.2680303864914,etablissements_publics_nc,53,1817,Magenta Est
legislatives_2024,1,988,98818,Nouméa,NOUMEA,0051,1339,805,534,791,10,4,4,REG,NAISSELINE,Omayra Lisa Meun,FEMININ,Omayra Lisa Meun NAISSELINE,,95,,,,École Michel AMIOT,ECOLE MICHEL AMIOT,0.85,Ecole Michel AMIOT,12 RUE DE PRONY,ENSEIGNEMENT ET FORMATION,Enseignement du premier degré,Ecole primaire,166.468616034294,-22.2680303864914,etablissements_publics_nc,53,1817,Magenta Est
legislatives_2024,1,988,98818,Nouméa,NOUMEA,0051,1339,805,534,791,10,4,5,REC,NASRI,Thomas,MASCULIN,Thomas NASRI,,4,,,,École Michel AMIOT,ECOLE MICHEL AMIOT,0.85,Ecole Michel AMIOT,12 RUE DE PRONY,ENSEIGNEMENT ET FORMATION,Enseignement du premier degré,Ecole primaire,166.468616034294,-22.2680303864914,etablissements_publics_nc,53,1817,Magenta Est
legislatives_2024,1,988,98818,Nouméa,NOUMEA,0051,1339,805,534,791,10,4,6,DIV,MILLAR,Manuel,MASCULIN,Manuel MILLAR,,2,,,,École Michel AMIOT,ECOLE MICHEL AMIOT,0.85,Ecole Michel AMIOT,12 RUE DE PRONY,ENSEIGNEMENT ET FORMATION,Enseignement du premier degré,Ecole primaire,166.468616034294,-22.2680303864914,etablissements_publics_nc,53,1817,Magenta Est
legislatives_2024,1,988,98818,Nouméa,NOUMEA,0051,1339,805,534,791,10,4,7,DVD,CUENOT,Pierre-Henri,MASCULIN,Pierre-Henri CUENOT,,5,,,,École Michel AMIOT,ECOLE MICHEL AMIOT,0.85,Ecole Michel AMIOT,12 RUE DE PRONY,ENSEIGNEMENT ET FORMATION,Enseignement du premier degré,Ecole primaire,166.468616034294,-22.2680303864914,etablissements_publics_nc,53,1817,Magenta Est
legislatives_2024,1,988,98818,Nouméa,NOUMEA,0051,1339,805,534,791,10,4,8,REG,HAOCAS,Muneiko,FEMININ,Muneiko HAOCAS,,13,,,,École Michel AMIOT,ECOLE MICHEL AMIOT,0.85,Ecole Michel AMIOT,12 RUE DE PRONY,ENSEIGNEMENT ET FORMATION,Enseignement du premier degré,Ecole primaire,166.468616034294,-22.2680303864914,etablissements_publics_nc,53,1817,Magenta Est
legislatives_2024,1,988,98818,Nouméa,NOUMEA,0051,1339,805,534,791,10,4,9,RN,LOUECKHOTE,Simon,MASCULIN,Simon LOUECKHOTE,,50,,,,École Michel AMIOT,ECOLE MICHEL AMIOT,0.85,Ecole Michel AMIOT,12 RUE DE PRONY,ENSEIGNEMENT ET FORMATION,Enseignement du premier degré,Ecole primaire,166.468616034294,-22.2680303864914,etablissements_publics_nc,53,1817,Magenta Est
legislatives_2024,1,988,98818,Nouméa,NOUMEA,0051,1339,805,534,791,10,4,10,REG,NEMIA ÉP BISHOP,Germaine Toléta,FEMININ,Germaine Toléta NEMIA ÉP BISHOP,,3,,,,École Michel AMIOT,ECOLE MICHEL AMIOT,0.85,Ecole Michel AMIOT,12 RUE DE PRONY,ENSEIGNEMENT ET FORMATION,Enseignement du premier degré,Ecole primaire,166.468616034294,-22.2680303864914,etablissements_publics_nc,53,1817,Magenta Est
legislatives_2024,1,988,98818,Nouméa,NOUMEA,0051,1339,805,534,791,10,4,11,DVG,FALAEO,Veylma,FEMININ,Veylma FALAEO,,35,,,,École Michel AMIOT,ECOLE MICHEL AMIOT,0.85,Ecole Michel AMIOT,12 RUE DE PRONY,ENSEIGNEMENT ET FORMATION,Enseignement du premier degré,Ecole primaire,166.468616034294,-22.2680303864914,etablissements_publics_nc,53,1817,Magenta Est
legislatives_2024,1,988,98818,Nouméa,NOUMEA,0051,1339,805,534,791,10,4,12,ECO,DEVAUD,Cédric,MASCULIN,Cédric DEVAUD,,0,,,,École Michel AMIOT,ECOLE MICHEL AMIOT,0.85,Ecole Michel AMIOT,12 RUE DE PRONY,ENSEIGNEMENT ET FORMATION,Enseignement du premier degré,Ecole primaire,166.468616034294,-22.2680303864914,etablissements_publics_nc,53,1817,Magenta Est
legislatives_2024,1,988,98818,Nouméa,NOUMEA,0052,1326,680,646,669,8,3,1,HOR,DUNOYER,Philippe,MASCULIN,Philippe DUNOYER,,106,,,,École Charles BICHON,ECOLE CHARLES BICHON,0.819,Ecole Charles BICHON,82 AVENUE DU GENERAL DE GAULLE,ENSEIGNEMENT ET FORMATION,Enseignement du premier degré,Ecole élémentaire,166.443767790723,-22.2808132680625,etablissements_publics_nc,45,1809,Orphelinat
legislatives_2024,1,988,98818,Nouméa,NOUMEA,0052,1326,680,646,669,8,3,2,DVD,METZDORF,Nicolas,MASCULIN,Nicolas METZDORF,,433,,,,École Charles BICHON,ECOLE CHARLES BICHON,0.819,Ecole Charles BICHON,82 AVENUE DU GENERAL DE GAULLE,ENSEIGNEMENT ET FORMATION,Enseignement du premier degré,Ecole élémentaire,166.443767790723,-22.2808132680625,etablissements_publics_nc,45,1809,Orphelinat
legislatives_2024,1,988,98818,Nouméa,NOUMEA,0052,1326,680,646,669,8,3,3,REG,ANGEXETINE ÉP RAILATI,Juanita Ciane,FEMININ,Juanita Ciane ANGEXETINE ÉP RAILATI,,2,,,,École Charles BICHON,ECOLE CHARLES BICHON,0.819,Ecole Charles BICHON,82 AVENUE DU GENERAL DE GAULLE,ENSEIGNEMENT ET FORMATION,Enseignement du premier degré,Ecole élémentaire,166.443767790723,-22.2808132680625,etablissements_publics_nc,45,1809,Orphelinat
legislatives_2024,1,988,98818,Nouméa,NOUMEA,0052,1326,680,646,669,8,3,4,REG,NAISSELINE,Omayra Lisa Meun,FEMININ,Omayra Lisa Meun NAISSELINE,,28,,,,École Charles BICHON,ECOLE CHARLES BICHON,0.819,Ecole Charles BICHON,82 AVENUE DU GENERAL DE GAULLE,ENSEIGNEMENT ET FORMATION,Enseignement du premier degré,Ecole élémentaire,166.443767790723,-22.2808132680625,etablissements_publics_nc,45,1809,Orphelinat
legislatives_2024,1,988,98818,Nouméa,NOUMEA,0052,1326,680,646,669,8,3,5,REC,NASRI,Thomas,MASCULIN,Thomas NASRI,,7,,,,École Charles BICHON,ECOLE CHARLES BICHON,0.819,Ecole Charles BICHON,82 AVENUE DU GENERAL DE GAULLE,ENSEIGNEMENT ET FORMATION,Enseignement du premier degré,Ecole élémentaire,166.443767790723,-22.2808132680625,etablissements_publics_nc,45,1809,Orphelinat
legislatives_2024,1,988,98818,Nouméa,NOUMEA,0052,1326,680,646,669,8,3,6,DIV,MILLAR,Manuel,MASCULIN,Manuel MILLAR,,3,,,,École Charles BICHON,ECOLE CHARLES BICHON,0.819,Ecole Charles BICHON,82 AVENUE DU GENERAL DE GAULLE,ENSEIGNEMENT ET FORMATION,Enseignement du premier degré,Ecole élémentaire,166.443767790723,-22.2808132680625,etablissements_publics_nc,45,1809,Orphelinat
legislatives_2024,1,988,98818,Nouméa,NOUMEA,0052,1326,680,646,669,8,3,7,DVD,CUENOT,Pierre-Henri,MASCULIN,Pierre-Henri CUENOT,,3,,,,École Charles BICHON,ECOLE CHARLES BICHON,0.819,Ecole Charles BICHON,82 AVENUE DU GENERAL DE GAULLE,ENSEIGNEMENT ET FORMATION,Enseignement du premier degré,Ecole élémentaire,166.443767790723,-22.2808132680625,etablissements_publics_nc,45,1809,Orphelinat
legislatives_2024,1,988,98818,Nouméa,NOUMEA,0052,1326,680,646,669,8,3,8,REG,HAOCAS,Muneiko,FEMININ,Muneiko HAOCAS,,5,,,,École Charles BICHON,ECOLE CHARLES BICHON,0.819,Ecole Charles BICHON,82 AVENUE DU GENERAL DE GAULLE,ENSEIGNEMENT ET FORMATION,Enseignement du premier degré,Ecole élémentaire,166.443767790723,-22.2808132680625,etablissements_publics_nc,45,1809,Orphelinat
legislatives_2024,1,988,98818,Nouméa,NOUMEA,0052,1326,680,646,669,8,3,9,RN,LOUECKHOTE,Simon,MASCULIN,Simon LOUECKHOTE,,54,,,,École Charles BICHON,ECOLE CHARLES BICHON,0.819,Ecole Charles BICHON,82 AVENUE DU GENERAL DE GAULLE,ENSEIGNEMENT ET FORMATION,Enseignement du premier degré,Ecole élémentaire,166.443767790723,-22.2808132680625,etablissements_publics_nc,45,1809,Orphelinat
legislatives_2024,1,988,98818,Nouméa,NOUMEA,0052,1326,680,646,669,8,3,10,REG,NEMIA ÉP BISHOP,Germaine Toléta,FEMININ,Germaine Toléta NEMIA ÉP BISHOP,,0,,,,École Charles BICHON,ECOLE CHARLES BICHON,0.819,Ecole Charles BICHON,82 AVENUE DU GENERAL DE GAULLE,ENSEIGNEMENT ET FORMATION,Enseignement du premier degré,Ecole élémentaire,166.443767790723,-22.2808132680625,etablissements_publics_nc,45,1809,Orphelinat
legislatives_2024,1,988,98818,Nouméa,NOUMEA,0052,1326,680,646,669,8,3,11,DVG,FALAEO,Veylma,FEMININ,Veylma FALAEO,,24,,,,École Charles BICHON,ECOLE CHARLES BICHON,0.819,Ecole Charles BICHON,82 AVENUE DU GENERAL DE GAULLE,ENSEIGNEMENT ET FORMATION,Enseignement du premier degré,Ecole élémentaire,166.443767790723,-22.2808132680625,etablissements_publics_nc,45,1809,Orphelinat
legislatives_2024,1,988,98818,Nouméa,NOUMEA,0052,1326,680,646,669,8,3,12,ECO,DEVAUD,Cédric,MASCULIN,Cédric DEVAUD,,4,,,,École Charles BICHON,ECOLE CHARLES BICHON,0.819,Ecole Charles BICHON,82 AVENUE DU GENERAL DE GAULLE,ENSEIGNEMENT ET FORMATION,Enseignement du premier degré,Ecole élémentaire,166.443767790723,-22.2808132680625,etablissements_publics_nc,45,1809,Orphelinat
legislatives_2024,1,988,98818,Nouméa,NOUMEA,0053,1379,779,600,773,4,2,1,HOR,DUNOYER,Philippe,MASCULIN,Philippe DUNOYER,,111,,,,École les LYS,ECOLE LYS,0.686,Ecole FILANTE,8 RUE MARCELLIN LACABANNE,ENSEIGNEMENT ET FORMATION,Enseignement du premier degré,Autre structure scolaire,166.443135087106,-22.2929071476207,etablissements_publics_nc,42,1806,Motor Pool - Receiving
legislatives_2024,1,988,98818,Nouméa,NOUMEA,0053,1379,779,600,773,4,2,2,DVD,METZDORF,Nicolas,MASCULIN,Nicolas METZDORF,,522,,,,École les LYS,ECOLE LYS,0.686,Ecole FILANTE,8 RUE MARCELLIN LACABANNE,ENSEIGNEMENT ET FORMATION,Enseignement du premier degré,Autre structure scolaire,166.443135087106,-22.2929071476207,etablissements_publics_nc,42,1806,Motor Pool - Receiving
legislatives_2024,1,988,98818,Nouméa,NOUMEA,0053,1379,779,600,773,4,2,3,REG,ANGEXETINE ÉP RAILATI,Juanita Ciane,FEMININ,Juanita Ciane ANGEXETINE ÉP RAILATI,,0,,,,École les LYS,ECOLE LYS,0.686,Ecole FILANTE,8 RUE MARCELLIN LACABANNE,ENSEIGNEMENT ET FORMATION,Enseignement du premier degré,Autre structure scolaire,166.443135087106,-22.2929071476207,etablissements_publics_nc,42,1806,Motor Pool - Receiving
legislatives_2024,1,988,98818,Nouméa,NOUMEA,0053,1379,779,600,773,4,2,4,REG,NAISSELINE,Omayra Lisa Meun,FEMININ,Omayra Lisa Meun NAISSELINE,,25,,,,École les LYS,ECOLE LYS,0.686,Ecole FILANTE,8 RUE MARCELLIN LACABANNE,ENSEIGNEMENT ET FORMATION,Enseignement du premier degré,Autre structure scolaire,166.443135087106,-22.2929071476207,etablissements_publics_nc,42,1806,Motor Pool - Receiving
legislatives_2024,1,988,98818,Nouméa,NOUMEA,0053,1379,779,600,773,4,2,5,REC,NASRI,Thomas,MASCULIN,Thomas NASRI,,7,,,,École les LYS,ECOLE LYS,0.686,Ecole FILANTE,8 RUE MARCELLIN LACABANNE,ENSEIGNEMENT ET FORMATION,Enseignement du premier degré,Autre structure scolaire,166.443135087106,-22.2929071476207,etablissements_publics_nc,42,1806,Motor Pool - Receiving
legislatives_2024,1,988,98818,Nouméa,NOUMEA,0053,1379,779,600,773,4,2,6,DIV,MILLAR,Manuel,MASCULIN,Manuel MILLAR,,1,,,,École les LYS,ECOLE LYS,0.686,Ecole FILANTE,8 RUE MARCELLIN LACABANNE,ENSEIGNEMENT ET FORMATION,Enseignement du premier degré,Autre structure scolaire,166.443135087106,-22.2929071476207,etablissements_publics_nc,42,1806,Motor Pool - Receiving
legislatives_2024,1,988,98818,Nouméa,NOUMEA,0053,1379,779,600,773,4,2,7,DVD,CUENOT,Pierre-Henri,MASCULIN,Pierre-Henri CUENOT,,5,,,,École les LYS,ECOLE LYS,0.686,Ecole FILANTE,8 RUE MARCELLIN LACABANNE,ENSEIGNEMENT ET FORMATION,Enseignement du premier degré,Autre structure scolaire,166.443135087106,-22.2929071476207,etablissements_publics_nc,42,1806,Motor Pool - Receiving
legislatives_2024,1,988,98818,Nouméa,NOUMEA,0053,1379,779,600,773,4,2,8,REG,HAOCAS,Muneiko,FEMININ,Muneiko HAOCAS,,3,,,,École les LYS,ECOLE LYS,0.686,Ecole FILANTE,8 RUE MARCELLIN LACABANNE,ENSEIGNEMENT ET FORMATION,Enseignement du premier degré,Autre structure scolaire,166.443135087106,-22.2929071476207,etablissements_publics_nc,42,1806,Motor Pool - Receiving
legislatives_2024,1,988,98818,Nouméa,NOUMEA,0053,1379,779,600,773,4,2,9,RN,LOUECKHOTE,Simon,MASCULIN,Simon LOUECKHOTE,,70,,,,École les LYS,ECOLE LYS,0.686,Ecole FILANTE,8 RUE MARCELLIN LACABANNE,ENSEIGNEMENT ET FORMATION,Enseignement du premier degré,Autre structure scolaire,166.443135087106,-22.2929071476207,etablissements_publics_nc,42,1806,Motor Pool - Receiving
legislatives_2024,1,988,98818,Nouméa,NOUMEA,0053,1379,779,600,773,4,2,10,REG,NEMIA ÉP BISHOP,Germaine Toléta,FEMININ,Germaine Toléta NEMIA ÉP BISHOP,,1,,,,École les LYS,ECOLE LYS,0.686,Ecole FILANTE,8 RUE MARCELLIN LACABANNE,ENSEIGNEMENT ET FORMATION,Enseignement du premier degré,Autre structure scolaire,166.443135087106,-22.2929071476207,etablissements_publics_nc,42,1806,Motor Pool - Receiving
legislatives_2024,1,988,98818,Nouméa,NOUMEA,0053,1379,779,600,773,4,2,11,DVG,FALAEO,Veylma,FEMININ,Veylma FALAEO,,23,,,,École les LYS,ECOLE LYS,0.686,Ecole FILANTE,8 RUE MARCELLIN LACABANNE,ENSEIGNEMENT ET FORMATION,Enseignement du premier degré,Autre structure scolaire,166.443135087106,-22.2929071476207,etablissements_publics_nc,42,1806,Motor Pool - Receiving
legislatives_2024,1,988,98818,Nouméa,NOUMEA,0053,1379,779,600,773,4,2,12,ECO,DEVAUD,Cédric,MASCULIN,Cédric DEVAUD,,5,,,,École les LYS,ECOLE LYS,0.686,Ecole FILANTE,8 RUE MARCELLIN LACABANNE,ENSEIGNEMENT ET FORMATION,Enseignement du premier degré,Autre structure scolaire,166.443135087106,-22.2929071476207,etablissements_publics_nc,42,1806,Motor Pool - Receiving
legislatives_2024,1,988,98818,Nouméa,NOUMEA,0054,1380,738,642,721,6,11,1,HOR,DUNOYER,Philippe,MASCULIN,Philippe DUNOYER,,116,,,,École le PETIT POUCET,ECOLE PETIT POUCET,0.762,Espace vert petit poucet,1 RUE DURMONT-D'URVILLE,PARC ESPACE PUBLIC ET LOISIR,Parcs et espaces verts,Espace vert,166.446452105063,-22.2638462676659,etablissements_publics_nc,60,1824,Vallée du Tir
legislatives_2024,1,988,98818,Nouméa,NOUMEA,0054,1380,738,642,721,6,11,2,DVD,METZDORF,Nicolas,MASCULIN,Nicolas METZDORF,,340,,,,École le PETIT POUCET,ECOLE PETIT POUCET,0.762,Espace vert petit poucet,1 RUE DURMONT-D'URVILLE,PARC ESPACE PUBLIC ET LOISIR,Parcs et espaces verts,Espace vert,166.446452105063,-22.2638462676659,etablissements_publics_nc,60,1824,Vallée du Tir
legislatives_2024,1,988,98818,Nouméa,NOUMEA,0054,1380,738,642,721,6,11,3,REG,ANGEXETINE ÉP RAILATI,Juanita Ciane,FEMININ,Juanita Ciane ANGEXETINE ÉP RAILATI,,1,,,,École le PETIT POUCET,ECOLE PETIT POUCET,0.762,Espace vert petit poucet,1 RUE DURMONT-D'URVILLE,PARC ESPACE PUBLIC ET LOISIR,Parcs et espaces verts,Espace vert,166.446452105063,-22.2638462676659,etablissements_publics_nc,60,1824,Vallée du Tir
legislatives_2024,1,988,98818,Nouméa,NOUMEA,0054,1380,738,642,721,6,11,4,REG,NAISSELINE,Omayra Lisa Meun,FEMININ,Omayra Lisa Meun NAISSELINE,,126,,,,École le PETIT POUCET,ECOLE PETIT POUCET,0.762,Espace vert petit poucet,1 RUE DURMONT-D'URVILLE,PARC ESPACE PUBLIC ET LOISIR,Parcs et espaces verts,Espace vert,166.446452105063,-22.2638462676659,etablissements_publics_nc,60,1824,Vallée du Tir
legislatives_2024,1,988,98818,Nouméa,NOUMEA,0054,1380,738,642,721,6,11,5,REC,NASRI,Thomas,MASCULIN,Thomas NASRI,,0,,,,École le PETIT POUCET,ECOLE PETIT POUCET,0.762,Espace vert petit poucet,1 RUE DURMONT-D'URVILLE,PARC ESPACE PUBLIC ET LOISIR,Parcs et espaces verts,Espace vert,166.446452105063,-22.2638462676659,etablissements_publics_nc,60,1824,Vallée du Tir
legislatives_2024,1,988,98818,Nouméa,NOUMEA,0054,1380,738,642,721,6,11,6,DIV,MILLAR,Manuel,MASCULIN,Manuel MILLAR,,0,,,,École le PETIT POUCET,ECOLE PETIT POUCET,0.762,Espace vert petit poucet,1 RUE DURMONT-D'URVILLE,PARC ESPACE PUBLIC ET LOISIR,Parcs et espaces verts,Espace vert,166.446452105063,-22.2638462676659,etablissements_publics_nc,60,1824,Vallée du Tir
legislatives_2024,1,988,98818,Nouméa,NOUMEA,0054,1380,738,642,721,6,11,7,DVD,CUENOT,Pierre-Henri,MASCULIN,Pierre-Henri CUENOT,,5,,,,École le PETIT POUCET,ECOLE PETIT POUCET,0.762,Espace vert petit poucet,1 RUE DURMONT-D'URVILLE,PARC ESPACE PUBLIC ET LOISIR,Parcs et espaces verts,Espace vert,166.446452105063,-22.2638462676659,etablissements_publics_nc,60,1824,Vallée du Tir
legislatives_2024,1,988,98818,Nouméa,NOUMEA,0054,1380,738,642,721,6,11,8,REG,HAOCAS,Muneiko,FEMININ,Muneiko HAOCAS,,17,,,,École le PETIT POUCET,ECOLE PETIT POUCET,0.762,Espace vert petit poucet,1 RUE DURMONT-D'URVILLE,PARC ESPACE PUBLIC ET LOISIR,Parcs et espaces verts,Espace vert,166.446452105063,-22.2638462676659,etablissements_publics_nc,60,1824,Vallée du Tir
legislatives_2024,1,988,98818,Nouméa,NOUMEA,0054,1380,738,642,721,6,11,9,RN,LOUECKHOTE,Simon,MASCULIN,Simon LOUECKHOTE,,45,,,,École le PETIT POUCET,ECOLE PETIT POUCET,0.762,Espace vert petit poucet,1 RUE DURMONT-D'URVILLE,PARC ESPACE PUBLIC ET LOISIR,Parcs et espaces verts,Espace vert,166.446452105063,-22.2638462676659,etablissements_publics_nc,60,1824,Vallée du Tir
legislatives_2024,1,988,98818,Nouméa,NOUMEA,0054,1380,738,642,721,6,11,10,REG,NEMIA ÉP BISHOP,Germaine Toléta,FEMININ,Germaine Toléta NEMIA ÉP BISHOP,,2,,,,École le PETIT POUCET,ECOLE PETIT POUCET,0.762,Espace vert petit poucet,1 RUE DURMONT-D'URVILLE,PARC ESPACE PUBLIC ET LOISIR,Parcs et espaces verts,Espace vert,166.446452105063,-22.2638462676659,etablissements_publics_nc,60,1824,Vallée du Tir
legislatives_2024,1,988,98818,Nouméa,NOUMEA,0054,1380,738,642,721,6,11,11,DVG,FALAEO,Veylma,FEMININ,Veylma FALAEO,,69,,,,École le PETIT POUCET,ECOLE PETIT POUCET,0.762,Espace vert petit poucet,1 RUE DURMONT-D'URVILLE,PARC ESPACE PUBLIC ET LOISIR,Parcs et espaces verts,Espace vert,166.446452105063,-22.2638462676659,etablissements_publics_nc,60,1824,Vallée du Tir
legislatives_2024,1,988,98818,Nouméa,NOUMEA,0054,1380,738,642,721,6,11,12,ECO,DEVAUD,Cédric,MASCULIN,Cédric DEVAUD,,0,,,,École le PETIT POUCET,ECOLE PETIT POUCET,0.762,Espace vert petit poucet,1 RUE DURMONT-D'URVILLE,PARC ESPACE PUBLIC ET LOISIR,Parcs et espaces verts,Espace vert,166.446452105063,-22.2638462676659,etablissements_publics_nc,60,1824,Vallée du Tir
legislatives_2024,1,988,98818,Nouméa,NOUMEA,0055,1456,1024,432,1019,5,0,1,HOR,DUNOYER,Philippe,MASCULIN,Philippe DUNOYER,,154,,,,École Serge LAIGLE,ECOLE SERGE LAIGLE,0.85,Ecole Serge LAIGLE,7 RUE GEORGES LEQUES,ENSEIGNEMENT ET FORMATION,Enseignement du premier degré,Ecole primaire,166.486016745804,-22.2343408388225,etablissements_publics_nc,71,1835,Tina
legislatives_2024,1,988,98818,Nouméa,NOUMEA,0055,1456,1024,432,1019,5,0,2,DVD,METZDORF,Nicolas,MASCULIN,Nicolas METZDORF,,764,,,,École Serge LAIGLE,ECOLE SERGE LAIGLE,0.85,Ecole Serge LAIGLE,7 RUE GEORGES LEQUES,ENSEIGNEMENT ET FORMATION,Enseignement du premier degré,Ecole primaire,166.486016745804,-22.2343408388225,etablissements_publics_nc,71,1835,Tina
legislatives_2024,1,988,98818,Nouméa,NOUMEA,0055,1456,1024,432,1019,5,0,3,REG,ANGEXETINE ÉP RAILATI,Juanita Ciane,FEMININ,Juanita Ciane ANGEXETINE ÉP RAILATI,,0,,,,École Serge LAIGLE,ECOLE SERGE LAIGLE,0.85,Ecole Serge LAIGLE,7 RUE GEORGES LEQUES,ENSEIGNEMENT ET FORMATION,Enseignement du premier degré,Ecole primaire,166.486016745804,-22.2343408388225,etablissements_publics_nc,71,1835,Tina
legislatives_2024,1,988,98818,Nouméa,NOUMEA,0055,1456,1024,432,1019,5,0,4,REG,NAISSELINE,Omayra Lisa Meun,FEMININ,Omayra Lisa Meun NAISSELINE,,16,,,,École Serge LAIGLE,ECOLE SERGE LAIGLE,0.85,Ecole Serge LAIGLE,7 RUE GEORGES LEQUES,ENSEIGNEMENT ET FORMATION,Enseignement du premier degré,Ecole primaire,166.486016745804,-22.2343408388225,etablissements_publics_nc,71,1835,Tina
legislatives_2024,1,988,98818,Nouméa,NOUMEA,0055,1456,1024,432,1019,5,0,5,REC,NASRI,Thomas,MASCULIN,Thomas NASRI,,2,,,,École Serge LAIGLE,ECOLE SERGE LAIGLE,0.85,Ecole Serge LAIGLE,7 RUE GEORGES LEQUES,ENSEIGNEMENT ET FORMATION,Enseignement du premier degré,Ecole primaire,166.486016745804,-22.2343408388225,etablissements_publics_nc,71,1835,Tina
legislatives_2024,1,988,98818,Nouméa,NOUMEA,0055,1456,1024,432,1019,5,0,6,DIV,MILLAR,Manuel,MASCULIN,Manuel MILLAR,,0,,,,École Serge LAIGLE,ECOLE SERGE LAIGLE,0.85,Ecole Serge LAIGLE,7 RUE GEORGES LEQUES,ENSEIGNEMENT ET FORMATION,Enseignement du premier degré,Ecole primaire,166.486016745804,-22.2343408388225,etablissements_publics_nc,71,1835,Tina
legislatives_2024,1,988,98818,Nouméa,NOUMEA,0055,1456,1024,432,1019,5,0,7,DVD,CUENOT,Pierre-Henri,MASCULIN,Pierre-Henri CUENOT,,1,,,,École Serge LAIGLE,ECOLE SERGE LAIGLE,0.85,Ecole Serge LAIGLE,7 RUE GEORGES LEQUES,ENSEIGNEMENT ET FORMATION,Enseignement du premier degré,Ecole primaire,166.486016745804,-22.2343408388225,etablissements_publics_nc,71,1835,Tina
legislatives_2024,1,988,98818,Nouméa,NOUMEA,0055,1456,1024,432,1019,5,0,8,REG,HAOCAS,Muneiko,FEMININ,Muneiko HAOCAS,,0,,,,École Serge LAIGLE,ECOLE SERGE LAIGLE,0.85,Ecole Serge LAIGLE,7 RUE GEORGES LEQUES,ENSEIGNEMENT ET FORMATION,Enseignement du premier degré,Ecole primaire,166.486016745804,-22.2343408388225,etablissements_publics_nc,71,1835,Tina
legislatives_2024,1,988,98818,Nouméa,NOUMEA,0055,1456,1024,432,1019,5,0,9,RN,LOUECKHOTE,Simon,MASCULIN,Simon LOUECKHOTE,,45,,,,École Serge LAIGLE,ECOLE SERGE LAIGLE,0.85,Ecole Serge LAIGLE,7 RUE GEORGES LEQUES,ENSEIGNEMENT ET FORMATION,Enseignement du premier degré,Ecole primaire,166.486016745804,-22.2343408388225,etablissements_publics_nc,71,1835,Tina
legislatives_2024,1,988,98818,Nouméa,NOUMEA,0055,1456,1024,432,1019,5,0,10,REG,NEMIA ÉP BISHOP,Germaine Toléta,FEMININ,Germaine Toléta NEMIA ÉP BISHOP,,0,,,,École Serge LAIGLE,ECOLE SERGE LAIGLE,0.85,Ecole Serge LAIGLE,7 RUE GEORGES LEQUES,ENSEIGNEMENT ET FORMATION,Enseignement du premier degré,Ecole primaire,166.486016745804,-22.2343408388225,etablissements_publics_nc,71,1835,Tina
legislatives_2024,1,988,98818,Nouméa,NOUMEA,0055,1456,1024,432,1019,5,0,11,DVG,FALAEO,Veylma,FEMININ,Veylma FALAEO,,35,,,,École Serge LAIGLE,ECOLE SERGE LAIGLE,0.85,Ecole Serge LAIGLE,7 RUE GEORGES LEQUES,ENSEIGNEMENT ET FORMATION,Enseignement du premier degré,Ecole primaire,166.486016745804,-22.2343408388225,etablissements_publics_nc,71,1835,Tina
legislatives_2024,1,988,98818,Nouméa,NOUMEA,0055,1456,1024,432,1019,5,0,12,ECO,DEVAUD,Cédric,MASCULIN,Cédric DEVAUD,,2,,,,École Serge LAIGLE,ECOLE SERGE LAIGLE,0.85,Ecole Serge LAIGLE,7 RUE GEORGES LEQUES,ENSEIGNEMENT ET FORMATION,Enseignement du premier degré,Ecole primaire,166.486016745804,-22.2343408388225,etablissements_publics_nc,71,1835,Tina
legislatives_2024,1,988,98818,Nouméa,NOUMEA,0056,1762,1010,752,995,10,5,1,HOR,DUNOYER,Philippe,MASCULIN,Philippe DUNOYER,,127,,,,École Guy CHAMPMOREAU,ECOLE GUY CHAMPMOREAU,0.874,Ecole Guy CHAMPMOREAU,17 RUE PASCAL SIHAZE,ENSEIGNEMENT ET FORMATION,Enseignement du premier degré,Ecole primaire,166.452313565802,-22.2892161943525,etablissements_publics_nc,43,1807,N'Géa
legislatives_2024,1,988,98818,Nouméa,NOUMEA,0056,1762,1010,752,995,10,5,2,DVD,METZDORF,Nicolas,MASCULIN,Nicolas METZDORF,,549,,,,École Guy CHAMPMOREAU,ECOLE GUY CHAMPMOREAU,0.874,Ecole Guy CHAMPMOREAU,17 RUE PASCAL SIHAZE,ENSEIGNEMENT ET FORMATION,Enseignement du premier degré,Ecole primaire,166.452313565802,-22.2892161943525,etablissements_publics_nc,43,1807,N'Géa
legislatives_2024,1,988,98818,Nouméa,NOUMEA,0056,1762,1010,752,995,10,5,3,REG,ANGEXETINE ÉP RAILATI,Juanita Ciane,FEMININ,Juanita Ciane ANGEXETINE ÉP RAILATI,,5,,,,École Guy CHAMPMOREAU,ECOLE GUY CHAMPMOREAU,0.874,Ecole Guy CHAMPMOREAU,17 RUE PASCAL SIHAZE,ENSEIGNEMENT ET FORMATION,Enseignement du premier degré,Ecole primaire,166.452313565802,-22.2892161943525,etablissements_publics_nc,43,1807,N'Géa
legislatives_2024,1,988,98818,Nouméa,NOUMEA,0056,1762,1010,752,995,10,5,4,REG,NAISSELINE,Omayra Lisa Meun,FEMININ,Omayra Lisa Meun NAISSELINE,,160,,,,École Guy CHAMPMOREAU,ECOLE GUY CHAMPMOREAU,0.874,Ecole Guy CHAMPMOREAU,17 RUE PASCAL SIHAZE,ENSEIGNEMENT ET FORMATION,Enseignement du premier degré,Ecole primaire,166.452313565802,-22.2892161943525,etablissements_publics_nc,43,1807,N'Géa
legislatives_2024,1,988,98818,Nouméa,NOUMEA,0056,1762,1010,752,995,10,5,5,REC,NASRI,Thomas,MASCULIN,Thomas NASRI,,5,,,,École Guy CHAMPMOREAU,ECOLE GUY CHAMPMOREAU,0.874,Ecole Guy CHAMPMOREAU,17 RUE PASCAL SIHAZE,ENSEIGNEMENT ET FORMATION,Enseignement du premier degré,Ecole primaire,166.452313565802,-22.2892161943525,etablissements_publics_nc,43,1807,N'Géa
legislatives_2024,1,988,98818,Nouméa,NOUMEA,0056,1762,1010,752,995,10,5,6,DIV,MILLAR,Manuel,MASCULIN,Manuel MILLAR,,0,,,,École Guy CHAMPMOREAU,ECOLE GUY CHAMPMOREAU,0.874,Ecole Guy CHAMPMOREAU,17 RUE PASCAL SIHAZE,ENSEIGNEMENT ET FORMATION,Enseignement du premier degré,Ecole primaire,166.452313565802,-22.2892161943525,etablissements_publics_nc,43,1807,N'Géa
legislatives_2024,1,988,98818,Nouméa,NOUMEA,0056,1762,1010,752,995,10,5,7,DVD,CUENOT,Pierre-Henri,MASCULIN,Pierre-Henri CUENOT,,3,,,,École Guy CHAMPMOREAU,ECOLE GUY CHAMPMOREAU,0.874,Ecole Guy CHAMPMOREAU,17 RUE PASCAL SIHAZE,ENSEIGNEMENT ET FORMATION,Enseignement du premier degré,Ecole primaire,166.452313565802,-22.2892161943525,etablissements_publics_nc,43,1807,N'Géa
legislatives_2024,1,988,98818,Nouméa,NOUMEA,0056,1762,1010,752,995,10,5,8,REG,HAOCAS,Muneiko,FEMININ,Muneiko HAOCAS,,25,,,,École Guy CHAMPMOREAU,ECOLE GUY CHAMPMOREAU,0.874,Ecole Guy CHAMPMOREAU,17 RUE PASCAL SIHAZE,ENSEIGNEMENT ET FORMATION,Enseignement du premier degré,Ecole primaire,166.452313565802,-22.2892161943525,etablissements_publics_nc,43,1807,N'Géa
legislatives_2024,1,988,98818,Nouméa,NOUMEA,0056,1762,1010,752,995,10,5,9,RN,LOUECKHOTE,Simon,MASCULIN,Simon LOUECKHOTE,,67,,,,École Guy CHAMPMOREAU,ECOLE GUY CHAMPMOREAU,0.874,Ecole Guy CHAMPMOREAU,17 RUE PASCAL SIHAZE,ENSEIGNEMENT ET FORMATION,Enseignement du premier degré,Ecole primaire,166.452313565802,-22.2892161943525,etablissements_publics_nc,43,1807,N'Géa
legislatives_2024,1,988,98818,Nouméa,NOUMEA,0056,1762,1010,752,995,10,5,10,REG,NEMIA ÉP BISHOP,Germaine Toléta,FEMININ,Germaine Toléta NEMIA ÉP BISHOP,,1,,,,École Guy CHAMPMOREAU,ECOLE GUY CHAMPMOREAU,0.874,Ecole Guy CHAMPMOREAU,17 RUE PASCAL SIHAZE,ENSEIGNEMENT ET FORMATION,Enseignement du premier degré,Ecole primaire,166.452313565802,-22.2892161943525,etablissements_publics_nc,43,1807,N'Géa
legislatives_2024,1,988,98818,Nouméa,NOUMEA,0056,1762,1010,752,995,10,5,11,DVG,FALAEO,Veylma,FEMININ,Veylma FALAEO,,51,,,,École Guy CHAMPMOREAU,ECOLE GUY CHAMPMOREAU,0.874,Ecole Guy CHAMPMOREAU,17 RUE PASCAL SIHAZE,ENSEIGNEMENT ET FORMATION,Enseignement du premier degré,Ecole primaire,166.452313565802,-22.2892161943525,etablissements_publics_nc,43,1807,N'Géa
legislatives_2024,1,988,98818,Nouméa,NOUMEA,0056,1762,1010,752,995,10,5,12,ECO,DEVAUD,Cédric,MASCULIN,Cédric DEVAUD,,2,,,,École Guy CHAMPMOREAU,ECOLE GUY CHAMPMOREAU,0.874,Ecole Guy CHAMPMOREAU,17 RUE PASCAL SIHAZE,ENSEIGNEMENT ET FORMATION,Enseignement du premier degré,Ecole primaire,166.452313565802,-22.2892161943525,etablissements_publics_nc,43,1807,N'Géa
legislatives_2024,1,988,98818,Nouméa,NOUMEA,0057,93,74,19,69,3,2,1,HOR,DUNOYER,Philippe,MASCULIN,Philippe DUNOYER,,3,,,,Mairie 3,MAIRIE,0.93,Hôtel de Ville de Nouméa,16 RUE DU GENERAL MANGIN,ADMINISTRATION ET ORGANISME,Administrations des collectivités,Administration de la commune de Nouméa,166.439401925184,-22.2714056104229,etablissements_publics_nc,58,1822,Centre ville
legislatives_2024,1,988,98818,Nouméa,NOUMEA,0057,93,74,19,69,3,2,2,DVD,METZDORF,Nicolas,MASCULIN,Nicolas METZDORF,,1,,,,Mairie 3,MAIRIE,0.93,Hôtel de Ville de Nouméa,16 RUE DU GENERAL MANGIN,ADMINISTRATION ET ORGANISME,Administrations des collectivités,Administration de la commune de Nouméa,166.439401925184,-22.2714056104229,etablissements_publics_nc,58,1822,Centre ville
legislatives_2024,1,988,98818,Nouméa,NOUMEA,0057,93,74,19,69,3,2,3,REG,ANGEXETINE ÉP RAILATI,Juanita Ciane,FEMININ,Juanita Ciane ANGEXETINE ÉP RAILATI,,0,,,,Mairie 3,MAIRIE,0.93,Hôtel de Ville de Nouméa,16 RUE DU GENERAL MANGIN,ADMINISTRATION ET ORGANISME,Administrations des collectivités,Administration de la commune de Nouméa,166.439401925184,-22.2714056104229,etablissements_publics_nc,58,1822,Centre ville
legislatives_2024,1,988,98818,Nouméa,NOUMEA,0057,93,74,19,69,3,2,4,REG,NAISSELINE,Omayra Lisa Meun,FEMININ,Omayra Lisa Meun NAISSELINE,,43,,,,Mairie 3,MAIRIE,0.93,Hôtel de Ville de Nouméa,16 RUE DU GENERAL MANGIN,ADMINISTRATION ET ORGANISME,Administrations des collectivités,Administration de la commune de Nouméa,166.439401925184,-22.2714056104229,etablissements_publics_nc,58,1822,Centre ville
legislatives_2024,1,988,98818,Nouméa,NOUMEA,0057,93,74,19,69,3,2,5,REC,NASRI,Thomas,MASCULIN,Thomas NASRI,,0,,,,Mairie 3,MAIRIE,0.93,Hôtel de Ville de Nouméa,16 RUE DU GENERAL MANGIN,ADMINISTRATION ET ORGANISME,Administrations des collectivités,Administration de la commune de Nouméa,166.439401925184,-22.2714056104229,etablissements_publics_nc,58,1822,Centre ville
legislatives_2024,1,988,98818,Nouméa,NOUMEA,0057,93,74,19,69,3,2,6,DIV,MILLAR,Manuel,MASCULIN,Manuel MILLAR,,0,,,,Mairie 3,MAIRIE,0.93,Hôtel de Ville de Nouméa,16 RUE DU GENERAL MANGIN,ADMINISTRATION ET ORGANISME,Administrations des collectivités,Administration de la commune de Nouméa,166.439401925184,-22.2714056104229,etablissements_publics_nc,58,1822,Centre ville
legislatives_2024,1,988,98818,Nouméa,NOUMEA,0057,93,74,19,69,3,2,7,DVD,CUENOT,Pierre-Henri,MASCULIN,Pierre-Henri CUENOT,,0,,,,Mairie 3,MAIRIE,0.93,Hôtel de Ville de Nouméa,16 RUE DU GENERAL MANGIN,ADMINISTRATION ET ORGANISME,Administrations des collectivités,Administration de la commune de Nouméa,166.439401925184,-22.2714056104229,etablissements_publics_nc,58,1822,Centre ville
legislatives_2024,1,988,98818,Nouméa,NOUMEA,0057,93,74,19,69,3,2,8,REG,HAOCAS,Muneiko,FEMININ,Muneiko HAOCAS,,12,,,,Mairie 3,MAIRIE,0.93,Hôtel de Ville de Nouméa,16 RUE DU GENERAL MANGIN,ADMINISTRATION ET ORGANISME,Administrations des collectivités,Administration de la commune de Nouméa,166.439401925184,-22.2714056104229,etablissements_publics_nc,58,1822,Centre ville
legislatives_2024,1,988,98818,Nouméa,NOUMEA,0057,93,74,19,69,3,2,9,RN,LOUECKHOTE,Simon,MASCULIN,Simon LOUECKHOTE,,5,,,,Mairie 3,MAIRIE,0.93,Hôtel de Ville de Nouméa,16 RUE DU GENERAL MANGIN,ADMINISTRATION ET ORGANISME,Administrations des collectivités,Administration de la commune de Nouméa,166.439401925184,-22.2714056104229,etablissements_publics_nc,58,1822,Centre ville
legislatives_2024,1,988,98818,Nouméa,NOUMEA,0057,93,74,19,69,3,2,10,REG,NEMIA ÉP BISHOP,Germaine Toléta,FEMININ,Germaine Toléta NEMIA ÉP BISHOP,,0,,,,Mairie 3,MAIRIE,0.93,Hôtel de Ville de Nouméa,16 RUE DU GENERAL MANGIN,ADMINISTRATION ET ORGANISME,Administrations des collectivités,Administration de la commune de Nouméa,166.439401925184,-22.2714056104229,etablissements_publics_nc,58,1822,Centre ville
legislatives_2024,1,988,98818,Nouméa,NOUMEA,0057,93,74,19,69,3,2,11,DVG,FALAEO,Veylma,FEMININ,Veylma FALAEO,,4,,,,Mairie 3,MAIRIE,0.93,Hôtel de Ville de Nouméa,16 RUE DU GENERAL MANGIN,ADMINISTRATION ET ORGANISME,Administrations des collectivités,Administration de la commune de Nouméa,166.439401925184,-22.2714056104229,etablissements_publics_nc,58,1822,Centre ville
legislatives_2024,1,988,98818,Nouméa,NOUMEA,0057,93,74,19,69,3,2,12,ECO,DEVAUD,Cédric,MASCULIN,Cédric DEVAUD,,1,,,,Mairie 3,MAIRIE,0.93,Hôtel de Ville de Nouméa,16 RUE DU GENERAL MANGIN,ADMINISTRATION ET ORGANISME,Administrations des collectivités,Administration de la commune de Nouméa,166.439401925184,-22.2714056104229,etablissements_publics_nc,58,1822,Centre ville
legislatives_2024,1,988,98819,Ouégoa,OUEGOA,0001,836,553,283,542,6,5,1,DVG,TUKUMULI,Milakulo,MASCULIN,Milakulo TUKUMULI,,14,,,,Mairie,MAIRIE,0.7,OUEGOA,Ouégoa,LIEU_DIT_NC,VILLE,,164.43943670837254,-20.34408534785039,tribus_villages_nc,82,1901,Ouégoa village - Balagam - Paraoua - Tarap
legislatives_2024,1,988,98819,Ouégoa,OUEGOA,0001,836,553,283,542,6,5,2,REG,TJIBAOU,Emmanuel,MASCULIN,Emmanuel TJIBAOU,,121,,,,Mairie,MAIRIE,0.7,OUEGOA,Ouégoa,LIEU_DIT_NC,VILLE,,164.43943670837254,-20.34408534785039,tribus_villages_nc,82,1901,Ouégoa village - Balagam - Paraoua - Tarap
legislatives_2024,1,988,98819,Ouégoa,OUEGOA,0001,836,553,283,542,6,5,3,REG,FRERE,Ronald,MASCULIN,Ronald FRERE,,12,,,,Mairie,MAIRIE,0.7,OUEGOA,Ouégoa,LIEU_DIT_NC,VILLE,,164.43943670837254,-20.34408534785039,tribus_villages_nc,82,1901,Ouégoa village - Balagam - Paraoua - Tarap
legislatives_2024,1,988,98819,Ouégoa,OUEGOA,0001,836,553,283,542,6,5,4,REG,VOUDJO,Luther,MASCULIN,Luther VOUDJO,,1,,,,Mairie,MAIRIE,0.7,OUEGOA,Ouégoa,LIEU_DIT_NC,VILLE,,164.43943670837254,-20.34408534785039,tribus_villages_nc,82,1901,Ouégoa village - Balagam - Paraoua - Tarap
legislatives_2024,1,988,98819,Ouégoa,OUEGOA,0001,836,553,283,542,6,5,6,DVD,PONGA,Alcide,MASCULIN,Alcide PONGA,,377,,,,Mairie,MAIRIE,0.7,OUEGOA,Ouégoa,LIEU_DIT_NC,VILLE,,164.43943670837254,-20.34408534785039,tribus_villages_nc,82,1901,Ouégoa village - Balagam - Paraoua - Tarap
legislatives_2024,1,988,98819,Ouégoa,OUEGOA,0001,836,553,283,542,6,5,7,HOR,POADJA,Gérard,MASCULIN,Gérard POADJA,,17,,,,Mairie,MAIRIE,0.7,OUEGOA,Ouégoa,LIEU_DIT_NC,VILLE,,164.43943670837254,-20.34408534785039,tribus_villages_nc,82,1901,Ouégoa village - Balagam - Paraoua - Tarap
legislatives_2024,1,988,98819,Ouégoa,OUEGOA,0002,852,605,247,601,2,2,1,DVG,TUKUMULI,Milakulo,MASCULIN,Milakulo TUKUMULI,,6,,,,Bondé,BONDE,1,Bondé,Ouégoa,LIEU_DIT_NC,LDH,Bodé,164.4324943000077,-20.429158724947957,tribus_villages_nc,84,1903,Bondé
legislatives_2024,1,988,98819,Ouégoa,OUEGOA,0002,852,605,247,601,2,2,2,REG,TJIBAOU,Emmanuel,MASCULIN,Emmanuel TJIBAOU,,585,,,,Bondé,BONDE,1,Bondé,Ouégoa,LIEU_DIT_NC,LDH,Bodé,164.4324943000077,-20.429158724947957,tribus_villages_nc,84,1903,Bondé
legislatives_2024,1,988,98819,Ouégoa,OUEGOA,0002,852,605,247,601,2,2,3,REG,FRERE,Ronald,MASCULIN,Ronald FRERE,,1,,,,Bondé,BONDE,1,Bondé,Ouégoa,LIEU_DIT_NC,LDH,Bodé,164.4324943000077,-20.429158724947957,tribus_villages_nc,84,1903,Bondé
legislatives_2024,1,988,98819,Ouégoa,OUEGOA,0002,852,605,247,601,2,2,4,REG,VOUDJO,Luther,MASCULIN,Luther VOUDJO,,9,,,,Bondé,BONDE,1,Bondé,Ouégoa,LIEU_DIT_NC,LDH,Bodé,164.4324943000077,-20.429158724947957,tribus_villages_nc,84,1903,Bondé
legislatives_2024,1,988,98819,Ouégoa,OUEGOA,0002,852,605,247,601,2,2,6,DVD,PONGA,Alcide,MASCULIN,Alcide PONGA,,0,,,,Bondé,BONDE,1,Bondé,Ouégoa,LIEU_DIT_NC,LDH,Bodé,164.4324943000077,-20.429158724947957,tribus_villages_nc,84,1903,Bondé
legislatives_2024,1,988,98819,Ouégoa,OUEGOA,0002,852,605,247,601,2,2,7,HOR,POADJA,Gérard,MASCULIN,Gérard POADJA,,0,,,,Bondé,BONDE,1,Bondé,Ouégoa,LIEU_DIT_NC,LDH,Bodé,164.4324943000077,-20.429158724947957,tribus_villages_nc,84,1903,Bondé
legislatives_2024,1,988,98819,Ouégoa,OUEGOA,0003,389,217,172,215,0,2,1,DVG,TUKUMULI,Milakulo,MASCULIN,Milakulo TUKUMULI,,6,,,,Paimboas,PAIMBOAS,0.99,Ouénia,Ouégoa,ARRETE_MANUAL,TRIBU,Wénya,164.52279333171543,-20.52170436626958,arrete_manual_tribus,84,1903,Bondé
legislatives_2024,1,988,98819,Ouégoa,OUEGOA,0003,389,217,172,215,0,2,2,REG,TJIBAOU,Emmanuel,MASCULIN,Emmanuel TJIBAOU,,209,,,,Paimboas,PAIMBOAS,0.99,Ouénia,Ouégoa,ARRETE_MANUAL,TRIBU,Wénya,164.52279333171543,-20.52170436626958,arrete_manual_tribus,84,1903,Bondé
legislatives_2024,1,988,98819,Ouégoa,OUEGOA,0003,389,217,172,215,0,2,3,REG,FRERE,Ronald,MASCULIN,Ronald FRERE,,0,,,,Paimboas,PAIMBOAS,0.99,Ouénia,Ouégoa,ARRETE_MANUAL,TRIBU,Wénya,164.52279333171543,-20.52170436626958,arrete_manual_tribus,84,1903,Bondé
legislatives_2024,1,988,98819,Ouégoa,OUEGOA,0003,389,217,172,215,0,2,4,REG,VOUDJO,Luther,MASCULIN,Luther VOUDJO,,0,,,,Paimboas,PAIMBOAS,0.99,Ouénia,Ouégoa,ARRETE_MANUAL,TRIBU,Wénya,164.52279333171543,-20.52170436626958,arrete_manual_tribus,84,1903,Bondé
legislatives_2024,1,988,98819,Ouégoa,OUEGOA,0003,389,217,172,215,0,2,6,DVD,PONGA,Alcide,MASCULIN,Alcide PONGA,,0,,,,Paimboas,PAIMBOAS,0.99,Ouénia,Ouégoa,ARRETE_MANUAL,TRIBU,Wénya,164.52279333171543,-20.52170436626958,arrete_manual_tribus,84,1903,Bondé
legislatives_2024,1,988,98819,Ouégoa,OUEGOA,0003,389,217,172,215,0,2,7,HOR,POADJA,Gérard,MASCULIN,Gérard POADJA,,0,,,,Paimboas,PAIMBOAS,0.99,Ouénia,Ouégoa,ARRETE_MANUAL,TRIBU,Wénya,164.52279333171543,-20.52170436626958,arrete_manual_tribus,84,1903,Bondé
legislatives_2024,1,988,98819,Ouégoa,OUEGOA,0004,158,103,55,103,0,0,1,DVG,TUKUMULI,Milakulo,MASCULIN,Milakulo TUKUMULI,,3,,,,Tiari,TIARI,1,Tiari,Ouégoa,LIEU_DIT_NC,TRIBU,Ciari,164.3468221527753,-20.245820839427363,tribus_villages_nc,83,1902,Pam - Tiari
legislatives_2024,1,988,98819,Ouégoa,OUEGOA,0004,158,103,55,103,0,0,2,REG,TJIBAOU,Emmanuel,MASCULIN,Emmanuel TJIBAOU,,87,,,,Tiari,TIARI,1,Tiari,Ouégoa,LIEU_DIT_NC,TRIBU,Ciari,164.3468221527753,-20.245820839427363,tribus_villages_nc,83,1902,Pam - Tiari
legislatives_2024,1,988,98819,Ouégoa,OUEGOA,0004,158,103,55,103,0,0,3,REG,FRERE,Ronald,MASCULIN,Ronald FRERE,,1,,,,Tiari,TIARI,1,Tiari,Ouégoa,LIEU_DIT_NC,TRIBU,Ciari,164.3468221527753,-20.245820839427363,tribus_villages_nc,83,1902,Pam - Tiari
legislatives_2024,1,988,98819,Ouégoa,OUEGOA,0004,158,103,55,103,0,0,4,REG,VOUDJO,Luther,MASCULIN,Luther VOUDJO,,2,,,,Tiari,TIARI,1,Tiari,Ouégoa,LIEU_DIT_NC,TRIBU,Ciari,164.3468221527753,-20.245820839427363,tribus_villages_nc,83,1902,Pam - Tiari
legislatives_2024,1,988,98819,Ouégoa,OUEGOA,0004,158,103,55,103,0,0,6,DVD,PONGA,Alcide,MASCULIN,Alcide PONGA,,9,,,,Tiari,TIARI,1,Tiari,Ouégoa,LIEU_DIT_NC,TRIBU,Ciari,164.3468221527753,-20.245820839427363,tribus_villages_nc,83,1902,Pam - Tiari
legislatives_2024,1,988,98819,Ouégoa,OUEGOA,0004,158,103,55,103,0,0,7,HOR,POADJA,Gérard,MASCULIN,Gérard POADJA,,1,,,,Tiari,TIARI,1,Tiari,Ouégoa,LIEU_DIT_NC,TRIBU,Ciari,164.3468221527753,-20.245820839427363,tribus_villages_nc,83,1902,Pam - Tiari
legislatives_2024,1,988,98820,Ouvéa,OUVEA,0001,952,526,426,516,3,7,1,HOR,DUNOYER,Philippe,MASCULIN,Philippe DUNOYER,,5,,,,Mairie,MAIRIE,,,,,,,166.5351802059145,-20.652759156712985,arrete_manual_tribus,86,2002,Fayaoué
legislatives_2024,1,988,98820,Ouvéa,OUVEA,0001,952,526,426,516,3,7,2,DVD,METZDORF,Nicolas,MASCULIN,Nicolas METZDORF,,1,,,,Mairie,MAIRIE,,,,,,,166.5351802059145,-20.652759156712985,arrete_manual_tribus,86,2002,Fayaoué
legislatives_2024,1,988,98820,Ouvéa,OUVEA,0001,952,526,426,516,3,7,3,REG,ANGEXETINE ÉP RAILATI,Juanita Ciane,FEMININ,Juanita Ciane ANGEXETINE ÉP RAILATI,,1,,,,Mairie,MAIRIE,,,,,,,166.5351802059145,-20.652759156712985,arrete_manual_tribus,86,2002,Fayaoué
legislatives_2024,1,988,98820,Ouvéa,OUVEA,0001,952,526,426,516,3,7,4,REG,NAISSELINE,Omayra Lisa Meun,FEMININ,Omayra Lisa Meun NAISSELINE,,452,,,,Mairie,MAIRIE,,,,,,,166.5351802059145,-20.652759156712985,arrete_manual_tribus,86,2002,Fayaoué
legislatives_2024,1,988,98820,Ouvéa,OUVEA,0001,952,526,426,516,3,7,5,REC,NASRI,Thomas,MASCULIN,Thomas NASRI,,0,,,,Mairie,MAIRIE,,,,,,,166.5351802059145,-20.652759156712985,arrete_manual_tribus,86,2002,Fayaoué
legislatives_2024,1,988,98820,Ouvéa,OUVEA,0001,952,526,426,516,3,7,6,DIV,MILLAR,Manuel,MASCULIN,Manuel MILLAR,,0,,,,Mairie,MAIRIE,,,,,,,166.5351802059145,-20.652759156712985,arrete_manual_tribus,86,2002,Fayaoué
legislatives_2024,1,988,98820,Ouvéa,OUVEA,0001,952,526,426,516,3,7,7,DVD,CUENOT,Pierre-Henri,MASCULIN,Pierre-Henri CUENOT,,0,,,,Mairie,MAIRIE,,,,,,,166.5351802059145,-20.652759156712985,arrete_manual_tribus,86,2002,Fayaoué
legislatives_2024,1,988,98820,Ouvéa,OUVEA,0001,952,526,426,516,3,7,8,REG,HAOCAS,Muneiko,FEMININ,Muneiko HAOCAS,,17,,,,Mairie,MAIRIE,,,,,,,166.5351802059145,-20.652759156712985,arrete_manual_tribus,86,2002,Fayaoué
legislatives_2024,1,988,98820,Ouvéa,OUVEA,0001,952,526,426,516,3,7,9,RN,LOUECKHOTE,Simon,MASCULIN,Simon LOUECKHOTE,,34,,,,Mairie,MAIRIE,,,,,,,166.5351802059145,-20.652759156712985,arrete_manual_tribus,86,2002,Fayaoué
legislatives_2024,1,988,98820,Ouvéa,OUVEA,0001,952,526,426,516,3,7,10,REG,NEMIA ÉP BISHOP,Germaine Toléta,FEMININ,Germaine Toléta NEMIA ÉP BISHOP,,1,,,,Mairie,MAIRIE,,,,,,,166.5351802059145,-20.652759156712985,arrete_manual_tribus,86,2002,Fayaoué
legislatives_2024,1,988,98820,Ouvéa,OUVEA,0001,952,526,426,516,3,7,11,DVG,FALAEO,Veylma,FEMININ,Veylma FALAEO,,4,,,,Mairie,MAIRIE,,,,,,,166.5351802059145,-20.652759156712985,arrete_manual_tribus,86,2002,Fayaoué
legislatives_2024,1,988,98820,Ouvéa,OUVEA,0001,952,526,426,516,3,7,12,ECO,DEVAUD,Cédric,MASCULIN,Cédric DEVAUD,,1,,,,Mairie,MAIRIE,,,,,,,166.5351802059145,-20.652759156712985,arrete_manual_tribus,86,2002,Fayaoué
legislatives_2024,1,988,98820,Ouvéa,OUVEA,0002,857,453,404,449,3,1,1,HOR,DUNOYER,Philippe,MASCULIN,Philippe DUNOYER,,7,,,,Fayaoué,FAYAOUE,1,Fayaoué,Ouvéa,LIEU_DIT_NC,TRIBU,Fajawe,166.5351802059145,-20.652759156712985,tribus_villages_nc,86,2002,Fayaoué
legislatives_2024,1,988,98820,Ouvéa,OUVEA,0002,857,453,404,449,3,1,2,DVD,METZDORF,Nicolas,MASCULIN,Nicolas METZDORF,,0,,,,Fayaoué,FAYAOUE,1,Fayaoué,Ouvéa,LIEU_DIT_NC,TRIBU,Fajawe,166.5351802059145,-20.652759156712985,tribus_villages_nc,86,2002,Fayaoué
legislatives_2024,1,988,98820,Ouvéa,OUVEA,0002,857,453,404,449,3,1,3,REG,ANGEXETINE ÉP RAILATI,Juanita Ciane,FEMININ,Juanita Ciane ANGEXETINE ÉP RAILATI,,3,,,,Fayaoué,FAYAOUE,1,Fayaoué,Ouvéa,LIEU_DIT_NC,TRIBU,Fajawe,166.5351802059145,-20.652759156712985,tribus_villages_nc,86,2002,Fayaoué
legislatives_2024,1,988,98820,Ouvéa,OUVEA,0002,857,453,404,449,3,1,4,REG,NAISSELINE,Omayra Lisa Meun,FEMININ,Omayra Lisa Meun NAISSELINE,,400,,,,Fayaoué,FAYAOUE,1,Fayaoué,Ouvéa,LIEU_DIT_NC,TRIBU,Fajawe,166.5351802059145,-20.652759156712985,tribus_villages_nc,86,2002,Fayaoué
legislatives_2024,1,988,98820,Ouvéa,OUVEA,0002,857,453,404,449,3,1,5,REC,NASRI,Thomas,MASCULIN,Thomas NASRI,,1,,,,Fayaoué,FAYAOUE,1,Fayaoué,Ouvéa,LIEU_DIT_NC,TRIBU,Fajawe,166.5351802059145,-20.652759156712985,tribus_villages_nc,86,2002,Fayaoué
legislatives_2024,1,988,98820,Ouvéa,OUVEA,0002,857,453,404,449,3,1,6,DIV,MILLAR,Manuel,MASCULIN,Manuel MILLAR,,1,,,,Fayaoué,FAYAOUE,1,Fayaoué,Ouvéa,LIEU_DIT_NC,TRIBU,Fajawe,166.5351802059145,-20.652759156712985,tribus_villages_nc,86,2002,Fayaoué
legislatives_2024,1,988,98820,Ouvéa,OUVEA,0002,857,453,404,449,3,1,7,DVD,CUENOT,Pierre-Henri,MASCULIN,Pierre-Henri CUENOT,,0,,,,Fayaoué,FAYAOUE,1,Fayaoué,Ouvéa,LIEU_DIT_NC,TRIBU,Fajawe,166.5351802059145,-20.652759156712985,tribus_villages_nc,86,2002,Fayaoué
legislatives_2024,1,988,98820,Ouvéa,OUVEA,0002,857,453,404,449,3,1,8,REG,HAOCAS,Muneiko,FEMININ,Muneiko HAOCAS,,11,,,,Fayaoué,FAYAOUE,1,Fayaoué,Ouvéa,LIEU_DIT_NC,TRIBU,Fajawe,166.5351802059145,-20.652759156712985,tribus_villages_nc,86,2002,Fayaoué
legislatives_2024,1,988,98820,Ouvéa,OUVEA,0002,857,453,404,449,3,1,9,RN,LOUECKHOTE,Simon,MASCULIN,Simon LOUECKHOTE,,22,,,,Fayaoué,FAYAOUE,1,Fayaoué,Ouvéa,LIEU_DIT_NC,TRIBU,Fajawe,166.5351802059145,-20.652759156712985,tribus_villages_nc,86,2002,Fayaoué
legislatives_2024,1,988,98820,Ouvéa,OUVEA,0002,857,453,404,449,3,1,10,REG,NEMIA ÉP BISHOP,Germaine Toléta,FEMININ,Germaine Toléta NEMIA ÉP BISHOP,,2,,,,Fayaoué,FAYAOUE,1,Fayaoué,Ouvéa,LIEU_DIT_NC,TRIBU,Fajawe,166.5351802059145,-20.652759156712985,tribus_villages_nc,86,2002,Fayaoué
legislatives_2024,1,988,98820,Ouvéa,OUVEA,0002,857,453,404,449,3,1,11,DVG,FALAEO,Veylma,FEMININ,Veylma FALAEO,,1,,,,Fayaoué,FAYAOUE,1,Fayaoué,Ouvéa,LIEU_DIT_NC,TRIBU,Fajawe,166.5351802059145,-20.652759156712985,tribus_villages_nc,86,2002,Fayaoué
legislatives_2024,1,988,98820,Ouvéa,OUVEA,0002,857,453,404,449,3,1,12,ECO,DEVAUD,Cédric,MASCULIN,Cédric DEVAUD,,1,,,,Fayaoué,FAYAOUE,1,Fayaoué,Ouvéa,LIEU_DIT_NC,TRIBU,Fajawe,166.5351802059145,-20.652759156712985,tribus_villages_nc,86,2002,Fayaoué
legislatives_2024,1,988,98820,Ouvéa,OUVEA,0003,566,310,256,309,0,1,1,HOR,DUNOYER,Philippe,MASCULIN,Philippe DUNOYER,,2,,,,Heo,HEO,1,St Joseph,Ouvéa,LIEU_DIT_NC,TRIBU,Heo,166.60278918905198,-20.44905017069691,tribus_villages_nc,85,2001,Saint Joseph Gossanah Takedji
legislatives_2024,1,988,98820,Ouvéa,OUVEA,0003,566,310,256,309,0,1,2,DVD,METZDORF,Nicolas,MASCULIN,Nicolas METZDORF,,0,,,,Heo,HEO,1,St Joseph,Ouvéa,LIEU_DIT_NC,TRIBU,Heo,166.60278918905198,-20.44905017069691,tribus_villages_nc,85,2001,Saint Joseph Gossanah Takedji
legislatives_2024,1,988,98820,Ouvéa,OUVEA,0003,566,310,256,309,0,1,3,REG,ANGEXETINE ÉP RAILATI,Juanita Ciane,FEMININ,Juanita Ciane ANGEXETINE ÉP RAILATI,,2,,,,Heo,HEO,1,St Joseph,Ouvéa,LIEU_DIT_NC,TRIBU,Heo,166.60278918905198,-20.44905017069691,tribus_villages_nc,85,2001,Saint Joseph Gossanah Takedji
legislatives_2024,1,988,98820,Ouvéa,OUVEA,0003,566,310,256,309,0,1,4,REG,NAISSELINE,Omayra Lisa Meun,FEMININ,Omayra Lisa Meun NAISSELINE,,293,,,,Heo,HEO,1,St Joseph,Ouvéa,LIEU_DIT_NC,TRIBU,Heo,166.60278918905198,-20.44905017069691,tribus_villages_nc,85,2001,Saint Joseph Gossanah Takedji
legislatives_2024,1,988,98820,Ouvéa,OUVEA,0003,566,310,256,309,0,1,5,REC,NASRI,Thomas,MASCULIN,Thomas NASRI,,0,,,,Heo,HEO,1,St Joseph,Ouvéa,LIEU_DIT_NC,TRIBU,Heo,166.60278918905198,-20.44905017069691,tribus_villages_nc,85,2001,Saint Joseph Gossanah Takedji
legislatives_2024,1,988,98820,Ouvéa,OUVEA,0003,566,310,256,309,0,1,6,DIV,MILLAR,Manuel,MASCULIN,Manuel MILLAR,,0,,,,Heo,HEO,1,St Joseph,Ouvéa,LIEU_DIT_NC,TRIBU,Heo,166.60278918905198,-20.44905017069691,tribus_villages_nc,85,2001,Saint Joseph Gossanah Takedji
legislatives_2024,1,988,98820,Ouvéa,OUVEA,0003,566,310,256,309,0,1,7,DVD,CUENOT,Pierre-Henri,MASCULIN,Pierre-Henri CUENOT,,1,,,,Heo,HEO,1,St Joseph,Ouvéa,LIEU_DIT_NC,TRIBU,Heo,166.60278918905198,-20.44905017069691,tribus_villages_nc,85,2001,Saint Joseph Gossanah Takedji
legislatives_2024,1,988,98820,Ouvéa,OUVEA,0003,566,310,256,309,0,1,8,REG,HAOCAS,Muneiko,FEMININ,Muneiko HAOCAS,,5,,,,Heo,HEO,1,St Joseph,Ouvéa,LIEU_DIT_NC,TRIBU,Heo,166.60278918905198,-20.44905017069691,tribus_villages_nc,85,2001,Saint Joseph Gossanah Takedji
legislatives_2024,1,988,98820,Ouvéa,OUVEA,0003,566,310,256,309,0,1,9,RN,LOUECKHOTE,Simon,MASCULIN,Simon LOUECKHOTE,,6,,,,Heo,HEO,1,St Joseph,Ouvéa,LIEU_DIT_NC,TRIBU,Heo,166.60278918905198,-20.44905017069691,tribus_villages_nc,85,2001,Saint Joseph Gossanah Takedji
legislatives_2024,1,988,98820,Ouvéa,OUVEA,0003,566,310,256,309,0,1,10,REG,NEMIA ÉP BISHOP,Germaine Toléta,FEMININ,Germaine Toléta NEMIA ÉP BISHOP,,0,,,,Heo,HEO,1,St Joseph,Ouvéa,LIEU_DIT_NC,TRIBU,Heo,166.60278918905198,-20.44905017069691,tribus_villages_nc,85,2001,Saint Joseph Gossanah Takedji
legislatives_2024,1,988,98820,Ouvéa,OUVEA,0003,566,310,256,309,0,1,11,DVG,FALAEO,Veylma,FEMININ,Veylma FALAEO,,0,,,,Heo,HEO,1,St Joseph,Ouvéa,LIEU_DIT_NC,TRIBU,Heo,166.60278918905198,-20.44905017069691,tribus_villages_nc,85,2001,Saint Joseph Gossanah Takedji
legislatives_2024,1,988,98820,Ouvéa,OUVEA,0003,566,310,256,309,0,1,12,ECO,DEVAUD,Cédric,MASCULIN,Cédric DEVAUD,,0,,,,Heo,HEO,1,St Joseph,Ouvéa,LIEU_DIT_NC,TRIBU,Heo,166.60278918905198,-20.44905017069691,tribus_villages_nc,85,2001,Saint Joseph Gossanah Takedji
legislatives_2024,1,988,98820,Ouvéa,OUVEA,0004,394,242,152,241,1,0,1,HOR,DUNOYER,Philippe,MASCULIN,Philippe DUNOYER,,1,,,,Mouli,MOULI,1,Mouli,Ouvéa,LIEU_DIT_NC,TRIBU,Muli,166.42132025613634,-20.72325484847604,tribus_villages_nc,87,2003,Mouli
legislatives_2024,1,988,98820,Ouvéa,OUVEA,0004,394,242,152,241,1,0,2,DVD,METZDORF,Nicolas,MASCULIN,Nicolas METZDORF,,0,,,,Mouli,MOULI,1,Mouli,Ouvéa,LIEU_DIT_NC,TRIBU,Muli,166.42132025613634,-20.72325484847604,tribus_villages_nc,87,2003,Mouli
legislatives_2024,1,988,98820,Ouvéa,OUVEA,0004,394,242,152,241,1,0,3,REG,ANGEXETINE ÉP RAILATI,Juanita Ciane,FEMININ,Juanita Ciane ANGEXETINE ÉP RAILATI,,0,,,,Mouli,MOULI,1,Mouli,Ouvéa,LIEU_DIT_NC,TRIBU,Muli,166.42132025613634,-20.72325484847604,tribus_villages_nc,87,2003,Mouli
legislatives_2024,1,988,98820,Ouvéa,OUVEA,0004,394,242,152,241,1,0,4,REG,NAISSELINE,Omayra Lisa Meun,FEMININ,Omayra Lisa Meun NAISSELINE,,210,,,,Mouli,MOULI,1,Mouli,Ouvéa,LIEU_DIT_NC,TRIBU,Muli,166.42132025613634,-20.72325484847604,tribus_villages_nc,87,2003,Mouli
legislatives_2024,1,988,98820,Ouvéa,OUVEA,0004,394,242,152,241,1,0,5,REC,NASRI,Thomas,MASCULIN,Thomas NASRI,,0,,,,Mouli,MOULI,1,Mouli,Ouvéa,LIEU_DIT_NC,TRIBU,Muli,166.42132025613634,-20.72325484847604,tribus_villages_nc,87,2003,Mouli
legislatives_2024,1,988,98820,Ouvéa,OUVEA,0004,394,242,152,241,1,0,6,DIV,MILLAR,Manuel,MASCULIN,Manuel MILLAR,,0,,,,Mouli,MOULI,1,Mouli,Ouvéa,LIEU_DIT_NC,TRIBU,Muli,166.42132025613634,-20.72325484847604,tribus_villages_nc,87,2003,Mouli
legislatives_2024,1,988,98820,Ouvéa,OUVEA,0004,394,242,152,241,1,0,7,DVD,CUENOT,Pierre-Henri,MASCULIN,Pierre-Henri CUENOT,,0,,,,Mouli,MOULI,1,Mouli,Ouvéa,LIEU_DIT_NC,TRIBU,Muli,166.42132025613634,-20.72325484847604,tribus_villages_nc,87,2003,Mouli
legislatives_2024,1,988,98820,Ouvéa,OUVEA,0004,394,242,152,241,1,0,8,REG,HAOCAS,Muneiko,FEMININ,Muneiko HAOCAS,,29,,,,Mouli,MOULI,1,Mouli,Ouvéa,LIEU_DIT_NC,TRIBU,Muli,166.42132025613634,-20.72325484847604,tribus_villages_nc,87,2003,Mouli
legislatives_2024,1,988,98820,Ouvéa,OUVEA,0004,394,242,152,241,1,0,9,RN,LOUECKHOTE,Simon,MASCULIN,Simon LOUECKHOTE,,1,,,,Mouli,MOULI,1,Mouli,Ouvéa,LIEU_DIT_NC,TRIBU,Muli,166.42132025613634,-20.72325484847604,tribus_villages_nc,87,2003,Mouli
legislatives_2024,1,988,98820,Ouvéa,OUVEA,0004,394,242,152,241,1,0,10,REG,NEMIA ÉP BISHOP,Germaine Toléta,FEMININ,Germaine Toléta NEMIA ÉP BISHOP,,0,,,,Mouli,MOULI,1,Mouli,Ouvéa,LIEU_DIT_NC,TRIBU,Muli,166.42132025613634,-20.72325484847604,tribus_villages_nc,87,2003,Mouli
legislatives_2024,1,988,98820,Ouvéa,OUVEA,0004,394,242,152,241,1,0,11,DVG,FALAEO,Veylma,FEMININ,Veylma FALAEO,,0,,,,Mouli,MOULI,1,Mouli,Ouvéa,LIEU_DIT_NC,TRIBU,Muli,166.42132025613634,-20.72325484847604,tribus_villages_nc,87,2003,Mouli
legislatives_2024,1,988,98820,Ouvéa,OUVEA,0004,394,242,152,241,1,0,12,ECO,DEVAUD,Cédric,MASCULIN,Cédric DEVAUD,,0,,,,Mouli,MOULI,1,Mouli,Ouvéa,LIEU_DIT_NC,TRIBU,Muli,166.42132025613634,-20.72325484847604,tribus_villages_nc,87,2003,Mouli
legislatives_2024,1,988,98820,Ouvéa,OUVEA,0005,856,461,395,461,0,0,1,HOR,DUNOYER,Philippe,MASCULIN,Philippe DUNOYER,,2,,,,Wénéki,WENEKI,1,Weneki,Ouvéa,LIEU_DIT_NC,TRIBU,,166.61213110267843,-20.44626073917101,tribus_villages_nc,85,2001,Saint Joseph Gossanah Takedji
legislatives_2024,1,988,98820,Ouvéa,OUVEA,0005,856,461,395,461,0,0,2,DVD,METZDORF,Nicolas,MASCULIN,Nicolas METZDORF,,0,,,,Wénéki,WENEKI,1,Weneki,Ouvéa,LIEU_DIT_NC,TRIBU,,166.61213110267843,-20.44626073917101,tribus_villages_nc,85,2001,Saint Joseph Gossanah Takedji
legislatives_2024,1,988,98820,Ouvéa,OUVEA,0005,856,461,395,461,0,0,3,REG,ANGEXETINE ÉP RAILATI,Juanita Ciane,FEMININ,Juanita Ciane ANGEXETINE ÉP RAILATI,,5,,,,Wénéki,WENEKI,1,Weneki,Ouvéa,LIEU_DIT_NC,TRIBU,,166.61213110267843,-20.44626073917101,tribus_villages_nc,85,2001,Saint Joseph Gossanah Takedji
legislatives_2024,1,988,98820,Ouvéa,OUVEA,0005,856,461,395,461,0,0,4,REG,NAISSELINE,Omayra Lisa Meun,FEMININ,Omayra Lisa Meun NAISSELINE,,427,,,,Wénéki,WENEKI,1,Weneki,Ouvéa,LIEU_DIT_NC,TRIBU,,166.61213110267843,-20.44626073917101,tribus_villages_nc,85,2001,Saint Joseph Gossanah Takedji
legislatives_2024,1,988,98820,Ouvéa,OUVEA,0005,856,461,395,461,0,0,5,REC,NASRI,Thomas,MASCULIN,Thomas NASRI,,0,,,,Wénéki,WENEKI,1,Weneki,Ouvéa,LIEU_DIT_NC,TRIBU,,166.61213110267843,-20.44626073917101,tribus_villages_nc,85,2001,Saint Joseph Gossanah Takedji
legislatives_2024,1,988,98820,Ouvéa,OUVEA,0005,856,461,395,461,0,0,6,DIV,MILLAR,Manuel,MASCULIN,Manuel MILLAR,,1,,,,Wénéki,WENEKI,1,Weneki,Ouvéa,LIEU_DIT_NC,TRIBU,,166.61213110267843,-20.44626073917101,tribus_villages_nc,85,2001,Saint Joseph Gossanah Takedji
legislatives_2024,1,988,98820,Ouvéa,OUVEA,0005,856,461,395,461,0,0,7,DVD,CUENOT,Pierre-Henri,MASCULIN,Pierre-Henri CUENOT,,0,,,,Wénéki,WENEKI,1,Weneki,Ouvéa,LIEU_DIT_NC,TRIBU,,166.61213110267843,-20.44626073917101,tribus_villages_nc,85,2001,Saint Joseph Gossanah Takedji
legislatives_2024,1,988,98820,Ouvéa,OUVEA,0005,856,461,395,461,0,0,8,REG,HAOCAS,Muneiko,FEMININ,Muneiko HAOCAS,,6,,,,Wénéki,WENEKI,1,Weneki,Ouvéa,LIEU_DIT_NC,TRIBU,,166.61213110267843,-20.44626073917101,tribus_villages_nc,85,2001,Saint Joseph Gossanah Takedji
legislatives_2024,1,988,98820,Ouvéa,OUVEA,0005,856,461,395,461,0,0,9,RN,LOUECKHOTE,Simon,MASCULIN,Simon LOUECKHOTE,,11,,,,Wénéki,WENEKI,1,Weneki,Ouvéa,LIEU_DIT_NC,TRIBU,,166.61213110267843,-20.44626073917101,tribus_villages_nc,85,2001,Saint Joseph Gossanah Takedji
legislatives_2024,1,988,98820,Ouvéa,OUVEA,0005,856,461,395,461,0,0,10,REG,NEMIA ÉP BISHOP,Germaine Toléta,FEMININ,Germaine Toléta NEMIA ÉP BISHOP,,4,,,,Wénéki,WENEKI,1,Weneki,Ouvéa,LIEU_DIT_NC,TRIBU,,166.61213110267843,-20.44626073917101,tribus_villages_nc,85,2001,Saint Joseph Gossanah Takedji
legislatives_2024,1,988,98820,Ouvéa,OUVEA,0005,856,461,395,461,0,0,11,DVG,FALAEO,Veylma,FEMININ,Veylma FALAEO,,0,,,,Wénéki,WENEKI,1,Weneki,Ouvéa,LIEU_DIT_NC,TRIBU,,166.61213110267843,-20.44626073917101,tribus_villages_nc,85,2001,Saint Joseph Gossanah Takedji
legislatives_2024,1,988,98820,Ouvéa,OUVEA,0005,856,461,395,461,0,0,12,ECO,DEVAUD,Cédric,MASCULIN,Cédric DEVAUD,,5,,,,Wénéki,WENEKI,1,Weneki,Ouvéa,LIEU_DIT_NC,TRIBU,,166.61213110267843,-20.44626073917101,tribus_villages_nc,85,2001,Saint Joseph Gossanah Takedji
legislatives_2024,1,988,98820,Ouvéa,OUVEA,0006,454,225,229,217,2,6,1,HOR,DUNOYER,Philippe,MASCULIN,Philippe DUNOYER,,2,,,,Ognahut,OGNAHUT,1,Ognahut,Ouvéa,LIEU_DIT_NC,TRIBU,Hanyââû,166.55961927804398,-20.65637156152609,tribus_villages_nc,86,2002,Fayaoué
legislatives_2024,1,988,98820,Ouvéa,OUVEA,0006,454,225,229,217,2,6,2,DVD,METZDORF,Nicolas,MASCULIN,Nicolas METZDORF,,1,,,,Ognahut,OGNAHUT,1,Ognahut,Ouvéa,LIEU_DIT_NC,TRIBU,Hanyââû,166.55961927804398,-20.65637156152609,tribus_villages_nc,86,2002,Fayaoué
legislatives_2024,1,988,98820,Ouvéa,OUVEA,0006,454,225,229,217,2,6,3,REG,ANGEXETINE ÉP RAILATI,Juanita Ciane,FEMININ,Juanita Ciane ANGEXETINE ÉP RAILATI,,0,,,,Ognahut,OGNAHUT,1,Ognahut,Ouvéa,LIEU_DIT_NC,TRIBU,Hanyââû,166.55961927804398,-20.65637156152609,tribus_villages_nc,86,2002,Fayaoué
legislatives_2024,1,988,98820,Ouvéa,OUVEA,0006,454,225,229,217,2,6,4,REG,NAISSELINE,Omayra Lisa Meun,FEMININ,Omayra Lisa Meun NAISSELINE,,188,,,,Ognahut,OGNAHUT,1,Ognahut,Ouvéa,LIEU_DIT_NC,TRIBU,Hanyââû,166.55961927804398,-20.65637156152609,tribus_villages_nc,86,2002,Fayaoué
legislatives_2024,1,988,98820,Ouvéa,OUVEA,0006,454,225,229,217,2,6,5,REC,NASRI,Thomas,MASCULIN,Thomas NASRI,,0,,,,Ognahut,OGNAHUT,1,Ognahut,Ouvéa,LIEU_DIT_NC,TRIBU,Hanyââû,166.55961927804398,-20.65637156152609,tribus_villages_nc,86,2002,Fayaoué
legislatives_2024,1,988,98820,Ouvéa,OUVEA,0006,454,225,229,217,2,6,6,DIV,MILLAR,Manuel,MASCULIN,Manuel MILLAR,,0,,,,Ognahut,OGNAHUT,1,Ognahut,Ouvéa,LIEU_DIT_NC,TRIBU,Hanyââû,166.55961927804398,-20.65637156152609,tribus_villages_nc,86,2002,Fayaoué
legislatives_2024,1,988,98820,Ouvéa,OUVEA,0006,454,225,229,217,2,6,7,DVD,CUENOT,Pierre-Henri,MASCULIN,Pierre-Henri CUENOT,,0,,,,Ognahut,OGNAHUT,1,Ognahut,Ouvéa,LIEU_DIT_NC,TRIBU,Hanyââû,166.55961927804398,-20.65637156152609,tribus_villages_nc,86,2002,Fayaoué
legislatives_2024,1,988,98820,Ouvéa,OUVEA,0006,454,225,229,217,2,6,8,REG,HAOCAS,Muneiko,FEMININ,Muneiko HAOCAS,,15,,,,Ognahut,OGNAHUT,1,Ognahut,Ouvéa,LIEU_DIT_NC,TRIBU,Hanyââû,166.55961927804398,-20.65637156152609,tribus_villages_nc,86,2002,Fayaoué
legislatives_2024,1,988,98820,Ouvéa,OUVEA,0006,454,225,229,217,2,6,9,RN,LOUECKHOTE,Simon,MASCULIN,Simon LOUECKHOTE,,9,,,,Ognahut,OGNAHUT,1,Ognahut,Ouvéa,LIEU_DIT_NC,TRIBU,Hanyââû,166.55961927804398,-20.65637156152609,tribus_villages_nc,86,2002,Fayaoué
legislatives_2024,1,988,98820,Ouvéa,OUVEA,0006,454,225,229,217,2,6,10,REG,NEMIA ÉP BISHOP,Germaine Toléta,FEMININ,Germaine Toléta NEMIA ÉP BISHOP,,0,,,,Ognahut,OGNAHUT,1,Ognahut,Ouvéa,LIEU_DIT_NC,TRIBU,Hanyââû,166.55961927804398,-20.65637156152609,tribus_villages_nc,86,2002,Fayaoué
legislatives_2024,1,988,98820,Ouvéa,OUVEA,0006,454,225,229,217,2,6,11,DVG,FALAEO,Veylma,FEMININ,Veylma FALAEO,,2,,,,Ognahut,OGNAHUT,1,Ognahut,Ouvéa,LIEU_DIT_NC,TRIBU,Hanyââû,166.55961927804398,-20.65637156152609,tribus_villages_nc,86,2002,Fayaoué
legislatives_2024,1,988,98820,Ouvéa,OUVEA,0006,454,225,229,217,2,6,12,ECO,DEVAUD,Cédric,MASCULIN,Cédric DEVAUD,,0,,,,Ognahut,OGNAHUT,1,Ognahut,Ouvéa,LIEU_DIT_NC,TRIBU,Hanyââû,166.55961927804398,-20.65637156152609,tribus_villages_nc,86,2002,Fayaoué
legislatives_2024,1,988,98820,Ouvéa,OUVEA,0007,311,173,138,173,0,0,1,HOR,DUNOYER,Philippe,MASCULIN,Philippe DUNOYER,,1,,,,Lekine,LEKINE,1,Lekine,Ouvéa,LIEU_DIT_NC,TRIBU,Lekiny,166.49017173263093,-20.69359693939266,tribus_villages_nc,87,2003,Mouli
legislatives_2024,1,988,98820,Ouvéa,OUVEA,0007,311,173,138,173,0,0,2,DVD,METZDORF,Nicolas,MASCULIN,Nicolas METZDORF,,0,,,,Lekine,LEKINE,1,Lekine,Ouvéa,LIEU_DIT_NC,TRIBU,Lekiny,166.49017173263093,-20.69359693939266,tribus_villages_nc,87,2003,Mouli
legislatives_2024,1,988,98820,Ouvéa,OUVEA,0007,311,173,138,173,0,0,3,REG,ANGEXETINE ÉP RAILATI,Juanita Ciane,FEMININ,Juanita Ciane ANGEXETINE ÉP RAILATI,,0,,,,Lekine,LEKINE,1,Lekine,Ouvéa,LIEU_DIT_NC,TRIBU,Lekiny,166.49017173263093,-20.69359693939266,tribus_villages_nc,87,2003,Mouli
legislatives_2024,1,988,98820,Ouvéa,OUVEA,0007,311,173,138,173,0,0,4,REG,NAISSELINE,Omayra Lisa Meun,FEMININ,Omayra Lisa Meun NAISSELINE,,157,,,,Lekine,LEKINE,1,Lekine,Ouvéa,LIEU_DIT_NC,TRIBU,Lekiny,166.49017173263093,-20.69359693939266,tribus_villages_nc,87,2003,Mouli
legislatives_2024,1,988,98820,Ouvéa,OUVEA,0007,311,173,138,173,0,0,5,REC,NASRI,Thomas,MASCULIN,Thomas NASRI,,0,,,,Lekine,LEKINE,1,Lekine,Ouvéa,LIEU_DIT_NC,TRIBU,Lekiny,166.49017173263093,-20.69359693939266,tribus_villages_nc,87,2003,Mouli
legislatives_2024,1,988,98820,Ouvéa,OUVEA,0007,311,173,138,173,0,0,6,DIV,MILLAR,Manuel,MASCULIN,Manuel MILLAR,,1,,,,Lekine,LEKINE,1,Lekine,Ouvéa,LIEU_DIT_NC,TRIBU,Lekiny,166.49017173263093,-20.69359693939266,tribus_villages_nc,87,2003,Mouli
legislatives_2024,1,988,98820,Ouvéa,OUVEA,0007,311,173,138,173,0,0,7,DVD,CUENOT,Pierre-Henri,MASCULIN,Pierre-Henri CUENOT,,0,,,,Lekine,LEKINE,1,Lekine,Ouvéa,LIEU_DIT_NC,TRIBU,Lekiny,166.49017173263093,-20.69359693939266,tribus_villages_nc,87,2003,Mouli
legislatives_2024,1,988,98820,Ouvéa,OUVEA,0007,311,173,138,173,0,0,8,REG,HAOCAS,Muneiko,FEMININ,Muneiko HAOCAS,,11,,,,Lekine,LEKINE,1,Lekine,Ouvéa,LIEU_DIT_NC,TRIBU,Lekiny,166.49017173263093,-20.69359693939266,tribus_villages_nc,87,2003,Mouli
legislatives_2024,1,988,98820,Ouvéa,OUVEA,0007,311,173,138,173,0,0,9,RN,LOUECKHOTE,Simon,MASCULIN,Simon LOUECKHOTE,,0,,,,Lekine,LEKINE,1,Lekine,Ouvéa,LIEU_DIT_NC,TRIBU,Lekiny,166.49017173263093,-20.69359693939266,tribus_villages_nc,87,2003,Mouli
legislatives_2024,1,988,98820,Ouvéa,OUVEA,0007,311,173,138,173,0,0,10,REG,NEMIA ÉP BISHOP,Germaine Toléta,FEMININ,Germaine Toléta NEMIA ÉP BISHOP,,0,,,,Lekine,LEKINE,1,Lekine,Ouvéa,LIEU_DIT_NC,TRIBU,Lekiny,166.49017173263093,-20.69359693939266,tribus_villages_nc,87,2003,Mouli
legislatives_2024,1,988,98820,Ouvéa,OUVEA,0007,311,173,138,173,0,0,11,DVG,FALAEO,Veylma,FEMININ,Veylma FALAEO,,3,,,,Lekine,LEKINE,1,Lekine,Ouvéa,LIEU_DIT_NC,TRIBU,Lekiny,166.49017173263093,-20.69359693939266,tribus_villages_nc,87,2003,Mouli
legislatives_2024,1,988,98820,Ouvéa,OUVEA,0007,311,173,138,173,0,0,12,ECO,DEVAUD,Cédric,MASCULIN,Cédric DEVAUD,,0,,,,Lekine,LEKINE,1,Lekine,Ouvéa,LIEU_DIT_NC,TRIBU,Lekiny,166.49017173263093,-20.69359693939266,tribus_villages_nc,87,2003,Mouli
legislatives_2024,1,988,98821,Païta,PAITA,0001,842,409,433,399,6,4,1,DVG,TUKUMULI,Milakulo,MASCULIN,Milakulo TUKUMULI,,99,,,,Dock socio-culturel 1,DOCK SOCIO CULTUREL,0.973,Dock socioculturel,AVENUE JAMES PADDON,CULTUREL ET SOCIO EDUCATIF,Equipements culturels,Centre culturel maison culturelle et centre d'art,166.366370328351,-22.1294955354086,etablissements_publics_nc,91,2101,Paita centre
legislatives_2024,1,988,98821,Païta,PAITA,0001,842,409,433,399,6,4,2,REG,TJIBAOU,Emmanuel,MASCULIN,Emmanuel TJIBAOU,,117,,,,Dock socio-culturel 1,DOCK SOCIO CULTUREL,0.973,Dock socioculturel,AVENUE JAMES PADDON,CULTUREL ET SOCIO EDUCATIF,Equipements culturels,Centre culturel maison culturelle et centre d'art,166.366370328351,-22.1294955354086,etablissements_publics_nc,91,2101,Paita centre
legislatives_2024,1,988,98821,Païta,PAITA,0001,842,409,433,399,6,4,3,REG,FRERE,Ronald,MASCULIN,Ronald FRERE,,4,,,,Dock socio-culturel 1,DOCK SOCIO CULTUREL,0.973,Dock socioculturel,AVENUE JAMES PADDON,CULTUREL ET SOCIO EDUCATIF,Equipements culturels,Centre culturel maison culturelle et centre d'art,166.366370328351,-22.1294955354086,etablissements_publics_nc,91,2101,Paita centre
legislatives_2024,1,988,98821,Païta,PAITA,0001,842,409,433,399,6,4,4,REG,VOUDJO,Luther,MASCULIN,Luther VOUDJO,,6,,,,Dock socio-culturel 1,DOCK SOCIO CULTUREL,0.973,Dock socioculturel,AVENUE JAMES PADDON,CULTUREL ET SOCIO EDUCATIF,Equipements culturels,Centre culturel maison culturelle et centre d'art,166.366370328351,-22.1294955354086,etablissements_publics_nc,91,2101,Paita centre
legislatives_2024,1,988,98821,Païta,PAITA,0001,842,409,433,399,6,4,6,DVD,PONGA,Alcide,MASCULIN,Alcide PONGA,,153,,,,Dock socio-culturel 1,DOCK SOCIO CULTUREL,0.973,Dock socioculturel,AVENUE JAMES PADDON,CULTUREL ET SOCIO EDUCATIF,Equipements culturels,Centre culturel maison culturelle et centre d'art,166.366370328351,-22.1294955354086,etablissements_publics_nc,91,2101,Paita centre
legislatives_2024,1,988,98821,Païta,PAITA,0001,842,409,433,399,6,4,7,HOR,POADJA,Gérard,MASCULIN,Gérard POADJA,,20,,,,Dock socio-culturel 1,DOCK SOCIO CULTUREL,0.973,Dock socioculturel,AVENUE JAMES PADDON,CULTUREL ET SOCIO EDUCATIF,Equipements culturels,Centre culturel maison culturelle et centre d'art,166.366370328351,-22.1294955354086,etablissements_publics_nc,91,2101,Paita centre
legislatives_2024,1,988,98821,Païta,PAITA,0002,836,535,301,521,11,3,1,DVG,TUKUMULI,Milakulo,MASCULIN,Milakulo TUKUMULI,,225,,,,Dock socio-culturel 2,DOCK SOCIO CULTUREL,0.973,Dock socioculturel,AVENUE JAMES PADDON,CULTUREL ET SOCIO EDUCATIF,Equipements culturels,Centre culturel maison culturelle et centre d'art,166.366370328351,-22.1294955354086,etablissements_publics_nc,91,2101,Paita centre
legislatives_2024,1,988,98821,Païta,PAITA,0002,836,535,301,521,11,3,2,REG,TJIBAOU,Emmanuel,MASCULIN,Emmanuel TJIBAOU,,94,,,,Dock socio-culturel 2,DOCK SOCIO CULTUREL,0.973,Dock socioculturel,AVENUE JAMES PADDON,CULTUREL ET SOCIO EDUCATIF,Equipements culturels,Centre culturel maison culturelle et centre d'art,166.366370328351,-22.1294955354086,etablissements_publics_nc,91,2101,Paita centre
legislatives_2024,1,988,98821,Païta,PAITA,0002,836,535,301,521,11,3,3,REG,FRERE,Ronald,MASCULIN,Ronald FRERE,,5,,,,Dock socio-culturel 2,DOCK SOCIO CULTUREL,0.973,Dock socioculturel,AVENUE JAMES PADDON,CULTUREL ET SOCIO EDUCATIF,Equipements culturels,Centre culturel maison culturelle et centre d'art,166.366370328351,-22.1294955354086,etablissements_publics_nc,91,2101,Paita centre
legislatives_2024,1,988,98821,Païta,PAITA,0002,836,535,301,521,11,3,4,REG,VOUDJO,Luther,MASCULIN,Luther VOUDJO,,5,,,,Dock socio-culturel 2,DOCK SOCIO CULTUREL,0.973,Dock socioculturel,AVENUE JAMES PADDON,CULTUREL ET SOCIO EDUCATIF,Equipements culturels,Centre culturel maison culturelle et centre d'art,166.366370328351,-22.1294955354086,etablissements_publics_nc,91,2101,Paita centre
legislatives_2024,1,988,98821,Païta,PAITA,0002,836,535,301,521,11,3,6,DVD,PONGA,Alcide,MASCULIN,Alcide PONGA,,159,,,,Dock socio-culturel 2,DOCK SOCIO CULTUREL,0.973,Dock socioculturel,AVENUE JAMES PADDON,CULTUREL ET SOCIO EDUCATIF,Equipements culturels,Centre culturel maison culturelle et centre d'art,166.366370328351,-22.1294955354086,etablissements_publics_nc,91,2101,Paita centre
legislatives_2024,1,988,98821,Païta,PAITA,0002,836,535,301,521,11,3,7,HOR,POADJA,Gérard,MASCULIN,Gérard POADJA,,33,,,,Dock socio-culturel 2,DOCK SOCIO CULTUREL,0.973,Dock socioculturel,AVENUE JAMES PADDON,CULTUREL ET SOCIO EDUCATIF,Equipements culturels,Centre culturel maison culturelle et centre d'art,166.366370328351,-22.1294955354086,etablissements_publics_nc,91,2101,Paita centre
legislatives_2024,1,988,98821,Païta,PAITA,0003,929,589,340,572,15,2,1,DVG,TUKUMULI,Milakulo,MASCULIN,Milakulo TUKUMULI,,128,,,,Dock socio-culturel 3,DOCK SOCIO CULTUREL,0.973,Dock socioculturel,AVENUE JAMES PADDON,CULTUREL ET SOCIO EDUCATIF,Equipements culturels,Centre culturel maison culturelle et centre d'art,166.366370328351,-22.1294955354086,etablissements_publics_nc,91,2101,Paita centre
legislatives_2024,1,988,98821,Païta,PAITA,0003,929,589,340,572,15,2,2,REG,TJIBAOU,Emmanuel,MASCULIN,Emmanuel TJIBAOU,,103,,,,Dock socio-culturel 3,DOCK SOCIO CULTUREL,0.973,Dock socioculturel,AVENUE JAMES PADDON,CULTUREL ET SOCIO EDUCATIF,Equipements culturels,Centre culturel maison culturelle et centre d'art,166.366370328351,-22.1294955354086,etablissements_publics_nc,91,2101,Paita centre
legislatives_2024,1,988,98821,Païta,PAITA,0003,929,589,340,572,15,2,3,REG,FRERE,Ronald,MASCULIN,Ronald FRERE,,6,,,,Dock socio-culturel 3,DOCK SOCIO CULTUREL,0.973,Dock socioculturel,AVENUE JAMES PADDON,CULTUREL ET SOCIO EDUCATIF,Equipements culturels,Centre culturel maison culturelle et centre d'art,166.366370328351,-22.1294955354086,etablissements_publics_nc,91,2101,Paita centre
legislatives_2024,1,988,98821,Païta,PAITA,0003,929,589,340,572,15,2,4,REG,VOUDJO,Luther,MASCULIN,Luther VOUDJO,,15,,,,Dock socio-culturel 3,DOCK SOCIO CULTUREL,0.973,Dock socioculturel,AVENUE JAMES PADDON,CULTUREL ET SOCIO EDUCATIF,Equipements culturels,Centre culturel maison culturelle et centre d'art,166.366370328351,-22.1294955354086,etablissements_publics_nc,91,2101,Paita centre
legislatives_2024,1,988,98821,Païta,PAITA,0003,929,589,340,572,15,2,6,DVD,PONGA,Alcide,MASCULIN,Alcide PONGA,,271,,,,Dock socio-culturel 3,DOCK SOCIO CULTUREL,0.973,Dock socioculturel,AVENUE JAMES PADDON,CULTUREL ET SOCIO EDUCATIF,Equipements culturels,Centre culturel maison culturelle et centre d'art,166.366370328351,-22.1294955354086,etablissements_publics_nc,91,2101,Paita centre
legislatives_2024,1,988,98821,Païta,PAITA,0003,929,589,340,572,15,2,7,HOR,POADJA,Gérard,MASCULIN,Gérard POADJA,,49,,,,Dock socio-culturel 3,DOCK SOCIO CULTUREL,0.973,Dock socioculturel,AVENUE JAMES PADDON,CULTUREL ET SOCIO EDUCATIF,Equipements culturels,Centre culturel maison culturelle et centre d'art,166.366370328351,-22.1294955354086,etablissements_publics_nc,91,2101,Paita centre
legislatives_2024,1,988,98821,Païta,PAITA,0004,878,532,346,521,6,5,1,DVG,TUKUMULI,Milakulo,MASCULIN,Milakulo TUKUMULI,,90,,,,Dock socio-culturel 4,DOCK SOCIO CULTUREL,0.973,Dock socioculturel,AVENUE JAMES PADDON,CULTUREL ET SOCIO EDUCATIF,Equipements culturels,Centre culturel maison culturelle et centre d'art,166.366370328351,-22.1294955354086,etablissements_publics_nc,91,2101,Paita centre
legislatives_2024,1,988,98821,Païta,PAITA,0004,878,532,346,521,6,5,2,REG,TJIBAOU,Emmanuel,MASCULIN,Emmanuel TJIBAOU,,71,,,,Dock socio-culturel 4,DOCK SOCIO CULTUREL,0.973,Dock socioculturel,AVENUE JAMES PADDON,CULTUREL ET SOCIO EDUCATIF,Equipements culturels,Centre culturel maison culturelle et centre d'art,166.366370328351,-22.1294955354086,etablissements_publics_nc,91,2101,Paita centre
legislatives_2024,1,988,98821,Païta,PAITA,0004,878,532,346,521,6,5,3,REG,FRERE,Ronald,MASCULIN,Ronald FRERE,,3,,,,Dock socio-culturel 4,DOCK SOCIO CULTUREL,0.973,Dock socioculturel,AVENUE JAMES PADDON,CULTUREL ET SOCIO EDUCATIF,Equipements culturels,Centre culturel maison culturelle et centre d'art,166.366370328351,-22.1294955354086,etablissements_publics_nc,91,2101,Paita centre
legislatives_2024,1,988,98821,Païta,PAITA,0004,878,532,346,521,6,5,4,REG,VOUDJO,Luther,MASCULIN,Luther VOUDJO,,5,,,,Dock socio-culturel 4,DOCK SOCIO CULTUREL,0.973,Dock socioculturel,AVENUE JAMES PADDON,CULTUREL ET SOCIO EDUCATIF,Equipements culturels,Centre culturel maison culturelle et centre d'art,166.366370328351,-22.1294955354086,etablissements_publics_nc,91,2101,Paita centre
legislatives_2024,1,988,98821,Païta,PAITA,0004,878,532,346,521,6,5,6,DVD,PONGA,Alcide,MASCULIN,Alcide PONGA,,316,,,,Dock socio-culturel 4,DOCK SOCIO CULTUREL,0.973,Dock socioculturel,AVENUE JAMES PADDON,CULTUREL ET SOCIO EDUCATIF,Equipements culturels,Centre culturel maison culturelle et centre d'art,166.366370328351,-22.1294955354086,etablissements_publics_nc,91,2101,Paita centre
legislatives_2024,1,988,98821,Païta,PAITA,0004,878,532,346,521,6,5,7,HOR,POADJA,Gérard,MASCULIN,Gérard POADJA,,36,,,,Dock socio-culturel 4,DOCK SOCIO CULTUREL,0.973,Dock socioculturel,AVENUE JAMES PADDON,CULTUREL ET SOCIO EDUCATIF,Equipements culturels,Centre culturel maison culturelle et centre d'art,166.366370328351,-22.1294955354086,etablissements_publics_nc,91,2101,Paita centre
legislatives_2024,1,988,98821,Païta,PAITA,0005,955,616,339,604,12,0,1,DVG,TUKUMULI,Milakulo,MASCULIN,Milakulo TUKUMULI,,149,,,,Dock socio-culturel 5,DOCK SOCIO CULTUREL,0.973,Dock socioculturel,AVENUE JAMES PADDON,CULTUREL ET SOCIO EDUCATIF,Equipements culturels,Centre culturel maison culturelle et centre d'art,166.366370328351,-22.1294955354086,etablissements_publics_nc,91,2101,Paita centre
legislatives_2024,1,988,98821,Païta,PAITA,0005,955,616,339,604,12,0,2,REG,TJIBAOU,Emmanuel,MASCULIN,Emmanuel TJIBAOU,,89,,,,Dock socio-culturel 5,DOCK SOCIO CULTUREL,0.973,Dock socioculturel,AVENUE JAMES PADDON,CULTUREL ET SOCIO EDUCATIF,Equipements culturels,Centre culturel maison culturelle et centre d'art,166.366370328351,-22.1294955354086,etablissements_publics_nc,91,2101,Paita centre
legislatives_2024,1,988,98821,Païta,PAITA,0005,955,616,339,604,12,0,3,REG,FRERE,Ronald,MASCULIN,Ronald FRERE,,5,,,,Dock socio-culturel 5,DOCK SOCIO CULTUREL,0.973,Dock socioculturel,AVENUE JAMES PADDON,CULTUREL ET SOCIO EDUCATIF,Equipements culturels,Centre culturel maison culturelle et centre d'art,166.366370328351,-22.1294955354086,etablissements_publics_nc,91,2101,Paita centre
legislatives_2024,1,988,98821,Païta,PAITA,0005,955,616,339,604,12,0,4,REG,VOUDJO,Luther,MASCULIN,Luther VOUDJO,,5,,,,Dock socio-culturel 5,DOCK SOCIO CULTUREL,0.973,Dock socioculturel,AVENUE JAMES PADDON,CULTUREL ET SOCIO EDUCATIF,Equipements culturels,Centre culturel maison culturelle et centre d'art,166.366370328351,-22.1294955354086,etablissements_publics_nc,91,2101,Paita centre
legislatives_2024,1,988,98821,Païta,PAITA,0005,955,616,339,604,12,0,6,DVD,PONGA,Alcide,MASCULIN,Alcide PONGA,,329,,,,Dock socio-culturel 5,DOCK SOCIO CULTUREL,0.973,Dock socioculturel,AVENUE JAMES PADDON,CULTUREL ET SOCIO EDUCATIF,Equipements culturels,Centre culturel maison culturelle et centre d'art,166.366370328351,-22.1294955354086,etablissements_publics_nc,91,2101,Paita centre
legislatives_2024,1,988,98821,Païta,PAITA,0005,955,616,339,604,12,0,7,HOR,POADJA,Gérard,MASCULIN,Gérard POADJA,,27,,,,Dock socio-culturel 5,DOCK SOCIO CULTUREL,0.973,Dock socioculturel,AVENUE JAMES PADDON,CULTUREL ET SOCIO EDUCATIF,Equipements culturels,Centre culturel maison culturelle et centre d'art,166.366370328351,-22.1294955354086,etablissements_publics_nc,91,2101,Paita centre
legislatives_2024,1,988,98821,Païta,PAITA,0006,917,564,353,556,3,5,1,DVG,TUKUMULI,Milakulo,MASCULIN,Milakulo TUKUMULI,,45,,,,Mairie,MAIRIE,0.98,Mairie de Païta,,ADMINISTRATION ET ORGANISME,Administrations des collectivités,Administration de la commune de Païta,166.361658608639,-22.1291986951984,etablissements_publics_nc,91,2101,Paita centre
legislatives_2024,1,988,98821,Païta,PAITA,0006,917,564,353,556,3,5,2,REG,TJIBAOU,Emmanuel,MASCULIN,Emmanuel TJIBAOU,,234,,,,Mairie,MAIRIE,0.98,Mairie de Païta,,ADMINISTRATION ET ORGANISME,Administrations des collectivités,Administration de la commune de Païta,166.361658608639,-22.1291986951984,etablissements_publics_nc,91,2101,Paita centre
legislatives_2024,1,988,98821,Païta,PAITA,0006,917,564,353,556,3,5,3,REG,FRERE,Ronald,MASCULIN,Ronald FRERE,,11,,,,Mairie,MAIRIE,0.98,Mairie de Païta,,ADMINISTRATION ET ORGANISME,Administrations des collectivités,Administration de la commune de Païta,166.361658608639,-22.1291986951984,etablissements_publics_nc,91,2101,Paita centre
legislatives_2024,1,988,98821,Païta,PAITA,0006,917,564,353,556,3,5,4,REG,VOUDJO,Luther,MASCULIN,Luther VOUDJO,,7,,,,Mairie,MAIRIE,0.98,Mairie de Païta,,ADMINISTRATION ET ORGANISME,Administrations des collectivités,Administration de la commune de Païta,166.361658608639,-22.1291986951984,etablissements_publics_nc,91,2101,Paita centre
legislatives_2024,1,988,98821,Païta,PAITA,0006,917,564,353,556,3,5,6,DVD,PONGA,Alcide,MASCULIN,Alcide PONGA,,233,,,,Mairie,MAIRIE,0.98,Mairie de Païta,,ADMINISTRATION ET ORGANISME,Administrations des collectivités,Administration de la commune de Païta,166.361658608639,-22.1291986951984,etablissements_publics_nc,91,2101,Paita centre
legislatives_2024,1,988,98821,Païta,PAITA,0006,917,564,353,556,3,5,7,HOR,POADJA,Gérard,MASCULIN,Gérard POADJA,,26,,,,Mairie,MAIRIE,0.98,Mairie de Païta,,ADMINISTRATION ET ORGANISME,Administrations des collectivités,Administration de la commune de Païta,166.361658608639,-22.1291986951984,etablissements_publics_nc,91,2101,Paita centre
legislatives_2024,1,988,98821,Païta,PAITA,0007,890,562,328,536,19,7,1,DVG,TUKUMULI,Milakulo,MASCULIN,Milakulo TUKUMULI,,229,,,,École Vi Vete,ECOLE VI VETE,0.669,Ecole maternelle Vi-Vete,,ENSEIGNEMENT ET FORMATION,Enseignement du premier degré,Ecole pré-élémentaire,166.356291724406,-22.134484419519,etablissements_publics_nc,91,2101,Paita centre
legislatives_2024,1,988,98821,Païta,PAITA,0007,890,562,328,536,19,7,2,REG,TJIBAOU,Emmanuel,MASCULIN,Emmanuel TJIBAOU,,93,,,,École Vi Vete,ECOLE VI VETE,0.669,Ecole maternelle Vi-Vete,,ENSEIGNEMENT ET FORMATION,Enseignement du premier degré,Ecole pré-élémentaire,166.356291724406,-22.134484419519,etablissements_publics_nc,91,2101,Paita centre
legislatives_2024,1,988,98821,Païta,PAITA,0007,890,562,328,536,19,7,3,REG,FRERE,Ronald,MASCULIN,Ronald FRERE,,7,,,,École Vi Vete,ECOLE VI VETE,0.669,Ecole maternelle Vi-Vete,,ENSEIGNEMENT ET FORMATION,Enseignement du premier degré,Ecole pré-élémentaire,166.356291724406,-22.134484419519,etablissements_publics_nc,91,2101,Paita centre
legislatives_2024,1,988,98821,Païta,PAITA,0007,890,562,328,536,19,7,4,REG,VOUDJO,Luther,MASCULIN,Luther VOUDJO,,8,,,,École Vi Vete,ECOLE VI VETE,0.669,Ecole maternelle Vi-Vete,,ENSEIGNEMENT ET FORMATION,Enseignement du premier degré,Ecole pré-élémentaire,166.356291724406,-22.134484419519,etablissements_publics_nc,91,2101,Paita centre
legislatives_2024,1,988,98821,Païta,PAITA,0007,890,562,328,536,19,7,6,DVD,PONGA,Alcide,MASCULIN,Alcide PONGA,,165,,,,École Vi Vete,ECOLE VI VETE,0.669,Ecole maternelle Vi-Vete,,ENSEIGNEMENT ET FORMATION,Enseignement du premier degré,Ecole pré-élémentaire,166.356291724406,-22.134484419519,etablissements_publics_nc,91,2101,Paita centre
legislatives_2024,1,988,98821,Païta,PAITA,0007,890,562,328,536,19,7,7,HOR,POADJA,Gérard,MASCULIN,Gérard POADJA,,34,,,,École Vi Vete,ECOLE VI VETE,0.669,Ecole maternelle Vi-Vete,,ENSEIGNEMENT ET FORMATION,Enseignement du premier degré,Ecole pré-élémentaire,166.356291724406,-22.134484419519,etablissements_publics_nc,91,2101,Paita centre
legislatives_2024,1,988,98821,Païta,PAITA,0008,1021,676,345,663,10,3,1,DVG,TUKUMULI,Milakulo,MASCULIN,Milakulo TUKUMULI,,101,,,,École James Paddon,ECOLE JAMES PADDON,0.8,Ecole James Paddon,,ENSEIGNEMENT ET FORMATION,Enseignement du premier degré,Ecole élémentaire,166.359353160601,-22.1337644237458,etablissements_publics_nc,91,2101,Paita centre
legislatives_2024,1,988,98821,Païta,PAITA,0008,1021,676,345,663,10,3,2,REG,TJIBAOU,Emmanuel,MASCULIN,Emmanuel TJIBAOU,,107,,,,École James Paddon,ECOLE JAMES PADDON,0.8,Ecole James Paddon,,ENSEIGNEMENT ET FORMATION,Enseignement du premier degré,Ecole élémentaire,166.359353160601,-22.1337644237458,etablissements_publics_nc,91,2101,Paita centre
legislatives_2024,1,988,98821,Païta,PAITA,0008,1021,676,345,663,10,3,3,REG,FRERE,Ronald,MASCULIN,Ronald FRERE,,6,,,,École James Paddon,ECOLE JAMES PADDON,0.8,Ecole James Paddon,,ENSEIGNEMENT ET FORMATION,Enseignement du premier degré,Ecole élémentaire,166.359353160601,-22.1337644237458,etablissements_publics_nc,91,2101,Paita centre
legislatives_2024,1,988,98821,Païta,PAITA,0008,1021,676,345,663,10,3,4,REG,VOUDJO,Luther,MASCULIN,Luther VOUDJO,,7,,,,École James Paddon,ECOLE JAMES PADDON,0.8,Ecole James Paddon,,ENSEIGNEMENT ET FORMATION,Enseignement du premier degré,Ecole élémentaire,166.359353160601,-22.1337644237458,etablissements_publics_nc,91,2101,Paita centre
legislatives_2024,1,988,98821,Païta,PAITA,0008,1021,676,345,663,10,3,6,DVD,PONGA,Alcide,MASCULIN,Alcide PONGA,,388,,,,École James Paddon,ECOLE JAMES PADDON,0.8,Ecole James Paddon,,ENSEIGNEMENT ET FORMATION,Enseignement du premier degré,Ecole élémentaire,166.359353160601,-22.1337644237458,etablissements_publics_nc,91,2101,Paita centre
legislatives_2024,1,988,98821,Païta,PAITA,0008,1021,676,345,663,10,3,7,HOR,POADJA,Gérard,MASCULIN,Gérard POADJA,,54,,,,École James Paddon,ECOLE JAMES PADDON,0.8,Ecole James Paddon,,ENSEIGNEMENT ET FORMATION,Enseignement du premier degré,Ecole élémentaire,166.359353160601,-22.1337644237458,etablissements_publics_nc,91,2101,Paita centre
legislatives_2024,1,988,98821,Païta,PAITA,0009,911,521,390,497,17,7,1,DVG,TUKUMULI,Milakulo,MASCULIN,Milakulo TUKUMULI,,158,,,,École élémentaire Scheffleras 1,ECOLE ELEMENTAIRE SCHEFFLERAS,1,Ecole Scheffleras,,ENSEIGNEMENT ET FORMATION,Enseignement du premier degré,Ecole élémentaire,166.36989887391,-22.1257398247667,etablissements_publics_nc,92,2102,Scheffleras
legislatives_2024,1,988,98821,Païta,PAITA,0009,911,521,390,497,17,7,2,REG,TJIBAOU,Emmanuel,MASCULIN,Emmanuel TJIBAOU,,156,,,,École élémentaire Scheffleras 1,ECOLE ELEMENTAIRE SCHEFFLERAS,1,Ecole Scheffleras,,ENSEIGNEMENT ET FORMATION,Enseignement du premier degré,Ecole élémentaire,166.36989887391,-22.1257398247667,etablissements_publics_nc,92,2102,Scheffleras
legislatives_2024,1,988,98821,Païta,PAITA,0009,911,521,390,497,17,7,3,REG,FRERE,Ronald,MASCULIN,Ronald FRERE,,7,,,,École élémentaire Scheffleras 1,ECOLE ELEMENTAIRE SCHEFFLERAS,1,Ecole Scheffleras,,ENSEIGNEMENT ET FORMATION,Enseignement du premier degré,Ecole élémentaire,166.36989887391,-22.1257398247667,etablissements_publics_nc,92,2102,Scheffleras
legislatives_2024,1,988,98821,Païta,PAITA,0009,911,521,390,497,17,7,4,REG,VOUDJO,Luther,MASCULIN,Luther VOUDJO,,27,,,,École élémentaire Scheffleras 1,ECOLE ELEMENTAIRE SCHEFFLERAS,1,Ecole Scheffleras,,ENSEIGNEMENT ET FORMATION,Enseignement du premier degré,Ecole élémentaire,166.36989887391,-22.1257398247667,etablissements_publics_nc,92,2102,Scheffleras
legislatives_2024,1,988,98821,Païta,PAITA,0009,911,521,390,497,17,7,6,DVD,PONGA,Alcide,MASCULIN,Alcide PONGA,,126,,,,École élémentaire Scheffleras 1,ECOLE ELEMENTAIRE SCHEFFLERAS,1,Ecole Scheffleras,,ENSEIGNEMENT ET FORMATION,Enseignement du premier degré,Ecole élémentaire,166.36989887391,-22.1257398247667,etablissements_publics_nc,92,2102,Scheffleras
legislatives_2024,1,988,98821,Païta,PAITA,0009,911,521,390,497,17,7,7,HOR,POADJA,Gérard,MASCULIN,Gérard POADJA,,23,,,,École élémentaire Scheffleras 1,ECOLE ELEMENTAIRE SCHEFFLERAS,1,Ecole Scheffleras,,ENSEIGNEMENT ET FORMATION,Enseignement du premier degré,Ecole élémentaire,166.36989887391,-22.1257398247667,etablissements_publics_nc,92,2102,Scheffleras
legislatives_2024,1,988,98821,Païta,PAITA,0010,1004,640,364,621,15,4,1,DVG,TUKUMULI,Milakulo,MASCULIN,Milakulo TUKUMULI,,189,,,,École élémentaire Scheffleras 2,ECOLE ELEMENTAIRE SCHEFFLERAS,1,Ecole Scheffleras,,ENSEIGNEMENT ET FORMATION,Enseignement du premier degré,Ecole élémentaire,166.36989887391,-22.1257398247667,etablissements_publics_nc,92,2102,Scheffleras
legislatives_2024,1,988,98821,Païta,PAITA,0010,1004,640,364,621,15,4,2,REG,TJIBAOU,Emmanuel,MASCULIN,Emmanuel TJIBAOU,,175,,,,École élémentaire Scheffleras 2,ECOLE ELEMENTAIRE SCHEFFLERAS,1,Ecole Scheffleras,,ENSEIGNEMENT ET FORMATION,Enseignement du premier degré,Ecole élémentaire,166.36989887391,-22.1257398247667,etablissements_publics_nc,92,2102,Scheffleras
legislatives_2024,1,988,98821,Païta,PAITA,0010,1004,640,364,621,15,4,3,REG,FRERE,Ronald,MASCULIN,Ronald FRERE,,8,,,,École élémentaire Scheffleras 2,ECOLE ELEMENTAIRE SCHEFFLERAS,1,Ecole Scheffleras,,ENSEIGNEMENT ET FORMATION,Enseignement du premier degré,Ecole élémentaire,166.36989887391,-22.1257398247667,etablissements_publics_nc,92,2102,Scheffleras
legislatives_2024,1,988,98821,Païta,PAITA,0010,1004,640,364,621,15,4,4,REG,VOUDJO,Luther,MASCULIN,Luther VOUDJO,,16,,,,École élémentaire Scheffleras 2,ECOLE ELEMENTAIRE SCHEFFLERAS,1,Ecole Scheffleras,,ENSEIGNEMENT ET FORMATION,Enseignement du premier degré,Ecole élémentaire,166.36989887391,-22.1257398247667,etablissements_publics_nc,92,2102,Scheffleras
legislatives_2024,1,988,98821,Païta,PAITA,0010,1004,640,364,621,15,4,6,DVD,PONGA,Alcide,MASCULIN,Alcide PONGA,,199,,,,École élémentaire Scheffleras 2,ECOLE ELEMENTAIRE SCHEFFLERAS,1,Ecole Scheffleras,,ENSEIGNEMENT ET FORMATION,Enseignement du premier degré,Ecole élémentaire,166.36989887391,-22.1257398247667,etablissements_publics_nc,92,2102,Scheffleras
legislatives_2024,1,988,98821,Païta,PAITA,0010,1004,640,364,621,15,4,7,HOR,POADJA,Gérard,MASCULIN,Gérard POADJA,,34,,,,École élémentaire Scheffleras 2,ECOLE ELEMENTAIRE SCHEFFLERAS,1,Ecole Scheffleras,,ENSEIGNEMENT ET FORMATION,Enseignement du premier degré,Ecole élémentaire,166.36989887391,-22.1257398247667,etablissements_publics_nc,92,2102,Scheffleras
legislatives_2024,1,988,98821,Païta,PAITA,0011,887,575,312,557,12,6,1,DVG,TUKUMULI,Milakulo,MASCULIN,Milakulo TUKUMULI,,152,,,,École maternelle Scheffleras 1,ECOLE MATERNELLE SCHEFFLERAS,0.787,Ecole Scheffleras,,ENSEIGNEMENT ET FORMATION,Enseignement du premier degré,Ecole élémentaire,166.36989887391,-22.1257398247667,etablissements_publics_nc,92,2102,Scheffleras
legislatives_2024,1,988,98821,Païta,PAITA,0011,887,575,312,557,12,6,2,REG,TJIBAOU,Emmanuel,MASCULIN,Emmanuel TJIBAOU,,101,,,,École maternelle Scheffleras 1,ECOLE MATERNELLE SCHEFFLERAS,0.787,Ecole Scheffleras,,ENSEIGNEMENT ET FORMATION,Enseignement du premier degré,Ecole élémentaire,166.36989887391,-22.1257398247667,etablissements_publics_nc,92,2102,Scheffleras
legislatives_2024,1,988,98821,Païta,PAITA,0011,887,575,312,557,12,6,3,REG,FRERE,Ronald,MASCULIN,Ronald FRERE,,6,,,,École maternelle Scheffleras 1,ECOLE MATERNELLE SCHEFFLERAS,0.787,Ecole Scheffleras,,ENSEIGNEMENT ET FORMATION,Enseignement du premier degré,Ecole élémentaire,166.36989887391,-22.1257398247667,etablissements_publics_nc,92,2102,Scheffleras
legislatives_2024,1,988,98821,Païta,PAITA,0011,887,575,312,557,12,6,4,REG,VOUDJO,Luther,MASCULIN,Luther VOUDJO,,19,,,,École maternelle Scheffleras 1,ECOLE MATERNELLE SCHEFFLERAS,0.787,Ecole Scheffleras,,ENSEIGNEMENT ET FORMATION,Enseignement du premier degré,Ecole élémentaire,166.36989887391,-22.1257398247667,etablissements_publics_nc,92,2102,Scheffleras
legislatives_2024,1,988,98821,Païta,PAITA,0011,887,575,312,557,12,6,6,DVD,PONGA,Alcide,MASCULIN,Alcide PONGA,,237,,,,École maternelle Scheffleras 1,ECOLE MATERNELLE SCHEFFLERAS,0.787,Ecole Scheffleras,,ENSEIGNEMENT ET FORMATION,Enseignement du premier degré,Ecole élémentaire,166.36989887391,-22.1257398247667,etablissements_publics_nc,92,2102,Scheffleras
legislatives_2024,1,988,98821,Païta,PAITA,0011,887,575,312,557,12,6,7,HOR,POADJA,Gérard,MASCULIN,Gérard POADJA,,42,,,,École maternelle Scheffleras 1,ECOLE MATERNELLE SCHEFFLERAS,0.787,Ecole Scheffleras,,ENSEIGNEMENT ET FORMATION,Enseignement du premier degré,Ecole élémentaire,166.36989887391,-22.1257398247667,etablissements_publics_nc,92,2102,Scheffleras
legislatives_2024,1,988,98821,Païta,PAITA,0012,821,540,281,525,12,3,1,DVG,TUKUMULI,Milakulo,MASCULIN,Milakulo TUKUMULI,,64,,,,École maternelle Scheffleras 2,ECOLE MATERNELLE SCHEFFLERAS,0.787,Ecole Scheffleras,,ENSEIGNEMENT ET FORMATION,Enseignement du premier degré,Ecole élémentaire,166.36989887391,-22.1257398247667,etablissements_publics_nc,92,2102,Scheffleras
legislatives_2024,1,988,98821,Païta,PAITA,0012,821,540,281,525,12,3,2,REG,TJIBAOU,Emmanuel,MASCULIN,Emmanuel TJIBAOU,,73,,,,École maternelle Scheffleras 2,ECOLE MATERNELLE SCHEFFLERAS,0.787,Ecole Scheffleras,,ENSEIGNEMENT ET FORMATION,Enseignement du premier degré,Ecole élémentaire,166.36989887391,-22.1257398247667,etablissements_publics_nc,92,2102,Scheffleras
legislatives_2024,1,988,98821,Païta,PAITA,0012,821,540,281,525,12,3,3,REG,FRERE,Ronald,MASCULIN,Ronald FRERE,,11,,,,École maternelle Scheffleras 2,ECOLE MATERNELLE SCHEFFLERAS,0.787,Ecole Scheffleras,,ENSEIGNEMENT ET FORMATION,Enseignement du premier degré,Ecole élémentaire,166.36989887391,-22.1257398247667,etablissements_publics_nc,92,2102,Scheffleras
legislatives_2024,1,988,98821,Païta,PAITA,0012,821,540,281,525,12,3,4,REG,VOUDJO,Luther,MASCULIN,Luther VOUDJO,,2,,,,École maternelle Scheffleras 2,ECOLE MATERNELLE SCHEFFLERAS,0.787,Ecole Scheffleras,,ENSEIGNEMENT ET FORMATION,Enseignement du premier degré,Ecole élémentaire,166.36989887391,-22.1257398247667,etablissements_publics_nc,92,2102,Scheffleras
legislatives_2024,1,988,98821,Païta,PAITA,0012,821,540,281,525,12,3,6,DVD,PONGA,Alcide,MASCULIN,Alcide PONGA,,326,,,,École maternelle Scheffleras 2,ECOLE MATERNELLE SCHEFFLERAS,0.787,Ecole Scheffleras,,ENSEIGNEMENT ET FORMATION,Enseignement du premier degré,Ecole élémentaire,166.36989887391,-22.1257398247667,etablissements_publics_nc,92,2102,Scheffleras
legislatives_2024,1,988,98821,Païta,PAITA,0012,821,540,281,525,12,3,7,HOR,POADJA,Gérard,MASCULIN,Gérard POADJA,,49,,,,École maternelle Scheffleras 2,ECOLE MATERNELLE SCHEFFLERAS,0.787,Ecole Scheffleras,,ENSEIGNEMENT ET FORMATION,Enseignement du premier degré,Ecole élémentaire,166.36989887391,-22.1257398247667,etablissements_publics_nc,92,2102,Scheffleras
legislatives_2024,1,988,98821,Païta,PAITA,0013,786,474,312,459,10,5,1,DVG,TUKUMULI,Milakulo,MASCULIN,Milakulo TUKUMULI,,60,,,,École primaire Jean Ounou COTTIN 1,ECOLE PRIMAIRE JEAN OUNOU COTTIN,0.8,Groupe scolaire Jean Ounou COTTIN,,ENSEIGNEMENT ET FORMATION,Enseignement du premier degré,Groupe scolaire,166.265966445473,-22.0605318544913,etablissements_publics_nc,96,2106,Tamoa Bangou Saint Laurent
legislatives_2024,1,988,98821,Païta,PAITA,0013,786,474,312,459,10,5,2,REG,TJIBAOU,Emmanuel,MASCULIN,Emmanuel TJIBAOU,,156,,,,École primaire Jean Ounou COTTIN 1,ECOLE PRIMAIRE JEAN OUNOU COTTIN,0.8,Groupe scolaire Jean Ounou COTTIN,,ENSEIGNEMENT ET FORMATION,Enseignement du premier degré,Groupe scolaire,166.265966445473,-22.0605318544913,etablissements_publics_nc,96,2106,Tamoa Bangou Saint Laurent
legislatives_2024,1,988,98821,Païta,PAITA,0013,786,474,312,459,10,5,3,REG,FRERE,Ronald,MASCULIN,Ronald FRERE,,5,,,,École primaire Jean Ounou COTTIN 1,ECOLE PRIMAIRE JEAN OUNOU COTTIN,0.8,Groupe scolaire Jean Ounou COTTIN,,ENSEIGNEMENT ET FORMATION,Enseignement du premier degré,Groupe scolaire,166.265966445473,-22.0605318544913,etablissements_publics_nc,96,2106,Tamoa Bangou Saint Laurent
legislatives_2024,1,988,98821,Païta,PAITA,0013,786,474,312,459,10,5,4,REG,VOUDJO,Luther,MASCULIN,Luther VOUDJO,,4,,,,École primaire Jean Ounou COTTIN 1,ECOLE PRIMAIRE JEAN OUNOU COTTIN,0.8,Groupe scolaire Jean Ounou COTTIN,,ENSEIGNEMENT ET FORMATION,Enseignement du premier degré,Groupe scolaire,166.265966445473,-22.0605318544913,etablissements_publics_nc,96,2106,Tamoa Bangou Saint Laurent
legislatives_2024,1,988,98821,Païta,PAITA,0013,786,474,312,459,10,5,6,DVD,PONGA,Alcide,MASCULIN,Alcide PONGA,,207,,,,École primaire Jean Ounou COTTIN 1,ECOLE PRIMAIRE JEAN OUNOU COTTIN,0.8,Groupe scolaire Jean Ounou COTTIN,,ENSEIGNEMENT ET FORMATION,Enseignement du premier degré,Groupe scolaire,166.265966445473,-22.0605318544913,etablissements_publics_nc,96,2106,Tamoa Bangou Saint Laurent
legislatives_2024,1,988,98821,Païta,PAITA,0013,786,474,312,459,10,5,7,HOR,POADJA,Gérard,MASCULIN,Gérard POADJA,,27,,,,École primaire Jean Ounou COTTIN 1,ECOLE PRIMAIRE JEAN OUNOU COTTIN,0.8,Groupe scolaire Jean Ounou COTTIN,,ENSEIGNEMENT ET FORMATION,Enseignement du premier degré,Groupe scolaire,166.265966445473,-22.0605318544913,etablissements_publics_nc,96,2106,Tamoa Bangou Saint Laurent
legislatives_2024,1,988,98821,Païta,PAITA,0014,593,362,231,357,3,2,1,DVG,TUKUMULI,Milakulo,MASCULIN,Milakulo TUKUMULI,,29,,,,École primaire Jean Ounou COTTIN 2,ECOLE PRIMAIRE JEAN OUNOU COTTIN,0.8,Groupe scolaire Jean Ounou COTTIN,,ENSEIGNEMENT ET FORMATION,Enseignement du premier degré,Groupe scolaire,166.265966445473,-22.0605318544913,etablissements_publics_nc,96,2106,Tamoa Bangou Saint Laurent
legislatives_2024,1,988,98821,Païta,PAITA,0014,593,362,231,357,3,2,2,REG,TJIBAOU,Emmanuel,MASCULIN,Emmanuel TJIBAOU,,277,,,,École primaire Jean Ounou COTTIN 2,ECOLE PRIMAIRE JEAN OUNOU COTTIN,0.8,Groupe scolaire Jean Ounou COTTIN,,ENSEIGNEMENT ET FORMATION,Enseignement du premier degré,Groupe scolaire,166.265966445473,-22.0605318544913,etablissements_publics_nc,96,2106,Tamoa Bangou Saint Laurent
legislatives_2024,1,988,98821,Païta,PAITA,0014,593,362,231,357,3,2,3,REG,FRERE,Ronald,MASCULIN,Ronald FRERE,,10,,,,École primaire Jean Ounou COTTIN 2,ECOLE PRIMAIRE JEAN OUNOU COTTIN,0.8,Groupe scolaire Jean Ounou COTTIN,,ENSEIGNEMENT ET FORMATION,Enseignement du premier degré,Groupe scolaire,166.265966445473,-22.0605318544913,etablissements_publics_nc,96,2106,Tamoa Bangou Saint Laurent
legislatives_2024,1,988,98821,Païta,PAITA,0014,593,362,231,357,3,2,4,REG,VOUDJO,Luther,MASCULIN,Luther VOUDJO,,17,,,,École primaire Jean Ounou COTTIN 2,ECOLE PRIMAIRE JEAN OUNOU COTTIN,0.8,Groupe scolaire Jean Ounou COTTIN,,ENSEIGNEMENT ET FORMATION,Enseignement du premier degré,Groupe scolaire,166.265966445473,-22.0605318544913,etablissements_publics_nc,96,2106,Tamoa Bangou Saint Laurent
legislatives_2024,1,988,98821,Païta,PAITA,0014,593,362,231,357,3,2,6,DVD,PONGA,Alcide,MASCULIN,Alcide PONGA,,17,,,,École primaire Jean Ounou COTTIN 2,ECOLE PRIMAIRE JEAN OUNOU COTTIN,0.8,Groupe scolaire Jean Ounou COTTIN,,ENSEIGNEMENT ET FORMATION,Enseignement du premier degré,Groupe scolaire,166.265966445473,-22.0605318544913,etablissements_publics_nc,96,2106,Tamoa Bangou Saint Laurent
legislatives_2024,1,988,98821,Païta,PAITA,0014,593,362,231,357,3,2,7,HOR,POADJA,Gérard,MASCULIN,Gérard POADJA,,7,,,,École primaire Jean Ounou COTTIN 2,ECOLE PRIMAIRE JEAN OUNOU COTTIN,0.8,Groupe scolaire Jean Ounou COTTIN,,ENSEIGNEMENT ET FORMATION,Enseignement du premier degré,Groupe scolaire,166.265966445473,-22.0605318544913,etablissements_publics_nc,96,2106,Tamoa Bangou Saint Laurent
legislatives_2024,1,988,98821,Païta,PAITA,0015,763,468,295,456,8,4,1,DVG,TUKUMULI,Milakulo,MASCULIN,Milakulo TUKUMULI,,75,,,,Mairie annexe de Tontouta,MAIRIE ANNEXE TONTOUTA,0.83,Mairie annexe de Païta,,ADMINISTRATION ET ORGANISME,Administrations des collectivités,Administration de la commune de Païta,166.22014428712,-22.0130384994051,etablissements_publics_nc,97,2107,Tontouta Tiaré
legislatives_2024,1,988,98821,Païta,PAITA,0015,763,468,295,456,8,4,2,REG,TJIBAOU,Emmanuel,MASCULIN,Emmanuel TJIBAOU,,100,,,,Mairie annexe de Tontouta,MAIRIE ANNEXE TONTOUTA,0.83,Mairie annexe de Païta,,ADMINISTRATION ET ORGANISME,Administrations des collectivités,Administration de la commune de Païta,166.22014428712,-22.0130384994051,etablissements_publics_nc,97,2107,Tontouta Tiaré
legislatives_2024,1,988,98821,Païta,PAITA,0015,763,468,295,456,8,4,3,REG,FRERE,Ronald,MASCULIN,Ronald FRERE,,8,,,,Mairie annexe de Tontouta,MAIRIE ANNEXE TONTOUTA,0.83,Mairie annexe de Païta,,ADMINISTRATION ET ORGANISME,Administrations des collectivités,Administration de la commune de Païta,166.22014428712,-22.0130384994051,etablissements_publics_nc,97,2107,Tontouta Tiaré
legislatives_2024,1,988,98821,Païta,PAITA,0015,763,468,295,456,8,4,4,REG,VOUDJO,Luther,MASCULIN,Luther VOUDJO,,6,,,,Mairie annexe de Tontouta,MAIRIE ANNEXE TONTOUTA,0.83,Mairie annexe de Païta,,ADMINISTRATION ET ORGANISME,Administrations des collectivités,Administration de la commune de Païta,166.22014428712,-22.0130384994051,etablissements_publics_nc,97,2107,Tontouta Tiaré
legislatives_2024,1,988,98821,Païta,PAITA,0015,763,468,295,456,8,4,6,DVD,PONGA,Alcide,MASCULIN,Alcide PONGA,,218,,,,Mairie annexe de Tontouta,MAIRIE ANNEXE TONTOUTA,0.83,Mairie annexe de Païta,,ADMINISTRATION ET ORGANISME,Administrations des collectivités,Administration de la commune de Païta,166.22014428712,-22.0130384994051,etablissements_publics_nc,97,2107,Tontouta Tiaré
legislatives_2024,1,988,98821,Païta,PAITA,0015,763,468,295,456,8,4,7,HOR,POADJA,Gérard,MASCULIN,Gérard POADJA,,49,,,,Mairie annexe de Tontouta,MAIRIE ANNEXE TONTOUTA,0.83,Mairie annexe de Païta,,ADMINISTRATION ET ORGANISME,Administrations des collectivités,Administration de la commune de Païta,166.22014428712,-22.0130384994051,etablissements_publics_nc,97,2107,Tontouta Tiaré
legislatives_2024,1,988,98821,Païta,PAITA,0016,821,586,235,577,9,0,1,DVG,TUKUMULI,Milakulo,MASCULIN,Milakulo TUKUMULI,,31,,,,École Robert Abel- 1,ECOLE ROBERT ABEL,0.8,Ecole Robert ABEL,,ENSEIGNEMENT ET FORMATION,Enseignement du premier degré,Ecole primaire,166.379189029935,-22.1384982889128,etablissements_publics_nc,93,2103,Nogouta-Les 3 Vallées
legislatives_2024,1,988,98821,Païta,PAITA,0016,821,586,235,577,9,0,2,REG,TJIBAOU,Emmanuel,MASCULIN,Emmanuel TJIBAOU,,22,,,,École Robert Abel- 1,ECOLE ROBERT ABEL,0.8,Ecole Robert ABEL,,ENSEIGNEMENT ET FORMATION,Enseignement du premier degré,Ecole primaire,166.379189029935,-22.1384982889128,etablissements_publics_nc,93,2103,Nogouta-Les 3 Vallées
legislatives_2024,1,988,98821,Païta,PAITA,0016,821,586,235,577,9,0,3,REG,FRERE,Ronald,MASCULIN,Ronald FRERE,,2,,,,École Robert Abel- 1,ECOLE ROBERT ABEL,0.8,Ecole Robert ABEL,,ENSEIGNEMENT ET FORMATION,Enseignement du premier degré,Ecole primaire,166.379189029935,-22.1384982889128,etablissements_publics_nc,93,2103,Nogouta-Les 3 Vallées
legislatives_2024,1,988,98821,Païta,PAITA,0016,821,586,235,577,9,0,4,REG,VOUDJO,Luther,MASCULIN,Luther VOUDJO,,1,,,,École Robert Abel- 1,ECOLE ROBERT ABEL,0.8,Ecole Robert ABEL,,ENSEIGNEMENT ET FORMATION,Enseignement du premier degré,Ecole primaire,166.379189029935,-22.1384982889128,etablissements_publics_nc,93,2103,Nogouta-Les 3 Vallées
legislatives_2024,1,988,98821,Païta,PAITA,0016,821,586,235,577,9,0,6,DVD,PONGA,Alcide,MASCULIN,Alcide PONGA,,492,,,,École Robert Abel- 1,ECOLE ROBERT ABEL,0.8,Ecole Robert ABEL,,ENSEIGNEMENT ET FORMATION,Enseignement du premier degré,Ecole primaire,166.379189029935,-22.1384982889128,etablissements_publics_nc,93,2103,Nogouta-Les 3 Vallées
legislatives_2024,1,988,98821,Païta,PAITA,0016,821,586,235,577,9,0,7,HOR,POADJA,Gérard,MASCULIN,Gérard POADJA,,29,,,,École Robert Abel- 1,ECOLE ROBERT ABEL,0.8,Ecole Robert ABEL,,ENSEIGNEMENT ET FORMATION,Enseignement du premier degré,Ecole primaire,166.379189029935,-22.1384982889128,etablissements_publics_nc,93,2103,Nogouta-Les 3 Vallées
legislatives_2024,1,988,98821,Païta,PAITA,0017,1085,740,345,720,13,7,1,DVG,TUKUMULI,Milakulo,MASCULIN,Milakulo TUKUMULI,,170,,,,École Robert Abel- 2,ECOLE ROBERT ABEL,0.8,Ecole Robert ABEL,,ENSEIGNEMENT ET FORMATION,Enseignement du premier degré,Ecole primaire,166.379189029935,-22.1384982889128,etablissements_publics_nc,93,2103,Nogouta-Les 3 Vallées
legislatives_2024,1,988,98821,Païta,PAITA,0017,1085,740,345,720,13,7,2,REG,TJIBAOU,Emmanuel,MASCULIN,Emmanuel TJIBAOU,,139,,,,École Robert Abel- 2,ECOLE ROBERT ABEL,0.8,Ecole Robert ABEL,,ENSEIGNEMENT ET FORMATION,Enseignement du premier degré,Ecole primaire,166.379189029935,-22.1384982889128,etablissements_publics_nc,93,2103,Nogouta-Les 3 Vallées
legislatives_2024,1,988,98821,Païta,PAITA,0017,1085,740,345,720,13,7,3,REG,FRERE,Ronald,MASCULIN,Ronald FRERE,,2,,,,École Robert Abel- 2,ECOLE ROBERT ABEL,0.8,Ecole Robert ABEL,,ENSEIGNEMENT ET FORMATION,Enseignement du premier degré,Ecole primaire,166.379189029935,-22.1384982889128,etablissements_publics_nc,93,2103,Nogouta-Les 3 Vallées
legislatives_2024,1,988,98821,Païta,PAITA,0017,1085,740,345,720,13,7,4,REG,VOUDJO,Luther,MASCULIN,Luther VOUDJO,,6,,,,École Robert Abel- 2,ECOLE ROBERT ABEL,0.8,Ecole Robert ABEL,,ENSEIGNEMENT ET FORMATION,Enseignement du premier degré,Ecole primaire,166.379189029935,-22.1384982889128,etablissements_publics_nc,93,2103,Nogouta-Les 3 Vallées
legislatives_2024,1,988,98821,Païta,PAITA,0017,1085,740,345,720,13,7,6,DVD,PONGA,Alcide,MASCULIN,Alcide PONGA,,343,,,,École Robert Abel- 2,ECOLE ROBERT ABEL,0.8,Ecole Robert ABEL,,ENSEIGNEMENT ET FORMATION,Enseignement du premier degré,Ecole primaire,166.379189029935,-22.1384982889128,etablissements_publics_nc,93,2103,Nogouta-Les 3 Vallées
legislatives_2024,1,988,98821,Païta,PAITA,0017,1085,740,345,720,13,7,7,HOR,POADJA,Gérard,MASCULIN,Gérard POADJA,,60,,,,École Robert Abel- 2,ECOLE ROBERT ABEL,0.8,Ecole Robert ABEL,,ENSEIGNEMENT ET FORMATION,Enseignement du premier degré,Ecole primaire,166.379189029935,-22.1384982889128,etablissements_publics_nc,93,2103,Nogouta-Les 3 Vallées
legislatives_2024,1,988,98821,Païta,PAITA,0018,1025,701,324,677,20,4,1,DVG,TUKUMULI,Milakulo,MASCULIN,Milakulo TUKUMULI,,193,,,,Ecole James Paddon 2,ECOLE JAMES PADDON,0.8,Ecole James Paddon,,ENSEIGNEMENT ET FORMATION,Enseignement du premier degré,Ecole élémentaire,166.359353160601,-22.1337644237458,etablissements_publics_nc,91,2101,Paita centre
legislatives_2024,1,988,98821,Païta,PAITA,0018,1025,701,324,677,20,4,2,REG,TJIBAOU,Emmanuel,MASCULIN,Emmanuel TJIBAOU,,147,,,,Ecole James Paddon 2,ECOLE JAMES PADDON,0.8,Ecole James Paddon,,ENSEIGNEMENT ET FORMATION,Enseignement du premier degré,Ecole élémentaire,166.359353160601,-22.1337644237458,etablissements_publics_nc,91,2101,Paita centre
legislatives_2024,1,988,98821,Païta,PAITA,0018,1025,701,324,677,20,4,3,REG,FRERE,Ronald,MASCULIN,Ronald FRERE,,4,,,,Ecole James Paddon 2,ECOLE JAMES PADDON,0.8,Ecole James Paddon,,ENSEIGNEMENT ET FORMATION,Enseignement du premier degré,Ecole élémentaire,166.359353160601,-22.1337644237458,etablissements_publics_nc,91,2101,Paita centre
legislatives_2024,1,988,98821,Païta,PAITA,0018,1025,701,324,677,20,4,4,REG,VOUDJO,Luther,MASCULIN,Luther VOUDJO,,12,,,,Ecole James Paddon 2,ECOLE JAMES PADDON,0.8,Ecole James Paddon,,ENSEIGNEMENT ET FORMATION,Enseignement du premier degré,Ecole élémentaire,166.359353160601,-22.1337644237458,etablissements_publics_nc,91,2101,Paita centre
legislatives_2024,1,988,98821,Païta,PAITA,0018,1025,701,324,677,20,4,6,DVD,PONGA,Alcide,MASCULIN,Alcide PONGA,,290,,,,Ecole James Paddon 2,ECOLE JAMES PADDON,0.8,Ecole James Paddon,,ENSEIGNEMENT ET FORMATION,Enseignement du premier degré,Ecole élémentaire,166.359353160601,-22.1337644237458,etablissements_publics_nc,91,2101,Paita centre
legislatives_2024,1,988,98821,Païta,PAITA,0018,1025,701,324,677,20,4,7,HOR,POADJA,Gérard,MASCULIN,Gérard POADJA,,31,,,,Ecole James Paddon 2,ECOLE JAMES PADDON,0.8,Ecole James Paddon,,ENSEIGNEMENT ET FORMATION,Enseignement du premier degré,Ecole élémentaire,166.359353160601,-22.1337644237458,etablissements_publics_nc,91,2101,Paita centre
legislatives_2024,1,988,98821,Païta,PAITA,0019,625,383,242,374,9,0,1,DVG,TUKUMULI,Milakulo,MASCULIN,Milakulo TUKUMULI,,39,,,,Ecole Jean Ounou Cottin 3,ECOLE JEAN OUNOU COTTIN,0.821,Groupe scolaire Jean Ounou COTTIN,,ENSEIGNEMENT ET FORMATION,Enseignement du premier degré,Groupe scolaire,166.265966445473,-22.0605318544913,etablissements_publics_nc,96,2106,Tamoa Bangou Saint Laurent
legislatives_2024,1,988,98821,Païta,PAITA,0019,625,383,242,374,9,0,2,REG,TJIBAOU,Emmanuel,MASCULIN,Emmanuel TJIBAOU,,53,,,,Ecole Jean Ounou Cottin 3,ECOLE JEAN OUNOU COTTIN,0.821,Groupe scolaire Jean Ounou COTTIN,,ENSEIGNEMENT ET FORMATION,Enseignement du premier degré,Groupe scolaire,166.265966445473,-22.0605318544913,etablissements_publics_nc,96,2106,Tamoa Bangou Saint Laurent
legislatives_2024,1,988,98821,Païta,PAITA,0019,625,383,242,374,9,0,3,REG,FRERE,Ronald,MASCULIN,Ronald FRERE,,10,,,,Ecole Jean Ounou Cottin 3,ECOLE JEAN OUNOU COTTIN,0.821,Groupe scolaire Jean Ounou COTTIN,,ENSEIGNEMENT ET FORMATION,Enseignement du premier degré,Groupe scolaire,166.265966445473,-22.0605318544913,etablissements_publics_nc,96,2106,Tamoa Bangou Saint Laurent
legislatives_2024,1,988,98821,Païta,PAITA,0019,625,383,242,374,9,0,4,REG,VOUDJO,Luther,MASCULIN,Luther VOUDJO,,2,,,,Ecole Jean Ounou Cottin 3,ECOLE JEAN OUNOU COTTIN,0.821,Groupe scolaire Jean Ounou COTTIN,,ENSEIGNEMENT ET FORMATION,Enseignement du premier degré,Groupe scolaire,166.265966445473,-22.0605318544913,etablissements_publics_nc,96,2106,Tamoa Bangou Saint Laurent
legislatives_2024,1,988,98821,Païta,PAITA,0019,625,383,242,374,9,0,6,DVD,PONGA,Alcide,MASCULIN,Alcide PONGA,,241,,,,Ecole Jean Ounou Cottin 3,ECOLE JEAN OUNOU COTTIN,0.821,Groupe scolaire Jean Ounou COTTIN,,ENSEIGNEMENT ET FORMATION,Enseignement du premier degré,Groupe scolaire,166.265966445473,-22.0605318544913,etablissements_publics_nc,96,2106,Tamoa Bangou Saint Laurent
legislatives_2024,1,988,98821,Païta,PAITA,0019,625,383,242,374,9,0,7,HOR,POADJA,Gérard,MASCULIN,Gérard POADJA,,29,,,,Ecole Jean Ounou Cottin 3,ECOLE JEAN OUNOU COTTIN,0.821,Groupe scolaire Jean Ounou COTTIN,,ENSEIGNEMENT ET FORMATION,Enseignement du premier degré,Groupe scolaire,166.265966445473,-22.0605318544913,etablissements_publics_nc,96,2106,Tamoa Bangou Saint Laurent
legislatives_2024,1,988,98822,Poindimié,POINDIMIE,0001,1306,851,455,836,9,6,1,DVG,TUKUMULI,Milakulo,MASCULIN,Milakulo TUKUMULI,,56,,,,Mairie,MAIRIE,0.7,POINDIMIE,Poindimié,LIEU_DIT_NC,VILLE,Pwêêdi Wiimiâ,165.33315827223544,-20.938215187057807,tribus_villages_nc,102,2201,Poindimié village
legislatives_2024,1,988,98822,Poindimié,POINDIMIE,0001,1306,851,455,836,9,6,2,REG,TJIBAOU,Emmanuel,MASCULIN,Emmanuel TJIBAOU,,462,,,,Mairie,MAIRIE,0.7,POINDIMIE,Poindimié,LIEU_DIT_NC,VILLE,Pwêêdi Wiimiâ,165.33315827223544,-20.938215187057807,tribus_villages_nc,102,2201,Poindimié village
legislatives_2024,1,988,98822,Poindimié,POINDIMIE,0001,1306,851,455,836,9,6,3,REG,FRERE,Ronald,MASCULIN,Ronald FRERE,,12,,,,Mairie,MAIRIE,0.7,POINDIMIE,Poindimié,LIEU_DIT_NC,VILLE,Pwêêdi Wiimiâ,165.33315827223544,-20.938215187057807,tribus_villages_nc,102,2201,Poindimié village
legislatives_2024,1,988,98822,Poindimié,POINDIMIE,0001,1306,851,455,836,9,6,4,REG,VOUDJO,Luther,MASCULIN,Luther VOUDJO,,17,,,,Mairie,MAIRIE,0.7,POINDIMIE,Poindimié,LIEU_DIT_NC,VILLE,Pwêêdi Wiimiâ,165.33315827223544,-20.938215187057807,tribus_villages_nc,102,2201,Poindimié village
legislatives_2024,1,988,98822,Poindimié,POINDIMIE,0001,1306,851,455,836,9,6,6,DVD,PONGA,Alcide,MASCULIN,Alcide PONGA,,253,,,,Mairie,MAIRIE,0.7,POINDIMIE,Poindimié,LIEU_DIT_NC,VILLE,Pwêêdi Wiimiâ,165.33315827223544,-20.938215187057807,tribus_villages_nc,102,2201,Poindimié village
legislatives_2024,1,988,98822,Poindimié,POINDIMIE,0001,1306,851,455,836,9,6,7,HOR,POADJA,Gérard,MASCULIN,Gérard POADJA,,36,,,,Mairie,MAIRIE,0.7,POINDIMIE,Poindimié,LIEU_DIT_NC,VILLE,Pwêêdi Wiimiâ,165.33315827223544,-20.938215187057807,tribus_villages_nc,102,2201,Poindimié village
legislatives_2024,1,988,98822,Poindimié,POINDIMIE,0002,517,369,148,359,2,8,1,DVG,TUKUMULI,Milakulo,MASCULIN,Milakulo TUKUMULI,,3,,,,Ouindo,OUINDO,1,Ouindo,Poindimié,LIEU_DIT_NC,TRIBU,Wiidö,165.39928663560227,-20.98624503490911,tribus_villages_nc,104,2204,Tibarama - Bayes - Ouindo - Ometteux - Napoém
legislatives_2024,1,988,98822,Poindimié,POINDIMIE,0002,517,369,148,359,2,8,2,REG,TJIBAOU,Emmanuel,MASCULIN,Emmanuel TJIBAOU,,338,,,,Ouindo,OUINDO,1,Ouindo,Poindimié,LIEU_DIT_NC,TRIBU,Wiidö,165.39928663560227,-20.98624503490911,tribus_villages_nc,104,2204,Tibarama - Bayes - Ouindo - Ometteux - Napoém
legislatives_2024,1,988,98822,Poindimié,POINDIMIE,0002,517,369,148,359,2,8,3,REG,FRERE,Ronald,MASCULIN,Ronald FRERE,,1,,,,Ouindo,OUINDO,1,Ouindo,Poindimié,LIEU_DIT_NC,TRIBU,Wiidö,165.39928663560227,-20.98624503490911,tribus_villages_nc,104,2204,Tibarama - Bayes - Ouindo - Ometteux - Napoém
legislatives_2024,1,988,98822,Poindimié,POINDIMIE,0002,517,369,148,359,2,8,4,REG,VOUDJO,Luther,MASCULIN,Luther VOUDJO,,7,,,,Ouindo,OUINDO,1,Ouindo,Poindimié,LIEU_DIT_NC,TRIBU,Wiidö,165.39928663560227,-20.98624503490911,tribus_villages_nc,104,2204,Tibarama - Bayes - Ouindo - Ometteux - Napoém
legislatives_2024,1,988,98822,Poindimié,POINDIMIE,0002,517,369,148,359,2,8,6,DVD,PONGA,Alcide,MASCULIN,Alcide PONGA,,9,,,,Ouindo,OUINDO,1,Ouindo,Poindimié,LIEU_DIT_NC,TRIBU,Wiidö,165.39928663560227,-20.98624503490911,tribus_villages_nc,104,2204,Tibarama - Bayes - Ouindo - Ometteux - Napoém
legislatives_2024,1,988,98822,Poindimié,POINDIMIE,0002,517,369,148,359,2,8,7,HOR,POADJA,Gérard,MASCULIN,Gérard POADJA,,1,,,,Ouindo,OUINDO,1,Ouindo,Poindimié,LIEU_DIT_NC,TRIBU,Wiidö,165.39928663560227,-20.98624503490911,tribus_villages_nc,104,2204,Tibarama - Bayes - Ouindo - Ometteux - Napoém
legislatives_2024,1,988,98822,Poindimié,POINDIMIE,0003,593,435,158,423,9,3,1,DVG,TUKUMULI,Milakulo,MASCULIN,Milakulo TUKUMULI,,11,,,,Bayes,BAYES,1,Bayes,Poindimié,LIEU_DIT_NC,TRIBU,Nägèè,165.41027144991733,-20.95108534474138,tribus_villages_nc,104,2204,Tibarama - Bayes - Ouindo - Ometteux - Napoém
legislatives_2024,1,988,98822,Poindimié,POINDIMIE,0003,593,435,158,423,9,3,2,REG,TJIBAOU,Emmanuel,MASCULIN,Emmanuel TJIBAOU,,397,,,,Bayes,BAYES,1,Bayes,Poindimié,LIEU_DIT_NC,TRIBU,Nägèè,165.41027144991733,-20.95108534474138,tribus_villages_nc,104,2204,Tibarama - Bayes - Ouindo - Ometteux - Napoém
legislatives_2024,1,988,98822,Poindimié,POINDIMIE,0003,593,435,158,423,9,3,3,REG,FRERE,Ronald,MASCULIN,Ronald FRERE,,1,,,,Bayes,BAYES,1,Bayes,Poindimié,LIEU_DIT_NC,TRIBU,Nägèè,165.41027144991733,-20.95108534474138,tribus_villages_nc,104,2204,Tibarama - Bayes - Ouindo - Ometteux - Napoém
legislatives_2024,1,988,98822,Poindimié,POINDIMIE,0003,593,435,158,423,9,3,4,REG,VOUDJO,Luther,MASCULIN,Luther VOUDJO,,7,,,,Bayes,BAYES,1,Bayes,Poindimié,LIEU_DIT_NC,TRIBU,Nägèè,165.41027144991733,-20.95108534474138,tribus_villages_nc,104,2204,Tibarama - Bayes - Ouindo - Ometteux - Napoém
legislatives_2024,1,988,98822,Poindimié,POINDIMIE,0003,593,435,158,423,9,3,6,DVD,PONGA,Alcide,MASCULIN,Alcide PONGA,,7,,,,Bayes,BAYES,1,Bayes,Poindimié,LIEU_DIT_NC,TRIBU,Nägèè,165.41027144991733,-20.95108534474138,tribus_villages_nc,104,2204,Tibarama - Bayes - Ouindo - Ometteux - Napoém
legislatives_2024,1,988,98822,Poindimié,POINDIMIE,0003,593,435,158,423,9,3,7,HOR,POADJA,Gérard,MASCULIN,Gérard POADJA,,0,,,,Bayes,BAYES,1,Bayes,Poindimié,LIEU_DIT_NC,TRIBU,Nägèè,165.41027144991733,-20.95108534474138,tribus_villages_nc,104,2204,Tibarama - Bayes - Ouindo - Ometteux - Napoém
legislatives_2024,1,988,98822,Poindimié,POINDIMIE,0004,515,339,176,336,0,3,1,DVG,TUKUMULI,Milakulo,MASCULIN,Milakulo TUKUMULI,,14,,,,Amoa,AMOA,0.667,Paama,Poindimié,LIEU_DIT_NC,TRIBU,Na ara pô,165.39810099674145,-20.94109090560688,tribus_villages_nc,104,2204,Tibarama - Bayes - Ouindo - Ometteux - Napoém
legislatives_2024,1,988,98822,Poindimié,POINDIMIE,0004,515,339,176,336,0,3,2,REG,TJIBAOU,Emmanuel,MASCULIN,Emmanuel TJIBAOU,,309,,,,Amoa,AMOA,0.667,Paama,Poindimié,LIEU_DIT_NC,TRIBU,Na ara pô,165.39810099674145,-20.94109090560688,tribus_villages_nc,104,2204,Tibarama - Bayes - Ouindo - Ometteux - Napoém
legislatives_2024,1,988,98822,Poindimié,POINDIMIE,0004,515,339,176,336,0,3,3,REG,FRERE,Ronald,MASCULIN,Ronald FRERE,,0,,,,Amoa,AMOA,0.667,Paama,Poindimié,LIEU_DIT_NC,TRIBU,Na ara pô,165.39810099674145,-20.94109090560688,tribus_villages_nc,104,2204,Tibarama - Bayes - Ouindo - Ometteux - Napoém
legislatives_2024,1,988,98822,Poindimié,POINDIMIE,0004,515,339,176,336,0,3,4,REG,VOUDJO,Luther,MASCULIN,Luther VOUDJO,,1,,,,Amoa,AMOA,0.667,Paama,Poindimié,LIEU_DIT_NC,TRIBU,Na ara pô,165.39810099674145,-20.94109090560688,tribus_villages_nc,104,2204,Tibarama - Bayes - Ouindo - Ometteux - Napoém
legislatives_2024,1,988,98822,Poindimié,POINDIMIE,0004,515,339,176,336,0,3,6,DVD,PONGA,Alcide,MASCULIN,Alcide PONGA,,3,,,,Amoa,AMOA,0.667,Paama,Poindimié,LIEU_DIT_NC,TRIBU,Na ara pô,165.39810099674145,-20.94109090560688,tribus_villages_nc,104,2204,Tibarama - Bayes - Ouindo - Ometteux - Napoém
legislatives_2024,1,988,98822,Poindimié,POINDIMIE,0004,515,339,176,336,0,3,7,HOR,POADJA,Gérard,MASCULIN,Gérard POADJA,,9,,,,Amoa,AMOA,0.667,Paama,Poindimié,LIEU_DIT_NC,TRIBU,Na ara pô,165.39810099674145,-20.94109090560688,tribus_villages_nc,104,2204,Tibarama - Bayes - Ouindo - Ometteux - Napoém
legislatives_2024,1,988,98822,Poindimié,POINDIMIE,0005,564,390,174,383,2,5,1,DVG,TUKUMULI,Milakulo,MASCULIN,Milakulo TUKUMULI,,21,,,,Tyé,TYE,1,Tié,Poindimié,LIEU_DIT_NC,TRIBU,Cié,165.2980420173767,-20.900766814763863,tribus_villages_nc,103,2202,Tiéti - Tyé
legislatives_2024,1,988,98822,Poindimié,POINDIMIE,0005,564,390,174,383,2,5,2,REG,TJIBAOU,Emmanuel,MASCULIN,Emmanuel TJIBAOU,,345,,,,Tyé,TYE,1,Tié,Poindimié,LIEU_DIT_NC,TRIBU,Cié,165.2980420173767,-20.900766814763863,tribus_villages_nc,103,2202,Tiéti - Tyé
legislatives_2024,1,988,98822,Poindimié,POINDIMIE,0005,564,390,174,383,2,5,3,REG,FRERE,Ronald,MASCULIN,Ronald FRERE,,2,,,,Tyé,TYE,1,Tié,Poindimié,LIEU_DIT_NC,TRIBU,Cié,165.2980420173767,-20.900766814763863,tribus_villages_nc,103,2202,Tiéti - Tyé
legislatives_2024,1,988,98822,Poindimié,POINDIMIE,0005,564,390,174,383,2,5,4,REG,VOUDJO,Luther,MASCULIN,Luther VOUDJO,,9,,,,Tyé,TYE,1,Tié,Poindimié,LIEU_DIT_NC,TRIBU,Cié,165.2980420173767,-20.900766814763863,tribus_villages_nc,103,2202,Tiéti - Tyé
legislatives_2024,1,988,98822,Poindimié,POINDIMIE,0005,564,390,174,383,2,5,6,DVD,PONGA,Alcide,MASCULIN,Alcide PONGA,,2,,,,Tyé,TYE,1,Tié,Poindimié,LIEU_DIT_NC,TRIBU,Cié,165.2980420173767,-20.900766814763863,tribus_villages_nc,103,2202,Tiéti - Tyé
legislatives_2024,1,988,98822,Poindimié,POINDIMIE,0005,564,390,174,383,2,5,7,HOR,POADJA,Gérard,MASCULIN,Gérard POADJA,,4,,,,Tyé,TYE,1,Tié,Poindimié,LIEU_DIT_NC,TRIBU,Cié,165.2980420173767,-20.900766814763863,tribus_villages_nc,103,2202,Tiéti - Tyé
legislatives_2024,1,988,98822,Poindimié,POINDIMIE,0006,332,237,95,234,0,3,1,DVG,TUKUMULI,Milakulo,MASCULIN,Milakulo TUKUMULI,,9,,,,Tiwaka,TIWAKA,1,Tiwaka,Poindimié,LIEU_DIT_NC,TRIBU,,165.22299948568272,-20.895132063083377,tribus_villages_nc,103,2202,Tiéti - Tyé
legislatives_2024,1,988,98822,Poindimié,POINDIMIE,0006,332,237,95,234,0,3,2,REG,TJIBAOU,Emmanuel,MASCULIN,Emmanuel TJIBAOU,,214,,,,Tiwaka,TIWAKA,1,Tiwaka,Poindimié,LIEU_DIT_NC,TRIBU,,165.22299948568272,-20.895132063083377,tribus_villages_nc,103,2202,Tiéti - Tyé
legislatives_2024,1,988,98822,Poindimié,POINDIMIE,0006,332,237,95,234,0,3,3,REG,FRERE,Ronald,MASCULIN,Ronald FRERE,,1,,,,Tiwaka,TIWAKA,1,Tiwaka,Poindimié,LIEU_DIT_NC,TRIBU,,165.22299948568272,-20.895132063083377,tribus_villages_nc,103,2202,Tiéti - Tyé
legislatives_2024,1,988,98822,Poindimié,POINDIMIE,0006,332,237,95,234,0,3,4,REG,VOUDJO,Luther,MASCULIN,Luther VOUDJO,,3,,,,Tiwaka,TIWAKA,1,Tiwaka,Poindimié,LIEU_DIT_NC,TRIBU,,165.22299948568272,-20.895132063083377,tribus_villages_nc,103,2202,Tiéti - Tyé
legislatives_2024,1,988,98822,Poindimié,POINDIMIE,0006,332,237,95,234,0,3,6,DVD,PONGA,Alcide,MASCULIN,Alcide PONGA,,2,,,,Tiwaka,TIWAKA,1,Tiwaka,Poindimié,LIEU_DIT_NC,TRIBU,,165.22299948568272,-20.895132063083377,tribus_villages_nc,103,2202,Tiéti - Tyé
legislatives_2024,1,988,98822,Poindimié,POINDIMIE,0006,332,237,95,234,0,3,7,HOR,POADJA,Gérard,MASCULIN,Gérard POADJA,,5,,,,Tiwaka,TIWAKA,1,Tiwaka,Poindimié,LIEU_DIT_NC,TRIBU,,165.22299948568272,-20.895132063083377,tribus_villages_nc,103,2202,Tiéti - Tyé
legislatives_2024,1,988,98822,Poindimié,POINDIMIE,0007,599,430,169,417,7,6,1,DVG,TUKUMULI,Milakulo,MASCULIN,Milakulo TUKUMULI,,14,,,,Tiéti,TIETI,1,Tiéti,Poindimié,LIEU_DIT_NC,TRIBU,Näcètii,165.31101622324238,-20.919563042768107,tribus_villages_nc,103,2202,Tiéti - Tyé
legislatives_2024,1,988,98822,Poindimié,POINDIMIE,0007,599,430,169,417,7,6,2,REG,TJIBAOU,Emmanuel,MASCULIN,Emmanuel TJIBAOU,,370,,,,Tiéti,TIETI,1,Tiéti,Poindimié,LIEU_DIT_NC,TRIBU,Näcètii,165.31101622324238,-20.919563042768107,tribus_villages_nc,103,2202,Tiéti - Tyé
legislatives_2024,1,988,98822,Poindimié,POINDIMIE,0007,599,430,169,417,7,6,3,REG,FRERE,Ronald,MASCULIN,Ronald FRERE,,3,,,,Tiéti,TIETI,1,Tiéti,Poindimié,LIEU_DIT_NC,TRIBU,Näcètii,165.31101622324238,-20.919563042768107,tribus_villages_nc,103,2202,Tiéti - Tyé
legislatives_2024,1,988,98822,Poindimié,POINDIMIE,0007,599,430,169,417,7,6,4,REG,VOUDJO,Luther,MASCULIN,Luther VOUDJO,,8,,,,Tiéti,TIETI,1,Tiéti,Poindimié,LIEU_DIT_NC,TRIBU,Näcètii,165.31101622324238,-20.919563042768107,tribus_villages_nc,103,2202,Tiéti - Tyé
legislatives_2024,1,988,98822,Poindimié,POINDIMIE,0007,599,430,169,417,7,6,6,DVD,PONGA,Alcide,MASCULIN,Alcide PONGA,,18,,,,Tiéti,TIETI,1,Tiéti,Poindimié,LIEU_DIT_NC,TRIBU,Näcètii,165.31101622324238,-20.919563042768107,tribus_villages_nc,103,2202,Tiéti - Tyé
legislatives_2024,1,988,98822,Poindimié,POINDIMIE,0007,599,430,169,417,7,6,7,HOR,POADJA,Gérard,MASCULIN,Gérard POADJA,,4,,,,Tiéti,TIETI,1,Tiéti,Poindimié,LIEU_DIT_NC,TRIBU,Näcètii,165.31101622324238,-20.919563042768107,tribus_villages_nc,103,2202,Tiéti - Tyé
legislatives_2024,1,988,98823,Ponérihouen,PONERIHOUEN,0001,510,249,261,241,3,5,1,DVG,TUKUMULI,Milakulo,MASCULIN,Milakulo TUKUMULI,,26,,,,Mairie,MAIRIE,0.7,PONERIHOUEN,Ponérihouen,LIEU_DIT_NC,VILLE,Pwäräiriwä,165.40196429415164,-21.070938768181968,tribus_villages_nc,106,2302,Ponérihouen village
legislatives_2024,1,988,98823,Ponérihouen,PONERIHOUEN,0001,510,249,261,241,3,5,2,REG,TJIBAOU,Emmanuel,MASCULIN,Emmanuel TJIBAOU,,152,,,,Mairie,MAIRIE,0.7,PONERIHOUEN,Ponérihouen,LIEU_DIT_NC,VILLE,Pwäräiriwä,165.40196429415164,-21.070938768181968,tribus_villages_nc,106,2302,Ponérihouen village
legislatives_2024,1,988,98823,Ponérihouen,PONERIHOUEN,0001,510,249,261,241,3,5,3,REG,FRERE,Ronald,MASCULIN,Ronald FRERE,,4,,,,Mairie,MAIRIE,0.7,PONERIHOUEN,Ponérihouen,LIEU_DIT_NC,VILLE,Pwäräiriwä,165.40196429415164,-21.070938768181968,tribus_villages_nc,106,2302,Ponérihouen village
legislatives_2024,1,988,98823,Ponérihouen,PONERIHOUEN,0001,510,249,261,241,3,5,4,REG,VOUDJO,Luther,MASCULIN,Luther VOUDJO,,2,,,,Mairie,MAIRIE,0.7,PONERIHOUEN,Ponérihouen,LIEU_DIT_NC,VILLE,Pwäräiriwä,165.40196429415164,-21.070938768181968,tribus_villages_nc,106,2302,Ponérihouen village
legislatives_2024,1,988,98823,Ponérihouen,PONERIHOUEN,0001,510,249,261,241,3,5,6,DVD,PONGA,Alcide,MASCULIN,Alcide PONGA,,51,,,,Mairie,MAIRIE,0.7,PONERIHOUEN,Ponérihouen,LIEU_DIT_NC,VILLE,Pwäräiriwä,165.40196429415164,-21.070938768181968,tribus_villages_nc,106,2302,Ponérihouen village
legislatives_2024,1,988,98823,Ponérihouen,PONERIHOUEN,0001,510,249,261,241,3,5,7,HOR,POADJA,Gérard,MASCULIN,Gérard POADJA,,6,,,,Mairie,MAIRIE,0.7,PONERIHOUEN,Ponérihouen,LIEU_DIT_NC,VILLE,Pwäräiriwä,165.40196429415164,-21.070938768181968,tribus_villages_nc,106,2302,Ponérihouen village
legislatives_2024,1,988,98823,Ponérihouen,PONERIHOUEN,0002,460,146,314,145,1,0,1,DVG,TUKUMULI,Milakulo,MASCULIN,Milakulo TUKUMULI,,48,,,,Monéo,MONEO,1,Monéo,Ponérihouen,LIEU_DIT_NC,TRIBU,Kwéaa,165.47846310724432,-21.150451617013218,tribus_villages_nc,106,2302,Ponérihouen village
legislatives_2024,1,988,98823,Ponérihouen,PONERIHOUEN,0002,460,146,314,145,1,0,2,REG,TJIBAOU,Emmanuel,MASCULIN,Emmanuel TJIBAOU,,82,,,,Monéo,MONEO,1,Monéo,Ponérihouen,LIEU_DIT_NC,TRIBU,Kwéaa,165.47846310724432,-21.150451617013218,tribus_villages_nc,106,2302,Ponérihouen village
legislatives_2024,1,988,98823,Ponérihouen,PONERIHOUEN,0002,460,146,314,145,1,0,3,REG,FRERE,Ronald,MASCULIN,Ronald FRERE,,3,,,,Monéo,MONEO,1,Monéo,Ponérihouen,LIEU_DIT_NC,TRIBU,Kwéaa,165.47846310724432,-21.150451617013218,tribus_villages_nc,106,2302,Ponérihouen village
legislatives_2024,1,988,98823,Ponérihouen,PONERIHOUEN,0002,460,146,314,145,1,0,4,REG,VOUDJO,Luther,MASCULIN,Luther VOUDJO,,2,,,,Monéo,MONEO,1,Monéo,Ponérihouen,LIEU_DIT_NC,TRIBU,Kwéaa,165.47846310724432,-21.150451617013218,tribus_villages_nc,106,2302,Ponérihouen village
legislatives_2024,1,988,98823,Ponérihouen,PONERIHOUEN,0002,460,146,314,145,1,0,6,DVD,PONGA,Alcide,MASCULIN,Alcide PONGA,,9,,,,Monéo,MONEO,1,Monéo,Ponérihouen,LIEU_DIT_NC,TRIBU,Kwéaa,165.47846310724432,-21.150451617013218,tribus_villages_nc,106,2302,Ponérihouen village
legislatives_2024,1,988,98823,Ponérihouen,PONERIHOUEN,0002,460,146,314,145,1,0,7,HOR,POADJA,Gérard,MASCULIN,Gérard POADJA,,1,,,,Monéo,MONEO,1,Monéo,Ponérihouen,LIEU_DIT_NC,TRIBU,Kwéaa,165.47846310724432,-21.150451617013218,tribus_villages_nc,106,2302,Ponérihouen village
legislatives_2024,1,988,98823,Ponérihouen,PONERIHOUEN,0003,322,97,225,97,0,0,1,DVG,TUKUMULI,Milakulo,MASCULIN,Milakulo TUKUMULI,,1,,,,Tchamba,TCHAMBA,1,Tchamba,Ponérihouen,LIEU_DIT_NC,TRIBU,(Câba),165.2930233618618,-21.038585818858223,tribus_villages_nc,107,2303,Goyetta - Goa - Nébouéba - St Yves
legislatives_2024,1,988,98823,Ponérihouen,PONERIHOUEN,0003,322,97,225,97,0,0,2,REG,TJIBAOU,Emmanuel,MASCULIN,Emmanuel TJIBAOU,,89,,,,Tchamba,TCHAMBA,1,Tchamba,Ponérihouen,LIEU_DIT_NC,TRIBU,(Câba),165.2930233618618,-21.038585818858223,tribus_villages_nc,107,2303,Goyetta - Goa - Nébouéba - St Yves
legislatives_2024,1,988,98823,Ponérihouen,PONERIHOUEN,0003,322,97,225,97,0,0,3,REG,FRERE,Ronald,MASCULIN,Ronald FRERE,,0,,,,Tchamba,TCHAMBA,1,Tchamba,Ponérihouen,LIEU_DIT_NC,TRIBU,(Câba),165.2930233618618,-21.038585818858223,tribus_villages_nc,107,2303,Goyetta - Goa - Nébouéba - St Yves
legislatives_2024,1,988,98823,Ponérihouen,PONERIHOUEN,0003,322,97,225,97,0,0,4,REG,VOUDJO,Luther,MASCULIN,Luther VOUDJO,,0,,,,Tchamba,TCHAMBA,1,Tchamba,Ponérihouen,LIEU_DIT_NC,TRIBU,(Câba),165.2930233618618,-21.038585818858223,tribus_villages_nc,107,2303,Goyetta - Goa - Nébouéba - St Yves
legislatives_2024,1,988,98823,Ponérihouen,PONERIHOUEN,0003,322,97,225,97,0,0,6,DVD,PONGA,Alcide,MASCULIN,Alcide PONGA,,7,,,,Tchamba,TCHAMBA,1,Tchamba,Ponérihouen,LIEU_DIT_NC,TRIBU,(Câba),165.2930233618618,-21.038585818858223,tribus_villages_nc,107,2303,Goyetta - Goa - Nébouéba - St Yves
legislatives_2024,1,988,98823,Ponérihouen,PONERIHOUEN,0003,322,97,225,97,0,0,7,HOR,POADJA,Gérard,MASCULIN,Gérard POADJA,,0,,,,Tchamba,TCHAMBA,1,Tchamba,Ponérihouen,LIEU_DIT_NC,TRIBU,(Câba),165.2930233618618,-21.038585818858223,tribus_villages_nc,107,2303,Goyetta - Goa - Nébouéba - St Yves
legislatives_2024,1,988,98823,Ponérihouen,PONERIHOUEN,0004,408,126,282,122,0,4,1,DVG,TUKUMULI,Milakulo,MASCULIN,Milakulo TUKUMULI,,1,,,,Goa (maison commune),GOA MAISON COMMUNE,0.95,Goa,Ponérihouen,LIEU_DIT_NC,TRIBU,Göröwâméadù,165.30971500397104,-21.10629747908845,tribus_villages_nc,107,2303,Goyetta - Goa - Nébouéba - St Yves
legislatives_2024,1,988,98823,Ponérihouen,PONERIHOUEN,0004,408,126,282,122,0,4,2,REG,TJIBAOU,Emmanuel,MASCULIN,Emmanuel TJIBAOU,,115,,,,Goa (maison commune),GOA MAISON COMMUNE,0.95,Goa,Ponérihouen,LIEU_DIT_NC,TRIBU,Göröwâméadù,165.30971500397104,-21.10629747908845,tribus_villages_nc,107,2303,Goyetta - Goa - Nébouéba - St Yves
legislatives_2024,1,988,98823,Ponérihouen,PONERIHOUEN,0004,408,126,282,122,0,4,3,REG,FRERE,Ronald,MASCULIN,Ronald FRERE,,1,,,,Goa (maison commune),GOA MAISON COMMUNE,0.95,Goa,Ponérihouen,LIEU_DIT_NC,TRIBU,Göröwâméadù,165.30971500397104,-21.10629747908845,tribus_villages_nc,107,2303,Goyetta - Goa - Nébouéba - St Yves
legislatives_2024,1,988,98823,Ponérihouen,PONERIHOUEN,0004,408,126,282,122,0,4,4,REG,VOUDJO,Luther,MASCULIN,Luther VOUDJO,,4,,,,Goa (maison commune),GOA MAISON COMMUNE,0.95,Goa,Ponérihouen,LIEU_DIT_NC,TRIBU,Göröwâméadù,165.30971500397104,-21.10629747908845,tribus_villages_nc,107,2303,Goyetta - Goa - Nébouéba - St Yves
legislatives_2024,1,988,98823,Ponérihouen,PONERIHOUEN,0004,408,126,282,122,0,4,6,DVD,PONGA,Alcide,MASCULIN,Alcide PONGA,,0,,,,Goa (maison commune),GOA MAISON COMMUNE,0.95,Goa,Ponérihouen,LIEU_DIT_NC,TRIBU,Göröwâméadù,165.30971500397104,-21.10629747908845,tribus_villages_nc,107,2303,Goyetta - Goa - Nébouéba - St Yves
legislatives_2024,1,988,98823,Ponérihouen,PONERIHOUEN,0004,408,126,282,122,0,4,7,HOR,POADJA,Gérard,MASCULIN,Gérard POADJA,,1,,,,Goa (maison commune),GOA MAISON COMMUNE,0.95,Goa,Ponérihouen,LIEU_DIT_NC,TRIBU,Göröwâméadù,165.30971500397104,-21.10629747908845,tribus_villages_nc,107,2303,Goyetta - Goa - Nébouéba - St Yves
legislatives_2024,1,988,98823,Ponérihouen,PONERIHOUEN,0005,511,248,263,247,1,0,1,DVG,TUKUMULI,Milakulo,MASCULIN,Milakulo TUKUMULI,,17,,,,Grondu (maison commune),GRONDU MAISON COMMUNE,0.95,Grondu,Ponérihouen,LIEU_DIT_NC,TRIBU,Göröidù,165.38976794045686,-21.076609909810266,tribus_villages_nc,106,2302,Ponérihouen village
legislatives_2024,1,988,98823,Ponérihouen,PONERIHOUEN,0005,511,248,263,247,1,0,2,REG,TJIBAOU,Emmanuel,MASCULIN,Emmanuel TJIBAOU,,224,,,,Grondu (maison commune),GRONDU MAISON COMMUNE,0.95,Grondu,Ponérihouen,LIEU_DIT_NC,TRIBU,Göröidù,165.38976794045686,-21.076609909810266,tribus_villages_nc,106,2302,Ponérihouen village
legislatives_2024,1,988,98823,Ponérihouen,PONERIHOUEN,0005,511,248,263,247,1,0,3,REG,FRERE,Ronald,MASCULIN,Ronald FRERE,,2,,,,Grondu (maison commune),GRONDU MAISON COMMUNE,0.95,Grondu,Ponérihouen,LIEU_DIT_NC,TRIBU,Göröidù,165.38976794045686,-21.076609909810266,tribus_villages_nc,106,2302,Ponérihouen village
legislatives_2024,1,988,98823,Ponérihouen,PONERIHOUEN,0005,511,248,263,247,1,0,4,REG,VOUDJO,Luther,MASCULIN,Luther VOUDJO,,4,,,,Grondu (maison commune),GRONDU MAISON COMMUNE,0.95,Grondu,Ponérihouen,LIEU_DIT_NC,TRIBU,Göröidù,165.38976794045686,-21.076609909810266,tribus_villages_nc,106,2302,Ponérihouen village
legislatives_2024,1,988,98823,Ponérihouen,PONERIHOUEN,0005,511,248,263,247,1,0,6,DVD,PONGA,Alcide,MASCULIN,Alcide PONGA,,0,,,,Grondu (maison commune),GRONDU MAISON COMMUNE,0.95,Grondu,Ponérihouen,LIEU_DIT_NC,TRIBU,Göröidù,165.38976794045686,-21.076609909810266,tribus_villages_nc,106,2302,Ponérihouen village
legislatives_2024,1,988,98823,Ponérihouen,PONERIHOUEN,0005,511,248,263,247,1,0,7,HOR,POADJA,Gérard,MASCULIN,Gérard POADJA,,0,,,,Grondu (maison commune),GRONDU MAISON COMMUNE,0.95,Grondu,Ponérihouen,LIEU_DIT_NC,TRIBU,Göröidù,165.38976794045686,-21.076609909810266,tribus_villages_nc,106,2302,Ponérihouen village
legislatives_2024,1,988,98823,Ponérihouen,PONERIHOUEN,0006,175,48,127,46,0,2,1,DVG,TUKUMULI,Milakulo,MASCULIN,Milakulo TUKUMULI,,2,,,,Mou (chefferie),MOU CHEFFERIE,0.95,Mou,Ponérihouen,LIEU_DIT_NC,TRIBU,Aupatöriba,165.44259083569398,-21.09696482410325,tribus_villages_nc,106,2302,Ponérihouen village
legislatives_2024,1,988,98823,Ponérihouen,PONERIHOUEN,0006,175,48,127,46,0,2,2,REG,TJIBAOU,Emmanuel,MASCULIN,Emmanuel TJIBAOU,,40,,,,Mou (chefferie),MOU CHEFFERIE,0.95,Mou,Ponérihouen,LIEU_DIT_NC,TRIBU,Aupatöriba,165.44259083569398,-21.09696482410325,tribus_villages_nc,106,2302,Ponérihouen village
legislatives_2024,1,988,98823,Ponérihouen,PONERIHOUEN,0006,175,48,127,46,0,2,3,REG,FRERE,Ronald,MASCULIN,Ronald FRERE,,0,,,,Mou (chefferie),MOU CHEFFERIE,0.95,Mou,Ponérihouen,LIEU_DIT_NC,TRIBU,Aupatöriba,165.44259083569398,-21.09696482410325,tribus_villages_nc,106,2302,Ponérihouen village
legislatives_2024,1,988,98823,Ponérihouen,PONERIHOUEN,0006,175,48,127,46,0,2,4,REG,VOUDJO,Luther,MASCULIN,Luther VOUDJO,,1,,,,Mou (chefferie),MOU CHEFFERIE,0.95,Mou,Ponérihouen,LIEU_DIT_NC,TRIBU,Aupatöriba,165.44259083569398,-21.09696482410325,tribus_villages_nc,106,2302,Ponérihouen village
legislatives_2024,1,988,98823,Ponérihouen,PONERIHOUEN,0006,175,48,127,46,0,2,6,DVD,PONGA,Alcide,MASCULIN,Alcide PONGA,,2,,,,Mou (chefferie),MOU CHEFFERIE,0.95,Mou,Ponérihouen,LIEU_DIT_NC,TRIBU,Aupatöriba,165.44259083569398,-21.09696482410325,tribus_villages_nc,106,2302,Ponérihouen village
legislatives_2024,1,988,98823,Ponérihouen,PONERIHOUEN,0006,175,48,127,46,0,2,7,HOR,POADJA,Gérard,MASCULIN,Gérard POADJA,,1,,,,Mou (chefferie),MOU CHEFFERIE,0.95,Mou,Ponérihouen,LIEU_DIT_NC,TRIBU,Aupatöriba,165.44259083569398,-21.09696482410325,tribus_villages_nc,106,2302,Ponérihouen village
legislatives_2024,1,988,98823,Ponérihouen,PONERIHOUEN,0007,334,157,177,155,1,1,1,DVG,TUKUMULI,Milakulo,MASCULIN,Milakulo TUKUMULI,,17,,,,Goyetta Commune de POUEBO,GOYETTA COMMUNE POUEBO,0.95,Pöö,Ponérihouen,LIEU_DIT_NC,TRIBU,Pwënîrî wâdé,165.38150315716302,-21.17209523739158,tribus_villages_nc,106,2302,Ponérihouen village
legislatives_2024,1,988,98823,Ponérihouen,PONERIHOUEN,0007,334,157,177,155,1,1,2,REG,TJIBAOU,Emmanuel,MASCULIN,Emmanuel TJIBAOU,,123,,,,Goyetta Commune de POUEBO,GOYETTA COMMUNE POUEBO,0.95,Pöö,Ponérihouen,LIEU_DIT_NC,TRIBU,Pwënîrî wâdé,165.38150315716302,-21.17209523739158,tribus_villages_nc,106,2302,Ponérihouen village
legislatives_2024,1,988,98823,Ponérihouen,PONERIHOUEN,0007,334,157,177,155,1,1,3,REG,FRERE,Ronald,MASCULIN,Ronald FRERE,,7,,,,Goyetta Commune de POUEBO,GOYETTA COMMUNE POUEBO,0.95,Pöö,Ponérihouen,LIEU_DIT_NC,TRIBU,Pwënîrî wâdé,165.38150315716302,-21.17209523739158,tribus_villages_nc,106,2302,Ponérihouen village
legislatives_2024,1,988,98823,Ponérihouen,PONERIHOUEN,0007,334,157,177,155,1,1,4,REG,VOUDJO,Luther,MASCULIN,Luther VOUDJO,,7,,,,Goyetta Commune de POUEBO,GOYETTA COMMUNE POUEBO,0.95,Pöö,Ponérihouen,LIEU_DIT_NC,TRIBU,Pwënîrî wâdé,165.38150315716302,-21.17209523739158,tribus_villages_nc,106,2302,Ponérihouen village
legislatives_2024,1,988,98823,Ponérihouen,PONERIHOUEN,0007,334,157,177,155,1,1,6,DVD,PONGA,Alcide,MASCULIN,Alcide PONGA,,1,,,,Goyetta Commune de POUEBO,GOYETTA COMMUNE POUEBO,0.95,Pöö,Ponérihouen,LIEU_DIT_NC,TRIBU,Pwënîrî wâdé,165.38150315716302,-21.17209523739158,tribus_villages_nc,106,2302,Ponérihouen village
legislatives_2024,1,988,98823,Ponérihouen,PONERIHOUEN,0007,334,157,177,155,1,1,7,HOR,POADJA,Gérard,MASCULIN,Gérard POADJA,,0,,,,Goyetta Commune de POUEBO,GOYETTA COMMUNE POUEBO,0.95,Pöö,Ponérihouen,LIEU_DIT_NC,TRIBU,Pwënîrî wâdé,165.38150315716302,-21.17209523739158,tribus_villages_nc,106,2302,Ponérihouen village
legislatives_2024,1,988,98824,Pouébo,POUEBO,0001,756,496,260,493,1,2,1,DVG,TUKUMULI,Milakulo,MASCULIN,Milakulo TUKUMULI,,32,,,,Mairie,MAIRIE,0.7,POUEBO,Pouébo,LIEU_DIT_NC,VILLE,,164.5872015210802,-20.399273159074973,tribus_villages_nc,109,2401,Pouébo village - St Ferdinand - St Louis
legislatives_2024,1,988,98824,Pouébo,POUEBO,0001,756,496,260,493,1,2,2,REG,TJIBAOU,Emmanuel,MASCULIN,Emmanuel TJIBAOU,,456,,,,Mairie,MAIRIE,0.7,POUEBO,Pouébo,LIEU_DIT_NC,VILLE,,164.5872015210802,-20.399273159074973,tribus_villages_nc,109,2401,Pouébo village - St Ferdinand - St Louis
legislatives_2024,1,988,98824,Pouébo,POUEBO,0001,756,496,260,493,1,2,3,REG,FRERE,Ronald,MASCULIN,Ronald FRERE,,0,,,,Mairie,MAIRIE,0.7,POUEBO,Pouébo,LIEU_DIT_NC,VILLE,,164.5872015210802,-20.399273159074973,tribus_villages_nc,109,2401,Pouébo village - St Ferdinand - St Louis
legislatives_2024,1,988,98824,Pouébo,POUEBO,0001,756,496,260,493,1,2,4,REG,VOUDJO,Luther,MASCULIN,Luther VOUDJO,,1,,,,Mairie,MAIRIE,0.7,POUEBO,Pouébo,LIEU_DIT_NC,VILLE,,164.5872015210802,-20.399273159074973,tribus_villages_nc,109,2401,Pouébo village - St Ferdinand - St Louis
legislatives_2024,1,988,98824,Pouébo,POUEBO,0001,756,496,260,493,1,2,6,DVD,PONGA,Alcide,MASCULIN,Alcide PONGA,,1,,,,Mairie,MAIRIE,0.7,POUEBO,Pouébo,LIEU_DIT_NC,VILLE,,164.5872015210802,-20.399273159074973,tribus_villages_nc,109,2401,Pouébo village - St Ferdinand - St Louis
legislatives_2024,1,988,98824,Pouébo,POUEBO,0001,756,496,260,493,1,2,7,HOR,POADJA,Gérard,MASCULIN,Gérard POADJA,,3,,,,Mairie,MAIRIE,0.7,POUEBO,Pouébo,LIEU_DIT_NC,VILLE,,164.5872015210802,-20.399273159074973,tribus_villages_nc,109,2401,Pouébo village - St Ferdinand - St Louis
legislatives_2024,1,988,98824,Pouébo,POUEBO,0002,588,349,239,348,0,1,1,DVG,TUKUMULI,Milakulo,MASCULIN,Milakulo TUKUMULI,,19,,,,Saint Denis Ballade,SAINT DENIS BALLADE,0.973,St Denis,Pouébo,LIEU_DIT_NC,TRIBU,,164.49963895578423,-20.310000557096696,tribus_villages_nc,109,2401,Pouébo village - St Ferdinand - St Louis
legislatives_2024,1,988,98824,Pouébo,POUEBO,0002,588,349,239,348,0,1,2,REG,TJIBAOU,Emmanuel,MASCULIN,Emmanuel TJIBAOU,,303,,,,Saint Denis Ballade,SAINT DENIS BALLADE,0.973,St Denis,Pouébo,LIEU_DIT_NC,TRIBU,,164.49963895578423,-20.310000557096696,tribus_villages_nc,109,2401,Pouébo village - St Ferdinand - St Louis
legislatives_2024,1,988,98824,Pouébo,POUEBO,0002,588,349,239,348,0,1,3,REG,FRERE,Ronald,MASCULIN,Ronald FRERE,,4,,,,Saint Denis Ballade,SAINT DENIS BALLADE,0.973,St Denis,Pouébo,LIEU_DIT_NC,TRIBU,,164.49963895578423,-20.310000557096696,tribus_villages_nc,109,2401,Pouébo village - St Ferdinand - St Louis
legislatives_2024,1,988,98824,Pouébo,POUEBO,0002,588,349,239,348,0,1,4,REG,VOUDJO,Luther,MASCULIN,Luther VOUDJO,,9,,,,Saint Denis Ballade,SAINT DENIS BALLADE,0.973,St Denis,Pouébo,LIEU_DIT_NC,TRIBU,,164.49963895578423,-20.310000557096696,tribus_villages_nc,109,2401,Pouébo village - St Ferdinand - St Louis
legislatives_2024,1,988,98824,Pouébo,POUEBO,0002,588,349,239,348,0,1,6,DVD,PONGA,Alcide,MASCULIN,Alcide PONGA,,10,,,,Saint Denis Ballade,SAINT DENIS BALLADE,0.973,St Denis,Pouébo,LIEU_DIT_NC,TRIBU,,164.49963895578423,-20.310000557096696,tribus_villages_nc,109,2401,Pouébo village - St Ferdinand - St Louis
legislatives_2024,1,988,98824,Pouébo,POUEBO,0002,588,349,239,348,0,1,7,HOR,POADJA,Gérard,MASCULIN,Gérard POADJA,,3,,,,Saint Denis Ballade,SAINT DENIS BALLADE,0.973,St Denis,Pouébo,LIEU_DIT_NC,TRIBU,,164.49963895578423,-20.310000557096696,tribus_villages_nc,109,2401,Pouébo village - St Ferdinand - St Louis
legislatives_2024,1,988,98824,Pouébo,POUEBO,0003,406,258,148,256,0,2,1,DVG,TUKUMULI,Milakulo,MASCULIN,Milakulo TUKUMULI,,19,,,,Yambé,YAMBE,1,Yambé,Pouébo,LIEU_DIT_NC,TRIBU,Yabé,164.658766232452,-20.439464504971355,tribus_villages_nc,110,2402,Tchamboéne - Diahoué - Colnett
legislatives_2024,1,988,98824,Pouébo,POUEBO,0003,406,258,148,256,0,2,2,REG,TJIBAOU,Emmanuel,MASCULIN,Emmanuel TJIBAOU,,232,,,,Yambé,YAMBE,1,Yambé,Pouébo,LIEU_DIT_NC,TRIBU,Yabé,164.658766232452,-20.439464504971355,tribus_villages_nc,110,2402,Tchamboéne - Diahoué - Colnett
legislatives_2024,1,988,98824,Pouébo,POUEBO,0003,406,258,148,256,0,2,3,REG,FRERE,Ronald,MASCULIN,Ronald FRERE,,2,,,,Yambé,YAMBE,1,Yambé,Pouébo,LIEU_DIT_NC,TRIBU,Yabé,164.658766232452,-20.439464504971355,tribus_villages_nc,110,2402,Tchamboéne - Diahoué - Colnett
legislatives_2024,1,988,98824,Pouébo,POUEBO,0003,406,258,148,256,0,2,4,REG,VOUDJO,Luther,MASCULIN,Luther VOUDJO,,3,,,,Yambé,YAMBE,1,Yambé,Pouébo,LIEU_DIT_NC,TRIBU,Yabé,164.658766232452,-20.439464504971355,tribus_villages_nc,110,2402,Tchamboéne - Diahoué - Colnett
legislatives_2024,1,988,98824,Pouébo,POUEBO,0003,406,258,148,256,0,2,6,DVD,PONGA,Alcide,MASCULIN,Alcide PONGA,,0,,,,Yambé,YAMBE,1,Yambé,Pouébo,LIEU_DIT_NC,TRIBU,Yabé,164.658766232452,-20.439464504971355,tribus_villages_nc,110,2402,Tchamboéne - Diahoué - Colnett
legislatives_2024,1,988,98824,Pouébo,POUEBO,0003,406,258,148,256,0,2,7,HOR,POADJA,Gérard,MASCULIN,Gérard POADJA,,0,,,,Yambé,YAMBE,1,Yambé,Pouébo,LIEU_DIT_NC,TRIBU,Yabé,164.658766232452,-20.439464504971355,tribus_villages_nc,110,2402,Tchamboéne - Diahoué - Colnett
legislatives_2024,1,988,98824,Pouébo,POUEBO,0004,554,350,204,341,3,6,1,DVG,TUKUMULI,Milakulo,MASCULIN,Milakulo TUKUMULI,,24,,,,Saint-Louis,SAINT LOUIS,1,St Louis,Pouébo,LIEU_DIT_NC,TRIBU,,164.56475883280652,-20.370617010719258,tribus_villages_nc,109,2401,Pouébo village - St Ferdinand - St Louis
legislatives_2024,1,988,98824,Pouébo,POUEBO,0004,554,350,204,341,3,6,2,REG,TJIBAOU,Emmanuel,MASCULIN,Emmanuel TJIBAOU,,296,,,,Saint-Louis,SAINT LOUIS,1,St Louis,Pouébo,LIEU_DIT_NC,TRIBU,,164.56475883280652,-20.370617010719258,tribus_villages_nc,109,2401,Pouébo village - St Ferdinand - St Louis
legislatives_2024,1,988,98824,Pouébo,POUEBO,0004,554,350,204,341,3,6,3,REG,FRERE,Ronald,MASCULIN,Ronald FRERE,,1,,,,Saint-Louis,SAINT LOUIS,1,St Louis,Pouébo,LIEU_DIT_NC,TRIBU,,164.56475883280652,-20.370617010719258,tribus_villages_nc,109,2401,Pouébo village - St Ferdinand - St Louis
legislatives_2024,1,988,98824,Pouébo,POUEBO,0004,554,350,204,341,3,6,4,REG,VOUDJO,Luther,MASCULIN,Luther VOUDJO,,12,,,,Saint-Louis,SAINT LOUIS,1,St Louis,Pouébo,LIEU_DIT_NC,TRIBU,,164.56475883280652,-20.370617010719258,tribus_villages_nc,109,2401,Pouébo village - St Ferdinand - St Louis
legislatives_2024,1,988,98824,Pouébo,POUEBO,0004,554,350,204,341,3,6,6,DVD,PONGA,Alcide,MASCULIN,Alcide PONGA,,2,,,,Saint-Louis,SAINT LOUIS,1,St Louis,Pouébo,LIEU_DIT_NC,TRIBU,,164.56475883280652,-20.370617010719258,tribus_villages_nc,109,2401,Pouébo village - St Ferdinand - St Louis
legislatives_2024,1,988,98824,Pouébo,POUEBO,0004,554,350,204,341,3,6,7,HOR,POADJA,Gérard,MASCULIN,Gérard POADJA,,6,,,,Saint-Louis,SAINT LOUIS,1,St Louis,Pouébo,LIEU_DIT_NC,TRIBU,,164.56475883280652,-20.370617010719258,tribus_villages_nc,109,2401,Pouébo village - St Ferdinand - St Louis
legislatives_2024,1,988,98824,Pouébo,POUEBO,0005,123,67,56,66,0,1,1,DVG,TUKUMULI,Milakulo,MASCULIN,Milakulo TUKUMULI,,2,,,,Colnett - maison commune,COLNETT MAISON COMMUNE,0.95,Colnett,Pouébo,LIEU_DIT_NC,TRIBU,,164.73002659765442,-20.4756971674156,tribus_villages_nc,110,2402,Tchamboéne - Diahoué - Colnett
legislatives_2024,1,988,98824,Pouébo,POUEBO,0005,123,67,56,66,0,1,2,REG,TJIBAOU,Emmanuel,MASCULIN,Emmanuel TJIBAOU,,64,,,,Colnett - maison commune,COLNETT MAISON COMMUNE,0.95,Colnett,Pouébo,LIEU_DIT_NC,TRIBU,,164.73002659765442,-20.4756971674156,tribus_villages_nc,110,2402,Tchamboéne - Diahoué - Colnett
legislatives_2024,1,988,98824,Pouébo,POUEBO,0005,123,67,56,66,0,1,3,REG,FRERE,Ronald,MASCULIN,Ronald FRERE,,0,,,,Colnett - maison commune,COLNETT MAISON COMMUNE,0.95,Colnett,Pouébo,LIEU_DIT_NC,TRIBU,,164.73002659765442,-20.4756971674156,tribus_villages_nc,110,2402,Tchamboéne - Diahoué - Colnett
legislatives_2024,1,988,98824,Pouébo,POUEBO,0005,123,67,56,66,0,1,4,REG,VOUDJO,Luther,MASCULIN,Luther VOUDJO,,0,,,,Colnett - maison commune,COLNETT MAISON COMMUNE,0.95,Colnett,Pouébo,LIEU_DIT_NC,TRIBU,,164.73002659765442,-20.4756971674156,tribus_villages_nc,110,2402,Tchamboéne - Diahoué - Colnett
legislatives_2024,1,988,98824,Pouébo,POUEBO,0005,123,67,56,66,0,1,6,DVD,PONGA,Alcide,MASCULIN,Alcide PONGA,,0,,,,Colnett - maison commune,COLNETT MAISON COMMUNE,0.95,Colnett,Pouébo,LIEU_DIT_NC,TRIBU,,164.73002659765442,-20.4756971674156,tribus_villages_nc,110,2402,Tchamboéne - Diahoué - Colnett
legislatives_2024,1,988,98824,Pouébo,POUEBO,0005,123,67,56,66,0,1,7,HOR,POADJA,Gérard,MASCULIN,Gérard POADJA,,0,,,,Colnett - maison commune,COLNETT MAISON COMMUNE,0.95,Colnett,Pouébo,LIEU_DIT_NC,TRIBU,,164.73002659765442,-20.4756971674156,tribus_villages_nc,110,2402,Tchamboéne - Diahoué - Colnett
legislatives_2024,1,988,98825,Pouembout,POUEMBOUT,0001,1072,709,363,686,14,9,1,DVG,TUKUMULI,Milakulo,MASCULIN,Milakulo TUKUMULI,,69,,,,Mairie,MAIRIE,0.98,Mairie de Pouembout,302 AVENUE DE POUEMBOUT,ADMINISTRATION ET ORGANISME,Administrations des collectivités,Administration de la commune de Pouembout,164.901099514933,-21.1214333298182,etablissements_publics_nc,112,2501,Pouembout village
legislatives_2024,1,988,98825,Pouembout,POUEMBOUT,0001,1072,709,363,686,14,9,2,REG,TJIBAOU,Emmanuel,MASCULIN,Emmanuel TJIBAOU,,211,,,,Mairie,MAIRIE,0.98,Mairie de Pouembout,302 AVENUE DE POUEMBOUT,ADMINISTRATION ET ORGANISME,Administrations des collectivités,Administration de la commune de Pouembout,164.901099514933,-21.1214333298182,etablissements_publics_nc,112,2501,Pouembout village
legislatives_2024,1,988,98825,Pouembout,POUEMBOUT,0001,1072,709,363,686,14,9,3,REG,FRERE,Ronald,MASCULIN,Ronald FRERE,,8,,,,Mairie,MAIRIE,0.98,Mairie de Pouembout,302 AVENUE DE POUEMBOUT,ADMINISTRATION ET ORGANISME,Administrations des collectivités,Administration de la commune de Pouembout,164.901099514933,-21.1214333298182,etablissements_publics_nc,112,2501,Pouembout village
legislatives_2024,1,988,98825,Pouembout,POUEMBOUT,0001,1072,709,363,686,14,9,4,REG,VOUDJO,Luther,MASCULIN,Luther VOUDJO,,5,,,,Mairie,MAIRIE,0.98,Mairie de Pouembout,302 AVENUE DE POUEMBOUT,ADMINISTRATION ET ORGANISME,Administrations des collectivités,Administration de la commune de Pouembout,164.901099514933,-21.1214333298182,etablissements_publics_nc,112,2501,Pouembout village
legislatives_2024,1,988,98825,Pouembout,POUEMBOUT,0001,1072,709,363,686,14,9,6,DVD,PONGA,Alcide,MASCULIN,Alcide PONGA,,351,,,,Mairie,MAIRIE,0.98,Mairie de Pouembout,302 AVENUE DE POUEMBOUT,ADMINISTRATION ET ORGANISME,Administrations des collectivités,Administration de la commune de Pouembout,164.901099514933,-21.1214333298182,etablissements_publics_nc,112,2501,Pouembout village
legislatives_2024,1,988,98825,Pouembout,POUEMBOUT,0001,1072,709,363,686,14,9,7,HOR,POADJA,Gérard,MASCULIN,Gérard POADJA,,42,,,,Mairie,MAIRIE,0.98,Mairie de Pouembout,302 AVENUE DE POUEMBOUT,ADMINISTRATION ET ORGANISME,Administrations des collectivités,Administration de la commune de Pouembout,164.901099514933,-21.1214333298182,etablissements_publics_nc,112,2501,Pouembout village
legislatives_2024,1,988,98825,Pouembout,POUEMBOUT,0002,836,615,221,607,6,2,1,DVG,TUKUMULI,Milakulo,MASCULIN,Milakulo TUKUMULI,,52,,,,Paouta,PAOUTA,0.93,Maison commune de Paouta,,CULTUREL ET SOCIO EDUCATIF,Equipements socio-éducatifs et socio-culturels,Maison de jeune et maison de quartier,165.004824198459,-21.061258041708,etablissements_publics_nc,113,2503,Pinda - Ouaté - Kopéto
legislatives_2024,1,988,98825,Pouembout,POUEMBOUT,0002,836,615,221,607,6,2,2,REG,TJIBAOU,Emmanuel,MASCULIN,Emmanuel TJIBAOU,,326,,,,Paouta,PAOUTA,0.93,Maison commune de Paouta,,CULTUREL ET SOCIO EDUCATIF,Equipements socio-éducatifs et socio-culturels,Maison de jeune et maison de quartier,165.004824198459,-21.061258041708,etablissements_publics_nc,113,2503,Pinda - Ouaté - Kopéto
legislatives_2024,1,988,98825,Pouembout,POUEMBOUT,0002,836,615,221,607,6,2,3,REG,FRERE,Ronald,MASCULIN,Ronald FRERE,,6,,,,Paouta,PAOUTA,0.93,Maison commune de Paouta,,CULTUREL ET SOCIO EDUCATIF,Equipements socio-éducatifs et socio-culturels,Maison de jeune et maison de quartier,165.004824198459,-21.061258041708,etablissements_publics_nc,113,2503,Pinda - Ouaté - Kopéto
legislatives_2024,1,988,98825,Pouembout,POUEMBOUT,0002,836,615,221,607,6,2,4,REG,VOUDJO,Luther,MASCULIN,Luther VOUDJO,,4,,,,Paouta,PAOUTA,0.93,Maison commune de Paouta,,CULTUREL ET SOCIO EDUCATIF,Equipements socio-éducatifs et socio-culturels,Maison de jeune et maison de quartier,165.004824198459,-21.061258041708,etablissements_publics_nc,113,2503,Pinda - Ouaté - Kopéto
legislatives_2024,1,988,98825,Pouembout,POUEMBOUT,0002,836,615,221,607,6,2,6,DVD,PONGA,Alcide,MASCULIN,Alcide PONGA,,185,,,,Paouta,PAOUTA,0.93,Maison commune de Paouta,,CULTUREL ET SOCIO EDUCATIF,Equipements socio-éducatifs et socio-culturels,Maison de jeune et maison de quartier,165.004824198459,-21.061258041708,etablissements_publics_nc,113,2503,Pinda - Ouaté - Kopéto
legislatives_2024,1,988,98825,Pouembout,POUEMBOUT,0002,836,615,221,607,6,2,7,HOR,POADJA,Gérard,MASCULIN,Gérard POADJA,,34,,,,Paouta,PAOUTA,0.93,Maison commune de Paouta,,CULTUREL ET SOCIO EDUCATIF,Equipements socio-éducatifs et socio-culturels,Maison de jeune et maison de quartier,165.004824198459,-21.061258041708,etablissements_publics_nc,113,2503,Pinda - Ouaté - Kopéto
legislatives_2024,1,988,98826,Poum,POUM,0001,665,445,220,438,6,1,1,DVG,TUKUMULI,Milakulo,MASCULIN,Milakulo TUKUMULI,,70,,,,Mairie,MAIRIE,0.7,POUM,Poum,LIEU_DIT_NC,VILLE,,164.02565823453438,-20.232335490929035,tribus_villages_nc,114,2601,Poum du village - Poingam
legislatives_2024,1,988,98826,Poum,POUM,0001,665,445,220,438,6,1,2,REG,TJIBAOU,Emmanuel,MASCULIN,Emmanuel TJIBAOU,,272,,,,Mairie,MAIRIE,0.7,POUM,Poum,LIEU_DIT_NC,VILLE,,164.02565823453438,-20.232335490929035,tribus_villages_nc,114,2601,Poum du village - Poingam
legislatives_2024,1,988,98826,Poum,POUM,0001,665,445,220,438,6,1,3,REG,FRERE,Ronald,MASCULIN,Ronald FRERE,,2,,,,Mairie,MAIRIE,0.7,POUM,Poum,LIEU_DIT_NC,VILLE,,164.02565823453438,-20.232335490929035,tribus_villages_nc,114,2601,Poum du village - Poingam
legislatives_2024,1,988,98826,Poum,POUM,0001,665,445,220,438,6,1,4,REG,VOUDJO,Luther,MASCULIN,Luther VOUDJO,,11,,,,Mairie,MAIRIE,0.7,POUM,Poum,LIEU_DIT_NC,VILLE,,164.02565823453438,-20.232335490929035,tribus_villages_nc,114,2601,Poum du village - Poingam
legislatives_2024,1,988,98826,Poum,POUM,0001,665,445,220,438,6,1,6,DVD,PONGA,Alcide,MASCULIN,Alcide PONGA,,68,,,,Mairie,MAIRIE,0.7,POUM,Poum,LIEU_DIT_NC,VILLE,,164.02565823453438,-20.232335490929035,tribus_villages_nc,114,2601,Poum du village - Poingam
legislatives_2024,1,988,98826,Poum,POUM,0001,665,445,220,438,6,1,7,HOR,POADJA,Gérard,MASCULIN,Gérard POADJA,,15,,,,Mairie,MAIRIE,0.7,POUM,Poum,LIEU_DIT_NC,VILLE,,164.02565823453438,-20.232335490929035,tribus_villages_nc,114,2601,Poum du village - Poingam
legislatives_2024,1,988,98826,Poum,POUM,0002,459,296,163,292,1,3,1,DVG,TUKUMULI,Milakulo,MASCULIN,Milakulo TUKUMULI,,30,,,,Tiabet,TIABET,1,Tiabet,Poum,LIEU_DIT_NC,TRIBU,Cavet,164.0259384508845,-20.127138518272172,tribus_villages_nc,114,2601,Poum du village - Poingam
legislatives_2024,1,988,98826,Poum,POUM,0002,459,296,163,292,1,3,2,REG,TJIBAOU,Emmanuel,MASCULIN,Emmanuel TJIBAOU,,243,,,,Tiabet,TIABET,1,Tiabet,Poum,LIEU_DIT_NC,TRIBU,Cavet,164.0259384508845,-20.127138518272172,tribus_villages_nc,114,2601,Poum du village - Poingam
legislatives_2024,1,988,98826,Poum,POUM,0002,459,296,163,292,1,3,3,REG,FRERE,Ronald,MASCULIN,Ronald FRERE,,1,,,,Tiabet,TIABET,1,Tiabet,Poum,LIEU_DIT_NC,TRIBU,Cavet,164.0259384508845,-20.127138518272172,tribus_villages_nc,114,2601,Poum du village - Poingam
legislatives_2024,1,988,98826,Poum,POUM,0002,459,296,163,292,1,3,4,REG,VOUDJO,Luther,MASCULIN,Luther VOUDJO,,8,,,,Tiabet,TIABET,1,Tiabet,Poum,LIEU_DIT_NC,TRIBU,Cavet,164.0259384508845,-20.127138518272172,tribus_villages_nc,114,2601,Poum du village - Poingam
legislatives_2024,1,988,98826,Poum,POUM,0002,459,296,163,292,1,3,6,DVD,PONGA,Alcide,MASCULIN,Alcide PONGA,,10,,,,Tiabet,TIABET,1,Tiabet,Poum,LIEU_DIT_NC,TRIBU,Cavet,164.0259384508845,-20.127138518272172,tribus_villages_nc,114,2601,Poum du village - Poingam
legislatives_2024,1,988,98826,Poum,POUM,0002,459,296,163,292,1,3,7,HOR,POADJA,Gérard,MASCULIN,Gérard POADJA,,0,,,,Tiabet,TIABET,1,Tiabet,Poum,LIEU_DIT_NC,TRIBU,Cavet,164.0259384508845,-20.127138518272172,tribus_villages_nc,114,2601,Poum du village - Poingam
legislatives_2024,1,988,98826,Poum,POUM,0003,409,243,166,234,2,7,1,DVG,TUKUMULI,Milakulo,MASCULIN,Milakulo TUKUMULI,,10,,,,École catholique d’Arama,ECOLE CATHOLIQUE D ARAMA,0.95,Arama,Poum,LIEU_DIT_NC,LDH,Aramwâ,164.20258021961365,-20.252916819670393,tribus_villages_nc,115,2603,Bouarou - Pangai - Narai
legislatives_2024,1,988,98826,Poum,POUM,0003,409,243,166,234,2,7,2,REG,TJIBAOU,Emmanuel,MASCULIN,Emmanuel TJIBAOU,,212,,,,École catholique d’Arama,ECOLE CATHOLIQUE D ARAMA,0.95,Arama,Poum,LIEU_DIT_NC,LDH,Aramwâ,164.20258021961365,-20.252916819670393,tribus_villages_nc,115,2603,Bouarou - Pangai - Narai
legislatives_2024,1,988,98826,Poum,POUM,0003,409,243,166,234,2,7,3,REG,FRERE,Ronald,MASCULIN,Ronald FRERE,,3,,,,École catholique d’Arama,ECOLE CATHOLIQUE D ARAMA,0.95,Arama,Poum,LIEU_DIT_NC,LDH,Aramwâ,164.20258021961365,-20.252916819670393,tribus_villages_nc,115,2603,Bouarou - Pangai - Narai
legislatives_2024,1,988,98826,Poum,POUM,0003,409,243,166,234,2,7,4,REG,VOUDJO,Luther,MASCULIN,Luther VOUDJO,,6,,,,École catholique d’Arama,ECOLE CATHOLIQUE D ARAMA,0.95,Arama,Poum,LIEU_DIT_NC,LDH,Aramwâ,164.20258021961365,-20.252916819670393,tribus_villages_nc,115,2603,Bouarou - Pangai - Narai
legislatives_2024,1,988,98826,Poum,POUM,0003,409,243,166,234,2,7,6,DVD,PONGA,Alcide,MASCULIN,Alcide PONGA,,3,,,,École catholique d’Arama,ECOLE CATHOLIQUE D ARAMA,0.95,Arama,Poum,LIEU_DIT_NC,LDH,Aramwâ,164.20258021961365,-20.252916819670393,tribus_villages_nc,115,2603,Bouarou - Pangai - Narai
legislatives_2024,1,988,98826,Poum,POUM,0003,409,243,166,234,2,7,7,HOR,POADJA,Gérard,MASCULIN,Gérard POADJA,,0,,,,École catholique d’Arama,ECOLE CATHOLIQUE D ARAMA,0.95,Arama,Poum,LIEU_DIT_NC,LDH,Aramwâ,164.20258021961365,-20.252916819670393,tribus_villages_nc,115,2603,Bouarou - Pangai - Narai
legislatives_2024,1,988,98827,Poya,POYA,0001,612,420,192,409,7,4,1,DVG,TUKUMULI,Milakulo,MASCULIN,Milakulo TUKUMULI,,40,,,,,,0.99,Népoui,Poya,ARRETE_MANUAL,VILLE,,164.99768585786552,-21.326893497720405,arrete_manual_tribus,116,2701,Poya villageé Népoui
legislatives_2024,1,988,98827,Poya,POYA,0001,612,420,192,409,7,4,2,REG,TJIBAOU,Emmanuel,MASCULIN,Emmanuel TJIBAOU,,201,,,,,,0.99,Népoui,Poya,ARRETE_MANUAL,VILLE,,164.99768585786552,-21.326893497720405,arrete_manual_tribus,116,2701,Poya villageé Népoui
legislatives_2024,1,988,98827,Poya,POYA,0001,612,420,192,409,7,4,3,REG,FRERE,Ronald,MASCULIN,Ronald FRERE,,4,,,,,,0.99,Népoui,Poya,ARRETE_MANUAL,VILLE,,164.99768585786552,-21.326893497720405,arrete_manual_tribus,116,2701,Poya villageé Népoui
legislatives_2024,1,988,98827,Poya,POYA,0001,612,420,192,409,7,4,4,REG,VOUDJO,Luther,MASCULIN,Luther VOUDJO,,26,,,,,,0.99,Népoui,Poya,ARRETE_MANUAL,VILLE,,164.99768585786552,-21.326893497720405,arrete_manual_tribus,116,2701,Poya villageé Népoui
legislatives_2024,1,988,98827,Poya,POYA,0001,612,420,192,409,7,4,6,DVD,PONGA,Alcide,MASCULIN,Alcide PONGA,,116,,,,,,0.99,Népoui,Poya,ARRETE_MANUAL,VILLE,,164.99768585786552,-21.326893497720405,arrete_manual_tribus,116,2701,Poya villageé Népoui
legislatives_2024,1,988,98827,Poya,POYA,0001,612,420,192,409,7,4,7,HOR,POADJA,Gérard,MASCULIN,Gérard POADJA,,22,,,,,,0.99,Népoui,Poya,ARRETE_MANUAL,VILLE,,164.99768585786552,-21.326893497720405,arrete_manual_tribus,116,2701,Poya villageé Népoui
legislatives_2024,1,988,98827,Poya,POYA,0002,484,384,100,383,1,0,1,DVG,TUKUMULI,Milakulo,MASCULIN,Milakulo TUKUMULI,,2,,,,,,0.99,Goipin,Poya,ARRETE_MANUAL,TRIBU,,165.27390161257972,-21.22505994951149,arrete_manual_tribus,117,2705,Gohapin - Montfaoué - Néklia - Kradji
legislatives_2024,1,988,98827,Poya,POYA,0002,484,384,100,383,1,0,2,REG,TJIBAOU,Emmanuel,MASCULIN,Emmanuel TJIBAOU,,376,,,,,,0.99,Goipin,Poya,ARRETE_MANUAL,TRIBU,,165.27390161257972,-21.22505994951149,arrete_manual_tribus,117,2705,Gohapin - Montfaoué - Néklia - Kradji
legislatives_2024,1,988,98827,Poya,POYA,0002,484,384,100,383,1,0,3,REG,FRERE,Ronald,MASCULIN,Ronald FRERE,,0,,,,,,0.99,Goipin,Poya,ARRETE_MANUAL,TRIBU,,165.27390161257972,-21.22505994951149,arrete_manual_tribus,117,2705,Gohapin - Montfaoué - Néklia - Kradji
legislatives_2024,1,988,98827,Poya,POYA,0002,484,384,100,383,1,0,4,REG,VOUDJO,Luther,MASCULIN,Luther VOUDJO,,4,,,,,,0.99,Goipin,Poya,ARRETE_MANUAL,TRIBU,,165.27390161257972,-21.22505994951149,arrete_manual_tribus,117,2705,Gohapin - Montfaoué - Néklia - Kradji
legislatives_2024,1,988,98827,Poya,POYA,0002,484,384,100,383,1,0,6,DVD,PONGA,Alcide,MASCULIN,Alcide PONGA,,0,,,,,,0.99,Goipin,Poya,ARRETE_MANUAL,TRIBU,,165.27390161257972,-21.22505994951149,arrete_manual_tribus,117,2705,Gohapin - Montfaoué - Néklia - Kradji
legislatives_2024,1,988,98827,Poya,POYA,0002,484,384,100,383,1,0,7,HOR,POADJA,Gérard,MASCULIN,Gérard POADJA,,1,,,,,,0.99,Goipin,Poya,ARRETE_MANUAL,TRIBU,,165.27390161257972,-21.22505994951149,arrete_manual_tribus,117,2705,Gohapin - Montfaoué - Néklia - Kradji
legislatives_2024,1,988,98827,Poya,POYA,0003,823,555,268,542,7,6,1,DVG,TUKUMULI,Milakulo,MASCULIN,Milakulo TUKUMULI,,103,,,,,,0.99,Népoui,Poya,ARRETE_MANUAL,VILLE,,164.99768585786552,-21.326893497720405,arrete_manual_tribus,116,2701,Poya villageé Népoui
legislatives_2024,1,988,98827,Poya,POYA,0003,823,555,268,542,7,6,2,REG,TJIBAOU,Emmanuel,MASCULIN,Emmanuel TJIBAOU,,232,,,,,,0.99,Népoui,Poya,ARRETE_MANUAL,VILLE,,164.99768585786552,-21.326893497720405,arrete_manual_tribus,116,2701,Poya villageé Népoui
legislatives_2024,1,988,98827,Poya,POYA,0003,823,555,268,542,7,6,3,REG,FRERE,Ronald,MASCULIN,Ronald FRERE,,6,,,,,,0.99,Népoui,Poya,ARRETE_MANUAL,VILLE,,164.99768585786552,-21.326893497720405,arrete_manual_tribus,116,2701,Poya villageé Népoui
legislatives_2024,1,988,98827,Poya,POYA,0003,823,555,268,542,7,6,4,REG,VOUDJO,Luther,MASCULIN,Luther VOUDJO,,12,,,,,,0.99,Népoui,Poya,ARRETE_MANUAL,VILLE,,164.99768585786552,-21.326893497720405,arrete_manual_tribus,116,2701,Poya villageé Népoui
legislatives_2024,1,988,98827,Poya,POYA,0003,823,555,268,542,7,6,6,DVD,PONGA,Alcide,MASCULIN,Alcide PONGA,,152,,,,,,0.99,Népoui,Poya,ARRETE_MANUAL,VILLE,,164.99768585786552,-21.326893497720405,arrete_manual_tribus,116,2701,Poya villageé Népoui
legislatives_2024,1,988,98827,Poya,POYA,0003,823,555,268,542,7,6,7,HOR,POADJA,Gérard,MASCULIN,Gérard POADJA,,37,,,,,,0.99,Népoui,Poya,ARRETE_MANUAL,VILLE,,164.99768585786552,-21.326893497720405,arrete_manual_tribus,116,2701,Poya villageé Népoui
legislatives_2024,1,988,98827,Poya,POYA,0004,263,187,76,186,0,1,1,DVG,TUKUMULI,Milakulo,MASCULIN,Milakulo TUKUMULI,,6,,,,,,0.99,Montfaoué,Poya,ARRETE_MANUAL,TRIBU,,165.2933124776928,-21.277955211764784,arrete_manual_tribus,117,2705,Gohapin - Montfaoué - Néklia - Kradji
legislatives_2024,1,988,98827,Poya,POYA,0004,263,187,76,186,0,1,2,REG,TJIBAOU,Emmanuel,MASCULIN,Emmanuel TJIBAOU,,174,,,,,,0.99,Montfaoué,Poya,ARRETE_MANUAL,TRIBU,,165.2933124776928,-21.277955211764784,arrete_manual_tribus,117,2705,Gohapin - Montfaoué - Néklia - Kradji
legislatives_2024,1,988,98827,Poya,POYA,0004,263,187,76,186,0,1,3,REG,FRERE,Ronald,MASCULIN,Ronald FRERE,,0,,,,,,0.99,Montfaoué,Poya,ARRETE_MANUAL,TRIBU,,165.2933124776928,-21.277955211764784,arrete_manual_tribus,117,2705,Gohapin - Montfaoué - Néklia - Kradji
legislatives_2024,1,988,98827,Poya,POYA,0004,263,187,76,186,0,1,4,REG,VOUDJO,Luther,MASCULIN,Luther VOUDJO,,6,,,,,,0.99,Montfaoué,Poya,ARRETE_MANUAL,TRIBU,,165.2933124776928,-21.277955211764784,arrete_manual_tribus,117,2705,Gohapin - Montfaoué - Néklia - Kradji
legislatives_2024,1,988,98827,Poya,POYA,0004,263,187,76,186,0,1,6,DVD,PONGA,Alcide,MASCULIN,Alcide PONGA,,0,,,,,,0.99,Montfaoué,Poya,ARRETE_MANUAL,TRIBU,,165.2933124776928,-21.277955211764784,arrete_manual_tribus,117,2705,Gohapin - Montfaoué - Néklia - Kradji
legislatives_2024,1,988,98827,Poya,POYA,0004,263,187,76,186,0,1,7,HOR,POADJA,Gérard,MASCULIN,Gérard POADJA,,0,,,,,,0.99,Montfaoué,Poya,ARRETE_MANUAL,TRIBU,,165.2933124776928,-21.277955211764784,arrete_manual_tribus,117,2705,Gohapin - Montfaoué - Néklia - Kradji
legislatives_2024,1,988,98827,Poya,POYA,0005,213,169,44,167,1,1,1,DVG,TUKUMULI,Milakulo,MASCULIN,Milakulo TUKUMULI,,0,,,,,,0.99,Moindah,Poya,ARRETE_MANUAL,LDH,,165.2454695470807,-21.4084575263513,arrete_manual_tribus,118,2706,Poya Sud
legislatives_2024,1,988,98827,Poya,POYA,0005,213,169,44,167,1,1,2,REG,TJIBAOU,Emmanuel,MASCULIN,Emmanuel TJIBAOU,,11,,,,,,0.99,Moindah,Poya,ARRETE_MANUAL,LDH,,165.2454695470807,-21.4084575263513,arrete_manual_tribus,118,2706,Poya Sud
legislatives_2024,1,988,98827,Poya,POYA,0005,213,169,44,167,1,1,3,REG,FRERE,Ronald,MASCULIN,Ronald FRERE,,1,,,,,,0.99,Moindah,Poya,ARRETE_MANUAL,LDH,,165.2454695470807,-21.4084575263513,arrete_manual_tribus,118,2706,Poya Sud
legislatives_2024,1,988,98827,Poya,POYA,0005,213,169,44,167,1,1,4,REG,VOUDJO,Luther,MASCULIN,Luther VOUDJO,,1,,,,,,0.99,Moindah,Poya,ARRETE_MANUAL,LDH,,165.2454695470807,-21.4084575263513,arrete_manual_tribus,118,2706,Poya Sud
legislatives_2024,1,988,98827,Poya,POYA,0005,213,169,44,167,1,1,6,DVD,PONGA,Alcide,MASCULIN,Alcide PONGA,,146,,,,,,0.99,Moindah,Poya,ARRETE_MANUAL,LDH,,165.2454695470807,-21.4084575263513,arrete_manual_tribus,118,2706,Poya Sud
legislatives_2024,1,988,98827,Poya,POYA,0005,213,169,44,167,1,1,7,HOR,POADJA,Gérard,MASCULIN,Gérard POADJA,,8,,,,,,0.99,Moindah,Poya,ARRETE_MANUAL,LDH,,165.2454695470807,-21.4084575263513,arrete_manual_tribus,118,2706,Poya Sud
legislatives_2024,1,988,98827,Poya,POYA,0006,198,162,36,162,0,0,1,DVG,TUKUMULI,Milakulo,MASCULIN,Milakulo TUKUMULI,,13,,,,,,0.99,Nekliaï,Poya,ARRETE_MANUAL,TRIBU,Nékilyai,165.1862986905251,-21.29493580556391,arrete_manual_tribus,117,2705,Gohapin - Montfaoué - Néklia - Kradji
legislatives_2024,1,988,98827,Poya,POYA,0006,198,162,36,162,0,0,2,REG,TJIBAOU,Emmanuel,MASCULIN,Emmanuel TJIBAOU,,147,,,,,,0.99,Nekliaï,Poya,ARRETE_MANUAL,TRIBU,Nékilyai,165.1862986905251,-21.29493580556391,arrete_manual_tribus,117,2705,Gohapin - Montfaoué - Néklia - Kradji
legislatives_2024,1,988,98827,Poya,POYA,0006,198,162,36,162,0,0,3,REG,FRERE,Ronald,MASCULIN,Ronald FRERE,,0,,,,,,0.99,Nekliaï,Poya,ARRETE_MANUAL,TRIBU,Nékilyai,165.1862986905251,-21.29493580556391,arrete_manual_tribus,117,2705,Gohapin - Montfaoué - Néklia - Kradji
legislatives_2024,1,988,98827,Poya,POYA,0006,198,162,36,162,0,0,4,REG,VOUDJO,Luther,MASCULIN,Luther VOUDJO,,1,,,,,,0.99,Nekliaï,Poya,ARRETE_MANUAL,TRIBU,Nékilyai,165.1862986905251,-21.29493580556391,arrete_manual_tribus,117,2705,Gohapin - Montfaoué - Néklia - Kradji
legislatives_2024,1,988,98827,Poya,POYA,0006,198,162,36,162,0,0,6,DVD,PONGA,Alcide,MASCULIN,Alcide PONGA,,1,,,,,,0.99,Nekliaï,Poya,ARRETE_MANUAL,TRIBU,Nékilyai,165.1862986905251,-21.29493580556391,arrete_manual_tribus,117,2705,Gohapin - Montfaoué - Néklia - Kradji
legislatives_2024,1,988,98827,Poya,POYA,0006,198,162,36,162,0,0,7,HOR,POADJA,Gérard,MASCULIN,Gérard POADJA,,0,,,,,,0.99,Nekliaï,Poya,ARRETE_MANUAL,TRIBU,Nékilyai,165.1862986905251,-21.29493580556391,arrete_manual_tribus,117,2705,Gohapin - Montfaoué - Néklia - Kradji
legislatives_2024,1,988,98828,Sarraméa,SARRAMEA,0001,532,347,185,340,2,5,1,DVG,TUKUMULI,Milakulo,MASCULIN,Milakulo TUKUMULI,,28,,,,Mairie,MAIRIE,0.7,SARRAMEA,Sarraméa,LIEU_DIT_NC,VILLE,Chara Méa,165.85386596919105,-21.642344787633757,tribus_villages_nc,119,2801,Sarraméa
legislatives_2024,1,988,98828,Sarraméa,SARRAMEA,0001,532,347,185,340,2,5,2,REG,TJIBAOU,Emmanuel,MASCULIN,Emmanuel TJIBAOU,,258,,,,Mairie,MAIRIE,0.7,SARRAMEA,Sarraméa,LIEU_DIT_NC,VILLE,Chara Méa,165.85386596919105,-21.642344787633757,tribus_villages_nc,119,2801,Sarraméa
legislatives_2024,1,988,98828,Sarraméa,SARRAMEA,0001,532,347,185,340,2,5,3,REG,FRERE,Ronald,MASCULIN,Ronald FRERE,,3,,,,Mairie,MAIRIE,0.7,SARRAMEA,Sarraméa,LIEU_DIT_NC,VILLE,Chara Méa,165.85386596919105,-21.642344787633757,tribus_villages_nc,119,2801,Sarraméa
legislatives_2024,1,988,98828,Sarraméa,SARRAMEA,0001,532,347,185,340,2,5,4,REG,VOUDJO,Luther,MASCULIN,Luther VOUDJO,,7,,,,Mairie,MAIRIE,0.7,SARRAMEA,Sarraméa,LIEU_DIT_NC,VILLE,Chara Méa,165.85386596919105,-21.642344787633757,tribus_villages_nc,119,2801,Sarraméa
legislatives_2024,1,988,98828,Sarraméa,SARRAMEA,0001,532,347,185,340,2,5,6,DVD,PONGA,Alcide,MASCULIN,Alcide PONGA,,39,,,,Mairie,MAIRIE,0.7,SARRAMEA,Sarraméa,LIEU_DIT_NC,VILLE,Chara Méa,165.85386596919105,-21.642344787633757,tribus_villages_nc,119,2801,Sarraméa
legislatives_2024,1,988,98828,Sarraméa,SARRAMEA,0001,532,347,185,340,2,5,7,HOR,POADJA,Gérard,MASCULIN,Gérard POADJA,,5,,,,Mairie,MAIRIE,0.7,SARRAMEA,Sarraméa,LIEU_DIT_NC,VILLE,Chara Méa,165.85386596919105,-21.642344787633757,tribus_villages_nc,119,2801,Sarraméa
legislatives_2024,1,988,98829,Thio,THIO,0001,862,480,382,475,1,4,1,DVG,TUKUMULI,Milakulo,MASCULIN,Milakulo TUKUMULI,,78,,,,Mairie,MAIRIE,0.7,THIO,Thio,LIEU_DIT_NC,VILLE,Cö,166.21553174553168,-21.610374938390603,tribus_villages_nc,120,2901,Thio village
legislatives_2024,1,988,98829,Thio,THIO,0001,862,480,382,475,1,4,2,REG,TJIBAOU,Emmanuel,MASCULIN,Emmanuel TJIBAOU,,318,,,,Mairie,MAIRIE,0.7,THIO,Thio,LIEU_DIT_NC,VILLE,Cö,166.21553174553168,-21.610374938390603,tribus_villages_nc,120,2901,Thio village
legislatives_2024,1,988,98829,Thio,THIO,0001,862,480,382,475,1,4,3,REG,FRERE,Ronald,MASCULIN,Ronald FRERE,,2,,,,Mairie,MAIRIE,0.7,THIO,Thio,LIEU_DIT_NC,VILLE,Cö,166.21553174553168,-21.610374938390603,tribus_villages_nc,120,2901,Thio village
legislatives_2024,1,988,98829,Thio,THIO,0001,862,480,382,475,1,4,4,REG,VOUDJO,Luther,MASCULIN,Luther VOUDJO,,6,,,,Mairie,MAIRIE,0.7,THIO,Thio,LIEU_DIT_NC,VILLE,Cö,166.21553174553168,-21.610374938390603,tribus_villages_nc,120,2901,Thio village
legislatives_2024,1,988,98829,Thio,THIO,0001,862,480,382,475,1,4,6,DVD,PONGA,Alcide,MASCULIN,Alcide PONGA,,64,,,,Mairie,MAIRIE,0.7,THIO,Thio,LIEU_DIT_NC,VILLE,Cö,166.21553174553168,-21.610374938390603,tribus_villages_nc,120,2901,Thio village
legislatives_2024,1,988,98829,Thio,THIO,0001,862,480,382,475,1,4,7,HOR,POADJA,Gérard,MASCULIN,Gérard POADJA,,7,,,,Mairie,MAIRIE,0.7,THIO,Thio,LIEU_DIT_NC,VILLE,Cö,166.21553174553168,-21.610374938390603,tribus_villages_nc,120,2901,Thio village
legislatives_2024,1,988,98829,Thio,THIO,0002,608,322,286,319,0,3,1,DVG,TUKUMULI,Milakulo,MASCULIN,Milakulo TUKUMULI,,24,,,,Mairie,MAIRIE,0.7,THIO,Thio,LIEU_DIT_NC,VILLE,Cö,166.21553174553168,-21.610374938390603,tribus_villages_nc,120,2901,Thio village
legislatives_2024,1,988,98829,Thio,THIO,0002,608,322,286,319,0,3,2,REG,TJIBAOU,Emmanuel,MASCULIN,Emmanuel TJIBAOU,,277,,,,Mairie,MAIRIE,0.7,THIO,Thio,LIEU_DIT_NC,VILLE,Cö,166.21553174553168,-21.610374938390603,tribus_villages_nc,120,2901,Thio village
legislatives_2024,1,988,98829,Thio,THIO,0002,608,322,286,319,0,3,3,REG,FRERE,Ronald,MASCULIN,Ronald FRERE,,6,,,,Mairie,MAIRIE,0.7,THIO,Thio,LIEU_DIT_NC,VILLE,Cö,166.21553174553168,-21.610374938390603,tribus_villages_nc,120,2901,Thio village
legislatives_2024,1,988,98829,Thio,THIO,0002,608,322,286,319,0,3,4,REG,VOUDJO,Luther,MASCULIN,Luther VOUDJO,,8,,,,Mairie,MAIRIE,0.7,THIO,Thio,LIEU_DIT_NC,VILLE,Cö,166.21553174553168,-21.610374938390603,tribus_villages_nc,120,2901,Thio village
legislatives_2024,1,988,98829,Thio,THIO,0002,608,322,286,319,0,3,6,DVD,PONGA,Alcide,MASCULIN,Alcide PONGA,,4,,,,Mairie,MAIRIE,0.7,THIO,Thio,LIEU_DIT_NC,VILLE,Cö,166.21553174553168,-21.610374938390603,tribus_villages_nc,120,2901,Thio village
legislatives_2024,1,988,98829,Thio,THIO,0002,608,322,286,319,0,3,7,HOR,POADJA,Gérard,MASCULIN,Gérard POADJA,,0,,,,Mairie,MAIRIE,0.7,THIO,Thio,LIEU_DIT_NC,VILLE,Cö,166.21553174553168,-21.610374938390603,tribus_villages_nc,120,2901,Thio village
legislatives_2024,1,988,98829,Thio,THIO,0003,317,184,133,182,0,2,1,DVG,TUKUMULI,Milakulo,MASCULIN,Milakulo TUKUMULI,,4,,,,Grand Borendy,GRAND BORENDY,1,Grand Borindi,Thio,LIEU_DIT_NC,TRIBU,Xöwi,166.45075740277505,-21.738718340168145,tribus_villages_nc,121,2902,Ouindo Borendy
legislatives_2024,1,988,98829,Thio,THIO,0003,317,184,133,182,0,2,2,REG,TJIBAOU,Emmanuel,MASCULIN,Emmanuel TJIBAOU,,171,,,,Grand Borendy,GRAND BORENDY,1,Grand Borindi,Thio,LIEU_DIT_NC,TRIBU,Xöwi,166.45075740277505,-21.738718340168145,tribus_villages_nc,121,2902,Ouindo Borendy
legislatives_2024,1,988,98829,Thio,THIO,0003,317,184,133,182,0,2,3,REG,FRERE,Ronald,MASCULIN,Ronald FRERE,,0,,,,Grand Borendy,GRAND BORENDY,1,Grand Borindi,Thio,LIEU_DIT_NC,TRIBU,Xöwi,166.45075740277505,-21.738718340168145,tribus_villages_nc,121,2902,Ouindo Borendy
legislatives_2024,1,988,98829,Thio,THIO,0003,317,184,133,182,0,2,4,REG,VOUDJO,Luther,MASCULIN,Luther VOUDJO,,6,,,,Grand Borendy,GRAND BORENDY,1,Grand Borindi,Thio,LIEU_DIT_NC,TRIBU,Xöwi,166.45075740277505,-21.738718340168145,tribus_villages_nc,121,2902,Ouindo Borendy
legislatives_2024,1,988,98829,Thio,THIO,0003,317,184,133,182,0,2,6,DVD,PONGA,Alcide,MASCULIN,Alcide PONGA,,0,,,,Grand Borendy,GRAND BORENDY,1,Grand Borindi,Thio,LIEU_DIT_NC,TRIBU,Xöwi,166.45075740277505,-21.738718340168145,tribus_villages_nc,121,2902,Ouindo Borendy
legislatives_2024,1,988,98829,Thio,THIO,0003,317,184,133,182,0,2,7,HOR,POADJA,Gérard,MASCULIN,Gérard POADJA,,1,,,,Grand Borendy,GRAND BORENDY,1,Grand Borindi,Thio,LIEU_DIT_NC,TRIBU,Xöwi,166.45075740277505,-21.738718340168145,tribus_villages_nc,121,2902,Ouindo Borendy
legislatives_2024,1,988,98829,Thio,THIO,0004,475,271,204,270,0,1,1,DVG,TUKUMULI,Milakulo,MASCULIN,Milakulo TUKUMULI,,12,,,,Saint-Pierre,SAINT PIERRE,1,St Pierre,Thio,LIEU_DIT_NC,TRIBU,Pwimuru,166.14983539215794,-21.67410856554519,tribus_villages_nc,121,2902,Ouindo Borendy
legislatives_2024,1,988,98829,Thio,THIO,0004,475,271,204,270,0,1,2,REG,TJIBAOU,Emmanuel,MASCULIN,Emmanuel TJIBAOU,,247,,,,Saint-Pierre,SAINT PIERRE,1,St Pierre,Thio,LIEU_DIT_NC,TRIBU,Pwimuru,166.14983539215794,-21.67410856554519,tribus_villages_nc,121,2902,Ouindo Borendy
legislatives_2024,1,988,98829,Thio,THIO,0004,475,271,204,270,0,1,3,REG,FRERE,Ronald,MASCULIN,Ronald FRERE,,2,,,,Saint-Pierre,SAINT PIERRE,1,St Pierre,Thio,LIEU_DIT_NC,TRIBU,Pwimuru,166.14983539215794,-21.67410856554519,tribus_villages_nc,121,2902,Ouindo Borendy
legislatives_2024,1,988,98829,Thio,THIO,0004,475,271,204,270,0,1,4,REG,VOUDJO,Luther,MASCULIN,Luther VOUDJO,,6,,,,Saint-Pierre,SAINT PIERRE,1,St Pierre,Thio,LIEU_DIT_NC,TRIBU,Pwimuru,166.14983539215794,-21.67410856554519,tribus_villages_nc,121,2902,Ouindo Borendy
legislatives_2024,1,988,98829,Thio,THIO,0004,475,271,204,270,0,1,6,DVD,PONGA,Alcide,MASCULIN,Alcide PONGA,,2,,,,Saint-Pierre,SAINT PIERRE,1,St Pierre,Thio,LIEU_DIT_NC,TRIBU,Pwimuru,166.14983539215794,-21.67410856554519,tribus_villages_nc,121,2902,Ouindo Borendy
legislatives_2024,1,988,98829,Thio,THIO,0004,475,271,204,270,0,1,7,HOR,POADJA,Gérard,MASCULIN,Gérard POADJA,,1,,,,Saint-Pierre,SAINT PIERRE,1,St Pierre,Thio,LIEU_DIT_NC,TRIBU,Pwimuru,166.14983539215794,-21.67410856554519,tribus_villages_nc,121,2902,Ouindo Borendy
legislatives_2024,1,988,98830,Touho,TOUHO,0001,1063,690,373,680,8,2,1,DVG,TUKUMULI,Milakulo,MASCULIN,Milakulo TUKUMULI,,21,,,,Mairie,MAIRIE,0.7,TOUHO,Touho,LIEU_DIT_NC,VILLE,Tuo,165.23869122747195,-20.77975735338533,tribus_villages_nc,122,3001,Touho village
legislatives_2024,1,988,98830,Touho,TOUHO,0001,1063,690,373,680,8,2,2,REG,TJIBAOU,Emmanuel,MASCULIN,Emmanuel TJIBAOU,,540,,,,Mairie,MAIRIE,0.7,TOUHO,Touho,LIEU_DIT_NC,VILLE,Tuo,165.23869122747195,-20.77975735338533,tribus_villages_nc,122,3001,Touho village
legislatives_2024,1,988,98830,Touho,TOUHO,0001,1063,690,373,680,8,2,3,REG,FRERE,Ronald,MASCULIN,Ronald FRERE,,2,,,,Mairie,MAIRIE,0.7,TOUHO,Touho,LIEU_DIT_NC,VILLE,Tuo,165.23869122747195,-20.77975735338533,tribus_villages_nc,122,3001,Touho village
legislatives_2024,1,988,98830,Touho,TOUHO,0001,1063,690,373,680,8,2,4,REG,VOUDJO,Luther,MASCULIN,Luther VOUDJO,,4,,,,Mairie,MAIRIE,0.7,TOUHO,Touho,LIEU_DIT_NC,VILLE,Tuo,165.23869122747195,-20.77975735338533,tribus_villages_nc,122,3001,Touho village
legislatives_2024,1,988,98830,Touho,TOUHO,0001,1063,690,373,680,8,2,6,DVD,PONGA,Alcide,MASCULIN,Alcide PONGA,,104,,,,Mairie,MAIRIE,0.7,TOUHO,Touho,LIEU_DIT_NC,VILLE,Tuo,165.23869122747195,-20.77975735338533,tribus_villages_nc,122,3001,Touho village
legislatives_2024,1,988,98830,Touho,TOUHO,0001,1063,690,373,680,8,2,7,HOR,POADJA,Gérard,MASCULIN,Gérard POADJA,,9,,,,Mairie,MAIRIE,0.7,TOUHO,Touho,LIEU_DIT_NC,VILLE,Tuo,165.23869122747195,-20.77975735338533,tribus_villages_nc,122,3001,Touho village
legislatives_2024,1,988,98830,Touho,TOUHO,0002,239,161,78,160,0,1,1,DVG,TUKUMULI,Milakulo,MASCULIN,Milakulo TUKUMULI,,0,,,,Tiouandé,TIOUANDE,1,Tiouandé,Touho,LIEU_DIT_NC,TRIBU,Tewaade,165.04706639545026,-20.742192862631615,tribus_villages_nc,123,3003,Tiouandé - Ouanache - Congouma - Paola
legislatives_2024,1,988,98830,Touho,TOUHO,0002,239,161,78,160,0,1,2,REG,TJIBAOU,Emmanuel,MASCULIN,Emmanuel TJIBAOU,,157,,,,Tiouandé,TIOUANDE,1,Tiouandé,Touho,LIEU_DIT_NC,TRIBU,Tewaade,165.04706639545026,-20.742192862631615,tribus_villages_nc,123,3003,Tiouandé - Ouanache - Congouma - Paola
legislatives_2024,1,988,98830,Touho,TOUHO,0002,239,161,78,160,0,1,3,REG,FRERE,Ronald,MASCULIN,Ronald FRERE,,0,,,,Tiouandé,TIOUANDE,1,Tiouandé,Touho,LIEU_DIT_NC,TRIBU,Tewaade,165.04706639545026,-20.742192862631615,tribus_villages_nc,123,3003,Tiouandé - Ouanache - Congouma - Paola
legislatives_2024,1,988,98830,Touho,TOUHO,0002,239,161,78,160,0,1,4,REG,VOUDJO,Luther,MASCULIN,Luther VOUDJO,,0,,,,Tiouandé,TIOUANDE,1,Tiouandé,Touho,LIEU_DIT_NC,TRIBU,Tewaade,165.04706639545026,-20.742192862631615,tribus_villages_nc,123,3003,Tiouandé - Ouanache - Congouma - Paola
legislatives_2024,1,988,98830,Touho,TOUHO,0002,239,161,78,160,0,1,6,DVD,PONGA,Alcide,MASCULIN,Alcide PONGA,,3,,,,Tiouandé,TIOUANDE,1,Tiouandé,Touho,LIEU_DIT_NC,TRIBU,Tewaade,165.04706639545026,-20.742192862631615,tribus_villages_nc,123,3003,Tiouandé - Ouanache - Congouma - Paola
legislatives_2024,1,988,98830,Touho,TOUHO,0002,239,161,78,160,0,1,7,HOR,POADJA,Gérard,MASCULIN,Gérard POADJA,,0,,,,Tiouandé,TIOUANDE,1,Tiouandé,Touho,LIEU_DIT_NC,TRIBU,Tewaade,165.04706639545026,-20.742192862631615,tribus_villages_nc,123,3003,Tiouandé - Ouanache - Congouma - Paola
legislatives_2024,1,988,98830,Touho,TOUHO,0003,310,201,109,200,0,1,1,DVG,TUKUMULI,Milakulo,MASCULIN,Milakulo TUKUMULI,,0,,,,Kokingone,KOKINGONE,1,Kokingone,Touho,LIEU_DIT_NC,TRIBU,Ko cèï goon,165.25551905392797,-20.85522530725118,tribus_villages_nc,124,3004,Koe - Kokingone - Tiwaka - Pombéi
legislatives_2024,1,988,98830,Touho,TOUHO,0003,310,201,109,200,0,1,2,REG,TJIBAOU,Emmanuel,MASCULIN,Emmanuel TJIBAOU,,197,,,,Kokingone,KOKINGONE,1,Kokingone,Touho,LIEU_DIT_NC,TRIBU,Ko cèï goon,165.25551905392797,-20.85522530725118,tribus_villages_nc,124,3004,Koe - Kokingone - Tiwaka - Pombéi
legislatives_2024,1,988,98830,Touho,TOUHO,0003,310,201,109,200,0,1,3,REG,FRERE,Ronald,MASCULIN,Ronald FRERE,,0,,,,Kokingone,KOKINGONE,1,Kokingone,Touho,LIEU_DIT_NC,TRIBU,Ko cèï goon,165.25551905392797,-20.85522530725118,tribus_villages_nc,124,3004,Koe - Kokingone - Tiwaka - Pombéi
legislatives_2024,1,988,98830,Touho,TOUHO,0003,310,201,109,200,0,1,4,REG,VOUDJO,Luther,MASCULIN,Luther VOUDJO,,1,,,,Kokingone,KOKINGONE,1,Kokingone,Touho,LIEU_DIT_NC,TRIBU,Ko cèï goon,165.25551905392797,-20.85522530725118,tribus_villages_nc,124,3004,Koe - Kokingone - Tiwaka - Pombéi
legislatives_2024,1,988,98830,Touho,TOUHO,0003,310,201,109,200,0,1,6,DVD,PONGA,Alcide,MASCULIN,Alcide PONGA,,0,,,,Kokingone,KOKINGONE,1,Kokingone,Touho,LIEU_DIT_NC,TRIBU,Ko cèï goon,165.25551905392797,-20.85522530725118,tribus_villages_nc,124,3004,Koe - Kokingone - Tiwaka - Pombéi
legislatives_2024,1,988,98830,Touho,TOUHO,0003,310,201,109,200,0,1,7,HOR,POADJA,Gérard,MASCULIN,Gérard POADJA,,2,,,,Kokingone,KOKINGONE,1,Kokingone,Touho,LIEU_DIT_NC,TRIBU,Ko cèï goon,165.25551905392797,-20.85522530725118,tribus_villages_nc,124,3004,Koe - Kokingone - Tiwaka - Pombéi
legislatives_2024,1,988,98830,Touho,TOUHO,0004,415,298,117,296,1,1,1,DVG,TUKUMULI,Milakulo,MASCULIN,Milakulo TUKUMULI,,5,,,,Paola,PAOLA,1,Paola,Touho,LIEU_DIT_NC,TRIBU,Pwoï,165.1103595238747,-20.77393379422664,tribus_villages_nc,123,3003,Tiouandé - Ouanache - Congouma - Paola
legislatives_2024,1,988,98830,Touho,TOUHO,0004,415,298,117,296,1,1,2,REG,TJIBAOU,Emmanuel,MASCULIN,Emmanuel TJIBAOU,,289,,,,Paola,PAOLA,1,Paola,Touho,LIEU_DIT_NC,TRIBU,Pwoï,165.1103595238747,-20.77393379422664,tribus_villages_nc,123,3003,Tiouandé - Ouanache - Congouma - Paola
legislatives_2024,1,988,98830,Touho,TOUHO,0004,415,298,117,296,1,1,3,REG,FRERE,Ronald,MASCULIN,Ronald FRERE,,0,,,,Paola,PAOLA,1,Paola,Touho,LIEU_DIT_NC,TRIBU,Pwoï,165.1103595238747,-20.77393379422664,tribus_villages_nc,123,3003,Tiouandé - Ouanache - Congouma - Paola
legislatives_2024,1,988,98830,Touho,TOUHO,0004,415,298,117,296,1,1,4,REG,VOUDJO,Luther,MASCULIN,Luther VOUDJO,,0,,,,Paola,PAOLA,1,Paola,Touho,LIEU_DIT_NC,TRIBU,Pwoï,165.1103595238747,-20.77393379422664,tribus_villages_nc,123,3003,Tiouandé - Ouanache - Congouma - Paola
legislatives_2024,1,988,98830,Touho,TOUHO,0004,415,298,117,296,1,1,6,DVD,PONGA,Alcide,MASCULIN,Alcide PONGA,,0,,,,Paola,PAOLA,1,Paola,Touho,LIEU_DIT_NC,TRIBU,Pwoï,165.1103595238747,-20.77393379422664,tribus_villages_nc,123,3003,Tiouandé - Ouanache - Congouma - Paola
legislatives_2024,1,988,98830,Touho,TOUHO,0004,415,298,117,296,1,1,7,HOR,POADJA,Gérard,MASCULIN,Gérard POADJA,,2,,,,Paola,PAOLA,1,Paola,Touho,LIEU_DIT_NC,TRIBU,Pwoï,165.1103595238747,-20.77393379422664,tribus_villages_nc,123,3003,Tiouandé - Ouanache - Congouma - Paola
legislatives_2024,1,988,98831,Voh,VOH,0001,916,607,309,596,10,1,1,DVG,TUKUMULI,Milakulo,MASCULIN,Milakulo TUKUMULI,,53,,,,Mairie,MAIRIE,0.98,Mairie de Voh,,ADMINISTRATION ET ORGANISME,Administrations des collectivités,Administration de la commune de Voh,164.686182051524,-20.9488288857597,etablissements_publics_nc,129,3101,Voh village - Gatope
legislatives_2024,1,988,98831,Voh,VOH,0001,916,607,309,596,10,1,2,REG,TJIBAOU,Emmanuel,MASCULIN,Emmanuel TJIBAOU,,268,,,,Mairie,MAIRIE,0.98,Mairie de Voh,,ADMINISTRATION ET ORGANISME,Administrations des collectivités,Administration de la commune de Voh,164.686182051524,-20.9488288857597,etablissements_publics_nc,129,3101,Voh village - Gatope
legislatives_2024,1,988,98831,Voh,VOH,0001,916,607,309,596,10,1,3,REG,FRERE,Ronald,MASCULIN,Ronald FRERE,,12,,,,Mairie,MAIRIE,0.98,Mairie de Voh,,ADMINISTRATION ET ORGANISME,Administrations des collectivités,Administration de la commune de Voh,164.686182051524,-20.9488288857597,etablissements_publics_nc,129,3101,Voh village - Gatope
legislatives_2024,1,988,98831,Voh,VOH,0001,916,607,309,596,10,1,4,REG,VOUDJO,Luther,MASCULIN,Luther VOUDJO,,8,,,,Mairie,MAIRIE,0.98,Mairie de Voh,,ADMINISTRATION ET ORGANISME,Administrations des collectivités,Administration de la commune de Voh,164.686182051524,-20.9488288857597,etablissements_publics_nc,129,3101,Voh village - Gatope
legislatives_2024,1,988,98831,Voh,VOH,0001,916,607,309,596,10,1,6,DVD,PONGA,Alcide,MASCULIN,Alcide PONGA,,212,,,,Mairie,MAIRIE,0.98,Mairie de Voh,,ADMINISTRATION ET ORGANISME,Administrations des collectivités,Administration de la commune de Voh,164.686182051524,-20.9488288857597,etablissements_publics_nc,129,3101,Voh village - Gatope
legislatives_2024,1,988,98831,Voh,VOH,0001,916,607,309,596,10,1,7,HOR,POADJA,Gérard,MASCULIN,Gérard POADJA,,43,,,,Mairie,MAIRIE,0.98,Mairie de Voh,,ADMINISTRATION ET ORGANISME,Administrations des collectivités,Administration de la commune de Voh,164.686182051524,-20.9488288857597,etablissements_publics_nc,129,3101,Voh village - Gatope
legislatives_2024,1,988,98831,Voh,VOH,0002,318,220,98,213,4,3,1,DVG,TUKUMULI,Milakulo,MASCULIN,Milakulo TUKUMULI,,15,,,,Témala,TEMALA,0.93,Ecole primaire de Témala Ouélisse,,ENSEIGNEMENT ET FORMATION,Enseignement du premier degré,Ecole élémentaire,164.689267929949,-20.87135077045,etablissements_publics_nc,130,3103,Témala
legislatives_2024,1,988,98831,Voh,VOH,0002,318,220,98,213,4,3,2,REG,TJIBAOU,Emmanuel,MASCULIN,Emmanuel TJIBAOU,,97,,,,Témala,TEMALA,0.93,Ecole primaire de Témala Ouélisse,,ENSEIGNEMENT ET FORMATION,Enseignement du premier degré,Ecole élémentaire,164.689267929949,-20.87135077045,etablissements_publics_nc,130,3103,Témala
legislatives_2024,1,988,98831,Voh,VOH,0002,318,220,98,213,4,3,3,REG,FRERE,Ronald,MASCULIN,Ronald FRERE,,4,,,,Témala,TEMALA,0.93,Ecole primaire de Témala Ouélisse,,ENSEIGNEMENT ET FORMATION,Enseignement du premier degré,Ecole élémentaire,164.689267929949,-20.87135077045,etablissements_publics_nc,130,3103,Témala
legislatives_2024,1,988,98831,Voh,VOH,0002,318,220,98,213,4,3,4,REG,VOUDJO,Luther,MASCULIN,Luther VOUDJO,,2,,,,Témala,TEMALA,0.93,Ecole primaire de Témala Ouélisse,,ENSEIGNEMENT ET FORMATION,Enseignement du premier degré,Ecole élémentaire,164.689267929949,-20.87135077045,etablissements_publics_nc,130,3103,Témala
legislatives_2024,1,988,98831,Voh,VOH,0002,318,220,98,213,4,3,6,DVD,PONGA,Alcide,MASCULIN,Alcide PONGA,,89,,,,Témala,TEMALA,0.93,Ecole primaire de Témala Ouélisse,,ENSEIGNEMENT ET FORMATION,Enseignement du premier degré,Ecole élémentaire,164.689267929949,-20.87135077045,etablissements_publics_nc,130,3103,Témala
legislatives_2024,1,988,98831,Voh,VOH,0002,318,220,98,213,4,3,7,HOR,POADJA,Gérard,MASCULIN,Gérard POADJA,,6,,,,Témala,TEMALA,0.93,Ecole primaire de Témala Ouélisse,,ENSEIGNEMENT ET FORMATION,Enseignement du premier degré,Ecole élémentaire,164.689267929949,-20.87135077045,etablissements_publics_nc,130,3103,Témala
legislatives_2024,1,988,98831,Voh,VOH,0003,53,37,16,37,0,0,1,DVG,TUKUMULI,Milakulo,MASCULIN,Milakulo TUKUMULI,,0,,,,Ouengo,OUENGO,1,Ouango - Pouépaï,Voh,LIEU_DIT_NC,TRIBU,Hwaago,164.74217311646055,-20.784454291123556,tribus_villages_nc,130,3103,Témala
legislatives_2024,1,988,98831,Voh,VOH,0003,53,37,16,37,0,0,2,REG,TJIBAOU,Emmanuel,MASCULIN,Emmanuel TJIBAOU,,37,,,,Ouengo,OUENGO,1,Ouango - Pouépaï,Voh,LIEU_DIT_NC,TRIBU,Hwaago,164.74217311646055,-20.784454291123556,tribus_villages_nc,130,3103,Témala
legislatives_2024,1,988,98831,Voh,VOH,0003,53,37,16,37,0,0,3,REG,FRERE,Ronald,MASCULIN,Ronald FRERE,,0,,,,Ouengo,OUENGO,1,Ouango - Pouépaï,Voh,LIEU_DIT_NC,TRIBU,Hwaago,164.74217311646055,-20.784454291123556,tribus_villages_nc,130,3103,Témala
legislatives_2024,1,988,98831,Voh,VOH,0003,53,37,16,37,0,0,4,REG,VOUDJO,Luther,MASCULIN,Luther VOUDJO,,0,,,,Ouengo,OUENGO,1,Ouango - Pouépaï,Voh,LIEU_DIT_NC,TRIBU,Hwaago,164.74217311646055,-20.784454291123556,tribus_villages_nc,130,3103,Témala
legislatives_2024,1,988,98831,Voh,VOH,0003,53,37,16,37,0,0,6,DVD,PONGA,Alcide,MASCULIN,Alcide PONGA,,0,,,,Ouengo,OUENGO,1,Ouango - Pouépaï,Voh,LIEU_DIT_NC,TRIBU,Hwaago,164.74217311646055,-20.784454291123556,tribus_villages_nc,130,3103,Témala
legislatives_2024,1,988,98831,Voh,VOH,0003,53,37,16,37,0,0,7,HOR,POADJA,Gérard,MASCULIN,Gérard POADJA,,0,,,,Ouengo,OUENGO,1,Ouango - Pouépaï,Voh,LIEU_DIT_NC,TRIBU,Hwaago,164.74217311646055,-20.784454291123556,tribus_villages_nc,130,3103,Témala
legislatives_2024,1,988,98831,Voh,VOH,0004,282,209,73,204,4,1,1,DVG,TUKUMULI,Milakulo,MASCULIN,Milakulo TUKUMULI,,8,,,,Local socio-éducatif de Tieta,LOCAL SOCIO EDUCATIF TIETA,0.846,Foyer socio-éducatif de Tiéta,,CULTUREL ET SOCIO EDUCATIF,Equipements socio-éducatifs et socio-culturels,Foyer socio culturel,164.740133724095,-20.9210724511979,etablissements_publics_nc,131,3106,Tiéta
legislatives_2024,1,988,98831,Voh,VOH,0004,282,209,73,204,4,1,2,REG,TJIBAOU,Emmanuel,MASCULIN,Emmanuel TJIBAOU,,184,,,,Local socio-éducatif de Tieta,LOCAL SOCIO EDUCATIF TIETA,0.846,Foyer socio-éducatif de Tiéta,,CULTUREL ET SOCIO EDUCATIF,Equipements socio-éducatifs et socio-culturels,Foyer socio culturel,164.740133724095,-20.9210724511979,etablissements_publics_nc,131,3106,Tiéta
legislatives_2024,1,988,98831,Voh,VOH,0004,282,209,73,204,4,1,3,REG,FRERE,Ronald,MASCULIN,Ronald FRERE,,3,,,,Local socio-éducatif de Tieta,LOCAL SOCIO EDUCATIF TIETA,0.846,Foyer socio-éducatif de Tiéta,,CULTUREL ET SOCIO EDUCATIF,Equipements socio-éducatifs et socio-culturels,Foyer socio culturel,164.740133724095,-20.9210724511979,etablissements_publics_nc,131,3106,Tiéta
legislatives_2024,1,988,98831,Voh,VOH,0004,282,209,73,204,4,1,4,REG,VOUDJO,Luther,MASCULIN,Luther VOUDJO,,5,,,,Local socio-éducatif de Tieta,LOCAL SOCIO EDUCATIF TIETA,0.846,Foyer socio-éducatif de Tiéta,,CULTUREL ET SOCIO EDUCATIF,Equipements socio-éducatifs et socio-culturels,Foyer socio culturel,164.740133724095,-20.9210724511979,etablissements_publics_nc,131,3106,Tiéta
legislatives_2024,1,988,98831,Voh,VOH,0004,282,209,73,204,4,1,6,DVD,PONGA,Alcide,MASCULIN,Alcide PONGA,,4,,,,Local socio-éducatif de Tieta,LOCAL SOCIO EDUCATIF TIETA,0.846,Foyer socio-éducatif de Tiéta,,CULTUREL ET SOCIO EDUCATIF,Equipements socio-éducatifs et socio-culturels,Foyer socio culturel,164.740133724095,-20.9210724511979,etablissements_publics_nc,131,3106,Tiéta
legislatives_2024,1,988,98831,Voh,VOH,0004,282,209,73,204,4,1,7,HOR,POADJA,Gérard,MASCULIN,Gérard POADJA,,0,,,,Local socio-éducatif de Tieta,LOCAL SOCIO EDUCATIF TIETA,0.846,Foyer socio-éducatif de Tiéta,,CULTUREL ET SOCIO EDUCATIF,Equipements socio-éducatifs et socio-culturels,Foyer socio culturel,164.740133724095,-20.9210724511979,etablissements_publics_nc,131,3106,Tiéta
legislatives_2024,1,988,98831,Voh,VOH,0005,349,257,92,255,2,0,1,DVG,TUKUMULI,Milakulo,MASCULIN,Milakulo TUKUMULI,,19,,,,Local socio-éducatif de Oundjo,LOCAL SOCIO EDUCATIF OUNDJO,0.821,Foyer socio-éducatif d'Oundjo,,CULTUREL ET SOCIO EDUCATIF,Equipements socio-éducatifs et socio-culturels,Foyer socio culturel,164.697579851987,-21.0373781816945,etablissements_publics_nc,129,3101,Voh village - Gatope
legislatives_2024,1,988,98831,Voh,VOH,0005,349,257,92,255,2,0,2,REG,TJIBAOU,Emmanuel,MASCULIN,Emmanuel TJIBAOU,,227,,,,Local socio-éducatif de Oundjo,LOCAL SOCIO EDUCATIF OUNDJO,0.821,Foyer socio-éducatif d'Oundjo,,CULTUREL ET SOCIO EDUCATIF,Equipements socio-éducatifs et socio-culturels,Foyer socio culturel,164.697579851987,-21.0373781816945,etablissements_publics_nc,129,3101,Voh village - Gatope
legislatives_2024,1,988,98831,Voh,VOH,0005,349,257,92,255,2,0,3,REG,FRERE,Ronald,MASCULIN,Ronald FRERE,,3,,,,Local socio-éducatif de Oundjo,LOCAL SOCIO EDUCATIF OUNDJO,0.821,Foyer socio-éducatif d'Oundjo,,CULTUREL ET SOCIO EDUCATIF,Equipements socio-éducatifs et socio-culturels,Foyer socio culturel,164.697579851987,-21.0373781816945,etablissements_publics_nc,129,3101,Voh village - Gatope
legislatives_2024,1,988,98831,Voh,VOH,0005,349,257,92,255,2,0,4,REG,VOUDJO,Luther,MASCULIN,Luther VOUDJO,,6,,,,Local socio-éducatif de Oundjo,LOCAL SOCIO EDUCATIF OUNDJO,0.821,Foyer socio-éducatif d'Oundjo,,CULTUREL ET SOCIO EDUCATIF,Equipements socio-éducatifs et socio-culturels,Foyer socio culturel,164.697579851987,-21.0373781816945,etablissements_publics_nc,129,3101,Voh village - Gatope
legislatives_2024,1,988,98831,Voh,VOH,0005,349,257,92,255,2,0,6,DVD,PONGA,Alcide,MASCULIN,Alcide PONGA,,0,,,,Local socio-éducatif de Oundjo,LOCAL SOCIO EDUCATIF OUNDJO,0.821,Foyer socio-éducatif d'Oundjo,,CULTUREL ET SOCIO EDUCATIF,Equipements socio-éducatifs et socio-culturels,Foyer socio culturel,164.697579851987,-21.0373781816945,etablissements_publics_nc,129,3101,Voh village - Gatope
legislatives_2024,1,988,98831,Voh,VOH,0005,349,257,92,255,2,0,7,HOR,POADJA,Gérard,MASCULIN,Gérard POADJA,,0,,,,Local socio-éducatif de Oundjo,LOCAL SOCIO EDUCATIF OUNDJO,0.821,Foyer socio-éducatif d'Oundjo,,CULTUREL ET SOCIO EDUCATIF,Equipements socio-éducatifs et socio-culturels,Foyer socio culturel,164.697579851987,-21.0373781816945,etablissements_publics_nc,129,3101,Voh village - Gatope
legislatives_2024,1,988,98831,Voh,VOH,0006,198,142,56,139,1,2,1,DVG,TUKUMULI,Milakulo,MASCULIN,Milakulo TUKUMULI,,12,,,,Local socio-éducatif de Boyen,LOCAL SOCIO EDUCATIF BOYEN,0.717,Foyer socio-éducatif de Gatope,,CULTUREL ET SOCIO EDUCATIF,Equipements socio-éducatifs et socio-culturels,Foyer socio culturel,164.666715225632,-20.9652133930634,etablissements_publics_nc,129,3101,Voh village - Gatope
legislatives_2024,1,988,98831,Voh,VOH,0006,198,142,56,139,1,2,2,REG,TJIBAOU,Emmanuel,MASCULIN,Emmanuel TJIBAOU,,117,,,,Local socio-éducatif de Boyen,LOCAL SOCIO EDUCATIF BOYEN,0.717,Foyer socio-éducatif de Gatope,,CULTUREL ET SOCIO EDUCATIF,Equipements socio-éducatifs et socio-culturels,Foyer socio culturel,164.666715225632,-20.9652133930634,etablissements_publics_nc,129,3101,Voh village - Gatope
legislatives_2024,1,988,98831,Voh,VOH,0006,198,142,56,139,1,2,3,REG,FRERE,Ronald,MASCULIN,Ronald FRERE,,0,,,,Local socio-éducatif de Boyen,LOCAL SOCIO EDUCATIF BOYEN,0.717,Foyer socio-éducatif de Gatope,,CULTUREL ET SOCIO EDUCATIF,Equipements socio-éducatifs et socio-culturels,Foyer socio culturel,164.666715225632,-20.9652133930634,etablissements_publics_nc,129,3101,Voh village - Gatope
legislatives_2024,1,988,98831,Voh,VOH,0006,198,142,56,139,1,2,4,REG,VOUDJO,Luther,MASCULIN,Luther VOUDJO,,5,,,,Local socio-éducatif de Boyen,LOCAL SOCIO EDUCATIF BOYEN,0.717,Foyer socio-éducatif de Gatope,,CULTUREL ET SOCIO EDUCATIF,Equipements socio-éducatifs et socio-culturels,Foyer socio culturel,164.666715225632,-20.9652133930634,etablissements_publics_nc,129,3101,Voh village - Gatope
legislatives_2024,1,988,98831,Voh,VOH,0006,198,142,56,139,1,2,6,DVD,PONGA,Alcide,MASCULIN,Alcide PONGA,,1,,,,Local socio-éducatif de Boyen,LOCAL SOCIO EDUCATIF BOYEN,0.717,Foyer socio-éducatif de Gatope,,CULTUREL ET SOCIO EDUCATIF,Equipements socio-éducatifs et socio-culturels,Foyer socio culturel,164.666715225632,-20.9652133930634,etablissements_publics_nc,129,3101,Voh village - Gatope
legislatives_2024,1,988,98831,Voh,VOH,0006,198,142,56,139,1,2,7,HOR,POADJA,Gérard,MASCULIN,Gérard POADJA,,4,,,,Local socio-éducatif de Boyen,LOCAL SOCIO EDUCATIF BOYEN,0.717,Foyer socio-éducatif de Gatope,,CULTUREL ET SOCIO EDUCATIF,Equipements socio-éducatifs et socio-culturels,Foyer socio culturel,164.666715225632,-20.9652133930634,etablissements_publics_nc,129,3101,Voh village - Gatope
legislatives_2024,1,988,98831,Voh,VOH,0007,362,274,88,270,0,4,1,DVG,TUKUMULI,Milakulo,MASCULIN,Milakulo TUKUMULI,,15,,,,Local socio-éducatif de Témala,LOCAL SOCIO EDUCATIF TEMALA,0.755,Foyer socio-éducatif de Tiéta,,CULTUREL ET SOCIO EDUCATIF,Equipements socio-éducatifs et socio-culturels,Foyer socio culturel,164.740133724095,-20.9210724511979,etablissements_publics_nc,131,3106,Tiéta
legislatives_2024,1,988,98831,Voh,VOH,0007,362,274,88,270,0,4,2,REG,TJIBAOU,Emmanuel,MASCULIN,Emmanuel TJIBAOU,,251,,,,Local socio-éducatif de Témala,LOCAL SOCIO EDUCATIF TEMALA,0.755,Foyer socio-éducatif de Tiéta,,CULTUREL ET SOCIO EDUCATIF,Equipements socio-éducatifs et socio-culturels,Foyer socio culturel,164.740133724095,-20.9210724511979,etablissements_publics_nc,131,3106,Tiéta
legislatives_2024,1,988,98831,Voh,VOH,0007,362,274,88,270,0,4,3,REG,FRERE,Ronald,MASCULIN,Ronald FRERE,,0,,,,Local socio-éducatif de Témala,LOCAL SOCIO EDUCATIF TEMALA,0.755,Foyer socio-éducatif de Tiéta,,CULTUREL ET SOCIO EDUCATIF,Equipements socio-éducatifs et socio-culturels,Foyer socio culturel,164.740133724095,-20.9210724511979,etablissements_publics_nc,131,3106,Tiéta
legislatives_2024,1,988,98831,Voh,VOH,0007,362,274,88,270,0,4,4,REG,VOUDJO,Luther,MASCULIN,Luther VOUDJO,,3,,,,Local socio-éducatif de Témala,LOCAL SOCIO EDUCATIF TEMALA,0.755,Foyer socio-éducatif de Tiéta,,CULTUREL ET SOCIO EDUCATIF,Equipements socio-éducatifs et socio-culturels,Foyer socio culturel,164.740133724095,-20.9210724511979,etablissements_publics_nc,131,3106,Tiéta
legislatives_2024,1,988,98831,Voh,VOH,0007,362,274,88,270,0,4,6,DVD,PONGA,Alcide,MASCULIN,Alcide PONGA,,0,,,,Local socio-éducatif de Témala,LOCAL SOCIO EDUCATIF TEMALA,0.755,Foyer socio-éducatif de Tiéta,,CULTUREL ET SOCIO EDUCATIF,Equipements socio-éducatifs et socio-culturels,Foyer socio culturel,164.740133724095,-20.9210724511979,etablissements_publics_nc,131,3106,Tiéta
legislatives_2024,1,988,98831,Voh,VOH,0007,362,274,88,270,0,4,7,HOR,POADJA,Gérard,MASCULIN,Gérard POADJA,,1,,,,Local socio-éducatif de Témala,LOCAL SOCIO EDUCATIF TEMALA,0.755,Foyer socio-éducatif de Tiéta,,CULTUREL ET SOCIO EDUCATIF,Equipements socio-éducatifs et socio-culturels,Foyer socio culturel,164.740133724095,-20.9210724511979,etablissements_publics_nc,131,3106,Tiéta
legislatives_2024,1,988,98832,Yaté,YATE,0001,300,178,122,176,2,0,1,DVG,TUKUMULI,Milakulo,MASCULIN,Milakulo TUKUMULI,,9,,,,Mairie,MAIRIE,0.7,YATE,Yaté,LIEU_DIT_NC,VILLE,,166.94326054599946,-22.16058963447543,tribus_villages_nc,132,3201,Waho Touaourou Goro
legislatives_2024,1,988,98832,Yaté,YATE,0001,300,178,122,176,2,0,2,REG,TJIBAOU,Emmanuel,MASCULIN,Emmanuel TJIBAOU,,147,,,,Mairie,MAIRIE,0.7,YATE,Yaté,LIEU_DIT_NC,VILLE,,166.94326054599946,-22.16058963447543,tribus_villages_nc,132,3201,Waho Touaourou Goro
legislatives_2024,1,988,98832,Yaté,YATE,0001,300,178,122,176,2,0,3,REG,FRERE,Ronald,MASCULIN,Ronald FRERE,,0,,,,Mairie,MAIRIE,0.7,YATE,Yaté,LIEU_DIT_NC,VILLE,,166.94326054599946,-22.16058963447543,tribus_villages_nc,132,3201,Waho Touaourou Goro
legislatives_2024,1,988,98832,Yaté,YATE,0001,300,178,122,176,2,0,4,REG,VOUDJO,Luther,MASCULIN,Luther VOUDJO,,1,,,,Mairie,MAIRIE,0.7,YATE,Yaté,LIEU_DIT_NC,VILLE,,166.94326054599946,-22.16058963447543,tribus_villages_nc,132,3201,Waho Touaourou Goro
legislatives_2024,1,988,98832,Yaté,YATE,0001,300,178,122,176,2,0,6,DVD,PONGA,Alcide,MASCULIN,Alcide PONGA,,13,,,,Mairie,MAIRIE,0.7,YATE,Yaté,LIEU_DIT_NC,VILLE,,166.94326054599946,-22.16058963447543,tribus_villages_nc,132,3201,Waho Touaourou Goro
legislatives_2024,1,988,98832,Yaté,YATE,0001,300,178,122,176,2,0,7,HOR,POADJA,Gérard,MASCULIN,Gérard POADJA,,6,,,,Mairie,MAIRIE,0.7,YATE,Yaté,LIEU_DIT_NC,VILLE,,166.94326054599946,-22.16058963447543,tribus_villages_nc,132,3201,Waho Touaourou Goro
legislatives_2024,1,988,98832,Yaté,YATE,0002,499,285,214,283,0,2,1,DVG,TUKUMULI,Milakulo,MASCULIN,Milakulo TUKUMULI,,8,,,,Touaourou,TOUAOUROU,1,Touaourou,Yaté,LIEU_DIT_NC,TRIBU,,166.97497872151834,-22.190244269832505,tribus_villages_nc,132,3201,Waho Touaourou Goro
legislatives_2024,1,988,98832,Yaté,YATE,0002,499,285,214,283,0,2,2,REG,TJIBAOU,Emmanuel,MASCULIN,Emmanuel TJIBAOU,,259,,,,Touaourou,TOUAOUROU,1,Touaourou,Yaté,LIEU_DIT_NC,TRIBU,,166.97497872151834,-22.190244269832505,tribus_villages_nc,132,3201,Waho Touaourou Goro
legislatives_2024,1,988,98832,Yaté,YATE,0002,499,285,214,283,0,2,3,REG,FRERE,Ronald,MASCULIN,Ronald FRERE,,1,,,,Touaourou,TOUAOUROU,1,Touaourou,Yaté,LIEU_DIT_NC,TRIBU,,166.97497872151834,-22.190244269832505,tribus_villages_nc,132,3201,Waho Touaourou Goro
legislatives_2024,1,988,98832,Yaté,YATE,0002,499,285,214,283,0,2,4,REG,VOUDJO,Luther,MASCULIN,Luther VOUDJO,,12,,,,Touaourou,TOUAOUROU,1,Touaourou,Yaté,LIEU_DIT_NC,TRIBU,,166.97497872151834,-22.190244269832505,tribus_villages_nc,132,3201,Waho Touaourou Goro
legislatives_2024,1,988,98832,Yaté,YATE,0002,499,285,214,283,0,2,6,DVD,PONGA,Alcide,MASCULIN,Alcide PONGA,,1,,,,Touaourou,TOUAOUROU,1,Touaourou,Yaté,LIEU_DIT_NC,TRIBU,,166.97497872151834,-22.190244269832505,tribus_villages_nc,132,3201,Waho Touaourou Goro
legislatives_2024,1,988,98832,Yaté,YATE,0002,499,285,214,283,0,2,7,HOR,POADJA,Gérard,MASCULIN,Gérard POADJA,,2,,,,Touaourou,TOUAOUROU,1,Touaourou,Yaté,LIEU_DIT_NC,TRIBU,,166.97497872151834,-22.190244269832505,tribus_villages_nc,132,3201,Waho Touaourou Goro
legislatives_2024,1,988,98832,Yaté,YATE,0003,241,133,108,132,0,1,1,DVG,TUKUMULI,Milakulo,MASCULIN,Milakulo TUKUMULI,,9,,,,Goro,GORO,1,Goro,Yaté,LIEU_DIT_NC,TRIBU,Xéré,167.0163659290303,-22.286011229502463,tribus_villages_nc,132,3201,Waho Touaourou Goro
legislatives_2024,1,988,98832,Yaté,YATE,0003,241,133,108,132,0,1,2,REG,TJIBAOU,Emmanuel,MASCULIN,Emmanuel TJIBAOU,,110,,,,Goro,GORO,1,Goro,Yaté,LIEU_DIT_NC,TRIBU,Xéré,167.0163659290303,-22.286011229502463,tribus_villages_nc,132,3201,Waho Touaourou Goro
legislatives_2024,1,988,98832,Yaté,YATE,0003,241,133,108,132,0,1,3,REG,FRERE,Ronald,MASCULIN,Ronald FRERE,,2,,,,Goro,GORO,1,Goro,Yaté,LIEU_DIT_NC,TRIBU,Xéré,167.0163659290303,-22.286011229502463,tribus_villages_nc,132,3201,Waho Touaourou Goro
legislatives_2024,1,988,98832,Yaté,YATE,0003,241,133,108,132,0,1,4,REG,VOUDJO,Luther,MASCULIN,Luther VOUDJO,,1,,,,Goro,GORO,1,Goro,Yaté,LIEU_DIT_NC,TRIBU,Xéré,167.0163659290303,-22.286011229502463,tribus_villages_nc,132,3201,Waho Touaourou Goro
legislatives_2024,1,988,98832,Yaté,YATE,0003,241,133,108,132,0,1,6,DVD,PONGA,Alcide,MASCULIN,Alcide PONGA,,4,,,,Goro,GORO,1,Goro,Yaté,LIEU_DIT_NC,TRIBU,Xéré,167.0163659290303,-22.286011229502463,tribus_villages_nc,132,3201,Waho Touaourou Goro
legislatives_2024,1,988,98832,Yaté,YATE,0003,241,133,108,132,0,1,7,HOR,POADJA,Gérard,MASCULIN,Gérard POADJA,,6,,,,Goro,GORO,1,Goro,Yaté,LIEU_DIT_NC,TRIBU,Xéré,167.0163659290303,-22.286011229502463,tribus_villages_nc,132,3201,Waho Touaourou Goro
legislatives_2024,1,988,98832,Yaté,YATE,0004,793,485,308,483,1,1,1,DVG,TUKUMULI,Milakulo,MASCULIN,Milakulo TUKUMULI,,30,,,,Unia,UNIA,1,Unia,Yaté,LIEU_DIT_NC,TRIBU,,166.89998901288348,-22.06107261844911,tribus_villages_nc,133,3202,Unia Ouinné
legislatives_2024,1,988,98832,Yaté,YATE,0004,793,485,308,483,1,1,2,REG,TJIBAOU,Emmanuel,MASCULIN,Emmanuel TJIBAOU,,439,,,,Unia,UNIA,1,Unia,Yaté,LIEU_DIT_NC,TRIBU,,166.89998901288348,-22.06107261844911,tribus_villages_nc,133,3202,Unia Ouinné
legislatives_2024,1,988,98832,Yaté,YATE,0004,793,485,308,483,1,1,3,REG,FRERE,Ronald,MASCULIN,Ronald FRERE,,0,,,,Unia,UNIA,1,Unia,Yaté,LIEU_DIT_NC,TRIBU,,166.89998901288348,-22.06107261844911,tribus_villages_nc,133,3202,Unia Ouinné
legislatives_2024,1,988,98832,Yaté,YATE,0004,793,485,308,483,1,1,4,REG,VOUDJO,Luther,MASCULIN,Luther VOUDJO,,11,,,,Unia,UNIA,1,Unia,Yaté,LIEU_DIT_NC,TRIBU,,166.89998901288348,-22.06107261844911,tribus_villages_nc,133,3202,Unia Ouinné
legislatives_2024,1,988,98832,Yaté,YATE,0004,793,485,308,483,1,1,6,DVD,PONGA,Alcide,MASCULIN,Alcide PONGA,,3,,,,Unia,UNIA,1,Unia,Yaté,LIEU_DIT_NC,TRIBU,,166.89998901288348,-22.06107261844911,tribus_villages_nc,133,3202,Unia Ouinné
legislatives_2024,1,988,98832,Yaté,YATE,0004,793,485,308,483,1,1,7,HOR,POADJA,Gérard,MASCULIN,Gérard POADJA,,0,,,,Unia,UNIA,1,Unia,Yaté,LIEU_DIT_NC,TRIBU,,166.89998901288348,-22.06107261844911,tribus_villages_nc,133,3202,Unia Ouinné
legislatives_2024,1,988,98833,Kouaoua,KOUAOUA,0001,573,348,225,345,2,1,1,DVG,TUKUMULI,Milakulo,MASCULIN,Milakulo TUKUMULI,,15,,,,Mairie,MAIRIE,0.7,KOUAOUA,Kouaoua,LIEU_DIT_NC,VILLE,Aumu,165.82856671021466,-21.396045166693337,tribus_villages_nc,134,3301,Kouaoua village - Amon Kasiori
legislatives_2024,1,988,98833,Kouaoua,KOUAOUA,0001,573,348,225,345,2,1,2,REG,TJIBAOU,Emmanuel,MASCULIN,Emmanuel TJIBAOU,,252,,,,Mairie,MAIRIE,0.7,KOUAOUA,Kouaoua,LIEU_DIT_NC,VILLE,Aumu,165.82856671021466,-21.396045166693337,tribus_villages_nc,134,3301,Kouaoua village - Amon Kasiori
legislatives_2024,1,988,98833,Kouaoua,KOUAOUA,0001,573,348,225,345,2,1,3,REG,FRERE,Ronald,MASCULIN,Ronald FRERE,,3,,,,Mairie,MAIRIE,0.7,KOUAOUA,Kouaoua,LIEU_DIT_NC,VILLE,Aumu,165.82856671021466,-21.396045166693337,tribus_villages_nc,134,3301,Kouaoua village - Amon Kasiori
legislatives_2024,1,988,98833,Kouaoua,KOUAOUA,0001,573,348,225,345,2,1,4,REG,VOUDJO,Luther,MASCULIN,Luther VOUDJO,,2,,,,Mairie,MAIRIE,0.7,KOUAOUA,Kouaoua,LIEU_DIT_NC,VILLE,Aumu,165.82856671021466,-21.396045166693337,tribus_villages_nc,134,3301,Kouaoua village - Amon Kasiori
legislatives_2024,1,988,98833,Kouaoua,KOUAOUA,0001,573,348,225,345,2,1,6,DVD,PONGA,Alcide,MASCULIN,Alcide PONGA,,72,,,,Mairie,MAIRIE,0.7,KOUAOUA,Kouaoua,LIEU_DIT_NC,VILLE,Aumu,165.82856671021466,-21.396045166693337,tribus_villages_nc,134,3301,Kouaoua village - Amon Kasiori
legislatives_2024,1,988,98833,Kouaoua,KOUAOUA,0001,573,348,225,345,2,1,7,HOR,POADJA,Gérard,MASCULIN,Gérard POADJA,,1,,,,Mairie,MAIRIE,0.7,KOUAOUA,Kouaoua,LIEU_DIT_NC,VILLE,Aumu,165.82856671021466,-21.396045166693337,tribus_villages_nc,134,3301,Kouaoua village - Amon Kasiori
legislatives_2024,1,988,98833,Kouaoua,KOUAOUA,0002,284,170,114,170,0,0,1,DVG,TUKUMULI,Milakulo,MASCULIN,Milakulo TUKUMULI,,3,,,,Maison commune de Ouérou-Pimet,MAISON COMMUNE OUEROU PIMET,0.95,Ouéroupimé,Kouaoua,LIEU_DIT_NC,TRIBU,Wérupimé,165.72221294003012,-21.49791198784617,tribus_villages_nc,135,3302,Méa Mébara - Ouérou Pimet
legislatives_2024,1,988,98833,Kouaoua,KOUAOUA,0002,284,170,114,170,0,0,2,REG,TJIBAOU,Emmanuel,MASCULIN,Emmanuel TJIBAOU,,155,,,,Maison commune de Ouérou-Pimet,MAISON COMMUNE OUEROU PIMET,0.95,Ouéroupimé,Kouaoua,LIEU_DIT_NC,TRIBU,Wérupimé,165.72221294003012,-21.49791198784617,tribus_villages_nc,135,3302,Méa Mébara - Ouérou Pimet
legislatives_2024,1,988,98833,Kouaoua,KOUAOUA,0002,284,170,114,170,0,0,3,REG,FRERE,Ronald,MASCULIN,Ronald FRERE,,0,,,,Maison commune de Ouérou-Pimet,MAISON COMMUNE OUEROU PIMET,0.95,Ouéroupimé,Kouaoua,LIEU_DIT_NC,TRIBU,Wérupimé,165.72221294003012,-21.49791198784617,tribus_villages_nc,135,3302,Méa Mébara - Ouérou Pimet
legislatives_2024,1,988,98833,Kouaoua,KOUAOUA,0002,284,170,114,170,0,0,4,REG,VOUDJO,Luther,MASCULIN,Luther VOUDJO,,0,,,,Maison commune de Ouérou-Pimet,MAISON COMMUNE OUEROU PIMET,0.95,Ouéroupimé,Kouaoua,LIEU_DIT_NC,TRIBU,Wérupimé,165.72221294003012,-21.49791198784617,tribus_villages_nc,135,3302,Méa Mébara - Ouérou Pimet
legislatives_2024,1,988,98833,Kouaoua,KOUAOUA,0002,284,170,114,170,0,0,6,DVD,PONGA,Alcide,MASCULIN,Alcide PONGA,,10,,,,Maison commune de Ouérou-Pimet,MAISON COMMUNE OUEROU PIMET,0.95,Ouéroupimé,Kouaoua,LIEU_DIT_NC,TRIBU,Wérupimé,165.72221294003012,-21.49791198784617,tribus_villages_nc,135,3302,Méa Mébara - Ouérou Pimet
legislatives_2024,1,988,98833,Kouaoua,KOUAOUA,0002,284,170,114,170,0,0,7,HOR,POADJA,Gérard,MASCULIN,Gérard POADJA,,2,,,,Maison commune de Ouérou-Pimet,MAISON COMMUNE OUEROU PIMET,0.95,Ouéroupimé,Kouaoua,LIEU_DIT_NC,TRIBU,Wérupimé,165.72221294003012,-21.49791198784617,tribus_villages_nc,135,3302,Méa Mébara - Ouérou Pimet
legislatives_2024,1,988,98833,Kouaoua,KOUAOUA,0003,150,124,26,123,0,1,1,DVG,TUKUMULI,Milakulo,MASCULIN,Milakulo TUKUMULI,,11,,,,Koh,KOH,1,Koh,Kouaoua,LIEU_DIT_NC,TRIBU,,165.83542921955194,-21.536184530370736,tribus_villages_nc,135,3302,Méa Mébara - Ouérou Pimet
legislatives_2024,1,988,98833,Kouaoua,KOUAOUA,0003,150,124,26,123,0,1,2,REG,TJIBAOU,Emmanuel,MASCULIN,Emmanuel TJIBAOU,,101,,,,Koh,KOH,1,Koh,Kouaoua,LIEU_DIT_NC,TRIBU,,165.83542921955194,-21.536184530370736,tribus_villages_nc,135,3302,Méa Mébara - Ouérou Pimet
legislatives_2024,1,988,98833,Kouaoua,KOUAOUA,0003,150,124,26,123,0,1,3,REG,FRERE,Ronald,MASCULIN,Ronald FRERE,,0,,,,Koh,KOH,1,Koh,Kouaoua,LIEU_DIT_NC,TRIBU,,165.83542921955194,-21.536184530370736,tribus_villages_nc,135,3302,Méa Mébara - Ouérou Pimet
legislatives_2024,1,988,98833,Kouaoua,KOUAOUA,0003,150,124,26,123,0,1,4,REG,VOUDJO,Luther,MASCULIN,Luther VOUDJO,,3,,,,Koh,KOH,1,Koh,Kouaoua,LIEU_DIT_NC,TRIBU,,165.83542921955194,-21.536184530370736,tribus_villages_nc,135,3302,Méa Mébara - Ouérou Pimet
legislatives_2024,1,988,98833,Kouaoua,KOUAOUA,0003,150,124,26,123,0,1,6,DVD,PONGA,Alcide,MASCULIN,Alcide PONGA,,7,,,,Koh,KOH,1,Koh,Kouaoua,LIEU_DIT_NC,TRIBU,,165.83542921955194,-21.536184530370736,tribus_villages_nc,135,3302,Méa Mébara - Ouérou Pimet
legislatives_2024,1,988,98833,Kouaoua,KOUAOUA,0003,150,124,26,123,0,1,7,HOR,POADJA,Gérard,MASCULIN,Gérard POADJA,,1,,,,Koh,KOH,1,Koh,Kouaoua,LIEU_DIT_NC,TRIBU,,165.83542921955194,-21.536184530370736,tribus_villages_nc,135,3302,Méa Mébara - Ouérou Pimet
legislatives_2024,1,988,98833,Kouaoua,KOUAOUA,0004,184,107,77,105,2,0,1,DVG,TUKUMULI,Milakulo,MASCULIN,Milakulo TUKUMULI,,2,,,,Méa-Mébara,MEA MEBARA,1,Méa Mébara,Kouaoua,LIEU_DIT_NC,TRIBU,,165.78859040310297,-21.469132110021317,tribus_villages_nc,135,3302,Méa Mébara - Ouérou Pimet
legislatives_2024,1,988,98833,Kouaoua,KOUAOUA,0004,184,107,77,105,2,0,2,REG,TJIBAOU,Emmanuel,MASCULIN,Emmanuel TJIBAOU,,76,,,,Méa-Mébara,MEA MEBARA,1,Méa Mébara,Kouaoua,LIEU_DIT_NC,TRIBU,,165.78859040310297,-21.469132110021317,tribus_villages_nc,135,3302,Méa Mébara - Ouérou Pimet
legislatives_2024,1,988,98833,Kouaoua,KOUAOUA,0004,184,107,77,105,2,0,3,REG,FRERE,Ronald,MASCULIN,Ronald FRERE,,1,,,,Méa-Mébara,MEA MEBARA,1,Méa Mébara,Kouaoua,LIEU_DIT_NC,TRIBU,,165.78859040310297,-21.469132110021317,tribus_villages_nc,135,3302,Méa Mébara - Ouérou Pimet
legislatives_2024,1,988,98833,Kouaoua,KOUAOUA,0004,184,107,77,105,2,0,4,REG,VOUDJO,Luther,MASCULIN,Luther VOUDJO,,3,,,,Méa-Mébara,MEA MEBARA,1,Méa Mébara,Kouaoua,LIEU_DIT_NC,TRIBU,,165.78859040310297,-21.469132110021317,tribus_villages_nc,135,3302,Méa Mébara - Ouérou Pimet
legislatives_2024,1,988,98833,Kouaoua,KOUAOUA,0004,184,107,77,105,2,0,6,DVD,PONGA,Alcide,MASCULIN,Alcide PONGA,,23,,,,Méa-Mébara,MEA MEBARA,1,Méa Mébara,Kouaoua,LIEU_DIT_NC,TRIBU,,165.78859040310297,-21.469132110021317,tribus_villages_nc,135,3302,Méa Mébara - Ouérou Pimet
legislatives_2024,1,988,98833,Kouaoua,KOUAOUA,0004,184,107,77,105,2,0,7,HOR,POADJA,Gérard,MASCULIN,Gérard POADJA,,0,,,,Méa-Mébara,MEA MEBARA,1,Méa Mébara,Kouaoua,LIEU_DIT_NC,TRIBU,,165.78859040310297,-21.469132110021317,tribus_villages_nc,135,3302,Méa Mébara - Ouérou Pimet
legislatives_2024,2,988,98801,Belep,BELEP,0001,932,676,256,676,0,0,2,REG,TJIBAOU,Emmanuel,MASCULIN,Emmanuel TJIBAOU,,676,,,élu,Mairie,MAIRIE,0.7,Waala,Belep,LIEU_DIT_NC,VILLE,,163.6480110596638,-19.71203277091468,tribus_villages_nc,3,101,Bélep
legislatives_2024,2,988,98801,Belep,BELEP,0001,932,676,256,676,0,0,6,DVD,PONGA,Alcide,MASCULIN,Alcide PONGA,,0,,,,Mairie,MAIRIE,0.7,Waala,Belep,LIEU_DIT_NC,VILLE,,163.6480110596638,-19.71203277091468,tribus_villages_nc,3,101,Bélep
legislatives_2024,2,988,98802,Bouloupari,BOULOUPARI,0001,931,716,215,708,2,6,2,REG,TJIBAOU,Emmanuel,MASCULIN,Emmanuel TJIBAOU,,319,,,élu,Mairie,MAIRIE,0.98,Mairie de Boulouparis,,ADMINISTRATION ET ORGANISME,Administrations des collectivités,Administration de la commune de Boulouparis,166.047711423762,-21.8654175541592,etablissements_publics_nc,88,201,Boulouparis village
legislatives_2024,2,988,98802,Bouloupari,BOULOUPARI,0001,931,716,215,708,2,6,6,DVD,PONGA,Alcide,MASCULIN,Alcide PONGA,,389,,,,Mairie,MAIRIE,0.98,Mairie de Boulouparis,,ADMINISTRATION ET ORGANISME,Administrations des collectivités,Administration de la commune de Boulouparis,166.047711423762,-21.8654175541592,etablissements_publics_nc,88,201,Boulouparis village
legislatives_2024,2,988,98802,Bouloupari,BOULOUPARI,0002,720,556,164,548,4,4,2,REG,TJIBAOU,Emmanuel,MASCULIN,Emmanuel TJIBAOU,,120,,,élu,Centre Culturel,CENTRE CULTUREL,0.833,Centre Socioculturel,,CULTUREL ET SOCIO EDUCATIF,Equipements socio-éducatifs et socio-culturels,Foyer socio culturel,166.049037015845,-21.8654352350015,etablissements_publics_nc,88,201,Boulouparis village
legislatives_2024,2,988,98802,Bouloupari,BOULOUPARI,0002,720,556,164,548,4,4,6,DVD,PONGA,Alcide,MASCULIN,Alcide PONGA,,428,,,,Centre Culturel,CENTRE CULTUREL,0.833,Centre Socioculturel,,CULTUREL ET SOCIO EDUCATIF,Equipements socio-éducatifs et socio-culturels,Foyer socio culturel,166.049037015845,-21.8654352350015,etablissements_publics_nc,88,201,Boulouparis village
legislatives_2024,2,988,98802,Bouloupari,BOULOUPARI,0003,783,648,135,642,5,1,2,REG,TJIBAOU,Emmanuel,MASCULIN,Emmanuel TJIBAOU,,196,,,élu,Mairie (Maison des associations),MAIRIE MAISON ASSOCIATIONS,0.93,Maison des Associations,,CULTUREL ET SOCIO EDUCATIF,Equipements socio-éducatifs et socio-culturels,Autre équipement socio-éducatif et socio-culturel,166.047082551458,-21.8655893376649,etablissements_publics_nc,88,201,Boulouparis village
legislatives_2024,2,988,98802,Bouloupari,BOULOUPARI,0003,783,648,135,642,5,1,6,DVD,PONGA,Alcide,MASCULIN,Alcide PONGA,,446,,,,Mairie (Maison des associations),MAIRIE MAISON ASSOCIATIONS,0.93,Maison des Associations,,CULTUREL ET SOCIO EDUCATIF,Equipements socio-éducatifs et socio-culturels,Autre équipement socio-éducatif et socio-culturel,166.047082551458,-21.8655893376649,etablissements_publics_nc,88,201,Boulouparis village
legislatives_2024,2,988,98802,Bouloupari,BOULOUPARI,0004,911,684,227,678,3,3,2,REG,TJIBAOU,Emmanuel,MASCULIN,Emmanuel TJIBAOU,,269,,,élu,Centre culturel,CENTRE CULTUREL,0.833,Centre Socioculturel,,CULTUREL ET SOCIO EDUCATIF,Equipements socio-éducatifs et socio-culturels,Foyer socio culturel,166.049037015845,-21.8654352350015,etablissements_publics_nc,88,201,Boulouparis village
legislatives_2024,2,988,98802,Bouloupari,BOULOUPARI,0004,911,684,227,678,3,3,6,DVD,PONGA,Alcide,MASCULIN,Alcide PONGA,,409,,,,Centre culturel,CENTRE CULTUREL,0.833,Centre Socioculturel,,CULTUREL ET SOCIO EDUCATIF,Equipements socio-éducatifs et socio-culturels,Foyer socio culturel,166.049037015845,-21.8654352350015,etablissements_publics_nc,88,201,Boulouparis village
legislatives_2024,2,988,98803,Bourail,BOURAIL,0001,742,557,185,549,6,2,2,REG,TJIBAOU,Emmanuel,MASCULIN,Emmanuel TJIBAOU,,198,,,élu,Mairie,MAIRIE,0.98,Mairie de Bourail,,ADMINISTRATION ET ORGANISME,Administrations des collectivités,Administration de la commune de Bourail,165.497503614793,-21.5680444203004,etablissements_publics_nc,125,301,Bourail village
legislatives_2024,2,988,98803,Bourail,BOURAIL,0001,742,557,185,549,6,2,6,DVD,PONGA,Alcide,MASCULIN,Alcide PONGA,,351,,,,Mairie,MAIRIE,0.98,Mairie de Bourail,,ADMINISTRATION ET ORGANISME,Administrations des collectivités,Administration de la commune de Bourail,165.497503614793,-21.5680444203004,etablissements_publics_nc,125,301,Bourail village
legislatives_2024,2,988,98803,Bourail,BOURAIL,0002,868,682,186,675,2,5,2,REG,TJIBAOU,Emmanuel,MASCULIN,Emmanuel TJIBAOU,,648,,,élu,Pothé,POTHE,0.93,Ecole de Pothé,,ENSEIGNEMENT ET FORMATION,Enseignement du premier degré,Ecole pré-élémentaire,165.491900847299,-21.4547330481005,etablissements_publics_nc,128,305,Ny
legislatives_2024,2,988,98803,Bourail,BOURAIL,0002,868,682,186,675,2,5,6,DVD,PONGA,Alcide,MASCULIN,Alcide PONGA,,27,,,,Pothé,POTHE,0.93,Ecole de Pothé,,ENSEIGNEMENT ET FORMATION,Enseignement du premier degré,Ecole pré-élémentaire,165.491900847299,-21.4547330481005,etablissements_publics_nc,128,305,Ny
legislatives_2024,2,988,98803,Bourail,BOURAIL,0003,1011,811,200,803,3,5,2,REG,TJIBAOU,Emmanuel,MASCULIN,Emmanuel TJIBAOU,,204,,,élu,Colisée,COLISEE,0.93,Le Colisée - Salle de spectacle,,CULTUREL ET SOCIO EDUCATIF,Equipements culturels,Salle de concert,165.49385205691,-21.5656940047007,etablissements_publics_nc,125,301,Bourail village
legislatives_2024,2,988,98803,Bourail,BOURAIL,0003,1011,811,200,803,3,5,6,DVD,PONGA,Alcide,MASCULIN,Alcide PONGA,,599,,,,Colisée,COLISEE,0.93,Le Colisée - Salle de spectacle,,CULTUREL ET SOCIO EDUCATIF,Equipements culturels,Salle de concert,165.49385205691,-21.5656940047007,etablissements_publics_nc,125,301,Bourail village
legislatives_2024,2,988,98803,Bourail,BOURAIL,0004,1112,885,227,869,10,6,2,REG,TJIBAOU,Emmanuel,MASCULIN,Emmanuel TJIBAOU,,205,,,élu,École Les Lys d’Eau,ECOLE LYS D EAU,0.85,Ecole primaire Les Lys d'Eau,,ENSEIGNEMENT ET FORMATION,Enseignement du premier degré,Ecole primaire,165.49748641875,-21.5730483252455,etablissements_publics_nc,125,301,Bourail village
legislatives_2024,2,988,98803,Bourail,BOURAIL,0004,1112,885,227,869,10,6,6,DVD,PONGA,Alcide,MASCULIN,Alcide PONGA,,664,,,,École Les Lys d’Eau,ECOLE LYS D EAU,0.85,Ecole primaire Les Lys d'Eau,,ENSEIGNEMENT ET FORMATION,Enseignement du premier degré,Ecole primaire,165.49748641875,-21.5730483252455,etablissements_publics_nc,125,301,Bourail village
legislatives_2024,2,988,98803,Bourail,BOURAIL,0005,1019,814,205,800,9,5,2,REG,TJIBAOU,Emmanuel,MASCULIN,Emmanuel TJIBAOU,,237,,,élu,École Louise Michel,ECOLE LOUISE MICHEL,0.859,Ecole primaire Louise Michel,,ENSEIGNEMENT ET FORMATION,Enseignement du premier degré,Ecole primaire,165.497379452405,-21.57045570157,etablissements_publics_nc,125,301,Bourail village
legislatives_2024,2,988,98803,Bourail,BOURAIL,0005,1019,814,205,800,9,5,6,DVD,PONGA,Alcide,MASCULIN,Alcide PONGA,,563,,,,École Louise Michel,ECOLE LOUISE MICHEL,0.859,Ecole primaire Louise Michel,,ENSEIGNEMENT ET FORMATION,Enseignement du premier degré,Ecole primaire,165.497379452405,-21.57045570157,etablissements_publics_nc,125,301,Bourail village
legislatives_2024,2,988,98804,Canala,CANALA,0001,415,337,78,332,3,2,2,REG,TJIBAOU,Emmanuel,MASCULIN,Emmanuel TJIBAOU,,323,,,élu,Mairie,MAIRIE,0.7,CANALA,Canala,LIEU_DIT_NC,VILLE,Xârâcùù,165.96392757417755,-21.522084905801098,tribus_villages_nc,136,401,Canala village
legislatives_2024,2,988,98804,Canala,CANALA,0001,415,337,78,332,3,2,6,DVD,PONGA,Alcide,MASCULIN,Alcide PONGA,,9,,,,Mairie,MAIRIE,0.7,CANALA,Canala,LIEU_DIT_NC,VILLE,Xârâcùù,165.96392757417755,-21.522084905801098,tribus_villages_nc,136,401,Canala village
legislatives_2024,2,988,98804,Canala,CANALA,0002,506,442,64,439,2,1,2,REG,TJIBAOU,Emmanuel,MASCULIN,Emmanuel TJIBAOU,,438,,,élu,Nakéty,NAKETY,1,Nakéty,Canala,LIEU_DIT_NC,TRIBU,Nèkètè,166.04631481753384,-21.54222544058342,tribus_villages_nc,137,403,Gélima - Nakéty
legislatives_2024,2,988,98804,Canala,CANALA,0002,506,442,64,439,2,1,6,DVD,PONGA,Alcide,MASCULIN,Alcide PONGA,,1,,,,Nakéty,NAKETY,1,Nakéty,Canala,LIEU_DIT_NC,TRIBU,Nèkètè,166.04631481753384,-21.54222544058342,tribus_villages_nc,137,403,Gélima - Nakéty
legislatives_2024,2,988,98804,Canala,CANALA,0003,460,381,79,381,0,0,2,REG,TJIBAOU,Emmanuel,MASCULIN,Emmanuel TJIBAOU,,376,,,élu,Nanon,NANON,0.95,Nanon-Kénérou,Canala,LIEU_DIT_NC,TRIBU,Nèno - Kénéru,165.88480729759476,-21.546697208816735,tribus_villages_nc,136,401,Canala village
legislatives_2024,2,988,98804,Canala,CANALA,0003,460,381,79,381,0,0,6,DVD,PONGA,Alcide,MASCULIN,Alcide PONGA,,5,,,,Nanon,NANON,0.95,Nanon-Kénérou,Canala,LIEU_DIT_NC,TRIBU,Nèno - Kénéru,165.88480729759476,-21.546697208816735,tribus_villages_nc,136,401,Canala village
legislatives_2024,2,988,98804,Canala,CANALA,0004,821,696,125,692,0,4,2,REG,TJIBAOU,Emmanuel,MASCULIN,Emmanuel TJIBAOU,,685,,,élu,Méhoué,MEHOUE,1,Méhoué,Canala,LIEU_DIT_NC,TRIBU,Mèèwéé,165.9494172177474,-21.51958486452521,tribus_villages_nc,136,401,Canala village
legislatives_2024,2,988,98804,Canala,CANALA,0004,821,696,125,692,0,4,6,DVD,PONGA,Alcide,MASCULIN,Alcide PONGA,,7,,,,Méhoué,MEHOUE,1,Méhoué,Canala,LIEU_DIT_NC,TRIBU,Mèèwéé,165.9494172177474,-21.51958486452521,tribus_villages_nc,136,401,Canala village
legislatives_2024,2,988,98804,Canala,CANALA,0005,752,651,101,651,0,0,2,REG,TJIBAOU,Emmanuel,MASCULIN,Emmanuel TJIBAOU,,642,,,élu,Gélima,GELIMA,1,Gélima,Canala,LIEU_DIT_NC,TRIBU,Jari Mwâ,165.98151543430086,-21.534392845846163,tribus_villages_nc,137,403,Gélima - Nakéty
legislatives_2024,2,988,98804,Canala,CANALA,0005,752,651,101,651,0,0,6,DVD,PONGA,Alcide,MASCULIN,Alcide PONGA,,9,,,,Gélima,GELIMA,1,Gélima,Canala,LIEU_DIT_NC,TRIBU,Jari Mwâ,165.98151543430086,-21.534392845846163,tribus_villages_nc,137,403,Gélima - Nakéty
legislatives_2024,2,988,98804,Canala,CANALA,0006,318,258,60,257,0,1,2,REG,TJIBAOU,Emmanuel,MASCULIN,Emmanuel TJIBAOU,,251,,,élu,Mérénémé,MERENEME,1,Mérénémé,Canala,LIEU_DIT_NC,TRIBU,,165.92818615112122,-21.514857403632252,tribus_villages_nc,136,401,Canala village
legislatives_2024,2,988,98804,Canala,CANALA,0006,318,258,60,257,0,1,6,DVD,PONGA,Alcide,MASCULIN,Alcide PONGA,,6,,,,Mérénémé,MERENEME,1,Mérénémé,Canala,LIEU_DIT_NC,TRIBU,,165.92818615112122,-21.514857403632252,tribus_villages_nc,136,401,Canala village
legislatives_2024,2,988,98804,Canala,CANALA,0007,348,277,71,277,0,0,2,REG,TJIBAOU,Emmanuel,MASCULIN,Emmanuel TJIBAOU,,276,,,élu,Tenda Koumendi,TENDA KOUMENDI,1,Tenda,Canala,LIEU_DIT_NC,TRIBU,Tèda Nèxinyi,166.03563428874068,-21.545648677139223,tribus_villages_nc,137,403,Gélima - Nakéty
legislatives_2024,2,988,98804,Canala,CANALA,0007,348,277,71,277,0,0,6,DVD,PONGA,Alcide,MASCULIN,Alcide PONGA,,1,,,,Tenda Koumendi,TENDA KOUMENDI,1,Tenda,Canala,LIEU_DIT_NC,TRIBU,Tèda Nèxinyi,166.03563428874068,-21.545648677139223,tribus_villages_nc,137,403,Gélima - Nakéty
legislatives_2024,2,988,98805,Dumbéa,DUMBEA,0001,1123,780,343,768,10,2,2,REG,TJIBAOU,Emmanuel,MASCULIN,Emmanuel TJIBAOU,,142,,,élu,Hôtel de Ville 1,MAIRIE,0.93,Mairie du Nord de Dumbéa,777 ROUTE TERRITORIALE N°1,ADMINISTRATION ET ORGANISME,Administrations des collectivités,Administration de la commune de Dumbéa,166.457501065839,-22.1675460417822,etablissements_publics_nc,149,512,Plaine de Koé
legislatives_2024,2,988,98805,Dumbéa,DUMBEA,0001,1123,780,343,768,10,2,6,DVD,PONGA,Alcide,MASCULIN,Alcide PONGA,,626,,,,Hôtel de Ville 1,MAIRIE,0.93,Mairie du Nord de Dumbéa,777 ROUTE TERRITORIALE N°1,ADMINISTRATION ET ORGANISME,Administrations des collectivités,Administration de la commune de Dumbéa,166.457501065839,-22.1675460417822,etablissements_publics_nc,149,512,Plaine de Koé
legislatives_2024,2,988,98805,Dumbéa,DUMBEA,0002,939,656,283,645,5,6,2,REG,TJIBAOU,Emmanuel,MASCULIN,Emmanuel TJIBAOU,,319,,,élu,Hôtel de ville 2,MAIRIE,0.93,Mairie du Nord de Dumbéa,777 ROUTE TERRITORIALE N°1,ADMINISTRATION ET ORGANISME,Administrations des collectivités,Administration de la commune de Dumbéa,166.457501065839,-22.1675460417822,etablissements_publics_nc,149,512,Plaine de Koé
legislatives_2024,2,988,98805,Dumbéa,DUMBEA,0002,939,656,283,645,5,6,6,DVD,PONGA,Alcide,MASCULIN,Alcide PONGA,,326,,,,Hôtel de ville 2,MAIRIE,0.93,Mairie du Nord de Dumbéa,777 ROUTE TERRITORIALE N°1,ADMINISTRATION ET ORGANISME,Administrations des collectivités,Administration de la commune de Dumbéa,166.457501065839,-22.1675460417822,etablissements_publics_nc,149,512,Plaine de Koé
legislatives_2024,2,988,98805,Dumbéa,DUMBEA,0003,1047,754,293,738,13,3,2,REG,TJIBAOU,Emmanuel,MASCULIN,Emmanuel TJIBAOU,,411,,,élu,Hôtel de ville 3,MAIRIE,0.93,Mairie du Nord de Dumbéa,777 ROUTE TERRITORIALE N°1,ADMINISTRATION ET ORGANISME,Administrations des collectivités,Administration de la commune de Dumbéa,166.457501065839,-22.1675460417822,etablissements_publics_nc,149,512,Plaine de Koé
legislatives_2024,2,988,98805,Dumbéa,DUMBEA,0003,1047,754,293,738,13,3,6,DVD,PONGA,Alcide,MASCULIN,Alcide PONGA,,327,,,,Hôtel de ville 3,MAIRIE,0.93,Mairie du Nord de Dumbéa,777 ROUTE TERRITORIALE N°1,ADMINISTRATION ET ORGANISME,Administrations des collectivités,Administration de la commune de Dumbéa,166.457501065839,-22.1675460417822,etablissements_publics_nc,149,512,Plaine de Koé
legislatives_2024,2,988,98805,Dumbéa,DUMBEA,0004,1041,750,291,742,5,3,2,REG,TJIBAOU,Emmanuel,MASCULIN,Emmanuel TJIBAOU,,396,,,élu,Ecole primaire Mainguet 1,ECOLE PRIMAIRE MAINGUET,0.952,Ecole primaire Jack Mainguet,73 RUE JEAN FRANCOIS LAPEROUSE,ENSEIGNEMENT ET FORMATION,Enseignement du premier degré,Ecole primaire,166.474584305922,-22.2148395317313,etablissements_publics_nc,138,501,Coeur de ville urbain
legislatives_2024,2,988,98805,Dumbéa,DUMBEA,0004,1041,750,291,742,5,3,6,DVD,PONGA,Alcide,MASCULIN,Alcide PONGA,,346,,,,Ecole primaire Mainguet 1,ECOLE PRIMAIRE MAINGUET,0.952,Ecole primaire Jack Mainguet,73 RUE JEAN FRANCOIS LAPEROUSE,ENSEIGNEMENT ET FORMATION,Enseignement du premier degré,Ecole primaire,166.474584305922,-22.2148395317313,etablissements_publics_nc,138,501,Coeur de ville urbain
legislatives_2024,2,988,98805,Dumbéa,DUMBEA,0005,656,417,239,416,1,0,2,REG,TJIBAOU,Emmanuel,MASCULIN,Emmanuel TJIBAOU,,221,,,élu,Ecole primaire Mainguet 2,ECOLE PRIMAIRE MAINGUET,0.952,Ecole primaire Jack Mainguet,73 RUE JEAN FRANCOIS LAPEROUSE,ENSEIGNEMENT ET FORMATION,Enseignement du premier degré,Ecole primaire,166.474584305922,-22.2148395317313,etablissements_publics_nc,138,501,Coeur de ville urbain
legislatives_2024,2,988,98805,Dumbéa,DUMBEA,0005,656,417,239,416,1,0,6,DVD,PONGA,Alcide,MASCULIN,Alcide PONGA,,195,,,,Ecole primaire Mainguet 2,ECOLE PRIMAIRE MAINGUET,0.952,Ecole primaire Jack Mainguet,73 RUE JEAN FRANCOIS LAPEROUSE,ENSEIGNEMENT ET FORMATION,Enseignement du premier degré,Ecole primaire,166.474584305922,-22.2148395317313,etablissements_publics_nc,138,501,Coeur de ville urbain
legislatives_2024,2,988,98805,Dumbéa,DUMBEA,0006,987,708,279,691,13,4,2,REG,TJIBAOU,Emmanuel,MASCULIN,Emmanuel TJIBAOU,,231,,,élu,Maison de la jeunesse 1,MAISON JEUNESSE,1,Maison de la jeunesse,26 AVENUE D'AUTEUIL,CULTUREL ET SOCIO EDUCATIF,Equipements culturels,Centre culturel maison culturelle et centre d'art,166.474913290828,-22.2056811434969,etablissements_publics_nc,144,507,Jacarandas II
legislatives_2024,2,988,98805,Dumbéa,DUMBEA,0006,987,708,279,691,13,4,6,DVD,PONGA,Alcide,MASCULIN,Alcide PONGA,,460,,,,Maison de la jeunesse 1,MAISON JEUNESSE,1,Maison de la jeunesse,26 AVENUE D'AUTEUIL,CULTUREL ET SOCIO EDUCATIF,Equipements culturels,Centre culturel maison culturelle et centre d'art,166.474913290828,-22.2056811434969,etablissements_publics_nc,144,507,Jacarandas II
legislatives_2024,2,988,98805,Dumbéa,DUMBEA,0007,908,647,261,630,12,5,2,REG,TJIBAOU,Emmanuel,MASCULIN,Emmanuel TJIBAOU,,152,,,élu,Maison de la jeunesse 2,MAISON JEUNESSE,1,Maison de la jeunesse,26 AVENUE D'AUTEUIL,CULTUREL ET SOCIO EDUCATIF,Equipements culturels,Centre culturel maison culturelle et centre d'art,166.474913290828,-22.2056811434969,etablissements_publics_nc,144,507,Jacarandas II
legislatives_2024,2,988,98805,Dumbéa,DUMBEA,0007,908,647,261,630,12,5,6,DVD,PONGA,Alcide,MASCULIN,Alcide PONGA,,478,,,,Maison de la jeunesse 2,MAISON JEUNESSE,1,Maison de la jeunesse,26 AVENUE D'AUTEUIL,CULTUREL ET SOCIO EDUCATIF,Equipements culturels,Centre culturel maison culturelle et centre d'art,166.474913290828,-22.2056811434969,etablissements_publics_nc,144,507,Jacarandas II
legislatives_2024,2,988,98805,Dumbéa,DUMBEA,0008,880,555,325,543,8,4,2,REG,TJIBAOU,Emmanuel,MASCULIN,Emmanuel TJIBAOU,,248,,,élu,Centre culturel de Dumbéa 1,CENTRE CULTUREL DUMBEA,1,Centre culturel de Dumbéa,56 AVENUE D'AUTEUIL,CULTUREL ET SOCIO EDUCATIF,Equipements culturels,Centre culturel maison culturelle et centre d'art,166.474126141924,-22.2081759337081,etablissements_publics_nc,140,503,Koutio Secal
legislatives_2024,2,988,98805,Dumbéa,DUMBEA,0008,880,555,325,543,8,4,6,DVD,PONGA,Alcide,MASCULIN,Alcide PONGA,,295,,,,Centre culturel de Dumbéa 1,CENTRE CULTUREL DUMBEA,1,Centre culturel de Dumbéa,56 AVENUE D'AUTEUIL,CULTUREL ET SOCIO EDUCATIF,Equipements culturels,Centre culturel maison culturelle et centre d'art,166.474126141924,-22.2081759337081,etablissements_publics_nc,140,503,Koutio Secal
legislatives_2024,2,988,98805,Dumbéa,DUMBEA,0009,1045,751,294,737,10,4,2,REG,TJIBAOU,Emmanuel,MASCULIN,Emmanuel TJIBAOU,,376,,,élu,Centre culturel de Dumbéa 2,CENTRE CULTUREL DUMBEA,1,Centre culturel de Dumbéa,56 AVENUE D'AUTEUIL,CULTUREL ET SOCIO EDUCATIF,Equipements culturels,Centre culturel maison culturelle et centre d'art,166.474126141924,-22.2081759337081,etablissements_publics_nc,140,503,Koutio Secal
legislatives_2024,2,988,98805,Dumbéa,DUMBEA,0009,1045,751,294,737,10,4,6,DVD,PONGA,Alcide,MASCULIN,Alcide PONGA,,361,,,,Centre culturel de Dumbéa 2,CENTRE CULTUREL DUMBEA,1,Centre culturel de Dumbéa,56 AVENUE D'AUTEUIL,CULTUREL ET SOCIO EDUCATIF,Equipements culturels,Centre culturel maison culturelle et centre d'art,166.474126141924,-22.2081759337081,etablissements_publics_nc,140,503,Koutio Secal
legislatives_2024,2,988,98805,Dumbéa,DUMBEA,0010,892,631,261,616,7,8,2,REG,TJIBAOU,Emmanuel,MASCULIN,Emmanuel TJIBAOU,,214,,,élu,Centre culturel de Dumbéa 3,CENTRE CULTUREL DUMBEA,1,Centre culturel de Dumbéa,56 AVENUE D'AUTEUIL,CULTUREL ET SOCIO EDUCATIF,Equipements culturels,Centre culturel maison culturelle et centre d'art,166.474126141924,-22.2081759337081,etablissements_publics_nc,140,503,Koutio Secal
legislatives_2024,2,988,98805,Dumbéa,DUMBEA,0010,892,631,261,616,7,8,6,DVD,PONGA,Alcide,MASCULIN,Alcide PONGA,,402,,,,Centre culturel de Dumbéa 3,CENTRE CULTUREL DUMBEA,1,Centre culturel de Dumbéa,56 AVENUE D'AUTEUIL,CULTUREL ET SOCIO EDUCATIF,Equipements culturels,Centre culturel maison culturelle et centre d'art,166.474126141924,-22.2081759337081,etablissements_publics_nc,140,503,Koutio Secal
legislatives_2024,2,988,98805,Dumbéa,DUMBEA,0011,891,609,282,598,6,5,2,REG,TJIBAOU,Emmanuel,MASCULIN,Emmanuel TJIBAOU,,264,,,élu,Ecole primaire Gustave Clain 1,ECOLE PRIMAIRE GUSTAVE CLAIN,0.897,Ecole élémentaire Gustave Clain,49 RUE JACQUES MONOD,ENSEIGNEMENT ET FORMATION,Enseignement du premier degré,Ecole élémentaire,166.460870510376,-22.2089353285944,etablissements_publics_nc,141,504,Koutio érudits
legislatives_2024,2,988,98805,Dumbéa,DUMBEA,0011,891,609,282,598,6,5,6,DVD,PONGA,Alcide,MASCULIN,Alcide PONGA,,334,,,,Ecole primaire Gustave Clain 1,ECOLE PRIMAIRE GUSTAVE CLAIN,0.897,Ecole élémentaire Gustave Clain,49 RUE JACQUES MONOD,ENSEIGNEMENT ET FORMATION,Enseignement du premier degré,Ecole élémentaire,166.460870510376,-22.2089353285944,etablissements_publics_nc,141,504,Koutio érudits
legislatives_2024,2,988,98805,Dumbéa,DUMBEA,0012,999,680,319,672,6,2,2,REG,TJIBAOU,Emmanuel,MASCULIN,Emmanuel TJIBAOU,,308,,,élu,Ecole primaire Gustave Clain 2,ECOLE PRIMAIRE GUSTAVE CLAIN,0.897,Ecole élémentaire Gustave Clain,49 RUE JACQUES MONOD,ENSEIGNEMENT ET FORMATION,Enseignement du premier degré,Ecole élémentaire,166.460870510376,-22.2089353285944,etablissements_publics_nc,141,504,Koutio érudits
legislatives_2024,2,988,98805,Dumbéa,DUMBEA,0012,999,680,319,672,6,2,6,DVD,PONGA,Alcide,MASCULIN,Alcide PONGA,,364,,,,Ecole primaire Gustave Clain 2,ECOLE PRIMAIRE GUSTAVE CLAIN,0.897,Ecole élémentaire Gustave Clain,49 RUE JACQUES MONOD,ENSEIGNEMENT ET FORMATION,Enseignement du premier degré,Ecole élémentaire,166.460870510376,-22.2089353285944,etablissements_publics_nc,141,504,Koutio érudits
legislatives_2024,2,988,98805,Dumbéa,DUMBEA,0013,799,591,208,583,6,2,2,REG,TJIBAOU,Emmanuel,MASCULIN,Emmanuel TJIBAOU,,183,,,élu,Ecole maternelle l'Oasis 1,ECOLE MATERNELLE L OASIS,0.729,Ecole maternelle L'Oasis,39 RUE JACQUES MONOD,ENSEIGNEMENT ET FORMATION,Enseignement du premier degré,Ecole pré-élémentaire,166.461460951246,-22.2085634346196,etablissements_publics_nc,141,504,Koutio érudits
legislatives_2024,2,988,98805,Dumbéa,DUMBEA,0013,799,591,208,583,6,2,6,DVD,PONGA,Alcide,MASCULIN,Alcide PONGA,,400,,,,Ecole maternelle l'Oasis 1,ECOLE MATERNELLE L OASIS,0.729,Ecole maternelle L'Oasis,39 RUE JACQUES MONOD,ENSEIGNEMENT ET FORMATION,Enseignement du premier degré,Ecole pré-élémentaire,166.461460951246,-22.2085634346196,etablissements_publics_nc,141,504,Koutio érudits
legislatives_2024,2,988,98805,Dumbéa,DUMBEA,0014,804,558,246,550,6,2,2,REG,TJIBAOU,Emmanuel,MASCULIN,Emmanuel TJIBAOU,,213,,,élu,Ecole maternelle l'Oasis 2,ECOLE MATERNELLE L OASIS,0.729,Ecole maternelle L'Oasis,39 RUE JACQUES MONOD,ENSEIGNEMENT ET FORMATION,Enseignement du premier degré,Ecole pré-élémentaire,166.461460951246,-22.2085634346196,etablissements_publics_nc,141,504,Koutio érudits
legislatives_2024,2,988,98805,Dumbéa,DUMBEA,0014,804,558,246,550,6,2,6,DVD,PONGA,Alcide,MASCULIN,Alcide PONGA,,337,,,,Ecole maternelle l'Oasis 2,ECOLE MATERNELLE L OASIS,0.729,Ecole maternelle L'Oasis,39 RUE JACQUES MONOD,ENSEIGNEMENT ET FORMATION,Enseignement du premier degré,Ecole pré-élémentaire,166.461460951246,-22.2085634346196,etablissements_publics_nc,141,504,Koutio érudits
legislatives_2024,2,988,98805,Dumbéa,DUMBEA,0015,636,421,215,416,4,1,2,REG,TJIBAOU,Emmanuel,MASCULIN,Emmanuel TJIBAOU,,165,,,élu,Groupe scolaire Michelle Delacharlerie-Rolly 1,GROUPE SCOLAIRE MICHELLE DELACHARLERIE ROLLY,1,Groupe scolaire Michelle Delacharlerie-Rolly,103 BOULEVARD DU RAIL CALEDONIEN,ENSEIGNEMENT ET FORMATION,Enseignement du premier degré,Groupe scolaire,166.445998676866,-22.2013803961715,etablissements_publics_nc,147,510,Dumbéa/mer Ouest
legislatives_2024,2,988,98805,Dumbéa,DUMBEA,0015,636,421,215,416,4,1,6,DVD,PONGA,Alcide,MASCULIN,Alcide PONGA,,251,,,,Groupe scolaire Michelle Delacharlerie-Rolly 1,GROUPE SCOLAIRE MICHELLE DELACHARLERIE ROLLY,1,Groupe scolaire Michelle Delacharlerie-Rolly,103 BOULEVARD DU RAIL CALEDONIEN,ENSEIGNEMENT ET FORMATION,Enseignement du premier degré,Groupe scolaire,166.445998676866,-22.2013803961715,etablissements_publics_nc,147,510,Dumbéa/mer Ouest
legislatives_2024,2,988,98805,Dumbéa,DUMBEA,0016,858,532,326,522,5,5,2,REG,TJIBAOU,Emmanuel,MASCULIN,Emmanuel TJIBAOU,,284,,,élu,Groupe scolaire Michelle Delacharlerie-Rolly 2,GROUPE SCOLAIRE MICHELLE DELACHARLERIE ROLLY,1,Groupe scolaire Michelle Delacharlerie-Rolly,103 BOULEVARD DU RAIL CALEDONIEN,ENSEIGNEMENT ET FORMATION,Enseignement du premier degré,Groupe scolaire,166.445998676866,-22.2013803961715,etablissements_publics_nc,147,510,Dumbéa/mer Ouest
legislatives_2024,2,988,98805,Dumbéa,DUMBEA,0016,858,532,326,522,5,5,6,DVD,PONGA,Alcide,MASCULIN,Alcide PONGA,,238,,,,Groupe scolaire Michelle Delacharlerie-Rolly 2,GROUPE SCOLAIRE MICHELLE DELACHARLERIE ROLLY,1,Groupe scolaire Michelle Delacharlerie-Rolly,103 BOULEVARD DU RAIL CALEDONIEN,ENSEIGNEMENT ET FORMATION,Enseignement du premier degré,Groupe scolaire,166.445998676866,-22.2013803961715,etablissements_publics_nc,147,510,Dumbéa/mer Ouest
legislatives_2024,2,988,98805,Dumbéa,DUMBEA,0017,1053,777,276,770,5,2,2,REG,TJIBAOU,Emmanuel,MASCULIN,Emmanuel TJIBAOU,,176,,,élu,Groupe scolaire Renée Fong 1,GROUPE SCOLAIRE RENEE FONG,1,Groupe scolaire Renée FONG,2 BIS ALLEE JEAN-LOUIS MARIE,ENSEIGNEMENT ET FORMATION,Enseignement du premier degré,Groupe scolaire,166.44418672502,-22.192372203396,etablissements_publics_nc,148,511,Dumbea/mer Est - Plaine Adam
legislatives_2024,2,988,98805,Dumbéa,DUMBEA,0017,1053,777,276,770,5,2,6,DVD,PONGA,Alcide,MASCULIN,Alcide PONGA,,594,,,,Groupe scolaire Renée Fong 1,GROUPE SCOLAIRE RENEE FONG,1,Groupe scolaire Renée FONG,2 BIS ALLEE JEAN-LOUIS MARIE,ENSEIGNEMENT ET FORMATION,Enseignement du premier degré,Groupe scolaire,166.44418672502,-22.192372203396,etablissements_publics_nc,148,511,Dumbea/mer Est - Plaine Adam
legislatives_2024,2,988,98805,Dumbéa,DUMBEA,0018,1286,883,403,866,9,8,2,REG,TJIBAOU,Emmanuel,MASCULIN,Emmanuel TJIBAOU,,506,,,élu,Groupe scolaire Renée Fong 2,GROUPE SCOLAIRE RENEE FONG,1,Groupe scolaire Renée FONG,2 BIS ALLEE JEAN-LOUIS MARIE,ENSEIGNEMENT ET FORMATION,Enseignement du premier degré,Groupe scolaire,166.44418672502,-22.192372203396,etablissements_publics_nc,148,511,Dumbea/mer Est - Plaine Adam
legislatives_2024,2,988,98805,Dumbéa,DUMBEA,0018,1286,883,403,866,9,8,6,DVD,PONGA,Alcide,MASCULIN,Alcide PONGA,,360,,,,Groupe scolaire Renée Fong 2,GROUPE SCOLAIRE RENEE FONG,1,Groupe scolaire Renée FONG,2 BIS ALLEE JEAN-LOUIS MARIE,ENSEIGNEMENT ET FORMATION,Enseignement du premier degré,Groupe scolaire,166.44418672502,-22.192372203396,etablissements_publics_nc,148,511,Dumbea/mer Est - Plaine Adam
legislatives_2024,2,988,98805,Dumbéa,DUMBEA,0019,855,599,256,593,6,0,2,REG,TJIBAOU,Emmanuel,MASCULIN,Emmanuel TJIBAOU,,101,,,élu,Mairie du Nord 1,MAIRIE NORD,0.98,Mairie du Nord de Dumbéa,777 ROUTE TERRITORIALE N°1,ADMINISTRATION ET ORGANISME,Administrations des collectivités,Administration de la commune de Dumbéa,166.457501065839,-22.1675460417822,etablissements_publics_nc,149,512,Plaine de Koé
legislatives_2024,2,988,98805,Dumbéa,DUMBEA,0019,855,599,256,593,6,0,6,DVD,PONGA,Alcide,MASCULIN,Alcide PONGA,,492,,,,Mairie du Nord 1,MAIRIE NORD,0.98,Mairie du Nord de Dumbéa,777 ROUTE TERRITORIALE N°1,ADMINISTRATION ET ORGANISME,Administrations des collectivités,Administration de la commune de Dumbéa,166.457501065839,-22.1675460417822,etablissements_publics_nc,149,512,Plaine de Koé
legislatives_2024,2,988,98805,Dumbéa,DUMBEA,0020,859,656,203,649,6,1,2,REG,TJIBAOU,Emmanuel,MASCULIN,Emmanuel TJIBAOU,,99,,,élu,Mairie du Nord 2,MAIRIE NORD,0.98,Mairie du Nord de Dumbéa,777 ROUTE TERRITORIALE N°1,ADMINISTRATION ET ORGANISME,Administrations des collectivités,Administration de la commune de Dumbéa,166.457501065839,-22.1675460417822,etablissements_publics_nc,149,512,Plaine de Koé
legislatives_2024,2,988,98805,Dumbéa,DUMBEA,0020,859,656,203,649,6,1,6,DVD,PONGA,Alcide,MASCULIN,Alcide PONGA,,550,,,,Mairie du Nord 2,MAIRIE NORD,0.98,Mairie du Nord de Dumbéa,777 ROUTE TERRITORIALE N°1,ADMINISTRATION ET ORGANISME,Administrations des collectivités,Administration de la commune de Dumbéa,166.457501065839,-22.1675460417822,etablissements_publics_nc,149,512,Plaine de Koé
legislatives_2024,2,988,98805,Dumbéa,DUMBEA,0021,839,524,315,511,9,4,2,REG,TJIBAOU,Emmanuel,MASCULIN,Emmanuel TJIBAOU,,121,,,élu,Mairie du Nord 3,MAIRIE NORD,0.98,Mairie du Nord de Dumbéa,777 ROUTE TERRITORIALE N°1,ADMINISTRATION ET ORGANISME,Administrations des collectivités,Administration de la commune de Dumbéa,166.457501065839,-22.1675460417822,etablissements_publics_nc,149,512,Plaine de Koé
legislatives_2024,2,988,98805,Dumbéa,DUMBEA,0021,839,524,315,511,9,4,6,DVD,PONGA,Alcide,MASCULIN,Alcide PONGA,,390,,,,Mairie du Nord 3,MAIRIE NORD,0.98,Mairie du Nord de Dumbéa,777 ROUTE TERRITORIALE N°1,ADMINISTRATION ET ORGANISME,Administrations des collectivités,Administration de la commune de Dumbéa,166.457501065839,-22.1675460417822,etablissements_publics_nc,149,512,Plaine de Koé
legislatives_2024,2,988,98805,Dumbéa,DUMBEA,0022,982,730,252,719,8,3,2,REG,TJIBAOU,Emmanuel,MASCULIN,Emmanuel TJIBAOU,,190,,,élu,Ecole primaire Paul Duboisé 1,ECOLE PRIMAIRE PAUL DUBOISE,0.892,Ecole élémentaire Paul Duboise,42 RUE DE L'ENTREE,ENSEIGNEMENT ET FORMATION,Enseignement du premier degré,Ecole élémentaire,166.434846490836,-22.1399347171588,etablissements_publics_nc,152,515,Katiramona Sud
legislatives_2024,2,988,98805,Dumbéa,DUMBEA,0022,982,730,252,719,8,3,6,DVD,PONGA,Alcide,MASCULIN,Alcide PONGA,,529,,,,Ecole primaire Paul Duboisé 1,ECOLE PRIMAIRE PAUL DUBOISE,0.892,Ecole élémentaire Paul Duboise,42 RUE DE L'ENTREE,ENSEIGNEMENT ET FORMATION,Enseignement du premier degré,Ecole élémentaire,166.434846490836,-22.1399347171588,etablissements_publics_nc,152,515,Katiramona Sud
legislatives_2024,2,988,98805,Dumbéa,DUMBEA,0023,893,609,284,590,3,16,2,REG,TJIBAOU,Emmanuel,MASCULIN,Emmanuel TJIBAOU,,258,,,élu,Ecole primaire Paul Duboisé 2,ECOLE PRIMAIRE PAUL DUBOISE,0.892,Ecole élémentaire Paul Duboise,42 RUE DE L'ENTREE,ENSEIGNEMENT ET FORMATION,Enseignement du premier degré,Ecole élémentaire,166.434846490836,-22.1399347171588,etablissements_publics_nc,152,515,Katiramona Sud
legislatives_2024,2,988,98805,Dumbéa,DUMBEA,0023,893,609,284,590,3,16,6,DVD,PONGA,Alcide,MASCULIN,Alcide PONGA,,332,,,,Ecole primaire Paul Duboisé 2,ECOLE PRIMAIRE PAUL DUBOISE,0.892,Ecole élémentaire Paul Duboise,42 RUE DE L'ENTREE,ENSEIGNEMENT ET FORMATION,Enseignement du premier degré,Ecole élémentaire,166.434846490836,-22.1399347171588,etablissements_publics_nc,152,515,Katiramona Sud
legislatives_2024,2,988,98805,Dumbéa,DUMBEA,0024,919,668,251,662,5,1,2,REG,TJIBAOU,Emmanuel,MASCULIN,Emmanuel TJIBAOU,,187,,,élu,Ecole maternelle les Colibris,ECOLE MATERNELLE COLIBRIS,0.741,Ecole maternelle Les Colibris,42 RUE DE L'ENTREE,ENSEIGNEMENT ET FORMATION,Enseignement du premier degré,Ecole pré-élémentaire,166.436047169124,-22.1394710088392,etablissements_publics_nc,152,515,Katiramona Sud
legislatives_2024,2,988,98805,Dumbéa,DUMBEA,0024,919,668,251,662,5,1,6,DVD,PONGA,Alcide,MASCULIN,Alcide PONGA,,475,,,,Ecole maternelle les Colibris,ECOLE MATERNELLE COLIBRIS,0.741,Ecole maternelle Les Colibris,42 RUE DE L'ENTREE,ENSEIGNEMENT ET FORMATION,Enseignement du premier degré,Ecole pré-élémentaire,166.436047169124,-22.1394710088392,etablissements_publics_nc,152,515,Katiramona Sud
legislatives_2024,2,988,98805,Dumbéa,DUMBEA,0025,437,278,159,275,2,1,2,REG,TJIBAOU,Emmanuel,MASCULIN,Emmanuel TJIBAOU,,151,,,élu,,,,Ecole maternelle Les Colibris,42 RUE DE L'ENTREE,ENSEIGNEMENT ET FORMATION,Enseignement du premier degré,Ecole pré-élémentaire,166.436047169124,-22.1394710088392,arrete_manual_etablissements,152,515,Katiramona Sud
legislatives_2024,2,988,98805,Dumbéa,DUMBEA,0025,437,278,159,275,2,1,6,DVD,PONGA,Alcide,MASCULIN,Alcide PONGA,,124,,,,,,,Ecole maternelle Les Colibris,42 RUE DE L'ENTREE,ENSEIGNEMENT ET FORMATION,Enseignement du premier degré,Ecole pré-élémentaire,166.436047169124,-22.1394710088392,arrete_manual_etablissements,152,515,Katiramona Sud
legislatives_2024,2,988,98805,Dumbéa,DUMBEA,0026,951,692,259,687,4,1,2,REG,TJIBAOU,Emmanuel,MASCULIN,Emmanuel TJIBAOU,,55,,,élu,,,,Groupe Scolaire Frédéric-Louis Dorbritz,39 RUE DE BRETAGNE,ENSEIGNEMENT ET FORMATION,Enseignement du premier degré,Groupe scolaire,166.437530865088,-22.1944939226253,arrete_manual_etablissements,147,510,Dumbéa/mer Ouest
legislatives_2024,2,988,98805,Dumbéa,DUMBEA,0026,951,692,259,687,4,1,6,DVD,PONGA,Alcide,MASCULIN,Alcide PONGA,,632,,,,,,,Groupe Scolaire Frédéric-Louis Dorbritz,39 RUE DE BRETAGNE,ENSEIGNEMENT ET FORMATION,Enseignement du premier degré,Groupe scolaire,166.437530865088,-22.1944939226253,arrete_manual_etablissements,147,510,Dumbéa/mer Ouest
legislatives_2024,2,988,98806,Farino,FARINO,0001,681,566,115,554,6,6,2,REG,TJIBAOU,Emmanuel,MASCULIN,Emmanuel TJIBAOU,,113,,,élu,Mairie,MAIRIE,0.7,FARINO,Farino,LIEU_DIT_NC,VILLE,Farinö,165.77595416144513,-21.666848976720875,tribus_villages_nc,154,601,Farino
legislatives_2024,2,988,98806,Farino,FARINO,0001,681,566,115,554,6,6,6,DVD,PONGA,Alcide,MASCULIN,Alcide PONGA,,441,,,,Mairie,MAIRIE,0.7,FARINO,Farino,LIEU_DIT_NC,VILLE,Farinö,165.77595416144513,-21.666848976720875,tribus_villages_nc,154,601,Farino
legislatives_2024,2,988,98807,Hienghène,HIENGHENE,0001,593,483,110,477,1,5,2,REG,TJIBAOU,Emmanuel,MASCULIN,Emmanuel TJIBAOU,,474,,,élu,Mairie,MAIRIE,0.7,HIENGHENE,Hienghène,LIEU_DIT_NC,VILLE,,164.94565765433836,-20.688834938182335,tribus_villages_nc,155,701,Hienghéne littoral
legislatives_2024,2,988,98807,Hienghène,HIENGHENE,0001,593,483,110,477,1,5,6,DVD,PONGA,Alcide,MASCULIN,Alcide PONGA,,3,,,,Mairie,MAIRIE,0.7,HIENGHENE,Hienghène,LIEU_DIT_NC,VILLE,,164.94565765433836,-20.688834938182335,tribus_villages_nc,155,701,Hienghéne littoral
legislatives_2024,2,988,98807,Hienghène,HIENGHENE,0002,225,185,40,184,1,0,2,REG,TJIBAOU,Emmanuel,MASCULIN,Emmanuel TJIBAOU,,182,,,élu,Tendo,TENDO,1,Tendo,Hienghène,LIEU_DIT_NC,TRIBU,Tnèdo,164.8162801367713,-20.71273259336387,tribus_villages_nc,156,704,Tiendanite Ouayaguette
legislatives_2024,2,988,98807,Hienghène,HIENGHENE,0002,225,185,40,184,1,0,6,DVD,PONGA,Alcide,MASCULIN,Alcide PONGA,,2,,,,Tendo,TENDO,1,Tendo,Hienghène,LIEU_DIT_NC,TRIBU,Tnèdo,164.8162801367713,-20.71273259336387,tribus_villages_nc,156,704,Tiendanite Ouayaguette
legislatives_2024,2,988,98807,Hienghène,HIENGHENE,0003,114,100,14,99,0,1,2,REG,TJIBAOU,Emmanuel,MASCULIN,Emmanuel TJIBAOU,,99,,,élu,Bas-Coulna,BAS COULNA,1,Bas-Coulna,Hienghène,LIEU_DIT_NC,TRIBU,Wan Déuc,164.78261362354763,-20.687835024386533,tribus_villages_nc,156,704,Tiendanite Ouayaguette
legislatives_2024,2,988,98807,Hienghène,HIENGHENE,0003,114,100,14,99,0,1,6,DVD,PONGA,Alcide,MASCULIN,Alcide PONGA,,0,,,,Bas-Coulna,BAS COULNA,1,Bas-Coulna,Hienghène,LIEU_DIT_NC,TRIBU,Wan Déuc,164.78261362354763,-20.687835024386533,tribus_villages_nc,156,704,Tiendanite Ouayaguette
legislatives_2024,2,988,98807,Hienghène,HIENGHENE,0004,100,82,18,82,0,0,2,REG,TJIBAOU,Emmanuel,MASCULIN,Emmanuel TJIBAOU,,76,,,élu,Haut-Coulna,HAUT COULNA,1,Haut-Coulna,Hienghène,LIEU_DIT_NC,TRIBU,Paana,164.7358564404401,-20.63480876362534,tribus_villages_nc,156,704,Tiendanite Ouayaguette
legislatives_2024,2,988,98807,Hienghène,HIENGHENE,0004,100,82,18,82,0,0,6,DVD,PONGA,Alcide,MASCULIN,Alcide PONGA,,6,,,,Haut-Coulna,HAUT COULNA,1,Haut-Coulna,Hienghène,LIEU_DIT_NC,TRIBU,Paana,164.7358564404401,-20.63480876362534,tribus_villages_nc,156,704,Tiendanite Ouayaguette
legislatives_2024,2,988,98807,Hienghène,HIENGHENE,0005,190,152,38,152,0,0,2,REG,TJIBAOU,Emmanuel,MASCULIN,Emmanuel TJIBAOU,,149,,,élu,Ouayaguette,OUAYAGUETTE,1,Ouayaguette,Hienghène,LIEU_DIT_NC,TRIBU,Wébia,164.6835205195477,-20.659220188803257,tribus_villages_nc,156,704,Tiendanite Ouayaguette
legislatives_2024,2,988,98807,Hienghène,HIENGHENE,0005,190,152,38,152,0,0,6,DVD,PONGA,Alcide,MASCULIN,Alcide PONGA,,3,,,,Ouayaguette,OUAYAGUETTE,1,Ouayaguette,Hienghène,LIEU_DIT_NC,TRIBU,Wébia,164.6835205195477,-20.659220188803257,tribus_villages_nc,156,704,Tiendanite Ouayaguette
legislatives_2024,2,988,98807,Hienghène,HIENGHENE,0006,211,166,45,164,2,0,2,REG,TJIBAOU,Emmanuel,MASCULIN,Emmanuel TJIBAOU,,164,,,élu,Ouaième,OUAIEME,1,Ouaïème,Hienghène,LIEU_DIT_NC,TRIBU,Wâyém,164.84911233352278,-20.61488125992091,tribus_villages_nc,155,701,Hienghéne littoral
legislatives_2024,2,988,98807,Hienghène,HIENGHENE,0006,211,166,45,164,2,0,6,DVD,PONGA,Alcide,MASCULIN,Alcide PONGA,,0,,,,Ouaième,OUAIEME,1,Ouaïème,Hienghène,LIEU_DIT_NC,TRIBU,Wâyém,164.84911233352278,-20.61488125992091,tribus_villages_nc,155,701,Hienghéne littoral
legislatives_2024,2,988,98807,Hienghène,HIENGHENE,0007,70,51,19,50,1,0,2,REG,TJIBAOU,Emmanuel,MASCULIN,Emmanuel TJIBAOU,,50,,,élu,Oué-Hawa,OUE HAWA,0.875,Oué-Hava,Hienghène,LIEU_DIT_NC,TRIBU,Wé Hava,165.03458545186362,-20.765966185987494,tribus_villages_nc,156,704,Tiendanite Ouayaguette
legislatives_2024,2,988,98807,Hienghène,HIENGHENE,0007,70,51,19,50,1,0,6,DVD,PONGA,Alcide,MASCULIN,Alcide PONGA,,0,,,,Oué-Hawa,OUE HAWA,0.875,Oué-Hava,Hienghène,LIEU_DIT_NC,TRIBU,Wé Hava,165.03458545186362,-20.765966185987494,tribus_villages_nc,156,704,Tiendanite Ouayaguette
legislatives_2024,2,988,98807,Hienghène,HIENGHENE,0008,102,98,4,96,0,2,2,REG,TJIBAOU,Emmanuel,MASCULIN,Emmanuel TJIBAOU,,96,,,élu,Tiendanite,TIENDANITE,1,Tiendanite,Hienghène,LIEU_DIT_NC,TRIBU,Tândanit,164.8988687236624,-20.75818441571426,tribus_villages_nc,156,704,Tiendanite Ouayaguette
legislatives_2024,2,988,98807,Hienghène,HIENGHENE,0008,102,98,4,96,0,2,6,DVD,PONGA,Alcide,MASCULIN,Alcide PONGA,,0,,,,Tiendanite,TIENDANITE,1,Tiendanite,Hienghène,LIEU_DIT_NC,TRIBU,Tândanit,164.8988687236624,-20.75818441571426,tribus_villages_nc,156,704,Tiendanite Ouayaguette
legislatives_2024,2,988,98807,Hienghène,HIENGHENE,0009,589,525,64,522,2,1,2,REG,TJIBAOU,Emmanuel,MASCULIN,Emmanuel TJIBAOU,,520,,,élu,Ouaré,OUARE,1,Ouaré,Hienghène,LIEU_DIT_NC,TRIBU,Waré,164.93523458965643,-20.673024668353836,tribus_villages_nc,155,701,Hienghéne littoral
legislatives_2024,2,988,98807,Hienghène,HIENGHENE,0009,589,525,64,522,2,1,6,DVD,PONGA,Alcide,MASCULIN,Alcide PONGA,,2,,,,Ouaré,OUARE,1,Ouaré,Hienghène,LIEU_DIT_NC,TRIBU,Waré,164.93523458965643,-20.673024668353836,tribus_villages_nc,155,701,Hienghéne littoral
legislatives_2024,2,988,98807,Hienghène,HIENGHENE,0010,306,265,41,265,0,0,2,REG,TJIBAOU,Emmanuel,MASCULIN,Emmanuel TJIBAOU,,264,,,élu,Léwarap,LEWARAP,1,Lewarap,Hienghène,LIEU_DIT_NC,TRIBU,Wérap,164.92837654735197,-20.722390044785012,tribus_villages_nc,155,701,Hienghéne littoral
legislatives_2024,2,988,98807,Hienghène,HIENGHENE,0010,306,265,41,265,0,0,6,DVD,PONGA,Alcide,MASCULIN,Alcide PONGA,,1,,,,Léwarap,LEWARAP,1,Lewarap,Hienghène,LIEU_DIT_NC,TRIBU,Wérap,164.92837654735197,-20.722390044785012,tribus_villages_nc,155,701,Hienghéne littoral
legislatives_2024,2,988,98808,Houaïlou,HOUAILOU,0001,454,300,154,297,1,2,2,REG,TJIBAOU,Emmanuel,MASCULIN,Emmanuel TJIBAOU,,278,,,élu,Mairie,MAIRIE,0.7,HOUAÏLOU,Houaïlou,LIEU_DIT_NC,VILLE,Waa wi Luu,165.6260919909217,-21.278284372962112,tribus_villages_nc,157,801,Houailou village
legislatives_2024,2,988,98808,Houaïlou,HOUAILOU,0001,454,300,154,297,1,2,6,DVD,PONGA,Alcide,MASCULIN,Alcide PONGA,,19,,,,Mairie,MAIRIE,0.7,HOUAÏLOU,Houaïlou,LIEU_DIT_NC,VILLE,Waa wi Luu,165.6260919909217,-21.278284372962112,tribus_villages_nc,157,801,Houailou village
legislatives_2024,2,988,98808,Houaïlou,HOUAILOU,0002,662,495,167,489,4,2,2,REG,TJIBAOU,Emmanuel,MASCULIN,Emmanuel TJIBAOU,,458,,,élu,Warai,WARAI,0.95,Kua,Houaïlou,LIEU_DIT_NC,TRIBU,Wa',165.76989808558005,-21.33124821435679,tribus_villages_nc,160,807,Boréaré - Coula - Karagreu
legislatives_2024,2,988,98808,Houaïlou,HOUAILOU,0002,662,495,167,489,4,2,6,DVD,PONGA,Alcide,MASCULIN,Alcide PONGA,,31,,,,Warai,WARAI,0.95,Kua,Houaïlou,LIEU_DIT_NC,TRIBU,Wa',165.76989808558005,-21.33124821435679,tribus_villages_nc,160,807,Boréaré - Coula - Karagreu
legislatives_2024,2,988,98808,Houaïlou,HOUAILOU,0003,378,283,95,280,2,1,2,REG,TJIBAOU,Emmanuel,MASCULIN,Emmanuel TJIBAOU,,260,,,élu,Bâ,BA,1,Bâ,Houaïlou,LIEU_DIT_NC,TRIBU,Bwa,165.55842620966266,-21.19827944865936,tribus_villages_nc,158,803,Warai
legislatives_2024,2,988,98808,Houaïlou,HOUAILOU,0003,378,283,95,280,2,1,6,DVD,PONGA,Alcide,MASCULIN,Alcide PONGA,,20,,,,Bâ,BA,1,Bâ,Houaïlou,LIEU_DIT_NC,TRIBU,Bwa,165.55842620966266,-21.19827944865936,tribus_villages_nc,158,803,Warai
legislatives_2024,2,988,98808,Houaïlou,HOUAILOU,0004,321,235,86,235,0,0,2,REG,TJIBAOU,Emmanuel,MASCULIN,Emmanuel TJIBAOU,,230,,,élu,Nessakoéa,NESSAKOEA,0.842,Nessa Kouya,Houaïlou,LIEU_DIT_NC,TRIBU,Nérhexa i Kwéaa,165.5267547278778,-21.28421939373571,tribus_villages_nc,159,805,Nédivin - Bas Nindien
legislatives_2024,2,988,98808,Houaïlou,HOUAILOU,0004,321,235,86,235,0,0,6,DVD,PONGA,Alcide,MASCULIN,Alcide PONGA,,5,,,,Nessakoéa,NESSAKOEA,0.842,Nessa Kouya,Houaïlou,LIEU_DIT_NC,TRIBU,Nérhexa i Kwéaa,165.5267547278778,-21.28421939373571,tribus_villages_nc,159,805,Nédivin - Bas Nindien
legislatives_2024,2,988,98808,Houaïlou,HOUAILOU,0005,577,389,188,382,1,6,2,REG,TJIBAOU,Emmanuel,MASCULIN,Emmanuel TJIBAOU,,353,,,élu,Poro,PORO,1,Poro,Houaïlou,LIEU_DIT_NC,LDH,Pô Ro,165.70953015747588,-21.30262511634177,tribus_villages_nc,157,801,Houailou village
legislatives_2024,2,988,98808,Houaïlou,HOUAILOU,0005,577,389,188,382,1,6,6,DVD,PONGA,Alcide,MASCULIN,Alcide PONGA,,29,,,,Poro,PORO,1,Poro,Houaïlou,LIEU_DIT_NC,LDH,Pô Ro,165.70953015747588,-21.30262511634177,tribus_villages_nc,157,801,Houailou village
legislatives_2024,2,988,98808,Houaïlou,HOUAILOU,0006,492,341,151,341,0,0,2,REG,TJIBAOU,Emmanuel,MASCULIN,Emmanuel TJIBAOU,,328,,,élu,Coula,COULA,1,Coula,Houaïlou,LIEU_DIT_NC,TRIBU,Kuru raa,165.44899405604838,-21.336853600338287,tribus_villages_nc,160,807,Boréaré - Coula - Karagreu
legislatives_2024,2,988,98808,Houaïlou,HOUAILOU,0006,492,341,151,341,0,0,6,DVD,PONGA,Alcide,MASCULIN,Alcide PONGA,,13,,,,Coula,COULA,1,Coula,Houaïlou,LIEU_DIT_NC,TRIBU,Kuru raa,165.44899405604838,-21.336853600338287,tribus_villages_nc,160,807,Boréaré - Coula - Karagreu
legislatives_2024,2,988,98808,Houaïlou,HOUAILOU,0007,335,238,97,234,1,3,2,REG,TJIBAOU,Emmanuel,MASCULIN,Emmanuel TJIBAOU,,232,,,élu,Néaoua,NEAOUA,1,Néaoua,Houaïlou,LIEU_DIT_NC,TRIBU,Né awa,165.6455007313978,-21.325531853593,tribus_villages_nc,157,801,Houailou village
legislatives_2024,2,988,98808,Houaïlou,HOUAILOU,0007,335,238,97,234,1,3,6,DVD,PONGA,Alcide,MASCULIN,Alcide PONGA,,2,,,,Néaoua,NEAOUA,1,Néaoua,Houaïlou,LIEU_DIT_NC,TRIBU,Né awa,165.6455007313978,-21.325531853593,tribus_villages_nc,157,801,Houailou village
legislatives_2024,2,988,98808,Houaïlou,HOUAILOU,0008,549,399,150,398,0,1,2,REG,TJIBAOU,Emmanuel,MASCULIN,Emmanuel TJIBAOU,,389,,,élu,Nédivin,NEDIVIN,1,Nédivin,Houaïlou,LIEU_DIT_NC,TRIBU,Nédii vârâ,165.57082158687447,-21.289736384804883,tribus_villages_nc,159,805,Nédivin - Bas Nindien
legislatives_2024,2,988,98808,Houaïlou,HOUAILOU,0008,549,399,150,398,0,1,6,DVD,PONGA,Alcide,MASCULIN,Alcide PONGA,,9,,,,Nédivin,NEDIVIN,1,Nédivin,Houaïlou,LIEU_DIT_NC,TRIBU,Nédii vârâ,165.57082158687447,-21.289736384804883,tribus_villages_nc,159,805,Nédivin - Bas Nindien
legislatives_2024,2,988,98809,L'Ile-des-Pins,ILEDESPINS,0001,1027,790,237,779,8,3,2,DVD,METZDORF,Nicolas,MASCULIN,Nicolas METZDORF,,100,,,élu,Mairie 1,MAIRIE,,,,,,,167.495819,-22.66517,tidygeocoder_osm,161,901,Vao
legislatives_2024,2,988,98809,L'Ile-des-Pins,ILEDESPINS,0001,1027,790,237,779,8,3,4,REG,NAISSELINE,Omayra Lisa Meun,FEMININ,Omayra Lisa Meun NAISSELINE,,679,,,,Mairie 1,MAIRIE,,,,,,,167.495819,-22.66517,tidygeocoder_osm,161,901,Vao
legislatives_2024,2,988,98809,L'Ile-des-Pins,ILEDESPINS,0002,819,659,160,653,4,2,2,DVD,METZDORF,Nicolas,MASCULIN,Nicolas METZDORF,,64,,,élu,Bâtiment communal Point Information,BATIMENT COMMUNAL POINT INFORMATION,,,,,,,167.495819,-22.66517,tidygeocoder_osm,161,901,Vao
legislatives_2024,2,988,98809,L'Ile-des-Pins,ILEDESPINS,0002,819,659,160,653,4,2,4,REG,NAISSELINE,Omayra Lisa Meun,FEMININ,Omayra Lisa Meun NAISSELINE,,589,,,,Bâtiment communal Point Information,BATIMENT COMMUNAL POINT INFORMATION,,,,,,,167.495819,-22.66517,tidygeocoder_osm,161,901,Vao
legislatives_2024,2,988,98810,Kaala-Gomen,KAALAGOMEN,0001,553,435,118,429,4,2,2,REG,TJIBAOU,Emmanuel,MASCULIN,Emmanuel TJIBAOU,,301,,,élu,Mairie,MAIRIE,0.98,Mairie de Kaala-Gomen,804 Avenue de BWAPANU,ADMINISTRATION ET ORGANISME,Administrations des collectivités,Administration de la commune de Kaala-Gomen,164.397185345977,-20.6671314843025,etablissements_publics_nc,1,1001,Kaala Gomen village et littoral
legislatives_2024,2,988,98810,Kaala-Gomen,KAALAGOMEN,0001,553,435,118,429,4,2,6,DVD,PONGA,Alcide,MASCULIN,Alcide PONGA,,128,,,,Mairie,MAIRIE,0.98,Mairie de Kaala-Gomen,804 Avenue de BWAPANU,ADMINISTRATION ET ORGANISME,Administrations des collectivités,Administration de la commune de Kaala-Gomen,164.397185345977,-20.6671314843025,etablissements_publics_nc,1,1001,Kaala Gomen village et littoral
legislatives_2024,2,988,98810,Kaala-Gomen,KAALAGOMEN,0002,385,346,39,346,0,0,2,REG,TJIBAOU,Emmanuel,MASCULIN,Emmanuel TJIBAOU,,345,,,élu,Ouéholle,OUEHOLLE,0.93,Ecole catholique de Ouéholle,,ENSEIGNEMENT ET FORMATION,Enseignement du premier degré,Ecole pré-élémentaire,164.545680960012,-20.6046276080457,etablissements_publics_nc,2,1004,Ouéholle - Ouémou - Kourou
legislatives_2024,2,988,98810,Kaala-Gomen,KAALAGOMEN,0002,385,346,39,346,0,0,6,DVD,PONGA,Alcide,MASCULIN,Alcide PONGA,,1,,,,Ouéholle,OUEHOLLE,0.93,Ecole catholique de Ouéholle,,ENSEIGNEMENT ET FORMATION,Enseignement du premier degré,Ecole pré-élémentaire,164.545680960012,-20.6046276080457,etablissements_publics_nc,2,1004,Ouéholle - Ouémou - Kourou
legislatives_2024,2,988,98810,Kaala-Gomen,KAALAGOMEN,0003,282,249,33,247,0,2,2,REG,TJIBAOU,Emmanuel,MASCULIN,Emmanuel TJIBAOU,,243,,,élu,Maison Païta,MAISON PAITA,0.688,Maison commune de Piata,,CULTUREL ET SOCIO EDUCATIF,Equipements socio-éducatifs et socio-culturels,Maison de jeune et maison de quartier,164.426512320768,-20.6494636653987,etablissements_publics_nc,1,1001,Kaala Gomen village et littoral
legislatives_2024,2,988,98810,Kaala-Gomen,KAALAGOMEN,0003,282,249,33,247,0,2,6,DVD,PONGA,Alcide,MASCULIN,Alcide PONGA,,4,,,,Maison Païta,MAISON PAITA,0.688,Maison commune de Piata,,CULTUREL ET SOCIO EDUCATIF,Equipements socio-éducatifs et socio-culturels,Maison de jeune et maison de quartier,164.426512320768,-20.6494636653987,etablissements_publics_nc,1,1001,Kaala Gomen village et littoral
legislatives_2024,2,988,98810,Kaala-Gomen,KAALAGOMEN,0004,198,165,33,165,0,0,2,REG,TJIBAOU,Emmanuel,MASCULIN,Emmanuel TJIBAOU,,163,,,élu,Maison Gamaï,MAISON GAMAI,0.75,Maison commune de Gamaï,,CULTUREL ET SOCIO EDUCATIF,Equipements socio-éducatifs et socio-culturels,Maison de jeune et maison de quartier,164.486749878062,-20.6941126404856,etablissements_publics_nc,1,1001,Kaala Gomen village et littoral
legislatives_2024,2,988,98810,Kaala-Gomen,KAALAGOMEN,0004,198,165,33,165,0,0,6,DVD,PONGA,Alcide,MASCULIN,Alcide PONGA,,2,,,,Maison Gamaï,MAISON GAMAI,0.75,Maison commune de Gamaï,,CULTUREL ET SOCIO EDUCATIF,Equipements socio-éducatifs et socio-culturels,Maison de jeune et maison de quartier,164.486749878062,-20.6941126404856,etablissements_publics_nc,1,1001,Kaala Gomen village et littoral
legislatives_2024,2,988,98810,Kaala-Gomen,KAALAGOMEN,0005,143,134,9,134,0,0,2,REG,TJIBAOU,Emmanuel,MASCULIN,Emmanuel TJIBAOU,,133,,,élu,Maison Baoui,MAISON BAOUI,0.75,Maison commune de Baoui,,CULTUREL ET SOCIO EDUCATIF,Equipements socio-éducatifs et socio-culturels,Maison de jeune et maison de quartier,164.463552597488,-20.6891303658536,etablissements_publics_nc,1,1001,Kaala Gomen village et littoral
legislatives_2024,2,988,98810,Kaala-Gomen,KAALAGOMEN,0005,143,134,9,134,0,0,6,DVD,PONGA,Alcide,MASCULIN,Alcide PONGA,,1,,,,Maison Baoui,MAISON BAOUI,0.75,Maison commune de Baoui,,CULTUREL ET SOCIO EDUCATIF,Equipements socio-éducatifs et socio-culturels,Maison de jeune et maison de quartier,164.463552597488,-20.6891303658536,etablissements_publics_nc,1,1001,Kaala Gomen village et littoral
legislatives_2024,2,988,98810,Kaala-Gomen,KAALAGOMEN,0006,221,175,46,173,1,1,2,REG,TJIBAOU,Emmanuel,MASCULIN,Emmanuel TJIBAOU,,87,,,élu,Ouaco,OUACO,0.93,Ecole de Ouaco,185 Rue Victor ROFFEY,ENSEIGNEMENT ET FORMATION,Enseignement du premier degré,Ecole élémentaire,164.471215971078,-20.8375035625753,etablissements_publics_nc,1,1001,Kaala Gomen village et littoral
legislatives_2024,2,988,98810,Kaala-Gomen,KAALAGOMEN,0006,221,175,46,173,1,1,6,DVD,PONGA,Alcide,MASCULIN,Alcide PONGA,,86,,,,Ouaco,OUACO,0.93,Ecole de Ouaco,185 Rue Victor ROFFEY,ENSEIGNEMENT ET FORMATION,Enseignement du premier degré,Ecole élémentaire,164.471215971078,-20.8375035625753,etablissements_publics_nc,1,1001,Kaala Gomen village et littoral
legislatives_2024,2,988,98811,Koné,KONE,0001,808,534,274,521,8,5,2,REG,TJIBAOU,Emmanuel,MASCULIN,Emmanuel TJIBAOU,,227,,,élu,Salle Au Pitiri,SALLE AU PITIRI,0.556,Plateau sportif de Téari,AVENUE FOUE,EQUIPEMENT SPORTIF,Terrains sportifs normalisés,Terrain polyvalent,164.866375124843,-21.0740850901806,etablissements_publics_nc,5,1102,Paiamboué - La Caférie - Foué
legislatives_2024,2,988,98811,Koné,KONE,0001,808,534,274,521,8,5,6,DVD,PONGA,Alcide,MASCULIN,Alcide PONGA,,294,,,,Salle Au Pitiri,SALLE AU PITIRI,0.556,Plateau sportif de Téari,AVENUE FOUE,EQUIPEMENT SPORTIF,Terrains sportifs normalisés,Terrain polyvalent,164.866375124843,-21.0740850901806,etablissements_publics_nc,5,1102,Paiamboué - La Caférie - Foué
legislatives_2024,2,988,98811,Koné,KONE,0002,174,143,31,141,0,2,2,REG,TJIBAOU,Emmanuel,MASCULIN,Emmanuel TJIBAOU,,137,,,élu,Poindah,POINDAH,0.93,Maison commune de Poindah,,CULTUREL ET SOCIO EDUCATIF,Equipements socio-éducatifs et socio-culturels,Maison de jeune et maison de quartier,164.964442641559,-21.0372102738018,etablissements_publics_nc,7,1107,Poindah - Noelly - Néami - Netchaot
legislatives_2024,2,988,98811,Koné,KONE,0002,174,143,31,141,0,2,6,DVD,PONGA,Alcide,MASCULIN,Alcide PONGA,,4,,,,Poindah,POINDAH,0.93,Maison commune de Poindah,,CULTUREL ET SOCIO EDUCATIF,Equipements socio-éducatifs et socio-culturels,Maison de jeune et maison de quartier,164.964442641559,-21.0372102738018,etablissements_publics_nc,7,1107,Poindah - Noelly - Néami - Netchaot
legislatives_2024,2,988,98811,Koné,KONE,0003,407,337,70,336,1,0,2,REG,TJIBAOU,Emmanuel,MASCULIN,Emmanuel TJIBAOU,,334,,,élu,Netchaot,NETCHAOT,0.93,Ecole maternelle publique de Nétchaot,Route du STADE de NETCHAOT,ENSEIGNEMENT ET FORMATION,Enseignement du premier degré,Ecole pré-élémentaire,165.022902317548,-21.0054157631335,etablissements_publics_nc,7,1107,Poindah - Noelly - Néami - Netchaot
legislatives_2024,2,988,98811,Koné,KONE,0003,407,337,70,336,1,0,6,DVD,PONGA,Alcide,MASCULIN,Alcide PONGA,,2,,,,Netchaot,NETCHAOT,0.93,Ecole maternelle publique de Nétchaot,Route du STADE de NETCHAOT,ENSEIGNEMENT ET FORMATION,Enseignement du premier degré,Ecole pré-élémentaire,165.022902317548,-21.0054157631335,etablissements_publics_nc,7,1107,Poindah - Noelly - Néami - Netchaot
legislatives_2024,2,988,98811,Koné,KONE,0004,287,250,37,250,0,0,2,REG,TJIBAOU,Emmanuel,MASCULIN,Emmanuel TJIBAOU,,250,,,élu,Tiaoué,TIAOUE,0.93,Ecole publique de Tiaoué,RM5,ENSEIGNEMENT ET FORMATION,Enseignement du premier degré,Ecole primaire,164.916802108,-21.0000621217301,etablissements_publics_nc,7,1107,Poindah - Noelly - Néami - Netchaot
legislatives_2024,2,988,98811,Koné,KONE,0004,287,250,37,250,0,0,6,DVD,PONGA,Alcide,MASCULIN,Alcide PONGA,,0,,,,Tiaoué,TIAOUE,0.93,Ecole publique de Tiaoué,RM5,ENSEIGNEMENT ET FORMATION,Enseignement du premier degré,Ecole primaire,164.916802108,-21.0000621217301,etablissements_publics_nc,7,1107,Poindah - Noelly - Néami - Netchaot
legislatives_2024,2,988,98811,Koné,KONE,0005,126,107,19,105,0,2,2,REG,TJIBAOU,Emmanuel,MASCULIN,Emmanuel TJIBAOU,,105,,,élu,Atéou,ATEOU,0.93,Ecole publique d'Atéou,Route de l'EGLISE d'ATEOU,ENSEIGNEMENT ET FORMATION,Enseignement du premier degré,Ecole primaire,164.90654574925,-20.9500343540188,etablissements_publics_nc,7,1107,Poindah - Noelly - Néami - Netchaot
legislatives_2024,2,988,98811,Koné,KONE,0005,126,107,19,105,0,2,6,DVD,PONGA,Alcide,MASCULIN,Alcide PONGA,,0,,,,Atéou,ATEOU,0.93,Ecole publique d'Atéou,Route de l'EGLISE d'ATEOU,ENSEIGNEMENT ET FORMATION,Enseignement du premier degré,Ecole primaire,164.90654574925,-20.9500343540188,etablissements_publics_nc,7,1107,Poindah - Noelly - Néami - Netchaot
legislatives_2024,2,988,98811,Koné,KONE,0006,234,196,38,196,0,0,2,REG,TJIBAOU,Emmanuel,MASCULIN,Emmanuel TJIBAOU,,193,,,élu,Bopope,BOPOPE,0.93,Ecole privée protestante Bopope,ROUTE BOPOPE BOPOPE,ENSEIGNEMENT ET FORMATION,Enseignement du premier degré,Ecole primaire,165.079714634727,-20.9178415050895,etablissements_publics_nc,8,1108,Bopope
legislatives_2024,2,988,98811,Koné,KONE,0006,234,196,38,196,0,0,6,DVD,PONGA,Alcide,MASCULIN,Alcide PONGA,,3,,,,Bopope,BOPOPE,0.93,Ecole privée protestante Bopope,ROUTE BOPOPE BOPOPE,ENSEIGNEMENT ET FORMATION,Enseignement du premier degré,Ecole primaire,165.079714634727,-20.9178415050895,etablissements_publics_nc,8,1108,Bopope
legislatives_2024,2,988,98811,Koné,KONE,0007,232,182,50,181,0,1,2,REG,TJIBAOU,Emmanuel,MASCULIN,Emmanuel TJIBAOU,,178,,,élu,Néami,NEAMI,0.93,Ecole maternelle publique de Néami,Route GOROPOADJILEI,ENSEIGNEMENT ET FORMATION,Enseignement du premier degré,Ecole pré-élémentaire,164.971958124292,-20.977983356452,etablissements_publics_nc,7,1107,Poindah - Noelly - Néami - Netchaot
legislatives_2024,2,988,98811,Koné,KONE,0007,232,182,50,181,0,1,6,DVD,PONGA,Alcide,MASCULIN,Alcide PONGA,,3,,,,Néami,NEAMI,0.93,Ecole maternelle publique de Néami,Route GOROPOADJILEI,ENSEIGNEMENT ET FORMATION,Enseignement du premier degré,Ecole pré-élémentaire,164.971958124292,-20.977983356452,etablissements_publics_nc,7,1107,Poindah - Noelly - Néami - Netchaot
legislatives_2024,2,988,98811,Koné,KONE,0008,483,396,87,394,0,2,2,REG,TJIBAOU,Emmanuel,MASCULIN,Emmanuel TJIBAOU,,376,,,élu,Baco,BACO,0.93,Maison commune de Baco,,CULTUREL ET SOCIO EDUCATIF,Equipements socio-éducatifs et socio-culturels,Maison de jeune et maison de quartier,164.895177171264,-21.0667090848805,etablissements_publics_nc,6,1103,Baco - Koniambo
legislatives_2024,2,988,98811,Koné,KONE,0008,483,396,87,394,0,2,6,DVD,PONGA,Alcide,MASCULIN,Alcide PONGA,,18,,,,Baco,BACO,0.93,Maison commune de Baco,,CULTUREL ET SOCIO EDUCATIF,Equipements socio-éducatifs et socio-culturels,Maison de jeune et maison de quartier,164.895177171264,-21.0667090848805,etablissements_publics_nc,6,1103,Baco - Koniambo
legislatives_2024,2,988,98811,Koné,KONE,0009,801,650,151,644,3,3,2,REG,TJIBAOU,Emmanuel,MASCULIN,Emmanuel TJIBAOU,,487,,,élu,École primaire Les Cigales,ECOLE PRIMAIRE CIGALES,0.88,Ecole publique Les Cigales,12 RUE DES ABEILLES,ENSEIGNEMENT ET FORMATION,Enseignement du premier degré,Ecole primaire,164.8701529762,-21.0521518022935,etablissements_publics_nc,4,1101,Koné village
legislatives_2024,2,988,98811,Koné,KONE,0009,801,650,151,644,3,3,6,DVD,PONGA,Alcide,MASCULIN,Alcide PONGA,,157,,,,École primaire Les Cigales,ECOLE PRIMAIRE CIGALES,0.88,Ecole publique Les Cigales,12 RUE DES ABEILLES,ENSEIGNEMENT ET FORMATION,Enseignement du premier degré,Ecole primaire,164.8701529762,-21.0521518022935,etablissements_publics_nc,4,1101,Koné village
legislatives_2024,2,988,98811,Koné,KONE,0010,224,184,40,182,1,1,2,REG,TJIBAOU,Emmanuel,MASCULIN,Emmanuel TJIBAOU,,182,,,élu,Noëlly,NOELLY,0.93,Ecole maternelle publique de Noelly,Route de l'ECOLE de NOELI,ENSEIGNEMENT ET FORMATION,Enseignement du premier degré,Ecole pré-élémentaire,164.947538773364,-21.0048750710989,etablissements_publics_nc,7,1107,Poindah - Noelly - Néami - Netchaot
legislatives_2024,2,988,98811,Koné,KONE,0010,224,184,40,182,1,1,6,DVD,PONGA,Alcide,MASCULIN,Alcide PONGA,,0,,,,Noëlly,NOELLY,0.93,Ecole maternelle publique de Noelly,Route de l'ECOLE de NOELI,ENSEIGNEMENT ET FORMATION,Enseignement du premier degré,Ecole pré-élémentaire,164.947538773364,-21.0048750710989,etablissements_publics_nc,7,1107,Poindah - Noelly - Néami - Netchaot
legislatives_2024,2,988,98811,Koné,KONE,0011,856,575,281,557,11,7,2,REG,TJIBAOU,Emmanuel,MASCULIN,Emmanuel TJIBAOU,,296,,,élu,École Téari,ECOLE TEARI,0.636,Déchetterie,5135 AVENUE DU LAPITA,TRANSPORT ET DECHET,Gestion des déchets,Installation de stockage des déchets,164.82630681362,-21.0553442775238,etablissements_publics_nc,4,1101,Koné village
legislatives_2024,2,988,98811,Koné,KONE,0011,856,575,281,557,11,7,6,DVD,PONGA,Alcide,MASCULIN,Alcide PONGA,,261,,,,École Téari,ECOLE TEARI,0.636,Déchetterie,5135 AVENUE DU LAPITA,TRANSPORT ET DECHET,Gestion des déchets,Installation de stockage des déchets,164.82630681362,-21.0553442775238,etablissements_publics_nc,4,1101,Koné village
legislatives_2024,2,988,98811,Koné,KONE,0012,643,463,180,456,4,3,2,REG,TJIBAOU,Emmanuel,MASCULIN,Emmanuel TJIBAOU,,196,,,élu,Les Allamandas,ALLAMANDAS,0.93,Ecole publique Les Allamandas,242 RUE PAUL NAPOAREA,ENSEIGNEMENT ET FORMATION,Enseignement du premier degré,Ecole primaire,164.856461111321,-21.052040276968,etablissements_publics_nc,4,1101,Koné village
legislatives_2024,2,988,98811,Koné,KONE,0012,643,463,180,456,4,3,6,DVD,PONGA,Alcide,MASCULIN,Alcide PONGA,,260,,,,Les Allamandas,ALLAMANDAS,0.93,Ecole publique Les Allamandas,242 RUE PAUL NAPOAREA,ENSEIGNEMENT ET FORMATION,Enseignement du premier degré,Ecole primaire,164.856461111321,-21.052040276968,etablissements_publics_nc,4,1101,Koné village
legislatives_2024,2,988,98812,Koumac,KOUMAC,0001,1376,1093,283,1078,10,5,2,REG,TJIBAOU,Emmanuel,MASCULIN,Emmanuel TJIBAOU,,612,,,élu,Mairie 1 et centralisateur,MAIRIE ET CENTRALISATEUR,0.99,Mairie de Koumac,,ADMINISTRATION ET ORGANISME,Administrations des collectivités,Administration de la commune de Koumac,164.280241420927,-20.5602050455624,arrete_manual_etablissements,9,1201,Koumac village
legislatives_2024,2,988,98812,Koumac,KOUMAC,0001,1376,1093,283,1078,10,5,6,DVD,PONGA,Alcide,MASCULIN,Alcide PONGA,,466,,,,Mairie 1 et centralisateur,MAIRIE ET CENTRALISATEUR,0.99,Mairie de Koumac,,ADMINISTRATION ET ORGANISME,Administrations des collectivités,Administration de la commune de Koumac,164.280241420927,-20.5602050455624,arrete_manual_etablissements,9,1201,Koumac village
legislatives_2024,2,988,98812,Koumac,KOUMAC,0002,1780,1344,436,1322,10,12,2,REG,TJIBAOU,Emmanuel,MASCULIN,Emmanuel TJIBAOU,,517,,,élu,École primaire Charles Mermoud 2,ECOLE PRIMAIRE CHARLES MERMOUD,0.874,Ecole Charles MERMOUD,,ENSEIGNEMENT ET FORMATION,Enseignement du premier degré,Ecole primaire,164.282519595968,-20.5572929814306,etablissements_publics_nc,9,1201,Koumac village
legislatives_2024,2,988,98812,Koumac,KOUMAC,0002,1780,1344,436,1322,10,12,6,DVD,PONGA,Alcide,MASCULIN,Alcide PONGA,,805,,,,École primaire Charles Mermoud 2,ECOLE PRIMAIRE CHARLES MERMOUD,0.874,Ecole Charles MERMOUD,,ENSEIGNEMENT ET FORMATION,Enseignement du premier degré,Ecole primaire,164.282519595968,-20.5572929814306,etablissements_publics_nc,9,1201,Koumac village
legislatives_2024,2,988,98813,La Foa,LAFOA,0001,963,734,229,721,7,6,2,REG,TJIBAOU,Emmanuel,MASCULIN,Emmanuel TJIBAOU,,283,,,élu,Centre socio-culturel,CENTRE SOCIO CULTUREL,,,,,,,165.82495689060195,-21.708500844468237,arrete_manual_tribus,12,1301,La Foa village
legislatives_2024,2,988,98813,La Foa,LAFOA,0001,963,734,229,721,7,6,6,DVD,PONGA,Alcide,MASCULIN,Alcide PONGA,,438,,,,Centre socio-culturel,CENTRE SOCIO CULTUREL,,,,,,,165.82495689060195,-21.708500844468237,arrete_manual_tribus,12,1301,La Foa village
legislatives_2024,2,988,98813,La Foa,LAFOA,0002,840,692,148,688,3,1,2,REG,TJIBAOU,Emmanuel,MASCULIN,Emmanuel TJIBAOU,,342,,,élu,Centre socio-culturel,CENTRE SOCIO CULTUREL,,,,,,,165.82495689060195,-21.708500844468237,arrete_manual_tribus,12,1301,La Foa village
legislatives_2024,2,988,98813,La Foa,LAFOA,0002,840,692,148,688,3,1,6,DVD,PONGA,Alcide,MASCULIN,Alcide PONGA,,346,,,,Centre socio-culturel,CENTRE SOCIO CULTUREL,,,,,,,165.82495689060195,-21.708500844468237,arrete_manual_tribus,12,1301,La Foa village
legislatives_2024,2,988,98813,La Foa,LAFOA,0003,821,665,156,651,9,5,2,REG,TJIBAOU,Emmanuel,MASCULIN,Emmanuel TJIBAOU,,275,,,élu,Centre socio-culturel,CENTRE SOCIO CULTUREL,,,,,,,165.82495689060195,-21.708500844468237,arrete_manual_tribus,12,1301,La Foa village
legislatives_2024,2,988,98813,La Foa,LAFOA,0003,821,665,156,651,9,5,6,DVD,PONGA,Alcide,MASCULIN,Alcide PONGA,,376,,,,Centre socio-culturel,CENTRE SOCIO CULTUREL,,,,,,,165.82495689060195,-21.708500844468237,arrete_manual_tribus,12,1301,La Foa village
legislatives_2024,2,988,98813,La Foa,LAFOA,0004,843,628,215,614,7,7,2,REG,TJIBAOU,Emmanuel,MASCULIN,Emmanuel TJIBAOU,,251,,,élu,Centre socio-culturel,CENTRE SOCIO CULTUREL,,,,,,,165.82495689060195,-21.708500844468237,arrete_manual_tribus,12,1301,La Foa village
legislatives_2024,2,988,98813,La Foa,LAFOA,0004,843,628,215,614,7,7,6,DVD,PONGA,Alcide,MASCULIN,Alcide PONGA,,363,,,,Centre socio-culturel,CENTRE SOCIO CULTUREL,,,,,,,165.82495689060195,-21.708500844468237,arrete_manual_tribus,12,1301,La Foa village
legislatives_2024,2,988,98814,Lifou,LIFOU,0001,707,499,208,492,6,1,2,DVD,METZDORF,Nicolas,MASCULIN,Nicolas METZDORF,,28,,,élu,Faré des îles,FARE ILES,,,,,,,164.9011843365689,-21.121493041727785,arrete_manual_tribus,112,2501,Pouembout village
legislatives_2024,2,988,98814,Lifou,LIFOU,0001,707,499,208,492,6,1,4,REG,NAISSELINE,Omayra Lisa Meun,FEMININ,Omayra Lisa Meun NAISSELINE,,464,,,,Faré des îles,FARE ILES,,,,,,,164.9011843365689,-21.121493041727785,arrete_manual_tribus,112,2501,Pouembout village
legislatives_2024,2,988,98814,Lifou,LIFOU,0002,634,507,127,504,1,2,2,DVD,METZDORF,Nicolas,MASCULIN,Nicolas METZDORF,,10,,,élu,Xepenehe,XEPENEHE,1,Chépénéhé,Lifou,LIEU_DIT_NC,TRIBU,Xepenehe,167.15272048120752,-20.78265899014055,tribus_villages_nc,16,1403,Wet
legislatives_2024,2,988,98814,Lifou,LIFOU,0002,634,507,127,504,1,2,4,REG,NAISSELINE,Omayra Lisa Meun,FEMININ,Omayra Lisa Meun NAISSELINE,,494,,,,Xepenehe,XEPENEHE,1,Chépénéhé,Lifou,LIEU_DIT_NC,TRIBU,Xepenehe,167.15272048120752,-20.78265899014055,tribus_villages_nc,16,1403,Wet
legislatives_2024,2,988,98814,Lifou,LIFOU,0003,767,652,115,649,0,3,2,DVD,METZDORF,Nicolas,MASCULIN,Nicolas METZDORF,,4,,,élu,Drueulu,DRUEULU,1,Douéoulou,Lifou,LIEU_DIT_NC,TRIBU,Drueulu,167.07853761275717,-20.930242999544458,tribus_villages_nc,14,1401,Gaitcha
legislatives_2024,2,988,98814,Lifou,LIFOU,0003,767,652,115,649,0,3,4,REG,NAISSELINE,Omayra Lisa Meun,FEMININ,Omayra Lisa Meun NAISSELINE,,645,,,,Drueulu,DRUEULU,1,Douéoulou,Lifou,LIEU_DIT_NC,TRIBU,Drueulu,167.07853761275717,-20.930242999544458,tribus_villages_nc,14,1401,Gaitcha
legislatives_2024,2,988,98814,Lifou,LIFOU,0004,400,327,73,326,1,0,2,DVD,METZDORF,Nicolas,MASCULIN,Nicolas METZDORF,,10,,,élu,Jozip,JOZIP,1,Jozip,Lifou,LIEU_DIT_NC,TRIBU,,167.34721888788647,-20.940435542649407,tribus_villages_nc,15,1402,Lössi
legislatives_2024,2,988,98814,Lifou,LIFOU,0004,400,327,73,326,1,0,4,REG,NAISSELINE,Omayra Lisa Meun,FEMININ,Omayra Lisa Meun NAISSELINE,,316,,,,Jozip,JOZIP,1,Jozip,Lifou,LIEU_DIT_NC,TRIBU,,167.34721888788647,-20.940435542649407,tribus_villages_nc,15,1402,Lössi
legislatives_2024,2,988,98814,Lifou,LIFOU,0005,463,360,103,356,2,2,2,DVD,METZDORF,Nicolas,MASCULIN,Nicolas METZDORF,,1,,,élu,Jokin,JOKIN,1,Jokin,Lifou,LIEU_DIT_NC,TRIBU,,167.16447665584124,-20.703384020726688,tribus_villages_nc,16,1403,Wet
legislatives_2024,2,988,98814,Lifou,LIFOU,0005,463,360,103,356,2,2,4,REG,NAISSELINE,Omayra Lisa Meun,FEMININ,Omayra Lisa Meun NAISSELINE,,355,,,,Jokin,JOKIN,1,Jokin,Lifou,LIEU_DIT_NC,TRIBU,,167.16447665584124,-20.703384020726688,tribus_villages_nc,16,1403,Wet
legislatives_2024,2,988,98814,Lifou,LIFOU,0006,399,291,108,291,0,0,2,DVD,METZDORF,Nicolas,MASCULIN,Nicolas METZDORF,,14,,,élu,Hmelek,HMELEK,1,Hmelek,Lifou,LIEU_DIT_NC,TRIBU,,167.28575148149378,-21.047986298100245,tribus_villages_nc,15,1402,Lössi
legislatives_2024,2,988,98814,Lifou,LIFOU,0006,399,291,108,291,0,0,4,REG,NAISSELINE,Omayra Lisa Meun,FEMININ,Omayra Lisa Meun NAISSELINE,,277,,,,Hmelek,HMELEK,1,Hmelek,Lifou,LIEU_DIT_NC,TRIBU,,167.28575148149378,-21.047986298100245,tribus_villages_nc,15,1402,Lössi
legislatives_2024,2,988,98814,Lifou,LIFOU,0007,566,415,151,412,1,2,2,DVD,METZDORF,Nicolas,MASCULIN,Nicolas METZDORF,,23,,,élu,Mou,MOU,1,Mou,Lifou,LIEU_DIT_NC,TRIBU,Mu,167.41341301025318,-21.092299627592674,tribus_villages_nc,15,1402,Lössi
legislatives_2024,2,988,98814,Lifou,LIFOU,0007,566,415,151,412,1,2,4,REG,NAISSELINE,Omayra Lisa Meun,FEMININ,Omayra Lisa Meun NAISSELINE,,389,,,,Mou,MOU,1,Mou,Lifou,LIEU_DIT_NC,TRIBU,Mu,167.41341301025318,-21.092299627592674,tribus_villages_nc,15,1402,Lössi
legislatives_2024,2,988,98814,Lifou,LIFOU,0008,636,531,105,529,1,1,2,DVD,METZDORF,Nicolas,MASCULIN,Nicolas METZDORF,,5,,,élu,Hnathalo,HNATHALO,0.75,Hnacaöm,Lifou,LIEU_DIT_NC,TRIBU,,167.20569292168463,-20.72173372554335,tribus_villages_nc,16,1403,Wet
legislatives_2024,2,988,98814,Lifou,LIFOU,0008,636,531,105,529,1,1,4,REG,NAISSELINE,Omayra Lisa Meun,FEMININ,Omayra Lisa Meun NAISSELINE,,524,,,,Hnathalo,HNATHALO,0.75,Hnacaöm,Lifou,LIEU_DIT_NC,TRIBU,,167.20569292168463,-20.72173372554335,tribus_villages_nc,16,1403,Wet
legislatives_2024,2,988,98814,Lifou,LIFOU,0009,234,186,48,181,0,5,2,DVD,METZDORF,Nicolas,MASCULIN,Nicolas METZDORF,,11,,,élu,Hnacaöm,HNACAOM,1,Hnacaöm,Lifou,LIEU_DIT_NC,TRIBU,,167.20569292168463,-20.72173372554335,tribus_villages_nc,16,1403,Wet
legislatives_2024,2,988,98814,Lifou,LIFOU,0009,234,186,48,181,0,5,4,REG,NAISSELINE,Omayra Lisa Meun,FEMININ,Omayra Lisa Meun NAISSELINE,,170,,,,Hnacaöm,HNACAOM,1,Hnacaöm,Lifou,LIEU_DIT_NC,TRIBU,,167.20569292168463,-20.72173372554335,tribus_villages_nc,16,1403,Wet
legislatives_2024,2,988,98814,Lifou,LIFOU,0010,347,290,57,287,2,1,2,DVD,METZDORF,Nicolas,MASCULIN,Nicolas METZDORF,,0,,,élu,Siloam,SILOAM,1,Siloam,Lifou,LIEU_DIT_NC,TRIBU,,167.10495154784974,-20.76013449602238,tribus_villages_nc,16,1403,Wet
legislatives_2024,2,988,98814,Lifou,LIFOU,0010,347,290,57,287,2,1,4,REG,NAISSELINE,Omayra Lisa Meun,FEMININ,Omayra Lisa Meun NAISSELINE,,287,,,,Siloam,SILOAM,1,Siloam,Lifou,LIEU_DIT_NC,TRIBU,,167.10495154784974,-20.76013449602238,tribus_villages_nc,16,1403,Wet
legislatives_2024,2,988,98814,Lifou,LIFOU,0011,362,274,88,271,2,1,2,DVD,METZDORF,Nicolas,MASCULIN,Nicolas METZDORF,,6,,,élu,Wasany,WASANY,1,Wasany,Lifou,LIEU_DIT_NC,TRIBU,,167.37793880476198,-21.00787866730366,tribus_villages_nc,15,1402,Lössi
legislatives_2024,2,988,98814,Lifou,LIFOU,0011,362,274,88,271,2,1,4,REG,NAISSELINE,Omayra Lisa Meun,FEMININ,Omayra Lisa Meun NAISSELINE,,265,,,,Wasany,WASANY,1,Wasany,Lifou,LIEU_DIT_NC,TRIBU,,167.37793880476198,-21.00787866730366,tribus_villages_nc,15,1402,Lössi
legislatives_2024,2,988,98814,Lifou,LIFOU,0012,193,84,109,84,0,0,2,DVD,METZDORF,Nicolas,MASCULIN,Nicolas METZDORF,,0,,,élu,Tiga,TIGA,1,Tiga,Lifou,LIEU_DIT_NC,TRIBU,Toka,167.79672481501146,-21.094104177809253,tribus_villages_nc,15,1402,Lössi
legislatives_2024,2,988,98814,Lifou,LIFOU,0012,193,84,109,84,0,0,4,REG,NAISSELINE,Omayra Lisa Meun,FEMININ,Omayra Lisa Meun NAISSELINE,,84,,,,Tiga,TIGA,1,Tiga,Lifou,LIEU_DIT_NC,TRIBU,Toka,167.79672481501146,-21.094104177809253,tribus_villages_nc,15,1402,Lössi
legislatives_2024,2,988,98814,Lifou,LIFOU,0013,780,612,168,604,5,3,2,DVD,METZDORF,Nicolas,MASCULIN,Nicolas METZDORF,,26,,,élu,Luecila,LUECILA,1,Luecila,Lifou,LIEU_DIT_NC,TRIBU,,167.25787949950455,-20.900908884449866,tribus_villages_nc,16,1403,Wet
legislatives_2024,2,988,98814,Lifou,LIFOU,0013,780,612,168,604,5,3,4,REG,NAISSELINE,Omayra Lisa Meun,FEMININ,Omayra Lisa Meun NAISSELINE,,578,,,,Luecila,LUECILA,1,Luecila,Lifou,LIEU_DIT_NC,TRIBU,,167.25787949950455,-20.900908884449866,tribus_villages_nc,16,1403,Wet
legislatives_2024,2,988,98814,Lifou,LIFOU,0014,438,358,80,357,0,1,2,DVD,METZDORF,Nicolas,MASCULIN,Nicolas METZDORF,,1,,,élu,Hapetra,HAPETRA,1,Hapetra,Lifou,LIEU_DIT_NC,TRIBU,,167.14706004416075,-20.93025342048714,tribus_villages_nc,14,1401,Gaitcha
legislatives_2024,2,988,98814,Lifou,LIFOU,0014,438,358,80,357,0,1,4,REG,NAISSELINE,Omayra Lisa Meun,FEMININ,Omayra Lisa Meun NAISSELINE,,356,,,,Hapetra,HAPETRA,1,Hapetra,Lifou,LIEU_DIT_NC,TRIBU,,167.14706004416075,-20.93025342048714,tribus_villages_nc,14,1401,Gaitcha
legislatives_2024,2,988,98814,Lifou,LIFOU,0015,422,334,88,333,1,0,2,DVD,METZDORF,Nicolas,MASCULIN,Nicolas METZDORF,,8,,,élu,Nang,NANG,,,,,,,167.2237643213265,-20.78244820991056,arrete_manual_tribus,16,1403,Wet
legislatives_2024,2,988,98814,Lifou,LIFOU,0015,422,334,88,333,1,0,4,REG,NAISSELINE,Omayra Lisa Meun,FEMININ,Omayra Lisa Meun NAISSELINE,,325,,,,Nang,NANG,,,,,,,167.2237643213265,-20.78244820991056,arrete_manual_tribus,16,1403,Wet
legislatives_2024,2,988,98814,Lifou,LIFOU,0016,184,134,50,134,0,0,2,DVD,METZDORF,Nicolas,MASCULIN,Nicolas METZDORF,,2,,,élu,Xodre,XODRE,1,Xode,Lifou,LIEU_DIT_NC,TRIBU,Xodre,167.41059644422373,-21.127373900931634,tribus_villages_nc,15,1402,Lössi
legislatives_2024,2,988,98814,Lifou,LIFOU,0016,184,134,50,134,0,0,4,REG,NAISSELINE,Omayra Lisa Meun,FEMININ,Omayra Lisa Meun NAISSELINE,,132,,,,Xodre,XODRE,1,Xode,Lifou,LIEU_DIT_NC,TRIBU,Xodre,167.41059644422373,-21.127373900931634,tribus_villages_nc,15,1402,Lössi
legislatives_2024,2,988,98814,Lifou,LIFOU,0017,436,358,78,356,1,1,2,DVD,METZDORF,Nicolas,MASCULIN,Nicolas METZDORF,,7,,,élu,Huiwatrul,HUIWATRUL,1,Huiwatrul,Lifou,LIEU_DIT_NC,TRIBU,Hunöj,167.34969330586503,-21.090299188696775,tribus_villages_nc,15,1402,Lössi
legislatives_2024,2,988,98814,Lifou,LIFOU,0017,436,358,78,356,1,1,4,REG,NAISSELINE,Omayra Lisa Meun,FEMININ,Omayra Lisa Meun NAISSELINE,,349,,,,Huiwatrul,HUIWATRUL,1,Huiwatrul,Lifou,LIEU_DIT_NC,TRIBU,Hunöj,167.34969330586503,-21.090299188696775,tribus_villages_nc,15,1402,Lössi
legislatives_2024,2,988,98814,Lifou,LIFOU,0018,381,301,80,300,1,0,2,DVD,METZDORF,Nicolas,MASCULIN,Nicolas METZDORF,,6,,,élu,Wedrumel,WEDRUMEL,1,Wedumel,Lifou,LIEU_DIT_NC,TRIBU,Wedrumel,167.1109551627598,-20.984726331890663,tribus_villages_nc,14,1401,Gaitcha
legislatives_2024,2,988,98814,Lifou,LIFOU,0018,381,301,80,300,1,0,4,REG,NAISSELINE,Omayra Lisa Meun,FEMININ,Omayra Lisa Meun NAISSELINE,,294,,,,Wedrumel,WEDRUMEL,1,Wedumel,Lifou,LIEU_DIT_NC,TRIBU,Wedrumel,167.1109551627598,-20.984726331890663,tribus_villages_nc,14,1401,Gaitcha
legislatives_2024,2,988,98814,Lifou,LIFOU,0019,410,316,94,313,0,3,2,DVD,METZDORF,Nicolas,MASCULIN,Nicolas METZDORF,,6,,,élu,Traput,TRAPUT,1,Traput,Lifou,LIEU_DIT_NC,TRIBU,,167.30947771877948,-20.931287472634196,tribus_villages_nc,15,1402,Lössi
legislatives_2024,2,988,98814,Lifou,LIFOU,0019,410,316,94,313,0,3,4,REG,NAISSELINE,Omayra Lisa Meun,FEMININ,Omayra Lisa Meun NAISSELINE,,307,,,,Traput,TRAPUT,1,Traput,Lifou,LIEU_DIT_NC,TRIBU,,167.30947771877948,-20.931287472634196,tribus_villages_nc,15,1402,Lössi
legislatives_2024,2,988,98814,Lifou,LIFOU,0020,484,359,125,356,3,0,2,DVD,METZDORF,Nicolas,MASCULIN,Nicolas METZDORF,,11,,,élu,Kedeigne,KEDEIGNE,1,Kedeigne,Lifou,LIEU_DIT_NC,TRIBU,Kejëny,167.21465752873138,-21.037060872425982,tribus_villages_nc,15,1402,Lössi
legislatives_2024,2,988,98814,Lifou,LIFOU,0020,484,359,125,356,3,0,4,REG,NAISSELINE,Omayra Lisa Meun,FEMININ,Omayra Lisa Meun NAISSELINE,,345,,,,Kedeigne,KEDEIGNE,1,Kedeigne,Lifou,LIEU_DIT_NC,TRIBU,Kejëny,167.21465752873138,-21.037060872425982,tribus_villages_nc,15,1402,Lössi
legislatives_2024,2,988,98814,Lifou,LIFOU,0021,307,243,64,241,1,1,2,DVD,METZDORF,Nicolas,MASCULIN,Nicolas METZDORF,,15,,,élu,Tingeting,TINGETING,1,Tingeting,Lifou,LIEU_DIT_NC,TRIBU,,167.26667509635985,-20.741613827760364,tribus_villages_nc,16,1403,Wet
legislatives_2024,2,988,98814,Lifou,LIFOU,0021,307,243,64,241,1,1,4,REG,NAISSELINE,Omayra Lisa Meun,FEMININ,Omayra Lisa Meun NAISSELINE,,226,,,,Tingeting,TINGETING,1,Tingeting,Lifou,LIEU_DIT_NC,TRIBU,,167.26667509635985,-20.741613827760364,tribus_villages_nc,16,1403,Wet
legislatives_2024,2,988,98814,Lifou,LIFOU,0022,242,191,51,191,0,0,2,DVD,METZDORF,Nicolas,MASCULIN,Nicolas METZDORF,,2,,,élu,Hunëtë,HUNETE,1,Hunëtë,Lifou,LIEU_DIT_NC,TRIBU,,167.09364365001284,-20.763254184835077,tribus_villages_nc,16,1403,Wet
legislatives_2024,2,988,98814,Lifou,LIFOU,0022,242,191,51,191,0,0,4,REG,NAISSELINE,Omayra Lisa Meun,FEMININ,Omayra Lisa Meun NAISSELINE,,189,,,,Hunëtë,HUNETE,1,Hunëtë,Lifou,LIEU_DIT_NC,TRIBU,,167.09364365001284,-20.763254184835077,tribus_villages_nc,16,1403,Wet
legislatives_2024,2,988,98814,Lifou,LIFOU,0023,360,268,92,267,1,0,2,DVD,METZDORF,Nicolas,MASCULIN,Nicolas METZDORF,,4,,,élu,Luengoni,LUENGONI,,,,,,,167.4090226,-21.033997,tidygeocoder_osm,,,
legislatives_2024,2,988,98814,Lifou,LIFOU,0023,360,268,92,267,1,0,4,REG,NAISSELINE,Omayra Lisa Meun,FEMININ,Omayra Lisa Meun NAISSELINE,,263,,,,Luengoni,LUENGONI,,,,,,,167.4090226,-21.033997,tidygeocoder_osm,,,
legislatives_2024,2,988,98814,Lifou,LIFOU,0024,159,136,23,136,0,0,2,DVD,METZDORF,Nicolas,MASCULIN,Nicolas METZDORF,,5,,,élu,Hnanemuhaetra,HNANEMUHAETRA,1,Hnanemuhaetra,Lifou,LIEU_DIT_NC,TRIBU,,167.2208209830944,-20.707970338645733,tribus_villages_nc,16,1403,Wet
legislatives_2024,2,988,98814,Lifou,LIFOU,0024,159,136,23,136,0,0,4,REG,NAISSELINE,Omayra Lisa Meun,FEMININ,Omayra Lisa Meun NAISSELINE,,131,,,,Hnanemuhaetra,HNANEMUHAETRA,1,Hnanemuhaetra,Lifou,LIEU_DIT_NC,TRIBU,,167.2208209830944,-20.707970338645733,tribus_villages_nc,16,1403,Wet
legislatives_2024,2,988,98814,Lifou,LIFOU,0025,262,197,65,192,4,1,2,DVD,METZDORF,Nicolas,MASCULIN,Nicolas METZDORF,,3,,,élu,Hnassé,HNASSE,0.833,Hnaasé,Lifou,LIEU_DIT_NC,TRIBU,,167.26043772263108,-20.9143896938111,tribus_villages_nc,15,1402,Lössi
legislatives_2024,2,988,98814,Lifou,LIFOU,0025,262,197,65,192,4,1,4,REG,NAISSELINE,Omayra Lisa Meun,FEMININ,Omayra Lisa Meun NAISSELINE,,189,,,,Hnassé,HNASSE,0.833,Hnaasé,Lifou,LIEU_DIT_NC,TRIBU,,167.26043772263108,-20.9143896938111,tribus_villages_nc,15,1402,Lössi
legislatives_2024,2,988,98814,Lifou,LIFOU,0026,183,153,30,153,0,0,2,DVD,METZDORF,Nicolas,MASCULIN,Nicolas METZDORF,,1,,,élu,Kirinata,KIRINATA,1,Kirinata,Lifou,LIEU_DIT_NC,TRIBU,,167.24979496278135,-20.81569061412791,tribus_villages_nc,16,1403,Wet
legislatives_2024,2,988,98814,Lifou,LIFOU,0026,183,153,30,153,0,0,4,REG,NAISSELINE,Omayra Lisa Meun,FEMININ,Omayra Lisa Meun NAISSELINE,,152,,,,Kirinata,KIRINATA,1,Kirinata,Lifou,LIEU_DIT_NC,TRIBU,,167.24979496278135,-20.81569061412791,tribus_villages_nc,16,1403,Wet
legislatives_2024,2,988,98814,Lifou,LIFOU,0027,247,189,58,188,1,0,2,DVD,METZDORF,Nicolas,MASCULIN,Nicolas METZDORF,,6,,,élu,Lieu de vote délocalisé n°1 de Lifou à Nouméa,LIEU VOTE DELOCALISE LIFOU A NOUMEA,,Centre Culturel Ko We Kara,72 RUE AMPERE,CULTUREL ET SOCIO EDUCATIF,Equipements culturels,Centre culturel maison culturelle et centre d'art,166.456104572757,-22.2355536217178,arrete_manual_etablissements,68,1832,Zone industrielle Ducos
legislatives_2024,2,988,98814,Lifou,LIFOU,0027,247,189,58,188,1,0,4,REG,NAISSELINE,Omayra Lisa Meun,FEMININ,Omayra Lisa Meun NAISSELINE,,182,,,,Lieu de vote délocalisé n°1 de Lifou à Nouméa,LIEU VOTE DELOCALISE LIFOU A NOUMEA,,Centre Culturel Ko We Kara,72 RUE AMPERE,CULTUREL ET SOCIO EDUCATIF,Equipements culturels,Centre culturel maison culturelle et centre d'art,166.456104572757,-22.2355536217178,arrete_manual_etablissements,68,1832,Zone industrielle Ducos
legislatives_2024,2,988,98814,Lifou,LIFOU,0028,132,96,36,96,0,0,2,DVD,METZDORF,Nicolas,MASCULIN,Nicolas METZDORF,,2,,,élu,Lieu de vote délocalisé n°2 de Lifou à Nouméa,LIEU VOTE DELOCALISE LIFOU A NOUMEA,,Centre Culturel Ko We Kara,72 RUE AMPERE,CULTUREL ET SOCIO EDUCATIF,Equipements culturels,Centre culturel maison culturelle et centre d'art,166.456104572757,-22.2355536217178,arrete_manual_etablissements,68,1832,Zone industrielle Ducos
legislatives_2024,2,988,98814,Lifou,LIFOU,0028,132,96,36,96,0,0,4,REG,NAISSELINE,Omayra Lisa Meun,FEMININ,Omayra Lisa Meun NAISSELINE,,94,,,,Lieu de vote délocalisé n°2 de Lifou à Nouméa,LIEU VOTE DELOCALISE LIFOU A NOUMEA,,Centre Culturel Ko We Kara,72 RUE AMPERE,CULTUREL ET SOCIO EDUCATIF,Equipements culturels,Centre culturel maison culturelle et centre d'art,166.456104572757,-22.2355536217178,arrete_manual_etablissements,68,1832,Zone industrielle Ducos
legislatives_2024,2,988,98815,Maré,MARE,0001,609,520,89,517,0,3,2,DVD,METZDORF,Nicolas,MASCULIN,Nicolas METZDORF,,3,,,élu,Tadine,TADINE,1,Tadine,Maré,LIEU_DIT_NC,TRIBU,Tadin,167.88122247564291,-21.54648900532693,tribus_villages_nc,19,1503,Tadine Pénélo
legislatives_2024,2,988,98815,Maré,MARE,0001,609,520,89,517,0,3,4,REG,NAISSELINE,Omayra Lisa Meun,FEMININ,Omayra Lisa Meun NAISSELINE,,514,,,,Tadine,TADINE,1,Tadine,Maré,LIEU_DIT_NC,TRIBU,Tadin,167.88122247564291,-21.54648900532693,tribus_villages_nc,19,1503,Tadine Pénélo
legislatives_2024,2,988,98815,Maré,MARE,0002,652,538,114,536,1,1,2,DVD,METZDORF,Nicolas,MASCULIN,Nicolas METZDORF,,8,,,élu,Hnawayatche,HNAWAYATCHE,1,Hnawayatche,Maré,LIEU_DIT_NC,TRIBU,Hnawayaca,167.85931527784155,-21.444202132872793,tribus_villages_nc,17,1501,Guahma
legislatives_2024,2,988,98815,Maré,MARE,0002,652,538,114,536,1,1,4,REG,NAISSELINE,Omayra Lisa Meun,FEMININ,Omayra Lisa Meun NAISSELINE,,528,,,,Hnawayatche,HNAWAYATCHE,1,Hnawayatche,Maré,LIEU_DIT_NC,TRIBU,Hnawayaca,167.85931527784155,-21.444202132872793,tribus_villages_nc,17,1501,Guahma
legislatives_2024,2,988,98815,Maré,MARE,0003,366,305,61,304,1,0,2,DVD,METZDORF,Nicolas,MASCULIN,Nicolas METZDORF,,0,,,élu,Tenane,TENANE,1,Tenan,Maré,LIEU_DIT_NC,TRIBU,,167.89430877263374,-21.40460074703544,tribus_villages_nc,17,1501,Guahma
legislatives_2024,2,988,98815,Maré,MARE,0003,366,305,61,304,1,0,4,REG,NAISSELINE,Omayra Lisa Meun,FEMININ,Omayra Lisa Meun NAISSELINE,,304,,,,Tenane,TENANE,1,Tenan,Maré,LIEU_DIT_NC,TRIBU,,167.89430877263374,-21.40460074703544,tribus_villages_nc,17,1501,Guahma
legislatives_2024,2,988,98815,Maré,MARE,0004,344,275,69,275,0,0,2,DVD,METZDORF,Nicolas,MASCULIN,Nicolas METZDORF,,0,,,élu,Atha,ATHA,1,Atha,Maré,LIEU_DIT_NC,TRIBU,,168.01753084168095,-21.470451728197048,tribus_villages_nc,18,1502,La Roche
legislatives_2024,2,988,98815,Maré,MARE,0004,344,275,69,275,0,0,4,REG,NAISSELINE,Omayra Lisa Meun,FEMININ,Omayra Lisa Meun NAISSELINE,,275,,,,Atha,ATHA,1,Atha,Maré,LIEU_DIT_NC,TRIBU,,168.01753084168095,-21.470451728197048,tribus_villages_nc,18,1502,La Roche
legislatives_2024,2,988,98815,Maré,MARE,0005,441,314,127,313,1,0,2,DVD,METZDORF,Nicolas,MASCULIN,Nicolas METZDORF,,11,,,élu,Tawainedre,TAWAINEDRE,1,Taweinedr,Maré,LIEU_DIT_NC,TRIBU,,168.08527860190287,-21.502551487309265,tribus_villages_nc,19,1503,Tadine Pénélo
legislatives_2024,2,988,98815,Maré,MARE,0005,441,314,127,313,1,0,4,REG,NAISSELINE,Omayra Lisa Meun,FEMININ,Omayra Lisa Meun NAISSELINE,,302,,,,Tawainedre,TAWAINEDRE,1,Taweinedr,Maré,LIEU_DIT_NC,TRIBU,,168.08527860190287,-21.502551487309265,tribus_villages_nc,19,1503,Tadine Pénélo
legislatives_2024,2,988,98815,Maré,MARE,0006,781,629,152,623,1,5,2,DVD,METZDORF,Nicolas,MASCULIN,Nicolas METZDORF,,9,,,élu,Penelo,PENELO,1,Penelo,Maré,LIEU_DIT_NC,TRIBU,,168.08945780342214,-21.571088655754444,tribus_villages_nc,19,1503,Tadine Pénélo
legislatives_2024,2,988,98815,Maré,MARE,0006,781,629,152,623,1,5,4,REG,NAISSELINE,Omayra Lisa Meun,FEMININ,Omayra Lisa Meun NAISSELINE,,614,,,,Penelo,PENELO,1,Penelo,Maré,LIEU_DIT_NC,TRIBU,,168.08945780342214,-21.571088655754444,tribus_villages_nc,19,1503,Tadine Pénélo
legislatives_2024,2,988,98815,Maré,MARE,0007,655,513,142,506,0,7,2,DVD,METZDORF,Nicolas,MASCULIN,Nicolas METZDORF,,6,,,élu,Wabao,WABAO,1,Wabao,Maré,LIEU_DIT_NC,TRIBU,Wabawo,167.93937201549338,-21.60210597985789,tribus_villages_nc,19,1503,Tadine Pénélo
legislatives_2024,2,988,98815,Maré,MARE,0007,655,513,142,506,0,7,4,REG,NAISSELINE,Omayra Lisa Meun,FEMININ,Omayra Lisa Meun NAISSELINE,,500,,,,Wabao,WABAO,1,Wabao,Maré,LIEU_DIT_NC,TRIBU,Wabawo,167.93937201549338,-21.60210597985789,tribus_villages_nc,19,1503,Tadine Pénélo
legislatives_2024,2,988,98815,Maré,MARE,0008,789,649,140,647,0,2,2,DVD,METZDORF,Nicolas,MASCULIN,Nicolas METZDORF,,3,,,élu,Nece,NECE,1,Netché,Maré,LIEU_DIT_NC,TRIBU,Nece,167.8385405434138,-21.49048664280733,tribus_villages_nc,17,1501,Guahma
legislatives_2024,2,988,98815,Maré,MARE,0008,789,649,140,647,0,2,4,REG,NAISSELINE,Omayra Lisa Meun,FEMININ,Omayra Lisa Meun NAISSELINE,,644,,,,Nece,NECE,1,Netché,Maré,LIEU_DIT_NC,TRIBU,Nece,167.8385405434138,-21.49048664280733,tribus_villages_nc,17,1501,Guahma
legislatives_2024,2,988,98815,Maré,MARE,0009,271,211,60,210,1,0,2,DVD,METZDORF,Nicolas,MASCULIN,Nicolas METZDORF,,2,,,élu,Ménaku,MENAKU,1,Menaku,Maré,LIEU_DIT_NC,TRIBU,,167.96911686605617,-21.444234250592025,tribus_villages_nc,17,1501,Guahma
legislatives_2024,2,988,98815,Maré,MARE,0009,271,211,60,210,1,0,4,REG,NAISSELINE,Omayra Lisa Meun,FEMININ,Omayra Lisa Meun NAISSELINE,,208,,,,Ménaku,MENAKU,1,Menaku,Maré,LIEU_DIT_NC,TRIBU,,167.96911686605617,-21.444234250592025,tribus_villages_nc,17,1501,Guahma
legislatives_2024,2,988,98815,Maré,MARE,0010,360,286,74,286,0,0,2,DVD,METZDORF,Nicolas,MASCULIN,Nicolas METZDORF,,0,,,élu,Mebuet,MEBUET,1,Mebuet,Maré,LIEU_DIT_NC,TRIBU,,167.84863195183632,-21.51331947619321,tribus_villages_nc,17,1501,Guahma
legislatives_2024,2,988,98815,Maré,MARE,0010,360,286,74,286,0,0,4,REG,NAISSELINE,Omayra Lisa Meun,FEMININ,Omayra Lisa Meun NAISSELINE,,286,,,,Mebuet,MEBUET,1,Mebuet,Maré,LIEU_DIT_NC,TRIBU,,167.84863195183632,-21.51331947619321,tribus_villages_nc,17,1501,Guahma
legislatives_2024,2,988,98815,Maré,MARE,0011,298,213,85,213,0,0,2,DVD,METZDORF,Nicolas,MASCULIN,Nicolas METZDORF,,1,,,élu,Roh,ROH,0.95,Ro,Maré,LIEU_DIT_NC,TRIBU,,167.86202487687797,-21.39242632802858,tribus_villages_nc,17,1501,Guahma
legislatives_2024,2,988,98815,Maré,MARE,0011,298,213,85,213,0,0,4,REG,NAISSELINE,Omayra Lisa Meun,FEMININ,Omayra Lisa Meun NAISSELINE,,212,,,,Roh,ROH,0.95,Ro,Maré,LIEU_DIT_NC,TRIBU,,167.86202487687797,-21.39242632802858,tribus_villages_nc,17,1501,Guahma
legislatives_2024,2,988,98815,Maré,MARE,0012,377,311,66,309,0,2,2,DVD,METZDORF,Nicolas,MASCULIN,Nicolas METZDORF,,1,,,élu,Eni,ENI,1,Eni,Maré,LIEU_DIT_NC,TRIBU,,167.94942757221617,-21.62666270346723,tribus_villages_nc,19,1503,Tadine Pénélo
legislatives_2024,2,988,98815,Maré,MARE,0012,377,311,66,309,0,2,4,REG,NAISSELINE,Omayra Lisa Meun,FEMININ,Omayra Lisa Meun NAISSELINE,,308,,,,Eni,ENI,1,Eni,Maré,LIEU_DIT_NC,TRIBU,,167.94942757221617,-21.62666270346723,tribus_villages_nc,19,1503,Tadine Pénélo
legislatives_2024,2,988,98815,Maré,MARE,0013,670,510,160,508,2,0,2,DVD,METZDORF,Nicolas,MASCULIN,Nicolas METZDORF,,0,,,élu,La Roche,ROCHE,1,La Roche,Maré,LIEU_DIT_NC,TRIBU,,168.03155085257677,-21.471745123256497,tribus_villages_nc,18,1502,La Roche
legislatives_2024,2,988,98815,Maré,MARE,0013,670,510,160,508,2,0,4,REG,NAISSELINE,Omayra Lisa Meun,FEMININ,Omayra Lisa Meun NAISSELINE,,508,,,,La Roche,ROCHE,1,La Roche,Maré,LIEU_DIT_NC,TRIBU,,168.03155085257677,-21.471745123256497,tribus_villages_nc,18,1502,La Roche
legislatives_2024,2,988,98815,Maré,MARE,0014,430,364,66,363,1,0,2,DVD,METZDORF,Nicolas,MASCULIN,Nicolas METZDORF,,3,,,élu,Tuho,TUHO,1,Tuho,Maré,LIEU_DIT_NC,TRIBU,Tuo,167.89428156445027,-21.49517949257516,tribus_villages_nc,17,1501,Guahma
legislatives_2024,2,988,98815,Maré,MARE,0014,430,364,66,363,1,0,4,REG,NAISSELINE,Omayra Lisa Meun,FEMININ,Omayra Lisa Meun NAISSELINE,,360,,,,Tuho,TUHO,1,Tuho,Maré,LIEU_DIT_NC,TRIBU,Tuo,167.89428156445027,-21.49517949257516,tribus_villages_nc,17,1501,Guahma
legislatives_2024,2,988,98816,Moindou,MOINDOU,0001,832,682,150,671,8,3,2,REG,TJIBAOU,Emmanuel,MASCULIN,Emmanuel TJIBAOU,,369,,,élu,Mairie,MAIRIE,0.7,MOINDOU,Moindou,LIEU_DIT_NC,VILLE,Mére Mwêro,165.67695619871748,-21.69271000327087,tribus_villages_nc,20,1601,Moindou
legislatives_2024,2,988,98816,Moindou,MOINDOU,0001,832,682,150,671,8,3,6,DVD,PONGA,Alcide,MASCULIN,Alcide PONGA,,302,,,,Mairie,MAIRIE,0.7,MOINDOU,Moindou,LIEU_DIT_NC,VILLE,Mére Mwêro,165.67695619871748,-21.69271000327087,tribus_villages_nc,20,1601,Moindou
legislatives_2024,2,988,98817,Le Mont-Dore,MONTDORE,0001,1007,646,361,633,11,2,2,REG,TJIBAOU,Emmanuel,MASCULIN,Emmanuel TJIBAOU,,256,,,élu,Mairie de BOULARI,MAIRIE BOULARI,0.727,Marina de Port Boulari,RUE DES THAZARDS,PARC ESPACE PUBLIC ET LOISIR,Espaces de loisirs,Marinas port de plaisance et port à sec,166.523722376157,-22.2317078297453,etablissements_publics_nc,,,
legislatives_2024,2,988,98817,Le Mont-Dore,MONTDORE,0001,1007,646,361,633,11,2,6,DVD,PONGA,Alcide,MASCULIN,Alcide PONGA,,377,,,,Mairie de BOULARI,MAIRIE BOULARI,0.727,Marina de Port Boulari,RUE DES THAZARDS,PARC ESPACE PUBLIC ET LOISIR,Espaces de loisirs,Marinas port de plaisance et port à sec,166.523722376157,-22.2317078297453,etablissements_publics_nc,,,
legislatives_2024,2,988,98817,Le Mont-Dore,MONTDORE,0002,707,487,220,476,6,5,2,REG,TJIBAOU,Emmanuel,MASCULIN,Emmanuel TJIBAOU,,95,,,élu,Groupe scolaire Hélène CHANIEL,GROUPE SCOLAIRE HELENE CHANIEL,1,Groupe scolaire Hélène Chaniel,105 RUE HELENE CHANIEL,ENSEIGNEMENT ET FORMATION,Enseignement du premier degré,Groupe scolaire,166.485528594387,-22.2217711398288,etablissements_publics_nc,23,1703,Pont des Fran‡ais
legislatives_2024,2,988,98817,Le Mont-Dore,MONTDORE,0002,707,487,220,476,6,5,6,DVD,PONGA,Alcide,MASCULIN,Alcide PONGA,,381,,,,Groupe scolaire Hélène CHANIEL,GROUPE SCOLAIRE HELENE CHANIEL,1,Groupe scolaire Hélène Chaniel,105 RUE HELENE CHANIEL,ENSEIGNEMENT ET FORMATION,Enseignement du premier degré,Groupe scolaire,166.485528594387,-22.2217711398288,etablissements_publics_nc,23,1703,Pont des Fran‡ais
legislatives_2024,2,988,98817,Le Mont-Dore,MONTDORE,0003,975,721,254,705,14,2,2,REG,TJIBAOU,Emmanuel,MASCULIN,Emmanuel TJIBAOU,,154,,,élu,École primaire Adolphe BOUTAN,ECOLE PRIMAIRE ADOLPHE BOUTAN,0.828,Ecole primaire de l'Ile-Ouen,,ENSEIGNEMENT ET FORMATION,Enseignement du premier degré,Ecole primaire,166.841440737558,-22.4256696418669,etablissements_publics_nc,35,1715,Mouirange - Grand Sud - Ile Ouen
legislatives_2024,2,988,98817,Le Mont-Dore,MONTDORE,0003,975,721,254,705,14,2,6,DVD,PONGA,Alcide,MASCULIN,Alcide PONGA,,551,,,,École primaire Adolphe BOUTAN,ECOLE PRIMAIRE ADOLPHE BOUTAN,0.828,Ecole primaire de l'Ile-Ouen,,ENSEIGNEMENT ET FORMATION,Enseignement du premier degré,Ecole primaire,166.841440737558,-22.4256696418669,etablissements_publics_nc,35,1715,Mouirange - Grand Sud - Ile Ouen
legislatives_2024,2,988,98817,Le Mont-Dore,MONTDORE,0004,973,678,295,665,8,5,2,REG,TJIBAOU,Emmanuel,MASCULIN,Emmanuel TJIBAOU,,198,,,élu,École primaire Louis Henri GALINIE 1,ECOLE PRIMAIRE LOUIS HENRI GALINIE,0.923,Ecole primaire Louis Henri Galinié,1133 RUE DES TROIS BANIANS,ENSEIGNEMENT ET FORMATION,Enseignement du premier degré,Ecole élémentaire,166.512755378687,-22.2163077194956,etablissements_publics_nc,25,1705,Robinson Nord
legislatives_2024,2,988,98817,Le Mont-Dore,MONTDORE,0004,973,678,295,665,8,5,6,DVD,PONGA,Alcide,MASCULIN,Alcide PONGA,,467,,,,École primaire Louis Henri GALINIE 1,ECOLE PRIMAIRE LOUIS HENRI GALINIE,0.923,Ecole primaire Louis Henri Galinié,1133 RUE DES TROIS BANIANS,ENSEIGNEMENT ET FORMATION,Enseignement du premier degré,Ecole élémentaire,166.512755378687,-22.2163077194956,etablissements_publics_nc,25,1705,Robinson Nord
legislatives_2024,2,988,98817,Le Mont-Dore,MONTDORE,0005,1116,656,460,651,2,3,2,REG,TJIBAOU,Emmanuel,MASCULIN,Emmanuel TJIBAOU,,628,,,élu,École La Rizière 1,ECOLE RIZIERE,0.734,Ecole primaire La Rizière,89 RUE DU VIEUX PONT,ENSEIGNEMENT ET FORMATION,Enseignement du premier degré,Ecole élémentaire,166.573975497183,-22.2332233282141,etablissements_publics_nc,30,1710,La Coulée Nord
legislatives_2024,2,988,98817,Le Mont-Dore,MONTDORE,0005,1116,656,460,651,2,3,6,DVD,PONGA,Alcide,MASCULIN,Alcide PONGA,,23,,,,École La Rizière 1,ECOLE RIZIERE,0.734,Ecole primaire La Rizière,89 RUE DU VIEUX PONT,ENSEIGNEMENT ET FORMATION,Enseignement du premier degré,Ecole élémentaire,166.573975497183,-22.2332233282141,etablissements_publics_nc,30,1710,La Coulée Nord
legislatives_2024,2,988,98817,Le Mont-Dore,MONTDORE,0006,969,635,334,622,10,3,2,REG,TJIBAOU,Emmanuel,MASCULIN,Emmanuel TJIBAOU,,171,,,élu,École primaire du Vallon Dore,ECOLE PRIMAIRE VALLON DORE,0.886,Ecole élémentaire du Vallon-Dore,1622 LA CORNICHE DU MONT DORE,ENSEIGNEMENT ET FORMATION,Enseignement du premier degré,Ecole élémentaire,166.571853310489,-22.2757480668132,etablissements_publics_nc,32,1712,Vallon Dore
legislatives_2024,2,988,98817,Le Mont-Dore,MONTDORE,0006,969,635,334,622,10,3,6,DVD,PONGA,Alcide,MASCULIN,Alcide PONGA,,451,,,,École primaire du Vallon Dore,ECOLE PRIMAIRE VALLON DORE,0.886,Ecole élémentaire du Vallon-Dore,1622 LA CORNICHE DU MONT DORE,ENSEIGNEMENT ET FORMATION,Enseignement du premier degré,Ecole élémentaire,166.571853310489,-22.2757480668132,etablissements_publics_nc,32,1712,Vallon Dore
legislatives_2024,2,988,98817,Le Mont-Dore,MONTDORE,0007,107,62,45,62,0,0,2,REG,TJIBAOU,Emmanuel,MASCULIN,Emmanuel TJIBAOU,,61,,,élu,Ouara,OUARA,1,Ouara,Mont-Dore,LIEU_DIT_NC,TRIBU,,166.84029773306233,-22.42316008394107,tribus_villages_nc,35,1715,Mouirange - Grand Sud - Ile Ouen
legislatives_2024,2,988,98817,Le Mont-Dore,MONTDORE,0007,107,62,45,62,0,0,6,DVD,PONGA,Alcide,MASCULIN,Alcide PONGA,,1,,,,Ouara,OUARA,1,Ouara,Mont-Dore,LIEU_DIT_NC,TRIBU,,166.84029773306233,-22.42316008394107,tribus_villages_nc,35,1715,Mouirange - Grand Sud - Ile Ouen
legislatives_2024,2,988,98817,Le Mont-Dore,MONTDORE,0008,1061,782,279,765,10,7,2,REG,TJIBAOU,Emmanuel,MASCULIN,Emmanuel TJIBAOU,,143,,,élu,Groupe scolaire de Boulari 1,GROUPE SCOLAIRE BOULARI,1,Groupe scolaire de Boulari,154 RUE ANTOINE GRISCELLI,ENSEIGNEMENT ET FORMATION,Enseignement du premier degré,Groupe scolaire,166.520855451452,-22.2274992832452,etablissements_publics_nc,27,1707,Boulari
legislatives_2024,2,988,98817,Le Mont-Dore,MONTDORE,0008,1061,782,279,765,10,7,6,DVD,PONGA,Alcide,MASCULIN,Alcide PONGA,,622,,,,Groupe scolaire de Boulari 1,GROUPE SCOLAIRE BOULARI,1,Groupe scolaire de Boulari,154 RUE ANTOINE GRISCELLI,ENSEIGNEMENT ET FORMATION,Enseignement du premier degré,Groupe scolaire,166.520855451452,-22.2274992832452,etablissements_publics_nc,27,1707,Boulari
legislatives_2024,2,988,98817,Le Mont-Dore,MONTDORE,0009,1096,596,500,582,4,10,2,REG,TJIBAOU,Emmanuel,MASCULIN,Emmanuel TJIBAOU,,264,,,élu,Mairie annexe de Plum 1,MAIRIE ANNEXE PLUM,0.782,Mairie annexe du Mont-Dore,9048 LA CORNICHE DU MONT DORE,ADMINISTRATION ET ORGANISME,Administrations des collectivités,Administration de la commune de Mont-Dore,166.623268718041,-22.2730906933136,etablissements_publics_nc,34,1714,Plum
legislatives_2024,2,988,98817,Le Mont-Dore,MONTDORE,0009,1096,596,500,582,4,10,6,DVD,PONGA,Alcide,MASCULIN,Alcide PONGA,,318,,,,Mairie annexe de Plum 1,MAIRIE ANNEXE PLUM,0.782,Mairie annexe du Mont-Dore,9048 LA CORNICHE DU MONT DORE,ADMINISTRATION ET ORGANISME,Administrations des collectivités,Administration de la commune de Mont-Dore,166.623268718041,-22.2730906933136,etablissements_publics_nc,34,1714,Plum
legislatives_2024,2,988,98817,Le Mont-Dore,MONTDORE,0010,1103,589,514,580,7,2,2,REG,TJIBAOU,Emmanuel,MASCULIN,Emmanuel TJIBAOU,,300,,,élu,École La Rizière 2,ECOLE RIZIERE,0.734,Ecole primaire La Rizière,89 RUE DU VIEUX PONT,ENSEIGNEMENT ET FORMATION,Enseignement du premier degré,Ecole élémentaire,166.573975497183,-22.2332233282141,etablissements_publics_nc,30,1710,La Coulée Nord
legislatives_2024,2,988,98817,Le Mont-Dore,MONTDORE,0010,1103,589,514,580,7,2,6,DVD,PONGA,Alcide,MASCULIN,Alcide PONGA,,280,,,,École La Rizière 2,ECOLE RIZIERE,0.734,Ecole primaire La Rizière,89 RUE DU VIEUX PONT,ENSEIGNEMENT ET FORMATION,Enseignement du premier degré,Ecole élémentaire,166.573975497183,-22.2332233282141,etablissements_publics_nc,30,1710,La Coulée Nord
legislatives_2024,2,988,98817,Le Mont-Dore,MONTDORE,0011,856,627,229,620,2,5,2,REG,TJIBAOU,Emmanuel,MASCULIN,Emmanuel TJIBAOU,,129,,,élu,Groupe scolaire de Boulari 2,GROUPE SCOLAIRE BOULARI,1,Groupe scolaire de Boulari,154 RUE ANTOINE GRISCELLI,ENSEIGNEMENT ET FORMATION,Enseignement du premier degré,Groupe scolaire,166.520855451452,-22.2274992832452,etablissements_publics_nc,27,1707,Boulari
legislatives_2024,2,988,98817,Le Mont-Dore,MONTDORE,0011,856,627,229,620,2,5,6,DVD,PONGA,Alcide,MASCULIN,Alcide PONGA,,491,,,,Groupe scolaire de Boulari 2,GROUPE SCOLAIRE BOULARI,1,Groupe scolaire de Boulari,154 RUE ANTOINE GRISCELLI,ENSEIGNEMENT ET FORMATION,Enseignement du premier degré,Groupe scolaire,166.520855451452,-22.2274992832452,etablissements_publics_nc,27,1707,Boulari
legislatives_2024,2,988,98817,Le Mont-Dore,MONTDORE,0012,818,570,248,556,5,9,2,REG,TJIBAOU,Emmanuel,MASCULIN,Emmanuel TJIBAOU,,282,,,élu,Groupe scolaire Saint-Michel 1,GROUPE SCOLAIRE SAINT MICHEL,0.824,Groupe scolaire de Saint-Joseph de Cluny,367 RUE CHARLES FRANCOIS BEAUTEMPS BEAUPRE,ENSEIGNEMENT ET FORMATION,Enseignement du premier degré,Groupe scolaire,166.499920849353,-22.2240498676639,etablissements_publics_nc,24,1704,La Conception
legislatives_2024,2,988,98817,Le Mont-Dore,MONTDORE,0012,818,570,248,556,5,9,6,DVD,PONGA,Alcide,MASCULIN,Alcide PONGA,,274,,,,Groupe scolaire Saint-Michel 1,GROUPE SCOLAIRE SAINT MICHEL,0.824,Groupe scolaire de Saint-Joseph de Cluny,367 RUE CHARLES FRANCOIS BEAUTEMPS BEAUPRE,ENSEIGNEMENT ET FORMATION,Enseignement du premier degré,Groupe scolaire,166.499920849353,-22.2240498676639,etablissements_publics_nc,24,1704,La Conception
legislatives_2024,2,988,98817,Le Mont-Dore,MONTDORE,0013,579,399,180,396,2,1,2,REG,TJIBAOU,Emmanuel,MASCULIN,Emmanuel TJIBAOU,,175,,,élu,École maternelle Les Fougères,ECOLE MATERNELLE FOUGERES,0.69,Ecole primaire de l'Ile-Ouen,,ENSEIGNEMENT ET FORMATION,Enseignement du premier degré,Ecole primaire,166.841440737558,-22.4256696418669,etablissements_publics_nc,35,1715,Mouirange - Grand Sud - Ile Ouen
legislatives_2024,2,988,98817,Le Mont-Dore,MONTDORE,0013,579,399,180,396,2,1,6,DVD,PONGA,Alcide,MASCULIN,Alcide PONGA,,221,,,,École maternelle Les Fougères,ECOLE MATERNELLE FOUGERES,0.69,Ecole primaire de l'Ile-Ouen,,ENSEIGNEMENT ET FORMATION,Enseignement du premier degré,Ecole primaire,166.841440737558,-22.4256696418669,etablissements_publics_nc,35,1715,Mouirange - Grand Sud - Ile Ouen
legislatives_2024,2,988,98817,Le Mont-Dore,MONTDORE,0014,1092,716,376,701,13,2,2,REG,TJIBAOU,Emmanuel,MASCULIN,Emmanuel TJIBAOU,,187,,,élu,École maternelle Les Dauphins,ECOLE MATERNELLE DAUPHINS,0.741,Ecole maternelle les Dauphins,1724 LA CORNICHE DU MONT DORE,ENSEIGNEMENT ET FORMATION,Enseignement du premier degré,Ecole pré-élémentaire,166.57252708408,-22.2768294716869,etablissements_publics_nc,32,1712,Vallon Dore
legislatives_2024,2,988,98817,Le Mont-Dore,MONTDORE,0014,1092,716,376,701,13,2,6,DVD,PONGA,Alcide,MASCULIN,Alcide PONGA,,514,,,,École maternelle Les Dauphins,ECOLE MATERNELLE DAUPHINS,0.741,Ecole maternelle les Dauphins,1724 LA CORNICHE DU MONT DORE,ENSEIGNEMENT ET FORMATION,Enseignement du premier degré,Ecole pré-élémentaire,166.57252708408,-22.2768294716869,etablissements_publics_nc,32,1712,Vallon Dore
legislatives_2024,2,988,98817,Le Mont-Dore,MONTDORE,0015,1281,822,459,793,16,13,2,REG,TJIBAOU,Emmanuel,MASCULIN,Emmanuel TJIBAOU,,359,,,élu,École maternelle Les Coccinelles,ECOLE MATERNELLE COCCINELLES,0.771,Ecole maternelle Les Coccinelles,2299 ROUTE DU VALLON DORE,ENSEIGNEMENT ET FORMATION,Enseignement du premier degré,Ecole pré-élémentaire,166.56758162382,-22.2502864537601,etablissements_publics_nc,31,1711,La Coulée Sud
legislatives_2024,2,988,98817,Le Mont-Dore,MONTDORE,0015,1281,822,459,793,16,13,6,DVD,PONGA,Alcide,MASCULIN,Alcide PONGA,,434,,,,École maternelle Les Coccinelles,ECOLE MATERNELLE COCCINELLES,0.771,Ecole maternelle Les Coccinelles,2299 ROUTE DU VALLON DORE,ENSEIGNEMENT ET FORMATION,Enseignement du premier degré,Ecole pré-élémentaire,166.56758162382,-22.2502864537601,etablissements_publics_nc,31,1711,La Coulée Sud
legislatives_2024,2,988,98817,Le Mont-Dore,MONTDORE,0016,1128,818,310,809,5,4,2,REG,TJIBAOU,Emmanuel,MASCULIN,Emmanuel TJIBAOU,,445,,,élu,École Saint-Joseph de CLUNY,ECOLE SAINT JOSEPH CLUNY,0.83,Communauté Saint Joseph de CLUNY,483 RUE CHARLES FRANCOIS BEAUTEMPS BEAUPRE,CULTE,Culte,Chapelle paroisse et centre religieux,166.499920601202,-22.2239776205159,etablissements_publics_nc,24,1704,La Conception
legislatives_2024,2,988,98817,Le Mont-Dore,MONTDORE,0016,1128,818,310,809,5,4,6,DVD,PONGA,Alcide,MASCULIN,Alcide PONGA,,364,,,,École Saint-Joseph de CLUNY,ECOLE SAINT JOSEPH CLUNY,0.83,Communauté Saint Joseph de CLUNY,483 RUE CHARLES FRANCOIS BEAUTEMPS BEAUPRE,CULTE,Culte,Chapelle paroisse et centre religieux,166.499920601202,-22.2239776205159,etablissements_publics_nc,24,1704,La Conception
legislatives_2024,2,988,98817,Le Mont-Dore,MONTDORE,0017,948,670,278,652,12,6,2,REG,TJIBAOU,Emmanuel,MASCULIN,Emmanuel TJIBAOU,,195,,,élu,École primaire Louis Henri GALINIE 2,ECOLE PRIMAIRE LOUIS HENRI GALINIE,0.923,Ecole primaire Louis Henri Galinié,1133 RUE DES TROIS BANIANS,ENSEIGNEMENT ET FORMATION,Enseignement du premier degré,Ecole élémentaire,166.512755378687,-22.2163077194956,etablissements_publics_nc,25,1705,Robinson Nord
legislatives_2024,2,988,98817,Le Mont-Dore,MONTDORE,0017,948,670,278,652,12,6,6,DVD,PONGA,Alcide,MASCULIN,Alcide PONGA,,457,,,,École primaire Louis Henri GALINIE 2,ECOLE PRIMAIRE LOUIS HENRI GALINIE,0.923,Ecole primaire Louis Henri Galinié,1133 RUE DES TROIS BANIANS,ENSEIGNEMENT ET FORMATION,Enseignement du premier degré,Ecole élémentaire,166.512755378687,-22.2163077194956,etablissements_publics_nc,25,1705,Robinson Nord
legislatives_2024,2,988,98817,Le Mont-Dore,MONTDORE,0018,1078,784,294,773,8,3,2,REG,TJIBAOU,Emmanuel,MASCULIN,Emmanuel TJIBAOU,,246,,,élu,Groupe scolaire de Boulari 3,GROUPE SCOLAIRE BOULARI,1,Groupe scolaire de Boulari,154 RUE ANTOINE GRISCELLI,ENSEIGNEMENT ET FORMATION,Enseignement du premier degré,Groupe scolaire,166.520855451452,-22.2274992832452,etablissements_publics_nc,27,1707,Boulari
legislatives_2024,2,988,98817,Le Mont-Dore,MONTDORE,0018,1078,784,294,773,8,3,6,DVD,PONGA,Alcide,MASCULIN,Alcide PONGA,,527,,,,Groupe scolaire de Boulari 3,GROUPE SCOLAIRE BOULARI,1,Groupe scolaire de Boulari,154 RUE ANTOINE GRISCELLI,ENSEIGNEMENT ET FORMATION,Enseignement du premier degré,Groupe scolaire,166.520855451452,-22.2274992832452,etablissements_publics_nc,27,1707,Boulari
legislatives_2024,2,988,98817,Le Mont-Dore,MONTDORE,0019,720,501,219,486,5,10,2,REG,TJIBAOU,Emmanuel,MASCULIN,Emmanuel TJIBAOU,,104,,,élu,Groupe scolaire de Saint-Michel 2,GROUPE SCOLAIRE SAINT MICHEL,0.824,Groupe scolaire de Saint-Joseph de Cluny,367 RUE CHARLES FRANCOIS BEAUTEMPS BEAUPRE,ENSEIGNEMENT ET FORMATION,Enseignement du premier degré,Groupe scolaire,166.499920849353,-22.2240498676639,etablissements_publics_nc,24,1704,La Conception
legislatives_2024,2,988,98817,Le Mont-Dore,MONTDORE,0019,720,501,219,486,5,10,6,DVD,PONGA,Alcide,MASCULIN,Alcide PONGA,,382,,,,Groupe scolaire de Saint-Michel 2,GROUPE SCOLAIRE SAINT MICHEL,0.824,Groupe scolaire de Saint-Joseph de Cluny,367 RUE CHARLES FRANCOIS BEAUTEMPS BEAUPRE,ENSEIGNEMENT ET FORMATION,Enseignement du premier degré,Groupe scolaire,166.499920849353,-22.2240498676639,etablissements_publics_nc,24,1704,La Conception
legislatives_2024,2,988,98817,Le Mont-Dore,MONTDORE,0020,893,437,456,433,0,4,2,REG,TJIBAOU,Emmanuel,MASCULIN,Emmanuel TJIBAOU,,160,,,élu,Groupe scolaire de Plum,GROUPE SCOLAIRE PLUM,0.86,Groupe scolaire de Yahoué,264 RUE DES OPUI,ENSEIGNEMENT ET FORMATION,Enseignement du premier degré,Groupe scolaire,166.489906860567,-22.2084828348965,etablissements_publics_nc,22,1702,Yahoué Sud
legislatives_2024,2,988,98817,Le Mont-Dore,MONTDORE,0020,893,437,456,433,0,4,6,DVD,PONGA,Alcide,MASCULIN,Alcide PONGA,,273,,,,Groupe scolaire de Plum,GROUPE SCOLAIRE PLUM,0.86,Groupe scolaire de Yahoué,264 RUE DES OPUI,ENSEIGNEMENT ET FORMATION,Enseignement du premier degré,Groupe scolaire,166.489906860567,-22.2084828348965,etablissements_publics_nc,22,1702,Yahoué Sud
legislatives_2024,2,988,98817,Le Mont-Dore,MONTDORE,0021,718,421,297,413,4,4,2,REG,TJIBAOU,Emmanuel,MASCULIN,Emmanuel TJIBAOU,,193,,,élu,École La Rizière 3,ECOLE RIZIERE,0.734,Ecole primaire La Rizière,89 RUE DU VIEUX PONT,ENSEIGNEMENT ET FORMATION,Enseignement du premier degré,Ecole élémentaire,166.573975497183,-22.2332233282141,etablissements_publics_nc,30,1710,La Coulée Nord
legislatives_2024,2,988,98817,Le Mont-Dore,MONTDORE,0021,718,421,297,413,4,4,6,DVD,PONGA,Alcide,MASCULIN,Alcide PONGA,,220,,,,École La Rizière 3,ECOLE RIZIERE,0.734,Ecole primaire La Rizière,89 RUE DU VIEUX PONT,ENSEIGNEMENT ET FORMATION,Enseignement du premier degré,Ecole élémentaire,166.573975497183,-22.2332233282141,etablissements_publics_nc,30,1710,La Coulée Nord
legislatives_2024,2,988,98817,Le Mont-Dore,MONTDORE,0022,896,584,312,568,8,8,2,REG,TJIBAOU,Emmanuel,MASCULIN,Emmanuel TJIBAOU,,256,,,élu,École de la Briqueterie 1,ECOLE BRIQUETERIE,0.756,Groupe scolaire La Briquetterie,297 RUE DES ROSEAUX,ENSEIGNEMENT ET FORMATION,Enseignement du premier degré,Groupe scolaire,166.566445622614,-22.2625090934915,etablissements_publics_nc,32,1712,Vallon Dore
legislatives_2024,2,988,98817,Le Mont-Dore,MONTDORE,0022,896,584,312,568,8,8,6,DVD,PONGA,Alcide,MASCULIN,Alcide PONGA,,312,,,,École de la Briqueterie 1,ECOLE BRIQUETERIE,0.756,Groupe scolaire La Briquetterie,297 RUE DES ROSEAUX,ENSEIGNEMENT ET FORMATION,Enseignement du premier degré,Groupe scolaire,166.566445622614,-22.2625090934915,etablissements_publics_nc,32,1712,Vallon Dore
legislatives_2024,2,988,98817,Le Mont-Dore,MONTDORE,0023,850,529,321,524,3,2,2,REG,TJIBAOU,Emmanuel,MASCULIN,Emmanuel TJIBAOU,,116,,,élu,École de la Briqueterie 2,ECOLE BRIQUETERIE,0.756,Groupe scolaire La Briquetterie,297 RUE DES ROSEAUX,ENSEIGNEMENT ET FORMATION,Enseignement du premier degré,Groupe scolaire,166.566445622614,-22.2625090934915,etablissements_publics_nc,32,1712,Vallon Dore
legislatives_2024,2,988,98817,Le Mont-Dore,MONTDORE,0023,850,529,321,524,3,2,6,DVD,PONGA,Alcide,MASCULIN,Alcide PONGA,,408,,,,École de la Briqueterie 2,ECOLE BRIQUETERIE,0.756,Groupe scolaire La Briquetterie,297 RUE DES ROSEAUX,ENSEIGNEMENT ET FORMATION,Enseignement du premier degré,Groupe scolaire,166.566445622614,-22.2625090934915,etablissements_publics_nc,32,1712,Vallon Dore
legislatives_2024,2,988,98817,Le Mont-Dore,MONTDORE,0024,674,397,277,390,3,4,2,REG,TJIBAOU,Emmanuel,MASCULIN,Emmanuel TJIBAOU,,86,,,élu,Mairie 2,MAIRIE,0.98,Mairie du Mont-Dore,4468 AVENUE DES DEUX BAIES,ADMINISTRATION ET ORGANISME,Administrations des collectivités,Administration de la commune de Mont-Dore,166.523259425452,-22.2297495527098,etablissements_publics_nc,27,1707,Boulari
legislatives_2024,2,988,98817,Le Mont-Dore,MONTDORE,0024,674,397,277,390,3,4,6,DVD,PONGA,Alcide,MASCULIN,Alcide PONGA,,304,,,,Mairie 2,MAIRIE,0.98,Mairie du Mont-Dore,4468 AVENUE DES DEUX BAIES,ADMINISTRATION ET ORGANISME,Administrations des collectivités,Administration de la commune de Mont-Dore,166.523259425452,-22.2297495527098,etablissements_publics_nc,27,1707,Boulari
legislatives_2024,2,988,98817,Le Mont-Dore,MONTDORE,0025,862,603,259,595,5,3,2,REG,TJIBAOU,Emmanuel,MASCULIN,Emmanuel TJIBAOU,,240,,,élu,Groupe scolaire de Yahoué,GROUPE SCOLAIRE YAHOUE,1,Groupe scolaire de Yahoué,264 RUE DES OPUI,ENSEIGNEMENT ET FORMATION,Enseignement du premier degré,Groupe scolaire,166.489906860567,-22.2084828348965,etablissements_publics_nc,22,1702,Yahoué Sud
legislatives_2024,2,988,98817,Le Mont-Dore,MONTDORE,0025,862,603,259,595,5,3,6,DVD,PONGA,Alcide,MASCULIN,Alcide PONGA,,355,,,,Groupe scolaire de Yahoué,GROUPE SCOLAIRE YAHOUE,1,Groupe scolaire de Yahoué,264 RUE DES OPUI,ENSEIGNEMENT ET FORMATION,Enseignement du premier degré,Groupe scolaire,166.489906860567,-22.2084828348965,etablissements_publics_nc,22,1702,Yahoué Sud
legislatives_2024,2,988,98818,Nouméa,NOUMEA,0001,2230,902,1328,881,15,6,2,DVD,METZDORF,Nicolas,MASCULIN,Nicolas METZDORF,,555,,,élu,Mairie 1,MAIRIE,0.93,Hôtel de Ville de Nouméa,16 RUE DU GENERAL MANGIN,ADMINISTRATION ET ORGANISME,Administrations des collectivités,Administration de la commune de Nouméa,166.439401925184,-22.2714056104229,etablissements_publics_nc,58,1822,Centre ville
legislatives_2024,2,988,98818,Nouméa,NOUMEA,0001,2230,902,1328,881,15,6,4,REG,NAISSELINE,Omayra Lisa Meun,FEMININ,Omayra Lisa Meun NAISSELINE,,326,,,,Mairie 1,MAIRIE,0.93,Hôtel de Ville de Nouméa,16 RUE DU GENERAL MANGIN,ADMINISTRATION ET ORGANISME,Administrations des collectivités,Administration de la commune de Nouméa,166.439401925184,-22.2714056104229,etablissements_publics_nc,58,1822,Centre ville
legislatives_2024,2,988,98818,Nouméa,NOUMEA,0002,1611,864,747,846,10,8,2,DVD,METZDORF,Nicolas,MASCULIN,Nicolas METZDORF,,444,,,élu,Mairie 2,MAIRIE,0.93,Hôtel de Ville de Nouméa,16 RUE DU GENERAL MANGIN,ADMINISTRATION ET ORGANISME,Administrations des collectivités,Administration de la commune de Nouméa,166.439401925184,-22.2714056104229,etablissements_publics_nc,58,1822,Centre ville
legislatives_2024,2,988,98818,Nouméa,NOUMEA,0002,1611,864,747,846,10,8,4,REG,NAISSELINE,Omayra Lisa Meun,FEMININ,Omayra Lisa Meun NAISSELINE,,402,,,,Mairie 2,MAIRIE,0.93,Hôtel de Ville de Nouméa,16 RUE DU GENERAL MANGIN,ADMINISTRATION ET ORGANISME,Administrations des collectivités,Administration de la commune de Nouméa,166.439401925184,-22.2714056104229,etablissements_publics_nc,58,1822,Centre ville
legislatives_2024,2,988,98818,Nouméa,NOUMEA,0003,1323,797,526,782,14,1,2,DVD,METZDORF,Nicolas,MASCULIN,Nicolas METZDORF,,668,,,élu,École Frédéric SURLEAU,ECOLE FREDERIC SURLEAU,0.836,Ecole Frédéric SURLEAU,5 RUE FREDERIC SURLEAU,ENSEIGNEMENT ET FORMATION,Enseignement du premier degré,Ecole élémentaire,166.446180272936,-22.2732842135737,etablissements_publics_nc,58,1822,Centre ville
legislatives_2024,2,988,98818,Nouméa,NOUMEA,0003,1323,797,526,782,14,1,4,REG,NAISSELINE,Omayra Lisa Meun,FEMININ,Omayra Lisa Meun NAISSELINE,,114,,,,École Frédéric SURLEAU,ECOLE FREDERIC SURLEAU,0.836,Ecole Frédéric SURLEAU,5 RUE FREDERIC SURLEAU,ENSEIGNEMENT ET FORMATION,Enseignement du premier degré,Ecole élémentaire,166.446180272936,-22.2732842135737,etablissements_publics_nc,58,1822,Centre ville
legislatives_2024,2,988,98818,Nouméa,NOUMEA,0004,1231,817,414,795,17,5,2,DVD,METZDORF,Nicolas,MASCULIN,Nicolas METZDORF,,768,,,élu,École Marguerite LEFRANCOIS,ECOLE MARGUERITE LEFRANCOIS,0.821,Ecole Marguerite LEFRANCOIS,8 RUE FRANCOIS ECORCHON,ENSEIGNEMENT ET FORMATION,Enseignement du premier degré,Ecole pré-élémentaire,166.446044574066,-22.2859909097298,etablissements_publics_nc,45,1809,Orphelinat
legislatives_2024,2,988,98818,Nouméa,NOUMEA,0004,1231,817,414,795,17,5,4,REG,NAISSELINE,Omayra Lisa Meun,FEMININ,Omayra Lisa Meun NAISSELINE,,27,,,,École Marguerite LEFRANCOIS,ECOLE MARGUERITE LEFRANCOIS,0.821,Ecole Marguerite LEFRANCOIS,8 RUE FRANCOIS ECORCHON,ENSEIGNEMENT ET FORMATION,Enseignement du premier degré,Ecole pré-élémentaire,166.446044574066,-22.2859909097298,etablissements_publics_nc,45,1809,Orphelinat
legislatives_2024,2,988,98818,Nouméa,NOUMEA,0005,1102,764,338,746,15,3,2,DVD,METZDORF,Nicolas,MASCULIN,Nicolas METZDORF,,710,,,élu,École Yvonne DUPONT 1,ECOLE YVONNE DUPONT,0.98,Parc école Yvonne DUPONT,2 RUE MARCELLIN LACABANNE,PARC ESPACE PUBLIC ET LOISIR,Parcs et espaces verts,Parc,166.442173657352,-22.2926748814035,etablissements_publics_nc,42,1806,Motor Pool - Receiving
legislatives_2024,2,988,98818,Nouméa,NOUMEA,0005,1102,764,338,746,15,3,4,REG,NAISSELINE,Omayra Lisa Meun,FEMININ,Omayra Lisa Meun NAISSELINE,,36,,,,École Yvonne DUPONT 1,ECOLE YVONNE DUPONT,0.98,Parc école Yvonne DUPONT,2 RUE MARCELLIN LACABANNE,PARC ESPACE PUBLIC ET LOISIR,Parcs et espaces verts,Parc,166.442173657352,-22.2926748814035,etablissements_publics_nc,42,1806,Motor Pool - Receiving
legislatives_2024,2,988,98818,Nouméa,NOUMEA,0006,1349,928,421,909,13,6,2,DVD,METZDORF,Nicolas,MASCULIN,Nicolas METZDORF,,770,,,élu,École Eloi FRANC 1,ECOLE ELOI FRANC,0.83,Ecole Eloi FRANC,10 RUE PIERRE SAUVAN,ENSEIGNEMENT ET FORMATION,Enseignement du premier degré,Ecole primaire,166.447826467842,-22.2974281428095,etablissements_publics_nc,39,1803,Anse Vata Est
legislatives_2024,2,988,98818,Nouméa,NOUMEA,0006,1349,928,421,909,13,6,4,REG,NAISSELINE,Omayra Lisa Meun,FEMININ,Omayra Lisa Meun NAISSELINE,,139,,,,École Eloi FRANC 1,ECOLE ELOI FRANC,0.83,Ecole Eloi FRANC,10 RUE PIERRE SAUVAN,ENSEIGNEMENT ET FORMATION,Enseignement du premier degré,Ecole primaire,166.447826467842,-22.2974281428095,etablissements_publics_nc,39,1803,Anse Vata Est
legislatives_2024,2,988,98818,Nouméa,NOUMEA,0007,1130,815,315,794,17,4,2,DVD,METZDORF,Nicolas,MASCULIN,Nicolas METZDORF,,745,,,élu,École Eloi FRANC 2,ECOLE ELOI FRANC,0.83,Ecole Eloi FRANC,10 RUE PIERRE SAUVAN,ENSEIGNEMENT ET FORMATION,Enseignement du premier degré,Ecole primaire,166.447826467842,-22.2974281428095,etablissements_publics_nc,39,1803,Anse Vata Est
legislatives_2024,2,988,98818,Nouméa,NOUMEA,0007,1130,815,315,794,17,4,4,REG,NAISSELINE,Omayra Lisa Meun,FEMININ,Omayra Lisa Meun NAISSELINE,,49,,,,École Eloi FRANC 2,ECOLE ELOI FRANC,0.83,Ecole Eloi FRANC,10 RUE PIERRE SAUVAN,ENSEIGNEMENT ET FORMATION,Enseignement du premier degré,Ecole primaire,166.447826467842,-22.2974281428095,etablissements_publics_nc,39,1803,Anse Vata Est
legislatives_2024,2,988,98818,Nouméa,NOUMEA,0008,1143,739,404,723,9,7,2,DVD,METZDORF,Nicolas,MASCULIN,Nicolas METZDORF,,694,,,élu,École Fernande LERICHE 1,ECOLE FERNANDE LERICHE,0.836,Ecole Fernande LERICHE,13 RUE PIERRE SAUVAN,ENSEIGNEMENT ET FORMATION,Enseignement du premier degré,Ecole élémentaire,166.448431376266,-22.2984740950672,etablissements_publics_nc,39,1803,Anse Vata Est
legislatives_2024,2,988,98818,Nouméa,NOUMEA,0008,1143,739,404,723,9,7,4,REG,NAISSELINE,Omayra Lisa Meun,FEMININ,Omayra Lisa Meun NAISSELINE,,29,,,,École Fernande LERICHE 1,ECOLE FERNANDE LERICHE,0.836,Ecole Fernande LERICHE,13 RUE PIERRE SAUVAN,ENSEIGNEMENT ET FORMATION,Enseignement du premier degré,Ecole élémentaire,166.448431376266,-22.2984740950672,etablissements_publics_nc,39,1803,Anse Vata Est
legislatives_2024,2,988,98818,Nouméa,NOUMEA,0009,1154,827,327,812,7,8,2,DVD,METZDORF,Nicolas,MASCULIN,Nicolas METZDORF,,773,,,élu,École Fernande LERICHE 2,ECOLE FERNANDE LERICHE,0.836,Ecole Fernande LERICHE,13 RUE PIERRE SAUVAN,ENSEIGNEMENT ET FORMATION,Enseignement du premier degré,Ecole élémentaire,166.448431376266,-22.2984740950672,etablissements_publics_nc,39,1803,Anse Vata Est
legislatives_2024,2,988,98818,Nouméa,NOUMEA,0009,1154,827,327,812,7,8,4,REG,NAISSELINE,Omayra Lisa Meun,FEMININ,Omayra Lisa Meun NAISSELINE,,39,,,,École Fernande LERICHE 2,ECOLE FERNANDE LERICHE,0.836,Ecole Fernande LERICHE,13 RUE PIERRE SAUVAN,ENSEIGNEMENT ET FORMATION,Enseignement du premier degré,Ecole élémentaire,166.448431376266,-22.2984740950672,etablissements_publics_nc,39,1803,Anse Vata Est
legislatives_2024,2,988,98818,Nouméa,NOUMEA,0010,1315,917,398,893,18,6,2,DVD,METZDORF,Nicolas,MASCULIN,Nicolas METZDORF,,858,,,élu,École Jean MERMOUD 1,ECOLE JEAN MERMOUD,0.85,Ecole Jean MERMOUD,19 RUE MICHEL KAUMA,ENSEIGNEMENT ET FORMATION,Enseignement du premier degré,Ecole primaire,166.454827725543,-22.2956844604928,etablissements_publics_nc,43,1807,N'Géa
legislatives_2024,2,988,98818,Nouméa,NOUMEA,0010,1315,917,398,893,18,6,4,REG,NAISSELINE,Omayra Lisa Meun,FEMININ,Omayra Lisa Meun NAISSELINE,,35,,,,École Jean MERMOUD 1,ECOLE JEAN MERMOUD,0.85,Ecole Jean MERMOUD,19 RUE MICHEL KAUMA,ENSEIGNEMENT ET FORMATION,Enseignement du premier degré,Ecole primaire,166.454827725543,-22.2956844604928,etablissements_publics_nc,43,1807,N'Géa
legislatives_2024,2,988,98818,Nouméa,NOUMEA,0011,1299,1004,295,993,8,3,2,DVD,METZDORF,Nicolas,MASCULIN,Nicolas METZDORF,,976,,,élu,École Jean MERMOUD 2,ECOLE JEAN MERMOUD,0.85,Ecole Jean MERMOUD,19 RUE MICHEL KAUMA,ENSEIGNEMENT ET FORMATION,Enseignement du premier degré,Ecole primaire,166.454827725543,-22.2956844604928,etablissements_publics_nc,43,1807,N'Géa
legislatives_2024,2,988,98818,Nouméa,NOUMEA,0011,1299,1004,295,993,8,3,4,REG,NAISSELINE,Omayra Lisa Meun,FEMININ,Omayra Lisa Meun NAISSELINE,,17,,,,École Jean MERMOUD 2,ECOLE JEAN MERMOUD,0.85,Ecole Jean MERMOUD,19 RUE MICHEL KAUMA,ENSEIGNEMENT ET FORMATION,Enseignement du premier degré,Ecole primaire,166.454827725543,-22.2956844604928,etablissements_publics_nc,43,1807,N'Géa
legislatives_2024,2,988,98818,Nouméa,NOUMEA,0012,1353,910,443,887,20,3,2,DVD,METZDORF,Nicolas,MASCULIN,Nicolas METZDORF,,819,,,élu,École Ernest RISBEC 1,ECOLE ERNEST RISBEC,0.859,Ecole Ernest RISBEC,19 RUE DU COMMANDANT RIVIERE,ENSEIGNEMENT ET FORMATION,Enseignement du premier degré,Ecole primaire,166.451704940929,-22.2838445188063,etablissements_publics_nc,44,1808,Trianon
legislatives_2024,2,988,98818,Nouméa,NOUMEA,0012,1353,910,443,887,20,3,4,REG,NAISSELINE,Omayra Lisa Meun,FEMININ,Omayra Lisa Meun NAISSELINE,,68,,,,École Ernest RISBEC 1,ECOLE ERNEST RISBEC,0.859,Ecole Ernest RISBEC,19 RUE DU COMMANDANT RIVIERE,ENSEIGNEMENT ET FORMATION,Enseignement du premier degré,Ecole primaire,166.451704940929,-22.2838445188063,etablissements_publics_nc,44,1808,Trianon
legislatives_2024,2,988,98818,Nouméa,NOUMEA,0013,1087,743,344,731,6,6,2,DVD,METZDORF,Nicolas,MASCULIN,Nicolas METZDORF,,660,,,élu,École Ernest RISBEC 2,ECOLE ERNEST RISBEC,0.859,Ecole Ernest RISBEC,19 RUE DU COMMANDANT RIVIERE,ENSEIGNEMENT ET FORMATION,Enseignement du premier degré,Ecole primaire,166.451704940929,-22.2838445188063,etablissements_publics_nc,44,1808,Trianon
legislatives_2024,2,988,98818,Nouméa,NOUMEA,0013,1087,743,344,731,6,6,4,REG,NAISSELINE,Omayra Lisa Meun,FEMININ,Omayra Lisa Meun NAISSELINE,,71,,,,École Ernest RISBEC 2,ECOLE ERNEST RISBEC,0.859,Ecole Ernest RISBEC,19 RUE DU COMMANDANT RIVIERE,ENSEIGNEMENT ET FORMATION,Enseignement du premier degré,Ecole primaire,166.451704940929,-22.2838445188063,etablissements_publics_nc,44,1808,Trianon
legislatives_2024,2,988,98818,Nouméa,NOUMEA,0014,1155,703,452,692,8,3,2,DVD,METZDORF,Nicolas,MASCULIN,Nicolas METZDORF,,611,,,élu,École Paul BOYER 1,ECOLE PAUL BOYER,0.812,Ecole Paul BOYER,10 RUE BOUGAINVILLE,ENSEIGNEMENT ET FORMATION,Enseignement du premier degré,Groupe scolaire,166.452482969153,-22.2781620536236,etablissements_publics_nc,47,1811,Faubourg Blanchot
legislatives_2024,2,988,98818,Nouméa,NOUMEA,0014,1155,703,452,692,8,3,4,REG,NAISSELINE,Omayra Lisa Meun,FEMININ,Omayra Lisa Meun NAISSELINE,,81,,,,École Paul BOYER 1,ECOLE PAUL BOYER,0.812,Ecole Paul BOYER,10 RUE BOUGAINVILLE,ENSEIGNEMENT ET FORMATION,Enseignement du premier degré,Groupe scolaire,166.452482969153,-22.2781620536236,etablissements_publics_nc,47,1811,Faubourg Blanchot
legislatives_2024,2,988,98818,Nouméa,NOUMEA,0015,976,719,257,712,5,2,2,DVD,METZDORF,Nicolas,MASCULIN,Nicolas METZDORF,,654,,,élu,École les CAPUCINES,ECOLE CAPUCINES,0.8,Ecole LES CAPUCINES,41 RUE TARAGNAT,ENSEIGNEMENT ET FORMATION,Enseignement du premier degré,Groupe scolaire,166.457228804171,-22.2753677119578,etablissements_publics_nc,49,1813,Vallée des Colons Sud Ouest
legislatives_2024,2,988,98818,Nouméa,NOUMEA,0015,976,719,257,712,5,2,4,REG,NAISSELINE,Omayra Lisa Meun,FEMININ,Omayra Lisa Meun NAISSELINE,,58,,,,École les CAPUCINES,ECOLE CAPUCINES,0.8,Ecole LES CAPUCINES,41 RUE TARAGNAT,ENSEIGNEMENT ET FORMATION,Enseignement du premier degré,Groupe scolaire,166.457228804171,-22.2753677119578,etablissements_publics_nc,49,1813,Vallée des Colons Sud Ouest
legislatives_2024,2,988,98818,Nouméa,NOUMEA,0016,1173,771,402,754,14,3,2,DVD,METZDORF,Nicolas,MASCULIN,Nicolas METZDORF,,649,,,élu,École Candide KOCH 1,ECOLE CANDIDE KOCH,0.833,Ecole Candide KOCH,33 RUE TARAGNAT,ENSEIGNEMENT ET FORMATION,Enseignement du premier degré,Groupe scolaire,166.456450040223,-22.2745660873879,etablissements_publics_nc,49,1813,Vallée des Colons Sud Ouest
legislatives_2024,2,988,98818,Nouméa,NOUMEA,0016,1173,771,402,754,14,3,4,REG,NAISSELINE,Omayra Lisa Meun,FEMININ,Omayra Lisa Meun NAISSELINE,,105,,,,École Candide KOCH 1,ECOLE CANDIDE KOCH,0.833,Ecole Candide KOCH,33 RUE TARAGNAT,ENSEIGNEMENT ET FORMATION,Enseignement du premier degré,Groupe scolaire,166.456450040223,-22.2745660873879,etablissements_publics_nc,49,1813,Vallée des Colons Sud Ouest
legislatives_2024,2,988,98818,Nouméa,NOUMEA,0017,1190,868,322,848,17,3,2,DVD,METZDORF,Nicolas,MASCULIN,Nicolas METZDORF,,781,,,élu,École Candide KOCH 2,ECOLE CANDIDE KOCH,0.833,Ecole Candide KOCH,33 RUE TARAGNAT,ENSEIGNEMENT ET FORMATION,Enseignement du premier degré,Groupe scolaire,166.456450040223,-22.2745660873879,etablissements_publics_nc,49,1813,Vallée des Colons Sud Ouest
legislatives_2024,2,988,98818,Nouméa,NOUMEA,0017,1190,868,322,848,17,3,4,REG,NAISSELINE,Omayra Lisa Meun,FEMININ,Omayra Lisa Meun NAISSELINE,,67,,,,École Candide KOCH 2,ECOLE CANDIDE KOCH,0.833,Ecole Candide KOCH,33 RUE TARAGNAT,ENSEIGNEMENT ET FORMATION,Enseignement du premier degré,Groupe scolaire,166.456450040223,-22.2745660873879,etablissements_publics_nc,49,1813,Vallée des Colons Sud Ouest
legislatives_2024,2,988,98818,Nouméa,NOUMEA,0018,1108,736,372,713,19,4,2,DVD,METZDORF,Nicolas,MASCULIN,Nicolas METZDORF,,617,,,élu,École Emily PANNE 1,ECOLE EMILY PANNE,0.841,Ecole Emily PANNE,115 RUE AUGUSTE BENEBIG,ENSEIGNEMENT ET FORMATION,Enseignement du premier degré,Ecole primaire,166.454860512437,-22.2689261325801,etablissements_publics_nc,56,1820,Vallée des Colons Nord Est
legislatives_2024,2,988,98818,Nouméa,NOUMEA,0018,1108,736,372,713,19,4,4,REG,NAISSELINE,Omayra Lisa Meun,FEMININ,Omayra Lisa Meun NAISSELINE,,96,,,,École Emily PANNE 1,ECOLE EMILY PANNE,0.841,Ecole Emily PANNE,115 RUE AUGUSTE BENEBIG,ENSEIGNEMENT ET FORMATION,Enseignement du premier degré,Ecole primaire,166.454860512437,-22.2689261325801,etablissements_publics_nc,56,1820,Vallée des Colons Nord Est
legislatives_2024,2,988,98818,Nouméa,NOUMEA,0019,1262,817,445,789,21,7,2,DVD,METZDORF,Nicolas,MASCULIN,Nicolas METZDORF,,622,,,élu,École Emily PANNE 2,ECOLE EMILY PANNE,0.841,Ecole Emily PANNE,115 RUE AUGUSTE BENEBIG,ENSEIGNEMENT ET FORMATION,Enseignement du premier degré,Ecole primaire,166.454860512437,-22.2689261325801,etablissements_publics_nc,56,1820,Vallée des Colons Nord Est
legislatives_2024,2,988,98818,Nouméa,NOUMEA,0019,1262,817,445,789,21,7,4,REG,NAISSELINE,Omayra Lisa Meun,FEMININ,Omayra Lisa Meun NAISSELINE,,167,,,,École Emily PANNE 2,ECOLE EMILY PANNE,0.841,Ecole Emily PANNE,115 RUE AUGUSTE BENEBIG,ENSEIGNEMENT ET FORMATION,Enseignement du premier degré,Ecole primaire,166.454860512437,-22.2689261325801,etablissements_publics_nc,56,1820,Vallée des Colons Nord Est
legislatives_2024,2,988,98818,Nouméa,NOUMEA,0020,1040,763,277,745,14,4,2,DVD,METZDORF,Nicolas,MASCULIN,Nicolas METZDORF,,708,,,élu,École Antoinette CHARBONNEAUX,ECOLE ANTOINETTE CHARBONNEAUX,0.879,Ecole Antoinette CHARBONNEAUX,1 RUE ANDRE ROLLY,ENSEIGNEMENT ET FORMATION,Enseignement du premier degré,Ecole élémentaire,166.46666463723,-22.273716213111,etablissements_publics_nc,52,1816,Magenta Tours
legislatives_2024,2,988,98818,Nouméa,NOUMEA,0020,1040,763,277,745,14,4,4,REG,NAISSELINE,Omayra Lisa Meun,FEMININ,Omayra Lisa Meun NAISSELINE,,37,,,,École Antoinette CHARBONNEAUX,ECOLE ANTOINETTE CHARBONNEAUX,0.879,Ecole Antoinette CHARBONNEAUX,1 RUE ANDRE ROLLY,ENSEIGNEMENT ET FORMATION,Enseignement du premier degré,Ecole élémentaire,166.46666463723,-22.273716213111,etablissements_publics_nc,52,1816,Magenta Tours
legislatives_2024,2,988,98818,Nouméa,NOUMEA,0021,1277,892,385,867,18,7,2,DVD,METZDORF,Nicolas,MASCULIN,Nicolas METZDORF,,802,,,élu,École Marie HAVET 1,ECOLE MARIE HAVET,0.841,Ecole Marie HAVET,231 RUE ARNOLD DALY,ENSEIGNEMENT ET FORMATION,Enseignement du premier degré,Ecole primaire,166.471138313555,-22.2828880563017,etablissements_publics_nc,54,1818,Ouémo
legislatives_2024,2,988,98818,Nouméa,NOUMEA,0021,1277,892,385,867,18,7,4,REG,NAISSELINE,Omayra Lisa Meun,FEMININ,Omayra Lisa Meun NAISSELINE,,65,,,,École Marie HAVET 1,ECOLE MARIE HAVET,0.841,Ecole Marie HAVET,231 RUE ARNOLD DALY,ENSEIGNEMENT ET FORMATION,Enseignement du premier degré,Ecole primaire,166.471138313555,-22.2828880563017,etablissements_publics_nc,54,1818,Ouémo
legislatives_2024,2,988,98818,Nouméa,NOUMEA,0022,1387,967,420,942,21,4,2,DVD,METZDORF,Nicolas,MASCULIN,Nicolas METZDORF,,876,,,élu,École Marie HAVET 2,ECOLE MARIE HAVET,0.841,Ecole Marie HAVET,231 RUE ARNOLD DALY,ENSEIGNEMENT ET FORMATION,Enseignement du premier degré,Ecole primaire,166.471138313555,-22.2828880563017,etablissements_publics_nc,54,1818,Ouémo
legislatives_2024,2,988,98818,Nouméa,NOUMEA,0022,1387,967,420,942,21,4,4,REG,NAISSELINE,Omayra Lisa Meun,FEMININ,Omayra Lisa Meun NAISSELINE,,66,,,,École Marie HAVET 2,ECOLE MARIE HAVET,0.841,Ecole Marie HAVET,231 RUE ARNOLD DALY,ENSEIGNEMENT ET FORMATION,Enseignement du premier degré,Ecole primaire,166.471138313555,-22.2828880563017,etablissements_publics_nc,54,1818,Ouémo
legislatives_2024,2,988,98818,Nouméa,NOUMEA,0023,1294,904,390,872,23,9,2,DVD,METZDORF,Nicolas,MASCULIN,Nicolas METZDORF,,760,,,élu,École Christine BOLETTI 1,ECOLE CHRISTINE BOLETTI,0.792,Ecole Christine BOLETTI,10 RUE CHARLES STEINMETZ,ENSEIGNEMENT ET FORMATION,Enseignement du premier degré,Ecole pré-élémentaire,166.465990390657,-22.2661773380247,etablissements_publics_nc,63,1827,Aérodrome Sud
legislatives_2024,2,988,98818,Nouméa,NOUMEA,0023,1294,904,390,872,23,9,4,REG,NAISSELINE,Omayra Lisa Meun,FEMININ,Omayra Lisa Meun NAISSELINE,,112,,,,École Christine BOLETTI 1,ECOLE CHRISTINE BOLETTI,0.792,Ecole Christine BOLETTI,10 RUE CHARLES STEINMETZ,ENSEIGNEMENT ET FORMATION,Enseignement du premier degré,Ecole pré-élémentaire,166.465990390657,-22.2661773380247,etablissements_publics_nc,63,1827,Aérodrome Sud
legislatives_2024,2,988,98818,Nouméa,NOUMEA,0024,1240,831,409,819,10,2,2,DVD,METZDORF,Nicolas,MASCULIN,Nicolas METZDORF,,413,,,élu,École Christine BOLETTI 2,ECOLE CHRISTINE BOLETTI,0.792,Ecole Christine BOLETTI,10 RUE CHARLES STEINMETZ,ENSEIGNEMENT ET FORMATION,Enseignement du premier degré,Ecole pré-élémentaire,166.465990390657,-22.2661773380247,etablissements_publics_nc,63,1827,Aérodrome Sud
legislatives_2024,2,988,98818,Nouméa,NOUMEA,0024,1240,831,409,819,10,2,4,REG,NAISSELINE,Omayra Lisa Meun,FEMININ,Omayra Lisa Meun NAISSELINE,,406,,,,École Christine BOLETTI 2,ECOLE CHRISTINE BOLETTI,0.792,Ecole Christine BOLETTI,10 RUE CHARLES STEINMETZ,ENSEIGNEMENT ET FORMATION,Enseignement du premier degré,Ecole pré-élémentaire,166.465990390657,-22.2661773380247,etablissements_publics_nc,63,1827,Aérodrome Sud
legislatives_2024,2,988,98818,Nouméa,NOUMEA,0025,1303,929,374,917,11,1,2,DVD,METZDORF,Nicolas,MASCULIN,Nicolas METZDORF,,822,,,élu,École Michel CACOT 1,ECOLE MICHEL CACOT,0.85,Ecole Michel CACOT,231 RUE ARMAND OHLEN,ENSEIGNEMENT ET FORMATION,Enseignement du premier degré,Ecole primaire,166.463652223431,-22.2662199324801,etablissements_publics_nc,62,1826,Portes de Fer - Sud
legislatives_2024,2,988,98818,Nouméa,NOUMEA,0025,1303,929,374,917,11,1,4,REG,NAISSELINE,Omayra Lisa Meun,FEMININ,Omayra Lisa Meun NAISSELINE,,95,,,,École Michel CACOT 1,ECOLE MICHEL CACOT,0.85,Ecole Michel CACOT,231 RUE ARMAND OHLEN,ENSEIGNEMENT ET FORMATION,Enseignement du premier degré,Ecole primaire,166.463652223431,-22.2662199324801,etablissements_publics_nc,62,1826,Portes de Fer - Sud
legislatives_2024,2,988,98818,Nouméa,NOUMEA,0026,1412,926,486,906,16,4,2,DVD,METZDORF,Nicolas,MASCULIN,Nicolas METZDORF,,805,,,élu,École Michel CACOT 2,ECOLE MICHEL CACOT,0.85,Ecole Michel CACOT,231 RUE ARMAND OHLEN,ENSEIGNEMENT ET FORMATION,Enseignement du premier degré,Ecole primaire,166.463652223431,-22.2662199324801,etablissements_publics_nc,62,1826,Portes de Fer - Sud
legislatives_2024,2,988,98818,Nouméa,NOUMEA,0026,1412,926,486,906,16,4,4,REG,NAISSELINE,Omayra Lisa Meun,FEMININ,Omayra Lisa Meun NAISSELINE,,101,,,,École Michel CACOT 2,ECOLE MICHEL CACOT,0.85,Ecole Michel CACOT,231 RUE ARMAND OHLEN,ENSEIGNEMENT ET FORMATION,Enseignement du premier degré,Ecole primaire,166.463652223431,-22.2662199324801,etablissements_publics_nc,62,1826,Portes de Fer - Sud
legislatives_2024,2,988,98818,Nouméa,NOUMEA,0027,1212,729,483,715,11,3,2,DVD,METZDORF,Nicolas,MASCULIN,Nicolas METZDORF,,326,,,élu,École Céline TEYSSANDIER de LAUBAREDE,ECOLE CELINE TEYSSANDIER LAUBAREDE,0.933,Ecole primaire Céline TEYSSANDIER DE LAUBAREDE,29 ROUTE DES DEUX VALLEES - RUE JACQUES BARRAU,ENSEIGNEMENT ET FORMATION,Enseignement du premier degré,Ecole primaire,166.445705500987,-22.2640017751327,etablissements_publics_nc,60,1824,Vallée du Tir
legislatives_2024,2,988,98818,Nouméa,NOUMEA,0027,1212,729,483,715,11,3,4,REG,NAISSELINE,Omayra Lisa Meun,FEMININ,Omayra Lisa Meun NAISSELINE,,389,,,,École Céline TEYSSANDIER de LAUBAREDE,ECOLE CELINE TEYSSANDIER LAUBAREDE,0.933,Ecole primaire Céline TEYSSANDIER DE LAUBAREDE,29 ROUTE DES DEUX VALLEES - RUE JACQUES BARRAU,ENSEIGNEMENT ET FORMATION,Enseignement du premier degré,Ecole primaire,166.445705500987,-22.2640017751327,etablissements_publics_nc,60,1824,Vallée du Tir
legislatives_2024,2,988,98818,Nouméa,NOUMEA,0028,1302,812,490,806,4,2,2,DVD,METZDORF,Nicolas,MASCULIN,Nicolas METZDORF,,109,,,élu,École Gustave MOUCHET 1,ECOLE GUSTAVE MOUCHET,0.874,Ecole Gustave MOUCHET,8 RUE DES FRERES CHARPENTIER,ENSEIGNEMENT ET FORMATION,Enseignement du premier degré,Ecole primaire,166.454414703061,-22.2504501881193,etablissements_publics_nc,64,1828,Portes de Fer - Nord
legislatives_2024,2,988,98818,Nouméa,NOUMEA,0028,1302,812,490,806,4,2,4,REG,NAISSELINE,Omayra Lisa Meun,FEMININ,Omayra Lisa Meun NAISSELINE,,697,,,,École Gustave MOUCHET 1,ECOLE GUSTAVE MOUCHET,0.874,Ecole Gustave MOUCHET,8 RUE DES FRERES CHARPENTIER,ENSEIGNEMENT ET FORMATION,Enseignement du premier degré,Ecole primaire,166.454414703061,-22.2504501881193,etablissements_publics_nc,64,1828,Portes de Fer - Nord
legislatives_2024,2,988,98818,Nouméa,NOUMEA,0029,1176,713,463,702,10,1,2,DVD,METZDORF,Nicolas,MASCULIN,Nicolas METZDORF,,258,,,élu,École Gustave MOUCHET 2,ECOLE GUSTAVE MOUCHET,0.874,Ecole Gustave MOUCHET,8 RUE DES FRERES CHARPENTIER,ENSEIGNEMENT ET FORMATION,Enseignement du premier degré,Ecole primaire,166.454414703061,-22.2504501881193,etablissements_publics_nc,64,1828,Portes de Fer - Nord
legislatives_2024,2,988,98818,Nouméa,NOUMEA,0029,1176,713,463,702,10,1,4,REG,NAISSELINE,Omayra Lisa Meun,FEMININ,Omayra Lisa Meun NAISSELINE,,444,,,,École Gustave MOUCHET 2,ECOLE GUSTAVE MOUCHET,0.874,Ecole Gustave MOUCHET,8 RUE DES FRERES CHARPENTIER,ENSEIGNEMENT ET FORMATION,Enseignement du premier degré,Ecole primaire,166.454414703061,-22.2504501881193,etablissements_publics_nc,64,1828,Portes de Fer - Nord
legislatives_2024,2,988,98818,Nouméa,NOUMEA,0030,1394,931,463,905,18,8,2,DVD,METZDORF,Nicolas,MASCULIN,Nicolas METZDORF,,557,,,élu,École Mathilde BROQUET 1,ECOLE MATHILDE BROQUET,0.836,Ecole Mathilde BROQUET,24 RUE PIERRE ARTIGUE,ENSEIGNEMENT ET FORMATION,Enseignement du premier degré,Ecole élémentaire,166.467549840387,-22.256293239868,etablissements_publics_nc,63,1827,Aérodrome Sud
legislatives_2024,2,988,98818,Nouméa,NOUMEA,0030,1394,931,463,905,18,8,4,REG,NAISSELINE,Omayra Lisa Meun,FEMININ,Omayra Lisa Meun NAISSELINE,,348,,,,École Mathilde BROQUET 1,ECOLE MATHILDE BROQUET,0.836,Ecole Mathilde BROQUET,24 RUE PIERRE ARTIGUE,ENSEIGNEMENT ET FORMATION,Enseignement du premier degré,Ecole élémentaire,166.467549840387,-22.256293239868,etablissements_publics_nc,63,1827,Aérodrome Sud
legislatives_2024,2,988,98818,Nouméa,NOUMEA,0031,1472,1044,428,1028,15,1,2,DVD,METZDORF,Nicolas,MASCULIN,Nicolas METZDORF,,657,,,élu,École Marie COURTOT 1,ECOLE MARIE COURTOT,0.859,Ecole Marie COURTOT,234 RUE JACQUES IEKAWE,ENSEIGNEMENT ET FORMATION,Enseignement du premier degré,Ecole primaire,166.470464378859,-22.2425220070829,etablissements_publics_nc,70,1834,PK 6 Nord
legislatives_2024,2,988,98818,Nouméa,NOUMEA,0031,1472,1044,428,1028,15,1,4,REG,NAISSELINE,Omayra Lisa Meun,FEMININ,Omayra Lisa Meun NAISSELINE,,371,,,,École Marie COURTOT 1,ECOLE MARIE COURTOT,0.859,Ecole Marie COURTOT,234 RUE JACQUES IEKAWE,ENSEIGNEMENT ET FORMATION,Enseignement du premier degré,Ecole primaire,166.470464378859,-22.2425220070829,etablissements_publics_nc,70,1834,PK 6 Nord
legislatives_2024,2,988,98818,Nouméa,NOUMEA,0032,1089,823,266,808,12,3,2,DVD,METZDORF,Nicolas,MASCULIN,Nicolas METZDORF,,746,,,élu,École Marie COURTOT 2,ECOLE MARIE COURTOT,0.859,Ecole Marie COURTOT,234 RUE JACQUES IEKAWE,ENSEIGNEMENT ET FORMATION,Enseignement du premier degré,Ecole primaire,166.470464378859,-22.2425220070829,etablissements_publics_nc,70,1834,PK 6 Nord
legislatives_2024,2,988,98818,Nouméa,NOUMEA,0032,1089,823,266,808,12,3,4,REG,NAISSELINE,Omayra Lisa Meun,FEMININ,Omayra Lisa Meun NAISSELINE,,62,,,,École Marie COURTOT 2,ECOLE MARIE COURTOT,0.859,Ecole Marie COURTOT,234 RUE JACQUES IEKAWE,ENSEIGNEMENT ET FORMATION,Enseignement du premier degré,Ecole primaire,166.470464378859,-22.2425220070829,etablissements_publics_nc,70,1834,PK 6 Nord
legislatives_2024,2,988,98818,Nouméa,NOUMEA,0033,1120,749,371,731,11,7,2,DVD,METZDORF,Nicolas,MASCULIN,Nicolas METZDORF,,311,,,élu,École Robert BURCK,ECOLE ROBERT BURCK,0.833,Ecole Robert BURCK,3 RUE DU CAPITAINE VIDAL,ENSEIGNEMENT ET FORMATION,Enseignement du premier degré,Groupe scolaire,166.463601949873,-22.2382604330193,etablissements_publics_nc,69,1833,Riviére Salée Sud
legislatives_2024,2,988,98818,Nouméa,NOUMEA,0033,1120,749,371,731,11,7,4,REG,NAISSELINE,Omayra Lisa Meun,FEMININ,Omayra Lisa Meun NAISSELINE,,420,,,,École Robert BURCK,ECOLE ROBERT BURCK,0.833,Ecole Robert BURCK,3 RUE DU CAPITAINE VIDAL,ENSEIGNEMENT ET FORMATION,Enseignement du premier degré,Groupe scolaire,166.463601949873,-22.2382604330193,etablissements_publics_nc,69,1833,Riviére Salée Sud
legislatives_2024,2,988,98818,Nouméa,NOUMEA,0034,1011,720,291,702,11,7,2,DVD,METZDORF,Nicolas,MASCULIN,Nicolas METZDORF,,382,,,élu,École les ROSES,ECOLE ROSES,0.633,Ecole FILANTE,8 RUE MARCELLIN LACABANNE,ENSEIGNEMENT ET FORMATION,Enseignement du premier degré,Autre structure scolaire,166.443135087106,-22.2929071476207,etablissements_publics_nc,42,1806,Motor Pool - Receiving
legislatives_2024,2,988,98818,Nouméa,NOUMEA,0034,1011,720,291,702,11,7,4,REG,NAISSELINE,Omayra Lisa Meun,FEMININ,Omayra Lisa Meun NAISSELINE,,320,,,,École les ROSES,ECOLE ROSES,0.633,Ecole FILANTE,8 RUE MARCELLIN LACABANNE,ENSEIGNEMENT ET FORMATION,Enseignement du premier degré,Autre structure scolaire,166.443135087106,-22.2929071476207,etablissements_publics_nc,42,1806,Motor Pool - Receiving
legislatives_2024,2,988,98818,Nouméa,NOUMEA,0035,1027,697,330,686,8,3,2,DVD,METZDORF,Nicolas,MASCULIN,Nicolas METZDORF,,427,,,élu,École les ŒILLETS,ECOLE ILLETS,0.77,Ecole FILANTE,8 RUE MARCELLIN LACABANNE,ENSEIGNEMENT ET FORMATION,Enseignement du premier degré,Autre structure scolaire,166.443135087106,-22.2929071476207,etablissements_publics_nc,42,1806,Motor Pool - Receiving
legislatives_2024,2,988,98818,Nouméa,NOUMEA,0035,1027,697,330,686,8,3,4,REG,NAISSELINE,Omayra Lisa Meun,FEMININ,Omayra Lisa Meun NAISSELINE,,259,,,,École les ŒILLETS,ECOLE ILLETS,0.77,Ecole FILANTE,8 RUE MARCELLIN LACABANNE,ENSEIGNEMENT ET FORMATION,Enseignement du premier degré,Autre structure scolaire,166.443135087106,-22.2929071476207,etablissements_publics_nc,42,1806,Motor Pool - Receiving
legislatives_2024,2,988,98818,Nouméa,NOUMEA,0036,956,667,289,641,18,8,2,DVD,METZDORF,Nicolas,MASCULIN,Nicolas METZDORF,,353,,,élu,École Jacques TROUILLOT,ECOLE JACQUES TROUILLOT,0.886,Ecole Jacques TROUILLOT,15 RUE NOELAT,ENSEIGNEMENT ET FORMATION,Enseignement du premier degré,Ecole primaire,166.471000599479,-22.2283599819501,etablissements_publics_nc,74,1838,Riviére Salée Nord Est
legislatives_2024,2,988,98818,Nouméa,NOUMEA,0036,956,667,289,641,18,8,4,REG,NAISSELINE,Omayra Lisa Meun,FEMININ,Omayra Lisa Meun NAISSELINE,,288,,,,École Jacques TROUILLOT,ECOLE JACQUES TROUILLOT,0.886,Ecole Jacques TROUILLOT,15 RUE NOELAT,ENSEIGNEMENT ET FORMATION,Enseignement du premier degré,Ecole primaire,166.471000599479,-22.2283599819501,etablissements_publics_nc,74,1838,Riviére Salée Nord Est
legislatives_2024,2,988,98818,Nouméa,NOUMEA,0037,1518,1000,518,982,14,4,2,DVD,METZDORF,Nicolas,MASCULIN,Nicolas METZDORF,,255,,,élu,École Mauricette DEVAMBEZ 1,ECOLE MAURICETTE DEVAMBEZ,0.627,Ecole Michel AMIOT,12 RUE DE PRONY,ENSEIGNEMENT ET FORMATION,Enseignement du premier degré,Ecole primaire,166.468616034294,-22.2680303864914,etablissements_publics_nc,53,1817,Magenta Est
legislatives_2024,2,988,98818,Nouméa,NOUMEA,0037,1518,1000,518,982,14,4,4,REG,NAISSELINE,Omayra Lisa Meun,FEMININ,Omayra Lisa Meun NAISSELINE,,727,,,,École Mauricette DEVAMBEZ 1,ECOLE MAURICETTE DEVAMBEZ,0.627,Ecole Michel AMIOT,12 RUE DE PRONY,ENSEIGNEMENT ET FORMATION,Enseignement du premier degré,Ecole primaire,166.468616034294,-22.2680303864914,etablissements_publics_nc,53,1817,Magenta Est
legislatives_2024,2,988,98818,Nouméa,NOUMEA,0038,1306,918,388,898,14,6,2,DVD,METZDORF,Nicolas,MASCULIN,Nicolas METZDORF,,588,,,élu,École Mauricette DEVAMBEZ 2,ECOLE MAURICETTE DEVAMBEZ,0.627,Ecole Michel AMIOT,12 RUE DE PRONY,ENSEIGNEMENT ET FORMATION,Enseignement du premier degré,Ecole primaire,166.468616034294,-22.2680303864914,etablissements_publics_nc,53,1817,Magenta Est
legislatives_2024,2,988,98818,Nouméa,NOUMEA,0038,1306,918,388,898,14,6,4,REG,NAISSELINE,Omayra Lisa Meun,FEMININ,Omayra Lisa Meun NAISSELINE,,310,,,,École Mauricette DEVAMBEZ 2,ECOLE MAURICETTE DEVAMBEZ,0.627,Ecole Michel AMIOT,12 RUE DE PRONY,ENSEIGNEMENT ET FORMATION,Enseignement du premier degré,Ecole primaire,166.468616034294,-22.2680303864914,etablissements_publics_nc,53,1817,Magenta Est
legislatives_2024,2,988,98818,Nouméa,NOUMEA,0039,817,535,282,521,9,5,2,DVD,METZDORF,Nicolas,MASCULIN,Nicolas METZDORF,,230,,,élu,École Adrienne LOMONT 1,ECOLE ADRIENNE LOMONT,0.874,Ecole Adrienne LOMONT,10B RUE DU MARECHAL LYAUTEY,ENSEIGNEMENT ET FORMATION,Enseignement du premier degré,Ecole primaire,166.484157216578,-22.2206462260252,etablissements_publics_nc,76,1840,Normandie Nord
legislatives_2024,2,988,98818,Nouméa,NOUMEA,0039,817,535,282,521,9,5,4,REG,NAISSELINE,Omayra Lisa Meun,FEMININ,Omayra Lisa Meun NAISSELINE,,291,,,,École Adrienne LOMONT 1,ECOLE ADRIENNE LOMONT,0.874,Ecole Adrienne LOMONT,10B RUE DU MARECHAL LYAUTEY,ENSEIGNEMENT ET FORMATION,Enseignement du premier degré,Ecole primaire,166.484157216578,-22.2206462260252,etablissements_publics_nc,76,1840,Normandie Nord
legislatives_2024,2,988,98818,Nouméa,NOUMEA,0040,1798,1141,657,1117,15,9,2,DVD,METZDORF,Nicolas,MASCULIN,Nicolas METZDORF,,726,,,élu,École Adrienne LOMONT 2,ECOLE ADRIENNE LOMONT,0.874,Ecole Adrienne LOMONT,10B RUE DU MARECHAL LYAUTEY,ENSEIGNEMENT ET FORMATION,Enseignement du premier degré,Ecole primaire,166.484157216578,-22.2206462260252,etablissements_publics_nc,76,1840,Normandie Nord
legislatives_2024,2,988,98818,Nouméa,NOUMEA,0040,1798,1141,657,1117,15,9,4,REG,NAISSELINE,Omayra Lisa Meun,FEMININ,Omayra Lisa Meun NAISSELINE,,391,,,,École Adrienne LOMONT 2,ECOLE ADRIENNE LOMONT,0.874,Ecole Adrienne LOMONT,10B RUE DU MARECHAL LYAUTEY,ENSEIGNEMENT ET FORMATION,Enseignement du premier degré,Ecole primaire,166.484157216578,-22.2206462260252,etablissements_publics_nc,76,1840,Normandie Nord
legislatives_2024,2,988,98818,Nouméa,NOUMEA,0041,1225,771,454,746,17,8,2,DVD,METZDORF,Nicolas,MASCULIN,Nicolas METZDORF,,405,,,élu,École Gustave LODS 1,ECOLE GUSTAVE LODS,0.85,Ecole Gustave LODS,63 RUE VARIN,ENSEIGNEMENT ET FORMATION,Enseignement du premier degré,Ecole primaire,166.435430928496,-22.2381371662114,etablissements_publics_nc,79,1843,Logicoop
legislatives_2024,2,988,98818,Nouméa,NOUMEA,0041,1225,771,454,746,17,8,4,REG,NAISSELINE,Omayra Lisa Meun,FEMININ,Omayra Lisa Meun NAISSELINE,,341,,,,École Gustave LODS 1,ECOLE GUSTAVE LODS,0.85,Ecole Gustave LODS,63 RUE VARIN,ENSEIGNEMENT ET FORMATION,Enseignement du premier degré,Ecole primaire,166.435430928496,-22.2381371662114,etablissements_publics_nc,79,1843,Logicoop
legislatives_2024,2,988,98818,Nouméa,NOUMEA,0042,1395,890,505,863,17,10,2,DVD,METZDORF,Nicolas,MASCULIN,Nicolas METZDORF,,450,,,élu,École Gustave LODS 2,ECOLE GUSTAVE LODS,0.85,Ecole Gustave LODS,63 RUE VARIN,ENSEIGNEMENT ET FORMATION,Enseignement du premier degré,Ecole primaire,166.435430928496,-22.2381371662114,etablissements_publics_nc,79,1843,Logicoop
legislatives_2024,2,988,98818,Nouméa,NOUMEA,0042,1395,890,505,863,17,10,4,REG,NAISSELINE,Omayra Lisa Meun,FEMININ,Omayra Lisa Meun NAISSELINE,,413,,,,École Gustave LODS 2,ECOLE GUSTAVE LODS,0.85,Ecole Gustave LODS,63 RUE VARIN,ENSEIGNEMENT ET FORMATION,Enseignement du premier degré,Ecole primaire,166.435430928496,-22.2381371662114,etablissements_publics_nc,79,1843,Logicoop
legislatives_2024,2,988,98818,Nouméa,NOUMEA,0043,2159,1369,790,1336,21,12,2,DVD,METZDORF,Nicolas,MASCULIN,Nicolas METZDORF,,497,,,élu,École Daniel TALON,ECOLE DANIEL TALON,0.8,Ecole Daniel TALON,5 RUE PIERRE ISSAMATRO,ENSEIGNEMENT ET FORMATION,Enseignement du premier degré,Ecole élémentaire,166.429735177846,-22.2343498153878,etablissements_publics_nc,79,1843,Logicoop
legislatives_2024,2,988,98818,Nouméa,NOUMEA,0043,2159,1369,790,1336,21,12,4,REG,NAISSELINE,Omayra Lisa Meun,FEMININ,Omayra Lisa Meun NAISSELINE,,839,,,,École Daniel TALON,ECOLE DANIEL TALON,0.8,Ecole Daniel TALON,5 RUE PIERRE ISSAMATRO,ENSEIGNEMENT ET FORMATION,Enseignement du premier degré,Ecole élémentaire,166.429735177846,-22.2343498153878,etablissements_publics_nc,79,1843,Logicoop
legislatives_2024,2,988,98818,Nouméa,NOUMEA,0044,1171,778,393,759,8,11,2,DVD,METZDORF,Nicolas,MASCULIN,Nicolas METZDORF,,124,,,élu,École Louise VERGES,ECOLE LOUISE VERGES,0.615,Ecole Serge LAIGLE,7 RUE GEORGES LEQUES,ENSEIGNEMENT ET FORMATION,Enseignement du premier degré,Ecole primaire,166.486016745804,-22.2343408388225,etablissements_publics_nc,71,1835,Tina
legislatives_2024,2,988,98818,Nouméa,NOUMEA,0044,1171,778,393,759,8,11,4,REG,NAISSELINE,Omayra Lisa Meun,FEMININ,Omayra Lisa Meun NAISSELINE,,635,,,,École Louise VERGES,ECOLE LOUISE VERGES,0.615,Ecole Serge LAIGLE,7 RUE GEORGES LEQUES,ENSEIGNEMENT ET FORMATION,Enseignement du premier degré,Ecole primaire,166.486016745804,-22.2343408388225,etablissements_publics_nc,71,1835,Tina
legislatives_2024,2,988,98818,Nouméa,NOUMEA,0045,1675,1103,572,1092,9,2,2,DVD,METZDORF,Nicolas,MASCULIN,Nicolas METZDORF,,781,,,élu,École Mathilde BROQUET 2,ECOLE MATHILDE BROQUET,0.836,Ecole Mathilde BROQUET,24 RUE PIERRE ARTIGUE,ENSEIGNEMENT ET FORMATION,Enseignement du premier degré,Ecole élémentaire,166.467549840387,-22.256293239868,etablissements_publics_nc,63,1827,Aérodrome Sud
legislatives_2024,2,988,98818,Nouméa,NOUMEA,0045,1675,1103,572,1092,9,2,4,REG,NAISSELINE,Omayra Lisa Meun,FEMININ,Omayra Lisa Meun NAISSELINE,,311,,,,École Mathilde BROQUET 2,ECOLE MATHILDE BROQUET,0.836,Ecole Mathilde BROQUET,24 RUE PIERRE ARTIGUE,ENSEIGNEMENT ET FORMATION,Enseignement du premier degré,Ecole élémentaire,166.467549840387,-22.256293239868,etablissements_publics_nc,63,1827,Aérodrome Sud
legislatives_2024,2,988,98818,Nouméa,NOUMEA,0046,951,597,354,587,8,2,2,DVD,METZDORF,Nicolas,MASCULIN,Nicolas METZDORF,,570,,,élu,École Yvonne DUPONT 2,ECOLE YVONNE DUPONT,0.98,Parc école Yvonne DUPONT,2 RUE MARCELLIN LACABANNE,PARC ESPACE PUBLIC ET LOISIR,Parcs et espaces verts,Parc,166.442173657352,-22.2926748814035,etablissements_publics_nc,42,1806,Motor Pool - Receiving
legislatives_2024,2,988,98818,Nouméa,NOUMEA,0046,951,597,354,587,8,2,4,REG,NAISSELINE,Omayra Lisa Meun,FEMININ,Omayra Lisa Meun NAISSELINE,,17,,,,École Yvonne DUPONT 2,ECOLE YVONNE DUPONT,0.98,Parc école Yvonne DUPONT,2 RUE MARCELLIN LACABANNE,PARC ESPACE PUBLIC ET LOISIR,Parcs et espaces verts,Parc,166.442173657352,-22.2926748814035,etablissements_publics_nc,42,1806,Motor Pool - Receiving
legislatives_2024,2,988,98818,Nouméa,NOUMEA,0047,1037,730,307,708,19,3,2,DVD,METZDORF,Nicolas,MASCULIN,Nicolas METZDORF,,672,,,élu,École Paul BOYER 2,ECOLE PAUL BOYER,0.812,Ecole Paul BOYER,10 RUE BOUGAINVILLE,ENSEIGNEMENT ET FORMATION,Enseignement du premier degré,Groupe scolaire,166.452482969153,-22.2781620536236,etablissements_publics_nc,47,1811,Faubourg Blanchot
legislatives_2024,2,988,98818,Nouméa,NOUMEA,0047,1037,730,307,708,19,3,4,REG,NAISSELINE,Omayra Lisa Meun,FEMININ,Omayra Lisa Meun NAISSELINE,,36,,,,École Paul BOYER 2,ECOLE PAUL BOYER,0.812,Ecole Paul BOYER,10 RUE BOUGAINVILLE,ENSEIGNEMENT ET FORMATION,Enseignement du premier degré,Groupe scolaire,166.452482969153,-22.2781620536236,etablissements_publics_nc,47,1811,Faubourg Blanchot
legislatives_2024,2,988,98818,Nouméa,NOUMEA,0048,1049,671,378,648,16,7,2,DVD,METZDORF,Nicolas,MASCULIN,Nicolas METZDORF,,313,,,élu,École Marguerite ARSAPIN,ECOLE MARGUERITE ARSAPIN,0.74,Ecole Marguerite CARLIER,14 RUE DE BOUGAINVILLE,ENSEIGNEMENT ET FORMATION,Enseignement du premier degré,Groupe scolaire,166.454280714904,-22.2790060967446,etablissements_publics_nc,47,1811,Faubourg Blanchot
legislatives_2024,2,988,98818,Nouméa,NOUMEA,0048,1049,671,378,648,16,7,4,REG,NAISSELINE,Omayra Lisa Meun,FEMININ,Omayra Lisa Meun NAISSELINE,,335,,,,École Marguerite ARSAPIN,ECOLE MARGUERITE ARSAPIN,0.74,Ecole Marguerite CARLIER,14 RUE DE BOUGAINVILLE,ENSEIGNEMENT ET FORMATION,Enseignement du premier degré,Groupe scolaire,166.454280714904,-22.2790060967446,etablissements_publics_nc,47,1811,Faubourg Blanchot
legislatives_2024,2,988,98818,Nouméa,NOUMEA,0049,1211,865,346,847,12,6,2,DVD,METZDORF,Nicolas,MASCULIN,Nicolas METZDORF,,740,,,élu,École les PERVENCHES,ECOLE PERVENCHES,0.717,Ecole LES PERVENCHES,4 RUE PIERRE ARTIGUE,ENSEIGNEMENT ET FORMATION,Enseignement du premier degré,Ecole pré-élémentaire,166.463935144665,-22.2575766179093,etablissements_publics_nc,62,1826,Portes de Fer - Sud
legislatives_2024,2,988,98818,Nouméa,NOUMEA,0049,1211,865,346,847,12,6,4,REG,NAISSELINE,Omayra Lisa Meun,FEMININ,Omayra Lisa Meun NAISSELINE,,107,,,,École les PERVENCHES,ECOLE PERVENCHES,0.717,Ecole LES PERVENCHES,4 RUE PIERRE ARTIGUE,ENSEIGNEMENT ET FORMATION,Enseignement du premier degré,Ecole pré-élémentaire,166.463935144665,-22.2575766179093,etablissements_publics_nc,62,1826,Portes de Fer - Sud
legislatives_2024,2,988,98818,Nouméa,NOUMEA,0050,1800,1127,673,1107,13,7,2,DVD,METZDORF,Nicolas,MASCULIN,Nicolas METZDORF,,378,,,élu,École Albert PERRAUD,ECOLE ALBERT PERRAUD,0.866,Ecole Albert PERRAUD,1 RUE HENRI BAUDOEUF,ENSEIGNEMENT ET FORMATION,Enseignement du premier degré,Ecole primaire,166.467888234029,-22.2619636836771,etablissements_publics_nc,63,1827,Aérodrome Sud
legislatives_2024,2,988,98818,Nouméa,NOUMEA,0050,1800,1127,673,1107,13,7,4,REG,NAISSELINE,Omayra Lisa Meun,FEMININ,Omayra Lisa Meun NAISSELINE,,729,,,,École Albert PERRAUD,ECOLE ALBERT PERRAUD,0.866,Ecole Albert PERRAUD,1 RUE HENRI BAUDOEUF,ENSEIGNEMENT ET FORMATION,Enseignement du premier degré,Ecole primaire,166.467888234029,-22.2619636836771,etablissements_publics_nc,63,1827,Aérodrome Sud
legislatives_2024,2,988,98818,Nouméa,NOUMEA,0051,1339,928,411,906,19,3,2,DVD,METZDORF,Nicolas,MASCULIN,Nicolas METZDORF,,731,,,élu,École Michel AMIOT,ECOLE MICHEL AMIOT,0.85,Ecole Michel AMIOT,12 RUE DE PRONY,ENSEIGNEMENT ET FORMATION,Enseignement du premier degré,Ecole primaire,166.468616034294,-22.2680303864914,etablissements_publics_nc,53,1817,Magenta Est
legislatives_2024,2,988,98818,Nouméa,NOUMEA,0051,1339,928,411,906,19,3,4,REG,NAISSELINE,Omayra Lisa Meun,FEMININ,Omayra Lisa Meun NAISSELINE,,175,,,,École Michel AMIOT,ECOLE MICHEL AMIOT,0.85,Ecole Michel AMIOT,12 RUE DE PRONY,ENSEIGNEMENT ET FORMATION,Enseignement du premier degré,Ecole primaire,166.468616034294,-22.2680303864914,etablissements_publics_nc,53,1817,Magenta Est
legislatives_2024,2,988,98818,Nouméa,NOUMEA,0052,1326,745,581,716,18,11,2,DVD,METZDORF,Nicolas,MASCULIN,Nicolas METZDORF,,644,,,élu,École Charles BICHON,ECOLE CHARLES BICHON,0.819,Ecole Charles BICHON,82 AVENUE DU GENERAL DE GAULLE,ENSEIGNEMENT ET FORMATION,Enseignement du premier degré,Ecole élémentaire,166.443767790723,-22.2808132680625,etablissements_publics_nc,45,1809,Orphelinat
legislatives_2024,2,988,98818,Nouméa,NOUMEA,0052,1326,745,581,716,18,11,4,REG,NAISSELINE,Omayra Lisa Meun,FEMININ,Omayra Lisa Meun NAISSELINE,,72,,,,École Charles BICHON,ECOLE CHARLES BICHON,0.819,Ecole Charles BICHON,82 AVENUE DU GENERAL DE GAULLE,ENSEIGNEMENT ET FORMATION,Enseignement du premier degré,Ecole élémentaire,166.443767790723,-22.2808132680625,etablissements_publics_nc,45,1809,Orphelinat
legislatives_2024,2,988,98818,Nouméa,NOUMEA,0053,1379,880,499,868,9,3,2,DVD,METZDORF,Nicolas,MASCULIN,Nicolas METZDORF,,808,,,élu,École les LYS,ECOLE LYS,0.686,Ecole FILANTE,8 RUE MARCELLIN LACABANNE,ENSEIGNEMENT ET FORMATION,Enseignement du premier degré,Autre structure scolaire,166.443135087106,-22.2929071476207,etablissements_publics_nc,42,1806,Motor Pool - Receiving
legislatives_2024,2,988,98818,Nouméa,NOUMEA,0053,1379,880,499,868,9,3,4,REG,NAISSELINE,Omayra Lisa Meun,FEMININ,Omayra Lisa Meun NAISSELINE,,60,,,,École les LYS,ECOLE LYS,0.686,Ecole FILANTE,8 RUE MARCELLIN LACABANNE,ENSEIGNEMENT ET FORMATION,Enseignement du premier degré,Autre structure scolaire,166.443135087106,-22.2929071476207,etablissements_publics_nc,42,1806,Motor Pool - Receiving
legislatives_2024,2,988,98818,Nouméa,NOUMEA,0054,1380,861,519,835,21,5,2,DVD,METZDORF,Nicolas,MASCULIN,Nicolas METZDORF,,589,,,élu,École le PETIT POUCET,ECOLE PETIT POUCET,0.762,Espace vert petit poucet,1 RUE DURMONT-D'URVILLE,PARC ESPACE PUBLIC ET LOISIR,Parcs et espaces verts,Espace vert,166.446452105063,-22.2638462676659,etablissements_publics_nc,60,1824,Vallée du Tir
legislatives_2024,2,988,98818,Nouméa,NOUMEA,0054,1380,861,519,835,21,5,4,REG,NAISSELINE,Omayra Lisa Meun,FEMININ,Omayra Lisa Meun NAISSELINE,,246,,,,École le PETIT POUCET,ECOLE PETIT POUCET,0.762,Espace vert petit poucet,1 RUE DURMONT-D'URVILLE,PARC ESPACE PUBLIC ET LOISIR,Parcs et espaces verts,Espace vert,166.446452105063,-22.2638462676659,etablissements_publics_nc,60,1824,Vallée du Tir
legislatives_2024,2,988,98818,Nouméa,NOUMEA,0055,1456,1114,342,1094,12,8,2,DVD,METZDORF,Nicolas,MASCULIN,Nicolas METZDORF,,1049,,,élu,École Serge LAIGLE,ECOLE SERGE LAIGLE,0.85,Ecole Serge LAIGLE,7 RUE GEORGES LEQUES,ENSEIGNEMENT ET FORMATION,Enseignement du premier degré,Ecole primaire,166.486016745804,-22.2343408388225,etablissements_publics_nc,71,1835,Tina
legislatives_2024,2,988,98818,Nouméa,NOUMEA,0055,1456,1114,342,1094,12,8,4,REG,NAISSELINE,Omayra Lisa Meun,FEMININ,Omayra Lisa Meun NAISSELINE,,45,,,,École Serge LAIGLE,ECOLE SERGE LAIGLE,0.85,Ecole Serge LAIGLE,7 RUE GEORGES LEQUES,ENSEIGNEMENT ET FORMATION,Enseignement du premier degré,Ecole primaire,166.486016745804,-22.2343408388225,etablissements_publics_nc,71,1835,Tina
legislatives_2024,2,988,98818,Nouméa,NOUMEA,0056,1762,1164,598,1145,17,2,2,DVD,METZDORF,Nicolas,MASCULIN,Nicolas METZDORF,,848,,,élu,École Guy CHAMPMOREAU,ECOLE GUY CHAMPMOREAU,0.874,Ecole Guy CHAMPMOREAU,17 RUE PASCAL SIHAZE,ENSEIGNEMENT ET FORMATION,Enseignement du premier degré,Ecole primaire,166.452313565802,-22.2892161943525,etablissements_publics_nc,43,1807,N'Géa
legislatives_2024,2,988,98818,Nouméa,NOUMEA,0056,1762,1164,598,1145,17,2,4,REG,NAISSELINE,Omayra Lisa Meun,FEMININ,Omayra Lisa Meun NAISSELINE,,297,,,,École Guy CHAMPMOREAU,ECOLE GUY CHAMPMOREAU,0.874,Ecole Guy CHAMPMOREAU,17 RUE PASCAL SIHAZE,ENSEIGNEMENT ET FORMATION,Enseignement du premier degré,Ecole primaire,166.452313565802,-22.2892161943525,etablissements_publics_nc,43,1807,N'Géa
legislatives_2024,2,988,98818,Nouméa,NOUMEA,0057,93,78,15,74,2,2,2,DVD,METZDORF,Nicolas,MASCULIN,Nicolas METZDORF,,6,,,élu,Mairie 3,MAIRIE,0.93,Hôtel de Ville de Nouméa,16 RUE DU GENERAL MANGIN,ADMINISTRATION ET ORGANISME,Administrations des collectivités,Administration de la commune de Nouméa,166.439401925184,-22.2714056104229,etablissements_publics_nc,58,1822,Centre ville
legislatives_2024,2,988,98818,Nouméa,NOUMEA,0057,93,78,15,74,2,2,4,REG,NAISSELINE,Omayra Lisa Meun,FEMININ,Omayra Lisa Meun NAISSELINE,,68,,,,Mairie 3,MAIRIE,0.93,Hôtel de Ville de Nouméa,16 RUE DU GENERAL MANGIN,ADMINISTRATION ET ORGANISME,Administrations des collectivités,Administration de la commune de Nouméa,166.439401925184,-22.2714056104229,etablissements_publics_nc,58,1822,Centre ville
legislatives_2024,2,988,98819,Ouégoa,OUEGOA,0001,836,632,204,622,6,4,2,REG,TJIBAOU,Emmanuel,MASCULIN,Emmanuel TJIBAOU,,180,,,élu,Mairie,MAIRIE,0.7,OUEGOA,Ouégoa,LIEU_DIT_NC,VILLE,,164.43943670837254,-20.34408534785039,tribus_villages_nc,82,1901,Ouégoa village - Balagam - Paraoua - Tarap
legislatives_2024,2,988,98819,Ouégoa,OUEGOA,0001,836,632,204,622,6,4,6,DVD,PONGA,Alcide,MASCULIN,Alcide PONGA,,442,,,,Mairie,MAIRIE,0.7,OUEGOA,Ouégoa,LIEU_DIT_NC,VILLE,,164.43943670837254,-20.34408534785039,tribus_villages_nc,82,1901,Ouégoa village - Balagam - Paraoua - Tarap
legislatives_2024,2,988,98819,Ouégoa,OUEGOA,0002,852,674,178,673,0,1,2,REG,TJIBAOU,Emmanuel,MASCULIN,Emmanuel TJIBAOU,,672,,,élu,Bondé,BONDE,1,Bondé,Ouégoa,LIEU_DIT_NC,LDH,Bodé,164.4324943000077,-20.429158724947957,tribus_villages_nc,84,1903,Bondé
legislatives_2024,2,988,98819,Ouégoa,OUEGOA,0002,852,674,178,673,0,1,6,DVD,PONGA,Alcide,MASCULIN,Alcide PONGA,,1,,,,Bondé,BONDE,1,Bondé,Ouégoa,LIEU_DIT_NC,LDH,Bodé,164.4324943000077,-20.429158724947957,tribus_villages_nc,84,1903,Bondé
legislatives_2024,2,988,98819,Ouégoa,OUEGOA,0003,389,269,120,269,0,0,2,REG,TJIBAOU,Emmanuel,MASCULIN,Emmanuel TJIBAOU,,269,,,élu,Paimboas,PAIMBOAS,0.99,Ouénia,Ouégoa,ARRETE_MANUAL,TRIBU,Wénya,164.52279333171543,-20.52170436626958,arrete_manual_tribus,84,1903,Bondé
legislatives_2024,2,988,98819,Ouégoa,OUEGOA,0003,389,269,120,269,0,0,6,DVD,PONGA,Alcide,MASCULIN,Alcide PONGA,,0,,,,Paimboas,PAIMBOAS,0.99,Ouénia,Ouégoa,ARRETE_MANUAL,TRIBU,Wénya,164.52279333171543,-20.52170436626958,arrete_manual_tribus,84,1903,Bondé
legislatives_2024,2,988,98819,Ouégoa,OUEGOA,0004,158,138,20,137,0,1,2,REG,TJIBAOU,Emmanuel,MASCULIN,Emmanuel TJIBAOU,,128,,,élu,Tiari,TIARI,1,Tiari,Ouégoa,LIEU_DIT_NC,TRIBU,Ciari,164.3468221527753,-20.245820839427363,tribus_villages_nc,83,1902,Pam - Tiari
legislatives_2024,2,988,98819,Ouégoa,OUEGOA,0004,158,138,20,137,0,1,6,DVD,PONGA,Alcide,MASCULIN,Alcide PONGA,,9,,,,Tiari,TIARI,1,Tiari,Ouégoa,LIEU_DIT_NC,TRIBU,Ciari,164.3468221527753,-20.245820839427363,tribus_villages_nc,83,1902,Pam - Tiari
legislatives_2024,2,988,98820,Ouvéa,OUVEA,0001,952,759,193,749,6,4,2,DVD,METZDORF,Nicolas,MASCULIN,Nicolas METZDORF,,25,,,élu,Mairie,MAIRIE,,,,,,,166.5351802059145,-20.652759156712985,arrete_manual_tribus,86,2002,Fayaoué
legislatives_2024,2,988,98820,Ouvéa,OUVEA,0001,952,759,193,749,6,4,4,REG,NAISSELINE,Omayra Lisa Meun,FEMININ,Omayra Lisa Meun NAISSELINE,,724,,,,Mairie,MAIRIE,,,,,,,166.5351802059145,-20.652759156712985,arrete_manual_tribus,86,2002,Fayaoué
legislatives_2024,2,988,98820,Ouvéa,OUVEA,0002,857,637,220,633,1,3,2,DVD,METZDORF,Nicolas,MASCULIN,Nicolas METZDORF,,10,,,élu,Fayaoué,FAYAOUE,1,Fayaoué,Ouvéa,LIEU_DIT_NC,TRIBU,Fajawe,166.5351802059145,-20.652759156712985,tribus_villages_nc,86,2002,Fayaoué
legislatives_2024,2,988,98820,Ouvéa,OUVEA,0002,857,637,220,633,1,3,4,REG,NAISSELINE,Omayra Lisa Meun,FEMININ,Omayra Lisa Meun NAISSELINE,,623,,,,Fayaoué,FAYAOUE,1,Fayaoué,Ouvéa,LIEU_DIT_NC,TRIBU,Fajawe,166.5351802059145,-20.652759156712985,tribus_villages_nc,86,2002,Fayaoué
legislatives_2024,2,988,98820,Ouvéa,OUVEA,0003,565,431,134,431,0,0,2,DVD,METZDORF,Nicolas,MASCULIN,Nicolas METZDORF,,9,,,élu,Heo,HEO,1,St Joseph,Ouvéa,LIEU_DIT_NC,TRIBU,Heo,166.60278918905198,-20.44905017069691,tribus_villages_nc,85,2001,Saint Joseph Gossanah Takedji
legislatives_2024,2,988,98820,Ouvéa,OUVEA,0003,565,431,134,431,0,0,4,REG,NAISSELINE,Omayra Lisa Meun,FEMININ,Omayra Lisa Meun NAISSELINE,,422,,,,Heo,HEO,1,St Joseph,Ouvéa,LIEU_DIT_NC,TRIBU,Heo,166.60278918905198,-20.44905017069691,tribus_villages_nc,85,2001,Saint Joseph Gossanah Takedji
legislatives_2024,2,988,98820,Ouvéa,OUVEA,0004,393,343,50,342,1,0,2,DVD,METZDORF,Nicolas,MASCULIN,Nicolas METZDORF,,2,,,élu,Mouli,MOULI,1,Mouli,Ouvéa,LIEU_DIT_NC,TRIBU,Muli,166.42132025613634,-20.72325484847604,tribus_villages_nc,87,2003,Mouli
legislatives_2024,2,988,98820,Ouvéa,OUVEA,0004,393,343,50,342,1,0,4,REG,NAISSELINE,Omayra Lisa Meun,FEMININ,Omayra Lisa Meun NAISSELINE,,340,,,,Mouli,MOULI,1,Mouli,Ouvéa,LIEU_DIT_NC,TRIBU,Muli,166.42132025613634,-20.72325484847604,tribus_villages_nc,87,2003,Mouli
legislatives_2024,2,988,98820,Ouvéa,OUVEA,0005,856,650,206,648,1,1,2,DVD,METZDORF,Nicolas,MASCULIN,Nicolas METZDORF,,4,,,élu,Wénéki,WENEKI,1,Weneki,Ouvéa,LIEU_DIT_NC,TRIBU,,166.61213110267843,-20.44626073917101,tribus_villages_nc,85,2001,Saint Joseph Gossanah Takedji
legislatives_2024,2,988,98820,Ouvéa,OUVEA,0005,856,650,206,648,1,1,4,REG,NAISSELINE,Omayra Lisa Meun,FEMININ,Omayra Lisa Meun NAISSELINE,,644,,,,Wénéki,WENEKI,1,Weneki,Ouvéa,LIEU_DIT_NC,TRIBU,,166.61213110267843,-20.44626073917101,tribus_villages_nc,85,2001,Saint Joseph Gossanah Takedji
legislatives_2024,2,988,98820,Ouvéa,OUVEA,0006,454,344,110,330,1,13,2,DVD,METZDORF,Nicolas,MASCULIN,Nicolas METZDORF,,8,,,élu,Ognahut,OGNAHUT,1,Ognahut,Ouvéa,LIEU_DIT_NC,TRIBU,Hanyââû,166.55961927804398,-20.65637156152609,tribus_villages_nc,86,2002,Fayaoué
legislatives_2024,2,988,98820,Ouvéa,OUVEA,0006,454,344,110,330,1,13,4,REG,NAISSELINE,Omayra Lisa Meun,FEMININ,Omayra Lisa Meun NAISSELINE,,322,,,,Ognahut,OGNAHUT,1,Ognahut,Ouvéa,LIEU_DIT_NC,TRIBU,Hanyââû,166.55961927804398,-20.65637156152609,tribus_villages_nc,86,2002,Fayaoué
legislatives_2024,2,988,98820,Ouvéa,OUVEA,0007,311,262,49,261,0,1,2,DVD,METZDORF,Nicolas,MASCULIN,Nicolas METZDORF,,1,,,élu,Lekine,LEKINE,1,Lekine,Ouvéa,LIEU_DIT_NC,TRIBU,Lekiny,166.49017173263093,-20.69359693939266,tribus_villages_nc,87,2003,Mouli
legislatives_2024,2,988,98820,Ouvéa,OUVEA,0007,311,262,49,261,0,1,4,REG,NAISSELINE,Omayra Lisa Meun,FEMININ,Omayra Lisa Meun NAISSELINE,,260,,,,Lekine,LEKINE,1,Lekine,Ouvéa,LIEU_DIT_NC,TRIBU,Lekiny,166.49017173263093,-20.69359693939266,tribus_villages_nc,87,2003,Mouli
legislatives_2024,2,988,98821,Païta,PAITA,0001,842,490,352,483,6,1,2,REG,TJIBAOU,Emmanuel,MASCULIN,Emmanuel TJIBAOU,,217,,,élu,Dock socio-culturel 1,DOCK SOCIO CULTUREL,0.973,Dock socioculturel,AVENUE JAMES PADDON,CULTUREL ET SOCIO EDUCATIF,Equipements culturels,Centre culturel maison culturelle et centre d'art,166.366370328351,-22.1294955354086,etablissements_publics_nc,91,2101,Paita centre
legislatives_2024,2,988,98821,Païta,PAITA,0001,842,490,352,483,6,1,6,DVD,PONGA,Alcide,MASCULIN,Alcide PONGA,,266,,,,Dock socio-culturel 1,DOCK SOCIO CULTUREL,0.973,Dock socioculturel,AVENUE JAMES PADDON,CULTUREL ET SOCIO EDUCATIF,Equipements culturels,Centre culturel maison culturelle et centre d'art,166.366370328351,-22.1294955354086,etablissements_publics_nc,91,2101,Paita centre
legislatives_2024,2,988,98821,Païta,PAITA,0002,836,598,238,592,5,1,2,REG,TJIBAOU,Emmanuel,MASCULIN,Emmanuel TJIBAOU,,272,,,élu,Dock socio-culturel 2,DOCK SOCIO CULTUREL,0.973,Dock socioculturel,AVENUE JAMES PADDON,CULTUREL ET SOCIO EDUCATIF,Equipements culturels,Centre culturel maison culturelle et centre d'art,166.366370328351,-22.1294955354086,etablissements_publics_nc,91,2101,Paita centre
legislatives_2024,2,988,98821,Païta,PAITA,0002,836,598,238,592,5,1,6,DVD,PONGA,Alcide,MASCULIN,Alcide PONGA,,320,,,,Dock socio-culturel 2,DOCK SOCIO CULTUREL,0.973,Dock socioculturel,AVENUE JAMES PADDON,CULTUREL ET SOCIO EDUCATIF,Equipements culturels,Centre culturel maison culturelle et centre d'art,166.366370328351,-22.1294955354086,etablissements_publics_nc,91,2101,Paita centre
legislatives_2024,2,988,98821,Païta,PAITA,0003,929,650,279,640,8,2,2,REG,TJIBAOU,Emmanuel,MASCULIN,Emmanuel TJIBAOU,,225,,,élu,Dock socio-culturel 3,DOCK SOCIO CULTUREL,0.973,Dock socioculturel,AVENUE JAMES PADDON,CULTUREL ET SOCIO EDUCATIF,Equipements culturels,Centre culturel maison culturelle et centre d'art,166.366370328351,-22.1294955354086,etablissements_publics_nc,91,2101,Paita centre
legislatives_2024,2,988,98821,Païta,PAITA,0003,929,650,279,640,8,2,6,DVD,PONGA,Alcide,MASCULIN,Alcide PONGA,,415,,,,Dock socio-culturel 3,DOCK SOCIO CULTUREL,0.973,Dock socioculturel,AVENUE JAMES PADDON,CULTUREL ET SOCIO EDUCATIF,Equipements culturels,Centre culturel maison culturelle et centre d'art,166.366370328351,-22.1294955354086,etablissements_publics_nc,91,2101,Paita centre
legislatives_2024,2,988,98821,Païta,PAITA,0004,878,596,282,590,4,2,2,REG,TJIBAOU,Emmanuel,MASCULIN,Emmanuel TJIBAOU,,155,,,élu,Dock socio-culturel 4,DOCK SOCIO CULTUREL,0.973,Dock socioculturel,AVENUE JAMES PADDON,CULTUREL ET SOCIO EDUCATIF,Equipements culturels,Centre culturel maison culturelle et centre d'art,166.366370328351,-22.1294955354086,etablissements_publics_nc,91,2101,Paita centre
legislatives_2024,2,988,98821,Païta,PAITA,0004,878,596,282,590,4,2,6,DVD,PONGA,Alcide,MASCULIN,Alcide PONGA,,435,,,,Dock socio-culturel 4,DOCK SOCIO CULTUREL,0.973,Dock socioculturel,AVENUE JAMES PADDON,CULTUREL ET SOCIO EDUCATIF,Equipements culturels,Centre culturel maison culturelle et centre d'art,166.366370328351,-22.1294955354086,etablissements_publics_nc,91,2101,Paita centre
legislatives_2024,2,988,98821,Païta,PAITA,0005,954,690,264,678,9,3,2,REG,TJIBAOU,Emmanuel,MASCULIN,Emmanuel TJIBAOU,,222,,,élu,Dock socio-culturel 5,DOCK SOCIO CULTUREL,0.973,Dock socioculturel,AVENUE JAMES PADDON,CULTUREL ET SOCIO EDUCATIF,Equipements culturels,Centre culturel maison culturelle et centre d'art,166.366370328351,-22.1294955354086,etablissements_publics_nc,91,2101,Paita centre
legislatives_2024,2,988,98821,Païta,PAITA,0005,954,690,264,678,9,3,6,DVD,PONGA,Alcide,MASCULIN,Alcide PONGA,,456,,,,Dock socio-culturel 5,DOCK SOCIO CULTUREL,0.973,Dock socioculturel,AVENUE JAMES PADDON,CULTUREL ET SOCIO EDUCATIF,Equipements culturels,Centre culturel maison culturelle et centre d'art,166.366370328351,-22.1294955354086,etablissements_publics_nc,91,2101,Paita centre
legislatives_2024,2,988,98821,Païta,PAITA,0006,917,684,233,681,3,0,2,REG,TJIBAOU,Emmanuel,MASCULIN,Emmanuel TJIBAOU,,385,,,élu,Mairie,MAIRIE,0.98,Mairie de Païta,,ADMINISTRATION ET ORGANISME,Administrations des collectivités,Administration de la commune de Païta,166.361658608639,-22.1291986951984,etablissements_publics_nc,91,2101,Paita centre
legislatives_2024,2,988,98821,Païta,PAITA,0006,917,684,233,681,3,0,6,DVD,PONGA,Alcide,MASCULIN,Alcide PONGA,,296,,,,Mairie,MAIRIE,0.98,Mairie de Païta,,ADMINISTRATION ET ORGANISME,Administrations des collectivités,Administration de la commune de Païta,166.361658608639,-22.1291986951984,etablissements_publics_nc,91,2101,Paita centre
legislatives_2024,2,988,98821,Païta,PAITA,0007,887,627,260,604,14,9,2,REG,TJIBAOU,Emmanuel,MASCULIN,Emmanuel TJIBAOU,,270,,,élu,École Vi Vete,ECOLE VI VETE,0.669,Ecole maternelle Vi-Vete,,ENSEIGNEMENT ET FORMATION,Enseignement du premier degré,Ecole pré-élémentaire,166.356291724406,-22.134484419519,etablissements_publics_nc,91,2101,Paita centre
legislatives_2024,2,988,98821,Païta,PAITA,0007,887,627,260,604,14,9,6,DVD,PONGA,Alcide,MASCULIN,Alcide PONGA,,334,,,,École Vi Vete,ECOLE VI VETE,0.669,Ecole maternelle Vi-Vete,,ENSEIGNEMENT ET FORMATION,Enseignement du premier degré,Ecole pré-élémentaire,166.356291724406,-22.134484419519,etablissements_publics_nc,91,2101,Paita centre
legislatives_2024,2,988,98821,Païta,PAITA,0008,1021,751,270,739,5,7,2,REG,TJIBAOU,Emmanuel,MASCULIN,Emmanuel TJIBAOU,,215,,,élu,École James Paddon,ECOLE JAMES PADDON,0.8,Ecole James Paddon,,ENSEIGNEMENT ET FORMATION,Enseignement du premier degré,Ecole élémentaire,166.359353160601,-22.1337644237458,etablissements_publics_nc,91,2101,Paita centre
legislatives_2024,2,988,98821,Païta,PAITA,0008,1021,751,270,739,5,7,6,DVD,PONGA,Alcide,MASCULIN,Alcide PONGA,,524,,,,École James Paddon,ECOLE JAMES PADDON,0.8,Ecole James Paddon,,ENSEIGNEMENT ET FORMATION,Enseignement du premier degré,Ecole élémentaire,166.359353160601,-22.1337644237458,etablissements_publics_nc,91,2101,Paita centre
legislatives_2024,2,988,98821,Païta,PAITA,0009,911,618,293,601,11,6,2,REG,TJIBAOU,Emmanuel,MASCULIN,Emmanuel TJIBAOU,,360,,,élu,École élémentaire Scheffleras 1,ECOLE ELEMENTAIRE SCHEFFLERAS,1,Ecole Scheffleras,,ENSEIGNEMENT ET FORMATION,Enseignement du premier degré,Ecole élémentaire,166.36989887391,-22.1257398247667,etablissements_publics_nc,92,2102,Scheffleras
legislatives_2024,2,988,98821,Païta,PAITA,0009,911,618,293,601,11,6,6,DVD,PONGA,Alcide,MASCULIN,Alcide PONGA,,241,,,,École élémentaire Scheffleras 1,ECOLE ELEMENTAIRE SCHEFFLERAS,1,Ecole Scheffleras,,ENSEIGNEMENT ET FORMATION,Enseignement du premier degré,Ecole élémentaire,166.36989887391,-22.1257398247667,etablissements_publics_nc,92,2102,Scheffleras
legislatives_2024,2,988,98821,Païta,PAITA,0010,1004,713,291,701,9,3,2,REG,TJIBAOU,Emmanuel,MASCULIN,Emmanuel TJIBAOU,,331,,,élu,École élémentaire Scheffleras 2,ECOLE ELEMENTAIRE SCHEFFLERAS,1,Ecole Scheffleras,,ENSEIGNEMENT ET FORMATION,Enseignement du premier degré,Ecole élémentaire,166.36989887391,-22.1257398247667,etablissements_publics_nc,92,2102,Scheffleras
legislatives_2024,2,988,98821,Païta,PAITA,0010,1004,713,291,701,9,3,6,DVD,PONGA,Alcide,MASCULIN,Alcide PONGA,,370,,,,École élémentaire Scheffleras 2,ECOLE ELEMENTAIRE SCHEFFLERAS,1,Ecole Scheffleras,,ENSEIGNEMENT ET FORMATION,Enseignement du premier degré,Ecole élémentaire,166.36989887391,-22.1257398247667,etablissements_publics_nc,92,2102,Scheffleras
legislatives_2024,2,988,98821,Païta,PAITA,0011,887,636,251,620,11,5,2,REG,TJIBAOU,Emmanuel,MASCULIN,Emmanuel TJIBAOU,,245,,,élu,École maternelle Scheffleras 1,ECOLE MATERNELLE SCHEFFLERAS,0.787,Ecole Scheffleras,,ENSEIGNEMENT ET FORMATION,Enseignement du premier degré,Ecole élémentaire,166.36989887391,-22.1257398247667,etablissements_publics_nc,92,2102,Scheffleras
legislatives_2024,2,988,98821,Païta,PAITA,0011,887,636,251,620,11,5,6,DVD,PONGA,Alcide,MASCULIN,Alcide PONGA,,375,,,,École maternelle Scheffleras 1,ECOLE MATERNELLE SCHEFFLERAS,0.787,Ecole Scheffleras,,ENSEIGNEMENT ET FORMATION,Enseignement du premier degré,Ecole élémentaire,166.36989887391,-22.1257398247667,etablissements_publics_nc,92,2102,Scheffleras
legislatives_2024,2,988,98821,Païta,PAITA,0012,821,600,221,589,8,3,2,REG,TJIBAOU,Emmanuel,MASCULIN,Emmanuel TJIBAOU,,153,,,élu,École maternelle Scheffleras 2,ECOLE MATERNELLE SCHEFFLERAS,0.787,Ecole Scheffleras,,ENSEIGNEMENT ET FORMATION,Enseignement du premier degré,Ecole élémentaire,166.36989887391,-22.1257398247667,etablissements_publics_nc,92,2102,Scheffleras
legislatives_2024,2,988,98821,Païta,PAITA,0012,821,600,221,589,8,3,6,DVD,PONGA,Alcide,MASCULIN,Alcide PONGA,,436,,,,École maternelle Scheffleras 2,ECOLE MATERNELLE SCHEFFLERAS,0.787,Ecole Scheffleras,,ENSEIGNEMENT ET FORMATION,Enseignement du premier degré,Ecole élémentaire,166.36989887391,-22.1257398247667,etablissements_publics_nc,92,2102,Scheffleras
legislatives_2024,2,988,98821,Païta,PAITA,0013,786,547,239,537,9,1,2,REG,TJIBAOU,Emmanuel,MASCULIN,Emmanuel TJIBAOU,,249,,,élu,École primaire Jean Ounou COTTIN 1,ECOLE PRIMAIRE JEAN OUNOU COTTIN,0.8,Groupe scolaire Jean Ounou COTTIN,,ENSEIGNEMENT ET FORMATION,Enseignement du premier degré,Groupe scolaire,166.265966445473,-22.0605318544913,etablissements_publics_nc,96,2106,Tamoa Bangou Saint Laurent
legislatives_2024,2,988,98821,Païta,PAITA,0013,786,547,239,537,9,1,6,DVD,PONGA,Alcide,MASCULIN,Alcide PONGA,,288,,,,École primaire Jean Ounou COTTIN 1,ECOLE PRIMAIRE JEAN OUNOU COTTIN,0.8,Groupe scolaire Jean Ounou COTTIN,,ENSEIGNEMENT ET FORMATION,Enseignement du premier degré,Groupe scolaire,166.265966445473,-22.0605318544913,etablissements_publics_nc,96,2106,Tamoa Bangou Saint Laurent
legislatives_2024,2,988,98821,Païta,PAITA,0014,593,453,140,452,0,1,2,REG,TJIBAOU,Emmanuel,MASCULIN,Emmanuel TJIBAOU,,416,,,élu,École primaire Jean Ounou COTTIN 2,ECOLE PRIMAIRE JEAN OUNOU COTTIN,0.8,Groupe scolaire Jean Ounou COTTIN,,ENSEIGNEMENT ET FORMATION,Enseignement du premier degré,Groupe scolaire,166.265966445473,-22.0605318544913,etablissements_publics_nc,96,2106,Tamoa Bangou Saint Laurent
legislatives_2024,2,988,98821,Païta,PAITA,0014,593,453,140,452,0,1,6,DVD,PONGA,Alcide,MASCULIN,Alcide PONGA,,36,,,,École primaire Jean Ounou COTTIN 2,ECOLE PRIMAIRE JEAN OUNOU COTTIN,0.8,Groupe scolaire Jean Ounou COTTIN,,ENSEIGNEMENT ET FORMATION,Enseignement du premier degré,Groupe scolaire,166.265966445473,-22.0605318544913,etablissements_publics_nc,96,2106,Tamoa Bangou Saint Laurent
legislatives_2024,2,988,98821,Païta,PAITA,0015,763,517,246,508,7,2,2,REG,TJIBAOU,Emmanuel,MASCULIN,Emmanuel TJIBAOU,,188,,,élu,Mairie annexe de Tontouta,MAIRIE ANNEXE TONTOUTA,0.83,Mairie annexe de Païta,,ADMINISTRATION ET ORGANISME,Administrations des collectivités,Administration de la commune de Païta,166.22014428712,-22.0130384994051,etablissements_publics_nc,97,2107,Tontouta Tiaré
legislatives_2024,2,988,98821,Païta,PAITA,0015,763,517,246,508,7,2,6,DVD,PONGA,Alcide,MASCULIN,Alcide PONGA,,320,,,,Mairie annexe de Tontouta,MAIRIE ANNEXE TONTOUTA,0.83,Mairie annexe de Païta,,ADMINISTRATION ET ORGANISME,Administrations des collectivités,Administration de la commune de Païta,166.22014428712,-22.0130384994051,etablissements_publics_nc,97,2107,Tontouta Tiaré
legislatives_2024,2,988,98821,Païta,PAITA,0016,821,636,185,631,3,2,2,REG,TJIBAOU,Emmanuel,MASCULIN,Emmanuel TJIBAOU,,46,,,élu,École Robert Abel- 1,ECOLE ROBERT ABEL,0.8,Ecole Robert ABEL,,ENSEIGNEMENT ET FORMATION,Enseignement du premier degré,Ecole primaire,166.379189029935,-22.1384982889128,etablissements_publics_nc,93,2103,Nogouta-Les 3 Vallées
legislatives_2024,2,988,98821,Païta,PAITA,0016,821,636,185,631,3,2,6,DVD,PONGA,Alcide,MASCULIN,Alcide PONGA,,585,,,,École Robert Abel- 1,ECOLE ROBERT ABEL,0.8,Ecole Robert ABEL,,ENSEIGNEMENT ET FORMATION,Enseignement du premier degré,Ecole primaire,166.379189029935,-22.1384982889128,etablissements_publics_nc,93,2103,Nogouta-Les 3 Vallées
legislatives_2024,2,988,98821,Païta,PAITA,0017,1083,822,261,809,8,5,2,REG,TJIBAOU,Emmanuel,MASCULIN,Emmanuel TJIBAOU,,284,,,élu,École Robert Abel- 2,ECOLE ROBERT ABEL,0.8,Ecole Robert ABEL,,ENSEIGNEMENT ET FORMATION,Enseignement du premier degré,Ecole primaire,166.379189029935,-22.1384982889128,etablissements_publics_nc,93,2103,Nogouta-Les 3 Vallées
legislatives_2024,2,988,98821,Païta,PAITA,0017,1083,822,261,809,8,5,6,DVD,PONGA,Alcide,MASCULIN,Alcide PONGA,,525,,,,École Robert Abel- 2,ECOLE ROBERT ABEL,0.8,Ecole Robert ABEL,,ENSEIGNEMENT ET FORMATION,Enseignement du premier degré,Ecole primaire,166.379189029935,-22.1384982889128,etablissements_publics_nc,93,2103,Nogouta-Les 3 Vallées
legislatives_2024,2,988,98821,Païta,PAITA,0018,1024,771,253,750,12,9,2,REG,TJIBAOU,Emmanuel,MASCULIN,Emmanuel TJIBAOU,,323,,,élu,Ecole James Paddon 2,ECOLE JAMES PADDON,0.8,Ecole James Paddon,,ENSEIGNEMENT ET FORMATION,Enseignement du premier degré,Ecole élémentaire,166.359353160601,-22.1337644237458,etablissements_publics_nc,91,2101,Paita centre
legislatives_2024,2,988,98821,Païta,PAITA,0018,1024,771,253,750,12,9,6,DVD,PONGA,Alcide,MASCULIN,Alcide PONGA,,427,,,,Ecole James Paddon 2,ECOLE JAMES PADDON,0.8,Ecole James Paddon,,ENSEIGNEMENT ET FORMATION,Enseignement du premier degré,Ecole élémentaire,166.359353160601,-22.1337644237458,etablissements_publics_nc,91,2101,Paita centre
legislatives_2024,2,988,98821,Païta,PAITA,0019,625,455,170,449,5,1,2,REG,TJIBAOU,Emmanuel,MASCULIN,Emmanuel TJIBAOU,,120,,,élu,Ecole Jean Ounou Cottin 3,ECOLE JEAN OUNOU COTTIN,0.821,Groupe scolaire Jean Ounou COTTIN,,ENSEIGNEMENT ET FORMATION,Enseignement du premier degré,Groupe scolaire,166.265966445473,-22.0605318544913,etablissements_publics_nc,96,2106,Tamoa Bangou Saint Laurent
legislatives_2024,2,988,98821,Païta,PAITA,0019,625,455,170,449,5,1,6,DVD,PONGA,Alcide,MASCULIN,Alcide PONGA,,329,,,,Ecole Jean Ounou Cottin 3,ECOLE JEAN OUNOU COTTIN,0.821,Groupe scolaire Jean Ounou COTTIN,,ENSEIGNEMENT ET FORMATION,Enseignement du premier degré,Groupe scolaire,166.265966445473,-22.0605318544913,etablissements_publics_nc,96,2106,Tamoa Bangou Saint Laurent
legislatives_2024,2,988,98822,Poindimié,POINDIMIE,0001,1300,954,346,938,9,7,2,REG,TJIBAOU,Emmanuel,MASCULIN,Emmanuel TJIBAOU,,625,,,élu,Mairie,MAIRIE,0.7,POINDIMIE,Poindimié,LIEU_DIT_NC,VILLE,Pwêêdi Wiimiâ,165.33315827223544,-20.938215187057807,tribus_villages_nc,102,2201,Poindimié village
legislatives_2024,2,988,98822,Poindimié,POINDIMIE,0001,1300,954,346,938,9,7,6,DVD,PONGA,Alcide,MASCULIN,Alcide PONGA,,313,,,,Mairie,MAIRIE,0.7,POINDIMIE,Poindimié,LIEU_DIT_NC,VILLE,Pwêêdi Wiimiâ,165.33315827223544,-20.938215187057807,tribus_villages_nc,102,2201,Poindimié village
legislatives_2024,2,988,98822,Poindimié,POINDIMIE,0002,517,421,96,411,0,10,2,REG,TJIBAOU,Emmanuel,MASCULIN,Emmanuel TJIBAOU,,396,,,élu,Ouindo,OUINDO,1,Ouindo,Poindimié,LIEU_DIT_NC,TRIBU,Wiidö,165.39928663560227,-20.98624503490911,tribus_villages_nc,104,2204,Tibarama - Bayes - Ouindo - Ometteux - Napoém
legislatives_2024,2,988,98822,Poindimié,POINDIMIE,0002,517,421,96,411,0,10,6,DVD,PONGA,Alcide,MASCULIN,Alcide PONGA,,15,,,,Ouindo,OUINDO,1,Ouindo,Poindimié,LIEU_DIT_NC,TRIBU,Wiidö,165.39928663560227,-20.98624503490911,tribus_villages_nc,104,2204,Tibarama - Bayes - Ouindo - Ometteux - Napoém
legislatives_2024,2,988,98822,Poindimié,POINDIMIE,0003,593,502,91,493,9,0,2,REG,TJIBAOU,Emmanuel,MASCULIN,Emmanuel TJIBAOU,,479,,,élu,Bayes,BAYES,1,Bayes,Poindimié,LIEU_DIT_NC,TRIBU,Nägèè,165.41027144991733,-20.95108534474138,tribus_villages_nc,104,2204,Tibarama - Bayes - Ouindo - Ometteux - Napoém
legislatives_2024,2,988,98822,Poindimié,POINDIMIE,0003,593,502,91,493,9,0,6,DVD,PONGA,Alcide,MASCULIN,Alcide PONGA,,14,,,,Bayes,BAYES,1,Bayes,Poindimié,LIEU_DIT_NC,TRIBU,Nägèè,165.41027144991733,-20.95108534474138,tribus_villages_nc,104,2204,Tibarama - Bayes - Ouindo - Ometteux - Napoém
legislatives_2024,2,988,98822,Poindimié,POINDIMIE,0004,515,417,98,415,1,1,2,REG,TJIBAOU,Emmanuel,MASCULIN,Emmanuel TJIBAOU,,409,,,élu,Amoa,AMOA,0.667,Paama,Poindimié,LIEU_DIT_NC,TRIBU,Na ara pô,165.39810099674145,-20.94109090560688,tribus_villages_nc,104,2204,Tibarama - Bayes - Ouindo - Ometteux - Napoém
legislatives_2024,2,988,98822,Poindimié,POINDIMIE,0004,515,417,98,415,1,1,6,DVD,PONGA,Alcide,MASCULIN,Alcide PONGA,,6,,,,Amoa,AMOA,0.667,Paama,Poindimié,LIEU_DIT_NC,TRIBU,Na ara pô,165.39810099674145,-20.94109090560688,tribus_villages_nc,104,2204,Tibarama - Bayes - Ouindo - Ometteux - Napoém
legislatives_2024,2,988,98822,Poindimié,POINDIMIE,0005,564,458,106,455,2,1,2,REG,TJIBAOU,Emmanuel,MASCULIN,Emmanuel TJIBAOU,,453,,,élu,Tyé,TYE,1,Tié,Poindimié,LIEU_DIT_NC,TRIBU,Cié,165.2980420173767,-20.900766814763863,tribus_villages_nc,103,2202,Tiéti - Tyé
legislatives_2024,2,988,98822,Poindimié,POINDIMIE,0005,564,458,106,455,2,1,6,DVD,PONGA,Alcide,MASCULIN,Alcide PONGA,,2,,,,Tyé,TYE,1,Tié,Poindimié,LIEU_DIT_NC,TRIBU,Cié,165.2980420173767,-20.900766814763863,tribus_villages_nc,103,2202,Tiéti - Tyé
legislatives_2024,2,988,98822,Poindimié,POINDIMIE,0006,332,288,44,288,0,0,2,REG,TJIBAOU,Emmanuel,MASCULIN,Emmanuel TJIBAOU,,281,,,élu,Tiwaka,TIWAKA,1,Tiwaka,Poindimié,LIEU_DIT_NC,TRIBU,,165.22299948568272,-20.895132063083377,tribus_villages_nc,103,2202,Tiéti - Tyé
legislatives_2024,2,988,98822,Poindimié,POINDIMIE,0006,332,288,44,288,0,0,6,DVD,PONGA,Alcide,MASCULIN,Alcide PONGA,,7,,,,Tiwaka,TIWAKA,1,Tiwaka,Poindimié,LIEU_DIT_NC,TRIBU,,165.22299948568272,-20.895132063083377,tribus_villages_nc,103,2202,Tiéti - Tyé
legislatives_2024,2,988,98822,Poindimié,POINDIMIE,0007,599,491,108,482,5,4,2,REG,TJIBAOU,Emmanuel,MASCULIN,Emmanuel TJIBAOU,,459,,,élu,Tiéti,TIETI,1,Tiéti,Poindimié,LIEU_DIT_NC,TRIBU,Näcètii,165.31101622324238,-20.919563042768107,tribus_villages_nc,103,2202,Tiéti - Tyé
legislatives_2024,2,988,98822,Poindimié,POINDIMIE,0007,599,491,108,482,5,4,6,DVD,PONGA,Alcide,MASCULIN,Alcide PONGA,,23,,,,Tiéti,TIETI,1,Tiéti,Poindimié,LIEU_DIT_NC,TRIBU,Näcètii,165.31101622324238,-20.919563042768107,tribus_villages_nc,103,2202,Tiéti - Tyé
legislatives_2024,2,988,98823,Ponérihouen,PONERIHOUEN,0001,510,349,161,340,3,6,2,REG,TJIBAOU,Emmanuel,MASCULIN,Emmanuel TJIBAOU,,270,,,élu,Mairie,MAIRIE,0.7,PONERIHOUEN,Ponérihouen,LIEU_DIT_NC,VILLE,Pwäräiriwä,165.40196429415164,-21.070938768181968,tribus_villages_nc,106,2302,Ponérihouen village
legislatives_2024,2,988,98823,Ponérihouen,PONERIHOUEN,0001,510,349,161,340,3,6,6,DVD,PONGA,Alcide,MASCULIN,Alcide PONGA,,70,,,,Mairie,MAIRIE,0.7,PONERIHOUEN,Ponérihouen,LIEU_DIT_NC,VILLE,Pwäräiriwä,165.40196429415164,-21.070938768181968,tribus_villages_nc,106,2302,Ponérihouen village
legislatives_2024,2,988,98823,Ponérihouen,PONERIHOUEN,0002,460,258,202,258,0,0,2,REG,TJIBAOU,Emmanuel,MASCULIN,Emmanuel TJIBAOU,,241,,,élu,Monéo,MONEO,1,Monéo,Ponérihouen,LIEU_DIT_NC,TRIBU,Kwéaa,165.47846310724432,-21.150451617013218,tribus_villages_nc,106,2302,Ponérihouen village
legislatives_2024,2,988,98823,Ponérihouen,PONERIHOUEN,0002,460,258,202,258,0,0,6,DVD,PONGA,Alcide,MASCULIN,Alcide PONGA,,17,,,,Monéo,MONEO,1,Monéo,Ponérihouen,LIEU_DIT_NC,TRIBU,Kwéaa,165.47846310724432,-21.150451617013218,tribus_villages_nc,106,2302,Ponérihouen village
legislatives_2024,2,988,98823,Ponérihouen,PONERIHOUEN,0003,323,191,132,191,0,0,2,REG,TJIBAOU,Emmanuel,MASCULIN,Emmanuel TJIBAOU,,175,,,élu,Tchamba,TCHAMBA,1,Tchamba,Ponérihouen,LIEU_DIT_NC,TRIBU,(Câba),165.2930233618618,-21.038585818858223,tribus_villages_nc,107,2303,Goyetta - Goa - Nébouéba - St Yves
legislatives_2024,2,988,98823,Ponérihouen,PONERIHOUEN,0003,323,191,132,191,0,0,6,DVD,PONGA,Alcide,MASCULIN,Alcide PONGA,,16,,,,Tchamba,TCHAMBA,1,Tchamba,Ponérihouen,LIEU_DIT_NC,TRIBU,(Câba),165.2930233618618,-21.038585818858223,tribus_villages_nc,107,2303,Goyetta - Goa - Nébouéba - St Yves
legislatives_2024,2,988,98823,Ponérihouen,PONERIHOUEN,0004,408,283,125,281,1,1,2,REG,TJIBAOU,Emmanuel,MASCULIN,Emmanuel TJIBAOU,,279,,,élu,Goa (maison commune),GOA MAISON COMMUNE,0.95,Goa,Ponérihouen,LIEU_DIT_NC,TRIBU,Göröwâméadù,165.30971500397104,-21.10629747908845,tribus_villages_nc,107,2303,Goyetta - Goa - Nébouéba - St Yves
legislatives_2024,2,988,98823,Ponérihouen,PONERIHOUEN,0004,408,283,125,281,1,1,6,DVD,PONGA,Alcide,MASCULIN,Alcide PONGA,,2,,,,Goa (maison commune),GOA MAISON COMMUNE,0.95,Goa,Ponérihouen,LIEU_DIT_NC,TRIBU,Göröwâméadù,165.30971500397104,-21.10629747908845,tribus_villages_nc,107,2303,Goyetta - Goa - Nébouéba - St Yves
legislatives_2024,2,988,98823,Ponérihouen,PONERIHOUEN,0005,511,389,122,388,1,0,2,REG,TJIBAOU,Emmanuel,MASCULIN,Emmanuel TJIBAOU,,387,,,élu,Grondu (maison commune),GRONDU MAISON COMMUNE,0.95,Grondu,Ponérihouen,LIEU_DIT_NC,TRIBU,Göröidù,165.38976794045686,-21.076609909810266,tribus_villages_nc,106,2302,Ponérihouen village
legislatives_2024,2,988,98823,Ponérihouen,PONERIHOUEN,0005,511,389,122,388,1,0,6,DVD,PONGA,Alcide,MASCULIN,Alcide PONGA,,1,,,,Grondu (maison commune),GRONDU MAISON COMMUNE,0.95,Grondu,Ponérihouen,LIEU_DIT_NC,TRIBU,Göröidù,165.38976794045686,-21.076609909810266,tribus_villages_nc,106,2302,Ponérihouen village
legislatives_2024,2,988,98823,Ponérihouen,PONERIHOUEN,0006,175,98,77,95,2,1,2,REG,TJIBAOU,Emmanuel,MASCULIN,Emmanuel TJIBAOU,,92,,,élu,Mou (chefferie),MOU CHEFFERIE,0.95,Mou,Ponérihouen,LIEU_DIT_NC,TRIBU,Aupatöriba,165.44259083569398,-21.09696482410325,tribus_villages_nc,106,2302,Ponérihouen village
legislatives_2024,2,988,98823,Ponérihouen,PONERIHOUEN,0006,175,98,77,95,2,1,6,DVD,PONGA,Alcide,MASCULIN,Alcide PONGA,,3,,,,Mou (chefferie),MOU CHEFFERIE,0.95,Mou,Ponérihouen,LIEU_DIT_NC,TRIBU,Aupatöriba,165.44259083569398,-21.09696482410325,tribus_villages_nc,106,2302,Ponérihouen village
legislatives_2024,2,988,98823,Ponérihouen,PONERIHOUEN,0007,334,246,88,245,0,1,2,REG,TJIBAOU,Emmanuel,MASCULIN,Emmanuel TJIBAOU,,244,,,élu,Goyetta Commune de POUEBO,GOYETTA COMMUNE POUEBO,0.95,Pöö,Ponérihouen,LIEU_DIT_NC,TRIBU,Pwënîrî wâdé,165.38150315716302,-21.17209523739158,tribus_villages_nc,106,2302,Ponérihouen village
legislatives_2024,2,988,98823,Ponérihouen,PONERIHOUEN,0007,334,246,88,245,0,1,6,DVD,PONGA,Alcide,MASCULIN,Alcide PONGA,,1,,,,Goyetta Commune de POUEBO,GOYETTA COMMUNE POUEBO,0.95,Pöö,Ponérihouen,LIEU_DIT_NC,TRIBU,Pwënîrî wâdé,165.38150315716302,-21.17209523739158,tribus_villages_nc,106,2302,Ponérihouen village
legislatives_2024,2,988,98824,Pouébo,POUEBO,0001,756,574,182,573,0,1,2,REG,TJIBAOU,Emmanuel,MASCULIN,Emmanuel TJIBAOU,,572,,,élu,Mairie,MAIRIE,0.7,POUEBO,Pouébo,LIEU_DIT_NC,VILLE,,164.5872015210802,-20.399273159074973,tribus_villages_nc,109,2401,Pouébo village - St Ferdinand - St Louis
legislatives_2024,2,988,98824,Pouébo,POUEBO,0001,756,574,182,573,0,1,6,DVD,PONGA,Alcide,MASCULIN,Alcide PONGA,,1,,,,Mairie,MAIRIE,0.7,POUEBO,Pouébo,LIEU_DIT_NC,VILLE,,164.5872015210802,-20.399273159074973,tribus_villages_nc,109,2401,Pouébo village - St Ferdinand - St Louis
legislatives_2024,2,988,98824,Pouébo,POUEBO,0002,588,436,152,434,1,1,2,REG,TJIBAOU,Emmanuel,MASCULIN,Emmanuel TJIBAOU,,412,,,élu,Saint Denis Ballade,SAINT DENIS BALLADE,0.973,St Denis,Pouébo,LIEU_DIT_NC,TRIBU,,164.49963895578423,-20.310000557096696,tribus_villages_nc,109,2401,Pouébo village - St Ferdinand - St Louis
legislatives_2024,2,988,98824,Pouébo,POUEBO,0002,588,436,152,434,1,1,6,DVD,PONGA,Alcide,MASCULIN,Alcide PONGA,,22,,,,Saint Denis Ballade,SAINT DENIS BALLADE,0.973,St Denis,Pouébo,LIEU_DIT_NC,TRIBU,,164.49963895578423,-20.310000557096696,tribus_villages_nc,109,2401,Pouébo village - St Ferdinand - St Louis
legislatives_2024,2,988,98824,Pouébo,POUEBO,0003,406,305,101,305,0,0,2,REG,TJIBAOU,Emmanuel,MASCULIN,Emmanuel TJIBAOU,,305,,,élu,Yambé,YAMBE,1,Yambé,Pouébo,LIEU_DIT_NC,TRIBU,Yabé,164.658766232452,-20.439464504971355,tribus_villages_nc,110,2402,Tchamboéne - Diahoué - Colnett
legislatives_2024,2,988,98824,Pouébo,POUEBO,0003,406,305,101,305,0,0,6,DVD,PONGA,Alcide,MASCULIN,Alcide PONGA,,0,,,,Yambé,YAMBE,1,Yambé,Pouébo,LIEU_DIT_NC,TRIBU,Yabé,164.658766232452,-20.439464504971355,tribus_villages_nc,110,2402,Tchamboéne - Diahoué - Colnett
legislatives_2024,2,988,98824,Pouébo,POUEBO,0004,554,414,140,409,2,3,2,REG,TJIBAOU,Emmanuel,MASCULIN,Emmanuel TJIBAOU,,404,,,élu,Saint-Louis,SAINT LOUIS,1,St Louis,Pouébo,LIEU_DIT_NC,TRIBU,,164.56475883280652,-20.370617010719258,tribus_villages_nc,109,2401,Pouébo village - St Ferdinand - St Louis
legislatives_2024,2,988,98824,Pouébo,POUEBO,0004,554,414,140,409,2,3,6,DVD,PONGA,Alcide,MASCULIN,Alcide PONGA,,5,,,,Saint-Louis,SAINT LOUIS,1,St Louis,Pouébo,LIEU_DIT_NC,TRIBU,,164.56475883280652,-20.370617010719258,tribus_villages_nc,109,2401,Pouébo village - St Ferdinand - St Louis
legislatives_2024,2,988,98824,Pouébo,POUEBO,0005,123,85,38,84,1,0,2,REG,TJIBAOU,Emmanuel,MASCULIN,Emmanuel TJIBAOU,,83,,,élu,Colnett - maison commune,COLNETT MAISON COMMUNE,0.95,Colnett,Pouébo,LIEU_DIT_NC,TRIBU,,164.73002659765442,-20.4756971674156,tribus_villages_nc,110,2402,Tchamboéne - Diahoué - Colnett
legislatives_2024,2,988,98824,Pouébo,POUEBO,0005,123,85,38,84,1,0,6,DVD,PONGA,Alcide,MASCULIN,Alcide PONGA,,1,,,,Colnett - maison commune,COLNETT MAISON COMMUNE,0.95,Colnett,Pouébo,LIEU_DIT_NC,TRIBU,,164.73002659765442,-20.4756971674156,tribus_villages_nc,110,2402,Tchamboéne - Diahoué - Colnett
legislatives_2024,2,988,98825,Pouembout,POUEMBOUT,0001,1072,802,270,784,15,3,2,REG,TJIBAOU,Emmanuel,MASCULIN,Emmanuel TJIBAOU,,333,,,élu,Mairie,MAIRIE,0.98,Mairie de Pouembout,302 AVENUE DE POUEMBOUT,ADMINISTRATION ET ORGANISME,Administrations des collectivités,Administration de la commune de Pouembout,164.901099514933,-21.1214333298182,etablissements_publics_nc,112,2501,Pouembout village
legislatives_2024,2,988,98825,Pouembout,POUEMBOUT,0001,1072,802,270,784,15,3,6,DVD,PONGA,Alcide,MASCULIN,Alcide PONGA,,451,,,,Mairie,MAIRIE,0.98,Mairie de Pouembout,302 AVENUE DE POUEMBOUT,ADMINISTRATION ET ORGANISME,Administrations des collectivités,Administration de la commune de Pouembout,164.901099514933,-21.1214333298182,etablissements_publics_nc,112,2501,Pouembout village
legislatives_2024,2,988,98825,Pouembout,POUEMBOUT,0002,836,672,164,665,5,2,2,REG,TJIBAOU,Emmanuel,MASCULIN,Emmanuel TJIBAOU,,419,,,élu,Paouta,PAOUTA,0.93,Maison commune de Paouta,,CULTUREL ET SOCIO EDUCATIF,Equipements socio-éducatifs et socio-culturels,Maison de jeune et maison de quartier,165.004824198459,-21.061258041708,etablissements_publics_nc,113,2503,Pinda - Ouaté - Kopéto
legislatives_2024,2,988,98825,Pouembout,POUEMBOUT,0002,836,672,164,665,5,2,6,DVD,PONGA,Alcide,MASCULIN,Alcide PONGA,,246,,,,Paouta,PAOUTA,0.93,Maison commune de Paouta,,CULTUREL ET SOCIO EDUCATIF,Equipements socio-éducatifs et socio-culturels,Maison de jeune et maison de quartier,165.004824198459,-21.061258041708,etablissements_publics_nc,113,2503,Pinda - Ouaté - Kopéto
legislatives_2024,2,988,98826,Poum,POUM,0001,665,518,147,511,4,3,2,REG,TJIBAOU,Emmanuel,MASCULIN,Emmanuel TJIBAOU,,410,,,élu,Mairie,MAIRIE,0.7,POUM,Poum,LIEU_DIT_NC,VILLE,,164.02565823453438,-20.232335490929035,tribus_villages_nc,114,2601,Poum du village - Poingam
legislatives_2024,2,988,98826,Poum,POUM,0001,665,518,147,511,4,3,6,DVD,PONGA,Alcide,MASCULIN,Alcide PONGA,,101,,,,Mairie,MAIRIE,0.7,POUM,Poum,LIEU_DIT_NC,VILLE,,164.02565823453438,-20.232335490929035,tribus_villages_nc,114,2601,Poum du village - Poingam
legislatives_2024,2,988,98826,Poum,POUM,0002,459,350,109,350,0,0,2,REG,TJIBAOU,Emmanuel,MASCULIN,Emmanuel TJIBAOU,,335,,,élu,Tiabet,TIABET,1,Tiabet,Poum,LIEU_DIT_NC,TRIBU,Cavet,164.0259384508845,-20.127138518272172,tribus_villages_nc,114,2601,Poum du village - Poingam
legislatives_2024,2,988,98826,Poum,POUM,0002,459,350,109,350,0,0,6,DVD,PONGA,Alcide,MASCULIN,Alcide PONGA,,15,,,,Tiabet,TIABET,1,Tiabet,Poum,LIEU_DIT_NC,TRIBU,Cavet,164.0259384508845,-20.127138518272172,tribus_villages_nc,114,2601,Poum du village - Poingam
legislatives_2024,2,988,98826,Poum,POUM,0003,409,302,107,302,0,0,2,REG,TJIBAOU,Emmanuel,MASCULIN,Emmanuel TJIBAOU,,295,,,élu,École catholique d’Arama,ECOLE CATHOLIQUE D ARAMA,0.95,Arama,Poum,LIEU_DIT_NC,LDH,Aramwâ,164.20258021961365,-20.252916819670393,tribus_villages_nc,115,2603,Bouarou - Pangai - Narai
legislatives_2024,2,988,98826,Poum,POUM,0003,409,302,107,302,0,0,6,DVD,PONGA,Alcide,MASCULIN,Alcide PONGA,,7,,,,École catholique d’Arama,ECOLE CATHOLIQUE D ARAMA,0.95,Arama,Poum,LIEU_DIT_NC,LDH,Aramwâ,164.20258021961365,-20.252916819670393,tribus_villages_nc,115,2603,Bouarou - Pangai - Narai
legislatives_2024,2,988,98827,Poya,POYA,0001,612,462,150,459,2,1,2,REG,TJIBAOU,Emmanuel,MASCULIN,Emmanuel TJIBAOU,,303,,,élu,,,0.99,Népoui,Poya,ARRETE_MANUAL,VILLE,,164.99768585786552,-21.326893497720405,arrete_manual_tribus,116,2701,Poya villageé Népoui
legislatives_2024,2,988,98827,Poya,POYA,0001,612,462,150,459,2,1,6,DVD,PONGA,Alcide,MASCULIN,Alcide PONGA,,156,,,,,,0.99,Népoui,Poya,ARRETE_MANUAL,VILLE,,164.99768585786552,-21.326893497720405,arrete_manual_tribus,116,2701,Poya villageé Népoui
legislatives_2024,2,988,98827,Poya,POYA,0002,484,436,48,436,0,0,2,REG,TJIBAOU,Emmanuel,MASCULIN,Emmanuel TJIBAOU,,435,,,élu,,,0.99,Goipin,Poya,ARRETE_MANUAL,TRIBU,,165.27390161257972,-21.22505994951149,arrete_manual_tribus,117,2705,Gohapin - Montfaoué - Néklia - Kradji
legislatives_2024,2,988,98827,Poya,POYA,0002,484,436,48,436,0,0,6,DVD,PONGA,Alcide,MASCULIN,Alcide PONGA,,1,,,,,,0.99,Goipin,Poya,ARRETE_MANUAL,TRIBU,,165.27390161257972,-21.22505994951149,arrete_manual_tribus,117,2705,Gohapin - Montfaoué - Néklia - Kradji
legislatives_2024,2,988,98827,Poya,POYA,0003,825,629,196,617,10,2,2,REG,TJIBAOU,Emmanuel,MASCULIN,Emmanuel TJIBAOU,,369,,,élu,,,0.99,Népoui,Poya,ARRETE_MANUAL,VILLE,,164.99768585786552,-21.326893497720405,arrete_manual_tribus,116,2701,Poya villageé Népoui
legislatives_2024,2,988,98827,Poya,POYA,0003,825,629,196,617,10,2,6,DVD,PONGA,Alcide,MASCULIN,Alcide PONGA,,248,,,,,,0.99,Népoui,Poya,ARRETE_MANUAL,VILLE,,164.99768585786552,-21.326893497720405,arrete_manual_tribus,116,2701,Poya villageé Népoui
legislatives_2024,2,988,98827,Poya,POYA,0004,264,208,56,208,0,0,2,REG,TJIBAOU,Emmanuel,MASCULIN,Emmanuel TJIBAOU,,208,,,élu,,,0.99,Montfaoué,Poya,ARRETE_MANUAL,TRIBU,,165.2933124776928,-21.277955211764784,arrete_manual_tribus,117,2705,Gohapin - Montfaoué - Néklia - Kradji
legislatives_2024,2,988,98827,Poya,POYA,0004,264,208,56,208,0,0,6,DVD,PONGA,Alcide,MASCULIN,Alcide PONGA,,0,,,,,,0.99,Montfaoué,Poya,ARRETE_MANUAL,TRIBU,,165.2933124776928,-21.277955211764784,arrete_manual_tribus,117,2705,Gohapin - Montfaoué - Néklia - Kradji
legislatives_2024,2,988,98827,Poya,POYA,0005,214,182,32,179,1,2,2,REG,TJIBAOU,Emmanuel,MASCULIN,Emmanuel TJIBAOU,,12,,,élu,,,0.99,Moindah,Poya,ARRETE_MANUAL,LDH,,165.2454695470807,-21.4084575263513,arrete_manual_tribus,118,2706,Poya Sud
legislatives_2024,2,988,98827,Poya,POYA,0005,214,182,32,179,1,2,6,DVD,PONGA,Alcide,MASCULIN,Alcide PONGA,,167,,,,,,0.99,Moindah,Poya,ARRETE_MANUAL,LDH,,165.2454695470807,-21.4084575263513,arrete_manual_tribus,118,2706,Poya Sud
legislatives_2024,2,988,98827,Poya,POYA,0006,198,178,20,178,0,0,2,REG,TJIBAOU,Emmanuel,MASCULIN,Emmanuel TJIBAOU,,176,,,élu,,,0.99,Nekliaï,Poya,ARRETE_MANUAL,TRIBU,Nékilyai,165.1862986905251,-21.29493580556391,arrete_manual_tribus,117,2705,Gohapin - Montfaoué - Néklia - Kradji
legislatives_2024,2,988,98827,Poya,POYA,0006,198,178,20,178,0,0,6,DVD,PONGA,Alcide,MASCULIN,Alcide PONGA,,2,,,,,,0.99,Nekliaï,Poya,ARRETE_MANUAL,TRIBU,Nékilyai,165.1862986905251,-21.29493580556391,arrete_manual_tribus,117,2705,Gohapin - Montfaoué - Néklia - Kradji
legislatives_2024,2,988,98828,Sarraméa,SARRAMEA,0001,532,421,111,416,3,2,2,REG,TJIBAOU,Emmanuel,MASCULIN,Emmanuel TJIBAOU,,364,,,élu,Mairie,MAIRIE,0.7,SARRAMEA,Sarraméa,LIEU_DIT_NC,VILLE,Chara Méa,165.85386596919105,-21.642344787633757,tribus_villages_nc,119,2801,Sarraméa
legislatives_2024,2,988,98828,Sarraméa,SARRAMEA,0001,532,421,111,416,3,2,6,DVD,PONGA,Alcide,MASCULIN,Alcide PONGA,,52,,,,Mairie,MAIRIE,0.7,SARRAMEA,Sarraméa,LIEU_DIT_NC,VILLE,Chara Méa,165.85386596919105,-21.642344787633757,tribus_villages_nc,119,2801,Sarraméa
legislatives_2024,2,988,98829,Thio,THIO,0001,862,607,255,600,4,3,2,REG,TJIBAOU,Emmanuel,MASCULIN,Emmanuel TJIBAOU,,491,,,élu,Mairie,MAIRIE,0.7,THIO,Thio,LIEU_DIT_NC,VILLE,Cö,166.21553174553168,-21.610374938390603,tribus_villages_nc,120,2901,Thio village
legislatives_2024,2,988,98829,Thio,THIO,0001,862,607,255,600,4,3,6,DVD,PONGA,Alcide,MASCULIN,Alcide PONGA,,109,,,,Mairie,MAIRIE,0.7,THIO,Thio,LIEU_DIT_NC,VILLE,Cö,166.21553174553168,-21.610374938390603,tribus_villages_nc,120,2901,Thio village
legislatives_2024,2,988,98829,Thio,THIO,0002,608,420,188,418,0,2,2,REG,TJIBAOU,Emmanuel,MASCULIN,Emmanuel TJIBAOU,,407,,,élu,Mairie,MAIRIE,0.7,THIO,Thio,LIEU_DIT_NC,VILLE,Cö,166.21553174553168,-21.610374938390603,tribus_villages_nc,120,2901,Thio village
legislatives_2024,2,988,98829,Thio,THIO,0002,608,420,188,418,0,2,6,DVD,PONGA,Alcide,MASCULIN,Alcide PONGA,,11,,,,Mairie,MAIRIE,0.7,THIO,Thio,LIEU_DIT_NC,VILLE,Cö,166.21553174553168,-21.610374938390603,tribus_villages_nc,120,2901,Thio village
legislatives_2024,2,988,98829,Thio,THIO,0003,316,203,113,203,0,0,2,REG,TJIBAOU,Emmanuel,MASCULIN,Emmanuel TJIBAOU,,203,,,élu,Grand Borendy,GRAND BORENDY,1,Grand Borindi,Thio,LIEU_DIT_NC,TRIBU,Xöwi,166.45075740277505,-21.738718340168145,tribus_villages_nc,121,2902,Ouindo Borendy
legislatives_2024,2,988,98829,Thio,THIO,0003,316,203,113,203,0,0,6,DVD,PONGA,Alcide,MASCULIN,Alcide PONGA,,0,,,,Grand Borendy,GRAND BORENDY,1,Grand Borindi,Thio,LIEU_DIT_NC,TRIBU,Xöwi,166.45075740277505,-21.738718340168145,tribus_villages_nc,121,2902,Ouindo Borendy
legislatives_2024,2,988,98829,Thio,THIO,0004,474,366,108,366,0,0,2,REG,TJIBAOU,Emmanuel,MASCULIN,Emmanuel TJIBAOU,,364,,,élu,Saint-Pierre,SAINT PIERRE,1,St Pierre,Thio,LIEU_DIT_NC,TRIBU,Pwimuru,166.14983539215794,-21.67410856554519,tribus_villages_nc,121,2902,Ouindo Borendy
legislatives_2024,2,988,98829,Thio,THIO,0004,474,366,108,366,0,0,6,DVD,PONGA,Alcide,MASCULIN,Alcide PONGA,,2,,,,Saint-Pierre,SAINT PIERRE,1,St Pierre,Thio,LIEU_DIT_NC,TRIBU,Pwimuru,166.14983539215794,-21.67410856554519,tribus_villages_nc,121,2902,Ouindo Borendy
legislatives_2024,2,988,98830,Touho,TOUHO,0001,1063,790,273,780,7,3,2,REG,TJIBAOU,Emmanuel,MASCULIN,Emmanuel TJIBAOU,,645,,,élu,Mairie,MAIRIE,0.7,TOUHO,Touho,LIEU_DIT_NC,VILLE,Tuo,165.23869122747195,-20.77975735338533,tribus_villages_nc,122,3001,Touho village
legislatives_2024,2,988,98830,Touho,TOUHO,0001,1063,790,273,780,7,3,6,DVD,PONGA,Alcide,MASCULIN,Alcide PONGA,,135,,,,Mairie,MAIRIE,0.7,TOUHO,Touho,LIEU_DIT_NC,VILLE,Tuo,165.23869122747195,-20.77975735338533,tribus_villages_nc,122,3001,Touho village
legislatives_2024,2,988,98830,Touho,TOUHO,0002,239,180,59,178,1,1,2,REG,TJIBAOU,Emmanuel,MASCULIN,Emmanuel TJIBAOU,,174,,,élu,Tiouandé,TIOUANDE,1,Tiouandé,Touho,LIEU_DIT_NC,TRIBU,Tewaade,165.04706639545026,-20.742192862631615,tribus_villages_nc,123,3003,Tiouandé - Ouanache - Congouma - Paola
legislatives_2024,2,988,98830,Touho,TOUHO,0002,239,180,59,178,1,1,6,DVD,PONGA,Alcide,MASCULIN,Alcide PONGA,,4,,,,Tiouandé,TIOUANDE,1,Tiouandé,Touho,LIEU_DIT_NC,TRIBU,Tewaade,165.04706639545026,-20.742192862631615,tribus_villages_nc,123,3003,Tiouandé - Ouanache - Congouma - Paola
legislatives_2024,2,988,98830,Touho,TOUHO,0003,310,237,73,237,0,0,2,REG,TJIBAOU,Emmanuel,MASCULIN,Emmanuel TJIBAOU,,236,,,élu,Kokingone,KOKINGONE,1,Kokingone,Touho,LIEU_DIT_NC,TRIBU,Ko cèï goon,165.25551905392797,-20.85522530725118,tribus_villages_nc,124,3004,Koe - Kokingone - Tiwaka - Pombéi
legislatives_2024,2,988,98830,Touho,TOUHO,0003,310,237,73,237,0,0,6,DVD,PONGA,Alcide,MASCULIN,Alcide PONGA,,1,,,,Kokingone,KOKINGONE,1,Kokingone,Touho,LIEU_DIT_NC,TRIBU,Ko cèï goon,165.25551905392797,-20.85522530725118,tribus_villages_nc,124,3004,Koe - Kokingone - Tiwaka - Pombéi
legislatives_2024,2,988,98830,Touho,TOUHO,0004,415,346,69,343,3,0,2,REG,TJIBAOU,Emmanuel,MASCULIN,Emmanuel TJIBAOU,,342,,,élu,Paola,PAOLA,1,Paola,Touho,LIEU_DIT_NC,TRIBU,Pwoï,165.1103595238747,-20.77393379422664,tribus_villages_nc,123,3003,Tiouandé - Ouanache - Congouma - Paola
legislatives_2024,2,988,98830,Touho,TOUHO,0004,415,346,69,343,3,0,6,DVD,PONGA,Alcide,MASCULIN,Alcide PONGA,,1,,,,Paola,PAOLA,1,Paola,Touho,LIEU_DIT_NC,TRIBU,Pwoï,165.1103595238747,-20.77393379422664,tribus_villages_nc,123,3003,Tiouandé - Ouanache - Congouma - Paola
legislatives_2024,2,988,98831,Voh,VOH,0001,917,684,233,675,6,3,2,REG,TJIBAOU,Emmanuel,MASCULIN,Emmanuel TJIBAOU,,361,,,élu,Mairie,MAIRIE,0.98,Mairie de Voh,,ADMINISTRATION ET ORGANISME,Administrations des collectivités,Administration de la commune de Voh,164.686182051524,-20.9488288857597,etablissements_publics_nc,129,3101,Voh village - Gatope
legislatives_2024,2,988,98831,Voh,VOH,0001,917,684,233,675,6,3,6,DVD,PONGA,Alcide,MASCULIN,Alcide PONGA,,314,,,,Mairie,MAIRIE,0.98,Mairie de Voh,,ADMINISTRATION ET ORGANISME,Administrations des collectivités,Administration de la commune de Voh,164.686182051524,-20.9488288857597,etablissements_publics_nc,129,3101,Voh village - Gatope
legislatives_2024,2,988,98831,Voh,VOH,0002,318,239,79,235,3,1,2,REG,TJIBAOU,Emmanuel,MASCULIN,Emmanuel TJIBAOU,,119,,,élu,Témala,TEMALA,0.93,Ecole primaire de Témala Ouélisse,,ENSEIGNEMENT ET FORMATION,Enseignement du premier degré,Ecole élémentaire,164.689267929949,-20.87135077045,etablissements_publics_nc,130,3103,Témala
legislatives_2024,2,988,98831,Voh,VOH,0002,318,239,79,235,3,1,6,DVD,PONGA,Alcide,MASCULIN,Alcide PONGA,,116,,,,Témala,TEMALA,0.93,Ecole primaire de Témala Ouélisse,,ENSEIGNEMENT ET FORMATION,Enseignement du premier degré,Ecole élémentaire,164.689267929949,-20.87135077045,etablissements_publics_nc,130,3103,Témala
legislatives_2024,2,988,98831,Voh,VOH,0003,53,42,11,42,0,0,2,REG,TJIBAOU,Emmanuel,MASCULIN,Emmanuel TJIBAOU,,42,,,élu,Ouengo,OUENGO,1,Ouango - Pouépaï,Voh,LIEU_DIT_NC,TRIBU,Hwaago,164.74217311646055,-20.784454291123556,tribus_villages_nc,130,3103,Témala
legislatives_2024,2,988,98831,Voh,VOH,0003,53,42,11,42,0,0,6,DVD,PONGA,Alcide,MASCULIN,Alcide PONGA,,0,,,,Ouengo,OUENGO,1,Ouango - Pouépaï,Voh,LIEU_DIT_NC,TRIBU,Hwaago,164.74217311646055,-20.784454291123556,tribus_villages_nc,130,3103,Témala
legislatives_2024,2,988,98831,Voh,VOH,0004,282,231,51,229,1,1,2,REG,TJIBAOU,Emmanuel,MASCULIN,Emmanuel TJIBAOU,,225,,,élu,Local socio-éducatif de Tieta,LOCAL SOCIO EDUCATIF TIETA,0.846,Foyer socio-éducatif de Tiéta,,CULTUREL ET SOCIO EDUCATIF,Equipements socio-éducatifs et socio-culturels,Foyer socio culturel,164.740133724095,-20.9210724511979,etablissements_publics_nc,131,3106,Tiéta
legislatives_2024,2,988,98831,Voh,VOH,0004,282,231,51,229,1,1,6,DVD,PONGA,Alcide,MASCULIN,Alcide PONGA,,4,,,,Local socio-éducatif de Tieta,LOCAL SOCIO EDUCATIF TIETA,0.846,Foyer socio-éducatif de Tiéta,,CULTUREL ET SOCIO EDUCATIF,Equipements socio-éducatifs et socio-culturels,Foyer socio culturel,164.740133724095,-20.9210724511979,etablissements_publics_nc,131,3106,Tiéta
legislatives_2024,2,988,98831,Voh,VOH,0005,348,283,65,283,0,0,2,REG,TJIBAOU,Emmanuel,MASCULIN,Emmanuel TJIBAOU,,283,,,élu,Local socio-éducatif de Oundjo,LOCAL SOCIO EDUCATIF OUNDJO,0.821,Foyer socio-éducatif d'Oundjo,,CULTUREL ET SOCIO EDUCATIF,Equipements socio-éducatifs et socio-culturels,Foyer socio culturel,164.697579851987,-21.0373781816945,etablissements_publics_nc,129,3101,Voh village - Gatope
legislatives_2024,2,988,98831,Voh,VOH,0005,348,283,65,283,0,0,6,DVD,PONGA,Alcide,MASCULIN,Alcide PONGA,,0,,,,Local socio-éducatif de Oundjo,LOCAL SOCIO EDUCATIF OUNDJO,0.821,Foyer socio-éducatif d'Oundjo,,CULTUREL ET SOCIO EDUCATIF,Equipements socio-éducatifs et socio-culturels,Foyer socio culturel,164.697579851987,-21.0373781816945,etablissements_publics_nc,129,3101,Voh village - Gatope
legislatives_2024,2,988,98831,Voh,VOH,0006,198,172,26,168,1,3,2,REG,TJIBAOU,Emmanuel,MASCULIN,Emmanuel TJIBAOU,,163,,,élu,Local socio-éducatif de Boyen,LOCAL SOCIO EDUCATIF BOYEN,0.717,Foyer socio-éducatif de Gatope,,CULTUREL ET SOCIO EDUCATIF,Equipements socio-éducatifs et socio-culturels,Foyer socio culturel,164.666715225632,-20.9652133930634,etablissements_publics_nc,129,3101,Voh village - Gatope
legislatives_2024,2,988,98831,Voh,VOH,0006,198,172,26,168,1,3,6,DVD,PONGA,Alcide,MASCULIN,Alcide PONGA,,5,,,,Local socio-éducatif de Boyen,LOCAL SOCIO EDUCATIF BOYEN,0.717,Foyer socio-éducatif de Gatope,,CULTUREL ET SOCIO EDUCATIF,Equipements socio-éducatifs et socio-culturels,Foyer socio culturel,164.666715225632,-20.9652133930634,etablissements_publics_nc,129,3101,Voh village - Gatope
legislatives_2024,2,988,98831,Voh,VOH,0007,362,315,47,314,0,1,2,REG,TJIBAOU,Emmanuel,MASCULIN,Emmanuel TJIBAOU,,314,,,élu,Local socio-éducatif de Témala,LOCAL SOCIO EDUCATIF TEMALA,0.755,Foyer socio-éducatif de Tiéta,,CULTUREL ET SOCIO EDUCATIF,Equipements socio-éducatifs et socio-culturels,Foyer socio culturel,164.740133724095,-20.9210724511979,etablissements_publics_nc,131,3106,Tiéta
legislatives_2024,2,988,98831,Voh,VOH,0007,362,315,47,314,0,1,6,DVD,PONGA,Alcide,MASCULIN,Alcide PONGA,,0,,,,Local socio-éducatif de Témala,LOCAL SOCIO EDUCATIF TEMALA,0.755,Foyer socio-éducatif de Tiéta,,CULTUREL ET SOCIO EDUCATIF,Equipements socio-éducatifs et socio-culturels,Foyer socio culturel,164.740133724095,-20.9210724511979,etablissements_publics_nc,131,3106,Tiéta
legislatives_2024,2,988,98832,Yaté,YATE,0001,300,237,63,234,2,1,2,REG,TJIBAOU,Emmanuel,MASCULIN,Emmanuel TJIBAOU,,215,,,élu,Mairie,MAIRIE,0.7,YATE,Yaté,LIEU_DIT_NC,VILLE,,166.94326054599946,-22.16058963447543,tribus_villages_nc,132,3201,Waho Touaourou Goro
legislatives_2024,2,988,98832,Yaté,YATE,0001,300,237,63,234,2,1,6,DVD,PONGA,Alcide,MASCULIN,Alcide PONGA,,19,,,,Mairie,MAIRIE,0.7,YATE,Yaté,LIEU_DIT_NC,VILLE,,166.94326054599946,-22.16058963447543,tribus_villages_nc,132,3201,Waho Touaourou Goro
legislatives_2024,2,988,98832,Yaté,YATE,0002,499,375,124,375,0,0,2,REG,TJIBAOU,Emmanuel,MASCULIN,Emmanuel TJIBAOU,,371,,,élu,Touaourou,TOUAOUROU,1,Touaourou,Yaté,LIEU_DIT_NC,TRIBU,,166.97497872151834,-22.190244269832505,tribus_villages_nc,132,3201,Waho Touaourou Goro
legislatives_2024,2,988,98832,Yaté,YATE,0002,499,375,124,375,0,0,6,DVD,PONGA,Alcide,MASCULIN,Alcide PONGA,,4,,,,Touaourou,TOUAOUROU,1,Touaourou,Yaté,LIEU_DIT_NC,TRIBU,,166.97497872151834,-22.190244269832505,tribus_villages_nc,132,3201,Waho Touaourou Goro
legislatives_2024,2,988,98832,Yaté,YATE,0003,241,180,61,179,1,0,2,REG,TJIBAOU,Emmanuel,MASCULIN,Emmanuel TJIBAOU,,168,,,élu,Goro,GORO,1,Goro,Yaté,LIEU_DIT_NC,TRIBU,Xéré,167.0163659290303,-22.286011229502463,tribus_villages_nc,132,3201,Waho Touaourou Goro
legislatives_2024,2,988,98832,Yaté,YATE,0003,241,180,61,179,1,0,6,DVD,PONGA,Alcide,MASCULIN,Alcide PONGA,,11,,,,Goro,GORO,1,Goro,Yaté,LIEU_DIT_NC,TRIBU,Xéré,167.0163659290303,-22.286011229502463,tribus_villages_nc,132,3201,Waho Touaourou Goro
legislatives_2024,2,988,98832,Yaté,YATE,0004,793,613,180,613,0,0,2,REG,TJIBAOU,Emmanuel,MASCULIN,Emmanuel TJIBAOU,,605,,,élu,Unia,UNIA,1,Unia,Yaté,LIEU_DIT_NC,TRIBU,,166.89998901288348,-22.06107261844911,tribus_villages_nc,133,3202,Unia Ouinné
legislatives_2024,2,988,98832,Yaté,YATE,0004,793,613,180,613,0,0,6,DVD,PONGA,Alcide,MASCULIN,Alcide PONGA,,8,,,,Unia,UNIA,1,Unia,Yaté,LIEU_DIT_NC,TRIBU,,166.89998901288348,-22.06107261844911,tribus_villages_nc,133,3202,Unia Ouinné
legislatives_2024,2,988,98833,Kouaoua,KOUAOUA,0001,572,419,153,418,1,0,2,REG,TJIBAOU,Emmanuel,MASCULIN,Emmanuel TJIBAOU,,331,,,élu,Mairie,MAIRIE,0.7,KOUAOUA,Kouaoua,LIEU_DIT_NC,VILLE,Aumu,165.82856671021466,-21.396045166693337,tribus_villages_nc,134,3301,Kouaoua village - Amon Kasiori
legislatives_2024,2,988,98833,Kouaoua,KOUAOUA,0001,572,419,153,418,1,0,6,DVD,PONGA,Alcide,MASCULIN,Alcide PONGA,,87,,,,Mairie,MAIRIE,0.7,KOUAOUA,Kouaoua,LIEU_DIT_NC,VILLE,Aumu,165.82856671021466,-21.396045166693337,tribus_villages_nc,134,3301,Kouaoua village - Amon Kasiori
legislatives_2024,2,988,98833,Kouaoua,KOUAOUA,0002,284,218,66,218,0,0,2,REG,TJIBAOU,Emmanuel,MASCULIN,Emmanuel TJIBAOU,,205,,,élu,Maison commune de Ouérou-Pimet,MAISON COMMUNE OUEROU PIMET,0.95,Ouéroupimé,Kouaoua,LIEU_DIT_NC,TRIBU,Wérupimé,165.72221294003012,-21.49791198784617,tribus_villages_nc,135,3302,Méa Mébara - Ouérou Pimet
legislatives_2024,2,988,98833,Kouaoua,KOUAOUA,0002,284,218,66,218,0,0,6,DVD,PONGA,Alcide,MASCULIN,Alcide PONGA,,13,,,,Maison commune de Ouérou-Pimet,MAISON COMMUNE OUEROU PIMET,0.95,Ouéroupimé,Kouaoua,LIEU_DIT_NC,TRIBU,Wérupimé,165.72221294003012,-21.49791198784617,tribus_villages_nc,135,3302,Méa Mébara - Ouérou Pimet
legislatives_2024,2,988,98833,Kouaoua,KOUAOUA,0003,150,133,17,133,0,0,2,REG,TJIBAOU,Emmanuel,MASCULIN,Emmanuel TJIBAOU,,122,,,élu,Koh,KOH,1,Koh,Kouaoua,LIEU_DIT_NC,TRIBU,,165.83542921955194,-21.536184530370736,tribus_villages_nc,135,3302,Méa Mébara - Ouérou Pimet
legislatives_2024,2,988,98833,Kouaoua,KOUAOUA,0003,150,133,17,133,0,0,6,DVD,PONGA,Alcide,MASCULIN,Alcide PONGA,,11,,,,Koh,KOH,1,Koh,Kouaoua,LIEU_DIT_NC,TRIBU,,165.83542921955194,-21.536184530370736,tribus_villages_nc,135,3302,Méa Mébara - Ouérou Pimet
legislatives_2024,2,988,98833,Kouaoua,KOUAOUA,0004,184,139,45,139,0,0,2,REG,TJIBAOU,Emmanuel,MASCULIN,Emmanuel TJIBAOU,,114,,,élu,Méa-Mébara,MEA MEBARA,1,Méa Mébara,Kouaoua,LIEU_DIT_NC,TRIBU,,165.78859040310297,-21.469132110021317,tribus_villages_nc,135,3302,Méa Mébara - Ouérou Pimet
legislatives_2024,2,988,98833,Kouaoua,KOUAOUA,0004,184,139,45,139,0,0,6,DVD,PONGA,Alcide,MASCULIN,Alcide PONGA,,25,,,,Méa-Mébara,MEA MEBARA,1,Méa Mébara,Kouaoua,LIEU_DIT_NC,TRIBU,,165.78859040310297,-21.469132110021317,tribus_villages_nc,135,3302,Méa Mébara - Ouérou Pimet
