election,tour,province_code,province,code_departement,code_commune,commune,commune_norm,code_bv,inscrits,votants,abstentions,exprimes,blancs,nuls,numero_panneau,nuance,nom,prenom,sexe,candidat,candidature,voix,pct_inscrits,pct_exprimes,elu,bureau_nom,bureau_nom_norm,match_score,etablissement_nom,etablissement_adresse,etablissement_theme1,etablissement_theme2,etablissement_theme3,longitude,latitude,geo_source,iris_id,iris_codgeo,iris_libgeo
municipales_2026,1,,,988,98801,Belep,BELEP,0001,943,703,240,698,1,4,,,,,,,Albert WAHOULO BELEP POUR LA RECONCILIATION,343,36.37,49.14,,Mairie,MAIRIE,0.7,Waala,Belep,LIEU_DIT_NC,VILLE,,163.6480110596638,-19.71203277091468,tribus_villages_nc,3,101,Bélep
municipales_2026,1,,,988,98801,Belep,BELEP,0001,943,703,240,698,1,4,,,,,,,Ignacia TEANYOUEN UNIS POUR DAU AR,191,20.25,27.36,,Mairie,MAIRIE,0.7,Waala,Belep,LIEU_DIT_NC,VILLE,,163.6480110596638,-19.71203277091468,tribus_villages_nc,3,101,Bélep
municipales_2026,1,,,988,98801,Belep,BELEP,0001,943,703,240,698,1,4,,,,,,,Gianni TEAMBOUEON YAGUË LI MOLEP,87,9.23,12.46,,Mairie,MAIRIE,0.7,Waala,Belep,LIEU_DIT_NC,VILLE,,163.6480110596638,-19.71203277091468,tribus_villages_nc,3,101,Bélep
municipales_2026,1,,,988,98801,Belep,BELEP,0001,943,703,240,698,1,4,,,,,,,Yan MOILOU FEDERATION METANOÏA,46,4.88,6.59,,Mairie,MAIRIE,0.7,Waala,Belep,LIEU_DIT_NC,VILLE,,163.6480110596638,-19.71203277091468,tribus_villages_nc,3,101,Bélep
municipales_2026,1,,,988,98801,Belep,BELEP,0001,943,703,240,698,1,4,,,,,,,Franck Mac Kane BOUANAOUE DAU AR POUR TOUS,31,3.29,4.44,,Mairie,MAIRIE,0.7,Waala,Belep,LIEU_DIT_NC,VILLE,,163.6480110596638,-19.71203277091468,tribus_villages_nc,3,101,Bélep
municipales_2026,1,,,988,98802,Bouloupari,BOULOUPARI,0001,929,652,277,640,7,5,1,,,,,,Karlheinz CREUGNET Boulouparis au coeur de nos vies,225,24.22,35.16,,Mairie,MAIRIE,0.98,Mairie de Boulouparis,,ADMINISTRATION ET ORGANISME,Administrations des collectivités,Administration de la commune de Boulouparis,166.047711423762,-21.8654175541592,etablissements_publics_nc,88,201,Boulouparis village
municipales_2026,1,,,988,98802,Bouloupari,BOULOUPARI,0001,929,652,277,640,7,5,2,,,,,,"Roger Philippe THEVEDIN Construire ensemble, Berepwari",184,19.81,28.75,,Mairie,MAIRIE,0.98,Mairie de Boulouparis,,ADMINISTRATION ET ORGANISME,Administrations des collectivités,Administration de la commune de Boulouparis,166.047711423762,-21.8654175541592,etablissements_publics_nc,88,201,Boulouparis village
municipales_2026,1,,,988,98802,Bouloupari,BOULOUPARI,0001,929,652,277,640,7,5,3,,,,,,Pascal VITTORI Boulouparis pour vous,231,24.87,36.09,,Mairie,MAIRIE,0.98,Mairie de Boulouparis,,ADMINISTRATION ET ORGANISME,Administrations des collectivités,Administration de la commune de Boulouparis,166.047711423762,-21.8654175541592,etablissements_publics_nc,88,201,Boulouparis village
municipales_2026,1,,,988,98802,Bouloupari,BOULOUPARI,0002,855,596,259,586,7,3,1,,,,,,Karlheinz CREUGNET Boulouparis au coeur de nos vies,210,24.56,35.84,,Centre Culturel,CENTRE CULTUREL,0.833,Centre Socioculturel,,CULTUREL ET SOCIO EDUCATIF,Equipements socio-éducatifs et socio-culturels,Foyer socio culturel,166.049037015845,-21.8654352350015,etablissements_publics_nc,88,201,Boulouparis village
municipales_2026,1,,,988,98802,Bouloupari,BOULOUPARI,0002,855,596,259,586,7,3,2,,,,,,"Roger Philippe THEVEDIN Construire ensemble, Berepwari",69,8.07,11.77,,Centre Culturel,CENTRE CULTUREL,0.833,Centre Socioculturel,,CULTUREL ET SOCIO EDUCATIF,Equipements socio-éducatifs et socio-culturels,Foyer socio culturel,166.049037015845,-21.8654352350015,etablissements_publics_nc,88,201,Boulouparis village
municipales_2026,1,,,988,98802,Bouloupari,BOULOUPARI,0002,855,596,259,586,7,3,3,,,,,,Pascal VITTORI Boulouparis pour vous,307,35.91,52.39,,Centre Culturel,CENTRE CULTUREL,0.833,Centre Socioculturel,,CULTUREL ET SOCIO EDUCATIF,Equipements socio-éducatifs et socio-culturels,Foyer socio culturel,166.049037015845,-21.8654352350015,etablissements_publics_nc,88,201,Boulouparis village
municipales_2026,1,,,988,98802,Bouloupari,BOULOUPARI,0003,830,605,225,579,14,12,1,,,,,,Karlheinz CREUGNET Boulouparis au coeur de nos vies,288,34.7,49.74,,Mairie (Maison des associations),MAIRIE MAISON ASSOCIATIONS,0.93,Maison des Associations,,CULTUREL ET SOCIO EDUCATIF,Equipements socio-éducatifs et socio-culturels,Autre équipement socio-éducatif et socio-culturel,166.047082551458,-21.8655893376649,etablissements_publics_nc,88,201,Boulouparis village
municipales_2026,1,,,988,98802,Bouloupari,BOULOUPARI,0003,830,605,225,579,14,12,2,,,,,,"Roger Philippe THEVEDIN Construire ensemble, Berepwari",89,10.72,15.37,,Mairie (Maison des associations),MAIRIE MAISON ASSOCIATIONS,0.93,Maison des Associations,,CULTUREL ET SOCIO EDUCATIF,Equipements socio-éducatifs et socio-culturels,Autre équipement socio-éducatif et socio-culturel,166.047082551458,-21.8655893376649,etablissements_publics_nc,88,201,Boulouparis village
municipales_2026,1,,,988,98802,Bouloupari,BOULOUPARI,0003,830,605,225,579,14,12,3,,,,,,Pascal VITTORI Boulouparis pour vous,202,24.34,34.89,,Mairie (Maison des associations),MAIRIE MAISON ASSOCIATIONS,0.93,Maison des Associations,,CULTUREL ET SOCIO EDUCATIF,Equipements socio-éducatifs et socio-culturels,Autre équipement socio-éducatif et socio-culturel,166.047082551458,-21.8655893376649,etablissements_publics_nc,88,201,Boulouparis village
municipales_2026,1,,,988,98802,Bouloupari,BOULOUPARI,0004,767,473,294,460,9,4,1,,,,,,Karlheinz CREUGNET Boulouparis au coeur de nos vies,136,17.73,29.57,,Centre culturel,CENTRE CULTUREL,0.833,Centre Socioculturel,,CULTUREL ET SOCIO EDUCATIF,Equipements socio-éducatifs et socio-culturels,Foyer socio culturel,166.049037015845,-21.8654352350015,etablissements_publics_nc,88,201,Boulouparis village
municipales_2026,1,,,988,98802,Bouloupari,BOULOUPARI,0004,767,473,294,460,9,4,2,,,,,,"Roger Philippe THEVEDIN Construire ensemble, Berepwari",102,13.3,22.17,,Centre culturel,CENTRE CULTUREL,0.833,Centre Socioculturel,,CULTUREL ET SOCIO EDUCATIF,Equipements socio-éducatifs et socio-culturels,Foyer socio culturel,166.049037015845,-21.8654352350015,etablissements_publics_nc,88,201,Boulouparis village
municipales_2026,1,,,988,98802,Bouloupari,BOULOUPARI,0004,767,473,294,460,9,4,3,,,,,,Pascal VITTORI Boulouparis pour vous,222,28.94,48.26,,Centre culturel,CENTRE CULTUREL,0.833,Centre Socioculturel,,CULTUREL ET SOCIO EDUCATIF,Equipements socio-éducatifs et socio-culturels,Foyer socio culturel,166.049037015845,-21.8654352350015,etablissements_publics_nc,88,201,Boulouparis village
municipales_2026,1,,,988,98803,Bourail,BOURAIL,0001,1003,581,422,568,6,7,1,LDIV,,,,,Jean-Paul ROBELIN Ambition Bourail,126,12.56,22.18,,Mairie,MAIRIE,0.98,Mairie de Bourail,,ADMINISTRATION ET ORGANISME,Administrations des collectivités,Administration de la commune de Bourail,165.497503614793,-21.5680444203004,etablissements_publics_nc,125,301,Bourail village
municipales_2026,1,,,988,98803,Bourail,BOURAIL,0001,1003,581,422,568,6,7,2,LDVD,,,,,Levay ROY BOURAIL DEMAIN,229,22.83,40.32,,Mairie,MAIRIE,0.98,Mairie de Bourail,,ADMINISTRATION ET ORGANISME,Administrations des collectivités,Administration de la commune de Bourail,165.497503614793,-21.5680444203004,etablissements_publics_nc,125,301,Bourail village
municipales_2026,1,,,988,98803,Bourail,BOURAIL,0001,1003,581,422,568,6,7,3,LDVC,,,,,Patrick ROBELIN Bourail en accord,213,21.24,37.5,,Mairie,MAIRIE,0.98,Mairie de Bourail,,ADMINISTRATION ET ORGANISME,Administrations des collectivités,Administration de la commune de Bourail,165.497503614793,-21.5680444203004,etablissements_publics_nc,125,301,Bourail village
municipales_2026,1,,,988,98803,Bourail,BOURAIL,0002,897,548,349,539,4,5,1,LDIV,,,,,Jean-Paul ROBELIN Ambition Bourail,54,6.02,10.02,,Pothé,POTHE,0.93,Ecole de Pothé,,ENSEIGNEMENT ET FORMATION,Enseignement du premier degré,Ecole pré-élémentaire,165.491900847299,-21.4547330481005,etablissements_publics_nc,128,305,Ny
municipales_2026,1,,,988,98803,Bourail,BOURAIL,0002,897,548,349,539,4,5,2,LDVD,,,,,Levay ROY BOURAIL DEMAIN,67,7.47,12.43,,Pothé,POTHE,0.93,Ecole de Pothé,,ENSEIGNEMENT ET FORMATION,Enseignement du premier degré,Ecole pré-élémentaire,165.491900847299,-21.4547330481005,etablissements_publics_nc,128,305,Ny
municipales_2026,1,,,988,98803,Bourail,BOURAIL,0002,897,548,349,539,4,5,3,LDVC,,,,,Patrick ROBELIN Bourail en accord,418,46.6,77.55,,Pothé,POTHE,0.93,Ecole de Pothé,,ENSEIGNEMENT ET FORMATION,Enseignement du premier degré,Ecole pré-élémentaire,165.491900847299,-21.4547330481005,etablissements_publics_nc,128,305,Ny
municipales_2026,1,,,988,98803,Bourail,BOURAIL,0003,1029,690,339,659,20,11,1,LDIV,,,,,Jean-Paul ROBELIN Ambition Bourail,213,20.7,32.32,,Colisée,COLISEE,0.93,Le Colisée - Salle de spectacle,,CULTUREL ET SOCIO EDUCATIF,Equipements culturels,Salle de concert,165.49385205691,-21.5656940047007,etablissements_publics_nc,125,301,Bourail village
municipales_2026,1,,,988,98803,Bourail,BOURAIL,0003,1029,690,339,659,20,11,2,LDVD,,,,,Levay ROY BOURAIL DEMAIN,257,24.98,39,,Colisée,COLISEE,0.93,Le Colisée - Salle de spectacle,,CULTUREL ET SOCIO EDUCATIF,Equipements culturels,Salle de concert,165.49385205691,-21.5656940047007,etablissements_publics_nc,125,301,Bourail village
municipales_2026,1,,,988,98803,Bourail,BOURAIL,0003,1029,690,339,659,20,11,3,LDVC,,,,,Patrick ROBELIN Bourail en accord,189,18.37,28.68,,Colisée,COLISEE,0.93,Le Colisée - Salle de spectacle,,CULTUREL ET SOCIO EDUCATIF,Equipements culturels,Salle de concert,165.49385205691,-21.5656940047007,etablissements_publics_nc,125,301,Bourail village
municipales_2026,1,,,988,98803,Bourail,BOURAIL,0004,951,626,325,610,13,3,1,LDIV,,,,,Jean-Paul ROBELIN Ambition Bourail,138,14.51,22.62,,École Les Lys d’Eau,ECOLE LYS D EAU,0.85,Ecole primaire Les Lys d'Eau,,ENSEIGNEMENT ET FORMATION,Enseignement du premier degré,Ecole primaire,165.49748641875,-21.5730483252455,etablissements_publics_nc,125,301,Bourail village
municipales_2026,1,,,988,98803,Bourail,BOURAIL,0004,951,626,325,610,13,3,2,LDVD,,,,,Levay ROY BOURAIL DEMAIN,281,29.55,46.07,,École Les Lys d’Eau,ECOLE LYS D EAU,0.85,Ecole primaire Les Lys d'Eau,,ENSEIGNEMENT ET FORMATION,Enseignement du premier degré,Ecole primaire,165.49748641875,-21.5730483252455,etablissements_publics_nc,125,301,Bourail village
municipales_2026,1,,,988,98803,Bourail,BOURAIL,0004,951,626,325,610,13,3,3,LDVC,,,,,Patrick ROBELIN Bourail en accord,191,20.08,31.31,,École Les Lys d’Eau,ECOLE LYS D EAU,0.85,Ecole primaire Les Lys d'Eau,,ENSEIGNEMENT ET FORMATION,Enseignement du premier degré,Ecole primaire,165.49748641875,-21.5730483252455,etablissements_publics_nc,125,301,Bourail village
municipales_2026,1,,,988,98803,Bourail,BOURAIL,0005,1000,677,323,657,14,6,1,LDIV,,,,,Jean-Paul ROBELIN Ambition Bourail,197,19.7,29.98,,École Louise Michel,ECOLE LOUISE MICHEL,0.859,Ecole primaire Louise Michel,,ENSEIGNEMENT ET FORMATION,Enseignement du premier degré,Ecole primaire,165.497379452405,-21.57045570157,etablissements_publics_nc,125,301,Bourail village
municipales_2026,1,,,988,98803,Bourail,BOURAIL,0005,1000,677,323,657,14,6,2,LDVD,,,,,Levay ROY BOURAIL DEMAIN,267,26.7,40.64,,École Louise Michel,ECOLE LOUISE MICHEL,0.859,Ecole primaire Louise Michel,,ENSEIGNEMENT ET FORMATION,Enseignement du premier degré,Ecole primaire,165.497379452405,-21.57045570157,etablissements_publics_nc,125,301,Bourail village
municipales_2026,1,,,988,98803,Bourail,BOURAIL,0005,1000,677,323,657,14,6,3,LDVC,,,,,Patrick ROBELIN Bourail en accord,193,19.3,29.38,,École Louise Michel,ECOLE LOUISE MICHEL,0.859,Ecole primaire Louise Michel,,ENSEIGNEMENT ET FORMATION,Enseignement du premier degré,Ecole primaire,165.497379452405,-21.57045570157,etablissements_publics_nc,125,301,Bourail village
municipales_2026,1,,,988,98804,Canala,CANALA,0001,412,291,121,287,2,2,1,LDIV,,,,,Jean Michel MAYET MURU XORU,60,14.56,20.91,,Mairie,MAIRIE,0.7,CANALA,Canala,LIEU_DIT_NC,VILLE,Xârâcùù,165.96392757417755,-21.522084905801098,tribus_villages_nc,136,401,Canala village
municipales_2026,1,,,988,98804,Canala,CANALA,0001,412,291,121,287,2,2,2,LREG,,,,,Caril BERONON XWAMAABWI ADOPOO,83,20.15,28.92,,Mairie,MAIRIE,0.7,CANALA,Canala,LIEU_DIT_NC,VILLE,Xârâcùù,165.96392757417755,-21.522084905801098,tribus_villages_nc,136,401,Canala village
municipales_2026,1,,,988,98804,Canala,CANALA,0001,412,291,121,287,2,2,3,LREG,,,,,Gilbert TYUIENON TEPE AEE CE KANAKY DAAWANI,113,27.43,39.37,,Mairie,MAIRIE,0.7,CANALA,Canala,LIEU_DIT_NC,VILLE,Xârâcùù,165.96392757417755,-21.522084905801098,tribus_villages_nc,136,401,Canala village
municipales_2026,1,,,988,98804,Canala,CANALA,0001,412,291,121,287,2,2,4,LREG,,,,,Raymond - Freddy TYUIENON UNI XARACUU ARE,31,7.52,10.8,,Mairie,MAIRIE,0.7,CANALA,Canala,LIEU_DIT_NC,VILLE,Xârâcùù,165.96392757417755,-21.522084905801098,tribus_villages_nc,136,401,Canala village
municipales_2026,1,,,988,98804,Canala,CANALA,0002,507,345,162,342,1,2,1,LDIV,,,,,Jean Michel MAYET MURU XORU,34,6.71,9.94,,Nakéty,NAKETY,1,Nakéty,Canala,LIEU_DIT_NC,TRIBU,Nèkètè,166.04631481753384,-21.54222544058342,tribus_villages_nc,137,403,Gélima - Nakéty
municipales_2026,1,,,988,98804,Canala,CANALA,0002,507,345,162,342,1,2,2,LREG,,,,,Caril BERONON XWAMAABWI ADOPOO,118,23.27,34.5,,Nakéty,NAKETY,1,Nakéty,Canala,LIEU_DIT_NC,TRIBU,Nèkètè,166.04631481753384,-21.54222544058342,tribus_villages_nc,137,403,Gélima - Nakéty
municipales_2026,1,,,988,98804,Canala,CANALA,0002,507,345,162,342,1,2,3,LREG,,,,,Gilbert TYUIENON TEPE AEE CE KANAKY DAAWANI,119,23.47,34.8,,Nakéty,NAKETY,1,Nakéty,Canala,LIEU_DIT_NC,TRIBU,Nèkètè,166.04631481753384,-21.54222544058342,tribus_villages_nc,137,403,Gélima - Nakéty
municipales_2026,1,,,988,98804,Canala,CANALA,0002,507,345,162,342,1,2,4,LREG,,,,,Raymond - Freddy TYUIENON UNI XARACUU ARE,71,14,20.76,,Nakéty,NAKETY,1,Nakéty,Canala,LIEU_DIT_NC,TRIBU,Nèkètè,166.04631481753384,-21.54222544058342,tribus_villages_nc,137,403,Gélima - Nakéty
municipales_2026,1,,,988,98804,Canala,CANALA,0003,464,314,150,310,1,3,1,LDIV,,,,,Jean Michel MAYET MURU XORU,30,6.47,9.68,,Nanon,NANON,0.95,Nanon-Kénérou,Canala,LIEU_DIT_NC,TRIBU,Nèno - Kénéru,165.88480729759476,-21.546697208816735,tribus_villages_nc,136,401,Canala village
municipales_2026,1,,,988,98804,Canala,CANALA,0003,464,314,150,310,1,3,2,LREG,,,,,Caril BERONON XWAMAABWI ADOPOO,70,15.09,22.58,,Nanon,NANON,0.95,Nanon-Kénérou,Canala,LIEU_DIT_NC,TRIBU,Nèno - Kénéru,165.88480729759476,-21.546697208816735,tribus_villages_nc,136,401,Canala village
municipales_2026,1,,,988,98804,Canala,CANALA,0003,464,314,150,310,1,3,3,LREG,,,,,Gilbert TYUIENON TEPE AEE CE KANAKY DAAWANI,132,28.45,42.58,,Nanon,NANON,0.95,Nanon-Kénérou,Canala,LIEU_DIT_NC,TRIBU,Nèno - Kénéru,165.88480729759476,-21.546697208816735,tribus_villages_nc,136,401,Canala village
municipales_2026,1,,,988,98804,Canala,CANALA,0003,464,314,150,310,1,3,4,LREG,,,,,Raymond - Freddy TYUIENON UNI XARACUU ARE,78,16.81,25.16,,Nanon,NANON,0.95,Nanon-Kénérou,Canala,LIEU_DIT_NC,TRIBU,Nèno - Kénéru,165.88480729759476,-21.546697208816735,tribus_villages_nc,136,401,Canala village
municipales_2026,1,,,988,98804,Canala,CANALA,0004,819,605,214,599,3,3,1,LDIV,,,,,Jean Michel MAYET MURU XORU,136,16.61,22.7,,Méhoué,MEHOUE,1,Méhoué,Canala,LIEU_DIT_NC,TRIBU,Mèèwéé,165.9494172177474,-21.51958486452521,tribus_villages_nc,136,401,Canala village
municipales_2026,1,,,988,98804,Canala,CANALA,0004,819,605,214,599,3,3,2,LREG,,,,,Caril BERONON XWAMAABWI ADOPOO,108,13.19,18.03,,Méhoué,MEHOUE,1,Méhoué,Canala,LIEU_DIT_NC,TRIBU,Mèèwéé,165.9494172177474,-21.51958486452521,tribus_villages_nc,136,401,Canala village
municipales_2026,1,,,988,98804,Canala,CANALA,0004,819,605,214,599,3,3,3,LREG,,,,,Gilbert TYUIENON TEPE AEE CE KANAKY DAAWANI,276,33.7,46.08,,Méhoué,MEHOUE,1,Méhoué,Canala,LIEU_DIT_NC,TRIBU,Mèèwéé,165.9494172177474,-21.51958486452521,tribus_villages_nc,136,401,Canala village
municipales_2026,1,,,988,98804,Canala,CANALA,0004,819,605,214,599,3,3,4,LREG,,,,,Raymond - Freddy TYUIENON UNI XARACUU ARE,79,9.65,13.19,,Méhoué,MEHOUE,1,Méhoué,Canala,LIEU_DIT_NC,TRIBU,Mèèwéé,165.9494172177474,-21.51958486452521,tribus_villages_nc,136,401,Canala village
municipales_2026,1,,,988,98804,Canala,CANALA,0005,755,563,192,555,3,5,1,LDIV,,,,,Jean Michel MAYET MURU XORU,125,16.56,22.52,,Gélima,GELIMA,1,Gélima,Canala,LIEU_DIT_NC,TRIBU,Jari Mwâ,165.98151543430086,-21.534392845846163,tribus_villages_nc,137,403,Gélima - Nakéty
municipales_2026,1,,,988,98804,Canala,CANALA,0005,755,563,192,555,3,5,2,LREG,,,,,Caril BERONON XWAMAABWI ADOPOO,156,20.66,28.11,,Gélima,GELIMA,1,Gélima,Canala,LIEU_DIT_NC,TRIBU,Jari Mwâ,165.98151543430086,-21.534392845846163,tribus_villages_nc,137,403,Gélima - Nakéty
municipales_2026,1,,,988,98804,Canala,CANALA,0005,755,563,192,555,3,5,3,LREG,,,,,Gilbert TYUIENON TEPE AEE CE KANAKY DAAWANI,221,29.27,39.82,,Gélima,GELIMA,1,Gélima,Canala,LIEU_DIT_NC,TRIBU,Jari Mwâ,165.98151543430086,-21.534392845846163,tribus_villages_nc,137,403,Gélima - Nakéty
municipales_2026,1,,,988,98804,Canala,CANALA,0005,755,563,192,555,3,5,4,LREG,,,,,Raymond - Freddy TYUIENON UNI XARACUU ARE,53,7.02,9.55,,Gélima,GELIMA,1,Gélima,Canala,LIEU_DIT_NC,TRIBU,Jari Mwâ,165.98151543430086,-21.534392845846163,tribus_villages_nc,137,403,Gélima - Nakéty
municipales_2026,1,,,988,98804,Canala,CANALA,0006,317,210,107,210,0,0,1,LDIV,,,,,Jean Michel MAYET MURU XORU,41,12.93,19.52,,Mérénémé,MERENEME,1,Mérénémé,Canala,LIEU_DIT_NC,TRIBU,,165.92818615112122,-21.514857403632252,tribus_villages_nc,136,401,Canala village
municipales_2026,1,,,988,98804,Canala,CANALA,0006,317,210,107,210,0,0,2,LREG,,,,,Caril BERONON XWAMAABWI ADOPOO,66,20.82,31.43,,Mérénémé,MERENEME,1,Mérénémé,Canala,LIEU_DIT_NC,TRIBU,,165.92818615112122,-21.514857403632252,tribus_villages_nc,136,401,Canala village
municipales_2026,1,,,988,98804,Canala,CANALA,0006,317,210,107,210,0,0,3,LREG,,,,,Gilbert TYUIENON TEPE AEE CE KANAKY DAAWANI,93,29.34,44.29,,Mérénémé,MERENEME,1,Mérénémé,Canala,LIEU_DIT_NC,TRIBU,,165.92818615112122,-21.514857403632252,tribus_villages_nc,136,401,Canala village
municipales_2026,1,,,988,98804,Canala,CANALA,0006,317,210,107,210,0,0,4,LREG,,,,,Raymond - Freddy TYUIENON UNI XARACUU ARE,10,3.15,4.76,,Mérénémé,MERENEME,1,Mérénémé,Canala,LIEU_DIT_NC,TRIBU,,165.92818615112122,-21.514857403632252,tribus_villages_nc,136,401,Canala village
municipales_2026,1,,,988,98804,Canala,CANALA,0007,346,248,98,241,3,4,1,LDIV,,,,,Jean Michel MAYET MURU XORU,35,10.12,14.52,,Tenda Koumendi,TENDA KOUMENDI,1,Tenda,Canala,LIEU_DIT_NC,TRIBU,Tèda Nèxinyi,166.03563428874068,-21.545648677139223,tribus_villages_nc,137,403,Gélima - Nakéty
municipales_2026,1,,,988,98804,Canala,CANALA,0007,346,248,98,241,3,4,2,LREG,,,,,Caril BERONON XWAMAABWI ADOPOO,71,20.52,29.46,,Tenda Koumendi,TENDA KOUMENDI,1,Tenda,Canala,LIEU_DIT_NC,TRIBU,Tèda Nèxinyi,166.03563428874068,-21.545648677139223,tribus_villages_nc,137,403,Gélima - Nakéty
municipales_2026,1,,,988,98804,Canala,CANALA,0007,346,248,98,241,3,4,3,LREG,,,,,Gilbert TYUIENON TEPE AEE CE KANAKY DAAWANI,91,26.3,37.76,,Tenda Koumendi,TENDA KOUMENDI,1,Tenda,Canala,LIEU_DIT_NC,TRIBU,Tèda Nèxinyi,166.03563428874068,-21.545648677139223,tribus_villages_nc,137,403,Gélima - Nakéty
municipales_2026,1,,,988,98804,Canala,CANALA,0007,346,248,98,241,3,4,4,LREG,,,,,Raymond - Freddy TYUIENON UNI XARACUU ARE,44,12.72,18.26,,Tenda Koumendi,TENDA KOUMENDI,1,Tenda,Canala,LIEU_DIT_NC,TRIBU,Tèda Nèxinyi,166.03563428874068,-21.545648677139223,tribus_villages_nc,137,403,Gélima - Nakéty
municipales_2026,1,,,988,98805,Dumbéa,DUMBEA,0001,1096,601,495,592,7,2,1,LDVD,,,,,Cynthia JAN NÉE METZDORF UNIR POUR l'AVENIR,349,31.84,58.95,,Hôtel de Ville 1,MAIRIE,0.93,Mairie du Nord de Dumbéa,777 ROUTE TERRITORIALE N°1,ADMINISTRATION ET ORGANISME,Administrations des collectivités,Administration de la commune de Dumbéa,166.457501065839,-22.1675460417822,etablissements_publics_nc,149,512,Plaine de Koé
municipales_2026,1,,,988,98805,Dumbéa,DUMBEA,0001,1096,601,495,592,7,2,2,LDVC,,,,,Vaimua MULIAVA DUMBEA COLLECTIF,23,2.1,3.89,,Hôtel de Ville 1,MAIRIE,0.93,Mairie du Nord de Dumbéa,777 ROUTE TERRITORIALE N°1,ADMINISTRATION ET ORGANISME,Administrations des collectivités,Administration de la commune de Dumbéa,166.457501065839,-22.1675460417822,etablissements_publics_nc,149,512,Plaine de Koé
municipales_2026,1,,,988,98805,Dumbéa,DUMBEA,0001,1096,601,495,592,7,2,3,LREG,,,,,Julia Danielle QENEGEI ÉPOUSE GUAENERE UNI SOLIDARITE DUMBEA,9,0.82,1.52,,Hôtel de Ville 1,MAIRIE,0.93,Mairie du Nord de Dumbéa,777 ROUTE TERRITORIALE N°1,ADMINISTRATION ET ORGANISME,Administrations des collectivités,Administration de la commune de Dumbéa,166.457501065839,-22.1675460417822,etablissements_publics_nc,149,512,Plaine de Koé
municipales_2026,1,,,988,98805,Dumbéa,DUMBEA,0001,1096,601,495,592,7,2,4,LDVD,,,,,Yoann LECOURIEUX DUMBEA AVANT TOUT!,161,14.69,27.2,,Hôtel de Ville 1,MAIRIE,0.93,Mairie du Nord de Dumbéa,777 ROUTE TERRITORIALE N°1,ADMINISTRATION ET ORGANISME,Administrations des collectivités,Administration de la commune de Dumbéa,166.457501065839,-22.1675460417822,etablissements_publics_nc,149,512,Plaine de Koé
municipales_2026,1,,,988,98805,Dumbéa,DUMBEA,0001,1096,601,495,592,7,2,5,LDVD,,,,,Muriel MALFAR-PAUGA PASSIONNEMENT DUMBEA,16,1.46,2.7,,Hôtel de Ville 1,MAIRIE,0.93,Mairie du Nord de Dumbéa,777 ROUTE TERRITORIALE N°1,ADMINISTRATION ET ORGANISME,Administrations des collectivités,Administration de la commune de Dumbéa,166.457501065839,-22.1675460417822,etablissements_publics_nc,149,512,Plaine de Koé
municipales_2026,1,,,988,98805,Dumbéa,DUMBEA,0001,1096,601,495,592,7,2,6,LREG,,,,,"Rachel AUCHER DUMBEA, AU SERVICE DU PEUPLE",34,3.1,5.74,,Hôtel de Ville 1,MAIRIE,0.93,Mairie du Nord de Dumbéa,777 ROUTE TERRITORIALE N°1,ADMINISTRATION ET ORGANISME,Administrations des collectivités,Administration de la commune de Dumbéa,166.457501065839,-22.1675460417822,etablissements_publics_nc,149,512,Plaine de Koé
municipales_2026,1,,,988,98805,Dumbéa,DUMBEA,0002,947,453,494,443,7,3,1,LDVD,,,,,Cynthia JAN NÉE METZDORF UNIR POUR l'AVENIR,119,12.57,26.86,,Hôtel de ville 2,MAIRIE,0.93,Mairie du Nord de Dumbéa,777 ROUTE TERRITORIALE N°1,ADMINISTRATION ET ORGANISME,Administrations des collectivités,Administration de la commune de Dumbéa,166.457501065839,-22.1675460417822,etablissements_publics_nc,149,512,Plaine de Koé
municipales_2026,1,,,988,98805,Dumbéa,DUMBEA,0002,947,453,494,443,7,3,2,LDVC,,,,,Vaimua MULIAVA DUMBEA COLLECTIF,67,7.07,15.12,,Hôtel de ville 2,MAIRIE,0.93,Mairie du Nord de Dumbéa,777 ROUTE TERRITORIALE N°1,ADMINISTRATION ET ORGANISME,Administrations des collectivités,Administration de la commune de Dumbéa,166.457501065839,-22.1675460417822,etablissements_publics_nc,149,512,Plaine de Koé
municipales_2026,1,,,988,98805,Dumbéa,DUMBEA,0002,947,453,494,443,7,3,3,LREG,,,,,Julia Danielle QENEGEI ÉPOUSE GUAENERE UNI SOLIDARITE DUMBEA,17,1.8,3.84,,Hôtel de ville 2,MAIRIE,0.93,Mairie du Nord de Dumbéa,777 ROUTE TERRITORIALE N°1,ADMINISTRATION ET ORGANISME,Administrations des collectivités,Administration de la commune de Dumbéa,166.457501065839,-22.1675460417822,etablissements_publics_nc,149,512,Plaine de Koé
municipales_2026,1,,,988,98805,Dumbéa,DUMBEA,0002,947,453,494,443,7,3,4,LDVD,,,,,Yoann LECOURIEUX DUMBEA AVANT TOUT!,86,9.08,19.41,,Hôtel de ville 2,MAIRIE,0.93,Mairie du Nord de Dumbéa,777 ROUTE TERRITORIALE N°1,ADMINISTRATION ET ORGANISME,Administrations des collectivités,Administration de la commune de Dumbéa,166.457501065839,-22.1675460417822,etablissements_publics_nc,149,512,Plaine de Koé
municipales_2026,1,,,988,98805,Dumbéa,DUMBEA,0002,947,453,494,443,7,3,5,LDVD,,,,,Muriel MALFAR-PAUGA PASSIONNEMENT DUMBEA,71,7.5,16.03,,Hôtel de ville 2,MAIRIE,0.93,Mairie du Nord de Dumbéa,777 ROUTE TERRITORIALE N°1,ADMINISTRATION ET ORGANISME,Administrations des collectivités,Administration de la commune de Dumbéa,166.457501065839,-22.1675460417822,etablissements_publics_nc,149,512,Plaine de Koé
municipales_2026,1,,,988,98805,Dumbéa,DUMBEA,0002,947,453,494,443,7,3,6,LREG,,,,,"Rachel AUCHER DUMBEA, AU SERVICE DU PEUPLE",83,8.76,18.74,,Hôtel de ville 2,MAIRIE,0.93,Mairie du Nord de Dumbéa,777 ROUTE TERRITORIALE N°1,ADMINISTRATION ET ORGANISME,Administrations des collectivités,Administration de la commune de Dumbéa,166.457501065839,-22.1675460417822,etablissements_publics_nc,149,512,Plaine de Koé
municipales_2026,1,,,988,98805,Dumbéa,DUMBEA,0003,1084,520,564,503,15,2,1,LDVD,,,,,Cynthia JAN NÉE METZDORF UNIR POUR l'AVENIR,125,11.53,24.85,,Hôtel de ville 3,MAIRIE,0.93,Mairie du Nord de Dumbéa,777 ROUTE TERRITORIALE N°1,ADMINISTRATION ET ORGANISME,Administrations des collectivités,Administration de la commune de Dumbéa,166.457501065839,-22.1675460417822,etablissements_publics_nc,149,512,Plaine de Koé
municipales_2026,1,,,988,98805,Dumbéa,DUMBEA,0003,1084,520,564,503,15,2,2,LDVC,,,,,Vaimua MULIAVA DUMBEA COLLECTIF,81,7.47,16.1,,Hôtel de ville 3,MAIRIE,0.93,Mairie du Nord de Dumbéa,777 ROUTE TERRITORIALE N°1,ADMINISTRATION ET ORGANISME,Administrations des collectivités,Administration de la commune de Dumbéa,166.457501065839,-22.1675460417822,etablissements_publics_nc,149,512,Plaine de Koé
municipales_2026,1,,,988,98805,Dumbéa,DUMBEA,0003,1084,520,564,503,15,2,3,LREG,,,,,Julia Danielle QENEGEI ÉPOUSE GUAENERE UNI SOLIDARITE DUMBEA,18,1.66,3.58,,Hôtel de ville 3,MAIRIE,0.93,Mairie du Nord de Dumbéa,777 ROUTE TERRITORIALE N°1,ADMINISTRATION ET ORGANISME,Administrations des collectivités,Administration de la commune de Dumbéa,166.457501065839,-22.1675460417822,etablissements_publics_nc,149,512,Plaine de Koé
municipales_2026,1,,,988,98805,Dumbéa,DUMBEA,0003,1084,520,564,503,15,2,4,LDVD,,,,,Yoann LECOURIEUX DUMBEA AVANT TOUT!,89,8.21,17.69,,Hôtel de ville 3,MAIRIE,0.93,Mairie du Nord de Dumbéa,777 ROUTE TERRITORIALE N°1,ADMINISTRATION ET ORGANISME,Administrations des collectivités,Administration de la commune de Dumbéa,166.457501065839,-22.1675460417822,etablissements_publics_nc,149,512,Plaine de Koé
municipales_2026,1,,,988,98805,Dumbéa,DUMBEA,0003,1084,520,564,503,15,2,5,LDVD,,,,,Muriel MALFAR-PAUGA PASSIONNEMENT DUMBEA,59,5.44,11.73,,Hôtel de ville 3,MAIRIE,0.93,Mairie du Nord de Dumbéa,777 ROUTE TERRITORIALE N°1,ADMINISTRATION ET ORGANISME,Administrations des collectivités,Administration de la commune de Dumbéa,166.457501065839,-22.1675460417822,etablissements_publics_nc,149,512,Plaine de Koé
municipales_2026,1,,,988,98805,Dumbéa,DUMBEA,0003,1084,520,564,503,15,2,6,LREG,,,,,"Rachel AUCHER DUMBEA, AU SERVICE DU PEUPLE",131,12.08,26.04,,Hôtel de ville 3,MAIRIE,0.93,Mairie du Nord de Dumbéa,777 ROUTE TERRITORIALE N°1,ADMINISTRATION ET ORGANISME,Administrations des collectivités,Administration de la commune de Dumbéa,166.457501065839,-22.1675460417822,etablissements_publics_nc,149,512,Plaine de Koé
municipales_2026,1,,,988,98805,Dumbéa,DUMBEA,0004,1061,487,574,474,9,4,1,LDVD,,,,,Cynthia JAN NÉE METZDORF UNIR POUR l'AVENIR,136,12.82,28.69,,Ecole primaire Mainguet 1,ECOLE PRIMAIRE MAINGUET,0.952,Ecole primaire Jack Mainguet,73 RUE JEAN FRANCOIS LAPEROUSE,ENSEIGNEMENT ET FORMATION,Enseignement du premier degré,Ecole primaire,166.474584305922,-22.2148395317313,etablissements_publics_nc,138,501,Coeur de ville urbain
municipales_2026,1,,,988,98805,Dumbéa,DUMBEA,0004,1061,487,574,474,9,4,2,LDVC,,,,,Vaimua MULIAVA DUMBEA COLLECTIF,58,5.47,12.24,,Ecole primaire Mainguet 1,ECOLE PRIMAIRE MAINGUET,0.952,Ecole primaire Jack Mainguet,73 RUE JEAN FRANCOIS LAPEROUSE,ENSEIGNEMENT ET FORMATION,Enseignement du premier degré,Ecole primaire,166.474584305922,-22.2148395317313,etablissements_publics_nc,138,501,Coeur de ville urbain
municipales_2026,1,,,988,98805,Dumbéa,DUMBEA,0004,1061,487,574,474,9,4,3,LREG,,,,,Julia Danielle QENEGEI ÉPOUSE GUAENERE UNI SOLIDARITE DUMBEA,28,2.64,5.91,,Ecole primaire Mainguet 1,ECOLE PRIMAIRE MAINGUET,0.952,Ecole primaire Jack Mainguet,73 RUE JEAN FRANCOIS LAPEROUSE,ENSEIGNEMENT ET FORMATION,Enseignement du premier degré,Ecole primaire,166.474584305922,-22.2148395317313,etablissements_publics_nc,138,501,Coeur de ville urbain
municipales_2026,1,,,988,98805,Dumbéa,DUMBEA,0004,1061,487,574,474,9,4,4,LDVD,,,,,Yoann LECOURIEUX DUMBEA AVANT TOUT!,73,6.88,15.4,,Ecole primaire Mainguet 1,ECOLE PRIMAIRE MAINGUET,0.952,Ecole primaire Jack Mainguet,73 RUE JEAN FRANCOIS LAPEROUSE,ENSEIGNEMENT ET FORMATION,Enseignement du premier degré,Ecole primaire,166.474584305922,-22.2148395317313,etablissements_publics_nc,138,501,Coeur de ville urbain
municipales_2026,1,,,988,98805,Dumbéa,DUMBEA,0004,1061,487,574,474,9,4,5,LDVD,,,,,Muriel MALFAR-PAUGA PASSIONNEMENT DUMBEA,50,4.71,10.55,,Ecole primaire Mainguet 1,ECOLE PRIMAIRE MAINGUET,0.952,Ecole primaire Jack Mainguet,73 RUE JEAN FRANCOIS LAPEROUSE,ENSEIGNEMENT ET FORMATION,Enseignement du premier degré,Ecole primaire,166.474584305922,-22.2148395317313,etablissements_publics_nc,138,501,Coeur de ville urbain
municipales_2026,1,,,988,98805,Dumbéa,DUMBEA,0004,1061,487,574,474,9,4,6,LREG,,,,,"Rachel AUCHER DUMBEA, AU SERVICE DU PEUPLE",129,12.16,27.22,,Ecole primaire Mainguet 1,ECOLE PRIMAIRE MAINGUET,0.952,Ecole primaire Jack Mainguet,73 RUE JEAN FRANCOIS LAPEROUSE,ENSEIGNEMENT ET FORMATION,Enseignement du premier degré,Ecole primaire,166.474584305922,-22.2148395317313,etablissements_publics_nc,138,501,Coeur de ville urbain
municipales_2026,1,,,988,98805,Dumbéa,DUMBEA,0005,744,302,442,291,5,6,1,LDVD,,,,,Cynthia JAN NÉE METZDORF UNIR POUR l'AVENIR,61,8.2,20.96,,Ecole primaire Mainguet 2,ECOLE PRIMAIRE MAINGUET,0.952,Ecole primaire Jack Mainguet,73 RUE JEAN FRANCOIS LAPEROUSE,ENSEIGNEMENT ET FORMATION,Enseignement du premier degré,Ecole primaire,166.474584305922,-22.2148395317313,etablissements_publics_nc,138,501,Coeur de ville urbain
municipales_2026,1,,,988,98805,Dumbéa,DUMBEA,0005,744,302,442,291,5,6,2,LDVC,,,,,Vaimua MULIAVA DUMBEA COLLECTIF,42,5.65,14.43,,Ecole primaire Mainguet 2,ECOLE PRIMAIRE MAINGUET,0.952,Ecole primaire Jack Mainguet,73 RUE JEAN FRANCOIS LAPEROUSE,ENSEIGNEMENT ET FORMATION,Enseignement du premier degré,Ecole primaire,166.474584305922,-22.2148395317313,etablissements_publics_nc,138,501,Coeur de ville urbain
municipales_2026,1,,,988,98805,Dumbéa,DUMBEA,0005,744,302,442,291,5,6,3,LREG,,,,,Julia Danielle QENEGEI ÉPOUSE GUAENERE UNI SOLIDARITE DUMBEA,7,0.94,2.41,,Ecole primaire Mainguet 2,ECOLE PRIMAIRE MAINGUET,0.952,Ecole primaire Jack Mainguet,73 RUE JEAN FRANCOIS LAPEROUSE,ENSEIGNEMENT ET FORMATION,Enseignement du premier degré,Ecole primaire,166.474584305922,-22.2148395317313,etablissements_publics_nc,138,501,Coeur de ville urbain
municipales_2026,1,,,988,98805,Dumbéa,DUMBEA,0005,744,302,442,291,5,6,4,LDVD,,,,,Yoann LECOURIEUX DUMBEA AVANT TOUT!,43,5.78,14.78,,Ecole primaire Mainguet 2,ECOLE PRIMAIRE MAINGUET,0.952,Ecole primaire Jack Mainguet,73 RUE JEAN FRANCOIS LAPEROUSE,ENSEIGNEMENT ET FORMATION,Enseignement du premier degré,Ecole primaire,166.474584305922,-22.2148395317313,etablissements_publics_nc,138,501,Coeur de ville urbain
municipales_2026,1,,,988,98805,Dumbéa,DUMBEA,0005,744,302,442,291,5,6,5,LDVD,,,,,Muriel MALFAR-PAUGA PASSIONNEMENT DUMBEA,77,10.35,26.46,,Ecole primaire Mainguet 2,ECOLE PRIMAIRE MAINGUET,0.952,Ecole primaire Jack Mainguet,73 RUE JEAN FRANCOIS LAPEROUSE,ENSEIGNEMENT ET FORMATION,Enseignement du premier degré,Ecole primaire,166.474584305922,-22.2148395317313,etablissements_publics_nc,138,501,Coeur de ville urbain
municipales_2026,1,,,988,98805,Dumbéa,DUMBEA,0005,744,302,442,291,5,6,6,LREG,,,,,"Rachel AUCHER DUMBEA, AU SERVICE DU PEUPLE",61,8.2,20.96,,Ecole primaire Mainguet 2,ECOLE PRIMAIRE MAINGUET,0.952,Ecole primaire Jack Mainguet,73 RUE JEAN FRANCOIS LAPEROUSE,ENSEIGNEMENT ET FORMATION,Enseignement du premier degré,Ecole primaire,166.474584305922,-22.2148395317313,etablissements_publics_nc,138,501,Coeur de ville urbain
municipales_2026,1,,,988,98805,Dumbéa,DUMBEA,0006,847,383,464,371,11,1,1,LDVD,,,,,Cynthia JAN NÉE METZDORF UNIR POUR l'AVENIR,86,10.15,23.18,,Maison de la jeunesse 1,MAISON JEUNESSE,1,Maison de la jeunesse,26 AVENUE D'AUTEUIL,CULTUREL ET SOCIO EDUCATIF,Equipements culturels,Centre culturel maison culturelle et centre d'art,166.474913290828,-22.2056811434969,etablissements_publics_nc,144,507,Jacarandas II
municipales_2026,1,,,988,98805,Dumbéa,DUMBEA,0006,847,383,464,371,11,1,2,LDVC,,,,,Vaimua MULIAVA DUMBEA COLLECTIF,97,11.45,26.15,,Maison de la jeunesse 1,MAISON JEUNESSE,1,Maison de la jeunesse,26 AVENUE D'AUTEUIL,CULTUREL ET SOCIO EDUCATIF,Equipements culturels,Centre culturel maison culturelle et centre d'art,166.474913290828,-22.2056811434969,etablissements_publics_nc,144,507,Jacarandas II
municipales_2026,1,,,988,98805,Dumbéa,DUMBEA,0006,847,383,464,371,11,1,3,LREG,,,,,Julia Danielle QENEGEI ÉPOUSE GUAENERE UNI SOLIDARITE DUMBEA,4,0.47,1.08,,Maison de la jeunesse 1,MAISON JEUNESSE,1,Maison de la jeunesse,26 AVENUE D'AUTEUIL,CULTUREL ET SOCIO EDUCATIF,Equipements culturels,Centre culturel maison culturelle et centre d'art,166.474913290828,-22.2056811434969,etablissements_publics_nc,144,507,Jacarandas II
municipales_2026,1,,,988,98805,Dumbéa,DUMBEA,0006,847,383,464,371,11,1,4,LDVD,,,,,Yoann LECOURIEUX DUMBEA AVANT TOUT!,70,8.26,18.87,,Maison de la jeunesse 1,MAISON JEUNESSE,1,Maison de la jeunesse,26 AVENUE D'AUTEUIL,CULTUREL ET SOCIO EDUCATIF,Equipements culturels,Centre culturel maison culturelle et centre d'art,166.474913290828,-22.2056811434969,etablissements_publics_nc,144,507,Jacarandas II
municipales_2026,1,,,988,98805,Dumbéa,DUMBEA,0006,847,383,464,371,11,1,5,LDVD,,,,,Muriel MALFAR-PAUGA PASSIONNEMENT DUMBEA,55,6.49,14.82,,Maison de la jeunesse 1,MAISON JEUNESSE,1,Maison de la jeunesse,26 AVENUE D'AUTEUIL,CULTUREL ET SOCIO EDUCATIF,Equipements culturels,Centre culturel maison culturelle et centre d'art,166.474913290828,-22.2056811434969,etablissements_publics_nc,144,507,Jacarandas II
municipales_2026,1,,,988,98805,Dumbéa,DUMBEA,0006,847,383,464,371,11,1,6,LREG,,,,,"Rachel AUCHER DUMBEA, AU SERVICE DU PEUPLE",59,6.97,15.9,,Maison de la jeunesse 1,MAISON JEUNESSE,1,Maison de la jeunesse,26 AVENUE D'AUTEUIL,CULTUREL ET SOCIO EDUCATIF,Equipements culturels,Centre culturel maison culturelle et centre d'art,166.474913290828,-22.2056811434969,etablissements_publics_nc,144,507,Jacarandas II
municipales_2026,1,,,988,98805,Dumbéa,DUMBEA,0007,1058,574,484,558,14,2,1,LDVD,,,,,Cynthia JAN NÉE METZDORF UNIR POUR l'AVENIR,137,12.95,24.55,,Maison de la jeunesse 2,MAISON JEUNESSE,1,Maison de la jeunesse,26 AVENUE D'AUTEUIL,CULTUREL ET SOCIO EDUCATIF,Equipements culturels,Centre culturel maison culturelle et centre d'art,166.474913290828,-22.2056811434969,etablissements_publics_nc,144,507,Jacarandas II
municipales_2026,1,,,988,98805,Dumbéa,DUMBEA,0007,1058,574,484,558,14,2,2,LDVC,,,,,Vaimua MULIAVA DUMBEA COLLECTIF,69,6.52,12.37,,Maison de la jeunesse 2,MAISON JEUNESSE,1,Maison de la jeunesse,26 AVENUE D'AUTEUIL,CULTUREL ET SOCIO EDUCATIF,Equipements culturels,Centre culturel maison culturelle et centre d'art,166.474913290828,-22.2056811434969,etablissements_publics_nc,144,507,Jacarandas II
municipales_2026,1,,,988,98805,Dumbéa,DUMBEA,0007,1058,574,484,558,14,2,3,LREG,,,,,Julia Danielle QENEGEI ÉPOUSE GUAENERE UNI SOLIDARITE DUMBEA,12,1.13,2.15,,Maison de la jeunesse 2,MAISON JEUNESSE,1,Maison de la jeunesse,26 AVENUE D'AUTEUIL,CULTUREL ET SOCIO EDUCATIF,Equipements culturels,Centre culturel maison culturelle et centre d'art,166.474913290828,-22.2056811434969,etablissements_publics_nc,144,507,Jacarandas II
municipales_2026,1,,,988,98805,Dumbéa,DUMBEA,0007,1058,574,484,558,14,2,4,LDVD,,,,,Yoann LECOURIEUX DUMBEA AVANT TOUT!,66,6.24,11.83,,Maison de la jeunesse 2,MAISON JEUNESSE,1,Maison de la jeunesse,26 AVENUE D'AUTEUIL,CULTUREL ET SOCIO EDUCATIF,Equipements culturels,Centre culturel maison culturelle et centre d'art,166.474913290828,-22.2056811434969,etablissements_publics_nc,144,507,Jacarandas II
municipales_2026,1,,,988,98805,Dumbéa,DUMBEA,0007,1058,574,484,558,14,2,5,LDVD,,,,,Muriel MALFAR-PAUGA PASSIONNEMENT DUMBEA,162,15.31,29.03,,Maison de la jeunesse 2,MAISON JEUNESSE,1,Maison de la jeunesse,26 AVENUE D'AUTEUIL,CULTUREL ET SOCIO EDUCATIF,Equipements culturels,Centre culturel maison culturelle et centre d'art,166.474913290828,-22.2056811434969,etablissements_publics_nc,144,507,Jacarandas II
municipales_2026,1,,,988,98805,Dumbéa,DUMBEA,0007,1058,574,484,558,14,2,6,LREG,,,,,"Rachel AUCHER DUMBEA, AU SERVICE DU PEUPLE",112,10.59,20.07,,Maison de la jeunesse 2,MAISON JEUNESSE,1,Maison de la jeunesse,26 AVENUE D'AUTEUIL,CULTUREL ET SOCIO EDUCATIF,Equipements culturels,Centre culturel maison culturelle et centre d'art,166.474913290828,-22.2056811434969,etablissements_publics_nc,144,507,Jacarandas II
municipales_2026,1,,,988,98805,Dumbéa,DUMBEA,0008,880,452,428,442,8,2,1,LDVD,,,,,Cynthia JAN NÉE METZDORF UNIR POUR l'AVENIR,195,22.16,44.12,,Centre culturel de Dumbéa 1,CENTRE CULTUREL DUMBEA,1,Centre culturel de Dumbéa,56 AVENUE D'AUTEUIL,CULTUREL ET SOCIO EDUCATIF,Equipements culturels,Centre culturel maison culturelle et centre d'art,166.474126141924,-22.2081759337081,etablissements_publics_nc,140,503,Koutio Secal
municipales_2026,1,,,988,98805,Dumbéa,DUMBEA,0008,880,452,428,442,8,2,2,LDVC,,,,,Vaimua MULIAVA DUMBEA COLLECTIF,25,2.84,5.66,,Centre culturel de Dumbéa 1,CENTRE CULTUREL DUMBEA,1,Centre culturel de Dumbéa,56 AVENUE D'AUTEUIL,CULTUREL ET SOCIO EDUCATIF,Equipements culturels,Centre culturel maison culturelle et centre d'art,166.474126141924,-22.2081759337081,etablissements_publics_nc,140,503,Koutio Secal
municipales_2026,1,,,988,98805,Dumbéa,DUMBEA,0008,880,452,428,442,8,2,3,LREG,,,,,Julia Danielle QENEGEI ÉPOUSE GUAENERE UNI SOLIDARITE DUMBEA,12,1.36,2.71,,Centre culturel de Dumbéa 1,CENTRE CULTUREL DUMBEA,1,Centre culturel de Dumbéa,56 AVENUE D'AUTEUIL,CULTUREL ET SOCIO EDUCATIF,Equipements culturels,Centre culturel maison culturelle et centre d'art,166.474126141924,-22.2081759337081,etablissements_publics_nc,140,503,Koutio Secal
municipales_2026,1,,,988,98805,Dumbéa,DUMBEA,0008,880,452,428,442,8,2,4,LDVD,,,,,Yoann LECOURIEUX DUMBEA AVANT TOUT!,88,10,19.91,,Centre culturel de Dumbéa 1,CENTRE CULTUREL DUMBEA,1,Centre culturel de Dumbéa,56 AVENUE D'AUTEUIL,CULTUREL ET SOCIO EDUCATIF,Equipements culturels,Centre culturel maison culturelle et centre d'art,166.474126141924,-22.2081759337081,etablissements_publics_nc,140,503,Koutio Secal
municipales_2026,1,,,988,98805,Dumbéa,DUMBEA,0008,880,452,428,442,8,2,5,LDVD,,,,,Muriel MALFAR-PAUGA PASSIONNEMENT DUMBEA,46,5.23,10.41,,Centre culturel de Dumbéa 1,CENTRE CULTUREL DUMBEA,1,Centre culturel de Dumbéa,56 AVENUE D'AUTEUIL,CULTUREL ET SOCIO EDUCATIF,Equipements culturels,Centre culturel maison culturelle et centre d'art,166.474126141924,-22.2081759337081,etablissements_publics_nc,140,503,Koutio Secal
municipales_2026,1,,,988,98805,Dumbéa,DUMBEA,0008,880,452,428,442,8,2,6,LREG,,,,,"Rachel AUCHER DUMBEA, AU SERVICE DU PEUPLE",76,8.64,17.19,,Centre culturel de Dumbéa 1,CENTRE CULTUREL DUMBEA,1,Centre culturel de Dumbéa,56 AVENUE D'AUTEUIL,CULTUREL ET SOCIO EDUCATIF,Equipements culturels,Centre culturel maison culturelle et centre d'art,166.474126141924,-22.2081759337081,etablissements_publics_nc,140,503,Koutio Secal
municipales_2026,1,,,988,98805,Dumbéa,DUMBEA,0009,487,216,271,212,3,1,1,LDVD,,,,,Cynthia JAN NÉE METZDORF UNIR POUR l'AVENIR,44,9.03,20.75,,Centre culturel de Dumbéa 2,CENTRE CULTUREL DUMBEA,1,Centre culturel de Dumbéa,56 AVENUE D'AUTEUIL,CULTUREL ET SOCIO EDUCATIF,Equipements culturels,Centre culturel maison culturelle et centre d'art,166.474126141924,-22.2081759337081,etablissements_publics_nc,140,503,Koutio Secal
municipales_2026,1,,,988,98805,Dumbéa,DUMBEA,0009,487,216,271,212,3,1,2,LDVC,,,,,Vaimua MULIAVA DUMBEA COLLECTIF,30,6.16,14.15,,Centre culturel de Dumbéa 2,CENTRE CULTUREL DUMBEA,1,Centre culturel de Dumbéa,56 AVENUE D'AUTEUIL,CULTUREL ET SOCIO EDUCATIF,Equipements culturels,Centre culturel maison culturelle et centre d'art,166.474126141924,-22.2081759337081,etablissements_publics_nc,140,503,Koutio Secal
municipales_2026,1,,,988,98805,Dumbéa,DUMBEA,0009,487,216,271,212,3,1,3,LREG,,,,,Julia Danielle QENEGEI ÉPOUSE GUAENERE UNI SOLIDARITE DUMBEA,14,2.87,6.6,,Centre culturel de Dumbéa 2,CENTRE CULTUREL DUMBEA,1,Centre culturel de Dumbéa,56 AVENUE D'AUTEUIL,CULTUREL ET SOCIO EDUCATIF,Equipements culturels,Centre culturel maison culturelle et centre d'art,166.474126141924,-22.2081759337081,etablissements_publics_nc,140,503,Koutio Secal
municipales_2026,1,,,988,98805,Dumbéa,DUMBEA,0009,487,216,271,212,3,1,4,LDVD,,,,,Yoann LECOURIEUX DUMBEA AVANT TOUT!,32,6.57,15.09,,Centre culturel de Dumbéa 2,CENTRE CULTUREL DUMBEA,1,Centre culturel de Dumbéa,56 AVENUE D'AUTEUIL,CULTUREL ET SOCIO EDUCATIF,Equipements culturels,Centre culturel maison culturelle et centre d'art,166.474126141924,-22.2081759337081,etablissements_publics_nc,140,503,Koutio Secal
municipales_2026,1,,,988,98805,Dumbéa,DUMBEA,0009,487,216,271,212,3,1,5,LDVD,,,,,Muriel MALFAR-PAUGA PASSIONNEMENT DUMBEA,33,6.78,15.57,,Centre culturel de Dumbéa 2,CENTRE CULTUREL DUMBEA,1,Centre culturel de Dumbéa,56 AVENUE D'AUTEUIL,CULTUREL ET SOCIO EDUCATIF,Equipements culturels,Centre culturel maison culturelle et centre d'art,166.474126141924,-22.2081759337081,etablissements_publics_nc,140,503,Koutio Secal
municipales_2026,1,,,988,98805,Dumbéa,DUMBEA,0009,487,216,271,212,3,1,6,LREG,,,,,"Rachel AUCHER DUMBEA, AU SERVICE DU PEUPLE",59,12.11,27.83,,Centre culturel de Dumbéa 2,CENTRE CULTUREL DUMBEA,1,Centre culturel de Dumbéa,56 AVENUE D'AUTEUIL,CULTUREL ET SOCIO EDUCATIF,Equipements culturels,Centre culturel maison culturelle et centre d'art,166.474126141924,-22.2081759337081,etablissements_publics_nc,140,503,Koutio Secal
municipales_2026,1,,,988,98805,Dumbéa,DUMBEA,0010,971,539,432,527,10,2,1,LDVD,,,,,Cynthia JAN NÉE METZDORF UNIR POUR l'AVENIR,211,21.73,40.04,,Centre culturel de Dumbéa 3,CENTRE CULTUREL DUMBEA,1,Centre culturel de Dumbéa,56 AVENUE D'AUTEUIL,CULTUREL ET SOCIO EDUCATIF,Equipements culturels,Centre culturel maison culturelle et centre d'art,166.474126141924,-22.2081759337081,etablissements_publics_nc,140,503,Koutio Secal
municipales_2026,1,,,988,98805,Dumbéa,DUMBEA,0010,971,539,432,527,10,2,2,LDVC,,,,,Vaimua MULIAVA DUMBEA COLLECTIF,56,5.77,10.63,,Centre culturel de Dumbéa 3,CENTRE CULTUREL DUMBEA,1,Centre culturel de Dumbéa,56 AVENUE D'AUTEUIL,CULTUREL ET SOCIO EDUCATIF,Equipements culturels,Centre culturel maison culturelle et centre d'art,166.474126141924,-22.2081759337081,etablissements_publics_nc,140,503,Koutio Secal
municipales_2026,1,,,988,98805,Dumbéa,DUMBEA,0010,971,539,432,527,10,2,3,LREG,,,,,Julia Danielle QENEGEI ÉPOUSE GUAENERE UNI SOLIDARITE DUMBEA,19,1.96,3.61,,Centre culturel de Dumbéa 3,CENTRE CULTUREL DUMBEA,1,Centre culturel de Dumbéa,56 AVENUE D'AUTEUIL,CULTUREL ET SOCIO EDUCATIF,Equipements culturels,Centre culturel maison culturelle et centre d'art,166.474126141924,-22.2081759337081,etablissements_publics_nc,140,503,Koutio Secal
municipales_2026,1,,,988,98805,Dumbéa,DUMBEA,0010,971,539,432,527,10,2,4,LDVD,,,,,Yoann LECOURIEUX DUMBEA AVANT TOUT!,116,11.95,22.01,,Centre culturel de Dumbéa 3,CENTRE CULTUREL DUMBEA,1,Centre culturel de Dumbéa,56 AVENUE D'AUTEUIL,CULTUREL ET SOCIO EDUCATIF,Equipements culturels,Centre culturel maison culturelle et centre d'art,166.474126141924,-22.2081759337081,etablissements_publics_nc,140,503,Koutio Secal
municipales_2026,1,,,988,98805,Dumbéa,DUMBEA,0010,971,539,432,527,10,2,5,LDVD,,,,,Muriel MALFAR-PAUGA PASSIONNEMENT DUMBEA,57,5.87,10.82,,Centre culturel de Dumbéa 3,CENTRE CULTUREL DUMBEA,1,Centre culturel de Dumbéa,56 AVENUE D'AUTEUIL,CULTUREL ET SOCIO EDUCATIF,Equipements culturels,Centre culturel maison culturelle et centre d'art,166.474126141924,-22.2081759337081,etablissements_publics_nc,140,503,Koutio Secal
municipales_2026,1,,,988,98805,Dumbéa,DUMBEA,0010,971,539,432,527,10,2,6,LREG,,,,,"Rachel AUCHER DUMBEA, AU SERVICE DU PEUPLE",68,7,12.9,,Centre culturel de Dumbéa 3,CENTRE CULTUREL DUMBEA,1,Centre culturel de Dumbéa,56 AVENUE D'AUTEUIL,CULTUREL ET SOCIO EDUCATIF,Equipements culturels,Centre culturel maison culturelle et centre d'art,166.474126141924,-22.2081759337081,etablissements_publics_nc,140,503,Koutio Secal
municipales_2026,1,,,988,98805,Dumbéa,DUMBEA,0011,890,444,446,433,10,1,1,LDVD,,,,,Cynthia JAN NÉE METZDORF UNIR POUR l'AVENIR,226,25.39,52.19,,Ecole primaire Gustave Clain 1,ECOLE PRIMAIRE GUSTAVE CLAIN,0.897,Ecole élémentaire Gustave Clain,49 RUE JACQUES MONOD,ENSEIGNEMENT ET FORMATION,Enseignement du premier degré,Ecole élémentaire,166.460870510376,-22.2089353285944,etablissements_publics_nc,141,504,Koutio érudits
municipales_2026,1,,,988,98805,Dumbéa,DUMBEA,0011,890,444,446,433,10,1,2,LDVC,,,,,Vaimua MULIAVA DUMBEA COLLECTIF,43,4.83,9.93,,Ecole primaire Gustave Clain 1,ECOLE PRIMAIRE GUSTAVE CLAIN,0.897,Ecole élémentaire Gustave Clain,49 RUE JACQUES MONOD,ENSEIGNEMENT ET FORMATION,Enseignement du premier degré,Ecole élémentaire,166.460870510376,-22.2089353285944,etablissements_publics_nc,141,504,Koutio érudits
municipales_2026,1,,,988,98805,Dumbéa,DUMBEA,0011,890,444,446,433,10,1,3,LREG,,,,,Julia Danielle QENEGEI ÉPOUSE GUAENERE UNI SOLIDARITE DUMBEA,12,1.35,2.77,,Ecole primaire Gustave Clain 1,ECOLE PRIMAIRE GUSTAVE CLAIN,0.897,Ecole élémentaire Gustave Clain,49 RUE JACQUES MONOD,ENSEIGNEMENT ET FORMATION,Enseignement du premier degré,Ecole élémentaire,166.460870510376,-22.2089353285944,etablissements_publics_nc,141,504,Koutio érudits
municipales_2026,1,,,988,98805,Dumbéa,DUMBEA,0011,890,444,446,433,10,1,4,LDVD,,,,,Yoann LECOURIEUX DUMBEA AVANT TOUT!,90,10.11,20.79,,Ecole primaire Gustave Clain 1,ECOLE PRIMAIRE GUSTAVE CLAIN,0.897,Ecole élémentaire Gustave Clain,49 RUE JACQUES MONOD,ENSEIGNEMENT ET FORMATION,Enseignement du premier degré,Ecole élémentaire,166.460870510376,-22.2089353285944,etablissements_publics_nc,141,504,Koutio érudits
municipales_2026,1,,,988,98805,Dumbéa,DUMBEA,0011,890,444,446,433,10,1,5,LDVD,,,,,Muriel MALFAR-PAUGA PASSIONNEMENT DUMBEA,23,2.58,5.31,,Ecole primaire Gustave Clain 1,ECOLE PRIMAIRE GUSTAVE CLAIN,0.897,Ecole élémentaire Gustave Clain,49 RUE JACQUES MONOD,ENSEIGNEMENT ET FORMATION,Enseignement du premier degré,Ecole élémentaire,166.460870510376,-22.2089353285944,etablissements_publics_nc,141,504,Koutio érudits
municipales_2026,1,,,988,98805,Dumbéa,DUMBEA,0011,890,444,446,433,10,1,6,LREG,,,,,"Rachel AUCHER DUMBEA, AU SERVICE DU PEUPLE",39,4.38,9.01,,Ecole primaire Gustave Clain 1,ECOLE PRIMAIRE GUSTAVE CLAIN,0.897,Ecole élémentaire Gustave Clain,49 RUE JACQUES MONOD,ENSEIGNEMENT ET FORMATION,Enseignement du premier degré,Ecole élémentaire,166.460870510376,-22.2089353285944,etablissements_publics_nc,141,504,Koutio érudits
municipales_2026,1,,,988,98805,Dumbéa,DUMBEA,0012,928,483,445,472,9,2,1,LDVD,,,,,Cynthia JAN NÉE METZDORF UNIR POUR l'AVENIR,175,18.86,37.08,,Ecole primaire Gustave Clain 2,ECOLE PRIMAIRE GUSTAVE CLAIN,0.897,Ecole élémentaire Gustave Clain,49 RUE JACQUES MONOD,ENSEIGNEMENT ET FORMATION,Enseignement du premier degré,Ecole élémentaire,166.460870510376,-22.2089353285944,etablissements_publics_nc,141,504,Koutio érudits
municipales_2026,1,,,988,98805,Dumbéa,DUMBEA,0012,928,483,445,472,9,2,2,LDVC,,,,,Vaimua MULIAVA DUMBEA COLLECTIF,73,7.87,15.47,,Ecole primaire Gustave Clain 2,ECOLE PRIMAIRE GUSTAVE CLAIN,0.897,Ecole élémentaire Gustave Clain,49 RUE JACQUES MONOD,ENSEIGNEMENT ET FORMATION,Enseignement du premier degré,Ecole élémentaire,166.460870510376,-22.2089353285944,etablissements_publics_nc,141,504,Koutio érudits
municipales_2026,1,,,988,98805,Dumbéa,DUMBEA,0012,928,483,445,472,9,2,3,LREG,,,,,Julia Danielle QENEGEI ÉPOUSE GUAENERE UNI SOLIDARITE DUMBEA,21,2.26,4.45,,Ecole primaire Gustave Clain 2,ECOLE PRIMAIRE GUSTAVE CLAIN,0.897,Ecole élémentaire Gustave Clain,49 RUE JACQUES MONOD,ENSEIGNEMENT ET FORMATION,Enseignement du premier degré,Ecole élémentaire,166.460870510376,-22.2089353285944,etablissements_publics_nc,141,504,Koutio érudits
municipales_2026,1,,,988,98805,Dumbéa,DUMBEA,0012,928,483,445,472,9,2,4,LDVD,,,,,Yoann LECOURIEUX DUMBEA AVANT TOUT!,104,11.21,22.03,,Ecole primaire Gustave Clain 2,ECOLE PRIMAIRE GUSTAVE CLAIN,0.897,Ecole élémentaire Gustave Clain,49 RUE JACQUES MONOD,ENSEIGNEMENT ET FORMATION,Enseignement du premier degré,Ecole élémentaire,166.460870510376,-22.2089353285944,etablissements_publics_nc,141,504,Koutio érudits
municipales_2026,1,,,988,98805,Dumbéa,DUMBEA,0012,928,483,445,472,9,2,5,LDVD,,,,,Muriel MALFAR-PAUGA PASSIONNEMENT DUMBEA,35,3.77,7.42,,Ecole primaire Gustave Clain 2,ECOLE PRIMAIRE GUSTAVE CLAIN,0.897,Ecole élémentaire Gustave Clain,49 RUE JACQUES MONOD,ENSEIGNEMENT ET FORMATION,Enseignement du premier degré,Ecole élémentaire,166.460870510376,-22.2089353285944,etablissements_publics_nc,141,504,Koutio érudits
municipales_2026,1,,,988,98805,Dumbéa,DUMBEA,0012,928,483,445,472,9,2,6,LREG,,,,,"Rachel AUCHER DUMBEA, AU SERVICE DU PEUPLE",64,6.9,13.56,,Ecole primaire Gustave Clain 2,ECOLE PRIMAIRE GUSTAVE CLAIN,0.897,Ecole élémentaire Gustave Clain,49 RUE JACQUES MONOD,ENSEIGNEMENT ET FORMATION,Enseignement du premier degré,Ecole élémentaire,166.460870510376,-22.2089353285944,etablissements_publics_nc,141,504,Koutio érudits
municipales_2026,1,,,988,98805,Dumbéa,DUMBEA,0013,987,467,520,453,13,1,1,LDVD,,,,,Cynthia JAN NÉE METZDORF UNIR POUR l'AVENIR,191,19.35,42.16,,Ecole maternelle l'Oasis 1,ECOLE MATERNELLE L OASIS,0.729,Ecole maternelle L'Oasis,39 RUE JACQUES MONOD,ENSEIGNEMENT ET FORMATION,Enseignement du premier degré,Ecole pré-élémentaire,166.461460951246,-22.2085634346196,etablissements_publics_nc,141,504,Koutio érudits
municipales_2026,1,,,988,98805,Dumbéa,DUMBEA,0013,987,467,520,453,13,1,2,LDVC,,,,,Vaimua MULIAVA DUMBEA COLLECTIF,48,4.86,10.6,,Ecole maternelle l'Oasis 1,ECOLE MATERNELLE L OASIS,0.729,Ecole maternelle L'Oasis,39 RUE JACQUES MONOD,ENSEIGNEMENT ET FORMATION,Enseignement du premier degré,Ecole pré-élémentaire,166.461460951246,-22.2085634346196,etablissements_publics_nc,141,504,Koutio érudits
municipales_2026,1,,,988,98805,Dumbéa,DUMBEA,0013,987,467,520,453,13,1,3,LREG,,,,,Julia Danielle QENEGEI ÉPOUSE GUAENERE UNI SOLIDARITE DUMBEA,13,1.32,2.87,,Ecole maternelle l'Oasis 1,ECOLE MATERNELLE L OASIS,0.729,Ecole maternelle L'Oasis,39 RUE JACQUES MONOD,ENSEIGNEMENT ET FORMATION,Enseignement du premier degré,Ecole pré-élémentaire,166.461460951246,-22.2085634346196,etablissements_publics_nc,141,504,Koutio érudits
municipales_2026,1,,,988,98805,Dumbéa,DUMBEA,0013,987,467,520,453,13,1,4,LDVD,,,,,Yoann LECOURIEUX DUMBEA AVANT TOUT!,61,6.18,13.47,,Ecole maternelle l'Oasis 1,ECOLE MATERNELLE L OASIS,0.729,Ecole maternelle L'Oasis,39 RUE JACQUES MONOD,ENSEIGNEMENT ET FORMATION,Enseignement du premier degré,Ecole pré-élémentaire,166.461460951246,-22.2085634346196,etablissements_publics_nc,141,504,Koutio érudits
municipales_2026,1,,,988,98805,Dumbéa,DUMBEA,0013,987,467,520,453,13,1,5,LDVD,,,,,Muriel MALFAR-PAUGA PASSIONNEMENT DUMBEA,46,4.66,10.15,,Ecole maternelle l'Oasis 1,ECOLE MATERNELLE L OASIS,0.729,Ecole maternelle L'Oasis,39 RUE JACQUES MONOD,ENSEIGNEMENT ET FORMATION,Enseignement du premier degré,Ecole pré-élémentaire,166.461460951246,-22.2085634346196,etablissements_publics_nc,141,504,Koutio érudits
municipales_2026,1,,,988,98805,Dumbéa,DUMBEA,0013,987,467,520,453,13,1,6,LREG,,,,,"Rachel AUCHER DUMBEA, AU SERVICE DU PEUPLE",94,9.52,20.75,,Ecole maternelle l'Oasis 1,ECOLE MATERNELLE L OASIS,0.729,Ecole maternelle L'Oasis,39 RUE JACQUES MONOD,ENSEIGNEMENT ET FORMATION,Enseignement du premier degré,Ecole pré-élémentaire,166.461460951246,-22.2085634346196,etablissements_publics_nc,141,504,Koutio érudits
municipales_2026,1,,,988,98805,Dumbéa,DUMBEA,0014,784,436,348,427,8,1,1,LDVD,,,,,Cynthia JAN NÉE METZDORF UNIR POUR l'AVENIR,189,24.11,44.26,,Ecole maternelle l'Oasis 2,ECOLE MATERNELLE L OASIS,0.729,Ecole maternelle L'Oasis,39 RUE JACQUES MONOD,ENSEIGNEMENT ET FORMATION,Enseignement du premier degré,Ecole pré-élémentaire,166.461460951246,-22.2085634346196,etablissements_publics_nc,141,504,Koutio érudits
municipales_2026,1,,,988,98805,Dumbéa,DUMBEA,0014,784,436,348,427,8,1,2,LDVC,,,,,Vaimua MULIAVA DUMBEA COLLECTIF,29,3.7,6.79,,Ecole maternelle l'Oasis 2,ECOLE MATERNELLE L OASIS,0.729,Ecole maternelle L'Oasis,39 RUE JACQUES MONOD,ENSEIGNEMENT ET FORMATION,Enseignement du premier degré,Ecole pré-élémentaire,166.461460951246,-22.2085634346196,etablissements_publics_nc,141,504,Koutio érudits
municipales_2026,1,,,988,98805,Dumbéa,DUMBEA,0014,784,436,348,427,8,1,3,LREG,,,,,Julia Danielle QENEGEI ÉPOUSE GUAENERE UNI SOLIDARITE DUMBEA,8,1.02,1.87,,Ecole maternelle l'Oasis 2,ECOLE MATERNELLE L OASIS,0.729,Ecole maternelle L'Oasis,39 RUE JACQUES MONOD,ENSEIGNEMENT ET FORMATION,Enseignement du premier degré,Ecole pré-élémentaire,166.461460951246,-22.2085634346196,etablissements_publics_nc,141,504,Koutio érudits
municipales_2026,1,,,988,98805,Dumbéa,DUMBEA,0014,784,436,348,427,8,1,4,LDVD,,,,,Yoann LECOURIEUX DUMBEA AVANT TOUT!,92,11.73,21.55,,Ecole maternelle l'Oasis 2,ECOLE MATERNELLE L OASIS,0.729,Ecole maternelle L'Oasis,39 RUE JACQUES MONOD,ENSEIGNEMENT ET FORMATION,Enseignement du premier degré,Ecole pré-élémentaire,166.461460951246,-22.2085634346196,etablissements_publics_nc,141,504,Koutio érudits
municipales_2026,1,,,988,98805,Dumbéa,DUMBEA,0014,784,436,348,427,8,1,5,LDVD,,,,,Muriel MALFAR-PAUGA PASSIONNEMENT DUMBEA,53,6.76,12.41,,Ecole maternelle l'Oasis 2,ECOLE MATERNELLE L OASIS,0.729,Ecole maternelle L'Oasis,39 RUE JACQUES MONOD,ENSEIGNEMENT ET FORMATION,Enseignement du premier degré,Ecole pré-élémentaire,166.461460951246,-22.2085634346196,etablissements_publics_nc,141,504,Koutio érudits
municipales_2026,1,,,988,98805,Dumbéa,DUMBEA,0014,784,436,348,427,8,1,6,LREG,,,,,"Rachel AUCHER DUMBEA, AU SERVICE DU PEUPLE",56,7.14,13.11,,Ecole maternelle l'Oasis 2,ECOLE MATERNELLE L OASIS,0.729,Ecole maternelle L'Oasis,39 RUE JACQUES MONOD,ENSEIGNEMENT ET FORMATION,Enseignement du premier degré,Ecole pré-élémentaire,166.461460951246,-22.2085634346196,etablissements_publics_nc,141,504,Koutio érudits
municipales_2026,1,,,988,98805,Dumbéa,DUMBEA,0015,801,423,378,407,11,5,1,LDVD,,,,,Cynthia JAN NÉE METZDORF UNIR POUR l'AVENIR,178,22.22,43.73,,Groupe scolaire Michelle Delacharlerie-Rolly 1,GROUPE SCOLAIRE MICHELLE DELACHARLERIE ROLLY,1,Groupe scolaire Michelle Delacharlerie-Rolly,103 BOULEVARD DU RAIL CALEDONIEN,ENSEIGNEMENT ET FORMATION,Enseignement du premier degré,Groupe scolaire,166.445998676866,-22.2013803961715,etablissements_publics_nc,147,510,Dumbéa/mer Ouest
municipales_2026,1,,,988,98805,Dumbéa,DUMBEA,0015,801,423,378,407,11,5,2,LDVC,,,,,Vaimua MULIAVA DUMBEA COLLECTIF,64,7.99,15.72,,Groupe scolaire Michelle Delacharlerie-Rolly 1,GROUPE SCOLAIRE MICHELLE DELACHARLERIE ROLLY,1,Groupe scolaire Michelle Delacharlerie-Rolly,103 BOULEVARD DU RAIL CALEDONIEN,ENSEIGNEMENT ET FORMATION,Enseignement du premier degré,Groupe scolaire,166.445998676866,-22.2013803961715,etablissements_publics_nc,147,510,Dumbéa/mer Ouest
municipales_2026,1,,,988,98805,Dumbéa,DUMBEA,0015,801,423,378,407,11,5,3,LREG,,,,,Julia Danielle QENEGEI ÉPOUSE GUAENERE UNI SOLIDARITE DUMBEA,9,1.12,2.21,,Groupe scolaire Michelle Delacharlerie-Rolly 1,GROUPE SCOLAIRE MICHELLE DELACHARLERIE ROLLY,1,Groupe scolaire Michelle Delacharlerie-Rolly,103 BOULEVARD DU RAIL CALEDONIEN,ENSEIGNEMENT ET FORMATION,Enseignement du premier degré,Groupe scolaire,166.445998676866,-22.2013803961715,etablissements_publics_nc,147,510,Dumbéa/mer Ouest
municipales_2026,1,,,988,98805,Dumbéa,DUMBEA,0015,801,423,378,407,11,5,4,LDVD,,,,,Yoann LECOURIEUX DUMBEA AVANT TOUT!,71,8.86,17.44,,Groupe scolaire Michelle Delacharlerie-Rolly 1,GROUPE SCOLAIRE MICHELLE DELACHARLERIE ROLLY,1,Groupe scolaire Michelle Delacharlerie-Rolly,103 BOULEVARD DU RAIL CALEDONIEN,ENSEIGNEMENT ET FORMATION,Enseignement du premier degré,Groupe scolaire,166.445998676866,-22.2013803961715,etablissements_publics_nc,147,510,Dumbéa/mer Ouest
municipales_2026,1,,,988,98805,Dumbéa,DUMBEA,0015,801,423,378,407,11,5,5,LDVD,,,,,Muriel MALFAR-PAUGA PASSIONNEMENT DUMBEA,30,3.75,7.37,,Groupe scolaire Michelle Delacharlerie-Rolly 1,GROUPE SCOLAIRE MICHELLE DELACHARLERIE ROLLY,1,Groupe scolaire Michelle Delacharlerie-Rolly,103 BOULEVARD DU RAIL CALEDONIEN,ENSEIGNEMENT ET FORMATION,Enseignement du premier degré,Groupe scolaire,166.445998676866,-22.2013803961715,etablissements_publics_nc,147,510,Dumbéa/mer Ouest
municipales_2026,1,,,988,98805,Dumbéa,DUMBEA,0015,801,423,378,407,11,5,6,LREG,,,,,"Rachel AUCHER DUMBEA, AU SERVICE DU PEUPLE",55,6.87,13.51,,Groupe scolaire Michelle Delacharlerie-Rolly 1,GROUPE SCOLAIRE MICHELLE DELACHARLERIE ROLLY,1,Groupe scolaire Michelle Delacharlerie-Rolly,103 BOULEVARD DU RAIL CALEDONIEN,ENSEIGNEMENT ET FORMATION,Enseignement du premier degré,Groupe scolaire,166.445998676866,-22.2013803961715,etablissements_publics_nc,147,510,Dumbéa/mer Ouest
municipales_2026,1,,,988,98805,Dumbéa,DUMBEA,0016,811,383,428,372,6,5,1,LDVD,,,,,Cynthia JAN NÉE METZDORF UNIR POUR l'AVENIR,98,12.08,26.34,,Groupe scolaire Michelle Delacharlerie-Rolly 2,GROUPE SCOLAIRE MICHELLE DELACHARLERIE ROLLY,1,Groupe scolaire Michelle Delacharlerie-Rolly,103 BOULEVARD DU RAIL CALEDONIEN,ENSEIGNEMENT ET FORMATION,Enseignement du premier degré,Groupe scolaire,166.445998676866,-22.2013803961715,etablissements_publics_nc,147,510,Dumbéa/mer Ouest
municipales_2026,1,,,988,98805,Dumbéa,DUMBEA,0016,811,383,428,372,6,5,2,LDVC,,,,,Vaimua MULIAVA DUMBEA COLLECTIF,38,4.69,10.22,,Groupe scolaire Michelle Delacharlerie-Rolly 2,GROUPE SCOLAIRE MICHELLE DELACHARLERIE ROLLY,1,Groupe scolaire Michelle Delacharlerie-Rolly,103 BOULEVARD DU RAIL CALEDONIEN,ENSEIGNEMENT ET FORMATION,Enseignement du premier degré,Groupe scolaire,166.445998676866,-22.2013803961715,etablissements_publics_nc,147,510,Dumbéa/mer Ouest
municipales_2026,1,,,988,98805,Dumbéa,DUMBEA,0016,811,383,428,372,6,5,3,LREG,,,,,Julia Danielle QENEGEI ÉPOUSE GUAENERE UNI SOLIDARITE DUMBEA,16,1.97,4.3,,Groupe scolaire Michelle Delacharlerie-Rolly 2,GROUPE SCOLAIRE MICHELLE DELACHARLERIE ROLLY,1,Groupe scolaire Michelle Delacharlerie-Rolly,103 BOULEVARD DU RAIL CALEDONIEN,ENSEIGNEMENT ET FORMATION,Enseignement du premier degré,Groupe scolaire,166.445998676866,-22.2013803961715,etablissements_publics_nc,147,510,Dumbéa/mer Ouest
municipales_2026,1,,,988,98805,Dumbéa,DUMBEA,0016,811,383,428,372,6,5,4,LDVD,,,,,Yoann LECOURIEUX DUMBEA AVANT TOUT!,67,8.26,18.01,,Groupe scolaire Michelle Delacharlerie-Rolly 2,GROUPE SCOLAIRE MICHELLE DELACHARLERIE ROLLY,1,Groupe scolaire Michelle Delacharlerie-Rolly,103 BOULEVARD DU RAIL CALEDONIEN,ENSEIGNEMENT ET FORMATION,Enseignement du premier degré,Groupe scolaire,166.445998676866,-22.2013803961715,etablissements_publics_nc,147,510,Dumbéa/mer Ouest
municipales_2026,1,,,988,98805,Dumbéa,DUMBEA,0016,811,383,428,372,6,5,5,LDVD,,,,,Muriel MALFAR-PAUGA PASSIONNEMENT DUMBEA,90,11.1,24.19,,Groupe scolaire Michelle Delacharlerie-Rolly 2,GROUPE SCOLAIRE MICHELLE DELACHARLERIE ROLLY,1,Groupe scolaire Michelle Delacharlerie-Rolly,103 BOULEVARD DU RAIL CALEDONIEN,ENSEIGNEMENT ET FORMATION,Enseignement du premier degré,Groupe scolaire,166.445998676866,-22.2013803961715,etablissements_publics_nc,147,510,Dumbéa/mer Ouest
municipales_2026,1,,,988,98805,Dumbéa,DUMBEA,0016,811,383,428,372,6,5,6,LREG,,,,,"Rachel AUCHER DUMBEA, AU SERVICE DU PEUPLE",63,7.77,16.94,,Groupe scolaire Michelle Delacharlerie-Rolly 2,GROUPE SCOLAIRE MICHELLE DELACHARLERIE ROLLY,1,Groupe scolaire Michelle Delacharlerie-Rolly,103 BOULEVARD DU RAIL CALEDONIEN,ENSEIGNEMENT ET FORMATION,Enseignement du premier degré,Groupe scolaire,166.445998676866,-22.2013803961715,etablissements_publics_nc,147,510,Dumbéa/mer Ouest
municipales_2026,1,,,988,98805,Dumbéa,DUMBEA,0017,934,402,532,388,12,2,1,LDVD,,,,,Cynthia JAN NÉE METZDORF UNIR POUR l'AVENIR,78,8.35,20.1,,Groupe scolaire Renée Fong 1,GROUPE SCOLAIRE RENEE FONG,1,Groupe scolaire Renée FONG,2 BIS ALLEE JEAN-LOUIS MARIE,ENSEIGNEMENT ET FORMATION,Enseignement du premier degré,Groupe scolaire,166.44418672502,-22.192372203396,etablissements_publics_nc,148,511,Dumbea/mer Est - Plaine Adam
municipales_2026,1,,,988,98805,Dumbéa,DUMBEA,0017,934,402,532,388,12,2,2,LDVC,,,,,Vaimua MULIAVA DUMBEA COLLECTIF,46,4.93,11.86,,Groupe scolaire Renée Fong 1,GROUPE SCOLAIRE RENEE FONG,1,Groupe scolaire Renée FONG,2 BIS ALLEE JEAN-LOUIS MARIE,ENSEIGNEMENT ET FORMATION,Enseignement du premier degré,Groupe scolaire,166.44418672502,-22.192372203396,etablissements_publics_nc,148,511,Dumbea/mer Est - Plaine Adam
municipales_2026,1,,,988,98805,Dumbéa,DUMBEA,0017,934,402,532,388,12,2,3,LREG,,,,,Julia Danielle QENEGEI ÉPOUSE GUAENERE UNI SOLIDARITE DUMBEA,10,1.07,2.58,,Groupe scolaire Renée Fong 1,GROUPE SCOLAIRE RENEE FONG,1,Groupe scolaire Renée FONG,2 BIS ALLEE JEAN-LOUIS MARIE,ENSEIGNEMENT ET FORMATION,Enseignement du premier degré,Groupe scolaire,166.44418672502,-22.192372203396,etablissements_publics_nc,148,511,Dumbea/mer Est - Plaine Adam
municipales_2026,1,,,988,98805,Dumbéa,DUMBEA,0017,934,402,532,388,12,2,4,LDVD,,,,,Yoann LECOURIEUX DUMBEA AVANT TOUT!,44,4.71,11.34,,Groupe scolaire Renée Fong 1,GROUPE SCOLAIRE RENEE FONG,1,Groupe scolaire Renée FONG,2 BIS ALLEE JEAN-LOUIS MARIE,ENSEIGNEMENT ET FORMATION,Enseignement du premier degré,Groupe scolaire,166.44418672502,-22.192372203396,etablissements_publics_nc,148,511,Dumbea/mer Est - Plaine Adam
municipales_2026,1,,,988,98805,Dumbéa,DUMBEA,0017,934,402,532,388,12,2,5,LDVD,,,,,Muriel MALFAR-PAUGA PASSIONNEMENT DUMBEA,126,13.49,32.47,,Groupe scolaire Renée Fong 1,GROUPE SCOLAIRE RENEE FONG,1,Groupe scolaire Renée FONG,2 BIS ALLEE JEAN-LOUIS MARIE,ENSEIGNEMENT ET FORMATION,Enseignement du premier degré,Groupe scolaire,166.44418672502,-22.192372203396,etablissements_publics_nc,148,511,Dumbea/mer Est - Plaine Adam
municipales_2026,1,,,988,98805,Dumbéa,DUMBEA,0017,934,402,532,388,12,2,6,LREG,,,,,"Rachel AUCHER DUMBEA, AU SERVICE DU PEUPLE",84,8.99,21.65,,Groupe scolaire Renée Fong 1,GROUPE SCOLAIRE RENEE FONG,1,Groupe scolaire Renée FONG,2 BIS ALLEE JEAN-LOUIS MARIE,ENSEIGNEMENT ET FORMATION,Enseignement du premier degré,Groupe scolaire,166.44418672502,-22.192372203396,etablissements_publics_nc,148,511,Dumbea/mer Est - Plaine Adam
municipales_2026,1,,,988,98805,Dumbéa,DUMBEA,0018,1149,653,496,644,7,2,1,LDVD,,,,,Cynthia JAN NÉE METZDORF UNIR POUR l'AVENIR,343,29.85,53.26,,Groupe scolaire Renée Fong 2,GROUPE SCOLAIRE RENEE FONG,1,Groupe scolaire Renée FONG,2 BIS ALLEE JEAN-LOUIS MARIE,ENSEIGNEMENT ET FORMATION,Enseignement du premier degré,Groupe scolaire,166.44418672502,-22.192372203396,etablissements_publics_nc,148,511,Dumbea/mer Est - Plaine Adam
municipales_2026,1,,,988,98805,Dumbéa,DUMBEA,0018,1149,653,496,644,7,2,2,LDVC,,,,,Vaimua MULIAVA DUMBEA COLLECTIF,44,3.83,6.83,,Groupe scolaire Renée Fong 2,GROUPE SCOLAIRE RENEE FONG,1,Groupe scolaire Renée FONG,2 BIS ALLEE JEAN-LOUIS MARIE,ENSEIGNEMENT ET FORMATION,Enseignement du premier degré,Groupe scolaire,166.44418672502,-22.192372203396,etablissements_publics_nc,148,511,Dumbea/mer Est - Plaine Adam
municipales_2026,1,,,988,98805,Dumbéa,DUMBEA,0018,1149,653,496,644,7,2,3,LREG,,,,,Julia Danielle QENEGEI ÉPOUSE GUAENERE UNI SOLIDARITE DUMBEA,10,0.87,1.55,,Groupe scolaire Renée Fong 2,GROUPE SCOLAIRE RENEE FONG,1,Groupe scolaire Renée FONG,2 BIS ALLEE JEAN-LOUIS MARIE,ENSEIGNEMENT ET FORMATION,Enseignement du premier degré,Groupe scolaire,166.44418672502,-22.192372203396,etablissements_publics_nc,148,511,Dumbea/mer Est - Plaine Adam
municipales_2026,1,,,988,98805,Dumbéa,DUMBEA,0018,1149,653,496,644,7,2,4,LDVD,,,,,Yoann LECOURIEUX DUMBEA AVANT TOUT!,128,11.14,19.88,,Groupe scolaire Renée Fong 2,GROUPE SCOLAIRE RENEE FONG,1,Groupe scolaire Renée FONG,2 BIS ALLEE JEAN-LOUIS MARIE,ENSEIGNEMENT ET FORMATION,Enseignement du premier degré,Groupe scolaire,166.44418672502,-22.192372203396,etablissements_publics_nc,148,511,Dumbea/mer Est - Plaine Adam
municipales_2026,1,,,988,98805,Dumbéa,DUMBEA,0018,1149,653,496,644,7,2,5,LDVD,,,,,Muriel MALFAR-PAUGA PASSIONNEMENT DUMBEA,66,5.74,10.25,,Groupe scolaire Renée Fong 2,GROUPE SCOLAIRE RENEE FONG,1,Groupe scolaire Renée FONG,2 BIS ALLEE JEAN-LOUIS MARIE,ENSEIGNEMENT ET FORMATION,Enseignement du premier degré,Groupe scolaire,166.44418672502,-22.192372203396,etablissements_publics_nc,148,511,Dumbea/mer Est - Plaine Adam
municipales_2026,1,,,988,98805,Dumbéa,DUMBEA,0018,1149,653,496,644,7,2,6,LREG,,,,,"Rachel AUCHER DUMBEA, AU SERVICE DU PEUPLE",53,4.61,8.23,,Groupe scolaire Renée Fong 2,GROUPE SCOLAIRE RENEE FONG,1,Groupe scolaire Renée FONG,2 BIS ALLEE JEAN-LOUIS MARIE,ENSEIGNEMENT ET FORMATION,Enseignement du premier degré,Groupe scolaire,166.44418672502,-22.192372203396,etablissements_publics_nc,148,511,Dumbea/mer Est - Plaine Adam
municipales_2026,1,,,988,98805,Dumbéa,DUMBEA,0019,1409,709,700,681,21,7,1,LDVD,,,,,Cynthia JAN NÉE METZDORF UNIR POUR l'AVENIR,161,11.43,23.64,,Mairie du Nord 1,MAIRIE NORD,0.98,Mairie du Nord de Dumbéa,777 ROUTE TERRITORIALE N°1,ADMINISTRATION ET ORGANISME,Administrations des collectivités,Administration de la commune de Dumbéa,166.457501065839,-22.1675460417822,etablissements_publics_nc,149,512,Plaine de Koé
municipales_2026,1,,,988,98805,Dumbéa,DUMBEA,0019,1409,709,700,681,21,7,2,LDVC,,,,,Vaimua MULIAVA DUMBEA COLLECTIF,96,6.81,14.1,,Mairie du Nord 1,MAIRIE NORD,0.98,Mairie du Nord de Dumbéa,777 ROUTE TERRITORIALE N°1,ADMINISTRATION ET ORGANISME,Administrations des collectivités,Administration de la commune de Dumbéa,166.457501065839,-22.1675460417822,etablissements_publics_nc,149,512,Plaine de Koé
municipales_2026,1,,,988,98805,Dumbéa,DUMBEA,0019,1409,709,700,681,21,7,3,LREG,,,,,Julia Danielle QENEGEI ÉPOUSE GUAENERE UNI SOLIDARITE DUMBEA,20,1.42,2.94,,Mairie du Nord 1,MAIRIE NORD,0.98,Mairie du Nord de Dumbéa,777 ROUTE TERRITORIALE N°1,ADMINISTRATION ET ORGANISME,Administrations des collectivités,Administration de la commune de Dumbéa,166.457501065839,-22.1675460417822,etablissements_publics_nc,149,512,Plaine de Koé
municipales_2026,1,,,988,98805,Dumbéa,DUMBEA,0019,1409,709,700,681,21,7,4,LDVD,,,,,Yoann LECOURIEUX DUMBEA AVANT TOUT!,77,5.46,11.31,,Mairie du Nord 1,MAIRIE NORD,0.98,Mairie du Nord de Dumbéa,777 ROUTE TERRITORIALE N°1,ADMINISTRATION ET ORGANISME,Administrations des collectivités,Administration de la commune de Dumbéa,166.457501065839,-22.1675460417822,etablissements_publics_nc,149,512,Plaine de Koé
municipales_2026,1,,,988,98805,Dumbéa,DUMBEA,0019,1409,709,700,681,21,7,5,LDVD,,,,,Muriel MALFAR-PAUGA PASSIONNEMENT DUMBEA,143,10.15,21,,Mairie du Nord 1,MAIRIE NORD,0.98,Mairie du Nord de Dumbéa,777 ROUTE TERRITORIALE N°1,ADMINISTRATION ET ORGANISME,Administrations des collectivités,Administration de la commune de Dumbéa,166.457501065839,-22.1675460417822,etablissements_publics_nc,149,512,Plaine de Koé
municipales_2026,1,,,988,98805,Dumbéa,DUMBEA,0019,1409,709,700,681,21,7,6,LREG,,,,,"Rachel AUCHER DUMBEA, AU SERVICE DU PEUPLE",184,13.06,27.02,,Mairie du Nord 1,MAIRIE NORD,0.98,Mairie du Nord de Dumbéa,777 ROUTE TERRITORIALE N°1,ADMINISTRATION ET ORGANISME,Administrations des collectivités,Administration de la commune de Dumbéa,166.457501065839,-22.1675460417822,etablissements_publics_nc,149,512,Plaine de Koé
municipales_2026,1,,,988,98805,Dumbéa,DUMBEA,0020,842,462,380,454,6,2,1,LDVD,,,,,Cynthia JAN NÉE METZDORF UNIR POUR l'AVENIR,264,31.35,58.15,,Mairie du Nord 2,MAIRIE NORD,0.98,Mairie du Nord de Dumbéa,777 ROUTE TERRITORIALE N°1,ADMINISTRATION ET ORGANISME,Administrations des collectivités,Administration de la commune de Dumbéa,166.457501065839,-22.1675460417822,etablissements_publics_nc,149,512,Plaine de Koé
municipales_2026,1,,,988,98805,Dumbéa,DUMBEA,0020,842,462,380,454,6,2,2,LDVC,,,,,Vaimua MULIAVA DUMBEA COLLECTIF,39,4.63,8.59,,Mairie du Nord 2,MAIRIE NORD,0.98,Mairie du Nord de Dumbéa,777 ROUTE TERRITORIALE N°1,ADMINISTRATION ET ORGANISME,Administrations des collectivités,Administration de la commune de Dumbéa,166.457501065839,-22.1675460417822,etablissements_publics_nc,149,512,Plaine de Koé
municipales_2026,1,,,988,98805,Dumbéa,DUMBEA,0020,842,462,380,454,6,2,3,LREG,,,,,Julia Danielle QENEGEI ÉPOUSE GUAENERE UNI SOLIDARITE DUMBEA,7,0.83,1.54,,Mairie du Nord 2,MAIRIE NORD,0.98,Mairie du Nord de Dumbéa,777 ROUTE TERRITORIALE N°1,ADMINISTRATION ET ORGANISME,Administrations des collectivités,Administration de la commune de Dumbéa,166.457501065839,-22.1675460417822,etablissements_publics_nc,149,512,Plaine de Koé
municipales_2026,1,,,988,98805,Dumbéa,DUMBEA,0020,842,462,380,454,6,2,4,LDVD,,,,,Yoann LECOURIEUX DUMBEA AVANT TOUT!,96,11.4,21.15,,Mairie du Nord 2,MAIRIE NORD,0.98,Mairie du Nord de Dumbéa,777 ROUTE TERRITORIALE N°1,ADMINISTRATION ET ORGANISME,Administrations des collectivités,Administration de la commune de Dumbéa,166.457501065839,-22.1675460417822,etablissements_publics_nc,149,512,Plaine de Koé
municipales_2026,1,,,988,98805,Dumbéa,DUMBEA,0020,842,462,380,454,6,2,5,LDVD,,,,,Muriel MALFAR-PAUGA PASSIONNEMENT DUMBEA,24,2.85,5.29,,Mairie du Nord 2,MAIRIE NORD,0.98,Mairie du Nord de Dumbéa,777 ROUTE TERRITORIALE N°1,ADMINISTRATION ET ORGANISME,Administrations des collectivités,Administration de la commune de Dumbéa,166.457501065839,-22.1675460417822,etablissements_publics_nc,149,512,Plaine de Koé
municipales_2026,1,,,988,98805,Dumbéa,DUMBEA,0020,842,462,380,454,6,2,6,LREG,,,,,"Rachel AUCHER DUMBEA, AU SERVICE DU PEUPLE",24,2.85,5.29,,Mairie du Nord 2,MAIRIE NORD,0.98,Mairie du Nord de Dumbéa,777 ROUTE TERRITORIALE N°1,ADMINISTRATION ET ORGANISME,Administrations des collectivités,Administration de la commune de Dumbéa,166.457501065839,-22.1675460417822,etablissements_publics_nc,149,512,Plaine de Koé
municipales_2026,1,,,988,98805,Dumbéa,DUMBEA,0021,887,520,367,509,10,1,1,LDVD,,,,,Cynthia JAN NÉE METZDORF UNIR POUR l'AVENIR,287,32.36,56.39,,Mairie du Nord 3,MAIRIE NORD,0.98,Mairie du Nord de Dumbéa,777 ROUTE TERRITORIALE N°1,ADMINISTRATION ET ORGANISME,Administrations des collectivités,Administration de la commune de Dumbéa,166.457501065839,-22.1675460417822,etablissements_publics_nc,149,512,Plaine de Koé
municipales_2026,1,,,988,98805,Dumbéa,DUMBEA,0021,887,520,367,509,10,1,2,LDVC,,,,,Vaimua MULIAVA DUMBEA COLLECTIF,12,1.35,2.36,,Mairie du Nord 3,MAIRIE NORD,0.98,Mairie du Nord de Dumbéa,777 ROUTE TERRITORIALE N°1,ADMINISTRATION ET ORGANISME,Administrations des collectivités,Administration de la commune de Dumbéa,166.457501065839,-22.1675460417822,etablissements_publics_nc,149,512,Plaine de Koé
municipales_2026,1,,,988,98805,Dumbéa,DUMBEA,0021,887,520,367,509,10,1,3,LREG,,,,,Julia Danielle QENEGEI ÉPOUSE GUAENERE UNI SOLIDARITE DUMBEA,7,0.79,1.38,,Mairie du Nord 3,MAIRIE NORD,0.98,Mairie du Nord de Dumbéa,777 ROUTE TERRITORIALE N°1,ADMINISTRATION ET ORGANISME,Administrations des collectivités,Administration de la commune de Dumbéa,166.457501065839,-22.1675460417822,etablissements_publics_nc,149,512,Plaine de Koé
municipales_2026,1,,,988,98805,Dumbéa,DUMBEA,0021,887,520,367,509,10,1,4,LDVD,,,,,Yoann LECOURIEUX DUMBEA AVANT TOUT!,138,15.56,27.11,,Mairie du Nord 3,MAIRIE NORD,0.98,Mairie du Nord de Dumbéa,777 ROUTE TERRITORIALE N°1,ADMINISTRATION ET ORGANISME,Administrations des collectivités,Administration de la commune de Dumbéa,166.457501065839,-22.1675460417822,etablissements_publics_nc,149,512,Plaine de Koé
municipales_2026,1,,,988,98805,Dumbéa,DUMBEA,0021,887,520,367,509,10,1,5,LDVD,,,,,Muriel MALFAR-PAUGA PASSIONNEMENT DUMBEA,29,3.27,5.7,,Mairie du Nord 3,MAIRIE NORD,0.98,Mairie du Nord de Dumbéa,777 ROUTE TERRITORIALE N°1,ADMINISTRATION ET ORGANISME,Administrations des collectivités,Administration de la commune de Dumbéa,166.457501065839,-22.1675460417822,etablissements_publics_nc,149,512,Plaine de Koé
municipales_2026,1,,,988,98805,Dumbéa,DUMBEA,0021,887,520,367,509,10,1,6,LREG,,,,,"Rachel AUCHER DUMBEA, AU SERVICE DU PEUPLE",36,4.06,7.07,,Mairie du Nord 3,MAIRIE NORD,0.98,Mairie du Nord de Dumbéa,777 ROUTE TERRITORIALE N°1,ADMINISTRATION ET ORGANISME,Administrations des collectivités,Administration de la commune de Dumbéa,166.457501065839,-22.1675460417822,etablissements_publics_nc,149,512,Plaine de Koé
municipales_2026,1,,,988,98805,Dumbéa,DUMBEA,0022,838,463,375,447,11,5,1,LDVD,,,,,Cynthia JAN NÉE METZDORF UNIR POUR l'AVENIR,134,15.99,29.98,,Ecole primaire Paul Duboisé 1,ECOLE PRIMAIRE PAUL DUBOISE,0.892,Ecole élémentaire Paul Duboise,42 RUE DE L'ENTREE,ENSEIGNEMENT ET FORMATION,Enseignement du premier degré,Ecole élémentaire,166.434846490836,-22.1399347171588,etablissements_publics_nc,152,515,Katiramona Sud
municipales_2026,1,,,988,98805,Dumbéa,DUMBEA,0022,838,463,375,447,11,5,2,LDVC,,,,,Vaimua MULIAVA DUMBEA COLLECTIF,65,7.76,14.54,,Ecole primaire Paul Duboisé 1,ECOLE PRIMAIRE PAUL DUBOISE,0.892,Ecole élémentaire Paul Duboise,42 RUE DE L'ENTREE,ENSEIGNEMENT ET FORMATION,Enseignement du premier degré,Ecole élémentaire,166.434846490836,-22.1399347171588,etablissements_publics_nc,152,515,Katiramona Sud
municipales_2026,1,,,988,98805,Dumbéa,DUMBEA,0022,838,463,375,447,11,5,3,LREG,,,,,Julia Danielle QENEGEI ÉPOUSE GUAENERE UNI SOLIDARITE DUMBEA,2,0.24,0.45,,Ecole primaire Paul Duboisé 1,ECOLE PRIMAIRE PAUL DUBOISE,0.892,Ecole élémentaire Paul Duboise,42 RUE DE L'ENTREE,ENSEIGNEMENT ET FORMATION,Enseignement du premier degré,Ecole élémentaire,166.434846490836,-22.1399347171588,etablissements_publics_nc,152,515,Katiramona Sud
municipales_2026,1,,,988,98805,Dumbéa,DUMBEA,0022,838,463,375,447,11,5,4,LDVD,,,,,Yoann LECOURIEUX DUMBEA AVANT TOUT!,101,12.05,22.6,,Ecole primaire Paul Duboisé 1,ECOLE PRIMAIRE PAUL DUBOISE,0.892,Ecole élémentaire Paul Duboise,42 RUE DE L'ENTREE,ENSEIGNEMENT ET FORMATION,Enseignement du premier degré,Ecole élémentaire,166.434846490836,-22.1399347171588,etablissements_publics_nc,152,515,Katiramona Sud
municipales_2026,1,,,988,98805,Dumbéa,DUMBEA,0022,838,463,375,447,11,5,5,LDVD,,,,,Muriel MALFAR-PAUGA PASSIONNEMENT DUMBEA,130,15.51,29.08,,Ecole primaire Paul Duboisé 1,ECOLE PRIMAIRE PAUL DUBOISE,0.892,Ecole élémentaire Paul Duboise,42 RUE DE L'ENTREE,ENSEIGNEMENT ET FORMATION,Enseignement du premier degré,Ecole élémentaire,166.434846490836,-22.1399347171588,etablissements_publics_nc,152,515,Katiramona Sud
municipales_2026,1,,,988,98805,Dumbéa,DUMBEA,0022,838,463,375,447,11,5,6,LREG,,,,,"Rachel AUCHER DUMBEA, AU SERVICE DU PEUPLE",15,1.79,3.36,,Ecole primaire Paul Duboisé 1,ECOLE PRIMAIRE PAUL DUBOISE,0.892,Ecole élémentaire Paul Duboise,42 RUE DE L'ENTREE,ENSEIGNEMENT ET FORMATION,Enseignement du premier degré,Ecole élémentaire,166.434846490836,-22.1399347171588,etablissements_publics_nc,152,515,Katiramona Sud
municipales_2026,1,,,988,98805,Dumbéa,DUMBEA,0023,998,586,412,562,15,9,1,LDVD,,,,,Cynthia JAN NÉE METZDORF UNIR POUR l'AVENIR,260,26.05,46.26,,Ecole primaire Paul Duboisé 2,ECOLE PRIMAIRE PAUL DUBOISE,0.892,Ecole élémentaire Paul Duboise,42 RUE DE L'ENTREE,ENSEIGNEMENT ET FORMATION,Enseignement du premier degré,Ecole élémentaire,166.434846490836,-22.1399347171588,etablissements_publics_nc,152,515,Katiramona Sud
municipales_2026,1,,,988,98805,Dumbéa,DUMBEA,0023,998,586,412,562,15,9,2,LDVC,,,,,Vaimua MULIAVA DUMBEA COLLECTIF,67,6.71,11.92,,Ecole primaire Paul Duboisé 2,ECOLE PRIMAIRE PAUL DUBOISE,0.892,Ecole élémentaire Paul Duboise,42 RUE DE L'ENTREE,ENSEIGNEMENT ET FORMATION,Enseignement du premier degré,Ecole élémentaire,166.434846490836,-22.1399347171588,etablissements_publics_nc,152,515,Katiramona Sud
municipales_2026,1,,,988,98805,Dumbéa,DUMBEA,0023,998,586,412,562,15,9,3,LREG,,,,,Julia Danielle QENEGEI ÉPOUSE GUAENERE UNI SOLIDARITE DUMBEA,13,1.3,2.31,,Ecole primaire Paul Duboisé 2,ECOLE PRIMAIRE PAUL DUBOISE,0.892,Ecole élémentaire Paul Duboise,42 RUE DE L'ENTREE,ENSEIGNEMENT ET FORMATION,Enseignement du premier degré,Ecole élémentaire,166.434846490836,-22.1399347171588,etablissements_publics_nc,152,515,Katiramona Sud
municipales_2026,1,,,988,98805,Dumbéa,DUMBEA,0023,998,586,412,562,15,9,4,LDVD,,,,,Yoann LECOURIEUX DUMBEA AVANT TOUT!,125,12.53,22.24,,Ecole primaire Paul Duboisé 2,ECOLE PRIMAIRE PAUL DUBOISE,0.892,Ecole élémentaire Paul Duboise,42 RUE DE L'ENTREE,ENSEIGNEMENT ET FORMATION,Enseignement du premier degré,Ecole élémentaire,166.434846490836,-22.1399347171588,etablissements_publics_nc,152,515,Katiramona Sud
municipales_2026,1,,,988,98805,Dumbéa,DUMBEA,0023,998,586,412,562,15,9,5,LDVD,,,,,Muriel MALFAR-PAUGA PASSIONNEMENT DUMBEA,51,5.11,9.07,,Ecole primaire Paul Duboisé 2,ECOLE PRIMAIRE PAUL DUBOISE,0.892,Ecole élémentaire Paul Duboise,42 RUE DE L'ENTREE,ENSEIGNEMENT ET FORMATION,Enseignement du premier degré,Ecole élémentaire,166.434846490836,-22.1399347171588,etablissements_publics_nc,152,515,Katiramona Sud
municipales_2026,1,,,988,98805,Dumbéa,DUMBEA,0023,998,586,412,562,15,9,6,LREG,,,,,"Rachel AUCHER DUMBEA, AU SERVICE DU PEUPLE",46,4.61,8.19,,Ecole primaire Paul Duboisé 2,ECOLE PRIMAIRE PAUL DUBOISE,0.892,Ecole élémentaire Paul Duboise,42 RUE DE L'ENTREE,ENSEIGNEMENT ET FORMATION,Enseignement du premier degré,Ecole élémentaire,166.434846490836,-22.1399347171588,etablissements_publics_nc,152,515,Katiramona Sud
municipales_2026,1,,,988,98805,Dumbéa,DUMBEA,0024,880,446,434,430,10,6,1,LDVD,,,,,Cynthia JAN NÉE METZDORF UNIR POUR l'AVENIR,135,15.34,31.4,,Ecole maternelle les Colibris,ECOLE MATERNELLE COLIBRIS,0.741,Ecole maternelle Les Colibris,42 RUE DE L'ENTREE,ENSEIGNEMENT ET FORMATION,Enseignement du premier degré,Ecole pré-élémentaire,166.436047169124,-22.1394710088392,etablissements_publics_nc,152,515,Katiramona Sud
municipales_2026,1,,,988,98805,Dumbéa,DUMBEA,0024,880,446,434,430,10,6,2,LDVC,,,,,Vaimua MULIAVA DUMBEA COLLECTIF,66,7.5,15.35,,Ecole maternelle les Colibris,ECOLE MATERNELLE COLIBRIS,0.741,Ecole maternelle Les Colibris,42 RUE DE L'ENTREE,ENSEIGNEMENT ET FORMATION,Enseignement du premier degré,Ecole pré-élémentaire,166.436047169124,-22.1394710088392,etablissements_publics_nc,152,515,Katiramona Sud
municipales_2026,1,,,988,98805,Dumbéa,DUMBEA,0024,880,446,434,430,10,6,3,LREG,,,,,Julia Danielle QENEGEI ÉPOUSE GUAENERE UNI SOLIDARITE DUMBEA,8,0.91,1.86,,Ecole maternelle les Colibris,ECOLE MATERNELLE COLIBRIS,0.741,Ecole maternelle Les Colibris,42 RUE DE L'ENTREE,ENSEIGNEMENT ET FORMATION,Enseignement du premier degré,Ecole pré-élémentaire,166.436047169124,-22.1394710088392,etablissements_publics_nc,152,515,Katiramona Sud
municipales_2026,1,,,988,98805,Dumbéa,DUMBEA,0024,880,446,434,430,10,6,4,LDVD,,,,,Yoann LECOURIEUX DUMBEA AVANT TOUT!,86,9.77,20,,Ecole maternelle les Colibris,ECOLE MATERNELLE COLIBRIS,0.741,Ecole maternelle Les Colibris,42 RUE DE L'ENTREE,ENSEIGNEMENT ET FORMATION,Enseignement du premier degré,Ecole pré-élémentaire,166.436047169124,-22.1394710088392,etablissements_publics_nc,152,515,Katiramona Sud
municipales_2026,1,,,988,98805,Dumbéa,DUMBEA,0024,880,446,434,430,10,6,5,LDVD,,,,,Muriel MALFAR-PAUGA PASSIONNEMENT DUMBEA,86,9.77,20,,Ecole maternelle les Colibris,ECOLE MATERNELLE COLIBRIS,0.741,Ecole maternelle Les Colibris,42 RUE DE L'ENTREE,ENSEIGNEMENT ET FORMATION,Enseignement du premier degré,Ecole pré-élémentaire,166.436047169124,-22.1394710088392,etablissements_publics_nc,152,515,Katiramona Sud
municipales_2026,1,,,988,98805,Dumbéa,DUMBEA,0024,880,446,434,430,10,6,6,LREG,,,,,"Rachel AUCHER DUMBEA, AU SERVICE DU PEUPLE",49,5.57,11.4,,Ecole maternelle les Colibris,ECOLE MATERNELLE COLIBRIS,0.741,Ecole maternelle Les Colibris,42 RUE DE L'ENTREE,ENSEIGNEMENT ET FORMATION,Enseignement du premier degré,Ecole pré-élémentaire,166.436047169124,-22.1394710088392,etablissements_publics_nc,152,515,Katiramona Sud
municipales_2026,1,,,988,98805,Dumbéa,DUMBEA,0025,914,477,437,467,10,0,1,LDVD,,,,,Cynthia JAN NÉE METZDORF UNIR POUR l'AVENIR,216,23.63,46.25,,,,,Ecole maternelle Les Colibris,42 RUE DE L'ENTREE,ENSEIGNEMENT ET FORMATION,Enseignement du premier degré,Ecole pré-élémentaire,166.436047169124,-22.1394710088392,arrete_manual_etablissements,152,515,Katiramona Sud
municipales_2026,1,,,988,98805,Dumbéa,DUMBEA,0025,914,477,437,467,10,0,2,LDVC,,,,,Vaimua MULIAVA DUMBEA COLLECTIF,36,3.94,7.71,,,,,Ecole maternelle Les Colibris,42 RUE DE L'ENTREE,ENSEIGNEMENT ET FORMATION,Enseignement du premier degré,Ecole pré-élémentaire,166.436047169124,-22.1394710088392,arrete_manual_etablissements,152,515,Katiramona Sud
municipales_2026,1,,,988,98805,Dumbéa,DUMBEA,0025,914,477,437,467,10,0,3,LREG,,,,,Julia Danielle QENEGEI ÉPOUSE GUAENERE UNI SOLIDARITE DUMBEA,18,1.97,3.85,,,,,Ecole maternelle Les Colibris,42 RUE DE L'ENTREE,ENSEIGNEMENT ET FORMATION,Enseignement du premier degré,Ecole pré-élémentaire,166.436047169124,-22.1394710088392,arrete_manual_etablissements,152,515,Katiramona Sud
municipales_2026,1,,,988,98805,Dumbéa,DUMBEA,0025,914,477,437,467,10,0,4,LDVD,,,,,Yoann LECOURIEUX DUMBEA AVANT TOUT!,101,11.05,21.63,,,,,Ecole maternelle Les Colibris,42 RUE DE L'ENTREE,ENSEIGNEMENT ET FORMATION,Enseignement du premier degré,Ecole pré-élémentaire,166.436047169124,-22.1394710088392,arrete_manual_etablissements,152,515,Katiramona Sud
municipales_2026,1,,,988,98805,Dumbéa,DUMBEA,0025,914,477,437,467,10,0,5,LDVD,,,,,Muriel MALFAR-PAUGA PASSIONNEMENT DUMBEA,44,4.81,9.42,,,,,Ecole maternelle Les Colibris,42 RUE DE L'ENTREE,ENSEIGNEMENT ET FORMATION,Enseignement du premier degré,Ecole pré-élémentaire,166.436047169124,-22.1394710088392,arrete_manual_etablissements,152,515,Katiramona Sud
municipales_2026,1,,,988,98805,Dumbéa,DUMBEA,0025,914,477,437,467,10,0,6,LREG,,,,,"Rachel AUCHER DUMBEA, AU SERVICE DU PEUPLE",52,5.69,11.13,,,,,Ecole maternelle Les Colibris,42 RUE DE L'ENTREE,ENSEIGNEMENT ET FORMATION,Enseignement du premier degré,Ecole pré-élémentaire,166.436047169124,-22.1394710088392,arrete_manual_etablissements,152,515,Katiramona Sud
municipales_2026,1,,,988,98805,Dumbéa,DUMBEA,0026,1056,632,424,621,8,3,1,LDVD,,,,,Cynthia JAN NÉE METZDORF UNIR POUR l'AVENIR,428,40.53,68.92,,,,,Groupe Scolaire Frédéric-Louis Dorbritz,39 RUE DE BRETAGNE,ENSEIGNEMENT ET FORMATION,Enseignement du premier degré,Groupe scolaire,166.437530865088,-22.1944939226253,arrete_manual_etablissements,147,510,Dumbéa/mer Ouest
municipales_2026,1,,,988,98805,Dumbéa,DUMBEA,0026,1056,632,424,621,8,3,2,LDVC,,,,,Vaimua MULIAVA DUMBEA COLLECTIF,23,2.18,3.7,,,,,Groupe Scolaire Frédéric-Louis Dorbritz,39 RUE DE BRETAGNE,ENSEIGNEMENT ET FORMATION,Enseignement du premier degré,Groupe scolaire,166.437530865088,-22.1944939226253,arrete_manual_etablissements,147,510,Dumbéa/mer Ouest
municipales_2026,1,,,988,98805,Dumbéa,DUMBEA,0026,1056,632,424,621,8,3,3,LREG,,,,,Julia Danielle QENEGEI ÉPOUSE GUAENERE UNI SOLIDARITE DUMBEA,7,0.66,1.13,,,,,Groupe Scolaire Frédéric-Louis Dorbritz,39 RUE DE BRETAGNE,ENSEIGNEMENT ET FORMATION,Enseignement du premier degré,Groupe scolaire,166.437530865088,-22.1944939226253,arrete_manual_etablissements,147,510,Dumbéa/mer Ouest
municipales_2026,1,,,988,98805,Dumbéa,DUMBEA,0026,1056,632,424,621,8,3,4,LDVD,,,,,Yoann LECOURIEUX DUMBEA AVANT TOUT!,107,10.13,17.23,,,,,Groupe Scolaire Frédéric-Louis Dorbritz,39 RUE DE BRETAGNE,ENSEIGNEMENT ET FORMATION,Enseignement du premier degré,Groupe scolaire,166.437530865088,-22.1944939226253,arrete_manual_etablissements,147,510,Dumbéa/mer Ouest
municipales_2026,1,,,988,98805,Dumbéa,DUMBEA,0026,1056,632,424,621,8,3,5,LDVD,,,,,Muriel MALFAR-PAUGA PASSIONNEMENT DUMBEA,45,4.26,7.25,,,,,Groupe Scolaire Frédéric-Louis Dorbritz,39 RUE DE BRETAGNE,ENSEIGNEMENT ET FORMATION,Enseignement du premier degré,Groupe scolaire,166.437530865088,-22.1944939226253,arrete_manual_etablissements,147,510,Dumbéa/mer Ouest
municipales_2026,1,,,988,98805,Dumbéa,DUMBEA,0026,1056,632,424,621,8,3,6,LREG,,,,,"Rachel AUCHER DUMBEA, AU SERVICE DU PEUPLE",11,1.04,1.77,,,,,Groupe Scolaire Frédéric-Louis Dorbritz,39 RUE DE BRETAGNE,ENSEIGNEMENT ET FORMATION,Enseignement du premier degré,Groupe scolaire,166.437530865088,-22.1944939226253,arrete_manual_etablissements,147,510,Dumbéa/mer Ouest
municipales_2026,1,,,988,98806,Farino,FARINO,0001,696,571,125,559,7,5,,,,,,,Luté BARBOU FARINO SOLIDAIRE & ENGAGEE,166,23.85,29.7,,Mairie,MAIRIE,0.7,FARINO,Farino,LIEU_DIT_NC,VILLE,Farinö,165.77595416144513,-21.666848976720875,tribus_villages_nc,154,601,Farino
municipales_2026,1,,,988,98806,Farino,FARINO,0001,696,571,125,559,7,5,,,,,,,Jean-Christophe NIAUTOU AGIR POUR FARINO,164,23.56,29.34,,Mairie,MAIRIE,0.7,FARINO,Farino,LIEU_DIT_NC,VILLE,Farinö,165.77595416144513,-21.666848976720875,tribus_villages_nc,154,601,Farino
municipales_2026,1,,,988,98806,Farino,FARINO,0001,696,571,125,559,7,5,,,,,,,Sandrine KABAR Unis pour Farino,153,21.98,27.37,,Mairie,MAIRIE,0.7,FARINO,Farino,LIEU_DIT_NC,VILLE,Farinö,165.77595416144513,-21.666848976720875,tribus_villages_nc,154,601,Farino
municipales_2026,1,,,988,98806,Farino,FARINO,0001,696,571,125,559,7,5,,,,,,,"Martha AIMOA FARINO, UN NOUVEAU SOUFFLE",76,10.92,13.6,,Mairie,MAIRIE,0.7,FARINO,Farino,LIEU_DIT_NC,VILLE,Farinö,165.77595416144513,-21.666848976720875,tribus_villages_nc,154,601,Farino
municipales_2026,1,,,988,98807,Hienghène,HIENGHENE,0001,593,373,220,369,3,1,1,,,,,,Mireille TJIBAOU VEUVE COUHIA UC HYEHEN,276,46.54,74.8,,Mairie,MAIRIE,0.7,HIENGHENE,Hienghène,LIEU_DIT_NC,VILLE,,164.94565765433836,-20.688834938182335,tribus_villages_nc,155,701,Hienghéne littoral
municipales_2026,1,,,988,98807,Hienghène,HIENGHENE,0001,593,373,220,369,3,1,2,,,,,,Jean-Claude ATHEA SOWEI,93,15.68,25.2,,Mairie,MAIRIE,0.7,HIENGHENE,Hienghène,LIEU_DIT_NC,VILLE,,164.94565765433836,-20.688834938182335,tribus_villages_nc,155,701,Hienghéne littoral
municipales_2026,1,,,988,98807,Hienghène,HIENGHENE,0002,229,156,73,156,0,0,1,,,,,,Mireille TJIBAOU VEUVE COUHIA UC HYEHEN,50,21.83,32.05,,Tendo,TENDO,1,Tendo,Hienghène,LIEU_DIT_NC,TRIBU,Tnèdo,164.8162801367713,-20.71273259336387,tribus_villages_nc,156,704,Tiendanite Ouayaguette
municipales_2026,1,,,988,98807,Hienghène,HIENGHENE,0002,229,156,73,156,0,0,2,,,,,,Jean-Claude ATHEA SOWEI,106,46.29,67.95,,Tendo,TENDO,1,Tendo,Hienghène,LIEU_DIT_NC,TRIBU,Tnèdo,164.8162801367713,-20.71273259336387,tribus_villages_nc,156,704,Tiendanite Ouayaguette
municipales_2026,1,,,988,98807,Hienghène,HIENGHENE,0003,116,71,45,71,0,0,1,,,,,,Mireille TJIBAOU VEUVE COUHIA UC HYEHEN,25,21.55,35.21,,Bas-Coulna,BAS COULNA,1,Bas-Coulna,Hienghène,LIEU_DIT_NC,TRIBU,Wan Déuc,164.78261362354763,-20.687835024386533,tribus_villages_nc,156,704,Tiendanite Ouayaguette
municipales_2026,1,,,988,98807,Hienghène,HIENGHENE,0003,116,71,45,71,0,0,2,,,,,,Jean-Claude ATHEA SOWEI,46,39.66,64.79,,Bas-Coulna,BAS COULNA,1,Bas-Coulna,Hienghène,LIEU_DIT_NC,TRIBU,Wan Déuc,164.78261362354763,-20.687835024386533,tribus_villages_nc,156,704,Tiendanite Ouayaguette
municipales_2026,1,,,988,98807,Hienghène,HIENGHENE,0004,99,65,34,65,0,0,1,,,,,,Mireille TJIBAOU VEUVE COUHIA UC HYEHEN,44,44.44,67.69,,Haut-Coulna,HAUT COULNA,1,Haut-Coulna,Hienghène,LIEU_DIT_NC,TRIBU,Paana,164.7358564404401,-20.63480876362534,tribus_villages_nc,156,704,Tiendanite Ouayaguette
municipales_2026,1,,,988,98807,Hienghène,HIENGHENE,0004,99,65,34,65,0,0,2,,,,,,Jean-Claude ATHEA SOWEI,21,21.21,32.31,,Haut-Coulna,HAUT COULNA,1,Haut-Coulna,Hienghène,LIEU_DIT_NC,TRIBU,Paana,164.7358564404401,-20.63480876362534,tribus_villages_nc,156,704,Tiendanite Ouayaguette
municipales_2026,1,,,988,98807,Hienghène,HIENGHENE,0005,188,105,83,103,1,1,1,,,,,,Mireille TJIBAOU VEUVE COUHIA UC HYEHEN,49,26.06,47.57,,Ouayaguette,OUAYAGUETTE,1,Ouayaguette,Hienghène,LIEU_DIT_NC,TRIBU,Wébia,164.6835205195477,-20.659220188803257,tribus_villages_nc,156,704,Tiendanite Ouayaguette
municipales_2026,1,,,988,98807,Hienghène,HIENGHENE,0005,188,105,83,103,1,1,2,,,,,,Jean-Claude ATHEA SOWEI,54,28.72,52.43,,Ouayaguette,OUAYAGUETTE,1,Ouayaguette,Hienghène,LIEU_DIT_NC,TRIBU,Wébia,164.6835205195477,-20.659220188803257,tribus_villages_nc,156,704,Tiendanite Ouayaguette
municipales_2026,1,,,988,98807,Hienghène,HIENGHENE,0006,206,119,87,118,1,0,1,,,,,,Mireille TJIBAOU VEUVE COUHIA UC HYEHEN,70,33.98,59.32,,Ouaième,OUAIEME,1,Ouaïème,Hienghène,LIEU_DIT_NC,TRIBU,Wâyém,164.84911233352278,-20.61488125992091,tribus_villages_nc,155,701,Hienghéne littoral
municipales_2026,1,,,988,98807,Hienghène,HIENGHENE,0006,206,119,87,118,1,0,2,,,,,,Jean-Claude ATHEA SOWEI,48,23.3,40.68,,Ouaième,OUAIEME,1,Ouaïème,Hienghène,LIEU_DIT_NC,TRIBU,Wâyém,164.84911233352278,-20.61488125992091,tribus_villages_nc,155,701,Hienghéne littoral
municipales_2026,1,,,988,98807,Hienghène,HIENGHENE,0007,68,32,36,32,0,0,1,,,,,,Mireille TJIBAOU VEUVE COUHIA UC HYEHEN,23,33.82,71.88,,Oué-Hawa,OUE HAWA,0.875,Oué-Hava,Hienghène,LIEU_DIT_NC,TRIBU,Wé Hava,165.03458545186362,-20.765966185987494,tribus_villages_nc,156,704,Tiendanite Ouayaguette
municipales_2026,1,,,988,98807,Hienghène,HIENGHENE,0007,68,32,36,32,0,0,2,,,,,,Jean-Claude ATHEA SOWEI,9,13.24,28.13,,Oué-Hawa,OUE HAWA,0.875,Oué-Hava,Hienghène,LIEU_DIT_NC,TRIBU,Wé Hava,165.03458545186362,-20.765966185987494,tribus_villages_nc,156,704,Tiendanite Ouayaguette
municipales_2026,1,,,988,98807,Hienghène,HIENGHENE,0008,106,90,16,90,0,0,1,,,,,,Mireille TJIBAOU VEUVE COUHIA UC HYEHEN,87,82.08,96.67,,Tiendanite,TIENDANITE,1,Tiendanite,Hienghène,LIEU_DIT_NC,TRIBU,Tândanit,164.8988687236624,-20.75818441571426,tribus_villages_nc,156,704,Tiendanite Ouayaguette
municipales_2026,1,,,988,98807,Hienghène,HIENGHENE,0008,106,90,16,90,0,0,2,,,,,,Jean-Claude ATHEA SOWEI,3,2.83,3.33,,Tiendanite,TIENDANITE,1,Tiendanite,Hienghène,LIEU_DIT_NC,TRIBU,Tândanit,164.8988687236624,-20.75818441571426,tribus_villages_nc,156,704,Tiendanite Ouayaguette
municipales_2026,1,,,988,98807,Hienghène,HIENGHENE,0009,586,409,177,408,0,1,1,,,,,,Mireille TJIBAOU VEUVE COUHIA UC HYEHEN,107,18.26,26.23,,Ouaré,OUARE,1,Ouaré,Hienghène,LIEU_DIT_NC,TRIBU,Waré,164.93523458965643,-20.673024668353836,tribus_villages_nc,155,701,Hienghéne littoral
municipales_2026,1,,,988,98807,Hienghène,HIENGHENE,0009,586,409,177,408,0,1,2,,,,,,Jean-Claude ATHEA SOWEI,301,51.37,73.77,,Ouaré,OUARE,1,Ouaré,Hienghène,LIEU_DIT_NC,TRIBU,Waré,164.93523458965643,-20.673024668353836,tribus_villages_nc,155,701,Hienghéne littoral
municipales_2026,1,,,988,98807,Hienghène,HIENGHENE,0010,307,190,117,187,1,2,1,,,,,,Mireille TJIBAOU VEUVE COUHIA UC HYEHEN,99,32.25,52.94,,Léwarap,LEWARAP,1,Lewarap,Hienghène,LIEU_DIT_NC,TRIBU,Wérap,164.92837654735197,-20.722390044785012,tribus_villages_nc,155,701,Hienghéne littoral
municipales_2026,1,,,988,98807,Hienghène,HIENGHENE,0010,307,190,117,187,1,2,2,,,,,,Jean-Claude ATHEA SOWEI,88,28.66,47.06,,Léwarap,LEWARAP,1,Lewarap,Hienghène,LIEU_DIT_NC,TRIBU,Wérap,164.92837654735197,-20.722390044785012,tribus_villages_nc,155,701,Hienghéne littoral
municipales_2026,1,,,988,98808,Houaïlou,HOUAILOU,0001,436,245,191,243,1,1,1,LREG,,,,,Pascal SAWA LISTE UNITAIRE NATIONALISTE FLNKS (UC - UPM - PT),121,27.75,49.79,,Mairie,MAIRIE,0.7,HOUAÏLOU,Houaïlou,LIEU_DIT_NC,VILLE,Waa wi Luu,165.6260919909217,-21.278284372962112,tribus_villages_nc,157,801,Houailou village
municipales_2026,1,,,988,98808,Houaïlou,HOUAILOU,0001,436,245,191,243,1,1,2,LDIV,,,,,Nadège MINDIA GERE GUNIMA MA VI TA BE VEKI WAAWIILII,22,5.05,9.05,,Mairie,MAIRIE,0.7,HOUAÏLOU,Houaïlou,LIEU_DIT_NC,VILLE,Waa wi Luu,165.6260919909217,-21.278284372962112,tribus_villages_nc,157,801,Houailou village
municipales_2026,1,,,988,98808,Houaïlou,HOUAILOU,0001,436,245,191,243,1,1,3,LREG,,,,,Jean Luc Louka MAHE UNI WAA WI LUU,38,8.72,15.64,,Mairie,MAIRIE,0.7,HOUAÏLOU,Houaïlou,LIEU_DIT_NC,VILLE,Waa wi Luu,165.6260919909217,-21.278284372962112,tribus_villages_nc,157,801,Houailou village
municipales_2026,1,,,988,98808,Houaïlou,HOUAILOU,0001,436,245,191,243,1,1,4,LDIV,,,,,Angie - Singride BOEHE ERE MA WAA,31,7.11,12.76,,Mairie,MAIRIE,0.7,HOUAÏLOU,Houaïlou,LIEU_DIT_NC,VILLE,Waa wi Luu,165.6260919909217,-21.278284372962112,tribus_villages_nc,157,801,Houailou village
municipales_2026,1,,,988,98808,Houaïlou,HOUAILOU,0001,436,245,191,243,1,1,5,LDVD,,,,,Maurice WATANABÉ WAWILU 2026 POUR LE CHANGEMENT,31,7.11,12.76,,Mairie,MAIRIE,0.7,HOUAÏLOU,Houaïlou,LIEU_DIT_NC,VILLE,Waa wi Luu,165.6260919909217,-21.278284372962112,tribus_villages_nc,157,801,Houailou village
municipales_2026,1,,,988,98808,Houaïlou,HOUAILOU,0002,668,447,221,434,8,5,1,LREG,,,,,Pascal SAWA LISTE UNITAIRE NATIONALISTE FLNKS (UC - UPM - PT),260,38.92,59.91,,Warai,WARAI,0.95,Kua,Houaïlou,LIEU_DIT_NC,TRIBU,Wa',165.76989808558005,-21.33124821435679,tribus_villages_nc,160,807,Boréaré - Coula - Karagreu
municipales_2026,1,,,988,98808,Houaïlou,HOUAILOU,0002,668,447,221,434,8,5,2,LDIV,,,,,Nadège MINDIA GERE GUNIMA MA VI TA BE VEKI WAAWIILII,40,5.99,9.22,,Warai,WARAI,0.95,Kua,Houaïlou,LIEU_DIT_NC,TRIBU,Wa',165.76989808558005,-21.33124821435679,tribus_villages_nc,160,807,Boréaré - Coula - Karagreu
municipales_2026,1,,,988,98808,Houaïlou,HOUAILOU,0002,668,447,221,434,8,5,3,LREG,,,,,Jean Luc Louka MAHE UNI WAA WI LUU,21,3.14,4.84,,Warai,WARAI,0.95,Kua,Houaïlou,LIEU_DIT_NC,TRIBU,Wa',165.76989808558005,-21.33124821435679,tribus_villages_nc,160,807,Boréaré - Coula - Karagreu
municipales_2026,1,,,988,98808,Houaïlou,HOUAILOU,0002,668,447,221,434,8,5,4,LDIV,,,,,Angie - Singride BOEHE ERE MA WAA,29,4.34,6.68,,Warai,WARAI,0.95,Kua,Houaïlou,LIEU_DIT_NC,TRIBU,Wa',165.76989808558005,-21.33124821435679,tribus_villages_nc,160,807,Boréaré - Coula - Karagreu
municipales_2026,1,,,988,98808,Houaïlou,HOUAILOU,0002,668,447,221,434,8,5,5,LDVD,,,,,Maurice WATANABÉ WAWILU 2026 POUR LE CHANGEMENT,84,12.57,19.35,,Warai,WARAI,0.95,Kua,Houaïlou,LIEU_DIT_NC,TRIBU,Wa',165.76989808558005,-21.33124821435679,tribus_villages_nc,160,807,Boréaré - Coula - Karagreu
municipales_2026,1,,,988,98808,Houaïlou,HOUAILOU,0003,378,205,173,204,1,0,1,LREG,,,,,Pascal SAWA LISTE UNITAIRE NATIONALISTE FLNKS (UC - UPM - PT),65,17.2,31.86,,Bâ,BA,1,Bâ,Houaïlou,LIEU_DIT_NC,TRIBU,Bwa,165.55842620966266,-21.19827944865936,tribus_villages_nc,158,803,Warai
municipales_2026,1,,,988,98808,Houaïlou,HOUAILOU,0003,378,205,173,204,1,0,2,LDIV,,,,,Nadège MINDIA GERE GUNIMA MA VI TA BE VEKI WAAWIILII,22,5.82,10.78,,Bâ,BA,1,Bâ,Houaïlou,LIEU_DIT_NC,TRIBU,Bwa,165.55842620966266,-21.19827944865936,tribus_villages_nc,158,803,Warai
municipales_2026,1,,,988,98808,Houaïlou,HOUAILOU,0003,378,205,173,204,1,0,3,LREG,,,,,Jean Luc Louka MAHE UNI WAA WI LUU,61,16.14,29.9,,Bâ,BA,1,Bâ,Houaïlou,LIEU_DIT_NC,TRIBU,Bwa,165.55842620966266,-21.19827944865936,tribus_villages_nc,158,803,Warai
municipales_2026,1,,,988,98808,Houaïlou,HOUAILOU,0003,378,205,173,204,1,0,4,LDIV,,,,,Angie - Singride BOEHE ERE MA WAA,29,7.67,14.22,,Bâ,BA,1,Bâ,Houaïlou,LIEU_DIT_NC,TRIBU,Bwa,165.55842620966266,-21.19827944865936,tribus_villages_nc,158,803,Warai
municipales_2026,1,,,988,98808,Houaïlou,HOUAILOU,0003,378,205,173,204,1,0,5,LDVD,,,,,Maurice WATANABÉ WAWILU 2026 POUR LE CHANGEMENT,27,7.14,13.24,,Bâ,BA,1,Bâ,Houaïlou,LIEU_DIT_NC,TRIBU,Bwa,165.55842620966266,-21.19827944865936,tribus_villages_nc,158,803,Warai
municipales_2026,1,,,988,98808,Houaïlou,HOUAILOU,0004,311,181,130,180,1,0,1,LREG,,,,,Pascal SAWA LISTE UNITAIRE NATIONALISTE FLNKS (UC - UPM - PT),95,30.55,52.78,,Nessakoéa,NESSAKOEA,0.842,Nessa Kouya,Houaïlou,LIEU_DIT_NC,TRIBU,Nérhexa i Kwéaa,165.5267547278778,-21.28421939373571,tribus_villages_nc,159,805,Nédivin - Bas Nindien
municipales_2026,1,,,988,98808,Houaïlou,HOUAILOU,0004,311,181,130,180,1,0,2,LDIV,,,,,Nadège MINDIA GERE GUNIMA MA VI TA BE VEKI WAAWIILII,19,6.11,10.56,,Nessakoéa,NESSAKOEA,0.842,Nessa Kouya,Houaïlou,LIEU_DIT_NC,TRIBU,Nérhexa i Kwéaa,165.5267547278778,-21.28421939373571,tribus_villages_nc,159,805,Nédivin - Bas Nindien
municipales_2026,1,,,988,98808,Houaïlou,HOUAILOU,0004,311,181,130,180,1,0,3,LREG,,,,,Jean Luc Louka MAHE UNI WAA WI LUU,44,14.15,24.44,,Nessakoéa,NESSAKOEA,0.842,Nessa Kouya,Houaïlou,LIEU_DIT_NC,TRIBU,Nérhexa i Kwéaa,165.5267547278778,-21.28421939373571,tribus_villages_nc,159,805,Nédivin - Bas Nindien
municipales_2026,1,,,988,98808,Houaïlou,HOUAILOU,0004,311,181,130,180,1,0,4,LDIV,,,,,Angie - Singride BOEHE ERE MA WAA,18,5.79,10,,Nessakoéa,NESSAKOEA,0.842,Nessa Kouya,Houaïlou,LIEU_DIT_NC,TRIBU,Nérhexa i Kwéaa,165.5267547278778,-21.28421939373571,tribus_villages_nc,159,805,Nédivin - Bas Nindien
municipales_2026,1,,,988,98808,Houaïlou,HOUAILOU,0004,311,181,130,180,1,0,5,LDVD,,,,,Maurice WATANABÉ WAWILU 2026 POUR LE CHANGEMENT,4,1.29,2.22,,Nessakoéa,NESSAKOEA,0.842,Nessa Kouya,Houaïlou,LIEU_DIT_NC,TRIBU,Nérhexa i Kwéaa,165.5267547278778,-21.28421939373571,tribus_villages_nc,159,805,Nédivin - Bas Nindien
municipales_2026,1,,,988,98808,Houaïlou,HOUAILOU,0005,577,353,224,343,2,8,1,LREG,,,,,Pascal SAWA LISTE UNITAIRE NATIONALISTE FLNKS (UC - UPM - PT),140,24.26,40.82,,Poro,PORO,1,Poro,Houaïlou,LIEU_DIT_NC,LDH,Pô Ro,165.70953015747588,-21.30262511634177,tribus_villages_nc,157,801,Houailou village
municipales_2026,1,,,988,98808,Houaïlou,HOUAILOU,0005,577,353,224,343,2,8,2,LDIV,,,,,Nadège MINDIA GERE GUNIMA MA VI TA BE VEKI WAAWIILII,25,4.33,7.29,,Poro,PORO,1,Poro,Houaïlou,LIEU_DIT_NC,LDH,Pô Ro,165.70953015747588,-21.30262511634177,tribus_villages_nc,157,801,Houailou village
municipales_2026,1,,,988,98808,Houaïlou,HOUAILOU,0005,577,353,224,343,2,8,3,LREG,,,,,Jean Luc Louka MAHE UNI WAA WI LUU,29,5.03,8.45,,Poro,PORO,1,Poro,Houaïlou,LIEU_DIT_NC,LDH,Pô Ro,165.70953015747588,-21.30262511634177,tribus_villages_nc,157,801,Houailou village
municipales_2026,1,,,988,98808,Houaïlou,HOUAILOU,0005,577,353,224,343,2,8,4,LDIV,,,,,Angie - Singride BOEHE ERE MA WAA,78,13.52,22.74,,Poro,PORO,1,Poro,Houaïlou,LIEU_DIT_NC,LDH,Pô Ro,165.70953015747588,-21.30262511634177,tribus_villages_nc,157,801,Houailou village
municipales_2026,1,,,988,98808,Houaïlou,HOUAILOU,0005,577,353,224,343,2,8,5,LDVD,,,,,Maurice WATANABÉ WAWILU 2026 POUR LE CHANGEMENT,71,12.31,20.7,,Poro,PORO,1,Poro,Houaïlou,LIEU_DIT_NC,LDH,Pô Ro,165.70953015747588,-21.30262511634177,tribus_villages_nc,157,801,Houailou village
municipales_2026,1,,,988,98808,Houaïlou,HOUAILOU,0006,479,265,214,263,1,1,1,LREG,,,,,Pascal SAWA LISTE UNITAIRE NATIONALISTE FLNKS (UC - UPM - PT),150,31.32,57.03,,Coula,COULA,1,Coula,Houaïlou,LIEU_DIT_NC,TRIBU,Kuru raa,165.44899405604838,-21.336853600338287,tribus_villages_nc,160,807,Boréaré - Coula - Karagreu
municipales_2026,1,,,988,98808,Houaïlou,HOUAILOU,0006,479,265,214,263,1,1,2,LDIV,,,,,Nadège MINDIA GERE GUNIMA MA VI TA BE VEKI WAAWIILII,13,2.71,4.94,,Coula,COULA,1,Coula,Houaïlou,LIEU_DIT_NC,TRIBU,Kuru raa,165.44899405604838,-21.336853600338287,tribus_villages_nc,160,807,Boréaré - Coula - Karagreu
municipales_2026,1,,,988,98808,Houaïlou,HOUAILOU,0006,479,265,214,263,1,1,3,LREG,,,,,Jean Luc Louka MAHE UNI WAA WI LUU,52,10.86,19.77,,Coula,COULA,1,Coula,Houaïlou,LIEU_DIT_NC,TRIBU,Kuru raa,165.44899405604838,-21.336853600338287,tribus_villages_nc,160,807,Boréaré - Coula - Karagreu
municipales_2026,1,,,988,98808,Houaïlou,HOUAILOU,0006,479,265,214,263,1,1,4,LDIV,,,,,Angie - Singride BOEHE ERE MA WAA,19,3.97,7.22,,Coula,COULA,1,Coula,Houaïlou,LIEU_DIT_NC,TRIBU,Kuru raa,165.44899405604838,-21.336853600338287,tribus_villages_nc,160,807,Boréaré - Coula - Karagreu
municipales_2026,1,,,988,98808,Houaïlou,HOUAILOU,0006,479,265,214,263,1,1,5,LDVD,,,,,Maurice WATANABÉ WAWILU 2026 POUR LE CHANGEMENT,29,6.05,11.03,,Coula,COULA,1,Coula,Houaïlou,LIEU_DIT_NC,TRIBU,Kuru raa,165.44899405604838,-21.336853600338287,tribus_villages_nc,160,807,Boréaré - Coula - Karagreu
municipales_2026,1,,,988,98808,Houaïlou,HOUAILOU,0007,327,210,117,209,1,0,1,LREG,,,,,Pascal SAWA LISTE UNITAIRE NATIONALISTE FLNKS (UC - UPM - PT),84,25.69,40.19,,Néaoua,NEAOUA,1,Néaoua,Houaïlou,LIEU_DIT_NC,TRIBU,Né awa,165.6455007313978,-21.325531853593,tribus_villages_nc,157,801,Houailou village
municipales_2026,1,,,988,98808,Houaïlou,HOUAILOU,0007,327,210,117,209,1,0,2,LDIV,,,,,Nadège MINDIA GERE GUNIMA MA VI TA BE VEKI WAAWIILII,9,2.75,4.31,,Néaoua,NEAOUA,1,Néaoua,Houaïlou,LIEU_DIT_NC,TRIBU,Né awa,165.6455007313978,-21.325531853593,tribus_villages_nc,157,801,Houailou village
municipales_2026,1,,,988,98808,Houaïlou,HOUAILOU,0007,327,210,117,209,1,0,3,LREG,,,,,Jean Luc Louka MAHE UNI WAA WI LUU,42,12.84,20.1,,Néaoua,NEAOUA,1,Néaoua,Houaïlou,LIEU_DIT_NC,TRIBU,Né awa,165.6455007313978,-21.325531853593,tribus_villages_nc,157,801,Houailou village
municipales_2026,1,,,988,98808,Houaïlou,HOUAILOU,0007,327,210,117,209,1,0,4,LDIV,,,,,Angie - Singride BOEHE ERE MA WAA,70,21.41,33.49,,Néaoua,NEAOUA,1,Néaoua,Houaïlou,LIEU_DIT_NC,TRIBU,Né awa,165.6455007313978,-21.325531853593,tribus_villages_nc,157,801,Houailou village
municipales_2026,1,,,988,98808,Houaïlou,HOUAILOU,0007,327,210,117,209,1,0,5,LDVD,,,,,Maurice WATANABÉ WAWILU 2026 POUR LE CHANGEMENT,4,1.22,1.91,,Néaoua,NEAOUA,1,Néaoua,Houaïlou,LIEU_DIT_NC,TRIBU,Né awa,165.6455007313978,-21.325531853593,tribus_villages_nc,157,801,Houailou village
municipales_2026,1,,,988,98808,Houaïlou,HOUAILOU,0008,537,314,223,311,1,2,1,LREG,,,,,Pascal SAWA LISTE UNITAIRE NATIONALISTE FLNKS (UC - UPM - PT),169,31.47,54.34,,Nédivin,NEDIVIN,1,Nédivin,Houaïlou,LIEU_DIT_NC,TRIBU,Nédii vârâ,165.57082158687447,-21.289736384804883,tribus_villages_nc,159,805,Nédivin - Bas Nindien
municipales_2026,1,,,988,98808,Houaïlou,HOUAILOU,0008,537,314,223,311,1,2,2,LDIV,,,,,Nadège MINDIA GERE GUNIMA MA VI TA BE VEKI WAAWIILII,22,4.1,7.07,,Nédivin,NEDIVIN,1,Nédivin,Houaïlou,LIEU_DIT_NC,TRIBU,Nédii vârâ,165.57082158687447,-21.289736384804883,tribus_villages_nc,159,805,Nédivin - Bas Nindien
municipales_2026,1,,,988,98808,Houaïlou,HOUAILOU,0008,537,314,223,311,1,2,3,LREG,,,,,Jean Luc Louka MAHE UNI WAA WI LUU,53,9.87,17.04,,Nédivin,NEDIVIN,1,Nédivin,Houaïlou,LIEU_DIT_NC,TRIBU,Nédii vârâ,165.57082158687447,-21.289736384804883,tribus_villages_nc,159,805,Nédivin - Bas Nindien
municipales_2026,1,,,988,98808,Houaïlou,HOUAILOU,0008,537,314,223,311,1,2,4,LDIV,,,,,Angie - Singride BOEHE ERE MA WAA,62,11.55,19.94,,Nédivin,NEDIVIN,1,Nédivin,Houaïlou,LIEU_DIT_NC,TRIBU,Nédii vârâ,165.57082158687447,-21.289736384804883,tribus_villages_nc,159,805,Nédivin - Bas Nindien
municipales_2026,1,,,988,98808,Houaïlou,HOUAILOU,0008,537,314,223,311,1,2,5,LDVD,,,,,Maurice WATANABÉ WAWILU 2026 POUR LE CHANGEMENT,5,0.93,1.61,,Nédivin,NEDIVIN,1,Nédivin,Houaïlou,LIEU_DIT_NC,TRIBU,Nédii vârâ,165.57082158687447,-21.289736384804883,tribus_villages_nc,159,805,Nédivin - Bas Nindien
municipales_2026,1,,,988,98809,L'Ile-des-Pins,ILEDESPINS,0001,1044,702,342,691,7,4,1,,,,,,Regis Wadieme VENDEGOU KWENYII UNI,146,13.98,21.13,,Mairie 1,MAIRIE,,,,,,,167.495819,-22.66517,tidygeocoder_osm,161,901,Vao
municipales_2026,1,,,988,98809,L'Ile-des-Pins,ILEDESPINS,0001,1044,702,342,691,7,4,2,,,,,,Daniel Patrick KOUATHE FLNKS KWENYII,188,18.01,27.21,,Mairie 1,MAIRIE,,,,,,,167.495819,-22.66517,tidygeocoder_osm,161,901,Vao
municipales_2026,1,,,988,98809,L'Ile-des-Pins,ILEDESPINS,0001,1044,702,342,691,7,4,3,,,,,,Christophe VAKIE Eveil Kunié,72,6.9,10.42,,Mairie 1,MAIRIE,,,,,,,167.495819,-22.66517,tidygeocoder_osm,161,901,Vao
municipales_2026,1,,,988,98809,L'Ile-des-Pins,ILEDESPINS,0001,1044,702,342,691,7,4,4,,,,,,Eugène VAMA MOUVEMENT DE LA JEUNESSE KWENYII,107,10.25,15.48,,Mairie 1,MAIRIE,,,,,,,167.495819,-22.66517,tidygeocoder_osm,161,901,Vao
municipales_2026,1,,,988,98809,L'Ile-des-Pins,ILEDESPINS,0001,1044,702,342,691,7,4,5,,,,,,Guillaume KOUATHE KUNIE ENTENTE COMMUNALE,178,17.05,25.76,,Mairie 1,MAIRIE,,,,,,,167.495819,-22.66517,tidygeocoder_osm,161,901,Vao
municipales_2026,1,,,988,98809,L'Ile-des-Pins,ILEDESPINS,0002,824,592,232,590,2,0,1,,,,,,Regis Wadieme VENDEGOU KWENYII UNI,150,18.2,25.42,,Bâtiment communal Point Information,BATIMENT COMMUNAL POINT INFORMATION,,,,,,,167.495819,-22.66517,tidygeocoder_osm,161,901,Vao
municipales_2026,1,,,988,98809,L'Ile-des-Pins,ILEDESPINS,0002,824,592,232,590,2,0,2,,,,,,Daniel Patrick KOUATHE FLNKS KWENYII,192,23.3,32.54,,Bâtiment communal Point Information,BATIMENT COMMUNAL POINT INFORMATION,,,,,,,167.495819,-22.66517,tidygeocoder_osm,161,901,Vao
municipales_2026,1,,,988,98809,L'Ile-des-Pins,ILEDESPINS,0002,824,592,232,590,2,0,3,,,,,,Christophe VAKIE Eveil Kunié,90,10.92,15.25,,Bâtiment communal Point Information,BATIMENT COMMUNAL POINT INFORMATION,,,,,,,167.495819,-22.66517,tidygeocoder_osm,161,901,Vao
municipales_2026,1,,,988,98809,L'Ile-des-Pins,ILEDESPINS,0002,824,592,232,590,2,0,4,,,,,,Eugène VAMA MOUVEMENT DE LA JEUNESSE KWENYII,79,9.59,13.39,,Bâtiment communal Point Information,BATIMENT COMMUNAL POINT INFORMATION,,,,,,,167.495819,-22.66517,tidygeocoder_osm,161,901,Vao
municipales_2026,1,,,988,98809,L'Ile-des-Pins,ILEDESPINS,0002,824,592,232,590,2,0,5,,,,,,Guillaume KOUATHE KUNIE ENTENTE COMMUNALE,79,9.59,13.39,,Bâtiment communal Point Information,BATIMENT COMMUNAL POINT INFORMATION,,,,,,,167.495819,-22.66517,tidygeocoder_osm,161,901,Vao
municipales_2026,1,,,988,98810,Kaala-Gomen,KAALAGOMEN,0001,568,398,170,390,7,1,1,,,,,,Pablo POY-YETHY UNIS POUR BWAPANU,89,15.67,22.82,,Mairie,MAIRIE,0.98,Mairie de Kaala-Gomen,804 Avenue de BWAPANU,ADMINISTRATION ET ORGANISME,Administrations des collectivités,Administration de la commune de Kaala-Gomen,164.397185345977,-20.6671314843025,etablissements_publics_nc,1,1001,Kaala Gomen village et littoral
municipales_2026,1,,,988,98810,Kaala-Gomen,KAALAGOMEN,0001,568,398,170,390,7,1,2,,,,,,Alain LEVANT ENTENTE COMMUNALE,254,44.72,65.13,,Mairie,MAIRIE,0.98,Mairie de Kaala-Gomen,804 Avenue de BWAPANU,ADMINISTRATION ET ORGANISME,Administrations des collectivités,Administration de la commune de Kaala-Gomen,164.397185345977,-20.6671314843025,etablissements_publics_nc,1,1001,Kaala Gomen village et littoral
municipales_2026,1,,,988,98810,Kaala-Gomen,KAALAGOMEN,0001,568,398,170,390,7,1,3,,,,,,Hervé Maguei TEIN-TAOUVA UNION CITOYENNE DE BWAPANU,47,8.27,12.05,,Mairie,MAIRIE,0.98,Mairie de Kaala-Gomen,804 Avenue de BWAPANU,ADMINISTRATION ET ORGANISME,Administrations des collectivités,Administration de la commune de Kaala-Gomen,164.397185345977,-20.6671314843025,etablissements_publics_nc,1,1001,Kaala Gomen village et littoral
municipales_2026,1,,,988,98810,Kaala-Gomen,KAALAGOMEN,0002,394,313,81,313,0,0,1,,,,,,Pablo POY-YETHY UNIS POUR BWAPANU,30,7.61,9.58,,Ouéholle,OUEHOLLE,0.93,Ecole catholique de Ouéholle,,ENSEIGNEMENT ET FORMATION,Enseignement du premier degré,Ecole pré-élémentaire,164.545680960012,-20.6046276080457,etablissements_publics_nc,2,1004,Ouéholle - Ouémou - Kourou
municipales_2026,1,,,988,98810,Kaala-Gomen,KAALAGOMEN,0002,394,313,81,313,0,0,2,,,,,,Alain LEVANT ENTENTE COMMUNALE,20,5.08,6.39,,Ouéholle,OUEHOLLE,0.93,Ecole catholique de Ouéholle,,ENSEIGNEMENT ET FORMATION,Enseignement du premier degré,Ecole pré-élémentaire,164.545680960012,-20.6046276080457,etablissements_publics_nc,2,1004,Ouéholle - Ouémou - Kourou
municipales_2026,1,,,988,98810,Kaala-Gomen,KAALAGOMEN,0002,394,313,81,313,0,0,3,,,,,,Hervé Maguei TEIN-TAOUVA UNION CITOYENNE DE BWAPANU,263,66.75,84.03,,Ouéholle,OUEHOLLE,0.93,Ecole catholique de Ouéholle,,ENSEIGNEMENT ET FORMATION,Enseignement du premier degré,Ecole pré-élémentaire,164.545680960012,-20.6046276080457,etablissements_publics_nc,2,1004,Ouéholle - Ouémou - Kourou
municipales_2026,1,,,988,98810,Kaala-Gomen,KAALAGOMEN,0003,288,222,66,220,0,2,1,,,,,,Pablo POY-YETHY UNIS POUR BWAPANU,62,21.53,28.18,,Maison Païta,MAISON PAITA,0.688,Maison commune de Piata,,CULTUREL ET SOCIO EDUCATIF,Equipements socio-éducatifs et socio-culturels,Maison de jeune et maison de quartier,164.426512320768,-20.6494636653987,etablissements_publics_nc,1,1001,Kaala Gomen village et littoral
municipales_2026,1,,,988,98810,Kaala-Gomen,KAALAGOMEN,0003,288,222,66,220,0,2,2,,,,,,Alain LEVANT ENTENTE COMMUNALE,112,38.89,50.91,,Maison Païta,MAISON PAITA,0.688,Maison commune de Piata,,CULTUREL ET SOCIO EDUCATIF,Equipements socio-éducatifs et socio-culturels,Maison de jeune et maison de quartier,164.426512320768,-20.6494636653987,etablissements_publics_nc,1,1001,Kaala Gomen village et littoral
municipales_2026,1,,,988,98810,Kaala-Gomen,KAALAGOMEN,0003,288,222,66,220,0,2,3,,,,,,Hervé Maguei TEIN-TAOUVA UNION CITOYENNE DE BWAPANU,46,15.97,20.91,,Maison Païta,MAISON PAITA,0.688,Maison commune de Piata,,CULTUREL ET SOCIO EDUCATIF,Equipements socio-éducatifs et socio-culturels,Maison de jeune et maison de quartier,164.426512320768,-20.6494636653987,etablissements_publics_nc,1,1001,Kaala Gomen village et littoral
municipales_2026,1,,,988,98810,Kaala-Gomen,KAALAGOMEN,0004,194,155,39,155,0,0,1,,,,,,Pablo POY-YETHY UNIS POUR BWAPANU,21,10.82,13.55,,Maison Gamaï,MAISON GAMAI,0.75,Maison commune de Gamaï,,CULTUREL ET SOCIO EDUCATIF,Equipements socio-éducatifs et socio-culturels,Maison de jeune et maison de quartier,164.486749878062,-20.6941126404856,etablissements_publics_nc,1,1001,Kaala Gomen village et littoral
municipales_2026,1,,,988,98810,Kaala-Gomen,KAALAGOMEN,0004,194,155,39,155,0,0,2,,,,,,Alain LEVANT ENTENTE COMMUNALE,65,33.51,41.94,,Maison Gamaï,MAISON GAMAI,0.75,Maison commune de Gamaï,,CULTUREL ET SOCIO EDUCATIF,Equipements socio-éducatifs et socio-culturels,Maison de jeune et maison de quartier,164.486749878062,-20.6941126404856,etablissements_publics_nc,1,1001,Kaala Gomen village et littoral
municipales_2026,1,,,988,98810,Kaala-Gomen,KAALAGOMEN,0004,194,155,39,155,0,0,3,,,,,,Hervé Maguei TEIN-TAOUVA UNION CITOYENNE DE BWAPANU,69,35.57,44.52,,Maison Gamaï,MAISON GAMAI,0.75,Maison commune de Gamaï,,CULTUREL ET SOCIO EDUCATIF,Equipements socio-éducatifs et socio-culturels,Maison de jeune et maison de quartier,164.486749878062,-20.6941126404856,etablissements_publics_nc,1,1001,Kaala Gomen village et littoral
municipales_2026,1,,,988,98810,Kaala-Gomen,KAALAGOMEN,0005,145,122,23,122,0,0,1,,,,,,Pablo POY-YETHY UNIS POUR BWAPANU,60,41.38,49.18,,Maison Baoui,MAISON BAOUI,0.75,Maison commune de Baoui,,CULTUREL ET SOCIO EDUCATIF,Equipements socio-éducatifs et socio-culturels,Maison de jeune et maison de quartier,164.463552597488,-20.6891303658536,etablissements_publics_nc,1,1001,Kaala Gomen village et littoral
municipales_2026,1,,,988,98810,Kaala-Gomen,KAALAGOMEN,0005,145,122,23,122,0,0,2,,,,,,Alain LEVANT ENTENTE COMMUNALE,46,31.72,37.7,,Maison Baoui,MAISON BAOUI,0.75,Maison commune de Baoui,,CULTUREL ET SOCIO EDUCATIF,Equipements socio-éducatifs et socio-culturels,Maison de jeune et maison de quartier,164.463552597488,-20.6891303658536,etablissements_publics_nc,1,1001,Kaala Gomen village et littoral
municipales_2026,1,,,988,98810,Kaala-Gomen,KAALAGOMEN,0005,145,122,23,122,0,0,3,,,,,,Hervé Maguei TEIN-TAOUVA UNION CITOYENNE DE BWAPANU,16,11.03,13.11,,Maison Baoui,MAISON BAOUI,0.75,Maison commune de Baoui,,CULTUREL ET SOCIO EDUCATIF,Equipements socio-éducatifs et socio-culturels,Maison de jeune et maison de quartier,164.463552597488,-20.6891303658536,etablissements_publics_nc,1,1001,Kaala Gomen village et littoral
municipales_2026,1,,,988,98810,Kaala-Gomen,KAALAGOMEN,0006,219,154,65,153,0,1,1,,,,,,Pablo POY-YETHY UNIS POUR BWAPANU,20,9.13,13.07,,Ouaco,OUACO,0.93,Ecole de Ouaco,185 Rue Victor ROFFEY,ENSEIGNEMENT ET FORMATION,Enseignement du premier degré,Ecole élémentaire,164.471215971078,-20.8375035625753,etablissements_publics_nc,1,1001,Kaala Gomen village et littoral
municipales_2026,1,,,988,98810,Kaala-Gomen,KAALAGOMEN,0006,219,154,65,153,0,1,2,,,,,,Alain LEVANT ENTENTE COMMUNALE,96,43.84,62.75,,Ouaco,OUACO,0.93,Ecole de Ouaco,185 Rue Victor ROFFEY,ENSEIGNEMENT ET FORMATION,Enseignement du premier degré,Ecole élémentaire,164.471215971078,-20.8375035625753,etablissements_publics_nc,1,1001,Kaala Gomen village et littoral
municipales_2026,1,,,988,98810,Kaala-Gomen,KAALAGOMEN,0006,219,154,65,153,0,1,3,,,,,,Hervé Maguei TEIN-TAOUVA UNION CITOYENNE DE BWAPANU,37,16.89,24.18,,Ouaco,OUACO,0.93,Ecole de Ouaco,185 Rue Victor ROFFEY,ENSEIGNEMENT ET FORMATION,Enseignement du premier degré,Ecole élémentaire,164.471215971078,-20.8375035625753,etablissements_publics_nc,1,1001,Kaala Gomen village et littoral
municipales_2026,1,,,988,98811,Koné,KONE,0001,780,415,365,408,2,5,1,LDIV,,,,,"Jean-Yves Pama MY ENSEMBLE, CONSTRUISONS LA COMMUNE DE DEMAIN",52,6.67,12.75,,Salle Au Pitiri,SALLE AU PITIRI,0.556,Plateau sportif de Téari,AVENUE FOUE,EQUIPEMENT SPORTIF,Terrains sportifs normalisés,Terrain polyvalent,164.866375124843,-21.0740850901806,etablissements_publics_nc,5,1102,Paiamboué - La Caférie - Foué
municipales_2026,1,,,988,98811,Koné,KONE,0001,780,415,365,408,2,5,2,LDVD,,,,,Mike SAMADI AGISSONS POUR KONE,240,30.77,58.82,,Salle Au Pitiri,SALLE AU PITIRI,0.556,Plateau sportif de Téari,AVENUE FOUE,EQUIPEMENT SPORTIF,Terrains sportifs normalisés,Terrain polyvalent,164.866375124843,-21.0740850901806,etablissements_publics_nc,5,1102,Paiamboué - La Caférie - Foué
municipales_2026,1,,,988,98811,Koné,KONE,0001,780,415,365,408,2,5,3,LREG,,,,,Thierry GOWECEE UC FLNKS,58,7.44,14.22,,Salle Au Pitiri,SALLE AU PITIRI,0.556,Plateau sportif de Téari,AVENUE FOUE,EQUIPEMENT SPORTIF,Terrains sportifs normalisés,Terrain polyvalent,164.866375124843,-21.0740850901806,etablissements_publics_nc,5,1102,Paiamboué - La Caférie - Foué
municipales_2026,1,,,988,98811,Koné,KONE,0001,780,415,365,408,2,5,4,LREG,,,,,Joseph Apangou GOROMIDO UNI KOOHNE,58,7.44,14.22,,Salle Au Pitiri,SALLE AU PITIRI,0.556,Plateau sportif de Téari,AVENUE FOUE,EQUIPEMENT SPORTIF,Terrains sportifs normalisés,Terrain polyvalent,164.866375124843,-21.0740850901806,etablissements_publics_nc,5,1102,Paiamboué - La Caférie - Foué
municipales_2026,1,,,988,98811,Koné,KONE,0002,186,125,61,125,0,0,1,LDIV,,,,,"Jean-Yves Pama MY ENSEMBLE, CONSTRUISONS LA COMMUNE DE DEMAIN",12,6.45,9.6,,Poindah,POINDAH,0.93,Maison commune de Poindah,,CULTUREL ET SOCIO EDUCATIF,Equipements socio-éducatifs et socio-culturels,Maison de jeune et maison de quartier,164.964442641559,-21.0372102738018,etablissements_publics_nc,7,1107,Poindah - Noelly - Néami - Netchaot
municipales_2026,1,,,988,98811,Koné,KONE,0002,186,125,61,125,0,0,2,LDVD,,,,,Mike SAMADI AGISSONS POUR KONE,22,11.83,17.6,,Poindah,POINDAH,0.93,Maison commune de Poindah,,CULTUREL ET SOCIO EDUCATIF,Equipements socio-éducatifs et socio-culturels,Maison de jeune et maison de quartier,164.964442641559,-21.0372102738018,etablissements_publics_nc,7,1107,Poindah - Noelly - Néami - Netchaot
municipales_2026,1,,,988,98811,Koné,KONE,0002,186,125,61,125,0,0,3,LREG,,,,,Thierry GOWECEE UC FLNKS,66,35.48,52.8,,Poindah,POINDAH,0.93,Maison commune de Poindah,,CULTUREL ET SOCIO EDUCATIF,Equipements socio-éducatifs et socio-culturels,Maison de jeune et maison de quartier,164.964442641559,-21.0372102738018,etablissements_publics_nc,7,1107,Poindah - Noelly - Néami - Netchaot
municipales_2026,1,,,988,98811,Koné,KONE,0002,186,125,61,125,0,0,4,LREG,,,,,Joseph Apangou GOROMIDO UNI KOOHNE,25,13.44,20,,Poindah,POINDAH,0.93,Maison commune de Poindah,,CULTUREL ET SOCIO EDUCATIF,Equipements socio-éducatifs et socio-culturels,Maison de jeune et maison de quartier,164.964442641559,-21.0372102738018,etablissements_publics_nc,7,1107,Poindah - Noelly - Néami - Netchaot
municipales_2026,1,,,988,98811,Koné,KONE,0003,406,294,112,293,0,1,1,LDIV,,,,,"Jean-Yves Pama MY ENSEMBLE, CONSTRUISONS LA COMMUNE DE DEMAIN",9,2.22,3.07,,Netchaot,NETCHAOT,0.93,Ecole maternelle publique de Nétchaot,Route du STADE de NETCHAOT,ENSEIGNEMENT ET FORMATION,Enseignement du premier degré,Ecole pré-élémentaire,165.022902317548,-21.0054157631335,etablissements_publics_nc,7,1107,Poindah - Noelly - Néami - Netchaot
municipales_2026,1,,,988,98811,Koné,KONE,0003,406,294,112,293,0,1,2,LDVD,,,,,Mike SAMADI AGISSONS POUR KONE,20,4.93,6.83,,Netchaot,NETCHAOT,0.93,Ecole maternelle publique de Nétchaot,Route du STADE de NETCHAOT,ENSEIGNEMENT ET FORMATION,Enseignement du premier degré,Ecole pré-élémentaire,165.022902317548,-21.0054157631335,etablissements_publics_nc,7,1107,Poindah - Noelly - Néami - Netchaot
municipales_2026,1,,,988,98811,Koné,KONE,0003,406,294,112,293,0,1,3,LREG,,,,,Thierry GOWECEE UC FLNKS,31,7.64,10.58,,Netchaot,NETCHAOT,0.93,Ecole maternelle publique de Nétchaot,Route du STADE de NETCHAOT,ENSEIGNEMENT ET FORMATION,Enseignement du premier degré,Ecole pré-élémentaire,165.022902317548,-21.0054157631335,etablissements_publics_nc,7,1107,Poindah - Noelly - Néami - Netchaot
municipales_2026,1,,,988,98811,Koné,KONE,0003,406,294,112,293,0,1,4,LREG,,,,,Joseph Apangou GOROMIDO UNI KOOHNE,233,57.39,79.52,,Netchaot,NETCHAOT,0.93,Ecole maternelle publique de Nétchaot,Route du STADE de NETCHAOT,ENSEIGNEMENT ET FORMATION,Enseignement du premier degré,Ecole pré-élémentaire,165.022902317548,-21.0054157631335,etablissements_publics_nc,7,1107,Poindah - Noelly - Néami - Netchaot
municipales_2026,1,,,988,98811,Koné,KONE,0004,295,241,54,241,0,0,1,LDIV,,,,,"Jean-Yves Pama MY ENSEMBLE, CONSTRUISONS LA COMMUNE DE DEMAIN",1,0.34,0.41,,Tiaoué,TIAOUE,0.93,Ecole publique de Tiaoué,RM5,ENSEIGNEMENT ET FORMATION,Enseignement du premier degré,Ecole primaire,164.916802108,-21.0000621217301,etablissements_publics_nc,7,1107,Poindah - Noelly - Néami - Netchaot
municipales_2026,1,,,988,98811,Koné,KONE,0004,295,241,54,241,0,0,2,LDVD,,,,,Mike SAMADI AGISSONS POUR KONE,30,10.17,12.45,,Tiaoué,TIAOUE,0.93,Ecole publique de Tiaoué,RM5,ENSEIGNEMENT ET FORMATION,Enseignement du premier degré,Ecole primaire,164.916802108,-21.0000621217301,etablissements_publics_nc,7,1107,Poindah - Noelly - Néami - Netchaot
municipales_2026,1,,,988,98811,Koné,KONE,0004,295,241,54,241,0,0,3,LREG,,,,,Thierry GOWECEE UC FLNKS,176,59.66,73.03,,Tiaoué,TIAOUE,0.93,Ecole publique de Tiaoué,RM5,ENSEIGNEMENT ET FORMATION,Enseignement du premier degré,Ecole primaire,164.916802108,-21.0000621217301,etablissements_publics_nc,7,1107,Poindah - Noelly - Néami - Netchaot
municipales_2026,1,,,988,98811,Koné,KONE,0004,295,241,54,241,0,0,4,LREG,,,,,Joseph Apangou GOROMIDO UNI KOOHNE,34,11.53,14.11,,Tiaoué,TIAOUE,0.93,Ecole publique de Tiaoué,RM5,ENSEIGNEMENT ET FORMATION,Enseignement du premier degré,Ecole primaire,164.916802108,-21.0000621217301,etablissements_publics_nc,7,1107,Poindah - Noelly - Néami - Netchaot
municipales_2026,1,,,988,98811,Koné,KONE,0005,127,89,38,88,0,1,1,LDIV,,,,,"Jean-Yves Pama MY ENSEMBLE, CONSTRUISONS LA COMMUNE DE DEMAIN",6,4.72,6.82,,Atéou,ATEOU,0.93,Ecole publique d'Atéou,Route de l'EGLISE d'ATEOU,ENSEIGNEMENT ET FORMATION,Enseignement du premier degré,Ecole primaire,164.90654574925,-20.9500343540188,etablissements_publics_nc,7,1107,Poindah - Noelly - Néami - Netchaot
municipales_2026,1,,,988,98811,Koné,KONE,0005,127,89,38,88,0,1,2,LDVD,,,,,Mike SAMADI AGISSONS POUR KONE,16,12.6,18.18,,Atéou,ATEOU,0.93,Ecole publique d'Atéou,Route de l'EGLISE d'ATEOU,ENSEIGNEMENT ET FORMATION,Enseignement du premier degré,Ecole primaire,164.90654574925,-20.9500343540188,etablissements_publics_nc,7,1107,Poindah - Noelly - Néami - Netchaot
municipales_2026,1,,,988,98811,Koné,KONE,0005,127,89,38,88,0,1,3,LREG,,,,,Thierry GOWECEE UC FLNKS,49,38.58,55.68,,Atéou,ATEOU,0.93,Ecole publique d'Atéou,Route de l'EGLISE d'ATEOU,ENSEIGNEMENT ET FORMATION,Enseignement du premier degré,Ecole primaire,164.90654574925,-20.9500343540188,etablissements_publics_nc,7,1107,Poindah - Noelly - Néami - Netchaot
municipales_2026,1,,,988,98811,Koné,KONE,0005,127,89,38,88,0,1,4,LREG,,,,,Joseph Apangou GOROMIDO UNI KOOHNE,17,13.39,19.32,,Atéou,ATEOU,0.93,Ecole publique d'Atéou,Route de l'EGLISE d'ATEOU,ENSEIGNEMENT ET FORMATION,Enseignement du premier degré,Ecole primaire,164.90654574925,-20.9500343540188,etablissements_publics_nc,7,1107,Poindah - Noelly - Néami - Netchaot
municipales_2026,1,,,988,98811,Koné,KONE,0006,237,166,71,163,0,3,1,LDIV,,,,,"Jean-Yves Pama MY ENSEMBLE, CONSTRUISONS LA COMMUNE DE DEMAIN",3,1.27,1.84,,Bopope,BOPOPE,0.93,Ecole privée protestante Bopope,ROUTE BOPOPE BOPOPE,ENSEIGNEMENT ET FORMATION,Enseignement du premier degré,Ecole primaire,165.079714634727,-20.9178415050895,etablissements_publics_nc,8,1108,Bopope
municipales_2026,1,,,988,98811,Koné,KONE,0006,237,166,71,163,0,3,2,LDVD,,,,,Mike SAMADI AGISSONS POUR KONE,11,4.64,6.75,,Bopope,BOPOPE,0.93,Ecole privée protestante Bopope,ROUTE BOPOPE BOPOPE,ENSEIGNEMENT ET FORMATION,Enseignement du premier degré,Ecole primaire,165.079714634727,-20.9178415050895,etablissements_publics_nc,8,1108,Bopope
municipales_2026,1,,,988,98811,Koné,KONE,0006,237,166,71,163,0,3,3,LREG,,,,,Thierry GOWECEE UC FLNKS,56,23.63,34.36,,Bopope,BOPOPE,0.93,Ecole privée protestante Bopope,ROUTE BOPOPE BOPOPE,ENSEIGNEMENT ET FORMATION,Enseignement du premier degré,Ecole primaire,165.079714634727,-20.9178415050895,etablissements_publics_nc,8,1108,Bopope
municipales_2026,1,,,988,98811,Koné,KONE,0006,237,166,71,163,0,3,4,LREG,,,,,Joseph Apangou GOROMIDO UNI KOOHNE,93,39.24,57.06,,Bopope,BOPOPE,0.93,Ecole privée protestante Bopope,ROUTE BOPOPE BOPOPE,ENSEIGNEMENT ET FORMATION,Enseignement du premier degré,Ecole primaire,165.079714634727,-20.9178415050895,etablissements_publics_nc,8,1108,Bopope
municipales_2026,1,,,988,98811,Koné,KONE,0007,236,143,93,142,0,1,1,LDIV,,,,,"Jean-Yves Pama MY ENSEMBLE, CONSTRUISONS LA COMMUNE DE DEMAIN",5,2.12,3.52,,Néami,NEAMI,0.93,Ecole maternelle publique de Néami,Route GOROPOADJILEI,ENSEIGNEMENT ET FORMATION,Enseignement du premier degré,Ecole pré-élémentaire,164.971958124292,-20.977983356452,etablissements_publics_nc,7,1107,Poindah - Noelly - Néami - Netchaot
municipales_2026,1,,,988,98811,Koné,KONE,0007,236,143,93,142,0,1,2,LDVD,,,,,Mike SAMADI AGISSONS POUR KONE,21,8.9,14.79,,Néami,NEAMI,0.93,Ecole maternelle publique de Néami,Route GOROPOADJILEI,ENSEIGNEMENT ET FORMATION,Enseignement du premier degré,Ecole pré-élémentaire,164.971958124292,-20.977983356452,etablissements_publics_nc,7,1107,Poindah - Noelly - Néami - Netchaot
municipales_2026,1,,,988,98811,Koné,KONE,0007,236,143,93,142,0,1,3,LREG,,,,,Thierry GOWECEE UC FLNKS,38,16.1,26.76,,Néami,NEAMI,0.93,Ecole maternelle publique de Néami,Route GOROPOADJILEI,ENSEIGNEMENT ET FORMATION,Enseignement du premier degré,Ecole pré-élémentaire,164.971958124292,-20.977983356452,etablissements_publics_nc,7,1107,Poindah - Noelly - Néami - Netchaot
municipales_2026,1,,,988,98811,Koné,KONE,0007,236,143,93,142,0,1,4,LREG,,,,,Joseph Apangou GOROMIDO UNI KOOHNE,78,33.05,54.93,,Néami,NEAMI,0.93,Ecole maternelle publique de Néami,Route GOROPOADJILEI,ENSEIGNEMENT ET FORMATION,Enseignement du premier degré,Ecole pré-élémentaire,164.971958124292,-20.977983356452,etablissements_publics_nc,7,1107,Poindah - Noelly - Néami - Netchaot
municipales_2026,1,,,988,98811,Koné,KONE,0008,488,327,161,323,1,3,1,LDIV,,,,,"Jean-Yves Pama MY ENSEMBLE, CONSTRUISONS LA COMMUNE DE DEMAIN",94,19.26,29.1,,Baco,BACO,0.93,Maison commune de Baco,,CULTUREL ET SOCIO EDUCATIF,Equipements socio-éducatifs et socio-culturels,Maison de jeune et maison de quartier,164.895177171264,-21.0667090848805,etablissements_publics_nc,6,1103,Baco - Koniambo
municipales_2026,1,,,988,98811,Koné,KONE,0008,488,327,161,323,1,3,2,LDVD,,,,,Mike SAMADI AGISSONS POUR KONE,39,7.99,12.07,,Baco,BACO,0.93,Maison commune de Baco,,CULTUREL ET SOCIO EDUCATIF,Equipements socio-éducatifs et socio-culturels,Maison de jeune et maison de quartier,164.895177171264,-21.0667090848805,etablissements_publics_nc,6,1103,Baco - Koniambo
municipales_2026,1,,,988,98811,Koné,KONE,0008,488,327,161,323,1,3,3,LREG,,,,,Thierry GOWECEE UC FLNKS,95,19.47,29.41,,Baco,BACO,0.93,Maison commune de Baco,,CULTUREL ET SOCIO EDUCATIF,Equipements socio-éducatifs et socio-culturels,Maison de jeune et maison de quartier,164.895177171264,-21.0667090848805,etablissements_publics_nc,6,1103,Baco - Koniambo
municipales_2026,1,,,988,98811,Koné,KONE,0008,488,327,161,323,1,3,4,LREG,,,,,Joseph Apangou GOROMIDO UNI KOOHNE,95,19.47,29.41,,Baco,BACO,0.93,Maison commune de Baco,,CULTUREL ET SOCIO EDUCATIF,Equipements socio-éducatifs et socio-culturels,Maison de jeune et maison de quartier,164.895177171264,-21.0667090848805,etablissements_publics_nc,6,1103,Baco - Koniambo
municipales_2026,1,,,988,98811,Koné,KONE,0009,834,542,292,527,7,8,1,LDIV,,,,,"Jean-Yves Pama MY ENSEMBLE, CONSTRUISONS LA COMMUNE DE DEMAIN",127,15.23,24.1,,École primaire Les Cigales,ECOLE PRIMAIRE CIGALES,0.88,Ecole publique Les Cigales,12 RUE DES ABEILLES,ENSEIGNEMENT ET FORMATION,Enseignement du premier degré,Ecole primaire,164.8701529762,-21.0521518022935,etablissements_publics_nc,4,1101,Koné village
municipales_2026,1,,,988,98811,Koné,KONE,0009,834,542,292,527,7,8,2,LDVD,,,,,Mike SAMADI AGISSONS POUR KONE,206,24.7,39.09,,École primaire Les Cigales,ECOLE PRIMAIRE CIGALES,0.88,Ecole publique Les Cigales,12 RUE DES ABEILLES,ENSEIGNEMENT ET FORMATION,Enseignement du premier degré,Ecole primaire,164.8701529762,-21.0521518022935,etablissements_publics_nc,4,1101,Koné village
municipales_2026,1,,,988,98811,Koné,KONE,0009,834,542,292,527,7,8,3,LREG,,,,,Thierry GOWECEE UC FLNKS,106,12.71,20.11,,École primaire Les Cigales,ECOLE PRIMAIRE CIGALES,0.88,Ecole publique Les Cigales,12 RUE DES ABEILLES,ENSEIGNEMENT ET FORMATION,Enseignement du premier degré,Ecole primaire,164.8701529762,-21.0521518022935,etablissements_publics_nc,4,1101,Koné village
municipales_2026,1,,,988,98811,Koné,KONE,0009,834,542,292,527,7,8,4,LREG,,,,,Joseph Apangou GOROMIDO UNI KOOHNE,88,10.55,16.7,,École primaire Les Cigales,ECOLE PRIMAIRE CIGALES,0.88,Ecole publique Les Cigales,12 RUE DES ABEILLES,ENSEIGNEMENT ET FORMATION,Enseignement du premier degré,Ecole primaire,164.8701529762,-21.0521518022935,etablissements_publics_nc,4,1101,Koné village
municipales_2026,1,,,988,98811,Koné,KONE,0010,221,167,54,165,0,2,1,LDIV,,,,,"Jean-Yves Pama MY ENSEMBLE, CONSTRUISONS LA COMMUNE DE DEMAIN",12,5.43,7.27,,Noëlly,NOELLY,0.93,Ecole maternelle publique de Noelly,Route de l'ECOLE de NOELI,ENSEIGNEMENT ET FORMATION,Enseignement du premier degré,Ecole pré-élémentaire,164.947538773364,-21.0048750710989,etablissements_publics_nc,7,1107,Poindah - Noelly - Néami - Netchaot
municipales_2026,1,,,988,98811,Koné,KONE,0010,221,167,54,165,0,2,2,LDVD,,,,,Mike SAMADI AGISSONS POUR KONE,7,3.17,4.24,,Noëlly,NOELLY,0.93,Ecole maternelle publique de Noelly,Route de l'ECOLE de NOELI,ENSEIGNEMENT ET FORMATION,Enseignement du premier degré,Ecole pré-élémentaire,164.947538773364,-21.0048750710989,etablissements_publics_nc,7,1107,Poindah - Noelly - Néami - Netchaot
municipales_2026,1,,,988,98811,Koné,KONE,0010,221,167,54,165,0,2,3,LREG,,,,,Thierry GOWECEE UC FLNKS,53,23.98,32.12,,Noëlly,NOELLY,0.93,Ecole maternelle publique de Noelly,Route de l'ECOLE de NOELI,ENSEIGNEMENT ET FORMATION,Enseignement du premier degré,Ecole pré-élémentaire,164.947538773364,-21.0048750710989,etablissements_publics_nc,7,1107,Poindah - Noelly - Néami - Netchaot
municipales_2026,1,,,988,98811,Koné,KONE,0010,221,167,54,165,0,2,4,LREG,,,,,Joseph Apangou GOROMIDO UNI KOOHNE,93,42.08,56.36,,Noëlly,NOELLY,0.93,Ecole maternelle publique de Noelly,Route de l'ECOLE de NOELI,ENSEIGNEMENT ET FORMATION,Enseignement du premier degré,Ecole pré-élémentaire,164.947538773364,-21.0048750710989,etablissements_publics_nc,7,1107,Poindah - Noelly - Néami - Netchaot
municipales_2026,1,,,988,98811,Koné,KONE,0011,884,428,456,418,7,3,1,LDIV,,,,,"Jean-Yves Pama MY ENSEMBLE, CONSTRUISONS LA COMMUNE DE DEMAIN",63,7.13,15.07,,École Téari,ECOLE TEARI,0.636,Déchetterie,5135 AVENUE DU LAPITA,TRANSPORT ET DECHET,Gestion des déchets,Installation de stockage des déchets,164.82630681362,-21.0553442775238,etablissements_publics_nc,4,1101,Koné village
municipales_2026,1,,,988,98811,Koné,KONE,0011,884,428,456,418,7,3,2,LDVD,,,,,Mike SAMADI AGISSONS POUR KONE,214,24.21,51.2,,École Téari,ECOLE TEARI,0.636,Déchetterie,5135 AVENUE DU LAPITA,TRANSPORT ET DECHET,Gestion des déchets,Installation de stockage des déchets,164.82630681362,-21.0553442775238,etablissements_publics_nc,4,1101,Koné village
municipales_2026,1,,,988,98811,Koné,KONE,0011,884,428,456,418,7,3,3,LREG,,,,,Thierry GOWECEE UC FLNKS,49,5.54,11.72,,École Téari,ECOLE TEARI,0.636,Déchetterie,5135 AVENUE DU LAPITA,TRANSPORT ET DECHET,Gestion des déchets,Installation de stockage des déchets,164.82630681362,-21.0553442775238,etablissements_publics_nc,4,1101,Koné village
municipales_2026,1,,,988,98811,Koné,KONE,0011,884,428,456,418,7,3,4,LREG,,,,,Joseph Apangou GOROMIDO UNI KOOHNE,92,10.41,22.01,,École Téari,ECOLE TEARI,0.636,Déchetterie,5135 AVENUE DU LAPITA,TRANSPORT ET DECHET,Gestion des déchets,Installation de stockage des déchets,164.82630681362,-21.0553442775238,etablissements_publics_nc,4,1101,Koné village
municipales_2026,1,,,988,98811,Koné,KONE,0012,645,357,288,349,7,1,1,LDIV,,,,,"Jean-Yves Pama MY ENSEMBLE, CONSTRUISONS LA COMMUNE DE DEMAIN",47,7.29,13.47,,Les Allamandas,ALLAMANDAS,0.93,Ecole publique Les Allamandas,242 RUE PAUL NAPOAREA,ENSEIGNEMENT ET FORMATION,Enseignement du premier degré,Ecole primaire,164.856461111321,-21.052040276968,etablissements_publics_nc,4,1101,Koné village
municipales_2026,1,,,988,98811,Koné,KONE,0012,645,357,288,349,7,1,2,LDVD,,,,,Mike SAMADI AGISSONS POUR KONE,183,28.37,52.44,,Les Allamandas,ALLAMANDAS,0.93,Ecole publique Les Allamandas,242 RUE PAUL NAPOAREA,ENSEIGNEMENT ET FORMATION,Enseignement du premier degré,Ecole primaire,164.856461111321,-21.052040276968,etablissements_publics_nc,4,1101,Koné village
municipales_2026,1,,,988,98811,Koné,KONE,0012,645,357,288,349,7,1,3,LREG,,,,,Thierry GOWECEE UC FLNKS,47,7.29,13.47,,Les Allamandas,ALLAMANDAS,0.93,Ecole publique Les Allamandas,242 RUE PAUL NAPOAREA,ENSEIGNEMENT ET FORMATION,Enseignement du premier degré,Ecole primaire,164.856461111321,-21.052040276968,etablissements_publics_nc,4,1101,Koné village
municipales_2026,1,,,988,98811,Koné,KONE,0012,645,357,288,349,7,1,4,LREG,,,,,Joseph Apangou GOROMIDO UNI KOOHNE,72,11.16,20.63,,Les Allamandas,ALLAMANDAS,0.93,Ecole publique Les Allamandas,242 RUE PAUL NAPOAREA,ENSEIGNEMENT ET FORMATION,Enseignement du premier degré,Ecole primaire,164.856461111321,-21.052040276968,etablissements_publics_nc,4,1101,Koné village
municipales_2026,1,,,988,98812,Koumac,KOUMAC,0001,1379,895,484,879,7,9,1,LDVD,,,,,Wilfrid WEISS POUR LE PROGRES COMMUNAL,259,18.78,29.47,,Mairie 1 et centralisateur,MAIRIE ET CENTRALISATEUR,0.99,Mairie de Koumac,,ADMINISTRATION ET ORGANISME,Administrations des collectivités,Administration de la commune de Koumac,164.280241420927,-20.5602050455624,arrete_manual_etablissements,9,1201,Koumac village
municipales_2026,1,,,988,98812,Koumac,KOUMAC,0001,1379,895,484,879,7,9,2,LREG,,,,,Jürgen WHALA-WINDI UNIS POUR KOUMAC,82,5.95,9.33,,Mairie 1 et centralisateur,MAIRIE ET CENTRALISATEUR,0.99,Mairie de Koumac,,ADMINISTRATION ET ORGANISME,Administrations des collectivités,Administration de la commune de Koumac,164.280241420927,-20.5602050455624,arrete_manual_etablissements,9,1201,Koumac village
municipales_2026,1,,,988,98812,Koumac,KOUMAC,0001,1379,895,484,879,7,9,3,LREG,,,,,Josée KONDOLO UNION CALEDONIENNE,135,9.79,15.36,,Mairie 1 et centralisateur,MAIRIE ET CENTRALISATEUR,0.99,Mairie de Koumac,,ADMINISTRATION ET ORGANISME,Administrations des collectivités,Administration de la commune de Koumac,164.280241420927,-20.5602050455624,arrete_manual_etablissements,9,1201,Koumac village
municipales_2026,1,,,988,98812,Koumac,KOUMAC,0001,1379,895,484,879,7,9,4,LDIV,,,,,Olivier BESANÇON KOUMAC UNION CITOYENNE,122,8.85,13.88,,Mairie 1 et centralisateur,MAIRIE ET CENTRALISATEUR,0.99,Mairie de Koumac,,ADMINISTRATION ET ORGANISME,Administrations des collectivités,Administration de la commune de Koumac,164.280241420927,-20.5602050455624,arrete_manual_etablissements,9,1201,Koumac village
municipales_2026,1,,,988,98812,Koumac,KOUMAC,0001,1379,895,484,879,7,9,5,LDIV,,,,,Antonio MARTIN KOUMAC RENOUVEAU,111,8.05,12.63,,Mairie 1 et centralisateur,MAIRIE ET CENTRALISATEUR,0.99,Mairie de Koumac,,ADMINISTRATION ET ORGANISME,Administrations des collectivités,Administration de la commune de Koumac,164.280241420927,-20.5602050455624,arrete_manual_etablissements,9,1201,Koumac village
municipales_2026,1,,,988,98812,Koumac,KOUMAC,0001,1379,895,484,879,7,9,6,LDIV,,,,,Yann GASTALDI BATISSONS ENSEMBLE KOUMAC,170,12.33,19.34,,Mairie 1 et centralisateur,MAIRIE ET CENTRALISATEUR,0.99,Mairie de Koumac,,ADMINISTRATION ET ORGANISME,Administrations des collectivités,Administration de la commune de Koumac,164.280241420927,-20.5602050455624,arrete_manual_etablissements,9,1201,Koumac village
municipales_2026,1,,,988,98812,Koumac,KOUMAC,0002,1759,1085,674,1064,14,7,1,LDVD,,,,,Wilfrid WEISS POUR LE PROGRES COMMUNAL,347,19.73,32.61,,École primaire Charles Mermoud 2,ECOLE PRIMAIRE CHARLES MERMOUD,0.874,Ecole Charles MERMOUD,,ENSEIGNEMENT ET FORMATION,Enseignement du premier degré,Ecole primaire,164.282519595968,-20.5572929814306,etablissements_publics_nc,9,1201,Koumac village
municipales_2026,1,,,988,98812,Koumac,KOUMAC,0002,1759,1085,674,1064,14,7,2,LREG,,,,,Jürgen WHALA-WINDI UNIS POUR KOUMAC,42,2.39,3.95,,École primaire Charles Mermoud 2,ECOLE PRIMAIRE CHARLES MERMOUD,0.874,Ecole Charles MERMOUD,,ENSEIGNEMENT ET FORMATION,Enseignement du premier degré,Ecole primaire,164.282519595968,-20.5572929814306,etablissements_publics_nc,9,1201,Koumac village
municipales_2026,1,,,988,98812,Koumac,KOUMAC,0002,1759,1085,674,1064,14,7,3,LREG,,,,,Josée KONDOLO UNION CALEDONIENNE,95,5.4,8.93,,École primaire Charles Mermoud 2,ECOLE PRIMAIRE CHARLES MERMOUD,0.874,Ecole Charles MERMOUD,,ENSEIGNEMENT ET FORMATION,Enseignement du premier degré,Ecole primaire,164.282519595968,-20.5572929814306,etablissements_publics_nc,9,1201,Koumac village
municipales_2026,1,,,988,98812,Koumac,KOUMAC,0002,1759,1085,674,1064,14,7,4,LDIV,,,,,Olivier BESANÇON KOUMAC UNION CITOYENNE,131,7.45,12.31,,École primaire Charles Mermoud 2,ECOLE PRIMAIRE CHARLES MERMOUD,0.874,Ecole Charles MERMOUD,,ENSEIGNEMENT ET FORMATION,Enseignement du premier degré,Ecole primaire,164.282519595968,-20.5572929814306,etablissements_publics_nc,9,1201,Koumac village
municipales_2026,1,,,988,98812,Koumac,KOUMAC,0002,1759,1085,674,1064,14,7,5,LDIV,,,,,Antonio MARTIN KOUMAC RENOUVEAU,183,10.4,17.2,,École primaire Charles Mermoud 2,ECOLE PRIMAIRE CHARLES MERMOUD,0.874,Ecole Charles MERMOUD,,ENSEIGNEMENT ET FORMATION,Enseignement du premier degré,Ecole primaire,164.282519595968,-20.5572929814306,etablissements_publics_nc,9,1201,Koumac village
municipales_2026,1,,,988,98812,Koumac,KOUMAC,0002,1759,1085,674,1064,14,7,6,LDIV,,,,,Yann GASTALDI BATISSONS ENSEMBLE KOUMAC,266,15.12,25,,École primaire Charles Mermoud 2,ECOLE PRIMAIRE CHARLES MERMOUD,0.874,Ecole Charles MERMOUD,,ENSEIGNEMENT ET FORMATION,Enseignement du premier degré,Ecole primaire,164.282519595968,-20.5572929814306,etablissements_publics_nc,9,1201,Koumac village
municipales_2026,1,,,988,98813,La Foa,LAFOA,0001,976,684,292,672,6,6,1,,,,,,Florence ROLLAND L'UNION POUR LA FOA,294,30.12,43.75,,Centre socio-culturel,CENTRE SOCIO CULTUREL,,,,,,,165.82495689060195,-21.708500844468237,arrete_manual_tribus,12,1301,La Foa village
municipales_2026,1,,,988,98813,La Foa,LAFOA,0001,976,684,292,672,6,6,2,,,,,,Sandrine Arella NINDUMA NOS RACINES POUR CONSTRUIRE L'AVENIR,28,2.87,4.17,,Centre socio-culturel,CENTRE SOCIO CULTUREL,,,,,,,165.82495689060195,-21.708500844468237,arrete_manual_tribus,12,1301,La Foa village
municipales_2026,1,,,988,98813,La Foa,LAFOA,0001,976,684,292,672,6,6,3,,,,,,Pierre MONEFARA Cîrî,202646,4.71,6.85,,Centre socio-culturel,CENTRE SOCIO CULTUREL,,,,,,,165.82495689060195,-21.708500844468237,arrete_manual_tribus,12,1301,La Foa village
municipales_2026,1,,,988,98813,La Foa,LAFOA,0001,976,684,292,672,6,6,4,,,,,,Stevens KAOUDA OSONS LA FOA,304,31.15,45.24,,Centre socio-culturel,CENTRE SOCIO CULTUREL,,,,,,,165.82495689060195,-21.708500844468237,arrete_manual_tribus,12,1301,La Foa village
municipales_2026,1,,,988,98813,La Foa,LAFOA,0002,841,595,246,587,6,2,1,,,,,,Florence ROLLAND L'UNION POUR LA FOA,240,28.54,40.89,,Centre socio-culturel,CENTRE SOCIO CULTUREL,,,,,,,165.82495689060195,-21.708500844468237,arrete_manual_tribus,12,1301,La Foa village
municipales_2026,1,,,988,98813,La Foa,LAFOA,0002,841,595,246,587,6,2,2,,,,,,Sandrine Arella NINDUMA NOS RACINES POUR CONSTRUIRE L'AVENIR,31,3.69,5.28,,Centre socio-culturel,CENTRE SOCIO CULTUREL,,,,,,,165.82495689060195,-21.708500844468237,arrete_manual_tribus,12,1301,La Foa village
municipales_2026,1,,,988,98813,La Foa,LAFOA,0002,841,595,246,587,6,2,3,,,,,,Pierre MONEFARA Cîrî,202681,9.63,13.8,,Centre socio-culturel,CENTRE SOCIO CULTUREL,,,,,,,165.82495689060195,-21.708500844468237,arrete_manual_tribus,12,1301,La Foa village
municipales_2026,1,,,988,98813,La Foa,LAFOA,0002,841,595,246,587,6,2,4,,,,,,Stevens KAOUDA OSONS LA FOA,235,27.94,40.03,,Centre socio-culturel,CENTRE SOCIO CULTUREL,,,,,,,165.82495689060195,-21.708500844468237,arrete_manual_tribus,12,1301,La Foa village
municipales_2026,1,,,988,98813,La Foa,LAFOA,0003,822,615,207,602,6,7,1,,,,,,Florence ROLLAND L'UNION POUR LA FOA,205,24.94,34.05,,Centre socio-culturel,CENTRE SOCIO CULTUREL,,,,,,,165.82495689060195,-21.708500844468237,arrete_manual_tribus,12,1301,La Foa village
municipales_2026,1,,,988,98813,La Foa,LAFOA,0003,822,615,207,602,6,7,2,,,,,,Sandrine Arella NINDUMA NOS RACINES POUR CONSTRUIRE L'AVENIR,49,5.96,8.14,,Centre socio-culturel,CENTRE SOCIO CULTUREL,,,,,,,165.82495689060195,-21.708500844468237,arrete_manual_tribus,12,1301,La Foa village
municipales_2026,1,,,988,98813,La Foa,LAFOA,0003,822,615,207,602,6,7,3,,,,,,Pierre MONEFARA Cîrî,202663,7.66,10.47,,Centre socio-culturel,CENTRE SOCIO CULTUREL,,,,,,,165.82495689060195,-21.708500844468237,arrete_manual_tribus,12,1301,La Foa village
municipales_2026,1,,,988,98813,La Foa,LAFOA,0003,822,615,207,602,6,7,4,,,,,,Stevens KAOUDA OSONS LA FOA,285,34.67,47.34,,Centre socio-culturel,CENTRE SOCIO CULTUREL,,,,,,,165.82495689060195,-21.708500844468237,arrete_manual_tribus,12,1301,La Foa village
municipales_2026,1,,,988,98813,La Foa,LAFOA,0004,844,604,240,592,7,5,1,,,,,,Florence ROLLAND L'UNION POUR LA FOA,236,27.96,39.86,,Centre socio-culturel,CENTRE SOCIO CULTUREL,,,,,,,165.82495689060195,-21.708500844468237,arrete_manual_tribus,12,1301,La Foa village
municipales_2026,1,,,988,98813,La Foa,LAFOA,0004,844,604,240,592,7,5,2,,,,,,Sandrine Arella NINDUMA NOS RACINES POUR CONSTRUIRE L'AVENIR,34,4.03,5.74,,Centre socio-culturel,CENTRE SOCIO CULTUREL,,,,,,,165.82495689060195,-21.708500844468237,arrete_manual_tribus,12,1301,La Foa village
municipales_2026,1,,,988,98813,La Foa,LAFOA,0004,844,604,240,592,7,5,3,,,,,,Pierre MONEFARA Cîrî,202642,4.98,7.09,,Centre socio-culturel,CENTRE SOCIO CULTUREL,,,,,,,165.82495689060195,-21.708500844468237,arrete_manual_tribus,12,1301,La Foa village
municipales_2026,1,,,988,98813,La Foa,LAFOA,0004,844,604,240,592,7,5,4,,,,,,Stevens KAOUDA OSONS LA FOA,280,33.18,47.3,,Centre socio-culturel,CENTRE SOCIO CULTUREL,,,,,,,165.82495689060195,-21.708500844468237,arrete_manual_tribus,12,1301,La Foa village
municipales_2026,1,,,988,98814,Lifou,LIFOU,0001,691,295,396,293,1,1,1,LREG,,,,,Rene KAUDRE Unité nationaliste Drehu - Toka,70,10.13,23.89,,Faré des îles,FARE ILES,,,,,,,164.9011843365689,-21.121493041727785,arrete_manual_tribus,112,2501,Pouembout village
municipales_2026,1,,,988,98814,Lifou,LIFOU,0001,691,295,396,293,1,1,2,LREG,,,,,Pierre Ijone QAEZE Union Citoyenne Nöje Drehu,152,22,51.88,,Faré des îles,FARE ILES,,,,,,,164.9011843365689,-21.121493041727785,arrete_manual_tribus,112,2501,Pouembout village
municipales_2026,1,,,988,98814,Lifou,LIFOU,0001,691,295,396,293,1,1,3,LREG,,,,,Pascal Hunemu TUPAISSI Drehu Uni,71,10.27,24.23,,Faré des îles,FARE ILES,,,,,,,164.9011843365689,-21.121493041727785,arrete_manual_tribus,112,2501,Pouembout village
municipales_2026,1,,,988,98814,Lifou,LIFOU,0002,633,388,245,385,2,1,1,LREG,,,,,Rene KAUDRE Unité nationaliste Drehu - Toka,124,19.59,32.21,,Xepenehe,XEPENEHE,1,Chépénéhé,Lifou,LIEU_DIT_NC,TRIBU,Xepenehe,167.15272048120752,-20.78265899014055,tribus_villages_nc,16,1403,Wet
municipales_2026,1,,,988,98814,Lifou,LIFOU,0002,633,388,245,385,2,1,2,LREG,,,,,Pierre Ijone QAEZE Union Citoyenne Nöje Drehu,239,37.76,62.08,,Xepenehe,XEPENEHE,1,Chépénéhé,Lifou,LIEU_DIT_NC,TRIBU,Xepenehe,167.15272048120752,-20.78265899014055,tribus_villages_nc,16,1403,Wet
municipales_2026,1,,,988,98814,Lifou,LIFOU,0002,633,388,245,385,2,1,3,LREG,,,,,Pascal Hunemu TUPAISSI Drehu Uni,22,3.48,5.71,,Xepenehe,XEPENEHE,1,Chépénéhé,Lifou,LIEU_DIT_NC,TRIBU,Xepenehe,167.15272048120752,-20.78265899014055,tribus_villages_nc,16,1403,Wet
municipales_2026,1,,,988,98814,Lifou,LIFOU,0003,747,395,352,394,0,1,1,LREG,,,,,Rene KAUDRE Unité nationaliste Drehu - Toka,61,8.17,15.48,,Drueulu,DRUEULU,1,Douéoulou,Lifou,LIEU_DIT_NC,TRIBU,Drueulu,167.07853761275717,-20.930242999544458,tribus_villages_nc,14,1401,Gaitcha
municipales_2026,1,,,988,98814,Lifou,LIFOU,0003,747,395,352,394,0,1,2,LREG,,,,,Pierre Ijone QAEZE Union Citoyenne Nöje Drehu,230,30.79,58.38,,Drueulu,DRUEULU,1,Douéoulou,Lifou,LIEU_DIT_NC,TRIBU,Drueulu,167.07853761275717,-20.930242999544458,tribus_villages_nc,14,1401,Gaitcha
municipales_2026,1,,,988,98814,Lifou,LIFOU,0003,747,395,352,394,0,1,3,LREG,,,,,Pascal Hunemu TUPAISSI Drehu Uni,103,13.79,26.14,,Drueulu,DRUEULU,1,Douéoulou,Lifou,LIEU_DIT_NC,TRIBU,Drueulu,167.07853761275717,-20.930242999544458,tribus_villages_nc,14,1401,Gaitcha
municipales_2026,1,,,988,98814,Lifou,LIFOU,0004,397,217,180,216,1,0,1,LREG,,,,,Rene KAUDRE Unité nationaliste Drehu - Toka,64,16.12,29.63,,Jozip,JOZIP,1,Jozip,Lifou,LIEU_DIT_NC,TRIBU,,167.34721888788647,-20.940435542649407,tribus_villages_nc,15,1402,Lössi
municipales_2026,1,,,988,98814,Lifou,LIFOU,0004,397,217,180,216,1,0,2,LREG,,,,,Pierre Ijone QAEZE Union Citoyenne Nöje Drehu,65,16.37,30.09,,Jozip,JOZIP,1,Jozip,Lifou,LIEU_DIT_NC,TRIBU,,167.34721888788647,-20.940435542649407,tribus_villages_nc,15,1402,Lössi
municipales_2026,1,,,988,98814,Lifou,LIFOU,0004,397,217,180,216,1,0,3,LREG,,,,,Pascal Hunemu TUPAISSI Drehu Uni,87,21.91,40.28,,Jozip,JOZIP,1,Jozip,Lifou,LIEU_DIT_NC,TRIBU,,167.34721888788647,-20.940435542649407,tribus_villages_nc,15,1402,Lössi
municipales_2026,1,,,988,98814,Lifou,LIFOU,0005,459,206,253,204,0,2,1,LREG,,,,,Rene KAUDRE Unité nationaliste Drehu - Toka,107,23.31,52.45,,Jokin,JOKIN,1,Jokin,Lifou,LIEU_DIT_NC,TRIBU,,167.16447665584124,-20.703384020726688,tribus_villages_nc,16,1403,Wet
municipales_2026,1,,,988,98814,Lifou,LIFOU,0005,459,206,253,204,0,2,2,LREG,,,,,Pierre Ijone QAEZE Union Citoyenne Nöje Drehu,83,18.08,40.69,,Jokin,JOKIN,1,Jokin,Lifou,LIEU_DIT_NC,TRIBU,,167.16447665584124,-20.703384020726688,tribus_villages_nc,16,1403,Wet
municipales_2026,1,,,988,98814,Lifou,LIFOU,0005,459,206,253,204,0,2,3,LREG,,,,,Pascal Hunemu TUPAISSI Drehu Uni,14,3.05,6.86,,Jokin,JOKIN,1,Jokin,Lifou,LIEU_DIT_NC,TRIBU,,167.16447665584124,-20.703384020726688,tribus_villages_nc,16,1403,Wet
municipales_2026,1,,,988,98814,Lifou,LIFOU,0006,395,130,265,130,0,0,1,LREG,,,,,Rene KAUDRE Unité nationaliste Drehu - Toka,24,6.08,18.46,,Hmelek,HMELEK,1,Hmelek,Lifou,LIEU_DIT_NC,TRIBU,,167.28575148149378,-21.047986298100245,tribus_villages_nc,15,1402,Lössi
municipales_2026,1,,,988,98814,Lifou,LIFOU,0006,395,130,265,130,0,0,2,LREG,,,,,Pierre Ijone QAEZE Union Citoyenne Nöje Drehu,67,16.96,51.54,,Hmelek,HMELEK,1,Hmelek,Lifou,LIEU_DIT_NC,TRIBU,,167.28575148149378,-21.047986298100245,tribus_villages_nc,15,1402,Lössi
municipales_2026,1,,,988,98814,Lifou,LIFOU,0006,395,130,265,130,0,0,3,LREG,,,,,Pascal Hunemu TUPAISSI Drehu Uni,39,9.87,30,,Hmelek,HMELEK,1,Hmelek,Lifou,LIEU_DIT_NC,TRIBU,,167.28575148149378,-21.047986298100245,tribus_villages_nc,15,1402,Lössi
municipales_2026,1,,,988,98814,Lifou,LIFOU,0007,549,266,283,266,0,0,1,LREG,,,,,Rene KAUDRE Unité nationaliste Drehu - Toka,25,4.55,9.4,,Mou,MOU,1,Mou,Lifou,LIEU_DIT_NC,TRIBU,Mu,167.41341301025318,-21.092299627592674,tribus_villages_nc,15,1402,Lössi
municipales_2026,1,,,988,98814,Lifou,LIFOU,0007,549,266,283,266,0,0,2,LREG,,,,,Pierre Ijone QAEZE Union Citoyenne Nöje Drehu,146,26.59,54.89,,Mou,MOU,1,Mou,Lifou,LIEU_DIT_NC,TRIBU,Mu,167.41341301025318,-21.092299627592674,tribus_villages_nc,15,1402,Lössi
municipales_2026,1,,,988,98814,Lifou,LIFOU,0007,549,266,283,266,0,0,3,LREG,,,,,Pascal Hunemu TUPAISSI Drehu Uni,95,17.3,35.71,,Mou,MOU,1,Mou,Lifou,LIEU_DIT_NC,TRIBU,Mu,167.41341301025318,-21.092299627592674,tribus_villages_nc,15,1402,Lössi
municipales_2026,1,,,988,98814,Lifou,LIFOU,0008,641,342,299,340,0,2,1,LREG,,,,,Rene KAUDRE Unité nationaliste Drehu - Toka,26,4.06,7.65,,Hnathalo,HNATHALO,0.75,Hnacaöm,Lifou,LIEU_DIT_NC,TRIBU,,167.20569292168463,-20.72173372554335,tribus_villages_nc,16,1403,Wet
municipales_2026,1,,,988,98814,Lifou,LIFOU,0008,641,342,299,340,0,2,2,LREG,,,,,Pierre Ijone QAEZE Union Citoyenne Nöje Drehu,257,40.09,75.59,,Hnathalo,HNATHALO,0.75,Hnacaöm,Lifou,LIEU_DIT_NC,TRIBU,,167.20569292168463,-20.72173372554335,tribus_villages_nc,16,1403,Wet
municipales_2026,1,,,988,98814,Lifou,LIFOU,0008,641,342,299,340,0,2,3,LREG,,,,,Pascal Hunemu TUPAISSI Drehu Uni,57,8.89,16.76,,Hnathalo,HNATHALO,0.75,Hnacaöm,Lifou,LIEU_DIT_NC,TRIBU,,167.20569292168463,-20.72173372554335,tribus_villages_nc,16,1403,Wet
municipales_2026,1,,,988,98814,Lifou,LIFOU,0009,222,107,115,107,0,0,1,LREG,,,,,Rene KAUDRE Unité nationaliste Drehu - Toka,50,22.52,46.73,,Hnacaöm,HNACAOM,1,Hnacaöm,Lifou,LIEU_DIT_NC,TRIBU,,167.20569292168463,-20.72173372554335,tribus_villages_nc,16,1403,Wet
municipales_2026,1,,,988,98814,Lifou,LIFOU,0009,222,107,115,107,0,0,2,LREG,,,,,Pierre Ijone QAEZE Union Citoyenne Nöje Drehu,47,21.17,43.93,,Hnacaöm,HNACAOM,1,Hnacaöm,Lifou,LIEU_DIT_NC,TRIBU,,167.20569292168463,-20.72173372554335,tribus_villages_nc,16,1403,Wet
municipales_2026,1,,,988,98814,Lifou,LIFOU,0009,222,107,115,107,0,0,3,LREG,,,,,Pascal Hunemu TUPAISSI Drehu Uni,10,4.5,9.35,,Hnacaöm,HNACAOM,1,Hnacaöm,Lifou,LIEU_DIT_NC,TRIBU,,167.20569292168463,-20.72173372554335,tribus_villages_nc,16,1403,Wet
municipales_2026,1,,,988,98814,Lifou,LIFOU,0010,343,206,137,203,0,3,1,LREG,,,,,Rene KAUDRE Unité nationaliste Drehu - Toka,16,4.66,7.88,,Siloam,SILOAM,1,Siloam,Lifou,LIEU_DIT_NC,TRIBU,,167.10495154784974,-20.76013449602238,tribus_villages_nc,16,1403,Wet
municipales_2026,1,,,988,98814,Lifou,LIFOU,0010,343,206,137,203,0,3,2,LREG,,,,,Pierre Ijone QAEZE Union Citoyenne Nöje Drehu,181,52.77,89.16,,Siloam,SILOAM,1,Siloam,Lifou,LIEU_DIT_NC,TRIBU,,167.10495154784974,-20.76013449602238,tribus_villages_nc,16,1403,Wet
municipales_2026,1,,,988,98814,Lifou,LIFOU,0010,343,206,137,203,0,3,3,LREG,,,,,Pascal Hunemu TUPAISSI Drehu Uni,6,1.75,2.96,,Siloam,SILOAM,1,Siloam,Lifou,LIEU_DIT_NC,TRIBU,,167.10495154784974,-20.76013449602238,tribus_villages_nc,16,1403,Wet
municipales_2026,1,,,988,98814,Lifou,LIFOU,0011,356,175,181,171,3,1,1,LREG,,,,,Rene KAUDRE Unité nationaliste Drehu - Toka,45,12.64,26.32,,Wasany,WASANY,1,Wasany,Lifou,LIEU_DIT_NC,TRIBU,,167.37793880476198,-21.00787866730366,tribus_villages_nc,15,1402,Lössi
municipales_2026,1,,,988,98814,Lifou,LIFOU,0011,356,175,181,171,3,1,2,LREG,,,,,Pierre Ijone QAEZE Union Citoyenne Nöje Drehu,76,21.35,44.44,,Wasany,WASANY,1,Wasany,Lifou,LIEU_DIT_NC,TRIBU,,167.37793880476198,-21.00787866730366,tribus_villages_nc,15,1402,Lössi
municipales_2026,1,,,988,98814,Lifou,LIFOU,0011,356,175,181,171,3,1,3,LREG,,,,,Pascal Hunemu TUPAISSI Drehu Uni,50,14.04,29.24,,Wasany,WASANY,1,Wasany,Lifou,LIEU_DIT_NC,TRIBU,,167.37793880476198,-21.00787866730366,tribus_villages_nc,15,1402,Lössi
municipales_2026,1,,,988,98814,Lifou,LIFOU,0012,176,57,119,56,1,0,1,LREG,,,,,Rene KAUDRE Unité nationaliste Drehu - Toka,48,27.27,85.71,,Tiga,TIGA,1,Tiga,Lifou,LIEU_DIT_NC,TRIBU,Toka,167.79672481501146,-21.094104177809253,tribus_villages_nc,15,1402,Lössi
municipales_2026,1,,,988,98814,Lifou,LIFOU,0012,176,57,119,56,1,0,2,LREG,,,,,Pierre Ijone QAEZE Union Citoyenne Nöje Drehu,8,4.55,14.29,,Tiga,TIGA,1,Tiga,Lifou,LIEU_DIT_NC,TRIBU,Toka,167.79672481501146,-21.094104177809253,tribus_villages_nc,15,1402,Lössi
municipales_2026,1,,,988,98814,Lifou,LIFOU,0012,176,57,119,56,1,0,3,LREG,,,,,Pascal Hunemu TUPAISSI Drehu Uni,0,0,0,,Tiga,TIGA,1,Tiga,Lifou,LIEU_DIT_NC,TRIBU,Toka,167.79672481501146,-21.094104177809253,tribus_villages_nc,15,1402,Lössi
municipales_2026,1,,,988,98814,Lifou,LIFOU,0013,769,399,370,397,2,0,1,LREG,,,,,Rene KAUDRE Unité nationaliste Drehu - Toka,44,5.72,11.08,,Luecila,LUECILA,1,Luecila,Lifou,LIEU_DIT_NC,TRIBU,,167.25787949950455,-20.900908884449866,tribus_villages_nc,16,1403,Wet
municipales_2026,1,,,988,98814,Lifou,LIFOU,0013,769,399,370,397,2,0,2,LREG,,,,,Pierre Ijone QAEZE Union Citoyenne Nöje Drehu,230,29.91,57.93,,Luecila,LUECILA,1,Luecila,Lifou,LIEU_DIT_NC,TRIBU,,167.25787949950455,-20.900908884449866,tribus_villages_nc,16,1403,Wet
municipales_2026,1,,,988,98814,Lifou,LIFOU,0013,769,399,370,397,2,0,3,LREG,,,,,Pascal Hunemu TUPAISSI Drehu Uni,123,15.99,30.98,,Luecila,LUECILA,1,Luecila,Lifou,LIEU_DIT_NC,TRIBU,,167.25787949950455,-20.900908884449866,tribus_villages_nc,16,1403,Wet
municipales_2026,1,,,988,98814,Lifou,LIFOU,0014,417,253,164,252,0,1,1,LREG,,,,,Rene KAUDRE Unité nationaliste Drehu - Toka,42,10.07,16.67,,Hapetra,HAPETRA,1,Hapetra,Lifou,LIEU_DIT_NC,TRIBU,,167.14706004416075,-20.93025342048714,tribus_villages_nc,14,1401,Gaitcha
municipales_2026,1,,,988,98814,Lifou,LIFOU,0014,417,253,164,252,0,1,2,LREG,,,,,Pierre Ijone QAEZE Union Citoyenne Nöje Drehu,112,26.86,44.44,,Hapetra,HAPETRA,1,Hapetra,Lifou,LIEU_DIT_NC,TRIBU,,167.14706004416075,-20.93025342048714,tribus_villages_nc,14,1401,Gaitcha
municipales_2026,1,,,988,98814,Lifou,LIFOU,0014,417,253,164,252,0,1,3,LREG,,,,,Pascal Hunemu TUPAISSI Drehu Uni,98,23.5,38.89,,Hapetra,HAPETRA,1,Hapetra,Lifou,LIEU_DIT_NC,TRIBU,,167.14706004416075,-20.93025342048714,tribus_villages_nc,14,1401,Gaitcha
municipales_2026,1,,,988,98814,Lifou,LIFOU,0015,404,240,164,239,1,0,1,LREG,,,,,Rene KAUDRE Unité nationaliste Drehu - Toka,38,9.41,15.9,,Nang,NANG,,,,,,,167.2237643213265,-20.78244820991056,arrete_manual_tribus,16,1403,Wet
municipales_2026,1,,,988,98814,Lifou,LIFOU,0015,404,240,164,239,1,0,2,LREG,,,,,Pierre Ijone QAEZE Union Citoyenne Nöje Drehu,87,21.53,36.4,,Nang,NANG,,,,,,,167.2237643213265,-20.78244820991056,arrete_manual_tribus,16,1403,Wet
municipales_2026,1,,,988,98814,Lifou,LIFOU,0015,404,240,164,239,1,0,3,LREG,,,,,Pascal Hunemu TUPAISSI Drehu Uni,114,28.22,47.7,,Nang,NANG,,,,,,,167.2237643213265,-20.78244820991056,arrete_manual_tribus,16,1403,Wet
municipales_2026,1,,,988,98814,Lifou,LIFOU,0016,173,87,86,87,0,0,1,LREG,,,,,Rene KAUDRE Unité nationaliste Drehu - Toka,8,4.62,9.2,,Xodre,XODRE,1,Xode,Lifou,LIEU_DIT_NC,TRIBU,Xodre,167.41059644422373,-21.127373900931634,tribus_villages_nc,15,1402,Lössi
municipales_2026,1,,,988,98814,Lifou,LIFOU,0016,173,87,86,87,0,0,2,LREG,,,,,Pierre Ijone QAEZE Union Citoyenne Nöje Drehu,50,28.9,57.47,,Xodre,XODRE,1,Xode,Lifou,LIEU_DIT_NC,TRIBU,Xodre,167.41059644422373,-21.127373900931634,tribus_villages_nc,15,1402,Lössi
municipales_2026,1,,,988,98814,Lifou,LIFOU,0016,173,87,86,87,0,0,3,LREG,,,,,Pascal Hunemu TUPAISSI Drehu Uni,29,16.76,33.33,,Xodre,XODRE,1,Xode,Lifou,LIEU_DIT_NC,TRIBU,Xodre,167.41059644422373,-21.127373900931634,tribus_villages_nc,15,1402,Lössi
municipales_2026,1,,,988,98814,Lifou,LIFOU,0017,450,242,208,241,1,0,1,LREG,,,,,Rene KAUDRE Unité nationaliste Drehu - Toka,13,2.89,5.39,,Huiwatrul,HUIWATRUL,1,Huiwatrul,Lifou,LIEU_DIT_NC,TRIBU,Hunöj,167.34969330586503,-21.090299188696775,tribus_villages_nc,15,1402,Lössi
municipales_2026,1,,,988,98814,Lifou,LIFOU,0017,450,242,208,241,1,0,2,LREG,,,,,Pierre Ijone QAEZE Union Citoyenne Nöje Drehu,139,30.89,57.68,,Huiwatrul,HUIWATRUL,1,Huiwatrul,Lifou,LIEU_DIT_NC,TRIBU,Hunöj,167.34969330586503,-21.090299188696775,tribus_villages_nc,15,1402,Lössi
municipales_2026,1,,,988,98814,Lifou,LIFOU,0017,450,242,208,241,1,0,3,LREG,,,,,Pascal Hunemu TUPAISSI Drehu Uni,89,19.78,36.93,,Huiwatrul,HUIWATRUL,1,Huiwatrul,Lifou,LIEU_DIT_NC,TRIBU,Hunöj,167.34969330586503,-21.090299188696775,tribus_villages_nc,15,1402,Lössi
municipales_2026,1,,,988,98814,Lifou,LIFOU,0018,372,248,124,247,0,1,1,LREG,,,,,Rene KAUDRE Unité nationaliste Drehu - Toka,12,3.23,4.86,,Wedrumel,WEDRUMEL,1,Wedumel,Lifou,LIEU_DIT_NC,TRIBU,Wedrumel,167.1109551627598,-20.984726331890663,tribus_villages_nc,14,1401,Gaitcha
municipales_2026,1,,,988,98814,Lifou,LIFOU,0018,372,248,124,247,0,1,2,LREG,,,,,Pierre Ijone QAEZE Union Citoyenne Nöje Drehu,215,57.8,87.04,,Wedrumel,WEDRUMEL,1,Wedumel,Lifou,LIEU_DIT_NC,TRIBU,Wedrumel,167.1109551627598,-20.984726331890663,tribus_villages_nc,14,1401,Gaitcha
municipales_2026,1,,,988,98814,Lifou,LIFOU,0018,372,248,124,247,0,1,3,LREG,,,,,Pascal Hunemu TUPAISSI Drehu Uni,20,5.38,8.1,,Wedrumel,WEDRUMEL,1,Wedumel,Lifou,LIEU_DIT_NC,TRIBU,Wedrumel,167.1109551627598,-20.984726331890663,tribus_villages_nc,14,1401,Gaitcha
municipales_2026,1,,,988,98814,Lifou,LIFOU,0019,406,228,178,228,0,0,1,LREG,,,,,Rene KAUDRE Unité nationaliste Drehu - Toka,17,4.19,7.46,,Traput,TRAPUT,1,Traput,Lifou,LIEU_DIT_NC,TRIBU,,167.30947771877948,-20.931287472634196,tribus_villages_nc,15,1402,Lössi
municipales_2026,1,,,988,98814,Lifou,LIFOU,0019,406,228,178,228,0,0,2,LREG,,,,,Pierre Ijone QAEZE Union Citoyenne Nöje Drehu,149,36.7,65.35,,Traput,TRAPUT,1,Traput,Lifou,LIEU_DIT_NC,TRIBU,,167.30947771877948,-20.931287472634196,tribus_villages_nc,15,1402,Lössi
municipales_2026,1,,,988,98814,Lifou,LIFOU,0019,406,228,178,228,0,0,3,LREG,,,,,Pascal Hunemu TUPAISSI Drehu Uni,62,15.27,27.19,,Traput,TRAPUT,1,Traput,Lifou,LIEU_DIT_NC,TRIBU,,167.30947771877948,-20.931287472634196,tribus_villages_nc,15,1402,Lössi
municipales_2026,1,,,988,98814,Lifou,LIFOU,0020,468,335,133,335,0,0,1,LREG,,,,,Rene KAUDRE Unité nationaliste Drehu - Toka,13,2.78,3.88,,Kedeigne,KEDEIGNE,1,Kedeigne,Lifou,LIEU_DIT_NC,TRIBU,Kejëny,167.21465752873138,-21.037060872425982,tribus_villages_nc,15,1402,Lössi
municipales_2026,1,,,988,98814,Lifou,LIFOU,0020,468,335,133,335,0,0,2,LREG,,,,,Pierre Ijone QAEZE Union Citoyenne Nöje Drehu,141,30.13,42.09,,Kedeigne,KEDEIGNE,1,Kedeigne,Lifou,LIEU_DIT_NC,TRIBU,Kejëny,167.21465752873138,-21.037060872425982,tribus_villages_nc,15,1402,Lössi
municipales_2026,1,,,988,98814,Lifou,LIFOU,0020,468,335,133,335,0,0,3,LREG,,,,,Pascal Hunemu TUPAISSI Drehu Uni,181,38.68,54.03,,Kedeigne,KEDEIGNE,1,Kedeigne,Lifou,LIEU_DIT_NC,TRIBU,Kejëny,167.21465752873138,-21.037060872425982,tribus_villages_nc,15,1402,Lössi
municipales_2026,1,,,988,98814,Lifou,LIFOU,0021,298,104,194,101,3,0,1,LREG,,,,,Rene KAUDRE Unité nationaliste Drehu - Toka,21,7.05,20.79,,Tingeting,TINGETING,1,Tingeting,Lifou,LIEU_DIT_NC,TRIBU,,167.26667509635985,-20.741613827760364,tribus_villages_nc,16,1403,Wet
municipales_2026,1,,,988,98814,Lifou,LIFOU,0021,298,104,194,101,3,0,2,LREG,,,,,Pierre Ijone QAEZE Union Citoyenne Nöje Drehu,50,16.78,49.5,,Tingeting,TINGETING,1,Tingeting,Lifou,LIEU_DIT_NC,TRIBU,,167.26667509635985,-20.741613827760364,tribus_villages_nc,16,1403,Wet
municipales_2026,1,,,988,98814,Lifou,LIFOU,0021,298,104,194,101,3,0,3,LREG,,,,,Pascal Hunemu TUPAISSI Drehu Uni,30,10.07,29.7,,Tingeting,TINGETING,1,Tingeting,Lifou,LIEU_DIT_NC,TRIBU,,167.26667509635985,-20.741613827760364,tribus_villages_nc,16,1403,Wet
municipales_2026,1,,,988,98814,Lifou,LIFOU,0022,235,135,100,132,2,1,1,LREG,,,,,Rene KAUDRE Unité nationaliste Drehu - Toka,5,2.13,3.79,,Hunëtë,HUNETE,1,Hunëtë,Lifou,LIEU_DIT_NC,TRIBU,,167.09364365001284,-20.763254184835077,tribus_villages_nc,16,1403,Wet
municipales_2026,1,,,988,98814,Lifou,LIFOU,0022,235,135,100,132,2,1,2,LREG,,,,,Pierre Ijone QAEZE Union Citoyenne Nöje Drehu,114,48.51,86.36,,Hunëtë,HUNETE,1,Hunëtë,Lifou,LIEU_DIT_NC,TRIBU,,167.09364365001284,-20.763254184835077,tribus_villages_nc,16,1403,Wet
municipales_2026,1,,,988,98814,Lifou,LIFOU,0022,235,135,100,132,2,1,3,LREG,,,,,Pascal Hunemu TUPAISSI Drehu Uni,13,5.53,9.85,,Hunëtë,HUNETE,1,Hunëtë,Lifou,LIEU_DIT_NC,TRIBU,,167.09364365001284,-20.763254184835077,tribus_villages_nc,16,1403,Wet
municipales_2026,1,,,988,98814,Lifou,LIFOU,0023,349,181,168,179,2,0,1,LREG,,,,,Rene KAUDRE Unité nationaliste Drehu - Toka,29,8.31,16.2,,Luengoni,LUENGONI,,,,,,,167.4090226,-21.033997,tidygeocoder_osm,,,
municipales_2026,1,,,988,98814,Lifou,LIFOU,0023,349,181,168,179,2,0,2,LREG,,,,,Pierre Ijone QAEZE Union Citoyenne Nöje Drehu,123,35.24,68.72,,Luengoni,LUENGONI,,,,,,,167.4090226,-21.033997,tidygeocoder_osm,,,
municipales_2026,1,,,988,98814,Lifou,LIFOU,0023,349,181,168,179,2,0,3,LREG,,,,,Pascal Hunemu TUPAISSI Drehu Uni,27,7.74,15.08,,Luengoni,LUENGONI,,,,,,,167.4090226,-21.033997,tidygeocoder_osm,,,
municipales_2026,1,,,988,98814,Lifou,LIFOU,0024,155,69,86,67,1,1,1,LREG,,,,,Rene KAUDRE Unité nationaliste Drehu - Toka,16,10.32,23.88,,Hnanemuhaetra,HNANEMUHAETRA,1,Hnanemuhaetra,Lifou,LIEU_DIT_NC,TRIBU,,167.2208209830944,-20.707970338645733,tribus_villages_nc,16,1403,Wet
municipales_2026,1,,,988,98814,Lifou,LIFOU,0024,155,69,86,67,1,1,2,LREG,,,,,Pierre Ijone QAEZE Union Citoyenne Nöje Drehu,46,29.68,68.66,,Hnanemuhaetra,HNANEMUHAETRA,1,Hnanemuhaetra,Lifou,LIEU_DIT_NC,TRIBU,,167.2208209830944,-20.707970338645733,tribus_villages_nc,16,1403,Wet
municipales_2026,1,,,988,98814,Lifou,LIFOU,0024,155,69,86,67,1,1,3,LREG,,,,,Pascal Hunemu TUPAISSI Drehu Uni,5,3.23,7.46,,Hnanemuhaetra,HNANEMUHAETRA,1,Hnanemuhaetra,Lifou,LIEU_DIT_NC,TRIBU,,167.2208209830944,-20.707970338645733,tribus_villages_nc,16,1403,Wet
municipales_2026,1,,,988,98814,Lifou,LIFOU,0025,262,104,158,102,2,0,1,LREG,,,,,Rene KAUDRE Unité nationaliste Drehu - Toka,23,8.78,22.55,,Hnassé,HNASSE,0.833,Hnaasé,Lifou,LIEU_DIT_NC,TRIBU,,167.26043772263108,-20.9143896938111,tribus_villages_nc,15,1402,Lössi
municipales_2026,1,,,988,98814,Lifou,LIFOU,0025,262,104,158,102,2,0,2,LREG,,,,,Pierre Ijone QAEZE Union Citoyenne Nöje Drehu,50,19.08,49.02,,Hnassé,HNASSE,0.833,Hnaasé,Lifou,LIEU_DIT_NC,TRIBU,,167.26043772263108,-20.9143896938111,tribus_villages_nc,15,1402,Lössi
municipales_2026,1,,,988,98814,Lifou,LIFOU,0025,262,104,158,102,2,0,3,LREG,,,,,Pascal Hunemu TUPAISSI Drehu Uni,29,11.07,28.43,,Hnassé,HNASSE,0.833,Hnaasé,Lifou,LIEU_DIT_NC,TRIBU,,167.26043772263108,-20.9143896938111,tribus_villages_nc,15,1402,Lössi
municipales_2026,1,,,988,98814,Lifou,LIFOU,0026,176,98,78,98,0,0,1,LREG,,,,,Rene KAUDRE Unité nationaliste Drehu - Toka,24,13.64,24.49,,Kirinata,KIRINATA,1,Kirinata,Lifou,LIEU_DIT_NC,TRIBU,,167.24979496278135,-20.81569061412791,tribus_villages_nc,16,1403,Wet
municipales_2026,1,,,988,98814,Lifou,LIFOU,0026,176,98,78,98,0,0,2,LREG,,,,,Pierre Ijone QAEZE Union Citoyenne Nöje Drehu,59,33.52,60.2,,Kirinata,KIRINATA,1,Kirinata,Lifou,LIEU_DIT_NC,TRIBU,,167.24979496278135,-20.81569061412791,tribus_villages_nc,16,1403,Wet
municipales_2026,1,,,988,98814,Lifou,LIFOU,0026,176,98,78,98,0,0,3,LREG,,,,,Pascal Hunemu TUPAISSI Drehu Uni,15,8.52,15.31,,Kirinata,KIRINATA,1,Kirinata,Lifou,LIEU_DIT_NC,TRIBU,,167.24979496278135,-20.81569061412791,tribus_villages_nc,16,1403,Wet
municipales_2026,1,,,988,98814,Lifou,LIFOU,0027,241,93,148,93,0,0,1,LREG,,,,,Rene KAUDRE Unité nationaliste Drehu - Toka,4,1.66,4.3,,Lieu de vote délocalisé n°1 de Lifou à Nouméa,LIEU VOTE DELOCALISE LIFOU A NOUMEA,,Centre Culturel Ko We Kara,72 RUE AMPERE,CULTUREL ET SOCIO EDUCATIF,Equipements culturels,Centre culturel maison culturelle et centre d'art,166.456104572757,-22.2355536217178,arrete_manual_etablissements,68,1832,Zone industrielle Ducos
municipales_2026,1,,,988,98814,Lifou,LIFOU,0027,241,93,148,93,0,0,2,LREG,,,,,Pierre Ijone QAEZE Union Citoyenne Nöje Drehu,76,31.54,81.72,,Lieu de vote délocalisé n°1 de Lifou à Nouméa,LIEU VOTE DELOCALISE LIFOU A NOUMEA,,Centre Culturel Ko We Kara,72 RUE AMPERE,CULTUREL ET SOCIO EDUCATIF,Equipements culturels,Centre culturel maison culturelle et centre d'art,166.456104572757,-22.2355536217178,arrete_manual_etablissements,68,1832,Zone industrielle Ducos
municipales_2026,1,,,988,98814,Lifou,LIFOU,0027,241,93,148,93,0,0,3,LREG,,,,,Pascal Hunemu TUPAISSI Drehu Uni,13,5.39,13.98,,Lieu de vote délocalisé n°1 de Lifou à Nouméa,LIEU VOTE DELOCALISE LIFOU A NOUMEA,,Centre Culturel Ko We Kara,72 RUE AMPERE,CULTUREL ET SOCIO EDUCATIF,Equipements culturels,Centre culturel maison culturelle et centre d'art,166.456104572757,-22.2355536217178,arrete_manual_etablissements,68,1832,Zone industrielle Ducos
municipales_2026,1,,,988,98814,Lifou,LIFOU,0028,131,82,49,82,0,0,1,LREG,,,,,Rene KAUDRE Unité nationaliste Drehu - Toka,15,11.45,18.29,,Lieu de vote délocalisé n°2 de Lifou à Nouméa,LIEU VOTE DELOCALISE LIFOU A NOUMEA,,Centre Culturel Ko We Kara,72 RUE AMPERE,CULTUREL ET SOCIO EDUCATIF,Equipements culturels,Centre culturel maison culturelle et centre d'art,166.456104572757,-22.2355536217178,arrete_manual_etablissements,68,1832,Zone industrielle Ducos
municipales_2026,1,,,988,98814,Lifou,LIFOU,0028,131,82,49,82,0,0,2,LREG,,,,,Pierre Ijone QAEZE Union Citoyenne Nöje Drehu,64,48.85,78.05,,Lieu de vote délocalisé n°2 de Lifou à Nouméa,LIEU VOTE DELOCALISE LIFOU A NOUMEA,,Centre Culturel Ko We Kara,72 RUE AMPERE,CULTUREL ET SOCIO EDUCATIF,Equipements culturels,Centre culturel maison culturelle et centre d'art,166.456104572757,-22.2355536217178,arrete_manual_etablissements,68,1832,Zone industrielle Ducos
municipales_2026,1,,,988,98814,Lifou,LIFOU,0028,131,82,49,82,0,0,3,LREG,,,,,Pascal Hunemu TUPAISSI Drehu Uni,3,2.29,3.66,,Lieu de vote délocalisé n°2 de Lifou à Nouméa,LIEU VOTE DELOCALISE LIFOU A NOUMEA,,Centre Culturel Ko We Kara,72 RUE AMPERE,CULTUREL ET SOCIO EDUCATIF,Equipements culturels,Centre culturel maison culturelle et centre d'art,166.456104572757,-22.2355536217178,arrete_manual_etablissements,68,1832,Zone industrielle Ducos
municipales_2026,1,,,988,98815,Maré,MARE,0001,598,416,182,408,6,2,1,LREG,,,,,Jean WAHEO UC NENGONE SOUVERAINE,76,12.71,18.63,,Tadine,TADINE,1,Tadine,Maré,LIEU_DIT_NC,TRIBU,Tadin,167.88122247564291,-21.54648900532693,tribus_villages_nc,19,1503,Tadine Pénélo
municipales_2026,1,,,988,98815,Maré,MARE,0001,598,416,182,408,6,2,2,LREG,,,,,Clément Sewate WAYA UNION NATIONALE POUR L'INDEPENDANCE NENGONE,41,6.86,10.05,,Tadine,TADINE,1,Tadine,Maré,LIEU_DIT_NC,TRIBU,Tadin,167.88122247564291,-21.54648900532693,tribus_villages_nc,19,1503,Tadine Pénélo
municipales_2026,1,,,988,98815,Maré,MARE,0001,598,416,182,408,6,2,3,LREG,,,,,Pierre Ateroy NGAIOHNI DYNAMIQUE UNITAIRE NENGONE,11,1.84,2.7,,Tadine,TADINE,1,Tadine,Maré,LIEU_DIT_NC,TRIBU,Tadin,167.88122247564291,-21.54648900532693,tribus_villages_nc,19,1503,Tadine Pénélo
municipales_2026,1,,,988,98815,Maré,MARE,0001,598,416,182,408,6,2,4,LREG,,,,,Robert Gada CAWIDRONE DYNAMIQUE AUTOCHTONE,114,19.06,27.94,,Tadine,TADINE,1,Tadine,Maré,LIEU_DIT_NC,TRIBU,Tadin,167.88122247564291,-21.54648900532693,tribus_villages_nc,19,1503,Tadine Pénélo
municipales_2026,1,,,988,98815,Maré,MARE,0001,598,416,182,408,6,2,5,LREG,,,,,Maryline Ciwa SINEWAMI UC FLNKS NENGONE,166,27.76,40.69,,Tadine,TADINE,1,Tadine,Maré,LIEU_DIT_NC,TRIBU,Tadin,167.88122247564291,-21.54648900532693,tribus_villages_nc,19,1503,Tadine Pénélo
municipales_2026,1,,,988,98815,Maré,MARE,0002,645,445,200,442,2,1,1,LREG,,,,,Jean WAHEO UC NENGONE SOUVERAINE,51,7.91,11.54,,Hnawayatche,HNAWAYATCHE,1,Hnawayatche,Maré,LIEU_DIT_NC,TRIBU,Hnawayaca,167.85931527784155,-21.444202132872793,tribus_villages_nc,17,1501,Guahma
municipales_2026,1,,,988,98815,Maré,MARE,0002,645,445,200,442,2,1,2,LREG,,,,,Clément Sewate WAYA UNION NATIONALE POUR L'INDEPENDANCE NENGONE,7,1.09,1.58,,Hnawayatche,HNAWAYATCHE,1,Hnawayatche,Maré,LIEU_DIT_NC,TRIBU,Hnawayaca,167.85931527784155,-21.444202132872793,tribus_villages_nc,17,1501,Guahma
municipales_2026,1,,,988,98815,Maré,MARE,0002,645,445,200,442,2,1,3,LREG,,,,,Pierre Ateroy NGAIOHNI DYNAMIQUE UNITAIRE NENGONE,29,4.5,6.56,,Hnawayatche,HNAWAYATCHE,1,Hnawayatche,Maré,LIEU_DIT_NC,TRIBU,Hnawayaca,167.85931527784155,-21.444202132872793,tribus_villages_nc,17,1501,Guahma
municipales_2026,1,,,988,98815,Maré,MARE,0002,645,445,200,442,2,1,4,LREG,,,,,Robert Gada CAWIDRONE DYNAMIQUE AUTOCHTONE,274,42.48,61.99,,Hnawayatche,HNAWAYATCHE,1,Hnawayatche,Maré,LIEU_DIT_NC,TRIBU,Hnawayaca,167.85931527784155,-21.444202132872793,tribus_villages_nc,17,1501,Guahma
municipales_2026,1,,,988,98815,Maré,MARE,0002,645,445,200,442,2,1,5,LREG,,,,,Maryline Ciwa SINEWAMI UC FLNKS NENGONE,81,12.56,18.33,,Hnawayatche,HNAWAYATCHE,1,Hnawayatche,Maré,LIEU_DIT_NC,TRIBU,Hnawayaca,167.85931527784155,-21.444202132872793,tribus_villages_nc,17,1501,Guahma
municipales_2026,1,,,988,98815,Maré,MARE,0003,363,244,119,243,1,0,1,LREG,,,,,Jean WAHEO UC NENGONE SOUVERAINE,30,8.26,12.35,,Tenane,TENANE,1,Tenan,Maré,LIEU_DIT_NC,TRIBU,,167.89430877263374,-21.40460074703544,tribus_villages_nc,17,1501,Guahma
municipales_2026,1,,,988,98815,Maré,MARE,0003,363,244,119,243,1,0,2,LREG,,,,,Clément Sewate WAYA UNION NATIONALE POUR L'INDEPENDANCE NENGONE,29,7.99,11.93,,Tenane,TENANE,1,Tenan,Maré,LIEU_DIT_NC,TRIBU,,167.89430877263374,-21.40460074703544,tribus_villages_nc,17,1501,Guahma
municipales_2026,1,,,988,98815,Maré,MARE,0003,363,244,119,243,1,0,3,LREG,,,,,Pierre Ateroy NGAIOHNI DYNAMIQUE UNITAIRE NENGONE,3,0.83,1.23,,Tenane,TENANE,1,Tenan,Maré,LIEU_DIT_NC,TRIBU,,167.89430877263374,-21.40460074703544,tribus_villages_nc,17,1501,Guahma
municipales_2026,1,,,988,98815,Maré,MARE,0003,363,244,119,243,1,0,4,LREG,,,,,Robert Gada CAWIDRONE DYNAMIQUE AUTOCHTONE,153,42.15,62.96,,Tenane,TENANE,1,Tenan,Maré,LIEU_DIT_NC,TRIBU,,167.89430877263374,-21.40460074703544,tribus_villages_nc,17,1501,Guahma
municipales_2026,1,,,988,98815,Maré,MARE,0003,363,244,119,243,1,0,5,LREG,,,,,Maryline Ciwa SINEWAMI UC FLNKS NENGONE,28,7.71,11.52,,Tenane,TENANE,1,Tenan,Maré,LIEU_DIT_NC,TRIBU,,167.89430877263374,-21.40460074703544,tribus_villages_nc,17,1501,Guahma
municipales_2026,1,,,988,98815,Maré,MARE,0004,347,239,108,238,0,1,1,LREG,,,,,Jean WAHEO UC NENGONE SOUVERAINE,32,9.22,13.45,,Atha,ATHA,1,Atha,Maré,LIEU_DIT_NC,TRIBU,,168.01753084168095,-21.470451728197048,tribus_villages_nc,18,1502,La Roche
municipales_2026,1,,,988,98815,Maré,MARE,0004,347,239,108,238,0,1,2,LREG,,,,,Clément Sewate WAYA UNION NATIONALE POUR L'INDEPENDANCE NENGONE,21,6.05,8.82,,Atha,ATHA,1,Atha,Maré,LIEU_DIT_NC,TRIBU,,168.01753084168095,-21.470451728197048,tribus_villages_nc,18,1502,La Roche
municipales_2026,1,,,988,98815,Maré,MARE,0004,347,239,108,238,0,1,3,LREG,,,,,Pierre Ateroy NGAIOHNI DYNAMIQUE UNITAIRE NENGONE,61,17.58,25.63,,Atha,ATHA,1,Atha,Maré,LIEU_DIT_NC,TRIBU,,168.01753084168095,-21.470451728197048,tribus_villages_nc,18,1502,La Roche
municipales_2026,1,,,988,98815,Maré,MARE,0004,347,239,108,238,0,1,4,LREG,,,,,Robert Gada CAWIDRONE DYNAMIQUE AUTOCHTONE,28,8.07,11.76,,Atha,ATHA,1,Atha,Maré,LIEU_DIT_NC,TRIBU,,168.01753084168095,-21.470451728197048,tribus_villages_nc,18,1502,La Roche
municipales_2026,1,,,988,98815,Maré,MARE,0004,347,239,108,238,0,1,5,LREG,,,,,Maryline Ciwa SINEWAMI UC FLNKS NENGONE,96,27.67,40.34,,Atha,ATHA,1,Atha,Maré,LIEU_DIT_NC,TRIBU,,168.01753084168095,-21.470451728197048,tribus_villages_nc,18,1502,La Roche
municipales_2026,1,,,988,98815,Maré,MARE,0005,444,222,222,222,0,0,1,LREG,,,,,Jean WAHEO UC NENGONE SOUVERAINE,57,12.84,25.68,,Tawainedre,TAWAINEDRE,1,Taweinedr,Maré,LIEU_DIT_NC,TRIBU,,168.08527860190287,-21.502551487309265,tribus_villages_nc,19,1503,Tadine Pénélo
municipales_2026,1,,,988,98815,Maré,MARE,0005,444,222,222,222,0,0,2,LREG,,,,,Clément Sewate WAYA UNION NATIONALE POUR L'INDEPENDANCE NENGONE,56,12.61,25.23,,Tawainedre,TAWAINEDRE,1,Taweinedr,Maré,LIEU_DIT_NC,TRIBU,,168.08527860190287,-21.502551487309265,tribus_villages_nc,19,1503,Tadine Pénélo
municipales_2026,1,,,988,98815,Maré,MARE,0005,444,222,222,222,0,0,3,LREG,,,,,Pierre Ateroy NGAIOHNI DYNAMIQUE UNITAIRE NENGONE,26,5.86,11.71,,Tawainedre,TAWAINEDRE,1,Taweinedr,Maré,LIEU_DIT_NC,TRIBU,,168.08527860190287,-21.502551487309265,tribus_villages_nc,19,1503,Tadine Pénélo
municipales_2026,1,,,988,98815,Maré,MARE,0005,444,222,222,222,0,0,4,LREG,,,,,Robert Gada CAWIDRONE DYNAMIQUE AUTOCHTONE,41,9.23,18.47,,Tawainedre,TAWAINEDRE,1,Taweinedr,Maré,LIEU_DIT_NC,TRIBU,,168.08527860190287,-21.502551487309265,tribus_villages_nc,19,1503,Tadine Pénélo
municipales_2026,1,,,988,98815,Maré,MARE,0005,444,222,222,222,0,0,5,LREG,,,,,Maryline Ciwa SINEWAMI UC FLNKS NENGONE,42,9.46,18.92,,Tawainedre,TAWAINEDRE,1,Taweinedr,Maré,LIEU_DIT_NC,TRIBU,,168.08527860190287,-21.502551487309265,tribus_villages_nc,19,1503,Tadine Pénélo
municipales_2026,1,,,988,98815,Maré,MARE,0006,779,547,232,543,1,3,1,LREG,,,,,Jean WAHEO UC NENGONE SOUVERAINE,74,9.5,13.63,,Penelo,PENELO,1,Penelo,Maré,LIEU_DIT_NC,TRIBU,,168.08945780342214,-21.571088655754444,tribus_villages_nc,19,1503,Tadine Pénélo
municipales_2026,1,,,988,98815,Maré,MARE,0006,779,547,232,543,1,3,2,LREG,,,,,Clément Sewate WAYA UNION NATIONALE POUR L'INDEPENDANCE NENGONE,277,35.56,51.01,,Penelo,PENELO,1,Penelo,Maré,LIEU_DIT_NC,TRIBU,,168.08945780342214,-21.571088655754444,tribus_villages_nc,19,1503,Tadine Pénélo
municipales_2026,1,,,988,98815,Maré,MARE,0006,779,547,232,543,1,3,3,LREG,,,,,Pierre Ateroy NGAIOHNI DYNAMIQUE UNITAIRE NENGONE,8,1.03,1.47,,Penelo,PENELO,1,Penelo,Maré,LIEU_DIT_NC,TRIBU,,168.08945780342214,-21.571088655754444,tribus_villages_nc,19,1503,Tadine Pénélo
municipales_2026,1,,,988,98815,Maré,MARE,0006,779,547,232,543,1,3,4,LREG,,,,,Robert Gada CAWIDRONE DYNAMIQUE AUTOCHTONE,90,11.55,16.57,,Penelo,PENELO,1,Penelo,Maré,LIEU_DIT_NC,TRIBU,,168.08945780342214,-21.571088655754444,tribus_villages_nc,19,1503,Tadine Pénélo
municipales_2026,1,,,988,98815,Maré,MARE,0006,779,547,232,543,1,3,5,LREG,,,,,Maryline Ciwa SINEWAMI UC FLNKS NENGONE,94,12.07,17.31,,Penelo,PENELO,1,Penelo,Maré,LIEU_DIT_NC,TRIBU,,168.08945780342214,-21.571088655754444,tribus_villages_nc,19,1503,Tadine Pénélo
municipales_2026,1,,,988,98815,Maré,MARE,0007,648,412,236,412,0,0,1,LREG,,,,,Jean WAHEO UC NENGONE SOUVERAINE,46,7.1,11.17,,Wabao,WABAO,1,Wabao,Maré,LIEU_DIT_NC,TRIBU,Wabawo,167.93937201549338,-21.60210597985789,tribus_villages_nc,19,1503,Tadine Pénélo
municipales_2026,1,,,988,98815,Maré,MARE,0007,648,412,236,412,0,0,2,LREG,,,,,Clément Sewate WAYA UNION NATIONALE POUR L'INDEPENDANCE NENGONE,145,22.38,35.19,,Wabao,WABAO,1,Wabao,Maré,LIEU_DIT_NC,TRIBU,Wabawo,167.93937201549338,-21.60210597985789,tribus_villages_nc,19,1503,Tadine Pénélo
municipales_2026,1,,,988,98815,Maré,MARE,0007,648,412,236,412,0,0,3,LREG,,,,,Pierre Ateroy NGAIOHNI DYNAMIQUE UNITAIRE NENGONE,7,1.08,1.7,,Wabao,WABAO,1,Wabao,Maré,LIEU_DIT_NC,TRIBU,Wabawo,167.93937201549338,-21.60210597985789,tribus_villages_nc,19,1503,Tadine Pénélo
municipales_2026,1,,,988,98815,Maré,MARE,0007,648,412,236,412,0,0,4,LREG,,,,,Robert Gada CAWIDRONE DYNAMIQUE AUTOCHTONE,135,20.83,32.77,,Wabao,WABAO,1,Wabao,Maré,LIEU_DIT_NC,TRIBU,Wabawo,167.93937201549338,-21.60210597985789,tribus_villages_nc,19,1503,Tadine Pénélo
municipales_2026,1,,,988,98815,Maré,MARE,0007,648,412,236,412,0,0,5,LREG,,,,,Maryline Ciwa SINEWAMI UC FLNKS NENGONE,79,12.19,19.17,,Wabao,WABAO,1,Wabao,Maré,LIEU_DIT_NC,TRIBU,Wabawo,167.93937201549338,-21.60210597985789,tribus_villages_nc,19,1503,Tadine Pénélo
municipales_2026,1,,,988,98815,Maré,MARE,0008,763,496,267,496,0,0,1,LREG,,,,,Jean WAHEO UC NENGONE SOUVERAINE,47,6.16,9.48,,Nece,NECE,1,Netché,Maré,LIEU_DIT_NC,TRIBU,Nece,167.8385405434138,-21.49048664280733,tribus_villages_nc,17,1501,Guahma
municipales_2026,1,,,988,98815,Maré,MARE,0008,763,496,267,496,0,0,2,LREG,,,,,Clément Sewate WAYA UNION NATIONALE POUR L'INDEPENDANCE NENGONE,8,1.05,1.61,,Nece,NECE,1,Netché,Maré,LIEU_DIT_NC,TRIBU,Nece,167.8385405434138,-21.49048664280733,tribus_villages_nc,17,1501,Guahma
municipales_2026,1,,,988,98815,Maré,MARE,0008,763,496,267,496,0,0,3,LREG,,,,,Pierre Ateroy NGAIOHNI DYNAMIQUE UNITAIRE NENGONE,13,1.7,2.62,,Nece,NECE,1,Netché,Maré,LIEU_DIT_NC,TRIBU,Nece,167.8385405434138,-21.49048664280733,tribus_villages_nc,17,1501,Guahma
municipales_2026,1,,,988,98815,Maré,MARE,0008,763,496,267,496,0,0,4,LREG,,,,,Robert Gada CAWIDRONE DYNAMIQUE AUTOCHTONE,377,49.41,76.01,,Nece,NECE,1,Netché,Maré,LIEU_DIT_NC,TRIBU,Nece,167.8385405434138,-21.49048664280733,tribus_villages_nc,17,1501,Guahma
municipales_2026,1,,,988,98815,Maré,MARE,0008,763,496,267,496,0,0,5,LREG,,,,,Maryline Ciwa SINEWAMI UC FLNKS NENGONE,51,6.68,10.28,,Nece,NECE,1,Netché,Maré,LIEU_DIT_NC,TRIBU,Nece,167.8385405434138,-21.49048664280733,tribus_villages_nc,17,1501,Guahma
municipales_2026,1,,,988,98815,Maré,MARE,0009,270,154,116,154,0,0,1,LREG,,,,,Jean WAHEO UC NENGONE SOUVERAINE,17,6.3,11.04,,Ménaku,MENAKU,1,Menaku,Maré,LIEU_DIT_NC,TRIBU,,167.96911686605617,-21.444234250592025,tribus_villages_nc,17,1501,Guahma
municipales_2026,1,,,988,98815,Maré,MARE,0009,270,154,116,154,0,0,2,LREG,,,,,Clément Sewate WAYA UNION NATIONALE POUR L'INDEPENDANCE NENGONE,7,2.59,4.55,,Ménaku,MENAKU,1,Menaku,Maré,LIEU_DIT_NC,TRIBU,,167.96911686605617,-21.444234250592025,tribus_villages_nc,17,1501,Guahma
municipales_2026,1,,,988,98815,Maré,MARE,0009,270,154,116,154,0,0,3,LREG,,,,,Pierre Ateroy NGAIOHNI DYNAMIQUE UNITAIRE NENGONE,2,0.74,1.3,,Ménaku,MENAKU,1,Menaku,Maré,LIEU_DIT_NC,TRIBU,,167.96911686605617,-21.444234250592025,tribus_villages_nc,17,1501,Guahma
municipales_2026,1,,,988,98815,Maré,MARE,0009,270,154,116,154,0,0,4,LREG,,,,,Robert Gada CAWIDRONE DYNAMIQUE AUTOCHTONE,53,19.63,34.42,,Ménaku,MENAKU,1,Menaku,Maré,LIEU_DIT_NC,TRIBU,,167.96911686605617,-21.444234250592025,tribus_villages_nc,17,1501,Guahma
municipales_2026,1,,,988,98815,Maré,MARE,0009,270,154,116,154,0,0,5,LREG,,,,,Maryline Ciwa SINEWAMI UC FLNKS NENGONE,75,27.78,48.7,,Ménaku,MENAKU,1,Menaku,Maré,LIEU_DIT_NC,TRIBU,,167.96911686605617,-21.444234250592025,tribus_villages_nc,17,1501,Guahma
municipales_2026,1,,,988,98815,Maré,MARE,0010,359,262,97,260,2,0,1,LREG,,,,,Jean WAHEO UC NENGONE SOUVERAINE,31,8.64,11.92,,Mebuet,MEBUET,1,Mebuet,Maré,LIEU_DIT_NC,TRIBU,,167.84863195183632,-21.51331947619321,tribus_villages_nc,17,1501,Guahma
municipales_2026,1,,,988,98815,Maré,MARE,0010,359,262,97,260,2,0,2,LREG,,,,,Clément Sewate WAYA UNION NATIONALE POUR L'INDEPENDANCE NENGONE,4,1.11,1.54,,Mebuet,MEBUET,1,Mebuet,Maré,LIEU_DIT_NC,TRIBU,,167.84863195183632,-21.51331947619321,tribus_villages_nc,17,1501,Guahma
municipales_2026,1,,,988,98815,Maré,MARE,0010,359,262,97,260,2,0,3,LREG,,,,,Pierre Ateroy NGAIOHNI DYNAMIQUE UNITAIRE NENGONE,19,5.29,7.31,,Mebuet,MEBUET,1,Mebuet,Maré,LIEU_DIT_NC,TRIBU,,167.84863195183632,-21.51331947619321,tribus_villages_nc,17,1501,Guahma
municipales_2026,1,,,988,98815,Maré,MARE,0010,359,262,97,260,2,0,4,LREG,,,,,Robert Gada CAWIDRONE DYNAMIQUE AUTOCHTONE,183,50.97,70.38,,Mebuet,MEBUET,1,Mebuet,Maré,LIEU_DIT_NC,TRIBU,,167.84863195183632,-21.51331947619321,tribus_villages_nc,17,1501,Guahma
municipales_2026,1,,,988,98815,Maré,MARE,0010,359,262,97,260,2,0,5,LREG,,,,,Maryline Ciwa SINEWAMI UC FLNKS NENGONE,23,6.41,8.85,,Mebuet,MEBUET,1,Mebuet,Maré,LIEU_DIT_NC,TRIBU,,167.84863195183632,-21.51331947619321,tribus_villages_nc,17,1501,Guahma
municipales_2026,1,,,988,98815,Maré,MARE,0011,287,175,112,175,0,0,1,LREG,,,,,Jean WAHEO UC NENGONE SOUVERAINE,7,2.44,4,,Roh,ROH,0.95,Ro,Maré,LIEU_DIT_NC,TRIBU,,167.86202487687797,-21.39242632802858,tribus_villages_nc,17,1501,Guahma
municipales_2026,1,,,988,98815,Maré,MARE,0011,287,175,112,175,0,0,2,LREG,,,,,Clément Sewate WAYA UNION NATIONALE POUR L'INDEPENDANCE NENGONE,6,2.09,3.43,,Roh,ROH,0.95,Ro,Maré,LIEU_DIT_NC,TRIBU,,167.86202487687797,-21.39242632802858,tribus_villages_nc,17,1501,Guahma
municipales_2026,1,,,988,98815,Maré,MARE,0011,287,175,112,175,0,0,3,LREG,,,,,Pierre Ateroy NGAIOHNI DYNAMIQUE UNITAIRE NENGONE,5,1.74,2.86,,Roh,ROH,0.95,Ro,Maré,LIEU_DIT_NC,TRIBU,,167.86202487687797,-21.39242632802858,tribus_villages_nc,17,1501,Guahma
municipales_2026,1,,,988,98815,Maré,MARE,0011,287,175,112,175,0,0,4,LREG,,,,,Robert Gada CAWIDRONE DYNAMIQUE AUTOCHTONE,115,40.07,65.71,,Roh,ROH,0.95,Ro,Maré,LIEU_DIT_NC,TRIBU,,167.86202487687797,-21.39242632802858,tribus_villages_nc,17,1501,Guahma
municipales_2026,1,,,988,98815,Maré,MARE,0011,287,175,112,175,0,0,5,LREG,,,,,Maryline Ciwa SINEWAMI UC FLNKS NENGONE,42,14.63,24,,Roh,ROH,0.95,Ro,Maré,LIEU_DIT_NC,TRIBU,,167.86202487687797,-21.39242632802858,tribus_villages_nc,17,1501,Guahma
municipales_2026,1,,,988,98815,Maré,MARE,0012,374,230,144,230,0,0,1,LREG,,,,,Jean WAHEO UC NENGONE SOUVERAINE,18,4.81,7.83,,Eni,ENI,1,Eni,Maré,LIEU_DIT_NC,TRIBU,,167.94942757221617,-21.62666270346723,tribus_villages_nc,19,1503,Tadine Pénélo
municipales_2026,1,,,988,98815,Maré,MARE,0012,374,230,144,230,0,0,2,LREG,,,,,Clément Sewate WAYA UNION NATIONALE POUR L'INDEPENDANCE NENGONE,85,22.73,36.96,,Eni,ENI,1,Eni,Maré,LIEU_DIT_NC,TRIBU,,167.94942757221617,-21.62666270346723,tribus_villages_nc,19,1503,Tadine Pénélo
municipales_2026,1,,,988,98815,Maré,MARE,0012,374,230,144,230,0,0,3,LREG,,,,,Pierre Ateroy NGAIOHNI DYNAMIQUE UNITAIRE NENGONE,8,2.14,3.48,,Eni,ENI,1,Eni,Maré,LIEU_DIT_NC,TRIBU,,167.94942757221617,-21.62666270346723,tribus_villages_nc,19,1503,Tadine Pénélo
municipales_2026,1,,,988,98815,Maré,MARE,0012,374,230,144,230,0,0,4,LREG,,,,,Robert Gada CAWIDRONE DYNAMIQUE AUTOCHTONE,72,19.25,31.3,,Eni,ENI,1,Eni,Maré,LIEU_DIT_NC,TRIBU,,167.94942757221617,-21.62666270346723,tribus_villages_nc,19,1503,Tadine Pénélo
municipales_2026,1,,,988,98815,Maré,MARE,0012,374,230,144,230,0,0,5,LREG,,,,,Maryline Ciwa SINEWAMI UC FLNKS NENGONE,47,12.57,20.43,,Eni,ENI,1,Eni,Maré,LIEU_DIT_NC,TRIBU,,167.94942757221617,-21.62666270346723,tribus_villages_nc,19,1503,Tadine Pénélo
municipales_2026,1,,,988,98815,Maré,MARE,0013,672,412,260,408,2,2,1,LREG,,,,,Jean WAHEO UC NENGONE SOUVERAINE,77,11.46,18.87,,La Roche,ROCHE,1,La Roche,Maré,LIEU_DIT_NC,TRIBU,,168.03155085257677,-21.471745123256497,tribus_villages_nc,18,1502,La Roche
municipales_2026,1,,,988,98815,Maré,MARE,0013,672,412,260,408,2,2,2,LREG,,,,,Clément Sewate WAYA UNION NATIONALE POUR L'INDEPENDANCE NENGONE,64,9.52,15.69,,La Roche,ROCHE,1,La Roche,Maré,LIEU_DIT_NC,TRIBU,,168.03155085257677,-21.471745123256497,tribus_villages_nc,18,1502,La Roche
municipales_2026,1,,,988,98815,Maré,MARE,0013,672,412,260,408,2,2,3,LREG,,,,,Pierre Ateroy NGAIOHNI DYNAMIQUE UNITAIRE NENGONE,29,4.32,7.11,,La Roche,ROCHE,1,La Roche,Maré,LIEU_DIT_NC,TRIBU,,168.03155085257677,-21.471745123256497,tribus_villages_nc,18,1502,La Roche
municipales_2026,1,,,988,98815,Maré,MARE,0013,672,412,260,408,2,2,4,LREG,,,,,Robert Gada CAWIDRONE DYNAMIQUE AUTOCHTONE,45,6.7,11.03,,La Roche,ROCHE,1,La Roche,Maré,LIEU_DIT_NC,TRIBU,,168.03155085257677,-21.471745123256497,tribus_villages_nc,18,1502,La Roche
municipales_2026,1,,,988,98815,Maré,MARE,0013,672,412,260,408,2,2,5,LREG,,,,,Maryline Ciwa SINEWAMI UC FLNKS NENGONE,193,28.72,47.3,,La Roche,ROCHE,1,La Roche,Maré,LIEU_DIT_NC,TRIBU,,168.03155085257677,-21.471745123256497,tribus_villages_nc,18,1502,La Roche
municipales_2026,1,,,988,98815,Maré,MARE,0014,435,299,136,298,1,0,1,LREG,,,,,Jean WAHEO UC NENGONE SOUVERAINE,56,12.87,18.79,,Tuho,TUHO,1,Tuho,Maré,LIEU_DIT_NC,TRIBU,Tuo,167.89428156445027,-21.49517949257516,tribus_villages_nc,17,1501,Guahma
municipales_2026,1,,,988,98815,Maré,MARE,0014,435,299,136,298,1,0,2,LREG,,,,,Clément Sewate WAYA UNION NATIONALE POUR L'INDEPENDANCE NENGONE,22,5.06,7.38,,Tuho,TUHO,1,Tuho,Maré,LIEU_DIT_NC,TRIBU,Tuo,167.89428156445027,-21.49517949257516,tribus_villages_nc,17,1501,Guahma
municipales_2026,1,,,988,98815,Maré,MARE,0014,435,299,136,298,1,0,3,LREG,,,,,Pierre Ateroy NGAIOHNI DYNAMIQUE UNITAIRE NENGONE,6,1.38,2.01,,Tuho,TUHO,1,Tuho,Maré,LIEU_DIT_NC,TRIBU,Tuo,167.89428156445027,-21.49517949257516,tribus_villages_nc,17,1501,Guahma
municipales_2026,1,,,988,98815,Maré,MARE,0014,435,299,136,298,1,0,4,LREG,,,,,Robert Gada CAWIDRONE DYNAMIQUE AUTOCHTONE,182,41.84,61.07,,Tuho,TUHO,1,Tuho,Maré,LIEU_DIT_NC,TRIBU,Tuo,167.89428156445027,-21.49517949257516,tribus_villages_nc,17,1501,Guahma
municipales_2026,1,,,988,98815,Maré,MARE,0014,435,299,136,298,1,0,5,LREG,,,,,Maryline Ciwa SINEWAMI UC FLNKS NENGONE,32,7.36,10.74,,Tuho,TUHO,1,Tuho,Maré,LIEU_DIT_NC,TRIBU,Tuo,167.89428156445027,-21.49517949257516,tribus_villages_nc,17,1501,Guahma
municipales_2026,1,,,988,98816,Moindou,MOINDOU,0001,863,671,192,659,12,0,,,,,,,Léon-Joseph PEYRONNET Ensemble pour Moindou,219,25.38,33.23,,Mairie,MAIRIE,0.7,MOINDOU,Moindou,LIEU_DIT_NC,VILLE,Mére Mwêro,165.67695619871748,-21.69271000327087,tribus_villages_nc,20,1601,Moindou
municipales_2026,1,,,988,98816,Moindou,MOINDOU,0001,863,671,192,659,12,0,,,,,,,"Loïc MOKRIS MOINDOU, CONSTRUISONS DEMAIN",178,20.63,27.01,,Mairie,MAIRIE,0.7,MOINDOU,Moindou,LIEU_DIT_NC,VILLE,Mére Mwêro,165.67695619871748,-21.69271000327087,tribus_villages_nc,20,1601,Moindou
municipales_2026,1,,,988,98816,Moindou,MOINDOU,0001,863,671,192,659,12,0,,,,,,,"Amandine DARRAS MOINDOU NOTRE COMMUNE, NOTRE AVENIR Union indépendantiste, nationaliste, progressiste",125,14.48,18.97,,Mairie,MAIRIE,0.7,MOINDOU,Moindou,LIEU_DIT_NC,VILLE,Mére Mwêro,165.67695619871748,-21.69271000327087,tribus_villages_nc,20,1601,Moindou
municipales_2026,1,,,988,98816,Moindou,MOINDOU,0001,863,671,192,659,12,0,,,,,,,Marguerite MONAWA UNI MWÂRÛ,88,10.2,13.35,,Mairie,MAIRIE,0.7,MOINDOU,Moindou,LIEU_DIT_NC,VILLE,Mére Mwêro,165.67695619871748,-21.69271000327087,tribus_villages_nc,20,1601,Moindou
municipales_2026,1,,,988,98816,Moindou,MOINDOU,0001,863,671,192,659,12,0,,,,,,,"Sélélino KELETAONA MOINDOU, L'EQUITE POUR TOUS",49,5.68,7.44,,Mairie,MAIRIE,0.7,MOINDOU,Moindou,LIEU_DIT_NC,VILLE,Mére Mwêro,165.67695619871748,-21.69271000327087,tribus_villages_nc,20,1601,Moindou
municipales_2026,1,,,988,98817,Le Mont-Dore,MONTDORE,0001,1029,529,500,516,11,2,1,LDVC,,,,,Jinézi Annie QAEZE POUR UN MONT-DORE QUI NOUS RESSEMBLE ET QUI NOUS RASSEMBLE,25,2.43,4.84,,Mairie de BOULARI,MAIRIE BOULARI,0.727,Marina de Port Boulari,RUE DES THAZARDS,PARC ESPACE PUBLIC ET LOISIR,Espaces de loisirs,Marinas port de plaisance et port à sec,166.523722376157,-22.2317078297453,etablissements_publics_nc,,,
municipales_2026,1,,,988,98817,Le Mont-Dore,MONTDORE,0001,1029,529,500,516,11,2,2,LREG,,,,,Emma MALAVAL UNI POUR LE MONT-DORE,23,2.24,4.46,,Mairie de BOULARI,MAIRIE BOULARI,0.727,Marina de Port Boulari,RUE DES THAZARDS,PARC ESPACE PUBLIC ET LOISIR,Espaces de loisirs,Marinas port de plaisance et port à sec,166.523722376157,-22.2317078297453,etablissements_publics_nc,,,
municipales_2026,1,,,988,98817,Le Mont-Dore,MONTDORE,0001,1029,529,500,516,11,2,3,LDIV,,,,,Maria Isabella SALIGA-LUTOVIKA NCMCP,6,0.58,1.16,,Mairie de BOULARI,MAIRIE BOULARI,0.727,Marina de Port Boulari,RUE DES THAZARDS,PARC ESPACE PUBLIC ET LOISIR,Espaces de loisirs,Marinas port de plaisance et port à sec,166.523722376157,-22.2317078297453,etablissements_publics_nc,,,
municipales_2026,1,,,988,98817,Le Mont-Dore,MONTDORE,0001,1029,529,500,516,11,2,4,LDVD,,,,,Elizabeth RIVIERE NEE DABIN TOUS ENSEMBLE POUR LE MONT- DORE,157,15.26,30.43,,Mairie de BOULARI,MAIRIE BOULARI,0.727,Marina de Port Boulari,RUE DES THAZARDS,PARC ESPACE PUBLIC ET LOISIR,Espaces de loisirs,Marinas port de plaisance et port à sec,166.523722376157,-22.2317078297453,etablissements_publics_nc,,,
municipales_2026,1,,,988,98817,Le Mont-Dore,MONTDORE,0001,1029,529,500,516,11,2,5,LDVC,,,,,Petelo Maximino SAO NOUS POUR LE MONT DORE,25,2.43,4.84,,Mairie de BOULARI,MAIRIE BOULARI,0.727,Marina de Port Boulari,RUE DES THAZARDS,PARC ESPACE PUBLIC ET LOISIR,Espaces de loisirs,Marinas port de plaisance et port à sec,166.523722376157,-22.2317078297453,etablissements_publics_nc,,,
municipales_2026,1,,,988,98817,Le Mont-Dore,MONTDORE,0001,1029,529,500,516,11,2,6,LDVD,,,,,Nina JULIÉ IL EST TEMPS !,200,19.44,38.76,,Mairie de BOULARI,MAIRIE BOULARI,0.727,Marina de Port Boulari,RUE DES THAZARDS,PARC ESPACE PUBLIC ET LOISIR,Espaces de loisirs,Marinas port de plaisance et port à sec,166.523722376157,-22.2317078297453,etablissements_publics_nc,,,
municipales_2026,1,,,988,98817,Le Mont-Dore,MONTDORE,0001,1029,529,500,516,11,2,7,LREG,,,,,"Tania OUAKA LE MONT-DORE, NOTRE VILLE POUR UNE NATION SOUVERAINE",80,7.77,15.5,,Mairie de BOULARI,MAIRIE BOULARI,0.727,Marina de Port Boulari,RUE DES THAZARDS,PARC ESPACE PUBLIC ET LOISIR,Espaces de loisirs,Marinas port de plaisance et port à sec,166.523722376157,-22.2317078297453,etablissements_publics_nc,,,
municipales_2026,1,,,988,98817,Le Mont-Dore,MONTDORE,0002,690,353,337,343,9,1,1,LDVC,,,,,Jinézi Annie QAEZE POUR UN MONT-DORE QUI NOUS RESSEMBLE ET QUI NOUS RASSEMBLE,18,2.61,5.25,,Groupe scolaire Hélène CHANIEL,GROUPE SCOLAIRE HELENE CHANIEL,1,Groupe scolaire Hélène Chaniel,105 RUE HELENE CHANIEL,ENSEIGNEMENT ET FORMATION,Enseignement du premier degré,Groupe scolaire,166.485528594387,-22.2217711398288,etablissements_publics_nc,23,1703,Pont des Fran‡ais
municipales_2026,1,,,988,98817,Le Mont-Dore,MONTDORE,0002,690,353,337,343,9,1,2,LREG,,,,,Emma MALAVAL UNI POUR LE MONT-DORE,5,0.72,1.46,,Groupe scolaire Hélène CHANIEL,GROUPE SCOLAIRE HELENE CHANIEL,1,Groupe scolaire Hélène Chaniel,105 RUE HELENE CHANIEL,ENSEIGNEMENT ET FORMATION,Enseignement du premier degré,Groupe scolaire,166.485528594387,-22.2217711398288,etablissements_publics_nc,23,1703,Pont des Fran‡ais
municipales_2026,1,,,988,98817,Le Mont-Dore,MONTDORE,0002,690,353,337,343,9,1,3,LDIV,,,,,Maria Isabella SALIGA-LUTOVIKA NCMCP,6,0.87,1.75,,Groupe scolaire Hélène CHANIEL,GROUPE SCOLAIRE HELENE CHANIEL,1,Groupe scolaire Hélène Chaniel,105 RUE HELENE CHANIEL,ENSEIGNEMENT ET FORMATION,Enseignement du premier degré,Groupe scolaire,166.485528594387,-22.2217711398288,etablissements_publics_nc,23,1703,Pont des Fran‡ais
municipales_2026,1,,,988,98817,Le Mont-Dore,MONTDORE,0002,690,353,337,343,9,1,4,LDVD,,,,,Elizabeth RIVIERE NEE DABIN TOUS ENSEMBLE POUR LE MONT- DORE,77,11.16,22.45,,Groupe scolaire Hélène CHANIEL,GROUPE SCOLAIRE HELENE CHANIEL,1,Groupe scolaire Hélène Chaniel,105 RUE HELENE CHANIEL,ENSEIGNEMENT ET FORMATION,Enseignement du premier degré,Groupe scolaire,166.485528594387,-22.2217711398288,etablissements_publics_nc,23,1703,Pont des Fran‡ais
municipales_2026,1,,,988,98817,Le Mont-Dore,MONTDORE,0002,690,353,337,343,9,1,5,LDVC,,,,,Petelo Maximino SAO NOUS POUR LE MONT DORE,17,2.46,4.96,,Groupe scolaire Hélène CHANIEL,GROUPE SCOLAIRE HELENE CHANIEL,1,Groupe scolaire Hélène Chaniel,105 RUE HELENE CHANIEL,ENSEIGNEMENT ET FORMATION,Enseignement du premier degré,Groupe scolaire,166.485528594387,-22.2217711398288,etablissements_publics_nc,23,1703,Pont des Fran‡ais
municipales_2026,1,,,988,98817,Le Mont-Dore,MONTDORE,0002,690,353,337,343,9,1,6,LDVD,,,,,Nina JULIÉ IL EST TEMPS !,195,28.26,56.85,,Groupe scolaire Hélène CHANIEL,GROUPE SCOLAIRE HELENE CHANIEL,1,Groupe scolaire Hélène Chaniel,105 RUE HELENE CHANIEL,ENSEIGNEMENT ET FORMATION,Enseignement du premier degré,Groupe scolaire,166.485528594387,-22.2217711398288,etablissements_publics_nc,23,1703,Pont des Fran‡ais
municipales_2026,1,,,988,98817,Le Mont-Dore,MONTDORE,0002,690,353,337,343,9,1,7,LREG,,,,,"Tania OUAKA LE MONT-DORE, NOTRE VILLE POUR UNE NATION SOUVERAINE",25,3.62,7.29,,Groupe scolaire Hélène CHANIEL,GROUPE SCOLAIRE HELENE CHANIEL,1,Groupe scolaire Hélène Chaniel,105 RUE HELENE CHANIEL,ENSEIGNEMENT ET FORMATION,Enseignement du premier degré,Groupe scolaire,166.485528594387,-22.2217711398288,etablissements_publics_nc,23,1703,Pont des Fran‡ais
municipales_2026,1,,,988,98817,Le Mont-Dore,MONTDORE,0003,957,560,397,542,10,8,1,LDVC,,,,,Jinézi Annie QAEZE POUR UN MONT-DORE QUI NOUS RESSEMBLE ET QUI NOUS RASSEMBLE,21,2.19,3.87,,École primaire Adolphe BOUTAN,ECOLE PRIMAIRE ADOLPHE BOUTAN,0.828,Ecole primaire de l'Ile-Ouen,,ENSEIGNEMENT ET FORMATION,Enseignement du premier degré,Ecole primaire,166.841440737558,-22.4256696418669,etablissements_publics_nc,35,1715,Mouirange - Grand Sud - Ile Ouen
municipales_2026,1,,,988,98817,Le Mont-Dore,MONTDORE,0003,957,560,397,542,10,8,2,LREG,,,,,Emma MALAVAL UNI POUR LE MONT-DORE,2,0.21,0.37,,École primaire Adolphe BOUTAN,ECOLE PRIMAIRE ADOLPHE BOUTAN,0.828,Ecole primaire de l'Ile-Ouen,,ENSEIGNEMENT ET FORMATION,Enseignement du premier degré,Ecole primaire,166.841440737558,-22.4256696418669,etablissements_publics_nc,35,1715,Mouirange - Grand Sud - Ile Ouen
municipales_2026,1,,,988,98817,Le Mont-Dore,MONTDORE,0003,957,560,397,542,10,8,3,LDIV,,,,,Maria Isabella SALIGA-LUTOVIKA NCMCP,2,0.21,0.37,,École primaire Adolphe BOUTAN,ECOLE PRIMAIRE ADOLPHE BOUTAN,0.828,Ecole primaire de l'Ile-Ouen,,ENSEIGNEMENT ET FORMATION,Enseignement du premier degré,Ecole primaire,166.841440737558,-22.4256696418669,etablissements_publics_nc,35,1715,Mouirange - Grand Sud - Ile Ouen
municipales_2026,1,,,988,98817,Le Mont-Dore,MONTDORE,0003,957,560,397,542,10,8,4,LDVD,,,,,Elizabeth RIVIERE NEE DABIN TOUS ENSEMBLE POUR LE MONT- DORE,146,15.26,26.94,,École primaire Adolphe BOUTAN,ECOLE PRIMAIRE ADOLPHE BOUTAN,0.828,Ecole primaire de l'Ile-Ouen,,ENSEIGNEMENT ET FORMATION,Enseignement du premier degré,Ecole primaire,166.841440737558,-22.4256696418669,etablissements_publics_nc,35,1715,Mouirange - Grand Sud - Ile Ouen
municipales_2026,1,,,988,98817,Le Mont-Dore,MONTDORE,0003,957,560,397,542,10,8,5,LDVC,,,,,Petelo Maximino SAO NOUS POUR LE MONT DORE,14,1.46,2.58,,École primaire Adolphe BOUTAN,ECOLE PRIMAIRE ADOLPHE BOUTAN,0.828,Ecole primaire de l'Ile-Ouen,,ENSEIGNEMENT ET FORMATION,Enseignement du premier degré,Ecole primaire,166.841440737558,-22.4256696418669,etablissements_publics_nc,35,1715,Mouirange - Grand Sud - Ile Ouen
municipales_2026,1,,,988,98817,Le Mont-Dore,MONTDORE,0003,957,560,397,542,10,8,6,LDVD,,,,,Nina JULIÉ IL EST TEMPS !,301,31.45,55.54,,École primaire Adolphe BOUTAN,ECOLE PRIMAIRE ADOLPHE BOUTAN,0.828,Ecole primaire de l'Ile-Ouen,,ENSEIGNEMENT ET FORMATION,Enseignement du premier degré,Ecole primaire,166.841440737558,-22.4256696418669,etablissements_publics_nc,35,1715,Mouirange - Grand Sud - Ile Ouen
municipales_2026,1,,,988,98817,Le Mont-Dore,MONTDORE,0003,957,560,397,542,10,8,7,LREG,,,,,"Tania OUAKA LE MONT-DORE, NOTRE VILLE POUR UNE NATION SOUVERAINE",56,5.85,10.33,,École primaire Adolphe BOUTAN,ECOLE PRIMAIRE ADOLPHE BOUTAN,0.828,Ecole primaire de l'Ile-Ouen,,ENSEIGNEMENT ET FORMATION,Enseignement du premier degré,Ecole primaire,166.841440737558,-22.4256696418669,etablissements_publics_nc,35,1715,Mouirange - Grand Sud - Ile Ouen
municipales_2026,1,,,988,98817,Le Mont-Dore,MONTDORE,0004,949,506,443,492,12,2,1,LDVC,,,,,Jinézi Annie QAEZE POUR UN MONT-DORE QUI NOUS RESSEMBLE ET QUI NOUS RASSEMBLE,26,2.74,5.28,,École primaire Louis Henri GALINIE 1,ECOLE PRIMAIRE LOUIS HENRI GALINIE,0.923,Ecole primaire Louis Henri Galinié,1133 RUE DES TROIS BANIANS,ENSEIGNEMENT ET FORMATION,Enseignement du premier degré,Ecole élémentaire,166.512755378687,-22.2163077194956,etablissements_publics_nc,25,1705,Robinson Nord
municipales_2026,1,,,988,98817,Le Mont-Dore,MONTDORE,0004,949,506,443,492,12,2,2,LREG,,,,,Emma MALAVAL UNI POUR LE MONT-DORE,4,0.42,0.81,,École primaire Louis Henri GALINIE 1,ECOLE PRIMAIRE LOUIS HENRI GALINIE,0.923,Ecole primaire Louis Henri Galinié,1133 RUE DES TROIS BANIANS,ENSEIGNEMENT ET FORMATION,Enseignement du premier degré,Ecole élémentaire,166.512755378687,-22.2163077194956,etablissements_publics_nc,25,1705,Robinson Nord
municipales_2026,1,,,988,98817,Le Mont-Dore,MONTDORE,0004,949,506,443,492,12,2,3,LDIV,,,,,Maria Isabella SALIGA-LUTOVIKA NCMCP,9,0.95,1.83,,École primaire Louis Henri GALINIE 1,ECOLE PRIMAIRE LOUIS HENRI GALINIE,0.923,Ecole primaire Louis Henri Galinié,1133 RUE DES TROIS BANIANS,ENSEIGNEMENT ET FORMATION,Enseignement du premier degré,Ecole élémentaire,166.512755378687,-22.2163077194956,etablissements_publics_nc,25,1705,Robinson Nord
municipales_2026,1,,,988,98817,Le Mont-Dore,MONTDORE,0004,949,506,443,492,12,2,4,LDVD,,,,,Elizabeth RIVIERE NEE DABIN TOUS ENSEMBLE POUR LE MONT- DORE,128,13.49,26.02,,École primaire Louis Henri GALINIE 1,ECOLE PRIMAIRE LOUIS HENRI GALINIE,0.923,Ecole primaire Louis Henri Galinié,1133 RUE DES TROIS BANIANS,ENSEIGNEMENT ET FORMATION,Enseignement du premier degré,Ecole élémentaire,166.512755378687,-22.2163077194956,etablissements_publics_nc,25,1705,Robinson Nord
municipales_2026,1,,,988,98817,Le Mont-Dore,MONTDORE,0004,949,506,443,492,12,2,5,LDVC,,,,,Petelo Maximino SAO NOUS POUR LE MONT DORE,60,6.32,12.2,,École primaire Louis Henri GALINIE 1,ECOLE PRIMAIRE LOUIS HENRI GALINIE,0.923,Ecole primaire Louis Henri Galinié,1133 RUE DES TROIS BANIANS,ENSEIGNEMENT ET FORMATION,Enseignement du premier degré,Ecole élémentaire,166.512755378687,-22.2163077194956,etablissements_publics_nc,25,1705,Robinson Nord
municipales_2026,1,,,988,98817,Le Mont-Dore,MONTDORE,0004,949,506,443,492,12,2,6,LDVD,,,,,Nina JULIÉ IL EST TEMPS !,218,22.97,44.31,,École primaire Louis Henri GALINIE 1,ECOLE PRIMAIRE LOUIS HENRI GALINIE,0.923,Ecole primaire Louis Henri Galinié,1133 RUE DES TROIS BANIANS,ENSEIGNEMENT ET FORMATION,Enseignement du premier degré,Ecole élémentaire,166.512755378687,-22.2163077194956,etablissements_publics_nc,25,1705,Robinson Nord
municipales_2026,1,,,988,98817,Le Mont-Dore,MONTDORE,0004,949,506,443,492,12,2,7,LREG,,,,,"Tania OUAKA LE MONT-DORE, NOTRE VILLE POUR UNE NATION SOUVERAINE",47,4.95,9.55,,École primaire Louis Henri GALINIE 1,ECOLE PRIMAIRE LOUIS HENRI GALINIE,0.923,Ecole primaire Louis Henri Galinié,1133 RUE DES TROIS BANIANS,ENSEIGNEMENT ET FORMATION,Enseignement du premier degré,Ecole élémentaire,166.512755378687,-22.2163077194956,etablissements_publics_nc,25,1705,Robinson Nord
municipales_2026,1,,,988,98817,Le Mont-Dore,MONTDORE,0005,1116,607,509,595,7,5,1,LDVC,,,,,Jinézi Annie QAEZE POUR UN MONT-DORE QUI NOUS RESSEMBLE ET QUI NOUS RASSEMBLE,8,0.72,1.34,,École La Rizière 1,ECOLE RIZIERE,0.734,Ecole primaire La Rizière,89 RUE DU VIEUX PONT,ENSEIGNEMENT ET FORMATION,Enseignement du premier degré,Ecole élémentaire,166.573975497183,-22.2332233282141,etablissements_publics_nc,30,1710,La Coulée Nord
municipales_2026,1,,,988,98817,Le Mont-Dore,MONTDORE,0005,1116,607,509,595,7,5,2,LREG,,,,,Emma MALAVAL UNI POUR LE MONT-DORE,5,0.45,0.84,,École La Rizière 1,ECOLE RIZIERE,0.734,Ecole primaire La Rizière,89 RUE DU VIEUX PONT,ENSEIGNEMENT ET FORMATION,Enseignement du premier degré,Ecole élémentaire,166.573975497183,-22.2332233282141,etablissements_publics_nc,30,1710,La Coulée Nord
municipales_2026,1,,,988,98817,Le Mont-Dore,MONTDORE,0005,1116,607,509,595,7,5,3,LDIV,,,,,Maria Isabella SALIGA-LUTOVIKA NCMCP,1,0.09,0.17,,École La Rizière 1,ECOLE RIZIERE,0.734,Ecole primaire La Rizière,89 RUE DU VIEUX PONT,ENSEIGNEMENT ET FORMATION,Enseignement du premier degré,Ecole élémentaire,166.573975497183,-22.2332233282141,etablissements_publics_nc,30,1710,La Coulée Nord
municipales_2026,1,,,988,98817,Le Mont-Dore,MONTDORE,0005,1116,607,509,595,7,5,4,LDVD,,,,,Elizabeth RIVIERE NEE DABIN TOUS ENSEMBLE POUR LE MONT- DORE,160,14.34,26.89,,École La Rizière 1,ECOLE RIZIERE,0.734,Ecole primaire La Rizière,89 RUE DU VIEUX PONT,ENSEIGNEMENT ET FORMATION,Enseignement du premier degré,Ecole élémentaire,166.573975497183,-22.2332233282141,etablissements_publics_nc,30,1710,La Coulée Nord
municipales_2026,1,,,988,98817,Le Mont-Dore,MONTDORE,0005,1116,607,509,595,7,5,5,LDVC,,,,,Petelo Maximino SAO NOUS POUR LE MONT DORE,8,0.72,1.34,,École La Rizière 1,ECOLE RIZIERE,0.734,Ecole primaire La Rizière,89 RUE DU VIEUX PONT,ENSEIGNEMENT ET FORMATION,Enseignement du premier degré,Ecole élémentaire,166.573975497183,-22.2332233282141,etablissements_publics_nc,30,1710,La Coulée Nord
municipales_2026,1,,,988,98817,Le Mont-Dore,MONTDORE,0005,1116,607,509,595,7,5,6,LDVD,,,,,Nina JULIÉ IL EST TEMPS !,6,0.54,1.01,,École La Rizière 1,ECOLE RIZIERE,0.734,Ecole primaire La Rizière,89 RUE DU VIEUX PONT,ENSEIGNEMENT ET FORMATION,Enseignement du premier degré,Ecole élémentaire,166.573975497183,-22.2332233282141,etablissements_publics_nc,30,1710,La Coulée Nord
municipales_2026,1,,,988,98817,Le Mont-Dore,MONTDORE,0005,1116,607,509,595,7,5,7,LREG,,,,,"Tania OUAKA LE MONT-DORE, NOTRE VILLE POUR UNE NATION SOUVERAINE",407,36.47,68.4,,École La Rizière 1,ECOLE RIZIERE,0.734,Ecole primaire La Rizière,89 RUE DU VIEUX PONT,ENSEIGNEMENT ET FORMATION,Enseignement du premier degré,Ecole élémentaire,166.573975497183,-22.2332233282141,etablissements_publics_nc,30,1710,La Coulée Nord
municipales_2026,1,,,988,98817,Le Mont-Dore,MONTDORE,0006,955,536,419,519,9,8,1,LDVC,,,,,Jinézi Annie QAEZE POUR UN MONT-DORE QUI NOUS RESSEMBLE ET QUI NOUS RASSEMBLE,25,2.62,4.82,,École primaire du Vallon Dore,ECOLE PRIMAIRE VALLON DORE,0.886,Ecole élémentaire du Vallon-Dore,1622 LA CORNICHE DU MONT DORE,ENSEIGNEMENT ET FORMATION,Enseignement du premier degré,Ecole élémentaire,166.571853310489,-22.2757480668132,etablissements_publics_nc,32,1712,Vallon Dore
municipales_2026,1,,,988,98817,Le Mont-Dore,MONTDORE,0006,955,536,419,519,9,8,2,LREG,,,,,Emma MALAVAL UNI POUR LE MONT-DORE,8,0.84,1.54,,École primaire du Vallon Dore,ECOLE PRIMAIRE VALLON DORE,0.886,Ecole élémentaire du Vallon-Dore,1622 LA CORNICHE DU MONT DORE,ENSEIGNEMENT ET FORMATION,Enseignement du premier degré,Ecole élémentaire,166.571853310489,-22.2757480668132,etablissements_publics_nc,32,1712,Vallon Dore
municipales_2026,1,,,988,98817,Le Mont-Dore,MONTDORE,0006,955,536,419,519,9,8,3,LDIV,,,,,Maria Isabella SALIGA-LUTOVIKA NCMCP,16,1.68,3.08,,École primaire du Vallon Dore,ECOLE PRIMAIRE VALLON DORE,0.886,Ecole élémentaire du Vallon-Dore,1622 LA CORNICHE DU MONT DORE,ENSEIGNEMENT ET FORMATION,Enseignement du premier degré,Ecole élémentaire,166.571853310489,-22.2757480668132,etablissements_publics_nc,32,1712,Vallon Dore
municipales_2026,1,,,988,98817,Le Mont-Dore,MONTDORE,0006,955,536,419,519,9,8,4,LDVD,,,,,Elizabeth RIVIERE NEE DABIN TOUS ENSEMBLE POUR LE MONT- DORE,144,15.08,27.75,,École primaire du Vallon Dore,ECOLE PRIMAIRE VALLON DORE,0.886,Ecole élémentaire du Vallon-Dore,1622 LA CORNICHE DU MONT DORE,ENSEIGNEMENT ET FORMATION,Enseignement du premier degré,Ecole élémentaire,166.571853310489,-22.2757480668132,etablissements_publics_nc,32,1712,Vallon Dore
municipales_2026,1,,,988,98817,Le Mont-Dore,MONTDORE,0006,955,536,419,519,9,8,5,LDVC,,,,,Petelo Maximino SAO NOUS POUR LE MONT DORE,56,5.86,10.79,,École primaire du Vallon Dore,ECOLE PRIMAIRE VALLON DORE,0.886,Ecole élémentaire du Vallon-Dore,1622 LA CORNICHE DU MONT DORE,ENSEIGNEMENT ET FORMATION,Enseignement du premier degré,Ecole élémentaire,166.571853310489,-22.2757480668132,etablissements_publics_nc,32,1712,Vallon Dore
municipales_2026,1,,,988,98817,Le Mont-Dore,MONTDORE,0006,955,536,419,519,9,8,6,LDVD,,,,,Nina JULIÉ IL EST TEMPS !,230,24.08,44.32,,École primaire du Vallon Dore,ECOLE PRIMAIRE VALLON DORE,0.886,Ecole élémentaire du Vallon-Dore,1622 LA CORNICHE DU MONT DORE,ENSEIGNEMENT ET FORMATION,Enseignement du premier degré,Ecole élémentaire,166.571853310489,-22.2757480668132,etablissements_publics_nc,32,1712,Vallon Dore
municipales_2026,1,,,988,98817,Le Mont-Dore,MONTDORE,0006,955,536,419,519,9,8,7,LREG,,,,,"Tania OUAKA LE MONT-DORE, NOTRE VILLE POUR UNE NATION SOUVERAINE",40,4.19,7.71,,École primaire du Vallon Dore,ECOLE PRIMAIRE VALLON DORE,0.886,Ecole élémentaire du Vallon-Dore,1622 LA CORNICHE DU MONT DORE,ENSEIGNEMENT ET FORMATION,Enseignement du premier degré,Ecole élémentaire,166.571853310489,-22.2757480668132,etablissements_publics_nc,32,1712,Vallon Dore
municipales_2026,1,,,988,98817,Le Mont-Dore,MONTDORE,0007,948,488,460,478,4,6,1,LDVC,,,,,Jinézi Annie QAEZE POUR UN MONT-DORE QUI NOUS RESSEMBLE ET QUI NOUS RASSEMBLE,17,1.79,3.56,,Ouara,OUARA,1,Ouara,Mont-Dore,LIEU_DIT_NC,TRIBU,,166.84029773306233,-22.42316008394107,tribus_villages_nc,35,1715,Mouirange - Grand Sud - Ile Ouen
municipales_2026,1,,,988,98817,Le Mont-Dore,MONTDORE,0007,948,488,460,478,4,6,2,LREG,,,,,Emma MALAVAL UNI POUR LE MONT-DORE,4,0.42,0.84,,Ouara,OUARA,1,Ouara,Mont-Dore,LIEU_DIT_NC,TRIBU,,166.84029773306233,-22.42316008394107,tribus_villages_nc,35,1715,Mouirange - Grand Sud - Ile Ouen
municipales_2026,1,,,988,98817,Le Mont-Dore,MONTDORE,0007,948,488,460,478,4,6,3,LDIV,,,,,Maria Isabella SALIGA-LUTOVIKA NCMCP,0,0,0,,Ouara,OUARA,1,Ouara,Mont-Dore,LIEU_DIT_NC,TRIBU,,166.84029773306233,-22.42316008394107,tribus_villages_nc,35,1715,Mouirange - Grand Sud - Ile Ouen
municipales_2026,1,,,988,98817,Le Mont-Dore,MONTDORE,0007,948,488,460,478,4,6,4,LDVD,,,,,Elizabeth RIVIERE NEE DABIN TOUS ENSEMBLE POUR LE MONT- DORE,149,15.72,31.17,,Ouara,OUARA,1,Ouara,Mont-Dore,LIEU_DIT_NC,TRIBU,,166.84029773306233,-22.42316008394107,tribus_villages_nc,35,1715,Mouirange - Grand Sud - Ile Ouen
municipales_2026,1,,,988,98817,Le Mont-Dore,MONTDORE,0007,948,488,460,478,4,6,5,LDVC,,,,,Petelo Maximino SAO NOUS POUR LE MONT DORE,16,1.69,3.35,,Ouara,OUARA,1,Ouara,Mont-Dore,LIEU_DIT_NC,TRIBU,,166.84029773306233,-22.42316008394107,tribus_villages_nc,35,1715,Mouirange - Grand Sud - Ile Ouen
municipales_2026,1,,,988,98817,Le Mont-Dore,MONTDORE,0007,948,488,460,478,4,6,6,LDVD,,,,,Nina JULIÉ IL EST TEMPS !,160,16.88,33.47,,Ouara,OUARA,1,Ouara,Mont-Dore,LIEU_DIT_NC,TRIBU,,166.84029773306233,-22.42316008394107,tribus_villages_nc,35,1715,Mouirange - Grand Sud - Ile Ouen
municipales_2026,1,,,988,98817,Le Mont-Dore,MONTDORE,0007,948,488,460,478,4,6,7,LREG,,,,,"Tania OUAKA LE MONT-DORE, NOTRE VILLE POUR UNE NATION SOUVERAINE",132,13.92,27.62,,Ouara,OUARA,1,Ouara,Mont-Dore,LIEU_DIT_NC,TRIBU,,166.84029773306233,-22.42316008394107,tribus_villages_nc,35,1715,Mouirange - Grand Sud - Ile Ouen
municipales_2026,1,,,988,98817,Le Mont-Dore,MONTDORE,0008,1051,625,426,610,11,4,1,LDVC,,,,,Jinézi Annie QAEZE POUR UN MONT-DORE QUI NOUS RESSEMBLE ET QUI NOUS RASSEMBLE,22,2.09,3.61,,Groupe scolaire de Boulari 1,GROUPE SCOLAIRE BOULARI,1,Groupe scolaire de Boulari,154 RUE ANTOINE GRISCELLI,ENSEIGNEMENT ET FORMATION,Enseignement du premier degré,Groupe scolaire,166.520855451452,-22.2274992832452,etablissements_publics_nc,27,1707,Boulari
municipales_2026,1,,,988,98817,Le Mont-Dore,MONTDORE,0008,1051,625,426,610,11,4,2,LREG,,,,,Emma MALAVAL UNI POUR LE MONT-DORE,6,0.57,0.98,,Groupe scolaire de Boulari 1,GROUPE SCOLAIRE BOULARI,1,Groupe scolaire de Boulari,154 RUE ANTOINE GRISCELLI,ENSEIGNEMENT ET FORMATION,Enseignement du premier degré,Groupe scolaire,166.520855451452,-22.2274992832452,etablissements_publics_nc,27,1707,Boulari
municipales_2026,1,,,988,98817,Le Mont-Dore,MONTDORE,0008,1051,625,426,610,11,4,3,LDIV,,,,,Maria Isabella SALIGA-LUTOVIKA NCMCP,1,0.1,0.16,,Groupe scolaire de Boulari 1,GROUPE SCOLAIRE BOULARI,1,Groupe scolaire de Boulari,154 RUE ANTOINE GRISCELLI,ENSEIGNEMENT ET FORMATION,Enseignement du premier degré,Groupe scolaire,166.520855451452,-22.2274992832452,etablissements_publics_nc,27,1707,Boulari
municipales_2026,1,,,988,98817,Le Mont-Dore,MONTDORE,0008,1051,625,426,610,11,4,4,LDVD,,,,,Elizabeth RIVIERE NEE DABIN TOUS ENSEMBLE POUR LE MONT- DORE,209,19.89,34.26,,Groupe scolaire de Boulari 1,GROUPE SCOLAIRE BOULARI,1,Groupe scolaire de Boulari,154 RUE ANTOINE GRISCELLI,ENSEIGNEMENT ET FORMATION,Enseignement du premier degré,Groupe scolaire,166.520855451452,-22.2274992832452,etablissements_publics_nc,27,1707,Boulari
municipales_2026,1,,,988,98817,Le Mont-Dore,MONTDORE,0008,1051,625,426,610,11,4,5,LDVC,,,,,Petelo Maximino SAO NOUS POUR LE MONT DORE,20,1.9,3.28,,Groupe scolaire de Boulari 1,GROUPE SCOLAIRE BOULARI,1,Groupe scolaire de Boulari,154 RUE ANTOINE GRISCELLI,ENSEIGNEMENT ET FORMATION,Enseignement du premier degré,Groupe scolaire,166.520855451452,-22.2274992832452,etablissements_publics_nc,27,1707,Boulari
municipales_2026,1,,,988,98817,Le Mont-Dore,MONTDORE,0008,1051,625,426,610,11,4,6,LDVD,,,,,Nina JULIÉ IL EST TEMPS !,315,29.97,51.64,,Groupe scolaire de Boulari 1,GROUPE SCOLAIRE BOULARI,1,Groupe scolaire de Boulari,154 RUE ANTOINE GRISCELLI,ENSEIGNEMENT ET FORMATION,Enseignement du premier degré,Groupe scolaire,166.520855451452,-22.2274992832452,etablissements_publics_nc,27,1707,Boulari
municipales_2026,1,,,988,98817,Le Mont-Dore,MONTDORE,0008,1051,625,426,610,11,4,7,LREG,,,,,"Tania OUAKA LE MONT-DORE, NOTRE VILLE POUR UNE NATION SOUVERAINE",37,3.52,6.07,,Groupe scolaire de Boulari 1,GROUPE SCOLAIRE BOULARI,1,Groupe scolaire de Boulari,154 RUE ANTOINE GRISCELLI,ENSEIGNEMENT ET FORMATION,Enseignement du premier degré,Groupe scolaire,166.520855451452,-22.2274992832452,etablissements_publics_nc,27,1707,Boulari
municipales_2026,1,,,988,98817,Le Mont-Dore,MONTDORE,0009,1075,515,560,508,2,5,1,LDVC,,,,,Jinézi Annie QAEZE POUR UN MONT-DORE QUI NOUS RESSEMBLE ET QUI NOUS RASSEMBLE,18,1.67,3.54,,Mairie annexe de Plum 1,MAIRIE ANNEXE PLUM,0.782,Mairie annexe du Mont-Dore,9048 LA CORNICHE DU MONT DORE,ADMINISTRATION ET ORGANISME,Administrations des collectivités,Administration de la commune de Mont-Dore,166.623268718041,-22.2730906933136,etablissements_publics_nc,34,1714,Plum
municipales_2026,1,,,988,98817,Le Mont-Dore,MONTDORE,0009,1075,515,560,508,2,5,2,LREG,,,,,Emma MALAVAL UNI POUR LE MONT-DORE,5,0.47,0.98,,Mairie annexe de Plum 1,MAIRIE ANNEXE PLUM,0.782,Mairie annexe du Mont-Dore,9048 LA CORNICHE DU MONT DORE,ADMINISTRATION ET ORGANISME,Administrations des collectivités,Administration de la commune de Mont-Dore,166.623268718041,-22.2730906933136,etablissements_publics_nc,34,1714,Plum
municipales_2026,1,,,988,98817,Le Mont-Dore,MONTDORE,0009,1075,515,560,508,2,5,3,LDIV,,,,,Maria Isabella SALIGA-LUTOVIKA NCMCP,11,1.02,2.17,,Mairie annexe de Plum 1,MAIRIE ANNEXE PLUM,0.782,Mairie annexe du Mont-Dore,9048 LA CORNICHE DU MONT DORE,ADMINISTRATION ET ORGANISME,Administrations des collectivités,Administration de la commune de Mont-Dore,166.623268718041,-22.2730906933136,etablissements_publics_nc,34,1714,Plum
municipales_2026,1,,,988,98817,Le Mont-Dore,MONTDORE,0009,1075,515,560,508,2,5,4,LDVD,,,,,Elizabeth RIVIERE NEE DABIN TOUS ENSEMBLE POUR LE MONT- DORE,187,17.4,36.81,,Mairie annexe de Plum 1,MAIRIE ANNEXE PLUM,0.782,Mairie annexe du Mont-Dore,9048 LA CORNICHE DU MONT DORE,ADMINISTRATION ET ORGANISME,Administrations des collectivités,Administration de la commune de Mont-Dore,166.623268718041,-22.2730906933136,etablissements_publics_nc,34,1714,Plum
municipales_2026,1,,,988,98817,Le Mont-Dore,MONTDORE,0009,1075,515,560,508,2,5,5,LDVC,,,,,Petelo Maximino SAO NOUS POUR LE MONT DORE,62,5.77,12.2,,Mairie annexe de Plum 1,MAIRIE ANNEXE PLUM,0.782,Mairie annexe du Mont-Dore,9048 LA CORNICHE DU MONT DORE,ADMINISTRATION ET ORGANISME,Administrations des collectivités,Administration de la commune de Mont-Dore,166.623268718041,-22.2730906933136,etablissements_publics_nc,34,1714,Plum
municipales_2026,1,,,988,98817,Le Mont-Dore,MONTDORE,0009,1075,515,560,508,2,5,6,LDVD,,,,,Nina JULIÉ IL EST TEMPS !,139,12.93,27.36,,Mairie annexe de Plum 1,MAIRIE ANNEXE PLUM,0.782,Mairie annexe du Mont-Dore,9048 LA CORNICHE DU MONT DORE,ADMINISTRATION ET ORGANISME,Administrations des collectivités,Administration de la commune de Mont-Dore,166.623268718041,-22.2730906933136,etablissements_publics_nc,34,1714,Plum
municipales_2026,1,,,988,98817,Le Mont-Dore,MONTDORE,0009,1075,515,560,508,2,5,7,LREG,,,,,"Tania OUAKA LE MONT-DORE, NOTRE VILLE POUR UNE NATION SOUVERAINE",86,8,16.93,,Mairie annexe de Plum 1,MAIRIE ANNEXE PLUM,0.782,Mairie annexe du Mont-Dore,9048 LA CORNICHE DU MONT DORE,ADMINISTRATION ET ORGANISME,Administrations des collectivités,Administration de la commune de Mont-Dore,166.623268718041,-22.2730906933136,etablissements_publics_nc,34,1714,Plum
municipales_2026,1,,,988,98817,Le Mont-Dore,MONTDORE,0010,1073,490,583,471,12,7,1,LDVC,,,,,Jinézi Annie QAEZE POUR UN MONT-DORE QUI NOUS RESSEMBLE ET QUI NOUS RASSEMBLE,35,3.26,7.43,,École La Rizière 2,ECOLE RIZIERE,0.734,Ecole primaire La Rizière,89 RUE DU VIEUX PONT,ENSEIGNEMENT ET FORMATION,Enseignement du premier degré,Ecole élémentaire,166.573975497183,-22.2332233282141,etablissements_publics_nc,30,1710,La Coulée Nord
municipales_2026,1,,,988,98817,Le Mont-Dore,MONTDORE,0010,1073,490,583,471,12,7,2,LREG,,,,,Emma MALAVAL UNI POUR LE MONT-DORE,11,1.03,2.34,,École La Rizière 2,ECOLE RIZIERE,0.734,Ecole primaire La Rizière,89 RUE DU VIEUX PONT,ENSEIGNEMENT ET FORMATION,Enseignement du premier degré,Ecole élémentaire,166.573975497183,-22.2332233282141,etablissements_publics_nc,30,1710,La Coulée Nord
municipales_2026,1,,,988,98817,Le Mont-Dore,MONTDORE,0010,1073,490,583,471,12,7,3,LDIV,,,,,Maria Isabella SALIGA-LUTOVIKA NCMCP,6,0.56,1.27,,École La Rizière 2,ECOLE RIZIERE,0.734,Ecole primaire La Rizière,89 RUE DU VIEUX PONT,ENSEIGNEMENT ET FORMATION,Enseignement du premier degré,Ecole élémentaire,166.573975497183,-22.2332233282141,etablissements_publics_nc,30,1710,La Coulée Nord
municipales_2026,1,,,988,98817,Le Mont-Dore,MONTDORE,0010,1073,490,583,471,12,7,4,LDVD,,,,,Elizabeth RIVIERE NEE DABIN TOUS ENSEMBLE POUR LE MONT- DORE,90,8.39,19.11,,École La Rizière 2,ECOLE RIZIERE,0.734,Ecole primaire La Rizière,89 RUE DU VIEUX PONT,ENSEIGNEMENT ET FORMATION,Enseignement du premier degré,Ecole élémentaire,166.573975497183,-22.2332233282141,etablissements_publics_nc,30,1710,La Coulée Nord
municipales_2026,1,,,988,98817,Le Mont-Dore,MONTDORE,0010,1073,490,583,471,12,7,5,LDVC,,,,,Petelo Maximino SAO NOUS POUR LE MONT DORE,50,4.66,10.62,,École La Rizière 2,ECOLE RIZIERE,0.734,Ecole primaire La Rizière,89 RUE DU VIEUX PONT,ENSEIGNEMENT ET FORMATION,Enseignement du premier degré,Ecole élémentaire,166.573975497183,-22.2332233282141,etablissements_publics_nc,30,1710,La Coulée Nord
municipales_2026,1,,,988,98817,Le Mont-Dore,MONTDORE,0010,1073,490,583,471,12,7,6,LDVD,,,,,Nina JULIÉ IL EST TEMPS !,173,16.12,36.73,,École La Rizière 2,ECOLE RIZIERE,0.734,Ecole primaire La Rizière,89 RUE DU VIEUX PONT,ENSEIGNEMENT ET FORMATION,Enseignement du premier degré,Ecole élémentaire,166.573975497183,-22.2332233282141,etablissements_publics_nc,30,1710,La Coulée Nord
municipales_2026,1,,,988,98817,Le Mont-Dore,MONTDORE,0010,1073,490,583,471,12,7,7,LREG,,,,,"Tania OUAKA LE MONT-DORE, NOTRE VILLE POUR UNE NATION SOUVERAINE",106,9.88,22.51,,École La Rizière 2,ECOLE RIZIERE,0.734,Ecole primaire La Rizière,89 RUE DU VIEUX PONT,ENSEIGNEMENT ET FORMATION,Enseignement du premier degré,Ecole élémentaire,166.573975497183,-22.2332233282141,etablissements_publics_nc,30,1710,La Coulée Nord
municipales_2026,1,,,988,98817,Le Mont-Dore,MONTDORE,0011,826,494,332,481,8,5,1,LDVC,,,,,Jinézi Annie QAEZE POUR UN MONT-DORE QUI NOUS RESSEMBLE ET QUI NOUS RASSEMBLE,14,1.69,2.91,,Groupe scolaire de Boulari 2,GROUPE SCOLAIRE BOULARI,1,Groupe scolaire de Boulari,154 RUE ANTOINE GRISCELLI,ENSEIGNEMENT ET FORMATION,Enseignement du premier degré,Groupe scolaire,166.520855451452,-22.2274992832452,etablissements_publics_nc,27,1707,Boulari
municipales_2026,1,,,988,98817,Le Mont-Dore,MONTDORE,0011,826,494,332,481,8,5,2,LREG,,,,,Emma MALAVAL UNI POUR LE MONT-DORE,4,0.48,0.83,,Groupe scolaire de Boulari 2,GROUPE SCOLAIRE BOULARI,1,Groupe scolaire de Boulari,154 RUE ANTOINE GRISCELLI,ENSEIGNEMENT ET FORMATION,Enseignement du premier degré,Groupe scolaire,166.520855451452,-22.2274992832452,etablissements_publics_nc,27,1707,Boulari
municipales_2026,1,,,988,98817,Le Mont-Dore,MONTDORE,0011,826,494,332,481,8,5,3,LDIV,,,,,Maria Isabella SALIGA-LUTOVIKA NCMCP,12,1.45,2.49,,Groupe scolaire de Boulari 2,GROUPE SCOLAIRE BOULARI,1,Groupe scolaire de Boulari,154 RUE ANTOINE GRISCELLI,ENSEIGNEMENT ET FORMATION,Enseignement du premier degré,Groupe scolaire,166.520855451452,-22.2274992832452,etablissements_publics_nc,27,1707,Boulari
municipales_2026,1,,,988,98817,Le Mont-Dore,MONTDORE,0011,826,494,332,481,8,5,4,LDVD,,,,,Elizabeth RIVIERE NEE DABIN TOUS ENSEMBLE POUR LE MONT- DORE,136,16.46,28.27,,Groupe scolaire de Boulari 2,GROUPE SCOLAIRE BOULARI,1,Groupe scolaire de Boulari,154 RUE ANTOINE GRISCELLI,ENSEIGNEMENT ET FORMATION,Enseignement du premier degré,Groupe scolaire,166.520855451452,-22.2274992832452,etablissements_publics_nc,27,1707,Boulari
municipales_2026,1,,,988,98817,Le Mont-Dore,MONTDORE,0011,826,494,332,481,8,5,5,LDVC,,,,,Petelo Maximino SAO NOUS POUR LE MONT DORE,32,3.87,6.65,,Groupe scolaire de Boulari 2,GROUPE SCOLAIRE BOULARI,1,Groupe scolaire de Boulari,154 RUE ANTOINE GRISCELLI,ENSEIGNEMENT ET FORMATION,Enseignement du premier degré,Groupe scolaire,166.520855451452,-22.2274992832452,etablissements_publics_nc,27,1707,Boulari
municipales_2026,1,,,988,98817,Le Mont-Dore,MONTDORE,0011,826,494,332,481,8,5,6,LDVD,,,,,Nina JULIÉ IL EST TEMPS !,262,31.72,54.47,,Groupe scolaire de Boulari 2,GROUPE SCOLAIRE BOULARI,1,Groupe scolaire de Boulari,154 RUE ANTOINE GRISCELLI,ENSEIGNEMENT ET FORMATION,Enseignement du premier degré,Groupe scolaire,166.520855451452,-22.2274992832452,etablissements_publics_nc,27,1707,Boulari
municipales_2026,1,,,988,98817,Le Mont-Dore,MONTDORE,0011,826,494,332,481,8,5,7,LREG,,,,,"Tania OUAKA LE MONT-DORE, NOTRE VILLE POUR UNE NATION SOUVERAINE",21,2.54,4.37,,Groupe scolaire de Boulari 2,GROUPE SCOLAIRE BOULARI,1,Groupe scolaire de Boulari,154 RUE ANTOINE GRISCELLI,ENSEIGNEMENT ET FORMATION,Enseignement du premier degré,Groupe scolaire,166.520855451452,-22.2274992832452,etablissements_publics_nc,27,1707,Boulari
municipales_2026,1,,,988,98817,Le Mont-Dore,MONTDORE,0012,820,437,383,421,10,6,1,LDVC,,,,,Jinézi Annie QAEZE POUR UN MONT-DORE QUI NOUS RESSEMBLE ET QUI NOUS RASSEMBLE,30,3.66,7.13,,Groupe scolaire Saint-Michel 1,GROUPE SCOLAIRE SAINT MICHEL,0.824,Groupe scolaire de Saint-Joseph de Cluny,367 RUE CHARLES FRANCOIS BEAUTEMPS BEAUPRE,ENSEIGNEMENT ET FORMATION,Enseignement du premier degré,Groupe scolaire,166.499920849353,-22.2240498676639,etablissements_publics_nc,24,1704,La Conception
municipales_2026,1,,,988,98817,Le Mont-Dore,MONTDORE,0012,820,437,383,421,10,6,2,LREG,,,,,Emma MALAVAL UNI POUR LE MONT-DORE,8,0.98,1.9,,Groupe scolaire Saint-Michel 1,GROUPE SCOLAIRE SAINT MICHEL,0.824,Groupe scolaire de Saint-Joseph de Cluny,367 RUE CHARLES FRANCOIS BEAUTEMPS BEAUPRE,ENSEIGNEMENT ET FORMATION,Enseignement du premier degré,Groupe scolaire,166.499920849353,-22.2240498676639,etablissements_publics_nc,24,1704,La Conception
municipales_2026,1,,,988,98817,Le Mont-Dore,MONTDORE,0012,820,437,383,421,10,6,3,LDIV,,,,,Maria Isabella SALIGA-LUTOVIKA NCMCP,4,0.49,0.95,,Groupe scolaire Saint-Michel 1,GROUPE SCOLAIRE SAINT MICHEL,0.824,Groupe scolaire de Saint-Joseph de Cluny,367 RUE CHARLES FRANCOIS BEAUTEMPS BEAUPRE,ENSEIGNEMENT ET FORMATION,Enseignement du premier degré,Groupe scolaire,166.499920849353,-22.2240498676639,etablissements_publics_nc,24,1704,La Conception
municipales_2026,1,,,988,98817,Le Mont-Dore,MONTDORE,0012,820,437,383,421,10,6,4,LDVD,,,,,Elizabeth RIVIERE NEE DABIN TOUS ENSEMBLE POUR LE MONT- DORE,117,14.27,27.79,,Groupe scolaire Saint-Michel 1,GROUPE SCOLAIRE SAINT MICHEL,0.824,Groupe scolaire de Saint-Joseph de Cluny,367 RUE CHARLES FRANCOIS BEAUTEMPS BEAUPRE,ENSEIGNEMENT ET FORMATION,Enseignement du premier degré,Groupe scolaire,166.499920849353,-22.2240498676639,etablissements_publics_nc,24,1704,La Conception
municipales_2026,1,,,988,98817,Le Mont-Dore,MONTDORE,0012,820,437,383,421,10,6,5,LDVC,,,,,Petelo Maximino SAO NOUS POUR LE MONT DORE,42,5.12,9.98,,Groupe scolaire Saint-Michel 1,GROUPE SCOLAIRE SAINT MICHEL,0.824,Groupe scolaire de Saint-Joseph de Cluny,367 RUE CHARLES FRANCOIS BEAUTEMPS BEAUPRE,ENSEIGNEMENT ET FORMATION,Enseignement du premier degré,Groupe scolaire,166.499920849353,-22.2240498676639,etablissements_publics_nc,24,1704,La Conception
municipales_2026,1,,,988,98817,Le Mont-Dore,MONTDORE,0012,820,437,383,421,10,6,6,LDVD,,,,,Nina JULIÉ IL EST TEMPS !,132,16.1,31.35,,Groupe scolaire Saint-Michel 1,GROUPE SCOLAIRE SAINT MICHEL,0.824,Groupe scolaire de Saint-Joseph de Cluny,367 RUE CHARLES FRANCOIS BEAUTEMPS BEAUPRE,ENSEIGNEMENT ET FORMATION,Enseignement du premier degré,Groupe scolaire,166.499920849353,-22.2240498676639,etablissements_publics_nc,24,1704,La Conception
municipales_2026,1,,,988,98817,Le Mont-Dore,MONTDORE,0012,820,437,383,421,10,6,7,LREG,,,,,"Tania OUAKA LE MONT-DORE, NOTRE VILLE POUR UNE NATION SOUVERAINE",88,10.73,20.9,,Groupe scolaire Saint-Michel 1,GROUPE SCOLAIRE SAINT MICHEL,0.824,Groupe scolaire de Saint-Joseph de Cluny,367 RUE CHARLES FRANCOIS BEAUTEMPS BEAUPRE,ENSEIGNEMENT ET FORMATION,Enseignement du premier degré,Groupe scolaire,166.499920849353,-22.2240498676639,etablissements_publics_nc,24,1704,La Conception
municipales_2026,1,,,988,98817,Le Mont-Dore,MONTDORE,0013,583,302,281,298,3,1,1,LDVC,,,,,Jinézi Annie QAEZE POUR UN MONT-DORE QUI NOUS RESSEMBLE ET QUI NOUS RASSEMBLE,16,2.74,5.37,,École maternelle Les Fougères,ECOLE MATERNELLE FOUGERES,0.69,Ecole primaire de l'Ile-Ouen,,ENSEIGNEMENT ET FORMATION,Enseignement du premier degré,Ecole primaire,166.841440737558,-22.4256696418669,etablissements_publics_nc,35,1715,Mouirange - Grand Sud - Ile Ouen
municipales_2026,1,,,988,98817,Le Mont-Dore,MONTDORE,0013,583,302,281,298,3,1,2,LREG,,,,,Emma MALAVAL UNI POUR LE MONT-DORE,5,0.86,1.68,,École maternelle Les Fougères,ECOLE MATERNELLE FOUGERES,0.69,Ecole primaire de l'Ile-Ouen,,ENSEIGNEMENT ET FORMATION,Enseignement du premier degré,Ecole primaire,166.841440737558,-22.4256696418669,etablissements_publics_nc,35,1715,Mouirange - Grand Sud - Ile Ouen
municipales_2026,1,,,988,98817,Le Mont-Dore,MONTDORE,0013,583,302,281,298,3,1,3,LDIV,,,,,Maria Isabella SALIGA-LUTOVIKA NCMCP,5,0.86,1.68,,École maternelle Les Fougères,ECOLE MATERNELLE FOUGERES,0.69,Ecole primaire de l'Ile-Ouen,,ENSEIGNEMENT ET FORMATION,Enseignement du premier degré,Ecole primaire,166.841440737558,-22.4256696418669,etablissements_publics_nc,35,1715,Mouirange - Grand Sud - Ile Ouen
municipales_2026,1,,,988,98817,Le Mont-Dore,MONTDORE,0013,583,302,281,298,3,1,4,LDVD,,,,,Elizabeth RIVIERE NEE DABIN TOUS ENSEMBLE POUR LE MONT- DORE,52,8.92,17.45,,École maternelle Les Fougères,ECOLE MATERNELLE FOUGERES,0.69,Ecole primaire de l'Ile-Ouen,,ENSEIGNEMENT ET FORMATION,Enseignement du premier degré,Ecole primaire,166.841440737558,-22.4256696418669,etablissements_publics_nc,35,1715,Mouirange - Grand Sud - Ile Ouen
municipales_2026,1,,,988,98817,Le Mont-Dore,MONTDORE,0013,583,302,281,298,3,1,5,LDVC,,,,,Petelo Maximino SAO NOUS POUR LE MONT DORE,49,8.4,16.44,,École maternelle Les Fougères,ECOLE MATERNELLE FOUGERES,0.69,Ecole primaire de l'Ile-Ouen,,ENSEIGNEMENT ET FORMATION,Enseignement du premier degré,Ecole primaire,166.841440737558,-22.4256696418669,etablissements_publics_nc,35,1715,Mouirange - Grand Sud - Ile Ouen
municipales_2026,1,,,988,98817,Le Mont-Dore,MONTDORE,0013,583,302,281,298,3,1,6,LDVD,,,,,Nina JULIÉ IL EST TEMPS !,116,19.9,38.93,,École maternelle Les Fougères,ECOLE MATERNELLE FOUGERES,0.69,Ecole primaire de l'Ile-Ouen,,ENSEIGNEMENT ET FORMATION,Enseignement du premier degré,Ecole primaire,166.841440737558,-22.4256696418669,etablissements_publics_nc,35,1715,Mouirange - Grand Sud - Ile Ouen
municipales_2026,1,,,988,98817,Le Mont-Dore,MONTDORE,0013,583,302,281,298,3,1,7,LREG,,,,,"Tania OUAKA LE MONT-DORE, NOTRE VILLE POUR UNE NATION SOUVERAINE",55,9.43,18.46,,École maternelle Les Fougères,ECOLE MATERNELLE FOUGERES,0.69,Ecole primaire de l'Ile-Ouen,,ENSEIGNEMENT ET FORMATION,Enseignement du premier degré,Ecole primaire,166.841440737558,-22.4256696418669,etablissements_publics_nc,35,1715,Mouirange - Grand Sud - Ile Ouen
municipales_2026,1,,,988,98817,Le Mont-Dore,MONTDORE,0014,1100,649,451,634,10,5,1,LDVC,,,,,Jinézi Annie QAEZE POUR UN MONT-DORE QUI NOUS RESSEMBLE ET QUI NOUS RASSEMBLE,26,2.36,4.1,,École maternelle Les Dauphins,ECOLE MATERNELLE DAUPHINS,0.741,Ecole maternelle les Dauphins,1724 LA CORNICHE DU MONT DORE,ENSEIGNEMENT ET FORMATION,Enseignement du premier degré,Ecole pré-élémentaire,166.57252708408,-22.2768294716869,etablissements_publics_nc,32,1712,Vallon Dore
municipales_2026,1,,,988,98817,Le Mont-Dore,MONTDORE,0014,1100,649,451,634,10,5,2,LREG,,,,,Emma MALAVAL UNI POUR LE MONT-DORE,16,1.45,2.52,,École maternelle Les Dauphins,ECOLE MATERNELLE DAUPHINS,0.741,Ecole maternelle les Dauphins,1724 LA CORNICHE DU MONT DORE,ENSEIGNEMENT ET FORMATION,Enseignement du premier degré,Ecole pré-élémentaire,166.57252708408,-22.2768294716869,etablissements_publics_nc,32,1712,Vallon Dore
municipales_2026,1,,,988,98817,Le Mont-Dore,MONTDORE,0014,1100,649,451,634,10,5,3,LDIV,,,,,Maria Isabella SALIGA-LUTOVIKA NCMCP,0,0,0,,École maternelle Les Dauphins,ECOLE MATERNELLE DAUPHINS,0.741,Ecole maternelle les Dauphins,1724 LA CORNICHE DU MONT DORE,ENSEIGNEMENT ET FORMATION,Enseignement du premier degré,Ecole pré-élémentaire,166.57252708408,-22.2768294716869,etablissements_publics_nc,32,1712,Vallon Dore
municipales_2026,1,,,988,98817,Le Mont-Dore,MONTDORE,0014,1100,649,451,634,10,5,4,LDVD,,,,,Elizabeth RIVIERE NEE DABIN TOUS ENSEMBLE POUR LE MONT- DORE,239,21.73,37.7,,École maternelle Les Dauphins,ECOLE MATERNELLE DAUPHINS,0.741,Ecole maternelle les Dauphins,1724 LA CORNICHE DU MONT DORE,ENSEIGNEMENT ET FORMATION,Enseignement du premier degré,Ecole pré-élémentaire,166.57252708408,-22.2768294716869,etablissements_publics_nc,32,1712,Vallon Dore
municipales_2026,1,,,988,98817,Le Mont-Dore,MONTDORE,0014,1100,649,451,634,10,5,5,LDVC,,,,,Petelo Maximino SAO NOUS POUR LE MONT DORE,14,1.27,2.21,,École maternelle Les Dauphins,ECOLE MATERNELLE DAUPHINS,0.741,Ecole maternelle les Dauphins,1724 LA CORNICHE DU MONT DORE,ENSEIGNEMENT ET FORMATION,Enseignement du premier degré,Ecole pré-élémentaire,166.57252708408,-22.2768294716869,etablissements_publics_nc,32,1712,Vallon Dore
municipales_2026,1,,,988,98817,Le Mont-Dore,MONTDORE,0014,1100,649,451,634,10,5,6,LDVD,,,,,Nina JULIÉ IL EST TEMPS !,276,25.09,43.53,,École maternelle Les Dauphins,ECOLE MATERNELLE DAUPHINS,0.741,Ecole maternelle les Dauphins,1724 LA CORNICHE DU MONT DORE,ENSEIGNEMENT ET FORMATION,Enseignement du premier degré,Ecole pré-élémentaire,166.57252708408,-22.2768294716869,etablissements_publics_nc,32,1712,Vallon Dore
municipales_2026,1,,,988,98817,Le Mont-Dore,MONTDORE,0014,1100,649,451,634,10,5,7,LREG,,,,,"Tania OUAKA LE MONT-DORE, NOTRE VILLE POUR UNE NATION SOUVERAINE",63,5.73,9.94,,École maternelle Les Dauphins,ECOLE MATERNELLE DAUPHINS,0.741,Ecole maternelle les Dauphins,1724 LA CORNICHE DU MONT DORE,ENSEIGNEMENT ET FORMATION,Enseignement du premier degré,Ecole pré-élémentaire,166.57252708408,-22.2768294716869,etablissements_publics_nc,32,1712,Vallon Dore
municipales_2026,1,,,988,98817,Le Mont-Dore,MONTDORE,0015,1296,705,591,683,15,7,1,LDVC,,,,,Jinézi Annie QAEZE POUR UN MONT-DORE QUI NOUS RESSEMBLE ET QUI NOUS RASSEMBLE,33,2.55,4.83,,École maternelle Les Coccinelles,ECOLE MATERNELLE COCCINELLES,0.771,Ecole maternelle Les Coccinelles,2299 ROUTE DU VALLON DORE,ENSEIGNEMENT ET FORMATION,Enseignement du premier degré,Ecole pré-élémentaire,166.56758162382,-22.2502864537601,etablissements_publics_nc,31,1711,La Coulée Sud
municipales_2026,1,,,988,98817,Le Mont-Dore,MONTDORE,0015,1296,705,591,683,15,7,2,LREG,,,,,Emma MALAVAL UNI POUR LE MONT-DORE,24,1.85,3.51,,École maternelle Les Coccinelles,ECOLE MATERNELLE COCCINELLES,0.771,Ecole maternelle Les Coccinelles,2299 ROUTE DU VALLON DORE,ENSEIGNEMENT ET FORMATION,Enseignement du premier degré,Ecole pré-élémentaire,166.56758162382,-22.2502864537601,etablissements_publics_nc,31,1711,La Coulée Sud
municipales_2026,1,,,988,98817,Le Mont-Dore,MONTDORE,0015,1296,705,591,683,15,7,3,LDIV,,,,,Maria Isabella SALIGA-LUTOVIKA NCMCP,13,1,1.9,,École maternelle Les Coccinelles,ECOLE MATERNELLE COCCINELLES,0.771,Ecole maternelle Les Coccinelles,2299 ROUTE DU VALLON DORE,ENSEIGNEMENT ET FORMATION,Enseignement du premier degré,Ecole pré-élémentaire,166.56758162382,-22.2502864537601,etablissements_publics_nc,31,1711,La Coulée Sud
municipales_2026,1,,,988,98817,Le Mont-Dore,MONTDORE,0015,1296,705,591,683,15,7,4,LDVD,,,,,Elizabeth RIVIERE NEE DABIN TOUS ENSEMBLE POUR LE MONT- DORE,159,12.27,23.28,,École maternelle Les Coccinelles,ECOLE MATERNELLE COCCINELLES,0.771,Ecole maternelle Les Coccinelles,2299 ROUTE DU VALLON DORE,ENSEIGNEMENT ET FORMATION,Enseignement du premier degré,Ecole pré-élémentaire,166.56758162382,-22.2502864537601,etablissements_publics_nc,31,1711,La Coulée Sud
municipales_2026,1,,,988,98817,Le Mont-Dore,MONTDORE,0015,1296,705,591,683,15,7,5,LDVC,,,,,Petelo Maximino SAO NOUS POUR LE MONT DORE,47,3.63,6.88,,École maternelle Les Coccinelles,ECOLE MATERNELLE COCCINELLES,0.771,Ecole maternelle Les Coccinelles,2299 ROUTE DU VALLON DORE,ENSEIGNEMENT ET FORMATION,Enseignement du premier degré,Ecole pré-élémentaire,166.56758162382,-22.2502864537601,etablissements_publics_nc,31,1711,La Coulée Sud
municipales_2026,1,,,988,98817,Le Mont-Dore,MONTDORE,0015,1296,705,591,683,15,7,6,LDVD,,,,,Nina JULIÉ IL EST TEMPS !,253,19.52,37.04,,École maternelle Les Coccinelles,ECOLE MATERNELLE COCCINELLES,0.771,Ecole maternelle Les Coccinelles,2299 ROUTE DU VALLON DORE,ENSEIGNEMENT ET FORMATION,Enseignement du premier degré,Ecole pré-élémentaire,166.56758162382,-22.2502864537601,etablissements_publics_nc,31,1711,La Coulée Sud
municipales_2026,1,,,988,98817,Le Mont-Dore,MONTDORE,0015,1296,705,591,683,15,7,7,LREG,,,,,"Tania OUAKA LE MONT-DORE, NOTRE VILLE POUR UNE NATION SOUVERAINE",154,11.88,22.55,,École maternelle Les Coccinelles,ECOLE MATERNELLE COCCINELLES,0.771,Ecole maternelle Les Coccinelles,2299 ROUTE DU VALLON DORE,ENSEIGNEMENT ET FORMATION,Enseignement du premier degré,Ecole pré-élémentaire,166.56758162382,-22.2502864537601,etablissements_publics_nc,31,1711,La Coulée Sud
municipales_2026,1,,,988,98817,Le Mont-Dore,MONTDORE,0016,1131,628,503,618,8,2,1,LDVC,,,,,Jinézi Annie QAEZE POUR UN MONT-DORE QUI NOUS RESSEMBLE ET QUI NOUS RASSEMBLE,25,2.21,4.05,,École Saint-Joseph de CLUNY,ECOLE SAINT JOSEPH CLUNY,0.83,Communauté Saint Joseph de CLUNY,483 RUE CHARLES FRANCOIS BEAUTEMPS BEAUPRE,CULTE,Culte,Chapelle paroisse et centre religieux,166.499920601202,-22.2239776205159,etablissements_publics_nc,24,1704,La Conception
municipales_2026,1,,,988,98817,Le Mont-Dore,MONTDORE,0016,1131,628,503,618,8,2,2,LREG,,,,,Emma MALAVAL UNI POUR LE MONT-DORE,7,0.62,1.13,,École Saint-Joseph de CLUNY,ECOLE SAINT JOSEPH CLUNY,0.83,Communauté Saint Joseph de CLUNY,483 RUE CHARLES FRANCOIS BEAUTEMPS BEAUPRE,CULTE,Culte,Chapelle paroisse et centre religieux,166.499920601202,-22.2239776205159,etablissements_publics_nc,24,1704,La Conception
municipales_2026,1,,,988,98817,Le Mont-Dore,MONTDORE,0016,1131,628,503,618,8,2,3,LDIV,,,,,Maria Isabella SALIGA-LUTOVIKA NCMCP,12,1.06,1.94,,École Saint-Joseph de CLUNY,ECOLE SAINT JOSEPH CLUNY,0.83,Communauté Saint Joseph de CLUNY,483 RUE CHARLES FRANCOIS BEAUTEMPS BEAUPRE,CULTE,Culte,Chapelle paroisse et centre religieux,166.499920601202,-22.2239776205159,etablissements_publics_nc,24,1704,La Conception
municipales_2026,1,,,988,98817,Le Mont-Dore,MONTDORE,0016,1131,628,503,618,8,2,4,LDVD,,,,,Elizabeth RIVIERE NEE DABIN TOUS ENSEMBLE POUR LE MONT- DORE,121,10.7,19.58,,École Saint-Joseph de CLUNY,ECOLE SAINT JOSEPH CLUNY,0.83,Communauté Saint Joseph de CLUNY,483 RUE CHARLES FRANCOIS BEAUTEMPS BEAUPRE,CULTE,Culte,Chapelle paroisse et centre religieux,166.499920601202,-22.2239776205159,etablissements_publics_nc,24,1704,La Conception
municipales_2026,1,,,988,98817,Le Mont-Dore,MONTDORE,0016,1131,628,503,618,8,2,5,LDVC,,,,,Petelo Maximino SAO NOUS POUR LE MONT DORE,101,8.93,16.34,,École Saint-Joseph de CLUNY,ECOLE SAINT JOSEPH CLUNY,0.83,Communauté Saint Joseph de CLUNY,483 RUE CHARLES FRANCOIS BEAUTEMPS BEAUPRE,CULTE,Culte,Chapelle paroisse et centre religieux,166.499920601202,-22.2239776205159,etablissements_publics_nc,24,1704,La Conception
municipales_2026,1,,,988,98817,Le Mont-Dore,MONTDORE,0016,1131,628,503,618,8,2,6,LDVD,,,,,Nina JULIÉ IL EST TEMPS !,172,15.21,27.83,,École Saint-Joseph de CLUNY,ECOLE SAINT JOSEPH CLUNY,0.83,Communauté Saint Joseph de CLUNY,483 RUE CHARLES FRANCOIS BEAUTEMPS BEAUPRE,CULTE,Culte,Chapelle paroisse et centre religieux,166.499920601202,-22.2239776205159,etablissements_publics_nc,24,1704,La Conception
municipales_2026,1,,,988,98817,Le Mont-Dore,MONTDORE,0016,1131,628,503,618,8,2,7,LREG,,,,,"Tania OUAKA LE MONT-DORE, NOTRE VILLE POUR UNE NATION SOUVERAINE",180,15.92,29.13,,École Saint-Joseph de CLUNY,ECOLE SAINT JOSEPH CLUNY,0.83,Communauté Saint Joseph de CLUNY,483 RUE CHARLES FRANCOIS BEAUTEMPS BEAUPRE,CULTE,Culte,Chapelle paroisse et centre religieux,166.499920601202,-22.2239776205159,etablissements_publics_nc,24,1704,La Conception
municipales_2026,1,,,988,98817,Le Mont-Dore,MONTDORE,0017,949,516,433,500,8,8,1,LDVC,,,,,Jinézi Annie QAEZE POUR UN MONT-DORE QUI NOUS RESSEMBLE ET QUI NOUS RASSEMBLE,21,2.21,4.2,,École primaire Louis Henri GALINIE 2,ECOLE PRIMAIRE LOUIS HENRI GALINIE,0.923,Ecole primaire Louis Henri Galinié,1133 RUE DES TROIS BANIANS,ENSEIGNEMENT ET FORMATION,Enseignement du premier degré,Ecole élémentaire,166.512755378687,-22.2163077194956,etablissements_publics_nc,25,1705,Robinson Nord
municipales_2026,1,,,988,98817,Le Mont-Dore,MONTDORE,0017,949,516,433,500,8,8,2,LREG,,,,,Emma MALAVAL UNI POUR LE MONT-DORE,6,0.63,1.2,,École primaire Louis Henri GALINIE 2,ECOLE PRIMAIRE LOUIS HENRI GALINIE,0.923,Ecole primaire Louis Henri Galinié,1133 RUE DES TROIS BANIANS,ENSEIGNEMENT ET FORMATION,Enseignement du premier degré,Ecole élémentaire,166.512755378687,-22.2163077194956,etablissements_publics_nc,25,1705,Robinson Nord
municipales_2026,1,,,988,98817,Le Mont-Dore,MONTDORE,0017,949,516,433,500,8,8,3,LDIV,,,,,Maria Isabella SALIGA-LUTOVIKA NCMCP,54,5.69,10.8,,École primaire Louis Henri GALINIE 2,ECOLE PRIMAIRE LOUIS HENRI GALINIE,0.923,Ecole primaire Louis Henri Galinié,1133 RUE DES TROIS BANIANS,ENSEIGNEMENT ET FORMATION,Enseignement du premier degré,Ecole élémentaire,166.512755378687,-22.2163077194956,etablissements_publics_nc,25,1705,Robinson Nord
municipales_2026,1,,,988,98817,Le Mont-Dore,MONTDORE,0017,949,516,433,500,8,8,4,LDVD,,,,,Elizabeth RIVIERE NEE DABIN TOUS ENSEMBLE POUR LE MONT- DORE,111,11.7,22.2,,École primaire Louis Henri GALINIE 2,ECOLE PRIMAIRE LOUIS HENRI GALINIE,0.923,Ecole primaire Louis Henri Galinié,1133 RUE DES TROIS BANIANS,ENSEIGNEMENT ET FORMATION,Enseignement du premier degré,Ecole élémentaire,166.512755378687,-22.2163077194956,etablissements_publics_nc,25,1705,Robinson Nord
municipales_2026,1,,,988,98817,Le Mont-Dore,MONTDORE,0017,949,516,433,500,8,8,5,LDVC,,,,,Petelo Maximino SAO NOUS POUR LE MONT DORE,50,5.27,10,,École primaire Louis Henri GALINIE 2,ECOLE PRIMAIRE LOUIS HENRI GALINIE,0.923,Ecole primaire Louis Henri Galinié,1133 RUE DES TROIS BANIANS,ENSEIGNEMENT ET FORMATION,Enseignement du premier degré,Ecole élémentaire,166.512755378687,-22.2163077194956,etablissements_publics_nc,25,1705,Robinson Nord
municipales_2026,1,,,988,98817,Le Mont-Dore,MONTDORE,0017,949,516,433,500,8,8,6,LDVD,,,,,Nina JULIÉ IL EST TEMPS !,222,23.39,44.4,,École primaire Louis Henri GALINIE 2,ECOLE PRIMAIRE LOUIS HENRI GALINIE,0.923,Ecole primaire Louis Henri Galinié,1133 RUE DES TROIS BANIANS,ENSEIGNEMENT ET FORMATION,Enseignement du premier degré,Ecole élémentaire,166.512755378687,-22.2163077194956,etablissements_publics_nc,25,1705,Robinson Nord
municipales_2026,1,,,988,98817,Le Mont-Dore,MONTDORE,0017,949,516,433,500,8,8,7,LREG,,,,,"Tania OUAKA LE MONT-DORE, NOTRE VILLE POUR UNE NATION SOUVERAINE",36,3.79,7.2,,École primaire Louis Henri GALINIE 2,ECOLE PRIMAIRE LOUIS HENRI GALINIE,0.923,Ecole primaire Louis Henri Galinié,1133 RUE DES TROIS BANIANS,ENSEIGNEMENT ET FORMATION,Enseignement du premier degré,Ecole élémentaire,166.512755378687,-22.2163077194956,etablissements_publics_nc,25,1705,Robinson Nord
municipales_2026,1,,,988,98817,Le Mont-Dore,MONTDORE,0018,1068,579,489,563,12,4,1,LDVC,,,,,Jinézi Annie QAEZE POUR UN MONT-DORE QUI NOUS RESSEMBLE ET QUI NOUS RASSEMBLE,33,3.09,5.86,,Groupe scolaire de Boulari 3,GROUPE SCOLAIRE BOULARI,1,Groupe scolaire de Boulari,154 RUE ANTOINE GRISCELLI,ENSEIGNEMENT ET FORMATION,Enseignement du premier degré,Groupe scolaire,166.520855451452,-22.2274992832452,etablissements_publics_nc,27,1707,Boulari
municipales_2026,1,,,988,98817,Le Mont-Dore,MONTDORE,0018,1068,579,489,563,12,4,2,LREG,,,,,Emma MALAVAL UNI POUR LE MONT-DORE,21,1.97,3.73,,Groupe scolaire de Boulari 3,GROUPE SCOLAIRE BOULARI,1,Groupe scolaire de Boulari,154 RUE ANTOINE GRISCELLI,ENSEIGNEMENT ET FORMATION,Enseignement du premier degré,Groupe scolaire,166.520855451452,-22.2274992832452,etablissements_publics_nc,27,1707,Boulari
municipales_2026,1,,,988,98817,Le Mont-Dore,MONTDORE,0018,1068,579,489,563,12,4,3,LDIV,,,,,Maria Isabella SALIGA-LUTOVIKA NCMCP,14,1.31,2.49,,Groupe scolaire de Boulari 3,GROUPE SCOLAIRE BOULARI,1,Groupe scolaire de Boulari,154 RUE ANTOINE GRISCELLI,ENSEIGNEMENT ET FORMATION,Enseignement du premier degré,Groupe scolaire,166.520855451452,-22.2274992832452,etablissements_publics_nc,27,1707,Boulari
municipales_2026,1,,,988,98817,Le Mont-Dore,MONTDORE,0018,1068,579,489,563,12,4,4,LDVD,,,,,Elizabeth RIVIERE NEE DABIN TOUS ENSEMBLE POUR LE MONT- DORE,138,12.92,24.51,,Groupe scolaire de Boulari 3,GROUPE SCOLAIRE BOULARI,1,Groupe scolaire de Boulari,154 RUE ANTOINE GRISCELLI,ENSEIGNEMENT ET FORMATION,Enseignement du premier degré,Groupe scolaire,166.520855451452,-22.2274992832452,etablissements_publics_nc,27,1707,Boulari
municipales_2026,1,,,988,98817,Le Mont-Dore,MONTDORE,0018,1068,579,489,563,12,4,5,LDVC,,,,,Petelo Maximino SAO NOUS POUR LE MONT DORE,54,5.06,9.59,,Groupe scolaire de Boulari 3,GROUPE SCOLAIRE BOULARI,1,Groupe scolaire de Boulari,154 RUE ANTOINE GRISCELLI,ENSEIGNEMENT ET FORMATION,Enseignement du premier degré,Groupe scolaire,166.520855451452,-22.2274992832452,etablissements_publics_nc,27,1707,Boulari
municipales_2026,1,,,988,98817,Le Mont-Dore,MONTDORE,0018,1068,579,489,563,12,4,6,LDVD,,,,,Nina JULIÉ IL EST TEMPS !,243,22.75,43.16,,Groupe scolaire de Boulari 3,GROUPE SCOLAIRE BOULARI,1,Groupe scolaire de Boulari,154 RUE ANTOINE GRISCELLI,ENSEIGNEMENT ET FORMATION,Enseignement du premier degré,Groupe scolaire,166.520855451452,-22.2274992832452,etablissements_publics_nc,27,1707,Boulari
municipales_2026,1,,,988,98817,Le Mont-Dore,MONTDORE,0018,1068,579,489,563,12,4,7,LREG,,,,,"Tania OUAKA LE MONT-DORE, NOTRE VILLE POUR UNE NATION SOUVERAINE",60,5.62,10.66,,Groupe scolaire de Boulari 3,GROUPE SCOLAIRE BOULARI,1,Groupe scolaire de Boulari,154 RUE ANTOINE GRISCELLI,ENSEIGNEMENT ET FORMATION,Enseignement du premier degré,Groupe scolaire,166.520855451452,-22.2274992832452,etablissements_publics_nc,27,1707,Boulari
municipales_2026,1,,,988,98817,Le Mont-Dore,MONTDORE,0019,696,379,317,367,7,5,1,LDVC,,,,,Jinézi Annie QAEZE POUR UN MONT-DORE QUI NOUS RESSEMBLE ET QUI NOUS RASSEMBLE,15,2.16,4.09,,Groupe scolaire de Saint-Michel 2,GROUPE SCOLAIRE SAINT MICHEL,0.824,Groupe scolaire de Saint-Joseph de Cluny,367 RUE CHARLES FRANCOIS BEAUTEMPS BEAUPRE,ENSEIGNEMENT ET FORMATION,Enseignement du premier degré,Groupe scolaire,166.499920849353,-22.2240498676639,etablissements_publics_nc,24,1704,La Conception
municipales_2026,1,,,988,98817,Le Mont-Dore,MONTDORE,0019,696,379,317,367,7,5,2,LREG,,,,,Emma MALAVAL UNI POUR LE MONT-DORE,2,0.29,0.54,,Groupe scolaire de Saint-Michel 2,GROUPE SCOLAIRE SAINT MICHEL,0.824,Groupe scolaire de Saint-Joseph de Cluny,367 RUE CHARLES FRANCOIS BEAUTEMPS BEAUPRE,ENSEIGNEMENT ET FORMATION,Enseignement du premier degré,Groupe scolaire,166.499920849353,-22.2240498676639,etablissements_publics_nc,24,1704,La Conception
municipales_2026,1,,,988,98817,Le Mont-Dore,MONTDORE,0019,696,379,317,367,7,5,3,LDIV,,,,,Maria Isabella SALIGA-LUTOVIKA NCMCP,6,0.86,1.63,,Groupe scolaire de Saint-Michel 2,GROUPE SCOLAIRE SAINT MICHEL,0.824,Groupe scolaire de Saint-Joseph de Cluny,367 RUE CHARLES FRANCOIS BEAUTEMPS BEAUPRE,ENSEIGNEMENT ET FORMATION,Enseignement du premier degré,Groupe scolaire,166.499920849353,-22.2240498676639,etablissements_publics_nc,24,1704,La Conception
municipales_2026,1,,,988,98817,Le Mont-Dore,MONTDORE,0019,696,379,317,367,7,5,4,LDVD,,,,,Elizabeth RIVIERE NEE DABIN TOUS ENSEMBLE POUR LE MONT- DORE,95,13.65,25.89,,Groupe scolaire de Saint-Michel 2,GROUPE SCOLAIRE SAINT MICHEL,0.824,Groupe scolaire de Saint-Joseph de Cluny,367 RUE CHARLES FRANCOIS BEAUTEMPS BEAUPRE,ENSEIGNEMENT ET FORMATION,Enseignement du premier degré,Groupe scolaire,166.499920849353,-22.2240498676639,etablissements_publics_nc,24,1704,La Conception
municipales_2026,1,,,988,98817,Le Mont-Dore,MONTDORE,0019,696,379,317,367,7,5,5,LDVC,,,,,Petelo Maximino SAO NOUS POUR LE MONT DORE,42,6.03,11.44,,Groupe scolaire de Saint-Michel 2,GROUPE SCOLAIRE SAINT MICHEL,0.824,Groupe scolaire de Saint-Joseph de Cluny,367 RUE CHARLES FRANCOIS BEAUTEMPS BEAUPRE,ENSEIGNEMENT ET FORMATION,Enseignement du premier degré,Groupe scolaire,166.499920849353,-22.2240498676639,etablissements_publics_nc,24,1704,La Conception
municipales_2026,1,,,988,98817,Le Mont-Dore,MONTDORE,0019,696,379,317,367,7,5,6,LDVD,,,,,Nina JULIÉ IL EST TEMPS !,193,27.73,52.59,,Groupe scolaire de Saint-Michel 2,GROUPE SCOLAIRE SAINT MICHEL,0.824,Groupe scolaire de Saint-Joseph de Cluny,367 RUE CHARLES FRANCOIS BEAUTEMPS BEAUPRE,ENSEIGNEMENT ET FORMATION,Enseignement du premier degré,Groupe scolaire,166.499920849353,-22.2240498676639,etablissements_publics_nc,24,1704,La Conception
municipales_2026,1,,,988,98817,Le Mont-Dore,MONTDORE,0019,696,379,317,367,7,5,7,LREG,,,,,"Tania OUAKA LE MONT-DORE, NOTRE VILLE POUR UNE NATION SOUVERAINE",14,2.01,3.81,,Groupe scolaire de Saint-Michel 2,GROUPE SCOLAIRE SAINT MICHEL,0.824,Groupe scolaire de Saint-Joseph de Cluny,367 RUE CHARLES FRANCOIS BEAUTEMPS BEAUPRE,ENSEIGNEMENT ET FORMATION,Enseignement du premier degré,Groupe scolaire,166.499920849353,-22.2240498676639,etablissements_publics_nc,24,1704,La Conception
municipales_2026,1,,,988,98817,Le Mont-Dore,MONTDORE,0020,685,312,373,298,10,4,1,LDVC,,,,,Jinézi Annie QAEZE POUR UN MONT-DORE QUI NOUS RESSEMBLE ET QUI NOUS RASSEMBLE,6,0.88,2.01,,Groupe scolaire de Plum,GROUPE SCOLAIRE PLUM,0.86,Groupe scolaire de Yahoué,264 RUE DES OPUI,ENSEIGNEMENT ET FORMATION,Enseignement du premier degré,Groupe scolaire,166.489906860567,-22.2084828348965,etablissements_publics_nc,22,1702,Yahoué Sud
municipales_2026,1,,,988,98817,Le Mont-Dore,MONTDORE,0020,685,312,373,298,10,4,2,LREG,,,,,Emma MALAVAL UNI POUR LE MONT-DORE,13,1.9,4.36,,Groupe scolaire de Plum,GROUPE SCOLAIRE PLUM,0.86,Groupe scolaire de Yahoué,264 RUE DES OPUI,ENSEIGNEMENT ET FORMATION,Enseignement du premier degré,Groupe scolaire,166.489906860567,-22.2084828348965,etablissements_publics_nc,22,1702,Yahoué Sud
municipales_2026,1,,,988,98817,Le Mont-Dore,MONTDORE,0020,685,312,373,298,10,4,3,LDIV,,,,,Maria Isabella SALIGA-LUTOVIKA NCMCP,5,0.73,1.68,,Groupe scolaire de Plum,GROUPE SCOLAIRE PLUM,0.86,Groupe scolaire de Yahoué,264 RUE DES OPUI,ENSEIGNEMENT ET FORMATION,Enseignement du premier degré,Groupe scolaire,166.489906860567,-22.2084828348965,etablissements_publics_nc,22,1702,Yahoué Sud
municipales_2026,1,,,988,98817,Le Mont-Dore,MONTDORE,0020,685,312,373,298,10,4,4,LDVD,,,,,Elizabeth RIVIERE NEE DABIN TOUS ENSEMBLE POUR LE MONT- DORE,90,13.14,30.2,,Groupe scolaire de Plum,GROUPE SCOLAIRE PLUM,0.86,Groupe scolaire de Yahoué,264 RUE DES OPUI,ENSEIGNEMENT ET FORMATION,Enseignement du premier degré,Groupe scolaire,166.489906860567,-22.2084828348965,etablissements_publics_nc,22,1702,Yahoué Sud
municipales_2026,1,,,988,98817,Le Mont-Dore,MONTDORE,0020,685,312,373,298,10,4,5,LDVC,,,,,Petelo Maximino SAO NOUS POUR LE MONT DORE,15,2.19,5.03,,Groupe scolaire de Plum,GROUPE SCOLAIRE PLUM,0.86,Groupe scolaire de Yahoué,264 RUE DES OPUI,ENSEIGNEMENT ET FORMATION,Enseignement du premier degré,Groupe scolaire,166.489906860567,-22.2084828348965,etablissements_publics_nc,22,1702,Yahoué Sud
municipales_2026,1,,,988,98817,Le Mont-Dore,MONTDORE,0020,685,312,373,298,10,4,6,LDVD,,,,,Nina JULIÉ IL EST TEMPS !,106,15.47,35.57,,Groupe scolaire de Plum,GROUPE SCOLAIRE PLUM,0.86,Groupe scolaire de Yahoué,264 RUE DES OPUI,ENSEIGNEMENT ET FORMATION,Enseignement du premier degré,Groupe scolaire,166.489906860567,-22.2084828348965,etablissements_publics_nc,22,1702,Yahoué Sud
municipales_2026,1,,,988,98817,Le Mont-Dore,MONTDORE,0020,685,312,373,298,10,4,7,LREG,,,,,"Tania OUAKA LE MONT-DORE, NOTRE VILLE POUR UNE NATION SOUVERAINE",63,9.2,21.14,,Groupe scolaire de Plum,GROUPE SCOLAIRE PLUM,0.86,Groupe scolaire de Yahoué,264 RUE DES OPUI,ENSEIGNEMENT ET FORMATION,Enseignement du premier degré,Groupe scolaire,166.489906860567,-22.2084828348965,etablissements_publics_nc,22,1702,Yahoué Sud
municipales_2026,1,,,988,98817,Le Mont-Dore,MONTDORE,0021,899,463,436,444,13,6,1,LDVC,,,,,Jinézi Annie QAEZE POUR UN MONT-DORE QUI NOUS RESSEMBLE ET QUI NOUS RASSEMBLE,23,2.56,5.18,,École La Rizière 3,ECOLE RIZIERE,0.734,Ecole primaire La Rizière,89 RUE DU VIEUX PONT,ENSEIGNEMENT ET FORMATION,Enseignement du premier degré,Ecole élémentaire,166.573975497183,-22.2332233282141,etablissements_publics_nc,30,1710,La Coulée Nord
municipales_2026,1,,,988,98817,Le Mont-Dore,MONTDORE,0021,899,463,436,444,13,6,2,LREG,,,,,Emma MALAVAL UNI POUR LE MONT-DORE,12,1.33,2.7,,École La Rizière 3,ECOLE RIZIERE,0.734,Ecole primaire La Rizière,89 RUE DU VIEUX PONT,ENSEIGNEMENT ET FORMATION,Enseignement du premier degré,Ecole élémentaire,166.573975497183,-22.2332233282141,etablissements_publics_nc,30,1710,La Coulée Nord
municipales_2026,1,,,988,98817,Le Mont-Dore,MONTDORE,0021,899,463,436,444,13,6,3,LDIV,,,,,Maria Isabella SALIGA-LUTOVIKA NCMCP,3,0.33,0.68,,École La Rizière 3,ECOLE RIZIERE,0.734,Ecole primaire La Rizière,89 RUE DU VIEUX PONT,ENSEIGNEMENT ET FORMATION,Enseignement du premier degré,Ecole élémentaire,166.573975497183,-22.2332233282141,etablissements_publics_nc,30,1710,La Coulée Nord
municipales_2026,1,,,988,98817,Le Mont-Dore,MONTDORE,0021,899,463,436,444,13,6,4,LDVD,,,,,Elizabeth RIVIERE NEE DABIN TOUS ENSEMBLE POUR LE MONT- DORE,90,10.01,20.27,,École La Rizière 3,ECOLE RIZIERE,0.734,Ecole primaire La Rizière,89 RUE DU VIEUX PONT,ENSEIGNEMENT ET FORMATION,Enseignement du premier degré,Ecole élémentaire,166.573975497183,-22.2332233282141,etablissements_publics_nc,30,1710,La Coulée Nord
municipales_2026,1,,,988,98817,Le Mont-Dore,MONTDORE,0021,899,463,436,444,13,6,5,LDVC,,,,,Petelo Maximino SAO NOUS POUR LE MONT DORE,39,4.34,8.78,,École La Rizière 3,ECOLE RIZIERE,0.734,Ecole primaire La Rizière,89 RUE DU VIEUX PONT,ENSEIGNEMENT ET FORMATION,Enseignement du premier degré,Ecole élémentaire,166.573975497183,-22.2332233282141,etablissements_publics_nc,30,1710,La Coulée Nord
municipales_2026,1,,,988,98817,Le Mont-Dore,MONTDORE,0021,899,463,436,444,13,6,6,LDVD,,,,,Nina JULIÉ IL EST TEMPS !,193,21.47,43.47,,École La Rizière 3,ECOLE RIZIERE,0.734,Ecole primaire La Rizière,89 RUE DU VIEUX PONT,ENSEIGNEMENT ET FORMATION,Enseignement du premier degré,Ecole élémentaire,166.573975497183,-22.2332233282141,etablissements_publics_nc,30,1710,La Coulée Nord
municipales_2026,1,,,988,98817,Le Mont-Dore,MONTDORE,0021,899,463,436,444,13,6,7,LREG,,,,,"Tania OUAKA LE MONT-DORE, NOTRE VILLE POUR UNE NATION SOUVERAINE",84,9.34,18.92,,École La Rizière 3,ECOLE RIZIERE,0.734,Ecole primaire La Rizière,89 RUE DU VIEUX PONT,ENSEIGNEMENT ET FORMATION,Enseignement du premier degré,Ecole élémentaire,166.573975497183,-22.2332233282141,etablissements_publics_nc,30,1710,La Coulée Nord
municipales_2026,1,,,988,98817,Le Mont-Dore,MONTDORE,0022,823,439,384,429,7,3,1,LDVC,,,,,Jinézi Annie QAEZE POUR UN MONT-DORE QUI NOUS RESSEMBLE ET QUI NOUS RASSEMBLE,14,1.7,3.26,,École de la Briqueterie 1,ECOLE BRIQUETERIE,0.756,Groupe scolaire La Briquetterie,297 RUE DES ROSEAUX,ENSEIGNEMENT ET FORMATION,Enseignement du premier degré,Groupe scolaire,166.566445622614,-22.2625090934915,etablissements_publics_nc,32,1712,Vallon Dore
municipales_2026,1,,,988,98817,Le Mont-Dore,MONTDORE,0022,823,439,384,429,7,3,2,LREG,,,,,Emma MALAVAL UNI POUR LE MONT-DORE,6,0.73,1.4,,École de la Briqueterie 1,ECOLE BRIQUETERIE,0.756,Groupe scolaire La Briquetterie,297 RUE DES ROSEAUX,ENSEIGNEMENT ET FORMATION,Enseignement du premier degré,Groupe scolaire,166.566445622614,-22.2625090934915,etablissements_publics_nc,32,1712,Vallon Dore
municipales_2026,1,,,988,98817,Le Mont-Dore,MONTDORE,0022,823,439,384,429,7,3,3,LDIV,,,,,Maria Isabella SALIGA-LUTOVIKA NCMCP,4,0.49,0.93,,École de la Briqueterie 1,ECOLE BRIQUETERIE,0.756,Groupe scolaire La Briquetterie,297 RUE DES ROSEAUX,ENSEIGNEMENT ET FORMATION,Enseignement du premier degré,Groupe scolaire,166.566445622614,-22.2625090934915,etablissements_publics_nc,32,1712,Vallon Dore
municipales_2026,1,,,988,98817,Le Mont-Dore,MONTDORE,0022,823,439,384,429,7,3,4,LDVD,,,,,Elizabeth RIVIERE NEE DABIN TOUS ENSEMBLE POUR LE MONT- DORE,110,13.37,25.64,,École de la Briqueterie 1,ECOLE BRIQUETERIE,0.756,Groupe scolaire La Briquetterie,297 RUE DES ROSEAUX,ENSEIGNEMENT ET FORMATION,Enseignement du premier degré,Groupe scolaire,166.566445622614,-22.2625090934915,etablissements_publics_nc,32,1712,Vallon Dore
municipales_2026,1,,,988,98817,Le Mont-Dore,MONTDORE,0022,823,439,384,429,7,3,5,LDVC,,,,,Petelo Maximino SAO NOUS POUR LE MONT DORE,17,2.07,3.96,,École de la Briqueterie 1,ECOLE BRIQUETERIE,0.756,Groupe scolaire La Briquetterie,297 RUE DES ROSEAUX,ENSEIGNEMENT ET FORMATION,Enseignement du premier degré,Groupe scolaire,166.566445622614,-22.2625090934915,etablissements_publics_nc,32,1712,Vallon Dore
municipales_2026,1,,,988,98817,Le Mont-Dore,MONTDORE,0022,823,439,384,429,7,3,6,LDVD,,,,,Nina JULIÉ IL EST TEMPS !,244,29.65,56.88,,École de la Briqueterie 1,ECOLE BRIQUETERIE,0.756,Groupe scolaire La Briquetterie,297 RUE DES ROSEAUX,ENSEIGNEMENT ET FORMATION,Enseignement du premier degré,Groupe scolaire,166.566445622614,-22.2625090934915,etablissements_publics_nc,32,1712,Vallon Dore
municipales_2026,1,,,988,98817,Le Mont-Dore,MONTDORE,0022,823,439,384,429,7,3,7,LREG,,,,,"Tania OUAKA LE MONT-DORE, NOTRE VILLE POUR UNE NATION SOUVERAINE",34,4.13,7.93,,École de la Briqueterie 1,ECOLE BRIQUETERIE,0.756,Groupe scolaire La Briquetterie,297 RUE DES ROSEAUX,ENSEIGNEMENT ET FORMATION,Enseignement du premier degré,Groupe scolaire,166.566445622614,-22.2625090934915,etablissements_publics_nc,32,1712,Vallon Dore
municipales_2026,1,,,988,98817,Le Mont-Dore,MONTDORE,0023,626,315,311,309,4,2,1,LDVC,,,,,Jinézi Annie QAEZE POUR UN MONT-DORE QUI NOUS RESSEMBLE ET QUI NOUS RASSEMBLE,10,1.6,3.24,,École de la Briqueterie 2,ECOLE BRIQUETERIE,0.756,Groupe scolaire La Briquetterie,297 RUE DES ROSEAUX,ENSEIGNEMENT ET FORMATION,Enseignement du premier degré,Groupe scolaire,166.566445622614,-22.2625090934915,etablissements_publics_nc,32,1712,Vallon Dore
municipales_2026,1,,,988,98817,Le Mont-Dore,MONTDORE,0023,626,315,311,309,4,2,2,LREG,,,,,Emma MALAVAL UNI POUR LE MONT-DORE,3,0.48,0.97,,École de la Briqueterie 2,ECOLE BRIQUETERIE,0.756,Groupe scolaire La Briquetterie,297 RUE DES ROSEAUX,ENSEIGNEMENT ET FORMATION,Enseignement du premier degré,Groupe scolaire,166.566445622614,-22.2625090934915,etablissements_publics_nc,32,1712,Vallon Dore
municipales_2026,1,,,988,98817,Le Mont-Dore,MONTDORE,0023,626,315,311,309,4,2,3,LDIV,,,,,Maria Isabella SALIGA-LUTOVIKA NCMCP,1,0.16,0.32,,École de la Briqueterie 2,ECOLE BRIQUETERIE,0.756,Groupe scolaire La Briquetterie,297 RUE DES ROSEAUX,ENSEIGNEMENT ET FORMATION,Enseignement du premier degré,Groupe scolaire,166.566445622614,-22.2625090934915,etablissements_publics_nc,32,1712,Vallon Dore
municipales_2026,1,,,988,98817,Le Mont-Dore,MONTDORE,0023,626,315,311,309,4,2,4,LDVD,,,,,Elizabeth RIVIERE NEE DABIN TOUS ENSEMBLE POUR LE MONT- DORE,83,13.26,26.86,,École de la Briqueterie 2,ECOLE BRIQUETERIE,0.756,Groupe scolaire La Briquetterie,297 RUE DES ROSEAUX,ENSEIGNEMENT ET FORMATION,Enseignement du premier degré,Groupe scolaire,166.566445622614,-22.2625090934915,etablissements_publics_nc,32,1712,Vallon Dore
municipales_2026,1,,,988,98817,Le Mont-Dore,MONTDORE,0023,626,315,311,309,4,2,5,LDVC,,,,,Petelo Maximino SAO NOUS POUR LE MONT DORE,12,1.92,3.88,,École de la Briqueterie 2,ECOLE BRIQUETERIE,0.756,Groupe scolaire La Briquetterie,297 RUE DES ROSEAUX,ENSEIGNEMENT ET FORMATION,Enseignement du premier degré,Groupe scolaire,166.566445622614,-22.2625090934915,etablissements_publics_nc,32,1712,Vallon Dore
municipales_2026,1,,,988,98817,Le Mont-Dore,MONTDORE,0023,626,315,311,309,4,2,6,LDVD,,,,,Nina JULIÉ IL EST TEMPS !,165,26.36,53.4,,École de la Briqueterie 2,ECOLE BRIQUETERIE,0.756,Groupe scolaire La Briquetterie,297 RUE DES ROSEAUX,ENSEIGNEMENT ET FORMATION,Enseignement du premier degré,Groupe scolaire,166.566445622614,-22.2625090934915,etablissements_publics_nc,32,1712,Vallon Dore
municipales_2026,1,,,988,98817,Le Mont-Dore,MONTDORE,0023,626,315,311,309,4,2,7,LREG,,,,,"Tania OUAKA LE MONT-DORE, NOTRE VILLE POUR UNE NATION SOUVERAINE",35,5.59,11.33,,École de la Briqueterie 2,ECOLE BRIQUETERIE,0.756,Groupe scolaire La Briquetterie,297 RUE DES ROSEAUX,ENSEIGNEMENT ET FORMATION,Enseignement du premier degré,Groupe scolaire,166.566445622614,-22.2625090934915,etablissements_publics_nc,32,1712,Vallon Dore
municipales_2026,1,,,988,98817,Le Mont-Dore,MONTDORE,0024,854,431,423,420,6,5,1,LDVC,,,,,Jinézi Annie QAEZE POUR UN MONT-DORE QUI NOUS RESSEMBLE ET QUI NOUS RASSEMBLE,19,2.22,4.52,,Mairie 2,MAIRIE,0.98,Mairie du Mont-Dore,4468 AVENUE DES DEUX BAIES,ADMINISTRATION ET ORGANISME,Administrations des collectivités,Administration de la commune de Mont-Dore,166.523259425452,-22.2297495527098,etablissements_publics_nc,27,1707,Boulari
municipales_2026,1,,,988,98817,Le Mont-Dore,MONTDORE,0024,854,431,423,420,6,5,2,LREG,,,,,Emma MALAVAL UNI POUR LE MONT-DORE,5,0.59,1.19,,Mairie 2,MAIRIE,0.98,Mairie du Mont-Dore,4468 AVENUE DES DEUX BAIES,ADMINISTRATION ET ORGANISME,Administrations des collectivités,Administration de la commune de Mont-Dore,166.523259425452,-22.2297495527098,etablissements_publics_nc,27,1707,Boulari
municipales_2026,1,,,988,98817,Le Mont-Dore,MONTDORE,0024,854,431,423,420,6,5,3,LDIV,,,,,Maria Isabella SALIGA-LUTOVIKA NCMCP,3,0.35,0.71,,Mairie 2,MAIRIE,0.98,Mairie du Mont-Dore,4468 AVENUE DES DEUX BAIES,ADMINISTRATION ET ORGANISME,Administrations des collectivités,Administration de la commune de Mont-Dore,166.523259425452,-22.2297495527098,etablissements_publics_nc,27,1707,Boulari
municipales_2026,1,,,988,98817,Le Mont-Dore,MONTDORE,0024,854,431,423,420,6,5,4,LDVD,,,,,Elizabeth RIVIERE NEE DABIN TOUS ENSEMBLE POUR LE MONT- DORE,101,11.83,24.05,,Mairie 2,MAIRIE,0.98,Mairie du Mont-Dore,4468 AVENUE DES DEUX BAIES,ADMINISTRATION ET ORGANISME,Administrations des collectivités,Administration de la commune de Mont-Dore,166.523259425452,-22.2297495527098,etablissements_publics_nc,27,1707,Boulari
municipales_2026,1,,,988,98817,Le Mont-Dore,MONTDORE,0024,854,431,423,420,6,5,5,LDVC,,,,,Petelo Maximino SAO NOUS POUR LE MONT DORE,54,6.32,12.86,,Mairie 2,MAIRIE,0.98,Mairie du Mont-Dore,4468 AVENUE DES DEUX BAIES,ADMINISTRATION ET ORGANISME,Administrations des collectivités,Administration de la commune de Mont-Dore,166.523259425452,-22.2297495527098,etablissements_publics_nc,27,1707,Boulari
municipales_2026,1,,,988,98817,Le Mont-Dore,MONTDORE,0024,854,431,423,420,6,5,6,LDVD,,,,,Nina JULIÉ IL EST TEMPS !,163,19.09,38.81,,Mairie 2,MAIRIE,0.98,Mairie du Mont-Dore,4468 AVENUE DES DEUX BAIES,ADMINISTRATION ET ORGANISME,Administrations des collectivités,Administration de la commune de Mont-Dore,166.523259425452,-22.2297495527098,etablissements_publics_nc,27,1707,Boulari
municipales_2026,1,,,988,98817,Le Mont-Dore,MONTDORE,0024,854,431,423,420,6,5,7,LREG,,,,,"Tania OUAKA LE MONT-DORE, NOTRE VILLE POUR UNE NATION SOUVERAINE",75,8.78,17.86,,Mairie 2,MAIRIE,0.98,Mairie du Mont-Dore,4468 AVENUE DES DEUX BAIES,ADMINISTRATION ET ORGANISME,Administrations des collectivités,Administration de la commune de Mont-Dore,166.523259425452,-22.2297495527098,etablissements_publics_nc,27,1707,Boulari
municipales_2026,1,,,988,98818,Nouméa,NOUMEA,0001,874,379,495,374,3,2,1,LLR,,,,,"Virginie RUFFENACH POUR NOUMEA, UNE ENERGIE NOUVELLE",75,8.58,20.05,,Mairie 1,MAIRIE,0.93,Hôtel de Ville de Nouméa,16 RUE DU GENERAL MANGIN,ADMINISTRATION ET ORGANISME,Administrations des collectivités,Administration de la commune de Nouméa,166.439401925184,-22.2714056104229,etablissements_publics_nc,58,1822,Centre ville
municipales_2026,1,,,988,98818,Nouméa,NOUMEA,0001,874,379,495,374,3,2,2,LDIV,,,,,Claude SIRET NOUMEA POUR TOUS,15,1.72,4.01,,Mairie 1,MAIRIE,0.93,Hôtel de Ville de Nouméa,16 RUE DU GENERAL MANGIN,ADMINISTRATION ET ORGANISME,Administrations des collectivités,Administration de la commune de Nouméa,166.439401925184,-22.2714056104229,etablissements_publics_nc,58,1822,Centre ville
municipales_2026,1,,,988,98818,Nouméa,NOUMEA,0001,874,379,495,374,3,2,3,LDIV,,,,,Véronique FORESTIER NOUMEA LE RENOUVEAU,13,1.49,3.48,,Mairie 1,MAIRIE,0.93,Hôtel de Ville de Nouméa,16 RUE DU GENERAL MANGIN,ADMINISTRATION ET ORGANISME,Administrations des collectivités,Administration de la commune de Nouméa,166.439401925184,-22.2714056104229,etablissements_publics_nc,58,1822,Centre ville
municipales_2026,1,,,988,98818,Nouméa,NOUMEA,0001,874,379,495,374,3,2,4,LDVC,,,,,Philippe DUNOYER Nouméa : l'après,40,4.58,10.7,,Mairie 1,MAIRIE,0.93,Hôtel de Ville de Nouméa,16 RUE DU GENERAL MANGIN,ADMINISTRATION ET ORGANISME,Administrations des collectivités,Administration de la commune de Nouméa,166.439401925184,-22.2714056104229,etablissements_publics_nc,58,1822,Centre ville
municipales_2026,1,,,988,98818,Nouméa,NOUMEA,0001,874,379,495,374,3,2,5,LREG,,,,,Lesse ADJOUHGNIOPE UNITE PAYS,30,3.43,8.02,,Mairie 1,MAIRIE,0.93,Hôtel de Ville de Nouméa,16 RUE DU GENERAL MANGIN,ADMINISTRATION ET ORGANISME,Administrations des collectivités,Administration de la commune de Nouméa,166.439401925184,-22.2714056104229,etablissements_publics_nc,58,1822,Centre ville
municipales_2026,1,,,988,98818,Nouméa,NOUMEA,0001,874,379,495,374,3,2,6,LREG,,,,,Muneiko HAOCAS Nouméa coeur battant - justice sociale,16,1.83,4.28,,Mairie 1,MAIRIE,0.93,Hôtel de Ville de Nouméa,16 RUE DU GENERAL MANGIN,ADMINISTRATION ET ORGANISME,Administrations des collectivités,Administration de la commune de Nouméa,166.439401925184,-22.2714056104229,etablissements_publics_nc,58,1822,Centre ville
municipales_2026,1,,,988,98818,Nouméa,NOUMEA,0001,874,379,495,374,3,2,7,LDVD,,,,,Sonia LAGARDE AVEC VOUS POUR NOUMEA,173,19.79,46.26,,Mairie 1,MAIRIE,0.93,Hôtel de Ville de Nouméa,16 RUE DU GENERAL MANGIN,ADMINISTRATION ET ORGANISME,Administrations des collectivités,Administration de la commune de Nouméa,166.439401925184,-22.2714056104229,etablissements_publics_nc,58,1822,Centre ville
municipales_2026,1,,,988,98818,Nouméa,NOUMEA,0001,874,379,495,374,3,2,8,LREG,,,,,Pierre WONG KONG TAO UNI DANS LA DIVERSITE,12,1.37,3.21,,Mairie 1,MAIRIE,0.93,Hôtel de Ville de Nouméa,16 RUE DU GENERAL MANGIN,ADMINISTRATION ET ORGANISME,Administrations des collectivités,Administration de la commune de Nouméa,166.439401925184,-22.2714056104229,etablissements_publics_nc,58,1822,Centre ville
municipales_2026,1,,,988,98818,Nouméa,NOUMEA,0002,1567,553,1014,542,7,4,1,LLR,,,,,"Virginie RUFFENACH POUR NOUMEA, UNE ENERGIE NOUVELLE",84,5.36,15.5,,Mairie 2,MAIRIE,0.93,Hôtel de Ville de Nouméa,16 RUE DU GENERAL MANGIN,ADMINISTRATION ET ORGANISME,Administrations des collectivités,Administration de la commune de Nouméa,166.439401925184,-22.2714056104229,etablissements_publics_nc,58,1822,Centre ville
municipales_2026,1,,,988,98818,Nouméa,NOUMEA,0002,1567,553,1014,542,7,4,2,LDIV,,,,,Claude SIRET NOUMEA POUR TOUS,18,1.15,3.32,,Mairie 2,MAIRIE,0.93,Hôtel de Ville de Nouméa,16 RUE DU GENERAL MANGIN,ADMINISTRATION ET ORGANISME,Administrations des collectivités,Administration de la commune de Nouméa,166.439401925184,-22.2714056104229,etablissements_publics_nc,58,1822,Centre ville
municipales_2026,1,,,988,98818,Nouméa,NOUMEA,0002,1567,553,1014,542,7,4,3,LDIV,,,,,Véronique FORESTIER NOUMEA LE RENOUVEAU,7,0.45,1.29,,Mairie 2,MAIRIE,0.93,Hôtel de Ville de Nouméa,16 RUE DU GENERAL MANGIN,ADMINISTRATION ET ORGANISME,Administrations des collectivités,Administration de la commune de Nouméa,166.439401925184,-22.2714056104229,etablissements_publics_nc,58,1822,Centre ville
municipales_2026,1,,,988,98818,Nouméa,NOUMEA,0002,1567,553,1014,542,7,4,4,LDVC,,,,,Philippe DUNOYER Nouméa : l'après,75,4.79,13.84,,Mairie 2,MAIRIE,0.93,Hôtel de Ville de Nouméa,16 RUE DU GENERAL MANGIN,ADMINISTRATION ET ORGANISME,Administrations des collectivités,Administration de la commune de Nouméa,166.439401925184,-22.2714056104229,etablissements_publics_nc,58,1822,Centre ville
municipales_2026,1,,,988,98818,Nouméa,NOUMEA,0002,1567,553,1014,542,7,4,5,LREG,,,,,Lesse ADJOUHGNIOPE UNITE PAYS,85,5.42,15.68,,Mairie 2,MAIRIE,0.93,Hôtel de Ville de Nouméa,16 RUE DU GENERAL MANGIN,ADMINISTRATION ET ORGANISME,Administrations des collectivités,Administration de la commune de Nouméa,166.439401925184,-22.2714056104229,etablissements_publics_nc,58,1822,Centre ville
municipales_2026,1,,,988,98818,Nouméa,NOUMEA,0002,1567,553,1014,542,7,4,6,LREG,,,,,Muneiko HAOCAS Nouméa coeur battant - justice sociale,38,2.43,7.01,,Mairie 2,MAIRIE,0.93,Hôtel de Ville de Nouméa,16 RUE DU GENERAL MANGIN,ADMINISTRATION ET ORGANISME,Administrations des collectivités,Administration de la commune de Nouméa,166.439401925184,-22.2714056104229,etablissements_publics_nc,58,1822,Centre ville
municipales_2026,1,,,988,98818,Nouméa,NOUMEA,0002,1567,553,1014,542,7,4,7,LDVD,,,,,Sonia LAGARDE AVEC VOUS POUR NOUMEA,218,13.91,40.22,,Mairie 2,MAIRIE,0.93,Hôtel de Ville de Nouméa,16 RUE DU GENERAL MANGIN,ADMINISTRATION ET ORGANISME,Administrations des collectivités,Administration de la commune de Nouméa,166.439401925184,-22.2714056104229,etablissements_publics_nc,58,1822,Centre ville
municipales_2026,1,,,988,98818,Nouméa,NOUMEA,0002,1567,553,1014,542,7,4,8,LREG,,,,,Pierre WONG KONG TAO UNI DANS LA DIVERSITE,17,1.08,3.14,,Mairie 2,MAIRIE,0.93,Hôtel de Ville de Nouméa,16 RUE DU GENERAL MANGIN,ADMINISTRATION ET ORGANISME,Administrations des collectivités,Administration de la commune de Nouméa,166.439401925184,-22.2714056104229,etablissements_publics_nc,58,1822,Centre ville
municipales_2026,1,,,988,98818,Nouméa,NOUMEA,0003,1220,554,666,550,2,2,1,LLR,,,,,"Virginie RUFFENACH POUR NOUMEA, UNE ENERGIE NOUVELLE",119,9.75,21.64,,École Frédéric SURLEAU,ECOLE FREDERIC SURLEAU,0.836,Ecole Frédéric SURLEAU,5 RUE FREDERIC SURLEAU,ENSEIGNEMENT ET FORMATION,Enseignement du premier degré,Ecole élémentaire,166.446180272936,-22.2732842135737,etablissements_publics_nc,58,1822,Centre ville
municipales_2026,1,,,988,98818,Nouméa,NOUMEA,0003,1220,554,666,550,2,2,2,LDIV,,,,,Claude SIRET NOUMEA POUR TOUS,7,0.57,1.27,,École Frédéric SURLEAU,ECOLE FREDERIC SURLEAU,0.836,Ecole Frédéric SURLEAU,5 RUE FREDERIC SURLEAU,ENSEIGNEMENT ET FORMATION,Enseignement du premier degré,Ecole élémentaire,166.446180272936,-22.2732842135737,etablissements_publics_nc,58,1822,Centre ville
municipales_2026,1,,,988,98818,Nouméa,NOUMEA,0003,1220,554,666,550,2,2,3,LDIV,,,,,Véronique FORESTIER NOUMEA LE RENOUVEAU,14,1.15,2.55,,École Frédéric SURLEAU,ECOLE FREDERIC SURLEAU,0.836,Ecole Frédéric SURLEAU,5 RUE FREDERIC SURLEAU,ENSEIGNEMENT ET FORMATION,Enseignement du premier degré,Ecole élémentaire,166.446180272936,-22.2732842135737,etablissements_publics_nc,58,1822,Centre ville
municipales_2026,1,,,988,98818,Nouméa,NOUMEA,0003,1220,554,666,550,2,2,4,LDVC,,,,,Philippe DUNOYER Nouméa : l'après,41,3.36,7.45,,École Frédéric SURLEAU,ECOLE FREDERIC SURLEAU,0.836,Ecole Frédéric SURLEAU,5 RUE FREDERIC SURLEAU,ENSEIGNEMENT ET FORMATION,Enseignement du premier degré,Ecole élémentaire,166.446180272936,-22.2732842135737,etablissements_publics_nc,58,1822,Centre ville
municipales_2026,1,,,988,98818,Nouméa,NOUMEA,0003,1220,554,666,550,2,2,5,LREG,,,,,Lesse ADJOUHGNIOPE UNITE PAYS,27,2.21,4.91,,École Frédéric SURLEAU,ECOLE FREDERIC SURLEAU,0.836,Ecole Frédéric SURLEAU,5 RUE FREDERIC SURLEAU,ENSEIGNEMENT ET FORMATION,Enseignement du premier degré,Ecole élémentaire,166.446180272936,-22.2732842135737,etablissements_publics_nc,58,1822,Centre ville
municipales_2026,1,,,988,98818,Nouméa,NOUMEA,0003,1220,554,666,550,2,2,6,LREG,,,,,Muneiko HAOCAS Nouméa coeur battant - justice sociale,15,1.23,2.73,,École Frédéric SURLEAU,ECOLE FREDERIC SURLEAU,0.836,Ecole Frédéric SURLEAU,5 RUE FREDERIC SURLEAU,ENSEIGNEMENT ET FORMATION,Enseignement du premier degré,Ecole élémentaire,166.446180272936,-22.2732842135737,etablissements_publics_nc,58,1822,Centre ville
municipales_2026,1,,,988,98818,Nouméa,NOUMEA,0003,1220,554,666,550,2,2,7,LDVD,,,,,Sonia LAGARDE AVEC VOUS POUR NOUMEA,317,25.98,57.64,,École Frédéric SURLEAU,ECOLE FREDERIC SURLEAU,0.836,Ecole Frédéric SURLEAU,5 RUE FREDERIC SURLEAU,ENSEIGNEMENT ET FORMATION,Enseignement du premier degré,Ecole élémentaire,166.446180272936,-22.2732842135737,etablissements_publics_nc,58,1822,Centre ville
municipales_2026,1,,,988,98818,Nouméa,NOUMEA,0003,1220,554,666,550,2,2,8,LREG,,,,,Pierre WONG KONG TAO UNI DANS LA DIVERSITE,10,0.82,1.82,,École Frédéric SURLEAU,ECOLE FREDERIC SURLEAU,0.836,Ecole Frédéric SURLEAU,5 RUE FREDERIC SURLEAU,ENSEIGNEMENT ET FORMATION,Enseignement du premier degré,Ecole élémentaire,166.446180272936,-22.2732842135737,etablissements_publics_nc,58,1822,Centre ville
municipales_2026,1,,,988,98818,Nouméa,NOUMEA,0004,1223,658,565,647,8,3,1,LLR,,,,,"Virginie RUFFENACH POUR NOUMEA, UNE ENERGIE NOUVELLE",159,13,24.57,,École Marguerite LEFRANCOIS,ECOLE MARGUERITE LEFRANCOIS,0.821,Ecole Marguerite LEFRANCOIS,8 RUE FRANCOIS ECORCHON,ENSEIGNEMENT ET FORMATION,Enseignement du premier degré,Ecole pré-élémentaire,166.446044574066,-22.2859909097298,etablissements_publics_nc,45,1809,Orphelinat
municipales_2026,1,,,988,98818,Nouméa,NOUMEA,0004,1223,658,565,647,8,3,2,LDIV,,,,,Claude SIRET NOUMEA POUR TOUS,3,0.25,0.46,,École Marguerite LEFRANCOIS,ECOLE MARGUERITE LEFRANCOIS,0.821,Ecole Marguerite LEFRANCOIS,8 RUE FRANCOIS ECORCHON,ENSEIGNEMENT ET FORMATION,Enseignement du premier degré,Ecole pré-élémentaire,166.446044574066,-22.2859909097298,etablissements_publics_nc,45,1809,Orphelinat
municipales_2026,1,,,988,98818,Nouméa,NOUMEA,0004,1223,658,565,647,8,3,3,LDIV,,,,,Véronique FORESTIER NOUMEA LE RENOUVEAU,16,1.31,2.47,,École Marguerite LEFRANCOIS,ECOLE MARGUERITE LEFRANCOIS,0.821,Ecole Marguerite LEFRANCOIS,8 RUE FRANCOIS ECORCHON,ENSEIGNEMENT ET FORMATION,Enseignement du premier degré,Ecole pré-élémentaire,166.446044574066,-22.2859909097298,etablissements_publics_nc,45,1809,Orphelinat
municipales_2026,1,,,988,98818,Nouméa,NOUMEA,0004,1223,658,565,647,8,3,4,LDVC,,,,,Philippe DUNOYER Nouméa : l'après,63,5.15,9.74,,École Marguerite LEFRANCOIS,ECOLE MARGUERITE LEFRANCOIS,0.821,Ecole Marguerite LEFRANCOIS,8 RUE FRANCOIS ECORCHON,ENSEIGNEMENT ET FORMATION,Enseignement du premier degré,Ecole pré-élémentaire,166.446044574066,-22.2859909097298,etablissements_publics_nc,45,1809,Orphelinat
municipales_2026,1,,,988,98818,Nouméa,NOUMEA,0004,1223,658,565,647,8,3,5,LREG,,,,,Lesse ADJOUHGNIOPE UNITE PAYS,1,0.08,0.15,,École Marguerite LEFRANCOIS,ECOLE MARGUERITE LEFRANCOIS,0.821,Ecole Marguerite LEFRANCOIS,8 RUE FRANCOIS ECORCHON,ENSEIGNEMENT ET FORMATION,Enseignement du premier degré,Ecole pré-élémentaire,166.446044574066,-22.2859909097298,etablissements_publics_nc,45,1809,Orphelinat
municipales_2026,1,,,988,98818,Nouméa,NOUMEA,0004,1223,658,565,647,8,3,6,LREG,,,,,Muneiko HAOCAS Nouméa coeur battant - justice sociale,3,0.25,0.46,,École Marguerite LEFRANCOIS,ECOLE MARGUERITE LEFRANCOIS,0.821,Ecole Marguerite LEFRANCOIS,8 RUE FRANCOIS ECORCHON,ENSEIGNEMENT ET FORMATION,Enseignement du premier degré,Ecole pré-élémentaire,166.446044574066,-22.2859909097298,etablissements_publics_nc,45,1809,Orphelinat
municipales_2026,1,,,988,98818,Nouméa,NOUMEA,0004,1223,658,565,647,8,3,7,LDVD,,,,,Sonia LAGARDE AVEC VOUS POUR NOUMEA,397,32.46,61.36,,École Marguerite LEFRANCOIS,ECOLE MARGUERITE LEFRANCOIS,0.821,Ecole Marguerite LEFRANCOIS,8 RUE FRANCOIS ECORCHON,ENSEIGNEMENT ET FORMATION,Enseignement du premier degré,Ecole pré-élémentaire,166.446044574066,-22.2859909097298,etablissements_publics_nc,45,1809,Orphelinat
municipales_2026,1,,,988,98818,Nouméa,NOUMEA,0004,1223,658,565,647,8,3,8,LREG,,,,,Pierre WONG KONG TAO UNI DANS LA DIVERSITE,5,0.41,0.77,,École Marguerite LEFRANCOIS,ECOLE MARGUERITE LEFRANCOIS,0.821,Ecole Marguerite LEFRANCOIS,8 RUE FRANCOIS ECORCHON,ENSEIGNEMENT ET FORMATION,Enseignement du premier degré,Ecole pré-élémentaire,166.446044574066,-22.2859909097298,etablissements_publics_nc,45,1809,Orphelinat
municipales_2026,1,,,988,98818,Nouméa,NOUMEA,0005,1075,622,453,613,7,2,1,LLR,,,,,"Virginie RUFFENACH POUR NOUMEA, UNE ENERGIE NOUVELLE",199,18.51,32.46,,École Yvonne DUPONT 1,ECOLE YVONNE DUPONT,0.98,Parc école Yvonne DUPONT,2 RUE MARCELLIN LACABANNE,PARC ESPACE PUBLIC ET LOISIR,Parcs et espaces verts,Parc,166.442173657352,-22.2926748814035,etablissements_publics_nc,42,1806,Motor Pool - Receiving
municipales_2026,1,,,988,98818,Nouméa,NOUMEA,0005,1075,622,453,613,7,2,2,LDIV,,,,,Claude SIRET NOUMEA POUR TOUS,3,0.28,0.49,,École Yvonne DUPONT 1,ECOLE YVONNE DUPONT,0.98,Parc école Yvonne DUPONT,2 RUE MARCELLIN LACABANNE,PARC ESPACE PUBLIC ET LOISIR,Parcs et espaces verts,Parc,166.442173657352,-22.2926748814035,etablissements_publics_nc,42,1806,Motor Pool - Receiving
municipales_2026,1,,,988,98818,Nouméa,NOUMEA,0005,1075,622,453,613,7,2,3,LDIV,,,,,Véronique FORESTIER NOUMEA LE RENOUVEAU,12,1.12,1.96,,École Yvonne DUPONT 1,ECOLE YVONNE DUPONT,0.98,Parc école Yvonne DUPONT,2 RUE MARCELLIN LACABANNE,PARC ESPACE PUBLIC ET LOISIR,Parcs et espaces verts,Parc,166.442173657352,-22.2926748814035,etablissements_publics_nc,42,1806,Motor Pool - Receiving
municipales_2026,1,,,988,98818,Nouméa,NOUMEA,0005,1075,622,453,613,7,2,4,LDVC,,,,,Philippe DUNOYER Nouméa : l'après,37,3.44,6.04,,École Yvonne DUPONT 1,ECOLE YVONNE DUPONT,0.98,Parc école Yvonne DUPONT,2 RUE MARCELLIN LACABANNE,PARC ESPACE PUBLIC ET LOISIR,Parcs et espaces verts,Parc,166.442173657352,-22.2926748814035,etablissements_publics_nc,42,1806,Motor Pool - Receiving
municipales_2026,1,,,988,98818,Nouméa,NOUMEA,0005,1075,622,453,613,7,2,5,LREG,,,,,Lesse ADJOUHGNIOPE UNITE PAYS,4,0.37,0.65,,École Yvonne DUPONT 1,ECOLE YVONNE DUPONT,0.98,Parc école Yvonne DUPONT,2 RUE MARCELLIN LACABANNE,PARC ESPACE PUBLIC ET LOISIR,Parcs et espaces verts,Parc,166.442173657352,-22.2926748814035,etablissements_publics_nc,42,1806,Motor Pool - Receiving
municipales_2026,1,,,988,98818,Nouméa,NOUMEA,0005,1075,622,453,613,7,2,6,LREG,,,,,Muneiko HAOCAS Nouméa coeur battant - justice sociale,3,0.28,0.49,,École Yvonne DUPONT 1,ECOLE YVONNE DUPONT,0.98,Parc école Yvonne DUPONT,2 RUE MARCELLIN LACABANNE,PARC ESPACE PUBLIC ET LOISIR,Parcs et espaces verts,Parc,166.442173657352,-22.2926748814035,etablissements_publics_nc,42,1806,Motor Pool - Receiving
municipales_2026,1,,,988,98818,Nouméa,NOUMEA,0005,1075,622,453,613,7,2,7,LDVD,,,,,Sonia LAGARDE AVEC VOUS POUR NOUMEA,349,32.47,56.93,,École Yvonne DUPONT 1,ECOLE YVONNE DUPONT,0.98,Parc école Yvonne DUPONT,2 RUE MARCELLIN LACABANNE,PARC ESPACE PUBLIC ET LOISIR,Parcs et espaces verts,Parc,166.442173657352,-22.2926748814035,etablissements_publics_nc,42,1806,Motor Pool - Receiving
municipales_2026,1,,,988,98818,Nouméa,NOUMEA,0005,1075,622,453,613,7,2,8,LREG,,,,,Pierre WONG KONG TAO UNI DANS LA DIVERSITE,6,0.56,0.98,,École Yvonne DUPONT 1,ECOLE YVONNE DUPONT,0.98,Parc école Yvonne DUPONT,2 RUE MARCELLIN LACABANNE,PARC ESPACE PUBLIC ET LOISIR,Parcs et espaces verts,Parc,166.442173657352,-22.2926748814035,etablissements_publics_nc,42,1806,Motor Pool - Receiving
municipales_2026,1,,,988,98818,Nouméa,NOUMEA,0006,1371,693,678,683,8,2,1,LLR,,,,,"Virginie RUFFENACH POUR NOUMEA, UNE ENERGIE NOUVELLE",167,12.18,24.45,,École Eloi FRANC 1,ECOLE ELOI FRANC,0.83,Ecole Eloi FRANC,10 RUE PIERRE SAUVAN,ENSEIGNEMENT ET FORMATION,Enseignement du premier degré,Ecole primaire,166.447826467842,-22.2974281428095,etablissements_publics_nc,39,1803,Anse Vata Est
municipales_2026,1,,,988,98818,Nouméa,NOUMEA,0006,1371,693,678,683,8,2,2,LDIV,,,,,Claude SIRET NOUMEA POUR TOUS,14,1.02,2.05,,École Eloi FRANC 1,ECOLE ELOI FRANC,0.83,Ecole Eloi FRANC,10 RUE PIERRE SAUVAN,ENSEIGNEMENT ET FORMATION,Enseignement du premier degré,Ecole primaire,166.447826467842,-22.2974281428095,etablissements_publics_nc,39,1803,Anse Vata Est
municipales_2026,1,,,988,98818,Nouméa,NOUMEA,0006,1371,693,678,683,8,2,3,LDIV,,,,,Véronique FORESTIER NOUMEA LE RENOUVEAU,20,1.46,2.93,,École Eloi FRANC 1,ECOLE ELOI FRANC,0.83,Ecole Eloi FRANC,10 RUE PIERRE SAUVAN,ENSEIGNEMENT ET FORMATION,Enseignement du premier degré,Ecole primaire,166.447826467842,-22.2974281428095,etablissements_publics_nc,39,1803,Anse Vata Est
municipales_2026,1,,,988,98818,Nouméa,NOUMEA,0006,1371,693,678,683,8,2,4,LDVC,,,,,Philippe DUNOYER Nouméa : l'après,71,5.18,10.4,,École Eloi FRANC 1,ECOLE ELOI FRANC,0.83,Ecole Eloi FRANC,10 RUE PIERRE SAUVAN,ENSEIGNEMENT ET FORMATION,Enseignement du premier degré,Ecole primaire,166.447826467842,-22.2974281428095,etablissements_publics_nc,39,1803,Anse Vata Est
municipales_2026,1,,,988,98818,Nouméa,NOUMEA,0006,1371,693,678,683,8,2,5,LREG,,,,,Lesse ADJOUHGNIOPE UNITE PAYS,19,1.39,2.78,,École Eloi FRANC 1,ECOLE ELOI FRANC,0.83,Ecole Eloi FRANC,10 RUE PIERRE SAUVAN,ENSEIGNEMENT ET FORMATION,Enseignement du premier degré,Ecole primaire,166.447826467842,-22.2974281428095,etablissements_publics_nc,39,1803,Anse Vata Est
municipales_2026,1,,,988,98818,Nouméa,NOUMEA,0006,1371,693,678,683,8,2,6,LREG,,,,,Muneiko HAOCAS Nouméa coeur battant - justice sociale,13,0.95,1.9,,École Eloi FRANC 1,ECOLE ELOI FRANC,0.83,Ecole Eloi FRANC,10 RUE PIERRE SAUVAN,ENSEIGNEMENT ET FORMATION,Enseignement du premier degré,Ecole primaire,166.447826467842,-22.2974281428095,etablissements_publics_nc,39,1803,Anse Vata Est
municipales_2026,1,,,988,98818,Nouméa,NOUMEA,0006,1371,693,678,683,8,2,7,LDVD,,,,,Sonia LAGARDE AVEC VOUS POUR NOUMEA,370,26.99,54.17,,École Eloi FRANC 1,ECOLE ELOI FRANC,0.83,Ecole Eloi FRANC,10 RUE PIERRE SAUVAN,ENSEIGNEMENT ET FORMATION,Enseignement du premier degré,Ecole primaire,166.447826467842,-22.2974281428095,etablissements_publics_nc,39,1803,Anse Vata Est
municipales_2026,1,,,988,98818,Nouméa,NOUMEA,0006,1371,693,678,683,8,2,8,LREG,,,,,Pierre WONG KONG TAO UNI DANS LA DIVERSITE,9,0.66,1.32,,École Eloi FRANC 1,ECOLE ELOI FRANC,0.83,Ecole Eloi FRANC,10 RUE PIERRE SAUVAN,ENSEIGNEMENT ET FORMATION,Enseignement du premier degré,Ecole primaire,166.447826467842,-22.2974281428095,etablissements_publics_nc,39,1803,Anse Vata Est
municipales_2026,1,,,988,98818,Nouméa,NOUMEA,0007,1098,619,479,605,7,7,1,LLR,,,,,"Virginie RUFFENACH POUR NOUMEA, UNE ENERGIE NOUVELLE",153,13.93,25.29,,École Eloi FRANC 2,ECOLE ELOI FRANC,0.83,Ecole Eloi FRANC,10 RUE PIERRE SAUVAN,ENSEIGNEMENT ET FORMATION,Enseignement du premier degré,Ecole primaire,166.447826467842,-22.2974281428095,etablissements_publics_nc,39,1803,Anse Vata Est
municipales_2026,1,,,988,98818,Nouméa,NOUMEA,0007,1098,619,479,605,7,7,2,LDIV,,,,,Claude SIRET NOUMEA POUR TOUS,2,0.18,0.33,,École Eloi FRANC 2,ECOLE ELOI FRANC,0.83,Ecole Eloi FRANC,10 RUE PIERRE SAUVAN,ENSEIGNEMENT ET FORMATION,Enseignement du premier degré,Ecole primaire,166.447826467842,-22.2974281428095,etablissements_publics_nc,39,1803,Anse Vata Est
municipales_2026,1,,,988,98818,Nouméa,NOUMEA,0007,1098,619,479,605,7,7,3,LDIV,,,,,Véronique FORESTIER NOUMEA LE RENOUVEAU,14,1.28,2.31,,École Eloi FRANC 2,ECOLE ELOI FRANC,0.83,Ecole Eloi FRANC,10 RUE PIERRE SAUVAN,ENSEIGNEMENT ET FORMATION,Enseignement du premier degré,Ecole primaire,166.447826467842,-22.2974281428095,etablissements_publics_nc,39,1803,Anse Vata Est
municipales_2026,1,,,988,98818,Nouméa,NOUMEA,0007,1098,619,479,605,7,7,4,LDVC,,,,,Philippe DUNOYER Nouméa : l'après,55,5.01,9.09,,École Eloi FRANC 2,ECOLE ELOI FRANC,0.83,Ecole Eloi FRANC,10 RUE PIERRE SAUVAN,ENSEIGNEMENT ET FORMATION,Enseignement du premier degré,Ecole primaire,166.447826467842,-22.2974281428095,etablissements_publics_nc,39,1803,Anse Vata Est
municipales_2026,1,,,988,98818,Nouméa,NOUMEA,0007,1098,619,479,605,7,7,5,LREG,,,,,Lesse ADJOUHGNIOPE UNITE PAYS,8,0.73,1.32,,École Eloi FRANC 2,ECOLE ELOI FRANC,0.83,Ecole Eloi FRANC,10 RUE PIERRE SAUVAN,ENSEIGNEMENT ET FORMATION,Enseignement du premier degré,Ecole primaire,166.447826467842,-22.2974281428095,etablissements_publics_nc,39,1803,Anse Vata Est
municipales_2026,1,,,988,98818,Nouméa,NOUMEA,0007,1098,619,479,605,7,7,6,LREG,,,,,Muneiko HAOCAS Nouméa coeur battant - justice sociale,3,0.27,0.5,,École Eloi FRANC 2,ECOLE ELOI FRANC,0.83,Ecole Eloi FRANC,10 RUE PIERRE SAUVAN,ENSEIGNEMENT ET FORMATION,Enseignement du premier degré,Ecole primaire,166.447826467842,-22.2974281428095,etablissements_publics_nc,39,1803,Anse Vata Est
municipales_2026,1,,,988,98818,Nouméa,NOUMEA,0007,1098,619,479,605,7,7,7,LDVD,,,,,Sonia LAGARDE AVEC VOUS POUR NOUMEA,367,33.42,60.66,,École Eloi FRANC 2,ECOLE ELOI FRANC,0.83,Ecole Eloi FRANC,10 RUE PIERRE SAUVAN,ENSEIGNEMENT ET FORMATION,Enseignement du premier degré,Ecole primaire,166.447826467842,-22.2974281428095,etablissements_publics_nc,39,1803,Anse Vata Est
municipales_2026,1,,,988,98818,Nouméa,NOUMEA,0007,1098,619,479,605,7,7,8,LREG,,,,,Pierre WONG KONG TAO UNI DANS LA DIVERSITE,3,0.27,0.5,,École Eloi FRANC 2,ECOLE ELOI FRANC,0.83,Ecole Eloi FRANC,10 RUE PIERRE SAUVAN,ENSEIGNEMENT ET FORMATION,Enseignement du premier degré,Ecole primaire,166.447826467842,-22.2974281428095,etablissements_publics_nc,39,1803,Anse Vata Est
municipales_2026,1,,,988,98818,Nouméa,NOUMEA,0008,1133,590,543,582,6,2,1,LLR,,,,,"Virginie RUFFENACH POUR NOUMEA, UNE ENERGIE NOUVELLE",149,13.15,25.6,,École Fernande LERICHE 1,ECOLE FERNANDE LERICHE,0.836,Ecole Fernande LERICHE,13 RUE PIERRE SAUVAN,ENSEIGNEMENT ET FORMATION,Enseignement du premier degré,Ecole élémentaire,166.448431376266,-22.2984740950672,etablissements_publics_nc,39,1803,Anse Vata Est
municipales_2026,1,,,988,98818,Nouméa,NOUMEA,0008,1133,590,543,582,6,2,2,LDIV,,,,,Claude SIRET NOUMEA POUR TOUS,2,0.18,0.34,,École Fernande LERICHE 1,ECOLE FERNANDE LERICHE,0.836,Ecole Fernande LERICHE,13 RUE PIERRE SAUVAN,ENSEIGNEMENT ET FORMATION,Enseignement du premier degré,Ecole élémentaire,166.448431376266,-22.2984740950672,etablissements_publics_nc,39,1803,Anse Vata Est
municipales_2026,1,,,988,98818,Nouméa,NOUMEA,0008,1133,590,543,582,6,2,3,LDIV,,,,,Véronique FORESTIER NOUMEA LE RENOUVEAU,15,1.32,2.58,,École Fernande LERICHE 1,ECOLE FERNANDE LERICHE,0.836,Ecole Fernande LERICHE,13 RUE PIERRE SAUVAN,ENSEIGNEMENT ET FORMATION,Enseignement du premier degré,Ecole élémentaire,166.448431376266,-22.2984740950672,etablissements_publics_nc,39,1803,Anse Vata Est
municipales_2026,1,,,988,98818,Nouméa,NOUMEA,0008,1133,590,543,582,6,2,4,LDVC,,,,,Philippe DUNOYER Nouméa : l'après,40,3.53,6.87,,École Fernande LERICHE 1,ECOLE FERNANDE LERICHE,0.836,Ecole Fernande LERICHE,13 RUE PIERRE SAUVAN,ENSEIGNEMENT ET FORMATION,Enseignement du premier degré,Ecole élémentaire,166.448431376266,-22.2984740950672,etablissements_publics_nc,39,1803,Anse Vata Est
municipales_2026,1,,,988,98818,Nouméa,NOUMEA,0008,1133,590,543,582,6,2,5,LREG,,,,,Lesse ADJOUHGNIOPE UNITE PAYS,7,0.62,1.2,,École Fernande LERICHE 1,ECOLE FERNANDE LERICHE,0.836,Ecole Fernande LERICHE,13 RUE PIERRE SAUVAN,ENSEIGNEMENT ET FORMATION,Enseignement du premier degré,Ecole élémentaire,166.448431376266,-22.2984740950672,etablissements_publics_nc,39,1803,Anse Vata Est
municipales_2026,1,,,988,98818,Nouméa,NOUMEA,0008,1133,590,543,582,6,2,6,LREG,,,,,Muneiko HAOCAS Nouméa coeur battant - justice sociale,3,0.26,0.52,,École Fernande LERICHE 1,ECOLE FERNANDE LERICHE,0.836,Ecole Fernande LERICHE,13 RUE PIERRE SAUVAN,ENSEIGNEMENT ET FORMATION,Enseignement du premier degré,Ecole élémentaire,166.448431376266,-22.2984740950672,etablissements_publics_nc,39,1803,Anse Vata Est
municipales_2026,1,,,988,98818,Nouméa,NOUMEA,0008,1133,590,543,582,6,2,7,LDVD,,,,,Sonia LAGARDE AVEC VOUS POUR NOUMEA,363,32.04,62.37,,École Fernande LERICHE 1,ECOLE FERNANDE LERICHE,0.836,Ecole Fernande LERICHE,13 RUE PIERRE SAUVAN,ENSEIGNEMENT ET FORMATION,Enseignement du premier degré,Ecole élémentaire,166.448431376266,-22.2984740950672,etablissements_publics_nc,39,1803,Anse Vata Est
municipales_2026,1,,,988,98818,Nouméa,NOUMEA,0008,1133,590,543,582,6,2,8,LREG,,,,,Pierre WONG KONG TAO UNI DANS LA DIVERSITE,3,0.26,0.52,,École Fernande LERICHE 1,ECOLE FERNANDE LERICHE,0.836,Ecole Fernande LERICHE,13 RUE PIERRE SAUVAN,ENSEIGNEMENT ET FORMATION,Enseignement du premier degré,Ecole élémentaire,166.448431376266,-22.2984740950672,etablissements_publics_nc,39,1803,Anse Vata Est
municipales_2026,1,,,988,98818,Nouméa,NOUMEA,0009,1105,627,478,624,2,1,1,LLR,,,,,"Virginie RUFFENACH POUR NOUMEA, UNE ENERGIE NOUVELLE",186,16.83,29.81,,École Fernande LERICHE 2,ECOLE FERNANDE LERICHE,0.836,Ecole Fernande LERICHE,13 RUE PIERRE SAUVAN,ENSEIGNEMENT ET FORMATION,Enseignement du premier degré,Ecole élémentaire,166.448431376266,-22.2984740950672,etablissements_publics_nc,39,1803,Anse Vata Est
municipales_2026,1,,,988,98818,Nouméa,NOUMEA,0009,1105,627,478,624,2,1,2,LDIV,,,,,Claude SIRET NOUMEA POUR TOUS,5,0.45,0.8,,École Fernande LERICHE 2,ECOLE FERNANDE LERICHE,0.836,Ecole Fernande LERICHE,13 RUE PIERRE SAUVAN,ENSEIGNEMENT ET FORMATION,Enseignement du premier degré,Ecole élémentaire,166.448431376266,-22.2984740950672,etablissements_publics_nc,39,1803,Anse Vata Est
municipales_2026,1,,,988,98818,Nouméa,NOUMEA,0009,1105,627,478,624,2,1,3,LDIV,,,,,Véronique FORESTIER NOUMEA LE RENOUVEAU,17,1.54,2.72,,École Fernande LERICHE 2,ECOLE FERNANDE LERICHE,0.836,Ecole Fernande LERICHE,13 RUE PIERRE SAUVAN,ENSEIGNEMENT ET FORMATION,Enseignement du premier degré,Ecole élémentaire,166.448431376266,-22.2984740950672,etablissements_publics_nc,39,1803,Anse Vata Est
municipales_2026,1,,,988,98818,Nouméa,NOUMEA,0009,1105,627,478,624,2,1,4,LDVC,,,,,Philippe DUNOYER Nouméa : l'après,34,3.08,5.45,,École Fernande LERICHE 2,ECOLE FERNANDE LERICHE,0.836,Ecole Fernande LERICHE,13 RUE PIERRE SAUVAN,ENSEIGNEMENT ET FORMATION,Enseignement du premier degré,Ecole élémentaire,166.448431376266,-22.2984740950672,etablissements_publics_nc,39,1803,Anse Vata Est
municipales_2026,1,,,988,98818,Nouméa,NOUMEA,0009,1105,627,478,624,2,1,5,LREG,,,,,Lesse ADJOUHGNIOPE UNITE PAYS,13,1.18,2.08,,École Fernande LERICHE 2,ECOLE FERNANDE LERICHE,0.836,Ecole Fernande LERICHE,13 RUE PIERRE SAUVAN,ENSEIGNEMENT ET FORMATION,Enseignement du premier degré,Ecole élémentaire,166.448431376266,-22.2984740950672,etablissements_publics_nc,39,1803,Anse Vata Est
municipales_2026,1,,,988,98818,Nouméa,NOUMEA,0009,1105,627,478,624,2,1,6,LREG,,,,,Muneiko HAOCAS Nouméa coeur battant - justice sociale,8,0.72,1.28,,École Fernande LERICHE 2,ECOLE FERNANDE LERICHE,0.836,Ecole Fernande LERICHE,13 RUE PIERRE SAUVAN,ENSEIGNEMENT ET FORMATION,Enseignement du premier degré,Ecole élémentaire,166.448431376266,-22.2984740950672,etablissements_publics_nc,39,1803,Anse Vata Est
municipales_2026,1,,,988,98818,Nouméa,NOUMEA,0009,1105,627,478,624,2,1,7,LDVD,,,,,Sonia LAGARDE AVEC VOUS POUR NOUMEA,358,32.4,57.37,,École Fernande LERICHE 2,ECOLE FERNANDE LERICHE,0.836,Ecole Fernande LERICHE,13 RUE PIERRE SAUVAN,ENSEIGNEMENT ET FORMATION,Enseignement du premier degré,Ecole élémentaire,166.448431376266,-22.2984740950672,etablissements_publics_nc,39,1803,Anse Vata Est
municipales_2026,1,,,988,98818,Nouméa,NOUMEA,0009,1105,627,478,624,2,1,8,LREG,,,,,Pierre WONG KONG TAO UNI DANS LA DIVERSITE,3,0.27,0.48,,École Fernande LERICHE 2,ECOLE FERNANDE LERICHE,0.836,Ecole Fernande LERICHE,13 RUE PIERRE SAUVAN,ENSEIGNEMENT ET FORMATION,Enseignement du premier degré,Ecole élémentaire,166.448431376266,-22.2984740950672,etablissements_publics_nc,39,1803,Anse Vata Est
municipales_2026,1,,,988,98818,Nouméa,NOUMEA,0010,1273,719,554,712,7,0,1,LLR,,,,,"Virginie RUFFENACH POUR NOUMEA, UNE ENERGIE NOUVELLE",184,14.45,25.84,,École Jean MERMOUD 1,ECOLE JEAN MERMOUD,0.85,Ecole Jean MERMOUD,19 RUE MICHEL KAUMA,ENSEIGNEMENT ET FORMATION,Enseignement du premier degré,Ecole primaire,166.454827725543,-22.2956844604928,etablissements_publics_nc,43,1807,N'Géa
municipales_2026,1,,,988,98818,Nouméa,NOUMEA,0010,1273,719,554,712,7,0,2,LDIV,,,,,Claude SIRET NOUMEA POUR TOUS,5,0.39,0.7,,École Jean MERMOUD 1,ECOLE JEAN MERMOUD,0.85,Ecole Jean MERMOUD,19 RUE MICHEL KAUMA,ENSEIGNEMENT ET FORMATION,Enseignement du premier degré,Ecole primaire,166.454827725543,-22.2956844604928,etablissements_publics_nc,43,1807,N'Géa
municipales_2026,1,,,988,98818,Nouméa,NOUMEA,0010,1273,719,554,712,7,0,3,LDIV,,,,,Véronique FORESTIER NOUMEA LE RENOUVEAU,18,1.41,2.53,,École Jean MERMOUD 1,ECOLE JEAN MERMOUD,0.85,Ecole Jean MERMOUD,19 RUE MICHEL KAUMA,ENSEIGNEMENT ET FORMATION,Enseignement du premier degré,Ecole primaire,166.454827725543,-22.2956844604928,etablissements_publics_nc,43,1807,N'Géa
municipales_2026,1,,,988,98818,Nouméa,NOUMEA,0010,1273,719,554,712,7,0,4,LDVC,,,,,Philippe DUNOYER Nouméa : l'après,55,4.32,7.72,,École Jean MERMOUD 1,ECOLE JEAN MERMOUD,0.85,Ecole Jean MERMOUD,19 RUE MICHEL KAUMA,ENSEIGNEMENT ET FORMATION,Enseignement du premier degré,Ecole primaire,166.454827725543,-22.2956844604928,etablissements_publics_nc,43,1807,N'Géa
municipales_2026,1,,,988,98818,Nouméa,NOUMEA,0010,1273,719,554,712,7,0,5,LREG,,,,,Lesse ADJOUHGNIOPE UNITE PAYS,6,0.47,0.84,,École Jean MERMOUD 1,ECOLE JEAN MERMOUD,0.85,Ecole Jean MERMOUD,19 RUE MICHEL KAUMA,ENSEIGNEMENT ET FORMATION,Enseignement du premier degré,Ecole primaire,166.454827725543,-22.2956844604928,etablissements_publics_nc,43,1807,N'Géa
municipales_2026,1,,,988,98818,Nouméa,NOUMEA,0010,1273,719,554,712,7,0,6,LREG,,,,,Muneiko HAOCAS Nouméa coeur battant - justice sociale,2,0.16,0.28,,École Jean MERMOUD 1,ECOLE JEAN MERMOUD,0.85,Ecole Jean MERMOUD,19 RUE MICHEL KAUMA,ENSEIGNEMENT ET FORMATION,Enseignement du premier degré,Ecole primaire,166.454827725543,-22.2956844604928,etablissements_publics_nc,43,1807,N'Géa
municipales_2026,1,,,988,98818,Nouméa,NOUMEA,0010,1273,719,554,712,7,0,7,LDVD,,,,,Sonia LAGARDE AVEC VOUS POUR NOUMEA,441,34.64,61.94,,École Jean MERMOUD 1,ECOLE JEAN MERMOUD,0.85,Ecole Jean MERMOUD,19 RUE MICHEL KAUMA,ENSEIGNEMENT ET FORMATION,Enseignement du premier degré,Ecole primaire,166.454827725543,-22.2956844604928,etablissements_publics_nc,43,1807,N'Géa
municipales_2026,1,,,988,98818,Nouméa,NOUMEA,0010,1273,719,554,712,7,0,8,LREG,,,,,Pierre WONG KONG TAO UNI DANS LA DIVERSITE,1,0.08,0.14,,École Jean MERMOUD 1,ECOLE JEAN MERMOUD,0.85,Ecole Jean MERMOUD,19 RUE MICHEL KAUMA,ENSEIGNEMENT ET FORMATION,Enseignement du premier degré,Ecole primaire,166.454827725543,-22.2956844604928,etablissements_publics_nc,43,1807,N'Géa
municipales_2026,1,,,988,98818,Nouméa,NOUMEA,0011,1303,808,495,802,5,1,1,LLR,,,,,"Virginie RUFFENACH POUR NOUMEA, UNE ENERGIE NOUVELLE",237,18.19,29.55,,École Jean MERMOUD 2,ECOLE JEAN MERMOUD,0.85,Ecole Jean MERMOUD,19 RUE MICHEL KAUMA,ENSEIGNEMENT ET FORMATION,Enseignement du premier degré,Ecole primaire,166.454827725543,-22.2956844604928,etablissements_publics_nc,43,1807,N'Géa
municipales_2026,1,,,988,98818,Nouméa,NOUMEA,0011,1303,808,495,802,5,1,2,LDIV,,,,,Claude SIRET NOUMEA POUR TOUS,7,0.54,0.87,,École Jean MERMOUD 2,ECOLE JEAN MERMOUD,0.85,Ecole Jean MERMOUD,19 RUE MICHEL KAUMA,ENSEIGNEMENT ET FORMATION,Enseignement du premier degré,Ecole primaire,166.454827725543,-22.2956844604928,etablissements_publics_nc,43,1807,N'Géa
municipales_2026,1,,,988,98818,Nouméa,NOUMEA,0011,1303,808,495,802,5,1,3,LDIV,,,,,Véronique FORESTIER NOUMEA LE RENOUVEAU,9,0.69,1.12,,École Jean MERMOUD 2,ECOLE JEAN MERMOUD,0.85,Ecole Jean MERMOUD,19 RUE MICHEL KAUMA,ENSEIGNEMENT ET FORMATION,Enseignement du premier degré,Ecole primaire,166.454827725543,-22.2956844604928,etablissements_publics_nc,43,1807,N'Géa
municipales_2026,1,,,988,98818,Nouméa,NOUMEA,0011,1303,808,495,802,5,1,4,LDVC,,,,,Philippe DUNOYER Nouméa : l'après,41,3.15,5.11,,École Jean MERMOUD 2,ECOLE JEAN MERMOUD,0.85,Ecole Jean MERMOUD,19 RUE MICHEL KAUMA,ENSEIGNEMENT ET FORMATION,Enseignement du premier degré,Ecole primaire,166.454827725543,-22.2956844604928,etablissements_publics_nc,43,1807,N'Géa
municipales_2026,1,,,988,98818,Nouméa,NOUMEA,0011,1303,808,495,802,5,1,5,LREG,,,,,Lesse ADJOUHGNIOPE UNITE PAYS,3,0.23,0.37,,École Jean MERMOUD 2,ECOLE JEAN MERMOUD,0.85,Ecole Jean MERMOUD,19 RUE MICHEL KAUMA,ENSEIGNEMENT ET FORMATION,Enseignement du premier degré,Ecole primaire,166.454827725543,-22.2956844604928,etablissements_publics_nc,43,1807,N'Géa
municipales_2026,1,,,988,98818,Nouméa,NOUMEA,0011,1303,808,495,802,5,1,6,LREG,,,,,Muneiko HAOCAS Nouméa coeur battant - justice sociale,0,0,0,,École Jean MERMOUD 2,ECOLE JEAN MERMOUD,0.85,Ecole Jean MERMOUD,19 RUE MICHEL KAUMA,ENSEIGNEMENT ET FORMATION,Enseignement du premier degré,Ecole primaire,166.454827725543,-22.2956844604928,etablissements_publics_nc,43,1807,N'Géa
municipales_2026,1,,,988,98818,Nouméa,NOUMEA,0011,1303,808,495,802,5,1,7,LDVD,,,,,Sonia LAGARDE AVEC VOUS POUR NOUMEA,503,38.6,62.72,,École Jean MERMOUD 2,ECOLE JEAN MERMOUD,0.85,Ecole Jean MERMOUD,19 RUE MICHEL KAUMA,ENSEIGNEMENT ET FORMATION,Enseignement du premier degré,Ecole primaire,166.454827725543,-22.2956844604928,etablissements_publics_nc,43,1807,N'Géa
municipales_2026,1,,,988,98818,Nouméa,NOUMEA,0011,1303,808,495,802,5,1,8,LREG,,,,,Pierre WONG KONG TAO UNI DANS LA DIVERSITE,2,0.15,0.25,,École Jean MERMOUD 2,ECOLE JEAN MERMOUD,0.85,Ecole Jean MERMOUD,19 RUE MICHEL KAUMA,ENSEIGNEMENT ET FORMATION,Enseignement du premier degré,Ecole primaire,166.454827725543,-22.2956844604928,etablissements_publics_nc,43,1807,N'Géa
municipales_2026,1,,,988,98818,Nouméa,NOUMEA,0012,1351,711,640,701,7,3,1,LLR,,,,,"Virginie RUFFENACH POUR NOUMEA, UNE ENERGIE NOUVELLE",220,16.28,31.38,,École Ernest RISBEC 1,ECOLE ERNEST RISBEC,0.859,Ecole Ernest RISBEC,19 RUE DU COMMANDANT RIVIERE,ENSEIGNEMENT ET FORMATION,Enseignement du premier degré,Ecole primaire,166.451704940929,-22.2838445188063,etablissements_publics_nc,44,1808,Trianon
municipales_2026,1,,,988,98818,Nouméa,NOUMEA,0012,1351,711,640,701,7,3,2,LDIV,,,,,Claude SIRET NOUMEA POUR TOUS,2,0.15,0.29,,École Ernest RISBEC 1,ECOLE ERNEST RISBEC,0.859,Ecole Ernest RISBEC,19 RUE DU COMMANDANT RIVIERE,ENSEIGNEMENT ET FORMATION,Enseignement du premier degré,Ecole primaire,166.451704940929,-22.2838445188063,etablissements_publics_nc,44,1808,Trianon
municipales_2026,1,,,988,98818,Nouméa,NOUMEA,0012,1351,711,640,701,7,3,3,LDIV,,,,,Véronique FORESTIER NOUMEA LE RENOUVEAU,13,0.96,1.85,,École Ernest RISBEC 1,ECOLE ERNEST RISBEC,0.859,Ecole Ernest RISBEC,19 RUE DU COMMANDANT RIVIERE,ENSEIGNEMENT ET FORMATION,Enseignement du premier degré,Ecole primaire,166.451704940929,-22.2838445188063,etablissements_publics_nc,44,1808,Trianon
municipales_2026,1,,,988,98818,Nouméa,NOUMEA,0012,1351,711,640,701,7,3,4,LDVC,,,,,Philippe DUNOYER Nouméa : l'après,61,4.52,8.7,,École Ernest RISBEC 1,ECOLE ERNEST RISBEC,0.859,Ecole Ernest RISBEC,19 RUE DU COMMANDANT RIVIERE,ENSEIGNEMENT ET FORMATION,Enseignement du premier degré,Ecole primaire,166.451704940929,-22.2838445188063,etablissements_publics_nc,44,1808,Trianon
municipales_2026,1,,,988,98818,Nouméa,NOUMEA,0012,1351,711,640,701,7,3,5,LREG,,,,,Lesse ADJOUHGNIOPE UNITE PAYS,13,0.96,1.85,,École Ernest RISBEC 1,ECOLE ERNEST RISBEC,0.859,Ecole Ernest RISBEC,19 RUE DU COMMANDANT RIVIERE,ENSEIGNEMENT ET FORMATION,Enseignement du premier degré,Ecole primaire,166.451704940929,-22.2838445188063,etablissements_publics_nc,44,1808,Trianon
municipales_2026,1,,,988,98818,Nouméa,NOUMEA,0012,1351,711,640,701,7,3,6,LREG,,,,,Muneiko HAOCAS Nouméa coeur battant - justice sociale,2,0.15,0.29,,École Ernest RISBEC 1,ECOLE ERNEST RISBEC,0.859,Ecole Ernest RISBEC,19 RUE DU COMMANDANT RIVIERE,ENSEIGNEMENT ET FORMATION,Enseignement du premier degré,Ecole primaire,166.451704940929,-22.2838445188063,etablissements_publics_nc,44,1808,Trianon
municipales_2026,1,,,988,98818,Nouméa,NOUMEA,0012,1351,711,640,701,7,3,7,LDVD,,,,,Sonia LAGARDE AVEC VOUS POUR NOUMEA,386,28.57,55.06,,École Ernest RISBEC 1,ECOLE ERNEST RISBEC,0.859,Ecole Ernest RISBEC,19 RUE DU COMMANDANT RIVIERE,ENSEIGNEMENT ET FORMATION,Enseignement du premier degré,Ecole primaire,166.451704940929,-22.2838445188063,etablissements_publics_nc,44,1808,Trianon
municipales_2026,1,,,988,98818,Nouméa,NOUMEA,0012,1351,711,640,701,7,3,8,LREG,,,,,Pierre WONG KONG TAO UNI DANS LA DIVERSITE,4,0.3,0.57,,École Ernest RISBEC 1,ECOLE ERNEST RISBEC,0.859,Ecole Ernest RISBEC,19 RUE DU COMMANDANT RIVIERE,ENSEIGNEMENT ET FORMATION,Enseignement du premier degré,Ecole primaire,166.451704940929,-22.2838445188063,etablissements_publics_nc,44,1808,Trianon
municipales_2026,1,,,988,98818,Nouméa,NOUMEA,0013,1067,558,509,556,2,0,1,LLR,,,,,"Virginie RUFFENACH POUR NOUMEA, UNE ENERGIE NOUVELLE",134,12.56,24.1,,École Ernest RISBEC 2,ECOLE ERNEST RISBEC,0.859,Ecole Ernest RISBEC,19 RUE DU COMMANDANT RIVIERE,ENSEIGNEMENT ET FORMATION,Enseignement du premier degré,Ecole primaire,166.451704940929,-22.2838445188063,etablissements_publics_nc,44,1808,Trianon
municipales_2026,1,,,988,98818,Nouméa,NOUMEA,0013,1067,558,509,556,2,0,2,LDIV,,,,,Claude SIRET NOUMEA POUR TOUS,5,0.47,0.9,,École Ernest RISBEC 2,ECOLE ERNEST RISBEC,0.859,Ecole Ernest RISBEC,19 RUE DU COMMANDANT RIVIERE,ENSEIGNEMENT ET FORMATION,Enseignement du premier degré,Ecole primaire,166.451704940929,-22.2838445188063,etablissements_publics_nc,44,1808,Trianon
municipales_2026,1,,,988,98818,Nouméa,NOUMEA,0013,1067,558,509,556,2,0,3,LDIV,,,,,Véronique FORESTIER NOUMEA LE RENOUVEAU,7,0.66,1.26,,École Ernest RISBEC 2,ECOLE ERNEST RISBEC,0.859,Ecole Ernest RISBEC,19 RUE DU COMMANDANT RIVIERE,ENSEIGNEMENT ET FORMATION,Enseignement du premier degré,Ecole primaire,166.451704940929,-22.2838445188063,etablissements_publics_nc,44,1808,Trianon
municipales_2026,1,,,988,98818,Nouméa,NOUMEA,0013,1067,558,509,556,2,0,4,LDVC,,,,,Philippe DUNOYER Nouméa : l'après,52,4.87,9.35,,École Ernest RISBEC 2,ECOLE ERNEST RISBEC,0.859,Ecole Ernest RISBEC,19 RUE DU COMMANDANT RIVIERE,ENSEIGNEMENT ET FORMATION,Enseignement du premier degré,Ecole primaire,166.451704940929,-22.2838445188063,etablissements_publics_nc,44,1808,Trianon
municipales_2026,1,,,988,98818,Nouméa,NOUMEA,0013,1067,558,509,556,2,0,5,LREG,,,,,Lesse ADJOUHGNIOPE UNITE PAYS,19,1.78,3.42,,École Ernest RISBEC 2,ECOLE ERNEST RISBEC,0.859,Ecole Ernest RISBEC,19 RUE DU COMMANDANT RIVIERE,ENSEIGNEMENT ET FORMATION,Enseignement du premier degré,Ecole primaire,166.451704940929,-22.2838445188063,etablissements_publics_nc,44,1808,Trianon
municipales_2026,1,,,988,98818,Nouméa,NOUMEA,0013,1067,558,509,556,2,0,6,LREG,,,,,Muneiko HAOCAS Nouméa coeur battant - justice sociale,6,0.56,1.08,,École Ernest RISBEC 2,ECOLE ERNEST RISBEC,0.859,Ecole Ernest RISBEC,19 RUE DU COMMANDANT RIVIERE,ENSEIGNEMENT ET FORMATION,Enseignement du premier degré,Ecole primaire,166.451704940929,-22.2838445188063,etablissements_publics_nc,44,1808,Trianon
municipales_2026,1,,,988,98818,Nouméa,NOUMEA,0013,1067,558,509,556,2,0,7,LDVD,,,,,Sonia LAGARDE AVEC VOUS POUR NOUMEA,330,30.93,59.35,,École Ernest RISBEC 2,ECOLE ERNEST RISBEC,0.859,Ecole Ernest RISBEC,19 RUE DU COMMANDANT RIVIERE,ENSEIGNEMENT ET FORMATION,Enseignement du premier degré,Ecole primaire,166.451704940929,-22.2838445188063,etablissements_publics_nc,44,1808,Trianon
municipales_2026,1,,,988,98818,Nouméa,NOUMEA,0013,1067,558,509,556,2,0,8,LREG,,,,,Pierre WONG KONG TAO UNI DANS LA DIVERSITE,3,0.28,0.54,,École Ernest RISBEC 2,ECOLE ERNEST RISBEC,0.859,Ecole Ernest RISBEC,19 RUE DU COMMANDANT RIVIERE,ENSEIGNEMENT ET FORMATION,Enseignement du premier degré,Ecole primaire,166.451704940929,-22.2838445188063,etablissements_publics_nc,44,1808,Trianon
municipales_2026,1,,,988,98818,Nouméa,NOUMEA,0014,1092,521,571,517,4,0,1,LLR,,,,,"Virginie RUFFENACH POUR NOUMEA, UNE ENERGIE NOUVELLE",118,10.81,22.82,,École Paul BOYER 1,ECOLE PAUL BOYER,0.812,Ecole Paul BOYER,10 RUE BOUGAINVILLE,ENSEIGNEMENT ET FORMATION,Enseignement du premier degré,Groupe scolaire,166.452482969153,-22.2781620536236,etablissements_publics_nc,47,1811,Faubourg Blanchot
municipales_2026,1,,,988,98818,Nouméa,NOUMEA,0014,1092,521,571,517,4,0,2,LDIV,,,,,Claude SIRET NOUMEA POUR TOUS,3,0.27,0.58,,École Paul BOYER 1,ECOLE PAUL BOYER,0.812,Ecole Paul BOYER,10 RUE BOUGAINVILLE,ENSEIGNEMENT ET FORMATION,Enseignement du premier degré,Groupe scolaire,166.452482969153,-22.2781620536236,etablissements_publics_nc,47,1811,Faubourg Blanchot
municipales_2026,1,,,988,98818,Nouméa,NOUMEA,0014,1092,521,571,517,4,0,3,LDIV,,,,,Véronique FORESTIER NOUMEA LE RENOUVEAU,16,1.47,3.09,,École Paul BOYER 1,ECOLE PAUL BOYER,0.812,Ecole Paul BOYER,10 RUE BOUGAINVILLE,ENSEIGNEMENT ET FORMATION,Enseignement du premier degré,Groupe scolaire,166.452482969153,-22.2781620536236,etablissements_publics_nc,47,1811,Faubourg Blanchot
municipales_2026,1,,,988,98818,Nouméa,NOUMEA,0014,1092,521,571,517,4,0,4,LDVC,,,,,Philippe DUNOYER Nouméa : l'après,46,4.21,8.9,,École Paul BOYER 1,ECOLE PAUL BOYER,0.812,Ecole Paul BOYER,10 RUE BOUGAINVILLE,ENSEIGNEMENT ET FORMATION,Enseignement du premier degré,Groupe scolaire,166.452482969153,-22.2781620536236,etablissements_publics_nc,47,1811,Faubourg Blanchot
municipales_2026,1,,,988,98818,Nouméa,NOUMEA,0014,1092,521,571,517,4,0,5,LREG,,,,,Lesse ADJOUHGNIOPE UNITE PAYS,14,1.28,2.71,,École Paul BOYER 1,ECOLE PAUL BOYER,0.812,Ecole Paul BOYER,10 RUE BOUGAINVILLE,ENSEIGNEMENT ET FORMATION,Enseignement du premier degré,Groupe scolaire,166.452482969153,-22.2781620536236,etablissements_publics_nc,47,1811,Faubourg Blanchot
municipales_2026,1,,,988,98818,Nouméa,NOUMEA,0014,1092,521,571,517,4,0,6,LREG,,,,,Muneiko HAOCAS Nouméa coeur battant - justice sociale,6,0.55,1.16,,École Paul BOYER 1,ECOLE PAUL BOYER,0.812,Ecole Paul BOYER,10 RUE BOUGAINVILLE,ENSEIGNEMENT ET FORMATION,Enseignement du premier degré,Groupe scolaire,166.452482969153,-22.2781620536236,etablissements_publics_nc,47,1811,Faubourg Blanchot
municipales_2026,1,,,988,98818,Nouméa,NOUMEA,0014,1092,521,571,517,4,0,7,LDVD,,,,,Sonia LAGARDE AVEC VOUS POUR NOUMEA,311,28.48,60.15,,École Paul BOYER 1,ECOLE PAUL BOYER,0.812,Ecole Paul BOYER,10 RUE BOUGAINVILLE,ENSEIGNEMENT ET FORMATION,Enseignement du premier degré,Groupe scolaire,166.452482969153,-22.2781620536236,etablissements_publics_nc,47,1811,Faubourg Blanchot
municipales_2026,1,,,988,98818,Nouméa,NOUMEA,0014,1092,521,571,517,4,0,8,LREG,,,,,Pierre WONG KONG TAO UNI DANS LA DIVERSITE,3,0.27,0.58,,École Paul BOYER 1,ECOLE PAUL BOYER,0.812,Ecole Paul BOYER,10 RUE BOUGAINVILLE,ENSEIGNEMENT ET FORMATION,Enseignement du premier degré,Groupe scolaire,166.452482969153,-22.2781620536236,etablissements_publics_nc,47,1811,Faubourg Blanchot
municipales_2026,1,,,988,98818,Nouméa,NOUMEA,0015,951,551,400,544,5,2,1,LLR,,,,,"Virginie RUFFENACH POUR NOUMEA, UNE ENERGIE NOUVELLE",125,13.14,22.98,,École les CAPUCINES,ECOLE CAPUCINES,0.8,Ecole LES CAPUCINES,41 RUE TARAGNAT,ENSEIGNEMENT ET FORMATION,Enseignement du premier degré,Groupe scolaire,166.457228804171,-22.2753677119578,etablissements_publics_nc,49,1813,Vallée des Colons Sud Ouest
municipales_2026,1,,,988,98818,Nouméa,NOUMEA,0015,951,551,400,544,5,2,2,LDIV,,,,,Claude SIRET NOUMEA POUR TOUS,4,0.42,0.74,,École les CAPUCINES,ECOLE CAPUCINES,0.8,Ecole LES CAPUCINES,41 RUE TARAGNAT,ENSEIGNEMENT ET FORMATION,Enseignement du premier degré,Groupe scolaire,166.457228804171,-22.2753677119578,etablissements_publics_nc,49,1813,Vallée des Colons Sud Ouest
municipales_2026,1,,,988,98818,Nouméa,NOUMEA,0015,951,551,400,544,5,2,3,LDIV,,,,,Véronique FORESTIER NOUMEA LE RENOUVEAU,15,1.58,2.76,,École les CAPUCINES,ECOLE CAPUCINES,0.8,Ecole LES CAPUCINES,41 RUE TARAGNAT,ENSEIGNEMENT ET FORMATION,Enseignement du premier degré,Groupe scolaire,166.457228804171,-22.2753677119578,etablissements_publics_nc,49,1813,Vallée des Colons Sud Ouest
municipales_2026,1,,,988,98818,Nouméa,NOUMEA,0015,951,551,400,544,5,2,4,LDVC,,,,,Philippe DUNOYER Nouméa : l'après,32,3.36,5.88,,École les CAPUCINES,ECOLE CAPUCINES,0.8,Ecole LES CAPUCINES,41 RUE TARAGNAT,ENSEIGNEMENT ET FORMATION,Enseignement du premier degré,Groupe scolaire,166.457228804171,-22.2753677119578,etablissements_publics_nc,49,1813,Vallée des Colons Sud Ouest
municipales_2026,1,,,988,98818,Nouméa,NOUMEA,0015,951,551,400,544,5,2,5,LREG,,,,,Lesse ADJOUHGNIOPE UNITE PAYS,17,1.79,3.13,,École les CAPUCINES,ECOLE CAPUCINES,0.8,Ecole LES CAPUCINES,41 RUE TARAGNAT,ENSEIGNEMENT ET FORMATION,Enseignement du premier degré,Groupe scolaire,166.457228804171,-22.2753677119578,etablissements_publics_nc,49,1813,Vallée des Colons Sud Ouest
municipales_2026,1,,,988,98818,Nouméa,NOUMEA,0015,951,551,400,544,5,2,6,LREG,,,,,Muneiko HAOCAS Nouméa coeur battant - justice sociale,4,0.42,0.74,,École les CAPUCINES,ECOLE CAPUCINES,0.8,Ecole LES CAPUCINES,41 RUE TARAGNAT,ENSEIGNEMENT ET FORMATION,Enseignement du premier degré,Groupe scolaire,166.457228804171,-22.2753677119578,etablissements_publics_nc,49,1813,Vallée des Colons Sud Ouest
municipales_2026,1,,,988,98818,Nouméa,NOUMEA,0015,951,551,400,544,5,2,7,LDVD,,,,,Sonia LAGARDE AVEC VOUS POUR NOUMEA,346,36.38,63.6,,École les CAPUCINES,ECOLE CAPUCINES,0.8,Ecole LES CAPUCINES,41 RUE TARAGNAT,ENSEIGNEMENT ET FORMATION,Enseignement du premier degré,Groupe scolaire,166.457228804171,-22.2753677119578,etablissements_publics_nc,49,1813,Vallée des Colons Sud Ouest
municipales_2026,1,,,988,98818,Nouméa,NOUMEA,0015,951,551,400,544,5,2,8,LREG,,,,,Pierre WONG KONG TAO UNI DANS LA DIVERSITE,1,0.11,0.18,,École les CAPUCINES,ECOLE CAPUCINES,0.8,Ecole LES CAPUCINES,41 RUE TARAGNAT,ENSEIGNEMENT ET FORMATION,Enseignement du premier degré,Groupe scolaire,166.457228804171,-22.2753677119578,etablissements_publics_nc,49,1813,Vallée des Colons Sud Ouest
municipales_2026,1,,,988,98818,Nouméa,NOUMEA,0016,1081,537,544,534,3,0,1,LLR,,,,,"Virginie RUFFENACH POUR NOUMEA, UNE ENERGIE NOUVELLE",105,9.71,19.66,,École Candide KOCH 1,ECOLE CANDIDE KOCH,0.833,Ecole Candide KOCH,33 RUE TARAGNAT,ENSEIGNEMENT ET FORMATION,Enseignement du premier degré,Groupe scolaire,166.456450040223,-22.2745660873879,etablissements_publics_nc,49,1813,Vallée des Colons Sud Ouest
municipales_2026,1,,,988,98818,Nouméa,NOUMEA,0016,1081,537,544,534,3,0,2,LDIV,,,,,Claude SIRET NOUMEA POUR TOUS,14,1.3,2.62,,École Candide KOCH 1,ECOLE CANDIDE KOCH,0.833,Ecole Candide KOCH,33 RUE TARAGNAT,ENSEIGNEMENT ET FORMATION,Enseignement du premier degré,Groupe scolaire,166.456450040223,-22.2745660873879,etablissements_publics_nc,49,1813,Vallée des Colons Sud Ouest
municipales_2026,1,,,988,98818,Nouméa,NOUMEA,0016,1081,537,544,534,3,0,3,LDIV,,,,,Véronique FORESTIER NOUMEA LE RENOUVEAU,5,0.46,0.94,,École Candide KOCH 1,ECOLE CANDIDE KOCH,0.833,Ecole Candide KOCH,33 RUE TARAGNAT,ENSEIGNEMENT ET FORMATION,Enseignement du premier degré,Groupe scolaire,166.456450040223,-22.2745660873879,etablissements_publics_nc,49,1813,Vallée des Colons Sud Ouest
municipales_2026,1,,,988,98818,Nouméa,NOUMEA,0016,1081,537,544,534,3,0,4,LDVC,,,,,Philippe DUNOYER Nouméa : l'après,45,4.16,8.43,,École Candide KOCH 1,ECOLE CANDIDE KOCH,0.833,Ecole Candide KOCH,33 RUE TARAGNAT,ENSEIGNEMENT ET FORMATION,Enseignement du premier degré,Groupe scolaire,166.456450040223,-22.2745660873879,etablissements_publics_nc,49,1813,Vallée des Colons Sud Ouest
municipales_2026,1,,,988,98818,Nouméa,NOUMEA,0016,1081,537,544,534,3,0,5,LREG,,,,,Lesse ADJOUHGNIOPE UNITE PAYS,28,2.59,5.24,,École Candide KOCH 1,ECOLE CANDIDE KOCH,0.833,Ecole Candide KOCH,33 RUE TARAGNAT,ENSEIGNEMENT ET FORMATION,Enseignement du premier degré,Groupe scolaire,166.456450040223,-22.2745660873879,etablissements_publics_nc,49,1813,Vallée des Colons Sud Ouest
municipales_2026,1,,,988,98818,Nouméa,NOUMEA,0016,1081,537,544,534,3,0,6,LREG,,,,,Muneiko HAOCAS Nouméa coeur battant - justice sociale,1,0.09,0.19,,École Candide KOCH 1,ECOLE CANDIDE KOCH,0.833,Ecole Candide KOCH,33 RUE TARAGNAT,ENSEIGNEMENT ET FORMATION,Enseignement du premier degré,Groupe scolaire,166.456450040223,-22.2745660873879,etablissements_publics_nc,49,1813,Vallée des Colons Sud Ouest
municipales_2026,1,,,988,98818,Nouméa,NOUMEA,0016,1081,537,544,534,3,0,7,LDVD,,,,,Sonia LAGARDE AVEC VOUS POUR NOUMEA,332,30.71,62.17,,École Candide KOCH 1,ECOLE CANDIDE KOCH,0.833,Ecole Candide KOCH,33 RUE TARAGNAT,ENSEIGNEMENT ET FORMATION,Enseignement du premier degré,Groupe scolaire,166.456450040223,-22.2745660873879,etablissements_publics_nc,49,1813,Vallée des Colons Sud Ouest
municipales_2026,1,,,988,98818,Nouméa,NOUMEA,0016,1081,537,544,534,3,0,8,LREG,,,,,Pierre WONG KONG TAO UNI DANS LA DIVERSITE,4,0.37,0.75,,École Candide KOCH 1,ECOLE CANDIDE KOCH,0.833,Ecole Candide KOCH,33 RUE TARAGNAT,ENSEIGNEMENT ET FORMATION,Enseignement du premier degré,Groupe scolaire,166.456450040223,-22.2745660873879,etablissements_publics_nc,49,1813,Vallée des Colons Sud Ouest
municipales_2026,1,,,988,98818,Nouméa,NOUMEA,0017,1177,660,517,652,6,2,1,LLR,,,,,"Virginie RUFFENACH POUR NOUMEA, UNE ENERGIE NOUVELLE",122,10.37,18.71,,École Candide KOCH 2,ECOLE CANDIDE KOCH,0.833,Ecole Candide KOCH,33 RUE TARAGNAT,ENSEIGNEMENT ET FORMATION,Enseignement du premier degré,Groupe scolaire,166.456450040223,-22.2745660873879,etablissements_publics_nc,49,1813,Vallée des Colons Sud Ouest
municipales_2026,1,,,988,98818,Nouméa,NOUMEA,0017,1177,660,517,652,6,2,2,LDIV,,,,,Claude SIRET NOUMEA POUR TOUS,8,0.68,1.23,,École Candide KOCH 2,ECOLE CANDIDE KOCH,0.833,Ecole Candide KOCH,33 RUE TARAGNAT,ENSEIGNEMENT ET FORMATION,Enseignement du premier degré,Groupe scolaire,166.456450040223,-22.2745660873879,etablissements_publics_nc,49,1813,Vallée des Colons Sud Ouest
municipales_2026,1,,,988,98818,Nouméa,NOUMEA,0017,1177,660,517,652,6,2,3,LDIV,,,,,Véronique FORESTIER NOUMEA LE RENOUVEAU,11,0.93,1.69,,École Candide KOCH 2,ECOLE CANDIDE KOCH,0.833,Ecole Candide KOCH,33 RUE TARAGNAT,ENSEIGNEMENT ET FORMATION,Enseignement du premier degré,Groupe scolaire,166.456450040223,-22.2745660873879,etablissements_publics_nc,49,1813,Vallée des Colons Sud Ouest
municipales_2026,1,,,988,98818,Nouméa,NOUMEA,0017,1177,660,517,652,6,2,4,LDVC,,,,,Philippe DUNOYER Nouméa : l'après,52,4.42,7.98,,École Candide KOCH 2,ECOLE CANDIDE KOCH,0.833,Ecole Candide KOCH,33 RUE TARAGNAT,ENSEIGNEMENT ET FORMATION,Enseignement du premier degré,Groupe scolaire,166.456450040223,-22.2745660873879,etablissements_publics_nc,49,1813,Vallée des Colons Sud Ouest
municipales_2026,1,,,988,98818,Nouméa,NOUMEA,0017,1177,660,517,652,6,2,5,LREG,,,,,Lesse ADJOUHGNIOPE UNITE PAYS,16,1.36,2.45,,École Candide KOCH 2,ECOLE CANDIDE KOCH,0.833,Ecole Candide KOCH,33 RUE TARAGNAT,ENSEIGNEMENT ET FORMATION,Enseignement du premier degré,Groupe scolaire,166.456450040223,-22.2745660873879,etablissements_publics_nc,49,1813,Vallée des Colons Sud Ouest
municipales_2026,1,,,988,98818,Nouméa,NOUMEA,0017,1177,660,517,652,6,2,6,LREG,,,,,Muneiko HAOCAS Nouméa coeur battant - justice sociale,3,0.25,0.46,,École Candide KOCH 2,ECOLE CANDIDE KOCH,0.833,Ecole Candide KOCH,33 RUE TARAGNAT,ENSEIGNEMENT ET FORMATION,Enseignement du premier degré,Groupe scolaire,166.456450040223,-22.2745660873879,etablissements_publics_nc,49,1813,Vallée des Colons Sud Ouest
municipales_2026,1,,,988,98818,Nouméa,NOUMEA,0017,1177,660,517,652,6,2,7,LDVD,,,,,Sonia LAGARDE AVEC VOUS POUR NOUMEA,436,37.04,66.87,,École Candide KOCH 2,ECOLE CANDIDE KOCH,0.833,Ecole Candide KOCH,33 RUE TARAGNAT,ENSEIGNEMENT ET FORMATION,Enseignement du premier degré,Groupe scolaire,166.456450040223,-22.2745660873879,etablissements_publics_nc,49,1813,Vallée des Colons Sud Ouest
municipales_2026,1,,,988,98818,Nouméa,NOUMEA,0017,1177,660,517,652,6,2,8,LREG,,,,,Pierre WONG KONG TAO UNI DANS LA DIVERSITE,4,0.34,0.61,,École Candide KOCH 2,ECOLE CANDIDE KOCH,0.833,Ecole Candide KOCH,33 RUE TARAGNAT,ENSEIGNEMENT ET FORMATION,Enseignement du premier degré,Groupe scolaire,166.456450040223,-22.2745660873879,etablissements_publics_nc,49,1813,Vallée des Colons Sud Ouest
municipales_2026,1,,,988,98818,Nouméa,NOUMEA,0018,1038,541,497,534,5,2,1,LLR,,,,,"Virginie RUFFENACH POUR NOUMEA, UNE ENERGIE NOUVELLE",135,13.01,25.28,,École Emily PANNE 1,ECOLE EMILY PANNE,0.841,Ecole Emily PANNE,115 RUE AUGUSTE BENEBIG,ENSEIGNEMENT ET FORMATION,Enseignement du premier degré,Ecole primaire,166.454860512437,-22.2689261325801,etablissements_publics_nc,56,1820,Vallée des Colons Nord Est
municipales_2026,1,,,988,98818,Nouméa,NOUMEA,0018,1038,541,497,534,5,2,2,LDIV,,,,,Claude SIRET NOUMEA POUR TOUS,5,0.48,0.94,,École Emily PANNE 1,ECOLE EMILY PANNE,0.841,Ecole Emily PANNE,115 RUE AUGUSTE BENEBIG,ENSEIGNEMENT ET FORMATION,Enseignement du premier degré,Ecole primaire,166.454860512437,-22.2689261325801,etablissements_publics_nc,56,1820,Vallée des Colons Nord Est
municipales_2026,1,,,988,98818,Nouméa,NOUMEA,0018,1038,541,497,534,5,2,3,LDIV,,,,,Véronique FORESTIER NOUMEA LE RENOUVEAU,15,1.45,2.81,,École Emily PANNE 1,ECOLE EMILY PANNE,0.841,Ecole Emily PANNE,115 RUE AUGUSTE BENEBIG,ENSEIGNEMENT ET FORMATION,Enseignement du premier degré,Ecole primaire,166.454860512437,-22.2689261325801,etablissements_publics_nc,56,1820,Vallée des Colons Nord Est
municipales_2026,1,,,988,98818,Nouméa,NOUMEA,0018,1038,541,497,534,5,2,4,LDVC,,,,,Philippe DUNOYER Nouméa : l'après,46,4.43,8.61,,École Emily PANNE 1,ECOLE EMILY PANNE,0.841,Ecole Emily PANNE,115 RUE AUGUSTE BENEBIG,ENSEIGNEMENT ET FORMATION,Enseignement du premier degré,Ecole primaire,166.454860512437,-22.2689261325801,etablissements_publics_nc,56,1820,Vallée des Colons Nord Est
municipales_2026,1,,,988,98818,Nouméa,NOUMEA,0018,1038,541,497,534,5,2,5,LREG,,,,,Lesse ADJOUHGNIOPE UNITE PAYS,20,1.93,3.75,,École Emily PANNE 1,ECOLE EMILY PANNE,0.841,Ecole Emily PANNE,115 RUE AUGUSTE BENEBIG,ENSEIGNEMENT ET FORMATION,Enseignement du premier degré,Ecole primaire,166.454860512437,-22.2689261325801,etablissements_publics_nc,56,1820,Vallée des Colons Nord Est
municipales_2026,1,,,988,98818,Nouméa,NOUMEA,0018,1038,541,497,534,5,2,6,LREG,,,,,Muneiko HAOCAS Nouméa coeur battant - justice sociale,7,0.67,1.31,,École Emily PANNE 1,ECOLE EMILY PANNE,0.841,Ecole Emily PANNE,115 RUE AUGUSTE BENEBIG,ENSEIGNEMENT ET FORMATION,Enseignement du premier degré,Ecole primaire,166.454860512437,-22.2689261325801,etablissements_publics_nc,56,1820,Vallée des Colons Nord Est
municipales_2026,1,,,988,98818,Nouméa,NOUMEA,0018,1038,541,497,534,5,2,7,LDVD,,,,,Sonia LAGARDE AVEC VOUS POUR NOUMEA,294,28.32,55.06,,École Emily PANNE 1,ECOLE EMILY PANNE,0.841,Ecole Emily PANNE,115 RUE AUGUSTE BENEBIG,ENSEIGNEMENT ET FORMATION,Enseignement du premier degré,Ecole primaire,166.454860512437,-22.2689261325801,etablissements_publics_nc,56,1820,Vallée des Colons Nord Est
municipales_2026,1,,,988,98818,Nouméa,NOUMEA,0018,1038,541,497,534,5,2,8,LREG,,,,,Pierre WONG KONG TAO UNI DANS LA DIVERSITE,12,1.16,2.25,,École Emily PANNE 1,ECOLE EMILY PANNE,0.841,Ecole Emily PANNE,115 RUE AUGUSTE BENEBIG,ENSEIGNEMENT ET FORMATION,Enseignement du premier degré,Ecole primaire,166.454860512437,-22.2689261325801,etablissements_publics_nc,56,1820,Vallée des Colons Nord Est
municipales_2026,1,,,988,98818,Nouméa,NOUMEA,0019,1171,600,571,589,9,2,1,LLR,,,,,"Virginie RUFFENACH POUR NOUMEA, UNE ENERGIE NOUVELLE",136,11.61,23.09,,École Emily PANNE 2,ECOLE EMILY PANNE,0.841,Ecole Emily PANNE,115 RUE AUGUSTE BENEBIG,ENSEIGNEMENT ET FORMATION,Enseignement du premier degré,Ecole primaire,166.454860512437,-22.2689261325801,etablissements_publics_nc,56,1820,Vallée des Colons Nord Est
municipales_2026,1,,,988,98818,Nouméa,NOUMEA,0019,1171,600,571,589,9,2,2,LDIV,,,,,Claude SIRET NOUMEA POUR TOUS,12,1.02,2.04,,École Emily PANNE 2,ECOLE EMILY PANNE,0.841,Ecole Emily PANNE,115 RUE AUGUSTE BENEBIG,ENSEIGNEMENT ET FORMATION,Enseignement du premier degré,Ecole primaire,166.454860512437,-22.2689261325801,etablissements_publics_nc,56,1820,Vallée des Colons Nord Est
municipales_2026,1,,,988,98818,Nouméa,NOUMEA,0019,1171,600,571,589,9,2,3,LDIV,,,,,Véronique FORESTIER NOUMEA LE RENOUVEAU,9,0.77,1.53,,École Emily PANNE 2,ECOLE EMILY PANNE,0.841,Ecole Emily PANNE,115 RUE AUGUSTE BENEBIG,ENSEIGNEMENT ET FORMATION,Enseignement du premier degré,Ecole primaire,166.454860512437,-22.2689261325801,etablissements_publics_nc,56,1820,Vallée des Colons Nord Est
municipales_2026,1,,,988,98818,Nouméa,NOUMEA,0019,1171,600,571,589,9,2,4,LDVC,,,,,Philippe DUNOYER Nouméa : l'après,72,6.15,12.22,,École Emily PANNE 2,ECOLE EMILY PANNE,0.841,Ecole Emily PANNE,115 RUE AUGUSTE BENEBIG,ENSEIGNEMENT ET FORMATION,Enseignement du premier degré,Ecole primaire,166.454860512437,-22.2689261325801,etablissements_publics_nc,56,1820,Vallée des Colons Nord Est
municipales_2026,1,,,988,98818,Nouméa,NOUMEA,0019,1171,600,571,589,9,2,5,LREG,,,,,Lesse ADJOUHGNIOPE UNITE PAYS,41,3.5,6.96,,École Emily PANNE 2,ECOLE EMILY PANNE,0.841,Ecole Emily PANNE,115 RUE AUGUSTE BENEBIG,ENSEIGNEMENT ET FORMATION,Enseignement du premier degré,Ecole primaire,166.454860512437,-22.2689261325801,etablissements_publics_nc,56,1820,Vallée des Colons Nord Est
municipales_2026,1,,,988,98818,Nouméa,NOUMEA,0019,1171,600,571,589,9,2,6,LREG,,,,,Muneiko HAOCAS Nouméa coeur battant - justice sociale,7,0.6,1.19,,École Emily PANNE 2,ECOLE EMILY PANNE,0.841,Ecole Emily PANNE,115 RUE AUGUSTE BENEBIG,ENSEIGNEMENT ET FORMATION,Enseignement du premier degré,Ecole primaire,166.454860512437,-22.2689261325801,etablissements_publics_nc,56,1820,Vallée des Colons Nord Est
municipales_2026,1,,,988,98818,Nouméa,NOUMEA,0019,1171,600,571,589,9,2,7,LDVD,,,,,Sonia LAGARDE AVEC VOUS POUR NOUMEA,300,25.62,50.93,,École Emily PANNE 2,ECOLE EMILY PANNE,0.841,Ecole Emily PANNE,115 RUE AUGUSTE BENEBIG,ENSEIGNEMENT ET FORMATION,Enseignement du premier degré,Ecole primaire,166.454860512437,-22.2689261325801,etablissements_publics_nc,56,1820,Vallée des Colons Nord Est
municipales_2026,1,,,988,98818,Nouméa,NOUMEA,0019,1171,600,571,589,9,2,8,LREG,,,,,Pierre WONG KONG TAO UNI DANS LA DIVERSITE,12,1.02,2.04,,École Emily PANNE 2,ECOLE EMILY PANNE,0.841,Ecole Emily PANNE,115 RUE AUGUSTE BENEBIG,ENSEIGNEMENT ET FORMATION,Enseignement du premier degré,Ecole primaire,166.454860512437,-22.2689261325801,etablissements_publics_nc,56,1820,Vallée des Colons Nord Est
municipales_2026,1,,,988,98818,Nouméa,NOUMEA,0020,981,594,387,585,9,0,1,LLR,,,,,"Virginie RUFFENACH POUR NOUMEA, UNE ENERGIE NOUVELLE",138,14.07,23.59,,École Antoinette CHARBONNEAUX,ECOLE ANTOINETTE CHARBONNEAUX,0.879,Ecole Antoinette CHARBONNEAUX,1 RUE ANDRE ROLLY,ENSEIGNEMENT ET FORMATION,Enseignement du premier degré,Ecole élémentaire,166.46666463723,-22.273716213111,etablissements_publics_nc,52,1816,Magenta Tours
municipales_2026,1,,,988,98818,Nouméa,NOUMEA,0020,981,594,387,585,9,0,2,LDIV,,,,,Claude SIRET NOUMEA POUR TOUS,10,1.02,1.71,,École Antoinette CHARBONNEAUX,ECOLE ANTOINETTE CHARBONNEAUX,0.879,Ecole Antoinette CHARBONNEAUX,1 RUE ANDRE ROLLY,ENSEIGNEMENT ET FORMATION,Enseignement du premier degré,Ecole élémentaire,166.46666463723,-22.273716213111,etablissements_publics_nc,52,1816,Magenta Tours
municipales_2026,1,,,988,98818,Nouméa,NOUMEA,0020,981,594,387,585,9,0,3,LDIV,,,,,Véronique FORESTIER NOUMEA LE RENOUVEAU,10,1.02,1.71,,École Antoinette CHARBONNEAUX,ECOLE ANTOINETTE CHARBONNEAUX,0.879,Ecole Antoinette CHARBONNEAUX,1 RUE ANDRE ROLLY,ENSEIGNEMENT ET FORMATION,Enseignement du premier degré,Ecole élémentaire,166.46666463723,-22.273716213111,etablissements_publics_nc,52,1816,Magenta Tours
municipales_2026,1,,,988,98818,Nouméa,NOUMEA,0020,981,594,387,585,9,0,4,LDVC,,,,,Philippe DUNOYER Nouméa : l'après,19,1.94,3.25,,École Antoinette CHARBONNEAUX,ECOLE ANTOINETTE CHARBONNEAUX,0.879,Ecole Antoinette CHARBONNEAUX,1 RUE ANDRE ROLLY,ENSEIGNEMENT ET FORMATION,Enseignement du premier degré,Ecole élémentaire,166.46666463723,-22.273716213111,etablissements_publics_nc,52,1816,Magenta Tours
municipales_2026,1,,,988,98818,Nouméa,NOUMEA,0020,981,594,387,585,9,0,5,LREG,,,,,Lesse ADJOUHGNIOPE UNITE PAYS,7,0.71,1.2,,École Antoinette CHARBONNEAUX,ECOLE ANTOINETTE CHARBONNEAUX,0.879,Ecole Antoinette CHARBONNEAUX,1 RUE ANDRE ROLLY,ENSEIGNEMENT ET FORMATION,Enseignement du premier degré,Ecole élémentaire,166.46666463723,-22.273716213111,etablissements_publics_nc,52,1816,Magenta Tours
municipales_2026,1,,,988,98818,Nouméa,NOUMEA,0020,981,594,387,585,9,0,6,LREG,,,,,Muneiko HAOCAS Nouméa coeur battant - justice sociale,3,0.31,0.51,,École Antoinette CHARBONNEAUX,ECOLE ANTOINETTE CHARBONNEAUX,0.879,Ecole Antoinette CHARBONNEAUX,1 RUE ANDRE ROLLY,ENSEIGNEMENT ET FORMATION,Enseignement du premier degré,Ecole élémentaire,166.46666463723,-22.273716213111,etablissements_publics_nc,52,1816,Magenta Tours
municipales_2026,1,,,988,98818,Nouméa,NOUMEA,0020,981,594,387,585,9,0,7,LDVD,,,,,Sonia LAGARDE AVEC VOUS POUR NOUMEA,397,40.47,67.86,,École Antoinette CHARBONNEAUX,ECOLE ANTOINETTE CHARBONNEAUX,0.879,Ecole Antoinette CHARBONNEAUX,1 RUE ANDRE ROLLY,ENSEIGNEMENT ET FORMATION,Enseignement du premier degré,Ecole élémentaire,166.46666463723,-22.273716213111,etablissements_publics_nc,52,1816,Magenta Tours
municipales_2026,1,,,988,98818,Nouméa,NOUMEA,0020,981,594,387,585,9,0,8,LREG,,,,,Pierre WONG KONG TAO UNI DANS LA DIVERSITE,1,0.1,0.17,,École Antoinette CHARBONNEAUX,ECOLE ANTOINETTE CHARBONNEAUX,0.879,Ecole Antoinette CHARBONNEAUX,1 RUE ANDRE ROLLY,ENSEIGNEMENT ET FORMATION,Enseignement du premier degré,Ecole élémentaire,166.46666463723,-22.273716213111,etablissements_publics_nc,52,1816,Magenta Tours
municipales_2026,1,,,988,98818,Nouméa,NOUMEA,0021,1270,689,581,682,6,1,1,LLR,,,,,"Virginie RUFFENACH POUR NOUMEA, UNE ENERGIE NOUVELLE",143,11.26,20.97,,École Marie HAVET 1,ECOLE MARIE HAVET,0.841,Ecole Marie HAVET,231 RUE ARNOLD DALY,ENSEIGNEMENT ET FORMATION,Enseignement du premier degré,Ecole primaire,166.471138313555,-22.2828880563017,etablissements_publics_nc,54,1818,Ouémo
municipales_2026,1,,,988,98818,Nouméa,NOUMEA,0021,1270,689,581,682,6,1,2,LDIV,,,,,Claude SIRET NOUMEA POUR TOUS,6,0.47,0.88,,École Marie HAVET 1,ECOLE MARIE HAVET,0.841,Ecole Marie HAVET,231 RUE ARNOLD DALY,ENSEIGNEMENT ET FORMATION,Enseignement du premier degré,Ecole primaire,166.471138313555,-22.2828880563017,etablissements_publics_nc,54,1818,Ouémo
municipales_2026,1,,,988,98818,Nouméa,NOUMEA,0021,1270,689,581,682,6,1,3,LDIV,,,,,Véronique FORESTIER NOUMEA LE RENOUVEAU,9,0.71,1.32,,École Marie HAVET 1,ECOLE MARIE HAVET,0.841,Ecole Marie HAVET,231 RUE ARNOLD DALY,ENSEIGNEMENT ET FORMATION,Enseignement du premier degré,Ecole primaire,166.471138313555,-22.2828880563017,etablissements_publics_nc,54,1818,Ouémo
municipales_2026,1,,,988,98818,Nouméa,NOUMEA,0021,1270,689,581,682,6,1,4,LDVC,,,,,Philippe DUNOYER Nouméa : l'après,47,3.7,6.89,,École Marie HAVET 1,ECOLE MARIE HAVET,0.841,Ecole Marie HAVET,231 RUE ARNOLD DALY,ENSEIGNEMENT ET FORMATION,Enseignement du premier degré,Ecole primaire,166.471138313555,-22.2828880563017,etablissements_publics_nc,54,1818,Ouémo
municipales_2026,1,,,988,98818,Nouméa,NOUMEA,0021,1270,689,581,682,6,1,5,LREG,,,,,Lesse ADJOUHGNIOPE UNITE PAYS,16,1.26,2.35,,École Marie HAVET 1,ECOLE MARIE HAVET,0.841,Ecole Marie HAVET,231 RUE ARNOLD DALY,ENSEIGNEMENT ET FORMATION,Enseignement du premier degré,Ecole primaire,166.471138313555,-22.2828880563017,etablissements_publics_nc,54,1818,Ouémo
municipales_2026,1,,,988,98818,Nouméa,NOUMEA,0021,1270,689,581,682,6,1,6,LREG,,,,,Muneiko HAOCAS Nouméa coeur battant - justice sociale,6,0.47,0.88,,École Marie HAVET 1,ECOLE MARIE HAVET,0.841,Ecole Marie HAVET,231 RUE ARNOLD DALY,ENSEIGNEMENT ET FORMATION,Enseignement du premier degré,Ecole primaire,166.471138313555,-22.2828880563017,etablissements_publics_nc,54,1818,Ouémo
municipales_2026,1,,,988,98818,Nouméa,NOUMEA,0021,1270,689,581,682,6,1,7,LDVD,,,,,Sonia LAGARDE AVEC VOUS POUR NOUMEA,451,35.51,66.13,,École Marie HAVET 1,ECOLE MARIE HAVET,0.841,Ecole Marie HAVET,231 RUE ARNOLD DALY,ENSEIGNEMENT ET FORMATION,Enseignement du premier degré,Ecole primaire,166.471138313555,-22.2828880563017,etablissements_publics_nc,54,1818,Ouémo
municipales_2026,1,,,988,98818,Nouméa,NOUMEA,0021,1270,689,581,682,6,1,8,LREG,,,,,Pierre WONG KONG TAO UNI DANS LA DIVERSITE,4,0.31,0.59,,École Marie HAVET 1,ECOLE MARIE HAVET,0.841,Ecole Marie HAVET,231 RUE ARNOLD DALY,ENSEIGNEMENT ET FORMATION,Enseignement du premier degré,Ecole primaire,166.471138313555,-22.2828880563017,etablissements_publics_nc,54,1818,Ouémo
municipales_2026,1,,,988,98818,Nouméa,NOUMEA,0022,1364,728,636,723,1,4,1,LLR,,,,,"Virginie RUFFENACH POUR NOUMEA, UNE ENERGIE NOUVELLE",167,12.24,23.1,,École Marie HAVET 2,ECOLE MARIE HAVET,0.841,Ecole Marie HAVET,231 RUE ARNOLD DALY,ENSEIGNEMENT ET FORMATION,Enseignement du premier degré,Ecole primaire,166.471138313555,-22.2828880563017,etablissements_publics_nc,54,1818,Ouémo
municipales_2026,1,,,988,98818,Nouméa,NOUMEA,0022,1364,728,636,723,1,4,2,LDIV,,,,,Claude SIRET NOUMEA POUR TOUS,7,0.51,0.97,,École Marie HAVET 2,ECOLE MARIE HAVET,0.841,Ecole Marie HAVET,231 RUE ARNOLD DALY,ENSEIGNEMENT ET FORMATION,Enseignement du premier degré,Ecole primaire,166.471138313555,-22.2828880563017,etablissements_publics_nc,54,1818,Ouémo
municipales_2026,1,,,988,98818,Nouméa,NOUMEA,0022,1364,728,636,723,1,4,3,LDIV,,,,,Véronique FORESTIER NOUMEA LE RENOUVEAU,23,1.69,3.18,,École Marie HAVET 2,ECOLE MARIE HAVET,0.841,Ecole Marie HAVET,231 RUE ARNOLD DALY,ENSEIGNEMENT ET FORMATION,Enseignement du premier degré,Ecole primaire,166.471138313555,-22.2828880563017,etablissements_publics_nc,54,1818,Ouémo
municipales_2026,1,,,988,98818,Nouméa,NOUMEA,0022,1364,728,636,723,1,4,4,LDVC,,,,,Philippe DUNOYER Nouméa : l'après,57,4.18,7.88,,École Marie HAVET 2,ECOLE MARIE HAVET,0.841,Ecole Marie HAVET,231 RUE ARNOLD DALY,ENSEIGNEMENT ET FORMATION,Enseignement du premier degré,Ecole primaire,166.471138313555,-22.2828880563017,etablissements_publics_nc,54,1818,Ouémo
municipales_2026,1,,,988,98818,Nouméa,NOUMEA,0022,1364,728,636,723,1,4,5,LREG,,,,,Lesse ADJOUHGNIOPE UNITE PAYS,21,1.54,2.9,,École Marie HAVET 2,ECOLE MARIE HAVET,0.841,Ecole Marie HAVET,231 RUE ARNOLD DALY,ENSEIGNEMENT ET FORMATION,Enseignement du premier degré,Ecole primaire,166.471138313555,-22.2828880563017,etablissements_publics_nc,54,1818,Ouémo
municipales_2026,1,,,988,98818,Nouméa,NOUMEA,0022,1364,728,636,723,1,4,6,LREG,,,,,Muneiko HAOCAS Nouméa coeur battant - justice sociale,5,0.37,0.69,,École Marie HAVET 2,ECOLE MARIE HAVET,0.841,Ecole Marie HAVET,231 RUE ARNOLD DALY,ENSEIGNEMENT ET FORMATION,Enseignement du premier degré,Ecole primaire,166.471138313555,-22.2828880563017,etablissements_publics_nc,54,1818,Ouémo
municipales_2026,1,,,988,98818,Nouméa,NOUMEA,0022,1364,728,636,723,1,4,7,LDVD,,,,,Sonia LAGARDE AVEC VOUS POUR NOUMEA,439,32.18,60.72,,École Marie HAVET 2,ECOLE MARIE HAVET,0.841,Ecole Marie HAVET,231 RUE ARNOLD DALY,ENSEIGNEMENT ET FORMATION,Enseignement du premier degré,Ecole primaire,166.471138313555,-22.2828880563017,etablissements_publics_nc,54,1818,Ouémo
municipales_2026,1,,,988,98818,Nouméa,NOUMEA,0022,1364,728,636,723,1,4,8,LREG,,,,,Pierre WONG KONG TAO UNI DANS LA DIVERSITE,4,0.29,0.55,,École Marie HAVET 2,ECOLE MARIE HAVET,0.841,Ecole Marie HAVET,231 RUE ARNOLD DALY,ENSEIGNEMENT ET FORMATION,Enseignement du premier degré,Ecole primaire,166.471138313555,-22.2828880563017,etablissements_publics_nc,54,1818,Ouémo
municipales_2026,1,,,988,98818,Nouméa,NOUMEA,0023,1235,655,580,639,12,4,1,LLR,,,,,"Virginie RUFFENACH POUR NOUMEA, UNE ENERGIE NOUVELLE",145,11.74,22.69,,École Christine BOLETTI 1,ECOLE CHRISTINE BOLETTI,0.792,Ecole Christine BOLETTI,10 RUE CHARLES STEINMETZ,ENSEIGNEMENT ET FORMATION,Enseignement du premier degré,Ecole pré-élémentaire,166.465990390657,-22.2661773380247,etablissements_publics_nc,63,1827,Aérodrome Sud
municipales_2026,1,,,988,98818,Nouméa,NOUMEA,0023,1235,655,580,639,12,4,2,LDIV,,,,,Claude SIRET NOUMEA POUR TOUS,6,0.49,0.94,,École Christine BOLETTI 1,ECOLE CHRISTINE BOLETTI,0.792,Ecole Christine BOLETTI,10 RUE CHARLES STEINMETZ,ENSEIGNEMENT ET FORMATION,Enseignement du premier degré,Ecole pré-élémentaire,166.465990390657,-22.2661773380247,etablissements_publics_nc,63,1827,Aérodrome Sud
municipales_2026,1,,,988,98818,Nouméa,NOUMEA,0023,1235,655,580,639,12,4,3,LDIV,,,,,Véronique FORESTIER NOUMEA LE RENOUVEAU,16,1.3,2.5,,École Christine BOLETTI 1,ECOLE CHRISTINE BOLETTI,0.792,Ecole Christine BOLETTI,10 RUE CHARLES STEINMETZ,ENSEIGNEMENT ET FORMATION,Enseignement du premier degré,Ecole pré-élémentaire,166.465990390657,-22.2661773380247,etablissements_publics_nc,63,1827,Aérodrome Sud
municipales_2026,1,,,988,98818,Nouméa,NOUMEA,0023,1235,655,580,639,12,4,4,LDVC,,,,,Philippe DUNOYER Nouméa : l'après,60,4.86,9.39,,École Christine BOLETTI 1,ECOLE CHRISTINE BOLETTI,0.792,Ecole Christine BOLETTI,10 RUE CHARLES STEINMETZ,ENSEIGNEMENT ET FORMATION,Enseignement du premier degré,Ecole pré-élémentaire,166.465990390657,-22.2661773380247,etablissements_publics_nc,63,1827,Aérodrome Sud
municipales_2026,1,,,988,98818,Nouméa,NOUMEA,0023,1235,655,580,639,12,4,5,LREG,,,,,Lesse ADJOUHGNIOPE UNITE PAYS,25,2.02,3.91,,École Christine BOLETTI 1,ECOLE CHRISTINE BOLETTI,0.792,Ecole Christine BOLETTI,10 RUE CHARLES STEINMETZ,ENSEIGNEMENT ET FORMATION,Enseignement du premier degré,Ecole pré-élémentaire,166.465990390657,-22.2661773380247,etablissements_publics_nc,63,1827,Aérodrome Sud
municipales_2026,1,,,988,98818,Nouméa,NOUMEA,0023,1235,655,580,639,12,4,6,LREG,,,,,Muneiko HAOCAS Nouméa coeur battant - justice sociale,4,0.32,0.63,,École Christine BOLETTI 1,ECOLE CHRISTINE BOLETTI,0.792,Ecole Christine BOLETTI,10 RUE CHARLES STEINMETZ,ENSEIGNEMENT ET FORMATION,Enseignement du premier degré,Ecole pré-élémentaire,166.465990390657,-22.2661773380247,etablissements_publics_nc,63,1827,Aérodrome Sud
municipales_2026,1,,,988,98818,Nouméa,NOUMEA,0023,1235,655,580,639,12,4,7,LDVD,,,,,Sonia LAGARDE AVEC VOUS POUR NOUMEA,375,30.36,58.69,,École Christine BOLETTI 1,ECOLE CHRISTINE BOLETTI,0.792,Ecole Christine BOLETTI,10 RUE CHARLES STEINMETZ,ENSEIGNEMENT ET FORMATION,Enseignement du premier degré,Ecole pré-élémentaire,166.465990390657,-22.2661773380247,etablissements_publics_nc,63,1827,Aérodrome Sud
municipales_2026,1,,,988,98818,Nouméa,NOUMEA,0023,1235,655,580,639,12,4,8,LREG,,,,,Pierre WONG KONG TAO UNI DANS LA DIVERSITE,8,0.65,1.25,,École Christine BOLETTI 1,ECOLE CHRISTINE BOLETTI,0.792,Ecole Christine BOLETTI,10 RUE CHARLES STEINMETZ,ENSEIGNEMENT ET FORMATION,Enseignement du premier degré,Ecole pré-élémentaire,166.465990390657,-22.2661773380247,etablissements_publics_nc,63,1827,Aérodrome Sud
municipales_2026,1,,,988,98818,Nouméa,NOUMEA,0024,1210,470,740,457,6,7,1,LLR,,,,,"Virginie RUFFENACH POUR NOUMEA, UNE ENERGIE NOUVELLE",64,5.29,14,,École Christine BOLETTI 2,ECOLE CHRISTINE BOLETTI,0.792,Ecole Christine BOLETTI,10 RUE CHARLES STEINMETZ,ENSEIGNEMENT ET FORMATION,Enseignement du premier degré,Ecole pré-élémentaire,166.465990390657,-22.2661773380247,etablissements_publics_nc,63,1827,Aérodrome Sud
municipales_2026,1,,,988,98818,Nouméa,NOUMEA,0024,1210,470,740,457,6,7,2,LDIV,,,,,Claude SIRET NOUMEA POUR TOUS,13,1.07,2.84,,École Christine BOLETTI 2,ECOLE CHRISTINE BOLETTI,0.792,Ecole Christine BOLETTI,10 RUE CHARLES STEINMETZ,ENSEIGNEMENT ET FORMATION,Enseignement du premier degré,Ecole pré-élémentaire,166.465990390657,-22.2661773380247,etablissements_publics_nc,63,1827,Aérodrome Sud
municipales_2026,1,,,988,98818,Nouméa,NOUMEA,0024,1210,470,740,457,6,7,3,LDIV,,,,,Véronique FORESTIER NOUMEA LE RENOUVEAU,10,0.83,2.19,,École Christine BOLETTI 2,ECOLE CHRISTINE BOLETTI,0.792,Ecole Christine BOLETTI,10 RUE CHARLES STEINMETZ,ENSEIGNEMENT ET FORMATION,Enseignement du premier degré,Ecole pré-élémentaire,166.465990390657,-22.2661773380247,etablissements_publics_nc,63,1827,Aérodrome Sud
municipales_2026,1,,,988,98818,Nouméa,NOUMEA,0024,1210,470,740,457,6,7,4,LDVC,,,,,Philippe DUNOYER Nouméa : l'après,53,4.38,11.6,,École Christine BOLETTI 2,ECOLE CHRISTINE BOLETTI,0.792,Ecole Christine BOLETTI,10 RUE CHARLES STEINMETZ,ENSEIGNEMENT ET FORMATION,Enseignement du premier degré,Ecole pré-élémentaire,166.465990390657,-22.2661773380247,etablissements_publics_nc,63,1827,Aérodrome Sud
municipales_2026,1,,,988,98818,Nouméa,NOUMEA,0024,1210,470,740,457,6,7,5,LREG,,,,,Lesse ADJOUHGNIOPE UNITE PAYS,106,8.76,23.19,,École Christine BOLETTI 2,ECOLE CHRISTINE BOLETTI,0.792,Ecole Christine BOLETTI,10 RUE CHARLES STEINMETZ,ENSEIGNEMENT ET FORMATION,Enseignement du premier degré,Ecole pré-élémentaire,166.465990390657,-22.2661773380247,etablissements_publics_nc,63,1827,Aérodrome Sud
municipales_2026,1,,,988,98818,Nouméa,NOUMEA,0024,1210,470,740,457,6,7,6,LREG,,,,,Muneiko HAOCAS Nouméa coeur battant - justice sociale,29,2.4,6.35,,École Christine BOLETTI 2,ECOLE CHRISTINE BOLETTI,0.792,Ecole Christine BOLETTI,10 RUE CHARLES STEINMETZ,ENSEIGNEMENT ET FORMATION,Enseignement du premier degré,Ecole pré-élémentaire,166.465990390657,-22.2661773380247,etablissements_publics_nc,63,1827,Aérodrome Sud
municipales_2026,1,,,988,98818,Nouméa,NOUMEA,0024,1210,470,740,457,6,7,7,LDVD,,,,,Sonia LAGARDE AVEC VOUS POUR NOUMEA,173,14.3,37.86,,École Christine BOLETTI 2,ECOLE CHRISTINE BOLETTI,0.792,Ecole Christine BOLETTI,10 RUE CHARLES STEINMETZ,ENSEIGNEMENT ET FORMATION,Enseignement du premier degré,Ecole pré-élémentaire,166.465990390657,-22.2661773380247,etablissements_publics_nc,63,1827,Aérodrome Sud
municipales_2026,1,,,988,98818,Nouméa,NOUMEA,0024,1210,470,740,457,6,7,8,LREG,,,,,Pierre WONG KONG TAO UNI DANS LA DIVERSITE,9,0.74,1.97,,École Christine BOLETTI 2,ECOLE CHRISTINE BOLETTI,0.792,Ecole Christine BOLETTI,10 RUE CHARLES STEINMETZ,ENSEIGNEMENT ET FORMATION,Enseignement du premier degré,Ecole pré-élémentaire,166.465990390657,-22.2661773380247,etablissements_publics_nc,63,1827,Aérodrome Sud
municipales_2026,1,,,988,98818,Nouméa,NOUMEA,0025,1288,708,580,702,5,1,1,LLR,,,,,"Virginie RUFFENACH POUR NOUMEA, UNE ENERGIE NOUVELLE",247,19.18,35.19,,École Michel CACOT 1,ECOLE MICHEL CACOT,0.85,Ecole Michel CACOT,231 RUE ARMAND OHLEN,ENSEIGNEMENT ET FORMATION,Enseignement du premier degré,Ecole primaire,166.463652223431,-22.2662199324801,etablissements_publics_nc,62,1826,Portes de Fer - Sud
municipales_2026,1,,,988,98818,Nouméa,NOUMEA,0025,1288,708,580,702,5,1,2,LDIV,,,,,Claude SIRET NOUMEA POUR TOUS,3,0.23,0.43,,École Michel CACOT 1,ECOLE MICHEL CACOT,0.85,Ecole Michel CACOT,231 RUE ARMAND OHLEN,ENSEIGNEMENT ET FORMATION,Enseignement du premier degré,Ecole primaire,166.463652223431,-22.2662199324801,etablissements_publics_nc,62,1826,Portes de Fer - Sud
municipales_2026,1,,,988,98818,Nouméa,NOUMEA,0025,1288,708,580,702,5,1,3,LDIV,,,,,Véronique FORESTIER NOUMEA LE RENOUVEAU,11,0.85,1.57,,École Michel CACOT 1,ECOLE MICHEL CACOT,0.85,Ecole Michel CACOT,231 RUE ARMAND OHLEN,ENSEIGNEMENT ET FORMATION,Enseignement du premier degré,Ecole primaire,166.463652223431,-22.2662199324801,etablissements_publics_nc,62,1826,Portes de Fer - Sud
municipales_2026,1,,,988,98818,Nouméa,NOUMEA,0025,1288,708,580,702,5,1,4,LDVC,,,,,Philippe DUNOYER Nouméa : l'après,67,5.2,9.54,,École Michel CACOT 1,ECOLE MICHEL CACOT,0.85,Ecole Michel CACOT,231 RUE ARMAND OHLEN,ENSEIGNEMENT ET FORMATION,Enseignement du premier degré,Ecole primaire,166.463652223431,-22.2662199324801,etablissements_publics_nc,62,1826,Portes de Fer - Sud
municipales_2026,1,,,988,98818,Nouméa,NOUMEA,0025,1288,708,580,702,5,1,5,LREG,,,,,Lesse ADJOUHGNIOPE UNITE PAYS,28,2.17,3.99,,École Michel CACOT 1,ECOLE MICHEL CACOT,0.85,Ecole Michel CACOT,231 RUE ARMAND OHLEN,ENSEIGNEMENT ET FORMATION,Enseignement du premier degré,Ecole primaire,166.463652223431,-22.2662199324801,etablissements_publics_nc,62,1826,Portes de Fer - Sud
municipales_2026,1,,,988,98818,Nouméa,NOUMEA,0025,1288,708,580,702,5,1,6,LREG,,,,,Muneiko HAOCAS Nouméa coeur battant - justice sociale,4,0.31,0.57,,École Michel CACOT 1,ECOLE MICHEL CACOT,0.85,Ecole Michel CACOT,231 RUE ARMAND OHLEN,ENSEIGNEMENT ET FORMATION,Enseignement du premier degré,Ecole primaire,166.463652223431,-22.2662199324801,etablissements_publics_nc,62,1826,Portes de Fer - Sud
municipales_2026,1,,,988,98818,Nouméa,NOUMEA,0025,1288,708,580,702,5,1,7,LDVD,,,,,Sonia LAGARDE AVEC VOUS POUR NOUMEA,333,25.85,47.44,,École Michel CACOT 1,ECOLE MICHEL CACOT,0.85,Ecole Michel CACOT,231 RUE ARMAND OHLEN,ENSEIGNEMENT ET FORMATION,Enseignement du premier degré,Ecole primaire,166.463652223431,-22.2662199324801,etablissements_publics_nc,62,1826,Portes de Fer - Sud
municipales_2026,1,,,988,98818,Nouméa,NOUMEA,0025,1288,708,580,702,5,1,8,LREG,,,,,Pierre WONG KONG TAO UNI DANS LA DIVERSITE,9,0.7,1.28,,École Michel CACOT 1,ECOLE MICHEL CACOT,0.85,Ecole Michel CACOT,231 RUE ARMAND OHLEN,ENSEIGNEMENT ET FORMATION,Enseignement du premier degré,Ecole primaire,166.463652223431,-22.2662199324801,etablissements_publics_nc,62,1826,Portes de Fer - Sud
municipales_2026,1,,,988,98818,Nouméa,NOUMEA,0026,1313,680,633,663,12,5,1,LLR,,,,,"Virginie RUFFENACH POUR NOUMEA, UNE ENERGIE NOUVELLE",187,14.24,28.21,,École Michel CACOT 2,ECOLE MICHEL CACOT,0.85,Ecole Michel CACOT,231 RUE ARMAND OHLEN,ENSEIGNEMENT ET FORMATION,Enseignement du premier degré,Ecole primaire,166.463652223431,-22.2662199324801,etablissements_publics_nc,62,1826,Portes de Fer - Sud
municipales_2026,1,,,988,98818,Nouméa,NOUMEA,0026,1313,680,633,663,12,5,2,LDIV,,,,,Claude SIRET NOUMEA POUR TOUS,6,0.46,0.9,,École Michel CACOT 2,ECOLE MICHEL CACOT,0.85,Ecole Michel CACOT,231 RUE ARMAND OHLEN,ENSEIGNEMENT ET FORMATION,Enseignement du premier degré,Ecole primaire,166.463652223431,-22.2662199324801,etablissements_publics_nc,62,1826,Portes de Fer - Sud
municipales_2026,1,,,988,98818,Nouméa,NOUMEA,0026,1313,680,633,663,12,5,3,LDIV,,,,,Véronique FORESTIER NOUMEA LE RENOUVEAU,11,0.84,1.66,,École Michel CACOT 2,ECOLE MICHEL CACOT,0.85,Ecole Michel CACOT,231 RUE ARMAND OHLEN,ENSEIGNEMENT ET FORMATION,Enseignement du premier degré,Ecole primaire,166.463652223431,-22.2662199324801,etablissements_publics_nc,62,1826,Portes de Fer - Sud
municipales_2026,1,,,988,98818,Nouméa,NOUMEA,0026,1313,680,633,663,12,5,4,LDVC,,,,,Philippe DUNOYER Nouméa : l'après,68,5.18,10.26,,École Michel CACOT 2,ECOLE MICHEL CACOT,0.85,Ecole Michel CACOT,231 RUE ARMAND OHLEN,ENSEIGNEMENT ET FORMATION,Enseignement du premier degré,Ecole primaire,166.463652223431,-22.2662199324801,etablissements_publics_nc,62,1826,Portes de Fer - Sud
municipales_2026,1,,,988,98818,Nouméa,NOUMEA,0026,1313,680,633,663,12,5,5,LREG,,,,,Lesse ADJOUHGNIOPE UNITE PAYS,12,0.91,1.81,,École Michel CACOT 2,ECOLE MICHEL CACOT,0.85,Ecole Michel CACOT,231 RUE ARMAND OHLEN,ENSEIGNEMENT ET FORMATION,Enseignement du premier degré,Ecole primaire,166.463652223431,-22.2662199324801,etablissements_publics_nc,62,1826,Portes de Fer - Sud
municipales_2026,1,,,988,98818,Nouméa,NOUMEA,0026,1313,680,633,663,12,5,6,LREG,,,,,Muneiko HAOCAS Nouméa coeur battant - justice sociale,4,0.3,0.6,,École Michel CACOT 2,ECOLE MICHEL CACOT,0.85,Ecole Michel CACOT,231 RUE ARMAND OHLEN,ENSEIGNEMENT ET FORMATION,Enseignement du premier degré,Ecole primaire,166.463652223431,-22.2662199324801,etablissements_publics_nc,62,1826,Portes de Fer - Sud
municipales_2026,1,,,988,98818,Nouméa,NOUMEA,0026,1313,680,633,663,12,5,7,LDVD,,,,,Sonia LAGARDE AVEC VOUS POUR NOUMEA,369,28.1,55.66,,École Michel CACOT 2,ECOLE MICHEL CACOT,0.85,Ecole Michel CACOT,231 RUE ARMAND OHLEN,ENSEIGNEMENT ET FORMATION,Enseignement du premier degré,Ecole primaire,166.463652223431,-22.2662199324801,etablissements_publics_nc,62,1826,Portes de Fer - Sud
municipales_2026,1,,,988,98818,Nouméa,NOUMEA,0026,1313,680,633,663,12,5,8,LREG,,,,,Pierre WONG KONG TAO UNI DANS LA DIVERSITE,6,0.46,0.9,,École Michel CACOT 2,ECOLE MICHEL CACOT,0.85,Ecole Michel CACOT,231 RUE ARMAND OHLEN,ENSEIGNEMENT ET FORMATION,Enseignement du premier degré,Ecole primaire,166.463652223431,-22.2662199324801,etablissements_publics_nc,62,1826,Portes de Fer - Sud
municipales_2026,1,,,988,98818,Nouméa,NOUMEA,0027,1139,461,678,452,6,3,1,LLR,,,,,"Virginie RUFFENACH POUR NOUMEA, UNE ENERGIE NOUVELLE",80,7.02,17.7,,École Céline TEYSSANDIER de LAUBAREDE,ECOLE CELINE TEYSSANDIER LAUBAREDE,0.933,Ecole primaire Céline TEYSSANDIER DE LAUBAREDE,29 ROUTE DES DEUX VALLEES - RUE JACQUES BARRAU,ENSEIGNEMENT ET FORMATION,Enseignement du premier degré,Ecole primaire,166.445705500987,-22.2640017751327,etablissements_publics_nc,60,1824,Vallée du Tir
municipales_2026,1,,,988,98818,Nouméa,NOUMEA,0027,1139,461,678,452,6,3,2,LDIV,,,,,Claude SIRET NOUMEA POUR TOUS,27,2.37,5.97,,École Céline TEYSSANDIER de LAUBAREDE,ECOLE CELINE TEYSSANDIER LAUBAREDE,0.933,Ecole primaire Céline TEYSSANDIER DE LAUBAREDE,29 ROUTE DES DEUX VALLEES - RUE JACQUES BARRAU,ENSEIGNEMENT ET FORMATION,Enseignement du premier degré,Ecole primaire,166.445705500987,-22.2640017751327,etablissements_publics_nc,60,1824,Vallée du Tir
municipales_2026,1,,,988,98818,Nouméa,NOUMEA,0027,1139,461,678,452,6,3,3,LDIV,,,,,Véronique FORESTIER NOUMEA LE RENOUVEAU,8,0.7,1.77,,École Céline TEYSSANDIER de LAUBAREDE,ECOLE CELINE TEYSSANDIER LAUBAREDE,0.933,Ecole primaire Céline TEYSSANDIER DE LAUBAREDE,29 ROUTE DES DEUX VALLEES - RUE JACQUES BARRAU,ENSEIGNEMENT ET FORMATION,Enseignement du premier degré,Ecole primaire,166.445705500987,-22.2640017751327,etablissements_publics_nc,60,1824,Vallée du Tir
municipales_2026,1,,,988,98818,Nouméa,NOUMEA,0027,1139,461,678,452,6,3,4,LDVC,,,,,Philippe DUNOYER Nouméa : l'après,56,4.92,12.39,,École Céline TEYSSANDIER de LAUBAREDE,ECOLE CELINE TEYSSANDIER LAUBAREDE,0.933,Ecole primaire Céline TEYSSANDIER DE LAUBAREDE,29 ROUTE DES DEUX VALLEES - RUE JACQUES BARRAU,ENSEIGNEMENT ET FORMATION,Enseignement du premier degré,Ecole primaire,166.445705500987,-22.2640017751327,etablissements_publics_nc,60,1824,Vallée du Tir
municipales_2026,1,,,988,98818,Nouméa,NOUMEA,0027,1139,461,678,452,6,3,5,LREG,,,,,Lesse ADJOUHGNIOPE UNITE PAYS,115,10.1,25.44,,École Céline TEYSSANDIER de LAUBAREDE,ECOLE CELINE TEYSSANDIER LAUBAREDE,0.933,Ecole primaire Céline TEYSSANDIER DE LAUBAREDE,29 ROUTE DES DEUX VALLEES - RUE JACQUES BARRAU,ENSEIGNEMENT ET FORMATION,Enseignement du premier degré,Ecole primaire,166.445705500987,-22.2640017751327,etablissements_publics_nc,60,1824,Vallée du Tir
municipales_2026,1,,,988,98818,Nouméa,NOUMEA,0027,1139,461,678,452,6,3,6,LREG,,,,,Muneiko HAOCAS Nouméa coeur battant - justice sociale,17,1.49,3.76,,École Céline TEYSSANDIER de LAUBAREDE,ECOLE CELINE TEYSSANDIER LAUBAREDE,0.933,Ecole primaire Céline TEYSSANDIER DE LAUBAREDE,29 ROUTE DES DEUX VALLEES - RUE JACQUES BARRAU,ENSEIGNEMENT ET FORMATION,Enseignement du premier degré,Ecole primaire,166.445705500987,-22.2640017751327,etablissements_publics_nc,60,1824,Vallée du Tir
municipales_2026,1,,,988,98818,Nouméa,NOUMEA,0027,1139,461,678,452,6,3,7,LDVD,,,,,Sonia LAGARDE AVEC VOUS POUR NOUMEA,134,11.76,29.65,,École Céline TEYSSANDIER de LAUBAREDE,ECOLE CELINE TEYSSANDIER LAUBAREDE,0.933,Ecole primaire Céline TEYSSANDIER DE LAUBAREDE,29 ROUTE DES DEUX VALLEES - RUE JACQUES BARRAU,ENSEIGNEMENT ET FORMATION,Enseignement du premier degré,Ecole primaire,166.445705500987,-22.2640017751327,etablissements_publics_nc,60,1824,Vallée du Tir
municipales_2026,1,,,988,98818,Nouméa,NOUMEA,0027,1139,461,678,452,6,3,8,LREG,,,,,Pierre WONG KONG TAO UNI DANS LA DIVERSITE,15,1.32,3.32,,École Céline TEYSSANDIER de LAUBAREDE,ECOLE CELINE TEYSSANDIER LAUBAREDE,0.933,Ecole primaire Céline TEYSSANDIER DE LAUBAREDE,29 ROUTE DES DEUX VALLEES - RUE JACQUES BARRAU,ENSEIGNEMENT ET FORMATION,Enseignement du premier degré,Ecole primaire,166.445705500987,-22.2640017751327,etablissements_publics_nc,60,1824,Vallée du Tir
municipales_2026,1,,,988,98818,Nouméa,NOUMEA,0028,1101,418,683,412,2,4,1,LLR,,,,,"Virginie RUFFENACH POUR NOUMEA, UNE ENERGIE NOUVELLE",15,1.36,3.64,,École Gustave MOUCHET 1,ECOLE GUSTAVE MOUCHET,0.874,Ecole Gustave MOUCHET,8 RUE DES FRERES CHARPENTIER,ENSEIGNEMENT ET FORMATION,Enseignement du premier degré,Ecole primaire,166.454414703061,-22.2504501881193,etablissements_publics_nc,64,1828,Portes de Fer - Nord
municipales_2026,1,,,988,98818,Nouméa,NOUMEA,0028,1101,418,683,412,2,4,2,LDIV,,,,,Claude SIRET NOUMEA POUR TOUS,7,0.64,1.7,,École Gustave MOUCHET 1,ECOLE GUSTAVE MOUCHET,0.874,Ecole Gustave MOUCHET,8 RUE DES FRERES CHARPENTIER,ENSEIGNEMENT ET FORMATION,Enseignement du premier degré,Ecole primaire,166.454414703061,-22.2504501881193,etablissements_publics_nc,64,1828,Portes de Fer - Nord
municipales_2026,1,,,988,98818,Nouméa,NOUMEA,0028,1101,418,683,412,2,4,3,LDIV,,,,,Véronique FORESTIER NOUMEA LE RENOUVEAU,0,0,0,,École Gustave MOUCHET 1,ECOLE GUSTAVE MOUCHET,0.874,Ecole Gustave MOUCHET,8 RUE DES FRERES CHARPENTIER,ENSEIGNEMENT ET FORMATION,Enseignement du premier degré,Ecole primaire,166.454414703061,-22.2504501881193,etablissements_publics_nc,64,1828,Portes de Fer - Nord
municipales_2026,1,,,988,98818,Nouméa,NOUMEA,0028,1101,418,683,412,2,4,4,LDVC,,,,,Philippe DUNOYER Nouméa : l'après,32,2.91,7.77,,École Gustave MOUCHET 1,ECOLE GUSTAVE MOUCHET,0.874,Ecole Gustave MOUCHET,8 RUE DES FRERES CHARPENTIER,ENSEIGNEMENT ET FORMATION,Enseignement du premier degré,Ecole primaire,166.454414703061,-22.2504501881193,etablissements_publics_nc,64,1828,Portes de Fer - Nord
municipales_2026,1,,,988,98818,Nouméa,NOUMEA,0028,1101,418,683,412,2,4,5,LREG,,,,,Lesse ADJOUHGNIOPE UNITE PAYS,206,18.71,50,,École Gustave MOUCHET 1,ECOLE GUSTAVE MOUCHET,0.874,Ecole Gustave MOUCHET,8 RUE DES FRERES CHARPENTIER,ENSEIGNEMENT ET FORMATION,Enseignement du premier degré,Ecole primaire,166.454414703061,-22.2504501881193,etablissements_publics_nc,64,1828,Portes de Fer - Nord
municipales_2026,1,,,988,98818,Nouméa,NOUMEA,0028,1101,418,683,412,2,4,6,LREG,,,,,Muneiko HAOCAS Nouméa coeur battant - justice sociale,87,7.9,21.12,,École Gustave MOUCHET 1,ECOLE GUSTAVE MOUCHET,0.874,Ecole Gustave MOUCHET,8 RUE DES FRERES CHARPENTIER,ENSEIGNEMENT ET FORMATION,Enseignement du premier degré,Ecole primaire,166.454414703061,-22.2504501881193,etablissements_publics_nc,64,1828,Portes de Fer - Nord
municipales_2026,1,,,988,98818,Nouméa,NOUMEA,0028,1101,418,683,412,2,4,7,LDVD,,,,,Sonia LAGARDE AVEC VOUS POUR NOUMEA,48,4.36,11.65,,École Gustave MOUCHET 1,ECOLE GUSTAVE MOUCHET,0.874,Ecole Gustave MOUCHET,8 RUE DES FRERES CHARPENTIER,ENSEIGNEMENT ET FORMATION,Enseignement du premier degré,Ecole primaire,166.454414703061,-22.2504501881193,etablissements_publics_nc,64,1828,Portes de Fer - Nord
municipales_2026,1,,,988,98818,Nouméa,NOUMEA,0028,1101,418,683,412,2,4,8,LREG,,,,,Pierre WONG KONG TAO UNI DANS LA DIVERSITE,17,1.54,4.13,,École Gustave MOUCHET 1,ECOLE GUSTAVE MOUCHET,0.874,Ecole Gustave MOUCHET,8 RUE DES FRERES CHARPENTIER,ENSEIGNEMENT ET FORMATION,Enseignement du premier degré,Ecole primaire,166.454414703061,-22.2504501881193,etablissements_publics_nc,64,1828,Portes de Fer - Nord
municipales_2026,1,,,988,98818,Nouméa,NOUMEA,0029,1044,346,698,340,5,1,1,LLR,,,,,"Virginie RUFFENACH POUR NOUMEA, UNE ENERGIE NOUVELLE",29,2.78,8.53,,École Gustave MOUCHET 2,ECOLE GUSTAVE MOUCHET,0.874,Ecole Gustave MOUCHET,8 RUE DES FRERES CHARPENTIER,ENSEIGNEMENT ET FORMATION,Enseignement du premier degré,Ecole primaire,166.454414703061,-22.2504501881193,etablissements_publics_nc,64,1828,Portes de Fer - Nord
municipales_2026,1,,,988,98818,Nouméa,NOUMEA,0029,1044,346,698,340,5,1,2,LDIV,,,,,Claude SIRET NOUMEA POUR TOUS,14,1.34,4.12,,École Gustave MOUCHET 2,ECOLE GUSTAVE MOUCHET,0.874,Ecole Gustave MOUCHET,8 RUE DES FRERES CHARPENTIER,ENSEIGNEMENT ET FORMATION,Enseignement du premier degré,Ecole primaire,166.454414703061,-22.2504501881193,etablissements_publics_nc,64,1828,Portes de Fer - Nord
municipales_2026,1,,,988,98818,Nouméa,NOUMEA,0029,1044,346,698,340,5,1,3,LDIV,,,,,Véronique FORESTIER NOUMEA LE RENOUVEAU,10,0.96,2.94,,École Gustave MOUCHET 2,ECOLE GUSTAVE MOUCHET,0.874,Ecole Gustave MOUCHET,8 RUE DES FRERES CHARPENTIER,ENSEIGNEMENT ET FORMATION,Enseignement du premier degré,Ecole primaire,166.454414703061,-22.2504501881193,etablissements_publics_nc,64,1828,Portes de Fer - Nord
municipales_2026,1,,,988,98818,Nouméa,NOUMEA,0029,1044,346,698,340,5,1,4,LDVC,,,,,Philippe DUNOYER Nouméa : l'après,41,3.93,12.06,,École Gustave MOUCHET 2,ECOLE GUSTAVE MOUCHET,0.874,Ecole Gustave MOUCHET,8 RUE DES FRERES CHARPENTIER,ENSEIGNEMENT ET FORMATION,Enseignement du premier degré,Ecole primaire,166.454414703061,-22.2504501881193,etablissements_publics_nc,64,1828,Portes de Fer - Nord
municipales_2026,1,,,988,98818,Nouméa,NOUMEA,0029,1044,346,698,340,5,1,5,LREG,,,,,Lesse ADJOUHGNIOPE UNITE PAYS,114,10.92,33.53,,École Gustave MOUCHET 2,ECOLE GUSTAVE MOUCHET,0.874,Ecole Gustave MOUCHET,8 RUE DES FRERES CHARPENTIER,ENSEIGNEMENT ET FORMATION,Enseignement du premier degré,Ecole primaire,166.454414703061,-22.2504501881193,etablissements_publics_nc,64,1828,Portes de Fer - Nord
municipales_2026,1,,,988,98818,Nouméa,NOUMEA,0029,1044,346,698,340,5,1,6,LREG,,,,,Muneiko HAOCAS Nouméa coeur battant - justice sociale,35,3.35,10.29,,École Gustave MOUCHET 2,ECOLE GUSTAVE MOUCHET,0.874,Ecole Gustave MOUCHET,8 RUE DES FRERES CHARPENTIER,ENSEIGNEMENT ET FORMATION,Enseignement du premier degré,Ecole primaire,166.454414703061,-22.2504501881193,etablissements_publics_nc,64,1828,Portes de Fer - Nord
municipales_2026,1,,,988,98818,Nouméa,NOUMEA,0029,1044,346,698,340,5,1,7,LDVD,,,,,Sonia LAGARDE AVEC VOUS POUR NOUMEA,91,8.72,26.76,,École Gustave MOUCHET 2,ECOLE GUSTAVE MOUCHET,0.874,Ecole Gustave MOUCHET,8 RUE DES FRERES CHARPENTIER,ENSEIGNEMENT ET FORMATION,Enseignement du premier degré,Ecole primaire,166.454414703061,-22.2504501881193,etablissements_publics_nc,64,1828,Portes de Fer - Nord
municipales_2026,1,,,988,98818,Nouméa,NOUMEA,0029,1044,346,698,340,5,1,8,LREG,,,,,Pierre WONG KONG TAO UNI DANS LA DIVERSITE,6,0.57,1.76,,École Gustave MOUCHET 2,ECOLE GUSTAVE MOUCHET,0.874,Ecole Gustave MOUCHET,8 RUE DES FRERES CHARPENTIER,ENSEIGNEMENT ET FORMATION,Enseignement du premier degré,Ecole primaire,166.454414703061,-22.2504501881193,etablissements_publics_nc,64,1828,Portes de Fer - Nord
municipales_2026,1,,,988,98818,Nouméa,NOUMEA,0030,1357,655,702,642,7,6,1,LLR,,,,,"Virginie RUFFENACH POUR NOUMEA, UNE ENERGIE NOUVELLE",127,9.36,19.78,,École Mathilde BROQUET 1,ECOLE MATHILDE BROQUET,0.836,Ecole Mathilde BROQUET,24 RUE PIERRE ARTIGUE,ENSEIGNEMENT ET FORMATION,Enseignement du premier degré,Ecole élémentaire,166.467549840387,-22.256293239868,etablissements_publics_nc,63,1827,Aérodrome Sud
municipales_2026,1,,,988,98818,Nouméa,NOUMEA,0030,1357,655,702,642,7,6,2,LDIV,,,,,Claude SIRET NOUMEA POUR TOUS,24,1.77,3.74,,École Mathilde BROQUET 1,ECOLE MATHILDE BROQUET,0.836,Ecole Mathilde BROQUET,24 RUE PIERRE ARTIGUE,ENSEIGNEMENT ET FORMATION,Enseignement du premier degré,Ecole élémentaire,166.467549840387,-22.256293239868,etablissements_publics_nc,63,1827,Aérodrome Sud
municipales_2026,1,,,988,98818,Nouméa,NOUMEA,0030,1357,655,702,642,7,6,3,LDIV,,,,,Véronique FORESTIER NOUMEA LE RENOUVEAU,6,0.44,0.93,,École Mathilde BROQUET 1,ECOLE MATHILDE BROQUET,0.836,Ecole Mathilde BROQUET,24 RUE PIERRE ARTIGUE,ENSEIGNEMENT ET FORMATION,Enseignement du premier degré,Ecole élémentaire,166.467549840387,-22.256293239868,etablissements_publics_nc,63,1827,Aérodrome Sud
municipales_2026,1,,,988,98818,Nouméa,NOUMEA,0030,1357,655,702,642,7,6,4,LDVC,,,,,Philippe DUNOYER Nouméa : l'après,118,8.7,18.38,,École Mathilde BROQUET 1,ECOLE MATHILDE BROQUET,0.836,Ecole Mathilde BROQUET,24 RUE PIERRE ARTIGUE,ENSEIGNEMENT ET FORMATION,Enseignement du premier degré,Ecole élémentaire,166.467549840387,-22.256293239868,etablissements_publics_nc,63,1827,Aérodrome Sud
municipales_2026,1,,,988,98818,Nouméa,NOUMEA,0030,1357,655,702,642,7,6,5,LREG,,,,,Lesse ADJOUHGNIOPE UNITE PAYS,58,4.27,9.03,,École Mathilde BROQUET 1,ECOLE MATHILDE BROQUET,0.836,Ecole Mathilde BROQUET,24 RUE PIERRE ARTIGUE,ENSEIGNEMENT ET FORMATION,Enseignement du premier degré,Ecole élémentaire,166.467549840387,-22.256293239868,etablissements_publics_nc,63,1827,Aérodrome Sud
municipales_2026,1,,,988,98818,Nouméa,NOUMEA,0030,1357,655,702,642,7,6,6,LREG,,,,,Muneiko HAOCAS Nouméa coeur battant - justice sociale,42,3.1,6.54,,École Mathilde BROQUET 1,ECOLE MATHILDE BROQUET,0.836,Ecole Mathilde BROQUET,24 RUE PIERRE ARTIGUE,ENSEIGNEMENT ET FORMATION,Enseignement du premier degré,Ecole élémentaire,166.467549840387,-22.256293239868,etablissements_publics_nc,63,1827,Aérodrome Sud
municipales_2026,1,,,988,98818,Nouméa,NOUMEA,0030,1357,655,702,642,7,6,7,LDVD,,,,,Sonia LAGARDE AVEC VOUS POUR NOUMEA,255,18.79,39.72,,École Mathilde BROQUET 1,ECOLE MATHILDE BROQUET,0.836,Ecole Mathilde BROQUET,24 RUE PIERRE ARTIGUE,ENSEIGNEMENT ET FORMATION,Enseignement du premier degré,Ecole élémentaire,166.467549840387,-22.256293239868,etablissements_publics_nc,63,1827,Aérodrome Sud
municipales_2026,1,,,988,98818,Nouméa,NOUMEA,0030,1357,655,702,642,7,6,8,LREG,,,,,Pierre WONG KONG TAO UNI DANS LA DIVERSITE,12,0.88,1.87,,École Mathilde BROQUET 1,ECOLE MATHILDE BROQUET,0.836,Ecole Mathilde BROQUET,24 RUE PIERRE ARTIGUE,ENSEIGNEMENT ET FORMATION,Enseignement du premier degré,Ecole élémentaire,166.467549840387,-22.256293239868,etablissements_publics_nc,63,1827,Aérodrome Sud
municipales_2026,1,,,988,98818,Nouméa,NOUMEA,0031,1443,728,715,714,11,3,1,LLR,,,,,"Virginie RUFFENACH POUR NOUMEA, UNE ENERGIE NOUVELLE",146,10.12,20.45,,École Marie COURTOT 1,ECOLE MARIE COURTOT,0.859,Ecole Marie COURTOT,234 RUE JACQUES IEKAWE,ENSEIGNEMENT ET FORMATION,Enseignement du premier degré,Ecole primaire,166.470464378859,-22.2425220070829,etablissements_publics_nc,70,1834,PK 6 Nord
municipales_2026,1,,,988,98818,Nouméa,NOUMEA,0031,1443,728,715,714,11,3,2,LDIV,,,,,Claude SIRET NOUMEA POUR TOUS,20,1.39,2.8,,École Marie COURTOT 1,ECOLE MARIE COURTOT,0.859,Ecole Marie COURTOT,234 RUE JACQUES IEKAWE,ENSEIGNEMENT ET FORMATION,Enseignement du premier degré,Ecole primaire,166.470464378859,-22.2425220070829,etablissements_publics_nc,70,1834,PK 6 Nord
municipales_2026,1,,,988,98818,Nouméa,NOUMEA,0031,1443,728,715,714,11,3,3,LDIV,,,,,Véronique FORESTIER NOUMEA LE RENOUVEAU,8,0.55,1.12,,École Marie COURTOT 1,ECOLE MARIE COURTOT,0.859,Ecole Marie COURTOT,234 RUE JACQUES IEKAWE,ENSEIGNEMENT ET FORMATION,Enseignement du premier degré,Ecole primaire,166.470464378859,-22.2425220070829,etablissements_publics_nc,70,1834,PK 6 Nord
municipales_2026,1,,,988,98818,Nouméa,NOUMEA,0031,1443,728,715,714,11,3,4,LDVC,,,,,Philippe DUNOYER Nouméa : l'après,82,5.68,11.48,,École Marie COURTOT 1,ECOLE MARIE COURTOT,0.859,Ecole Marie COURTOT,234 RUE JACQUES IEKAWE,ENSEIGNEMENT ET FORMATION,Enseignement du premier degré,Ecole primaire,166.470464378859,-22.2425220070829,etablissements_publics_nc,70,1834,PK 6 Nord
municipales_2026,1,,,988,98818,Nouméa,NOUMEA,0031,1443,728,715,714,11,3,5,LREG,,,,,Lesse ADJOUHGNIOPE UNITE PAYS,123,8.52,17.23,,École Marie COURTOT 1,ECOLE MARIE COURTOT,0.859,Ecole Marie COURTOT,234 RUE JACQUES IEKAWE,ENSEIGNEMENT ET FORMATION,Enseignement du premier degré,Ecole primaire,166.470464378859,-22.2425220070829,etablissements_publics_nc,70,1834,PK 6 Nord
municipales_2026,1,,,988,98818,Nouméa,NOUMEA,0031,1443,728,715,714,11,3,6,LREG,,,,,Muneiko HAOCAS Nouméa coeur battant - justice sociale,22,1.52,3.08,,École Marie COURTOT 1,ECOLE MARIE COURTOT,0.859,Ecole Marie COURTOT,234 RUE JACQUES IEKAWE,ENSEIGNEMENT ET FORMATION,Enseignement du premier degré,Ecole primaire,166.470464378859,-22.2425220070829,etablissements_publics_nc,70,1834,PK 6 Nord
municipales_2026,1,,,988,98818,Nouméa,NOUMEA,0031,1443,728,715,714,11,3,7,LDVD,,,,,Sonia LAGARDE AVEC VOUS POUR NOUMEA,303,21,42.44,,École Marie COURTOT 1,ECOLE MARIE COURTOT,0.859,Ecole Marie COURTOT,234 RUE JACQUES IEKAWE,ENSEIGNEMENT ET FORMATION,Enseignement du premier degré,Ecole primaire,166.470464378859,-22.2425220070829,etablissements_publics_nc,70,1834,PK 6 Nord
municipales_2026,1,,,988,98818,Nouméa,NOUMEA,0031,1443,728,715,714,11,3,8,LREG,,,,,Pierre WONG KONG TAO UNI DANS LA DIVERSITE,10,0.69,1.4,,École Marie COURTOT 1,ECOLE MARIE COURTOT,0.859,Ecole Marie COURTOT,234 RUE JACQUES IEKAWE,ENSEIGNEMENT ET FORMATION,Enseignement du premier degré,Ecole primaire,166.470464378859,-22.2425220070829,etablissements_publics_nc,70,1834,PK 6 Nord
municipales_2026,1,,,988,98818,Nouméa,NOUMEA,0032,1074,666,408,656,7,3,1,LLR,,,,,"Virginie RUFFENACH POUR NOUMEA, UNE ENERGIE NOUVELLE",197,18.34,30.03,,École Marie COURTOT 2,ECOLE MARIE COURTOT,0.859,Ecole Marie COURTOT,234 RUE JACQUES IEKAWE,ENSEIGNEMENT ET FORMATION,Enseignement du premier degré,Ecole primaire,166.470464378859,-22.2425220070829,etablissements_publics_nc,70,1834,PK 6 Nord
municipales_2026,1,,,988,98818,Nouméa,NOUMEA,0032,1074,666,408,656,7,3,2,LDIV,,,,,Claude SIRET NOUMEA POUR TOUS,8,0.74,1.22,,École Marie COURTOT 2,ECOLE MARIE COURTOT,0.859,Ecole Marie COURTOT,234 RUE JACQUES IEKAWE,ENSEIGNEMENT ET FORMATION,Enseignement du premier degré,Ecole primaire,166.470464378859,-22.2425220070829,etablissements_publics_nc,70,1834,PK 6 Nord
municipales_2026,1,,,988,98818,Nouméa,NOUMEA,0032,1074,666,408,656,7,3,3,LDIV,,,,,Véronique FORESTIER NOUMEA LE RENOUVEAU,15,1.4,2.29,,École Marie COURTOT 2,ECOLE MARIE COURTOT,0.859,Ecole Marie COURTOT,234 RUE JACQUES IEKAWE,ENSEIGNEMENT ET FORMATION,Enseignement du premier degré,Ecole primaire,166.470464378859,-22.2425220070829,etablissements_publics_nc,70,1834,PK 6 Nord
municipales_2026,1,,,988,98818,Nouméa,NOUMEA,0032,1074,666,408,656,7,3,4,LDVC,,,,,Philippe DUNOYER Nouméa : l'après,34,3.17,5.18,,École Marie COURTOT 2,ECOLE MARIE COURTOT,0.859,Ecole Marie COURTOT,234 RUE JACQUES IEKAWE,ENSEIGNEMENT ET FORMATION,Enseignement du premier degré,Ecole primaire,166.470464378859,-22.2425220070829,etablissements_publics_nc,70,1834,PK 6 Nord
municipales_2026,1,,,988,98818,Nouméa,NOUMEA,0032,1074,666,408,656,7,3,5,LREG,,,,,Lesse ADJOUHGNIOPE UNITE PAYS,13,1.21,1.98,,École Marie COURTOT 2,ECOLE MARIE COURTOT,0.859,Ecole Marie COURTOT,234 RUE JACQUES IEKAWE,ENSEIGNEMENT ET FORMATION,Enseignement du premier degré,Ecole primaire,166.470464378859,-22.2425220070829,etablissements_publics_nc,70,1834,PK 6 Nord
municipales_2026,1,,,988,98818,Nouméa,NOUMEA,0032,1074,666,408,656,7,3,6,LREG,,,,,Muneiko HAOCAS Nouméa coeur battant - justice sociale,2,0.19,0.3,,École Marie COURTOT 2,ECOLE MARIE COURTOT,0.859,Ecole Marie COURTOT,234 RUE JACQUES IEKAWE,ENSEIGNEMENT ET FORMATION,Enseignement du premier degré,Ecole primaire,166.470464378859,-22.2425220070829,etablissements_publics_nc,70,1834,PK 6 Nord
municipales_2026,1,,,988,98818,Nouméa,NOUMEA,0032,1074,666,408,656,7,3,7,LDVD,,,,,Sonia LAGARDE AVEC VOUS POUR NOUMEA,384,35.75,58.54,,École Marie COURTOT 2,ECOLE MARIE COURTOT,0.859,Ecole Marie COURTOT,234 RUE JACQUES IEKAWE,ENSEIGNEMENT ET FORMATION,Enseignement du premier degré,Ecole primaire,166.470464378859,-22.2425220070829,etablissements_publics_nc,70,1834,PK 6 Nord
municipales_2026,1,,,988,98818,Nouméa,NOUMEA,0032,1074,666,408,656,7,3,8,LREG,,,,,Pierre WONG KONG TAO UNI DANS LA DIVERSITE,3,0.28,0.46,,École Marie COURTOT 2,ECOLE MARIE COURTOT,0.859,Ecole Marie COURTOT,234 RUE JACQUES IEKAWE,ENSEIGNEMENT ET FORMATION,Enseignement du premier degré,Ecole primaire,166.470464378859,-22.2425220070829,etablissements_publics_nc,70,1834,PK 6 Nord
municipales_2026,1,,,988,98818,Nouméa,NOUMEA,0033,1023,455,568,436,17,2,1,LLR,,,,,"Virginie RUFFENACH POUR NOUMEA, UNE ENERGIE NOUVELLE",50,4.89,11.47,,École Robert BURCK,ECOLE ROBERT BURCK,0.833,Ecole Robert BURCK,3 RUE DU CAPITAINE VIDAL,ENSEIGNEMENT ET FORMATION,Enseignement du premier degré,Groupe scolaire,166.463601949873,-22.2382604330193,etablissements_publics_nc,69,1833,Riviére Salée Sud
municipales_2026,1,,,988,98818,Nouméa,NOUMEA,0033,1023,455,568,436,17,2,2,LDIV,,,,,Claude SIRET NOUMEA POUR TOUS,14,1.37,3.21,,École Robert BURCK,ECOLE ROBERT BURCK,0.833,Ecole Robert BURCK,3 RUE DU CAPITAINE VIDAL,ENSEIGNEMENT ET FORMATION,Enseignement du premier degré,Groupe scolaire,166.463601949873,-22.2382604330193,etablissements_publics_nc,69,1833,Riviére Salée Sud
municipales_2026,1,,,988,98818,Nouméa,NOUMEA,0033,1023,455,568,436,17,2,3,LDIV,,,,,Véronique FORESTIER NOUMEA LE RENOUVEAU,3,0.29,0.69,,École Robert BURCK,ECOLE ROBERT BURCK,0.833,Ecole Robert BURCK,3 RUE DU CAPITAINE VIDAL,ENSEIGNEMENT ET FORMATION,Enseignement du premier degré,Groupe scolaire,166.463601949873,-22.2382604330193,etablissements_publics_nc,69,1833,Riviére Salée Sud
municipales_2026,1,,,988,98818,Nouméa,NOUMEA,0033,1023,455,568,436,17,2,4,LDVC,,,,,Philippe DUNOYER Nouméa : l'après,84,8.21,19.27,,École Robert BURCK,ECOLE ROBERT BURCK,0.833,Ecole Robert BURCK,3 RUE DU CAPITAINE VIDAL,ENSEIGNEMENT ET FORMATION,Enseignement du premier degré,Groupe scolaire,166.463601949873,-22.2382604330193,etablissements_publics_nc,69,1833,Riviére Salée Sud
municipales_2026,1,,,988,98818,Nouméa,NOUMEA,0033,1023,455,568,436,17,2,5,LREG,,,,,Lesse ADJOUHGNIOPE UNITE PAYS,99,9.68,22.71,,École Robert BURCK,ECOLE ROBERT BURCK,0.833,Ecole Robert BURCK,3 RUE DU CAPITAINE VIDAL,ENSEIGNEMENT ET FORMATION,Enseignement du premier degré,Groupe scolaire,166.463601949873,-22.2382604330193,etablissements_publics_nc,69,1833,Riviére Salée Sud
municipales_2026,1,,,988,98818,Nouméa,NOUMEA,0033,1023,455,568,436,17,2,6,LREG,,,,,Muneiko HAOCAS Nouméa coeur battant - justice sociale,32,3.13,7.34,,École Robert BURCK,ECOLE ROBERT BURCK,0.833,Ecole Robert BURCK,3 RUE DU CAPITAINE VIDAL,ENSEIGNEMENT ET FORMATION,Enseignement du premier degré,Groupe scolaire,166.463601949873,-22.2382604330193,etablissements_publics_nc,69,1833,Riviére Salée Sud
municipales_2026,1,,,988,98818,Nouméa,NOUMEA,0033,1023,455,568,436,17,2,7,LDVD,,,,,Sonia LAGARDE AVEC VOUS POUR NOUMEA,145,14.17,33.26,,École Robert BURCK,ECOLE ROBERT BURCK,0.833,Ecole Robert BURCK,3 RUE DU CAPITAINE VIDAL,ENSEIGNEMENT ET FORMATION,Enseignement du premier degré,Groupe scolaire,166.463601949873,-22.2382604330193,etablissements_publics_nc,69,1833,Riviére Salée Sud
municipales_2026,1,,,988,98818,Nouméa,NOUMEA,0033,1023,455,568,436,17,2,8,LREG,,,,,Pierre WONG KONG TAO UNI DANS LA DIVERSITE,9,0.88,2.06,,École Robert BURCK,ECOLE ROBERT BURCK,0.833,Ecole Robert BURCK,3 RUE DU CAPITAINE VIDAL,ENSEIGNEMENT ET FORMATION,Enseignement du premier degré,Groupe scolaire,166.463601949873,-22.2382604330193,etablissements_publics_nc,69,1833,Riviére Salée Sud
municipales_2026,1,,,988,98818,Nouméa,NOUMEA,0034,953,464,489,454,8,2,1,LLR,,,,,"Virginie RUFFENACH POUR NOUMEA, UNE ENERGIE NOUVELLE",73,7.66,16.08,,École les ROSES,ECOLE ROSES,0.633,Ecole FILANTE,8 RUE MARCELLIN LACABANNE,ENSEIGNEMENT ET FORMATION,Enseignement du premier degré,Autre structure scolaire,166.443135087106,-22.2929071476207,etablissements_publics_nc,42,1806,Motor Pool - Receiving
municipales_2026,1,,,988,98818,Nouméa,NOUMEA,0034,953,464,489,454,8,2,2,LDIV,,,,,Claude SIRET NOUMEA POUR TOUS,14,1.47,3.08,,École les ROSES,ECOLE ROSES,0.633,Ecole FILANTE,8 RUE MARCELLIN LACABANNE,ENSEIGNEMENT ET FORMATION,Enseignement du premier degré,Autre structure scolaire,166.443135087106,-22.2929071476207,etablissements_publics_nc,42,1806,Motor Pool - Receiving
municipales_2026,1,,,988,98818,Nouméa,NOUMEA,0034,953,464,489,454,8,2,3,LDIV,,,,,Véronique FORESTIER NOUMEA LE RENOUVEAU,4,0.42,0.88,,École les ROSES,ECOLE ROSES,0.633,Ecole FILANTE,8 RUE MARCELLIN LACABANNE,ENSEIGNEMENT ET FORMATION,Enseignement du premier degré,Autre structure scolaire,166.443135087106,-22.2929071476207,etablissements_publics_nc,42,1806,Motor Pool - Receiving
municipales_2026,1,,,988,98818,Nouméa,NOUMEA,0034,953,464,489,454,8,2,4,LDVC,,,,,Philippe DUNOYER Nouméa : l'après,56,5.88,12.33,,École les ROSES,ECOLE ROSES,0.633,Ecole FILANTE,8 RUE MARCELLIN LACABANNE,ENSEIGNEMENT ET FORMATION,Enseignement du premier degré,Autre structure scolaire,166.443135087106,-22.2929071476207,etablissements_publics_nc,42,1806,Motor Pool - Receiving
municipales_2026,1,,,988,98818,Nouméa,NOUMEA,0034,953,464,489,454,8,2,5,LREG,,,,,Lesse ADJOUHGNIOPE UNITE PAYS,75,7.87,16.52,,École les ROSES,ECOLE ROSES,0.633,Ecole FILANTE,8 RUE MARCELLIN LACABANNE,ENSEIGNEMENT ET FORMATION,Enseignement du premier degré,Autre structure scolaire,166.443135087106,-22.2929071476207,etablissements_publics_nc,42,1806,Motor Pool - Receiving
municipales_2026,1,,,988,98818,Nouméa,NOUMEA,0034,953,464,489,454,8,2,6,LREG,,,,,Muneiko HAOCAS Nouméa coeur battant - justice sociale,27,2.83,5.95,,École les ROSES,ECOLE ROSES,0.633,Ecole FILANTE,8 RUE MARCELLIN LACABANNE,ENSEIGNEMENT ET FORMATION,Enseignement du premier degré,Autre structure scolaire,166.443135087106,-22.2929071476207,etablissements_publics_nc,42,1806,Motor Pool - Receiving
municipales_2026,1,,,988,98818,Nouméa,NOUMEA,0034,953,464,489,454,8,2,7,LDVD,,,,,Sonia LAGARDE AVEC VOUS POUR NOUMEA,191,20.04,42.07,,École les ROSES,ECOLE ROSES,0.633,Ecole FILANTE,8 RUE MARCELLIN LACABANNE,ENSEIGNEMENT ET FORMATION,Enseignement du premier degré,Autre structure scolaire,166.443135087106,-22.2929071476207,etablissements_publics_nc,42,1806,Motor Pool - Receiving
municipales_2026,1,,,988,98818,Nouméa,NOUMEA,0034,953,464,489,454,8,2,8,LREG,,,,,Pierre WONG KONG TAO UNI DANS LA DIVERSITE,14,1.47,3.08,,École les ROSES,ECOLE ROSES,0.633,Ecole FILANTE,8 RUE MARCELLIN LACABANNE,ENSEIGNEMENT ET FORMATION,Enseignement du premier degré,Autre structure scolaire,166.443135087106,-22.2929071476207,etablissements_publics_nc,42,1806,Motor Pool - Receiving
municipales_2026,1,,,988,98818,Nouméa,NOUMEA,0035,952,456,496,442,11,3,1,LLR,,,,,"Virginie RUFFENACH POUR NOUMEA, UNE ENERGIE NOUVELLE",58,6.09,13.12,,École les ŒILLETS,ECOLE ILLETS,0.77,Ecole FILANTE,8 RUE MARCELLIN LACABANNE,ENSEIGNEMENT ET FORMATION,Enseignement du premier degré,Autre structure scolaire,166.443135087106,-22.2929071476207,etablissements_publics_nc,42,1806,Motor Pool - Receiving
municipales_2026,1,,,988,98818,Nouméa,NOUMEA,0035,952,456,496,442,11,3,2,LDIV,,,,,Claude SIRET NOUMEA POUR TOUS,10,1.05,2.26,,École les ŒILLETS,ECOLE ILLETS,0.77,Ecole FILANTE,8 RUE MARCELLIN LACABANNE,ENSEIGNEMENT ET FORMATION,Enseignement du premier degré,Autre structure scolaire,166.443135087106,-22.2929071476207,etablissements_publics_nc,42,1806,Motor Pool - Receiving
municipales_2026,1,,,988,98818,Nouméa,NOUMEA,0035,952,456,496,442,11,3,3,LDIV,,,,,Véronique FORESTIER NOUMEA LE RENOUVEAU,4,0.42,0.9,,École les ŒILLETS,ECOLE ILLETS,0.77,Ecole FILANTE,8 RUE MARCELLIN LACABANNE,ENSEIGNEMENT ET FORMATION,Enseignement du premier degré,Autre structure scolaire,166.443135087106,-22.2929071476207,etablissements_publics_nc,42,1806,Motor Pool - Receiving
municipales_2026,1,,,988,98818,Nouméa,NOUMEA,0035,952,456,496,442,11,3,4,LDVC,,,,,Philippe DUNOYER Nouméa : l'après,73,7.67,16.52,,École les ŒILLETS,ECOLE ILLETS,0.77,Ecole FILANTE,8 RUE MARCELLIN LACABANNE,ENSEIGNEMENT ET FORMATION,Enseignement du premier degré,Autre structure scolaire,166.443135087106,-22.2929071476207,etablissements_publics_nc,42,1806,Motor Pool - Receiving
municipales_2026,1,,,988,98818,Nouméa,NOUMEA,0035,952,456,496,442,11,3,5,LREG,,,,,Lesse ADJOUHGNIOPE UNITE PAYS,75,7.88,16.97,,École les ŒILLETS,ECOLE ILLETS,0.77,Ecole FILANTE,8 RUE MARCELLIN LACABANNE,ENSEIGNEMENT ET FORMATION,Enseignement du premier degré,Autre structure scolaire,166.443135087106,-22.2929071476207,etablissements_publics_nc,42,1806,Motor Pool - Receiving
municipales_2026,1,,,988,98818,Nouméa,NOUMEA,0035,952,456,496,442,11,3,6,LREG,,,,,Muneiko HAOCAS Nouméa coeur battant - justice sociale,13,1.37,2.94,,École les ŒILLETS,ECOLE ILLETS,0.77,Ecole FILANTE,8 RUE MARCELLIN LACABANNE,ENSEIGNEMENT ET FORMATION,Enseignement du premier degré,Autre structure scolaire,166.443135087106,-22.2929071476207,etablissements_publics_nc,42,1806,Motor Pool - Receiving
municipales_2026,1,,,988,98818,Nouméa,NOUMEA,0035,952,456,496,442,11,3,7,LDVD,,,,,Sonia LAGARDE AVEC VOUS POUR NOUMEA,199,20.9,45.02,,École les ŒILLETS,ECOLE ILLETS,0.77,Ecole FILANTE,8 RUE MARCELLIN LACABANNE,ENSEIGNEMENT ET FORMATION,Enseignement du premier degré,Autre structure scolaire,166.443135087106,-22.2929071476207,etablissements_publics_nc,42,1806,Motor Pool - Receiving
municipales_2026,1,,,988,98818,Nouméa,NOUMEA,0035,952,456,496,442,11,3,8,LREG,,,,,Pierre WONG KONG TAO UNI DANS LA DIVERSITE,10,1.05,2.26,,École les ŒILLETS,ECOLE ILLETS,0.77,Ecole FILANTE,8 RUE MARCELLIN LACABANNE,ENSEIGNEMENT ET FORMATION,Enseignement du premier degré,Autre structure scolaire,166.443135087106,-22.2929071476207,etablissements_publics_nc,42,1806,Motor Pool - Receiving
municipales_2026,1,,,988,98818,Nouméa,NOUMEA,0036,917,429,488,415,9,5,1,LLR,,,,,"Virginie RUFFENACH POUR NOUMEA, UNE ENERGIE NOUVELLE",36,3.93,8.67,,École Jacques TROUILLOT,ECOLE JACQUES TROUILLOT,0.886,Ecole Jacques TROUILLOT,15 RUE NOELAT,ENSEIGNEMENT ET FORMATION,Enseignement du premier degré,Ecole primaire,166.471000599479,-22.2283599819501,etablissements_publics_nc,74,1838,Riviére Salée Nord Est
municipales_2026,1,,,988,98818,Nouméa,NOUMEA,0036,917,429,488,415,9,5,2,LDIV,,,,,Claude SIRET NOUMEA POUR TOUS,23,2.51,5.54,,École Jacques TROUILLOT,ECOLE JACQUES TROUILLOT,0.886,Ecole Jacques TROUILLOT,15 RUE NOELAT,ENSEIGNEMENT ET FORMATION,Enseignement du premier degré,Ecole primaire,166.471000599479,-22.2283599819501,etablissements_publics_nc,74,1838,Riviére Salée Nord Est
municipales_2026,1,,,988,98818,Nouméa,NOUMEA,0036,917,429,488,415,9,5,3,LDIV,,,,,Véronique FORESTIER NOUMEA LE RENOUVEAU,3,0.33,0.72,,École Jacques TROUILLOT,ECOLE JACQUES TROUILLOT,0.886,Ecole Jacques TROUILLOT,15 RUE NOELAT,ENSEIGNEMENT ET FORMATION,Enseignement du premier degré,Ecole primaire,166.471000599479,-22.2283599819501,etablissements_publics_nc,74,1838,Riviére Salée Nord Est
municipales_2026,1,,,988,98818,Nouméa,NOUMEA,0036,917,429,488,415,9,5,4,LDVC,,,,,Philippe DUNOYER Nouméa : l'après,69,7.52,16.63,,École Jacques TROUILLOT,ECOLE JACQUES TROUILLOT,0.886,Ecole Jacques TROUILLOT,15 RUE NOELAT,ENSEIGNEMENT ET FORMATION,Enseignement du premier degré,Ecole primaire,166.471000599479,-22.2283599819501,etablissements_publics_nc,74,1838,Riviére Salée Nord Est
municipales_2026,1,,,988,98818,Nouméa,NOUMEA,0036,917,429,488,415,9,5,5,LREG,,,,,Lesse ADJOUHGNIOPE UNITE PAYS,68,7.42,16.39,,École Jacques TROUILLOT,ECOLE JACQUES TROUILLOT,0.886,Ecole Jacques TROUILLOT,15 RUE NOELAT,ENSEIGNEMENT ET FORMATION,Enseignement du premier degré,Ecole primaire,166.471000599479,-22.2283599819501,etablissements_publics_nc,74,1838,Riviére Salée Nord Est
municipales_2026,1,,,988,98818,Nouméa,NOUMEA,0036,917,429,488,415,9,5,6,LREG,,,,,Muneiko HAOCAS Nouméa coeur battant - justice sociale,26,2.84,6.27,,École Jacques TROUILLOT,ECOLE JACQUES TROUILLOT,0.886,Ecole Jacques TROUILLOT,15 RUE NOELAT,ENSEIGNEMENT ET FORMATION,Enseignement du premier degré,Ecole primaire,166.471000599479,-22.2283599819501,etablissements_publics_nc,74,1838,Riviére Salée Nord Est
municipales_2026,1,,,988,98818,Nouméa,NOUMEA,0036,917,429,488,415,9,5,7,LDVD,,,,,Sonia LAGARDE AVEC VOUS POUR NOUMEA,177,19.3,42.65,,École Jacques TROUILLOT,ECOLE JACQUES TROUILLOT,0.886,Ecole Jacques TROUILLOT,15 RUE NOELAT,ENSEIGNEMENT ET FORMATION,Enseignement du premier degré,Ecole primaire,166.471000599479,-22.2283599819501,etablissements_publics_nc,74,1838,Riviére Salée Nord Est
municipales_2026,1,,,988,98818,Nouméa,NOUMEA,0036,917,429,488,415,9,5,8,LREG,,,,,Pierre WONG KONG TAO UNI DANS LA DIVERSITE,13,1.42,3.13,,École Jacques TROUILLOT,ECOLE JACQUES TROUILLOT,0.886,Ecole Jacques TROUILLOT,15 RUE NOELAT,ENSEIGNEMENT ET FORMATION,Enseignement du premier degré,Ecole primaire,166.471000599479,-22.2283599819501,etablissements_publics_nc,74,1838,Riviére Salée Nord Est
municipales_2026,1,,,988,98818,Nouméa,NOUMEA,0037,1459,562,897,554,6,2,1,LLR,,,,,"Virginie RUFFENACH POUR NOUMEA, UNE ENERGIE NOUVELLE",18,1.23,3.25,,École Mauricette DEVAMBEZ 1,ECOLE MAURICETTE DEVAMBEZ,0.627,Ecole Michel AMIOT,12 RUE DE PRONY,ENSEIGNEMENT ET FORMATION,Enseignement du premier degré,Ecole primaire,166.468616034294,-22.2680303864914,etablissements_publics_nc,53,1817,Magenta Est
municipales_2026,1,,,988,98818,Nouméa,NOUMEA,0037,1459,562,897,554,6,2,2,LDIV,,,,,Claude SIRET NOUMEA POUR TOUS,23,1.58,4.15,,École Mauricette DEVAMBEZ 1,ECOLE MAURICETTE DEVAMBEZ,0.627,Ecole Michel AMIOT,12 RUE DE PRONY,ENSEIGNEMENT ET FORMATION,Enseignement du premier degré,Ecole primaire,166.468616034294,-22.2680303864914,etablissements_publics_nc,53,1817,Magenta Est
municipales_2026,1,,,988,98818,Nouméa,NOUMEA,0037,1459,562,897,554,6,2,3,LDIV,,,,,Véronique FORESTIER NOUMEA LE RENOUVEAU,5,0.34,0.9,,École Mauricette DEVAMBEZ 1,ECOLE MAURICETTE DEVAMBEZ,0.627,Ecole Michel AMIOT,12 RUE DE PRONY,ENSEIGNEMENT ET FORMATION,Enseignement du premier degré,Ecole primaire,166.468616034294,-22.2680303864914,etablissements_publics_nc,53,1817,Magenta Est
municipales_2026,1,,,988,98818,Nouméa,NOUMEA,0037,1459,562,897,554,6,2,4,LDVC,,,,,Philippe DUNOYER Nouméa : l'après,169,11.58,30.51,,École Mauricette DEVAMBEZ 1,ECOLE MAURICETTE DEVAMBEZ,0.627,Ecole Michel AMIOT,12 RUE DE PRONY,ENSEIGNEMENT ET FORMATION,Enseignement du premier degré,Ecole primaire,166.468616034294,-22.2680303864914,etablissements_publics_nc,53,1817,Magenta Est
municipales_2026,1,,,988,98818,Nouméa,NOUMEA,0037,1459,562,897,554,6,2,5,LREG,,,,,Lesse ADJOUHGNIOPE UNITE PAYS,169,11.58,30.51,,École Mauricette DEVAMBEZ 1,ECOLE MAURICETTE DEVAMBEZ,0.627,Ecole Michel AMIOT,12 RUE DE PRONY,ENSEIGNEMENT ET FORMATION,Enseignement du premier degré,Ecole primaire,166.468616034294,-22.2680303864914,etablissements_publics_nc,53,1817,Magenta Est
municipales_2026,1,,,988,98818,Nouméa,NOUMEA,0037,1459,562,897,554,6,2,6,LREG,,,,,Muneiko HAOCAS Nouméa coeur battant - justice sociale,55,3.77,9.93,,École Mauricette DEVAMBEZ 1,ECOLE MAURICETTE DEVAMBEZ,0.627,Ecole Michel AMIOT,12 RUE DE PRONY,ENSEIGNEMENT ET FORMATION,Enseignement du premier degré,Ecole primaire,166.468616034294,-22.2680303864914,etablissements_publics_nc,53,1817,Magenta Est
municipales_2026,1,,,988,98818,Nouméa,NOUMEA,0037,1459,562,897,554,6,2,7,LDVD,,,,,Sonia LAGARDE AVEC VOUS POUR NOUMEA,98,6.72,17.69,,École Mauricette DEVAMBEZ 1,ECOLE MAURICETTE DEVAMBEZ,0.627,Ecole Michel AMIOT,12 RUE DE PRONY,ENSEIGNEMENT ET FORMATION,Enseignement du premier degré,Ecole primaire,166.468616034294,-22.2680303864914,etablissements_publics_nc,53,1817,Magenta Est
municipales_2026,1,,,988,98818,Nouméa,NOUMEA,0037,1459,562,897,554,6,2,8,LREG,,,,,Pierre WONG KONG TAO UNI DANS LA DIVERSITE,17,1.17,3.07,,École Mauricette DEVAMBEZ 1,ECOLE MAURICETTE DEVAMBEZ,0.627,Ecole Michel AMIOT,12 RUE DE PRONY,ENSEIGNEMENT ET FORMATION,Enseignement du premier degré,Ecole primaire,166.468616034294,-22.2680303864914,etablissements_publics_nc,53,1817,Magenta Est
municipales_2026,1,,,988,98818,Nouméa,NOUMEA,0038,1299,643,656,628,12,3,1,LLR,,,,,"Virginie RUFFENACH POUR NOUMEA, UNE ENERGIE NOUVELLE",98,7.54,15.61,,École Mauricette DEVAMBEZ 2,ECOLE MAURICETTE DEVAMBEZ,0.627,Ecole Michel AMIOT,12 RUE DE PRONY,ENSEIGNEMENT ET FORMATION,Enseignement du premier degré,Ecole primaire,166.468616034294,-22.2680303864914,etablissements_publics_nc,53,1817,Magenta Est
municipales_2026,1,,,988,98818,Nouméa,NOUMEA,0038,1299,643,656,628,12,3,2,LDIV,,,,,Claude SIRET NOUMEA POUR TOUS,25,1.92,3.98,,École Mauricette DEVAMBEZ 2,ECOLE MAURICETTE DEVAMBEZ,0.627,Ecole Michel AMIOT,12 RUE DE PRONY,ENSEIGNEMENT ET FORMATION,Enseignement du premier degré,Ecole primaire,166.468616034294,-22.2680303864914,etablissements_publics_nc,53,1817,Magenta Est
municipales_2026,1,,,988,98818,Nouméa,NOUMEA,0038,1299,643,656,628,12,3,3,LDIV,,,,,Véronique FORESTIER NOUMEA LE RENOUVEAU,15,1.15,2.39,,École Mauricette DEVAMBEZ 2,ECOLE MAURICETTE DEVAMBEZ,0.627,Ecole Michel AMIOT,12 RUE DE PRONY,ENSEIGNEMENT ET FORMATION,Enseignement du premier degré,Ecole primaire,166.468616034294,-22.2680303864914,etablissements_publics_nc,53,1817,Magenta Est
municipales_2026,1,,,988,98818,Nouméa,NOUMEA,0038,1299,643,656,628,12,3,4,LDVC,,,,,Philippe DUNOYER Nouméa : l'après,73,5.62,11.62,,École Mauricette DEVAMBEZ 2,ECOLE MAURICETTE DEVAMBEZ,0.627,Ecole Michel AMIOT,12 RUE DE PRONY,ENSEIGNEMENT ET FORMATION,Enseignement du premier degré,Ecole primaire,166.468616034294,-22.2680303864914,etablissements_publics_nc,53,1817,Magenta Est
municipales_2026,1,,,988,98818,Nouméa,NOUMEA,0038,1299,643,656,628,12,3,5,LREG,,,,,Lesse ADJOUHGNIOPE UNITE PAYS,89,6.85,14.17,,École Mauricette DEVAMBEZ 2,ECOLE MAURICETTE DEVAMBEZ,0.627,Ecole Michel AMIOT,12 RUE DE PRONY,ENSEIGNEMENT ET FORMATION,Enseignement du premier degré,Ecole primaire,166.468616034294,-22.2680303864914,etablissements_publics_nc,53,1817,Magenta Est
municipales_2026,1,,,988,98818,Nouméa,NOUMEA,0038,1299,643,656,628,12,3,6,LREG,,,,,Muneiko HAOCAS Nouméa coeur battant - justice sociale,21,1.62,3.34,,École Mauricette DEVAMBEZ 2,ECOLE MAURICETTE DEVAMBEZ,0.627,Ecole Michel AMIOT,12 RUE DE PRONY,ENSEIGNEMENT ET FORMATION,Enseignement du premier degré,Ecole primaire,166.468616034294,-22.2680303864914,etablissements_publics_nc,53,1817,Magenta Est
municipales_2026,1,,,988,98818,Nouméa,NOUMEA,0038,1299,643,656,628,12,3,7,LDVD,,,,,Sonia LAGARDE AVEC VOUS POUR NOUMEA,289,22.25,46.02,,École Mauricette DEVAMBEZ 2,ECOLE MAURICETTE DEVAMBEZ,0.627,Ecole Michel AMIOT,12 RUE DE PRONY,ENSEIGNEMENT ET FORMATION,Enseignement du premier degré,Ecole primaire,166.468616034294,-22.2680303864914,etablissements_publics_nc,53,1817,Magenta Est
municipales_2026,1,,,988,98818,Nouméa,NOUMEA,0038,1299,643,656,628,12,3,8,LREG,,,,,Pierre WONG KONG TAO UNI DANS LA DIVERSITE,18,1.39,2.87,,École Mauricette DEVAMBEZ 2,ECOLE MAURICETTE DEVAMBEZ,0.627,Ecole Michel AMIOT,12 RUE DE PRONY,ENSEIGNEMENT ET FORMATION,Enseignement du premier degré,Ecole primaire,166.468616034294,-22.2680303864914,etablissements_publics_nc,53,1817,Magenta Est
municipales_2026,1,,,988,98818,Nouméa,NOUMEA,0039,731,309,422,298,8,3,1,LLR,,,,,"Virginie RUFFENACH POUR NOUMEA, UNE ENERGIE NOUVELLE",35,4.79,11.74,,École Adrienne LOMONT 1,ECOLE ADRIENNE LOMONT,0.874,Ecole Adrienne LOMONT,10B RUE DU MARECHAL LYAUTEY,ENSEIGNEMENT ET FORMATION,Enseignement du premier degré,Ecole primaire,166.484157216578,-22.2206462260252,etablissements_publics_nc,76,1840,Normandie Nord
municipales_2026,1,,,988,98818,Nouméa,NOUMEA,0039,731,309,422,298,8,3,2,LDIV,,,,,Claude SIRET NOUMEA POUR TOUS,8,1.09,2.68,,École Adrienne LOMONT 1,ECOLE ADRIENNE LOMONT,0.874,Ecole Adrienne LOMONT,10B RUE DU MARECHAL LYAUTEY,ENSEIGNEMENT ET FORMATION,Enseignement du premier degré,Ecole primaire,166.484157216578,-22.2206462260252,etablissements_publics_nc,76,1840,Normandie Nord
municipales_2026,1,,,988,98818,Nouméa,NOUMEA,0039,731,309,422,298,8,3,3,LDIV,,,,,Véronique FORESTIER NOUMEA LE RENOUVEAU,6,0.82,2.01,,École Adrienne LOMONT 1,ECOLE ADRIENNE LOMONT,0.874,Ecole Adrienne LOMONT,10B RUE DU MARECHAL LYAUTEY,ENSEIGNEMENT ET FORMATION,Enseignement du premier degré,Ecole primaire,166.484157216578,-22.2206462260252,etablissements_publics_nc,76,1840,Normandie Nord
municipales_2026,1,,,988,98818,Nouméa,NOUMEA,0039,731,309,422,298,8,3,4,LDVC,,,,,Philippe DUNOYER Nouméa : l'après,61,8.34,20.47,,École Adrienne LOMONT 1,ECOLE ADRIENNE LOMONT,0.874,Ecole Adrienne LOMONT,10B RUE DU MARECHAL LYAUTEY,ENSEIGNEMENT ET FORMATION,Enseignement du premier degré,Ecole primaire,166.484157216578,-22.2206462260252,etablissements_publics_nc,76,1840,Normandie Nord
municipales_2026,1,,,988,98818,Nouméa,NOUMEA,0039,731,309,422,298,8,3,5,LREG,,,,,Lesse ADJOUHGNIOPE UNITE PAYS,59,8.07,19.8,,École Adrienne LOMONT 1,ECOLE ADRIENNE LOMONT,0.874,Ecole Adrienne LOMONT,10B RUE DU MARECHAL LYAUTEY,ENSEIGNEMENT ET FORMATION,Enseignement du premier degré,Ecole primaire,166.484157216578,-22.2206462260252,etablissements_publics_nc,76,1840,Normandie Nord
municipales_2026,1,,,988,98818,Nouméa,NOUMEA,0039,731,309,422,298,8,3,6,LREG,,,,,Muneiko HAOCAS Nouméa coeur battant - justice sociale,18,2.46,6.04,,École Adrienne LOMONT 1,ECOLE ADRIENNE LOMONT,0.874,Ecole Adrienne LOMONT,10B RUE DU MARECHAL LYAUTEY,ENSEIGNEMENT ET FORMATION,Enseignement du premier degré,Ecole primaire,166.484157216578,-22.2206462260252,etablissements_publics_nc,76,1840,Normandie Nord
municipales_2026,1,,,988,98818,Nouméa,NOUMEA,0039,731,309,422,298,8,3,7,LDVD,,,,,Sonia LAGARDE AVEC VOUS POUR NOUMEA,98,13.41,32.89,,École Adrienne LOMONT 1,ECOLE ADRIENNE LOMONT,0.874,Ecole Adrienne LOMONT,10B RUE DU MARECHAL LYAUTEY,ENSEIGNEMENT ET FORMATION,Enseignement du premier degré,Ecole primaire,166.484157216578,-22.2206462260252,etablissements_publics_nc,76,1840,Normandie Nord
municipales_2026,1,,,988,98818,Nouméa,NOUMEA,0039,731,309,422,298,8,3,8,LREG,,,,,Pierre WONG KONG TAO UNI DANS LA DIVERSITE,13,1.78,4.36,,École Adrienne LOMONT 1,ECOLE ADRIENNE LOMONT,0.874,Ecole Adrienne LOMONT,10B RUE DU MARECHAL LYAUTEY,ENSEIGNEMENT ET FORMATION,Enseignement du premier degré,Ecole primaire,166.484157216578,-22.2206462260252,etablissements_publics_nc,76,1840,Normandie Nord
municipales_2026,1,,,988,98818,Nouméa,NOUMEA,0040,1781,793,988,769,10,14,1,LLR,,,,,"Virginie RUFFENACH POUR NOUMEA, UNE ENERGIE NOUVELLE",156,8.76,20.29,,École Adrienne LOMONT 2,ECOLE ADRIENNE LOMONT,0.874,Ecole Adrienne LOMONT,10B RUE DU MARECHAL LYAUTEY,ENSEIGNEMENT ET FORMATION,Enseignement du premier degré,Ecole primaire,166.484157216578,-22.2206462260252,etablissements_publics_nc,76,1840,Normandie Nord
municipales_2026,1,,,988,98818,Nouméa,NOUMEA,0040,1781,793,988,769,10,14,2,LDIV,,,,,Claude SIRET NOUMEA POUR TOUS,15,0.84,1.95,,École Adrienne LOMONT 2,ECOLE ADRIENNE LOMONT,0.874,Ecole Adrienne LOMONT,10B RUE DU MARECHAL LYAUTEY,ENSEIGNEMENT ET FORMATION,Enseignement du premier degré,Ecole primaire,166.484157216578,-22.2206462260252,etablissements_publics_nc,76,1840,Normandie Nord
municipales_2026,1,,,988,98818,Nouméa,NOUMEA,0040,1781,793,988,769,10,14,3,LDIV,,,,,Véronique FORESTIER NOUMEA LE RENOUVEAU,16,0.9,2.08,,École Adrienne LOMONT 2,ECOLE ADRIENNE LOMONT,0.874,Ecole Adrienne LOMONT,10B RUE DU MARECHAL LYAUTEY,ENSEIGNEMENT ET FORMATION,Enseignement du premier degré,Ecole primaire,166.484157216578,-22.2206462260252,etablissements_publics_nc,76,1840,Normandie Nord
municipales_2026,1,,,988,98818,Nouméa,NOUMEA,0040,1781,793,988,769,10,14,4,LDVC,,,,,Philippe DUNOYER Nouméa : l'après,146,8.2,18.99,,École Adrienne LOMONT 2,ECOLE ADRIENNE LOMONT,0.874,Ecole Adrienne LOMONT,10B RUE DU MARECHAL LYAUTEY,ENSEIGNEMENT ET FORMATION,Enseignement du premier degré,Ecole primaire,166.484157216578,-22.2206462260252,etablissements_publics_nc,76,1840,Normandie Nord
municipales_2026,1,,,988,98818,Nouméa,NOUMEA,0040,1781,793,988,769,10,14,5,LREG,,,,,Lesse ADJOUHGNIOPE UNITE PAYS,102,5.73,13.26,,École Adrienne LOMONT 2,ECOLE ADRIENNE LOMONT,0.874,Ecole Adrienne LOMONT,10B RUE DU MARECHAL LYAUTEY,ENSEIGNEMENT ET FORMATION,Enseignement du premier degré,Ecole primaire,166.484157216578,-22.2206462260252,etablissements_publics_nc,76,1840,Normandie Nord
municipales_2026,1,,,988,98818,Nouméa,NOUMEA,0040,1781,793,988,769,10,14,6,LREG,,,,,Muneiko HAOCAS Nouméa coeur battant - justice sociale,27,1.52,3.51,,École Adrienne LOMONT 2,ECOLE ADRIENNE LOMONT,0.874,Ecole Adrienne LOMONT,10B RUE DU MARECHAL LYAUTEY,ENSEIGNEMENT ET FORMATION,Enseignement du premier degré,Ecole primaire,166.484157216578,-22.2206462260252,etablissements_publics_nc,76,1840,Normandie Nord
municipales_2026,1,,,988,98818,Nouméa,NOUMEA,0040,1781,793,988,769,10,14,7,LDVD,,,,,Sonia LAGARDE AVEC VOUS POUR NOUMEA,294,16.51,38.23,,École Adrienne LOMONT 2,ECOLE ADRIENNE LOMONT,0.874,Ecole Adrienne LOMONT,10B RUE DU MARECHAL LYAUTEY,ENSEIGNEMENT ET FORMATION,Enseignement du premier degré,Ecole primaire,166.484157216578,-22.2206462260252,etablissements_publics_nc,76,1840,Normandie Nord
municipales_2026,1,,,988,98818,Nouméa,NOUMEA,0040,1781,793,988,769,10,14,8,LREG,,,,,Pierre WONG KONG TAO UNI DANS LA DIVERSITE,13,0.73,1.69,,École Adrienne LOMONT 2,ECOLE ADRIENNE LOMONT,0.874,Ecole Adrienne LOMONT,10B RUE DU MARECHAL LYAUTEY,ENSEIGNEMENT ET FORMATION,Enseignement du premier degré,Ecole primaire,166.484157216578,-22.2206462260252,etablissements_publics_nc,76,1840,Normandie Nord
municipales_2026,1,,,988,98818,Nouméa,NOUMEA,0041,1173,490,683,474,13,3,1,LLR,,,,,"Virginie RUFFENACH POUR NOUMEA, UNE ENERGIE NOUVELLE",51,4.35,10.76,,École Gustave LODS 1,ECOLE GUSTAVE LODS,0.85,Ecole Gustave LODS,63 RUE VARIN,ENSEIGNEMENT ET FORMATION,Enseignement du premier degré,Ecole primaire,166.435430928496,-22.2381371662114,etablissements_publics_nc,79,1843,Logicoop
municipales_2026,1,,,988,98818,Nouméa,NOUMEA,0041,1173,490,683,474,13,3,2,LDIV,,,,,Claude SIRET NOUMEA POUR TOUS,20,1.71,4.22,,École Gustave LODS 1,ECOLE GUSTAVE LODS,0.85,Ecole Gustave LODS,63 RUE VARIN,ENSEIGNEMENT ET FORMATION,Enseignement du premier degré,Ecole primaire,166.435430928496,-22.2381371662114,etablissements_publics_nc,79,1843,Logicoop
municipales_2026,1,,,988,98818,Nouméa,NOUMEA,0041,1173,490,683,474,13,3,3,LDIV,,,,,Véronique FORESTIER NOUMEA LE RENOUVEAU,4,0.34,0.84,,École Gustave LODS 1,ECOLE GUSTAVE LODS,0.85,Ecole Gustave LODS,63 RUE VARIN,ENSEIGNEMENT ET FORMATION,Enseignement du premier degré,Ecole primaire,166.435430928496,-22.2381371662114,etablissements_publics_nc,79,1843,Logicoop
municipales_2026,1,,,988,98818,Nouméa,NOUMEA,0041,1173,490,683,474,13,3,4,LDVC,,,,,Philippe DUNOYER Nouméa : l'après,114,9.72,24.05,,École Gustave LODS 1,ECOLE GUSTAVE LODS,0.85,Ecole Gustave LODS,63 RUE VARIN,ENSEIGNEMENT ET FORMATION,Enseignement du premier degré,Ecole primaire,166.435430928496,-22.2381371662114,etablissements_publics_nc,79,1843,Logicoop
municipales_2026,1,,,988,98818,Nouméa,NOUMEA,0041,1173,490,683,474,13,3,5,LREG,,,,,Lesse ADJOUHGNIOPE UNITE PAYS,47,4.01,9.92,,École Gustave LODS 1,ECOLE GUSTAVE LODS,0.85,Ecole Gustave LODS,63 RUE VARIN,ENSEIGNEMENT ET FORMATION,Enseignement du premier degré,Ecole primaire,166.435430928496,-22.2381371662114,etablissements_publics_nc,79,1843,Logicoop
municipales_2026,1,,,988,98818,Nouméa,NOUMEA,0041,1173,490,683,474,13,3,6,LREG,,,,,Muneiko HAOCAS Nouméa coeur battant - justice sociale,24,2.05,5.06,,École Gustave LODS 1,ECOLE GUSTAVE LODS,0.85,Ecole Gustave LODS,63 RUE VARIN,ENSEIGNEMENT ET FORMATION,Enseignement du premier degré,Ecole primaire,166.435430928496,-22.2381371662114,etablissements_publics_nc,79,1843,Logicoop
municipales_2026,1,,,988,98818,Nouméa,NOUMEA,0041,1173,490,683,474,13,3,7,LDVD,,,,,Sonia LAGARDE AVEC VOUS POUR NOUMEA,198,16.88,41.77,,École Gustave LODS 1,ECOLE GUSTAVE LODS,0.85,Ecole Gustave LODS,63 RUE VARIN,ENSEIGNEMENT ET FORMATION,Enseignement du premier degré,Ecole primaire,166.435430928496,-22.2381371662114,etablissements_publics_nc,79,1843,Logicoop
municipales_2026,1,,,988,98818,Nouméa,NOUMEA,0041,1173,490,683,474,13,3,8,LREG,,,,,Pierre WONG KONG TAO UNI DANS LA DIVERSITE,16,1.36,3.38,,École Gustave LODS 1,ECOLE GUSTAVE LODS,0.85,Ecole Gustave LODS,63 RUE VARIN,ENSEIGNEMENT ET FORMATION,Enseignement du premier degré,Ecole primaire,166.435430928496,-22.2381371662114,etablissements_publics_nc,79,1843,Logicoop
municipales_2026,1,,,988,98818,Nouméa,NOUMEA,0042,1364,552,812,535,14,3,1,LLR,,,,,"Virginie RUFFENACH POUR NOUMEA, UNE ENERGIE NOUVELLE",82,6.01,15.33,,École Gustave LODS 2,ECOLE GUSTAVE LODS,0.85,Ecole Gustave LODS,63 RUE VARIN,ENSEIGNEMENT ET FORMATION,Enseignement du premier degré,Ecole primaire,166.435430928496,-22.2381371662114,etablissements_publics_nc,79,1843,Logicoop
municipales_2026,1,,,988,98818,Nouméa,NOUMEA,0042,1364,552,812,535,14,3,2,LDIV,,,,,Claude SIRET NOUMEA POUR TOUS,15,1.1,2.8,,École Gustave LODS 2,ECOLE GUSTAVE LODS,0.85,Ecole Gustave LODS,63 RUE VARIN,ENSEIGNEMENT ET FORMATION,Enseignement du premier degré,Ecole primaire,166.435430928496,-22.2381371662114,etablissements_publics_nc,79,1843,Logicoop
municipales_2026,1,,,988,98818,Nouméa,NOUMEA,0042,1364,552,812,535,14,3,3,LDIV,,,,,Véronique FORESTIER NOUMEA LE RENOUVEAU,6,0.44,1.12,,École Gustave LODS 2,ECOLE GUSTAVE LODS,0.85,Ecole Gustave LODS,63 RUE VARIN,ENSEIGNEMENT ET FORMATION,Enseignement du premier degré,Ecole primaire,166.435430928496,-22.2381371662114,etablissements_publics_nc,79,1843,Logicoop
municipales_2026,1,,,988,98818,Nouméa,NOUMEA,0042,1364,552,812,535,14,3,4,LDVC,,,,,Philippe DUNOYER Nouméa : l'après,81,5.94,15.14,,École Gustave LODS 2,ECOLE GUSTAVE LODS,0.85,Ecole Gustave LODS,63 RUE VARIN,ENSEIGNEMENT ET FORMATION,Enseignement du premier degré,Ecole primaire,166.435430928496,-22.2381371662114,etablissements_publics_nc,79,1843,Logicoop
municipales_2026,1,,,988,98818,Nouméa,NOUMEA,0042,1364,552,812,535,14,3,5,LREG,,,,,Lesse ADJOUHGNIOPE UNITE PAYS,97,7.11,18.13,,École Gustave LODS 2,ECOLE GUSTAVE LODS,0.85,Ecole Gustave LODS,63 RUE VARIN,ENSEIGNEMENT ET FORMATION,Enseignement du premier degré,Ecole primaire,166.435430928496,-22.2381371662114,etablissements_publics_nc,79,1843,Logicoop
municipales_2026,1,,,988,98818,Nouméa,NOUMEA,0042,1364,552,812,535,14,3,6,LREG,,,,,Muneiko HAOCAS Nouméa coeur battant - justice sociale,35,2.57,6.54,,École Gustave LODS 2,ECOLE GUSTAVE LODS,0.85,Ecole Gustave LODS,63 RUE VARIN,ENSEIGNEMENT ET FORMATION,Enseignement du premier degré,Ecole primaire,166.435430928496,-22.2381371662114,etablissements_publics_nc,79,1843,Logicoop
municipales_2026,1,,,988,98818,Nouméa,NOUMEA,0042,1364,552,812,535,14,3,7,LDVD,,,,,Sonia LAGARDE AVEC VOUS POUR NOUMEA,210,15.4,39.25,,École Gustave LODS 2,ECOLE GUSTAVE LODS,0.85,Ecole Gustave LODS,63 RUE VARIN,ENSEIGNEMENT ET FORMATION,Enseignement du premier degré,Ecole primaire,166.435430928496,-22.2381371662114,etablissements_publics_nc,79,1843,Logicoop
municipales_2026,1,,,988,98818,Nouméa,NOUMEA,0042,1364,552,812,535,14,3,8,LREG,,,,,Pierre WONG KONG TAO UNI DANS LA DIVERSITE,9,0.66,1.68,,École Gustave LODS 2,ECOLE GUSTAVE LODS,0.85,Ecole Gustave LODS,63 RUE VARIN,ENSEIGNEMENT ET FORMATION,Enseignement du premier degré,Ecole primaire,166.435430928496,-22.2381371662114,etablissements_publics_nc,79,1843,Logicoop
municipales_2026,1,,,988,98818,Nouméa,NOUMEA,0043,2004,769,1235,744,15,10,1,LLR,,,,,"Virginie RUFFENACH POUR NOUMEA, UNE ENERGIE NOUVELLE",57,2.84,7.66,,École Daniel TALON,ECOLE DANIEL TALON,0.8,Ecole Daniel TALON,5 RUE PIERRE ISSAMATRO,ENSEIGNEMENT ET FORMATION,Enseignement du premier degré,Ecole élémentaire,166.429735177846,-22.2343498153878,etablissements_publics_nc,79,1843,Logicoop
municipales_2026,1,,,988,98818,Nouméa,NOUMEA,0043,2004,769,1235,744,15,10,2,LDIV,,,,,Claude SIRET NOUMEA POUR TOUS,15,0.75,2.02,,École Daniel TALON,ECOLE DANIEL TALON,0.8,Ecole Daniel TALON,5 RUE PIERRE ISSAMATRO,ENSEIGNEMENT ET FORMATION,Enseignement du premier degré,Ecole élémentaire,166.429735177846,-22.2343498153878,etablissements_publics_nc,79,1843,Logicoop
municipales_2026,1,,,988,98818,Nouméa,NOUMEA,0043,2004,769,1235,744,15,10,3,LDIV,,,,,Véronique FORESTIER NOUMEA LE RENOUVEAU,7,0.35,0.94,,École Daniel TALON,ECOLE DANIEL TALON,0.8,Ecole Daniel TALON,5 RUE PIERRE ISSAMATRO,ENSEIGNEMENT ET FORMATION,Enseignement du premier degré,Ecole élémentaire,166.429735177846,-22.2343498153878,etablissements_publics_nc,79,1843,Logicoop
municipales_2026,1,,,988,98818,Nouméa,NOUMEA,0043,2004,769,1235,744,15,10,4,LDVC,,,,,Philippe DUNOYER Nouméa : l'après,158,7.88,21.24,,École Daniel TALON,ECOLE DANIEL TALON,0.8,Ecole Daniel TALON,5 RUE PIERRE ISSAMATRO,ENSEIGNEMENT ET FORMATION,Enseignement du premier degré,Ecole élémentaire,166.429735177846,-22.2343498153878,etablissements_publics_nc,79,1843,Logicoop
municipales_2026,1,,,988,98818,Nouméa,NOUMEA,0043,2004,769,1235,744,15,10,5,LREG,,,,,Lesse ADJOUHGNIOPE UNITE PAYS,221,11.03,29.7,,École Daniel TALON,ECOLE DANIEL TALON,0.8,Ecole Daniel TALON,5 RUE PIERRE ISSAMATRO,ENSEIGNEMENT ET FORMATION,Enseignement du premier degré,Ecole élémentaire,166.429735177846,-22.2343498153878,etablissements_publics_nc,79,1843,Logicoop
municipales_2026,1,,,988,98818,Nouméa,NOUMEA,0043,2004,769,1235,744,15,10,6,LREG,,,,,Muneiko HAOCAS Nouméa coeur battant - justice sociale,81,4.04,10.89,,École Daniel TALON,ECOLE DANIEL TALON,0.8,Ecole Daniel TALON,5 RUE PIERRE ISSAMATRO,ENSEIGNEMENT ET FORMATION,Enseignement du premier degré,Ecole élémentaire,166.429735177846,-22.2343498153878,etablissements_publics_nc,79,1843,Logicoop
municipales_2026,1,,,988,98818,Nouméa,NOUMEA,0043,2004,769,1235,744,15,10,7,LDVD,,,,,Sonia LAGARDE AVEC VOUS POUR NOUMEA,183,9.13,24.6,,École Daniel TALON,ECOLE DANIEL TALON,0.8,Ecole Daniel TALON,5 RUE PIERRE ISSAMATRO,ENSEIGNEMENT ET FORMATION,Enseignement du premier degré,Ecole élémentaire,166.429735177846,-22.2343498153878,etablissements_publics_nc,79,1843,Logicoop
municipales_2026,1,,,988,98818,Nouméa,NOUMEA,0043,2004,769,1235,744,15,10,8,LREG,,,,,Pierre WONG KONG TAO UNI DANS LA DIVERSITE,22,1.1,2.96,,École Daniel TALON,ECOLE DANIEL TALON,0.8,Ecole Daniel TALON,5 RUE PIERRE ISSAMATRO,ENSEIGNEMENT ET FORMATION,Enseignement du premier degré,Ecole élémentaire,166.429735177846,-22.2343498153878,etablissements_publics_nc,79,1843,Logicoop
municipales_2026,1,,,988,98818,Nouméa,NOUMEA,0044,1068,395,673,386,6,3,1,LLR,,,,,"Virginie RUFFENACH POUR NOUMEA, UNE ENERGIE NOUVELLE",8,0.75,2.07,,École Louise VERGES,ECOLE LOUISE VERGES,0.615,Ecole Serge LAIGLE,7 RUE GEORGES LEQUES,ENSEIGNEMENT ET FORMATION,Enseignement du premier degré,Ecole primaire,166.486016745804,-22.2343408388225,etablissements_publics_nc,71,1835,Tina
municipales_2026,1,,,988,98818,Nouméa,NOUMEA,0044,1068,395,673,386,6,3,2,LDIV,,,,,Claude SIRET NOUMEA POUR TOUS,10,0.94,2.59,,École Louise VERGES,ECOLE LOUISE VERGES,0.615,Ecole Serge LAIGLE,7 RUE GEORGES LEQUES,ENSEIGNEMENT ET FORMATION,Enseignement du premier degré,Ecole primaire,166.486016745804,-22.2343408388225,etablissements_publics_nc,71,1835,Tina
municipales_2026,1,,,988,98818,Nouméa,NOUMEA,0044,1068,395,673,386,6,3,3,LDIV,,,,,Véronique FORESTIER NOUMEA LE RENOUVEAU,2,0.19,0.52,,École Louise VERGES,ECOLE LOUISE VERGES,0.615,Ecole Serge LAIGLE,7 RUE GEORGES LEQUES,ENSEIGNEMENT ET FORMATION,Enseignement du premier degré,Ecole primaire,166.486016745804,-22.2343408388225,etablissements_publics_nc,71,1835,Tina
municipales_2026,1,,,988,98818,Nouméa,NOUMEA,0044,1068,395,673,386,6,3,4,LDVC,,,,,Philippe DUNOYER Nouméa : l'après,82,7.68,21.24,,École Louise VERGES,ECOLE LOUISE VERGES,0.615,Ecole Serge LAIGLE,7 RUE GEORGES LEQUES,ENSEIGNEMENT ET FORMATION,Enseignement du premier degré,Ecole primaire,166.486016745804,-22.2343408388225,etablissements_publics_nc,71,1835,Tina
municipales_2026,1,,,988,98818,Nouméa,NOUMEA,0044,1068,395,673,386,6,3,5,LREG,,,,,Lesse ADJOUHGNIOPE UNITE PAYS,181,16.95,46.89,,École Louise VERGES,ECOLE LOUISE VERGES,0.615,Ecole Serge LAIGLE,7 RUE GEORGES LEQUES,ENSEIGNEMENT ET FORMATION,Enseignement du premier degré,Ecole primaire,166.486016745804,-22.2343408388225,etablissements_publics_nc,71,1835,Tina
municipales_2026,1,,,988,98818,Nouméa,NOUMEA,0044,1068,395,673,386,6,3,6,LREG,,,,,Muneiko HAOCAS Nouméa coeur battant - justice sociale,49,4.59,12.69,,École Louise VERGES,ECOLE LOUISE VERGES,0.615,Ecole Serge LAIGLE,7 RUE GEORGES LEQUES,ENSEIGNEMENT ET FORMATION,Enseignement du premier degré,Ecole primaire,166.486016745804,-22.2343408388225,etablissements_publics_nc,71,1835,Tina
municipales_2026,1,,,988,98818,Nouméa,NOUMEA,0044,1068,395,673,386,6,3,7,LDVD,,,,,Sonia LAGARDE AVEC VOUS POUR NOUMEA,44,4.12,11.4,,École Louise VERGES,ECOLE LOUISE VERGES,0.615,Ecole Serge LAIGLE,7 RUE GEORGES LEQUES,ENSEIGNEMENT ET FORMATION,Enseignement du premier degré,Ecole primaire,166.486016745804,-22.2343408388225,etablissements_publics_nc,71,1835,Tina
municipales_2026,1,,,988,98818,Nouméa,NOUMEA,0044,1068,395,673,386,6,3,8,LREG,,,,,Pierre WONG KONG TAO UNI DANS LA DIVERSITE,10,0.94,2.59,,École Louise VERGES,ECOLE LOUISE VERGES,0.615,Ecole Serge LAIGLE,7 RUE GEORGES LEQUES,ENSEIGNEMENT ET FORMATION,Enseignement du premier degré,Ecole primaire,166.486016745804,-22.2343408388225,etablissements_publics_nc,71,1835,Tina
municipales_2026,1,,,988,98818,Nouméa,NOUMEA,0045,1647,785,862,778,5,2,1,LLR,,,,,"Virginie RUFFENACH POUR NOUMEA, UNE ENERGIE NOUVELLE",194,11.78,24.94,,École Mathilde BROQUET 2,ECOLE MATHILDE BROQUET,0.836,Ecole Mathilde BROQUET,24 RUE PIERRE ARTIGUE,ENSEIGNEMENT ET FORMATION,Enseignement du premier degré,Ecole élémentaire,166.467549840387,-22.256293239868,etablissements_publics_nc,63,1827,Aérodrome Sud
municipales_2026,1,,,988,98818,Nouméa,NOUMEA,0045,1647,785,862,778,5,2,2,LDIV,,,,,Claude SIRET NOUMEA POUR TOUS,11,0.67,1.41,,École Mathilde BROQUET 2,ECOLE MATHILDE BROQUET,0.836,Ecole Mathilde BROQUET,24 RUE PIERRE ARTIGUE,ENSEIGNEMENT ET FORMATION,Enseignement du premier degré,Ecole élémentaire,166.467549840387,-22.256293239868,etablissements_publics_nc,63,1827,Aérodrome Sud
municipales_2026,1,,,988,98818,Nouméa,NOUMEA,0045,1647,785,862,778,5,2,3,LDIV,,,,,Véronique FORESTIER NOUMEA LE RENOUVEAU,13,0.79,1.67,,École Mathilde BROQUET 2,ECOLE MATHILDE BROQUET,0.836,Ecole Mathilde BROQUET,24 RUE PIERRE ARTIGUE,ENSEIGNEMENT ET FORMATION,Enseignement du premier degré,Ecole élémentaire,166.467549840387,-22.256293239868,etablissements_publics_nc,63,1827,Aérodrome Sud
municipales_2026,1,,,988,98818,Nouméa,NOUMEA,0045,1647,785,862,778,5,2,4,LDVC,,,,,Philippe DUNOYER Nouméa : l'après,90,5.46,11.57,,École Mathilde BROQUET 2,ECOLE MATHILDE BROQUET,0.836,Ecole Mathilde BROQUET,24 RUE PIERRE ARTIGUE,ENSEIGNEMENT ET FORMATION,Enseignement du premier degré,Ecole élémentaire,166.467549840387,-22.256293239868,etablissements_publics_nc,63,1827,Aérodrome Sud
municipales_2026,1,,,988,98818,Nouméa,NOUMEA,0045,1647,785,862,778,5,2,5,LREG,,,,,Lesse ADJOUHGNIOPE UNITE PAYS,89,5.4,11.44,,École Mathilde BROQUET 2,ECOLE MATHILDE BROQUET,0.836,Ecole Mathilde BROQUET,24 RUE PIERRE ARTIGUE,ENSEIGNEMENT ET FORMATION,Enseignement du premier degré,Ecole élémentaire,166.467549840387,-22.256293239868,etablissements_publics_nc,63,1827,Aérodrome Sud
municipales_2026,1,,,988,98818,Nouméa,NOUMEA,0045,1647,785,862,778,5,2,6,LREG,,,,,Muneiko HAOCAS Nouméa coeur battant - justice sociale,24,1.46,3.08,,École Mathilde BROQUET 2,ECOLE MATHILDE BROQUET,0.836,Ecole Mathilde BROQUET,24 RUE PIERRE ARTIGUE,ENSEIGNEMENT ET FORMATION,Enseignement du premier degré,Ecole élémentaire,166.467549840387,-22.256293239868,etablissements_publics_nc,63,1827,Aérodrome Sud
municipales_2026,1,,,988,98818,Nouméa,NOUMEA,0045,1647,785,862,778,5,2,7,LDVD,,,,,Sonia LAGARDE AVEC VOUS POUR NOUMEA,337,20.46,43.32,,École Mathilde BROQUET 2,ECOLE MATHILDE BROQUET,0.836,Ecole Mathilde BROQUET,24 RUE PIERRE ARTIGUE,ENSEIGNEMENT ET FORMATION,Enseignement du premier degré,Ecole élémentaire,166.467549840387,-22.256293239868,etablissements_publics_nc,63,1827,Aérodrome Sud
municipales_2026,1,,,988,98818,Nouméa,NOUMEA,0045,1647,785,862,778,5,2,8,LREG,,,,,Pierre WONG KONG TAO UNI DANS LA DIVERSITE,20,1.21,2.57,,École Mathilde BROQUET 2,ECOLE MATHILDE BROQUET,0.836,Ecole Mathilde BROQUET,24 RUE PIERRE ARTIGUE,ENSEIGNEMENT ET FORMATION,Enseignement du premier degré,Ecole élémentaire,166.467549840387,-22.256293239868,etablissements_publics_nc,63,1827,Aérodrome Sud
municipales_2026,1,,,988,98818,Nouméa,NOUMEA,0046,907,482,425,479,1,2,1,LLR,,,,,"Virginie RUFFENACH POUR NOUMEA, UNE ENERGIE NOUVELLE",135,14.88,28.18,,École Yvonne DUPONT 2,ECOLE YVONNE DUPONT,0.98,Parc école Yvonne DUPONT,2 RUE MARCELLIN LACABANNE,PARC ESPACE PUBLIC ET LOISIR,Parcs et espaces verts,Parc,166.442173657352,-22.2926748814035,etablissements_publics_nc,42,1806,Motor Pool - Receiving
municipales_2026,1,,,988,98818,Nouméa,NOUMEA,0046,907,482,425,479,1,2,2,LDIV,,,,,Claude SIRET NOUMEA POUR TOUS,1,0.11,0.21,,École Yvonne DUPONT 2,ECOLE YVONNE DUPONT,0.98,Parc école Yvonne DUPONT,2 RUE MARCELLIN LACABANNE,PARC ESPACE PUBLIC ET LOISIR,Parcs et espaces verts,Parc,166.442173657352,-22.2926748814035,etablissements_publics_nc,42,1806,Motor Pool - Receiving
municipales_2026,1,,,988,98818,Nouméa,NOUMEA,0046,907,482,425,479,1,2,3,LDIV,,,,,Véronique FORESTIER NOUMEA LE RENOUVEAU,6,0.66,1.25,,École Yvonne DUPONT 2,ECOLE YVONNE DUPONT,0.98,Parc école Yvonne DUPONT,2 RUE MARCELLIN LACABANNE,PARC ESPACE PUBLIC ET LOISIR,Parcs et espaces verts,Parc,166.442173657352,-22.2926748814035,etablissements_publics_nc,42,1806,Motor Pool - Receiving
municipales_2026,1,,,988,98818,Nouméa,NOUMEA,0046,907,482,425,479,1,2,4,LDVC,,,,,Philippe DUNOYER Nouméa : l'après,41,4.52,8.56,,École Yvonne DUPONT 2,ECOLE YVONNE DUPONT,0.98,Parc école Yvonne DUPONT,2 RUE MARCELLIN LACABANNE,PARC ESPACE PUBLIC ET LOISIR,Parcs et espaces verts,Parc,166.442173657352,-22.2926748814035,etablissements_publics_nc,42,1806,Motor Pool - Receiving
municipales_2026,1,,,988,98818,Nouméa,NOUMEA,0046,907,482,425,479,1,2,5,LREG,,,,,Lesse ADJOUHGNIOPE UNITE PAYS,1,0.11,0.21,,École Yvonne DUPONT 2,ECOLE YVONNE DUPONT,0.98,Parc école Yvonne DUPONT,2 RUE MARCELLIN LACABANNE,PARC ESPACE PUBLIC ET LOISIR,Parcs et espaces verts,Parc,166.442173657352,-22.2926748814035,etablissements_publics_nc,42,1806,Motor Pool - Receiving
municipales_2026,1,,,988,98818,Nouméa,NOUMEA,0046,907,482,425,479,1,2,6,LREG,,,,,Muneiko HAOCAS Nouméa coeur battant - justice sociale,1,0.11,0.21,,École Yvonne DUPONT 2,ECOLE YVONNE DUPONT,0.98,Parc école Yvonne DUPONT,2 RUE MARCELLIN LACABANNE,PARC ESPACE PUBLIC ET LOISIR,Parcs et espaces verts,Parc,166.442173657352,-22.2926748814035,etablissements_publics_nc,42,1806,Motor Pool - Receiving
municipales_2026,1,,,988,98818,Nouméa,NOUMEA,0046,907,482,425,479,1,2,7,LDVD,,,,,Sonia LAGARDE AVEC VOUS POUR NOUMEA,291,32.08,60.75,,École Yvonne DUPONT 2,ECOLE YVONNE DUPONT,0.98,Parc école Yvonne DUPONT,2 RUE MARCELLIN LACABANNE,PARC ESPACE PUBLIC ET LOISIR,Parcs et espaces verts,Parc,166.442173657352,-22.2926748814035,etablissements_publics_nc,42,1806,Motor Pool - Receiving
municipales_2026,1,,,988,98818,Nouméa,NOUMEA,0046,907,482,425,479,1,2,8,LREG,,,,,Pierre WONG KONG TAO UNI DANS LA DIVERSITE,3,0.33,0.63,,École Yvonne DUPONT 2,ECOLE YVONNE DUPONT,0.98,Parc école Yvonne DUPONT,2 RUE MARCELLIN LACABANNE,PARC ESPACE PUBLIC ET LOISIR,Parcs et espaces verts,Parc,166.442173657352,-22.2926748814035,etablissements_publics_nc,42,1806,Motor Pool - Receiving
municipales_2026,1,,,988,98818,Nouméa,NOUMEA,0047,985,549,436,544,5,0,1,LLR,,,,,"Virginie RUFFENACH POUR NOUMEA, UNE ENERGIE NOUVELLE",115,11.68,21.14,,École Paul BOYER 2,ECOLE PAUL BOYER,0.812,Ecole Paul BOYER,10 RUE BOUGAINVILLE,ENSEIGNEMENT ET FORMATION,Enseignement du premier degré,Groupe scolaire,166.452482969153,-22.2781620536236,etablissements_publics_nc,47,1811,Faubourg Blanchot
municipales_2026,1,,,988,98818,Nouméa,NOUMEA,0047,985,549,436,544,5,0,2,LDIV,,,,,Claude SIRET NOUMEA POUR TOUS,4,0.41,0.74,,École Paul BOYER 2,ECOLE PAUL BOYER,0.812,Ecole Paul BOYER,10 RUE BOUGAINVILLE,ENSEIGNEMENT ET FORMATION,Enseignement du premier degré,Groupe scolaire,166.452482969153,-22.2781620536236,etablissements_publics_nc,47,1811,Faubourg Blanchot
municipales_2026,1,,,988,98818,Nouméa,NOUMEA,0047,985,549,436,544,5,0,3,LDIV,,,,,Véronique FORESTIER NOUMEA LE RENOUVEAU,5,0.51,0.92,,École Paul BOYER 2,ECOLE PAUL BOYER,0.812,Ecole Paul BOYER,10 RUE BOUGAINVILLE,ENSEIGNEMENT ET FORMATION,Enseignement du premier degré,Groupe scolaire,166.452482969153,-22.2781620536236,etablissements_publics_nc,47,1811,Faubourg Blanchot
municipales_2026,1,,,988,98818,Nouméa,NOUMEA,0047,985,549,436,544,5,0,4,LDVC,,,,,Philippe DUNOYER Nouméa : l'après,36,3.65,6.62,,École Paul BOYER 2,ECOLE PAUL BOYER,0.812,Ecole Paul BOYER,10 RUE BOUGAINVILLE,ENSEIGNEMENT ET FORMATION,Enseignement du premier degré,Groupe scolaire,166.452482969153,-22.2781620536236,etablissements_publics_nc,47,1811,Faubourg Blanchot
municipales_2026,1,,,988,98818,Nouméa,NOUMEA,0047,985,549,436,544,5,0,5,LREG,,,,,Lesse ADJOUHGNIOPE UNITE PAYS,7,0.71,1.29,,École Paul BOYER 2,ECOLE PAUL BOYER,0.812,Ecole Paul BOYER,10 RUE BOUGAINVILLE,ENSEIGNEMENT ET FORMATION,Enseignement du premier degré,Groupe scolaire,166.452482969153,-22.2781620536236,etablissements_publics_nc,47,1811,Faubourg Blanchot
municipales_2026,1,,,988,98818,Nouméa,NOUMEA,0047,985,549,436,544,5,0,6,LREG,,,,,Muneiko HAOCAS Nouméa coeur battant - justice sociale,0,0,0,,École Paul BOYER 2,ECOLE PAUL BOYER,0.812,Ecole Paul BOYER,10 RUE BOUGAINVILLE,ENSEIGNEMENT ET FORMATION,Enseignement du premier degré,Groupe scolaire,166.452482969153,-22.2781620536236,etablissements_publics_nc,47,1811,Faubourg Blanchot
municipales_2026,1,,,988,98818,Nouméa,NOUMEA,0047,985,549,436,544,5,0,7,LDVD,,,,,Sonia LAGARDE AVEC VOUS POUR NOUMEA,372,37.77,68.38,,École Paul BOYER 2,ECOLE PAUL BOYER,0.812,Ecole Paul BOYER,10 RUE BOUGAINVILLE,ENSEIGNEMENT ET FORMATION,Enseignement du premier degré,Groupe scolaire,166.452482969153,-22.2781620536236,etablissements_publics_nc,47,1811,Faubourg Blanchot
municipales_2026,1,,,988,98818,Nouméa,NOUMEA,0047,985,549,436,544,5,0,8,LREG,,,,,Pierre WONG KONG TAO UNI DANS LA DIVERSITE,5,0.51,0.92,,École Paul BOYER 2,ECOLE PAUL BOYER,0.812,Ecole Paul BOYER,10 RUE BOUGAINVILLE,ENSEIGNEMENT ET FORMATION,Enseignement du premier degré,Groupe scolaire,166.452482969153,-22.2781620536236,etablissements_publics_nc,47,1811,Faubourg Blanchot
municipales_2026,1,,,988,98818,Nouméa,NOUMEA,0048,965,411,554,402,8,1,1,LLR,,,,,"Virginie RUFFENACH POUR NOUMEA, UNE ENERGIE NOUVELLE",42,4.35,10.45,,École Marguerite ARSAPIN,ECOLE MARGUERITE ARSAPIN,0.74,Ecole Marguerite CARLIER,14 RUE DE BOUGAINVILLE,ENSEIGNEMENT ET FORMATION,Enseignement du premier degré,Groupe scolaire,166.454280714904,-22.2790060967446,etablissements_publics_nc,47,1811,Faubourg Blanchot
municipales_2026,1,,,988,98818,Nouméa,NOUMEA,0048,965,411,554,402,8,1,2,LDIV,,,,,Claude SIRET NOUMEA POUR TOUS,14,1.45,3.48,,École Marguerite ARSAPIN,ECOLE MARGUERITE ARSAPIN,0.74,Ecole Marguerite CARLIER,14 RUE DE BOUGAINVILLE,ENSEIGNEMENT ET FORMATION,Enseignement du premier degré,Groupe scolaire,166.454280714904,-22.2790060967446,etablissements_publics_nc,47,1811,Faubourg Blanchot
municipales_2026,1,,,988,98818,Nouméa,NOUMEA,0048,965,411,554,402,8,1,3,LDIV,,,,,Véronique FORESTIER NOUMEA LE RENOUVEAU,6,0.62,1.49,,École Marguerite ARSAPIN,ECOLE MARGUERITE ARSAPIN,0.74,Ecole Marguerite CARLIER,14 RUE DE BOUGAINVILLE,ENSEIGNEMENT ET FORMATION,Enseignement du premier degré,Groupe scolaire,166.454280714904,-22.2790060967446,etablissements_publics_nc,47,1811,Faubourg Blanchot
municipales_2026,1,,,988,98818,Nouméa,NOUMEA,0048,965,411,554,402,8,1,4,LDVC,,,,,Philippe DUNOYER Nouméa : l'après,83,8.6,20.65,,École Marguerite ARSAPIN,ECOLE MARGUERITE ARSAPIN,0.74,Ecole Marguerite CARLIER,14 RUE DE BOUGAINVILLE,ENSEIGNEMENT ET FORMATION,Enseignement du premier degré,Groupe scolaire,166.454280714904,-22.2790060967446,etablissements_publics_nc,47,1811,Faubourg Blanchot
municipales_2026,1,,,988,98818,Nouméa,NOUMEA,0048,965,411,554,402,8,1,5,LREG,,,,,Lesse ADJOUHGNIOPE UNITE PAYS,69,7.15,17.16,,École Marguerite ARSAPIN,ECOLE MARGUERITE ARSAPIN,0.74,Ecole Marguerite CARLIER,14 RUE DE BOUGAINVILLE,ENSEIGNEMENT ET FORMATION,Enseignement du premier degré,Groupe scolaire,166.454280714904,-22.2790060967446,etablissements_publics_nc,47,1811,Faubourg Blanchot
municipales_2026,1,,,988,98818,Nouméa,NOUMEA,0048,965,411,554,402,8,1,6,LREG,,,,,Muneiko HAOCAS Nouméa coeur battant - justice sociale,40,4.15,9.95,,École Marguerite ARSAPIN,ECOLE MARGUERITE ARSAPIN,0.74,Ecole Marguerite CARLIER,14 RUE DE BOUGAINVILLE,ENSEIGNEMENT ET FORMATION,Enseignement du premier degré,Groupe scolaire,166.454280714904,-22.2790060967446,etablissements_publics_nc,47,1811,Faubourg Blanchot
municipales_2026,1,,,988,98818,Nouméa,NOUMEA,0048,965,411,554,402,8,1,7,LDVD,,,,,Sonia LAGARDE AVEC VOUS POUR NOUMEA,137,14.2,34.08,,École Marguerite ARSAPIN,ECOLE MARGUERITE ARSAPIN,0.74,Ecole Marguerite CARLIER,14 RUE DE BOUGAINVILLE,ENSEIGNEMENT ET FORMATION,Enseignement du premier degré,Groupe scolaire,166.454280714904,-22.2790060967446,etablissements_publics_nc,47,1811,Faubourg Blanchot
municipales_2026,1,,,988,98818,Nouméa,NOUMEA,0048,965,411,554,402,8,1,8,LREG,,,,,Pierre WONG KONG TAO UNI DANS LA DIVERSITE,11,1.14,2.74,,École Marguerite ARSAPIN,ECOLE MARGUERITE ARSAPIN,0.74,Ecole Marguerite CARLIER,14 RUE DE BOUGAINVILLE,ENSEIGNEMENT ET FORMATION,Enseignement du premier degré,Groupe scolaire,166.454280714904,-22.2790060967446,etablissements_publics_nc,47,1811,Faubourg Blanchot
municipales_2026,1,,,988,98818,Nouméa,NOUMEA,0049,1174,610,564,601,8,1,1,LLR,,,,,"Virginie RUFFENACH POUR NOUMEA, UNE ENERGIE NOUVELLE",187,15.93,31.11,,École les PERVENCHES,ECOLE PERVENCHES,0.717,Ecole LES PERVENCHES,4 RUE PIERRE ARTIGUE,ENSEIGNEMENT ET FORMATION,Enseignement du premier degré,Ecole pré-élémentaire,166.463935144665,-22.2575766179093,etablissements_publics_nc,62,1826,Portes de Fer - Sud
municipales_2026,1,,,988,98818,Nouméa,NOUMEA,0049,1174,610,564,601,8,1,2,LDIV,,,,,Claude SIRET NOUMEA POUR TOUS,4,0.34,0.67,,École les PERVENCHES,ECOLE PERVENCHES,0.717,Ecole LES PERVENCHES,4 RUE PIERRE ARTIGUE,ENSEIGNEMENT ET FORMATION,Enseignement du premier degré,Ecole pré-élémentaire,166.463935144665,-22.2575766179093,etablissements_publics_nc,62,1826,Portes de Fer - Sud
municipales_2026,1,,,988,98818,Nouméa,NOUMEA,0049,1174,610,564,601,8,1,3,LDIV,,,,,Véronique FORESTIER NOUMEA LE RENOUVEAU,13,1.11,2.16,,École les PERVENCHES,ECOLE PERVENCHES,0.717,Ecole LES PERVENCHES,4 RUE PIERRE ARTIGUE,ENSEIGNEMENT ET FORMATION,Enseignement du premier degré,Ecole pré-élémentaire,166.463935144665,-22.2575766179093,etablissements_publics_nc,62,1826,Portes de Fer - Sud
municipales_2026,1,,,988,98818,Nouméa,NOUMEA,0049,1174,610,564,601,8,1,4,LDVC,,,,,Philippe DUNOYER Nouméa : l'après,57,4.86,9.48,,École les PERVENCHES,ECOLE PERVENCHES,0.717,Ecole LES PERVENCHES,4 RUE PIERRE ARTIGUE,ENSEIGNEMENT ET FORMATION,Enseignement du premier degré,Ecole pré-élémentaire,166.463935144665,-22.2575766179093,etablissements_publics_nc,62,1826,Portes de Fer - Sud
municipales_2026,1,,,988,98818,Nouméa,NOUMEA,0049,1174,610,564,601,8,1,5,LREG,,,,,Lesse ADJOUHGNIOPE UNITE PAYS,23,1.96,3.83,,École les PERVENCHES,ECOLE PERVENCHES,0.717,Ecole LES PERVENCHES,4 RUE PIERRE ARTIGUE,ENSEIGNEMENT ET FORMATION,Enseignement du premier degré,Ecole pré-élémentaire,166.463935144665,-22.2575766179093,etablissements_publics_nc,62,1826,Portes de Fer - Sud
municipales_2026,1,,,988,98818,Nouméa,NOUMEA,0049,1174,610,564,601,8,1,6,LREG,,,,,Muneiko HAOCAS Nouméa coeur battant - justice sociale,14,1.19,2.33,,École les PERVENCHES,ECOLE PERVENCHES,0.717,Ecole LES PERVENCHES,4 RUE PIERRE ARTIGUE,ENSEIGNEMENT ET FORMATION,Enseignement du premier degré,Ecole pré-élémentaire,166.463935144665,-22.2575766179093,etablissements_publics_nc,62,1826,Portes de Fer - Sud
municipales_2026,1,,,988,98818,Nouméa,NOUMEA,0049,1174,610,564,601,8,1,7,LDVD,,,,,Sonia LAGARDE AVEC VOUS POUR NOUMEA,300,25.55,49.92,,École les PERVENCHES,ECOLE PERVENCHES,0.717,Ecole LES PERVENCHES,4 RUE PIERRE ARTIGUE,ENSEIGNEMENT ET FORMATION,Enseignement du premier degré,Ecole pré-élémentaire,166.463935144665,-22.2575766179093,etablissements_publics_nc,62,1826,Portes de Fer - Sud
municipales_2026,1,,,988,98818,Nouméa,NOUMEA,0049,1174,610,564,601,8,1,8,LREG,,,,,Pierre WONG KONG TAO UNI DANS LA DIVERSITE,3,0.26,0.5,,École les PERVENCHES,ECOLE PERVENCHES,0.717,Ecole LES PERVENCHES,4 RUE PIERRE ARTIGUE,ENSEIGNEMENT ET FORMATION,Enseignement du premier degré,Ecole pré-élémentaire,166.463935144665,-22.2575766179093,etablissements_publics_nc,62,1826,Portes de Fer - Sud
municipales_2026,1,,,988,98818,Nouméa,NOUMEA,0050,1711,668,1043,654,9,5,1,LLR,,,,,"Virginie RUFFENACH POUR NOUMEA, UNE ENERGIE NOUVELLE",72,4.21,11.01,,École Albert PERRAUD,ECOLE ALBERT PERRAUD,0.866,Ecole Albert PERRAUD,1 RUE HENRI BAUDOEUF,ENSEIGNEMENT ET FORMATION,Enseignement du premier degré,Ecole primaire,166.467888234029,-22.2619636836771,etablissements_publics_nc,63,1827,Aérodrome Sud
municipales_2026,1,,,988,98818,Nouméa,NOUMEA,0050,1711,668,1043,654,9,5,2,LDIV,,,,,Claude SIRET NOUMEA POUR TOUS,17,0.99,2.6,,École Albert PERRAUD,ECOLE ALBERT PERRAUD,0.866,Ecole Albert PERRAUD,1 RUE HENRI BAUDOEUF,ENSEIGNEMENT ET FORMATION,Enseignement du premier degré,Ecole primaire,166.467888234029,-22.2619636836771,etablissements_publics_nc,63,1827,Aérodrome Sud
municipales_2026,1,,,988,98818,Nouméa,NOUMEA,0050,1711,668,1043,654,9,5,3,LDIV,,,,,Véronique FORESTIER NOUMEA LE RENOUVEAU,5,0.29,0.76,,École Albert PERRAUD,ECOLE ALBERT PERRAUD,0.866,Ecole Albert PERRAUD,1 RUE HENRI BAUDOEUF,ENSEIGNEMENT ET FORMATION,Enseignement du premier degré,Ecole primaire,166.467888234029,-22.2619636836771,etablissements_publics_nc,63,1827,Aérodrome Sud
municipales_2026,1,,,988,98818,Nouméa,NOUMEA,0050,1711,668,1043,654,9,5,4,LDVC,,,,,Philippe DUNOYER Nouméa : l'après,97,5.67,14.83,,École Albert PERRAUD,ECOLE ALBERT PERRAUD,0.866,Ecole Albert PERRAUD,1 RUE HENRI BAUDOEUF,ENSEIGNEMENT ET FORMATION,Enseignement du premier degré,Ecole primaire,166.467888234029,-22.2619636836771,etablissements_publics_nc,63,1827,Aérodrome Sud
municipales_2026,1,,,988,98818,Nouméa,NOUMEA,0050,1711,668,1043,654,9,5,5,LREG,,,,,Lesse ADJOUHGNIOPE UNITE PAYS,217,12.68,33.18,,École Albert PERRAUD,ECOLE ALBERT PERRAUD,0.866,Ecole Albert PERRAUD,1 RUE HENRI BAUDOEUF,ENSEIGNEMENT ET FORMATION,Enseignement du premier degré,Ecole primaire,166.467888234029,-22.2619636836771,etablissements_publics_nc,63,1827,Aérodrome Sud
municipales_2026,1,,,988,98818,Nouméa,NOUMEA,0050,1711,668,1043,654,9,5,6,LREG,,,,,Muneiko HAOCAS Nouméa coeur battant - justice sociale,54,3.16,8.26,,École Albert PERRAUD,ECOLE ALBERT PERRAUD,0.866,Ecole Albert PERRAUD,1 RUE HENRI BAUDOEUF,ENSEIGNEMENT ET FORMATION,Enseignement du premier degré,Ecole primaire,166.467888234029,-22.2619636836771,etablissements_publics_nc,63,1827,Aérodrome Sud
municipales_2026,1,,,988,98818,Nouméa,NOUMEA,0050,1711,668,1043,654,9,5,7,LDVD,,,,,Sonia LAGARDE AVEC VOUS POUR NOUMEA,168,9.82,25.69,,École Albert PERRAUD,ECOLE ALBERT PERRAUD,0.866,Ecole Albert PERRAUD,1 RUE HENRI BAUDOEUF,ENSEIGNEMENT ET FORMATION,Enseignement du premier degré,Ecole primaire,166.467888234029,-22.2619636836771,etablissements_publics_nc,63,1827,Aérodrome Sud
municipales_2026,1,,,988,98818,Nouméa,NOUMEA,0050,1711,668,1043,654,9,5,8,LREG,,,,,Pierre WONG KONG TAO UNI DANS LA DIVERSITE,24,1.4,3.67,,École Albert PERRAUD,ECOLE ALBERT PERRAUD,0.866,Ecole Albert PERRAUD,1 RUE HENRI BAUDOEUF,ENSEIGNEMENT ET FORMATION,Enseignement du premier degré,Ecole primaire,166.467888234029,-22.2619636836771,etablissements_publics_nc,63,1827,Aérodrome Sud
municipales_2026,1,,,988,98818,Nouméa,NOUMEA,0051,1256,693,563,682,9,2,1,LLR,,,,,"Virginie RUFFENACH POUR NOUMEA, UNE ENERGIE NOUVELLE",125,9.95,18.33,,École Michel AMIOT,ECOLE MICHEL AMIOT,0.85,Ecole Michel AMIOT,12 RUE DE PRONY,ENSEIGNEMENT ET FORMATION,Enseignement du premier degré,Ecole primaire,166.468616034294,-22.2680303864914,etablissements_publics_nc,53,1817,Magenta Est
municipales_2026,1,,,988,98818,Nouméa,NOUMEA,0051,1256,693,563,682,9,2,2,LDIV,,,,,Claude SIRET NOUMEA POUR TOUS,15,1.19,2.2,,École Michel AMIOT,ECOLE MICHEL AMIOT,0.85,Ecole Michel AMIOT,12 RUE DE PRONY,ENSEIGNEMENT ET FORMATION,Enseignement du premier degré,Ecole primaire,166.468616034294,-22.2680303864914,etablissements_publics_nc,53,1817,Magenta Est
municipales_2026,1,,,988,98818,Nouméa,NOUMEA,0051,1256,693,563,682,9,2,3,LDIV,,,,,Véronique FORESTIER NOUMEA LE RENOUVEAU,7,0.56,1.03,,École Michel AMIOT,ECOLE MICHEL AMIOT,0.85,Ecole Michel AMIOT,12 RUE DE PRONY,ENSEIGNEMENT ET FORMATION,Enseignement du premier degré,Ecole primaire,166.468616034294,-22.2680303864914,etablissements_publics_nc,53,1817,Magenta Est
municipales_2026,1,,,988,98818,Nouméa,NOUMEA,0051,1256,693,563,682,9,2,4,LDVC,,,,,Philippe DUNOYER Nouméa : l'après,75,5.97,11,,École Michel AMIOT,ECOLE MICHEL AMIOT,0.85,Ecole Michel AMIOT,12 RUE DE PRONY,ENSEIGNEMENT ET FORMATION,Enseignement du premier degré,Ecole primaire,166.468616034294,-22.2680303864914,etablissements_publics_nc,53,1817,Magenta Est
municipales_2026,1,,,988,98818,Nouméa,NOUMEA,0051,1256,693,563,682,9,2,5,LREG,,,,,Lesse ADJOUHGNIOPE UNITE PAYS,39,3.11,5.72,,École Michel AMIOT,ECOLE MICHEL AMIOT,0.85,Ecole Michel AMIOT,12 RUE DE PRONY,ENSEIGNEMENT ET FORMATION,Enseignement du premier degré,Ecole primaire,166.468616034294,-22.2680303864914,etablissements_publics_nc,53,1817,Magenta Est
municipales_2026,1,,,988,98818,Nouméa,NOUMEA,0051,1256,693,563,682,9,2,6,LREG,,,,,Muneiko HAOCAS Nouméa coeur battant - justice sociale,19,1.51,2.79,,École Michel AMIOT,ECOLE MICHEL AMIOT,0.85,Ecole Michel AMIOT,12 RUE DE PRONY,ENSEIGNEMENT ET FORMATION,Enseignement du premier degré,Ecole primaire,166.468616034294,-22.2680303864914,etablissements_publics_nc,53,1817,Magenta Est
municipales_2026,1,,,988,98818,Nouméa,NOUMEA,0051,1256,693,563,682,9,2,7,LDVD,,,,,Sonia LAGARDE AVEC VOUS POUR NOUMEA,392,31.21,57.48,,École Michel AMIOT,ECOLE MICHEL AMIOT,0.85,Ecole Michel AMIOT,12 RUE DE PRONY,ENSEIGNEMENT ET FORMATION,Enseignement du premier degré,Ecole primaire,166.468616034294,-22.2680303864914,etablissements_publics_nc,53,1817,Magenta Est
municipales_2026,1,,,988,98818,Nouméa,NOUMEA,0051,1256,693,563,682,9,2,8,LREG,,,,,Pierre WONG KONG TAO UNI DANS LA DIVERSITE,10,0.8,1.47,,École Michel AMIOT,ECOLE MICHEL AMIOT,0.85,Ecole Michel AMIOT,12 RUE DE PRONY,ENSEIGNEMENT ET FORMATION,Enseignement du premier degré,Ecole primaire,166.468616034294,-22.2680303864914,etablissements_publics_nc,53,1817,Magenta Est
municipales_2026,1,,,988,98818,Nouméa,NOUMEA,0052,1265,594,671,587,5,2,1,LLR,,,,,"Virginie RUFFENACH POUR NOUMEA, UNE ENERGIE NOUVELLE",132,10.43,22.49,,École Charles BICHON,ECOLE CHARLES BICHON,0.819,Ecole Charles BICHON,82 AVENUE DU GENERAL DE GAULLE,ENSEIGNEMENT ET FORMATION,Enseignement du premier degré,Ecole élémentaire,166.443767790723,-22.2808132680625,etablissements_publics_nc,45,1809,Orphelinat
municipales_2026,1,,,988,98818,Nouméa,NOUMEA,0052,1265,594,671,587,5,2,2,LDIV,,,,,Claude SIRET NOUMEA POUR TOUS,6,0.47,1.02,,École Charles BICHON,ECOLE CHARLES BICHON,0.819,Ecole Charles BICHON,82 AVENUE DU GENERAL DE GAULLE,ENSEIGNEMENT ET FORMATION,Enseignement du premier degré,Ecole élémentaire,166.443767790723,-22.2808132680625,etablissements_publics_nc,45,1809,Orphelinat
municipales_2026,1,,,988,98818,Nouméa,NOUMEA,0052,1265,594,671,587,5,2,3,LDIV,,,,,Véronique FORESTIER NOUMEA LE RENOUVEAU,21,1.66,3.58,,École Charles BICHON,ECOLE CHARLES BICHON,0.819,Ecole Charles BICHON,82 AVENUE DU GENERAL DE GAULLE,ENSEIGNEMENT ET FORMATION,Enseignement du premier degré,Ecole élémentaire,166.443767790723,-22.2808132680625,etablissements_publics_nc,45,1809,Orphelinat
municipales_2026,1,,,988,98818,Nouméa,NOUMEA,0052,1265,594,671,587,5,2,4,LDVC,,,,,Philippe DUNOYER Nouméa : l'après,62,4.9,10.56,,École Charles BICHON,ECOLE CHARLES BICHON,0.819,Ecole Charles BICHON,82 AVENUE DU GENERAL DE GAULLE,ENSEIGNEMENT ET FORMATION,Enseignement du premier degré,Ecole élémentaire,166.443767790723,-22.2808132680625,etablissements_publics_nc,45,1809,Orphelinat
municipales_2026,1,,,988,98818,Nouméa,NOUMEA,0052,1265,594,671,587,5,2,5,LREG,,,,,Lesse ADJOUHGNIOPE UNITE PAYS,15,1.19,2.56,,École Charles BICHON,ECOLE CHARLES BICHON,0.819,Ecole Charles BICHON,82 AVENUE DU GENERAL DE GAULLE,ENSEIGNEMENT ET FORMATION,Enseignement du premier degré,Ecole élémentaire,166.443767790723,-22.2808132680625,etablissements_publics_nc,45,1809,Orphelinat
municipales_2026,1,,,988,98818,Nouméa,NOUMEA,0052,1265,594,671,587,5,2,6,LREG,,,,,Muneiko HAOCAS Nouméa coeur battant - justice sociale,3,0.24,0.51,,École Charles BICHON,ECOLE CHARLES BICHON,0.819,Ecole Charles BICHON,82 AVENUE DU GENERAL DE GAULLE,ENSEIGNEMENT ET FORMATION,Enseignement du premier degré,Ecole élémentaire,166.443767790723,-22.2808132680625,etablissements_publics_nc,45,1809,Orphelinat
municipales_2026,1,,,988,98818,Nouméa,NOUMEA,0052,1265,594,671,587,5,2,7,LDVD,,,,,Sonia LAGARDE AVEC VOUS POUR NOUMEA,342,27.04,58.26,,École Charles BICHON,ECOLE CHARLES BICHON,0.819,Ecole Charles BICHON,82 AVENUE DU GENERAL DE GAULLE,ENSEIGNEMENT ET FORMATION,Enseignement du premier degré,Ecole élémentaire,166.443767790723,-22.2808132680625,etablissements_publics_nc,45,1809,Orphelinat
municipales_2026,1,,,988,98818,Nouméa,NOUMEA,0052,1265,594,671,587,5,2,8,LREG,,,,,Pierre WONG KONG TAO UNI DANS LA DIVERSITE,6,0.47,1.02,,École Charles BICHON,ECOLE CHARLES BICHON,0.819,Ecole Charles BICHON,82 AVENUE DU GENERAL DE GAULLE,ENSEIGNEMENT ET FORMATION,Enseignement du premier degré,Ecole élémentaire,166.443767790723,-22.2808132680625,etablissements_publics_nc,45,1809,Orphelinat
municipales_2026,1,,,988,98818,Nouméa,NOUMEA,0053,1371,702,669,696,3,3,1,LLR,,,,,"Virginie RUFFENACH POUR NOUMEA, UNE ENERGIE NOUVELLE",161,11.74,23.13,,École les LYS,ECOLE LYS,0.686,Ecole FILANTE,8 RUE MARCELLIN LACABANNE,ENSEIGNEMENT ET FORMATION,Enseignement du premier degré,Autre structure scolaire,166.443135087106,-22.2929071476207,etablissements_publics_nc,42,1806,Motor Pool - Receiving
municipales_2026,1,,,988,98818,Nouméa,NOUMEA,0053,1371,702,669,696,3,3,2,LDIV,,,,,Claude SIRET NOUMEA POUR TOUS,8,0.58,1.15,,École les LYS,ECOLE LYS,0.686,Ecole FILANTE,8 RUE MARCELLIN LACABANNE,ENSEIGNEMENT ET FORMATION,Enseignement du premier degré,Autre structure scolaire,166.443135087106,-22.2929071476207,etablissements_publics_nc,42,1806,Motor Pool - Receiving
municipales_2026,1,,,988,98818,Nouméa,NOUMEA,0053,1371,702,669,696,3,3,3,LDIV,,,,,Véronique FORESTIER NOUMEA LE RENOUVEAU,14,1.02,2.01,,École les LYS,ECOLE LYS,0.686,Ecole FILANTE,8 RUE MARCELLIN LACABANNE,ENSEIGNEMENT ET FORMATION,Enseignement du premier degré,Autre structure scolaire,166.443135087106,-22.2929071476207,etablissements_publics_nc,42,1806,Motor Pool - Receiving
municipales_2026,1,,,988,98818,Nouméa,NOUMEA,0053,1371,702,669,696,3,3,4,LDVC,,,,,Philippe DUNOYER Nouméa : l'après,49,3.57,7.04,,École les LYS,ECOLE LYS,0.686,Ecole FILANTE,8 RUE MARCELLIN LACABANNE,ENSEIGNEMENT ET FORMATION,Enseignement du premier degré,Autre structure scolaire,166.443135087106,-22.2929071476207,etablissements_publics_nc,42,1806,Motor Pool - Receiving
municipales_2026,1,,,988,98818,Nouméa,NOUMEA,0053,1371,702,669,696,3,3,5,LREG,,,,,Lesse ADJOUHGNIOPE UNITE PAYS,18,1.31,2.59,,École les LYS,ECOLE LYS,0.686,Ecole FILANTE,8 RUE MARCELLIN LACABANNE,ENSEIGNEMENT ET FORMATION,Enseignement du premier degré,Autre structure scolaire,166.443135087106,-22.2929071476207,etablissements_publics_nc,42,1806,Motor Pool - Receiving
municipales_2026,1,,,988,98818,Nouméa,NOUMEA,0053,1371,702,669,696,3,3,6,LREG,,,,,Muneiko HAOCAS Nouméa coeur battant - justice sociale,3,0.22,0.43,,École les LYS,ECOLE LYS,0.686,Ecole FILANTE,8 RUE MARCELLIN LACABANNE,ENSEIGNEMENT ET FORMATION,Enseignement du premier degré,Autre structure scolaire,166.443135087106,-22.2929071476207,etablissements_publics_nc,42,1806,Motor Pool - Receiving
municipales_2026,1,,,988,98818,Nouméa,NOUMEA,0053,1371,702,669,696,3,3,7,LDVD,,,,,Sonia LAGARDE AVEC VOUS POUR NOUMEA,440,32.09,63.22,,École les LYS,ECOLE LYS,0.686,Ecole FILANTE,8 RUE MARCELLIN LACABANNE,ENSEIGNEMENT ET FORMATION,Enseignement du premier degré,Autre structure scolaire,166.443135087106,-22.2929071476207,etablissements_publics_nc,42,1806,Motor Pool - Receiving
municipales_2026,1,,,988,98818,Nouméa,NOUMEA,0053,1371,702,669,696,3,3,8,LREG,,,,,Pierre WONG KONG TAO UNI DANS LA DIVERSITE,3,0.22,0.43,,École les LYS,ECOLE LYS,0.686,Ecole FILANTE,8 RUE MARCELLIN LACABANNE,ENSEIGNEMENT ET FORMATION,Enseignement du premier degré,Autre structure scolaire,166.443135087106,-22.2929071476207,etablissements_publics_nc,42,1806,Motor Pool - Receiving
municipales_2026,1,,,988,98818,Nouméa,NOUMEA,0054,1283,598,685,581,11,6,1,LLR,,,,,"Virginie RUFFENACH POUR NOUMEA, UNE ENERGIE NOUVELLE",118,9.2,20.31,,École le PETIT POUCET,ECOLE PETIT POUCET,0.762,Espace vert petit poucet,1 RUE DURMONT-D'URVILLE,PARC ESPACE PUBLIC ET LOISIR,Parcs et espaces verts,Espace vert,166.446452105063,-22.2638462676659,etablissements_publics_nc,60,1824,Vallée du Tir
municipales_2026,1,,,988,98818,Nouméa,NOUMEA,0054,1283,598,685,581,11,6,2,LDIV,,,,,Claude SIRET NOUMEA POUR TOUS,24,1.87,4.13,,École le PETIT POUCET,ECOLE PETIT POUCET,0.762,Espace vert petit poucet,1 RUE DURMONT-D'URVILLE,PARC ESPACE PUBLIC ET LOISIR,Parcs et espaces verts,Espace vert,166.446452105063,-22.2638462676659,etablissements_publics_nc,60,1824,Vallée du Tir
municipales_2026,1,,,988,98818,Nouméa,NOUMEA,0054,1283,598,685,581,11,6,3,LDIV,,,,,Véronique FORESTIER NOUMEA LE RENOUVEAU,16,1.25,2.75,,École le PETIT POUCET,ECOLE PETIT POUCET,0.762,Espace vert petit poucet,1 RUE DURMONT-D'URVILLE,PARC ESPACE PUBLIC ET LOISIR,Parcs et espaces verts,Espace vert,166.446452105063,-22.2638462676659,etablissements_publics_nc,60,1824,Vallée du Tir
municipales_2026,1,,,988,98818,Nouméa,NOUMEA,0054,1283,598,685,581,11,6,4,LDVC,,,,,Philippe DUNOYER Nouméa : l'après,86,6.7,14.8,,École le PETIT POUCET,ECOLE PETIT POUCET,0.762,Espace vert petit poucet,1 RUE DURMONT-D'URVILLE,PARC ESPACE PUBLIC ET LOISIR,Parcs et espaces verts,Espace vert,166.446452105063,-22.2638462676659,etablissements_publics_nc,60,1824,Vallée du Tir
municipales_2026,1,,,988,98818,Nouméa,NOUMEA,0054,1283,598,685,581,11,6,5,LREG,,,,,Lesse ADJOUHGNIOPE UNITE PAYS,56,4.36,9.64,,École le PETIT POUCET,ECOLE PETIT POUCET,0.762,Espace vert petit poucet,1 RUE DURMONT-D'URVILLE,PARC ESPACE PUBLIC ET LOISIR,Parcs et espaces verts,Espace vert,166.446452105063,-22.2638462676659,etablissements_publics_nc,60,1824,Vallée du Tir
municipales_2026,1,,,988,98818,Nouméa,NOUMEA,0054,1283,598,685,581,11,6,6,LREG,,,,,Muneiko HAOCAS Nouméa coeur battant - justice sociale,7,0.55,1.2,,École le PETIT POUCET,ECOLE PETIT POUCET,0.762,Espace vert petit poucet,1 RUE DURMONT-D'URVILLE,PARC ESPACE PUBLIC ET LOISIR,Parcs et espaces verts,Espace vert,166.446452105063,-22.2638462676659,etablissements_publics_nc,60,1824,Vallée du Tir
municipales_2026,1,,,988,98818,Nouméa,NOUMEA,0054,1283,598,685,581,11,6,7,LDVD,,,,,Sonia LAGARDE AVEC VOUS POUR NOUMEA,266,20.73,45.78,,École le PETIT POUCET,ECOLE PETIT POUCET,0.762,Espace vert petit poucet,1 RUE DURMONT-D'URVILLE,PARC ESPACE PUBLIC ET LOISIR,Parcs et espaces verts,Espace vert,166.446452105063,-22.2638462676659,etablissements_publics_nc,60,1824,Vallée du Tir
municipales_2026,1,,,988,98818,Nouméa,NOUMEA,0054,1283,598,685,581,11,6,8,LREG,,,,,Pierre WONG KONG TAO UNI DANS LA DIVERSITE,8,0.62,1.38,,École le PETIT POUCET,ECOLE PETIT POUCET,0.762,Espace vert petit poucet,1 RUE DURMONT-D'URVILLE,PARC ESPACE PUBLIC ET LOISIR,Parcs et espaces verts,Espace vert,166.446452105063,-22.2638462676659,etablissements_publics_nc,60,1824,Vallée du Tir
municipales_2026,1,,,988,98818,Nouméa,NOUMEA,0055,1449,883,566,876,6,1,1,LLR,,,,,"Virginie RUFFENACH POUR NOUMEA, UNE ENERGIE NOUVELLE",290,20.01,33.11,,École Serge LAIGLE,ECOLE SERGE LAIGLE,0.85,Ecole Serge LAIGLE,7 RUE GEORGES LEQUES,ENSEIGNEMENT ET FORMATION,Enseignement du premier degré,Ecole primaire,166.486016745804,-22.2343408388225,etablissements_publics_nc,71,1835,Tina
municipales_2026,1,,,988,98818,Nouméa,NOUMEA,0055,1449,883,566,876,6,1,2,LDIV,,,,,Claude SIRET NOUMEA POUR TOUS,2,0.14,0.23,,École Serge LAIGLE,ECOLE SERGE LAIGLE,0.85,Ecole Serge LAIGLE,7 RUE GEORGES LEQUES,ENSEIGNEMENT ET FORMATION,Enseignement du premier degré,Ecole primaire,166.486016745804,-22.2343408388225,etablissements_publics_nc,71,1835,Tina
municipales_2026,1,,,988,98818,Nouméa,NOUMEA,0055,1449,883,566,876,6,1,3,LDIV,,,,,Véronique FORESTIER NOUMEA LE RENOUVEAU,18,1.24,2.05,,École Serge LAIGLE,ECOLE SERGE LAIGLE,0.85,Ecole Serge LAIGLE,7 RUE GEORGES LEQUES,ENSEIGNEMENT ET FORMATION,Enseignement du premier degré,Ecole primaire,166.486016745804,-22.2343408388225,etablissements_publics_nc,71,1835,Tina
municipales_2026,1,,,988,98818,Nouméa,NOUMEA,0055,1449,883,566,876,6,1,4,LDVC,,,,,Philippe DUNOYER Nouméa : l'après,72,4.97,8.22,,École Serge LAIGLE,ECOLE SERGE LAIGLE,0.85,Ecole Serge LAIGLE,7 RUE GEORGES LEQUES,ENSEIGNEMENT ET FORMATION,Enseignement du premier degré,Ecole primaire,166.486016745804,-22.2343408388225,etablissements_publics_nc,71,1835,Tina
municipales_2026,1,,,988,98818,Nouméa,NOUMEA,0055,1449,883,566,876,6,1,5,LREG,,,,,Lesse ADJOUHGNIOPE UNITE PAYS,8,0.55,0.91,,École Serge LAIGLE,ECOLE SERGE LAIGLE,0.85,Ecole Serge LAIGLE,7 RUE GEORGES LEQUES,ENSEIGNEMENT ET FORMATION,Enseignement du premier degré,Ecole primaire,166.486016745804,-22.2343408388225,etablissements_publics_nc,71,1835,Tina
municipales_2026,1,,,988,98818,Nouméa,NOUMEA,0055,1449,883,566,876,6,1,6,LREG,,,,,Muneiko HAOCAS Nouméa coeur battant - justice sociale,2,0.14,0.23,,École Serge LAIGLE,ECOLE SERGE LAIGLE,0.85,Ecole Serge LAIGLE,7 RUE GEORGES LEQUES,ENSEIGNEMENT ET FORMATION,Enseignement du premier degré,Ecole primaire,166.486016745804,-22.2343408388225,etablissements_publics_nc,71,1835,Tina
municipales_2026,1,,,988,98818,Nouméa,NOUMEA,0055,1449,883,566,876,6,1,7,LDVD,,,,,Sonia LAGARDE AVEC VOUS POUR NOUMEA,479,33.06,54.68,,École Serge LAIGLE,ECOLE SERGE LAIGLE,0.85,Ecole Serge LAIGLE,7 RUE GEORGES LEQUES,ENSEIGNEMENT ET FORMATION,Enseignement du premier degré,Ecole primaire,166.486016745804,-22.2343408388225,etablissements_publics_nc,71,1835,Tina
municipales_2026,1,,,988,98818,Nouméa,NOUMEA,0055,1449,883,566,876,6,1,8,LREG,,,,,Pierre WONG KONG TAO UNI DANS LA DIVERSITE,5,0.35,0.57,,École Serge LAIGLE,ECOLE SERGE LAIGLE,0.85,Ecole Serge LAIGLE,7 RUE GEORGES LEQUES,ENSEIGNEMENT ET FORMATION,Enseignement du premier degré,Ecole primaire,166.486016745804,-22.2343408388225,etablissements_publics_nc,71,1835,Tina
municipales_2026,1,,,988,98818,Nouméa,NOUMEA,0056,1674,789,885,772,13,4,1,LLR,,,,,"Virginie RUFFENACH POUR NOUMEA, UNE ENERGIE NOUVELLE",161,9.62,20.85,,École Guy CHAMPMOREAU,ECOLE GUY CHAMPMOREAU,0.874,Ecole Guy CHAMPMOREAU,17 RUE PASCAL SIHAZE,ENSEIGNEMENT ET FORMATION,Enseignement du premier degré,Ecole primaire,166.452313565802,-22.2892161943525,etablissements_publics_nc,43,1807,N'Géa
municipales_2026,1,,,988,98818,Nouméa,NOUMEA,0056,1674,789,885,772,13,4,2,LDIV,,,,,Claude SIRET NOUMEA POUR TOUS,17,1.02,2.2,,École Guy CHAMPMOREAU,ECOLE GUY CHAMPMOREAU,0.874,Ecole Guy CHAMPMOREAU,17 RUE PASCAL SIHAZE,ENSEIGNEMENT ET FORMATION,Enseignement du premier degré,Ecole primaire,166.452313565802,-22.2892161943525,etablissements_publics_nc,43,1807,N'Géa
municipales_2026,1,,,988,98818,Nouméa,NOUMEA,0056,1674,789,885,772,13,4,3,LDIV,,,,,Véronique FORESTIER NOUMEA LE RENOUVEAU,9,0.54,1.17,,École Guy CHAMPMOREAU,ECOLE GUY CHAMPMOREAU,0.874,Ecole Guy CHAMPMOREAU,17 RUE PASCAL SIHAZE,ENSEIGNEMENT ET FORMATION,Enseignement du premier degré,Ecole primaire,166.452313565802,-22.2892161943525,etablissements_publics_nc,43,1807,N'Géa
municipales_2026,1,,,988,98818,Nouméa,NOUMEA,0056,1674,789,885,772,13,4,4,LDVC,,,,,Philippe DUNOYER Nouméa : l'après,69,4.12,8.94,,École Guy CHAMPMOREAU,ECOLE GUY CHAMPMOREAU,0.874,Ecole Guy CHAMPMOREAU,17 RUE PASCAL SIHAZE,ENSEIGNEMENT ET FORMATION,Enseignement du premier degré,Ecole primaire,166.452313565802,-22.2892161943525,etablissements_publics_nc,43,1807,N'Géa
municipales_2026,1,,,988,98818,Nouméa,NOUMEA,0056,1674,789,885,772,13,4,5,LREG,,,,,Lesse ADJOUHGNIOPE UNITE PAYS,85,5.08,11.01,,École Guy CHAMPMOREAU,ECOLE GUY CHAMPMOREAU,0.874,Ecole Guy CHAMPMOREAU,17 RUE PASCAL SIHAZE,ENSEIGNEMENT ET FORMATION,Enseignement du premier degré,Ecole primaire,166.452313565802,-22.2892161943525,etablissements_publics_nc,43,1807,N'Géa
municipales_2026,1,,,988,98818,Nouméa,NOUMEA,0056,1674,789,885,772,13,4,6,LREG,,,,,Muneiko HAOCAS Nouméa coeur battant - justice sociale,15,0.9,1.94,,École Guy CHAMPMOREAU,ECOLE GUY CHAMPMOREAU,0.874,Ecole Guy CHAMPMOREAU,17 RUE PASCAL SIHAZE,ENSEIGNEMENT ET FORMATION,Enseignement du premier degré,Ecole primaire,166.452313565802,-22.2892161943525,etablissements_publics_nc,43,1807,N'Géa
municipales_2026,1,,,988,98818,Nouméa,NOUMEA,0056,1674,789,885,772,13,4,7,LDVD,,,,,Sonia LAGARDE AVEC VOUS POUR NOUMEA,409,24.43,52.98,,École Guy CHAMPMOREAU,ECOLE GUY CHAMPMOREAU,0.874,Ecole Guy CHAMPMOREAU,17 RUE PASCAL SIHAZE,ENSEIGNEMENT ET FORMATION,Enseignement du premier degré,Ecole primaire,166.452313565802,-22.2892161943525,etablissements_publics_nc,43,1807,N'Géa
municipales_2026,1,,,988,98818,Nouméa,NOUMEA,0056,1674,789,885,772,13,4,8,LREG,,,,,Pierre WONG KONG TAO UNI DANS LA DIVERSITE,7,0.42,0.91,,École Guy CHAMPMOREAU,ECOLE GUY CHAMPMOREAU,0.874,Ecole Guy CHAMPMOREAU,17 RUE PASCAL SIHAZE,ENSEIGNEMENT ET FORMATION,Enseignement du premier degré,Ecole primaire,166.452313565802,-22.2892161943525,etablissements_publics_nc,43,1807,N'Géa
municipales_2026,1,,,988,98818,Nouméa,NOUMEA,0057,83,3,80,3,0,0,1,LLR,,,,,"Virginie RUFFENACH POUR NOUMEA, UNE ENERGIE NOUVELLE",1,1.2,33.33,,Mairie 3,MAIRIE,0.93,Hôtel de Ville de Nouméa,16 RUE DU GENERAL MANGIN,ADMINISTRATION ET ORGANISME,Administrations des collectivités,Administration de la commune de Nouméa,166.439401925184,-22.2714056104229,etablissements_publics_nc,58,1822,Centre ville
municipales_2026,1,,,988,98818,Nouméa,NOUMEA,0057,83,3,80,3,0,0,2,LDIV,,,,,Claude SIRET NOUMEA POUR TOUS,0,0,0,,Mairie 3,MAIRIE,0.93,Hôtel de Ville de Nouméa,16 RUE DU GENERAL MANGIN,ADMINISTRATION ET ORGANISME,Administrations des collectivités,Administration de la commune de Nouméa,166.439401925184,-22.2714056104229,etablissements_publics_nc,58,1822,Centre ville
municipales_2026,1,,,988,98818,Nouméa,NOUMEA,0057,83,3,80,3,0,0,3,LDIV,,,,,Véronique FORESTIER NOUMEA LE RENOUVEAU,0,0,0,,Mairie 3,MAIRIE,0.93,Hôtel de Ville de Nouméa,16 RUE DU GENERAL MANGIN,ADMINISTRATION ET ORGANISME,Administrations des collectivités,Administration de la commune de Nouméa,166.439401925184,-22.2714056104229,etablissements_publics_nc,58,1822,Centre ville
municipales_2026,1,,,988,98818,Nouméa,NOUMEA,0057,83,3,80,3,0,0,4,LDVC,,,,,Philippe DUNOYER Nouméa : l'après,0,0,0,,Mairie 3,MAIRIE,0.93,Hôtel de Ville de Nouméa,16 RUE DU GENERAL MANGIN,ADMINISTRATION ET ORGANISME,Administrations des collectivités,Administration de la commune de Nouméa,166.439401925184,-22.2714056104229,etablissements_publics_nc,58,1822,Centre ville
municipales_2026,1,,,988,98818,Nouméa,NOUMEA,0057,83,3,80,3,0,0,5,LREG,,,,,Lesse ADJOUHGNIOPE UNITE PAYS,1,1.2,33.33,,Mairie 3,MAIRIE,0.93,Hôtel de Ville de Nouméa,16 RUE DU GENERAL MANGIN,ADMINISTRATION ET ORGANISME,Administrations des collectivités,Administration de la commune de Nouméa,166.439401925184,-22.2714056104229,etablissements_publics_nc,58,1822,Centre ville
municipales_2026,1,,,988,98818,Nouméa,NOUMEA,0057,83,3,80,3,0,0,6,LREG,,,,,Muneiko HAOCAS Nouméa coeur battant - justice sociale,1,1.2,33.33,,Mairie 3,MAIRIE,0.93,Hôtel de Ville de Nouméa,16 RUE DU GENERAL MANGIN,ADMINISTRATION ET ORGANISME,Administrations des collectivités,Administration de la commune de Nouméa,166.439401925184,-22.2714056104229,etablissements_publics_nc,58,1822,Centre ville
municipales_2026,1,,,988,98818,Nouméa,NOUMEA,0057,83,3,80,3,0,0,7,LDVD,,,,,Sonia LAGARDE AVEC VOUS POUR NOUMEA,0,0,0,,Mairie 3,MAIRIE,0.93,Hôtel de Ville de Nouméa,16 RUE DU GENERAL MANGIN,ADMINISTRATION ET ORGANISME,Administrations des collectivités,Administration de la commune de Nouméa,166.439401925184,-22.2714056104229,etablissements_publics_nc,58,1822,Centre ville
municipales_2026,1,,,988,98818,Nouméa,NOUMEA,0057,83,3,80,3,0,0,8,LREG,,,,,Pierre WONG KONG TAO UNI DANS LA DIVERSITE,0,0,0,,Mairie 3,MAIRIE,0.93,Hôtel de Ville de Nouméa,16 RUE DU GENERAL MANGIN,ADMINISTRATION ET ORGANISME,Administrations des collectivités,Administration de la commune de Nouméa,166.439401925184,-22.2714056104229,etablissements_publics_nc,58,1822,Centre ville
municipales_2026,1,,,988,98819,Ouégoa,OUEGOA,0001,844,533,311,514,11,8,1,,,,,,Elisse Zole OUAHIO UNION NATIONALE POUR L'INITIATIVE CITOYENNE- OUEGOA,116,13.74,22.57,,Mairie,MAIRIE,0.7,OUEGOA,Ouégoa,LIEU_DIT_NC,VILLE,,164.43943670837254,-20.34408534785039,tribus_villages_nc,82,1901,Ouégoa village - Balagam - Paraoua - Tarap
municipales_2026,1,,,988,98819,Ouégoa,OUEGOA,0001,844,533,311,514,11,8,2,,,,,,Barnabe Koé PEBOU HAMENE UNI,106,12.56,20.62,,Mairie,MAIRIE,0.7,OUEGOA,Ouégoa,LIEU_DIT_NC,VILLE,,164.43943670837254,-20.34408534785039,tribus_villages_nc,82,1901,Ouégoa village - Balagam - Paraoua - Tarap
municipales_2026,1,,,988,98819,Ouégoa,OUEGOA,0001,844,533,311,514,11,8,3,,,,,,Caryl Edouard NORMANDON DYNAMIQUE OUEGOA,258,30.57,50.19,,Mairie,MAIRIE,0.7,OUEGOA,Ouégoa,LIEU_DIT_NC,VILLE,,164.43943670837254,-20.34408534785039,tribus_villages_nc,82,1901,Ouégoa village - Balagam - Paraoua - Tarap
municipales_2026,1,,,988,98819,Ouégoa,OUEGOA,0001,844,533,311,514,11,8,4,,,,,,Henri Steeve PEBOU-TIDJINE UNION CITOYENNE,34,4.03,6.61,,Mairie,MAIRIE,0.7,OUEGOA,Ouégoa,LIEU_DIT_NC,VILLE,,164.43943670837254,-20.34408534785039,tribus_villages_nc,82,1901,Ouégoa village - Balagam - Paraoua - Tarap
municipales_2026,1,,,988,98819,Ouégoa,OUEGOA,0002,854,530,324,525,3,2,1,,,,,,Elisse Zole OUAHIO UNION NATIONALE POUR L'INITIATIVE CITOYENNE- OUEGOA,105,12.3,20,,Bondé,BONDE,1,Bondé,Ouégoa,LIEU_DIT_NC,LDH,Bodé,164.4324943000077,-20.429158724947957,tribus_villages_nc,84,1903,Bondé
municipales_2026,1,,,988,98819,Ouégoa,OUEGOA,0002,854,530,324,525,3,2,2,,,,,,Barnabe Koé PEBOU HAMENE UNI,198,23.19,37.71,,Bondé,BONDE,1,Bondé,Ouégoa,LIEU_DIT_NC,LDH,Bodé,164.4324943000077,-20.429158724947957,tribus_villages_nc,84,1903,Bondé
municipales_2026,1,,,988,98819,Ouégoa,OUEGOA,0002,854,530,324,525,3,2,3,,,,,,Caryl Edouard NORMANDON DYNAMIQUE OUEGOA,2,0.23,0.38,,Bondé,BONDE,1,Bondé,Ouégoa,LIEU_DIT_NC,LDH,Bodé,164.4324943000077,-20.429158724947957,tribus_villages_nc,84,1903,Bondé
municipales_2026,1,,,988,98819,Ouégoa,OUEGOA,0002,854,530,324,525,3,2,4,,,,,,Henri Steeve PEBOU-TIDJINE UNION CITOYENNE,220,25.76,41.9,,Bondé,BONDE,1,Bondé,Ouégoa,LIEU_DIT_NC,LDH,Bodé,164.4324943000077,-20.429158724947957,tribus_villages_nc,84,1903,Bondé
municipales_2026,1,,,988,98819,Ouégoa,OUEGOA,0003,382,213,169,213,0,0,1,,,,,,Elisse Zole OUAHIO UNION NATIONALE POUR L'INITIATIVE CITOYENNE- OUEGOA,13,3.4,6.1,,Paimboas,PAIMBOAS,0.99,Ouénia,Ouégoa,ARRETE_MANUAL,TRIBU,Wénya,164.52279333171543,-20.52170436626958,arrete_manual_tribus,84,1903,Bondé
municipales_2026,1,,,988,98819,Ouégoa,OUEGOA,0003,382,213,169,213,0,0,2,,,,,,Barnabe Koé PEBOU HAMENE UNI,121,31.68,56.81,,Paimboas,PAIMBOAS,0.99,Ouénia,Ouégoa,ARRETE_MANUAL,TRIBU,Wénya,164.52279333171543,-20.52170436626958,arrete_manual_tribus,84,1903,Bondé
municipales_2026,1,,,988,98819,Ouégoa,OUEGOA,0003,382,213,169,213,0,0,3,,,,,,Caryl Edouard NORMANDON DYNAMIQUE OUEGOA,1,0.26,0.47,,Paimboas,PAIMBOAS,0.99,Ouénia,Ouégoa,ARRETE_MANUAL,TRIBU,Wénya,164.52279333171543,-20.52170436626958,arrete_manual_tribus,84,1903,Bondé
municipales_2026,1,,,988,98819,Ouégoa,OUEGOA,0003,382,213,169,213,0,0,4,,,,,,Henri Steeve PEBOU-TIDJINE UNION CITOYENNE,78,20.42,36.62,,Paimboas,PAIMBOAS,0.99,Ouénia,Ouégoa,ARRETE_MANUAL,TRIBU,Wénya,164.52279333171543,-20.52170436626958,arrete_manual_tribus,84,1903,Bondé
municipales_2026,1,,,988,98819,Ouégoa,OUEGOA,0004,152,91,61,90,1,0,1,,,,,,Elisse Zole OUAHIO UNION NATIONALE POUR L'INITIATIVE CITOYENNE- OUEGOA,4,2.63,4.44,,Tiari,TIARI,1,Tiari,Ouégoa,LIEU_DIT_NC,TRIBU,Ciari,164.3468221527753,-20.245820839427363,tribus_villages_nc,83,1902,Pam - Tiari
municipales_2026,1,,,988,98819,Ouégoa,OUEGOA,0004,152,91,61,90,1,0,2,,,,,,Barnabe Koé PEBOU HAMENE UNI,26,17.11,28.89,,Tiari,TIARI,1,Tiari,Ouégoa,LIEU_DIT_NC,TRIBU,Ciari,164.3468221527753,-20.245820839427363,tribus_villages_nc,83,1902,Pam - Tiari
municipales_2026,1,,,988,98819,Ouégoa,OUEGOA,0004,152,91,61,90,1,0,3,,,,,,Caryl Edouard NORMANDON DYNAMIQUE OUEGOA,5,3.29,5.56,,Tiari,TIARI,1,Tiari,Ouégoa,LIEU_DIT_NC,TRIBU,Ciari,164.3468221527753,-20.245820839427363,tribus_villages_nc,83,1902,Pam - Tiari
municipales_2026,1,,,988,98819,Ouégoa,OUEGOA,0004,152,91,61,90,1,0,4,,,,,,Henri Steeve PEBOU-TIDJINE UNION CITOYENNE,55,36.18,61.11,,Tiari,TIARI,1,Tiari,Ouégoa,LIEU_DIT_NC,TRIBU,Ciari,164.3468221527753,-20.245820839427363,tribus_villages_nc,83,1902,Pam - Tiari
municipales_2026,1,,,988,98820,Ouvéa,OUVEA,0001,963,536,427,535,0,1,1,,,,,,Maurice TILLEWA UC-FLNKS,184,19.11,34.39,,Mairie,MAIRIE,,,,,,,166.5351802059145,-20.652759156712985,arrete_manual_tribus,86,2002,Fayaoué
municipales_2026,1,,,988,98820,Ouvéa,OUVEA,0001,963,536,427,535,0,1,2,,,,,,Jean Joel IHILY PARTI TRAVAILLISTE ET NATIONALISTES,80,8.31,14.95,,Mairie,MAIRIE,,,,,,,166.5351802059145,-20.652759156712985,arrete_manual_tribus,86,2002,Fayaoué
municipales_2026,1,,,988,98820,Ouvéa,OUVEA,0001,963,536,427,535,0,1,3,,,,,,Victor GOGNY ALTERNATIVE UNITAIRE IAAI,30,3.12,5.61,,Mairie,MAIRIE,,,,,,,166.5351802059145,-20.652759156712985,arrete_manual_tribus,86,2002,Fayaoué
municipales_2026,1,,,988,98820,Ouvéa,OUVEA,0001,963,536,427,535,0,1,4,,,,,,Moïse BAOUMA UNI IAAI,141,14.64,26.36,,Mairie,MAIRIE,,,,,,,166.5351802059145,-20.652759156712985,arrete_manual_tribus,86,2002,Fayaoué
municipales_2026,1,,,988,98820,Ouvéa,OUVEA,0001,963,536,427,535,0,1,5,,,,,,Karyl TRENYIWA OSER LE CHANGEMENT POUR OUVEA !,100,10.38,18.69,,Mairie,MAIRIE,,,,,,,166.5351802059145,-20.652759156712985,arrete_manual_tribus,86,2002,Fayaoué
municipales_2026,1,,,988,98820,Ouvéa,OUVEA,0002,845,409,436,407,0,2,1,,,,,,Maurice TILLEWA UC-FLNKS,57,6.75,14,,Fayaoué,FAYAOUE,1,Fayaoué,Ouvéa,LIEU_DIT_NC,TRIBU,Fajawe,166.5351802059145,-20.652759156712985,tribus_villages_nc,86,2002,Fayaoué
municipales_2026,1,,,988,98820,Ouvéa,OUVEA,0002,845,409,436,407,0,2,2,,,,,,Jean Joel IHILY PARTI TRAVAILLISTE ET NATIONALISTES,87,10.3,21.38,,Fayaoué,FAYAOUE,1,Fayaoué,Ouvéa,LIEU_DIT_NC,TRIBU,Fajawe,166.5351802059145,-20.652759156712985,tribus_villages_nc,86,2002,Fayaoué
municipales_2026,1,,,988,98820,Ouvéa,OUVEA,0002,845,409,436,407,0,2,3,,,,,,Victor GOGNY ALTERNATIVE UNITAIRE IAAI,33,3.91,8.11,,Fayaoué,FAYAOUE,1,Fayaoué,Ouvéa,LIEU_DIT_NC,TRIBU,Fajawe,166.5351802059145,-20.652759156712985,tribus_villages_nc,86,2002,Fayaoué
municipales_2026,1,,,988,98820,Ouvéa,OUVEA,0002,845,409,436,407,0,2,4,,,,,,Moïse BAOUMA UNI IAAI,139,16.45,34.15,,Fayaoué,FAYAOUE,1,Fayaoué,Ouvéa,LIEU_DIT_NC,TRIBU,Fajawe,166.5351802059145,-20.652759156712985,tribus_villages_nc,86,2002,Fayaoué
municipales_2026,1,,,988,98820,Ouvéa,OUVEA,0002,845,409,436,407,0,2,5,,,,,,Karyl TRENYIWA OSER LE CHANGEMENT POUR OUVEA !,71,8.4,17.44,,Fayaoué,FAYAOUE,1,Fayaoué,Ouvéa,LIEU_DIT_NC,TRIBU,Fajawe,166.5351802059145,-20.652759156712985,tribus_villages_nc,86,2002,Fayaoué
municipales_2026,1,,,988,98820,Ouvéa,OUVEA,0003,550,352,198,352,0,0,1,,,,,,Maurice TILLEWA UC-FLNKS,222,40.36,63.07,,Heo,HEO,1,St Joseph,Ouvéa,LIEU_DIT_NC,TRIBU,Heo,166.60278918905198,-20.44905017069691,tribus_villages_nc,85,2001,Saint Joseph Gossanah Takedji
municipales_2026,1,,,988,98820,Ouvéa,OUVEA,0003,550,352,198,352,0,0,2,,,,,,Jean Joel IHILY PARTI TRAVAILLISTE ET NATIONALISTES,64,11.64,18.18,,Heo,HEO,1,St Joseph,Ouvéa,LIEU_DIT_NC,TRIBU,Heo,166.60278918905198,-20.44905017069691,tribus_villages_nc,85,2001,Saint Joseph Gossanah Takedji
municipales_2026,1,,,988,98820,Ouvéa,OUVEA,0003,550,352,198,352,0,0,3,,,,,,Victor GOGNY ALTERNATIVE UNITAIRE IAAI,35,6.36,9.94,,Heo,HEO,1,St Joseph,Ouvéa,LIEU_DIT_NC,TRIBU,Heo,166.60278918905198,-20.44905017069691,tribus_villages_nc,85,2001,Saint Joseph Gossanah Takedji
municipales_2026,1,,,988,98820,Ouvéa,OUVEA,0003,550,352,198,352,0,0,4,,,,,,Moïse BAOUMA UNI IAAI,8,1.45,2.27,,Heo,HEO,1,St Joseph,Ouvéa,LIEU_DIT_NC,TRIBU,Heo,166.60278918905198,-20.44905017069691,tribus_villages_nc,85,2001,Saint Joseph Gossanah Takedji
municipales_2026,1,,,988,98820,Ouvéa,OUVEA,0003,550,352,198,352,0,0,5,,,,,,Karyl TRENYIWA OSER LE CHANGEMENT POUR OUVEA !,23,4.18,6.53,,Heo,HEO,1,St Joseph,Ouvéa,LIEU_DIT_NC,TRIBU,Heo,166.60278918905198,-20.44905017069691,tribus_villages_nc,85,2001,Saint Joseph Gossanah Takedji
municipales_2026,1,,,988,98820,Ouvéa,OUVEA,0004,395,269,126,262,2,5,1,,,,,,Maurice TILLEWA UC-FLNKS,117,29.62,44.66,,Mouli,MOULI,1,Mouli,Ouvéa,LIEU_DIT_NC,TRIBU,Muli,166.42132025613634,-20.72325484847604,tribus_villages_nc,87,2003,Mouli
municipales_2026,1,,,988,98820,Ouvéa,OUVEA,0004,395,269,126,262,2,5,2,,,,,,Jean Joel IHILY PARTI TRAVAILLISTE ET NATIONALISTES,79,20,30.15,,Mouli,MOULI,1,Mouli,Ouvéa,LIEU_DIT_NC,TRIBU,Muli,166.42132025613634,-20.72325484847604,tribus_villages_nc,87,2003,Mouli
municipales_2026,1,,,988,98820,Ouvéa,OUVEA,0004,395,269,126,262,2,5,3,,,,,,Victor GOGNY ALTERNATIVE UNITAIRE IAAI,62,15.7,23.66,,Mouli,MOULI,1,Mouli,Ouvéa,LIEU_DIT_NC,TRIBU,Muli,166.42132025613634,-20.72325484847604,tribus_villages_nc,87,2003,Mouli
municipales_2026,1,,,988,98820,Ouvéa,OUVEA,0004,395,269,126,262,2,5,4,,,,,,Moïse BAOUMA UNI IAAI,1,0.25,0.38,,Mouli,MOULI,1,Mouli,Ouvéa,LIEU_DIT_NC,TRIBU,Muli,166.42132025613634,-20.72325484847604,tribus_villages_nc,87,2003,Mouli
municipales_2026,1,,,988,98820,Ouvéa,OUVEA,0004,395,269,126,262,2,5,5,,,,,,Karyl TRENYIWA OSER LE CHANGEMENT POUR OUVEA !,3,0.76,1.15,,Mouli,MOULI,1,Mouli,Ouvéa,LIEU_DIT_NC,TRIBU,Muli,166.42132025613634,-20.72325484847604,tribus_villages_nc,87,2003,Mouli
municipales_2026,1,,,988,98820,Ouvéa,OUVEA,0005,840,449,391,443,1,5,1,,,,,,Maurice TILLEWA UC-FLNKS,247,29.4,55.76,,Wénéki,WENEKI,1,Weneki,Ouvéa,LIEU_DIT_NC,TRIBU,,166.61213110267843,-20.44626073917101,tribus_villages_nc,85,2001,Saint Joseph Gossanah Takedji
municipales_2026,1,,,988,98820,Ouvéa,OUVEA,0005,840,449,391,443,1,5,2,,,,,,Jean Joel IHILY PARTI TRAVAILLISTE ET NATIONALISTES,99,11.79,22.35,,Wénéki,WENEKI,1,Weneki,Ouvéa,LIEU_DIT_NC,TRIBU,,166.61213110267843,-20.44626073917101,tribus_villages_nc,85,2001,Saint Joseph Gossanah Takedji
municipales_2026,1,,,988,98820,Ouvéa,OUVEA,0005,840,449,391,443,1,5,3,,,,,,Victor GOGNY ALTERNATIVE UNITAIRE IAAI,48,5.71,10.84,,Wénéki,WENEKI,1,Weneki,Ouvéa,LIEU_DIT_NC,TRIBU,,166.61213110267843,-20.44626073917101,tribus_villages_nc,85,2001,Saint Joseph Gossanah Takedji
municipales_2026,1,,,988,98820,Ouvéa,OUVEA,0005,840,449,391,443,1,5,4,,,,,,Moïse BAOUMA UNI IAAI,30,3.57,6.77,,Wénéki,WENEKI,1,Weneki,Ouvéa,LIEU_DIT_NC,TRIBU,,166.61213110267843,-20.44626073917101,tribus_villages_nc,85,2001,Saint Joseph Gossanah Takedji
municipales_2026,1,,,988,98820,Ouvéa,OUVEA,0005,840,449,391,443,1,5,5,,,,,,Karyl TRENYIWA OSER LE CHANGEMENT POUR OUVEA !,19,2.26,4.29,,Wénéki,WENEKI,1,Weneki,Ouvéa,LIEU_DIT_NC,TRIBU,,166.61213110267843,-20.44626073917101,tribus_villages_nc,85,2001,Saint Joseph Gossanah Takedji
municipales_2026,1,,,988,98820,Ouvéa,OUVEA,0006,451,241,210,236,4,1,1,,,,,,Maurice TILLEWA UC-FLNKS,92,20.4,38.98,,Ognahut,OGNAHUT,1,Ognahut,Ouvéa,LIEU_DIT_NC,TRIBU,Hanyââû,166.55961927804398,-20.65637156152609,tribus_villages_nc,86,2002,Fayaoué
municipales_2026,1,,,988,98820,Ouvéa,OUVEA,0006,451,241,210,236,4,1,2,,,,,,Jean Joel IHILY PARTI TRAVAILLISTE ET NATIONALISTES,45,9.98,19.07,,Ognahut,OGNAHUT,1,Ognahut,Ouvéa,LIEU_DIT_NC,TRIBU,Hanyââû,166.55961927804398,-20.65637156152609,tribus_villages_nc,86,2002,Fayaoué
municipales_2026,1,,,988,98820,Ouvéa,OUVEA,0006,451,241,210,236,4,1,3,,,,,,Victor GOGNY ALTERNATIVE UNITAIRE IAAI,38,8.43,16.1,,Ognahut,OGNAHUT,1,Ognahut,Ouvéa,LIEU_DIT_NC,TRIBU,Hanyââû,166.55961927804398,-20.65637156152609,tribus_villages_nc,86,2002,Fayaoué
municipales_2026,1,,,988,98820,Ouvéa,OUVEA,0006,451,241,210,236,4,1,4,,,,,,Moïse BAOUMA UNI IAAI,43,9.53,18.22,,Ognahut,OGNAHUT,1,Ognahut,Ouvéa,LIEU_DIT_NC,TRIBU,Hanyââû,166.55961927804398,-20.65637156152609,tribus_villages_nc,86,2002,Fayaoué
municipales_2026,1,,,988,98820,Ouvéa,OUVEA,0006,451,241,210,236,4,1,5,,,,,,Karyl TRENYIWA OSER LE CHANGEMENT POUR OUVEA !,18,3.99,7.63,,Ognahut,OGNAHUT,1,Ognahut,Ouvéa,LIEU_DIT_NC,TRIBU,Hanyââû,166.55961927804398,-20.65637156152609,tribus_villages_nc,86,2002,Fayaoué
municipales_2026,1,,,988,98820,Ouvéa,OUVEA,0007,299,230,69,230,0,0,1,,,,,,Maurice TILLEWA UC-FLNKS,125,41.81,54.35,,Lekine,LEKINE,1,Lekine,Ouvéa,LIEU_DIT_NC,TRIBU,Lekiny,166.49017173263093,-20.69359693939266,tribus_villages_nc,87,2003,Mouli
municipales_2026,1,,,988,98820,Ouvéa,OUVEA,0007,299,230,69,230,0,0,2,,,,,,Jean Joel IHILY PARTI TRAVAILLISTE ET NATIONALISTES,23,7.69,10,,Lekine,LEKINE,1,Lekine,Ouvéa,LIEU_DIT_NC,TRIBU,Lekiny,166.49017173263093,-20.69359693939266,tribus_villages_nc,87,2003,Mouli
municipales_2026,1,,,988,98820,Ouvéa,OUVEA,0007,299,230,69,230,0,0,3,,,,,,Victor GOGNY ALTERNATIVE UNITAIRE IAAI,75,25.08,32.61,,Lekine,LEKINE,1,Lekine,Ouvéa,LIEU_DIT_NC,TRIBU,Lekiny,166.49017173263093,-20.69359693939266,tribus_villages_nc,87,2003,Mouli
municipales_2026,1,,,988,98820,Ouvéa,OUVEA,0007,299,230,69,230,0,0,4,,,,,,Moïse BAOUMA UNI IAAI,5,1.67,2.17,,Lekine,LEKINE,1,Lekine,Ouvéa,LIEU_DIT_NC,TRIBU,Lekiny,166.49017173263093,-20.69359693939266,tribus_villages_nc,87,2003,Mouli
municipales_2026,1,,,988,98820,Ouvéa,OUVEA,0007,299,230,69,230,0,0,5,,,,,,Karyl TRENYIWA OSER LE CHANGEMENT POUR OUVEA !,2,0.67,0.87,,Lekine,LEKINE,1,Lekine,Ouvéa,LIEU_DIT_NC,TRIBU,Lekiny,166.49017173263093,-20.69359693939266,tribus_villages_nc,87,2003,Mouli
municipales_2026,1,,,988,98821,Païta,PAITA,0001,829,348,481,340,4,4,1,LDIV,,,,,Sylvia ABEL UN COEUR POUR PAITA,33,3.98,9.71,,Dock socio-culturel 1,DOCK SOCIO CULTUREL,0.973,Dock socioculturel,AVENUE JAMES PADDON,CULTUREL ET SOCIO EDUCATIF,Equipements culturels,Centre culturel maison culturelle et centre d'art,166.366370328351,-22.1294955354086,etablissements_publics_nc,91,2101,Paita centre
municipales_2026,1,,,988,98821,Païta,PAITA,0001,829,348,481,340,4,4,2,LDVD,,,,,Antoine ROMAIN Paita J'y crois,90,10.86,26.47,,Dock socio-culturel 1,DOCK SOCIO CULTUREL,0.973,Dock socioculturel,AVENUE JAMES PADDON,CULTUREL ET SOCIO EDUCATIF,Equipements culturels,Centre culturel maison culturelle et centre d'art,166.366370328351,-22.1294955354086,etablissements_publics_nc,91,2101,Paita centre
municipales_2026,1,,,988,98821,Païta,PAITA,0001,829,348,481,340,4,4,3,LDIV,,,,,Patrick GREPPO ESPRIT PAITA,31,3.74,9.12,,Dock socio-culturel 1,DOCK SOCIO CULTUREL,0.973,Dock socioculturel,AVENUE JAMES PADDON,CULTUREL ET SOCIO EDUCATIF,Equipements culturels,Centre culturel maison culturelle et centre d'art,166.366370328351,-22.1294955354086,etablissements_publics_nc,91,2101,Paita centre
municipales_2026,1,,,988,98821,Païta,PAITA,0001,829,348,481,340,4,4,4,LREG,,,,,"Eymard GAIA PAITA TON IDENTITE, NOTRE RICHESSE",30,3.62,8.82,,Dock socio-culturel 1,DOCK SOCIO CULTUREL,0.973,Dock socioculturel,AVENUE JAMES PADDON,CULTUREL ET SOCIO EDUCATIF,Equipements culturels,Centre culturel maison culturelle et centre d'art,166.366370328351,-22.1294955354086,etablissements_publics_nc,91,2101,Paita centre
municipales_2026,1,,,988,98821,Païta,PAITA,0001,829,348,481,340,4,4,5,LDVC,,,,,"Milakulo TUKUMULI PAÏTA, UN NOUVEAU SOUFFLE!",98,11.82,28.82,,Dock socio-culturel 1,DOCK SOCIO CULTUREL,0.973,Dock socioculturel,AVENUE JAMES PADDON,CULTUREL ET SOCIO EDUCATIF,Equipements culturels,Centre culturel maison culturelle et centre d'art,166.366370328351,-22.1294955354086,etablissements_publics_nc,91,2101,Paita centre
municipales_2026,1,,,988,98821,Païta,PAITA,0001,829,348,481,340,4,4,6,LREG,,,,,Nikita Aurélie GAIA EP ALOSIO LISTE CITOYENNE FLNKS PAITA,46,5.55,13.53,,Dock socio-culturel 1,DOCK SOCIO CULTUREL,0.973,Dock socioculturel,AVENUE JAMES PADDON,CULTUREL ET SOCIO EDUCATIF,Equipements culturels,Centre culturel maison culturelle et centre d'art,166.366370328351,-22.1294955354086,etablissements_publics_nc,91,2101,Paita centre
municipales_2026,1,,,988,98821,Païta,PAITA,0001,829,348,481,340,4,4,7,LDIV,,,,,Christopher BOURGINE PAITA.CITY,12,1.45,3.53,,Dock socio-culturel 1,DOCK SOCIO CULTUREL,0.973,Dock socioculturel,AVENUE JAMES PADDON,CULTUREL ET SOCIO EDUCATIF,Equipements culturels,Centre culturel maison culturelle et centre d'art,166.366370328351,-22.1294955354086,etablissements_publics_nc,91,2101,Paita centre
municipales_2026,1,,,988,98821,Païta,PAITA,0002,811,467,344,460,5,2,1,LDIV,,,,,Sylvia ABEL UN COEUR POUR PAITA,33,4.07,7.17,,Dock socio-culturel 2,DOCK SOCIO CULTUREL,0.973,Dock socioculturel,AVENUE JAMES PADDON,CULTUREL ET SOCIO EDUCATIF,Equipements culturels,Centre culturel maison culturelle et centre d'art,166.366370328351,-22.1294955354086,etablissements_publics_nc,91,2101,Paita centre
municipales_2026,1,,,988,98821,Païta,PAITA,0002,811,467,344,460,5,2,2,LDVD,,,,,Antoine ROMAIN Paita J'y crois,99,12.21,21.52,,Dock socio-culturel 2,DOCK SOCIO CULTUREL,0.973,Dock socioculturel,AVENUE JAMES PADDON,CULTUREL ET SOCIO EDUCATIF,Equipements culturels,Centre culturel maison culturelle et centre d'art,166.366370328351,-22.1294955354086,etablissements_publics_nc,91,2101,Paita centre
municipales_2026,1,,,988,98821,Païta,PAITA,0002,811,467,344,460,5,2,3,LDIV,,,,,Patrick GREPPO ESPRIT PAITA,16,1.97,3.48,,Dock socio-culturel 2,DOCK SOCIO CULTUREL,0.973,Dock socioculturel,AVENUE JAMES PADDON,CULTUREL ET SOCIO EDUCATIF,Equipements culturels,Centre culturel maison culturelle et centre d'art,166.366370328351,-22.1294955354086,etablissements_publics_nc,91,2101,Paita centre
municipales_2026,1,,,988,98821,Païta,PAITA,0002,811,467,344,460,5,2,4,LREG,,,,,"Eymard GAIA PAITA TON IDENTITE, NOTRE RICHESSE",16,1.97,3.48,,Dock socio-culturel 2,DOCK SOCIO CULTUREL,0.973,Dock socioculturel,AVENUE JAMES PADDON,CULTUREL ET SOCIO EDUCATIF,Equipements culturels,Centre culturel maison culturelle et centre d'art,166.366370328351,-22.1294955354086,etablissements_publics_nc,91,2101,Paita centre
municipales_2026,1,,,988,98821,Païta,PAITA,0002,811,467,344,460,5,2,5,LDVC,,,,,"Milakulo TUKUMULI PAÏTA, UN NOUVEAU SOUFFLE!",226,27.87,49.13,,Dock socio-culturel 2,DOCK SOCIO CULTUREL,0.973,Dock socioculturel,AVENUE JAMES PADDON,CULTUREL ET SOCIO EDUCATIF,Equipements culturels,Centre culturel maison culturelle et centre d'art,166.366370328351,-22.1294955354086,etablissements_publics_nc,91,2101,Paita centre
municipales_2026,1,,,988,98821,Païta,PAITA,0002,811,467,344,460,5,2,6,LREG,,,,,Nikita Aurélie GAIA EP ALOSIO LISTE CITOYENNE FLNKS PAITA,59,7.27,12.83,,Dock socio-culturel 2,DOCK SOCIO CULTUREL,0.973,Dock socioculturel,AVENUE JAMES PADDON,CULTUREL ET SOCIO EDUCATIF,Equipements culturels,Centre culturel maison culturelle et centre d'art,166.366370328351,-22.1294955354086,etablissements_publics_nc,91,2101,Paita centre
municipales_2026,1,,,988,98821,Païta,PAITA,0002,811,467,344,460,5,2,7,LDIV,,,,,Christopher BOURGINE PAITA.CITY,11,1.36,2.39,,Dock socio-culturel 2,DOCK SOCIO CULTUREL,0.973,Dock socioculturel,AVENUE JAMES PADDON,CULTUREL ET SOCIO EDUCATIF,Equipements culturels,Centre culturel maison culturelle et centre d'art,166.366370328351,-22.1294955354086,etablissements_publics_nc,91,2101,Paita centre
municipales_2026,1,,,988,98821,Païta,PAITA,0003,966,520,446,510,9,1,1,LDIV,,,,,Sylvia ABEL UN COEUR POUR PAITA,71,7.35,13.92,,Dock socio-culturel 3,DOCK SOCIO CULTUREL,0.973,Dock socioculturel,AVENUE JAMES PADDON,CULTUREL ET SOCIO EDUCATIF,Equipements culturels,Centre culturel maison culturelle et centre d'art,166.366370328351,-22.1294955354086,etablissements_publics_nc,91,2101,Paita centre
municipales_2026,1,,,988,98821,Païta,PAITA,0003,966,520,446,510,9,1,2,LDVD,,,,,Antoine ROMAIN Paita J'y crois,160,16.56,31.37,,Dock socio-culturel 3,DOCK SOCIO CULTUREL,0.973,Dock socioculturel,AVENUE JAMES PADDON,CULTUREL ET SOCIO EDUCATIF,Equipements culturels,Centre culturel maison culturelle et centre d'art,166.366370328351,-22.1294955354086,etablissements_publics_nc,91,2101,Paita centre
municipales_2026,1,,,988,98821,Païta,PAITA,0003,966,520,446,510,9,1,3,LDIV,,,,,Patrick GREPPO ESPRIT PAITA,47,4.87,9.22,,Dock socio-culturel 3,DOCK SOCIO CULTUREL,0.973,Dock socioculturel,AVENUE JAMES PADDON,CULTUREL ET SOCIO EDUCATIF,Equipements culturels,Centre culturel maison culturelle et centre d'art,166.366370328351,-22.1294955354086,etablissements_publics_nc,91,2101,Paita centre
municipales_2026,1,,,988,98821,Païta,PAITA,0003,966,520,446,510,9,1,4,LREG,,,,,"Eymard GAIA PAITA TON IDENTITE, NOTRE RICHESSE",16,1.66,3.14,,Dock socio-culturel 3,DOCK SOCIO CULTUREL,0.973,Dock socioculturel,AVENUE JAMES PADDON,CULTUREL ET SOCIO EDUCATIF,Equipements culturels,Centre culturel maison culturelle et centre d'art,166.366370328351,-22.1294955354086,etablissements_publics_nc,91,2101,Paita centre
municipales_2026,1,,,988,98821,Païta,PAITA,0003,966,520,446,510,9,1,5,LDVC,,,,,"Milakulo TUKUMULI PAÏTA, UN NOUVEAU SOUFFLE!",121,12.53,23.73,,Dock socio-culturel 3,DOCK SOCIO CULTUREL,0.973,Dock socioculturel,AVENUE JAMES PADDON,CULTUREL ET SOCIO EDUCATIF,Equipements culturels,Centre culturel maison culturelle et centre d'art,166.366370328351,-22.1294955354086,etablissements_publics_nc,91,2101,Paita centre
municipales_2026,1,,,988,98821,Païta,PAITA,0003,966,520,446,510,9,1,6,LREG,,,,,Nikita Aurélie GAIA EP ALOSIO LISTE CITOYENNE FLNKS PAITA,51,5.28,10,,Dock socio-culturel 3,DOCK SOCIO CULTUREL,0.973,Dock socioculturel,AVENUE JAMES PADDON,CULTUREL ET SOCIO EDUCATIF,Equipements culturels,Centre culturel maison culturelle et centre d'art,166.366370328351,-22.1294955354086,etablissements_publics_nc,91,2101,Paita centre
municipales_2026,1,,,988,98821,Païta,PAITA,0003,966,520,446,510,9,1,7,LDIV,,,,,Christopher BOURGINE PAITA.CITY,44,4.55,8.63,,Dock socio-culturel 3,DOCK SOCIO CULTUREL,0.973,Dock socioculturel,AVENUE JAMES PADDON,CULTUREL ET SOCIO EDUCATIF,Equipements culturels,Centre culturel maison culturelle et centre d'art,166.366370328351,-22.1294955354086,etablissements_publics_nc,91,2101,Paita centre
municipales_2026,1,,,988,98821,Païta,PAITA,0004,1009,552,457,533,15,4,1,LDIV,,,,,Sylvia ABEL UN COEUR POUR PAITA,56,5.55,10.51,,Dock socio-culturel 4,DOCK SOCIO CULTUREL,0.973,Dock socioculturel,AVENUE JAMES PADDON,CULTUREL ET SOCIO EDUCATIF,Equipements culturels,Centre culturel maison culturelle et centre d'art,166.366370328351,-22.1294955354086,etablissements_publics_nc,91,2101,Paita centre
municipales_2026,1,,,988,98821,Païta,PAITA,0004,1009,552,457,533,15,4,2,LDVD,,,,,Antoine ROMAIN Paita J'y crois,213,21.11,39.96,,Dock socio-culturel 4,DOCK SOCIO CULTUREL,0.973,Dock socioculturel,AVENUE JAMES PADDON,CULTUREL ET SOCIO EDUCATIF,Equipements culturels,Centre culturel maison culturelle et centre d'art,166.366370328351,-22.1294955354086,etablissements_publics_nc,91,2101,Paita centre
municipales_2026,1,,,988,98821,Païta,PAITA,0004,1009,552,457,533,15,4,3,LDIV,,,,,Patrick GREPPO ESPRIT PAITA,29,2.87,5.44,,Dock socio-culturel 4,DOCK SOCIO CULTUREL,0.973,Dock socioculturel,AVENUE JAMES PADDON,CULTUREL ET SOCIO EDUCATIF,Equipements culturels,Centre culturel maison culturelle et centre d'art,166.366370328351,-22.1294955354086,etablissements_publics_nc,91,2101,Paita centre
municipales_2026,1,,,988,98821,Païta,PAITA,0004,1009,552,457,533,15,4,4,LREG,,,,,"Eymard GAIA PAITA TON IDENTITE, NOTRE RICHESSE",4,0.4,0.75,,Dock socio-culturel 4,DOCK SOCIO CULTUREL,0.973,Dock socioculturel,AVENUE JAMES PADDON,CULTUREL ET SOCIO EDUCATIF,Equipements culturels,Centre culturel maison culturelle et centre d'art,166.366370328351,-22.1294955354086,etablissements_publics_nc,91,2101,Paita centre
municipales_2026,1,,,988,98821,Païta,PAITA,0004,1009,552,457,533,15,4,5,LDVC,,,,,"Milakulo TUKUMULI PAÏTA, UN NOUVEAU SOUFFLE!",117,11.6,21.95,,Dock socio-culturel 4,DOCK SOCIO CULTUREL,0.973,Dock socioculturel,AVENUE JAMES PADDON,CULTUREL ET SOCIO EDUCATIF,Equipements culturels,Centre culturel maison culturelle et centre d'art,166.366370328351,-22.1294955354086,etablissements_publics_nc,91,2101,Paita centre
municipales_2026,1,,,988,98821,Païta,PAITA,0004,1009,552,457,533,15,4,6,LREG,,,,,Nikita Aurélie GAIA EP ALOSIO LISTE CITOYENNE FLNKS PAITA,58,5.75,10.88,,Dock socio-culturel 4,DOCK SOCIO CULTUREL,0.973,Dock socioculturel,AVENUE JAMES PADDON,CULTUREL ET SOCIO EDUCATIF,Equipements culturels,Centre culturel maison culturelle et centre d'art,166.366370328351,-22.1294955354086,etablissements_publics_nc,91,2101,Paita centre
municipales_2026,1,,,988,98821,Païta,PAITA,0004,1009,552,457,533,15,4,7,LDIV,,,,,Christopher BOURGINE PAITA.CITY,56,5.55,10.51,,Dock socio-culturel 4,DOCK SOCIO CULTUREL,0.973,Dock socioculturel,AVENUE JAMES PADDON,CULTUREL ET SOCIO EDUCATIF,Equipements culturels,Centre culturel maison culturelle et centre d'art,166.366370328351,-22.1294955354086,etablissements_publics_nc,91,2101,Paita centre
municipales_2026,1,,,988,98821,Païta,PAITA,0005,1004,559,445,540,11,8,1,LDIV,,,,,Sylvia ABEL UN COEUR POUR PAITA,55,5.48,10.19,,Dock socio-culturel 5,DOCK SOCIO CULTUREL,0.973,Dock socioculturel,AVENUE JAMES PADDON,CULTUREL ET SOCIO EDUCATIF,Equipements culturels,Centre culturel maison culturelle et centre d'art,166.366370328351,-22.1294955354086,etablissements_publics_nc,91,2101,Paita centre
municipales_2026,1,,,988,98821,Païta,PAITA,0005,1004,559,445,540,11,8,2,LDVD,,,,,Antoine ROMAIN Paita J'y crois,203,20.22,37.59,,Dock socio-culturel 5,DOCK SOCIO CULTUREL,0.973,Dock socioculturel,AVENUE JAMES PADDON,CULTUREL ET SOCIO EDUCATIF,Equipements culturels,Centre culturel maison culturelle et centre d'art,166.366370328351,-22.1294955354086,etablissements_publics_nc,91,2101,Paita centre
municipales_2026,1,,,988,98821,Païta,PAITA,0005,1004,559,445,540,11,8,3,LDIV,,,,,Patrick GREPPO ESPRIT PAITA,42,4.18,7.78,,Dock socio-culturel 5,DOCK SOCIO CULTUREL,0.973,Dock socioculturel,AVENUE JAMES PADDON,CULTUREL ET SOCIO EDUCATIF,Equipements culturels,Centre culturel maison culturelle et centre d'art,166.366370328351,-22.1294955354086,etablissements_publics_nc,91,2101,Paita centre
municipales_2026,1,,,988,98821,Païta,PAITA,0005,1004,559,445,540,11,8,4,LREG,,,,,"Eymard GAIA PAITA TON IDENTITE, NOTRE RICHESSE",20,1.99,3.7,,Dock socio-culturel 5,DOCK SOCIO CULTUREL,0.973,Dock socioculturel,AVENUE JAMES PADDON,CULTUREL ET SOCIO EDUCATIF,Equipements culturels,Centre culturel maison culturelle et centre d'art,166.366370328351,-22.1294955354086,etablissements_publics_nc,91,2101,Paita centre
municipales_2026,1,,,988,98821,Païta,PAITA,0005,1004,559,445,540,11,8,5,LDVC,,,,,"Milakulo TUKUMULI PAÏTA, UN NOUVEAU SOUFFLE!",137,13.65,25.37,,Dock socio-culturel 5,DOCK SOCIO CULTUREL,0.973,Dock socioculturel,AVENUE JAMES PADDON,CULTUREL ET SOCIO EDUCATIF,Equipements culturels,Centre culturel maison culturelle et centre d'art,166.366370328351,-22.1294955354086,etablissements_publics_nc,91,2101,Paita centre
municipales_2026,1,,,988,98821,Païta,PAITA,0005,1004,559,445,540,11,8,6,LREG,,,,,Nikita Aurélie GAIA EP ALOSIO LISTE CITOYENNE FLNKS PAITA,42,4.18,7.78,,Dock socio-culturel 5,DOCK SOCIO CULTUREL,0.973,Dock socioculturel,AVENUE JAMES PADDON,CULTUREL ET SOCIO EDUCATIF,Equipements culturels,Centre culturel maison culturelle et centre d'art,166.366370328351,-22.1294955354086,etablissements_publics_nc,91,2101,Paita centre
municipales_2026,1,,,988,98821,Païta,PAITA,0005,1004,559,445,540,11,8,7,LDIV,,,,,Christopher BOURGINE PAITA.CITY,41,4.08,7.59,,Dock socio-culturel 5,DOCK SOCIO CULTUREL,0.973,Dock socioculturel,AVENUE JAMES PADDON,CULTUREL ET SOCIO EDUCATIF,Equipements culturels,Centre culturel maison culturelle et centre d'art,166.366370328351,-22.1294955354086,etablissements_publics_nc,91,2101,Paita centre
municipales_2026,1,,,988,98821,Païta,PAITA,0006,941,536,405,530,3,3,1,LDIV,,,,,Sylvia ABEL UN COEUR POUR PAITA,22,2.34,4.15,,Mairie,MAIRIE,0.98,Mairie de Païta,,ADMINISTRATION ET ORGANISME,Administrations des collectivités,Administration de la commune de Païta,166.361658608639,-22.1291986951984,etablissements_publics_nc,91,2101,Paita centre
municipales_2026,1,,,988,98821,Païta,PAITA,0006,941,536,405,530,3,3,2,LDVD,,,,,Antoine ROMAIN Paita J'y crois,176,18.7,33.21,,Mairie,MAIRIE,0.98,Mairie de Païta,,ADMINISTRATION ET ORGANISME,Administrations des collectivités,Administration de la commune de Païta,166.361658608639,-22.1291986951984,etablissements_publics_nc,91,2101,Paita centre
municipales_2026,1,,,988,98821,Païta,PAITA,0006,941,536,405,530,3,3,3,LDIV,,,,,Patrick GREPPO ESPRIT PAITA,44,4.68,8.3,,Mairie,MAIRIE,0.98,Mairie de Païta,,ADMINISTRATION ET ORGANISME,Administrations des collectivités,Administration de la commune de Païta,166.361658608639,-22.1291986951984,etablissements_publics_nc,91,2101,Paita centre
municipales_2026,1,,,988,98821,Païta,PAITA,0006,941,536,405,530,3,3,4,LREG,,,,,"Eymard GAIA PAITA TON IDENTITE, NOTRE RICHESSE",93,9.88,17.55,,Mairie,MAIRIE,0.98,Mairie de Païta,,ADMINISTRATION ET ORGANISME,Administrations des collectivités,Administration de la commune de Païta,166.361658608639,-22.1291986951984,etablissements_publics_nc,91,2101,Paita centre
municipales_2026,1,,,988,98821,Païta,PAITA,0006,941,536,405,530,3,3,5,LDVC,,,,,"Milakulo TUKUMULI PAÏTA, UN NOUVEAU SOUFFLE!",41,4.36,7.74,,Mairie,MAIRIE,0.98,Mairie de Païta,,ADMINISTRATION ET ORGANISME,Administrations des collectivités,Administration de la commune de Païta,166.361658608639,-22.1291986951984,etablissements_publics_nc,91,2101,Paita centre
municipales_2026,1,,,988,98821,Païta,PAITA,0006,941,536,405,530,3,3,6,LREG,,,,,Nikita Aurélie GAIA EP ALOSIO LISTE CITOYENNE FLNKS PAITA,119,12.65,22.45,,Mairie,MAIRIE,0.98,Mairie de Païta,,ADMINISTRATION ET ORGANISME,Administrations des collectivités,Administration de la commune de Païta,166.361658608639,-22.1291986951984,etablissements_publics_nc,91,2101,Paita centre
municipales_2026,1,,,988,98821,Païta,PAITA,0006,941,536,405,530,3,3,7,LDIV,,,,,Christopher BOURGINE PAITA.CITY,35,3.72,6.6,,Mairie,MAIRIE,0.98,Mairie de Païta,,ADMINISTRATION ET ORGANISME,Administrations des collectivités,Administration de la commune de Païta,166.361658608639,-22.1291986951984,etablissements_publics_nc,91,2101,Paita centre
municipales_2026,1,,,988,98821,Païta,PAITA,0007,887,520,367,504,10,6,1,LDIV,,,,,Sylvia ABEL UN COEUR POUR PAITA,50,5.64,9.92,,École Vi Vete,ECOLE VI VETE,0.669,Ecole maternelle Vi-Vete,,ENSEIGNEMENT ET FORMATION,Enseignement du premier degré,Ecole pré-élémentaire,166.356291724406,-22.134484419519,etablissements_publics_nc,91,2101,Paita centre
municipales_2026,1,,,988,98821,Païta,PAITA,0007,887,520,367,504,10,6,2,LDVD,,,,,Antoine ROMAIN Paita J'y crois,113,12.74,22.42,,École Vi Vete,ECOLE VI VETE,0.669,Ecole maternelle Vi-Vete,,ENSEIGNEMENT ET FORMATION,Enseignement du premier degré,Ecole pré-élémentaire,166.356291724406,-22.134484419519,etablissements_publics_nc,91,2101,Paita centre
municipales_2026,1,,,988,98821,Païta,PAITA,0007,887,520,367,504,10,6,3,LDIV,,,,,Patrick GREPPO ESPRIT PAITA,41,4.62,8.13,,École Vi Vete,ECOLE VI VETE,0.669,Ecole maternelle Vi-Vete,,ENSEIGNEMENT ET FORMATION,Enseignement du premier degré,Ecole pré-élémentaire,166.356291724406,-22.134484419519,etablissements_publics_nc,91,2101,Paita centre
municipales_2026,1,,,988,98821,Païta,PAITA,0007,887,520,367,504,10,6,4,LREG,,,,,"Eymard GAIA PAITA TON IDENTITE, NOTRE RICHESSE",12,1.35,2.38,,École Vi Vete,ECOLE VI VETE,0.669,Ecole maternelle Vi-Vete,,ENSEIGNEMENT ET FORMATION,Enseignement du premier degré,Ecole pré-élémentaire,166.356291724406,-22.134484419519,etablissements_publics_nc,91,2101,Paita centre
municipales_2026,1,,,988,98821,Païta,PAITA,0007,887,520,367,504,10,6,5,LDVC,,,,,"Milakulo TUKUMULI PAÏTA, UN NOUVEAU SOUFFLE!",195,21.98,38.69,,École Vi Vete,ECOLE VI VETE,0.669,Ecole maternelle Vi-Vete,,ENSEIGNEMENT ET FORMATION,Enseignement du premier degré,Ecole pré-élémentaire,166.356291724406,-22.134484419519,etablissements_publics_nc,91,2101,Paita centre
municipales_2026,1,,,988,98821,Païta,PAITA,0007,887,520,367,504,10,6,6,LREG,,,,,Nikita Aurélie GAIA EP ALOSIO LISTE CITOYENNE FLNKS PAITA,70,7.89,13.89,,École Vi Vete,ECOLE VI VETE,0.669,Ecole maternelle Vi-Vete,,ENSEIGNEMENT ET FORMATION,Enseignement du premier degré,Ecole pré-élémentaire,166.356291724406,-22.134484419519,etablissements_publics_nc,91,2101,Paita centre
municipales_2026,1,,,988,98821,Païta,PAITA,0007,887,520,367,504,10,6,7,LDIV,,,,,Christopher BOURGINE PAITA.CITY,23,2.59,4.56,,École Vi Vete,ECOLE VI VETE,0.669,Ecole maternelle Vi-Vete,,ENSEIGNEMENT ET FORMATION,Enseignement du premier degré,Ecole pré-élémentaire,166.356291724406,-22.134484419519,etablissements_publics_nc,91,2101,Paita centre
municipales_2026,1,,,988,98821,Païta,PAITA,0008,1077,596,481,577,15,4,1,LDIV,,,,,Sylvia ABEL UN COEUR POUR PAITA,51,4.74,8.84,,École James Paddon,ECOLE JAMES PADDON,0.8,Ecole James Paddon,,ENSEIGNEMENT ET FORMATION,Enseignement du premier degré,Ecole élémentaire,166.359353160601,-22.1337644237458,etablissements_publics_nc,91,2101,Paita centre
municipales_2026,1,,,988,98821,Païta,PAITA,0008,1077,596,481,577,15,4,2,LDVD,,,,,Antoine ROMAIN Paita J'y crois,216,20.06,37.44,,École James Paddon,ECOLE JAMES PADDON,0.8,Ecole James Paddon,,ENSEIGNEMENT ET FORMATION,Enseignement du premier degré,Ecole élémentaire,166.359353160601,-22.1337644237458,etablissements_publics_nc,91,2101,Paita centre
municipales_2026,1,,,988,98821,Païta,PAITA,0008,1077,596,481,577,15,4,3,LDIV,,,,,Patrick GREPPO ESPRIT PAITA,73,6.78,12.65,,École James Paddon,ECOLE JAMES PADDON,0.8,Ecole James Paddon,,ENSEIGNEMENT ET FORMATION,Enseignement du premier degré,Ecole élémentaire,166.359353160601,-22.1337644237458,etablissements_publics_nc,91,2101,Paita centre
municipales_2026,1,,,988,98821,Païta,PAITA,0008,1077,596,481,577,15,4,4,LREG,,,,,"Eymard GAIA PAITA TON IDENTITE, NOTRE RICHESSE",26,2.41,4.51,,École James Paddon,ECOLE JAMES PADDON,0.8,Ecole James Paddon,,ENSEIGNEMENT ET FORMATION,Enseignement du premier degré,Ecole élémentaire,166.359353160601,-22.1337644237458,etablissements_publics_nc,91,2101,Paita centre
municipales_2026,1,,,988,98821,Païta,PAITA,0008,1077,596,481,577,15,4,5,LDVC,,,,,"Milakulo TUKUMULI PAÏTA, UN NOUVEAU SOUFFLE!",101,9.38,17.5,,École James Paddon,ECOLE JAMES PADDON,0.8,Ecole James Paddon,,ENSEIGNEMENT ET FORMATION,Enseignement du premier degré,Ecole élémentaire,166.359353160601,-22.1337644237458,etablissements_publics_nc,91,2101,Paita centre
municipales_2026,1,,,988,98821,Païta,PAITA,0008,1077,596,481,577,15,4,6,LREG,,,,,Nikita Aurélie GAIA EP ALOSIO LISTE CITOYENNE FLNKS PAITA,60,5.57,10.4,,École James Paddon,ECOLE JAMES PADDON,0.8,Ecole James Paddon,,ENSEIGNEMENT ET FORMATION,Enseignement du premier degré,Ecole élémentaire,166.359353160601,-22.1337644237458,etablissements_publics_nc,91,2101,Paita centre
municipales_2026,1,,,988,98821,Païta,PAITA,0008,1077,596,481,577,15,4,7,LDIV,,,,,Christopher BOURGINE PAITA.CITY,50,4.64,8.67,,École James Paddon,ECOLE JAMES PADDON,0.8,Ecole James Paddon,,ENSEIGNEMENT ET FORMATION,Enseignement du premier degré,Ecole élémentaire,166.359353160601,-22.1337644237458,etablissements_publics_nc,91,2101,Paita centre
municipales_2026,1,,,988,98821,Païta,PAITA,0009,919,465,454,451,13,1,1,LDIV,,,,,Sylvia ABEL UN COEUR POUR PAITA,31,3.37,6.87,,École élémentaire Scheffleras 1,ECOLE ELEMENTAIRE SCHEFFLERAS,1,Ecole Scheffleras,,ENSEIGNEMENT ET FORMATION,Enseignement du premier degré,Ecole élémentaire,166.36989887391,-22.1257398247667,etablissements_publics_nc,92,2102,Scheffleras
municipales_2026,1,,,988,98821,Païta,PAITA,0009,919,465,454,451,13,1,2,LDVD,,,,,Antoine ROMAIN Paita J'y crois,67,7.29,14.86,,École élémentaire Scheffleras 1,ECOLE ELEMENTAIRE SCHEFFLERAS,1,Ecole Scheffleras,,ENSEIGNEMENT ET FORMATION,Enseignement du premier degré,Ecole élémentaire,166.36989887391,-22.1257398247667,etablissements_publics_nc,92,2102,Scheffleras
municipales_2026,1,,,988,98821,Païta,PAITA,0009,919,465,454,451,13,1,3,LDIV,,,,,Patrick GREPPO ESPRIT PAITA,19,2.07,4.21,,École élémentaire Scheffleras 1,ECOLE ELEMENTAIRE SCHEFFLERAS,1,Ecole Scheffleras,,ENSEIGNEMENT ET FORMATION,Enseignement du premier degré,Ecole élémentaire,166.36989887391,-22.1257398247667,etablissements_publics_nc,92,2102,Scheffleras
municipales_2026,1,,,988,98821,Païta,PAITA,0009,919,465,454,451,13,1,4,LREG,,,,,"Eymard GAIA PAITA TON IDENTITE, NOTRE RICHESSE",13,1.41,2.88,,École élémentaire Scheffleras 1,ECOLE ELEMENTAIRE SCHEFFLERAS,1,Ecole Scheffleras,,ENSEIGNEMENT ET FORMATION,Enseignement du premier degré,Ecole élémentaire,166.36989887391,-22.1257398247667,etablissements_publics_nc,92,2102,Scheffleras
municipales_2026,1,,,988,98821,Païta,PAITA,0009,919,465,454,451,13,1,5,LDVC,,,,,"Milakulo TUKUMULI PAÏTA, UN NOUVEAU SOUFFLE!",200,21.76,44.35,,École élémentaire Scheffleras 1,ECOLE ELEMENTAIRE SCHEFFLERAS,1,Ecole Scheffleras,,ENSEIGNEMENT ET FORMATION,Enseignement du premier degré,Ecole élémentaire,166.36989887391,-22.1257398247667,etablissements_publics_nc,92,2102,Scheffleras
municipales_2026,1,,,988,98821,Païta,PAITA,0009,919,465,454,451,13,1,6,LREG,,,,,Nikita Aurélie GAIA EP ALOSIO LISTE CITOYENNE FLNKS PAITA,104,11.32,23.06,,École élémentaire Scheffleras 1,ECOLE ELEMENTAIRE SCHEFFLERAS,1,Ecole Scheffleras,,ENSEIGNEMENT ET FORMATION,Enseignement du premier degré,Ecole élémentaire,166.36989887391,-22.1257398247667,etablissements_publics_nc,92,2102,Scheffleras
municipales_2026,1,,,988,98821,Païta,PAITA,0009,919,465,454,451,13,1,7,LDIV,,,,,Christopher BOURGINE PAITA.CITY,17,1.85,3.77,,École élémentaire Scheffleras 1,ECOLE ELEMENTAIRE SCHEFFLERAS,1,Ecole Scheffleras,,ENSEIGNEMENT ET FORMATION,Enseignement du premier degré,Ecole élémentaire,166.36989887391,-22.1257398247667,etablissements_publics_nc,92,2102,Scheffleras
municipales_2026,1,,,988,98821,Païta,PAITA,0010,1034,536,498,519,12,5,1,LDIV,,,,,Sylvia ABEL UN COEUR POUR PAITA,34,3.29,6.55,,École élémentaire Scheffleras 2,ECOLE ELEMENTAIRE SCHEFFLERAS,1,Ecole Scheffleras,,ENSEIGNEMENT ET FORMATION,Enseignement du premier degré,Ecole élémentaire,166.36989887391,-22.1257398247667,etablissements_publics_nc,92,2102,Scheffleras
municipales_2026,1,,,988,98821,Païta,PAITA,0010,1034,536,498,519,12,5,2,LDVD,,,,,Antoine ROMAIN Paita J'y crois,113,10.93,21.77,,École élémentaire Scheffleras 2,ECOLE ELEMENTAIRE SCHEFFLERAS,1,Ecole Scheffleras,,ENSEIGNEMENT ET FORMATION,Enseignement du premier degré,Ecole élémentaire,166.36989887391,-22.1257398247667,etablissements_publics_nc,92,2102,Scheffleras
municipales_2026,1,,,988,98821,Païta,PAITA,0010,1034,536,498,519,12,5,3,LDIV,,,,,Patrick GREPPO ESPRIT PAITA,34,3.29,6.55,,École élémentaire Scheffleras 2,ECOLE ELEMENTAIRE SCHEFFLERAS,1,Ecole Scheffleras,,ENSEIGNEMENT ET FORMATION,Enseignement du premier degré,Ecole élémentaire,166.36989887391,-22.1257398247667,etablissements_publics_nc,92,2102,Scheffleras
municipales_2026,1,,,988,98821,Païta,PAITA,0010,1034,536,498,519,12,5,4,LREG,,,,,"Eymard GAIA PAITA TON IDENTITE, NOTRE RICHESSE",28,2.71,5.39,,École élémentaire Scheffleras 2,ECOLE ELEMENTAIRE SCHEFFLERAS,1,Ecole Scheffleras,,ENSEIGNEMENT ET FORMATION,Enseignement du premier degré,Ecole élémentaire,166.36989887391,-22.1257398247667,etablissements_publics_nc,92,2102,Scheffleras
municipales_2026,1,,,988,98821,Païta,PAITA,0010,1034,536,498,519,12,5,5,LDVC,,,,,"Milakulo TUKUMULI PAÏTA, UN NOUVEAU SOUFFLE!",197,19.05,37.96,,École élémentaire Scheffleras 2,ECOLE ELEMENTAIRE SCHEFFLERAS,1,Ecole Scheffleras,,ENSEIGNEMENT ET FORMATION,Enseignement du premier degré,Ecole élémentaire,166.36989887391,-22.1257398247667,etablissements_publics_nc,92,2102,Scheffleras
municipales_2026,1,,,988,98821,Païta,PAITA,0010,1034,536,498,519,12,5,6,LREG,,,,,Nikita Aurélie GAIA EP ALOSIO LISTE CITOYENNE FLNKS PAITA,74,7.16,14.26,,École élémentaire Scheffleras 2,ECOLE ELEMENTAIRE SCHEFFLERAS,1,Ecole Scheffleras,,ENSEIGNEMENT ET FORMATION,Enseignement du premier degré,Ecole élémentaire,166.36989887391,-22.1257398247667,etablissements_publics_nc,92,2102,Scheffleras
municipales_2026,1,,,988,98821,Païta,PAITA,0010,1034,536,498,519,12,5,7,LDIV,,,,,Christopher BOURGINE PAITA.CITY,39,3.77,7.51,,École élémentaire Scheffleras 2,ECOLE ELEMENTAIRE SCHEFFLERAS,1,Ecole Scheffleras,,ENSEIGNEMENT ET FORMATION,Enseignement du premier degré,Ecole élémentaire,166.36989887391,-22.1257398247667,etablissements_publics_nc,92,2102,Scheffleras
municipales_2026,1,,,988,98821,Païta,PAITA,0011,913,522,391,506,12,4,1,LDIV,,,,,Sylvia ABEL UN COEUR POUR PAITA,62,6.79,12.25,,École maternelle Scheffleras 1,ECOLE MATERNELLE SCHEFFLERAS,0.787,Ecole Scheffleras,,ENSEIGNEMENT ET FORMATION,Enseignement du premier degré,Ecole élémentaire,166.36989887391,-22.1257398247667,etablissements_publics_nc,92,2102,Scheffleras
municipales_2026,1,,,988,98821,Païta,PAITA,0011,913,522,391,506,12,4,2,LDVD,,,,,Antoine ROMAIN Paita J'y crois,126,13.8,24.9,,École maternelle Scheffleras 1,ECOLE MATERNELLE SCHEFFLERAS,0.787,Ecole Scheffleras,,ENSEIGNEMENT ET FORMATION,Enseignement du premier degré,Ecole élémentaire,166.36989887391,-22.1257398247667,etablissements_publics_nc,92,2102,Scheffleras
municipales_2026,1,,,988,98821,Païta,PAITA,0011,913,522,391,506,12,4,3,LDIV,,,,,Patrick GREPPO ESPRIT PAITA,46,5.04,9.09,,École maternelle Scheffleras 1,ECOLE MATERNELLE SCHEFFLERAS,0.787,Ecole Scheffleras,,ENSEIGNEMENT ET FORMATION,Enseignement du premier degré,Ecole élémentaire,166.36989887391,-22.1257398247667,etablissements_publics_nc,92,2102,Scheffleras
municipales_2026,1,,,988,98821,Païta,PAITA,0011,913,522,391,506,12,4,4,LREG,,,,,"Eymard GAIA PAITA TON IDENTITE, NOTRE RICHESSE",12,1.31,2.37,,École maternelle Scheffleras 1,ECOLE MATERNELLE SCHEFFLERAS,0.787,Ecole Scheffleras,,ENSEIGNEMENT ET FORMATION,Enseignement du premier degré,Ecole élémentaire,166.36989887391,-22.1257398247667,etablissements_publics_nc,92,2102,Scheffleras
municipales_2026,1,,,988,98821,Païta,PAITA,0011,913,522,391,506,12,4,5,LDVC,,,,,"Milakulo TUKUMULI PAÏTA, UN NOUVEAU SOUFFLE!",164,17.96,32.41,,École maternelle Scheffleras 1,ECOLE MATERNELLE SCHEFFLERAS,0.787,Ecole Scheffleras,,ENSEIGNEMENT ET FORMATION,Enseignement du premier degré,Ecole élémentaire,166.36989887391,-22.1257398247667,etablissements_publics_nc,92,2102,Scheffleras
municipales_2026,1,,,988,98821,Païta,PAITA,0011,913,522,391,506,12,4,6,LREG,,,,,Nikita Aurélie GAIA EP ALOSIO LISTE CITOYENNE FLNKS PAITA,53,5.81,10.47,,École maternelle Scheffleras 1,ECOLE MATERNELLE SCHEFFLERAS,0.787,Ecole Scheffleras,,ENSEIGNEMENT ET FORMATION,Enseignement du premier degré,Ecole élémentaire,166.36989887391,-22.1257398247667,etablissements_publics_nc,92,2102,Scheffleras
municipales_2026,1,,,988,98821,Païta,PAITA,0011,913,522,391,506,12,4,7,LDIV,,,,,Christopher BOURGINE PAITA.CITY,43,4.71,8.5,,École maternelle Scheffleras 1,ECOLE MATERNELLE SCHEFFLERAS,0.787,Ecole Scheffleras,,ENSEIGNEMENT ET FORMATION,Enseignement du premier degré,Ecole élémentaire,166.36989887391,-22.1257398247667,etablissements_publics_nc,92,2102,Scheffleras
municipales_2026,1,,,988,98821,Païta,PAITA,0012,847,472,375,443,20,9,1,LDIV,,,,,Sylvia ABEL UN COEUR POUR PAITA,51,6.02,11.51,,École maternelle Scheffleras 2,ECOLE MATERNELLE SCHEFFLERAS,0.787,Ecole Scheffleras,,ENSEIGNEMENT ET FORMATION,Enseignement du premier degré,Ecole élémentaire,166.36989887391,-22.1257398247667,etablissements_publics_nc,92,2102,Scheffleras
municipales_2026,1,,,988,98821,Païta,PAITA,0012,847,472,375,443,20,9,2,LDVD,,,,,Antoine ROMAIN Paita J'y crois,132,15.58,29.8,,École maternelle Scheffleras 2,ECOLE MATERNELLE SCHEFFLERAS,0.787,Ecole Scheffleras,,ENSEIGNEMENT ET FORMATION,Enseignement du premier degré,Ecole élémentaire,166.36989887391,-22.1257398247667,etablissements_publics_nc,92,2102,Scheffleras
municipales_2026,1,,,988,98821,Païta,PAITA,0012,847,472,375,443,20,9,3,LDIV,,,,,Patrick GREPPO ESPRIT PAITA,79,9.33,17.83,,École maternelle Scheffleras 2,ECOLE MATERNELLE SCHEFFLERAS,0.787,Ecole Scheffleras,,ENSEIGNEMENT ET FORMATION,Enseignement du premier degré,Ecole élémentaire,166.36989887391,-22.1257398247667,etablissements_publics_nc,92,2102,Scheffleras
municipales_2026,1,,,988,98821,Païta,PAITA,0012,847,472,375,443,20,9,4,LREG,,,,,"Eymard GAIA PAITA TON IDENTITE, NOTRE RICHESSE",23,2.72,5.19,,École maternelle Scheffleras 2,ECOLE MATERNELLE SCHEFFLERAS,0.787,Ecole Scheffleras,,ENSEIGNEMENT ET FORMATION,Enseignement du premier degré,Ecole élémentaire,166.36989887391,-22.1257398247667,etablissements_publics_nc,92,2102,Scheffleras
municipales_2026,1,,,988,98821,Païta,PAITA,0012,847,472,375,443,20,9,5,LDVC,,,,,"Milakulo TUKUMULI PAÏTA, UN NOUVEAU SOUFFLE!",62,7.32,14,,École maternelle Scheffleras 2,ECOLE MATERNELLE SCHEFFLERAS,0.787,Ecole Scheffleras,,ENSEIGNEMENT ET FORMATION,Enseignement du premier degré,Ecole élémentaire,166.36989887391,-22.1257398247667,etablissements_publics_nc,92,2102,Scheffleras
municipales_2026,1,,,988,98821,Païta,PAITA,0012,847,472,375,443,20,9,6,LREG,,,,,Nikita Aurélie GAIA EP ALOSIO LISTE CITOYENNE FLNKS PAITA,34,4.01,7.67,,École maternelle Scheffleras 2,ECOLE MATERNELLE SCHEFFLERAS,0.787,Ecole Scheffleras,,ENSEIGNEMENT ET FORMATION,Enseignement du premier degré,Ecole élémentaire,166.36989887391,-22.1257398247667,etablissements_publics_nc,92,2102,Scheffleras
municipales_2026,1,,,988,98821,Païta,PAITA,0012,847,472,375,443,20,9,7,LDIV,,,,,Christopher BOURGINE PAITA.CITY,62,7.32,14,,École maternelle Scheffleras 2,ECOLE MATERNELLE SCHEFFLERAS,0.787,Ecole Scheffleras,,ENSEIGNEMENT ET FORMATION,Enseignement du premier degré,Ecole élémentaire,166.36989887391,-22.1257398247667,etablissements_publics_nc,92,2102,Scheffleras
municipales_2026,1,,,988,98821,Païta,PAITA,0013,793,394,399,377,13,4,1,LDIV,,,,,Sylvia ABEL UN COEUR POUR PAITA,21,2.65,5.57,,École primaire Jean Ounou COTTIN 1,ECOLE PRIMAIRE JEAN OUNOU COTTIN,0.8,Groupe scolaire Jean Ounou COTTIN,,ENSEIGNEMENT ET FORMATION,Enseignement du premier degré,Groupe scolaire,166.265966445473,-22.0605318544913,etablissements_publics_nc,96,2106,Tamoa Bangou Saint Laurent
municipales_2026,1,,,988,98821,Païta,PAITA,0013,793,394,399,377,13,4,2,LDVD,,,,,Antoine ROMAIN Paita J'y crois,104,13.11,27.59,,École primaire Jean Ounou COTTIN 1,ECOLE PRIMAIRE JEAN OUNOU COTTIN,0.8,Groupe scolaire Jean Ounou COTTIN,,ENSEIGNEMENT ET FORMATION,Enseignement du premier degré,Groupe scolaire,166.265966445473,-22.0605318544913,etablissements_publics_nc,96,2106,Tamoa Bangou Saint Laurent
municipales_2026,1,,,988,98821,Païta,PAITA,0013,793,394,399,377,13,4,3,LDIV,,,,,Patrick GREPPO ESPRIT PAITA,96,12.11,25.46,,École primaire Jean Ounou COTTIN 1,ECOLE PRIMAIRE JEAN OUNOU COTTIN,0.8,Groupe scolaire Jean Ounou COTTIN,,ENSEIGNEMENT ET FORMATION,Enseignement du premier degré,Groupe scolaire,166.265966445473,-22.0605318544913,etablissements_publics_nc,96,2106,Tamoa Bangou Saint Laurent
municipales_2026,1,,,988,98821,Païta,PAITA,0013,793,394,399,377,13,4,4,LREG,,,,,"Eymard GAIA PAITA TON IDENTITE, NOTRE RICHESSE",19,2.4,5.04,,École primaire Jean Ounou COTTIN 1,ECOLE PRIMAIRE JEAN OUNOU COTTIN,0.8,Groupe scolaire Jean Ounou COTTIN,,ENSEIGNEMENT ET FORMATION,Enseignement du premier degré,Groupe scolaire,166.265966445473,-22.0605318544913,etablissements_publics_nc,96,2106,Tamoa Bangou Saint Laurent
municipales_2026,1,,,988,98821,Païta,PAITA,0013,793,394,399,377,13,4,5,LDVC,,,,,"Milakulo TUKUMULI PAÏTA, UN NOUVEAU SOUFFLE!",79,9.96,20.95,,École primaire Jean Ounou COTTIN 1,ECOLE PRIMAIRE JEAN OUNOU COTTIN,0.8,Groupe scolaire Jean Ounou COTTIN,,ENSEIGNEMENT ET FORMATION,Enseignement du premier degré,Groupe scolaire,166.265966445473,-22.0605318544913,etablissements_publics_nc,96,2106,Tamoa Bangou Saint Laurent
municipales_2026,1,,,988,98821,Païta,PAITA,0013,793,394,399,377,13,4,6,LREG,,,,,Nikita Aurélie GAIA EP ALOSIO LISTE CITOYENNE FLNKS PAITA,42,5.3,11.14,,École primaire Jean Ounou COTTIN 1,ECOLE PRIMAIRE JEAN OUNOU COTTIN,0.8,Groupe scolaire Jean Ounou COTTIN,,ENSEIGNEMENT ET FORMATION,Enseignement du premier degré,Groupe scolaire,166.265966445473,-22.0605318544913,etablissements_publics_nc,96,2106,Tamoa Bangou Saint Laurent
municipales_2026,1,,,988,98821,Païta,PAITA,0013,793,394,399,377,13,4,7,LDIV,,,,,Christopher BOURGINE PAITA.CITY,16,2.02,4.24,,École primaire Jean Ounou COTTIN 1,ECOLE PRIMAIRE JEAN OUNOU COTTIN,0.8,Groupe scolaire Jean Ounou COTTIN,,ENSEIGNEMENT ET FORMATION,Enseignement du premier degré,Groupe scolaire,166.265966445473,-22.0605318544913,etablissements_publics_nc,96,2106,Tamoa Bangou Saint Laurent
municipales_2026,1,,,988,98821,Païta,PAITA,0014,593,347,246,342,4,1,1,LDIV,,,,,Sylvia ABEL UN COEUR POUR PAITA,19,3.2,5.56,,École primaire Jean Ounou COTTIN 2,ECOLE PRIMAIRE JEAN OUNOU COTTIN,0.8,Groupe scolaire Jean Ounou COTTIN,,ENSEIGNEMENT ET FORMATION,Enseignement du premier degré,Groupe scolaire,166.265966445473,-22.0605318544913,etablissements_publics_nc,96,2106,Tamoa Bangou Saint Laurent
municipales_2026,1,,,988,98821,Païta,PAITA,0014,593,347,246,342,4,1,2,LDVD,,,,,Antoine ROMAIN Paita J'y crois,9,1.52,2.63,,École primaire Jean Ounou COTTIN 2,ECOLE PRIMAIRE JEAN OUNOU COTTIN,0.8,Groupe scolaire Jean Ounou COTTIN,,ENSEIGNEMENT ET FORMATION,Enseignement du premier degré,Groupe scolaire,166.265966445473,-22.0605318544913,etablissements_publics_nc,96,2106,Tamoa Bangou Saint Laurent
municipales_2026,1,,,988,98821,Païta,PAITA,0014,593,347,246,342,4,1,3,LDIV,,,,,Patrick GREPPO ESPRIT PAITA,44,7.42,12.87,,École primaire Jean Ounou COTTIN 2,ECOLE PRIMAIRE JEAN OUNOU COTTIN,0.8,Groupe scolaire Jean Ounou COTTIN,,ENSEIGNEMENT ET FORMATION,Enseignement du premier degré,Groupe scolaire,166.265966445473,-22.0605318544913,etablissements_publics_nc,96,2106,Tamoa Bangou Saint Laurent
municipales_2026,1,,,988,98821,Païta,PAITA,0014,593,347,246,342,4,1,4,LREG,,,,,"Eymard GAIA PAITA TON IDENTITE, NOTRE RICHESSE",34,5.73,9.94,,École primaire Jean Ounou COTTIN 2,ECOLE PRIMAIRE JEAN OUNOU COTTIN,0.8,Groupe scolaire Jean Ounou COTTIN,,ENSEIGNEMENT ET FORMATION,Enseignement du premier degré,Groupe scolaire,166.265966445473,-22.0605318544913,etablissements_publics_nc,96,2106,Tamoa Bangou Saint Laurent
municipales_2026,1,,,988,98821,Païta,PAITA,0014,593,347,246,342,4,1,5,LDVC,,,,,"Milakulo TUKUMULI PAÏTA, UN NOUVEAU SOUFFLE!",125,21.08,36.55,,École primaire Jean Ounou COTTIN 2,ECOLE PRIMAIRE JEAN OUNOU COTTIN,0.8,Groupe scolaire Jean Ounou COTTIN,,ENSEIGNEMENT ET FORMATION,Enseignement du premier degré,Groupe scolaire,166.265966445473,-22.0605318544913,etablissements_publics_nc,96,2106,Tamoa Bangou Saint Laurent
municipales_2026,1,,,988,98821,Païta,PAITA,0014,593,347,246,342,4,1,6,LREG,,,,,Nikita Aurélie GAIA EP ALOSIO LISTE CITOYENNE FLNKS PAITA,109,18.38,31.87,,École primaire Jean Ounou COTTIN 2,ECOLE PRIMAIRE JEAN OUNOU COTTIN,0.8,Groupe scolaire Jean Ounou COTTIN,,ENSEIGNEMENT ET FORMATION,Enseignement du premier degré,Groupe scolaire,166.265966445473,-22.0605318544913,etablissements_publics_nc,96,2106,Tamoa Bangou Saint Laurent
municipales_2026,1,,,988,98821,Païta,PAITA,0014,593,347,246,342,4,1,7,LDIV,,,,,Christopher BOURGINE PAITA.CITY,2,0.34,0.58,,École primaire Jean Ounou COTTIN 2,ECOLE PRIMAIRE JEAN OUNOU COTTIN,0.8,Groupe scolaire Jean Ounou COTTIN,,ENSEIGNEMENT ET FORMATION,Enseignement du premier degré,Groupe scolaire,166.265966445473,-22.0605318544913,etablissements_publics_nc,96,2106,Tamoa Bangou Saint Laurent
municipales_2026,1,,,988,98821,Païta,PAITA,0015,774,403,371,387,14,2,1,LDIV,,,,,Sylvia ABEL UN COEUR POUR PAITA,31,4.01,8.01,,Mairie annexe de Tontouta,MAIRIE ANNEXE TONTOUTA,0.83,Mairie annexe de Païta,,ADMINISTRATION ET ORGANISME,Administrations des collectivités,Administration de la commune de Païta,166.22014428712,-22.0130384994051,etablissements_publics_nc,97,2107,Tontouta Tiaré
municipales_2026,1,,,988,98821,Païta,PAITA,0015,774,403,371,387,14,2,2,LDVD,,,,,Antoine ROMAIN Paita J'y crois,114,14.73,29.46,,Mairie annexe de Tontouta,MAIRIE ANNEXE TONTOUTA,0.83,Mairie annexe de Païta,,ADMINISTRATION ET ORGANISME,Administrations des collectivités,Administration de la commune de Païta,166.22014428712,-22.0130384994051,etablissements_publics_nc,97,2107,Tontouta Tiaré
municipales_2026,1,,,988,98821,Païta,PAITA,0015,774,403,371,387,14,2,3,LDIV,,,,,Patrick GREPPO ESPRIT PAITA,115,14.86,29.72,,Mairie annexe de Tontouta,MAIRIE ANNEXE TONTOUTA,0.83,Mairie annexe de Païta,,ADMINISTRATION ET ORGANISME,Administrations des collectivités,Administration de la commune de Païta,166.22014428712,-22.0130384994051,etablissements_publics_nc,97,2107,Tontouta Tiaré
municipales_2026,1,,,988,98821,Païta,PAITA,0015,774,403,371,387,14,2,4,LREG,,,,,"Eymard GAIA PAITA TON IDENTITE, NOTRE RICHESSE",10,1.29,2.58,,Mairie annexe de Tontouta,MAIRIE ANNEXE TONTOUTA,0.83,Mairie annexe de Païta,,ADMINISTRATION ET ORGANISME,Administrations des collectivités,Administration de la commune de Païta,166.22014428712,-22.0130384994051,etablissements_publics_nc,97,2107,Tontouta Tiaré
municipales_2026,1,,,988,98821,Païta,PAITA,0015,774,403,371,387,14,2,5,LDVC,,,,,"Milakulo TUKUMULI PAÏTA, UN NOUVEAU SOUFFLE!",79,10.21,20.41,,Mairie annexe de Tontouta,MAIRIE ANNEXE TONTOUTA,0.83,Mairie annexe de Païta,,ADMINISTRATION ET ORGANISME,Administrations des collectivités,Administration de la commune de Païta,166.22014428712,-22.0130384994051,etablissements_publics_nc,97,2107,Tontouta Tiaré
municipales_2026,1,,,988,98821,Païta,PAITA,0015,774,403,371,387,14,2,6,LREG,,,,,Nikita Aurélie GAIA EP ALOSIO LISTE CITOYENNE FLNKS PAITA,24,3.1,6.2,,Mairie annexe de Tontouta,MAIRIE ANNEXE TONTOUTA,0.83,Mairie annexe de Païta,,ADMINISTRATION ET ORGANISME,Administrations des collectivités,Administration de la commune de Païta,166.22014428712,-22.0130384994051,etablissements_publics_nc,97,2107,Tontouta Tiaré
municipales_2026,1,,,988,98821,Païta,PAITA,0015,774,403,371,387,14,2,7,LDIV,,,,,Christopher BOURGINE PAITA.CITY,14,1.81,3.62,,Mairie annexe de Tontouta,MAIRIE ANNEXE TONTOUTA,0.83,Mairie annexe de Païta,,ADMINISTRATION ET ORGANISME,Administrations des collectivités,Administration de la commune de Païta,166.22014428712,-22.0130384994051,etablissements_publics_nc,97,2107,Tontouta Tiaré
municipales_2026,1,,,988,98821,Païta,PAITA,0016,857,493,364,487,6,0,1,LDIV,,,,,Sylvia ABEL UN COEUR POUR PAITA,29,3.38,5.95,,École Robert Abel- 1,ECOLE ROBERT ABEL,0.8,Ecole Robert ABEL,,ENSEIGNEMENT ET FORMATION,Enseignement du premier degré,Ecole primaire,166.379189029935,-22.1384982889128,etablissements_publics_nc,93,2103,Nogouta-Les 3 Vallées
municipales_2026,1,,,988,98821,Païta,PAITA,0016,857,493,364,487,6,0,2,LDVD,,,,,Antoine ROMAIN Paita J'y crois,337,39.32,69.2,,École Robert Abel- 1,ECOLE ROBERT ABEL,0.8,Ecole Robert ABEL,,ENSEIGNEMENT ET FORMATION,Enseignement du premier degré,Ecole primaire,166.379189029935,-22.1384982889128,etablissements_publics_nc,93,2103,Nogouta-Les 3 Vallées
municipales_2026,1,,,988,98821,Païta,PAITA,0016,857,493,364,487,6,0,3,LDIV,,,,,Patrick GREPPO ESPRIT PAITA,37,4.32,7.6,,École Robert Abel- 1,ECOLE ROBERT ABEL,0.8,Ecole Robert ABEL,,ENSEIGNEMENT ET FORMATION,Enseignement du premier degré,Ecole primaire,166.379189029935,-22.1384982889128,etablissements_publics_nc,93,2103,Nogouta-Les 3 Vallées
municipales_2026,1,,,988,98821,Païta,PAITA,0016,857,493,364,487,6,0,4,LREG,,,,,"Eymard GAIA PAITA TON IDENTITE, NOTRE RICHESSE",3,0.35,0.62,,École Robert Abel- 1,ECOLE ROBERT ABEL,0.8,Ecole Robert ABEL,,ENSEIGNEMENT ET FORMATION,Enseignement du premier degré,Ecole primaire,166.379189029935,-22.1384982889128,etablissements_publics_nc,93,2103,Nogouta-Les 3 Vallées
municipales_2026,1,,,988,98821,Païta,PAITA,0016,857,493,364,487,6,0,5,LDVC,,,,,"Milakulo TUKUMULI PAÏTA, UN NOUVEAU SOUFFLE!",34,3.97,6.98,,École Robert Abel- 1,ECOLE ROBERT ABEL,0.8,Ecole Robert ABEL,,ENSEIGNEMENT ET FORMATION,Enseignement du premier degré,Ecole primaire,166.379189029935,-22.1384982889128,etablissements_publics_nc,93,2103,Nogouta-Les 3 Vallées
municipales_2026,1,,,988,98821,Païta,PAITA,0016,857,493,364,487,6,0,6,LREG,,,,,Nikita Aurélie GAIA EP ALOSIO LISTE CITOYENNE FLNKS PAITA,7,0.82,1.44,,École Robert Abel- 1,ECOLE ROBERT ABEL,0.8,Ecole Robert ABEL,,ENSEIGNEMENT ET FORMATION,Enseignement du premier degré,Ecole primaire,166.379189029935,-22.1384982889128,etablissements_publics_nc,93,2103,Nogouta-Les 3 Vallées
municipales_2026,1,,,988,98821,Païta,PAITA,0016,857,493,364,487,6,0,7,LDIV,,,,,Christopher BOURGINE PAITA.CITY,40,4.67,8.21,,École Robert Abel- 1,ECOLE ROBERT ABEL,0.8,Ecole Robert ABEL,,ENSEIGNEMENT ET FORMATION,Enseignement du premier degré,Ecole primaire,166.379189029935,-22.1384982889128,etablissements_publics_nc,93,2103,Nogouta-Les 3 Vallées
municipales_2026,1,,,988,98821,Païta,PAITA,0017,1200,689,511,671,15,3,1,LDIV,,,,,Sylvia ABEL UN COEUR POUR PAITA,63,5.25,9.39,,École Robert Abel- 2,ECOLE ROBERT ABEL,0.8,Ecole Robert ABEL,,ENSEIGNEMENT ET FORMATION,Enseignement du premier degré,Ecole primaire,166.379189029935,-22.1384982889128,etablissements_publics_nc,93,2103,Nogouta-Les 3 Vallées
municipales_2026,1,,,988,98821,Païta,PAITA,0017,1200,689,511,671,15,3,2,LDVD,,,,,Antoine ROMAIN Paita J'y crois,222,18.5,33.08,,École Robert Abel- 2,ECOLE ROBERT ABEL,0.8,Ecole Robert ABEL,,ENSEIGNEMENT ET FORMATION,Enseignement du premier degré,Ecole primaire,166.379189029935,-22.1384982889128,etablissements_publics_nc,93,2103,Nogouta-Les 3 Vallées
municipales_2026,1,,,988,98821,Païta,PAITA,0017,1200,689,511,671,15,3,3,LDIV,,,,,Patrick GREPPO ESPRIT PAITA,40,3.33,5.96,,École Robert Abel- 2,ECOLE ROBERT ABEL,0.8,Ecole Robert ABEL,,ENSEIGNEMENT ET FORMATION,Enseignement du premier degré,Ecole primaire,166.379189029935,-22.1384982889128,etablissements_publics_nc,93,2103,Nogouta-Les 3 Vallées
municipales_2026,1,,,988,98821,Païta,PAITA,0017,1200,689,511,671,15,3,4,LREG,,,,,"Eymard GAIA PAITA TON IDENTITE, NOTRE RICHESSE",16,1.33,2.38,,École Robert Abel- 2,ECOLE ROBERT ABEL,0.8,Ecole Robert ABEL,,ENSEIGNEMENT ET FORMATION,Enseignement du premier degré,Ecole primaire,166.379189029935,-22.1384982889128,etablissements_publics_nc,93,2103,Nogouta-Les 3 Vallées
municipales_2026,1,,,988,98821,Païta,PAITA,0017,1200,689,511,671,15,3,5,LDVC,,,,,"Milakulo TUKUMULI PAÏTA, UN NOUVEAU SOUFFLE!",193,16.08,28.76,,École Robert Abel- 2,ECOLE ROBERT ABEL,0.8,Ecole Robert ABEL,,ENSEIGNEMENT ET FORMATION,Enseignement du premier degré,Ecole primaire,166.379189029935,-22.1384982889128,etablissements_publics_nc,93,2103,Nogouta-Les 3 Vallées
municipales_2026,1,,,988,98821,Païta,PAITA,0017,1200,689,511,671,15,3,6,LREG,,,,,Nikita Aurélie GAIA EP ALOSIO LISTE CITOYENNE FLNKS PAITA,91,7.58,13.56,,École Robert Abel- 2,ECOLE ROBERT ABEL,0.8,Ecole Robert ABEL,,ENSEIGNEMENT ET FORMATION,Enseignement du premier degré,Ecole primaire,166.379189029935,-22.1384982889128,etablissements_publics_nc,93,2103,Nogouta-Les 3 Vallées
municipales_2026,1,,,988,98821,Païta,PAITA,0017,1200,689,511,671,15,3,7,LDIV,,,,,Christopher BOURGINE PAITA.CITY,46,3.83,6.86,,École Robert Abel- 2,ECOLE ROBERT ABEL,0.8,Ecole Robert ABEL,,ENSEIGNEMENT ET FORMATION,Enseignement du premier degré,Ecole primaire,166.379189029935,-22.1384982889128,etablissements_publics_nc,93,2103,Nogouta-Les 3 Vallées
municipales_2026,1,,,988,98821,Païta,PAITA,0018,1205,735,470,702,28,5,1,LDIV,,,,,Sylvia ABEL UN COEUR POUR PAITA,66,5.48,9.4,,Ecole James Paddon 2,ECOLE JAMES PADDON,0.8,Ecole James Paddon,,ENSEIGNEMENT ET FORMATION,Enseignement du premier degré,Ecole élémentaire,166.359353160601,-22.1337644237458,etablissements_publics_nc,91,2101,Paita centre
municipales_2026,1,,,988,98821,Païta,PAITA,0018,1205,735,470,702,28,5,2,LDVD,,,,,Antoine ROMAIN Paita J'y crois,163,13.53,23.22,,Ecole James Paddon 2,ECOLE JAMES PADDON,0.8,Ecole James Paddon,,ENSEIGNEMENT ET FORMATION,Enseignement du premier degré,Ecole élémentaire,166.359353160601,-22.1337644237458,etablissements_publics_nc,91,2101,Paita centre
municipales_2026,1,,,988,98821,Païta,PAITA,0018,1205,735,470,702,28,5,3,LDIV,,,,,Patrick GREPPO ESPRIT PAITA,49,4.07,6.98,,Ecole James Paddon 2,ECOLE JAMES PADDON,0.8,Ecole James Paddon,,ENSEIGNEMENT ET FORMATION,Enseignement du premier degré,Ecole élémentaire,166.359353160601,-22.1337644237458,etablissements_publics_nc,91,2101,Paita centre
municipales_2026,1,,,988,98821,Païta,PAITA,0018,1205,735,470,702,28,5,4,LREG,,,,,"Eymard GAIA PAITA TON IDENTITE, NOTRE RICHESSE",47,3.9,6.7,,Ecole James Paddon 2,ECOLE JAMES PADDON,0.8,Ecole James Paddon,,ENSEIGNEMENT ET FORMATION,Enseignement du premier degré,Ecole élémentaire,166.359353160601,-22.1337644237458,etablissements_publics_nc,91,2101,Paita centre
municipales_2026,1,,,988,98821,Païta,PAITA,0018,1205,735,470,702,28,5,5,LDVC,,,,,"Milakulo TUKUMULI PAÏTA, UN NOUVEAU SOUFFLE!",224,18.59,31.91,,Ecole James Paddon 2,ECOLE JAMES PADDON,0.8,Ecole James Paddon,,ENSEIGNEMENT ET FORMATION,Enseignement du premier degré,Ecole élémentaire,166.359353160601,-22.1337644237458,etablissements_publics_nc,91,2101,Paita centre
municipales_2026,1,,,988,98821,Païta,PAITA,0018,1205,735,470,702,28,5,6,LREG,,,,,Nikita Aurélie GAIA EP ALOSIO LISTE CITOYENNE FLNKS PAITA,110,9.13,15.67,,Ecole James Paddon 2,ECOLE JAMES PADDON,0.8,Ecole James Paddon,,ENSEIGNEMENT ET FORMATION,Enseignement du premier degré,Ecole élémentaire,166.359353160601,-22.1337644237458,etablissements_publics_nc,91,2101,Paita centre
municipales_2026,1,,,988,98821,Païta,PAITA,0018,1205,735,470,702,28,5,7,LDIV,,,,,Christopher BOURGINE PAITA.CITY,43,3.57,6.13,,Ecole James Paddon 2,ECOLE JAMES PADDON,0.8,Ecole James Paddon,,ENSEIGNEMENT ET FORMATION,Enseignement du premier degré,Ecole élémentaire,166.359353160601,-22.1337644237458,etablissements_publics_nc,91,2101,Paita centre
municipales_2026,1,,,988,98821,Païta,PAITA,0019,641,316,325,307,5,4,1,LDIV,,,,,Sylvia ABEL UN COEUR POUR PAITA,21,3.28,6.84,,Ecole Jean Ounou Cottin 3,ECOLE JEAN OUNOU COTTIN,0.821,Groupe scolaire Jean Ounou COTTIN,,ENSEIGNEMENT ET FORMATION,Enseignement du premier degré,Groupe scolaire,166.265966445473,-22.0605318544913,etablissements_publics_nc,96,2106,Tamoa Bangou Saint Laurent
municipales_2026,1,,,988,98821,Païta,PAITA,0019,641,316,325,307,5,4,2,LDVD,,,,,Antoine ROMAIN Paita J'y crois,145,22.62,47.23,,Ecole Jean Ounou Cottin 3,ECOLE JEAN OUNOU COTTIN,0.821,Groupe scolaire Jean Ounou COTTIN,,ENSEIGNEMENT ET FORMATION,Enseignement du premier degré,Groupe scolaire,166.265966445473,-22.0605318544913,etablissements_publics_nc,96,2106,Tamoa Bangou Saint Laurent
municipales_2026,1,,,988,98821,Païta,PAITA,0019,641,316,325,307,5,4,3,LDIV,,,,,Patrick GREPPO ESPRIT PAITA,57,8.89,18.57,,Ecole Jean Ounou Cottin 3,ECOLE JEAN OUNOU COTTIN,0.821,Groupe scolaire Jean Ounou COTTIN,,ENSEIGNEMENT ET FORMATION,Enseignement du premier degré,Groupe scolaire,166.265966445473,-22.0605318544913,etablissements_publics_nc,96,2106,Tamoa Bangou Saint Laurent
municipales_2026,1,,,988,98821,Païta,PAITA,0019,641,316,325,307,5,4,4,LREG,,,,,"Eymard GAIA PAITA TON IDENTITE, NOTRE RICHESSE",10,1.56,3.26,,Ecole Jean Ounou Cottin 3,ECOLE JEAN OUNOU COTTIN,0.821,Groupe scolaire Jean Ounou COTTIN,,ENSEIGNEMENT ET FORMATION,Enseignement du premier degré,Groupe scolaire,166.265966445473,-22.0605318544913,etablissements_publics_nc,96,2106,Tamoa Bangou Saint Laurent
municipales_2026,1,,,988,98821,Païta,PAITA,0019,641,316,325,307,5,4,5,LDVC,,,,,"Milakulo TUKUMULI PAÏTA, UN NOUVEAU SOUFFLE!",34,5.3,11.07,,Ecole Jean Ounou Cottin 3,ECOLE JEAN OUNOU COTTIN,0.821,Groupe scolaire Jean Ounou COTTIN,,ENSEIGNEMENT ET FORMATION,Enseignement du premier degré,Groupe scolaire,166.265966445473,-22.0605318544913,etablissements_publics_nc,96,2106,Tamoa Bangou Saint Laurent
municipales_2026,1,,,988,98821,Païta,PAITA,0019,641,316,325,307,5,4,6,LREG,,,,,Nikita Aurélie GAIA EP ALOSIO LISTE CITOYENNE FLNKS PAITA,20,3.12,6.51,,Ecole Jean Ounou Cottin 3,ECOLE JEAN OUNOU COTTIN,0.821,Groupe scolaire Jean Ounou COTTIN,,ENSEIGNEMENT ET FORMATION,Enseignement du premier degré,Groupe scolaire,166.265966445473,-22.0605318544913,etablissements_publics_nc,96,2106,Tamoa Bangou Saint Laurent
municipales_2026,1,,,988,98821,Païta,PAITA,0019,641,316,325,307,5,4,7,LDIV,,,,,Christopher BOURGINE PAITA.CITY,20,3.12,6.51,,Ecole Jean Ounou Cottin 3,ECOLE JEAN OUNOU COTTIN,0.821,Groupe scolaire Jean Ounou COTTIN,,ENSEIGNEMENT ET FORMATION,Enseignement du premier degré,Groupe scolaire,166.265966445473,-22.0605318544913,etablissements_publics_nc,96,2106,Tamoa Bangou Saint Laurent
municipales_2026,1,,,988,98822,Poindimié,POINDIMIE,0001,1301,775,526,754,9,12,1,LREG,,,,,Paul Tyaou NEAOUTYINE UNI,151,11.61,20.03,,Mairie,MAIRIE,0.7,POINDIMIE,Poindimié,LIEU_DIT_NC,VILLE,Pwêêdi Wiimiâ,165.33315827223544,-20.938215187057807,tribus_villages_nc,102,2201,Poindimié village
municipales_2026,1,,,988,98822,Poindimié,POINDIMIE,0001,1301,775,526,754,9,12,2,LDIV,,,,,Patrick - Jean-Luc WATANABE UN NOUVEL ELAN POUR POINDIMIE,388,29.82,51.46,,Mairie,MAIRIE,0.7,POINDIMIE,Poindimié,LIEU_DIT_NC,VILLE,Pwêêdi Wiimiâ,165.33315827223544,-20.938215187057807,tribus_villages_nc,102,2201,Poindimié village
municipales_2026,1,,,988,98822,Poindimié,POINDIMIE,0001,1301,775,526,754,9,12,3,LREG,,,,,Cyrille OUMATTU UNITE CITOYENNE ET NATIONALISTE,141,10.84,18.7,,Mairie,MAIRIE,0.7,POINDIMIE,Poindimié,LIEU_DIT_NC,VILLE,Pwêêdi Wiimiâ,165.33315827223544,-20.938215187057807,tribus_villages_nc,102,2201,Poindimié village
municipales_2026,1,,,988,98822,Poindimié,POINDIMIE,0001,1301,775,526,754,9,12,4,LREG,,,,,Christian GROCHAIN PWEEDI WIIMIA RENOUVEAU,74,5.69,9.81,,Mairie,MAIRIE,0.7,POINDIMIE,Poindimié,LIEU_DIT_NC,VILLE,Pwêêdi Wiimiâ,165.33315827223544,-20.938215187057807,tribus_villages_nc,102,2201,Poindimié village
municipales_2026,1,,,988,98822,Poindimié,POINDIMIE,0002,520,344,176,338,1,5,1,LREG,,,,,Paul Tyaou NEAOUTYINE UNI,47,9.04,13.91,,Ouindo,OUINDO,1,Ouindo,Poindimié,LIEU_DIT_NC,TRIBU,Wiidö,165.39928663560227,-20.98624503490911,tribus_villages_nc,104,2204,Tibarama - Bayes - Ouindo - Ometteux - Napoém
municipales_2026,1,,,988,98822,Poindimié,POINDIMIE,0002,520,344,176,338,1,5,2,LDIV,,,,,Patrick - Jean-Luc WATANABE UN NOUVEL ELAN POUR POINDIMIE,49,9.42,14.5,,Ouindo,OUINDO,1,Ouindo,Poindimié,LIEU_DIT_NC,TRIBU,Wiidö,165.39928663560227,-20.98624503490911,tribus_villages_nc,104,2204,Tibarama - Bayes - Ouindo - Ometteux - Napoém
municipales_2026,1,,,988,98822,Poindimié,POINDIMIE,0002,520,344,176,338,1,5,3,LREG,,,,,Cyrille OUMATTU UNITE CITOYENNE ET NATIONALISTE,217,41.73,64.2,,Ouindo,OUINDO,1,Ouindo,Poindimié,LIEU_DIT_NC,TRIBU,Wiidö,165.39928663560227,-20.98624503490911,tribus_villages_nc,104,2204,Tibarama - Bayes - Ouindo - Ometteux - Napoém
municipales_2026,1,,,988,98822,Poindimié,POINDIMIE,0002,520,344,176,338,1,5,4,LREG,,,,,Christian GROCHAIN PWEEDI WIIMIA RENOUVEAU,25,4.81,7.4,,Ouindo,OUINDO,1,Ouindo,Poindimié,LIEU_DIT_NC,TRIBU,Wiidö,165.39928663560227,-20.98624503490911,tribus_villages_nc,104,2204,Tibarama - Bayes - Ouindo - Ometteux - Napoém
municipales_2026,1,,,988,98822,Poindimié,POINDIMIE,0003,588,388,200,386,1,1,1,LREG,,,,,Paul Tyaou NEAOUTYINE UNI,94,15.99,24.35,,Bayes,BAYES,1,Bayes,Poindimié,LIEU_DIT_NC,TRIBU,Nägèè,165.41027144991733,-20.95108534474138,tribus_villages_nc,104,2204,Tibarama - Bayes - Ouindo - Ometteux - Napoém
municipales_2026,1,,,988,98822,Poindimié,POINDIMIE,0003,588,388,200,386,1,1,2,LDIV,,,,,Patrick - Jean-Luc WATANABE UN NOUVEL ELAN POUR POINDIMIE,60,10.2,15.54,,Bayes,BAYES,1,Bayes,Poindimié,LIEU_DIT_NC,TRIBU,Nägèè,165.41027144991733,-20.95108534474138,tribus_villages_nc,104,2204,Tibarama - Bayes - Ouindo - Ometteux - Napoém
municipales_2026,1,,,988,98822,Poindimié,POINDIMIE,0003,588,388,200,386,1,1,3,LREG,,,,,Cyrille OUMATTU UNITE CITOYENNE ET NATIONALISTE,216,36.73,55.96,,Bayes,BAYES,1,Bayes,Poindimié,LIEU_DIT_NC,TRIBU,Nägèè,165.41027144991733,-20.95108534474138,tribus_villages_nc,104,2204,Tibarama - Bayes - Ouindo - Ometteux - Napoém
municipales_2026,1,,,988,98822,Poindimié,POINDIMIE,0003,588,388,200,386,1,1,4,LREG,,,,,Christian GROCHAIN PWEEDI WIIMIA RENOUVEAU,16,2.72,4.15,,Bayes,BAYES,1,Bayes,Poindimié,LIEU_DIT_NC,TRIBU,Nägèè,165.41027144991733,-20.95108534474138,tribus_villages_nc,104,2204,Tibarama - Bayes - Ouindo - Ometteux - Napoém
municipales_2026,1,,,988,98822,Poindimié,POINDIMIE,0004,509,370,139,370,0,0,1,LREG,,,,,Paul Tyaou NEAOUTYINE UNI,234,45.97,63.24,,Amoa,AMOA,0.667,Paama,Poindimié,LIEU_DIT_NC,TRIBU,Na ara pô,165.39810099674145,-20.94109090560688,tribus_villages_nc,104,2204,Tibarama - Bayes - Ouindo - Ometteux - Napoém
municipales_2026,1,,,988,98822,Poindimié,POINDIMIE,0004,509,370,139,370,0,0,2,LDIV,,,,,Patrick - Jean-Luc WATANABE UN NOUVEL ELAN POUR POINDIMIE,86,16.9,23.24,,Amoa,AMOA,0.667,Paama,Poindimié,LIEU_DIT_NC,TRIBU,Na ara pô,165.39810099674145,-20.94109090560688,tribus_villages_nc,104,2204,Tibarama - Bayes - Ouindo - Ometteux - Napoém
municipales_2026,1,,,988,98822,Poindimié,POINDIMIE,0004,509,370,139,370,0,0,3,LREG,,,,,Cyrille OUMATTU UNITE CITOYENNE ET NATIONALISTE,18,3.54,4.86,,Amoa,AMOA,0.667,Paama,Poindimié,LIEU_DIT_NC,TRIBU,Na ara pô,165.39810099674145,-20.94109090560688,tribus_villages_nc,104,2204,Tibarama - Bayes - Ouindo - Ometteux - Napoém
municipales_2026,1,,,988,98822,Poindimié,POINDIMIE,0004,509,370,139,370,0,0,4,LREG,,,,,Christian GROCHAIN PWEEDI WIIMIA RENOUVEAU,32,6.29,8.65,,Amoa,AMOA,0.667,Paama,Poindimié,LIEU_DIT_NC,TRIBU,Na ara pô,165.39810099674145,-20.94109090560688,tribus_villages_nc,104,2204,Tibarama - Bayes - Ouindo - Ometteux - Napoém
municipales_2026,1,,,988,98822,Poindimié,POINDIMIE,0005,563,384,179,381,1,2,1,LREG,,,,,Paul Tyaou NEAOUTYINE UNI,113,20.07,29.66,,Tyé,TYE,1,Tié,Poindimié,LIEU_DIT_NC,TRIBU,Cié,165.2980420173767,-20.900766814763863,tribus_villages_nc,103,2202,Tiéti - Tyé
municipales_2026,1,,,988,98822,Poindimié,POINDIMIE,0005,563,384,179,381,1,2,2,LDIV,,,,,Patrick - Jean-Luc WATANABE UN NOUVEL ELAN POUR POINDIMIE,138,24.51,36.22,,Tyé,TYE,1,Tié,Poindimié,LIEU_DIT_NC,TRIBU,Cié,165.2980420173767,-20.900766814763863,tribus_villages_nc,103,2202,Tiéti - Tyé
municipales_2026,1,,,988,98822,Poindimié,POINDIMIE,0005,563,384,179,381,1,2,3,LREG,,,,,Cyrille OUMATTU UNITE CITOYENNE ET NATIONALISTE,54,9.59,14.17,,Tyé,TYE,1,Tié,Poindimié,LIEU_DIT_NC,TRIBU,Cié,165.2980420173767,-20.900766814763863,tribus_villages_nc,103,2202,Tiéti - Tyé
municipales_2026,1,,,988,98822,Poindimié,POINDIMIE,0005,563,384,179,381,1,2,4,LREG,,,,,Christian GROCHAIN PWEEDI WIIMIA RENOUVEAU,76,13.5,19.95,,Tyé,TYE,1,Tié,Poindimié,LIEU_DIT_NC,TRIBU,Cié,165.2980420173767,-20.900766814763863,tribus_villages_nc,103,2202,Tiéti - Tyé
municipales_2026,1,,,988,98822,Poindimié,POINDIMIE,0006,325,200,125,196,2,2,1,LREG,,,,,Paul Tyaou NEAOUTYINE UNI,18,5.54,9.18,,Tiwaka,TIWAKA,1,Tiwaka,Poindimié,LIEU_DIT_NC,TRIBU,,165.22299948568272,-20.895132063083377,tribus_villages_nc,103,2202,Tiéti - Tyé
municipales_2026,1,,,988,98822,Poindimié,POINDIMIE,0006,325,200,125,196,2,2,2,LDIV,,,,,Patrick - Jean-Luc WATANABE UN NOUVEL ELAN POUR POINDIMIE,36,11.08,18.37,,Tiwaka,TIWAKA,1,Tiwaka,Poindimié,LIEU_DIT_NC,TRIBU,,165.22299948568272,-20.895132063083377,tribus_villages_nc,103,2202,Tiéti - Tyé
municipales_2026,1,,,988,98822,Poindimié,POINDIMIE,0006,325,200,125,196,2,2,3,LREG,,,,,Cyrille OUMATTU UNITE CITOYENNE ET NATIONALISTE,6,1.85,3.06,,Tiwaka,TIWAKA,1,Tiwaka,Poindimié,LIEU_DIT_NC,TRIBU,,165.22299948568272,-20.895132063083377,tribus_villages_nc,103,2202,Tiéti - Tyé
municipales_2026,1,,,988,98822,Poindimié,POINDIMIE,0006,325,200,125,196,2,2,4,LREG,,,,,Christian GROCHAIN PWEEDI WIIMIA RENOUVEAU,136,41.85,69.39,,Tiwaka,TIWAKA,1,Tiwaka,Poindimié,LIEU_DIT_NC,TRIBU,,165.22299948568272,-20.895132063083377,tribus_villages_nc,103,2202,Tiéti - Tyé
municipales_2026,1,,,988,98822,Poindimié,POINDIMIE,0007,605,418,187,408,6,4,1,LREG,,,,,Paul Tyaou NEAOUTYINE UNI,187,30.91,45.83,,Tiéti,TIETI,1,Tiéti,Poindimié,LIEU_DIT_NC,TRIBU,Näcètii,165.31101622324238,-20.919563042768107,tribus_villages_nc,103,2202,Tiéti - Tyé
municipales_2026,1,,,988,98822,Poindimié,POINDIMIE,0007,605,418,187,408,6,4,2,LDIV,,,,,Patrick - Jean-Luc WATANABE UN NOUVEL ELAN POUR POINDIMIE,109,18.02,26.72,,Tiéti,TIETI,1,Tiéti,Poindimié,LIEU_DIT_NC,TRIBU,Näcètii,165.31101622324238,-20.919563042768107,tribus_villages_nc,103,2202,Tiéti - Tyé
municipales_2026,1,,,988,98822,Poindimié,POINDIMIE,0007,605,418,187,408,6,4,3,LREG,,,,,Cyrille OUMATTU UNITE CITOYENNE ET NATIONALISTE,48,7.93,11.76,,Tiéti,TIETI,1,Tiéti,Poindimié,LIEU_DIT_NC,TRIBU,Näcètii,165.31101622324238,-20.919563042768107,tribus_villages_nc,103,2202,Tiéti - Tyé
municipales_2026,1,,,988,98822,Poindimié,POINDIMIE,0007,605,418,187,408,6,4,4,LREG,,,,,Christian GROCHAIN PWEEDI WIIMIA RENOUVEAU,64,10.58,15.69,,Tiéti,TIETI,1,Tiéti,Poindimié,LIEU_DIT_NC,TRIBU,Näcètii,165.31101622324238,-20.919563042768107,tribus_villages_nc,103,2202,Tiéti - Tyé
municipales_2026,1,,,988,98823,Ponérihouen,PONERIHOUEN,0001,500,309,191,297,9,3,1,,,,,,Ocea NAAOUTCHOUE UC FLNKS ET NATIONALISTES PWARAIRIWA,84,16.8,28.28,,Mairie,MAIRIE,0.7,PONERIHOUEN,Ponérihouen,LIEU_DIT_NC,VILLE,Pwäräiriwä,165.40196429415164,-21.070938768181968,tribus_villages_nc,106,2302,Ponérihouen village
municipales_2026,1,,,988,98823,Ponérihouen,PONERIHOUEN,0001,500,309,191,297,9,3,2,,,,,,Astrid GOPOEA UNION NATIONALE pour l'INDEPENDANCE PWARAIRIWA,131,26.2,44.11,,Mairie,MAIRIE,0.7,PONERIHOUEN,Ponérihouen,LIEU_DIT_NC,VILLE,Pwäräiriwä,165.40196429415164,-21.070938768181968,tribus_villages_nc,106,2302,Ponérihouen village
municipales_2026,1,,,988,98823,Ponérihouen,PONERIHOUEN,0001,500,309,191,297,9,3,3,,,,,,Eugène MENREMPON TOIMIRI BWETI PWARAIRIWA,82,16.4,27.61,,Mairie,MAIRIE,0.7,PONERIHOUEN,Ponérihouen,LIEU_DIT_NC,VILLE,Pwäräiriwä,165.40196429415164,-21.070938768181968,tribus_villages_nc,106,2302,Ponérihouen village
municipales_2026,1,,,988,98823,Ponérihouen,PONERIHOUEN,0002,454,287,167,283,4,0,1,,,,,,Ocea NAAOUTCHOUE UC FLNKS ET NATIONALISTES PWARAIRIWA,126,27.75,44.52,,Monéo,MONEO,1,Monéo,Ponérihouen,LIEU_DIT_NC,TRIBU,Kwéaa,165.47846310724432,-21.150451617013218,tribus_villages_nc,106,2302,Ponérihouen village
municipales_2026,1,,,988,98823,Ponérihouen,PONERIHOUEN,0002,454,287,167,283,4,0,2,,,,,,Astrid GOPOEA UNION NATIONALE pour l'INDEPENDANCE PWARAIRIWA,68,14.98,24.03,,Monéo,MONEO,1,Monéo,Ponérihouen,LIEU_DIT_NC,TRIBU,Kwéaa,165.47846310724432,-21.150451617013218,tribus_villages_nc,106,2302,Ponérihouen village
municipales_2026,1,,,988,98823,Ponérihouen,PONERIHOUEN,0002,454,287,167,283,4,0,3,,,,,,Eugène MENREMPON TOIMIRI BWETI PWARAIRIWA,89,19.6,31.45,,Monéo,MONEO,1,Monéo,Ponérihouen,LIEU_DIT_NC,TRIBU,Kwéaa,165.47846310724432,-21.150451617013218,tribus_villages_nc,106,2302,Ponérihouen village
municipales_2026,1,,,988,98823,Ponérihouen,PONERIHOUEN,0003,317,222,95,216,4,2,1,,,,,,Ocea NAAOUTCHOUE UC FLNKS ET NATIONALISTES PWARAIRIWA,33,10.41,15.28,,Tchamba,TCHAMBA,1,Tchamba,Ponérihouen,LIEU_DIT_NC,TRIBU,(Câba),165.2930233618618,-21.038585818858223,tribus_villages_nc,107,2303,Goyetta - Goa - Nébouéba - St Yves
municipales_2026,1,,,988,98823,Ponérihouen,PONERIHOUEN,0003,317,222,95,216,4,2,2,,,,,,Astrid GOPOEA UNION NATIONALE pour l'INDEPENDANCE PWARAIRIWA,69,21.77,31.94,,Tchamba,TCHAMBA,1,Tchamba,Ponérihouen,LIEU_DIT_NC,TRIBU,(Câba),165.2930233618618,-21.038585818858223,tribus_villages_nc,107,2303,Goyetta - Goa - Nébouéba - St Yves
municipales_2026,1,,,988,98823,Ponérihouen,PONERIHOUEN,0003,317,222,95,216,4,2,3,,,,,,Eugène MENREMPON TOIMIRI BWETI PWARAIRIWA,114,35.96,52.78,,Tchamba,TCHAMBA,1,Tchamba,Ponérihouen,LIEU_DIT_NC,TRIBU,(Câba),165.2930233618618,-21.038585818858223,tribus_villages_nc,107,2303,Goyetta - Goa - Nébouéba - St Yves
municipales_2026,1,,,988,98823,Ponérihouen,PONERIHOUEN,0004,409,247,162,245,2,0,1,,,,,,Ocea NAAOUTCHOUE UC FLNKS ET NATIONALISTES PWARAIRIWA,112,27.38,45.71,,Goa (maison commune),GOA MAISON COMMUNE,0.95,Goa,Ponérihouen,LIEU_DIT_NC,TRIBU,Göröwâméadù,165.30971500397104,-21.10629747908845,tribus_villages_nc,107,2303,Goyetta - Goa - Nébouéba - St Yves
municipales_2026,1,,,988,98823,Ponérihouen,PONERIHOUEN,0004,409,247,162,245,2,0,2,,,,,,Astrid GOPOEA UNION NATIONALE pour l'INDEPENDANCE PWARAIRIWA,39,9.54,15.92,,Goa (maison commune),GOA MAISON COMMUNE,0.95,Goa,Ponérihouen,LIEU_DIT_NC,TRIBU,Göröwâméadù,165.30971500397104,-21.10629747908845,tribus_villages_nc,107,2303,Goyetta - Goa - Nébouéba - St Yves
municipales_2026,1,,,988,98823,Ponérihouen,PONERIHOUEN,0004,409,247,162,245,2,0,3,,,,,,Eugène MENREMPON TOIMIRI BWETI PWARAIRIWA,94,22.98,38.37,,Goa (maison commune),GOA MAISON COMMUNE,0.95,Goa,Ponérihouen,LIEU_DIT_NC,TRIBU,Göröwâméadù,165.30971500397104,-21.10629747908845,tribus_villages_nc,107,2303,Goyetta - Goa - Nébouéba - St Yves
municipales_2026,1,,,988,98823,Ponérihouen,PONERIHOUEN,0005,511,354,157,347,3,4,1,,,,,,Ocea NAAOUTCHOUE UC FLNKS ET NATIONALISTES PWARAIRIWA,129,25.24,37.18,,Grondu (maison commune),GRONDU MAISON COMMUNE,0.95,Grondu,Ponérihouen,LIEU_DIT_NC,TRIBU,Göröidù,165.38976794045686,-21.076609909810266,tribus_villages_nc,106,2302,Ponérihouen village
municipales_2026,1,,,988,98823,Ponérihouen,PONERIHOUEN,0005,511,354,157,347,3,4,2,,,,,,Astrid GOPOEA UNION NATIONALE pour l'INDEPENDANCE PWARAIRIWA,101,19.77,29.11,,Grondu (maison commune),GRONDU MAISON COMMUNE,0.95,Grondu,Ponérihouen,LIEU_DIT_NC,TRIBU,Göröidù,165.38976794045686,-21.076609909810266,tribus_villages_nc,106,2302,Ponérihouen village
municipales_2026,1,,,988,98823,Ponérihouen,PONERIHOUEN,0005,511,354,157,347,3,4,3,,,,,,Eugène MENREMPON TOIMIRI BWETI PWARAIRIWA,117,22.9,33.72,,Grondu (maison commune),GRONDU MAISON COMMUNE,0.95,Grondu,Ponérihouen,LIEU_DIT_NC,TRIBU,Göröidù,165.38976794045686,-21.076609909810266,tribus_villages_nc,106,2302,Ponérihouen village
municipales_2026,1,,,988,98823,Ponérihouen,PONERIHOUEN,0006,170,98,72,93,4,1,1,,,,,,Ocea NAAOUTCHOUE UC FLNKS ET NATIONALISTES PWARAIRIWA,9,5.29,9.68,,Mou (chefferie),MOU CHEFFERIE,0.95,Mou,Ponérihouen,LIEU_DIT_NC,TRIBU,Aupatöriba,165.44259083569398,-21.09696482410325,tribus_villages_nc,106,2302,Ponérihouen village
municipales_2026,1,,,988,98823,Ponérihouen,PONERIHOUEN,0006,170,98,72,93,4,1,2,,,,,,Astrid GOPOEA UNION NATIONALE pour l'INDEPENDANCE PWARAIRIWA,46,27.06,49.46,,Mou (chefferie),MOU CHEFFERIE,0.95,Mou,Ponérihouen,LIEU_DIT_NC,TRIBU,Aupatöriba,165.44259083569398,-21.09696482410325,tribus_villages_nc,106,2302,Ponérihouen village
municipales_2026,1,,,988,98823,Ponérihouen,PONERIHOUEN,0006,170,98,72,93,4,1,3,,,,,,Eugène MENREMPON TOIMIRI BWETI PWARAIRIWA,38,22.35,40.86,,Mou (chefferie),MOU CHEFFERIE,0.95,Mou,Ponérihouen,LIEU_DIT_NC,TRIBU,Aupatöriba,165.44259083569398,-21.09696482410325,tribus_villages_nc,106,2302,Ponérihouen village
municipales_2026,1,,,988,98823,Ponérihouen,PONERIHOUEN,0007,334,234,100,233,1,0,1,,,,,,Ocea NAAOUTCHOUE UC FLNKS ET NATIONALISTES PWARAIRIWA,136,40.72,58.37,,Goyetta Commune de POUEBO,GOYETTA COMMUNE POUEBO,0.95,Pöö,Ponérihouen,LIEU_DIT_NC,TRIBU,Pwënîrî wâdé,165.38150315716302,-21.17209523739158,tribus_villages_nc,106,2302,Ponérihouen village
municipales_2026,1,,,988,98823,Ponérihouen,PONERIHOUEN,0007,334,234,100,233,1,0,2,,,,,,Astrid GOPOEA UNION NATIONALE pour l'INDEPENDANCE PWARAIRIWA,81,24.25,34.76,,Goyetta Commune de POUEBO,GOYETTA COMMUNE POUEBO,0.95,Pöö,Ponérihouen,LIEU_DIT_NC,TRIBU,Pwënîrî wâdé,165.38150315716302,-21.17209523739158,tribus_villages_nc,106,2302,Ponérihouen village
municipales_2026,1,,,988,98823,Ponérihouen,PONERIHOUEN,0007,334,234,100,233,1,0,3,,,,,,Eugène MENREMPON TOIMIRI BWETI PWARAIRIWA,16,4.79,6.87,,Goyetta Commune de POUEBO,GOYETTA COMMUNE POUEBO,0.95,Pöö,Ponérihouen,LIEU_DIT_NC,TRIBU,Pwënîrî wâdé,165.38150315716302,-21.17209523739158,tribus_villages_nc,106,2302,Ponérihouen village
municipales_2026,1,,,988,98824,Pouébo,POUEBO,0001,751,429,322,425,0,4,1,,,,,,Florentin DEDANE UNION CALEDONIENNE PWEEVO,207,27.56,48.71,,Mairie,MAIRIE,0.7,POUEBO,Pouébo,LIEU_DIT_NC,VILLE,,164.5872015210802,-20.399273159074973,tribus_villages_nc,109,2401,Pouébo village - St Ferdinand - St Louis
municipales_2026,1,,,988,98824,Pouébo,POUEBO,0001,751,429,322,425,0,4,2,,,,,,Nadia HEO UNI PWEEVO PIINYENIWîî NYA,156,20.77,36.71,,Mairie,MAIRIE,0.7,POUEBO,Pouébo,LIEU_DIT_NC,VILLE,,164.5872015210802,-20.399273159074973,tribus_villages_nc,109,2401,Pouébo village - St Ferdinand - St Louis
municipales_2026,1,,,988,98824,Pouébo,POUEBO,0001,751,429,322,425,0,4,3,,,,,,Rock DOUI WEDO DI OWA COLLECTIF COMMUNAL,62,8.26,14.59,,Mairie,MAIRIE,0.7,POUEBO,Pouébo,LIEU_DIT_NC,VILLE,,164.5872015210802,-20.399273159074973,tribus_villages_nc,109,2401,Pouébo village - St Ferdinand - St Louis
municipales_2026,1,,,988,98824,Pouébo,POUEBO,0002,589,331,258,325,1,5,1,,,,,,Florentin DEDANE UNION CALEDONIENNE PWEEVO,124,21.05,38.15,,Saint Denis Ballade,SAINT DENIS BALLADE,0.973,St Denis,Pouébo,LIEU_DIT_NC,TRIBU,,164.49963895578423,-20.310000557096696,tribus_villages_nc,109,2401,Pouébo village - St Ferdinand - St Louis
municipales_2026,1,,,988,98824,Pouébo,POUEBO,0002,589,331,258,325,1,5,2,,,,,,Nadia HEO UNI PWEEVO PIINYENIWîî NYA,148,25.13,45.54,,Saint Denis Ballade,SAINT DENIS BALLADE,0.973,St Denis,Pouébo,LIEU_DIT_NC,TRIBU,,164.49963895578423,-20.310000557096696,tribus_villages_nc,109,2401,Pouébo village - St Ferdinand - St Louis
municipales_2026,1,,,988,98824,Pouébo,POUEBO,0002,589,331,258,325,1,5,3,,,,,,Rock DOUI WEDO DI OWA COLLECTIF COMMUNAL,53,9,16.31,,Saint Denis Ballade,SAINT DENIS BALLADE,0.973,St Denis,Pouébo,LIEU_DIT_NC,TRIBU,,164.49963895578423,-20.310000557096696,tribus_villages_nc,109,2401,Pouébo village - St Ferdinand - St Louis
municipales_2026,1,,,988,98824,Pouébo,POUEBO,0003,407,220,187,218,2,0,1,,,,,,Florentin DEDANE UNION CALEDONIENNE PWEEVO,74,18.18,33.94,,Yambé,YAMBE,1,Yambé,Pouébo,LIEU_DIT_NC,TRIBU,Yabé,164.658766232452,-20.439464504971355,tribus_villages_nc,110,2402,Tchamboéne - Diahoué - Colnett
municipales_2026,1,,,988,98824,Pouébo,POUEBO,0003,407,220,187,218,2,0,2,,,,,,Nadia HEO UNI PWEEVO PIINYENIWîî NYA,46,11.3,21.1,,Yambé,YAMBE,1,Yambé,Pouébo,LIEU_DIT_NC,TRIBU,Yabé,164.658766232452,-20.439464504971355,tribus_villages_nc,110,2402,Tchamboéne - Diahoué - Colnett
municipales_2026,1,,,988,98824,Pouébo,POUEBO,0003,407,220,187,218,2,0,3,,,,,,Rock DOUI WEDO DI OWA COLLECTIF COMMUNAL,98,24.08,44.95,,Yambé,YAMBE,1,Yambé,Pouébo,LIEU_DIT_NC,TRIBU,Yabé,164.658766232452,-20.439464504971355,tribus_villages_nc,110,2402,Tchamboéne - Diahoué - Colnett
municipales_2026,1,,,988,98824,Pouébo,POUEBO,0004,544,331,213,323,3,5,1,,,,,,Florentin DEDANE UNION CALEDONIENNE PWEEVO,104,19.12,32.2,,Saint-Louis,SAINT LOUIS,1,St Louis,Pouébo,LIEU_DIT_NC,TRIBU,,164.56475883280652,-20.370617010719258,tribus_villages_nc,109,2401,Pouébo village - St Ferdinand - St Louis
municipales_2026,1,,,988,98824,Pouébo,POUEBO,0004,544,331,213,323,3,5,2,,,,,,Nadia HEO UNI PWEEVO PIINYENIWîî NYA,117,21.51,36.22,,Saint-Louis,SAINT LOUIS,1,St Louis,Pouébo,LIEU_DIT_NC,TRIBU,,164.56475883280652,-20.370617010719258,tribus_villages_nc,109,2401,Pouébo village - St Ferdinand - St Louis
municipales_2026,1,,,988,98824,Pouébo,POUEBO,0004,544,331,213,323,3,5,3,,,,,,Rock DOUI WEDO DI OWA COLLECTIF COMMUNAL,102,18.75,31.58,,Saint-Louis,SAINT LOUIS,1,St Louis,Pouébo,LIEU_DIT_NC,TRIBU,,164.56475883280652,-20.370617010719258,tribus_villages_nc,109,2401,Pouébo village - St Ferdinand - St Louis
municipales_2026,1,,,988,98824,Pouébo,POUEBO,0005,123,51,72,49,1,1,1,,,,,,Florentin DEDANE UNION CALEDONIENNE PWEEVO,17,13.82,34.69,,Colnett - maison commune,COLNETT MAISON COMMUNE,0.95,Colnett,Pouébo,LIEU_DIT_NC,TRIBU,,164.73002659765442,-20.4756971674156,tribus_villages_nc,110,2402,Tchamboéne - Diahoué - Colnett
municipales_2026,1,,,988,98824,Pouébo,POUEBO,0005,123,51,72,49,1,1,2,,,,,,Nadia HEO UNI PWEEVO PIINYENIWîî NYA,14,11.38,28.57,,Colnett - maison commune,COLNETT MAISON COMMUNE,0.95,Colnett,Pouébo,LIEU_DIT_NC,TRIBU,,164.73002659765442,-20.4756971674156,tribus_villages_nc,110,2402,Tchamboéne - Diahoué - Colnett
municipales_2026,1,,,988,98824,Pouébo,POUEBO,0005,123,51,72,49,1,1,3,,,,,,Rock DOUI WEDO DI OWA COLLECTIF COMMUNAL,18,14.63,36.73,,Colnett - maison commune,COLNETT MAISON COMMUNE,0.95,Colnett,Pouébo,LIEU_DIT_NC,TRIBU,,164.73002659765442,-20.4756971674156,tribus_villages_nc,110,2402,Tchamboéne - Diahoué - Colnett
municipales_2026,1,,,988,98825,Pouembout,POUEMBOUT,0001,1129,665,464,652,10,3,1,,,,,,Jean-Francois Boaé PORIN-POUEA MAIN DANS LA MAIN POUR POUEMBOUT,202,17.89,30.98,,Mairie,MAIRIE,0.98,Mairie de Pouembout,302 AVENUE DE POUEMBOUT,ADMINISTRATION ET ORGANISME,Administrations des collectivités,Administration de la commune de Pouembout,164.901099514933,-21.1214333298182,etablissements_publics_nc,112,2501,Pouembout village
municipales_2026,1,,,988,98825,Pouembout,POUEMBOUT,0001,1129,665,464,652,10,3,2,,,,,,Jimmy NAOUNA UNIS POUR UN DESTIN COMMUN,89,7.88,13.65,,Mairie,MAIRIE,0.98,Mairie de Pouembout,302 AVENUE DE POUEMBOUT,ADMINISTRATION ET ORGANISME,Administrations des collectivités,Administration de la commune de Pouembout,164.901099514933,-21.1214333298182,etablissements_publics_nc,112,2501,Pouembout village
municipales_2026,1,,,988,98825,Pouembout,POUEMBOUT,0001,1129,665,464,652,10,3,3,,,,,,Yann PERALDI MOUVEMENT CITOYEN,361,31.98,55.37,,Mairie,MAIRIE,0.98,Mairie de Pouembout,302 AVENUE DE POUEMBOUT,ADMINISTRATION ET ORGANISME,Administrations des collectivités,Administration de la commune de Pouembout,164.901099514933,-21.1214333298182,etablissements_publics_nc,112,2501,Pouembout village
municipales_2026,1,,,988,98825,Pouembout,POUEMBOUT,0002,876,609,267,602,4,3,1,,,,,,Jean-Francois Boaé PORIN-POUEA MAIN DANS LA MAIN POUR POUEMBOUT,299,34.13,49.67,,Paouta,PAOUTA,0.93,Maison commune de Paouta,,CULTUREL ET SOCIO EDUCATIF,Equipements socio-éducatifs et socio-culturels,Maison de jeune et maison de quartier,165.004824198459,-21.061258041708,etablissements_publics_nc,113,2503,Pinda - Ouaté - Kopéto
municipales_2026,1,,,988,98825,Pouembout,POUEMBOUT,0002,876,609,267,602,4,3,2,,,,,,Jimmy NAOUNA UNIS POUR UN DESTIN COMMUN,67,7.65,11.13,,Paouta,PAOUTA,0.93,Maison commune de Paouta,,CULTUREL ET SOCIO EDUCATIF,Equipements socio-éducatifs et socio-culturels,Maison de jeune et maison de quartier,165.004824198459,-21.061258041708,etablissements_publics_nc,113,2503,Pinda - Ouaté - Kopéto
municipales_2026,1,,,988,98825,Pouembout,POUEMBOUT,0002,876,609,267,602,4,3,3,,,,,,Yann PERALDI MOUVEMENT CITOYEN,236,26.94,39.2,,Paouta,PAOUTA,0.93,Maison commune de Paouta,,CULTUREL ET SOCIO EDUCATIF,Equipements socio-éducatifs et socio-culturels,Maison de jeune et maison de quartier,165.004824198459,-21.061258041708,etablissements_publics_nc,113,2503,Pinda - Ouaté - Kopéto
municipales_2026,1,,,988,98826,Poum,POUM,0001,669,519,150,514,4,1,1,,,,,,Marc TIDJINE S'UNIR POUR DEMAIN,226,33.78,43.97,,Mairie,MAIRIE,0.7,POUM,Poum,LIEU_DIT_NC,VILLE,,164.02565823453438,-20.232335490929035,tribus_villages_nc,114,2601,Poum du village - Poingam
municipales_2026,1,,,988,98826,Poum,POUM,0001,669,519,150,514,4,1,2,,,,,,Gill ARNAL UNI POUM,133,19.88,25.88,,Mairie,MAIRIE,0.7,POUM,Poum,LIEU_DIT_NC,VILLE,,164.02565823453438,-20.232335490929035,tribus_villages_nc,114,2601,Poum du village - Poingam
municipales_2026,1,,,988,98826,Poum,POUM,0001,669,519,150,514,4,1,3,,,,,,Henriette TIDJINE - HMAE UNION CITOYENNE,155,23.17,30.16,,Mairie,MAIRIE,0.7,POUM,Poum,LIEU_DIT_NC,VILLE,,164.02565823453438,-20.232335490929035,tribus_villages_nc,114,2601,Poum du village - Poingam
municipales_2026,1,,,988,98826,Poum,POUM,0002,456,385,71,384,1,0,1,,,,,,Marc TIDJINE S'UNIR POUR DEMAIN,104,22.81,27.08,,Tiabet,TIABET,1,Tiabet,Poum,LIEU_DIT_NC,TRIBU,Cavet,164.0259384508845,-20.127138518272172,tribus_villages_nc,114,2601,Poum du village - Poingam
municipales_2026,1,,,988,98826,Poum,POUM,0002,456,385,71,384,1,0,2,,,,,,Gill ARNAL UNI POUM,114,25,29.69,,Tiabet,TIABET,1,Tiabet,Poum,LIEU_DIT_NC,TRIBU,Cavet,164.0259384508845,-20.127138518272172,tribus_villages_nc,114,2601,Poum du village - Poingam
municipales_2026,1,,,988,98826,Poum,POUM,0002,456,385,71,384,1,0,3,,,,,,Henriette TIDJINE - HMAE UNION CITOYENNE,166,36.4,43.23,,Tiabet,TIABET,1,Tiabet,Poum,LIEU_DIT_NC,TRIBU,Cavet,164.0259384508845,-20.127138518272172,tribus_villages_nc,114,2601,Poum du village - Poingam
municipales_2026,1,,,988,98826,Poum,POUM,0003,416,337,79,337,0,0,1,,,,,,Marc TIDJINE S'UNIR POUR DEMAIN,119,28.61,35.31,,École catholique d’Arama,ECOLE CATHOLIQUE D ARAMA,0.95,Arama,Poum,LIEU_DIT_NC,LDH,Aramwâ,164.20258021961365,-20.252916819670393,tribus_villages_nc,115,2603,Bouarou - Pangai - Narai
municipales_2026,1,,,988,98826,Poum,POUM,0003,416,337,79,337,0,0,2,,,,,,Gill ARNAL UNI POUM,77,18.51,22.85,,École catholique d’Arama,ECOLE CATHOLIQUE D ARAMA,0.95,Arama,Poum,LIEU_DIT_NC,LDH,Aramwâ,164.20258021961365,-20.252916819670393,tribus_villages_nc,115,2603,Bouarou - Pangai - Narai
municipales_2026,1,,,988,98826,Poum,POUM,0003,416,337,79,337,0,0,3,,,,,,Henriette TIDJINE - HMAE UNION CITOYENNE,141,33.89,41.84,,École catholique d’Arama,ECOLE CATHOLIQUE D ARAMA,0.95,Arama,Poum,LIEU_DIT_NC,LDH,Aramwâ,164.20258021961365,-20.252916819670393,tribus_villages_nc,115,2603,Bouarou - Pangai - Narai
municipales_2026,1,,,988,98827,Poya,POYA,0001,604,378,226,373,5,0,1,,,,,,Julien MEUREUREU-GOWE ALTERNATIVE NATIONALISTE NEKO POYA,89,14.74,23.86,,,,0.99,Népoui,Poya,ARRETE_MANUAL,VILLE,,164.99768585786552,-21.326893497720405,arrete_manual_tribus,116,2701,Poya villageé Népoui
municipales_2026,1,,,988,98827,Poya,POYA,0001,604,378,226,373,5,0,2,,,,,,Evelyne GORO-ATU NEKO POYA ENSEMBLE POUR UNE COMMUNE SOLIDAIRE,46,7.62,12.33,,,,0.99,Népoui,Poya,ARRETE_MANUAL,VILLE,,164.99768585786552,-21.326893497720405,arrete_manual_tribus,116,2701,Poya villageé Népoui
municipales_2026,1,,,988,98827,Poya,POYA,0001,604,378,226,373,5,0,3,,,,,,Guy Michel MACHORO UNE NOUVELLE DYNAMIQUE NEKÖ POYA,61,10.1,16.35,,,,0.99,Népoui,Poya,ARRETE_MANUAL,VILLE,,164.99768585786552,-21.326893497720405,arrete_manual_tribus,116,2701,Poya villageé Népoui
municipales_2026,1,,,988,98827,Poya,POYA,0001,604,378,226,373,5,0,4,,,,,,François Joseph Poindi MEANDU-POVEU UNITE POYA NEKO,202673,12.09,19.57,,,,0.99,Népoui,Poya,ARRETE_MANUAL,VILLE,,164.99768585786552,-21.326893497720405,arrete_manual_tribus,116,2701,Poya villageé Népoui
municipales_2026,1,,,988,98827,Poya,POYA,0001,604,378,226,373,5,0,5,,,,,,Jacques GOSSOIN NEKO POYA POUR TOUS,104,17.22,27.88,,,,0.99,Népoui,Poya,ARRETE_MANUAL,VILLE,,164.99768585786552,-21.326893497720405,arrete_manual_tribus,116,2701,Poya villageé Népoui
municipales_2026,1,,,988,98827,Poya,POYA,0002,492,397,95,396,1,0,1,,,,,,Julien MEUREUREU-GOWE ALTERNATIVE NATIONALISTE NEKO POYA,10,2.03,2.53,,,,0.99,Goipin,Poya,ARRETE_MANUAL,TRIBU,,165.27390161257972,-21.22505994951149,arrete_manual_tribus,117,2705,Gohapin - Montfaoué - Néklia - Kradji
municipales_2026,1,,,988,98827,Poya,POYA,0002,492,397,95,396,1,0,2,,,,,,Evelyne GORO-ATU NEKO POYA ENSEMBLE POUR UNE COMMUNE SOLIDAIRE,25,5.08,6.31,,,,0.99,Goipin,Poya,ARRETE_MANUAL,TRIBU,,165.27390161257972,-21.22505994951149,arrete_manual_tribus,117,2705,Gohapin - Montfaoué - Néklia - Kradji
municipales_2026,1,,,988,98827,Poya,POYA,0002,492,397,95,396,1,0,3,,,,,,Guy Michel MACHORO UNE NOUVELLE DYNAMIQUE NEKÖ POYA,0,0,0,,,,0.99,Goipin,Poya,ARRETE_MANUAL,TRIBU,,165.27390161257972,-21.22505994951149,arrete_manual_tribus,117,2705,Gohapin - Montfaoué - Néklia - Kradji
municipales_2026,1,,,988,98827,Poya,POYA,0002,492,397,95,396,1,0,4,,,,,,François Joseph Poindi MEANDU-POVEU UNITE POYA NEKO,2026355,72.15,89.65,,,,0.99,Goipin,Poya,ARRETE_MANUAL,TRIBU,,165.27390161257972,-21.22505994951149,arrete_manual_tribus,117,2705,Gohapin - Montfaoué - Néklia - Kradji
municipales_2026,1,,,988,98827,Poya,POYA,0002,492,397,95,396,1,0,5,,,,,,Jacques GOSSOIN NEKO POYA POUR TOUS,6,1.22,1.52,,,,0.99,Goipin,Poya,ARRETE_MANUAL,TRIBU,,165.27390161257972,-21.22505994951149,arrete_manual_tribus,117,2705,Gohapin - Montfaoué - Néklia - Kradji
municipales_2026,1,,,988,98827,Poya,POYA,0003,817,510,307,495,12,3,1,,,,,,Julien MEUREUREU-GOWE ALTERNATIVE NATIONALISTE NEKO POYA,37,4.53,7.47,,,,0.99,Népoui,Poya,ARRETE_MANUAL,VILLE,,164.99768585786552,-21.326893497720405,arrete_manual_tribus,116,2701,Poya villageé Népoui
municipales_2026,1,,,988,98827,Poya,POYA,0003,817,510,307,495,12,3,2,,,,,,Evelyne GORO-ATU NEKO POYA ENSEMBLE POUR UNE COMMUNE SOLIDAIRE,55,6.73,11.11,,,,0.99,Népoui,Poya,ARRETE_MANUAL,VILLE,,164.99768585786552,-21.326893497720405,arrete_manual_tribus,116,2701,Poya villageé Népoui
municipales_2026,1,,,988,98827,Poya,POYA,0003,817,510,307,495,12,3,3,,,,,,Guy Michel MACHORO UNE NOUVELLE DYNAMIQUE NEKÖ POYA,132,16.16,26.67,,,,0.99,Népoui,Poya,ARRETE_MANUAL,VILLE,,164.99768585786552,-21.326893497720405,arrete_manual_tribus,116,2701,Poya villageé Népoui
municipales_2026,1,,,988,98827,Poya,POYA,0003,817,510,307,495,12,3,4,,,,,,François Joseph Poindi MEANDU-POVEU UNITE POYA NEKO,2026149,18.24,30.1,,,,0.99,Népoui,Poya,ARRETE_MANUAL,VILLE,,164.99768585786552,-21.326893497720405,arrete_manual_tribus,116,2701,Poya villageé Népoui
municipales_2026,1,,,988,98827,Poya,POYA,0003,817,510,307,495,12,3,5,,,,,,Jacques GOSSOIN NEKO POYA POUR TOUS,122,14.93,24.65,,,,0.99,Népoui,Poya,ARRETE_MANUAL,VILLE,,164.99768585786552,-21.326893497720405,arrete_manual_tribus,116,2701,Poya villageé Népoui
municipales_2026,1,,,988,98827,Poya,POYA,0004,262,180,82,177,2,1,1,,,,,,Julien MEUREUREU-GOWE ALTERNATIVE NATIONALISTE NEKO POYA,119,45.42,67.23,,,,0.99,Montfaoué,Poya,ARRETE_MANUAL,TRIBU,,165.2933124776928,-21.277955211764784,arrete_manual_tribus,117,2705,Gohapin - Montfaoué - Néklia - Kradji
municipales_2026,1,,,988,98827,Poya,POYA,0004,262,180,82,177,2,1,2,,,,,,Evelyne GORO-ATU NEKO POYA ENSEMBLE POUR UNE COMMUNE SOLIDAIRE,3,1.15,1.69,,,,0.99,Montfaoué,Poya,ARRETE_MANUAL,TRIBU,,165.2933124776928,-21.277955211764784,arrete_manual_tribus,117,2705,Gohapin - Montfaoué - Néklia - Kradji
municipales_2026,1,,,988,98827,Poya,POYA,0004,262,180,82,177,2,1,3,,,,,,Guy Michel MACHORO UNE NOUVELLE DYNAMIQUE NEKÖ POYA,21,8.02,11.86,,,,0.99,Montfaoué,Poya,ARRETE_MANUAL,TRIBU,,165.2933124776928,-21.277955211764784,arrete_manual_tribus,117,2705,Gohapin - Montfaoué - Néklia - Kradji
municipales_2026,1,,,988,98827,Poya,POYA,0004,262,180,82,177,2,1,4,,,,,,François Joseph Poindi MEANDU-POVEU UNITE POYA NEKO,20267,2.67,3.95,,,,0.99,Montfaoué,Poya,ARRETE_MANUAL,TRIBU,,165.2933124776928,-21.277955211764784,arrete_manual_tribus,117,2705,Gohapin - Montfaoué - Néklia - Kradji
municipales_2026,1,,,988,98827,Poya,POYA,0004,262,180,82,177,2,1,5,,,,,,Jacques GOSSOIN NEKO POYA POUR TOUS,27,10.31,15.25,,,,0.99,Montfaoué,Poya,ARRETE_MANUAL,TRIBU,,165.2933124776928,-21.277955211764784,arrete_manual_tribus,117,2705,Gohapin - Montfaoué - Néklia - Kradji
municipales_2026,1,,,988,98827,Poya,POYA,0005,218,174,44,166,7,1,1,,,,,,Julien MEUREUREU-GOWE ALTERNATIVE NATIONALISTE NEKO POYA,15,6.88,9.04,,,,0.99,Moindah,Poya,ARRETE_MANUAL,LDH,,165.2454695470807,-21.4084575263513,arrete_manual_tribus,118,2706,Poya Sud
municipales_2026,1,,,988,98827,Poya,POYA,0005,218,174,44,166,7,1,2,,,,,,Evelyne GORO-ATU NEKO POYA ENSEMBLE POUR UNE COMMUNE SOLIDAIRE,8,3.67,4.82,,,,0.99,Moindah,Poya,ARRETE_MANUAL,LDH,,165.2454695470807,-21.4084575263513,arrete_manual_tribus,118,2706,Poya Sud
municipales_2026,1,,,988,98827,Poya,POYA,0005,218,174,44,166,7,1,3,,,,,,Guy Michel MACHORO UNE NOUVELLE DYNAMIQUE NEKÖ POYA,23,10.55,13.86,,,,0.99,Moindah,Poya,ARRETE_MANUAL,LDH,,165.2454695470807,-21.4084575263513,arrete_manual_tribus,118,2706,Poya Sud
municipales_2026,1,,,988,98827,Poya,POYA,0005,218,174,44,166,7,1,4,,,,,,François Joseph Poindi MEANDU-POVEU UNITE POYA NEKO,20269,4.13,5.42,,,,0.99,Moindah,Poya,ARRETE_MANUAL,LDH,,165.2454695470807,-21.4084575263513,arrete_manual_tribus,118,2706,Poya Sud
municipales_2026,1,,,988,98827,Poya,POYA,0005,218,174,44,166,7,1,5,,,,,,Jacques GOSSOIN NEKO POYA POUR TOUS,111,50.92,66.87,,,,0.99,Moindah,Poya,ARRETE_MANUAL,LDH,,165.2454695470807,-21.4084575263513,arrete_manual_tribus,118,2706,Poya Sud
municipales_2026,1,,,988,98827,Poya,POYA,0006,204,157,47,157,0,0,1,,,,,,Julien MEUREUREU-GOWE ALTERNATIVE NATIONALISTE NEKO POYA,37,18.14,23.57,,,,0.99,Nekliaï,Poya,ARRETE_MANUAL,TRIBU,Nékilyai,165.1862986905251,-21.29493580556391,arrete_manual_tribus,117,2705,Gohapin - Montfaoué - Néklia - Kradji
municipales_2026,1,,,988,98827,Poya,POYA,0006,204,157,47,157,0,0,2,,,,,,Evelyne GORO-ATU NEKO POYA ENSEMBLE POUR UNE COMMUNE SOLIDAIRE,21,10.29,13.38,,,,0.99,Nekliaï,Poya,ARRETE_MANUAL,TRIBU,Nékilyai,165.1862986905251,-21.29493580556391,arrete_manual_tribus,117,2705,Gohapin - Montfaoué - Néklia - Kradji
municipales_2026,1,,,988,98827,Poya,POYA,0006,204,157,47,157,0,0,3,,,,,,Guy Michel MACHORO UNE NOUVELLE DYNAMIQUE NEKÖ POYA,22,10.78,14.01,,,,0.99,Nekliaï,Poya,ARRETE_MANUAL,TRIBU,Nékilyai,165.1862986905251,-21.29493580556391,arrete_manual_tribus,117,2705,Gohapin - Montfaoué - Néklia - Kradji
municipales_2026,1,,,988,98827,Poya,POYA,0006,204,157,47,157,0,0,4,,,,,,François Joseph Poindi MEANDU-POVEU UNITE POYA NEKO,202654,26.47,34.39,,,,0.99,Nekliaï,Poya,ARRETE_MANUAL,TRIBU,Nékilyai,165.1862986905251,-21.29493580556391,arrete_manual_tribus,117,2705,Gohapin - Montfaoué - Néklia - Kradji
municipales_2026,1,,,988,98827,Poya,POYA,0006,204,157,47,157,0,0,5,,,,,,Jacques GOSSOIN NEKO POYA POUR TOUS,23,11.27,14.65,,,,0.99,Nekliaï,Poya,ARRETE_MANUAL,TRIBU,Nékilyai,165.1862986905251,-21.29493580556391,arrete_manual_tribus,117,2705,Gohapin - Montfaoué - Néklia - Kradji
municipales_2026,1,,,988,98828,Sarraméa,SARRAMEA,0001,541,401,140,393,4,4,,,,,,,Charles Albert BRINON Entente communale de Sarraméa,143,26.43,36.39,,Mairie,MAIRIE,0.7,SARRAMEA,Sarraméa,LIEU_DIT_NC,VILLE,Chara Méa,165.85386596919105,-21.642344787633757,tribus_villages_nc,119,2801,Sarraméa
municipales_2026,1,,,988,98828,Sarraméa,SARRAMEA,0001,541,401,140,393,4,4,,,,,,,Tony KAWA ARII FACHA POUR UNE DIVERSITE COMMUNALE,117,21.63,29.77,,Mairie,MAIRIE,0.7,SARRAMEA,Sarraméa,LIEU_DIT_NC,VILLE,Chara Méa,165.85386596919105,-21.642344787633757,tribus_villages_nc,119,2801,Sarraméa
municipales_2026,1,,,988,98828,Sarraméa,SARRAMEA,0001,541,401,140,393,4,4,,,,,,,Karmen HOLERO CONTINUONS A OEUVRER POUR SARRAMEA,69,12.75,17.56,,Mairie,MAIRIE,0.7,SARRAMEA,Sarraméa,LIEU_DIT_NC,VILLE,Chara Méa,165.85386596919105,-21.642344787633757,tribus_villages_nc,119,2801,Sarraméa
municipales_2026,1,,,988,98828,Sarraméa,SARRAMEA,0001,541,401,140,393,4,4,,,,,,,Prisca HOLERO UNION CITOYENNE,64,11.83,16.28,,Mairie,MAIRIE,0.7,SARRAMEA,Sarraméa,LIEU_DIT_NC,VILLE,Chara Méa,165.85386596919105,-21.642344787633757,tribus_villages_nc,119,2801,Sarraméa
municipales_2026,1,,,988,98829,Thio,THIO,0001,881,591,290,585,5,1,1,,,,,,Téva PUAHIO Notre jeunesse au coeur du changement,287,32.58,49.06,,Mairie,MAIRIE,0.7,THIO,Thio,LIEU_DIT_NC,VILLE,Cö,166.21553174553168,-21.610374938390603,tribus_villages_nc,120,2901,Thio village
municipales_2026,1,,,988,98829,Thio,THIO,0001,881,591,290,585,5,1,2,,,,,,"Lorenza M'BOUERI THIO,TERRE D'AVENIR-C'EST MAINTENANT!",107,12.15,18.29,,Mairie,MAIRIE,0.7,THIO,Thio,LIEU_DIT_NC,VILLE,Cö,166.21553174553168,-21.610374938390603,tribus_villages_nc,120,2901,Thio village
municipales_2026,1,,,988,98829,Thio,THIO,0001,881,591,290,585,5,1,3,,,,,,Eric TOURA THIO EN MARCHE,102,11.58,17.44,,Mairie,MAIRIE,0.7,THIO,Thio,LIEU_DIT_NC,VILLE,Cö,166.21553174553168,-21.610374938390603,tribus_villages_nc,120,2901,Thio village
municipales_2026,1,,,988,98829,Thio,THIO,0001,881,591,290,585,5,1,4,,,,,,"Jean Marie Vianney AYAWA AVEC LE FLNKS, L'AVENIR C'EST MAINTENANT !",15,1.7,2.56,,Mairie,MAIRIE,0.7,THIO,Thio,LIEU_DIT_NC,VILLE,Cö,166.21553174553168,-21.610374938390603,tribus_villages_nc,120,2901,Thio village
municipales_2026,1,,,988,98829,Thio,THIO,0001,881,591,290,585,5,1,5,,,,,,Pierre Chanel NONMOIRA MURU RE COO - LE BIEN-ETRE DE THIO,74,8.4,12.65,,Mairie,MAIRIE,0.7,THIO,Thio,LIEU_DIT_NC,VILLE,Cö,166.21553174553168,-21.610374938390603,tribus_villages_nc,120,2901,Thio village
municipales_2026,1,,,988,98829,Thio,THIO,0002,615,391,224,388,3,0,1,,,,,,Téva PUAHIO Notre jeunesse au coeur du changement,160,26.02,41.24,,Mairie,MAIRIE,0.7,THIO,Thio,LIEU_DIT_NC,VILLE,Cö,166.21553174553168,-21.610374938390603,tribus_villages_nc,120,2901,Thio village
municipales_2026,1,,,988,98829,Thio,THIO,0002,615,391,224,388,3,0,2,,,,,,"Lorenza M'BOUERI THIO,TERRE D'AVENIR-C'EST MAINTENANT!",96,15.61,24.74,,Mairie,MAIRIE,0.7,THIO,Thio,LIEU_DIT_NC,VILLE,Cö,166.21553174553168,-21.610374938390603,tribus_villages_nc,120,2901,Thio village
municipales_2026,1,,,988,98829,Thio,THIO,0002,615,391,224,388,3,0,3,,,,,,Eric TOURA THIO EN MARCHE,48,7.8,12.37,,Mairie,MAIRIE,0.7,THIO,Thio,LIEU_DIT_NC,VILLE,Cö,166.21553174553168,-21.610374938390603,tribus_villages_nc,120,2901,Thio village
municipales_2026,1,,,988,98829,Thio,THIO,0002,615,391,224,388,3,0,4,,,,,,"Jean Marie Vianney AYAWA AVEC LE FLNKS, L'AVENIR C'EST MAINTENANT !",21,3.41,5.41,,Mairie,MAIRIE,0.7,THIO,Thio,LIEU_DIT_NC,VILLE,Cö,166.21553174553168,-21.610374938390603,tribus_villages_nc,120,2901,Thio village
municipales_2026,1,,,988,98829,Thio,THIO,0002,615,391,224,388,3,0,5,,,,,,Pierre Chanel NONMOIRA MURU RE COO - LE BIEN-ETRE DE THIO,63,10.24,16.24,,Mairie,MAIRIE,0.7,THIO,Thio,LIEU_DIT_NC,VILLE,Cö,166.21553174553168,-21.610374938390603,tribus_villages_nc,120,2901,Thio village
municipales_2026,1,,,988,98829,Thio,THIO,0003,315,184,131,184,0,0,1,,,,,,Téva PUAHIO Notre jeunesse au coeur du changement,113,35.87,61.41,,Grand Borendy,GRAND BORENDY,1,Grand Borindi,Thio,LIEU_DIT_NC,TRIBU,Xöwi,166.45075740277505,-21.738718340168145,tribus_villages_nc,121,2902,Ouindo Borendy
municipales_2026,1,,,988,98829,Thio,THIO,0003,315,184,131,184,0,0,2,,,,,,"Lorenza M'BOUERI THIO,TERRE D'AVENIR-C'EST MAINTENANT!",23,7.3,12.5,,Grand Borendy,GRAND BORENDY,1,Grand Borindi,Thio,LIEU_DIT_NC,TRIBU,Xöwi,166.45075740277505,-21.738718340168145,tribus_villages_nc,121,2902,Ouindo Borendy
municipales_2026,1,,,988,98829,Thio,THIO,0003,315,184,131,184,0,0,3,,,,,,Eric TOURA THIO EN MARCHE,14,4.44,7.61,,Grand Borendy,GRAND BORENDY,1,Grand Borindi,Thio,LIEU_DIT_NC,TRIBU,Xöwi,166.45075740277505,-21.738718340168145,tribus_villages_nc,121,2902,Ouindo Borendy
municipales_2026,1,,,988,98829,Thio,THIO,0003,315,184,131,184,0,0,4,,,,,,"Jean Marie Vianney AYAWA AVEC LE FLNKS, L'AVENIR C'EST MAINTENANT !",14,4.44,7.61,,Grand Borendy,GRAND BORENDY,1,Grand Borindi,Thio,LIEU_DIT_NC,TRIBU,Xöwi,166.45075740277505,-21.738718340168145,tribus_villages_nc,121,2902,Ouindo Borendy
municipales_2026,1,,,988,98829,Thio,THIO,0003,315,184,131,184,0,0,5,,,,,,Pierre Chanel NONMOIRA MURU RE COO - LE BIEN-ETRE DE THIO,20,6.35,10.87,,Grand Borendy,GRAND BORENDY,1,Grand Borindi,Thio,LIEU_DIT_NC,TRIBU,Xöwi,166.45075740277505,-21.738718340168145,tribus_villages_nc,121,2902,Ouindo Borendy
municipales_2026,1,,,988,98829,Thio,THIO,0004,479,317,162,313,2,2,1,,,,,,Téva PUAHIO Notre jeunesse au coeur du changement,106,22.13,33.87,,Saint-Pierre,SAINT PIERRE,1,St Pierre,Thio,LIEU_DIT_NC,TRIBU,Pwimuru,166.14983539215794,-21.67410856554519,tribus_villages_nc,121,2902,Ouindo Borendy
municipales_2026,1,,,988,98829,Thio,THIO,0004,479,317,162,313,2,2,2,,,,,,"Lorenza M'BOUERI THIO,TERRE D'AVENIR-C'EST MAINTENANT!",145,30.27,46.33,,Saint-Pierre,SAINT PIERRE,1,St Pierre,Thio,LIEU_DIT_NC,TRIBU,Pwimuru,166.14983539215794,-21.67410856554519,tribus_villages_nc,121,2902,Ouindo Borendy
municipales_2026,1,,,988,98829,Thio,THIO,0004,479,317,162,313,2,2,3,,,,,,Eric TOURA THIO EN MARCHE,31,6.47,9.9,,Saint-Pierre,SAINT PIERRE,1,St Pierre,Thio,LIEU_DIT_NC,TRIBU,Pwimuru,166.14983539215794,-21.67410856554519,tribus_villages_nc,121,2902,Ouindo Borendy
municipales_2026,1,,,988,98829,Thio,THIO,0004,479,317,162,313,2,2,4,,,,,,"Jean Marie Vianney AYAWA AVEC LE FLNKS, L'AVENIR C'EST MAINTENANT !",2,0.42,0.64,,Saint-Pierre,SAINT PIERRE,1,St Pierre,Thio,LIEU_DIT_NC,TRIBU,Pwimuru,166.14983539215794,-21.67410856554519,tribus_villages_nc,121,2902,Ouindo Borendy
municipales_2026,1,,,988,98829,Thio,THIO,0004,479,317,162,313,2,2,5,,,,,,Pierre Chanel NONMOIRA MURU RE COO - LE BIEN-ETRE DE THIO,29,6.05,9.27,,Saint-Pierre,SAINT PIERRE,1,St Pierre,Thio,LIEU_DIT_NC,TRIBU,Pwimuru,166.14983539215794,-21.67410856554519,tribus_villages_nc,121,2902,Ouindo Borendy
municipales_2026,1,,,988,98830,Touho,TOUHO,0001,1051,654,397,641,7,6,1,,,,,,Donald SOEKIR UNION CITOYENNE de TOUHO,328,31.21,51.17,,Mairie,MAIRIE,0.7,TOUHO,Touho,LIEU_DIT_NC,VILLE,Tuo,165.23869122747195,-20.77975735338533,tribus_villages_nc,122,3001,Touho village
municipales_2026,1,,,988,98830,Touho,TOUHO,0001,1051,654,397,641,7,6,2,,,,,,Alphonse Boulet POININE UNI,313,29.78,48.83,,Mairie,MAIRIE,0.7,TOUHO,Touho,LIEU_DIT_NC,VILLE,Tuo,165.23869122747195,-20.77975735338533,tribus_villages_nc,122,3001,Touho village
municipales_2026,1,,,988,98830,Touho,TOUHO,0002,235,125,110,122,1,2,1,,,,,,Donald SOEKIR UNION CITOYENNE de TOUHO,90,38.3,73.77,,Tiouandé,TIOUANDE,1,Tiouandé,Touho,LIEU_DIT_NC,TRIBU,Tewaade,165.04706639545026,-20.742192862631615,tribus_villages_nc,123,3003,Tiouandé - Ouanache - Congouma - Paola
municipales_2026,1,,,988,98830,Touho,TOUHO,0002,235,125,110,122,1,2,2,,,,,,Alphonse Boulet POININE UNI,32,13.62,26.23,,Tiouandé,TIOUANDE,1,Tiouandé,Touho,LIEU_DIT_NC,TRIBU,Tewaade,165.04706639545026,-20.742192862631615,tribus_villages_nc,123,3003,Tiouandé - Ouanache - Congouma - Paola
municipales_2026,1,,,988,98830,Touho,TOUHO,0003,313,186,127,184,2,0,1,,,,,,Donald SOEKIR UNION CITOYENNE de TOUHO,111,35.46,60.33,,Kokingone,KOKINGONE,1,Kokingone,Touho,LIEU_DIT_NC,TRIBU,Ko cèï goon,165.25551905392797,-20.85522530725118,tribus_villages_nc,124,3004,Koe - Kokingone - Tiwaka - Pombéi
municipales_2026,1,,,988,98830,Touho,TOUHO,0003,313,186,127,184,2,0,2,,,,,,Alphonse Boulet POININE UNI,73,23.32,39.67,,Kokingone,KOKINGONE,1,Kokingone,Touho,LIEU_DIT_NC,TRIBU,Ko cèï goon,165.25551905392797,-20.85522530725118,tribus_villages_nc,124,3004,Koe - Kokingone - Tiwaka - Pombéi
municipales_2026,1,,,988,98830,Touho,TOUHO,0004,409,261,148,252,3,6,1,,,,,,Donald SOEKIR UNION CITOYENNE de TOUHO,118,28.85,46.83,,Paola,PAOLA,1,Paola,Touho,LIEU_DIT_NC,TRIBU,Pwoï,165.1103595238747,-20.77393379422664,tribus_villages_nc,123,3003,Tiouandé - Ouanache - Congouma - Paola
municipales_2026,1,,,988,98830,Touho,TOUHO,0004,409,261,148,252,3,6,2,,,,,,Alphonse Boulet POININE UNI,134,32.76,53.17,,Paola,PAOLA,1,Paola,Touho,LIEU_DIT_NC,TRIBU,Pwoï,165.1103595238747,-20.77393379422664,tribus_villages_nc,123,3003,Tiouandé - Ouanache - Congouma - Paola
municipales_2026,1,,,988,98831,Voh,VOH,0001,778,436,342,420,12,4,1,,,,,,Emmanuel LOUISY-GABRIEL RENOUVOH,198,25.45,47.14,,Mairie,MAIRIE,0.98,Mairie de Voh,,ADMINISTRATION ET ORGANISME,Administrations des collectivités,Administration de la commune de Voh,164.686182051524,-20.9488288857597,etablissements_publics_nc,129,3101,Voh village - Gatope
municipales_2026,1,,,988,98831,Voh,VOH,0001,778,436,342,420,12,4,2,,,,,,Joel BOATATE KOLEKOLE UNION NATIONALE POUR L'INDEPENDANCE,112,14.4,26.67,,Mairie,MAIRIE,0.98,Mairie de Voh,,ADMINISTRATION ET ORGANISME,Administrations des collectivités,Administration de la commune de Voh,164.686182051524,-20.9488288857597,etablissements_publics_nc,129,3101,Voh village - Gatope
municipales_2026,1,,,988,98831,Voh,VOH,0001,778,436,342,420,12,4,3,,,,,,Thierry POUYA SOUVERAINETE CALEDONIENNE,67,8.61,15.95,,Mairie,MAIRIE,0.98,Mairie de Voh,,ADMINISTRATION ET ORGANISME,Administrations des collectivités,Administration de la commune de Voh,164.686182051524,-20.9488288857597,etablissements_publics_nc,129,3101,Voh village - Gatope
municipales_2026,1,,,988,98831,Voh,VOH,0001,778,436,342,420,12,4,4,,,,,,David POITHILY UC ET NATIONALISTES,43,5.53,10.24,,Mairie,MAIRIE,0.98,Mairie de Voh,,ADMINISTRATION ET ORGANISME,Administrations des collectivités,Administration de la commune de Voh,164.686182051524,-20.9488288857597,etablissements_publics_nc,129,3101,Voh village - Gatope
municipales_2026,1,,,988,98831,Voh,VOH,0002,324,198,126,194,3,1,1,,,,,,Emmanuel LOUISY-GABRIEL RENOUVOH,72,22.22,37.11,,Témala,TEMALA,0.93,Ecole primaire de Témala Ouélisse,,ENSEIGNEMENT ET FORMATION,Enseignement du premier degré,Ecole élémentaire,164.689267929949,-20.87135077045,etablissements_publics_nc,130,3103,Témala
municipales_2026,1,,,988,98831,Voh,VOH,0002,324,198,126,194,3,1,2,,,,,,Joel BOATATE KOLEKOLE UNION NATIONALE POUR L'INDEPENDANCE,66,20.37,34.02,,Témala,TEMALA,0.93,Ecole primaire de Témala Ouélisse,,ENSEIGNEMENT ET FORMATION,Enseignement du premier degré,Ecole élémentaire,164.689267929949,-20.87135077045,etablissements_publics_nc,130,3103,Témala
municipales_2026,1,,,988,98831,Voh,VOH,0002,324,198,126,194,3,1,3,,,,,,Thierry POUYA SOUVERAINETE CALEDONIENNE,21,6.48,10.82,,Témala,TEMALA,0.93,Ecole primaire de Témala Ouélisse,,ENSEIGNEMENT ET FORMATION,Enseignement du premier degré,Ecole élémentaire,164.689267929949,-20.87135077045,etablissements_publics_nc,130,3103,Témala
municipales_2026,1,,,988,98831,Voh,VOH,0002,324,198,126,194,3,1,4,,,,,,David POITHILY UC ET NATIONALISTES,35,10.8,18.04,,Témala,TEMALA,0.93,Ecole primaire de Témala Ouélisse,,ENSEIGNEMENT ET FORMATION,Enseignement du premier degré,Ecole élémentaire,164.689267929949,-20.87135077045,etablissements_publics_nc,130,3103,Témala
municipales_2026,1,,,988,98831,Voh,VOH,0003,53,41,12,37,0,4,1,,,,,,Emmanuel LOUISY-GABRIEL RENOUVOH,1,1.89,2.7,,Ouengo,OUENGO,1,Ouango - Pouépaï,Voh,LIEU_DIT_NC,TRIBU,Hwaago,164.74217311646055,-20.784454291123556,tribus_villages_nc,130,3103,Témala
municipales_2026,1,,,988,98831,Voh,VOH,0003,53,41,12,37,0,4,2,,,,,,Joel BOATATE KOLEKOLE UNION NATIONALE POUR L'INDEPENDANCE,34,64.15,91.89,,Ouengo,OUENGO,1,Ouango - Pouépaï,Voh,LIEU_DIT_NC,TRIBU,Hwaago,164.74217311646055,-20.784454291123556,tribus_villages_nc,130,3103,Témala
municipales_2026,1,,,988,98831,Voh,VOH,0003,53,41,12,37,0,4,3,,,,,,Thierry POUYA SOUVERAINETE CALEDONIENNE,1,1.89,2.7,,Ouengo,OUENGO,1,Ouango - Pouépaï,Voh,LIEU_DIT_NC,TRIBU,Hwaago,164.74217311646055,-20.784454291123556,tribus_villages_nc,130,3103,Témala
municipales_2026,1,,,988,98831,Voh,VOH,0003,53,41,12,37,0,4,4,,,,,,David POITHILY UC ET NATIONALISTES,1,1.89,2.7,,Ouengo,OUENGO,1,Ouango - Pouépaï,Voh,LIEU_DIT_NC,TRIBU,Hwaago,164.74217311646055,-20.784454291123556,tribus_villages_nc,130,3103,Témala
municipales_2026,1,,,988,98831,Voh,VOH,0004,277,190,87,186,2,2,1,,,,,,Emmanuel LOUISY-GABRIEL RENOUVOH,20,7.22,10.75,,Local socio-éducatif de Tieta,LOCAL SOCIO EDUCATIF TIETA,0.846,Foyer socio-éducatif de Tiéta,,CULTUREL ET SOCIO EDUCATIF,Equipements socio-éducatifs et socio-culturels,Foyer socio culturel,164.740133724095,-20.9210724511979,etablissements_publics_nc,131,3106,Tiéta
municipales_2026,1,,,988,98831,Voh,VOH,0004,277,190,87,186,2,2,2,,,,,,Joel BOATATE KOLEKOLE UNION NATIONALE POUR L'INDEPENDANCE,60,21.66,32.26,,Local socio-éducatif de Tieta,LOCAL SOCIO EDUCATIF TIETA,0.846,Foyer socio-éducatif de Tiéta,,CULTUREL ET SOCIO EDUCATIF,Equipements socio-éducatifs et socio-culturels,Foyer socio culturel,164.740133724095,-20.9210724511979,etablissements_publics_nc,131,3106,Tiéta
municipales_2026,1,,,988,98831,Voh,VOH,0004,277,190,87,186,2,2,3,,,,,,Thierry POUYA SOUVERAINETE CALEDONIENNE,18,6.5,9.68,,Local socio-éducatif de Tieta,LOCAL SOCIO EDUCATIF TIETA,0.846,Foyer socio-éducatif de Tiéta,,CULTUREL ET SOCIO EDUCATIF,Equipements socio-éducatifs et socio-culturels,Foyer socio culturel,164.740133724095,-20.9210724511979,etablissements_publics_nc,131,3106,Tiéta
municipales_2026,1,,,988,98831,Voh,VOH,0004,277,190,87,186,2,2,4,,,,,,David POITHILY UC ET NATIONALISTES,88,31.77,47.31,,Local socio-éducatif de Tieta,LOCAL SOCIO EDUCATIF TIETA,0.846,Foyer socio-éducatif de Tiéta,,CULTUREL ET SOCIO EDUCATIF,Equipements socio-éducatifs et socio-culturels,Foyer socio culturel,164.740133724095,-20.9210724511979,etablissements_publics_nc,131,3106,Tiéta
municipales_2026,1,,,988,98831,Voh,VOH,0005,359,240,119,233,5,2,1,,,,,,Emmanuel LOUISY-GABRIEL RENOUVOH,45,12.53,19.31,,Local socio-éducatif de Oundjo,LOCAL SOCIO EDUCATIF OUNDJO,0.821,Foyer socio-éducatif d'Oundjo,,CULTUREL ET SOCIO EDUCATIF,Equipements socio-éducatifs et socio-culturels,Foyer socio culturel,164.697579851987,-21.0373781816945,etablissements_publics_nc,129,3101,Voh village - Gatope
municipales_2026,1,,,988,98831,Voh,VOH,0005,359,240,119,233,5,2,2,,,,,,Joel BOATATE KOLEKOLE UNION NATIONALE POUR L'INDEPENDANCE,119,33.15,51.07,,Local socio-éducatif de Oundjo,LOCAL SOCIO EDUCATIF OUNDJO,0.821,Foyer socio-éducatif d'Oundjo,,CULTUREL ET SOCIO EDUCATIF,Equipements socio-éducatifs et socio-culturels,Foyer socio culturel,164.697579851987,-21.0373781816945,etablissements_publics_nc,129,3101,Voh village - Gatope
municipales_2026,1,,,988,98831,Voh,VOH,0005,359,240,119,233,5,2,3,,,,,,Thierry POUYA SOUVERAINETE CALEDONIENNE,12,3.34,5.15,,Local socio-éducatif de Oundjo,LOCAL SOCIO EDUCATIF OUNDJO,0.821,Foyer socio-éducatif d'Oundjo,,CULTUREL ET SOCIO EDUCATIF,Equipements socio-éducatifs et socio-culturels,Foyer socio culturel,164.697579851987,-21.0373781816945,etablissements_publics_nc,129,3101,Voh village - Gatope
municipales_2026,1,,,988,98831,Voh,VOH,0005,359,240,119,233,5,2,4,,,,,,David POITHILY UC ET NATIONALISTES,57,15.88,24.46,,Local socio-éducatif de Oundjo,LOCAL SOCIO EDUCATIF OUNDJO,0.821,Foyer socio-éducatif d'Oundjo,,CULTUREL ET SOCIO EDUCATIF,Equipements socio-éducatifs et socio-culturels,Foyer socio culturel,164.697579851987,-21.0373781816945,etablissements_publics_nc,129,3101,Voh village - Gatope
municipales_2026,1,,,988,98831,Voh,VOH,0006,205,150,55,149,0,1,1,,,,,,Emmanuel LOUISY-GABRIEL RENOUVOH,13,6.34,8.72,,Local socio-éducatif de Boyen,LOCAL SOCIO EDUCATIF BOYEN,0.717,Foyer socio-éducatif de Gatope,,CULTUREL ET SOCIO EDUCATIF,Equipements socio-éducatifs et socio-culturels,Foyer socio culturel,164.666715225632,-20.9652133930634,etablissements_publics_nc,129,3101,Voh village - Gatope
municipales_2026,1,,,988,98831,Voh,VOH,0006,205,150,55,149,0,1,2,,,,,,Joel BOATATE KOLEKOLE UNION NATIONALE POUR L'INDEPENDANCE,49,23.9,32.89,,Local socio-éducatif de Boyen,LOCAL SOCIO EDUCATIF BOYEN,0.717,Foyer socio-éducatif de Gatope,,CULTUREL ET SOCIO EDUCATIF,Equipements socio-éducatifs et socio-culturels,Foyer socio culturel,164.666715225632,-20.9652133930634,etablissements_publics_nc,129,3101,Voh village - Gatope
municipales_2026,1,,,988,98831,Voh,VOH,0006,205,150,55,149,0,1,3,,,,,,Thierry POUYA SOUVERAINETE CALEDONIENNE,17,8.29,11.41,,Local socio-éducatif de Boyen,LOCAL SOCIO EDUCATIF BOYEN,0.717,Foyer socio-éducatif de Gatope,,CULTUREL ET SOCIO EDUCATIF,Equipements socio-éducatifs et socio-culturels,Foyer socio culturel,164.666715225632,-20.9652133930634,etablissements_publics_nc,129,3101,Voh village - Gatope
municipales_2026,1,,,988,98831,Voh,VOH,0006,205,150,55,149,0,1,4,,,,,,David POITHILY UC ET NATIONALISTES,70,34.15,46.98,,Local socio-éducatif de Boyen,LOCAL SOCIO EDUCATIF BOYEN,0.717,Foyer socio-éducatif de Gatope,,CULTUREL ET SOCIO EDUCATIF,Equipements socio-éducatifs et socio-culturels,Foyer socio culturel,164.666715225632,-20.9652133930634,etablissements_publics_nc,129,3101,Voh village - Gatope
municipales_2026,1,,,988,98831,Voh,VOH,0007,360,241,119,240,0,1,1,,,,,,Emmanuel LOUISY-GABRIEL RENOUVOH,5,1.39,2.08,,Local socio-éducatif de Témala,LOCAL SOCIO EDUCATIF TEMALA,0.755,Foyer socio-éducatif de Tiéta,,CULTUREL ET SOCIO EDUCATIF,Equipements socio-éducatifs et socio-culturels,Foyer socio culturel,164.740133724095,-20.9210724511979,etablissements_publics_nc,131,3106,Tiéta
municipales_2026,1,,,988,98831,Voh,VOH,0007,360,241,119,240,0,1,2,,,,,,Joel BOATATE KOLEKOLE UNION NATIONALE POUR L'INDEPENDANCE,170,47.22,70.83,,Local socio-éducatif de Témala,LOCAL SOCIO EDUCATIF TEMALA,0.755,Foyer socio-éducatif de Tiéta,,CULTUREL ET SOCIO EDUCATIF,Equipements socio-éducatifs et socio-culturels,Foyer socio culturel,164.740133724095,-20.9210724511979,etablissements_publics_nc,131,3106,Tiéta
municipales_2026,1,,,988,98831,Voh,VOH,0007,360,241,119,240,0,1,3,,,,,,Thierry POUYA SOUVERAINETE CALEDONIENNE,10,2.78,4.17,,Local socio-éducatif de Témala,LOCAL SOCIO EDUCATIF TEMALA,0.755,Foyer socio-éducatif de Tiéta,,CULTUREL ET SOCIO EDUCATIF,Equipements socio-éducatifs et socio-culturels,Foyer socio culturel,164.740133724095,-20.9210724511979,etablissements_publics_nc,131,3106,Tiéta
municipales_2026,1,,,988,98831,Voh,VOH,0007,360,241,119,240,0,1,4,,,,,,David POITHILY UC ET NATIONALISTES,55,15.28,22.92,,Local socio-éducatif de Témala,LOCAL SOCIO EDUCATIF TEMALA,0.755,Foyer socio-éducatif de Tiéta,,CULTUREL ET SOCIO EDUCATIF,Equipements socio-éducatifs et socio-culturels,Foyer socio culturel,164.740133724095,-20.9210724511979,etablissements_publics_nc,131,3106,Tiéta
municipales_2026,1,,,988,98831,Voh,VOH,0008,138,99,39,95,4,0,1,,,,,,Emmanuel LOUISY-GABRIEL RENOUVOH,0,0,0,,,,0.99,Gatope,Voh,ARRETE_MANUAL,TRIBU,Webwihoon,164.66949443382563,-20.965828575807695,arrete_manual_tribus,129,3101,Voh village - Gatope
municipales_2026,1,,,988,98831,Voh,VOH,0008,138,99,39,95,4,0,2,,,,,,Joel BOATATE KOLEKOLE UNION NATIONALE POUR L'INDEPENDANCE,31,22.46,32.63,,,,0.99,Gatope,Voh,ARRETE_MANUAL,TRIBU,Webwihoon,164.66949443382563,-20.965828575807695,arrete_manual_tribus,129,3101,Voh village - Gatope
municipales_2026,1,,,988,98831,Voh,VOH,0008,138,99,39,95,4,0,3,,,,,,Thierry POUYA SOUVERAINETE CALEDONIENNE,1,0.72,1.05,,,,0.99,Gatope,Voh,ARRETE_MANUAL,TRIBU,Webwihoon,164.66949443382563,-20.965828575807695,arrete_manual_tribus,129,3101,Voh village - Gatope
municipales_2026,1,,,988,98831,Voh,VOH,0008,138,99,39,95,4,0,4,,,,,,David POITHILY UC ET NATIONALISTES,63,45.65,66.32,,,,0.99,Gatope,Voh,ARRETE_MANUAL,TRIBU,Webwihoon,164.66949443382563,-20.965828575807695,arrete_manual_tribus,129,3101,Voh village - Gatope
municipales_2026,1,,,988,98832,Yaté,YATE,0001,309,242,67,240,1,1,1,,,,,,Sandrine AOURIGNA EP ATINOUA TREE YATRE VE TRAPE DRÜU YË KANAKY-NC,21,6.8,8.75,,Mairie,MAIRIE,0.7,YATE,Yaté,LIEU_DIT_NC,VILLE,,166.94326054599946,-22.16058963447543,tribus_villages_nc,132,3201,Waho Touaourou Goro
municipales_2026,1,,,988,98832,Yaté,YATE,0001,309,242,67,240,1,1,2,,,,,,Louis Pidjot HOMOU YATE VERS UNE NATION SOUVERAINE,175,56.63,72.92,,Mairie,MAIRIE,0.7,YATE,Yaté,LIEU_DIT_NC,VILLE,,166.94326054599946,-22.16058963447543,tribus_villages_nc,132,3201,Waho Touaourou Goro
municipales_2026,1,,,988,98832,Yaté,YATE,0001,309,242,67,240,1,1,3,,,,,,Marie Renee Vanessa TIHA EBUMUIRE ME YATRE ITEA,44,14.24,18.33,,Mairie,MAIRIE,0.7,YATE,Yaté,LIEU_DIT_NC,VILLE,,166.94326054599946,-22.16058963447543,tribus_villages_nc,132,3201,Waho Touaourou Goro
municipales_2026,1,,,988,98832,Yaté,YATE,0002,487,354,133,354,0,0,1,,,,,,Sandrine AOURIGNA EP ATINOUA TREE YATRE VE TRAPE DRÜU YË KANAKY-NC,112,23,31.64,,Touaourou,TOUAOUROU,1,Touaourou,Yaté,LIEU_DIT_NC,TRIBU,,166.97497872151834,-22.190244269832505,tribus_villages_nc,132,3201,Waho Touaourou Goro
municipales_2026,1,,,988,98832,Yaté,YATE,0002,487,354,133,354,0,0,2,,,,,,Louis Pidjot HOMOU YATE VERS UNE NATION SOUVERAINE,223,45.79,62.99,,Touaourou,TOUAOUROU,1,Touaourou,Yaté,LIEU_DIT_NC,TRIBU,,166.97497872151834,-22.190244269832505,tribus_villages_nc,132,3201,Waho Touaourou Goro
municipales_2026,1,,,988,98832,Yaté,YATE,0002,487,354,133,354,0,0,3,,,,,,Marie Renee Vanessa TIHA EBUMUIRE ME YATRE ITEA,19,3.9,5.37,,Touaourou,TOUAOUROU,1,Touaourou,Yaté,LIEU_DIT_NC,TRIBU,,166.97497872151834,-22.190244269832505,tribus_villages_nc,132,3201,Waho Touaourou Goro
municipales_2026,1,,,988,98832,Yaté,YATE,0003,239,169,70,167,2,0,1,,,,,,Sandrine AOURIGNA EP ATINOUA TREE YATRE VE TRAPE DRÜU YË KANAKY-NC,13,5.44,7.78,,Goro,GORO,1,Goro,Yaté,LIEU_DIT_NC,TRIBU,Xéré,167.0163659290303,-22.286011229502463,tribus_villages_nc,132,3201,Waho Touaourou Goro
municipales_2026,1,,,988,98832,Yaté,YATE,0003,239,169,70,167,2,0,2,,,,,,Louis Pidjot HOMOU YATE VERS UNE NATION SOUVERAINE,101,42.26,60.48,,Goro,GORO,1,Goro,Yaté,LIEU_DIT_NC,TRIBU,Xéré,167.0163659290303,-22.286011229502463,tribus_villages_nc,132,3201,Waho Touaourou Goro
municipales_2026,1,,,988,98832,Yaté,YATE,0003,239,169,70,167,2,0,3,,,,,,Marie Renee Vanessa TIHA EBUMUIRE ME YATRE ITEA,53,22.18,31.74,,Goro,GORO,1,Goro,Yaté,LIEU_DIT_NC,TRIBU,Xéré,167.0163659290303,-22.286011229502463,tribus_villages_nc,132,3201,Waho Touaourou Goro
municipales_2026,1,,,988,98832,Yaté,YATE,0004,795,601,194,596,1,4,1,,,,,,Sandrine AOURIGNA EP ATINOUA TREE YATRE VE TRAPE DRÜU YË KANAKY-NC,205,25.79,34.4,,Unia,UNIA,1,Unia,Yaté,LIEU_DIT_NC,TRIBU,,166.89998901288348,-22.06107261844911,tribus_villages_nc,133,3202,Unia Ouinné
municipales_2026,1,,,988,98832,Yaté,YATE,0004,795,601,194,596,1,4,2,,,,,,Louis Pidjot HOMOU YATE VERS UNE NATION SOUVERAINE,312,39.25,52.35,,Unia,UNIA,1,Unia,Yaté,LIEU_DIT_NC,TRIBU,,166.89998901288348,-22.06107261844911,tribus_villages_nc,133,3202,Unia Ouinné
municipales_2026,1,,,988,98832,Yaté,YATE,0004,795,601,194,596,1,4,3,,,,,,Marie Renee Vanessa TIHA EBUMUIRE ME YATRE ITEA,79,9.94,13.26,,Unia,UNIA,1,Unia,Yaté,LIEU_DIT_NC,TRIBU,,166.89998901288348,-22.06107261844911,tribus_villages_nc,133,3202,Unia Ouinné
municipales_2026,1,,,988,98833,Kouaoua,KOUAOUA,0001,580,419,161,418,1,0,1,,,,,,Alcide PONGA KAAWIIPAA TERRE COMMUNE ET AVENIR,145,25,34.69,,Mairie,MAIRIE,0.7,KOUAOUA,Kouaoua,LIEU_DIT_NC,VILLE,Aumu,165.82856671021466,-21.396045166693337,tribus_villages_nc,134,3301,Kouaoua village - Amon Kasiori
municipales_2026,1,,,988,98833,Kouaoua,KOUAOUA,0001,580,419,161,418,1,0,2,,,,,,Suzanne - Poawe MEREATU VISION KAAWIIPAA,63,10.86,15.07,,Mairie,MAIRIE,0.7,KOUAOUA,Kouaoua,LIEU_DIT_NC,VILLE,Aumu,165.82856671021466,-21.396045166693337,tribus_villages_nc,134,3301,Kouaoua village - Amon Kasiori
municipales_2026,1,,,988,98833,Kouaoua,KOUAOUA,0001,580,419,161,418,1,0,3,,,,,,Thérèse - Jacqueline COUIEMOIN TO CHAA TRUNODO VEII KANAKY,52,8.97,12.44,,Mairie,MAIRIE,0.7,KOUAOUA,Kouaoua,LIEU_DIT_NC,VILLE,Aumu,165.82856671021466,-21.396045166693337,tribus_villages_nc,134,3301,Kouaoua village - Amon Kasiori
municipales_2026,1,,,988,98833,Kouaoua,KOUAOUA,0001,580,419,161,418,1,0,4,,,,,,Franck DIOPOUE NOORE KAAWIIPAA NA TRU NEWE NIARREHI RI - KOUOUA MAITRE DE SON AVENIR,158,27.24,37.8,,Mairie,MAIRIE,0.7,KOUAOUA,Kouaoua,LIEU_DIT_NC,VILLE,Aumu,165.82856671021466,-21.396045166693337,tribus_villages_nc,134,3301,Kouaoua village - Amon Kasiori
municipales_2026,1,,,988,98833,Kouaoua,KOUAOUA,0002,287,199,88,199,0,0,1,,,,,,Alcide PONGA KAAWIIPAA TERRE COMMUNE ET AVENIR,40,13.94,20.1,,Maison commune de Ouérou-Pimet,MAISON COMMUNE OUEROU PIMET,0.95,Ouéroupimé,Kouaoua,LIEU_DIT_NC,TRIBU,Wérupimé,165.72221294003012,-21.49791198784617,tribus_villages_nc,135,3302,Méa Mébara - Ouérou Pimet
municipales_2026,1,,,988,98833,Kouaoua,KOUAOUA,0002,287,199,88,199,0,0,2,,,,,,Suzanne - Poawe MEREATU VISION KAAWIIPAA,19,6.62,9.55,,Maison commune de Ouérou-Pimet,MAISON COMMUNE OUEROU PIMET,0.95,Ouéroupimé,Kouaoua,LIEU_DIT_NC,TRIBU,Wérupimé,165.72221294003012,-21.49791198784617,tribus_villages_nc,135,3302,Méa Mébara - Ouérou Pimet
municipales_2026,1,,,988,98833,Kouaoua,KOUAOUA,0002,287,199,88,199,0,0,3,,,,,,Thérèse - Jacqueline COUIEMOIN TO CHAA TRUNODO VEII KANAKY,69,24.04,34.67,,Maison commune de Ouérou-Pimet,MAISON COMMUNE OUEROU PIMET,0.95,Ouéroupimé,Kouaoua,LIEU_DIT_NC,TRIBU,Wérupimé,165.72221294003012,-21.49791198784617,tribus_villages_nc,135,3302,Méa Mébara - Ouérou Pimet
municipales_2026,1,,,988,98833,Kouaoua,KOUAOUA,0002,287,199,88,199,0,0,4,,,,,,Franck DIOPOUE NOORE KAAWIIPAA NA TRU NEWE NIARREHI RI - KOUOUA MAITRE DE SON AVENIR,71,24.74,35.68,,Maison commune de Ouérou-Pimet,MAISON COMMUNE OUEROU PIMET,0.95,Ouéroupimé,Kouaoua,LIEU_DIT_NC,TRIBU,Wérupimé,165.72221294003012,-21.49791198784617,tribus_villages_nc,135,3302,Méa Mébara - Ouérou Pimet
municipales_2026,1,,,988,98833,Kouaoua,KOUAOUA,0003,148,126,22,120,4,2,1,,,,,,Alcide PONGA KAAWIIPAA TERRE COMMUNE ET AVENIR,42,28.38,35,,Koh,KOH,1,Koh,Kouaoua,LIEU_DIT_NC,TRIBU,,165.83542921955194,-21.536184530370736,tribus_villages_nc,135,3302,Méa Mébara - Ouérou Pimet
municipales_2026,1,,,988,98833,Kouaoua,KOUAOUA,0003,148,126,22,120,4,2,2,,,,,,Suzanne - Poawe MEREATU VISION KAAWIIPAA,3,2.03,2.5,,Koh,KOH,1,Koh,Kouaoua,LIEU_DIT_NC,TRIBU,,165.83542921955194,-21.536184530370736,tribus_villages_nc,135,3302,Méa Mébara - Ouérou Pimet
municipales_2026,1,,,988,98833,Kouaoua,KOUAOUA,0003,148,126,22,120,4,2,3,,,,,,Thérèse - Jacqueline COUIEMOIN TO CHAA TRUNODO VEII KANAKY,39,26.35,32.5,,Koh,KOH,1,Koh,Kouaoua,LIEU_DIT_NC,TRIBU,,165.83542921955194,-21.536184530370736,tribus_villages_nc,135,3302,Méa Mébara - Ouérou Pimet
municipales_2026,1,,,988,98833,Kouaoua,KOUAOUA,0003,148,126,22,120,4,2,4,,,,,,Franck DIOPOUE NOORE KAAWIIPAA NA TRU NEWE NIARREHI RI - KOUOUA MAITRE DE SON AVENIR,36,24.32,30,,Koh,KOH,1,Koh,Kouaoua,LIEU_DIT_NC,TRIBU,,165.83542921955194,-21.536184530370736,tribus_villages_nc,135,3302,Méa Mébara - Ouérou Pimet
municipales_2026,1,,,988,98833,Kouaoua,KOUAOUA,0004,191,145,46,144,0,1,1,,,,,,Alcide PONGA KAAWIIPAA TERRE COMMUNE ET AVENIR,31,16.23,21.53,,Méa-Mébara,MEA MEBARA,1,Méa Mébara,Kouaoua,LIEU_DIT_NC,TRIBU,,165.78859040310297,-21.469132110021317,tribus_villages_nc,135,3302,Méa Mébara - Ouérou Pimet
municipales_2026,1,,,988,98833,Kouaoua,KOUAOUA,0004,191,145,46,144,0,1,2,,,,,,Suzanne - Poawe MEREATU VISION KAAWIIPAA,22,11.52,15.28,,Méa-Mébara,MEA MEBARA,1,Méa Mébara,Kouaoua,LIEU_DIT_NC,TRIBU,,165.78859040310297,-21.469132110021317,tribus_villages_nc,135,3302,Méa Mébara - Ouérou Pimet
municipales_2026,1,,,988,98833,Kouaoua,KOUAOUA,0004,191,145,46,144,0,1,3,,,,,,Thérèse - Jacqueline COUIEMOIN TO CHAA TRUNODO VEII KANAKY,33,17.28,22.92,,Méa-Mébara,MEA MEBARA,1,Méa Mébara,Kouaoua,LIEU_DIT_NC,TRIBU,,165.78859040310297,-21.469132110021317,tribus_villages_nc,135,3302,Méa Mébara - Ouérou Pimet
municipales_2026,1,,,988,98833,Kouaoua,KOUAOUA,0004,191,145,46,144,0,1,4,,,,,,Franck DIOPOUE NOORE KAAWIIPAA NA TRU NEWE NIARREHI RI - KOUOUA MAITRE DE SON AVENIR,58,30.37,40.28,,Méa-Mébara,MEA MEBARA,1,Méa Mébara,Kouaoua,LIEU_DIT_NC,TRIBU,,165.78859040310297,-21.469132110021317,tribus_villages_nc,135,3302,Méa Mébara - Ouérou Pimet
municipales_2026,2,,,988,98802,Bouloupari,BOULOUPARI,0001,929,674,255,658,5,11,1,,,,,,Karlheinz CREUGNETBoulouparisau coeur de nos vies,237,25.51,36.02,,Mairie,MAIRIE,0.98,Mairie de Boulouparis,,ADMINISTRATION ET ORGANISME,Administrations des collectivités,Administration de la commune de Boulouparis,166.047711423762,-21.8654175541592,etablissements_publics_nc,88,201,Boulouparis village
municipales_2026,2,,,988,98802,Bouloupari,BOULOUPARI,0001,929,674,255,658,5,11,2,,,,,,"Roger Philippe THEVEDINConstruire ensemble, Berepwari",174,18.73,26.44,,Mairie,MAIRIE,0.98,Mairie de Boulouparis,,ADMINISTRATION ET ORGANISME,Administrations des collectivités,Administration de la commune de Boulouparis,166.047711423762,-21.8654175541592,etablissements_publics_nc,88,201,Boulouparis village
municipales_2026,2,,,988,98802,Bouloupari,BOULOUPARI,0001,929,674,255,658,5,11,3,,,,,,Pascal VITTORIBoulouparispour vous,247,26.59,37.54,,Mairie,MAIRIE,0.98,Mairie de Boulouparis,,ADMINISTRATION ET ORGANISME,Administrations des collectivités,Administration de la commune de Boulouparis,166.047711423762,-21.8654175541592,etablissements_publics_nc,88,201,Boulouparis village
municipales_2026,2,,,988,98802,Bouloupari,BOULOUPARI,0002,855,654,201,647,3,4,1,,,,,,Karlheinz CREUGNETBoulouparisau coeur de nos vies,235,27.49,36.32,,Centre Culturel,CENTRE CULTUREL,0.833,Centre Socioculturel,,CULTUREL ET SOCIO EDUCATIF,Equipements socio-éducatifs et socio-culturels,Foyer socio culturel,166.049037015845,-21.8654352350015,etablissements_publics_nc,88,201,Boulouparis village
municipales_2026,2,,,988,98802,Bouloupari,BOULOUPARI,0002,855,654,201,647,3,4,2,,,,,,"Roger Philippe THEVEDINConstruire ensemble, Berepwari",67,7.84,10.36,,Centre Culturel,CENTRE CULTUREL,0.833,Centre Socioculturel,,CULTUREL ET SOCIO EDUCATIF,Equipements socio-éducatifs et socio-culturels,Foyer socio culturel,166.049037015845,-21.8654352350015,etablissements_publics_nc,88,201,Boulouparis village
municipales_2026,2,,,988,98802,Bouloupari,BOULOUPARI,0002,855,654,201,647,3,4,3,,,,,,Pascal VITTORIBoulouparispour vous,345,40.35,53.32,,Centre Culturel,CENTRE CULTUREL,0.833,Centre Socioculturel,,CULTUREL ET SOCIO EDUCATIF,Equipements socio-éducatifs et socio-culturels,Foyer socio culturel,166.049037015845,-21.8654352350015,etablissements_publics_nc,88,201,Boulouparis village
municipales_2026,2,,,988,98802,Bouloupari,BOULOUPARI,0003,830,635,195,617,9,9,1,,,,,,Karlheinz CREUGNETBoulouparisau coeur de nos vies,297,35.78,48.14,,Mairie (Maison des associations),MAIRIE MAISON ASSOCIATIONS,0.93,Maison des Associations,,CULTUREL ET SOCIO EDUCATIF,Equipements socio-éducatifs et socio-culturels,Autre équipement socio-éducatif et socio-culturel,166.047082551458,-21.8655893376649,etablissements_publics_nc,88,201,Boulouparis village
municipales_2026,2,,,988,98802,Bouloupari,BOULOUPARI,0003,830,635,195,617,9,9,2,,,,,,"Roger Philippe THEVEDINConstruire ensemble, Berepwari",102,12.29,16.53,,Mairie (Maison des associations),MAIRIE MAISON ASSOCIATIONS,0.93,Maison des Associations,,CULTUREL ET SOCIO EDUCATIF,Equipements socio-éducatifs et socio-culturels,Autre équipement socio-éducatif et socio-culturel,166.047082551458,-21.8655893376649,etablissements_publics_nc,88,201,Boulouparis village
municipales_2026,2,,,988,98802,Bouloupari,BOULOUPARI,0003,830,635,195,617,9,9,3,,,,,,Pascal VITTORIBoulouparispour vous,218,26.27,35.33,,Mairie (Maison des associations),MAIRIE MAISON ASSOCIATIONS,0.93,Maison des Associations,,CULTUREL ET SOCIO EDUCATIF,Equipements socio-éducatifs et socio-culturels,Autre équipement socio-éducatif et socio-culturel,166.047082551458,-21.8655893376649,etablissements_publics_nc,88,201,Boulouparis village
municipales_2026,2,,,988,98802,Bouloupari,BOULOUPARI,0004,767,521,246,513,6,2,1,,,,,,Karlheinz CREUGNETBoulouparisau coeur de nos vies,163,21.25,31.77,,Centre culturel,CENTRE CULTUREL,0.833,Centre Socioculturel,,CULTUREL ET SOCIO EDUCATIF,Equipements socio-éducatifs et socio-culturels,Foyer socio culturel,166.049037015845,-21.8654352350015,etablissements_publics_nc,88,201,Boulouparis village
municipales_2026,2,,,988,98802,Bouloupari,BOULOUPARI,0004,767,521,246,513,6,2,2,,,,,,"Roger Philippe THEVEDINConstruire ensemble, Berepwari",106,13.82,20.66,,Centre culturel,CENTRE CULTUREL,0.833,Centre Socioculturel,,CULTUREL ET SOCIO EDUCATIF,Equipements socio-éducatifs et socio-culturels,Foyer socio culturel,166.049037015845,-21.8654352350015,etablissements_publics_nc,88,201,Boulouparis village
municipales_2026,2,,,988,98802,Bouloupari,BOULOUPARI,0004,767,521,246,513,6,2,3,,,,,,Pascal VITTORIBoulouparispour vous,244,31.81,47.56,,Centre culturel,CENTRE CULTUREL,0.833,Centre Socioculturel,,CULTUREL ET SOCIO EDUCATIF,Equipements socio-éducatifs et socio-culturels,Foyer socio culturel,166.049037015845,-21.8654352350015,etablissements_publics_nc,88,201,Boulouparis village
municipales_2026,2,,,988,98803,Bourail,BOURAIL,0001,1002,656,346,642,7,7,1,LDIV,,,,,Jean-Paul ROBELIN Ambition Bourail,75,7.49,11.68,,Mairie,MAIRIE,0.98,Mairie de Bourail,,ADMINISTRATION ET ORGANISME,Administrations des collectivités,Administration de la commune de Bourail,165.497503614793,-21.5680444203004,etablissements_publics_nc,125,301,Bourail village
municipales_2026,2,,,988,98803,Bourail,BOURAIL,0001,1002,656,346,642,7,7,2,LDVD,,,,,LevayROY BOURAIL DEMAIN,297,29.64,46.26,,Mairie,MAIRIE,0.98,Mairie de Bourail,,ADMINISTRATION ET ORGANISME,Administrations des collectivités,Administration de la commune de Bourail,165.497503614793,-21.5680444203004,etablissements_publics_nc,125,301,Bourail village
municipales_2026,2,,,988,98803,Bourail,BOURAIL,0001,1002,656,346,642,7,7,3,LDVC,,,,,Patrick ROBELIN Bourail en accord,270,26.95,42.06,,Mairie,MAIRIE,0.98,Mairie de Bourail,,ADMINISTRATION ET ORGANISME,Administrations des collectivités,Administration de la commune de Bourail,165.497503614793,-21.5680444203004,etablissements_publics_nc,125,301,Bourail village
municipales_2026,2,,,988,98803,Bourail,BOURAIL,0002,896,646,250,642,2,2,1,LDIV,,,,,Jean-Paul ROBELIN Ambition Bourail,41,4.58,6.39,,Pothé,POTHE,0.93,Ecole de Pothé,,ENSEIGNEMENT ET FORMATION,Enseignement du premier degré,Ecole pré-élémentaire,165.491900847299,-21.4547330481005,etablissements_publics_nc,128,305,Ny
municipales_2026,2,,,988,98803,Bourail,BOURAIL,0002,896,646,250,642,2,2,2,LDVD,,,,,LevayROY BOURAIL DEMAIN,62,6.92,9.66,,Pothé,POTHE,0.93,Ecole de Pothé,,ENSEIGNEMENT ET FORMATION,Enseignement du premier degré,Ecole pré-élémentaire,165.491900847299,-21.4547330481005,etablissements_publics_nc,128,305,Ny
municipales_2026,2,,,988,98803,Bourail,BOURAIL,0002,896,646,250,642,2,2,3,LDVC,,,,,Patrick ROBELIN Bourail en accord,539,60.16,83.96,,Pothé,POTHE,0.93,Ecole de Pothé,,ENSEIGNEMENT ET FORMATION,Enseignement du premier degré,Ecole pré-élémentaire,165.491900847299,-21.4547330481005,etablissements_publics_nc,128,305,Ny
municipales_2026,2,,,988,98803,Bourail,BOURAIL,0003,1028,774,254,751,15,8,1,LDIV,,,,,Jean-Paul ROBELIN Ambition Bourail,158,15.37,21.04,,Colisée,COLISEE,0.93,Le Colisée - Salle de spectacle,,CULTUREL ET SOCIO EDUCATIF,Equipements culturels,Salle de concert,165.49385205691,-21.5656940047007,etablissements_publics_nc,125,301,Bourail village
municipales_2026,2,,,988,98803,Bourail,BOURAIL,0003,1028,774,254,751,15,8,2,LDVD,,,,,LevayROY BOURAIL DEMAIN,345,33.56,45.94,,Colisée,COLISEE,0.93,Le Colisée - Salle de spectacle,,CULTUREL ET SOCIO EDUCATIF,Equipements culturels,Salle de concert,165.49385205691,-21.5656940047007,etablissements_publics_nc,125,301,Bourail village
municipales_2026,2,,,988,98803,Bourail,BOURAIL,0003,1028,774,254,751,15,8,3,LDVC,,,,,Patrick ROBELIN Bourail en accord,248,24.12,33.02,,Colisée,COLISEE,0.93,Le Colisée - Salle de spectacle,,CULTUREL ET SOCIO EDUCATIF,Equipements culturels,Salle de concert,165.49385205691,-21.5656940047007,etablissements_publics_nc,125,301,Bourail village
municipales_2026,2,,,988,98803,Bourail,BOURAIL,0004,950,724,226,709,7,8,1,LDIV,,,,,Jean-Paul ROBELIN Ambition Bourail,95,10,13.4,,École Les Lys d’Eau,ECOLE LYS D EAU,0.85,Ecole primaire Les Lys d'Eau,,ENSEIGNEMENT ET FORMATION,Enseignement du premier degré,Ecole primaire,165.49748641875,-21.5730483252455,etablissements_publics_nc,125,301,Bourail village
municipales_2026,2,,,988,98803,Bourail,BOURAIL,0004,950,724,226,709,7,8,2,LDVD,,,,,LevayROY BOURAIL DEMAIN,357,37.58,50.35,,École Les Lys d’Eau,ECOLE LYS D EAU,0.85,Ecole primaire Les Lys d'Eau,,ENSEIGNEMENT ET FORMATION,Enseignement du premier degré,Ecole primaire,165.49748641875,-21.5730483252455,etablissements_publics_nc,125,301,Bourail village
municipales_2026,2,,,988,98803,Bourail,BOURAIL,0004,950,724,226,709,7,8,3,LDVC,,,,,Patrick ROBELIN Bourail en accord,257,27.05,36.25,,École Les Lys d’Eau,ECOLE LYS D EAU,0.85,Ecole primaire Les Lys d'Eau,,ENSEIGNEMENT ET FORMATION,Enseignement du premier degré,Ecole primaire,165.49748641875,-21.5730483252455,etablissements_publics_nc,125,301,Bourail village
municipales_2026,2,,,988,98803,Bourail,BOURAIL,0005,1000,731,269,722,7,2,1,LDIV,,,,,Jean-Paul ROBELIN Ambition Bourail,151,15.1,20.91,,École Louise Michel,ECOLE LOUISE MICHEL,0.859,Ecole primaire Louise Michel,,ENSEIGNEMENT ET FORMATION,Enseignement du premier degré,Ecole primaire,165.497379452405,-21.57045570157,etablissements_publics_nc,125,301,Bourail village
municipales_2026,2,,,988,98803,Bourail,BOURAIL,0005,1000,731,269,722,7,2,2,LDVD,,,,,LevayROY BOURAIL DEMAIN,339,33.9,46.95,,École Louise Michel,ECOLE LOUISE MICHEL,0.859,Ecole primaire Louise Michel,,ENSEIGNEMENT ET FORMATION,Enseignement du premier degré,Ecole primaire,165.497379452405,-21.57045570157,etablissements_publics_nc,125,301,Bourail village
municipales_2026,2,,,988,98803,Bourail,BOURAIL,0005,1000,731,269,722,7,2,3,LDVC,,,,,Patrick ROBELIN Bourail en accord,232,23.2,32.13,,École Louise Michel,ECOLE LOUISE MICHEL,0.859,Ecole primaire Louise Michel,,ENSEIGNEMENT ET FORMATION,Enseignement du premier degré,Ecole primaire,165.497379452405,-21.57045570157,etablissements_publics_nc,125,301,Bourail village
municipales_2026,2,,,988,98804,Canala,CANALA,0001,412,314,98,309,2,3,2,LREG,,,,,Caril BERONON XARACUU XEBUTU,180,43.69,58.25,,Mairie,MAIRIE,0.7,CANALA,Canala,LIEU_DIT_NC,VILLE,Xârâcùù,165.96392757417755,-21.522084905801098,tribus_villages_nc,136,401,Canala village
municipales_2026,2,,,988,98804,Canala,CANALA,0001,412,314,98,309,2,3,3,LREG,,,,,Gilbert TYUIENON TEPE AEE CE KANAKY DAAWANI,129,31.31,41.75,,Mairie,MAIRIE,0.7,CANALA,Canala,LIEU_DIT_NC,VILLE,Xârâcùù,165.96392757417755,-21.522084905801098,tribus_villages_nc,136,401,Canala village
municipales_2026,2,,,988,98804,Canala,CANALA,0002,507,421,86,418,1,2,2,LREG,,,,,Caril BERONON XARACUU XEBUTU,215,42.41,51.44,,Nakéty,NAKETY,1,Nakéty,Canala,LIEU_DIT_NC,TRIBU,Nèkètè,166.04631481753384,-21.54222544058342,tribus_villages_nc,137,403,Gélima - Nakéty
municipales_2026,2,,,988,98804,Canala,CANALA,0002,507,421,86,418,1,2,3,LREG,,,,,Gilbert TYUIENON TEPE AEE CE KANAKY DAAWANI,203,40.04,48.56,,Nakéty,NAKETY,1,Nakéty,Canala,LIEU_DIT_NC,TRIBU,Nèkètè,166.04631481753384,-21.54222544058342,tribus_villages_nc,137,403,Gélima - Nakéty
municipales_2026,2,,,988,98804,Canala,CANALA,0003,464,359,105,358,1,0,2,LREG,,,,,Caril BERONON XARACUU XEBUTU,178,38.36,49.72,,Nanon,NANON,0.95,Nanon-Kénérou,Canala,LIEU_DIT_NC,TRIBU,Nèno - Kénéru,165.88480729759476,-21.546697208816735,tribus_villages_nc,136,401,Canala village
municipales_2026,2,,,988,98804,Canala,CANALA,0003,464,359,105,358,1,0,3,LREG,,,,,Gilbert TYUIENON TEPE AEE CE KANAKY DAAWANI,180,38.79,50.28,,Nanon,NANON,0.95,Nanon-Kénérou,Canala,LIEU_DIT_NC,TRIBU,Nèno - Kénéru,165.88480729759476,-21.546697208816735,tribus_villages_nc,136,401,Canala village
municipales_2026,2,,,988,98804,Canala,CANALA,0004,819,671,148,667,2,2,2,LREG,,,,,Caril BERONON XARACUU XEBUTU,304,37.12,45.58,,Méhoué,MEHOUE,1,Méhoué,Canala,LIEU_DIT_NC,TRIBU,Mèèwéé,165.9494172177474,-21.51958486452521,tribus_villages_nc,136,401,Canala village
municipales_2026,2,,,988,98804,Canala,CANALA,0004,819,671,148,667,2,2,3,LREG,,,,,Gilbert TYUIENON TEPE AEE CE KANAKY DAAWANI,363,44.32,54.42,,Méhoué,MEHOUE,1,Méhoué,Canala,LIEU_DIT_NC,TRIBU,Mèèwéé,165.9494172177474,-21.51958486452521,tribus_villages_nc,136,401,Canala village
municipales_2026,2,,,988,98804,Canala,CANALA,0005,755,640,115,634,1,5,2,LREG,,,,,Caril BERONON XARACUU XEBUTU,317,41.99,50,,Gélima,GELIMA,1,Gélima,Canala,LIEU_DIT_NC,TRIBU,Jari Mwâ,165.98151543430086,-21.534392845846163,tribus_villages_nc,137,403,Gélima - Nakéty
municipales_2026,2,,,988,98804,Canala,CANALA,0005,755,640,115,634,1,5,3,LREG,,,,,Gilbert TYUIENON TEPE AEE CE KANAKY DAAWANI,317,41.99,50,,Gélima,GELIMA,1,Gélima,Canala,LIEU_DIT_NC,TRIBU,Jari Mwâ,165.98151543430086,-21.534392845846163,tribus_villages_nc,137,403,Gélima - Nakéty
municipales_2026,2,,,988,98804,Canala,CANALA,0006,317,238,79,238,0,0,2,LREG,,,,,Caril BERONON XARACUU XEBUTU,112,35.33,47.06,,Mérénémé,MERENEME,1,Mérénémé,Canala,LIEU_DIT_NC,TRIBU,,165.92818615112122,-21.514857403632252,tribus_villages_nc,136,401,Canala village
municipales_2026,2,,,988,98804,Canala,CANALA,0006,317,238,79,238,0,0,3,LREG,,,,,Gilbert TYUIENON TEPE AEE CE KANAKY DAAWANI,126,39.75,52.94,,Mérénémé,MERENEME,1,Mérénémé,Canala,LIEU_DIT_NC,TRIBU,,165.92818615112122,-21.514857403632252,tribus_villages_nc,136,401,Canala village
municipales_2026,2,,,988,98804,Canala,CANALA,0007,346,273,73,271,1,1,2,LREG,,,,,Caril BERONON XARACUU XEBUTU,156,45.09,57.56,,Tenda Koumendi,TENDA KOUMENDI,1,Tenda,Canala,LIEU_DIT_NC,TRIBU,Tèda Nèxinyi,166.03563428874068,-21.545648677139223,tribus_villages_nc,137,403,Gélima - Nakéty
municipales_2026,2,,,988,98804,Canala,CANALA,0007,346,273,73,271,1,1,3,LREG,,,,,Gilbert TYUIENON TEPE AEE CE KANAKY DAAWANI,115,33.24,42.44,,Tenda Koumendi,TENDA KOUMENDI,1,Tenda,Canala,LIEU_DIT_NC,TRIBU,Tèda Nèxinyi,166.03563428874068,-21.545648677139223,tribus_villages_nc,137,403,Gélima - Nakéty
municipales_2026,2,,,988,98805,Dumbéa,DUMBEA,0001,1096,640,456,632,4,4,1,LDVD,,,,,Cynthia JAN NÉE METZDORF UNIR POUR l'AVENIR,417,38.05,65.98,,Hôtel de Ville 1,MAIRIE,0.93,Mairie du Nord de Dumbéa,777 ROUTE TERRITORIALE N°1,ADMINISTRATION ET ORGANISME,Administrations des collectivités,Administration de la commune de Dumbéa,166.457501065839,-22.1675460417822,etablissements_publics_nc,149,512,Plaine de Koé
municipales_2026,2,,,988,98805,Dumbéa,DUMBEA,0001,1096,640,456,632,4,4,2,LDVC,,,,,Vaimua MULIAVA DUMBEA COLLECTIF,20,1.82,3.16,,Hôtel de Ville 1,MAIRIE,0.93,Mairie du Nord de Dumbéa,777 ROUTE TERRITORIALE N°1,ADMINISTRATION ET ORGANISME,Administrations des collectivités,Administration de la commune de Dumbéa,166.457501065839,-22.1675460417822,etablissements_publics_nc,149,512,Plaine de Koé
municipales_2026,2,,,988,98805,Dumbéa,DUMBEA,0001,1096,640,456,632,4,4,4,LDVD,,,,,Yoann LECOURIEUX DUMBEA AVANTTOUT!,151,13.78,23.89,,Hôtel de Ville 1,MAIRIE,0.93,Mairie du Nord de Dumbéa,777 ROUTE TERRITORIALE N°1,ADMINISTRATION ET ORGANISME,Administrations des collectivités,Administration de la commune de Dumbéa,166.457501065839,-22.1675460417822,etablissements_publics_nc,149,512,Plaine de Koé
municipales_2026,2,,,988,98805,Dumbéa,DUMBEA,0001,1096,640,456,632,4,4,5,LDVD,,,,,Muriel MALFAR-PAUGA PASSIONNEMENT DUMBEA,10,0.91,1.58,,Hôtel de Ville 1,MAIRIE,0.93,Mairie du Nord de Dumbéa,777 ROUTE TERRITORIALE N°1,ADMINISTRATION ET ORGANISME,Administrations des collectivités,Administration de la commune de Dumbéa,166.457501065839,-22.1675460417822,etablissements_publics_nc,149,512,Plaine de Koé
municipales_2026,2,,,988,98805,Dumbéa,DUMBEA,0001,1096,640,456,632,4,4,6,LREG,,,,,"Rachel AUCHER DUMBEA, AU SERVICE DU PEUPLE",34,3.1,5.38,,Hôtel de Ville 1,MAIRIE,0.93,Mairie du Nord de Dumbéa,777 ROUTE TERRITORIALE N°1,ADMINISTRATION ET ORGANISME,Administrations des collectivités,Administration de la commune de Dumbéa,166.457501065839,-22.1675460417822,etablissements_publics_nc,149,512,Plaine de Koé
municipales_2026,2,,,988,98805,Dumbéa,DUMBEA,0002,947,486,461,480,5,1,1,LDVD,,,,,Cynthia JAN NÉE METZDORF UNIR POUR l'AVENIR,158,16.68,32.92,,Hôtel de ville 2,MAIRIE,0.93,Mairie du Nord de Dumbéa,777 ROUTE TERRITORIALE N°1,ADMINISTRATION ET ORGANISME,Administrations des collectivités,Administration de la commune de Dumbéa,166.457501065839,-22.1675460417822,etablissements_publics_nc,149,512,Plaine de Koé
municipales_2026,2,,,988,98805,Dumbéa,DUMBEA,0002,947,486,461,480,5,1,2,LDVC,,,,,Vaimua MULIAVA DUMBEA COLLECTIF,66,6.97,13.75,,Hôtel de ville 2,MAIRIE,0.93,Mairie du Nord de Dumbéa,777 ROUTE TERRITORIALE N°1,ADMINISTRATION ET ORGANISME,Administrations des collectivités,Administration de la commune de Dumbéa,166.457501065839,-22.1675460417822,etablissements_publics_nc,149,512,Plaine de Koé
municipales_2026,2,,,988,98805,Dumbéa,DUMBEA,0002,947,486,461,480,5,1,4,LDVD,,,,,Yoann LECOURIEUX DUMBEA AVANTTOUT!,104,10.98,21.67,,Hôtel de ville 2,MAIRIE,0.93,Mairie du Nord de Dumbéa,777 ROUTE TERRITORIALE N°1,ADMINISTRATION ET ORGANISME,Administrations des collectivités,Administration de la commune de Dumbéa,166.457501065839,-22.1675460417822,etablissements_publics_nc,149,512,Plaine de Koé
municipales_2026,2,,,988,98805,Dumbéa,DUMBEA,0002,947,486,461,480,5,1,5,LDVD,,,,,Muriel MALFAR-PAUGA PASSIONNEMENT DUMBEA,61,6.44,12.71,,Hôtel de ville 2,MAIRIE,0.93,Mairie du Nord de Dumbéa,777 ROUTE TERRITORIALE N°1,ADMINISTRATION ET ORGANISME,Administrations des collectivités,Administration de la commune de Dumbéa,166.457501065839,-22.1675460417822,etablissements_publics_nc,149,512,Plaine de Koé
municipales_2026,2,,,988,98805,Dumbéa,DUMBEA,0002,947,486,461,480,5,1,6,LREG,,,,,"Rachel AUCHER DUMBEA, AU SERVICE DU PEUPLE",91,9.61,18.96,,Hôtel de ville 2,MAIRIE,0.93,Mairie du Nord de Dumbéa,777 ROUTE TERRITORIALE N°1,ADMINISTRATION ET ORGANISME,Administrations des collectivités,Administration de la commune de Dumbéa,166.457501065839,-22.1675460417822,etablissements_publics_nc,149,512,Plaine de Koé
municipales_2026,2,,,988,98805,Dumbéa,DUMBEA,0003,1084,600,484,582,14,4,1,LDVD,,,,,Cynthia JAN NÉE METZDORF UNIR POUR l'AVENIR,191,17.62,32.82,,Hôtel de ville 3,MAIRIE,0.93,Mairie du Nord de Dumbéa,777 ROUTE TERRITORIALE N°1,ADMINISTRATION ET ORGANISME,Administrations des collectivités,Administration de la commune de Dumbéa,166.457501065839,-22.1675460417822,etablissements_publics_nc,149,512,Plaine de Koé
municipales_2026,2,,,988,98805,Dumbéa,DUMBEA,0003,1084,600,484,582,14,4,2,LDVC,,,,,Vaimua MULIAVA DUMBEA COLLECTIF,73,6.73,12.54,,Hôtel de ville 3,MAIRIE,0.93,Mairie du Nord de Dumbéa,777 ROUTE TERRITORIALE N°1,ADMINISTRATION ET ORGANISME,Administrations des collectivités,Administration de la commune de Dumbéa,166.457501065839,-22.1675460417822,etablissements_publics_nc,149,512,Plaine de Koé
municipales_2026,2,,,988,98805,Dumbéa,DUMBEA,0003,1084,600,484,582,14,4,4,LDVD,,,,,Yoann LECOURIEUX DUMBEA AVANTTOUT!,129,11.9,22.16,,Hôtel de ville 3,MAIRIE,0.93,Mairie du Nord de Dumbéa,777 ROUTE TERRITORIALE N°1,ADMINISTRATION ET ORGANISME,Administrations des collectivités,Administration de la commune de Dumbéa,166.457501065839,-22.1675460417822,etablissements_publics_nc,149,512,Plaine de Koé
municipales_2026,2,,,988,98805,Dumbéa,DUMBEA,0003,1084,600,484,582,14,4,5,LDVD,,,,,Muriel MALFAR-PAUGA PASSIONNEMENT DUMBEA,57,5.26,9.79,,Hôtel de ville 3,MAIRIE,0.93,Mairie du Nord de Dumbéa,777 ROUTE TERRITORIALE N°1,ADMINISTRATION ET ORGANISME,Administrations des collectivités,Administration de la commune de Dumbéa,166.457501065839,-22.1675460417822,etablissements_publics_nc,149,512,Plaine de Koé
municipales_2026,2,,,988,98805,Dumbéa,DUMBEA,0003,1084,600,484,582,14,4,6,LREG,,,,,"Rachel AUCHER DUMBEA, AU SERVICE DU PEUPLE",132,12.18,22.68,,Hôtel de ville 3,MAIRIE,0.93,Mairie du Nord de Dumbéa,777 ROUTE TERRITORIALE N°1,ADMINISTRATION ET ORGANISME,Administrations des collectivités,Administration de la commune de Dumbéa,166.457501065839,-22.1675460417822,etablissements_publics_nc,149,512,Plaine de Koé
municipales_2026,2,,,988,98805,Dumbéa,DUMBEA,0004,1061,544,517,537,6,1,1,LDVD,,,,,Cynthia JAN NÉE METZDORF UNIR POUR l'AVENIR,183,17.25,34.08,,Ecole primaire Mainguet 1,ECOLE PRIMAIRE MAINGUET,0.952,Ecole primaire Jack Mainguet,73 RUE JEAN FRANCOIS LAPEROUSE,ENSEIGNEMENT ET FORMATION,Enseignement du premier degré,Ecole primaire,166.474584305922,-22.2148395317313,etablissements_publics_nc,138,501,Coeur de ville urbain
municipales_2026,2,,,988,98805,Dumbéa,DUMBEA,0004,1061,544,517,537,6,1,2,LDVC,,,,,Vaimua MULIAVA DUMBEA COLLECTIF,38,3.58,7.08,,Ecole primaire Mainguet 1,ECOLE PRIMAIRE MAINGUET,0.952,Ecole primaire Jack Mainguet,73 RUE JEAN FRANCOIS LAPEROUSE,ENSEIGNEMENT ET FORMATION,Enseignement du premier degré,Ecole primaire,166.474584305922,-22.2148395317313,etablissements_publics_nc,138,501,Coeur de ville urbain
municipales_2026,2,,,988,98805,Dumbéa,DUMBEA,0004,1061,544,517,537,6,1,4,LDVD,,,,,Yoann LECOURIEUX DUMBEA AVANTTOUT!,137,12.91,25.51,,Ecole primaire Mainguet 1,ECOLE PRIMAIRE MAINGUET,0.952,Ecole primaire Jack Mainguet,73 RUE JEAN FRANCOIS LAPEROUSE,ENSEIGNEMENT ET FORMATION,Enseignement du premier degré,Ecole primaire,166.474584305922,-22.2148395317313,etablissements_publics_nc,138,501,Coeur de ville urbain
municipales_2026,2,,,988,98805,Dumbéa,DUMBEA,0004,1061,544,517,537,6,1,5,LDVD,,,,,Muriel MALFAR-PAUGA PASSIONNEMENT DUMBEA,45,4.24,8.38,,Ecole primaire Mainguet 1,ECOLE PRIMAIRE MAINGUET,0.952,Ecole primaire Jack Mainguet,73 RUE JEAN FRANCOIS LAPEROUSE,ENSEIGNEMENT ET FORMATION,Enseignement du premier degré,Ecole primaire,166.474584305922,-22.2148395317313,etablissements_publics_nc,138,501,Coeur de ville urbain
municipales_2026,2,,,988,98805,Dumbéa,DUMBEA,0004,1061,544,517,537,6,1,6,LREG,,,,,"Rachel AUCHER DUMBEA, AU SERVICE DU PEUPLE",134,12.63,24.95,,Ecole primaire Mainguet 1,ECOLE PRIMAIRE MAINGUET,0.952,Ecole primaire Jack Mainguet,73 RUE JEAN FRANCOIS LAPEROUSE,ENSEIGNEMENT ET FORMATION,Enseignement du premier degré,Ecole primaire,166.474584305922,-22.2148395317313,etablissements_publics_nc,138,501,Coeur de ville urbain
municipales_2026,2,,,988,98805,Dumbéa,DUMBEA,0005,744,342,402,338,1,3,1,LDVD,,,,,Cynthia JAN NÉE METZDORF UNIR POUR l'AVENIR,94,12.63,27.81,,Ecole primaire Mainguet 2,ECOLE PRIMAIRE MAINGUET,0.952,Ecole primaire Jack Mainguet,73 RUE JEAN FRANCOIS LAPEROUSE,ENSEIGNEMENT ET FORMATION,Enseignement du premier degré,Ecole primaire,166.474584305922,-22.2148395317313,etablissements_publics_nc,138,501,Coeur de ville urbain
municipales_2026,2,,,988,98805,Dumbéa,DUMBEA,0005,744,342,402,338,1,3,2,LDVC,,,,,Vaimua MULIAVA DUMBEA COLLECTIF,40,5.38,11.83,,Ecole primaire Mainguet 2,ECOLE PRIMAIRE MAINGUET,0.952,Ecole primaire Jack Mainguet,73 RUE JEAN FRANCOIS LAPEROUSE,ENSEIGNEMENT ET FORMATION,Enseignement du premier degré,Ecole primaire,166.474584305922,-22.2148395317313,etablissements_publics_nc,138,501,Coeur de ville urbain
municipales_2026,2,,,988,98805,Dumbéa,DUMBEA,0005,744,342,402,338,1,3,4,LDVD,,,,,Yoann LECOURIEUX DUMBEA AVANTTOUT!,55,7.39,16.27,,Ecole primaire Mainguet 2,ECOLE PRIMAIRE MAINGUET,0.952,Ecole primaire Jack Mainguet,73 RUE JEAN FRANCOIS LAPEROUSE,ENSEIGNEMENT ET FORMATION,Enseignement du premier degré,Ecole primaire,166.474584305922,-22.2148395317313,etablissements_publics_nc,138,501,Coeur de ville urbain
municipales_2026,2,,,988,98805,Dumbéa,DUMBEA,0005,744,342,402,338,1,3,5,LDVD,,,,,Muriel MALFAR-PAUGA PASSIONNEMENT DUMBEA,77,10.35,22.78,,Ecole primaire Mainguet 2,ECOLE PRIMAIRE MAINGUET,0.952,Ecole primaire Jack Mainguet,73 RUE JEAN FRANCOIS LAPEROUSE,ENSEIGNEMENT ET FORMATION,Enseignement du premier degré,Ecole primaire,166.474584305922,-22.2148395317313,etablissements_publics_nc,138,501,Coeur de ville urbain
municipales_2026,2,,,988,98805,Dumbéa,DUMBEA,0005,744,342,402,338,1,3,6,LREG,,,,,"Rachel AUCHER DUMBEA, AU SERVICE DU PEUPLE",72,9.68,21.3,,Ecole primaire Mainguet 2,ECOLE PRIMAIRE MAINGUET,0.952,Ecole primaire Jack Mainguet,73 RUE JEAN FRANCOIS LAPEROUSE,ENSEIGNEMENT ET FORMATION,Enseignement du premier degré,Ecole primaire,166.474584305922,-22.2148395317313,etablissements_publics_nc,138,501,Coeur de ville urbain
municipales_2026,2,,,988,98805,Dumbéa,DUMBEA,0006,847,435,412,423,10,2,1,LDVD,,,,,Cynthia JAN NÉE METZDORF UNIR POUR l'AVENIR,120,14.17,28.37,,Maison de la jeunesse 1,MAISON JEUNESSE,1,Maison de la jeunesse,26 AVENUE D'AUTEUIL,CULTUREL ET SOCIO EDUCATIF,Equipements culturels,Centre culturel maison culturelle et centre d'art,166.474913290828,-22.2056811434969,etablissements_publics_nc,144,507,Jacarandas II
municipales_2026,2,,,988,98805,Dumbéa,DUMBEA,0006,847,435,412,423,10,2,2,LDVC,,,,,Vaimua MULIAVA DUMBEA COLLECTIF,106,12.51,25.06,,Maison de la jeunesse 1,MAISON JEUNESSE,1,Maison de la jeunesse,26 AVENUE D'AUTEUIL,CULTUREL ET SOCIO EDUCATIF,Equipements culturels,Centre culturel maison culturelle et centre d'art,166.474913290828,-22.2056811434969,etablissements_publics_nc,144,507,Jacarandas II
municipales_2026,2,,,988,98805,Dumbéa,DUMBEA,0006,847,435,412,423,10,2,4,LDVD,,,,,Yoann LECOURIEUX DUMBEA AVANTTOUT!,71,8.38,16.78,,Maison de la jeunesse 1,MAISON JEUNESSE,1,Maison de la jeunesse,26 AVENUE D'AUTEUIL,CULTUREL ET SOCIO EDUCATIF,Equipements culturels,Centre culturel maison culturelle et centre d'art,166.474913290828,-22.2056811434969,etablissements_publics_nc,144,507,Jacarandas II
municipales_2026,2,,,988,98805,Dumbéa,DUMBEA,0006,847,435,412,423,10,2,5,LDVD,,,,,Muriel MALFAR-PAUGA PASSIONNEMENT DUMBEA,47,5.55,11.11,,Maison de la jeunesse 1,MAISON JEUNESSE,1,Maison de la jeunesse,26 AVENUE D'AUTEUIL,CULTUREL ET SOCIO EDUCATIF,Equipements culturels,Centre culturel maison culturelle et centre d'art,166.474913290828,-22.2056811434969,etablissements_publics_nc,144,507,Jacarandas II
municipales_2026,2,,,988,98805,Dumbéa,DUMBEA,0006,847,435,412,423,10,2,6,LREG,,,,,"Rachel AUCHER DUMBEA, AU SERVICE DU PEUPLE",79,9.33,18.68,,Maison de la jeunesse 1,MAISON JEUNESSE,1,Maison de la jeunesse,26 AVENUE D'AUTEUIL,CULTUREL ET SOCIO EDUCATIF,Equipements culturels,Centre culturel maison culturelle et centre d'art,166.474913290828,-22.2056811434969,etablissements_publics_nc,144,507,Jacarandas II
municipales_2026,2,,,988,98805,Dumbéa,DUMBEA,0007,1058,609,449,597,12,0,1,LDVD,,,,,Cynthia JAN NÉE METZDORF UNIR POUR l'AVENIR,179,16.92,29.98,,Maison de la jeunesse 2,MAISON JEUNESSE,1,Maison de la jeunesse,26 AVENUE D'AUTEUIL,CULTUREL ET SOCIO EDUCATIF,Equipements culturels,Centre culturel maison culturelle et centre d'art,166.474913290828,-22.2056811434969,etablissements_publics_nc,144,507,Jacarandas II
municipales_2026,2,,,988,98805,Dumbéa,DUMBEA,0007,1058,609,449,597,12,0,2,LDVC,,,,,Vaimua MULIAVA DUMBEA COLLECTIF,58,5.48,9.72,,Maison de la jeunesse 2,MAISON JEUNESSE,1,Maison de la jeunesse,26 AVENUE D'AUTEUIL,CULTUREL ET SOCIO EDUCATIF,Equipements culturels,Centre culturel maison culturelle et centre d'art,166.474913290828,-22.2056811434969,etablissements_publics_nc,144,507,Jacarandas II
municipales_2026,2,,,988,98805,Dumbéa,DUMBEA,0007,1058,609,449,597,12,0,4,LDVD,,,,,Yoann LECOURIEUX DUMBEA AVANTTOUT!,75,7.09,12.56,,Maison de la jeunesse 2,MAISON JEUNESSE,1,Maison de la jeunesse,26 AVENUE D'AUTEUIL,CULTUREL ET SOCIO EDUCATIF,Equipements culturels,Centre culturel maison culturelle et centre d'art,166.474913290828,-22.2056811434969,etablissements_publics_nc,144,507,Jacarandas II
municipales_2026,2,,,988,98805,Dumbéa,DUMBEA,0007,1058,609,449,597,12,0,5,LDVD,,,,,Muriel MALFAR-PAUGA PASSIONNEMENT DUMBEA,164,15.5,27.47,,Maison de la jeunesse 2,MAISON JEUNESSE,1,Maison de la jeunesse,26 AVENUE D'AUTEUIL,CULTUREL ET SOCIO EDUCATIF,Equipements culturels,Centre culturel maison culturelle et centre d'art,166.474913290828,-22.2056811434969,etablissements_publics_nc,144,507,Jacarandas II
municipales_2026,2,,,988,98805,Dumbéa,DUMBEA,0007,1058,609,449,597,12,0,6,LREG,,,,,"Rachel AUCHER DUMBEA, AU SERVICE DU PEUPLE",121,11.44,20.27,,Maison de la jeunesse 2,MAISON JEUNESSE,1,Maison de la jeunesse,26 AVENUE D'AUTEUIL,CULTUREL ET SOCIO EDUCATIF,Equipements culturels,Centre culturel maison culturelle et centre d'art,166.474913290828,-22.2056811434969,etablissements_publics_nc,144,507,Jacarandas II
municipales_2026,2,,,988,98805,Dumbéa,DUMBEA,0008,880,470,410,460,7,3,1,LDVD,,,,,Cynthia JAN NÉE METZDORF UNIR POUR l'AVENIR,233,26.48,50.65,,Centre culturel de Dumbéa 1,CENTRE CULTUREL DUMBEA,1,Centre culturel de Dumbéa,56 AVENUE D'AUTEUIL,CULTUREL ET SOCIO EDUCATIF,Equipements culturels,Centre culturel maison culturelle et centre d'art,166.474126141924,-22.2081759337081,etablissements_publics_nc,140,503,Koutio Secal
municipales_2026,2,,,988,98805,Dumbéa,DUMBEA,0008,880,470,410,460,7,3,2,LDVC,,,,,Vaimua MULIAVA DUMBEA COLLECTIF,29,3.3,6.3,,Centre culturel de Dumbéa 1,CENTRE CULTUREL DUMBEA,1,Centre culturel de Dumbéa,56 AVENUE D'AUTEUIL,CULTUREL ET SOCIO EDUCATIF,Equipements culturels,Centre culturel maison culturelle et centre d'art,166.474126141924,-22.2081759337081,etablissements_publics_nc,140,503,Koutio Secal
municipales_2026,2,,,988,98805,Dumbéa,DUMBEA,0008,880,470,410,460,7,3,4,LDVD,,,,,Yoann LECOURIEUX DUMBEA AVANTTOUT!,88,10,19.13,,Centre culturel de Dumbéa 1,CENTRE CULTUREL DUMBEA,1,Centre culturel de Dumbéa,56 AVENUE D'AUTEUIL,CULTUREL ET SOCIO EDUCATIF,Equipements culturels,Centre culturel maison culturelle et centre d'art,166.474126141924,-22.2081759337081,etablissements_publics_nc,140,503,Koutio Secal
municipales_2026,2,,,988,98805,Dumbéa,DUMBEA,0008,880,470,410,460,7,3,5,LDVD,,,,,Muriel MALFAR-PAUGA PASSIONNEMENT DUMBEA,29,3.3,6.3,,Centre culturel de Dumbéa 1,CENTRE CULTUREL DUMBEA,1,Centre culturel de Dumbéa,56 AVENUE D'AUTEUIL,CULTUREL ET SOCIO EDUCATIF,Equipements culturels,Centre culturel maison culturelle et centre d'art,166.474126141924,-22.2081759337081,etablissements_publics_nc,140,503,Koutio Secal
municipales_2026,2,,,988,98805,Dumbéa,DUMBEA,0008,880,470,410,460,7,3,6,LREG,,,,,"Rachel AUCHER DUMBEA, AU SERVICE DU PEUPLE",81,9.2,17.61,,Centre culturel de Dumbéa 1,CENTRE CULTUREL DUMBEA,1,Centre culturel de Dumbéa,56 AVENUE D'AUTEUIL,CULTUREL ET SOCIO EDUCATIF,Equipements culturels,Centre culturel maison culturelle et centre d'art,166.474126141924,-22.2081759337081,etablissements_publics_nc,140,503,Koutio Secal
municipales_2026,2,,,988,98805,Dumbéa,DUMBEA,0009,487,233,254,228,1,4,1,LDVD,,,,,Cynthia JAN NÉE METZDORF UNIR POUR l'AVENIR,60,12.32,26.32,,Centre culturel de Dumbéa 2,CENTRE CULTUREL DUMBEA,1,Centre culturel de Dumbéa,56 AVENUE D'AUTEUIL,CULTUREL ET SOCIO EDUCATIF,Equipements culturels,Centre culturel maison culturelle et centre d'art,166.474126141924,-22.2081759337081,etablissements_publics_nc,140,503,Koutio Secal
municipales_2026,2,,,988,98805,Dumbéa,DUMBEA,0009,487,233,254,228,1,4,2,LDVC,,,,,Vaimua MULIAVA DUMBEA COLLECTIF,30,6.16,13.16,,Centre culturel de Dumbéa 2,CENTRE CULTUREL DUMBEA,1,Centre culturel de Dumbéa,56 AVENUE D'AUTEUIL,CULTUREL ET SOCIO EDUCATIF,Equipements culturels,Centre culturel maison culturelle et centre d'art,166.474126141924,-22.2081759337081,etablissements_publics_nc,140,503,Koutio Secal
municipales_2026,2,,,988,98805,Dumbéa,DUMBEA,0009,487,233,254,228,1,4,4,LDVD,,,,,Yoann LECOURIEUX DUMBEA AVANTTOUT!,58,11.91,25.44,,Centre culturel de Dumbéa 2,CENTRE CULTUREL DUMBEA,1,Centre culturel de Dumbéa,56 AVENUE D'AUTEUIL,CULTUREL ET SOCIO EDUCATIF,Equipements culturels,Centre culturel maison culturelle et centre d'art,166.474126141924,-22.2081759337081,etablissements_publics_nc,140,503,Koutio Secal
municipales_2026,2,,,988,98805,Dumbéa,DUMBEA,0009,487,233,254,228,1,4,5,LDVD,,,,,Muriel MALFAR-PAUGA PASSIONNEMENT DUMBEA,31,6.37,13.6,,Centre culturel de Dumbéa 2,CENTRE CULTUREL DUMBEA,1,Centre culturel de Dumbéa,56 AVENUE D'AUTEUIL,CULTUREL ET SOCIO EDUCATIF,Equipements culturels,Centre culturel maison culturelle et centre d'art,166.474126141924,-22.2081759337081,etablissements_publics_nc,140,503,Koutio Secal
municipales_2026,2,,,988,98805,Dumbéa,DUMBEA,0009,487,233,254,228,1,4,6,LREG,,,,,"Rachel AUCHER DUMBEA, AU SERVICE DU PEUPLE",49,10.06,21.49,,Centre culturel de Dumbéa 2,CENTRE CULTUREL DUMBEA,1,Centre culturel de Dumbéa,56 AVENUE D'AUTEUIL,CULTUREL ET SOCIO EDUCATIF,Equipements culturels,Centre culturel maison culturelle et centre d'art,166.474126141924,-22.2081759337081,etablissements_publics_nc,140,503,Koutio Secal
municipales_2026,2,,,988,98805,Dumbéa,DUMBEA,0010,971,550,421,541,6,3,1,LDVD,,,,,Cynthia JAN NÉE METZDORF UNIR POUR l'AVENIR,270,27.81,49.91,,Centre culturel de Dumbéa 3,CENTRE CULTUREL DUMBEA,1,Centre culturel de Dumbéa,56 AVENUE D'AUTEUIL,CULTUREL ET SOCIO EDUCATIF,Equipements culturels,Centre culturel maison culturelle et centre d'art,166.474126141924,-22.2081759337081,etablissements_publics_nc,140,503,Koutio Secal
municipales_2026,2,,,988,98805,Dumbéa,DUMBEA,0010,971,550,421,541,6,3,2,LDVC,,,,,Vaimua MULIAVA DUMBEA COLLECTIF,53,5.46,9.8,,Centre culturel de Dumbéa 3,CENTRE CULTUREL DUMBEA,1,Centre culturel de Dumbéa,56 AVENUE D'AUTEUIL,CULTUREL ET SOCIO EDUCATIF,Equipements culturels,Centre culturel maison culturelle et centre d'art,166.474126141924,-22.2081759337081,etablissements_publics_nc,140,503,Koutio Secal
municipales_2026,2,,,988,98805,Dumbéa,DUMBEA,0010,971,550,421,541,6,3,4,LDVD,,,,,Yoann LECOURIEUX DUMBEA AVANTTOUT!,109,11.23,20.15,,Centre culturel de Dumbéa 3,CENTRE CULTUREL DUMBEA,1,Centre culturel de Dumbéa,56 AVENUE D'AUTEUIL,CULTUREL ET SOCIO EDUCATIF,Equipements culturels,Centre culturel maison culturelle et centre d'art,166.474126141924,-22.2081759337081,etablissements_publics_nc,140,503,Koutio Secal
municipales_2026,2,,,988,98805,Dumbéa,DUMBEA,0010,971,550,421,541,6,3,5,LDVD,,,,,Muriel MALFAR-PAUGA PASSIONNEMENT DUMBEA,42,4.33,7.76,,Centre culturel de Dumbéa 3,CENTRE CULTUREL DUMBEA,1,Centre culturel de Dumbéa,56 AVENUE D'AUTEUIL,CULTUREL ET SOCIO EDUCATIF,Equipements culturels,Centre culturel maison culturelle et centre d'art,166.474126141924,-22.2081759337081,etablissements_publics_nc,140,503,Koutio Secal
municipales_2026,2,,,988,98805,Dumbéa,DUMBEA,0010,971,550,421,541,6,3,6,LREG,,,,,"Rachel AUCHER DUMBEA, AU SERVICE DU PEUPLE",67,6.9,12.38,,Centre culturel de Dumbéa 3,CENTRE CULTUREL DUMBEA,1,Centre culturel de Dumbéa,56 AVENUE D'AUTEUIL,CULTUREL ET SOCIO EDUCATIF,Equipements culturels,Centre culturel maison culturelle et centre d'art,166.474126141924,-22.2081759337081,etablissements_publics_nc,140,503,Koutio Secal
municipales_2026,2,,,988,98805,Dumbéa,DUMBEA,0011,890,499,391,488,9,2,1,LDVD,,,,,Cynthia JAN NÉE METZDORF UNIR POUR l'AVENIR,280,31.46,57.38,,Ecole primaire Gustave Clain 1,ECOLE PRIMAIRE GUSTAVE CLAIN,0.897,Ecole élémentaire Gustave Clain,49 RUE JACQUES MONOD,ENSEIGNEMENT ET FORMATION,Enseignement du premier degré,Ecole élémentaire,166.460870510376,-22.2089353285944,etablissements_publics_nc,141,504,Koutio érudits
municipales_2026,2,,,988,98805,Dumbéa,DUMBEA,0011,890,499,391,488,9,2,2,LDVC,,,,,Vaimua MULIAVA DUMBEA COLLECTIF,32,3.6,6.56,,Ecole primaire Gustave Clain 1,ECOLE PRIMAIRE GUSTAVE CLAIN,0.897,Ecole élémentaire Gustave Clain,49 RUE JACQUES MONOD,ENSEIGNEMENT ET FORMATION,Enseignement du premier degré,Ecole élémentaire,166.460870510376,-22.2089353285944,etablissements_publics_nc,141,504,Koutio érudits
municipales_2026,2,,,988,98805,Dumbéa,DUMBEA,0011,890,499,391,488,9,2,4,LDVD,,,,,Yoann LECOURIEUX DUMBEA AVANTTOUT!,107,12.02,21.93,,Ecole primaire Gustave Clain 1,ECOLE PRIMAIRE GUSTAVE CLAIN,0.897,Ecole élémentaire Gustave Clain,49 RUE JACQUES MONOD,ENSEIGNEMENT ET FORMATION,Enseignement du premier degré,Ecole élémentaire,166.460870510376,-22.2089353285944,etablissements_publics_nc,141,504,Koutio érudits
municipales_2026,2,,,988,98805,Dumbéa,DUMBEA,0011,890,499,391,488,9,2,5,LDVD,,,,,Muriel MALFAR-PAUGA PASSIONNEMENT DUMBEA,15,1.69,3.07,,Ecole primaire Gustave Clain 1,ECOLE PRIMAIRE GUSTAVE CLAIN,0.897,Ecole élémentaire Gustave Clain,49 RUE JACQUES MONOD,ENSEIGNEMENT ET FORMATION,Enseignement du premier degré,Ecole élémentaire,166.460870510376,-22.2089353285944,etablissements_publics_nc,141,504,Koutio érudits
municipales_2026,2,,,988,98805,Dumbéa,DUMBEA,0011,890,499,391,488,9,2,6,LREG,,,,,"Rachel AUCHER DUMBEA, AU SERVICE DU PEUPLE",54,6.07,11.07,,Ecole primaire Gustave Clain 1,ECOLE PRIMAIRE GUSTAVE CLAIN,0.897,Ecole élémentaire Gustave Clain,49 RUE JACQUES MONOD,ENSEIGNEMENT ET FORMATION,Enseignement du premier degré,Ecole élémentaire,166.460870510376,-22.2089353285944,etablissements_publics_nc,141,504,Koutio érudits
municipales_2026,2,,,988,98805,Dumbéa,DUMBEA,0012,928,498,430,488,8,2,1,LDVD,,,,,Cynthia JAN NÉE METZDORF UNIR POUR l'AVENIR,204,21.98,41.8,,Ecole primaire Gustave Clain 2,ECOLE PRIMAIRE GUSTAVE CLAIN,0.897,Ecole élémentaire Gustave Clain,49 RUE JACQUES MONOD,ENSEIGNEMENT ET FORMATION,Enseignement du premier degré,Ecole élémentaire,166.460870510376,-22.2089353285944,etablissements_publics_nc,141,504,Koutio érudits
municipales_2026,2,,,988,98805,Dumbéa,DUMBEA,0012,928,498,430,488,8,2,2,LDVC,,,,,Vaimua MULIAVA DUMBEA COLLECTIF,68,7.33,13.93,,Ecole primaire Gustave Clain 2,ECOLE PRIMAIRE GUSTAVE CLAIN,0.897,Ecole élémentaire Gustave Clain,49 RUE JACQUES MONOD,ENSEIGNEMENT ET FORMATION,Enseignement du premier degré,Ecole élémentaire,166.460870510376,-22.2089353285944,etablissements_publics_nc,141,504,Koutio érudits
municipales_2026,2,,,988,98805,Dumbéa,DUMBEA,0012,928,498,430,488,8,2,4,LDVD,,,,,Yoann LECOURIEUX DUMBEA AVANTTOUT!,106,11.42,21.72,,Ecole primaire Gustave Clain 2,ECOLE PRIMAIRE GUSTAVE CLAIN,0.897,Ecole élémentaire Gustave Clain,49 RUE JACQUES MONOD,ENSEIGNEMENT ET FORMATION,Enseignement du premier degré,Ecole élémentaire,166.460870510376,-22.2089353285944,etablissements_publics_nc,141,504,Koutio érudits
municipales_2026,2,,,988,98805,Dumbéa,DUMBEA,0012,928,498,430,488,8,2,5,LDVD,,,,,Muriel MALFAR-PAUGA PASSIONNEMENT DUMBEA,31,3.34,6.35,,Ecole primaire Gustave Clain 2,ECOLE PRIMAIRE GUSTAVE CLAIN,0.897,Ecole élémentaire Gustave Clain,49 RUE JACQUES MONOD,ENSEIGNEMENT ET FORMATION,Enseignement du premier degré,Ecole élémentaire,166.460870510376,-22.2089353285944,etablissements_publics_nc,141,504,Koutio érudits
municipales_2026,2,,,988,98805,Dumbéa,DUMBEA,0012,928,498,430,488,8,2,6,LREG,,,,,"Rachel AUCHER DUMBEA, AU SERVICE DU PEUPLE",79,8.51,16.19,,Ecole primaire Gustave Clain 2,ECOLE PRIMAIRE GUSTAVE CLAIN,0.897,Ecole élémentaire Gustave Clain,49 RUE JACQUES MONOD,ENSEIGNEMENT ET FORMATION,Enseignement du premier degré,Ecole élémentaire,166.460870510376,-22.2089353285944,etablissements_publics_nc,141,504,Koutio érudits
municipales_2026,2,,,988,98805,Dumbéa,DUMBEA,0013,987,509,478,504,2,3,1,LDVD,,,,,Cynthia JAN NÉE METZDORF UNIR POUR l'AVENIR,216,21.88,42.86,,Ecole maternelle l'Oasis 1,ECOLE MATERNELLE L OASIS,0.729,Ecole maternelle L'Oasis,39 RUE JACQUES MONOD,ENSEIGNEMENT ET FORMATION,Enseignement du premier degré,Ecole pré-élémentaire,166.461460951246,-22.2085634346196,etablissements_publics_nc,141,504,Koutio érudits
municipales_2026,2,,,988,98805,Dumbéa,DUMBEA,0013,987,509,478,504,2,3,2,LDVC,,,,,Vaimua MULIAVA DUMBEA COLLECTIF,50,5.07,9.92,,Ecole maternelle l'Oasis 1,ECOLE MATERNELLE L OASIS,0.729,Ecole maternelle L'Oasis,39 RUE JACQUES MONOD,ENSEIGNEMENT ET FORMATION,Enseignement du premier degré,Ecole pré-élémentaire,166.461460951246,-22.2085634346196,etablissements_publics_nc,141,504,Koutio érudits
municipales_2026,2,,,988,98805,Dumbéa,DUMBEA,0013,987,509,478,504,2,3,4,LDVD,,,,,Yoann LECOURIEUX DUMBEA AVANTTOUT!,80,8.11,15.87,,Ecole maternelle l'Oasis 1,ECOLE MATERNELLE L OASIS,0.729,Ecole maternelle L'Oasis,39 RUE JACQUES MONOD,ENSEIGNEMENT ET FORMATION,Enseignement du premier degré,Ecole pré-élémentaire,166.461460951246,-22.2085634346196,etablissements_publics_nc,141,504,Koutio érudits
municipales_2026,2,,,988,98805,Dumbéa,DUMBEA,0013,987,509,478,504,2,3,5,LDVD,,,,,Muriel MALFAR-PAUGA PASSIONNEMENT DUMBEA,52,5.27,10.32,,Ecole maternelle l'Oasis 1,ECOLE MATERNELLE L OASIS,0.729,Ecole maternelle L'Oasis,39 RUE JACQUES MONOD,ENSEIGNEMENT ET FORMATION,Enseignement du premier degré,Ecole pré-élémentaire,166.461460951246,-22.2085634346196,etablissements_publics_nc,141,504,Koutio érudits
municipales_2026,2,,,988,98805,Dumbéa,DUMBEA,0013,987,509,478,504,2,3,6,LREG,,,,,"Rachel AUCHER DUMBEA, AU SERVICE DU PEUPLE",106,10.74,21.03,,Ecole maternelle l'Oasis 1,ECOLE MATERNELLE L OASIS,0.729,Ecole maternelle L'Oasis,39 RUE JACQUES MONOD,ENSEIGNEMENT ET FORMATION,Enseignement du premier degré,Ecole pré-élémentaire,166.461460951246,-22.2085634346196,etablissements_publics_nc,141,504,Koutio érudits
municipales_2026,2,,,988,98805,Dumbéa,DUMBEA,0014,784,443,341,436,3,4,1,LDVD,,,,,Cynthia JAN NÉE METZDORF UNIR POUR l'AVENIR,228,29.08,52.29,,Ecole maternelle l'Oasis 2,ECOLE MATERNELLE L OASIS,0.729,Ecole maternelle L'Oasis,39 RUE JACQUES MONOD,ENSEIGNEMENT ET FORMATION,Enseignement du premier degré,Ecole pré-élémentaire,166.461460951246,-22.2085634346196,etablissements_publics_nc,141,504,Koutio érudits
municipales_2026,2,,,988,98805,Dumbéa,DUMBEA,0014,784,443,341,436,3,4,2,LDVC,,,,,Vaimua MULIAVA DUMBEA COLLECTIF,24,3.06,5.5,,Ecole maternelle l'Oasis 2,ECOLE MATERNELLE L OASIS,0.729,Ecole maternelle L'Oasis,39 RUE JACQUES MONOD,ENSEIGNEMENT ET FORMATION,Enseignement du premier degré,Ecole pré-élémentaire,166.461460951246,-22.2085634346196,etablissements_publics_nc,141,504,Koutio érudits
municipales_2026,2,,,988,98805,Dumbéa,DUMBEA,0014,784,443,341,436,3,4,4,LDVD,,,,,Yoann LECOURIEUX DUMBEA AVANTTOUT!,99,12.63,22.71,,Ecole maternelle l'Oasis 2,ECOLE MATERNELLE L OASIS,0.729,Ecole maternelle L'Oasis,39 RUE JACQUES MONOD,ENSEIGNEMENT ET FORMATION,Enseignement du premier degré,Ecole pré-élémentaire,166.461460951246,-22.2085634346196,etablissements_publics_nc,141,504,Koutio érudits
municipales_2026,2,,,988,98805,Dumbéa,DUMBEA,0014,784,443,341,436,3,4,5,LDVD,,,,,Muriel MALFAR-PAUGA PASSIONNEMENT DUMBEA,38,4.85,8.72,,Ecole maternelle l'Oasis 2,ECOLE MATERNELLE L OASIS,0.729,Ecole maternelle L'Oasis,39 RUE JACQUES MONOD,ENSEIGNEMENT ET FORMATION,Enseignement du premier degré,Ecole pré-élémentaire,166.461460951246,-22.2085634346196,etablissements_publics_nc,141,504,Koutio érudits
municipales_2026,2,,,988,98805,Dumbéa,DUMBEA,0014,784,443,341,436,3,4,6,LREG,,,,,"Rachel AUCHER DUMBEA, AU SERVICE DU PEUPLE",47,5.99,10.78,,Ecole maternelle l'Oasis 2,ECOLE MATERNELLE L OASIS,0.729,Ecole maternelle L'Oasis,39 RUE JACQUES MONOD,ENSEIGNEMENT ET FORMATION,Enseignement du premier degré,Ecole pré-élémentaire,166.461460951246,-22.2085634346196,etablissements_publics_nc,141,504,Koutio érudits
municipales_2026,2,,,988,98805,Dumbéa,DUMBEA,0015,801,444,357,436,7,1,1,LDVD,,,,,Cynthia JAN NÉE METZDORF UNIR POUR l'AVENIR,213,26.59,48.85,,Groupe scolaire Michelle Delacharlerie-Rolly 1,GROUPE SCOLAIRE MICHELLE DELACHARLERIE ROLLY,1,Groupe scolaire Michelle Delacharlerie-Rolly,103 BOULEVARD DU RAIL CALEDONIEN,ENSEIGNEMENT ET FORMATION,Enseignement du premier degré,Groupe scolaire,166.445998676866,-22.2013803961715,etablissements_publics_nc,147,510,Dumbéa/mer Ouest
municipales_2026,2,,,988,98805,Dumbéa,DUMBEA,0015,801,444,357,436,7,1,2,LDVC,,,,,Vaimua MULIAVA DUMBEA COLLECTIF,67,8.36,15.37,,Groupe scolaire Michelle Delacharlerie-Rolly 1,GROUPE SCOLAIRE MICHELLE DELACHARLERIE ROLLY,1,Groupe scolaire Michelle Delacharlerie-Rolly,103 BOULEVARD DU RAIL CALEDONIEN,ENSEIGNEMENT ET FORMATION,Enseignement du premier degré,Groupe scolaire,166.445998676866,-22.2013803961715,etablissements_publics_nc,147,510,Dumbéa/mer Ouest
municipales_2026,2,,,988,98805,Dumbéa,DUMBEA,0015,801,444,357,436,7,1,4,LDVD,,,,,Yoann LECOURIEUX DUMBEA AVANTTOUT!,79,9.86,18.12,,Groupe scolaire Michelle Delacharlerie-Rolly 1,GROUPE SCOLAIRE MICHELLE DELACHARLERIE ROLLY,1,Groupe scolaire Michelle Delacharlerie-Rolly,103 BOULEVARD DU RAIL CALEDONIEN,ENSEIGNEMENT ET FORMATION,Enseignement du premier degré,Groupe scolaire,166.445998676866,-22.2013803961715,etablissements_publics_nc,147,510,Dumbéa/mer Ouest
municipales_2026,2,,,988,98805,Dumbéa,DUMBEA,0015,801,444,357,436,7,1,5,LDVD,,,,,Muriel MALFAR-PAUGA PASSIONNEMENT DUMBEA,16,2,3.67,,Groupe scolaire Michelle Delacharlerie-Rolly 1,GROUPE SCOLAIRE MICHELLE DELACHARLERIE ROLLY,1,Groupe scolaire Michelle Delacharlerie-Rolly,103 BOULEVARD DU RAIL CALEDONIEN,ENSEIGNEMENT ET FORMATION,Enseignement du premier degré,Groupe scolaire,166.445998676866,-22.2013803961715,etablissements_publics_nc,147,510,Dumbéa/mer Ouest
municipales_2026,2,,,988,98805,Dumbéa,DUMBEA,0015,801,444,357,436,7,1,6,LREG,,,,,"Rachel AUCHER DUMBEA, AU SERVICE DU PEUPLE",61,7.62,13.99,,Groupe scolaire Michelle Delacharlerie-Rolly 1,GROUPE SCOLAIRE MICHELLE DELACHARLERIE ROLLY,1,Groupe scolaire Michelle Delacharlerie-Rolly,103 BOULEVARD DU RAIL CALEDONIEN,ENSEIGNEMENT ET FORMATION,Enseignement du premier degré,Groupe scolaire,166.445998676866,-22.2013803961715,etablissements_publics_nc,147,510,Dumbéa/mer Ouest
municipales_2026,2,,,988,98805,Dumbéa,DUMBEA,0016,811,415,396,405,6,4,1,LDVD,,,,,Cynthia JAN NÉE METZDORF UNIR POUR l'AVENIR,140,17.26,34.57,,Groupe scolaire Michelle Delacharlerie-Rolly 2,GROUPE SCOLAIRE MICHELLE DELACHARLERIE ROLLY,1,Groupe scolaire Michelle Delacharlerie-Rolly,103 BOULEVARD DU RAIL CALEDONIEN,ENSEIGNEMENT ET FORMATION,Enseignement du premier degré,Groupe scolaire,166.445998676866,-22.2013803961715,etablissements_publics_nc,147,510,Dumbéa/mer Ouest
municipales_2026,2,,,988,98805,Dumbéa,DUMBEA,0016,811,415,396,405,6,4,2,LDVC,,,,,Vaimua MULIAVA DUMBEA COLLECTIF,36,4.44,8.89,,Groupe scolaire Michelle Delacharlerie-Rolly 2,GROUPE SCOLAIRE MICHELLE DELACHARLERIE ROLLY,1,Groupe scolaire Michelle Delacharlerie-Rolly,103 BOULEVARD DU RAIL CALEDONIEN,ENSEIGNEMENT ET FORMATION,Enseignement du premier degré,Groupe scolaire,166.445998676866,-22.2013803961715,etablissements_publics_nc,147,510,Dumbéa/mer Ouest
municipales_2026,2,,,988,98805,Dumbéa,DUMBEA,0016,811,415,396,405,6,4,4,LDVD,,,,,Yoann LECOURIEUX DUMBEA AVANTTOUT!,83,10.23,20.49,,Groupe scolaire Michelle Delacharlerie-Rolly 2,GROUPE SCOLAIRE MICHELLE DELACHARLERIE ROLLY,1,Groupe scolaire Michelle Delacharlerie-Rolly,103 BOULEVARD DU RAIL CALEDONIEN,ENSEIGNEMENT ET FORMATION,Enseignement du premier degré,Groupe scolaire,166.445998676866,-22.2013803961715,etablissements_publics_nc,147,510,Dumbéa/mer Ouest
municipales_2026,2,,,988,98805,Dumbéa,DUMBEA,0016,811,415,396,405,6,4,5,LDVD,,,,,Muriel MALFAR-PAUGA PASSIONNEMENT DUMBEA,72,8.88,17.78,,Groupe scolaire Michelle Delacharlerie-Rolly 2,GROUPE SCOLAIRE MICHELLE DELACHARLERIE ROLLY,1,Groupe scolaire Michelle Delacharlerie-Rolly,103 BOULEVARD DU RAIL CALEDONIEN,ENSEIGNEMENT ET FORMATION,Enseignement du premier degré,Groupe scolaire,166.445998676866,-22.2013803961715,etablissements_publics_nc,147,510,Dumbéa/mer Ouest
municipales_2026,2,,,988,98805,Dumbéa,DUMBEA,0016,811,415,396,405,6,4,6,LREG,,,,,"Rachel AUCHER DUMBEA, AU SERVICE DU PEUPLE",74,9.12,18.27,,Groupe scolaire Michelle Delacharlerie-Rolly 2,GROUPE SCOLAIRE MICHELLE DELACHARLERIE ROLLY,1,Groupe scolaire Michelle Delacharlerie-Rolly,103 BOULEVARD DU RAIL CALEDONIEN,ENSEIGNEMENT ET FORMATION,Enseignement du premier degré,Groupe scolaire,166.445998676866,-22.2013803961715,etablissements_publics_nc,147,510,Dumbéa/mer Ouest
municipales_2026,2,,,988,98805,Dumbéa,DUMBEA,0017,934,457,477,445,11,1,1,LDVD,,,,,Cynthia JAN NÉE METZDORF UNIR POUR l'AVENIR,100,10.71,22.47,,Groupe scolaire Renée Fong 1,GROUPE SCOLAIRE RENEE FONG,1,Groupe scolaire Renée FONG,2 BIS ALLEE JEAN-LOUIS MARIE,ENSEIGNEMENT ET FORMATION,Enseignement du premier degré,Groupe scolaire,166.44418672502,-22.192372203396,etablissements_publics_nc,148,511,Dumbea/mer Est - Plaine Adam
municipales_2026,2,,,988,98805,Dumbéa,DUMBEA,0017,934,457,477,445,11,1,2,LDVC,,,,,Vaimua MULIAVA DUMBEA COLLECTIF,39,4.18,8.76,,Groupe scolaire Renée Fong 1,GROUPE SCOLAIRE RENEE FONG,1,Groupe scolaire Renée FONG,2 BIS ALLEE JEAN-LOUIS MARIE,ENSEIGNEMENT ET FORMATION,Enseignement du premier degré,Groupe scolaire,166.44418672502,-22.192372203396,etablissements_publics_nc,148,511,Dumbea/mer Est - Plaine Adam
municipales_2026,2,,,988,98805,Dumbéa,DUMBEA,0017,934,457,477,445,11,1,4,LDVD,,,,,Yoann LECOURIEUX DUMBEA AVANTTOUT!,73,7.82,16.4,,Groupe scolaire Renée Fong 1,GROUPE SCOLAIRE RENEE FONG,1,Groupe scolaire Renée FONG,2 BIS ALLEE JEAN-LOUIS MARIE,ENSEIGNEMENT ET FORMATION,Enseignement du premier degré,Groupe scolaire,166.44418672502,-22.192372203396,etablissements_publics_nc,148,511,Dumbea/mer Est - Plaine Adam
municipales_2026,2,,,988,98805,Dumbéa,DUMBEA,0017,934,457,477,445,11,1,5,LDVD,,,,,Muriel MALFAR-PAUGA PASSIONNEMENT DUMBEA,103,11.03,23.15,,Groupe scolaire Renée Fong 1,GROUPE SCOLAIRE RENEE FONG,1,Groupe scolaire Renée FONG,2 BIS ALLEE JEAN-LOUIS MARIE,ENSEIGNEMENT ET FORMATION,Enseignement du premier degré,Groupe scolaire,166.44418672502,-22.192372203396,etablissements_publics_nc,148,511,Dumbea/mer Est - Plaine Adam
municipales_2026,2,,,988,98805,Dumbéa,DUMBEA,0017,934,457,477,445,11,1,6,LREG,,,,,"Rachel AUCHER DUMBEA, AU SERVICE DU PEUPLE",130,13.92,29.21,,Groupe scolaire Renée Fong 1,GROUPE SCOLAIRE RENEE FONG,1,Groupe scolaire Renée FONG,2 BIS ALLEE JEAN-LOUIS MARIE,ENSEIGNEMENT ET FORMATION,Enseignement du premier degré,Groupe scolaire,166.44418672502,-22.192372203396,etablissements_publics_nc,148,511,Dumbea/mer Est - Plaine Adam
municipales_2026,2,,,988,98805,Dumbéa,DUMBEA,0018,1149,662,487,653,7,2,1,LDVD,,,,,Cynthia JAN NÉE METZDORF UNIR POUR l'AVENIR,402,34.99,61.56,,Groupe scolaire Renée Fong 2,GROUPE SCOLAIRE RENEE FONG,1,Groupe scolaire Renée FONG,2 BIS ALLEE JEAN-LOUIS MARIE,ENSEIGNEMENT ET FORMATION,Enseignement du premier degré,Groupe scolaire,166.44418672502,-22.192372203396,etablissements_publics_nc,148,511,Dumbea/mer Est - Plaine Adam
municipales_2026,2,,,988,98805,Dumbéa,DUMBEA,0018,1149,662,487,653,7,2,2,LDVC,,,,,Vaimua MULIAVA DUMBEA COLLECTIF,40,3.48,6.13,,Groupe scolaire Renée Fong 2,GROUPE SCOLAIRE RENEE FONG,1,Groupe scolaire Renée FONG,2 BIS ALLEE JEAN-LOUIS MARIE,ENSEIGNEMENT ET FORMATION,Enseignement du premier degré,Groupe scolaire,166.44418672502,-22.192372203396,etablissements_publics_nc,148,511,Dumbea/mer Est - Plaine Adam
municipales_2026,2,,,988,98805,Dumbéa,DUMBEA,0018,1149,662,487,653,7,2,4,LDVD,,,,,Yoann LECOURIEUX DUMBEA AVANTTOUT!,106,9.23,16.23,,Groupe scolaire Renée Fong 2,GROUPE SCOLAIRE RENEE FONG,1,Groupe scolaire Renée FONG,2 BIS ALLEE JEAN-LOUIS MARIE,ENSEIGNEMENT ET FORMATION,Enseignement du premier degré,Groupe scolaire,166.44418672502,-22.192372203396,etablissements_publics_nc,148,511,Dumbea/mer Est - Plaine Adam
municipales_2026,2,,,988,98805,Dumbéa,DUMBEA,0018,1149,662,487,653,7,2,5,LDVD,,,,,Muriel MALFAR-PAUGA PASSIONNEMENT DUMBEA,50,4.35,7.66,,Groupe scolaire Renée Fong 2,GROUPE SCOLAIRE RENEE FONG,1,Groupe scolaire Renée FONG,2 BIS ALLEE JEAN-LOUIS MARIE,ENSEIGNEMENT ET FORMATION,Enseignement du premier degré,Groupe scolaire,166.44418672502,-22.192372203396,etablissements_publics_nc,148,511,Dumbea/mer Est - Plaine Adam
municipales_2026,2,,,988,98805,Dumbéa,DUMBEA,0018,1149,662,487,653,7,2,6,LREG,,,,,"Rachel AUCHER DUMBEA, AU SERVICE DU PEUPLE",55,4.79,8.42,,Groupe scolaire Renée Fong 2,GROUPE SCOLAIRE RENEE FONG,1,Groupe scolaire Renée FONG,2 BIS ALLEE JEAN-LOUIS MARIE,ENSEIGNEMENT ET FORMATION,Enseignement du premier degré,Groupe scolaire,166.44418672502,-22.192372203396,etablissements_publics_nc,148,511,Dumbea/mer Est - Plaine Adam
municipales_2026,2,,,988,98805,Dumbéa,DUMBEA,0019,1409,759,650,741,12,6,1,LDVD,,,,,Cynthia JAN NÉE METZDORF UNIR POUR l'AVENIR,199,14.12,26.86,,Mairie du Nord 1,MAIRIE NORD,0.98,Mairie du Nord de Dumbéa,777 ROUTE TERRITORIALE N°1,ADMINISTRATION ET ORGANISME,Administrations des collectivités,Administration de la commune de Dumbéa,166.457501065839,-22.1675460417822,etablissements_publics_nc,149,512,Plaine de Koé
municipales_2026,2,,,988,98805,Dumbéa,DUMBEA,0019,1409,759,650,741,12,6,2,LDVC,,,,,Vaimua MULIAVA DUMBEA COLLECTIF,85,6.03,11.47,,Mairie du Nord 1,MAIRIE NORD,0.98,Mairie du Nord de Dumbéa,777 ROUTE TERRITORIALE N°1,ADMINISTRATION ET ORGANISME,Administrations des collectivités,Administration de la commune de Dumbéa,166.457501065839,-22.1675460417822,etablissements_publics_nc,149,512,Plaine de Koé
municipales_2026,2,,,988,98805,Dumbéa,DUMBEA,0019,1409,759,650,741,12,6,4,LDVD,,,,,Yoann LECOURIEUX DUMBEA AVANTTOUT!,133,9.44,17.95,,Mairie du Nord 1,MAIRIE NORD,0.98,Mairie du Nord de Dumbéa,777 ROUTE TERRITORIALE N°1,ADMINISTRATION ET ORGANISME,Administrations des collectivités,Administration de la commune de Dumbéa,166.457501065839,-22.1675460417822,etablissements_publics_nc,149,512,Plaine de Koé
municipales_2026,2,,,988,98805,Dumbéa,DUMBEA,0019,1409,759,650,741,12,6,5,LDVD,,,,,Muriel MALFAR-PAUGA PASSIONNEMENT DUMBEA,131,9.3,17.68,,Mairie du Nord 1,MAIRIE NORD,0.98,Mairie du Nord de Dumbéa,777 ROUTE TERRITORIALE N°1,ADMINISTRATION ET ORGANISME,Administrations des collectivités,Administration de la commune de Dumbéa,166.457501065839,-22.1675460417822,etablissements_publics_nc,149,512,Plaine de Koé
municipales_2026,2,,,988,98805,Dumbéa,DUMBEA,0019,1409,759,650,741,12,6,6,LREG,,,,,"Rachel AUCHER DUMBEA, AU SERVICE DU PEUPLE",193,13.7,26.05,,Mairie du Nord 1,MAIRIE NORD,0.98,Mairie du Nord de Dumbéa,777 ROUTE TERRITORIALE N°1,ADMINISTRATION ET ORGANISME,Administrations des collectivités,Administration de la commune de Dumbéa,166.457501065839,-22.1675460417822,etablissements_publics_nc,149,512,Plaine de Koé
municipales_2026,2,,,988,98805,Dumbéa,DUMBEA,0020,842,471,371,468,3,0,1,LDVD,,,,,Cynthia JAN NÉE METZDORF UNIR POUR l'AVENIR,305,36.22,65.17,,Mairie du Nord 2,MAIRIE NORD,0.98,Mairie du Nord de Dumbéa,777 ROUTE TERRITORIALE N°1,ADMINISTRATION ET ORGANISME,Administrations des collectivités,Administration de la commune de Dumbéa,166.457501065839,-22.1675460417822,etablissements_publics_nc,149,512,Plaine de Koé
municipales_2026,2,,,988,98805,Dumbéa,DUMBEA,0020,842,471,371,468,3,0,2,LDVC,,,,,Vaimua MULIAVA DUMBEA COLLECTIF,33,3.92,7.05,,Mairie du Nord 2,MAIRIE NORD,0.98,Mairie du Nord de Dumbéa,777 ROUTE TERRITORIALE N°1,ADMINISTRATION ET ORGANISME,Administrations des collectivités,Administration de la commune de Dumbéa,166.457501065839,-22.1675460417822,etablissements_publics_nc,149,512,Plaine de Koé
municipales_2026,2,,,988,98805,Dumbéa,DUMBEA,0020,842,471,371,468,3,0,4,LDVD,,,,,Yoann LECOURIEUX DUMBEA AVANTTOUT!,85,10.1,18.16,,Mairie du Nord 2,MAIRIE NORD,0.98,Mairie du Nord de Dumbéa,777 ROUTE TERRITORIALE N°1,ADMINISTRATION ET ORGANISME,Administrations des collectivités,Administration de la commune de Dumbéa,166.457501065839,-22.1675460417822,etablissements_publics_nc,149,512,Plaine de Koé
municipales_2026,2,,,988,98805,Dumbéa,DUMBEA,0020,842,471,371,468,3,0,5,LDVD,,,,,Muriel MALFAR-PAUGA PASSIONNEMENT DUMBEA,16,1.9,3.42,,Mairie du Nord 2,MAIRIE NORD,0.98,Mairie du Nord de Dumbéa,777 ROUTE TERRITORIALE N°1,ADMINISTRATION ET ORGANISME,Administrations des collectivités,Administration de la commune de Dumbéa,166.457501065839,-22.1675460417822,etablissements_publics_nc,149,512,Plaine de Koé
municipales_2026,2,,,988,98805,Dumbéa,DUMBEA,0020,842,471,371,468,3,0,6,LREG,,,,,"Rachel AUCHER DUMBEA, AU SERVICE DU PEUPLE",29,3.44,6.2,,Mairie du Nord 2,MAIRIE NORD,0.98,Mairie du Nord de Dumbéa,777 ROUTE TERRITORIALE N°1,ADMINISTRATION ET ORGANISME,Administrations des collectivités,Administration de la commune de Dumbéa,166.457501065839,-22.1675460417822,etablissements_publics_nc,149,512,Plaine de Koé
municipales_2026,2,,,988,98805,Dumbéa,DUMBEA,0021,887,544,343,539,4,1,1,LDVD,,,,,Cynthia JAN NÉE METZDORF UNIR POUR l'AVENIR,333,37.54,61.78,,Mairie du Nord 3,MAIRIE NORD,0.98,Mairie du Nord de Dumbéa,777 ROUTE TERRITORIALE N°1,ADMINISTRATION ET ORGANISME,Administrations des collectivités,Administration de la commune de Dumbéa,166.457501065839,-22.1675460417822,etablissements_publics_nc,149,512,Plaine de Koé
municipales_2026,2,,,988,98805,Dumbéa,DUMBEA,0021,887,544,343,539,4,1,2,LDVC,,,,,Vaimua MULIAVA DUMBEA COLLECTIF,11,1.24,2.04,,Mairie du Nord 3,MAIRIE NORD,0.98,Mairie du Nord de Dumbéa,777 ROUTE TERRITORIALE N°1,ADMINISTRATION ET ORGANISME,Administrations des collectivités,Administration de la commune de Dumbéa,166.457501065839,-22.1675460417822,etablissements_publics_nc,149,512,Plaine de Koé
municipales_2026,2,,,988,98805,Dumbéa,DUMBEA,0021,887,544,343,539,4,1,4,LDVD,,,,,Yoann LECOURIEUX DUMBEA AVANTTOUT!,136,15.33,25.23,,Mairie du Nord 3,MAIRIE NORD,0.98,Mairie du Nord de Dumbéa,777 ROUTE TERRITORIALE N°1,ADMINISTRATION ET ORGANISME,Administrations des collectivités,Administration de la commune de Dumbéa,166.457501065839,-22.1675460417822,etablissements_publics_nc,149,512,Plaine de Koé
municipales_2026,2,,,988,98805,Dumbéa,DUMBEA,0021,887,544,343,539,4,1,5,LDVD,,,,,Muriel MALFAR-PAUGA PASSIONNEMENT DUMBEA,21,2.37,3.9,,Mairie du Nord 3,MAIRIE NORD,0.98,Mairie du Nord de Dumbéa,777 ROUTE TERRITORIALE N°1,ADMINISTRATION ET ORGANISME,Administrations des collectivités,Administration de la commune de Dumbéa,166.457501065839,-22.1675460417822,etablissements_publics_nc,149,512,Plaine de Koé
municipales_2026,2,,,988,98805,Dumbéa,DUMBEA,0021,887,544,343,539,4,1,6,LREG,,,,,"Rachel AUCHER DUMBEA, AU SERVICE DU PEUPLE",38,4.28,7.05,,Mairie du Nord 3,MAIRIE NORD,0.98,Mairie du Nord de Dumbéa,777 ROUTE TERRITORIALE N°1,ADMINISTRATION ET ORGANISME,Administrations des collectivités,Administration de la commune de Dumbéa,166.457501065839,-22.1675460417822,etablissements_publics_nc,149,512,Plaine de Koé
municipales_2026,2,,,988,98805,Dumbéa,DUMBEA,0022,838,514,324,507,4,3,1,LDVD,,,,,Cynthia JAN NÉE METZDORF UNIR POUR l'AVENIR,180,21.48,35.5,,Ecole primaire Paul Duboisé 1,ECOLE PRIMAIRE PAUL DUBOISE,0.892,Ecole élémentaire Paul Duboise,42 RUE DE L'ENTREE,ENSEIGNEMENT ET FORMATION,Enseignement du premier degré,Ecole élémentaire,166.434846490836,-22.1399347171588,etablissements_publics_nc,152,515,Katiramona Sud
municipales_2026,2,,,988,98805,Dumbéa,DUMBEA,0022,838,514,324,507,4,3,2,LDVC,,,,,Vaimua MULIAVA DUMBEA COLLECTIF,55,6.56,10.85,,Ecole primaire Paul Duboisé 1,ECOLE PRIMAIRE PAUL DUBOISE,0.892,Ecole élémentaire Paul Duboise,42 RUE DE L'ENTREE,ENSEIGNEMENT ET FORMATION,Enseignement du premier degré,Ecole élémentaire,166.434846490836,-22.1399347171588,etablissements_publics_nc,152,515,Katiramona Sud
municipales_2026,2,,,988,98805,Dumbéa,DUMBEA,0022,838,514,324,507,4,3,4,LDVD,,,,,Yoann LECOURIEUX DUMBEA AVANTTOUT!,117,13.96,23.08,,Ecole primaire Paul Duboisé 1,ECOLE PRIMAIRE PAUL DUBOISE,0.892,Ecole élémentaire Paul Duboise,42 RUE DE L'ENTREE,ENSEIGNEMENT ET FORMATION,Enseignement du premier degré,Ecole élémentaire,166.434846490836,-22.1399347171588,etablissements_publics_nc,152,515,Katiramona Sud
municipales_2026,2,,,988,98805,Dumbéa,DUMBEA,0022,838,514,324,507,4,3,5,LDVD,,,,,Muriel MALFAR-PAUGA PASSIONNEMENT DUMBEA,140,16.71,27.61,,Ecole primaire Paul Duboisé 1,ECOLE PRIMAIRE PAUL DUBOISE,0.892,Ecole élémentaire Paul Duboise,42 RUE DE L'ENTREE,ENSEIGNEMENT ET FORMATION,Enseignement du premier degré,Ecole élémentaire,166.434846490836,-22.1399347171588,etablissements_publics_nc,152,515,Katiramona Sud
municipales_2026,2,,,988,98805,Dumbéa,DUMBEA,0022,838,514,324,507,4,3,6,LREG,,,,,"Rachel AUCHER DUMBEA, AU SERVICE DU PEUPLE",15,1.79,2.96,,Ecole primaire Paul Duboisé 1,ECOLE PRIMAIRE PAUL DUBOISE,0.892,Ecole élémentaire Paul Duboise,42 RUE DE L'ENTREE,ENSEIGNEMENT ET FORMATION,Enseignement du premier degré,Ecole élémentaire,166.434846490836,-22.1399347171588,etablissements_publics_nc,152,515,Katiramona Sud
municipales_2026,2,,,988,98805,Dumbéa,DUMBEA,0023,998,605,393,593,7,5,1,LDVD,,,,,Cynthia JAN NÉE METZDORF UNIR POUR l'AVENIR,324,32.46,54.64,,Ecole primaire Paul Duboisé 2,ECOLE PRIMAIRE PAUL DUBOISE,0.892,Ecole élémentaire Paul Duboise,42 RUE DE L'ENTREE,ENSEIGNEMENT ET FORMATION,Enseignement du premier degré,Ecole élémentaire,166.434846490836,-22.1399347171588,etablissements_publics_nc,152,515,Katiramona Sud
municipales_2026,2,,,988,98805,Dumbéa,DUMBEA,0023,998,605,393,593,7,5,2,LDVC,,,,,Vaimua MULIAVA DUMBEA COLLECTIF,66,6.61,11.13,,Ecole primaire Paul Duboisé 2,ECOLE PRIMAIRE PAUL DUBOISE,0.892,Ecole élémentaire Paul Duboise,42 RUE DE L'ENTREE,ENSEIGNEMENT ET FORMATION,Enseignement du premier degré,Ecole élémentaire,166.434846490836,-22.1399347171588,etablissements_publics_nc,152,515,Katiramona Sud
municipales_2026,2,,,988,98805,Dumbéa,DUMBEA,0023,998,605,393,593,7,5,4,LDVD,,,,,Yoann LECOURIEUX DUMBEA AVANTTOUT!,115,11.52,19.39,,Ecole primaire Paul Duboisé 2,ECOLE PRIMAIRE PAUL DUBOISE,0.892,Ecole élémentaire Paul Duboise,42 RUE DE L'ENTREE,ENSEIGNEMENT ET FORMATION,Enseignement du premier degré,Ecole élémentaire,166.434846490836,-22.1399347171588,etablissements_publics_nc,152,515,Katiramona Sud
municipales_2026,2,,,988,98805,Dumbéa,DUMBEA,0023,998,605,393,593,7,5,5,LDVD,,,,,Muriel MALFAR-PAUGA PASSIONNEMENT DUMBEA,38,3.81,6.41,,Ecole primaire Paul Duboisé 2,ECOLE PRIMAIRE PAUL DUBOISE,0.892,Ecole élémentaire Paul Duboise,42 RUE DE L'ENTREE,ENSEIGNEMENT ET FORMATION,Enseignement du premier degré,Ecole élémentaire,166.434846490836,-22.1399347171588,etablissements_publics_nc,152,515,Katiramona Sud
municipales_2026,2,,,988,98805,Dumbéa,DUMBEA,0023,998,605,393,593,7,5,6,LREG,,,,,"Rachel AUCHER DUMBEA, AU SERVICE DU PEUPLE",50,5.01,8.43,,Ecole primaire Paul Duboisé 2,ECOLE PRIMAIRE PAUL DUBOISE,0.892,Ecole élémentaire Paul Duboise,42 RUE DE L'ENTREE,ENSEIGNEMENT ET FORMATION,Enseignement du premier degré,Ecole élémentaire,166.434846490836,-22.1399347171588,etablissements_publics_nc,152,515,Katiramona Sud
municipales_2026,2,,,988,98805,Dumbéa,DUMBEA,0024,880,483,397,471,6,6,1,LDVD,,,,,Cynthia JAN NÉE METZDORF UNIR POUR l'AVENIR,167,18.98,35.46,,Ecole maternelle les Colibris,ECOLE MATERNELLE COLIBRIS,0.741,Ecole maternelle Les Colibris,42 RUE DE L'ENTREE,ENSEIGNEMENT ET FORMATION,Enseignement du premier degré,Ecole pré-élémentaire,166.436047169124,-22.1394710088392,etablissements_publics_nc,152,515,Katiramona Sud
municipales_2026,2,,,988,98805,Dumbéa,DUMBEA,0024,880,483,397,471,6,6,2,LDVC,,,,,Vaimua MULIAVA DUMBEA COLLECTIF,49,5.57,10.4,,Ecole maternelle les Colibris,ECOLE MATERNELLE COLIBRIS,0.741,Ecole maternelle Les Colibris,42 RUE DE L'ENTREE,ENSEIGNEMENT ET FORMATION,Enseignement du premier degré,Ecole pré-élémentaire,166.436047169124,-22.1394710088392,etablissements_publics_nc,152,515,Katiramona Sud
municipales_2026,2,,,988,98805,Dumbéa,DUMBEA,0024,880,483,397,471,6,6,4,LDVD,,,,,Yoann LECOURIEUX DUMBEA AVANTTOUT!,105,11.93,22.29,,Ecole maternelle les Colibris,ECOLE MATERNELLE COLIBRIS,0.741,Ecole maternelle Les Colibris,42 RUE DE L'ENTREE,ENSEIGNEMENT ET FORMATION,Enseignement du premier degré,Ecole pré-élémentaire,166.436047169124,-22.1394710088392,etablissements_publics_nc,152,515,Katiramona Sud
municipales_2026,2,,,988,98805,Dumbéa,DUMBEA,0024,880,483,397,471,6,6,5,LDVD,,,,,Muriel MALFAR-PAUGA PASSIONNEMENT DUMBEA,88,10,18.68,,Ecole maternelle les Colibris,ECOLE MATERNELLE COLIBRIS,0.741,Ecole maternelle Les Colibris,42 RUE DE L'ENTREE,ENSEIGNEMENT ET FORMATION,Enseignement du premier degré,Ecole pré-élémentaire,166.436047169124,-22.1394710088392,etablissements_publics_nc,152,515,Katiramona Sud
municipales_2026,2,,,988,98805,Dumbéa,DUMBEA,0024,880,483,397,471,6,6,6,LREG,,,,,"Rachel AUCHER DUMBEA, AU SERVICE DU PEUPLE",62,7.05,13.16,,Ecole maternelle les Colibris,ECOLE MATERNELLE COLIBRIS,0.741,Ecole maternelle Les Colibris,42 RUE DE L'ENTREE,ENSEIGNEMENT ET FORMATION,Enseignement du premier degré,Ecole pré-élémentaire,166.436047169124,-22.1394710088392,etablissements_publics_nc,152,515,Katiramona Sud
municipales_2026,2,,,988,98805,Dumbéa,DUMBEA,0025,914,502,412,493,8,1,1,LDVD,,,,,Cynthia JAN NÉE METZDORF UNIR POUR l'AVENIR,264,28.88,53.55,,,,,Ecole maternelle Les Colibris,42 RUE DE L'ENTREE,ENSEIGNEMENT ET FORMATION,Enseignement du premier degré,Ecole pré-élémentaire,166.436047169124,-22.1394710088392,arrete_manual_etablissements,152,515,Katiramona Sud
municipales_2026,2,,,988,98805,Dumbéa,DUMBEA,0025,914,502,412,493,8,1,2,LDVC,,,,,Vaimua MULIAVA DUMBEA COLLECTIF,27,2.95,5.48,,,,,Ecole maternelle Les Colibris,42 RUE DE L'ENTREE,ENSEIGNEMENT ET FORMATION,Enseignement du premier degré,Ecole pré-élémentaire,166.436047169124,-22.1394710088392,arrete_manual_etablissements,152,515,Katiramona Sud
municipales_2026,2,,,988,98805,Dumbéa,DUMBEA,0025,914,502,412,493,8,1,4,LDVD,,,,,Yoann LECOURIEUX DUMBEA AVANTTOUT!,117,12.8,23.73,,,,,Ecole maternelle Les Colibris,42 RUE DE L'ENTREE,ENSEIGNEMENT ET FORMATION,Enseignement du premier degré,Ecole pré-élémentaire,166.436047169124,-22.1394710088392,arrete_manual_etablissements,152,515,Katiramona Sud
municipales_2026,2,,,988,98805,Dumbéa,DUMBEA,0025,914,502,412,493,8,1,5,LDVD,,,,,Muriel MALFAR-PAUGA PASSIONNEMENT DUMBEA,33,3.61,6.69,,,,,Ecole maternelle Les Colibris,42 RUE DE L'ENTREE,ENSEIGNEMENT ET FORMATION,Enseignement du premier degré,Ecole pré-élémentaire,166.436047169124,-22.1394710088392,arrete_manual_etablissements,152,515,Katiramona Sud
municipales_2026,2,,,988,98805,Dumbéa,DUMBEA,0025,914,502,412,493,8,1,6,LREG,,,,,"Rachel AUCHER DUMBEA, AU SERVICE DU PEUPLE",52,5.69,10.55,,,,,Ecole maternelle Les Colibris,42 RUE DE L'ENTREE,ENSEIGNEMENT ET FORMATION,Enseignement du premier degré,Ecole pré-élémentaire,166.436047169124,-22.1394710088392,arrete_manual_etablissements,152,515,Katiramona Sud
municipales_2026,2,,,988,98805,Dumbéa,DUMBEA,0026,1056,659,397,651,6,2,1,LDVD,,,,,Cynthia JAN NÉE METZDORF UNIR POUR l'AVENIR,495,46.88,76.04,,,,,Groupe Scolaire Frédéric-Louis Dorbritz,39 RUE DE BRETAGNE,ENSEIGNEMENT ET FORMATION,Enseignement du premier degré,Groupe scolaire,166.437530865088,-22.1944939226253,arrete_manual_etablissements,147,510,Dumbéa/mer Ouest
municipales_2026,2,,,988,98805,Dumbéa,DUMBEA,0026,1056,659,397,651,6,2,2,LDVC,,,,,Vaimua MULIAVA DUMBEA COLLECTIF,22,2.08,3.38,,,,,Groupe Scolaire Frédéric-Louis Dorbritz,39 RUE DE BRETAGNE,ENSEIGNEMENT ET FORMATION,Enseignement du premier degré,Groupe scolaire,166.437530865088,-22.1944939226253,arrete_manual_etablissements,147,510,Dumbéa/mer Ouest
municipales_2026,2,,,988,98805,Dumbéa,DUMBEA,0026,1056,659,397,651,6,2,4,LDVD,,,,,Yoann LECOURIEUX DUMBEA AVANTTOUT!,90,8.52,13.82,,,,,Groupe Scolaire Frédéric-Louis Dorbritz,39 RUE DE BRETAGNE,ENSEIGNEMENT ET FORMATION,Enseignement du premier degré,Groupe scolaire,166.437530865088,-22.1944939226253,arrete_manual_etablissements,147,510,Dumbéa/mer Ouest
municipales_2026,2,,,988,98805,Dumbéa,DUMBEA,0026,1056,659,397,651,6,2,5,LDVD,,,,,Muriel MALFAR-PAUGA PASSIONNEMENT DUMBEA,29,2.75,4.45,,,,,Groupe Scolaire Frédéric-Louis Dorbritz,39 RUE DE BRETAGNE,ENSEIGNEMENT ET FORMATION,Enseignement du premier degré,Groupe scolaire,166.437530865088,-22.1944939226253,arrete_manual_etablissements,147,510,Dumbéa/mer Ouest
municipales_2026,2,,,988,98805,Dumbéa,DUMBEA,0026,1056,659,397,651,6,2,6,LREG,,,,,"Rachel AUCHER DUMBEA, AU SERVICE DU PEUPLE",15,1.42,2.3,,,,,Groupe Scolaire Frédéric-Louis Dorbritz,39 RUE DE BRETAGNE,ENSEIGNEMENT ET FORMATION,Enseignement du premier degré,Groupe scolaire,166.437530865088,-22.1944939226253,arrete_manual_etablissements,147,510,Dumbéa/mer Ouest
municipales_2026,2,,,988,98808,Houaïlou,HOUAILOU,0001,436,283,153,282,1,0,1,LREG,,,,,Pascal SAWA LISTE UNITAIRE NATIONALISTE FLNKS(UC - UPM - PT),175,40.14,62.06,,Mairie,MAIRIE,0.7,HOUAÏLOU,Houaïlou,LIEU_DIT_NC,VILLE,Waa wi Luu,165.6260919909217,-21.278284372962112,tribus_villages_nc,157,801,Houailou village
municipales_2026,2,,,988,98808,Houaïlou,HOUAILOU,0001,436,283,153,282,1,0,3,LREG,,,,,Jean LucLouka MAHE UNI WAA WILUU,42,9.63,14.89,,Mairie,MAIRIE,0.7,HOUAÏLOU,Houaïlou,LIEU_DIT_NC,VILLE,Waa wi Luu,165.6260919909217,-21.278284372962112,tribus_villages_nc,157,801,Houailou village
municipales_2026,2,,,988,98808,Houaïlou,HOUAILOU,0001,436,283,153,282,1,0,4,LDIV,,,,,Angie - Singride BOEHE ERE MA WAA,46,10.55,16.31,,Mairie,MAIRIE,0.7,HOUAÏLOU,Houaïlou,LIEU_DIT_NC,VILLE,Waa wi Luu,165.6260919909217,-21.278284372962112,tribus_villages_nc,157,801,Houailou village
municipales_2026,2,,,988,98808,Houaïlou,HOUAILOU,0001,436,283,153,282,1,0,5,LDVD,,,,,Maurice WATANABÉ WAWILU 2026 POUR LE CHANGEMENT,19,4.36,6.74,,Mairie,MAIRIE,0.7,HOUAÏLOU,Houaïlou,LIEU_DIT_NC,VILLE,Waa wi Luu,165.6260919909217,-21.278284372962112,tribus_villages_nc,157,801,Houailou village
municipales_2026,2,,,988,98808,Houaïlou,HOUAILOU,0002,668,475,193,463,11,1,1,LREG,,,,,Pascal SAWA LISTE UNITAIRE NATIONALISTE FLNKS(UC - UPM - PT),327,48.95,70.63,,Warai,WARAI,0.95,Kua,Houaïlou,LIEU_DIT_NC,TRIBU,Wa',165.76989808558005,-21.33124821435679,tribus_villages_nc,160,807,Boréaré - Coula - Karagreu
municipales_2026,2,,,988,98808,Houaïlou,HOUAILOU,0002,668,475,193,463,11,1,3,LREG,,,,,Jean LucLouka MAHE UNI WAA WILUU,17,2.54,3.67,,Warai,WARAI,0.95,Kua,Houaïlou,LIEU_DIT_NC,TRIBU,Wa',165.76989808558005,-21.33124821435679,tribus_villages_nc,160,807,Boréaré - Coula - Karagreu
municipales_2026,2,,,988,98808,Houaïlou,HOUAILOU,0002,668,475,193,463,11,1,4,LDIV,,,,,Angie - Singride BOEHE ERE MA WAA,47,7.04,10.15,,Warai,WARAI,0.95,Kua,Houaïlou,LIEU_DIT_NC,TRIBU,Wa',165.76989808558005,-21.33124821435679,tribus_villages_nc,160,807,Boréaré - Coula - Karagreu
municipales_2026,2,,,988,98808,Houaïlou,HOUAILOU,0002,668,475,193,463,11,1,5,LDVD,,,,,Maurice WATANABÉ WAWILU 2026 POUR LE CHANGEMENT,72,10.78,15.55,,Warai,WARAI,0.95,Kua,Houaïlou,LIEU_DIT_NC,TRIBU,Wa',165.76989808558005,-21.33124821435679,tribus_villages_nc,160,807,Boréaré - Coula - Karagreu
municipales_2026,2,,,988,98808,Houaïlou,HOUAILOU,0003,378,219,159,218,1,0,1,LREG,,,,,Pascal SAWA LISTE UNITAIRE NATIONALISTE FLNKS(UC - UPM - PT),93,24.6,42.66,,Bâ,BA,1,Bâ,Houaïlou,LIEU_DIT_NC,TRIBU,Bwa,165.55842620966266,-21.19827944865936,tribus_villages_nc,158,803,Warai
municipales_2026,2,,,988,98808,Houaïlou,HOUAILOU,0003,378,219,159,218,1,0,3,LREG,,,,,Jean LucLouka MAHE UNI WAA WILUU,59,15.61,27.06,,Bâ,BA,1,Bâ,Houaïlou,LIEU_DIT_NC,TRIBU,Bwa,165.55842620966266,-21.19827944865936,tribus_villages_nc,158,803,Warai
municipales_2026,2,,,988,98808,Houaïlou,HOUAILOU,0003,378,219,159,218,1,0,4,LDIV,,,,,Angie - Singride BOEHE ERE MA WAA,47,12.43,21.56,,Bâ,BA,1,Bâ,Houaïlou,LIEU_DIT_NC,TRIBU,Bwa,165.55842620966266,-21.19827944865936,tribus_villages_nc,158,803,Warai
municipales_2026,2,,,988,98808,Houaïlou,HOUAILOU,0003,378,219,159,218,1,0,5,LDVD,,,,,Maurice WATANABÉ WAWILU 2026 POUR LE CHANGEMENT,19,5.03,8.72,,Bâ,BA,1,Bâ,Houaïlou,LIEU_DIT_NC,TRIBU,Bwa,165.55842620966266,-21.19827944865936,tribus_villages_nc,158,803,Warai
municipales_2026,2,,,988,98808,Houaïlou,HOUAILOU,0004,311,203,108,203,0,0,1,LREG,,,,,Pascal SAWA LISTE UNITAIRE NATIONALISTE FLNKS(UC - UPM - PT),125,40.19,61.58,,Nessakoéa,NESSAKOEA,0.842,Nessa Kouya,Houaïlou,LIEU_DIT_NC,TRIBU,Nérhexa i Kwéaa,165.5267547278778,-21.28421939373571,tribus_villages_nc,159,805,Nédivin - Bas Nindien
municipales_2026,2,,,988,98808,Houaïlou,HOUAILOU,0004,311,203,108,203,0,0,3,LREG,,,,,Jean LucLouka MAHE UNI WAA WILUU,36,11.58,17.73,,Nessakoéa,NESSAKOEA,0.842,Nessa Kouya,Houaïlou,LIEU_DIT_NC,TRIBU,Nérhexa i Kwéaa,165.5267547278778,-21.28421939373571,tribus_villages_nc,159,805,Nédivin - Bas Nindien
municipales_2026,2,,,988,98808,Houaïlou,HOUAILOU,0004,311,203,108,203,0,0,4,LDIV,,,,,Angie - Singride BOEHE ERE MA WAA,40,12.86,19.7,,Nessakoéa,NESSAKOEA,0.842,Nessa Kouya,Houaïlou,LIEU_DIT_NC,TRIBU,Nérhexa i Kwéaa,165.5267547278778,-21.28421939373571,tribus_villages_nc,159,805,Nédivin - Bas Nindien
municipales_2026,2,,,988,98808,Houaïlou,HOUAILOU,0004,311,203,108,203,0,0,5,LDVD,,,,,Maurice WATANABÉ WAWILU 2026 POUR LE CHANGEMENT,2,0.64,0.99,,Nessakoéa,NESSAKOEA,0.842,Nessa Kouya,Houaïlou,LIEU_DIT_NC,TRIBU,Nérhexa i Kwéaa,165.5267547278778,-21.28421939373571,tribus_villages_nc,159,805,Nédivin - Bas Nindien
municipales_2026,2,,,988,98808,Houaïlou,HOUAILOU,0005,577,381,196,376,3,2,1,LREG,,,,,Pascal SAWA LISTE UNITAIRE NATIONALISTE FLNKS(UC - UPM - PT),181,31.37,48.14,,Poro,PORO,1,Poro,Houaïlou,LIEU_DIT_NC,LDH,Pô Ro,165.70953015747588,-21.30262511634177,tribus_villages_nc,157,801,Houailou village
municipales_2026,2,,,988,98808,Houaïlou,HOUAILOU,0005,577,381,196,376,3,2,3,LREG,,,,,Jean LucLouka MAHE UNI WAA WILUU,32,5.55,8.51,,Poro,PORO,1,Poro,Houaïlou,LIEU_DIT_NC,LDH,Pô Ro,165.70953015747588,-21.30262511634177,tribus_villages_nc,157,801,Houailou village
municipales_2026,2,,,988,98808,Houaïlou,HOUAILOU,0005,577,381,196,376,3,2,4,LDIV,,,,,Angie - Singride BOEHE ERE MA WAA,101,17.5,26.86,,Poro,PORO,1,Poro,Houaïlou,LIEU_DIT_NC,LDH,Pô Ro,165.70953015747588,-21.30262511634177,tribus_villages_nc,157,801,Houailou village
municipales_2026,2,,,988,98808,Houaïlou,HOUAILOU,0005,577,381,196,376,3,2,5,LDVD,,,,,Maurice WATANABÉ WAWILU 2026 POUR LE CHANGEMENT,62,10.75,16.49,,Poro,PORO,1,Poro,Houaïlou,LIEU_DIT_NC,LDH,Pô Ro,165.70953015747588,-21.30262511634177,tribus_villages_nc,157,801,Houailou village
municipales_2026,2,,,988,98808,Houaïlou,HOUAILOU,0006,479,290,189,289,0,1,1,LREG,,,,,Pascal SAWA LISTE UNITAIRE NATIONALISTE FLNKS(UC - UPM - PT),205,42.8,70.93,,Coula,COULA,1,Coula,Houaïlou,LIEU_DIT_NC,TRIBU,Kuru raa,165.44899405604838,-21.336853600338287,tribus_villages_nc,160,807,Boréaré - Coula - Karagreu
municipales_2026,2,,,988,98808,Houaïlou,HOUAILOU,0006,479,290,189,289,0,1,3,LREG,,,,,Jean LucLouka MAHE UNI WAA WILUU,45,9.39,15.57,,Coula,COULA,1,Coula,Houaïlou,LIEU_DIT_NC,TRIBU,Kuru raa,165.44899405604838,-21.336853600338287,tribus_villages_nc,160,807,Boréaré - Coula - Karagreu
municipales_2026,2,,,988,98808,Houaïlou,HOUAILOU,0006,479,290,189,289,0,1,4,LDIV,,,,,Angie - Singride BOEHE ERE MA WAA,18,3.76,6.23,,Coula,COULA,1,Coula,Houaïlou,LIEU_DIT_NC,TRIBU,Kuru raa,165.44899405604838,-21.336853600338287,tribus_villages_nc,160,807,Boréaré - Coula - Karagreu
municipales_2026,2,,,988,98808,Houaïlou,HOUAILOU,0006,479,290,189,289,0,1,5,LDVD,,,,,Maurice WATANABÉ WAWILU 2026 POUR LE CHANGEMENT,21,4.38,7.27,,Coula,COULA,1,Coula,Houaïlou,LIEU_DIT_NC,TRIBU,Kuru raa,165.44899405604838,-21.336853600338287,tribus_villages_nc,160,807,Boréaré - Coula - Karagreu
municipales_2026,2,,,988,98808,Houaïlou,HOUAILOU,0007,327,238,89,235,3,0,1,LREG,,,,,Pascal SAWA LISTE UNITAIRE NATIONALISTE FLNKS(UC - UPM - PT),113,34.56,48.09,,Néaoua,NEAOUA,1,Néaoua,Houaïlou,LIEU_DIT_NC,TRIBU,Né awa,165.6455007313978,-21.325531853593,tribus_villages_nc,157,801,Houailou village
municipales_2026,2,,,988,98808,Houaïlou,HOUAILOU,0007,327,238,89,235,3,0,3,LREG,,,,,Jean LucLouka MAHE UNI WAA WILUU,41,12.54,17.45,,Néaoua,NEAOUA,1,Néaoua,Houaïlou,LIEU_DIT_NC,TRIBU,Né awa,165.6455007313978,-21.325531853593,tribus_villages_nc,157,801,Houailou village
municipales_2026,2,,,988,98808,Houaïlou,HOUAILOU,0007,327,238,89,235,3,0,4,LDIV,,,,,Angie - Singride BOEHE ERE MA WAA,78,23.85,33.19,,Néaoua,NEAOUA,1,Néaoua,Houaïlou,LIEU_DIT_NC,TRIBU,Né awa,165.6455007313978,-21.325531853593,tribus_villages_nc,157,801,Houailou village
municipales_2026,2,,,988,98808,Houaïlou,HOUAILOU,0007,327,238,89,235,3,0,5,LDVD,,,,,Maurice WATANABÉ WAWILU 2026 POUR LE CHANGEMENT,3,0.92,1.28,,Néaoua,NEAOUA,1,Néaoua,Houaïlou,LIEU_DIT_NC,TRIBU,Né awa,165.6455007313978,-21.325531853593,tribus_villages_nc,157,801,Houailou village
municipales_2026,2,,,988,98808,Houaïlou,HOUAILOU,0008,537,355,182,354,1,0,1,LREG,,,,,Pascal SAWA LISTE UNITAIRE NATIONALISTE FLNKS(UC - UPM - PT),216,40.22,61.02,,Nédivin,NEDIVIN,1,Nédivin,Houaïlou,LIEU_DIT_NC,TRIBU,Nédii vârâ,165.57082158687447,-21.289736384804883,tribus_villages_nc,159,805,Nédivin - Bas Nindien
municipales_2026,2,,,988,98808,Houaïlou,HOUAILOU,0008,537,355,182,354,1,0,3,LREG,,,,,Jean LucLouka MAHE UNI WAA WILUU,45,8.38,12.71,,Nédivin,NEDIVIN,1,Nédivin,Houaïlou,LIEU_DIT_NC,TRIBU,Nédii vârâ,165.57082158687447,-21.289736384804883,tribus_villages_nc,159,805,Nédivin - Bas Nindien
municipales_2026,2,,,988,98808,Houaïlou,HOUAILOU,0008,537,355,182,354,1,0,4,LDIV,,,,,Angie - Singride BOEHE ERE MA WAA,85,15.83,24.01,,Nédivin,NEDIVIN,1,Nédivin,Houaïlou,LIEU_DIT_NC,TRIBU,Nédii vârâ,165.57082158687447,-21.289736384804883,tribus_villages_nc,159,805,Nédivin - Bas Nindien
municipales_2026,2,,,988,98808,Houaïlou,HOUAILOU,0008,537,355,182,354,1,0,5,LDVD,,,,,Maurice WATANABÉ WAWILU 2026 POUR LE CHANGEMENT,8,1.49,2.26,,Nédivin,NEDIVIN,1,Nédivin,Houaïlou,LIEU_DIT_NC,TRIBU,Nédii vârâ,165.57082158687447,-21.289736384804883,tribus_villages_nc,159,805,Nédivin - Bas Nindien
municipales_2026,2,,,988,98809,L'Ile-des-Pins,ILEDESPINS,0001,1044,769,275,760,5,4,1,,,,,,RegisWadieme VENDEGOUKWENYII DANS LA DIVERSITE,378,36.21,49.74,,Mairie 1,MAIRIE,,,,,,,167.495819,-22.66517,tidygeocoder_osm,161,901,Vao
municipales_2026,2,,,988,98809,L'Ile-des-Pins,ILEDESPINS,0001,1044,769,275,760,5,4,2,,,,,,Daniel PatrickKOUATHEFLNKS KWENYII,314,30.08,41.32,,Mairie 1,MAIRIE,,,,,,,167.495819,-22.66517,tidygeocoder_osm,161,901,Vao
municipales_2026,2,,,988,98809,L'Ile-des-Pins,ILEDESPINS,0001,1044,769,275,760,5,4,3,,,,,,Christophe VAKIEEveil Kunié,68,6.51,8.95,,Mairie 1,MAIRIE,,,,,,,167.495819,-22.66517,tidygeocoder_osm,161,901,Vao
municipales_2026,2,,,988,98809,L'Ile-des-Pins,ILEDESPINS,0002,824,653,171,652,1,0,1,,,,,,RegisWadieme VENDEGOUKWENYII DANS LA DIVERSITE,272,33.01,41.72,,Bâtiment communal Point Information,BATIMENT COMMUNAL POINT INFORMATION,,,,,,,167.495819,-22.66517,tidygeocoder_osm,161,901,Vao
municipales_2026,2,,,988,98809,L'Ile-des-Pins,ILEDESPINS,0002,824,653,171,652,1,0,2,,,,,,Daniel PatrickKOUATHEFLNKS KWENYII,296,35.92,45.4,,Bâtiment communal Point Information,BATIMENT COMMUNAL POINT INFORMATION,,,,,,,167.495819,-22.66517,tidygeocoder_osm,161,901,Vao
municipales_2026,2,,,988,98809,L'Ile-des-Pins,ILEDESPINS,0002,824,653,171,652,1,0,3,,,,,,Christophe VAKIEEveil Kunié,84,10.19,12.88,,Bâtiment communal Point Information,BATIMENT COMMUNAL POINT INFORMATION,,,,,,,167.495819,-22.66517,tidygeocoder_osm,161,901,Vao
municipales_2026,2,,,988,98810,Kaala-Gomen,KAALAGOMEN,0001,568,448,120,441,7,0,1,,,,,,Pablo POY-YETHYUNIS POUR BWAPANU,74,13.03,16.78,,Mairie,MAIRIE,0.98,Mairie de Kaala-Gomen,804 Avenue de BWAPANU,ADMINISTRATION ET ORGANISME,Administrations des collectivités,Administration de la commune de Kaala-Gomen,164.397185345977,-20.6671314843025,etablissements_publics_nc,1,1001,Kaala Gomen village et littoral
municipales_2026,2,,,988,98810,Kaala-Gomen,KAALAGOMEN,0001,568,448,120,441,7,0,2,,,,,,Alain LEVANTENTENTE COMMUNALE,308,54.23,69.84,,Mairie,MAIRIE,0.98,Mairie de Kaala-Gomen,804 Avenue de BWAPANU,ADMINISTRATION ET ORGANISME,Administrations des collectivités,Administration de la commune de Kaala-Gomen,164.397185345977,-20.6671314843025,etablissements_publics_nc,1,1001,Kaala Gomen village et littoral
municipales_2026,2,,,988,98810,Kaala-Gomen,KAALAGOMEN,0001,568,448,120,441,7,0,3,,,,,,Hervé Maguei TEIN-TAOUVAUNION CITOYENNE DE BWAPANU,59,10.39,13.38,,Mairie,MAIRIE,0.98,Mairie de Kaala-Gomen,804 Avenue de BWAPANU,ADMINISTRATION ET ORGANISME,Administrations des collectivités,Administration de la commune de Kaala-Gomen,164.397185345977,-20.6671314843025,etablissements_publics_nc,1,1001,Kaala Gomen village et littoral
municipales_2026,2,,,988,98810,Kaala-Gomen,KAALAGOMEN,0002,394,351,43,351,0,0,1,,,,,,Pablo POY-YETHYUNIS POUR BWAPANU,23,5.84,6.55,,Ouéholle,OUEHOLLE,0.93,Ecole catholique de Ouéholle,,ENSEIGNEMENT ET FORMATION,Enseignement du premier degré,Ecole pré-élémentaire,164.545680960012,-20.6046276080457,etablissements_publics_nc,2,1004,Ouéholle - Ouémou - Kourou
municipales_2026,2,,,988,98810,Kaala-Gomen,KAALAGOMEN,0002,394,351,43,351,0,0,2,,,,,,Alain LEVANTENTENTE COMMUNALE,33,8.38,9.4,,Ouéholle,OUEHOLLE,0.93,Ecole catholique de Ouéholle,,ENSEIGNEMENT ET FORMATION,Enseignement du premier degré,Ecole pré-élémentaire,164.545680960012,-20.6046276080457,etablissements_publics_nc,2,1004,Ouéholle - Ouémou - Kourou
municipales_2026,2,,,988,98810,Kaala-Gomen,KAALAGOMEN,0002,394,351,43,351,0,0,3,,,,,,Hervé Maguei TEIN-TAOUVAUNION CITOYENNE DE BWAPANU,295,74.87,84.05,,Ouéholle,OUEHOLLE,0.93,Ecole catholique de Ouéholle,,ENSEIGNEMENT ET FORMATION,Enseignement du premier degré,Ecole pré-élémentaire,164.545680960012,-20.6046276080457,etablissements_publics_nc,2,1004,Ouéholle - Ouémou - Kourou
municipales_2026,2,,,988,98810,Kaala-Gomen,KAALAGOMEN,0003,288,245,43,243,1,1,1,,,,,,Pablo POY-YETHYUNIS POUR BWAPANU,50,17.36,20.58,,Maison Païta,MAISON PAITA,0.688,Maison commune de Piata,,CULTUREL ET SOCIO EDUCATIF,Equipements socio-éducatifs et socio-culturels,Maison de jeune et maison de quartier,164.426512320768,-20.6494636653987,etablissements_publics_nc,1,1001,Kaala Gomen village et littoral
municipales_2026,2,,,988,98810,Kaala-Gomen,KAALAGOMEN,0003,288,245,43,243,1,1,2,,,,,,Alain LEVANTENTENTE COMMUNALE,133,46.18,54.73,,Maison Païta,MAISON PAITA,0.688,Maison commune de Piata,,CULTUREL ET SOCIO EDUCATIF,Equipements socio-éducatifs et socio-culturels,Maison de jeune et maison de quartier,164.426512320768,-20.6494636653987,etablissements_publics_nc,1,1001,Kaala Gomen village et littoral
municipales_2026,2,,,988,98810,Kaala-Gomen,KAALAGOMEN,0003,288,245,43,243,1,1,3,,,,,,Hervé Maguei TEIN-TAOUVAUNION CITOYENNE DE BWAPANU,60,20.83,24.69,,Maison Païta,MAISON PAITA,0.688,Maison commune de Piata,,CULTUREL ET SOCIO EDUCATIF,Equipements socio-éducatifs et socio-culturels,Maison de jeune et maison de quartier,164.426512320768,-20.6494636653987,etablissements_publics_nc,1,1001,Kaala Gomen village et littoral
municipales_2026,2,,,988,98810,Kaala-Gomen,KAALAGOMEN,0004,194,170,24,168,0,2,1,,,,,,Pablo POY-YETHYUNIS POUR BWAPANU,14,7.22,8.33,,Maison Gamaï,MAISON GAMAI,0.75,Maison commune de Gamaï,,CULTUREL ET SOCIO EDUCATIF,Equipements socio-éducatifs et socio-culturels,Maison de jeune et maison de quartier,164.486749878062,-20.6941126404856,etablissements_publics_nc,1,1001,Kaala Gomen village et littoral
municipales_2026,2,,,988,98810,Kaala-Gomen,KAALAGOMEN,0004,194,170,24,168,0,2,2,,,,,,Alain LEVANTENTENTE COMMUNALE,78,40.21,46.43,,Maison Gamaï,MAISON GAMAI,0.75,Maison commune de Gamaï,,CULTUREL ET SOCIO EDUCATIF,Equipements socio-éducatifs et socio-culturels,Maison de jeune et maison de quartier,164.486749878062,-20.6941126404856,etablissements_publics_nc,1,1001,Kaala Gomen village et littoral
municipales_2026,2,,,988,98810,Kaala-Gomen,KAALAGOMEN,0004,194,170,24,168,0,2,3,,,,,,Hervé Maguei TEIN-TAOUVAUNION CITOYENNE DE BWAPANU,76,39.18,45.24,,Maison Gamaï,MAISON GAMAI,0.75,Maison commune de Gamaï,,CULTUREL ET SOCIO EDUCATIF,Equipements socio-éducatifs et socio-culturels,Maison de jeune et maison de quartier,164.486749878062,-20.6941126404856,etablissements_publics_nc,1,1001,Kaala Gomen village et littoral
municipales_2026,2,,,988,98810,Kaala-Gomen,KAALAGOMEN,0005,145,132,13,132,0,0,1,,,,,,Pablo POY-YETHYUNIS POUR BWAPANU,53,36.55,40.15,,Maison Baoui,MAISON BAOUI,0.75,Maison commune de Baoui,,CULTUREL ET SOCIO EDUCATIF,Equipements socio-éducatifs et socio-culturels,Maison de jeune et maison de quartier,164.463552597488,-20.6891303658536,etablissements_publics_nc,1,1001,Kaala Gomen village et littoral
municipales_2026,2,,,988,98810,Kaala-Gomen,KAALAGOMEN,0005,145,132,13,132,0,0,2,,,,,,Alain LEVANTENTENTE COMMUNALE,55,37.93,41.67,,Maison Baoui,MAISON BAOUI,0.75,Maison commune de Baoui,,CULTUREL ET SOCIO EDUCATIF,Equipements socio-éducatifs et socio-culturels,Maison de jeune et maison de quartier,164.463552597488,-20.6891303658536,etablissements_publics_nc,1,1001,Kaala Gomen village et littoral
municipales_2026,2,,,988,98810,Kaala-Gomen,KAALAGOMEN,0005,145,132,13,132,0,0,3,,,,,,Hervé Maguei TEIN-TAOUVAUNION CITOYENNE DE BWAPANU,24,16.55,18.18,,Maison Baoui,MAISON BAOUI,0.75,Maison commune de Baoui,,CULTUREL ET SOCIO EDUCATIF,Equipements socio-éducatifs et socio-culturels,Maison de jeune et maison de quartier,164.463552597488,-20.6891303658536,etablissements_publics_nc,1,1001,Kaala Gomen village et littoral
municipales_2026,2,,,988,98810,Kaala-Gomen,KAALAGOMEN,0006,219,170,49,168,1,1,1,,,,,,Pablo POY-YETHYUNIS POUR BWAPANU,13,5.94,7.74,,Ouaco,OUACO,0.93,Ecole de Ouaco,185 Rue Victor ROFFEY,ENSEIGNEMENT ET FORMATION,Enseignement du premier degré,Ecole élémentaire,164.471215971078,-20.8375035625753,etablissements_publics_nc,1,1001,Kaala Gomen village et littoral
municipales_2026,2,,,988,98810,Kaala-Gomen,KAALAGOMEN,0006,219,170,49,168,1,1,2,,,,,,Alain LEVANTENTENTE COMMUNALE,117,53.42,69.64,,Ouaco,OUACO,0.93,Ecole de Ouaco,185 Rue Victor ROFFEY,ENSEIGNEMENT ET FORMATION,Enseignement du premier degré,Ecole élémentaire,164.471215971078,-20.8375035625753,etablissements_publics_nc,1,1001,Kaala Gomen village et littoral
municipales_2026,2,,,988,98810,Kaala-Gomen,KAALAGOMEN,0006,219,170,49,168,1,1,3,,,,,,Hervé Maguei TEIN-TAOUVAUNION CITOYENNE DE BWAPANU,38,17.35,22.62,,Ouaco,OUACO,0.93,Ecole de Ouaco,185 Rue Victor ROFFEY,ENSEIGNEMENT ET FORMATION,Enseignement du premier degré,Ecole élémentaire,164.471215971078,-20.8375035625753,etablissements_publics_nc,1,1001,Kaala Gomen village et littoral
municipales_2026,2,,,988,98811,Koné,KONE,0001,780,464,316,457,3,4,1,LDIV,,,,,"Jean-Yves Pama MY ENSEMBLE, CONSTRUISONS LACOMMUNE DE DEMAIN",38,4.87,8.32,,Salle Au Pitiri,SALLE AU PITIRI,0.556,Plateau sportif de Téari,AVENUE FOUE,EQUIPEMENT SPORTIF,Terrains sportifs normalisés,Terrain polyvalent,164.866375124843,-21.0740850901806,etablissements_publics_nc,5,1102,Paiamboué - La Caférie - Foué
municipales_2026,2,,,988,98811,Koné,KONE,0001,780,464,316,457,3,4,2,LDVD,,,,,Mike SAMADI AGISSONS POUR KONE,299,38.33,65.43,,Salle Au Pitiri,SALLE AU PITIRI,0.556,Plateau sportif de Téari,AVENUE FOUE,EQUIPEMENT SPORTIF,Terrains sportifs normalisés,Terrain polyvalent,164.866375124843,-21.0740850901806,etablissements_publics_nc,5,1102,Paiamboué - La Caférie - Foué
municipales_2026,2,,,988,98811,Koné,KONE,0001,780,464,316,457,3,4,3,LREG,,,,,ThierryGOWECEE UC FLNKS,62,7.95,13.57,,Salle Au Pitiri,SALLE AU PITIRI,0.556,Plateau sportif de Téari,AVENUE FOUE,EQUIPEMENT SPORTIF,Terrains sportifs normalisés,Terrain polyvalent,164.866375124843,-21.0740850901806,etablissements_publics_nc,5,1102,Paiamboué - La Caférie - Foué
municipales_2026,2,,,988,98811,Koné,KONE,0001,780,464,316,457,3,4,4,LREG,,,,,Joseph Apangou GOROMIDO UNI KOOHNE,58,7.44,12.69,,Salle Au Pitiri,SALLE AU PITIRI,0.556,Plateau sportif de Téari,AVENUE FOUE,EQUIPEMENT SPORTIF,Terrains sportifs normalisés,Terrain polyvalent,164.866375124843,-21.0740850901806,etablissements_publics_nc,5,1102,Paiamboué - La Caférie - Foué
municipales_2026,2,,,988,98811,Koné,KONE,0002,186,145,41,145,0,0,1,LDIV,,,,,"Jean-Yves Pama MY ENSEMBLE, CONSTRUISONS LACOMMUNE DE DEMAIN",8,4.3,5.52,,Poindah,POINDAH,0.93,Maison commune de Poindah,,CULTUREL ET SOCIO EDUCATIF,Equipements socio-éducatifs et socio-culturels,Maison de jeune et maison de quartier,164.964442641559,-21.0372102738018,etablissements_publics_nc,7,1107,Poindah - Noelly - Néami - Netchaot
municipales_2026,2,,,988,98811,Koné,KONE,0002,186,145,41,145,0,0,2,LDVD,,,,,Mike SAMADI AGISSONS POUR KONE,21,11.29,14.48,,Poindah,POINDAH,0.93,Maison commune de Poindah,,CULTUREL ET SOCIO EDUCATIF,Equipements socio-éducatifs et socio-culturels,Maison de jeune et maison de quartier,164.964442641559,-21.0372102738018,etablissements_publics_nc,7,1107,Poindah - Noelly - Néami - Netchaot
municipales_2026,2,,,988,98811,Koné,KONE,0002,186,145,41,145,0,0,3,LREG,,,,,ThierryGOWECEE UC FLNKS,71,38.17,48.97,,Poindah,POINDAH,0.93,Maison commune de Poindah,,CULTUREL ET SOCIO EDUCATIF,Equipements socio-éducatifs et socio-culturels,Maison de jeune et maison de quartier,164.964442641559,-21.0372102738018,etablissements_publics_nc,7,1107,Poindah - Noelly - Néami - Netchaot
municipales_2026,2,,,988,98811,Koné,KONE,0002,186,145,41,145,0,0,4,LREG,,,,,Joseph Apangou GOROMIDO UNI KOOHNE,45,24.19,31.03,,Poindah,POINDAH,0.93,Maison commune de Poindah,,CULTUREL ET SOCIO EDUCATIF,Equipements socio-éducatifs et socio-culturels,Maison de jeune et maison de quartier,164.964442641559,-21.0372102738018,etablissements_publics_nc,7,1107,Poindah - Noelly - Néami - Netchaot
municipales_2026,2,,,988,98811,Koné,KONE,0003,406,329,77,327,1,1,1,LDIV,,,,,"Jean-Yves Pama MY ENSEMBLE, CONSTRUISONS LACOMMUNE DE DEMAIN",7,1.72,2.14,,Netchaot,NETCHAOT,0.93,Ecole maternelle publique de Nétchaot,Route du STADE de NETCHAOT,ENSEIGNEMENT ET FORMATION,Enseignement du premier degré,Ecole pré-élémentaire,165.022902317548,-21.0054157631335,etablissements_publics_nc,7,1107,Poindah - Noelly - Néami - Netchaot
municipales_2026,2,,,988,98811,Koné,KONE,0003,406,329,77,327,1,1,2,LDVD,,,,,Mike SAMADI AGISSONS POUR KONE,21,5.17,6.42,,Netchaot,NETCHAOT,0.93,Ecole maternelle publique de Nétchaot,Route du STADE de NETCHAOT,ENSEIGNEMENT ET FORMATION,Enseignement du premier degré,Ecole pré-élémentaire,165.022902317548,-21.0054157631335,etablissements_publics_nc,7,1107,Poindah - Noelly - Néami - Netchaot
municipales_2026,2,,,988,98811,Koné,KONE,0003,406,329,77,327,1,1,3,LREG,,,,,ThierryGOWECEE UC FLNKS,33,8.13,10.09,,Netchaot,NETCHAOT,0.93,Ecole maternelle publique de Nétchaot,Route du STADE de NETCHAOT,ENSEIGNEMENT ET FORMATION,Enseignement du premier degré,Ecole pré-élémentaire,165.022902317548,-21.0054157631335,etablissements_publics_nc,7,1107,Poindah - Noelly - Néami - Netchaot
municipales_2026,2,,,988,98811,Koné,KONE,0003,406,329,77,327,1,1,4,LREG,,,,,Joseph Apangou GOROMIDO UNI KOOHNE,266,65.52,81.35,,Netchaot,NETCHAOT,0.93,Ecole maternelle publique de Nétchaot,Route du STADE de NETCHAOT,ENSEIGNEMENT ET FORMATION,Enseignement du premier degré,Ecole pré-élémentaire,165.022902317548,-21.0054157631335,etablissements_publics_nc,7,1107,Poindah - Noelly - Néami - Netchaot
municipales_2026,2,,,988,98811,Koné,KONE,0004,295,261,34,260,0,1,1,LDIV,,,,,"Jean-Yves Pama MY ENSEMBLE, CONSTRUISONS LACOMMUNE DE DEMAIN",2,0.68,0.77,,Tiaoué,TIAOUE,0.93,Ecole publique de Tiaoué,RM5,ENSEIGNEMENT ET FORMATION,Enseignement du premier degré,Ecole primaire,164.916802108,-21.0000621217301,etablissements_publics_nc,7,1107,Poindah - Noelly - Néami - Netchaot
municipales_2026,2,,,988,98811,Koné,KONE,0004,295,261,34,260,0,1,2,LDVD,,,,,Mike SAMADI AGISSONS POUR KONE,23,7.8,8.85,,Tiaoué,TIAOUE,0.93,Ecole publique de Tiaoué,RM5,ENSEIGNEMENT ET FORMATION,Enseignement du premier degré,Ecole primaire,164.916802108,-21.0000621217301,etablissements_publics_nc,7,1107,Poindah - Noelly - Néami - Netchaot
municipales_2026,2,,,988,98811,Koné,KONE,0004,295,261,34,260,0,1,3,LREG,,,,,ThierryGOWECEE UC FLNKS,194,65.76,74.62,,Tiaoué,TIAOUE,0.93,Ecole publique de Tiaoué,RM5,ENSEIGNEMENT ET FORMATION,Enseignement du premier degré,Ecole primaire,164.916802108,-21.0000621217301,etablissements_publics_nc,7,1107,Poindah - Noelly - Néami - Netchaot
municipales_2026,2,,,988,98811,Koné,KONE,0004,295,261,34,260,0,1,4,LREG,,,,,Joseph Apangou GOROMIDO UNI KOOHNE,41,13.9,15.77,,Tiaoué,TIAOUE,0.93,Ecole publique de Tiaoué,RM5,ENSEIGNEMENT ET FORMATION,Enseignement du premier degré,Ecole primaire,164.916802108,-21.0000621217301,etablissements_publics_nc,7,1107,Poindah - Noelly - Néami - Netchaot
municipales_2026,2,,,988,98811,Koné,KONE,0005,127,109,18,109,0,0,1,LDIV,,,,,"Jean-Yves Pama MY ENSEMBLE, CONSTRUISONS LACOMMUNE DE DEMAIN",4,3.15,3.67,,Atéou,ATEOU,0.93,Ecole publique d'Atéou,Route de l'EGLISE d'ATEOU,ENSEIGNEMENT ET FORMATION,Enseignement du premier degré,Ecole primaire,164.90654574925,-20.9500343540188,etablissements_publics_nc,7,1107,Poindah - Noelly - Néami - Netchaot
municipales_2026,2,,,988,98811,Koné,KONE,0005,127,109,18,109,0,0,2,LDVD,,,,,Mike SAMADI AGISSONS POUR KONE,7,5.51,6.42,,Atéou,ATEOU,0.93,Ecole publique d'Atéou,Route de l'EGLISE d'ATEOU,ENSEIGNEMENT ET FORMATION,Enseignement du premier degré,Ecole primaire,164.90654574925,-20.9500343540188,etablissements_publics_nc,7,1107,Poindah - Noelly - Néami - Netchaot
municipales_2026,2,,,988,98811,Koné,KONE,0005,127,109,18,109,0,0,3,LREG,,,,,ThierryGOWECEE UC FLNKS,85,66.93,77.98,,Atéou,ATEOU,0.93,Ecole publique d'Atéou,Route de l'EGLISE d'ATEOU,ENSEIGNEMENT ET FORMATION,Enseignement du premier degré,Ecole primaire,164.90654574925,-20.9500343540188,etablissements_publics_nc,7,1107,Poindah - Noelly - Néami - Netchaot
municipales_2026,2,,,988,98811,Koné,KONE,0005,127,109,18,109,0,0,4,LREG,,,,,Joseph Apangou GOROMIDO UNI KOOHNE,13,10.24,11.93,,Atéou,ATEOU,0.93,Ecole publique d'Atéou,Route de l'EGLISE d'ATEOU,ENSEIGNEMENT ET FORMATION,Enseignement du premier degré,Ecole primaire,164.90654574925,-20.9500343540188,etablissements_publics_nc,7,1107,Poindah - Noelly - Néami - Netchaot
municipales_2026,2,,,988,98811,Koné,KONE,0006,237,187,50,187,0,0,1,LDIV,,,,,"Jean-Yves Pama MY ENSEMBLE, CONSTRUISONS LACOMMUNE DE DEMAIN",4,1.69,2.14,,Bopope,BOPOPE,0.93,Ecole privée protestante Bopope,ROUTE BOPOPE BOPOPE,ENSEIGNEMENT ET FORMATION,Enseignement du premier degré,Ecole primaire,165.079714634727,-20.9178415050895,etablissements_publics_nc,8,1108,Bopope
municipales_2026,2,,,988,98811,Koné,KONE,0006,237,187,50,187,0,0,2,LDVD,,,,,Mike SAMADI AGISSONS POUR KONE,14,5.91,7.49,,Bopope,BOPOPE,0.93,Ecole privée protestante Bopope,ROUTE BOPOPE BOPOPE,ENSEIGNEMENT ET FORMATION,Enseignement du premier degré,Ecole primaire,165.079714634727,-20.9178415050895,etablissements_publics_nc,8,1108,Bopope
municipales_2026,2,,,988,98811,Koné,KONE,0006,237,187,50,187,0,0,3,LREG,,,,,ThierryGOWECEE UC FLNKS,56,23.63,29.95,,Bopope,BOPOPE,0.93,Ecole privée protestante Bopope,ROUTE BOPOPE BOPOPE,ENSEIGNEMENT ET FORMATION,Enseignement du premier degré,Ecole primaire,165.079714634727,-20.9178415050895,etablissements_publics_nc,8,1108,Bopope
municipales_2026,2,,,988,98811,Koné,KONE,0006,237,187,50,187,0,0,4,LREG,,,,,Joseph Apangou GOROMIDO UNI KOOHNE,113,47.68,60.43,,Bopope,BOPOPE,0.93,Ecole privée protestante Bopope,ROUTE BOPOPE BOPOPE,ENSEIGNEMENT ET FORMATION,Enseignement du premier degré,Ecole primaire,165.079714634727,-20.9178415050895,etablissements_publics_nc,8,1108,Bopope
municipales_2026,2,,,988,98811,Koné,KONE,0007,236,177,59,176,0,1,1,LDIV,,,,,"Jean-Yves Pama MY ENSEMBLE, CONSTRUISONS LACOMMUNE DE DEMAIN",3,1.27,1.7,,Néami,NEAMI,0.93,Ecole maternelle publique de Néami,Route GOROPOADJILEI,ENSEIGNEMENT ET FORMATION,Enseignement du premier degré,Ecole pré-élémentaire,164.971958124292,-20.977983356452,etablissements_publics_nc,7,1107,Poindah - Noelly - Néami - Netchaot
municipales_2026,2,,,988,98811,Koné,KONE,0007,236,177,59,176,0,1,2,LDVD,,,,,Mike SAMADI AGISSONS POUR KONE,24,10.17,13.64,,Néami,NEAMI,0.93,Ecole maternelle publique de Néami,Route GOROPOADJILEI,ENSEIGNEMENT ET FORMATION,Enseignement du premier degré,Ecole pré-élémentaire,164.971958124292,-20.977983356452,etablissements_publics_nc,7,1107,Poindah - Noelly - Néami - Netchaot
municipales_2026,2,,,988,98811,Koné,KONE,0007,236,177,59,176,0,1,3,LREG,,,,,ThierryGOWECEE UC FLNKS,57,24.15,32.39,,Néami,NEAMI,0.93,Ecole maternelle publique de Néami,Route GOROPOADJILEI,ENSEIGNEMENT ET FORMATION,Enseignement du premier degré,Ecole pré-élémentaire,164.971958124292,-20.977983356452,etablissements_publics_nc,7,1107,Poindah - Noelly - Néami - Netchaot
municipales_2026,2,,,988,98811,Koné,KONE,0007,236,177,59,176,0,1,4,LREG,,,,,Joseph Apangou GOROMIDO UNI KOOHNE,92,38.98,52.27,,Néami,NEAMI,0.93,Ecole maternelle publique de Néami,Route GOROPOADJILEI,ENSEIGNEMENT ET FORMATION,Enseignement du premier degré,Ecole pré-élémentaire,164.971958124292,-20.977983356452,etablissements_publics_nc,7,1107,Poindah - Noelly - Néami - Netchaot
municipales_2026,2,,,988,98811,Koné,KONE,0008,488,353,135,350,1,2,1,LDIV,,,,,"Jean-Yves Pama MY ENSEMBLE, CONSTRUISONS LACOMMUNE DE DEMAIN",83,17.01,23.71,,Baco,BACO,0.93,Maison commune de Baco,,CULTUREL ET SOCIO EDUCATIF,Equipements socio-éducatifs et socio-culturels,Maison de jeune et maison de quartier,164.895177171264,-21.0667090848805,etablissements_publics_nc,6,1103,Baco - Koniambo
municipales_2026,2,,,988,98811,Koné,KONE,0008,488,353,135,350,1,2,2,LDVD,,,,,Mike SAMADI AGISSONS POUR KONE,47,9.63,13.43,,Baco,BACO,0.93,Maison commune de Baco,,CULTUREL ET SOCIO EDUCATIF,Equipements socio-éducatifs et socio-culturels,Maison de jeune et maison de quartier,164.895177171264,-21.0667090848805,etablissements_publics_nc,6,1103,Baco - Koniambo
municipales_2026,2,,,988,98811,Koné,KONE,0008,488,353,135,350,1,2,3,LREG,,,,,ThierryGOWECEE UC FLNKS,117,23.98,33.43,,Baco,BACO,0.93,Maison commune de Baco,,CULTUREL ET SOCIO EDUCATIF,Equipements socio-éducatifs et socio-culturels,Maison de jeune et maison de quartier,164.895177171264,-21.0667090848805,etablissements_publics_nc,6,1103,Baco - Koniambo
municipales_2026,2,,,988,98811,Koné,KONE,0008,488,353,135,350,1,2,4,LREG,,,,,Joseph Apangou GOROMIDO UNI KOOHNE,103,21.11,29.43,,Baco,BACO,0.93,Maison commune de Baco,,CULTUREL ET SOCIO EDUCATIF,Equipements socio-éducatifs et socio-culturels,Maison de jeune et maison de quartier,164.895177171264,-21.0667090848805,etablissements_publics_nc,6,1103,Baco - Koniambo
municipales_2026,2,,,988,98811,Koné,KONE,0009,834,604,230,597,1,6,1,LDIV,,,,,"Jean-Yves Pama MY ENSEMBLE, CONSTRUISONS LACOMMUNE DE DEMAIN",102,12.23,17.09,,École primaire Les Cigales,ECOLE PRIMAIRE CIGALES,0.88,Ecole publique Les Cigales,12 RUE DES ABEILLES,ENSEIGNEMENT ET FORMATION,Enseignement du premier degré,Ecole primaire,164.8701529762,-21.0521518022935,etablissements_publics_nc,4,1101,Koné village
municipales_2026,2,,,988,98811,Koné,KONE,0009,834,604,230,597,1,6,2,LDVD,,,,,Mike SAMADI AGISSONS POUR KONE,258,30.94,43.22,,École primaire Les Cigales,ECOLE PRIMAIRE CIGALES,0.88,Ecole publique Les Cigales,12 RUE DES ABEILLES,ENSEIGNEMENT ET FORMATION,Enseignement du premier degré,Ecole primaire,164.8701529762,-21.0521518022935,etablissements_publics_nc,4,1101,Koné village
municipales_2026,2,,,988,98811,Koné,KONE,0009,834,604,230,597,1,6,3,LREG,,,,,ThierryGOWECEE UC FLNKS,130,15.59,21.78,,École primaire Les Cigales,ECOLE PRIMAIRE CIGALES,0.88,Ecole publique Les Cigales,12 RUE DES ABEILLES,ENSEIGNEMENT ET FORMATION,Enseignement du premier degré,Ecole primaire,164.8701529762,-21.0521518022935,etablissements_publics_nc,4,1101,Koné village
municipales_2026,2,,,988,98811,Koné,KONE,0009,834,604,230,597,1,6,4,LREG,,,,,Joseph Apangou GOROMIDO UNI KOOHNE,107,12.83,17.92,,École primaire Les Cigales,ECOLE PRIMAIRE CIGALES,0.88,Ecole publique Les Cigales,12 RUE DES ABEILLES,ENSEIGNEMENT ET FORMATION,Enseignement du premier degré,Ecole primaire,164.8701529762,-21.0521518022935,etablissements_publics_nc,4,1101,Koné village
municipales_2026,2,,,988,98811,Koné,KONE,0010,221,184,37,180,2,2,1,LDIV,,,,,"Jean-Yves Pama MY ENSEMBLE, CONSTRUISONS LACOMMUNE DE DEMAIN",8,3.62,4.44,,Noëlly,NOELLY,0.93,Ecole maternelle publique de Noelly,Route de l'ECOLE de NOELI,ENSEIGNEMENT ET FORMATION,Enseignement du premier degré,Ecole pré-élémentaire,164.947538773364,-21.0048750710989,etablissements_publics_nc,7,1107,Poindah - Noelly - Néami - Netchaot
municipales_2026,2,,,988,98811,Koné,KONE,0010,221,184,37,180,2,2,2,LDVD,,,,,Mike SAMADI AGISSONS POUR KONE,2,0.9,1.11,,Noëlly,NOELLY,0.93,Ecole maternelle publique de Noelly,Route de l'ECOLE de NOELI,ENSEIGNEMENT ET FORMATION,Enseignement du premier degré,Ecole pré-élémentaire,164.947538773364,-21.0048750710989,etablissements_publics_nc,7,1107,Poindah - Noelly - Néami - Netchaot
municipales_2026,2,,,988,98811,Koné,KONE,0010,221,184,37,180,2,2,3,LREG,,,,,ThierryGOWECEE UC FLNKS,47,21.27,26.11,,Noëlly,NOELLY,0.93,Ecole maternelle publique de Noelly,Route de l'ECOLE de NOELI,ENSEIGNEMENT ET FORMATION,Enseignement du premier degré,Ecole pré-élémentaire,164.947538773364,-21.0048750710989,etablissements_publics_nc,7,1107,Poindah - Noelly - Néami - Netchaot
municipales_2026,2,,,988,98811,Koné,KONE,0010,221,184,37,180,2,2,4,LREG,,,,,Joseph Apangou GOROMIDO UNI KOOHNE,123,55.66,68.33,,Noëlly,NOELLY,0.93,Ecole maternelle publique de Noelly,Route de l'ECOLE de NOELI,ENSEIGNEMENT ET FORMATION,Enseignement du premier degré,Ecole pré-élémentaire,164.947538773364,-21.0048750710989,etablissements_publics_nc,7,1107,Poindah - Noelly - Néami - Netchaot
municipales_2026,2,,,988,98811,Koné,KONE,0011,884,467,417,459,6,2,1,LDIV,,,,,"Jean-Yves Pama MY ENSEMBLE, CONSTRUISONS LACOMMUNE DE DEMAIN",40,4.52,8.71,,École Téari,ECOLE TEARI,0.636,Déchetterie,5135 AVENUE DU LAPITA,TRANSPORT ET DECHET,Gestion des déchets,Installation de stockage des déchets,164.82630681362,-21.0553442775238,etablissements_publics_nc,4,1101,Koné village
municipales_2026,2,,,988,98811,Koné,KONE,0011,884,467,417,459,6,2,2,LDVD,,,,,Mike SAMADI AGISSONS POUR KONE,277,31.33,60.35,,École Téari,ECOLE TEARI,0.636,Déchetterie,5135 AVENUE DU LAPITA,TRANSPORT ET DECHET,Gestion des déchets,Installation de stockage des déchets,164.82630681362,-21.0553442775238,etablissements_publics_nc,4,1101,Koné village
municipales_2026,2,,,988,98811,Koné,KONE,0011,884,467,417,459,6,2,3,LREG,,,,,ThierryGOWECEE UC FLNKS,62,7.01,13.51,,École Téari,ECOLE TEARI,0.636,Déchetterie,5135 AVENUE DU LAPITA,TRANSPORT ET DECHET,Gestion des déchets,Installation de stockage des déchets,164.82630681362,-21.0553442775238,etablissements_publics_nc,4,1101,Koné village
municipales_2026,2,,,988,98811,Koné,KONE,0011,884,467,417,459,6,2,4,LREG,,,,,Joseph Apangou GOROMIDO UNI KOOHNE,80,9.05,17.43,,École Téari,ECOLE TEARI,0.636,Déchetterie,5135 AVENUE DU LAPITA,TRANSPORT ET DECHET,Gestion des déchets,Installation de stockage des déchets,164.82630681362,-21.0553442775238,etablissements_publics_nc,4,1101,Koné village
municipales_2026,2,,,988,98811,Koné,KONE,0012,645,385,260,381,3,1,1,LDIV,,,,,"Jean-Yves Pama MY ENSEMBLE, CONSTRUISONS LACOMMUNE DE DEMAIN",36,5.58,9.45,,Les Allamandas,ALLAMANDAS,0.93,Ecole publique Les Allamandas,242 RUE PAUL NAPOAREA,ENSEIGNEMENT ET FORMATION,Enseignement du premier degré,Ecole primaire,164.856461111321,-21.052040276968,etablissements_publics_nc,4,1101,Koné village
municipales_2026,2,,,988,98811,Koné,KONE,0012,645,385,260,381,3,1,2,LDVD,,,,,Mike SAMADI AGISSONS POUR KONE,231,35.81,60.63,,Les Allamandas,ALLAMANDAS,0.93,Ecole publique Les Allamandas,242 RUE PAUL NAPOAREA,ENSEIGNEMENT ET FORMATION,Enseignement du premier degré,Ecole primaire,164.856461111321,-21.052040276968,etablissements_publics_nc,4,1101,Koné village
municipales_2026,2,,,988,98811,Koné,KONE,0012,645,385,260,381,3,1,3,LREG,,,,,ThierryGOWECEE UC FLNKS,49,7.6,12.86,,Les Allamandas,ALLAMANDAS,0.93,Ecole publique Les Allamandas,242 RUE PAUL NAPOAREA,ENSEIGNEMENT ET FORMATION,Enseignement du premier degré,Ecole primaire,164.856461111321,-21.052040276968,etablissements_publics_nc,4,1101,Koné village
municipales_2026,2,,,988,98811,Koné,KONE,0012,645,385,260,381,3,1,4,LREG,,,,,Joseph Apangou GOROMIDO UNI KOOHNE,65,10.08,17.06,,Les Allamandas,ALLAMANDAS,0.93,Ecole publique Les Allamandas,242 RUE PAUL NAPOAREA,ENSEIGNEMENT ET FORMATION,Enseignement du premier degré,Ecole primaire,164.856461111321,-21.052040276968,etablissements_publics_nc,4,1101,Koné village
municipales_2026,2,,,988,98812,Koumac,KOUMAC,0001,1379,999,380,994,2,3,1,LDVD,,,,,Wilfrid WEISS POUR LE PROGRES COMMUNAL,353,25.6,35.51,,Mairie 1 et centralisateur,MAIRIE ET CENTRALISATEUR,0.99,Mairie de Koumac,,ADMINISTRATION ET ORGANISME,Administrations des collectivités,Administration de la commune de Koumac,164.280241420927,-20.5602050455624,arrete_manual_etablissements,9,1201,Koumac village
municipales_2026,2,,,988,98812,Koumac,KOUMAC,0001,1379,999,380,994,2,3,3,LREG,,,,,Josée KONDOLO UNION CALEDONIENNE,109,7.9,10.97,,Mairie 1 et centralisateur,MAIRIE ET CENTRALISATEUR,0.99,Mairie de Koumac,,ADMINISTRATION ET ORGANISME,Administrations des collectivités,Administration de la commune de Koumac,164.280241420927,-20.5602050455624,arrete_manual_etablissements,9,1201,Koumac village
municipales_2026,2,,,988,98812,Koumac,KOUMAC,0001,1379,999,380,994,2,3,4,LDIV,,,,,Olivier BESANÇON KOUMAC UNION CITOYENNE,8,0.58,0.8,,Mairie 1 et centralisateur,MAIRIE ET CENTRALISATEUR,0.99,Mairie de Koumac,,ADMINISTRATION ET ORGANISME,Administrations des collectivités,Administration de la commune de Koumac,164.280241420927,-20.5602050455624,arrete_manual_etablissements,9,1201,Koumac village
municipales_2026,2,,,988,98812,Koumac,KOUMAC,0001,1379,999,380,994,2,3,5,LDIV,,,,,Antonio MARTIN KOUMAC RENOUVEAU,96,6.96,9.66,,Mairie 1 et centralisateur,MAIRIE ET CENTRALISATEUR,0.99,Mairie de Koumac,,ADMINISTRATION ET ORGANISME,Administrations des collectivités,Administration de la commune de Koumac,164.280241420927,-20.5602050455624,arrete_manual_etablissements,9,1201,Koumac village
municipales_2026,2,,,988,98812,Koumac,KOUMAC,0001,1379,999,380,994,2,3,6,LDIV,,,,,Yann GASTALDI BATISSONS ENSEMBLE KOUMAC,428,31.04,43.06,,Mairie 1 et centralisateur,MAIRIE ET CENTRALISATEUR,0.99,Mairie de Koumac,,ADMINISTRATION ET ORGANISME,Administrations des collectivités,Administration de la commune de Koumac,164.280241420927,-20.5602050455624,arrete_manual_etablissements,9,1201,Koumac village
municipales_2026,2,,,988,98812,Koumac,KOUMAC,0002,1759,1202,557,1188,9,5,1,LDVD,,,,,Wilfrid WEISS POUR LE PROGRES COMMUNAL,429,24.39,36.11,,École primaire Charles Mermoud 2,ECOLE PRIMAIRE CHARLES MERMOUD,0.874,Ecole Charles MERMOUD,,ENSEIGNEMENT ET FORMATION,Enseignement du premier degré,Ecole primaire,164.282519595968,-20.5572929814306,etablissements_publics_nc,9,1201,Koumac village
municipales_2026,2,,,988,98812,Koumac,KOUMAC,0002,1759,1202,557,1188,9,5,3,LREG,,,,,Josée KONDOLO UNION CALEDONIENNE,84,4.78,7.07,,École primaire Charles Mermoud 2,ECOLE PRIMAIRE CHARLES MERMOUD,0.874,Ecole Charles MERMOUD,,ENSEIGNEMENT ET FORMATION,Enseignement du premier degré,Ecole primaire,164.282519595968,-20.5572929814306,etablissements_publics_nc,9,1201,Koumac village
municipales_2026,2,,,988,98812,Koumac,KOUMAC,0002,1759,1202,557,1188,9,5,4,LDIV,,,,,Olivier BESANÇON KOUMAC UNION CITOYENNE,19,1.08,1.6,,École primaire Charles Mermoud 2,ECOLE PRIMAIRE CHARLES MERMOUD,0.874,Ecole Charles MERMOUD,,ENSEIGNEMENT ET FORMATION,Enseignement du premier degré,Ecole primaire,164.282519595968,-20.5572929814306,etablissements_publics_nc,9,1201,Koumac village
municipales_2026,2,,,988,98812,Koumac,KOUMAC,0002,1759,1202,557,1188,9,5,5,LDIV,,,,,Antonio MARTIN KOUMAC RENOUVEAU,142,8.07,11.95,,École primaire Charles Mermoud 2,ECOLE PRIMAIRE CHARLES MERMOUD,0.874,Ecole Charles MERMOUD,,ENSEIGNEMENT ET FORMATION,Enseignement du premier degré,Ecole primaire,164.282519595968,-20.5572929814306,etablissements_publics_nc,9,1201,Koumac village
municipales_2026,2,,,988,98812,Koumac,KOUMAC,0002,1759,1202,557,1188,9,5,6,LDIV,,,,,Yann GASTALDI BATISSONS ENSEMBLE KOUMAC,514,29.22,43.27,,École primaire Charles Mermoud 2,ECOLE PRIMAIRE CHARLES MERMOUD,0.874,Ecole Charles MERMOUD,,ENSEIGNEMENT ET FORMATION,Enseignement du premier degré,Ecole primaire,164.282519595968,-20.5572929814306,etablissements_publics_nc,9,1201,Koumac village
municipales_2026,2,,,988,98813,La Foa,LAFOA,0001,976,730,246,712,4,14,1,,,,,,Florence ROLLANDL'UNION POUR LA FOA,334,34.22,46.91,,Centre socio-culturel,CENTRE SOCIO CULTUREL,,,,,,,165.82495689060195,-21.708500844468237,arrete_manual_tribus,12,1301,La Foa village
municipales_2026,2,,,988,98813,La Foa,LAFOA,0001,976,730,246,712,4,14,4,,,,,,StevensKAOUDAOSONS LA FOA,378,38.73,53.09,,Centre socio-culturel,CENTRE SOCIO CULTUREL,,,,,,,165.82495689060195,-21.708500844468237,arrete_manual_tribus,12,1301,La Foa village
municipales_2026,2,,,988,98813,La Foa,LAFOA,0002,841,664,177,647,12,5,1,,,,,,Florence ROLLANDL'UNION POUR LA FOA,285,33.89,44.05,,Centre socio-culturel,CENTRE SOCIO CULTUREL,,,,,,,165.82495689060195,-21.708500844468237,arrete_manual_tribus,12,1301,La Foa village
municipales_2026,2,,,988,98813,La Foa,LAFOA,0002,841,664,177,647,12,5,4,,,,,,StevensKAOUDAOSONS LA FOA,362,43.04,55.95,,Centre socio-culturel,CENTRE SOCIO CULTUREL,,,,,,,165.82495689060195,-21.708500844468237,arrete_manual_tribus,12,1301,La Foa village
municipales_2026,2,,,988,98813,La Foa,LAFOA,0003,822,667,155,657,5,5,1,,,,,,Florence ROLLANDL'UNION POUR LA FOA,232,28.22,35.31,,Centre socio-culturel,CENTRE SOCIO CULTUREL,,,,,,,165.82495689060195,-21.708500844468237,arrete_manual_tribus,12,1301,La Foa village
municipales_2026,2,,,988,98813,La Foa,LAFOA,0003,822,667,155,657,5,5,4,,,,,,StevensKAOUDAOSONS LA FOA,425,51.7,64.69,,Centre socio-culturel,CENTRE SOCIO CULTUREL,,,,,,,165.82495689060195,-21.708500844468237,arrete_manual_tribus,12,1301,La Foa village
municipales_2026,2,,,988,98813,La Foa,LAFOA,0004,844,665,179,645,10,10,1,,,,,,Florence ROLLANDL'UNION POUR LA FOA,298,35.31,46.2,,Centre socio-culturel,CENTRE SOCIO CULTUREL,,,,,,,165.82495689060195,-21.708500844468237,arrete_manual_tribus,12,1301,La Foa village
municipales_2026,2,,,988,98813,La Foa,LAFOA,0004,844,665,179,645,10,10,4,,,,,,StevensKAOUDAOSONS LA FOA,347,41.11,53.8,,Centre socio-culturel,CENTRE SOCIO CULTUREL,,,,,,,165.82495689060195,-21.708500844468237,arrete_manual_tribus,12,1301,La Foa village
municipales_2026,2,,,988,98815,Maré,MARE,0001,598,450,148,445,4,1,1,LREG,,,,,Jean WAHEO UC NENGONE SOUVERAINE,80,13.38,17.98,,Tadine,TADINE,1,Tadine,Maré,LIEU_DIT_NC,TRIBU,Tadin,167.88122247564291,-21.54648900532693,tribus_villages_nc,19,1503,Tadine Pénélo
municipales_2026,2,,,988,98815,Maré,MARE,0001,598,450,148,445,4,1,2,LREG,,,,,ClémentSewate WAYA UNION NATIONALE POURL'INDEPENDANCE NENGONE,43,7.19,9.66,,Tadine,TADINE,1,Tadine,Maré,LIEU_DIT_NC,TRIBU,Tadin,167.88122247564291,-21.54648900532693,tribus_villages_nc,19,1503,Tadine Pénélo
municipales_2026,2,,,988,98815,Maré,MARE,0001,598,450,148,445,4,1,4,LREG,,,,,RobertGada CAWIDRONE DYNAMIQUE AUTOCHTONE,142,23.75,31.91,,Tadine,TADINE,1,Tadine,Maré,LIEU_DIT_NC,TRIBU,Tadin,167.88122247564291,-21.54648900532693,tribus_villages_nc,19,1503,Tadine Pénélo
municipales_2026,2,,,988,98815,Maré,MARE,0001,598,450,148,445,4,1,5,LREG,,,,,Maryline Ciwa SINEWAMI UC FLNKS NENGONE,180,30.1,40.45,,Tadine,TADINE,1,Tadine,Maré,LIEU_DIT_NC,TRIBU,Tadin,167.88122247564291,-21.54648900532693,tribus_villages_nc,19,1503,Tadine Pénélo
municipales_2026,2,,,988,98815,Maré,MARE,0002,645,476,169,476,0,0,1,LREG,,,,,Jean WAHEO UC NENGONE SOUVERAINE,49,7.6,10.29,,Hnawayatche,HNAWAYATCHE,1,Hnawayatche,Maré,LIEU_DIT_NC,TRIBU,Hnawayaca,167.85931527784155,-21.444202132872793,tribus_villages_nc,17,1501,Guahma
municipales_2026,2,,,988,98815,Maré,MARE,0002,645,476,169,476,0,0,2,LREG,,,,,ClémentSewate WAYA UNION NATIONALE POURL'INDEPENDANCE NENGONE,8,1.24,1.68,,Hnawayatche,HNAWAYATCHE,1,Hnawayatche,Maré,LIEU_DIT_NC,TRIBU,Hnawayaca,167.85931527784155,-21.444202132872793,tribus_villages_nc,17,1501,Guahma
municipales_2026,2,,,988,98815,Maré,MARE,0002,645,476,169,476,0,0,4,LREG,,,,,RobertGada CAWIDRONE DYNAMIQUE AUTOCHTONE,337,52.25,70.8,,Hnawayatche,HNAWAYATCHE,1,Hnawayatche,Maré,LIEU_DIT_NC,TRIBU,Hnawayaca,167.85931527784155,-21.444202132872793,tribus_villages_nc,17,1501,Guahma
municipales_2026,2,,,988,98815,Maré,MARE,0002,645,476,169,476,0,0,5,LREG,,,,,Maryline Ciwa SINEWAMI UC FLNKS NENGONE,82,12.71,17.23,,Hnawayatche,HNAWAYATCHE,1,Hnawayatche,Maré,LIEU_DIT_NC,TRIBU,Hnawayaca,167.85931527784155,-21.444202132872793,tribus_villages_nc,17,1501,Guahma
municipales_2026,2,,,988,98815,Maré,MARE,0003,363,261,102,260,1,0,1,LREG,,,,,Jean WAHEO UC NENGONE SOUVERAINE,27,7.44,10.38,,Tenane,TENANE,1,Tenan,Maré,LIEU_DIT_NC,TRIBU,,167.89430877263374,-21.40460074703544,tribus_villages_nc,17,1501,Guahma
municipales_2026,2,,,988,98815,Maré,MARE,0003,363,261,102,260,1,0,2,LREG,,,,,ClémentSewate WAYA UNION NATIONALE POURL'INDEPENDANCE NENGONE,30,8.26,11.54,,Tenane,TENANE,1,Tenan,Maré,LIEU_DIT_NC,TRIBU,,167.89430877263374,-21.40460074703544,tribus_villages_nc,17,1501,Guahma
municipales_2026,2,,,988,98815,Maré,MARE,0003,363,261,102,260,1,0,4,LREG,,,,,RobertGada CAWIDRONE DYNAMIQUE AUTOCHTONE,173,47.66,66.54,,Tenane,TENANE,1,Tenan,Maré,LIEU_DIT_NC,TRIBU,,167.89430877263374,-21.40460074703544,tribus_villages_nc,17,1501,Guahma
municipales_2026,2,,,988,98815,Maré,MARE,0003,363,261,102,260,1,0,5,LREG,,,,,Maryline Ciwa SINEWAMI UC FLNKS NENGONE,30,8.26,11.54,,Tenane,TENANE,1,Tenan,Maré,LIEU_DIT_NC,TRIBU,,167.89430877263374,-21.40460074703544,tribus_villages_nc,17,1501,Guahma
municipales_2026,2,,,988,98815,Maré,MARE,0004,347,242,105,239,0,3,1,LREG,,,,,Jean WAHEO UC NENGONE SOUVERAINE,25,7.2,10.46,,Atha,ATHA,1,Atha,Maré,LIEU_DIT_NC,TRIBU,,168.01753084168095,-21.470451728197048,tribus_villages_nc,18,1502,La Roche
municipales_2026,2,,,988,98815,Maré,MARE,0004,347,242,105,239,0,3,2,LREG,,,,,ClémentSewate WAYA UNION NATIONALE POURL'INDEPENDANCE NENGONE,20,5.76,8.37,,Atha,ATHA,1,Atha,Maré,LIEU_DIT_NC,TRIBU,,168.01753084168095,-21.470451728197048,tribus_villages_nc,18,1502,La Roche
municipales_2026,2,,,988,98815,Maré,MARE,0004,347,242,105,239,0,3,4,LREG,,,,,RobertGada CAWIDRONE DYNAMIQUE AUTOCHTONE,73,21.04,30.54,,Atha,ATHA,1,Atha,Maré,LIEU_DIT_NC,TRIBU,,168.01753084168095,-21.470451728197048,tribus_villages_nc,18,1502,La Roche
municipales_2026,2,,,988,98815,Maré,MARE,0004,347,242,105,239,0,3,5,LREG,,,,,Maryline Ciwa SINEWAMI UC FLNKS NENGONE,121,34.87,50.63,,Atha,ATHA,1,Atha,Maré,LIEU_DIT_NC,TRIBU,,168.01753084168095,-21.470451728197048,tribus_villages_nc,18,1502,La Roche
municipales_2026,2,,,988,98815,Maré,MARE,0005,444,229,215,229,0,0,1,LREG,,,,,Jean WAHEO UC NENGONE SOUVERAINE,55,12.39,24.02,,Tawainedre,TAWAINEDRE,1,Taweinedr,Maré,LIEU_DIT_NC,TRIBU,,168.08527860190287,-21.502551487309265,tribus_villages_nc,19,1503,Tadine Pénélo
municipales_2026,2,,,988,98815,Maré,MARE,0005,444,229,215,229,0,0,2,LREG,,,,,ClémentSewate WAYA UNION NATIONALE POURL'INDEPENDANCE NENGONE,58,13.06,25.33,,Tawainedre,TAWAINEDRE,1,Taweinedr,Maré,LIEU_DIT_NC,TRIBU,,168.08527860190287,-21.502551487309265,tribus_villages_nc,19,1503,Tadine Pénélo
municipales_2026,2,,,988,98815,Maré,MARE,0005,444,229,215,229,0,0,4,LREG,,,,,RobertGada CAWIDRONE DYNAMIQUE AUTOCHTONE,62,13.96,27.07,,Tawainedre,TAWAINEDRE,1,Taweinedr,Maré,LIEU_DIT_NC,TRIBU,,168.08527860190287,-21.502551487309265,tribus_villages_nc,19,1503,Tadine Pénélo
municipales_2026,2,,,988,98815,Maré,MARE,0005,444,229,215,229,0,0,5,LREG,,,,,Maryline Ciwa SINEWAMI UC FLNKS NENGONE,54,12.16,23.58,,Tawainedre,TAWAINEDRE,1,Taweinedr,Maré,LIEU_DIT_NC,TRIBU,,168.08527860190287,-21.502551487309265,tribus_villages_nc,19,1503,Tadine Pénélo
municipales_2026,2,,,988,98815,Maré,MARE,0006,779,565,214,562,0,3,1,LREG,,,,,Jean WAHEO UC NENGONE SOUVERAINE,68,8.73,12.1,,Penelo,PENELO,1,Penelo,Maré,LIEU_DIT_NC,TRIBU,,168.08945780342214,-21.571088655754444,tribus_villages_nc,19,1503,Tadine Pénélo
municipales_2026,2,,,988,98815,Maré,MARE,0006,779,565,214,562,0,3,2,LREG,,,,,ClémentSewate WAYA UNION NATIONALE POURL'INDEPENDANCE NENGONE,272,34.92,48.4,,Penelo,PENELO,1,Penelo,Maré,LIEU_DIT_NC,TRIBU,,168.08945780342214,-21.571088655754444,tribus_villages_nc,19,1503,Tadine Pénélo
municipales_2026,2,,,988,98815,Maré,MARE,0006,779,565,214,562,0,3,4,LREG,,,,,RobertGada CAWIDRONE DYNAMIQUE AUTOCHTONE,100,12.84,17.79,,Penelo,PENELO,1,Penelo,Maré,LIEU_DIT_NC,TRIBU,,168.08945780342214,-21.571088655754444,tribus_villages_nc,19,1503,Tadine Pénélo
municipales_2026,2,,,988,98815,Maré,MARE,0006,779,565,214,562,0,3,5,LREG,,,,,Maryline Ciwa SINEWAMI UC FLNKS NENGONE,122,15.66,21.71,,Penelo,PENELO,1,Penelo,Maré,LIEU_DIT_NC,TRIBU,,168.08945780342214,-21.571088655754444,tribus_villages_nc,19,1503,Tadine Pénélo
municipales_2026,2,,,988,98815,Maré,MARE,0007,648,454,194,454,0,0,1,LREG,,,,,Jean WAHEO UC NENGONE SOUVERAINE,44,6.79,9.69,,Wabao,WABAO,1,Wabao,Maré,LIEU_DIT_NC,TRIBU,Wabawo,167.93937201549338,-21.60210597985789,tribus_villages_nc,19,1503,Tadine Pénélo
municipales_2026,2,,,988,98815,Maré,MARE,0007,648,454,194,454,0,0,2,LREG,,,,,ClémentSewate WAYA UNION NATIONALE POURL'INDEPENDANCE NENGONE,160,24.69,35.24,,Wabao,WABAO,1,Wabao,Maré,LIEU_DIT_NC,TRIBU,Wabawo,167.93937201549338,-21.60210597985789,tribus_villages_nc,19,1503,Tadine Pénélo
municipales_2026,2,,,988,98815,Maré,MARE,0007,648,454,194,454,0,0,4,LREG,,,,,RobertGada CAWIDRONE DYNAMIQUE AUTOCHTONE,161,24.85,35.46,,Wabao,WABAO,1,Wabao,Maré,LIEU_DIT_NC,TRIBU,Wabawo,167.93937201549338,-21.60210597985789,tribus_villages_nc,19,1503,Tadine Pénélo
municipales_2026,2,,,988,98815,Maré,MARE,0007,648,454,194,454,0,0,5,LREG,,,,,Maryline Ciwa SINEWAMI UC FLNKS NENGONE,89,13.73,19.6,,Wabao,WABAO,1,Wabao,Maré,LIEU_DIT_NC,TRIBU,Wabawo,167.93937201549338,-21.60210597985789,tribus_villages_nc,19,1503,Tadine Pénélo
municipales_2026,2,,,988,98815,Maré,MARE,0008,763,534,229,534,0,0,1,LREG,,,,,Jean WAHEO UC NENGONE SOUVERAINE,39,5.11,7.3,,Nece,NECE,1,Netché,Maré,LIEU_DIT_NC,TRIBU,Nece,167.8385405434138,-21.49048664280733,tribus_villages_nc,17,1501,Guahma
municipales_2026,2,,,988,98815,Maré,MARE,0008,763,534,229,534,0,0,2,LREG,,,,,ClémentSewate WAYA UNION NATIONALE POURL'INDEPENDANCE NENGONE,7,0.92,1.31,,Nece,NECE,1,Netché,Maré,LIEU_DIT_NC,TRIBU,Nece,167.8385405434138,-21.49048664280733,tribus_villages_nc,17,1501,Guahma
municipales_2026,2,,,988,98815,Maré,MARE,0008,763,534,229,534,0,0,4,LREG,,,,,RobertGada CAWIDRONE DYNAMIQUE AUTOCHTONE,431,56.49,80.71,,Nece,NECE,1,Netché,Maré,LIEU_DIT_NC,TRIBU,Nece,167.8385405434138,-21.49048664280733,tribus_villages_nc,17,1501,Guahma
municipales_2026,2,,,988,98815,Maré,MARE,0008,763,534,229,534,0,0,5,LREG,,,,,Maryline Ciwa SINEWAMI UC FLNKS NENGONE,57,7.47,10.67,,Nece,NECE,1,Netché,Maré,LIEU_DIT_NC,TRIBU,Nece,167.8385405434138,-21.49048664280733,tribus_villages_nc,17,1501,Guahma
municipales_2026,2,,,988,98815,Maré,MARE,0009,270,176,94,174,1,1,1,LREG,,,,,Jean WAHEO UC NENGONE SOUVERAINE,9,3.33,5.17,,Ménaku,MENAKU,1,Menaku,Maré,LIEU_DIT_NC,TRIBU,,167.96911686605617,-21.444234250592025,tribus_villages_nc,17,1501,Guahma
municipales_2026,2,,,988,98815,Maré,MARE,0009,270,176,94,174,1,1,2,LREG,,,,,ClémentSewate WAYA UNION NATIONALE POURL'INDEPENDANCE NENGONE,6,2.22,3.45,,Ménaku,MENAKU,1,Menaku,Maré,LIEU_DIT_NC,TRIBU,,167.96911686605617,-21.444234250592025,tribus_villages_nc,17,1501,Guahma
municipales_2026,2,,,988,98815,Maré,MARE,0009,270,176,94,174,1,1,4,LREG,,,,,RobertGada CAWIDRONE DYNAMIQUE AUTOCHTONE,66,24.44,37.93,,Ménaku,MENAKU,1,Menaku,Maré,LIEU_DIT_NC,TRIBU,,167.96911686605617,-21.444234250592025,tribus_villages_nc,17,1501,Guahma
municipales_2026,2,,,988,98815,Maré,MARE,0009,270,176,94,174,1,1,5,LREG,,,,,Maryline Ciwa SINEWAMI UC FLNKS NENGONE,93,34.44,53.45,,Ménaku,MENAKU,1,Menaku,Maré,LIEU_DIT_NC,TRIBU,,167.96911686605617,-21.444234250592025,tribus_villages_nc,17,1501,Guahma
municipales_2026,2,,,988,98815,Maré,MARE,0010,359,274,85,272,1,1,1,LREG,,,,,Jean WAHEO UC NENGONE SOUVERAINE,32,8.91,11.76,,Mebuet,MEBUET,1,Mebuet,Maré,LIEU_DIT_NC,TRIBU,,167.84863195183632,-21.51331947619321,tribus_villages_nc,17,1501,Guahma
municipales_2026,2,,,988,98815,Maré,MARE,0010,359,274,85,272,1,1,2,LREG,,,,,ClémentSewate WAYA UNION NATIONALE POURL'INDEPENDANCE NENGONE,4,1.11,1.47,,Mebuet,MEBUET,1,Mebuet,Maré,LIEU_DIT_NC,TRIBU,,167.84863195183632,-21.51331947619321,tribus_villages_nc,17,1501,Guahma
municipales_2026,2,,,988,98815,Maré,MARE,0010,359,274,85,272,1,1,4,LREG,,,,,RobertGada CAWIDRONE DYNAMIQUE AUTOCHTONE,211,58.77,77.57,,Mebuet,MEBUET,1,Mebuet,Maré,LIEU_DIT_NC,TRIBU,,167.84863195183632,-21.51331947619321,tribus_villages_nc,17,1501,Guahma
municipales_2026,2,,,988,98815,Maré,MARE,0010,359,274,85,272,1,1,5,LREG,,,,,Maryline Ciwa SINEWAMI UC FLNKS NENGONE,25,6.96,9.19,,Mebuet,MEBUET,1,Mebuet,Maré,LIEU_DIT_NC,TRIBU,,167.84863195183632,-21.51331947619321,tribus_villages_nc,17,1501,Guahma
municipales_2026,2,,,988,98815,Maré,MARE,0011,287,195,92,195,0,0,1,LREG,,,,,Jean WAHEO UC NENGONE SOUVERAINE,3,1.05,1.54,,Roh,ROH,0.95,Ro,Maré,LIEU_DIT_NC,TRIBU,,167.86202487687797,-21.39242632802858,tribus_villages_nc,17,1501,Guahma
municipales_2026,2,,,988,98815,Maré,MARE,0011,287,195,92,195,0,0,2,LREG,,,,,ClémentSewate WAYA UNION NATIONALE POURL'INDEPENDANCE NENGONE,4,1.39,2.05,,Roh,ROH,0.95,Ro,Maré,LIEU_DIT_NC,TRIBU,,167.86202487687797,-21.39242632802858,tribus_villages_nc,17,1501,Guahma
municipales_2026,2,,,988,98815,Maré,MARE,0011,287,195,92,195,0,0,4,LREG,,,,,RobertGada CAWIDRONE DYNAMIQUE AUTOCHTONE,131,45.64,67.18,,Roh,ROH,0.95,Ro,Maré,LIEU_DIT_NC,TRIBU,,167.86202487687797,-21.39242632802858,tribus_villages_nc,17,1501,Guahma
municipales_2026,2,,,988,98815,Maré,MARE,0011,287,195,92,195,0,0,5,LREG,,,,,Maryline Ciwa SINEWAMI UC FLNKS NENGONE,57,19.86,29.23,,Roh,ROH,0.95,Ro,Maré,LIEU_DIT_NC,TRIBU,,167.86202487687797,-21.39242632802858,tribus_villages_nc,17,1501,Guahma
municipales_2026,2,,,988,98815,Maré,MARE,0012,374,246,128,246,0,0,1,LREG,,,,,Jean WAHEO UC NENGONE SOUVERAINE,16,4.28,6.5,,Eni,ENI,1,Eni,Maré,LIEU_DIT_NC,TRIBU,,167.94942757221617,-21.62666270346723,tribus_villages_nc,19,1503,Tadine Pénélo
municipales_2026,2,,,988,98815,Maré,MARE,0012,374,246,128,246,0,0,2,LREG,,,,,ClémentSewate WAYA UNION NATIONALE POURL'INDEPENDANCE NENGONE,74,19.79,30.08,,Eni,ENI,1,Eni,Maré,LIEU_DIT_NC,TRIBU,,167.94942757221617,-21.62666270346723,tribus_villages_nc,19,1503,Tadine Pénélo
municipales_2026,2,,,988,98815,Maré,MARE,0012,374,246,128,246,0,0,4,LREG,,,,,RobertGada CAWIDRONE DYNAMIQUE AUTOCHTONE,96,25.67,39.02,,Eni,ENI,1,Eni,Maré,LIEU_DIT_NC,TRIBU,,167.94942757221617,-21.62666270346723,tribus_villages_nc,19,1503,Tadine Pénélo
municipales_2026,2,,,988,98815,Maré,MARE,0012,374,246,128,246,0,0,5,LREG,,,,,Maryline Ciwa SINEWAMI UC FLNKS NENGONE,60,16.04,24.39,,Eni,ENI,1,Eni,Maré,LIEU_DIT_NC,TRIBU,,167.94942757221617,-21.62666270346723,tribus_villages_nc,19,1503,Tadine Pénélo
municipales_2026,2,,,988,98815,Maré,MARE,0013,672,446,226,442,2,2,1,LREG,,,,,Jean WAHEO UC NENGONE SOUVERAINE,70,10.42,15.84,,La Roche,ROCHE,1,La Roche,Maré,LIEU_DIT_NC,TRIBU,,168.03155085257677,-21.471745123256497,tribus_villages_nc,18,1502,La Roche
municipales_2026,2,,,988,98815,Maré,MARE,0013,672,446,226,442,2,2,2,LREG,,,,,ClémentSewate WAYA UNION NATIONALE POURL'INDEPENDANCE NENGONE,58,8.63,13.12,,La Roche,ROCHE,1,La Roche,Maré,LIEU_DIT_NC,TRIBU,,168.03155085257677,-21.471745123256497,tribus_villages_nc,18,1502,La Roche
municipales_2026,2,,,988,98815,Maré,MARE,0013,672,446,226,442,2,2,4,LREG,,,,,RobertGada CAWIDRONE DYNAMIQUE AUTOCHTONE,70,10.42,15.84,,La Roche,ROCHE,1,La Roche,Maré,LIEU_DIT_NC,TRIBU,,168.03155085257677,-21.471745123256497,tribus_villages_nc,18,1502,La Roche
municipales_2026,2,,,988,98815,Maré,MARE,0013,672,446,226,442,2,2,5,LREG,,,,,Maryline Ciwa SINEWAMI UC FLNKS NENGONE,244,36.31,55.2,,La Roche,ROCHE,1,La Roche,Maré,LIEU_DIT_NC,TRIBU,,168.03155085257677,-21.471745123256497,tribus_villages_nc,18,1502,La Roche
municipales_2026,2,,,988,98815,Maré,MARE,0014,435,316,119,316,0,0,1,LREG,,,,,Jean WAHEO UC NENGONE SOUVERAINE,57,13.1,18.04,,Tuho,TUHO,1,Tuho,Maré,LIEU_DIT_NC,TRIBU,Tuo,167.89428156445027,-21.49517949257516,tribus_villages_nc,17,1501,Guahma
municipales_2026,2,,,988,98815,Maré,MARE,0014,435,316,119,316,0,0,2,LREG,,,,,ClémentSewate WAYA UNION NATIONALE POURL'INDEPENDANCE NENGONE,17,3.91,5.38,,Tuho,TUHO,1,Tuho,Maré,LIEU_DIT_NC,TRIBU,Tuo,167.89428156445027,-21.49517949257516,tribus_villages_nc,17,1501,Guahma
municipales_2026,2,,,988,98815,Maré,MARE,0014,435,316,119,316,0,0,4,LREG,,,,,RobertGada CAWIDRONE DYNAMIQUE AUTOCHTONE,210,48.28,66.46,,Tuho,TUHO,1,Tuho,Maré,LIEU_DIT_NC,TRIBU,Tuo,167.89428156445027,-21.49517949257516,tribus_villages_nc,17,1501,Guahma
municipales_2026,2,,,988,98815,Maré,MARE,0014,435,316,119,316,0,0,5,LREG,,,,,Maryline Ciwa SINEWAMI UC FLNKS NENGONE,32,7.36,10.13,,Tuho,TUHO,1,Tuho,Maré,LIEU_DIT_NC,TRIBU,Tuo,167.89428156445027,-21.49517949257516,tribus_villages_nc,17,1501,Guahma
municipales_2026,2,,,988,98817,Le Mont-Dore,MONTDORE,0001,1029,525,504,519,3,3,4,LDVD,,,,,Elizabeth RIVIERE NEE DABIN TOUS ENSEMBLE POUR LE MONT-DORE,200,19.44,38.54,,Mairie de BOULARI,MAIRIE BOULARI,0.727,Marina de Port Boulari,RUE DES THAZARDS,PARC ESPACE PUBLIC ET LOISIR,Espaces de loisirs,Marinas port de plaisance et port à sec,166.523722376157,-22.2317078297453,etablissements_publics_nc,,,
municipales_2026,2,,,988,98817,Le Mont-Dore,MONTDORE,0001,1029,525,504,519,3,3,6,LDVD,,,,,Nina JULIÉ IL ESTTEMPS !,229,22.25,44.12,,Mairie de BOULARI,MAIRIE BOULARI,0.727,Marina de Port Boulari,RUE DES THAZARDS,PARC ESPACE PUBLIC ET LOISIR,Espaces de loisirs,Marinas port de plaisance et port à sec,166.523722376157,-22.2317078297453,etablissements_publics_nc,,,
municipales_2026,2,,,988,98817,Le Mont-Dore,MONTDORE,0001,1029,525,504,519,3,3,7,LREG,,,,,"Tania OUAKA LE MONT-DORE, NOTRE VILLE POURUNE NATION SOUVERAINE",90,8.75,17.34,,Mairie de BOULARI,MAIRIE BOULARI,0.727,Marina de Port Boulari,RUE DES THAZARDS,PARC ESPACE PUBLIC ET LOISIR,Espaces de loisirs,Marinas port de plaisance et port à sec,166.523722376157,-22.2317078297453,etablissements_publics_nc,,,
municipales_2026,2,,,988,98817,Le Mont-Dore,MONTDORE,0002,690,378,312,372,3,3,4,LDVD,,,,,Elizabeth RIVIERE NEE DABIN TOUS ENSEMBLE POUR LE MONT-DORE,97,14.06,26.08,,Groupe scolaire Hélène CHANIEL,GROUPE SCOLAIRE HELENE CHANIEL,1,Groupe scolaire Hélène Chaniel,105 RUE HELENE CHANIEL,ENSEIGNEMENT ET FORMATION,Enseignement du premier degré,Groupe scolaire,166.485528594387,-22.2217711398288,etablissements_publics_nc,23,1703,Pont des Fran‡ais
municipales_2026,2,,,988,98817,Le Mont-Dore,MONTDORE,0002,690,378,312,372,3,3,6,LDVD,,,,,Nina JULIÉ IL ESTTEMPS !,240,34.78,64.52,,Groupe scolaire Hélène CHANIEL,GROUPE SCOLAIRE HELENE CHANIEL,1,Groupe scolaire Hélène Chaniel,105 RUE HELENE CHANIEL,ENSEIGNEMENT ET FORMATION,Enseignement du premier degré,Groupe scolaire,166.485528594387,-22.2217711398288,etablissements_publics_nc,23,1703,Pont des Fran‡ais
municipales_2026,2,,,988,98817,Le Mont-Dore,MONTDORE,0002,690,378,312,372,3,3,7,LREG,,,,,"Tania OUAKA LE MONT-DORE, NOTRE VILLE POURUNE NATION SOUVERAINE",35,5.07,9.41,,Groupe scolaire Hélène CHANIEL,GROUPE SCOLAIRE HELENE CHANIEL,1,Groupe scolaire Hélène Chaniel,105 RUE HELENE CHANIEL,ENSEIGNEMENT ET FORMATION,Enseignement du premier degré,Groupe scolaire,166.485528594387,-22.2217711398288,etablissements_publics_nc,23,1703,Pont des Fran‡ais
municipales_2026,2,,,988,98817,Le Mont-Dore,MONTDORE,0003,957,595,362,582,12,1,4,LDVD,,,,,Elizabeth RIVIERE NEE DABIN TOUS ENSEMBLE POUR LE MONT-DORE,152,15.88,26.12,,École primaire Adolphe BOUTAN,ECOLE PRIMAIRE ADOLPHE BOUTAN,0.828,Ecole primaire de l'Ile-Ouen,,ENSEIGNEMENT ET FORMATION,Enseignement du premier degré,Ecole primaire,166.841440737558,-22.4256696418669,etablissements_publics_nc,35,1715,Mouirange - Grand Sud - Ile Ouen
municipales_2026,2,,,988,98817,Le Mont-Dore,MONTDORE,0003,957,595,362,582,12,1,6,LDVD,,,,,Nina JULIÉ IL ESTTEMPS !,371,38.77,63.75,,École primaire Adolphe BOUTAN,ECOLE PRIMAIRE ADOLPHE BOUTAN,0.828,Ecole primaire de l'Ile-Ouen,,ENSEIGNEMENT ET FORMATION,Enseignement du premier degré,Ecole primaire,166.841440737558,-22.4256696418669,etablissements_publics_nc,35,1715,Mouirange - Grand Sud - Ile Ouen
municipales_2026,2,,,988,98817,Le Mont-Dore,MONTDORE,0003,957,595,362,582,12,1,7,LREG,,,,,"Tania OUAKA LE MONT-DORE, NOTRE VILLE POURUNE NATION SOUVERAINE",59,6.17,10.14,,École primaire Adolphe BOUTAN,ECOLE PRIMAIRE ADOLPHE BOUTAN,0.828,Ecole primaire de l'Ile-Ouen,,ENSEIGNEMENT ET FORMATION,Enseignement du premier degré,Ecole primaire,166.841440737558,-22.4256696418669,etablissements_publics_nc,35,1715,Mouirange - Grand Sud - Ile Ouen
municipales_2026,2,,,988,98817,Le Mont-Dore,MONTDORE,0004,949,551,398,534,10,7,4,LDVD,,,,,Elizabeth RIVIERE NEE DABIN TOUS ENSEMBLE POUR LE MONT-DORE,191,20.13,35.77,,École primaire Louis Henri GALINIE 1,ECOLE PRIMAIRE LOUIS HENRI GALINIE,0.923,Ecole primaire Louis Henri Galinié,1133 RUE DES TROIS BANIANS,ENSEIGNEMENT ET FORMATION,Enseignement du premier degré,Ecole élémentaire,166.512755378687,-22.2163077194956,etablissements_publics_nc,25,1705,Robinson Nord
municipales_2026,2,,,988,98817,Le Mont-Dore,MONTDORE,0004,949,551,398,534,10,7,6,LDVD,,,,,Nina JULIÉ IL ESTTEMPS !,273,28.77,51.12,,École primaire Louis Henri GALINIE 1,ECOLE PRIMAIRE LOUIS HENRI GALINIE,0.923,Ecole primaire Louis Henri Galinié,1133 RUE DES TROIS BANIANS,ENSEIGNEMENT ET FORMATION,Enseignement du premier degré,Ecole élémentaire,166.512755378687,-22.2163077194956,etablissements_publics_nc,25,1705,Robinson Nord
municipales_2026,2,,,988,98817,Le Mont-Dore,MONTDORE,0004,949,551,398,534,10,7,7,LREG,,,,,"Tania OUAKA LE MONT-DORE, NOTRE VILLE POURUNE NATION SOUVERAINE",70,7.38,13.11,,École primaire Louis Henri GALINIE 1,ECOLE PRIMAIRE LOUIS HENRI GALINIE,0.923,Ecole primaire Louis Henri Galinié,1133 RUE DES TROIS BANIANS,ENSEIGNEMENT ET FORMATION,Enseignement du premier degré,Ecole élémentaire,166.512755378687,-22.2163077194956,etablissements_publics_nc,25,1705,Robinson Nord
municipales_2026,2,,,988,98817,Le Mont-Dore,MONTDORE,0005,1116,708,408,700,5,3,4,LDVD,,,,,Elizabeth RIVIERE NEE DABIN TOUS ENSEMBLE POUR LE MONT-DORE,317,28.41,45.29,,École La Rizière 1,ECOLE RIZIERE,0.734,Ecole primaire La Rizière,89 RUE DU VIEUX PONT,ENSEIGNEMENT ET FORMATION,Enseignement du premier degré,Ecole élémentaire,166.573975497183,-22.2332233282141,etablissements_publics_nc,30,1710,La Coulée Nord
municipales_2026,2,,,988,98817,Le Mont-Dore,MONTDORE,0005,1116,708,408,700,5,3,6,LDVD,,,,,Nina JULIÉ IL ESTTEMPS !,13,1.16,1.86,,École La Rizière 1,ECOLE RIZIERE,0.734,Ecole primaire La Rizière,89 RUE DU VIEUX PONT,ENSEIGNEMENT ET FORMATION,Enseignement du premier degré,Ecole élémentaire,166.573975497183,-22.2332233282141,etablissements_publics_nc,30,1710,La Coulée Nord
municipales_2026,2,,,988,98817,Le Mont-Dore,MONTDORE,0005,1116,708,408,700,5,3,7,LREG,,,,,"Tania OUAKA LE MONT-DORE, NOTRE VILLE POURUNE NATION SOUVERAINE",370,33.15,52.86,,École La Rizière 1,ECOLE RIZIERE,0.734,Ecole primaire La Rizière,89 RUE DU VIEUX PONT,ENSEIGNEMENT ET FORMATION,Enseignement du premier degré,Ecole élémentaire,166.573975497183,-22.2332233282141,etablissements_publics_nc,30,1710,La Coulée Nord
municipales_2026,2,,,988,98817,Le Mont-Dore,MONTDORE,0006,955,580,375,564,8,8,4,LDVD,,,,,Elizabeth RIVIERE NEE DABIN TOUS ENSEMBLE POUR LE MONT-DORE,212,22.2,37.59,,École primaire du Vallon Dore,ECOLE PRIMAIRE VALLON DORE,0.886,Ecole élémentaire du Vallon-Dore,1622 LA CORNICHE DU MONT DORE,ENSEIGNEMENT ET FORMATION,Enseignement du premier degré,Ecole élémentaire,166.571853310489,-22.2757480668132,etablissements_publics_nc,32,1712,Vallon Dore
municipales_2026,2,,,988,98817,Le Mont-Dore,MONTDORE,0006,955,580,375,564,8,8,6,LDVD,,,,,Nina JULIÉ IL ESTTEMPS !,309,32.36,54.79,,École primaire du Vallon Dore,ECOLE PRIMAIRE VALLON DORE,0.886,Ecole élémentaire du Vallon-Dore,1622 LA CORNICHE DU MONT DORE,ENSEIGNEMENT ET FORMATION,Enseignement du premier degré,Ecole élémentaire,166.571853310489,-22.2757480668132,etablissements_publics_nc,32,1712,Vallon Dore
municipales_2026,2,,,988,98817,Le Mont-Dore,MONTDORE,0006,955,580,375,564,8,8,7,LREG,,,,,"Tania OUAKA LE MONT-DORE, NOTRE VILLE POURUNE NATION SOUVERAINE",43,4.5,7.62,,École primaire du Vallon Dore,ECOLE PRIMAIRE VALLON DORE,0.886,Ecole élémentaire du Vallon-Dore,1622 LA CORNICHE DU MONT DORE,ENSEIGNEMENT ET FORMATION,Enseignement du premier degré,Ecole élémentaire,166.571853310489,-22.2757480668132,etablissements_publics_nc,32,1712,Vallon Dore
municipales_2026,2,,,988,98817,Le Mont-Dore,MONTDORE,0007,948,517,431,508,4,5,4,LDVD,,,,,Elizabeth RIVIERE NEE DABIN TOUS ENSEMBLE POUR LE MONT-DORE,187,19.73,36.81,,Ouara,OUARA,1,Ouara,Mont-Dore,LIEU_DIT_NC,TRIBU,,166.84029773306233,-22.42316008394107,tribus_villages_nc,35,1715,Mouirange - Grand Sud - Ile Ouen
municipales_2026,2,,,988,98817,Le Mont-Dore,MONTDORE,0007,948,517,431,508,4,5,6,LDVD,,,,,Nina JULIÉ IL ESTTEMPS !,194,20.46,38.19,,Ouara,OUARA,1,Ouara,Mont-Dore,LIEU_DIT_NC,TRIBU,,166.84029773306233,-22.42316008394107,tribus_villages_nc,35,1715,Mouirange - Grand Sud - Ile Ouen
municipales_2026,2,,,988,98817,Le Mont-Dore,MONTDORE,0007,948,517,431,508,4,5,7,LREG,,,,,"Tania OUAKA LE MONT-DORE, NOTRE VILLE POURUNE NATION SOUVERAINE",127,13.4,25,,Ouara,OUARA,1,Ouara,Mont-Dore,LIEU_DIT_NC,TRIBU,,166.84029773306233,-22.42316008394107,tribus_villages_nc,35,1715,Mouirange - Grand Sud - Ile Ouen
municipales_2026,2,,,988,98817,Le Mont-Dore,MONTDORE,0008,1051,649,402,635,5,9,4,LDVD,,,,,Elizabeth RIVIERE NEE DABIN TOUS ENSEMBLE POUR LE MONT-DORE,230,21.88,36.22,,Groupe scolaire de Boulari 1,GROUPE SCOLAIRE BOULARI,1,Groupe scolaire de Boulari,154 RUE ANTOINE GRISCELLI,ENSEIGNEMENT ET FORMATION,Enseignement du premier degré,Groupe scolaire,166.520855451452,-22.2274992832452,etablissements_publics_nc,27,1707,Boulari
municipales_2026,2,,,988,98817,Le Mont-Dore,MONTDORE,0008,1051,649,402,635,5,9,6,LDVD,,,,,Nina JULIÉ IL ESTTEMPS !,363,34.54,57.17,,Groupe scolaire de Boulari 1,GROUPE SCOLAIRE BOULARI,1,Groupe scolaire de Boulari,154 RUE ANTOINE GRISCELLI,ENSEIGNEMENT ET FORMATION,Enseignement du premier degré,Groupe scolaire,166.520855451452,-22.2274992832452,etablissements_publics_nc,27,1707,Boulari
municipales_2026,2,,,988,98817,Le Mont-Dore,MONTDORE,0008,1051,649,402,635,5,9,7,LREG,,,,,"Tania OUAKA LE MONT-DORE, NOTRE VILLE POURUNE NATION SOUVERAINE",42,4,6.61,,Groupe scolaire de Boulari 1,GROUPE SCOLAIRE BOULARI,1,Groupe scolaire de Boulari,154 RUE ANTOINE GRISCELLI,ENSEIGNEMENT ET FORMATION,Enseignement du premier degré,Groupe scolaire,166.520855451452,-22.2274992832452,etablissements_publics_nc,27,1707,Boulari
municipales_2026,2,,,988,98817,Le Mont-Dore,MONTDORE,0009,1075,560,515,543,7,10,4,LDVD,,,,,Elizabeth RIVIERE NEE DABIN TOUS ENSEMBLE POUR LE MONT-DORE,271,25.21,49.91,,Mairie annexe de Plum 1,MAIRIE ANNEXE PLUM,0.782,Mairie annexe du Mont-Dore,9048 LA CORNICHE DU MONT DORE,ADMINISTRATION ET ORGANISME,Administrations des collectivités,Administration de la commune de Mont-Dore,166.623268718041,-22.2730906933136,etablissements_publics_nc,34,1714,Plum
municipales_2026,2,,,988,98817,Le Mont-Dore,MONTDORE,0009,1075,560,515,543,7,10,6,LDVD,,,,,Nina JULIÉ IL ESTTEMPS !,192,17.86,35.36,,Mairie annexe de Plum 1,MAIRIE ANNEXE PLUM,0.782,Mairie annexe du Mont-Dore,9048 LA CORNICHE DU MONT DORE,ADMINISTRATION ET ORGANISME,Administrations des collectivités,Administration de la commune de Mont-Dore,166.623268718041,-22.2730906933136,etablissements_publics_nc,34,1714,Plum
municipales_2026,2,,,988,98817,Le Mont-Dore,MONTDORE,0009,1075,560,515,543,7,10,7,LREG,,,,,"Tania OUAKA LE MONT-DORE, NOTRE VILLE POURUNE NATION SOUVERAINE",80,7.44,14.73,,Mairie annexe de Plum 1,MAIRIE ANNEXE PLUM,0.782,Mairie annexe du Mont-Dore,9048 LA CORNICHE DU MONT DORE,ADMINISTRATION ET ORGANISME,Administrations des collectivités,Administration de la commune de Mont-Dore,166.623268718041,-22.2730906933136,etablissements_publics_nc,34,1714,Plum
municipales_2026,2,,,988,98817,Le Mont-Dore,MONTDORE,0010,1073,524,549,510,11,3,4,LDVD,,,,,Elizabeth RIVIERE NEE DABIN TOUS ENSEMBLE POUR LE MONT-DORE,170,15.84,33.33,,École La Rizière 2,ECOLE RIZIERE,0.734,Ecole primaire La Rizière,89 RUE DU VIEUX PONT,ENSEIGNEMENT ET FORMATION,Enseignement du premier degré,Ecole élémentaire,166.573975497183,-22.2332233282141,etablissements_publics_nc,30,1710,La Coulée Nord
municipales_2026,2,,,988,98817,Le Mont-Dore,MONTDORE,0010,1073,524,549,510,11,3,6,LDVD,,,,,Nina JULIÉ IL ESTTEMPS !,238,22.18,46.67,,École La Rizière 2,ECOLE RIZIERE,0.734,Ecole primaire La Rizière,89 RUE DU VIEUX PONT,ENSEIGNEMENT ET FORMATION,Enseignement du premier degré,Ecole élémentaire,166.573975497183,-22.2332233282141,etablissements_publics_nc,30,1710,La Coulée Nord
municipales_2026,2,,,988,98817,Le Mont-Dore,MONTDORE,0010,1073,524,549,510,11,3,7,LREG,,,,,"Tania OUAKA LE MONT-DORE, NOTRE VILLE POURUNE NATION SOUVERAINE",102,9.51,20,,École La Rizière 2,ECOLE RIZIERE,0.734,Ecole primaire La Rizière,89 RUE DU VIEUX PONT,ENSEIGNEMENT ET FORMATION,Enseignement du premier degré,Ecole élémentaire,166.573975497183,-22.2332233282141,etablissements_publics_nc,30,1710,La Coulée Nord
municipales_2026,2,,,988,98817,Le Mont-Dore,MONTDORE,0011,827,509,318,501,3,5,4,LDVD,,,,,Elizabeth RIVIERE NEE DABIN TOUS ENSEMBLE POUR LE MONT-DORE,147,17.78,29.34,,Groupe scolaire de Boulari 2,GROUPE SCOLAIRE BOULARI,1,Groupe scolaire de Boulari,154 RUE ANTOINE GRISCELLI,ENSEIGNEMENT ET FORMATION,Enseignement du premier degré,Groupe scolaire,166.520855451452,-22.2274992832452,etablissements_publics_nc,27,1707,Boulari
municipales_2026,2,,,988,98817,Le Mont-Dore,MONTDORE,0011,827,509,318,501,3,5,6,LDVD,,,,,Nina JULIÉ IL ESTTEMPS !,333,40.27,66.47,,Groupe scolaire de Boulari 2,GROUPE SCOLAIRE BOULARI,1,Groupe scolaire de Boulari,154 RUE ANTOINE GRISCELLI,ENSEIGNEMENT ET FORMATION,Enseignement du premier degré,Groupe scolaire,166.520855451452,-22.2274992832452,etablissements_publics_nc,27,1707,Boulari
municipales_2026,2,,,988,98817,Le Mont-Dore,MONTDORE,0011,827,509,318,501,3,5,7,LREG,,,,,"Tania OUAKA LE MONT-DORE, NOTRE VILLE POURUNE NATION SOUVERAINE",21,2.54,4.19,,Groupe scolaire de Boulari 2,GROUPE SCOLAIRE BOULARI,1,Groupe scolaire de Boulari,154 RUE ANTOINE GRISCELLI,ENSEIGNEMENT ET FORMATION,Enseignement du premier degré,Groupe scolaire,166.520855451452,-22.2274992832452,etablissements_publics_nc,27,1707,Boulari
municipales_2026,2,,,988,98817,Le Mont-Dore,MONTDORE,0012,820,441,379,426,10,5,4,LDVD,,,,,Elizabeth RIVIERE NEE DABIN TOUS ENSEMBLE POUR LE MONT-DORE,198,24.15,46.48,,Groupe scolaire Saint-Michel 1,GROUPE SCOLAIRE SAINT MICHEL,0.824,Groupe scolaire de Saint-Joseph de Cluny,367 RUE CHARLES FRANCOIS BEAUTEMPS BEAUPRE,ENSEIGNEMENT ET FORMATION,Enseignement du premier degré,Groupe scolaire,166.499920849353,-22.2240498676639,etablissements_publics_nc,24,1704,La Conception
municipales_2026,2,,,988,98817,Le Mont-Dore,MONTDORE,0012,820,441,379,426,10,5,6,LDVD,,,,,Nina JULIÉ IL ESTTEMPS !,154,18.78,36.15,,Groupe scolaire Saint-Michel 1,GROUPE SCOLAIRE SAINT MICHEL,0.824,Groupe scolaire de Saint-Joseph de Cluny,367 RUE CHARLES FRANCOIS BEAUTEMPS BEAUPRE,ENSEIGNEMENT ET FORMATION,Enseignement du premier degré,Groupe scolaire,166.499920849353,-22.2240498676639,etablissements_publics_nc,24,1704,La Conception
municipales_2026,2,,,988,98817,Le Mont-Dore,MONTDORE,0012,820,441,379,426,10,5,7,LREG,,,,,"Tania OUAKA LE MONT-DORE, NOTRE VILLE POURUNE NATION SOUVERAINE",74,9.02,17.37,,Groupe scolaire Saint-Michel 1,GROUPE SCOLAIRE SAINT MICHEL,0.824,Groupe scolaire de Saint-Joseph de Cluny,367 RUE CHARLES FRANCOIS BEAUTEMPS BEAUPRE,ENSEIGNEMENT ET FORMATION,Enseignement du premier degré,Groupe scolaire,166.499920849353,-22.2240498676639,etablissements_publics_nc,24,1704,La Conception
municipales_2026,2,,,988,98817,Le Mont-Dore,MONTDORE,0013,583,303,280,299,4,0,4,LDVD,,,,,Elizabeth RIVIERE NEE DABIN TOUS ENSEMBLE POUR LE MONT-DORE,109,18.7,36.45,,École maternelle Les Fougères,ECOLE MATERNELLE FOUGERES,0.69,Ecole primaire de l'Ile-Ouen,,ENSEIGNEMENT ET FORMATION,Enseignement du premier degré,Ecole primaire,166.841440737558,-22.4256696418669,etablissements_publics_nc,35,1715,Mouirange - Grand Sud - Ile Ouen
municipales_2026,2,,,988,98817,Le Mont-Dore,MONTDORE,0013,583,303,280,299,4,0,6,LDVD,,,,,Nina JULIÉ IL ESTTEMPS !,141,24.19,47.16,,École maternelle Les Fougères,ECOLE MATERNELLE FOUGERES,0.69,Ecole primaire de l'Ile-Ouen,,ENSEIGNEMENT ET FORMATION,Enseignement du premier degré,Ecole primaire,166.841440737558,-22.4256696418669,etablissements_publics_nc,35,1715,Mouirange - Grand Sud - Ile Ouen
municipales_2026,2,,,988,98817,Le Mont-Dore,MONTDORE,0013,583,303,280,299,4,0,7,LREG,,,,,"Tania OUAKA LE MONT-DORE, NOTRE VILLE POURUNE NATION SOUVERAINE",49,8.4,16.39,,École maternelle Les Fougères,ECOLE MATERNELLE FOUGERES,0.69,Ecole primaire de l'Ile-Ouen,,ENSEIGNEMENT ET FORMATION,Enseignement du premier degré,Ecole primaire,166.841440737558,-22.4256696418669,etablissements_publics_nc,35,1715,Mouirange - Grand Sud - Ile Ouen
municipales_2026,2,,,988,98817,Le Mont-Dore,MONTDORE,0014,1100,690,410,679,7,4,4,LDVD,,,,,Elizabeth RIVIERE NEE DABIN TOUS ENSEMBLE POUR LE MONT-DORE,286,26,42.12,,École maternelle Les Dauphins,ECOLE MATERNELLE DAUPHINS,0.741,Ecole maternelle les Dauphins,1724 LA CORNICHE DU MONT DORE,ENSEIGNEMENT ET FORMATION,Enseignement du premier degré,Ecole pré-élémentaire,166.57252708408,-22.2768294716869,etablissements_publics_nc,32,1712,Vallon Dore
municipales_2026,2,,,988,98817,Le Mont-Dore,MONTDORE,0014,1100,690,410,679,7,4,6,LDVD,,,,,Nina JULIÉ IL ESTTEMPS !,329,29.91,48.45,,École maternelle Les Dauphins,ECOLE MATERNELLE DAUPHINS,0.741,Ecole maternelle les Dauphins,1724 LA CORNICHE DU MONT DORE,ENSEIGNEMENT ET FORMATION,Enseignement du premier degré,Ecole pré-élémentaire,166.57252708408,-22.2768294716869,etablissements_publics_nc,32,1712,Vallon Dore
municipales_2026,2,,,988,98817,Le Mont-Dore,MONTDORE,0014,1100,690,410,679,7,4,7,LREG,,,,,"Tania OUAKA LE MONT-DORE, NOTRE VILLE POURUNE NATION SOUVERAINE",64,5.82,9.43,,École maternelle Les Dauphins,ECOLE MATERNELLE DAUPHINS,0.741,Ecole maternelle les Dauphins,1724 LA CORNICHE DU MONT DORE,ENSEIGNEMENT ET FORMATION,Enseignement du premier degré,Ecole pré-élémentaire,166.57252708408,-22.2768294716869,etablissements_publics_nc,32,1712,Vallon Dore
municipales_2026,2,,,988,98817,Le Mont-Dore,MONTDORE,0015,1296,765,531,735,19,11,4,LDVD,,,,,Elizabeth RIVIERE NEE DABIN TOUS ENSEMBLE POUR LE MONT-DORE,268,20.68,36.46,,École maternelle Les Coccinelles,ECOLE MATERNELLE COCCINELLES,0.771,Ecole maternelle Les Coccinelles,2299 ROUTE DU VALLON DORE,ENSEIGNEMENT ET FORMATION,Enseignement du premier degré,Ecole pré-élémentaire,166.56758162382,-22.2502864537601,etablissements_publics_nc,31,1711,La Coulée Sud
municipales_2026,2,,,988,98817,Le Mont-Dore,MONTDORE,0015,1296,765,531,735,19,11,6,LDVD,,,,,Nina JULIÉ IL ESTTEMPS !,316,24.38,42.99,,École maternelle Les Coccinelles,ECOLE MATERNELLE COCCINELLES,0.771,Ecole maternelle Les Coccinelles,2299 ROUTE DU VALLON DORE,ENSEIGNEMENT ET FORMATION,Enseignement du premier degré,Ecole pré-élémentaire,166.56758162382,-22.2502864537601,etablissements_publics_nc,31,1711,La Coulée Sud
municipales_2026,2,,,988,98817,Le Mont-Dore,MONTDORE,0015,1296,765,531,735,19,11,7,LREG,,,,,"Tania OUAKA LE MONT-DORE, NOTRE VILLE POURUNE NATION SOUVERAINE",151,11.65,20.54,,École maternelle Les Coccinelles,ECOLE MATERNELLE COCCINELLES,0.771,Ecole maternelle Les Coccinelles,2299 ROUTE DU VALLON DORE,ENSEIGNEMENT ET FORMATION,Enseignement du premier degré,Ecole pré-élémentaire,166.56758162382,-22.2502864537601,etablissements_publics_nc,31,1711,La Coulée Sud
municipales_2026,2,,,988,98817,Le Mont-Dore,MONTDORE,0016,1131,662,469,651,4,7,4,LDVD,,,,,Elizabeth RIVIERE NEE DABIN TOUS ENSEMBLE POUR LE MONT-DORE,234,20.69,35.94,,École Saint-Joseph de CLUNY,ECOLE SAINT JOSEPH CLUNY,0.83,Communauté Saint Joseph de CLUNY,483 RUE CHARLES FRANCOIS BEAUTEMPS BEAUPRE,CULTE,Culte,Chapelle paroisse et centre religieux,166.499920601202,-22.2239776205159,etablissements_publics_nc,24,1704,La Conception
municipales_2026,2,,,988,98817,Le Mont-Dore,MONTDORE,0016,1131,662,469,651,4,7,6,LDVD,,,,,Nina JULIÉ IL ESTTEMPS !,212,18.74,32.57,,École Saint-Joseph de CLUNY,ECOLE SAINT JOSEPH CLUNY,0.83,Communauté Saint Joseph de CLUNY,483 RUE CHARLES FRANCOIS BEAUTEMPS BEAUPRE,CULTE,Culte,Chapelle paroisse et centre religieux,166.499920601202,-22.2239776205159,etablissements_publics_nc,24,1704,La Conception
municipales_2026,2,,,988,98817,Le Mont-Dore,MONTDORE,0016,1131,662,469,651,4,7,7,LREG,,,,,"Tania OUAKA LE MONT-DORE, NOTRE VILLE POURUNE NATION SOUVERAINE",205,18.13,31.49,,École Saint-Joseph de CLUNY,ECOLE SAINT JOSEPH CLUNY,0.83,Communauté Saint Joseph de CLUNY,483 RUE CHARLES FRANCOIS BEAUTEMPS BEAUPRE,CULTE,Culte,Chapelle paroisse et centre religieux,166.499920601202,-22.2239776205159,etablissements_publics_nc,24,1704,La Conception
municipales_2026,2,,,988,98817,Le Mont-Dore,MONTDORE,0017,949,555,394,535,8,12,4,LDVD,,,,,Elizabeth RIVIERE NEE DABIN TOUS ENSEMBLE POUR LE MONT-DORE,177,18.65,33.08,,École primaire Louis Henri GALINIE 2,ECOLE PRIMAIRE LOUIS HENRI GALINIE,0.923,Ecole primaire Louis Henri Galinié,1133 RUE DES TROIS BANIANS,ENSEIGNEMENT ET FORMATION,Enseignement du premier degré,Ecole élémentaire,166.512755378687,-22.2163077194956,etablissements_publics_nc,25,1705,Robinson Nord
municipales_2026,2,,,988,98817,Le Mont-Dore,MONTDORE,0017,949,555,394,535,8,12,6,LDVD,,,,,Nina JULIÉ IL ESTTEMPS !,311,32.77,58.13,,École primaire Louis Henri GALINIE 2,ECOLE PRIMAIRE LOUIS HENRI GALINIE,0.923,Ecole primaire Louis Henri Galinié,1133 RUE DES TROIS BANIANS,ENSEIGNEMENT ET FORMATION,Enseignement du premier degré,Ecole élémentaire,166.512755378687,-22.2163077194956,etablissements_publics_nc,25,1705,Robinson Nord
municipales_2026,2,,,988,98817,Le Mont-Dore,MONTDORE,0017,949,555,394,535,8,12,7,LREG,,,,,"Tania OUAKA LE MONT-DORE, NOTRE VILLE POURUNE NATION SOUVERAINE",47,4.95,8.79,,École primaire Louis Henri GALINIE 2,ECOLE PRIMAIRE LOUIS HENRI GALINIE,0.923,Ecole primaire Louis Henri Galinié,1133 RUE DES TROIS BANIANS,ENSEIGNEMENT ET FORMATION,Enseignement du premier degré,Ecole élémentaire,166.512755378687,-22.2163077194956,etablissements_publics_nc,25,1705,Robinson Nord
municipales_2026,2,,,988,98817,Le Mont-Dore,MONTDORE,0018,1068,628,440,616,4,8,4,LDVD,,,,,Elizabeth RIVIERE NEE DABIN TOUS ENSEMBLE POUR LE MONT-DORE,229,21.44,37.18,,Groupe scolaire de Boulari 3,GROUPE SCOLAIRE BOULARI,1,Groupe scolaire de Boulari,154 RUE ANTOINE GRISCELLI,ENSEIGNEMENT ET FORMATION,Enseignement du premier degré,Groupe scolaire,166.520855451452,-22.2274992832452,etablissements_publics_nc,27,1707,Boulari
municipales_2026,2,,,988,98817,Le Mont-Dore,MONTDORE,0018,1068,628,440,616,4,8,6,LDVD,,,,,Nina JULIÉ IL ESTTEMPS !,301,28.18,48.86,,Groupe scolaire de Boulari 3,GROUPE SCOLAIRE BOULARI,1,Groupe scolaire de Boulari,154 RUE ANTOINE GRISCELLI,ENSEIGNEMENT ET FORMATION,Enseignement du premier degré,Groupe scolaire,166.520855451452,-22.2274992832452,etablissements_publics_nc,27,1707,Boulari
municipales_2026,2,,,988,98817,Le Mont-Dore,MONTDORE,0018,1068,628,440,616,4,8,7,LREG,,,,,"Tania OUAKA LE MONT-DORE, NOTRE VILLE POURUNE NATION SOUVERAINE",86,8.05,13.96,,Groupe scolaire de Boulari 3,GROUPE SCOLAIRE BOULARI,1,Groupe scolaire de Boulari,154 RUE ANTOINE GRISCELLI,ENSEIGNEMENT ET FORMATION,Enseignement du premier degré,Groupe scolaire,166.520855451452,-22.2274992832452,etablissements_publics_nc,27,1707,Boulari
municipales_2026,2,,,988,98817,Le Mont-Dore,MONTDORE,0019,696,389,307,376,8,5,4,LDVD,,,,,Elizabeth RIVIERE NEE DABIN TOUS ENSEMBLE POUR LE MONT-DORE,126,18.1,33.51,,Groupe scolaire de Saint-Michel 2,GROUPE SCOLAIRE SAINT MICHEL,0.824,Groupe scolaire de Saint-Joseph de Cluny,367 RUE CHARLES FRANCOIS BEAUTEMPS BEAUPRE,ENSEIGNEMENT ET FORMATION,Enseignement du premier degré,Groupe scolaire,166.499920849353,-22.2240498676639,etablissements_publics_nc,24,1704,La Conception
municipales_2026,2,,,988,98817,Le Mont-Dore,MONTDORE,0019,696,389,307,376,8,5,6,LDVD,,,,,Nina JULIÉ IL ESTTEMPS !,232,33.33,61.7,,Groupe scolaire de Saint-Michel 2,GROUPE SCOLAIRE SAINT MICHEL,0.824,Groupe scolaire de Saint-Joseph de Cluny,367 RUE CHARLES FRANCOIS BEAUTEMPS BEAUPRE,ENSEIGNEMENT ET FORMATION,Enseignement du premier degré,Groupe scolaire,166.499920849353,-22.2240498676639,etablissements_publics_nc,24,1704,La Conception
municipales_2026,2,,,988,98817,Le Mont-Dore,MONTDORE,0019,696,389,307,376,8,5,7,LREG,,,,,"Tania OUAKA LE MONT-DORE, NOTRE VILLE POURUNE NATION SOUVERAINE",18,2.59,4.79,,Groupe scolaire de Saint-Michel 2,GROUPE SCOLAIRE SAINT MICHEL,0.824,Groupe scolaire de Saint-Joseph de Cluny,367 RUE CHARLES FRANCOIS BEAUTEMPS BEAUPRE,ENSEIGNEMENT ET FORMATION,Enseignement du premier degré,Groupe scolaire,166.499920849353,-22.2240498676639,etablissements_publics_nc,24,1704,La Conception
municipales_2026,2,,,988,98817,Le Mont-Dore,MONTDORE,0020,685,347,338,331,14,2,4,LDVD,,,,,Elizabeth RIVIERE NEE DABIN TOUS ENSEMBLE POUR LE MONT-DORE,115,16.79,34.74,,Groupe scolaire de Plum,GROUPE SCOLAIRE PLUM,0.86,Groupe scolaire de Yahoué,264 RUE DES OPUI,ENSEIGNEMENT ET FORMATION,Enseignement du premier degré,Groupe scolaire,166.489906860567,-22.2084828348965,etablissements_publics_nc,22,1702,Yahoué Sud
municipales_2026,2,,,988,98817,Le Mont-Dore,MONTDORE,0020,685,347,338,331,14,2,6,LDVD,,,,,Nina JULIÉ IL ESTTEMPS !,144,21.02,43.5,,Groupe scolaire de Plum,GROUPE SCOLAIRE PLUM,0.86,Groupe scolaire de Yahoué,264 RUE DES OPUI,ENSEIGNEMENT ET FORMATION,Enseignement du premier degré,Groupe scolaire,166.489906860567,-22.2084828348965,etablissements_publics_nc,22,1702,Yahoué Sud
municipales_2026,2,,,988,98817,Le Mont-Dore,MONTDORE,0020,685,347,338,331,14,2,7,LREG,,,,,"Tania OUAKA LE MONT-DORE, NOTRE VILLE POURUNE NATION SOUVERAINE",72,10.51,21.75,,Groupe scolaire de Plum,GROUPE SCOLAIRE PLUM,0.86,Groupe scolaire de Yahoué,264 RUE DES OPUI,ENSEIGNEMENT ET FORMATION,Enseignement du premier degré,Groupe scolaire,166.489906860567,-22.2084828348965,etablissements_publics_nc,22,1702,Yahoué Sud
municipales_2026,2,,,988,98817,Le Mont-Dore,MONTDORE,0021,899,489,410,477,6,6,4,LDVD,,,,,Elizabeth RIVIERE NEE DABIN TOUS ENSEMBLE POUR LE MONT-DORE,172,19.13,36.06,,École La Rizière 3,ECOLE RIZIERE,0.734,Ecole primaire La Rizière,89 RUE DU VIEUX PONT,ENSEIGNEMENT ET FORMATION,Enseignement du premier degré,Ecole élémentaire,166.573975497183,-22.2332233282141,etablissements_publics_nc,30,1710,La Coulée Nord
municipales_2026,2,,,988,98817,Le Mont-Dore,MONTDORE,0021,899,489,410,477,6,6,6,LDVD,,,,,Nina JULIÉ IL ESTTEMPS !,239,26.59,50.1,,École La Rizière 3,ECOLE RIZIERE,0.734,Ecole primaire La Rizière,89 RUE DU VIEUX PONT,ENSEIGNEMENT ET FORMATION,Enseignement du premier degré,Ecole élémentaire,166.573975497183,-22.2332233282141,etablissements_publics_nc,30,1710,La Coulée Nord
municipales_2026,2,,,988,98817,Le Mont-Dore,MONTDORE,0021,899,489,410,477,6,6,7,LREG,,,,,"Tania OUAKA LE MONT-DORE, NOTRE VILLE POURUNE NATION SOUVERAINE",66,7.34,13.84,,École La Rizière 3,ECOLE RIZIERE,0.734,Ecole primaire La Rizière,89 RUE DU VIEUX PONT,ENSEIGNEMENT ET FORMATION,Enseignement du premier degré,Ecole élémentaire,166.573975497183,-22.2332233282141,etablissements_publics_nc,30,1710,La Coulée Nord
municipales_2026,2,,,988,98817,Le Mont-Dore,MONTDORE,0022,823,466,357,458,6,2,4,LDVD,,,,,Elizabeth RIVIERE NEE DABIN TOUS ENSEMBLE POUR LE MONT-DORE,130,15.8,28.38,,École de la Briqueterie 1,ECOLE BRIQUETERIE,0.756,Groupe scolaire La Briquetterie,297 RUE DES ROSEAUX,ENSEIGNEMENT ET FORMATION,Enseignement du premier degré,Groupe scolaire,166.566445622614,-22.2625090934915,etablissements_publics_nc,32,1712,Vallon Dore
municipales_2026,2,,,988,98817,Le Mont-Dore,MONTDORE,0022,823,466,357,458,6,2,6,LDVD,,,,,Nina JULIÉ IL ESTTEMPS !,294,35.72,64.19,,École de la Briqueterie 1,ECOLE BRIQUETERIE,0.756,Groupe scolaire La Briquetterie,297 RUE DES ROSEAUX,ENSEIGNEMENT ET FORMATION,Enseignement du premier degré,Groupe scolaire,166.566445622614,-22.2625090934915,etablissements_publics_nc,32,1712,Vallon Dore
municipales_2026,2,,,988,98817,Le Mont-Dore,MONTDORE,0022,823,466,357,458,6,2,7,LREG,,,,,"Tania OUAKA LE MONT-DORE, NOTRE VILLE POURUNE NATION SOUVERAINE",34,4.13,7.42,,École de la Briqueterie 1,ECOLE BRIQUETERIE,0.756,Groupe scolaire La Briquetterie,297 RUE DES ROSEAUX,ENSEIGNEMENT ET FORMATION,Enseignement du premier degré,Groupe scolaire,166.566445622614,-22.2625090934915,etablissements_publics_nc,32,1712,Vallon Dore
municipales_2026,2,,,988,98817,Le Mont-Dore,MONTDORE,0023,626,330,296,324,6,0,4,LDVD,,,,,Elizabeth RIVIERE NEE DABIN TOUS ENSEMBLE POUR LE MONT-DORE,105,16.77,32.41,,École de la Briqueterie 2,ECOLE BRIQUETERIE,0.756,Groupe scolaire La Briquetterie,297 RUE DES ROSEAUX,ENSEIGNEMENT ET FORMATION,Enseignement du premier degré,Groupe scolaire,166.566445622614,-22.2625090934915,etablissements_publics_nc,32,1712,Vallon Dore
municipales_2026,2,,,988,98817,Le Mont-Dore,MONTDORE,0023,626,330,296,324,6,0,6,LDVD,,,,,Nina JULIÉ IL ESTTEMPS !,190,30.35,58.64,,École de la Briqueterie 2,ECOLE BRIQUETERIE,0.756,Groupe scolaire La Briquetterie,297 RUE DES ROSEAUX,ENSEIGNEMENT ET FORMATION,Enseignement du premier degré,Groupe scolaire,166.566445622614,-22.2625090934915,etablissements_publics_nc,32,1712,Vallon Dore
municipales_2026,2,,,988,98817,Le Mont-Dore,MONTDORE,0023,626,330,296,324,6,0,7,LREG,,,,,"Tania OUAKA LE MONT-DORE, NOTRE VILLE POURUNE NATION SOUVERAINE",29,4.63,8.95,,École de la Briqueterie 2,ECOLE BRIQUETERIE,0.756,Groupe scolaire La Briquetterie,297 RUE DES ROSEAUX,ENSEIGNEMENT ET FORMATION,Enseignement du premier degré,Groupe scolaire,166.566445622614,-22.2625090934915,etablissements_publics_nc,32,1712,Vallon Dore
municipales_2026,2,,,988,98817,Le Mont-Dore,MONTDORE,0024,854,479,375,471,6,2,4,LDVD,,,,,Elizabeth RIVIERE NEE DABIN TOUS ENSEMBLE POUR LE MONT-DORE,174,20.37,36.94,,Mairie 2,MAIRIE,0.98,Mairie du Mont-Dore,4468 AVENUE DES DEUX BAIES,ADMINISTRATION ET ORGANISME,Administrations des collectivités,Administration de la commune de Mont-Dore,166.523259425452,-22.2297495527098,etablissements_publics_nc,27,1707,Boulari
municipales_2026,2,,,988,98817,Le Mont-Dore,MONTDORE,0024,854,479,375,471,6,2,6,LDVD,,,,,Nina JULIÉ IL ESTTEMPS !,242,28.34,51.38,,Mairie 2,MAIRIE,0.98,Mairie du Mont-Dore,4468 AVENUE DES DEUX BAIES,ADMINISTRATION ET ORGANISME,Administrations des collectivités,Administration de la commune de Mont-Dore,166.523259425452,-22.2297495527098,etablissements_publics_nc,27,1707,Boulari
municipales_2026,2,,,988,98817,Le Mont-Dore,MONTDORE,0024,854,479,375,471,6,2,7,LREG,,,,,"Tania OUAKA LE MONT-DORE, NOTRE VILLE POURUNE NATION SOUVERAINE",55,6.44,11.68,,Mairie 2,MAIRIE,0.98,Mairie du Mont-Dore,4468 AVENUE DES DEUX BAIES,ADMINISTRATION ET ORGANISME,Administrations des collectivités,Administration de la commune de Mont-Dore,166.523259425452,-22.2297495527098,etablissements_publics_nc,27,1707,Boulari
municipales_2026,2,,,988,98818,Nouméa,NOUMEA,0001,874,357,517,343,10,4,1,LLR,,,,,"Virginie RUFFENACH POUR NOUMEA, UNE ENERGIENOUVELLE",56,6.41,16.33,,Mairie 1,MAIRIE,0.93,Hôtel de Ville de Nouméa,16 RUE DU GENERAL MANGIN,ADMINISTRATION ET ORGANISME,Administrations des collectivités,Administration de la commune de Nouméa,166.439401925184,-22.2714056104229,etablissements_publics_nc,58,1822,Centre ville
municipales_2026,2,,,988,98818,Nouméa,NOUMEA,0001,874,357,517,343,10,4,4,LDVC,,,,,Philippe DUNOYER Nouméa : l'après,73,8.35,21.28,,Mairie 1,MAIRIE,0.93,Hôtel de Ville de Nouméa,16 RUE DU GENERAL MANGIN,ADMINISTRATION ET ORGANISME,Administrations des collectivités,Administration de la commune de Nouméa,166.439401925184,-22.2714056104229,etablissements_publics_nc,58,1822,Centre ville
municipales_2026,2,,,988,98818,Nouméa,NOUMEA,0001,874,357,517,343,10,4,7,LDVD,,,,,Sonia LAGARDE AVEC VOUS POUR NOUMEA,214,24.49,62.39,,Mairie 1,MAIRIE,0.93,Hôtel de Ville de Nouméa,16 RUE DU GENERAL MANGIN,ADMINISTRATION ET ORGANISME,Administrations des collectivités,Administration de la commune de Nouméa,166.439401925184,-22.2714056104229,etablissements_publics_nc,58,1822,Centre ville
municipales_2026,2,,,988,98818,Nouméa,NOUMEA,0002,1569,522,1047,497,19,6,1,LLR,,,,,"Virginie RUFFENACH POUR NOUMEA, UNE ENERGIENOUVELLE",72,4.59,14.49,,Mairie 2,MAIRIE,0.93,Hôtel de Ville de Nouméa,16 RUE DU GENERAL MANGIN,ADMINISTRATION ET ORGANISME,Administrations des collectivités,Administration de la commune de Nouméa,166.439401925184,-22.2714056104229,etablissements_publics_nc,58,1822,Centre ville
municipales_2026,2,,,988,98818,Nouméa,NOUMEA,0002,1569,522,1047,497,19,6,4,LDVC,,,,,Philippe DUNOYER Nouméa : l'après,133,8.48,26.76,,Mairie 2,MAIRIE,0.93,Hôtel de Ville de Nouméa,16 RUE DU GENERAL MANGIN,ADMINISTRATION ET ORGANISME,Administrations des collectivités,Administration de la commune de Nouméa,166.439401925184,-22.2714056104229,etablissements_publics_nc,58,1822,Centre ville
municipales_2026,2,,,988,98818,Nouméa,NOUMEA,0002,1569,522,1047,497,19,6,7,LDVD,,,,,Sonia LAGARDE AVEC VOUS POUR NOUMEA,292,18.61,58.75,,Mairie 2,MAIRIE,0.93,Hôtel de Ville de Nouméa,16 RUE DU GENERAL MANGIN,ADMINISTRATION ET ORGANISME,Administrations des collectivités,Administration de la commune de Nouméa,166.439401925184,-22.2714056104229,etablissements_publics_nc,58,1822,Centre ville
municipales_2026,2,,,988,98818,Nouméa,NOUMEA,0003,1219,582,637,572,7,3,1,LLR,,,,,"Virginie RUFFENACH POUR NOUMEA, UNE ENERGIENOUVELLE",118,9.68,20.63,,École Frédéric SURLEAU,ECOLE FREDERIC SURLEAU,0.836,Ecole Frédéric SURLEAU,5 RUE FREDERIC SURLEAU,ENSEIGNEMENT ET FORMATION,Enseignement du premier degré,Ecole élémentaire,166.446180272936,-22.2732842135737,etablissements_publics_nc,58,1822,Centre ville
municipales_2026,2,,,988,98818,Nouméa,NOUMEA,0003,1219,582,637,572,7,3,4,LDVC,,,,,Philippe DUNOYER Nouméa : l'après,72,5.91,12.59,,École Frédéric SURLEAU,ECOLE FREDERIC SURLEAU,0.836,Ecole Frédéric SURLEAU,5 RUE FREDERIC SURLEAU,ENSEIGNEMENT ET FORMATION,Enseignement du premier degré,Ecole élémentaire,166.446180272936,-22.2732842135737,etablissements_publics_nc,58,1822,Centre ville
municipales_2026,2,,,988,98818,Nouméa,NOUMEA,0003,1219,582,637,572,7,3,7,LDVD,,,,,Sonia LAGARDE AVEC VOUS POUR NOUMEA,382,31.34,66.78,,École Frédéric SURLEAU,ECOLE FREDERIC SURLEAU,0.836,Ecole Frédéric SURLEAU,5 RUE FREDERIC SURLEAU,ENSEIGNEMENT ET FORMATION,Enseignement du premier degré,Ecole élémentaire,166.446180272936,-22.2732842135737,etablissements_publics_nc,58,1822,Centre ville
municipales_2026,2,,,988,98818,Nouméa,NOUMEA,0004,1223,654,569,646,6,2,1,LLR,,,,,"Virginie RUFFENACH POUR NOUMEA, UNE ENERGIENOUVELLE",145,11.86,22.45,,École Marguerite LEFRANCOIS,ECOLE MARGUERITE LEFRANCOIS,0.821,Ecole Marguerite LEFRANCOIS,8 RUE FRANCOIS ECORCHON,ENSEIGNEMENT ET FORMATION,Enseignement du premier degré,Ecole pré-élémentaire,166.446044574066,-22.2859909097298,etablissements_publics_nc,45,1809,Orphelinat
municipales_2026,2,,,988,98818,Nouméa,NOUMEA,0004,1223,654,569,646,6,2,4,LDVC,,,,,Philippe DUNOYER Nouméa : l'après,69,5.64,10.68,,École Marguerite LEFRANCOIS,ECOLE MARGUERITE LEFRANCOIS,0.821,Ecole Marguerite LEFRANCOIS,8 RUE FRANCOIS ECORCHON,ENSEIGNEMENT ET FORMATION,Enseignement du premier degré,Ecole pré-élémentaire,166.446044574066,-22.2859909097298,etablissements_publics_nc,45,1809,Orphelinat
municipales_2026,2,,,988,98818,Nouméa,NOUMEA,0004,1223,654,569,646,6,2,7,LDVD,,,,,Sonia LAGARDE AVEC VOUS POUR NOUMEA,432,35.32,66.87,,École Marguerite LEFRANCOIS,ECOLE MARGUERITE LEFRANCOIS,0.821,Ecole Marguerite LEFRANCOIS,8 RUE FRANCOIS ECORCHON,ENSEIGNEMENT ET FORMATION,Enseignement du premier degré,Ecole pré-élémentaire,166.446044574066,-22.2859909097298,etablissements_publics_nc,45,1809,Orphelinat
municipales_2026,2,,,988,98818,Nouméa,NOUMEA,0005,1075,617,458,604,5,8,1,LLR,,,,,"Virginie RUFFENACH POUR NOUMEA, UNE ENERGIENOUVELLE",189,17.58,31.29,,École Yvonne DUPONT 1,ECOLE YVONNE DUPONT,0.98,Parc école Yvonne DUPONT,2 RUE MARCELLIN LACABANNE,PARC ESPACE PUBLIC ET LOISIR,Parcs et espaces verts,Parc,166.442173657352,-22.2926748814035,etablissements_publics_nc,42,1806,Motor Pool - Receiving
municipales_2026,2,,,988,98818,Nouméa,NOUMEA,0005,1075,617,458,604,5,8,4,LDVC,,,,,Philippe DUNOYER Nouméa : l'après,37,3.44,6.13,,École Yvonne DUPONT 1,ECOLE YVONNE DUPONT,0.98,Parc école Yvonne DUPONT,2 RUE MARCELLIN LACABANNE,PARC ESPACE PUBLIC ET LOISIR,Parcs et espaces verts,Parc,166.442173657352,-22.2926748814035,etablissements_publics_nc,42,1806,Motor Pool - Receiving
municipales_2026,2,,,988,98818,Nouméa,NOUMEA,0005,1075,617,458,604,5,8,7,LDVD,,,,,Sonia LAGARDE AVEC VOUS POUR NOUMEA,378,35.16,62.58,,École Yvonne DUPONT 1,ECOLE YVONNE DUPONT,0.98,Parc école Yvonne DUPONT,2 RUE MARCELLIN LACABANNE,PARC ESPACE PUBLIC ET LOISIR,Parcs et espaces verts,Parc,166.442173657352,-22.2926748814035,etablissements_publics_nc,42,1806,Motor Pool - Receiving
municipales_2026,2,,,988,98818,Nouméa,NOUMEA,0006,1371,705,666,686,14,5,1,LLR,,,,,"Virginie RUFFENACH POUR NOUMEA, UNE ENERGIENOUVELLE",163,11.89,23.76,,École Eloi FRANC 1,ECOLE ELOI FRANC,0.83,Ecole Eloi FRANC,10 RUE PIERRE SAUVAN,ENSEIGNEMENT ET FORMATION,Enseignement du premier degré,Ecole primaire,166.447826467842,-22.2974281428095,etablissements_publics_nc,39,1803,Anse Vata Est
municipales_2026,2,,,988,98818,Nouméa,NOUMEA,0006,1371,705,666,686,14,5,4,LDVC,,,,,Philippe DUNOYER Nouméa : l'après,84,6.13,12.24,,École Eloi FRANC 1,ECOLE ELOI FRANC,0.83,Ecole Eloi FRANC,10 RUE PIERRE SAUVAN,ENSEIGNEMENT ET FORMATION,Enseignement du premier degré,Ecole primaire,166.447826467842,-22.2974281428095,etablissements_publics_nc,39,1803,Anse Vata Est
municipales_2026,2,,,988,98818,Nouméa,NOUMEA,0006,1371,705,666,686,14,5,7,LDVD,,,,,Sonia LAGARDE AVEC VOUS POUR NOUMEA,439,32.02,63.99,,École Eloi FRANC 1,ECOLE ELOI FRANC,0.83,Ecole Eloi FRANC,10 RUE PIERRE SAUVAN,ENSEIGNEMENT ET FORMATION,Enseignement du premier degré,Ecole primaire,166.447826467842,-22.2974281428095,etablissements_publics_nc,39,1803,Anse Vata Est
municipales_2026,2,,,988,98818,Nouméa,NOUMEA,0007,1098,601,497,588,9,4,1,LLR,,,,,"Virginie RUFFENACH POUR NOUMEA, UNE ENERGIENOUVELLE",132,12.02,22.45,,École Eloi FRANC 2,ECOLE ELOI FRANC,0.83,Ecole Eloi FRANC,10 RUE PIERRE SAUVAN,ENSEIGNEMENT ET FORMATION,Enseignement du premier degré,Ecole primaire,166.447826467842,-22.2974281428095,etablissements_publics_nc,39,1803,Anse Vata Est
municipales_2026,2,,,988,98818,Nouméa,NOUMEA,0007,1098,601,497,588,9,4,4,LDVC,,,,,Philippe DUNOYER Nouméa : l'après,52,4.74,8.84,,École Eloi FRANC 2,ECOLE ELOI FRANC,0.83,Ecole Eloi FRANC,10 RUE PIERRE SAUVAN,ENSEIGNEMENT ET FORMATION,Enseignement du premier degré,Ecole primaire,166.447826467842,-22.2974281428095,etablissements_publics_nc,39,1803,Anse Vata Est
municipales_2026,2,,,988,98818,Nouméa,NOUMEA,0007,1098,601,497,588,9,4,7,LDVD,,,,,Sonia LAGARDE AVEC VOUS POUR NOUMEA,404,36.79,68.71,,École Eloi FRANC 2,ECOLE ELOI FRANC,0.83,Ecole Eloi FRANC,10 RUE PIERRE SAUVAN,ENSEIGNEMENT ET FORMATION,Enseignement du premier degré,Ecole primaire,166.447826467842,-22.2974281428095,etablissements_publics_nc,39,1803,Anse Vata Est
municipales_2026,2,,,988,98818,Nouméa,NOUMEA,0008,1128,573,555,565,5,3,1,LLR,,,,,"Virginie RUFFENACH POUR NOUMEA, UNE ENERGIENOUVELLE",129,11.44,22.83,,École Fernande LERICHE 1,ECOLE FERNANDE LERICHE,0.836,Ecole Fernande LERICHE,13 RUE PIERRE SAUVAN,ENSEIGNEMENT ET FORMATION,Enseignement du premier degré,Ecole élémentaire,166.448431376266,-22.2984740950672,etablissements_publics_nc,39,1803,Anse Vata Est
municipales_2026,2,,,988,98818,Nouméa,NOUMEA,0008,1128,573,555,565,5,3,4,LDVC,,,,,Philippe DUNOYER Nouméa : l'après,37,3.28,6.55,,École Fernande LERICHE 1,ECOLE FERNANDE LERICHE,0.836,Ecole Fernande LERICHE,13 RUE PIERRE SAUVAN,ENSEIGNEMENT ET FORMATION,Enseignement du premier degré,Ecole élémentaire,166.448431376266,-22.2984740950672,etablissements_publics_nc,39,1803,Anse Vata Est
municipales_2026,2,,,988,98818,Nouméa,NOUMEA,0008,1128,573,555,565,5,3,7,LDVD,,,,,Sonia LAGARDE AVEC VOUS POUR NOUMEA,399,35.37,70.62,,École Fernande LERICHE 1,ECOLE FERNANDE LERICHE,0.836,Ecole Fernande LERICHE,13 RUE PIERRE SAUVAN,ENSEIGNEMENT ET FORMATION,Enseignement du premier degré,Ecole élémentaire,166.448431376266,-22.2984740950672,etablissements_publics_nc,39,1803,Anse Vata Est
municipales_2026,2,,,988,98818,Nouméa,NOUMEA,0009,1105,605,500,598,5,2,1,LLR,,,,,"Virginie RUFFENACH POUR NOUMEA, UNE ENERGIENOUVELLE",164,14.84,27.42,,École Fernande LERICHE 2,ECOLE FERNANDE LERICHE,0.836,Ecole Fernande LERICHE,13 RUE PIERRE SAUVAN,ENSEIGNEMENT ET FORMATION,Enseignement du premier degré,Ecole élémentaire,166.448431376266,-22.2984740950672,etablissements_publics_nc,39,1803,Anse Vata Est
municipales_2026,2,,,988,98818,Nouméa,NOUMEA,0009,1105,605,500,598,5,2,4,LDVC,,,,,Philippe DUNOYER Nouméa : l'après,40,3.62,6.69,,École Fernande LERICHE 2,ECOLE FERNANDE LERICHE,0.836,Ecole Fernande LERICHE,13 RUE PIERRE SAUVAN,ENSEIGNEMENT ET FORMATION,Enseignement du premier degré,Ecole élémentaire,166.448431376266,-22.2984740950672,etablissements_publics_nc,39,1803,Anse Vata Est
municipales_2026,2,,,988,98818,Nouméa,NOUMEA,0009,1105,605,500,598,5,2,7,LDVD,,,,,Sonia LAGARDE AVEC VOUS POUR NOUMEA,394,35.66,65.89,,École Fernande LERICHE 2,ECOLE FERNANDE LERICHE,0.836,Ecole Fernande LERICHE,13 RUE PIERRE SAUVAN,ENSEIGNEMENT ET FORMATION,Enseignement du premier degré,Ecole élémentaire,166.448431376266,-22.2984740950672,etablissements_publics_nc,39,1803,Anse Vata Est
municipales_2026,2,,,988,98818,Nouméa,NOUMEA,0010,1274,703,571,699,3,1,1,LLR,,,,,"Virginie RUFFENACH POUR NOUMEA, UNE ENERGIENOUVELLE",153,12.01,21.89,,École Jean MERMOUD 1,ECOLE JEAN MERMOUD,0.85,Ecole Jean MERMOUD,19 RUE MICHEL KAUMA,ENSEIGNEMENT ET FORMATION,Enseignement du premier degré,Ecole primaire,166.454827725543,-22.2956844604928,etablissements_publics_nc,43,1807,N'Géa
municipales_2026,2,,,988,98818,Nouméa,NOUMEA,0010,1274,703,571,699,3,1,4,LDVC,,,,,Philippe DUNOYER Nouméa : l'après,50,3.92,7.15,,École Jean MERMOUD 1,ECOLE JEAN MERMOUD,0.85,Ecole Jean MERMOUD,19 RUE MICHEL KAUMA,ENSEIGNEMENT ET FORMATION,Enseignement du premier degré,Ecole primaire,166.454827725543,-22.2956844604928,etablissements_publics_nc,43,1807,N'Géa
municipales_2026,2,,,988,98818,Nouméa,NOUMEA,0010,1274,703,571,699,3,1,7,LDVD,,,,,Sonia LAGARDE AVEC VOUS POUR NOUMEA,496,38.93,70.96,,École Jean MERMOUD 1,ECOLE JEAN MERMOUD,0.85,Ecole Jean MERMOUD,19 RUE MICHEL KAUMA,ENSEIGNEMENT ET FORMATION,Enseignement du premier degré,Ecole primaire,166.454827725543,-22.2956844604928,etablissements_publics_nc,43,1807,N'Géa
municipales_2026,2,,,988,98818,Nouméa,NOUMEA,0011,1303,778,525,768,9,1,1,LLR,,,,,"Virginie RUFFENACH POUR NOUMEA, UNE ENERGIENOUVELLE",202,15.5,26.3,,École Jean MERMOUD 2,ECOLE JEAN MERMOUD,0.85,Ecole Jean MERMOUD,19 RUE MICHEL KAUMA,ENSEIGNEMENT ET FORMATION,Enseignement du premier degré,Ecole primaire,166.454827725543,-22.2956844604928,etablissements_publics_nc,43,1807,N'Géa
municipales_2026,2,,,988,98818,Nouméa,NOUMEA,0011,1303,778,525,768,9,1,4,LDVC,,,,,Philippe DUNOYER Nouméa : l'après,42,3.22,5.47,,École Jean MERMOUD 2,ECOLE JEAN MERMOUD,0.85,Ecole Jean MERMOUD,19 RUE MICHEL KAUMA,ENSEIGNEMENT ET FORMATION,Enseignement du premier degré,Ecole primaire,166.454827725543,-22.2956844604928,etablissements_publics_nc,43,1807,N'Géa
municipales_2026,2,,,988,98818,Nouméa,NOUMEA,0011,1303,778,525,768,9,1,7,LDVD,,,,,Sonia LAGARDE AVEC VOUS POUR NOUMEA,524,40.21,68.23,,École Jean MERMOUD 2,ECOLE JEAN MERMOUD,0.85,Ecole Jean MERMOUD,19 RUE MICHEL KAUMA,ENSEIGNEMENT ET FORMATION,Enseignement du premier degré,Ecole primaire,166.454827725543,-22.2956844604928,etablissements_publics_nc,43,1807,N'Géa
municipales_2026,2,,,988,98818,Nouméa,NOUMEA,0012,1351,679,672,670,5,4,1,LLR,,,,,"Virginie RUFFENACH POUR NOUMEA, UNE ENERGIENOUVELLE",172,12.73,25.67,,École Ernest RISBEC 1,ECOLE ERNEST RISBEC,0.859,Ecole Ernest RISBEC,19 RUE DU COMMANDANT RIVIERE,ENSEIGNEMENT ET FORMATION,Enseignement du premier degré,Ecole primaire,166.451704940929,-22.2838445188063,etablissements_publics_nc,44,1808,Trianon
municipales_2026,2,,,988,98818,Nouméa,NOUMEA,0012,1351,679,672,670,5,4,4,LDVC,,,,,Philippe DUNOYER Nouméa : l'après,63,4.66,9.4,,École Ernest RISBEC 1,ECOLE ERNEST RISBEC,0.859,Ecole Ernest RISBEC,19 RUE DU COMMANDANT RIVIERE,ENSEIGNEMENT ET FORMATION,Enseignement du premier degré,Ecole primaire,166.451704940929,-22.2838445188063,etablissements_publics_nc,44,1808,Trianon
municipales_2026,2,,,988,98818,Nouméa,NOUMEA,0012,1351,679,672,670,5,4,7,LDVD,,,,,Sonia LAGARDE AVEC VOUS POUR NOUMEA,435,32.2,64.93,,École Ernest RISBEC 1,ECOLE ERNEST RISBEC,0.859,Ecole Ernest RISBEC,19 RUE DU COMMANDANT RIVIERE,ENSEIGNEMENT ET FORMATION,Enseignement du premier degré,Ecole primaire,166.451704940929,-22.2838445188063,etablissements_publics_nc,44,1808,Trianon
municipales_2026,2,,,988,98818,Nouméa,NOUMEA,0013,1067,546,521,540,4,2,1,LLR,,,,,"Virginie RUFFENACH POUR NOUMEA, UNE ENERGIENOUVELLE",127,11.9,23.52,,École Ernest RISBEC 2,ECOLE ERNEST RISBEC,0.859,Ecole Ernest RISBEC,19 RUE DU COMMANDANT RIVIERE,ENSEIGNEMENT ET FORMATION,Enseignement du premier degré,Ecole primaire,166.451704940929,-22.2838445188063,etablissements_publics_nc,44,1808,Trianon
municipales_2026,2,,,988,98818,Nouméa,NOUMEA,0013,1067,546,521,540,4,2,4,LDVC,,,,,Philippe DUNOYER Nouméa : l'après,57,5.34,10.56,,École Ernest RISBEC 2,ECOLE ERNEST RISBEC,0.859,Ecole Ernest RISBEC,19 RUE DU COMMANDANT RIVIERE,ENSEIGNEMENT ET FORMATION,Enseignement du premier degré,Ecole primaire,166.451704940929,-22.2838445188063,etablissements_publics_nc,44,1808,Trianon
municipales_2026,2,,,988,98818,Nouméa,NOUMEA,0013,1067,546,521,540,4,2,7,LDVD,,,,,Sonia LAGARDE AVEC VOUS POUR NOUMEA,356,33.36,65.93,,École Ernest RISBEC 2,ECOLE ERNEST RISBEC,0.859,Ecole Ernest RISBEC,19 RUE DU COMMANDANT RIVIERE,ENSEIGNEMENT ET FORMATION,Enseignement du premier degré,Ecole primaire,166.451704940929,-22.2838445188063,etablissements_publics_nc,44,1808,Trianon
municipales_2026,2,,,988,98818,Nouméa,NOUMEA,0014,1092,498,594,492,6,0,1,LLR,,,,,"Virginie RUFFENACH POUR NOUMEA, UNE ENERGIENOUVELLE",103,9.43,20.93,,École Paul BOYER 1,ECOLE PAUL BOYER,0.812,Ecole Paul BOYER,10 RUE BOUGAINVILLE,ENSEIGNEMENT ET FORMATION,Enseignement du premier degré,Groupe scolaire,166.452482969153,-22.2781620536236,etablissements_publics_nc,47,1811,Faubourg Blanchot
municipales_2026,2,,,988,98818,Nouméa,NOUMEA,0014,1092,498,594,492,6,0,4,LDVC,,,,,Philippe DUNOYER Nouméa : l'après,53,4.85,10.77,,École Paul BOYER 1,ECOLE PAUL BOYER,0.812,Ecole Paul BOYER,10 RUE BOUGAINVILLE,ENSEIGNEMENT ET FORMATION,Enseignement du premier degré,Groupe scolaire,166.452482969153,-22.2781620536236,etablissements_publics_nc,47,1811,Faubourg Blanchot
municipales_2026,2,,,988,98818,Nouméa,NOUMEA,0014,1092,498,594,492,6,0,7,LDVD,,,,,Sonia LAGARDE AVEC VOUS POUR NOUMEA,336,30.77,68.29,,École Paul BOYER 1,ECOLE PAUL BOYER,0.812,Ecole Paul BOYER,10 RUE BOUGAINVILLE,ENSEIGNEMENT ET FORMATION,Enseignement du premier degré,Groupe scolaire,166.452482969153,-22.2781620536236,etablissements_publics_nc,47,1811,Faubourg Blanchot
municipales_2026,2,,,988,98818,Nouméa,NOUMEA,0015,952,546,406,540,4,2,1,LLR,,,,,"Virginie RUFFENACH POUR NOUMEA, UNE ENERGIENOUVELLE",105,11.03,19.44,,École les CAPUCINES,ECOLE CAPUCINES,0.8,Ecole LES CAPUCINES,41 RUE TARAGNAT,ENSEIGNEMENT ET FORMATION,Enseignement du premier degré,Groupe scolaire,166.457228804171,-22.2753677119578,etablissements_publics_nc,49,1813,Vallée des Colons Sud Ouest
municipales_2026,2,,,988,98818,Nouméa,NOUMEA,0015,952,546,406,540,4,2,4,LDVC,,,,,Philippe DUNOYER Nouméa : l'après,49,5.15,9.07,,École les CAPUCINES,ECOLE CAPUCINES,0.8,Ecole LES CAPUCINES,41 RUE TARAGNAT,ENSEIGNEMENT ET FORMATION,Enseignement du premier degré,Groupe scolaire,166.457228804171,-22.2753677119578,etablissements_publics_nc,49,1813,Vallée des Colons Sud Ouest
municipales_2026,2,,,988,98818,Nouméa,NOUMEA,0015,952,546,406,540,4,2,7,LDVD,,,,,Sonia LAGARDE AVEC VOUS POUR NOUMEA,386,40.55,71.48,,École les CAPUCINES,ECOLE CAPUCINES,0.8,Ecole LES CAPUCINES,41 RUE TARAGNAT,ENSEIGNEMENT ET FORMATION,Enseignement du premier degré,Groupe scolaire,166.457228804171,-22.2753677119578,etablissements_publics_nc,49,1813,Vallée des Colons Sud Ouest
municipales_2026,2,,,988,98818,Nouméa,NOUMEA,0016,1082,546,536,534,7,5,1,LLR,,,,,"Virginie RUFFENACH POUR NOUMEA, UNE ENERGIENOUVELLE",103,9.52,19.29,,École Candide KOCH 1,ECOLE CANDIDE KOCH,0.833,Ecole Candide KOCH,33 RUE TARAGNAT,ENSEIGNEMENT ET FORMATION,Enseignement du premier degré,Groupe scolaire,166.456450040223,-22.2745660873879,etablissements_publics_nc,49,1813,Vallée des Colons Sud Ouest
municipales_2026,2,,,988,98818,Nouméa,NOUMEA,0016,1082,546,536,534,7,5,4,LDVC,,,,,Philippe DUNOYER Nouméa : l'après,61,5.64,11.42,,École Candide KOCH 1,ECOLE CANDIDE KOCH,0.833,Ecole Candide KOCH,33 RUE TARAGNAT,ENSEIGNEMENT ET FORMATION,Enseignement du premier degré,Groupe scolaire,166.456450040223,-22.2745660873879,etablissements_publics_nc,49,1813,Vallée des Colons Sud Ouest
municipales_2026,2,,,988,98818,Nouméa,NOUMEA,0016,1082,546,536,534,7,5,7,LDVD,,,,,Sonia LAGARDE AVEC VOUS POUR NOUMEA,370,34.2,69.29,,École Candide KOCH 1,ECOLE CANDIDE KOCH,0.833,Ecole Candide KOCH,33 RUE TARAGNAT,ENSEIGNEMENT ET FORMATION,Enseignement du premier degré,Groupe scolaire,166.456450040223,-22.2745660873879,etablissements_publics_nc,49,1813,Vallée des Colons Sud Ouest
municipales_2026,2,,,988,98818,Nouméa,NOUMEA,0017,1177,647,530,634,9,4,1,LLR,,,,,"Virginie RUFFENACH POUR NOUMEA, UNE ENERGIENOUVELLE",101,8.58,15.93,,École Candide KOCH 2,ECOLE CANDIDE KOCH,0.833,Ecole Candide KOCH,33 RUE TARAGNAT,ENSEIGNEMENT ET FORMATION,Enseignement du premier degré,Groupe scolaire,166.456450040223,-22.2745660873879,etablissements_publics_nc,49,1813,Vallée des Colons Sud Ouest
municipales_2026,2,,,988,98818,Nouméa,NOUMEA,0017,1177,647,530,634,9,4,4,LDVC,,,,,Philippe DUNOYER Nouméa : l'après,69,5.86,10.88,,École Candide KOCH 2,ECOLE CANDIDE KOCH,0.833,Ecole Candide KOCH,33 RUE TARAGNAT,ENSEIGNEMENT ET FORMATION,Enseignement du premier degré,Groupe scolaire,166.456450040223,-22.2745660873879,etablissements_publics_nc,49,1813,Vallée des Colons Sud Ouest
municipales_2026,2,,,988,98818,Nouméa,NOUMEA,0017,1177,647,530,634,9,4,7,LDVD,,,,,Sonia LAGARDE AVEC VOUS POUR NOUMEA,464,39.42,73.19,,École Candide KOCH 2,ECOLE CANDIDE KOCH,0.833,Ecole Candide KOCH,33 RUE TARAGNAT,ENSEIGNEMENT ET FORMATION,Enseignement du premier degré,Groupe scolaire,166.456450040223,-22.2745660873879,etablissements_publics_nc,49,1813,Vallée des Colons Sud Ouest
municipales_2026,2,,,988,98818,Nouméa,NOUMEA,0018,1038,538,500,529,7,2,1,LLR,,,,,"Virginie RUFFENACH POUR NOUMEA, UNE ENERGIENOUVELLE",112,10.79,21.17,,École Emily PANNE 1,ECOLE EMILY PANNE,0.841,Ecole Emily PANNE,115 RUE AUGUSTE BENEBIG,ENSEIGNEMENT ET FORMATION,Enseignement du premier degré,Ecole primaire,166.454860512437,-22.2689261325801,etablissements_publics_nc,56,1820,Vallée des Colons Nord Est
municipales_2026,2,,,988,98818,Nouméa,NOUMEA,0018,1038,538,500,529,7,2,4,LDVC,,,,,Philippe DUNOYER Nouméa : l'après,58,5.59,10.96,,École Emily PANNE 1,ECOLE EMILY PANNE,0.841,Ecole Emily PANNE,115 RUE AUGUSTE BENEBIG,ENSEIGNEMENT ET FORMATION,Enseignement du premier degré,Ecole primaire,166.454860512437,-22.2689261325801,etablissements_publics_nc,56,1820,Vallée des Colons Nord Est
municipales_2026,2,,,988,98818,Nouméa,NOUMEA,0018,1038,538,500,529,7,2,7,LDVD,,,,,Sonia LAGARDE AVEC VOUS POUR NOUMEA,359,34.59,67.86,,École Emily PANNE 1,ECOLE EMILY PANNE,0.841,Ecole Emily PANNE,115 RUE AUGUSTE BENEBIG,ENSEIGNEMENT ET FORMATION,Enseignement du premier degré,Ecole primaire,166.454860512437,-22.2689261325801,etablissements_publics_nc,56,1820,Vallée des Colons Nord Est
municipales_2026,2,,,988,98818,Nouméa,NOUMEA,0019,1171,583,588,566,15,2,1,LLR,,,,,"Virginie RUFFENACH POUR NOUMEA, UNE ENERGIENOUVELLE",126,10.76,22.26,,École Emily PANNE 2,ECOLE EMILY PANNE,0.841,Ecole Emily PANNE,115 RUE AUGUSTE BENEBIG,ENSEIGNEMENT ET FORMATION,Enseignement du premier degré,Ecole primaire,166.454860512437,-22.2689261325801,etablissements_publics_nc,56,1820,Vallée des Colons Nord Est
municipales_2026,2,,,988,98818,Nouméa,NOUMEA,0019,1171,583,588,566,15,2,4,LDVC,,,,,Philippe DUNOYER Nouméa : l'après,91,7.77,16.08,,École Emily PANNE 2,ECOLE EMILY PANNE,0.841,Ecole Emily PANNE,115 RUE AUGUSTE BENEBIG,ENSEIGNEMENT ET FORMATION,Enseignement du premier degré,Ecole primaire,166.454860512437,-22.2689261325801,etablissements_publics_nc,56,1820,Vallée des Colons Nord Est
municipales_2026,2,,,988,98818,Nouméa,NOUMEA,0019,1171,583,588,566,15,2,7,LDVD,,,,,Sonia LAGARDE AVEC VOUS POUR NOUMEA,349,29.8,61.66,,École Emily PANNE 2,ECOLE EMILY PANNE,0.841,Ecole Emily PANNE,115 RUE AUGUSTE BENEBIG,ENSEIGNEMENT ET FORMATION,Enseignement du premier degré,Ecole primaire,166.454860512437,-22.2689261325801,etablissements_publics_nc,56,1820,Vallée des Colons Nord Est
municipales_2026,2,,,988,98818,Nouméa,NOUMEA,0020,981,573,408,558,11,4,1,LLR,,,,,"Virginie RUFFENACH POUR NOUMEA, UNE ENERGIENOUVELLE",99,10.09,17.74,,École Antoinette CHARBONNEAUX,ECOLE ANTOINETTE CHARBONNEAUX,0.879,Ecole Antoinette CHARBONNEAUX,1 RUE ANDRE ROLLY,ENSEIGNEMENT ET FORMATION,Enseignement du premier degré,Ecole élémentaire,166.46666463723,-22.273716213111,etablissements_publics_nc,52,1816,Magenta Tours
municipales_2026,2,,,988,98818,Nouméa,NOUMEA,0020,981,573,408,558,11,4,4,LDVC,,,,,Philippe DUNOYER Nouméa : l'après,34,3.47,6.09,,École Antoinette CHARBONNEAUX,ECOLE ANTOINETTE CHARBONNEAUX,0.879,Ecole Antoinette CHARBONNEAUX,1 RUE ANDRE ROLLY,ENSEIGNEMENT ET FORMATION,Enseignement du premier degré,Ecole élémentaire,166.46666463723,-22.273716213111,etablissements_publics_nc,52,1816,Magenta Tours
municipales_2026,2,,,988,98818,Nouméa,NOUMEA,0020,981,573,408,558,11,4,7,LDVD,,,,,Sonia LAGARDE AVEC VOUS POUR NOUMEA,425,43.32,76.16,,École Antoinette CHARBONNEAUX,ECOLE ANTOINETTE CHARBONNEAUX,0.879,Ecole Antoinette CHARBONNEAUX,1 RUE ANDRE ROLLY,ENSEIGNEMENT ET FORMATION,Enseignement du premier degré,Ecole élémentaire,166.46666463723,-22.273716213111,etablissements_publics_nc,52,1816,Magenta Tours
municipales_2026,2,,,988,98818,Nouméa,NOUMEA,0021,1269,673,596,658,11,4,1,LLR,,,,,"Virginie RUFFENACH POUR NOUMEA, UNE ENERGIENOUVELLE",122,9.61,18.54,,École Marie HAVET 1,ECOLE MARIE HAVET,0.841,Ecole Marie HAVET,231 RUE ARNOLD DALY,ENSEIGNEMENT ET FORMATION,Enseignement du premier degré,Ecole primaire,166.471138313555,-22.2828880563017,etablissements_publics_nc,54,1818,Ouémo
municipales_2026,2,,,988,98818,Nouméa,NOUMEA,0021,1269,673,596,658,11,4,4,LDVC,,,,,Philippe DUNOYER Nouméa : l'après,51,4.02,7.75,,École Marie HAVET 1,ECOLE MARIE HAVET,0.841,Ecole Marie HAVET,231 RUE ARNOLD DALY,ENSEIGNEMENT ET FORMATION,Enseignement du premier degré,Ecole primaire,166.471138313555,-22.2828880563017,etablissements_publics_nc,54,1818,Ouémo
municipales_2026,2,,,988,98818,Nouméa,NOUMEA,0021,1269,673,596,658,11,4,7,LDVD,,,,,Sonia LAGARDE AVEC VOUS POUR NOUMEA,485,38.22,73.71,,École Marie HAVET 1,ECOLE MARIE HAVET,0.841,Ecole Marie HAVET,231 RUE ARNOLD DALY,ENSEIGNEMENT ET FORMATION,Enseignement du premier degré,Ecole primaire,166.471138313555,-22.2828880563017,etablissements_publics_nc,54,1818,Ouémo
municipales_2026,2,,,988,98818,Nouméa,NOUMEA,0022,1365,701,664,689,9,3,1,LLR,,,,,"Virginie RUFFENACH POUR NOUMEA, UNE ENERGIENOUVELLE",130,9.52,18.87,,École Marie HAVET 2,ECOLE MARIE HAVET,0.841,Ecole Marie HAVET,231 RUE ARNOLD DALY,ENSEIGNEMENT ET FORMATION,Enseignement du premier degré,Ecole primaire,166.471138313555,-22.2828880563017,etablissements_publics_nc,54,1818,Ouémo
municipales_2026,2,,,988,98818,Nouméa,NOUMEA,0022,1365,701,664,689,9,3,4,LDVC,,,,,Philippe DUNOYER Nouméa : l'après,53,3.88,7.69,,École Marie HAVET 2,ECOLE MARIE HAVET,0.841,Ecole Marie HAVET,231 RUE ARNOLD DALY,ENSEIGNEMENT ET FORMATION,Enseignement du premier degré,Ecole primaire,166.471138313555,-22.2828880563017,etablissements_publics_nc,54,1818,Ouémo
municipales_2026,2,,,988,98818,Nouméa,NOUMEA,0022,1365,701,664,689,9,3,7,LDVD,,,,,Sonia LAGARDE AVEC VOUS POUR NOUMEA,506,37.07,73.44,,École Marie HAVET 2,ECOLE MARIE HAVET,0.841,Ecole Marie HAVET,231 RUE ARNOLD DALY,ENSEIGNEMENT ET FORMATION,Enseignement du premier degré,Ecole primaire,166.471138313555,-22.2828880563017,etablissements_publics_nc,54,1818,Ouémo
municipales_2026,2,,,988,98818,Nouméa,NOUMEA,0023,1236,663,573,652,9,2,1,LLR,,,,,"Virginie RUFFENACH POUR NOUMEA, UNE ENERGIENOUVELLE",123,9.95,18.87,,École Christine BOLETTI 1,ECOLE CHRISTINE BOLETTI,0.792,Ecole Christine BOLETTI,10 RUE CHARLES STEINMETZ,ENSEIGNEMENT ET FORMATION,Enseignement du premier degré,Ecole pré-élémentaire,166.465990390657,-22.2661773380247,etablissements_publics_nc,63,1827,Aérodrome Sud
municipales_2026,2,,,988,98818,Nouméa,NOUMEA,0023,1236,663,573,652,9,2,4,LDVC,,,,,Philippe DUNOYER Nouméa : l'après,85,6.88,13.04,,École Christine BOLETTI 1,ECOLE CHRISTINE BOLETTI,0.792,Ecole Christine BOLETTI,10 RUE CHARLES STEINMETZ,ENSEIGNEMENT ET FORMATION,Enseignement du premier degré,Ecole pré-élémentaire,166.465990390657,-22.2661773380247,etablissements_publics_nc,63,1827,Aérodrome Sud
municipales_2026,2,,,988,98818,Nouméa,NOUMEA,0023,1236,663,573,652,9,2,7,LDVD,,,,,Sonia LAGARDE AVEC VOUS POUR NOUMEA,444,35.92,68.1,,École Christine BOLETTI 1,ECOLE CHRISTINE BOLETTI,0.792,Ecole Christine BOLETTI,10 RUE CHARLES STEINMETZ,ENSEIGNEMENT ET FORMATION,Enseignement du premier degré,Ecole pré-élémentaire,166.465990390657,-22.2661773380247,etablissements_publics_nc,63,1827,Aérodrome Sud
municipales_2026,2,,,988,98818,Nouméa,NOUMEA,0024,1210,469,741,449,12,8,1,LLR,,,,,"Virginie RUFFENACH POUR NOUMEA, UNE ENERGIENOUVELLE",70,5.79,15.59,,École Christine BOLETTI 2,ECOLE CHRISTINE BOLETTI,0.792,Ecole Christine BOLETTI,10 RUE CHARLES STEINMETZ,ENSEIGNEMENT ET FORMATION,Enseignement du premier degré,Ecole pré-élémentaire,166.465990390657,-22.2661773380247,etablissements_publics_nc,63,1827,Aérodrome Sud
municipales_2026,2,,,988,98818,Nouméa,NOUMEA,0024,1210,469,741,449,12,8,4,LDVC,,,,,Philippe DUNOYER Nouméa : l'après,136,11.24,30.29,,École Christine BOLETTI 2,ECOLE CHRISTINE BOLETTI,0.792,Ecole Christine BOLETTI,10 RUE CHARLES STEINMETZ,ENSEIGNEMENT ET FORMATION,Enseignement du premier degré,Ecole pré-élémentaire,166.465990390657,-22.2661773380247,etablissements_publics_nc,63,1827,Aérodrome Sud
municipales_2026,2,,,988,98818,Nouméa,NOUMEA,0024,1210,469,741,449,12,8,7,LDVD,,,,,Sonia LAGARDE AVEC VOUS POUR NOUMEA,243,20.08,54.12,,École Christine BOLETTI 2,ECOLE CHRISTINE BOLETTI,0.792,Ecole Christine BOLETTI,10 RUE CHARLES STEINMETZ,ENSEIGNEMENT ET FORMATION,Enseignement du premier degré,Ecole pré-élémentaire,166.465990390657,-22.2661773380247,etablissements_publics_nc,63,1827,Aérodrome Sud
municipales_2026,2,,,988,98818,Nouméa,NOUMEA,0025,1289,683,606,678,3,2,1,LLR,,,,,"Virginie RUFFENACH POUR NOUMEA, UNE ENERGIENOUVELLE",223,17.3,32.89,,École Michel CACOT 1,ECOLE MICHEL CACOT,0.85,Ecole Michel CACOT,231 RUE ARMAND OHLEN,ENSEIGNEMENT ET FORMATION,Enseignement du premier degré,Ecole primaire,166.463652223431,-22.2662199324801,etablissements_publics_nc,62,1826,Portes de Fer - Sud
municipales_2026,2,,,988,98818,Nouméa,NOUMEA,0025,1289,683,606,678,3,2,4,LDVC,,,,,Philippe DUNOYER Nouméa : l'après,76,5.9,11.21,,École Michel CACOT 1,ECOLE MICHEL CACOT,0.85,Ecole Michel CACOT,231 RUE ARMAND OHLEN,ENSEIGNEMENT ET FORMATION,Enseignement du premier degré,Ecole primaire,166.463652223431,-22.2662199324801,etablissements_publics_nc,62,1826,Portes de Fer - Sud
municipales_2026,2,,,988,98818,Nouméa,NOUMEA,0025,1289,683,606,678,3,2,7,LDVD,,,,,Sonia LAGARDE AVEC VOUS POUR NOUMEA,379,29.4,55.9,,École Michel CACOT 1,ECOLE MICHEL CACOT,0.85,Ecole Michel CACOT,231 RUE ARMAND OHLEN,ENSEIGNEMENT ET FORMATION,Enseignement du premier degré,Ecole primaire,166.463652223431,-22.2662199324801,etablissements_publics_nc,62,1826,Portes de Fer - Sud
municipales_2026,2,,,988,98818,Nouméa,NOUMEA,0026,1313,650,663,634,12,4,1,LLR,,,,,"Virginie RUFFENACH POUR NOUMEA, UNE ENERGIENOUVELLE",144,10.97,22.71,,École Michel CACOT 2,ECOLE MICHEL CACOT,0.85,Ecole Michel CACOT,231 RUE ARMAND OHLEN,ENSEIGNEMENT ET FORMATION,Enseignement du premier degré,Ecole primaire,166.463652223431,-22.2662199324801,etablissements_publics_nc,62,1826,Portes de Fer - Sud
municipales_2026,2,,,988,98818,Nouméa,NOUMEA,0026,1313,650,663,634,12,4,4,LDVC,,,,,Philippe DUNOYER Nouméa : l'après,73,5.56,11.51,,École Michel CACOT 2,ECOLE MICHEL CACOT,0.85,Ecole Michel CACOT,231 RUE ARMAND OHLEN,ENSEIGNEMENT ET FORMATION,Enseignement du premier degré,Ecole primaire,166.463652223431,-22.2662199324801,etablissements_publics_nc,62,1826,Portes de Fer - Sud
municipales_2026,2,,,988,98818,Nouméa,NOUMEA,0026,1313,650,663,634,12,4,7,LDVD,,,,,Sonia LAGARDE AVEC VOUS POUR NOUMEA,417,31.76,65.77,,École Michel CACOT 2,ECOLE MICHEL CACOT,0.85,Ecole Michel CACOT,231 RUE ARMAND OHLEN,ENSEIGNEMENT ET FORMATION,Enseignement du premier degré,Ecole primaire,166.463652223431,-22.2662199324801,etablissements_publics_nc,62,1826,Portes de Fer - Sud
municipales_2026,2,,,988,98818,Nouméa,NOUMEA,0027,1141,464,677,431,23,10,1,LLR,,,,,"Virginie RUFFENACH POUR NOUMEA, UNE ENERGIENOUVELLE",76,6.66,17.63,,École Céline TEYSSANDIER de LAUBAREDE,ECOLE CELINE TEYSSANDIER LAUBAREDE,0.933,Ecole primaire Céline TEYSSANDIER DE LAUBAREDE,29 ROUTE DES DEUX VALLEES - RUE JACQUES BARRAU,ENSEIGNEMENT ET FORMATION,Enseignement du premier degré,Ecole primaire,166.445705500987,-22.2640017751327,etablissements_publics_nc,60,1824,Vallée du Tir
municipales_2026,2,,,988,98818,Nouméa,NOUMEA,0027,1141,464,677,431,23,10,4,LDVC,,,,,Philippe DUNOYER Nouméa : l'après,151,13.23,35.03,,École Céline TEYSSANDIER de LAUBAREDE,ECOLE CELINE TEYSSANDIER LAUBAREDE,0.933,Ecole primaire Céline TEYSSANDIER DE LAUBAREDE,29 ROUTE DES DEUX VALLEES - RUE JACQUES BARRAU,ENSEIGNEMENT ET FORMATION,Enseignement du premier degré,Ecole primaire,166.445705500987,-22.2640017751327,etablissements_publics_nc,60,1824,Vallée du Tir
municipales_2026,2,,,988,98818,Nouméa,NOUMEA,0027,1141,464,677,431,23,10,7,LDVD,,,,,Sonia LAGARDE AVEC VOUS POUR NOUMEA,204,17.88,47.33,,École Céline TEYSSANDIER de LAUBAREDE,ECOLE CELINE TEYSSANDIER LAUBAREDE,0.933,Ecole primaire Céline TEYSSANDIER DE LAUBAREDE,29 ROUTE DES DEUX VALLEES - RUE JACQUES BARRAU,ENSEIGNEMENT ET FORMATION,Enseignement du premier degré,Ecole primaire,166.445705500987,-22.2640017751327,etablissements_publics_nc,60,1824,Vallée du Tir
municipales_2026,2,,,988,98818,Nouméa,NOUMEA,0028,1103,346,757,301,37,8,1,LLR,,,,,"Virginie RUFFENACH POUR NOUMEA, UNE ENERGIENOUVELLE",16,1.45,5.32,,École Gustave MOUCHET 1,ECOLE GUSTAVE MOUCHET,0.874,Ecole Gustave MOUCHET,8 RUE DES FRERES CHARPENTIER,ENSEIGNEMENT ET FORMATION,Enseignement du premier degré,Ecole primaire,166.454414703061,-22.2504501881193,etablissements_publics_nc,64,1828,Portes de Fer - Nord
municipales_2026,2,,,988,98818,Nouméa,NOUMEA,0028,1103,346,757,301,37,8,4,LDVC,,,,,Philippe DUNOYER Nouméa : l'après,165,14.96,54.82,,École Gustave MOUCHET 1,ECOLE GUSTAVE MOUCHET,0.874,Ecole Gustave MOUCHET,8 RUE DES FRERES CHARPENTIER,ENSEIGNEMENT ET FORMATION,Enseignement du premier degré,Ecole primaire,166.454414703061,-22.2504501881193,etablissements_publics_nc,64,1828,Portes de Fer - Nord
municipales_2026,2,,,988,98818,Nouméa,NOUMEA,0028,1103,346,757,301,37,8,7,LDVD,,,,,Sonia LAGARDE AVEC VOUS POUR NOUMEA,120,10.88,39.87,,École Gustave MOUCHET 1,ECOLE GUSTAVE MOUCHET,0.874,Ecole Gustave MOUCHET,8 RUE DES FRERES CHARPENTIER,ENSEIGNEMENT ET FORMATION,Enseignement du premier degré,Ecole primaire,166.454414703061,-22.2504501881193,etablissements_publics_nc,64,1828,Portes de Fer - Nord
municipales_2026,2,,,988,98818,Nouméa,NOUMEA,0029,1044,316,728,294,20,2,1,LLR,,,,,"Virginie RUFFENACH POUR NOUMEA, UNE ENERGIENOUVELLE",38,3.64,12.93,,École Gustave MOUCHET 2,ECOLE GUSTAVE MOUCHET,0.874,Ecole Gustave MOUCHET,8 RUE DES FRERES CHARPENTIER,ENSEIGNEMENT ET FORMATION,Enseignement du premier degré,Ecole primaire,166.454414703061,-22.2504501881193,etablissements_publics_nc,64,1828,Portes de Fer - Nord
municipales_2026,2,,,988,98818,Nouméa,NOUMEA,0029,1044,316,728,294,20,2,4,LDVC,,,,,Philippe DUNOYER Nouméa : l'après,122,11.69,41.5,,École Gustave MOUCHET 2,ECOLE GUSTAVE MOUCHET,0.874,Ecole Gustave MOUCHET,8 RUE DES FRERES CHARPENTIER,ENSEIGNEMENT ET FORMATION,Enseignement du premier degré,Ecole primaire,166.454414703061,-22.2504501881193,etablissements_publics_nc,64,1828,Portes de Fer - Nord
municipales_2026,2,,,988,98818,Nouméa,NOUMEA,0029,1044,316,728,294,20,2,7,LDVD,,,,,Sonia LAGARDE AVEC VOUS POUR NOUMEA,134,12.84,45.58,,École Gustave MOUCHET 2,ECOLE GUSTAVE MOUCHET,0.874,Ecole Gustave MOUCHET,8 RUE DES FRERES CHARPENTIER,ENSEIGNEMENT ET FORMATION,Enseignement du premier degré,Ecole primaire,166.454414703061,-22.2504501881193,etablissements_publics_nc,64,1828,Portes de Fer - Nord
municipales_2026,2,,,988,98818,Nouméa,NOUMEA,0030,1358,658,700,640,13,5,1,LLR,,,,,"Virginie RUFFENACH POUR NOUMEA, UNE ENERGIENOUVELLE",106,7.81,16.56,,École Mathilde BROQUET 1,ECOLE MATHILDE BROQUET,0.836,Ecole Mathilde BROQUET,24 RUE PIERRE ARTIGUE,ENSEIGNEMENT ET FORMATION,Enseignement du premier degré,Ecole élémentaire,166.467549840387,-22.256293239868,etablissements_publics_nc,63,1827,Aérodrome Sud
municipales_2026,2,,,988,98818,Nouméa,NOUMEA,0030,1358,658,700,640,13,5,4,LDVC,,,,,Philippe DUNOYER Nouméa : l'après,200,14.73,31.25,,École Mathilde BROQUET 1,ECOLE MATHILDE BROQUET,0.836,Ecole Mathilde BROQUET,24 RUE PIERRE ARTIGUE,ENSEIGNEMENT ET FORMATION,Enseignement du premier degré,Ecole élémentaire,166.467549840387,-22.256293239868,etablissements_publics_nc,63,1827,Aérodrome Sud
municipales_2026,2,,,988,98818,Nouméa,NOUMEA,0030,1358,658,700,640,13,5,7,LDVD,,,,,Sonia LAGARDE AVEC VOUS POUR NOUMEA,334,24.59,52.19,,École Mathilde BROQUET 1,ECOLE MATHILDE BROQUET,0.836,Ecole Mathilde BROQUET,24 RUE PIERRE ARTIGUE,ENSEIGNEMENT ET FORMATION,Enseignement du premier degré,Ecole élémentaire,166.467549840387,-22.256293239868,etablissements_publics_nc,63,1827,Aérodrome Sud
municipales_2026,2,,,988,98818,Nouméa,NOUMEA,0031,1443,696,747,672,16,8,1,LLR,,,,,"Virginie RUFFENACH POUR NOUMEA, UNE ENERGIENOUVELLE",116,8.04,17.26,,École Marie COURTOT 1,ECOLE MARIE COURTOT,0.859,Ecole Marie COURTOT,234 RUE JACQUES IEKAWE,ENSEIGNEMENT ET FORMATION,Enseignement du premier degré,Ecole primaire,166.470464378859,-22.2425220070829,etablissements_publics_nc,70,1834,PK 6 Nord
municipales_2026,2,,,988,98818,Nouméa,NOUMEA,0031,1443,696,747,672,16,8,4,LDVC,,,,,Philippe DUNOYER Nouméa : l'après,143,9.91,21.28,,École Marie COURTOT 1,ECOLE MARIE COURTOT,0.859,Ecole Marie COURTOT,234 RUE JACQUES IEKAWE,ENSEIGNEMENT ET FORMATION,Enseignement du premier degré,Ecole primaire,166.470464378859,-22.2425220070829,etablissements_publics_nc,70,1834,PK 6 Nord
municipales_2026,2,,,988,98818,Nouméa,NOUMEA,0031,1443,696,747,672,16,8,7,LDVD,,,,,Sonia LAGARDE AVEC VOUS POUR NOUMEA,413,28.62,61.46,,École Marie COURTOT 1,ECOLE MARIE COURTOT,0.859,Ecole Marie COURTOT,234 RUE JACQUES IEKAWE,ENSEIGNEMENT ET FORMATION,Enseignement du premier degré,Ecole primaire,166.470464378859,-22.2425220070829,etablissements_publics_nc,70,1834,PK 6 Nord
municipales_2026,2,,,988,98818,Nouméa,NOUMEA,0032,1075,659,416,648,9,2,1,LLR,,,,,"Virginie RUFFENACH POUR NOUMEA, UNE ENERGIENOUVELLE",151,14.05,23.3,,École Marie COURTOT 2,ECOLE MARIE COURTOT,0.859,Ecole Marie COURTOT,234 RUE JACQUES IEKAWE,ENSEIGNEMENT ET FORMATION,Enseignement du premier degré,Ecole primaire,166.470464378859,-22.2425220070829,etablissements_publics_nc,70,1834,PK 6 Nord
municipales_2026,2,,,988,98818,Nouméa,NOUMEA,0032,1075,659,416,648,9,2,4,LDVC,,,,,Philippe DUNOYER Nouméa : l'après,51,4.74,7.87,,École Marie COURTOT 2,ECOLE MARIE COURTOT,0.859,Ecole Marie COURTOT,234 RUE JACQUES IEKAWE,ENSEIGNEMENT ET FORMATION,Enseignement du premier degré,Ecole primaire,166.470464378859,-22.2425220070829,etablissements_publics_nc,70,1834,PK 6 Nord
municipales_2026,2,,,988,98818,Nouméa,NOUMEA,0032,1075,659,416,648,9,2,7,LDVD,,,,,Sonia LAGARDE AVEC VOUS POUR NOUMEA,446,41.49,68.83,,École Marie COURTOT 2,ECOLE MARIE COURTOT,0.859,Ecole Marie COURTOT,234 RUE JACQUES IEKAWE,ENSEIGNEMENT ET FORMATION,Enseignement du premier degré,Ecole primaire,166.470464378859,-22.2425220070829,etablissements_publics_nc,70,1834,PK 6 Nord
municipales_2026,2,,,988,98818,Nouméa,NOUMEA,0033,1023,433,590,413,17,3,1,LLR,,,,,"Virginie RUFFENACH POUR NOUMEA, UNE ENERGIENOUVELLE",40,3.91,9.69,,École Robert BURCK,ECOLE ROBERT BURCK,0.833,Ecole Robert BURCK,3 RUE DU CAPITAINE VIDAL,ENSEIGNEMENT ET FORMATION,Enseignement du premier degré,Groupe scolaire,166.463601949873,-22.2382604330193,etablissements_publics_nc,69,1833,Riviére Salée Sud
municipales_2026,2,,,988,98818,Nouméa,NOUMEA,0033,1023,433,590,413,17,3,4,LDVC,,,,,Philippe DUNOYER Nouméa : l'après,168,16.42,40.68,,École Robert BURCK,ECOLE ROBERT BURCK,0.833,Ecole Robert BURCK,3 RUE DU CAPITAINE VIDAL,ENSEIGNEMENT ET FORMATION,Enseignement du premier degré,Groupe scolaire,166.463601949873,-22.2382604330193,etablissements_publics_nc,69,1833,Riviére Salée Sud
municipales_2026,2,,,988,98818,Nouméa,NOUMEA,0033,1023,433,590,413,17,3,7,LDVD,,,,,Sonia LAGARDE AVEC VOUS POUR NOUMEA,205,20.04,49.64,,École Robert BURCK,ECOLE ROBERT BURCK,0.833,Ecole Robert BURCK,3 RUE DU CAPITAINE VIDAL,ENSEIGNEMENT ET FORMATION,Enseignement du premier degré,Groupe scolaire,166.463601949873,-22.2382604330193,etablissements_publics_nc,69,1833,Riviére Salée Sud
municipales_2026,2,,,988,98818,Nouméa,NOUMEA,0034,953,414,539,392,17,5,1,LLR,,,,,"Virginie RUFFENACH POUR NOUMEA, UNE ENERGIENOUVELLE",57,5.98,14.54,,École les ROSES,ECOLE ROSES,0.633,Ecole FILANTE,8 RUE MARCELLIN LACABANNE,ENSEIGNEMENT ET FORMATION,Enseignement du premier degré,Autre structure scolaire,166.443135087106,-22.2929071476207,etablissements_publics_nc,42,1806,Motor Pool - Receiving
municipales_2026,2,,,988,98818,Nouméa,NOUMEA,0034,953,414,539,392,17,5,4,LDVC,,,,,Philippe DUNOYER Nouméa : l'après,96,10.07,24.49,,École les ROSES,ECOLE ROSES,0.633,Ecole FILANTE,8 RUE MARCELLIN LACABANNE,ENSEIGNEMENT ET FORMATION,Enseignement du premier degré,Autre structure scolaire,166.443135087106,-22.2929071476207,etablissements_publics_nc,42,1806,Motor Pool - Receiving
municipales_2026,2,,,988,98818,Nouméa,NOUMEA,0034,953,414,539,392,17,5,7,LDVD,,,,,Sonia LAGARDE AVEC VOUS POUR NOUMEA,239,25.08,60.97,,École les ROSES,ECOLE ROSES,0.633,Ecole FILANTE,8 RUE MARCELLIN LACABANNE,ENSEIGNEMENT ET FORMATION,Enseignement du premier degré,Autre structure scolaire,166.443135087106,-22.2929071476207,etablissements_publics_nc,42,1806,Motor Pool - Receiving
municipales_2026,2,,,988,98818,Nouméa,NOUMEA,0035,952,442,510,427,10,5,1,LLR,,,,,"Virginie RUFFENACH POUR NOUMEA, UNE ENERGIENOUVELLE",55,5.78,12.88,,École les ŒILLETS,ECOLE ILLETS,0.77,Ecole FILANTE,8 RUE MARCELLIN LACABANNE,ENSEIGNEMENT ET FORMATION,Enseignement du premier degré,Autre structure scolaire,166.443135087106,-22.2929071476207,etablissements_publics_nc,42,1806,Motor Pool - Receiving
municipales_2026,2,,,988,98818,Nouméa,NOUMEA,0035,952,442,510,427,10,5,4,LDVC,,,,,Philippe DUNOYER Nouméa : l'après,117,12.29,27.4,,École les ŒILLETS,ECOLE ILLETS,0.77,Ecole FILANTE,8 RUE MARCELLIN LACABANNE,ENSEIGNEMENT ET FORMATION,Enseignement du premier degré,Autre structure scolaire,166.443135087106,-22.2929071476207,etablissements_publics_nc,42,1806,Motor Pool - Receiving
municipales_2026,2,,,988,98818,Nouméa,NOUMEA,0035,952,442,510,427,10,5,7,LDVD,,,,,Sonia LAGARDE AVEC VOUS POUR NOUMEA,255,26.79,59.72,,École les ŒILLETS,ECOLE ILLETS,0.77,Ecole FILANTE,8 RUE MARCELLIN LACABANNE,ENSEIGNEMENT ET FORMATION,Enseignement du premier degré,Autre structure scolaire,166.443135087106,-22.2929071476207,etablissements_publics_nc,42,1806,Motor Pool - Receiving
municipales_2026,2,,,988,98818,Nouméa,NOUMEA,0036,917,451,466,426,16,9,1,LLR,,,,,"Virginie RUFFENACH POUR NOUMEA, UNE ENERGIENOUVELLE",39,4.25,9.15,,École Jacques TROUILLOT,ECOLE JACQUES TROUILLOT,0.886,Ecole Jacques TROUILLOT,15 RUE NOELAT,ENSEIGNEMENT ET FORMATION,Enseignement du premier degré,Ecole primaire,166.471000599479,-22.2283599819501,etablissements_publics_nc,74,1838,Riviére Salée Nord Est
municipales_2026,2,,,988,98818,Nouméa,NOUMEA,0036,917,451,466,426,16,9,4,LDVC,,,,,Philippe DUNOYER Nouméa : l'après,150,16.36,35.21,,École Jacques TROUILLOT,ECOLE JACQUES TROUILLOT,0.886,Ecole Jacques TROUILLOT,15 RUE NOELAT,ENSEIGNEMENT ET FORMATION,Enseignement du premier degré,Ecole primaire,166.471000599479,-22.2283599819501,etablissements_publics_nc,74,1838,Riviére Salée Nord Est
municipales_2026,2,,,988,98818,Nouméa,NOUMEA,0036,917,451,466,426,16,9,7,LDVD,,,,,Sonia LAGARDE AVEC VOUS POUR NOUMEA,237,25.85,55.63,,École Jacques TROUILLOT,ECOLE JACQUES TROUILLOT,0.886,Ecole Jacques TROUILLOT,15 RUE NOELAT,ENSEIGNEMENT ET FORMATION,Enseignement du premier degré,Ecole primaire,166.471000599479,-22.2283599819501,etablissements_publics_nc,74,1838,Riviére Salée Nord Est
municipales_2026,2,,,988,98818,Nouméa,NOUMEA,0037,1459,527,932,503,19,5,1,LLR,,,,,"Virginie RUFFENACH POUR NOUMEA, UNE ENERGIENOUVELLE",27,1.85,5.37,,École Mauricette DEVAMBEZ 1,ECOLE MAURICETTE DEVAMBEZ,0.627,Ecole Michel AMIOT,12 RUE DE PRONY,ENSEIGNEMENT ET FORMATION,Enseignement du premier degré,Ecole primaire,166.468616034294,-22.2680303864914,etablissements_publics_nc,53,1817,Magenta Est
municipales_2026,2,,,988,98818,Nouméa,NOUMEA,0037,1459,527,932,503,19,5,4,LDVC,,,,,Philippe DUNOYER Nouméa : l'après,335,22.96,66.6,,École Mauricette DEVAMBEZ 1,ECOLE MAURICETTE DEVAMBEZ,0.627,Ecole Michel AMIOT,12 RUE DE PRONY,ENSEIGNEMENT ET FORMATION,Enseignement du premier degré,Ecole primaire,166.468616034294,-22.2680303864914,etablissements_publics_nc,53,1817,Magenta Est
municipales_2026,2,,,988,98818,Nouméa,NOUMEA,0037,1459,527,932,503,19,5,7,LDVD,,,,,Sonia LAGARDE AVEC VOUS POUR NOUMEA,141,9.66,28.03,,École Mauricette DEVAMBEZ 1,ECOLE MAURICETTE DEVAMBEZ,0.627,Ecole Michel AMIOT,12 RUE DE PRONY,ENSEIGNEMENT ET FORMATION,Enseignement du premier degré,Ecole primaire,166.468616034294,-22.2680303864914,etablissements_publics_nc,53,1817,Magenta Est
municipales_2026,2,,,988,98818,Nouméa,NOUMEA,0038,1299,625,674,601,21,3,1,LLR,,,,,"Virginie RUFFENACH POUR NOUMEA, UNE ENERGIENOUVELLE",82,6.31,13.64,,École Mauricette DEVAMBEZ 2,ECOLE MAURICETTE DEVAMBEZ,0.627,Ecole Michel AMIOT,12 RUE DE PRONY,ENSEIGNEMENT ET FORMATION,Enseignement du premier degré,Ecole primaire,166.468616034294,-22.2680303864914,etablissements_publics_nc,53,1817,Magenta Est
municipales_2026,2,,,988,98818,Nouméa,NOUMEA,0038,1299,625,674,601,21,3,4,LDVC,,,,,Philippe DUNOYER Nouméa : l'après,138,10.62,22.96,,École Mauricette DEVAMBEZ 2,ECOLE MAURICETTE DEVAMBEZ,0.627,Ecole Michel AMIOT,12 RUE DE PRONY,ENSEIGNEMENT ET FORMATION,Enseignement du premier degré,Ecole primaire,166.468616034294,-22.2680303864914,etablissements_publics_nc,53,1817,Magenta Est
municipales_2026,2,,,988,98818,Nouméa,NOUMEA,0038,1299,625,674,601,21,3,7,LDVD,,,,,Sonia LAGARDE AVEC VOUS POUR NOUMEA,381,29.33,63.39,,École Mauricette DEVAMBEZ 2,ECOLE MAURICETTE DEVAMBEZ,0.627,Ecole Michel AMIOT,12 RUE DE PRONY,ENSEIGNEMENT ET FORMATION,Enseignement du premier degré,Ecole primaire,166.468616034294,-22.2680303864914,etablissements_publics_nc,53,1817,Magenta Est
municipales_2026,2,,,988,98818,Nouméa,NOUMEA,0039,731,284,447,271,10,3,1,LLR,,,,,"Virginie RUFFENACH POUR NOUMEA, UNE ENERGIENOUVELLE",35,4.79,12.92,,École Adrienne LOMONT 1,ECOLE ADRIENNE LOMONT,0.874,Ecole Adrienne LOMONT,10B RUE DU MARECHAL LYAUTEY,ENSEIGNEMENT ET FORMATION,Enseignement du premier degré,Ecole primaire,166.484157216578,-22.2206462260252,etablissements_publics_nc,76,1840,Normandie Nord
municipales_2026,2,,,988,98818,Nouméa,NOUMEA,0039,731,284,447,271,10,3,4,LDVC,,,,,Philippe DUNOYER Nouméa : l'après,106,14.5,39.11,,École Adrienne LOMONT 1,ECOLE ADRIENNE LOMONT,0.874,Ecole Adrienne LOMONT,10B RUE DU MARECHAL LYAUTEY,ENSEIGNEMENT ET FORMATION,Enseignement du premier degré,Ecole primaire,166.484157216578,-22.2206462260252,etablissements_publics_nc,76,1840,Normandie Nord
municipales_2026,2,,,988,98818,Nouméa,NOUMEA,0039,731,284,447,271,10,3,7,LDVD,,,,,Sonia LAGARDE AVEC VOUS POUR NOUMEA,130,17.78,47.97,,École Adrienne LOMONT 1,ECOLE ADRIENNE LOMONT,0.874,Ecole Adrienne LOMONT,10B RUE DU MARECHAL LYAUTEY,ENSEIGNEMENT ET FORMATION,Enseignement du premier degré,Ecole primaire,166.484157216578,-22.2206462260252,etablissements_publics_nc,76,1840,Normandie Nord
municipales_2026,2,,,988,98818,Nouméa,NOUMEA,0040,1783,754,1029,716,26,12,1,LLR,,,,,"Virginie RUFFENACH POUR NOUMEA, UNE ENERGIENOUVELLE",137,7.68,19.13,,École Adrienne LOMONT 2,ECOLE ADRIENNE LOMONT,0.874,Ecole Adrienne LOMONT,10B RUE DU MARECHAL LYAUTEY,ENSEIGNEMENT ET FORMATION,Enseignement du premier degré,Ecole primaire,166.484157216578,-22.2206462260252,etablissements_publics_nc,76,1840,Normandie Nord
municipales_2026,2,,,988,98818,Nouméa,NOUMEA,0040,1783,754,1029,716,26,12,4,LDVC,,,,,Philippe DUNOYER Nouméa : l'après,197,11.05,27.51,,École Adrienne LOMONT 2,ECOLE ADRIENNE LOMONT,0.874,Ecole Adrienne LOMONT,10B RUE DU MARECHAL LYAUTEY,ENSEIGNEMENT ET FORMATION,Enseignement du premier degré,Ecole primaire,166.484157216578,-22.2206462260252,etablissements_publics_nc,76,1840,Normandie Nord
municipales_2026,2,,,988,98818,Nouméa,NOUMEA,0040,1783,754,1029,716,26,12,7,LDVD,,,,,Sonia LAGARDE AVEC VOUS POUR NOUMEA,382,21.42,53.35,,École Adrienne LOMONT 2,ECOLE ADRIENNE LOMONT,0.874,Ecole Adrienne LOMONT,10B RUE DU MARECHAL LYAUTEY,ENSEIGNEMENT ET FORMATION,Enseignement du premier degré,Ecole primaire,166.484157216578,-22.2206462260252,etablissements_publics_nc,76,1840,Normandie Nord
municipales_2026,2,,,988,98818,Nouméa,NOUMEA,0041,1173,535,638,506,27,2,1,LLR,,,,,"Virginie RUFFENACH POUR NOUMEA, UNE ENERGIENOUVELLE",61,5.2,12.06,,École Gustave LODS 1,ECOLE GUSTAVE LODS,0.85,Ecole Gustave LODS,63 RUE VARIN,ENSEIGNEMENT ET FORMATION,Enseignement du premier degré,Ecole primaire,166.435430928496,-22.2381371662114,etablissements_publics_nc,79,1843,Logicoop
municipales_2026,2,,,988,98818,Nouméa,NOUMEA,0041,1173,535,638,506,27,2,4,LDVC,,,,,Philippe DUNOYER Nouméa : l'après,190,16.2,37.55,,École Gustave LODS 1,ECOLE GUSTAVE LODS,0.85,Ecole Gustave LODS,63 RUE VARIN,ENSEIGNEMENT ET FORMATION,Enseignement du premier degré,Ecole primaire,166.435430928496,-22.2381371662114,etablissements_publics_nc,79,1843,Logicoop
municipales_2026,2,,,988,98818,Nouméa,NOUMEA,0041,1173,535,638,506,27,2,7,LDVD,,,,,Sonia LAGARDE AVEC VOUS POUR NOUMEA,255,21.74,50.4,,École Gustave LODS 1,ECOLE GUSTAVE LODS,0.85,Ecole Gustave LODS,63 RUE VARIN,ENSEIGNEMENT ET FORMATION,Enseignement du premier degré,Ecole primaire,166.435430928496,-22.2381371662114,etablissements_publics_nc,79,1843,Logicoop
municipales_2026,2,,,988,98818,Nouméa,NOUMEA,0042,1331,552,779,521,23,8,1,LLR,,,,,"Virginie RUFFENACH POUR NOUMEA, UNE ENERGIENOUVELLE",70,5.26,13.44,,École Gustave LODS 2,ECOLE GUSTAVE LODS,0.85,Ecole Gustave LODS,63 RUE VARIN,ENSEIGNEMENT ET FORMATION,Enseignement du premier degré,Ecole primaire,166.435430928496,-22.2381371662114,etablissements_publics_nc,79,1843,Logicoop
municipales_2026,2,,,988,98818,Nouméa,NOUMEA,0042,1331,552,779,521,23,8,4,LDVC,,,,,Philippe DUNOYER Nouméa : l'après,160,12.02,30.71,,École Gustave LODS 2,ECOLE GUSTAVE LODS,0.85,Ecole Gustave LODS,63 RUE VARIN,ENSEIGNEMENT ET FORMATION,Enseignement du premier degré,Ecole primaire,166.435430928496,-22.2381371662114,etablissements_publics_nc,79,1843,Logicoop
municipales_2026,2,,,988,98818,Nouméa,NOUMEA,0042,1331,552,779,521,23,8,7,LDVD,,,,,Sonia LAGARDE AVEC VOUS POUR NOUMEA,291,21.86,55.85,,École Gustave LODS 2,ECOLE GUSTAVE LODS,0.85,Ecole Gustave LODS,63 RUE VARIN,ENSEIGNEMENT ET FORMATION,Enseignement du premier degré,Ecole primaire,166.435430928496,-22.2381371662114,etablissements_publics_nc,79,1843,Logicoop
municipales_2026,2,,,988,98818,Nouméa,NOUMEA,0043,2008,800,1208,745,44,11,1,LLR,,,,,"Virginie RUFFENACH POUR NOUMEA, UNE ENERGIENOUVELLE",61,3.04,8.19,,École Daniel TALON,ECOLE DANIEL TALON,0.8,Ecole Daniel TALON,5 RUE PIERRE ISSAMATRO,ENSEIGNEMENT ET FORMATION,Enseignement du premier degré,Ecole élémentaire,166.429735177846,-22.2343498153878,etablissements_publics_nc,79,1843,Logicoop
municipales_2026,2,,,988,98818,Nouméa,NOUMEA,0043,2008,800,1208,745,44,11,4,LDVC,,,,,Philippe DUNOYER Nouméa : l'après,354,17.63,47.52,,École Daniel TALON,ECOLE DANIEL TALON,0.8,Ecole Daniel TALON,5 RUE PIERRE ISSAMATRO,ENSEIGNEMENT ET FORMATION,Enseignement du premier degré,Ecole élémentaire,166.429735177846,-22.2343498153878,etablissements_publics_nc,79,1843,Logicoop
municipales_2026,2,,,988,98818,Nouméa,NOUMEA,0043,2008,800,1208,745,44,11,7,LDVD,,,,,Sonia LAGARDE AVEC VOUS POUR NOUMEA,330,16.43,44.3,,École Daniel TALON,ECOLE DANIEL TALON,0.8,Ecole Daniel TALON,5 RUE PIERRE ISSAMATRO,ENSEIGNEMENT ET FORMATION,Enseignement du premier degré,Ecole élémentaire,166.429735177846,-22.2343498153878,etablissements_publics_nc,79,1843,Logicoop
municipales_2026,2,,,988,98818,Nouméa,NOUMEA,0044,1069,339,730,296,33,10,1,LLR,,,,,"Virginie RUFFENACH POUR NOUMEA, UNE ENERGIENOUVELLE",9,0.84,3.04,,École Louise VERGES,ECOLE LOUISE VERGES,0.615,Ecole Serge LAIGLE,7 RUE GEORGES LEQUES,ENSEIGNEMENT ET FORMATION,Enseignement du premier degré,Ecole primaire,166.486016745804,-22.2343408388225,etablissements_publics_nc,71,1835,Tina
municipales_2026,2,,,988,98818,Nouméa,NOUMEA,0044,1069,339,730,296,33,10,4,LDVC,,,,,Philippe DUNOYER Nouméa : l'après,191,17.87,64.53,,École Louise VERGES,ECOLE LOUISE VERGES,0.615,Ecole Serge LAIGLE,7 RUE GEORGES LEQUES,ENSEIGNEMENT ET FORMATION,Enseignement du premier degré,Ecole primaire,166.486016745804,-22.2343408388225,etablissements_publics_nc,71,1835,Tina
municipales_2026,2,,,988,98818,Nouméa,NOUMEA,0044,1069,339,730,296,33,10,7,LDVD,,,,,Sonia LAGARDE AVEC VOUS POUR NOUMEA,96,8.98,32.43,,École Louise VERGES,ECOLE LOUISE VERGES,0.615,Ecole Serge LAIGLE,7 RUE GEORGES LEQUES,ENSEIGNEMENT ET FORMATION,Enseignement du premier degré,Ecole primaire,166.486016745804,-22.2343408388225,etablissements_publics_nc,71,1835,Tina
municipales_2026,2,,,988,98818,Nouméa,NOUMEA,0045,1646,766,880,744,17,5,1,LLR,,,,,"Virginie RUFFENACH POUR NOUMEA, UNE ENERGIENOUVELLE",156,9.48,20.97,,École Mathilde BROQUET 2,ECOLE MATHILDE BROQUET,0.836,Ecole Mathilde BROQUET,24 RUE PIERRE ARTIGUE,ENSEIGNEMENT ET FORMATION,Enseignement du premier degré,Ecole élémentaire,166.467549840387,-22.256293239868,etablissements_publics_nc,63,1827,Aérodrome Sud
municipales_2026,2,,,988,98818,Nouméa,NOUMEA,0045,1646,766,880,744,17,5,4,LDVC,,,,,Philippe DUNOYER Nouméa : l'après,154,9.36,20.7,,École Mathilde BROQUET 2,ECOLE MATHILDE BROQUET,0.836,Ecole Mathilde BROQUET,24 RUE PIERRE ARTIGUE,ENSEIGNEMENT ET FORMATION,Enseignement du premier degré,Ecole élémentaire,166.467549840387,-22.256293239868,etablissements_publics_nc,63,1827,Aérodrome Sud
municipales_2026,2,,,988,98818,Nouméa,NOUMEA,0045,1646,766,880,744,17,5,7,LDVD,,,,,Sonia LAGARDE AVEC VOUS POUR NOUMEA,434,26.37,58.33,,École Mathilde BROQUET 2,ECOLE MATHILDE BROQUET,0.836,Ecole Mathilde BROQUET,24 RUE PIERRE ARTIGUE,ENSEIGNEMENT ET FORMATION,Enseignement du premier degré,Ecole élémentaire,166.467549840387,-22.256293239868,etablissements_publics_nc,63,1827,Aérodrome Sud
municipales_2026,2,,,988,98818,Nouméa,NOUMEA,0046,908,476,432,472,2,2,1,LLR,,,,,"Virginie RUFFENACH POUR NOUMEA, UNE ENERGIENOUVELLE",105,11.56,22.25,,École Yvonne DUPONT 2,ECOLE YVONNE DUPONT,0.98,Parc école Yvonne DUPONT,2 RUE MARCELLIN LACABANNE,PARC ESPACE PUBLIC ET LOISIR,Parcs et espaces verts,Parc,166.442173657352,-22.2926748814035,etablissements_publics_nc,42,1806,Motor Pool - Receiving
municipales_2026,2,,,988,98818,Nouméa,NOUMEA,0046,908,476,432,472,2,2,4,LDVC,,,,,Philippe DUNOYER Nouméa : l'après,42,4.63,8.9,,École Yvonne DUPONT 2,ECOLE YVONNE DUPONT,0.98,Parc école Yvonne DUPONT,2 RUE MARCELLIN LACABANNE,PARC ESPACE PUBLIC ET LOISIR,Parcs et espaces verts,Parc,166.442173657352,-22.2926748814035,etablissements_publics_nc,42,1806,Motor Pool - Receiving
municipales_2026,2,,,988,98818,Nouméa,NOUMEA,0046,908,476,432,472,2,2,7,LDVD,,,,,Sonia LAGARDE AVEC VOUS POUR NOUMEA,325,35.79,68.86,,École Yvonne DUPONT 2,ECOLE YVONNE DUPONT,0.98,Parc école Yvonne DUPONT,2 RUE MARCELLIN LACABANNE,PARC ESPACE PUBLIC ET LOISIR,Parcs et espaces verts,Parc,166.442173657352,-22.2926748814035,etablissements_publics_nc,42,1806,Motor Pool - Receiving
municipales_2026,2,,,988,98818,Nouméa,NOUMEA,0047,985,538,447,532,5,1,1,LLR,,,,,"Virginie RUFFENACH POUR NOUMEA, UNE ENERGIENOUVELLE",87,8.83,16.35,,École Paul BOYER 2,ECOLE PAUL BOYER,0.812,Ecole Paul BOYER,10 RUE BOUGAINVILLE,ENSEIGNEMENT ET FORMATION,Enseignement du premier degré,Groupe scolaire,166.452482969153,-22.2781620536236,etablissements_publics_nc,47,1811,Faubourg Blanchot
municipales_2026,2,,,988,98818,Nouméa,NOUMEA,0047,985,538,447,532,5,1,4,LDVC,,,,,Philippe DUNOYER Nouméa : l'après,45,4.57,8.46,,École Paul BOYER 2,ECOLE PAUL BOYER,0.812,Ecole Paul BOYER,10 RUE BOUGAINVILLE,ENSEIGNEMENT ET FORMATION,Enseignement du premier degré,Groupe scolaire,166.452482969153,-22.2781620536236,etablissements_publics_nc,47,1811,Faubourg Blanchot
municipales_2026,2,,,988,98818,Nouméa,NOUMEA,0047,985,538,447,532,5,1,7,LDVD,,,,,Sonia LAGARDE AVEC VOUS POUR NOUMEA,400,40.61,75.19,,École Paul BOYER 2,ECOLE PAUL BOYER,0.812,Ecole Paul BOYER,10 RUE BOUGAINVILLE,ENSEIGNEMENT ET FORMATION,Enseignement du premier degré,Groupe scolaire,166.452482969153,-22.2781620536236,etablissements_publics_nc,47,1811,Faubourg Blanchot
municipales_2026,2,,,988,98818,Nouméa,NOUMEA,0048,965,415,550,389,21,5,1,LLR,,,,,"Virginie RUFFENACH POUR NOUMEA, UNE ENERGIENOUVELLE",40,4.15,10.28,,École Marguerite ARSAPIN,ECOLE MARGUERITE ARSAPIN,0.74,Ecole Marguerite CARLIER,14 RUE DE BOUGAINVILLE,ENSEIGNEMENT ET FORMATION,Enseignement du premier degré,Groupe scolaire,166.454280714904,-22.2790060967446,etablissements_publics_nc,47,1811,Faubourg Blanchot
municipales_2026,2,,,988,98818,Nouméa,NOUMEA,0048,965,415,550,389,21,5,4,LDVC,,,,,Philippe DUNOYER Nouméa : l'après,145,15.03,37.28,,École Marguerite ARSAPIN,ECOLE MARGUERITE ARSAPIN,0.74,Ecole Marguerite CARLIER,14 RUE DE BOUGAINVILLE,ENSEIGNEMENT ET FORMATION,Enseignement du premier degré,Groupe scolaire,166.454280714904,-22.2790060967446,etablissements_publics_nc,47,1811,Faubourg Blanchot
municipales_2026,2,,,988,98818,Nouméa,NOUMEA,0048,965,415,550,389,21,5,7,LDVD,,,,,Sonia LAGARDE AVEC VOUS POUR NOUMEA,204,21.14,52.44,,École Marguerite ARSAPIN,ECOLE MARGUERITE ARSAPIN,0.74,Ecole Marguerite CARLIER,14 RUE DE BOUGAINVILLE,ENSEIGNEMENT ET FORMATION,Enseignement du premier degré,Groupe scolaire,166.454280714904,-22.2790060967446,etablissements_publics_nc,47,1811,Faubourg Blanchot
municipales_2026,2,,,988,98818,Nouméa,NOUMEA,0049,1174,609,565,596,9,4,1,LLR,,,,,"Virginie RUFFENACH POUR NOUMEA, UNE ENERGIENOUVELLE",159,13.54,26.68,,École les PERVENCHES,ECOLE PERVENCHES,0.717,Ecole LES PERVENCHES,4 RUE PIERRE ARTIGUE,ENSEIGNEMENT ET FORMATION,Enseignement du premier degré,Ecole pré-élémentaire,166.463935144665,-22.2575766179093,etablissements_publics_nc,62,1826,Portes de Fer - Sud
municipales_2026,2,,,988,98818,Nouméa,NOUMEA,0049,1174,609,565,596,9,4,4,LDVC,,,,,Philippe DUNOYER Nouméa : l'après,82,6.98,13.76,,École les PERVENCHES,ECOLE PERVENCHES,0.717,Ecole LES PERVENCHES,4 RUE PIERRE ARTIGUE,ENSEIGNEMENT ET FORMATION,Enseignement du premier degré,Ecole pré-élémentaire,166.463935144665,-22.2575766179093,etablissements_publics_nc,62,1826,Portes de Fer - Sud
municipales_2026,2,,,988,98818,Nouméa,NOUMEA,0049,1174,609,565,596,9,4,7,LDVD,,,,,Sonia LAGARDE AVEC VOUS POUR NOUMEA,355,30.24,59.56,,École les PERVENCHES,ECOLE PERVENCHES,0.717,Ecole LES PERVENCHES,4 RUE PIERRE ARTIGUE,ENSEIGNEMENT ET FORMATION,Enseignement du premier degré,Ecole pré-élémentaire,166.463935144665,-22.2575766179093,etablissements_publics_nc,62,1826,Portes de Fer - Sud
municipales_2026,2,,,988,98818,Nouméa,NOUMEA,0050,1711,615,1096,564,40,11,1,LLR,,,,,"Virginie RUFFENACH POUR NOUMEA, UNE ENERGIENOUVELLE",69,4.03,12.23,,École Albert PERRAUD,ECOLE ALBERT PERRAUD,0.866,Ecole Albert PERRAUD,1 RUE HENRI BAUDOEUF,ENSEIGNEMENT ET FORMATION,Enseignement du premier degré,Ecole primaire,166.467888234029,-22.2619636836771,etablissements_publics_nc,63,1827,Aérodrome Sud
municipales_2026,2,,,988,98818,Nouméa,NOUMEA,0050,1711,615,1096,564,40,11,4,LDVC,,,,,Philippe DUNOYER Nouméa : l'après,228,13.33,40.43,,École Albert PERRAUD,ECOLE ALBERT PERRAUD,0.866,Ecole Albert PERRAUD,1 RUE HENRI BAUDOEUF,ENSEIGNEMENT ET FORMATION,Enseignement du premier degré,Ecole primaire,166.467888234029,-22.2619636836771,etablissements_publics_nc,63,1827,Aérodrome Sud
municipales_2026,2,,,988,98818,Nouméa,NOUMEA,0050,1711,615,1096,564,40,11,7,LDVD,,,,,Sonia LAGARDE AVEC VOUS POUR NOUMEA,267,15.6,47.34,,École Albert PERRAUD,ECOLE ALBERT PERRAUD,0.866,Ecole Albert PERRAUD,1 RUE HENRI BAUDOEUF,ENSEIGNEMENT ET FORMATION,Enseignement du premier degré,Ecole primaire,166.467888234029,-22.2619636836771,etablissements_publics_nc,63,1827,Aérodrome Sud
municipales_2026,2,,,988,98818,Nouméa,NOUMEA,0051,1257,674,583,650,21,3,1,LLR,,,,,"Virginie RUFFENACH POUR NOUMEA, UNE ENERGIENOUVELLE",96,7.64,14.77,,École Michel AMIOT,ECOLE MICHEL AMIOT,0.85,Ecole Michel AMIOT,12 RUE DE PRONY,ENSEIGNEMENT ET FORMATION,Enseignement du premier degré,Ecole primaire,166.468616034294,-22.2680303864914,etablissements_publics_nc,53,1817,Magenta Est
municipales_2026,2,,,988,98818,Nouméa,NOUMEA,0051,1257,674,583,650,21,3,4,LDVC,,,,,Philippe DUNOYER Nouméa : l'après,109,8.67,16.77,,École Michel AMIOT,ECOLE MICHEL AMIOT,0.85,Ecole Michel AMIOT,12 RUE DE PRONY,ENSEIGNEMENT ET FORMATION,Enseignement du premier degré,Ecole primaire,166.468616034294,-22.2680303864914,etablissements_publics_nc,53,1817,Magenta Est
municipales_2026,2,,,988,98818,Nouméa,NOUMEA,0051,1257,674,583,650,21,3,7,LDVD,,,,,Sonia LAGARDE AVEC VOUS POUR NOUMEA,445,35.4,68.46,,École Michel AMIOT,ECOLE MICHEL AMIOT,0.85,Ecole Michel AMIOT,12 RUE DE PRONY,ENSEIGNEMENT ET FORMATION,Enseignement du premier degré,Ecole primaire,166.468616034294,-22.2680303864914,etablissements_publics_nc,53,1817,Magenta Est
municipales_2026,2,,,988,98818,Nouméa,NOUMEA,0052,1265,550,715,540,4,6,1,LLR,,,,,"Virginie RUFFENACH POUR NOUMEA, UNE ENERGIENOUVELLE",113,8.93,20.93,,École Charles BICHON,ECOLE CHARLES BICHON,0.819,Ecole Charles BICHON,82 AVENUE DU GENERAL DE GAULLE,ENSEIGNEMENT ET FORMATION,Enseignement du premier degré,Ecole élémentaire,166.443767790723,-22.2808132680625,etablissements_publics_nc,45,1809,Orphelinat
municipales_2026,2,,,988,98818,Nouméa,NOUMEA,0052,1265,550,715,540,4,6,4,LDVC,,,,,Philippe DUNOYER Nouméa : l'après,69,5.45,12.78,,École Charles BICHON,ECOLE CHARLES BICHON,0.819,Ecole Charles BICHON,82 AVENUE DU GENERAL DE GAULLE,ENSEIGNEMENT ET FORMATION,Enseignement du premier degré,Ecole élémentaire,166.443767790723,-22.2808132680625,etablissements_publics_nc,45,1809,Orphelinat
municipales_2026,2,,,988,98818,Nouméa,NOUMEA,0052,1265,550,715,540,4,6,7,LDVD,,,,,Sonia LAGARDE AVEC VOUS POUR NOUMEA,358,28.3,66.3,,École Charles BICHON,ECOLE CHARLES BICHON,0.819,Ecole Charles BICHON,82 AVENUE DU GENERAL DE GAULLE,ENSEIGNEMENT ET FORMATION,Enseignement du premier degré,Ecole élémentaire,166.443767790723,-22.2808132680625,etablissements_publics_nc,45,1809,Orphelinat
municipales_2026,2,,,988,98818,Nouméa,NOUMEA,0053,1371,687,684,678,7,2,1,LLR,,,,,"Virginie RUFFENACH POUR NOUMEA, UNE ENERGIENOUVELLE",141,10.28,20.8,,École les LYS,ECOLE LYS,0.686,Ecole FILANTE,8 RUE MARCELLIN LACABANNE,ENSEIGNEMENT ET FORMATION,Enseignement du premier degré,Autre structure scolaire,166.443135087106,-22.2929071476207,etablissements_publics_nc,42,1806,Motor Pool - Receiving
municipales_2026,2,,,988,98818,Nouméa,NOUMEA,0053,1371,687,684,678,7,2,4,LDVC,,,,,Philippe DUNOYER Nouméa : l'après,66,4.81,9.73,,École les LYS,ECOLE LYS,0.686,Ecole FILANTE,8 RUE MARCELLIN LACABANNE,ENSEIGNEMENT ET FORMATION,Enseignement du premier degré,Autre structure scolaire,166.443135087106,-22.2929071476207,etablissements_publics_nc,42,1806,Motor Pool - Receiving
municipales_2026,2,,,988,98818,Nouméa,NOUMEA,0053,1371,687,684,678,7,2,7,LDVD,,,,,Sonia LAGARDE AVEC VOUS POUR NOUMEA,471,34.35,69.47,,École les LYS,ECOLE LYS,0.686,Ecole FILANTE,8 RUE MARCELLIN LACABANNE,ENSEIGNEMENT ET FORMATION,Enseignement du premier degré,Autre structure scolaire,166.443135087106,-22.2929071476207,etablissements_publics_nc,42,1806,Motor Pool - Receiving
municipales_2026,2,,,988,98818,Nouméa,NOUMEA,0054,1284,585,699,557,19,9,1,LLR,,,,,"Virginie RUFFENACH POUR NOUMEA, UNE ENERGIENOUVELLE",106,8.26,19.03,,École le PETIT POUCET,ECOLE PETIT POUCET,0.762,Espace vert petit poucet,1 RUE DURMONT-D'URVILLE,PARC ESPACE PUBLIC ET LOISIR,Parcs et espaces verts,Espace vert,166.446452105063,-22.2638462676659,etablissements_publics_nc,60,1824,Vallée du Tir
municipales_2026,2,,,988,98818,Nouméa,NOUMEA,0054,1284,585,699,557,19,9,4,LDVC,,,,,Philippe DUNOYER Nouméa : l'après,116,9.03,20.83,,École le PETIT POUCET,ECOLE PETIT POUCET,0.762,Espace vert petit poucet,1 RUE DURMONT-D'URVILLE,PARC ESPACE PUBLIC ET LOISIR,Parcs et espaces verts,Espace vert,166.446452105063,-22.2638462676659,etablissements_publics_nc,60,1824,Vallée du Tir
municipales_2026,2,,,988,98818,Nouméa,NOUMEA,0054,1284,585,699,557,19,9,7,LDVD,,,,,Sonia LAGARDE AVEC VOUS POUR NOUMEA,335,26.09,60.14,,École le PETIT POUCET,ECOLE PETIT POUCET,0.762,Espace vert petit poucet,1 RUE DURMONT-D'URVILLE,PARC ESPACE PUBLIC ET LOISIR,Parcs et espaces verts,Espace vert,166.446452105063,-22.2638462676659,etablissements_publics_nc,60,1824,Vallée du Tir
municipales_2026,2,,,988,98818,Nouméa,NOUMEA,0055,1449,887,562,880,7,0,1,LLR,,,,,"Virginie RUFFENACH POUR NOUMEA, UNE ENERGIENOUVELLE",252,17.39,28.64,,École Serge LAIGLE,ECOLE SERGE LAIGLE,0.85,Ecole Serge LAIGLE,7 RUE GEORGES LEQUES,ENSEIGNEMENT ET FORMATION,Enseignement du premier degré,Ecole primaire,166.486016745804,-22.2343408388225,etablissements_publics_nc,71,1835,Tina
municipales_2026,2,,,988,98818,Nouméa,NOUMEA,0055,1449,887,562,880,7,0,4,LDVC,,,,,Philippe DUNOYER Nouméa : l'après,63,4.35,7.16,,École Serge LAIGLE,ECOLE SERGE LAIGLE,0.85,Ecole Serge LAIGLE,7 RUE GEORGES LEQUES,ENSEIGNEMENT ET FORMATION,Enseignement du premier degré,Ecole primaire,166.486016745804,-22.2343408388225,etablissements_publics_nc,71,1835,Tina
municipales_2026,2,,,988,98818,Nouméa,NOUMEA,0055,1449,887,562,880,7,0,7,LDVD,,,,,Sonia LAGARDE AVEC VOUS POUR NOUMEA,565,38.99,64.2,,École Serge LAIGLE,ECOLE SERGE LAIGLE,0.85,Ecole Serge LAIGLE,7 RUE GEORGES LEQUES,ENSEIGNEMENT ET FORMATION,Enseignement du premier degré,Ecole primaire,166.486016745804,-22.2343408388225,etablissements_publics_nc,71,1835,Tina
municipales_2026,2,,,988,98818,Nouméa,NOUMEA,0056,1675,749,926,725,18,6,1,LLR,,,,,"Virginie RUFFENACH POUR NOUMEA, UNE ENERGIENOUVELLE",143,8.54,19.72,,École Guy CHAMPMOREAU,ECOLE GUY CHAMPMOREAU,0.874,Ecole Guy CHAMPMOREAU,17 RUE PASCAL SIHAZE,ENSEIGNEMENT ET FORMATION,Enseignement du premier degré,Ecole primaire,166.452313565802,-22.2892161943525,etablissements_publics_nc,43,1807,N'Géa
municipales_2026,2,,,988,98818,Nouméa,NOUMEA,0056,1675,749,926,725,18,6,4,LDVC,,,,,Philippe DUNOYER Nouméa : l'après,103,6.15,14.21,,École Guy CHAMPMOREAU,ECOLE GUY CHAMPMOREAU,0.874,Ecole Guy CHAMPMOREAU,17 RUE PASCAL SIHAZE,ENSEIGNEMENT ET FORMATION,Enseignement du premier degré,Ecole primaire,166.452313565802,-22.2892161943525,etablissements_publics_nc,43,1807,N'Géa
municipales_2026,2,,,988,98818,Nouméa,NOUMEA,0056,1675,749,926,725,18,6,7,LDVD,,,,,Sonia LAGARDE AVEC VOUS POUR NOUMEA,479,28.6,66.07,,École Guy CHAMPMOREAU,ECOLE GUY CHAMPMOREAU,0.874,Ecole Guy CHAMPMOREAU,17 RUE PASCAL SIHAZE,ENSEIGNEMENT ET FORMATION,Enseignement du premier degré,Ecole primaire,166.452313565802,-22.2892161943525,etablissements_publics_nc,43,1807,N'Géa
municipales_2026,2,,,988,98818,Nouméa,NOUMEA,0057,83,2,81,2,0,0,1,LLR,,,,,"Virginie RUFFENACH POUR NOUMEA, UNE ENERGIENOUVELLE",1,1.2,50,,Mairie 3,MAIRIE,0.93,Hôtel de Ville de Nouméa,16 RUE DU GENERAL MANGIN,ADMINISTRATION ET ORGANISME,Administrations des collectivités,Administration de la commune de Nouméa,166.439401925184,-22.2714056104229,etablissements_publics_nc,58,1822,Centre ville
municipales_2026,2,,,988,98818,Nouméa,NOUMEA,0057,83,2,81,2,0,0,4,LDVC,,,,,Philippe DUNOYER Nouméa : l'après,0,0,0,,Mairie 3,MAIRIE,0.93,Hôtel de Ville de Nouméa,16 RUE DU GENERAL MANGIN,ADMINISTRATION ET ORGANISME,Administrations des collectivités,Administration de la commune de Nouméa,166.439401925184,-22.2714056104229,etablissements_publics_nc,58,1822,Centre ville
municipales_2026,2,,,988,98818,Nouméa,NOUMEA,0057,83,2,81,2,0,0,7,LDVD,,,,,Sonia LAGARDE AVEC VOUS POUR NOUMEA,1,1.2,50,,Mairie 3,MAIRIE,0.93,Hôtel de Ville de Nouméa,16 RUE DU GENERAL MANGIN,ADMINISTRATION ET ORGANISME,Administrations des collectivités,Administration de la commune de Nouméa,166.439401925184,-22.2714056104229,etablissements_publics_nc,58,1822,Centre ville
municipales_2026,2,,,988,98819,Ouégoa,OUEGOA,0001,844,652,192,630,11,11,1,,,,,,Elisse Zole OUAHIODYNAMIQUE UNITAIRE NOUVELLE POURL'INITIATIVE COMMUNALE - OUEGOA,405,47.99,64.29,,Mairie,MAIRIE,0.7,OUEGOA,Ouégoa,LIEU_DIT_NC,VILLE,,164.43943670837254,-20.34408534785039,tribus_villages_nc,82,1901,Ouégoa village - Balagam - Paraoua - Tarap
municipales_2026,2,,,988,98819,Ouégoa,OUEGOA,0001,844,652,192,630,11,11,2,,,,,,Barnabe Koé PEBOU HAMENEUNI,173,20.5,27.46,,Mairie,MAIRIE,0.7,OUEGOA,Ouégoa,LIEU_DIT_NC,VILLE,,164.43943670837254,-20.34408534785039,tribus_villages_nc,82,1901,Ouégoa village - Balagam - Paraoua - Tarap
municipales_2026,2,,,988,98819,Ouégoa,OUEGOA,0001,844,652,192,630,11,11,4,,,,,,Henri Steeve PEBOU-TIDJINEUNION CITOYENNE,52,6.16,8.25,,Mairie,MAIRIE,0.7,OUEGOA,Ouégoa,LIEU_DIT_NC,VILLE,,164.43943670837254,-20.34408534785039,tribus_villages_nc,82,1901,Ouégoa village - Balagam - Paraoua - Tarap
municipales_2026,2,,,988,98819,Ouégoa,OUEGOA,0002,854,629,225,626,3,0,1,,,,,,Elisse Zole OUAHIODYNAMIQUE UNITAIRE NOUVELLE POURL'INITIATIVE COMMUNALE - OUEGOA,78,9.13,12.46,,Bondé,BONDE,1,Bondé,Ouégoa,LIEU_DIT_NC,LDH,Bodé,164.4324943000077,-20.429158724947957,tribus_villages_nc,84,1903,Bondé
municipales_2026,2,,,988,98819,Ouégoa,OUEGOA,0002,854,629,225,626,3,0,2,,,,,,Barnabe Koé PEBOU HAMENEUNI,227,26.58,36.26,,Bondé,BONDE,1,Bondé,Ouégoa,LIEU_DIT_NC,LDH,Bodé,164.4324943000077,-20.429158724947957,tribus_villages_nc,84,1903,Bondé
municipales_2026,2,,,988,98819,Ouégoa,OUEGOA,0002,854,629,225,626,3,0,4,,,,,,Henri Steeve PEBOU-TIDJINEUNION CITOYENNE,321,37.59,51.28,,Bondé,BONDE,1,Bondé,Ouégoa,LIEU_DIT_NC,LDH,Bodé,164.4324943000077,-20.429158724947957,tribus_villages_nc,84,1903,Bondé
municipales_2026,2,,,988,98819,Ouégoa,OUEGOA,0003,382,242,140,242,0,0,1,,,,,,Elisse Zole OUAHIODYNAMIQUE UNITAIRE NOUVELLE POURL'INITIATIVE COMMUNALE - OUEGOA,12,3.14,4.96,,Paimboas,PAIMBOAS,0.99,Ouénia,Ouégoa,ARRETE_MANUAL,TRIBU,Wénya,164.52279333171543,-20.52170436626958,arrete_manual_tribus,84,1903,Bondé
municipales_2026,2,,,988,98819,Ouégoa,OUEGOA,0003,382,242,140,242,0,0,2,,,,,,Barnabe Koé PEBOU HAMENEUNI,144,37.7,59.5,,Paimboas,PAIMBOAS,0.99,Ouénia,Ouégoa,ARRETE_MANUAL,TRIBU,Wénya,164.52279333171543,-20.52170436626958,arrete_manual_tribus,84,1903,Bondé
municipales_2026,2,,,988,98819,Ouégoa,OUEGOA,0003,382,242,140,242,0,0,4,,,,,,Henri Steeve PEBOU-TIDJINEUNION CITOYENNE,86,22.51,35.54,,Paimboas,PAIMBOAS,0.99,Ouénia,Ouégoa,ARRETE_MANUAL,TRIBU,Wénya,164.52279333171543,-20.52170436626958,arrete_manual_tribus,84,1903,Bondé
municipales_2026,2,,,988,98819,Ouégoa,OUEGOA,0004,152,104,48,104,0,0,1,,,,,,Elisse Zole OUAHIODYNAMIQUE UNITAIRE NOUVELLE POURL'INITIATIVE COMMUNALE - OUEGOA,4,2.63,3.85,,Tiari,TIARI,1,Tiari,Ouégoa,LIEU_DIT_NC,TRIBU,Ciari,164.3468221527753,-20.245820839427363,tribus_villages_nc,83,1902,Pam - Tiari
municipales_2026,2,,,988,98819,Ouégoa,OUEGOA,0004,152,104,48,104,0,0,2,,,,,,Barnabe Koé PEBOU HAMENEUNI,40,26.32,38.46,,Tiari,TIARI,1,Tiari,Ouégoa,LIEU_DIT_NC,TRIBU,Ciari,164.3468221527753,-20.245820839427363,tribus_villages_nc,83,1902,Pam - Tiari
municipales_2026,2,,,988,98819,Ouégoa,OUEGOA,0004,152,104,48,104,0,0,4,,,,,,Henri Steeve PEBOU-TIDJINEUNION CITOYENNE,60,39.47,57.69,,Tiari,TIARI,1,Tiari,Ouégoa,LIEU_DIT_NC,TRIBU,Ciari,164.3468221527753,-20.245820839427363,tribus_villages_nc,83,1902,Pam - Tiari
municipales_2026,2,,,988,98820,Ouvéa,OUVEA,0001,963,609,354,605,1,3,1,,,,,,Maurice TILLEWAUC-FLNKS,303,31.46,50.08,,Mairie,MAIRIE,,,,,,,166.5351802059145,-20.652759156712985,arrete_manual_tribus,86,2002,Fayaoué
municipales_2026,2,,,988,98820,Ouvéa,OUVEA,0001,963,609,354,605,1,3,2,,,,,,Jean Joel IHILYUNITE NATIONALISTES FLNKS IAAI,126,13.08,20.83,,Mairie,MAIRIE,,,,,,,166.5351802059145,-20.652759156712985,arrete_manual_tribus,86,2002,Fayaoué
municipales_2026,2,,,988,98820,Ouvéa,OUVEA,0001,963,609,354,605,1,3,4,,,,,,Moïse BAOUMAUNI IAAI,176,18.28,29.09,,Mairie,MAIRIE,,,,,,,166.5351802059145,-20.652759156712985,arrete_manual_tribus,86,2002,Fayaoué
municipales_2026,2,,,988,98820,Ouvéa,OUVEA,0002,845,483,362,482,1,0,1,,,,,,Maurice TILLEWAUC-FLNKS,103,12.19,21.37,,Fayaoué,FAYAOUE,1,Fayaoué,Ouvéa,LIEU_DIT_NC,TRIBU,Fajawe,166.5351802059145,-20.652759156712985,tribus_villages_nc,86,2002,Fayaoué
municipales_2026,2,,,988,98820,Ouvéa,OUVEA,0002,845,483,362,482,1,0,2,,,,,,Jean Joel IHILYUNITE NATIONALISTES FLNKS IAAI,185,21.89,38.38,,Fayaoué,FAYAOUE,1,Fayaoué,Ouvéa,LIEU_DIT_NC,TRIBU,Fajawe,166.5351802059145,-20.652759156712985,tribus_villages_nc,86,2002,Fayaoué
municipales_2026,2,,,988,98820,Ouvéa,OUVEA,0002,845,483,362,482,1,0,4,,,,,,Moïse BAOUMAUNI IAAI,194,22.96,40.25,,Fayaoué,FAYAOUE,1,Fayaoué,Ouvéa,LIEU_DIT_NC,TRIBU,Fajawe,166.5351802059145,-20.652759156712985,tribus_villages_nc,86,2002,Fayaoué
municipales_2026,2,,,988,98820,Ouvéa,OUVEA,0003,550,390,160,389,1,0,1,,,,,,Maurice TILLEWAUC-FLNKS,266,48.36,68.38,,Heo,HEO,1,St Joseph,Ouvéa,LIEU_DIT_NC,TRIBU,Heo,166.60278918905198,-20.44905017069691,tribus_villages_nc,85,2001,Saint Joseph Gossanah Takedji
municipales_2026,2,,,988,98820,Ouvéa,OUVEA,0003,550,390,160,389,1,0,2,,,,,,Jean Joel IHILYUNITE NATIONALISTES FLNKS IAAI,104,18.91,26.74,,Heo,HEO,1,St Joseph,Ouvéa,LIEU_DIT_NC,TRIBU,Heo,166.60278918905198,-20.44905017069691,tribus_villages_nc,85,2001,Saint Joseph Gossanah Takedji
municipales_2026,2,,,988,98820,Ouvéa,OUVEA,0003,550,390,160,389,1,0,4,,,,,,Moïse BAOUMAUNI IAAI,19,3.45,4.88,,Heo,HEO,1,St Joseph,Ouvéa,LIEU_DIT_NC,TRIBU,Heo,166.60278918905198,-20.44905017069691,tribus_villages_nc,85,2001,Saint Joseph Gossanah Takedji
municipales_2026,2,,,988,98820,Ouvéa,OUVEA,0004,395,301,94,299,0,2,1,,,,,,Maurice TILLEWAUC-FLNKS,135,34.18,45.15,,Mouli,MOULI,1,Mouli,Ouvéa,LIEU_DIT_NC,TRIBU,Muli,166.42132025613634,-20.72325484847604,tribus_villages_nc,87,2003,Mouli
municipales_2026,2,,,988,98820,Ouvéa,OUVEA,0004,395,301,94,299,0,2,2,,,,,,Jean Joel IHILYUNITE NATIONALISTES FLNKS IAAI,161,40.76,53.85,,Mouli,MOULI,1,Mouli,Ouvéa,LIEU_DIT_NC,TRIBU,Muli,166.42132025613634,-20.72325484847604,tribus_villages_nc,87,2003,Mouli
municipales_2026,2,,,988,98820,Ouvéa,OUVEA,0004,395,301,94,299,0,2,4,,,,,,Moïse BAOUMAUNI IAAI,3,0.76,1,,Mouli,MOULI,1,Mouli,Ouvéa,LIEU_DIT_NC,TRIBU,Muli,166.42132025613634,-20.72325484847604,tribus_villages_nc,87,2003,Mouli
municipales_2026,2,,,988,98820,Ouvéa,OUVEA,0005,840,559,281,555,1,3,1,,,,,,Maurice TILLEWAUC-FLNKS,313,37.26,56.4,,Wénéki,WENEKI,1,Weneki,Ouvéa,LIEU_DIT_NC,TRIBU,,166.61213110267843,-20.44626073917101,tribus_villages_nc,85,2001,Saint Joseph Gossanah Takedji
municipales_2026,2,,,988,98820,Ouvéa,OUVEA,0005,840,559,281,555,1,3,2,,,,,,Jean Joel IHILYUNITE NATIONALISTES FLNKS IAAI,206,24.52,37.12,,Wénéki,WENEKI,1,Weneki,Ouvéa,LIEU_DIT_NC,TRIBU,,166.61213110267843,-20.44626073917101,tribus_villages_nc,85,2001,Saint Joseph Gossanah Takedji
municipales_2026,2,,,988,98820,Ouvéa,OUVEA,0005,840,559,281,555,1,3,4,,,,,,Moïse BAOUMAUNI IAAI,36,4.29,6.49,,Wénéki,WENEKI,1,Weneki,Ouvéa,LIEU_DIT_NC,TRIBU,,166.61213110267843,-20.44626073917101,tribus_villages_nc,85,2001,Saint Joseph Gossanah Takedji
municipales_2026,2,,,988,98820,Ouvéa,OUVEA,0006,451,277,174,272,3,2,1,,,,,,Maurice TILLEWAUC-FLNKS,114,25.28,41.91,,Ognahut,OGNAHUT,1,Ognahut,Ouvéa,LIEU_DIT_NC,TRIBU,Hanyââû,166.55961927804398,-20.65637156152609,tribus_villages_nc,86,2002,Fayaoué
municipales_2026,2,,,988,98820,Ouvéa,OUVEA,0006,451,277,174,272,3,2,2,,,,,,Jean Joel IHILYUNITE NATIONALISTES FLNKS IAAI,96,21.29,35.29,,Ognahut,OGNAHUT,1,Ognahut,Ouvéa,LIEU_DIT_NC,TRIBU,Hanyââû,166.55961927804398,-20.65637156152609,tribus_villages_nc,86,2002,Fayaoué
municipales_2026,2,,,988,98820,Ouvéa,OUVEA,0006,451,277,174,272,3,2,4,,,,,,Moïse BAOUMAUNI IAAI,62,13.75,22.79,,Ognahut,OGNAHUT,1,Ognahut,Ouvéa,LIEU_DIT_NC,TRIBU,Hanyââû,166.55961927804398,-20.65637156152609,tribus_villages_nc,86,2002,Fayaoué
municipales_2026,2,,,988,98820,Ouvéa,OUVEA,0007,299,248,51,248,0,0,1,,,,,,Maurice TILLEWAUC-FLNKS,149,49.83,60.08,,Lekine,LEKINE,1,Lekine,Ouvéa,LIEU_DIT_NC,TRIBU,Lekiny,166.49017173263093,-20.69359693939266,tribus_villages_nc,87,2003,Mouli
municipales_2026,2,,,988,98820,Ouvéa,OUVEA,0007,299,248,51,248,0,0,2,,,,,,Jean Joel IHILYUNITE NATIONALISTES FLNKS IAAI,95,31.77,38.31,,Lekine,LEKINE,1,Lekine,Ouvéa,LIEU_DIT_NC,TRIBU,Lekiny,166.49017173263093,-20.69359693939266,tribus_villages_nc,87,2003,Mouli
municipales_2026,2,,,988,98820,Ouvéa,OUVEA,0007,299,248,51,248,0,0,4,,,,,,Moïse BAOUMAUNI IAAI,4,1.34,1.61,,Lekine,LEKINE,1,Lekine,Ouvéa,LIEU_DIT_NC,TRIBU,Lekiny,166.49017173263093,-20.69359693939266,tribus_villages_nc,87,2003,Mouli
municipales_2026,2,,,988,98821,Païta,PAITA,0001,829,388,441,379,5,4,2,LDVD,,,,,Antoine ROMAIN Paita J'y crois,151,18.21,39.84,,Dock socio-culturel 1,DOCK SOCIO CULTUREL,0.973,Dock socioculturel,AVENUE JAMES PADDON,CULTUREL ET SOCIO EDUCATIF,Equipements culturels,Centre culturel maison culturelle et centre d'art,166.366370328351,-22.1294955354086,etablissements_publics_nc,91,2101,Paita centre
municipales_2026,2,,,988,98821,Païta,PAITA,0001,829,388,441,379,5,4,3,LDIV,,,,,Patrick GREPPO ESPRIT PAITA,31,3.74,8.18,,Dock socio-culturel 1,DOCK SOCIO CULTUREL,0.973,Dock socioculturel,AVENUE JAMES PADDON,CULTUREL ET SOCIO EDUCATIF,Equipements culturels,Centre culturel maison culturelle et centre d'art,166.366370328351,-22.1294955354086,etablissements_publics_nc,91,2101,Paita centre
municipales_2026,2,,,988,98821,Païta,PAITA,0001,829,388,441,379,5,4,5,LDVC,,,,,"Milakulo TUKUMULI PAÏTA,UN NOUVEAU SOUFFLE!",136,16.41,35.88,,Dock socio-culturel 1,DOCK SOCIO CULTUREL,0.973,Dock socioculturel,AVENUE JAMES PADDON,CULTUREL ET SOCIO EDUCATIF,Equipements culturels,Centre culturel maison culturelle et centre d'art,166.366370328351,-22.1294955354086,etablissements_publics_nc,91,2101,Paita centre
municipales_2026,2,,,988,98821,Païta,PAITA,0001,829,388,441,379,5,4,6,LREG,,,,,Nikita Aurélie GAIA EP ALOSIO LISTE CITOYENNE FLNKS PAITA,61,7.36,16.09,,Dock socio-culturel 1,DOCK SOCIO CULTUREL,0.973,Dock socioculturel,AVENUE JAMES PADDON,CULTUREL ET SOCIO EDUCATIF,Equipements culturels,Centre culturel maison culturelle et centre d'art,166.366370328351,-22.1294955354086,etablissements_publics_nc,91,2101,Paita centre
municipales_2026,2,,,988,98821,Païta,PAITA,0002,811,519,292,513,5,1,2,LDVD,,,,,Antoine ROMAIN Paita J'y crois,144,17.76,28.07,,Dock socio-culturel 2,DOCK SOCIO CULTUREL,0.973,Dock socioculturel,AVENUE JAMES PADDON,CULTUREL ET SOCIO EDUCATIF,Equipements culturels,Centre culturel maison culturelle et centre d'art,166.366370328351,-22.1294955354086,etablissements_publics_nc,91,2101,Paita centre
municipales_2026,2,,,988,98821,Païta,PAITA,0002,811,519,292,513,5,1,3,LDIV,,,,,Patrick GREPPO ESPRIT PAITA,18,2.22,3.51,,Dock socio-culturel 2,DOCK SOCIO CULTUREL,0.973,Dock socioculturel,AVENUE JAMES PADDON,CULTUREL ET SOCIO EDUCATIF,Equipements culturels,Centre culturel maison culturelle et centre d'art,166.366370328351,-22.1294955354086,etablissements_publics_nc,91,2101,Paita centre
municipales_2026,2,,,988,98821,Païta,PAITA,0002,811,519,292,513,5,1,5,LDVC,,,,,"Milakulo TUKUMULI PAÏTA,UN NOUVEAU SOUFFLE!",283,34.9,55.17,,Dock socio-culturel 2,DOCK SOCIO CULTUREL,0.973,Dock socioculturel,AVENUE JAMES PADDON,CULTUREL ET SOCIO EDUCATIF,Equipements culturels,Centre culturel maison culturelle et centre d'art,166.366370328351,-22.1294955354086,etablissements_publics_nc,91,2101,Paita centre
municipales_2026,2,,,988,98821,Païta,PAITA,0002,811,519,292,513,5,1,6,LREG,,,,,Nikita Aurélie GAIA EP ALOSIO LISTE CITOYENNE FLNKS PAITA,68,8.38,13.26,,Dock socio-culturel 2,DOCK SOCIO CULTUREL,0.973,Dock socioculturel,AVENUE JAMES PADDON,CULTUREL ET SOCIO EDUCATIF,Equipements culturels,Centre culturel maison culturelle et centre d'art,166.366370328351,-22.1294955354086,etablissements_publics_nc,91,2101,Paita centre
municipales_2026,2,,,988,98821,Païta,PAITA,0003,966,579,387,565,14,0,2,LDVD,,,,,Antoine ROMAIN Paita J'y crois,265,27.43,46.9,,Dock socio-culturel 3,DOCK SOCIO CULTUREL,0.973,Dock socioculturel,AVENUE JAMES PADDON,CULTUREL ET SOCIO EDUCATIF,Equipements culturels,Centre culturel maison culturelle et centre d'art,166.366370328351,-22.1294955354086,etablissements_publics_nc,91,2101,Paita centre
municipales_2026,2,,,988,98821,Païta,PAITA,0003,966,579,387,565,14,0,3,LDIV,,,,,Patrick GREPPO ESPRIT PAITA,51,5.28,9.03,,Dock socio-culturel 3,DOCK SOCIO CULTUREL,0.973,Dock socioculturel,AVENUE JAMES PADDON,CULTUREL ET SOCIO EDUCATIF,Equipements culturels,Centre culturel maison culturelle et centre d'art,166.366370328351,-22.1294955354086,etablissements_publics_nc,91,2101,Paita centre
municipales_2026,2,,,988,98821,Païta,PAITA,0003,966,579,387,565,14,0,5,LDVC,,,,,"Milakulo TUKUMULI PAÏTA,UN NOUVEAU SOUFFLE!",184,19.05,32.57,,Dock socio-culturel 3,DOCK SOCIO CULTUREL,0.973,Dock socioculturel,AVENUE JAMES PADDON,CULTUREL ET SOCIO EDUCATIF,Equipements culturels,Centre culturel maison culturelle et centre d'art,166.366370328351,-22.1294955354086,etablissements_publics_nc,91,2101,Paita centre
municipales_2026,2,,,988,98821,Païta,PAITA,0003,966,579,387,565,14,0,6,LREG,,,,,Nikita Aurélie GAIA EP ALOSIO LISTE CITOYENNE FLNKS PAITA,65,6.73,11.5,,Dock socio-culturel 3,DOCK SOCIO CULTUREL,0.973,Dock socioculturel,AVENUE JAMES PADDON,CULTUREL ET SOCIO EDUCATIF,Equipements culturels,Centre culturel maison culturelle et centre d'art,166.366370328351,-22.1294955354086,etablissements_publics_nc,91,2101,Paita centre
municipales_2026,2,,,988,98821,Païta,PAITA,0004,1009,575,434,563,11,1,2,LDVD,,,,,Antoine ROMAIN Paita J'y crois,317,31.42,56.31,,Dock socio-culturel 4,DOCK SOCIO CULTUREL,0.973,Dock socioculturel,AVENUE JAMES PADDON,CULTUREL ET SOCIO EDUCATIF,Equipements culturels,Centre culturel maison culturelle et centre d'art,166.366370328351,-22.1294955354086,etablissements_publics_nc,91,2101,Paita centre
municipales_2026,2,,,988,98821,Païta,PAITA,0004,1009,575,434,563,11,1,3,LDIV,,,,,Patrick GREPPO ESPRIT PAITA,37,3.67,6.57,,Dock socio-culturel 4,DOCK SOCIO CULTUREL,0.973,Dock socioculturel,AVENUE JAMES PADDON,CULTUREL ET SOCIO EDUCATIF,Equipements culturels,Centre culturel maison culturelle et centre d'art,166.366370328351,-22.1294955354086,etablissements_publics_nc,91,2101,Paita centre
municipales_2026,2,,,988,98821,Païta,PAITA,0004,1009,575,434,563,11,1,5,LDVC,,,,,"Milakulo TUKUMULI PAÏTA,UN NOUVEAU SOUFFLE!",154,15.26,27.35,,Dock socio-culturel 4,DOCK SOCIO CULTUREL,0.973,Dock socioculturel,AVENUE JAMES PADDON,CULTUREL ET SOCIO EDUCATIF,Equipements culturels,Centre culturel maison culturelle et centre d'art,166.366370328351,-22.1294955354086,etablissements_publics_nc,91,2101,Paita centre
municipales_2026,2,,,988,98821,Païta,PAITA,0004,1009,575,434,563,11,1,6,LREG,,,,,Nikita Aurélie GAIA EP ALOSIO LISTE CITOYENNE FLNKS PAITA,55,5.45,9.77,,Dock socio-culturel 4,DOCK SOCIO CULTUREL,0.973,Dock socioculturel,AVENUE JAMES PADDON,CULTUREL ET SOCIO EDUCATIF,Equipements culturels,Centre culturel maison culturelle et centre d'art,166.366370328351,-22.1294955354086,etablissements_publics_nc,91,2101,Paita centre
municipales_2026,2,,,988,98821,Païta,PAITA,0005,1004,624,380,603,12,9,2,LDVD,,,,,Antoine ROMAIN Paita J'y crois,310,30.88,51.41,,Dock socio-culturel 5,DOCK SOCIO CULTUREL,0.973,Dock socioculturel,AVENUE JAMES PADDON,CULTUREL ET SOCIO EDUCATIF,Equipements culturels,Centre culturel maison culturelle et centre d'art,166.366370328351,-22.1294955354086,etablissements_publics_nc,91,2101,Paita centre
municipales_2026,2,,,988,98821,Païta,PAITA,0005,1004,624,380,603,12,9,3,LDIV,,,,,Patrick GREPPO ESPRIT PAITA,43,4.28,7.13,,Dock socio-culturel 5,DOCK SOCIO CULTUREL,0.973,Dock socioculturel,AVENUE JAMES PADDON,CULTUREL ET SOCIO EDUCATIF,Equipements culturels,Centre culturel maison culturelle et centre d'art,166.366370328351,-22.1294955354086,etablissements_publics_nc,91,2101,Paita centre
municipales_2026,2,,,988,98821,Païta,PAITA,0005,1004,624,380,603,12,9,5,LDVC,,,,,"Milakulo TUKUMULI PAÏTA,UN NOUVEAU SOUFFLE!",186,18.53,30.85,,Dock socio-culturel 5,DOCK SOCIO CULTUREL,0.973,Dock socioculturel,AVENUE JAMES PADDON,CULTUREL ET SOCIO EDUCATIF,Equipements culturels,Centre culturel maison culturelle et centre d'art,166.366370328351,-22.1294955354086,etablissements_publics_nc,91,2101,Paita centre
municipales_2026,2,,,988,98821,Païta,PAITA,0005,1004,624,380,603,12,9,6,LREG,,,,,Nikita Aurélie GAIA EP ALOSIO LISTE CITOYENNE FLNKS PAITA,64,6.37,10.61,,Dock socio-culturel 5,DOCK SOCIO CULTUREL,0.973,Dock socioculturel,AVENUE JAMES PADDON,CULTUREL ET SOCIO EDUCATIF,Equipements culturels,Centre culturel maison culturelle et centre d'art,166.366370328351,-22.1294955354086,etablissements_publics_nc,91,2101,Paita centre
municipales_2026,2,,,988,98821,Païta,PAITA,0006,941,622,319,613,6,3,2,LDVD,,,,,Antoine ROMAIN Paita J'y crois,256,27.21,41.76,,Mairie,MAIRIE,0.98,Mairie de Païta,,ADMINISTRATION ET ORGANISME,Administrations des collectivités,Administration de la commune de Païta,166.361658608639,-22.1291986951984,etablissements_publics_nc,91,2101,Paita centre
municipales_2026,2,,,988,98821,Païta,PAITA,0006,941,622,319,613,6,3,3,LDIV,,,,,Patrick GREPPO ESPRIT PAITA,55,5.84,8.97,,Mairie,MAIRIE,0.98,Mairie de Païta,,ADMINISTRATION ET ORGANISME,Administrations des collectivités,Administration de la commune de Païta,166.361658608639,-22.1291986951984,etablissements_publics_nc,91,2101,Paita centre
municipales_2026,2,,,988,98821,Païta,PAITA,0006,941,622,319,613,6,3,5,LDVC,,,,,"Milakulo TUKUMULI PAÏTA,UN NOUVEAU SOUFFLE!",110,11.69,17.94,,Mairie,MAIRIE,0.98,Mairie de Païta,,ADMINISTRATION ET ORGANISME,Administrations des collectivités,Administration de la commune de Païta,166.361658608639,-22.1291986951984,etablissements_publics_nc,91,2101,Paita centre
municipales_2026,2,,,988,98821,Païta,PAITA,0006,941,622,319,613,6,3,6,LREG,,,,,Nikita Aurélie GAIA EP ALOSIO LISTE CITOYENNE FLNKS PAITA,192,20.4,31.32,,Mairie,MAIRIE,0.98,Mairie de Païta,,ADMINISTRATION ET ORGANISME,Administrations des collectivités,Administration de la commune de Païta,166.361658608639,-22.1291986951984,etablissements_publics_nc,91,2101,Paita centre
municipales_2026,2,,,988,98821,Païta,PAITA,0007,887,567,320,558,3,6,2,LDVD,,,,,Antoine ROMAIN Paita J'y crois,174,19.62,31.18,,École Vi Vete,ECOLE VI VETE,0.669,Ecole maternelle Vi-Vete,,ENSEIGNEMENT ET FORMATION,Enseignement du premier degré,Ecole pré-élémentaire,166.356291724406,-22.134484419519,etablissements_publics_nc,91,2101,Paita centre
municipales_2026,2,,,988,98821,Païta,PAITA,0007,887,567,320,558,3,6,3,LDIV,,,,,Patrick GREPPO ESPRIT PAITA,31,3.49,5.56,,École Vi Vete,ECOLE VI VETE,0.669,Ecole maternelle Vi-Vete,,ENSEIGNEMENT ET FORMATION,Enseignement du premier degré,Ecole pré-élémentaire,166.356291724406,-22.134484419519,etablissements_publics_nc,91,2101,Paita centre
municipales_2026,2,,,988,98821,Païta,PAITA,0007,887,567,320,558,3,6,5,LDVC,,,,,"Milakulo TUKUMULI PAÏTA,UN NOUVEAU SOUFFLE!",276,31.12,49.46,,École Vi Vete,ECOLE VI VETE,0.669,Ecole maternelle Vi-Vete,,ENSEIGNEMENT ET FORMATION,Enseignement du premier degré,Ecole pré-élémentaire,166.356291724406,-22.134484419519,etablissements_publics_nc,91,2101,Paita centre
municipales_2026,2,,,988,98821,Païta,PAITA,0007,887,567,320,558,3,6,6,LREG,,,,,Nikita Aurélie GAIA EP ALOSIO LISTE CITOYENNE FLNKS PAITA,77,8.68,13.8,,École Vi Vete,ECOLE VI VETE,0.669,Ecole maternelle Vi-Vete,,ENSEIGNEMENT ET FORMATION,Enseignement du premier degré,Ecole pré-élémentaire,166.356291724406,-22.134484419519,etablissements_publics_nc,91,2101,Paita centre
municipales_2026,2,,,988,98821,Païta,PAITA,0008,1077,648,429,636,9,3,2,LDVD,,,,,Antoine ROMAIN Paita J'y crois,353,32.78,55.5,,École James Paddon,ECOLE JAMES PADDON,0.8,Ecole James Paddon,,ENSEIGNEMENT ET FORMATION,Enseignement du premier degré,Ecole élémentaire,166.359353160601,-22.1337644237458,etablissements_publics_nc,91,2101,Paita centre
municipales_2026,2,,,988,98821,Païta,PAITA,0008,1077,648,429,636,9,3,3,LDIV,,,,,Patrick GREPPO ESPRIT PAITA,67,6.22,10.53,,École James Paddon,ECOLE JAMES PADDON,0.8,Ecole James Paddon,,ENSEIGNEMENT ET FORMATION,Enseignement du premier degré,Ecole élémentaire,166.359353160601,-22.1337644237458,etablissements_publics_nc,91,2101,Paita centre
municipales_2026,2,,,988,98821,Païta,PAITA,0008,1077,648,429,636,9,3,5,LDVC,,,,,"Milakulo TUKUMULI PAÏTA,UN NOUVEAU SOUFFLE!",156,14.48,24.53,,École James Paddon,ECOLE JAMES PADDON,0.8,Ecole James Paddon,,ENSEIGNEMENT ET FORMATION,Enseignement du premier degré,Ecole élémentaire,166.359353160601,-22.1337644237458,etablissements_publics_nc,91,2101,Paita centre
municipales_2026,2,,,988,98821,Païta,PAITA,0008,1077,648,429,636,9,3,6,LREG,,,,,Nikita Aurélie GAIA EP ALOSIO LISTE CITOYENNE FLNKS PAITA,60,5.57,9.43,,École James Paddon,ECOLE JAMES PADDON,0.8,Ecole James Paddon,,ENSEIGNEMENT ET FORMATION,Enseignement du premier degré,Ecole élémentaire,166.359353160601,-22.1337644237458,etablissements_publics_nc,91,2101,Paita centre
municipales_2026,2,,,988,98821,Païta,PAITA,0009,919,541,378,533,8,0,2,LDVD,,,,,Antoine ROMAIN Paita J'y crois,114,12.4,21.39,,École élémentaire Scheffleras 1,ECOLE ELEMENTAIRE SCHEFFLERAS,1,Ecole Scheffleras,,ENSEIGNEMENT ET FORMATION,Enseignement du premier degré,Ecole élémentaire,166.36989887391,-22.1257398247667,etablissements_publics_nc,92,2102,Scheffleras
municipales_2026,2,,,988,98821,Païta,PAITA,0009,919,541,378,533,8,0,3,LDIV,,,,,Patrick GREPPO ESPRIT PAITA,29,3.16,5.44,,École élémentaire Scheffleras 1,ECOLE ELEMENTAIRE SCHEFFLERAS,1,Ecole Scheffleras,,ENSEIGNEMENT ET FORMATION,Enseignement du premier degré,Ecole élémentaire,166.36989887391,-22.1257398247667,etablissements_publics_nc,92,2102,Scheffleras
municipales_2026,2,,,988,98821,Païta,PAITA,0009,919,541,378,533,8,0,5,LDVC,,,,,"Milakulo TUKUMULI PAÏTA,UN NOUVEAU SOUFFLE!",289,31.45,54.22,,École élémentaire Scheffleras 1,ECOLE ELEMENTAIRE SCHEFFLERAS,1,Ecole Scheffleras,,ENSEIGNEMENT ET FORMATION,Enseignement du premier degré,Ecole élémentaire,166.36989887391,-22.1257398247667,etablissements_publics_nc,92,2102,Scheffleras
municipales_2026,2,,,988,98821,Païta,PAITA,0009,919,541,378,533,8,0,6,LREG,,,,,Nikita Aurélie GAIA EP ALOSIO LISTE CITOYENNE FLNKS PAITA,101,10.99,18.95,,École élémentaire Scheffleras 1,ECOLE ELEMENTAIRE SCHEFFLERAS,1,Ecole Scheffleras,,ENSEIGNEMENT ET FORMATION,Enseignement du premier degré,Ecole élémentaire,166.36989887391,-22.1257398247667,etablissements_publics_nc,92,2102,Scheffleras
municipales_2026,2,,,988,98821,Païta,PAITA,0010,1034,590,444,576,12,2,2,LDVD,,,,,Antoine ROMAIN Paita J'y crois,183,17.7,31.77,,École élémentaire Scheffleras 2,ECOLE ELEMENTAIRE SCHEFFLERAS,1,Ecole Scheffleras,,ENSEIGNEMENT ET FORMATION,Enseignement du premier degré,Ecole élémentaire,166.36989887391,-22.1257398247667,etablissements_publics_nc,92,2102,Scheffleras
municipales_2026,2,,,988,98821,Païta,PAITA,0010,1034,590,444,576,12,2,3,LDIV,,,,,Patrick GREPPO ESPRIT PAITA,36,3.48,6.25,,École élémentaire Scheffleras 2,ECOLE ELEMENTAIRE SCHEFFLERAS,1,Ecole Scheffleras,,ENSEIGNEMENT ET FORMATION,Enseignement du premier degré,Ecole élémentaire,166.36989887391,-22.1257398247667,etablissements_publics_nc,92,2102,Scheffleras
municipales_2026,2,,,988,98821,Païta,PAITA,0010,1034,590,444,576,12,2,5,LDVC,,,,,"Milakulo TUKUMULI PAÏTA,UN NOUVEAU SOUFFLE!",264,25.53,45.83,,École élémentaire Scheffleras 2,ECOLE ELEMENTAIRE SCHEFFLERAS,1,Ecole Scheffleras,,ENSEIGNEMENT ET FORMATION,Enseignement du premier degré,Ecole élémentaire,166.36989887391,-22.1257398247667,etablissements_publics_nc,92,2102,Scheffleras
municipales_2026,2,,,988,98821,Païta,PAITA,0010,1034,590,444,576,12,2,6,LREG,,,,,Nikita Aurélie GAIA EP ALOSIO LISTE CITOYENNE FLNKS PAITA,93,8.99,16.15,,École élémentaire Scheffleras 2,ECOLE ELEMENTAIRE SCHEFFLERAS,1,Ecole Scheffleras,,ENSEIGNEMENT ET FORMATION,Enseignement du premier degré,Ecole élémentaire,166.36989887391,-22.1257398247667,etablissements_publics_nc,92,2102,Scheffleras
municipales_2026,2,,,988,98821,Païta,PAITA,0011,913,559,354,550,6,3,2,LDVD,,,,,Antoine ROMAIN Paita J'y crois,217,23.77,39.45,,École maternelle Scheffleras 1,ECOLE MATERNELLE SCHEFFLERAS,0.787,Ecole Scheffleras,,ENSEIGNEMENT ET FORMATION,Enseignement du premier degré,Ecole élémentaire,166.36989887391,-22.1257398247667,etablissements_publics_nc,92,2102,Scheffleras
municipales_2026,2,,,988,98821,Païta,PAITA,0011,913,559,354,550,6,3,3,LDIV,,,,,Patrick GREPPO ESPRIT PAITA,56,6.13,10.18,,École maternelle Scheffleras 1,ECOLE MATERNELLE SCHEFFLERAS,0.787,Ecole Scheffleras,,ENSEIGNEMENT ET FORMATION,Enseignement du premier degré,Ecole élémentaire,166.36989887391,-22.1257398247667,etablissements_publics_nc,92,2102,Scheffleras
municipales_2026,2,,,988,98821,Païta,PAITA,0011,913,559,354,550,6,3,5,LDVC,,,,,"Milakulo TUKUMULI PAÏTA,UN NOUVEAU SOUFFLE!",226,24.75,41.09,,École maternelle Scheffleras 1,ECOLE MATERNELLE SCHEFFLERAS,0.787,Ecole Scheffleras,,ENSEIGNEMENT ET FORMATION,Enseignement du premier degré,Ecole élémentaire,166.36989887391,-22.1257398247667,etablissements_publics_nc,92,2102,Scheffleras
municipales_2026,2,,,988,98821,Païta,PAITA,0011,913,559,354,550,6,3,6,LREG,,,,,Nikita Aurélie GAIA EP ALOSIO LISTE CITOYENNE FLNKS PAITA,51,5.59,9.27,,École maternelle Scheffleras 1,ECOLE MATERNELLE SCHEFFLERAS,0.787,Ecole Scheffleras,,ENSEIGNEMENT ET FORMATION,Enseignement du premier degré,Ecole élémentaire,166.36989887391,-22.1257398247667,etablissements_publics_nc,92,2102,Scheffleras
municipales_2026,2,,,988,98821,Païta,PAITA,0012,846,521,325,506,12,3,2,LDVD,,,,,Antoine ROMAIN Paita J'y crois,251,29.67,49.6,,École maternelle Scheffleras 2,ECOLE MATERNELLE SCHEFFLERAS,0.787,Ecole Scheffleras,,ENSEIGNEMENT ET FORMATION,Enseignement du premier degré,Ecole élémentaire,166.36989887391,-22.1257398247667,etablissements_publics_nc,92,2102,Scheffleras
municipales_2026,2,,,988,98821,Païta,PAITA,0012,846,521,325,506,12,3,3,LDIV,,,,,Patrick GREPPO ESPRIT PAITA,80,9.46,15.81,,École maternelle Scheffleras 2,ECOLE MATERNELLE SCHEFFLERAS,0.787,Ecole Scheffleras,,ENSEIGNEMENT ET FORMATION,Enseignement du premier degré,Ecole élémentaire,166.36989887391,-22.1257398247667,etablissements_publics_nc,92,2102,Scheffleras
municipales_2026,2,,,988,98821,Païta,PAITA,0012,846,521,325,506,12,3,5,LDVC,,,,,"Milakulo TUKUMULI PAÏTA,UN NOUVEAU SOUFFLE!",129,15.25,25.49,,École maternelle Scheffleras 2,ECOLE MATERNELLE SCHEFFLERAS,0.787,Ecole Scheffleras,,ENSEIGNEMENT ET FORMATION,Enseignement du premier degré,Ecole élémentaire,166.36989887391,-22.1257398247667,etablissements_publics_nc,92,2102,Scheffleras
municipales_2026,2,,,988,98821,Païta,PAITA,0012,846,521,325,506,12,3,6,LREG,,,,,Nikita Aurélie GAIA EP ALOSIO LISTE CITOYENNE FLNKS PAITA,46,5.44,9.09,,École maternelle Scheffleras 2,ECOLE MATERNELLE SCHEFFLERAS,0.787,Ecole Scheffleras,,ENSEIGNEMENT ET FORMATION,Enseignement du premier degré,Ecole élémentaire,166.36989887391,-22.1257398247667,etablissements_publics_nc,92,2102,Scheffleras
municipales_2026,2,,,988,98821,Païta,PAITA,0013,793,444,349,428,13,3,2,LDVD,,,,,Antoine ROMAIN Paita J'y crois,185,23.33,43.22,,École primaire Jean Ounou COTTIN 1,ECOLE PRIMAIRE JEAN OUNOU COTTIN,0.8,Groupe scolaire Jean Ounou COTTIN,,ENSEIGNEMENT ET FORMATION,Enseignement du premier degré,Groupe scolaire,166.265966445473,-22.0605318544913,etablissements_publics_nc,96,2106,Tamoa Bangou Saint Laurent
municipales_2026,2,,,988,98821,Païta,PAITA,0013,793,444,349,428,13,3,3,LDIV,,,,,Patrick GREPPO ESPRIT PAITA,87,10.97,20.33,,École primaire Jean Ounou COTTIN 1,ECOLE PRIMAIRE JEAN OUNOU COTTIN,0.8,Groupe scolaire Jean Ounou COTTIN,,ENSEIGNEMENT ET FORMATION,Enseignement du premier degré,Groupe scolaire,166.265966445473,-22.0605318544913,etablissements_publics_nc,96,2106,Tamoa Bangou Saint Laurent
municipales_2026,2,,,988,98821,Païta,PAITA,0013,793,444,349,428,13,3,5,LDVC,,,,,"Milakulo TUKUMULI PAÏTA,UN NOUVEAU SOUFFLE!",105,13.24,24.53,,École primaire Jean Ounou COTTIN 1,ECOLE PRIMAIRE JEAN OUNOU COTTIN,0.8,Groupe scolaire Jean Ounou COTTIN,,ENSEIGNEMENT ET FORMATION,Enseignement du premier degré,Groupe scolaire,166.265966445473,-22.0605318544913,etablissements_publics_nc,96,2106,Tamoa Bangou Saint Laurent
municipales_2026,2,,,988,98821,Païta,PAITA,0013,793,444,349,428,13,3,6,LREG,,,,,Nikita Aurélie GAIA EP ALOSIO LISTE CITOYENNE FLNKS PAITA,51,6.43,11.92,,École primaire Jean Ounou COTTIN 1,ECOLE PRIMAIRE JEAN OUNOU COTTIN,0.8,Groupe scolaire Jean Ounou COTTIN,,ENSEIGNEMENT ET FORMATION,Enseignement du premier degré,Groupe scolaire,166.265966445473,-22.0605318544913,etablissements_publics_nc,96,2106,Tamoa Bangou Saint Laurent
municipales_2026,2,,,988,98821,Païta,PAITA,0014,593,413,180,410,2,1,2,LDVD,,,,,Antoine ROMAIN Paita J'y crois,20,3.37,4.88,,École primaire Jean Ounou COTTIN 2,ECOLE PRIMAIRE JEAN OUNOU COTTIN,0.8,Groupe scolaire Jean Ounou COTTIN,,ENSEIGNEMENT ET FORMATION,Enseignement du premier degré,Groupe scolaire,166.265966445473,-22.0605318544913,etablissements_publics_nc,96,2106,Tamoa Bangou Saint Laurent
municipales_2026,2,,,988,98821,Païta,PAITA,0014,593,413,180,410,2,1,3,LDIV,,,,,Patrick GREPPO ESPRIT PAITA,53,8.94,12.93,,École primaire Jean Ounou COTTIN 2,ECOLE PRIMAIRE JEAN OUNOU COTTIN,0.8,Groupe scolaire Jean Ounou COTTIN,,ENSEIGNEMENT ET FORMATION,Enseignement du premier degré,Groupe scolaire,166.265966445473,-22.0605318544913,etablissements_publics_nc,96,2106,Tamoa Bangou Saint Laurent
municipales_2026,2,,,988,98821,Païta,PAITA,0014,593,413,180,410,2,1,5,LDVC,,,,,"Milakulo TUKUMULI PAÏTA,UN NOUVEAU SOUFFLE!",206,34.74,50.24,,École primaire Jean Ounou COTTIN 2,ECOLE PRIMAIRE JEAN OUNOU COTTIN,0.8,Groupe scolaire Jean Ounou COTTIN,,ENSEIGNEMENT ET FORMATION,Enseignement du premier degré,Groupe scolaire,166.265966445473,-22.0605318544913,etablissements_publics_nc,96,2106,Tamoa Bangou Saint Laurent
municipales_2026,2,,,988,98821,Païta,PAITA,0014,593,413,180,410,2,1,6,LREG,,,,,Nikita Aurélie GAIA EP ALOSIO LISTE CITOYENNE FLNKS PAITA,131,22.09,31.95,,École primaire Jean Ounou COTTIN 2,ECOLE PRIMAIRE JEAN OUNOU COTTIN,0.8,Groupe scolaire Jean Ounou COTTIN,,ENSEIGNEMENT ET FORMATION,Enseignement du premier degré,Groupe scolaire,166.265966445473,-22.0605318544913,etablissements_publics_nc,96,2106,Tamoa Bangou Saint Laurent
municipales_2026,2,,,988,98821,Païta,PAITA,0015,774,428,346,423,4,1,2,LDVD,,,,,Antoine ROMAIN Paita J'y crois,204,26.36,48.23,,Mairie annexe de Tontouta,MAIRIE ANNEXE TONTOUTA,0.83,Mairie annexe de Païta,,ADMINISTRATION ET ORGANISME,Administrations des collectivités,Administration de la commune de Païta,166.22014428712,-22.0130384994051,etablissements_publics_nc,97,2107,Tontouta Tiaré
municipales_2026,2,,,988,98821,Païta,PAITA,0015,774,428,346,423,4,1,3,LDIV,,,,,Patrick GREPPO ESPRIT PAITA,84,10.85,19.86,,Mairie annexe de Tontouta,MAIRIE ANNEXE TONTOUTA,0.83,Mairie annexe de Païta,,ADMINISTRATION ET ORGANISME,Administrations des collectivités,Administration de la commune de Païta,166.22014428712,-22.0130384994051,etablissements_publics_nc,97,2107,Tontouta Tiaré
municipales_2026,2,,,988,98821,Païta,PAITA,0015,774,428,346,423,4,1,5,LDVC,,,,,"Milakulo TUKUMULI PAÏTA,UN NOUVEAU SOUFFLE!",108,13.95,25.53,,Mairie annexe de Tontouta,MAIRIE ANNEXE TONTOUTA,0.83,Mairie annexe de Païta,,ADMINISTRATION ET ORGANISME,Administrations des collectivités,Administration de la commune de Païta,166.22014428712,-22.0130384994051,etablissements_publics_nc,97,2107,Tontouta Tiaré
municipales_2026,2,,,988,98821,Païta,PAITA,0015,774,428,346,423,4,1,6,LREG,,,,,Nikita Aurélie GAIA EP ALOSIO LISTE CITOYENNE FLNKS PAITA,27,3.49,6.38,,Mairie annexe de Tontouta,MAIRIE ANNEXE TONTOUTA,0.83,Mairie annexe de Païta,,ADMINISTRATION ET ORGANISME,Administrations des collectivités,Administration de la commune de Païta,166.22014428712,-22.0130384994051,etablissements_publics_nc,97,2107,Tontouta Tiaré
municipales_2026,2,,,988,98821,Païta,PAITA,0016,857,537,320,535,2,0,2,LDVD,,,,,Antoine ROMAIN Paita J'y crois,450,52.51,84.11,,École Robert Abel- 1,ECOLE ROBERT ABEL,0.8,Ecole Robert ABEL,,ENSEIGNEMENT ET FORMATION,Enseignement du premier degré,Ecole primaire,166.379189029935,-22.1384982889128,etablissements_publics_nc,93,2103,Nogouta-Les 3 Vallées
municipales_2026,2,,,988,98821,Païta,PAITA,0016,857,537,320,535,2,0,3,LDIV,,,,,Patrick GREPPO ESPRIT PAITA,25,2.92,4.67,,École Robert Abel- 1,ECOLE ROBERT ABEL,0.8,Ecole Robert ABEL,,ENSEIGNEMENT ET FORMATION,Enseignement du premier degré,Ecole primaire,166.379189029935,-22.1384982889128,etablissements_publics_nc,93,2103,Nogouta-Les 3 Vallées
municipales_2026,2,,,988,98821,Païta,PAITA,0016,857,537,320,535,2,0,5,LDVC,,,,,"Milakulo TUKUMULI PAÏTA,UN NOUVEAU SOUFFLE!",54,6.3,10.09,,École Robert Abel- 1,ECOLE ROBERT ABEL,0.8,Ecole Robert ABEL,,ENSEIGNEMENT ET FORMATION,Enseignement du premier degré,Ecole primaire,166.379189029935,-22.1384982889128,etablissements_publics_nc,93,2103,Nogouta-Les 3 Vallées
municipales_2026,2,,,988,98821,Païta,PAITA,0016,857,537,320,535,2,0,6,LREG,,,,,Nikita Aurélie GAIA EP ALOSIO LISTE CITOYENNE FLNKS PAITA,6,0.7,1.12,,École Robert Abel- 1,ECOLE ROBERT ABEL,0.8,Ecole Robert ABEL,,ENSEIGNEMENT ET FORMATION,Enseignement du premier degré,Ecole primaire,166.379189029935,-22.1384982889128,etablissements_publics_nc,93,2103,Nogouta-Les 3 Vallées
municipales_2026,2,,,988,98821,Païta,PAITA,0017,1200,750,450,734,3,13,2,LDVD,,,,,Antoine ROMAIN Paita J'y crois,340,28.33,46.32,,École Robert Abel- 2,ECOLE ROBERT ABEL,0.8,Ecole Robert ABEL,,ENSEIGNEMENT ET FORMATION,Enseignement du premier degré,Ecole primaire,166.379189029935,-22.1384982889128,etablissements_publics_nc,93,2103,Nogouta-Les 3 Vallées
municipales_2026,2,,,988,98821,Païta,PAITA,0017,1200,750,450,734,3,13,3,LDIV,,,,,Patrick GREPPO ESPRIT PAITA,47,3.92,6.4,,École Robert Abel- 2,ECOLE ROBERT ABEL,0.8,Ecole Robert ABEL,,ENSEIGNEMENT ET FORMATION,Enseignement du premier degré,Ecole primaire,166.379189029935,-22.1384982889128,etablissements_publics_nc,93,2103,Nogouta-Les 3 Vallées
municipales_2026,2,,,988,98821,Païta,PAITA,0017,1200,750,450,734,3,13,5,LDVC,,,,,"Milakulo TUKUMULI PAÏTA,UN NOUVEAU SOUFFLE!",254,21.17,34.6,,École Robert Abel- 2,ECOLE ROBERT ABEL,0.8,Ecole Robert ABEL,,ENSEIGNEMENT ET FORMATION,Enseignement du premier degré,Ecole primaire,166.379189029935,-22.1384982889128,etablissements_publics_nc,93,2103,Nogouta-Les 3 Vallées
municipales_2026,2,,,988,98821,Païta,PAITA,0017,1200,750,450,734,3,13,6,LREG,,,,,Nikita Aurélie GAIA EP ALOSIO LISTE CITOYENNE FLNKS PAITA,93,7.75,12.67,,École Robert Abel- 2,ECOLE ROBERT ABEL,0.8,Ecole Robert ABEL,,ENSEIGNEMENT ET FORMATION,Enseignement du premier degré,Ecole primaire,166.379189029935,-22.1384982889128,etablissements_publics_nc,93,2103,Nogouta-Les 3 Vallées
municipales_2026,2,,,988,98821,Païta,PAITA,0018,1205,783,422,755,22,6,2,LDVD,,,,,Antoine ROMAIN Paita J'y crois,280,23.24,37.09,,Ecole James Paddon 2,ECOLE JAMES PADDON,0.8,Ecole James Paddon,,ENSEIGNEMENT ET FORMATION,Enseignement du premier degré,Ecole élémentaire,166.359353160601,-22.1337644237458,etablissements_publics_nc,91,2101,Paita centre
municipales_2026,2,,,988,98821,Païta,PAITA,0018,1205,783,422,755,22,6,3,LDIV,,,,,Patrick GREPPO ESPRIT PAITA,44,3.65,5.83,,Ecole James Paddon 2,ECOLE JAMES PADDON,0.8,Ecole James Paddon,,ENSEIGNEMENT ET FORMATION,Enseignement du premier degré,Ecole élémentaire,166.359353160601,-22.1337644237458,etablissements_publics_nc,91,2101,Paita centre
municipales_2026,2,,,988,98821,Païta,PAITA,0018,1205,783,422,755,22,6,5,LDVC,,,,,"Milakulo TUKUMULI PAÏTA,UN NOUVEAU SOUFFLE!",305,25.31,40.4,,Ecole James Paddon 2,ECOLE JAMES PADDON,0.8,Ecole James Paddon,,ENSEIGNEMENT ET FORMATION,Enseignement du premier degré,Ecole élémentaire,166.359353160601,-22.1337644237458,etablissements_publics_nc,91,2101,Paita centre
municipales_2026,2,,,988,98821,Païta,PAITA,0018,1205,783,422,755,22,6,6,LREG,,,,,Nikita Aurélie GAIA EP ALOSIO LISTE CITOYENNE FLNKS PAITA,126,10.46,16.69,,Ecole James Paddon 2,ECOLE JAMES PADDON,0.8,Ecole James Paddon,,ENSEIGNEMENT ET FORMATION,Enseignement du premier degré,Ecole élémentaire,166.359353160601,-22.1337644237458,etablissements_publics_nc,91,2101,Paita centre
municipales_2026,2,,,988,98821,Païta,PAITA,0019,641,335,306,329,3,3,2,LDVD,,,,,Antoine ROMAIN Paita J'y crois,193,30.11,58.66,,Ecole Jean Ounou Cottin 3,ECOLE JEAN OUNOU COTTIN,0.821,Groupe scolaire Jean Ounou COTTIN,,ENSEIGNEMENT ET FORMATION,Enseignement du premier degré,Groupe scolaire,166.265966445473,-22.0605318544913,etablissements_publics_nc,96,2106,Tamoa Bangou Saint Laurent
municipales_2026,2,,,988,98821,Païta,PAITA,0019,641,335,306,329,3,3,3,LDIV,,,,,Patrick GREPPO ESPRIT PAITA,47,7.33,14.29,,Ecole Jean Ounou Cottin 3,ECOLE JEAN OUNOU COTTIN,0.821,Groupe scolaire Jean Ounou COTTIN,,ENSEIGNEMENT ET FORMATION,Enseignement du premier degré,Groupe scolaire,166.265966445473,-22.0605318544913,etablissements_publics_nc,96,2106,Tamoa Bangou Saint Laurent
municipales_2026,2,,,988,98821,Païta,PAITA,0019,641,335,306,329,3,3,5,LDVC,,,,,"Milakulo TUKUMULI PAÏTA,UN NOUVEAU SOUFFLE!",61,9.52,18.54,,Ecole Jean Ounou Cottin 3,ECOLE JEAN OUNOU COTTIN,0.821,Groupe scolaire Jean Ounou COTTIN,,ENSEIGNEMENT ET FORMATION,Enseignement du premier degré,Groupe scolaire,166.265966445473,-22.0605318544913,etablissements_publics_nc,96,2106,Tamoa Bangou Saint Laurent
municipales_2026,2,,,988,98821,Païta,PAITA,0019,641,335,306,329,3,3,6,LREG,,,,,Nikita Aurélie GAIA EP ALOSIO LISTE CITOYENNE FLNKS PAITA,28,4.37,8.51,,Ecole Jean Ounou Cottin 3,ECOLE JEAN OUNOU COTTIN,0.821,Groupe scolaire Jean Ounou COTTIN,,ENSEIGNEMENT ET FORMATION,Enseignement du premier degré,Groupe scolaire,166.265966445473,-22.0605318544913,etablissements_publics_nc,96,2106,Tamoa Bangou Saint Laurent
municipales_2026,2,,,988,98822,Poindimié,POINDIMIE,0001,1301,894,407,878,7,9,1,LREG,,,,,Paul Tyaou NEAOUTYINE UNI,218,16.76,24.83,,Mairie,MAIRIE,0.7,POINDIMIE,Poindimié,LIEU_DIT_NC,VILLE,Pwêêdi Wiimiâ,165.33315827223544,-20.938215187057807,tribus_villages_nc,102,2201,Poindimié village
municipales_2026,2,,,988,98822,Poindimié,POINDIMIE,0001,1301,894,407,878,7,9,2,LDIV,,,,,Patrick - Jean-LucWATANABE UN NOUVEL ELAN POUR POINDIMIE,466,35.82,53.08,,Mairie,MAIRIE,0.7,POINDIMIE,Poindimié,LIEU_DIT_NC,VILLE,Pwêêdi Wiimiâ,165.33315827223544,-20.938215187057807,tribus_villages_nc,102,2201,Poindimié village
municipales_2026,2,,,988,98822,Poindimié,POINDIMIE,0001,1301,894,407,878,7,9,3,LREG,,,,,Cyrille OUMATTU UNITE CITOYENNE ETNATIONALISTE,145,11.15,16.51,,Mairie,MAIRIE,0.7,POINDIMIE,Poindimié,LIEU_DIT_NC,VILLE,Pwêêdi Wiimiâ,165.33315827223544,-20.938215187057807,tribus_villages_nc,102,2201,Poindimié village
municipales_2026,2,,,988,98822,Poindimié,POINDIMIE,0001,1301,894,407,878,7,9,4,LREG,,,,,Christian GROCHAIN PWEEDI WIIMIA RENOUVEAU,49,3.77,5.58,,Mairie,MAIRIE,0.7,POINDIMIE,Poindimié,LIEU_DIT_NC,VILLE,Pwêêdi Wiimiâ,165.33315827223544,-20.938215187057807,tribus_villages_nc,102,2201,Poindimié village
municipales_2026,2,,,988,98822,Poindimié,POINDIMIE,0002,520,380,140,374,0,6,1,LREG,,,,,Paul Tyaou NEAOUTYINE UNI,83,15.96,22.19,,Ouindo,OUINDO,1,Ouindo,Poindimié,LIEU_DIT_NC,TRIBU,Wiidö,165.39928663560227,-20.98624503490911,tribus_villages_nc,104,2204,Tibarama - Bayes - Ouindo - Ometteux - Napoém
municipales_2026,2,,,988,98822,Poindimié,POINDIMIE,0002,520,380,140,374,0,6,2,LDIV,,,,,Patrick - Jean-LucWATANABE UN NOUVEL ELAN POUR POINDIMIE,56,10.77,14.97,,Ouindo,OUINDO,1,Ouindo,Poindimié,LIEU_DIT_NC,TRIBU,Wiidö,165.39928663560227,-20.98624503490911,tribus_villages_nc,104,2204,Tibarama - Bayes - Ouindo - Ometteux - Napoém
municipales_2026,2,,,988,98822,Poindimié,POINDIMIE,0002,520,380,140,374,0,6,3,LREG,,,,,Cyrille OUMATTU UNITE CITOYENNE ETNATIONALISTE,228,43.85,60.96,,Ouindo,OUINDO,1,Ouindo,Poindimié,LIEU_DIT_NC,TRIBU,Wiidö,165.39928663560227,-20.98624503490911,tribus_villages_nc,104,2204,Tibarama - Bayes - Ouindo - Ometteux - Napoém
municipales_2026,2,,,988,98822,Poindimié,POINDIMIE,0002,520,380,140,374,0,6,4,LREG,,,,,Christian GROCHAIN PWEEDI WIIMIA RENOUVEAU,7,1.35,1.87,,Ouindo,OUINDO,1,Ouindo,Poindimié,LIEU_DIT_NC,TRIBU,Wiidö,165.39928663560227,-20.98624503490911,tribus_villages_nc,104,2204,Tibarama - Bayes - Ouindo - Ometteux - Napoém
municipales_2026,2,,,988,98822,Poindimié,POINDIMIE,0003,588,453,135,451,1,1,1,LREG,,,,,Paul Tyaou NEAOUTYINE UNI,143,24.32,31.71,,Bayes,BAYES,1,Bayes,Poindimié,LIEU_DIT_NC,TRIBU,Nägèè,165.41027144991733,-20.95108534474138,tribus_villages_nc,104,2204,Tibarama - Bayes - Ouindo - Ometteux - Napoém
municipales_2026,2,,,988,98822,Poindimié,POINDIMIE,0003,588,453,135,451,1,1,2,LDIV,,,,,Patrick - Jean-LucWATANABE UN NOUVEL ELAN POUR POINDIMIE,59,10.03,13.08,,Bayes,BAYES,1,Bayes,Poindimié,LIEU_DIT_NC,TRIBU,Nägèè,165.41027144991733,-20.95108534474138,tribus_villages_nc,104,2204,Tibarama - Bayes - Ouindo - Ometteux - Napoém
municipales_2026,2,,,988,98822,Poindimié,POINDIMIE,0003,588,453,135,451,1,1,3,LREG,,,,,Cyrille OUMATTU UNITE CITOYENNE ETNATIONALISTE,240,40.82,53.22,,Bayes,BAYES,1,Bayes,Poindimié,LIEU_DIT_NC,TRIBU,Nägèè,165.41027144991733,-20.95108534474138,tribus_villages_nc,104,2204,Tibarama - Bayes - Ouindo - Ometteux - Napoém
municipales_2026,2,,,988,98822,Poindimié,POINDIMIE,0003,588,453,135,451,1,1,4,LREG,,,,,Christian GROCHAIN PWEEDI WIIMIA RENOUVEAU,9,1.53,2,,Bayes,BAYES,1,Bayes,Poindimié,LIEU_DIT_NC,TRIBU,Nägèè,165.41027144991733,-20.95108534474138,tribus_villages_nc,104,2204,Tibarama - Bayes - Ouindo - Ometteux - Napoém
municipales_2026,2,,,988,98822,Poindimié,POINDIMIE,0004,509,407,102,406,0,1,1,LREG,,,,,Paul Tyaou NEAOUTYINE UNI,270,53.05,66.5,,Amoa,AMOA,0.667,Paama,Poindimié,LIEU_DIT_NC,TRIBU,Na ara pô,165.39810099674145,-20.94109090560688,tribus_villages_nc,104,2204,Tibarama - Bayes - Ouindo - Ometteux - Napoém
municipales_2026,2,,,988,98822,Poindimié,POINDIMIE,0004,509,407,102,406,0,1,2,LDIV,,,,,Patrick - Jean-LucWATANABE UN NOUVEL ELAN POUR POINDIMIE,118,23.18,29.06,,Amoa,AMOA,0.667,Paama,Poindimié,LIEU_DIT_NC,TRIBU,Na ara pô,165.39810099674145,-20.94109090560688,tribus_villages_nc,104,2204,Tibarama - Bayes - Ouindo - Ometteux - Napoém
municipales_2026,2,,,988,98822,Poindimié,POINDIMIE,0004,509,407,102,406,0,1,3,LREG,,,,,Cyrille OUMATTU UNITE CITOYENNE ETNATIONALISTE,10,1.96,2.46,,Amoa,AMOA,0.667,Paama,Poindimié,LIEU_DIT_NC,TRIBU,Na ara pô,165.39810099674145,-20.94109090560688,tribus_villages_nc,104,2204,Tibarama - Bayes - Ouindo - Ometteux - Napoém
municipales_2026,2,,,988,98822,Poindimié,POINDIMIE,0004,509,407,102,406,0,1,4,LREG,,,,,Christian GROCHAIN PWEEDI WIIMIA RENOUVEAU,8,1.57,1.97,,Amoa,AMOA,0.667,Paama,Poindimié,LIEU_DIT_NC,TRIBU,Na ara pô,165.39810099674145,-20.94109090560688,tribus_villages_nc,104,2204,Tibarama - Bayes - Ouindo - Ometteux - Napoém
municipales_2026,2,,,988,98822,Poindimié,POINDIMIE,0005,563,439,124,433,3,3,1,LREG,,,,,Paul Tyaou NEAOUTYINE UNI,153,27.18,35.33,,Tyé,TYE,1,Tié,Poindimié,LIEU_DIT_NC,TRIBU,Cié,165.2980420173767,-20.900766814763863,tribus_villages_nc,103,2202,Tiéti - Tyé
municipales_2026,2,,,988,98822,Poindimié,POINDIMIE,0005,563,439,124,433,3,3,2,LDIV,,,,,Patrick - Jean-LucWATANABE UN NOUVEL ELAN POUR POINDIMIE,161,28.6,37.18,,Tyé,TYE,1,Tié,Poindimié,LIEU_DIT_NC,TRIBU,Cié,165.2980420173767,-20.900766814763863,tribus_villages_nc,103,2202,Tiéti - Tyé
municipales_2026,2,,,988,98822,Poindimié,POINDIMIE,0005,563,439,124,433,3,3,3,LREG,,,,,Cyrille OUMATTU UNITE CITOYENNE ETNATIONALISTE,50,8.88,11.55,,Tyé,TYE,1,Tié,Poindimié,LIEU_DIT_NC,TRIBU,Cié,165.2980420173767,-20.900766814763863,tribus_villages_nc,103,2202,Tiéti - Tyé
municipales_2026,2,,,988,98822,Poindimié,POINDIMIE,0005,563,439,124,433,3,3,4,LREG,,,,,Christian GROCHAIN PWEEDI WIIMIA RENOUVEAU,69,12.26,15.94,,Tyé,TYE,1,Tié,Poindimié,LIEU_DIT_NC,TRIBU,Cié,165.2980420173767,-20.900766814763863,tribus_villages_nc,103,2202,Tiéti - Tyé
municipales_2026,2,,,988,98822,Poindimié,POINDIMIE,0006,325,224,101,221,2,1,1,LREG,,,,,Paul Tyaou NEAOUTYINE UNI,30,9.23,13.57,,Tiwaka,TIWAKA,1,Tiwaka,Poindimié,LIEU_DIT_NC,TRIBU,,165.22299948568272,-20.895132063083377,tribus_villages_nc,103,2202,Tiéti - Tyé
municipales_2026,2,,,988,98822,Poindimié,POINDIMIE,0006,325,224,101,221,2,1,2,LDIV,,,,,Patrick - Jean-LucWATANABE UN NOUVEL ELAN POUR POINDIMIE,53,16.31,23.98,,Tiwaka,TIWAKA,1,Tiwaka,Poindimié,LIEU_DIT_NC,TRIBU,,165.22299948568272,-20.895132063083377,tribus_villages_nc,103,2202,Tiéti - Tyé
municipales_2026,2,,,988,98822,Poindimié,POINDIMIE,0006,325,224,101,221,2,1,3,LREG,,,,,Cyrille OUMATTU UNITE CITOYENNE ETNATIONALISTE,33,10.15,14.93,,Tiwaka,TIWAKA,1,Tiwaka,Poindimié,LIEU_DIT_NC,TRIBU,,165.22299948568272,-20.895132063083377,tribus_villages_nc,103,2202,Tiéti - Tyé
municipales_2026,2,,,988,98822,Poindimié,POINDIMIE,0006,325,224,101,221,2,1,4,LREG,,,,,Christian GROCHAIN PWEEDI WIIMIA RENOUVEAU,105,32.31,47.51,,Tiwaka,TIWAKA,1,Tiwaka,Poindimié,LIEU_DIT_NC,TRIBU,,165.22299948568272,-20.895132063083377,tribus_villages_nc,103,2202,Tiéti - Tyé
municipales_2026,2,,,988,98822,Poindimié,POINDIMIE,0007,605,464,141,458,3,3,1,LREG,,,,,Paul Tyaou NEAOUTYINE UNI,253,41.82,55.24,,Tiéti,TIETI,1,Tiéti,Poindimié,LIEU_DIT_NC,TRIBU,Näcètii,165.31101622324238,-20.919563042768107,tribus_villages_nc,103,2202,Tiéti - Tyé
municipales_2026,2,,,988,98822,Poindimié,POINDIMIE,0007,605,464,141,458,3,3,2,LDIV,,,,,Patrick - Jean-LucWATANABE UN NOUVEL ELAN POUR POINDIMIE,121,20,26.42,,Tiéti,TIETI,1,Tiéti,Poindimié,LIEU_DIT_NC,TRIBU,Näcètii,165.31101622324238,-20.919563042768107,tribus_villages_nc,103,2202,Tiéti - Tyé
municipales_2026,2,,,988,98822,Poindimié,POINDIMIE,0007,605,464,141,458,3,3,3,LREG,,,,,Cyrille OUMATTU UNITE CITOYENNE ETNATIONALISTE,38,6.28,8.3,,Tiéti,TIETI,1,Tiéti,Poindimié,LIEU_DIT_NC,TRIBU,Näcètii,165.31101622324238,-20.919563042768107,tribus_villages_nc,103,2202,Tiéti - Tyé
municipales_2026,2,,,988,98822,Poindimié,POINDIMIE,0007,605,464,141,458,3,3,4,LREG,,,,,Christian GROCHAIN PWEEDI WIIMIA RENOUVEAU,46,7.6,10.04,,Tiéti,TIETI,1,Tiéti,Poindimié,LIEU_DIT_NC,TRIBU,Näcètii,165.31101622324238,-20.919563042768107,tribus_villages_nc,103,2202,Tiéti - Tyé
municipales_2026,2,,,988,98823,Ponérihouen,PONERIHOUEN,0001,500,344,156,331,11,2,1,,,,,,Ocea NAAOUTCHOUEUC FLNKS ETNATIONALISTES PWARAIRIWA,100,20,30.21,,Mairie,MAIRIE,0.7,PONERIHOUEN,Ponérihouen,LIEU_DIT_NC,VILLE,Pwäräiriwä,165.40196429415164,-21.070938768181968,tribus_villages_nc,106,2302,Ponérihouen village
municipales_2026,2,,,988,98823,Ponérihouen,PONERIHOUEN,0001,500,344,156,331,11,2,2,,,,,,Astrid GOPOEAUNION NATIONALE pour l'INDEPENDANCEPWARAIRIWA,144,28.8,43.5,,Mairie,MAIRIE,0.7,PONERIHOUEN,Ponérihouen,LIEU_DIT_NC,VILLE,Pwäräiriwä,165.40196429415164,-21.070938768181968,tribus_villages_nc,106,2302,Ponérihouen village
municipales_2026,2,,,988,98823,Ponérihouen,PONERIHOUEN,0001,500,344,156,331,11,2,3,,,,,,Eugène MENREMPONTOIMIRIBWETI PWARAIRIWA,87,17.4,26.28,,Mairie,MAIRIE,0.7,PONERIHOUEN,Ponérihouen,LIEU_DIT_NC,VILLE,Pwäräiriwä,165.40196429415164,-21.070938768181968,tribus_villages_nc,106,2302,Ponérihouen village
municipales_2026,2,,,988,98823,Ponérihouen,PONERIHOUEN,0002,454,350,104,346,3,1,1,,,,,,Ocea NAAOUTCHOUEUC FLNKS ETNATIONALISTES PWARAIRIWA,150,33.04,43.35,,Monéo,MONEO,1,Monéo,Ponérihouen,LIEU_DIT_NC,TRIBU,Kwéaa,165.47846310724432,-21.150451617013218,tribus_villages_nc,106,2302,Ponérihouen village
municipales_2026,2,,,988,98823,Ponérihouen,PONERIHOUEN,0002,454,350,104,346,3,1,2,,,,,,Astrid GOPOEAUNION NATIONALE pour l'INDEPENDANCEPWARAIRIWA,80,17.62,23.12,,Monéo,MONEO,1,Monéo,Ponérihouen,LIEU_DIT_NC,TRIBU,Kwéaa,165.47846310724432,-21.150451617013218,tribus_villages_nc,106,2302,Ponérihouen village
municipales_2026,2,,,988,98823,Ponérihouen,PONERIHOUEN,0002,454,350,104,346,3,1,3,,,,,,Eugène MENREMPONTOIMIRIBWETI PWARAIRIWA,116,25.55,33.53,,Monéo,MONEO,1,Monéo,Ponérihouen,LIEU_DIT_NC,TRIBU,Kwéaa,165.47846310724432,-21.150451617013218,tribus_villages_nc,106,2302,Ponérihouen village
municipales_2026,2,,,988,98823,Ponérihouen,PONERIHOUEN,0003,317,249,68,245,4,0,1,,,,,,Ocea NAAOUTCHOUEUC FLNKS ETNATIONALISTES PWARAIRIWA,50,15.77,20.41,,Tchamba,TCHAMBA,1,Tchamba,Ponérihouen,LIEU_DIT_NC,TRIBU,(Câba),165.2930233618618,-21.038585818858223,tribus_villages_nc,107,2303,Goyetta - Goa - Nébouéba - St Yves
municipales_2026,2,,,988,98823,Ponérihouen,PONERIHOUEN,0003,317,249,68,245,4,0,2,,,,,,Astrid GOPOEAUNION NATIONALE pour l'INDEPENDANCEPWARAIRIWA,59,18.61,24.08,,Tchamba,TCHAMBA,1,Tchamba,Ponérihouen,LIEU_DIT_NC,TRIBU,(Câba),165.2930233618618,-21.038585818858223,tribus_villages_nc,107,2303,Goyetta - Goa - Nébouéba - St Yves
municipales_2026,2,,,988,98823,Ponérihouen,PONERIHOUEN,0003,317,249,68,245,4,0,3,,,,,,Eugène MENREMPONTOIMIRIBWETI PWARAIRIWA,136,42.9,55.51,,Tchamba,TCHAMBA,1,Tchamba,Ponérihouen,LIEU_DIT_NC,TRIBU,(Câba),165.2930233618618,-21.038585818858223,tribus_villages_nc,107,2303,Goyetta - Goa - Nébouéba - St Yves
municipales_2026,2,,,988,98823,Ponérihouen,PONERIHOUEN,0004,409,307,102,304,2,1,1,,,,,,Ocea NAAOUTCHOUEUC FLNKS ETNATIONALISTES PWARAIRIWA,145,35.45,47.7,,Goa (maison commune),GOA MAISON COMMUNE,0.95,Goa,Ponérihouen,LIEU_DIT_NC,TRIBU,Göröwâméadù,165.30971500397104,-21.10629747908845,tribus_villages_nc,107,2303,Goyetta - Goa - Nébouéba - St Yves
municipales_2026,2,,,988,98823,Ponérihouen,PONERIHOUEN,0004,409,307,102,304,2,1,2,,,,,,Astrid GOPOEAUNION NATIONALE pour l'INDEPENDANCEPWARAIRIWA,41,10.02,13.49,,Goa (maison commune),GOA MAISON COMMUNE,0.95,Goa,Ponérihouen,LIEU_DIT_NC,TRIBU,Göröwâméadù,165.30971500397104,-21.10629747908845,tribus_villages_nc,107,2303,Goyetta - Goa - Nébouéba - St Yves
municipales_2026,2,,,988,98823,Ponérihouen,PONERIHOUEN,0004,409,307,102,304,2,1,3,,,,,,Eugène MENREMPONTOIMIRIBWETI PWARAIRIWA,118,28.85,38.82,,Goa (maison commune),GOA MAISON COMMUNE,0.95,Goa,Ponérihouen,LIEU_DIT_NC,TRIBU,Göröwâméadù,165.30971500397104,-21.10629747908845,tribus_villages_nc,107,2303,Goyetta - Goa - Nébouéba - St Yves
municipales_2026,2,,,988,98823,Ponérihouen,PONERIHOUEN,0005,511,401,110,396,0,5,1,,,,,,Ocea NAAOUTCHOUEUC FLNKS ETNATIONALISTES PWARAIRIWA,142,27.79,35.86,,Grondu (maison commune),GRONDU MAISON COMMUNE,0.95,Grondu,Ponérihouen,LIEU_DIT_NC,TRIBU,Göröidù,165.38976794045686,-21.076609909810266,tribus_villages_nc,106,2302,Ponérihouen village
municipales_2026,2,,,988,98823,Ponérihouen,PONERIHOUEN,0005,511,401,110,396,0,5,2,,,,,,Astrid GOPOEAUNION NATIONALE pour l'INDEPENDANCEPWARAIRIWA,117,22.9,29.55,,Grondu (maison commune),GRONDU MAISON COMMUNE,0.95,Grondu,Ponérihouen,LIEU_DIT_NC,TRIBU,Göröidù,165.38976794045686,-21.076609909810266,tribus_villages_nc,106,2302,Ponérihouen village
municipales_2026,2,,,988,98823,Ponérihouen,PONERIHOUEN,0005,511,401,110,396,0,5,3,,,,,,Eugène MENREMPONTOIMIRIBWETI PWARAIRIWA,137,26.81,34.6,,Grondu (maison commune),GRONDU MAISON COMMUNE,0.95,Grondu,Ponérihouen,LIEU_DIT_NC,TRIBU,Göröidù,165.38976794045686,-21.076609909810266,tribus_villages_nc,106,2302,Ponérihouen village
municipales_2026,2,,,988,98823,Ponérihouen,PONERIHOUEN,0006,170,114,56,113,0,1,1,,,,,,Ocea NAAOUTCHOUEUC FLNKS ETNATIONALISTES PWARAIRIWA,17,10,15.04,,Mou (chefferie),MOU CHEFFERIE,0.95,Mou,Ponérihouen,LIEU_DIT_NC,TRIBU,Aupatöriba,165.44259083569398,-21.09696482410325,tribus_villages_nc,106,2302,Ponérihouen village
municipales_2026,2,,,988,98823,Ponérihouen,PONERIHOUEN,0006,170,114,56,113,0,1,2,,,,,,Astrid GOPOEAUNION NATIONALE pour l'INDEPENDANCEPWARAIRIWA,38,22.35,33.63,,Mou (chefferie),MOU CHEFFERIE,0.95,Mou,Ponérihouen,LIEU_DIT_NC,TRIBU,Aupatöriba,165.44259083569398,-21.09696482410325,tribus_villages_nc,106,2302,Ponérihouen village
municipales_2026,2,,,988,98823,Ponérihouen,PONERIHOUEN,0006,170,114,56,113,0,1,3,,,,,,Eugène MENREMPONTOIMIRIBWETI PWARAIRIWA,58,34.12,51.33,,Mou (chefferie),MOU CHEFFERIE,0.95,Mou,Ponérihouen,LIEU_DIT_NC,TRIBU,Aupatöriba,165.44259083569398,-21.09696482410325,tribus_villages_nc,106,2302,Ponérihouen village
municipales_2026,2,,,988,98823,Ponérihouen,PONERIHOUEN,0007,334,248,86,247,1,0,1,,,,,,Ocea NAAOUTCHOUEUC FLNKS ETNATIONALISTES PWARAIRIWA,141,42.22,57.09,,Goyetta Commune de POUEBO,GOYETTA COMMUNE POUEBO,0.95,Pöö,Ponérihouen,LIEU_DIT_NC,TRIBU,Pwënîrî wâdé,165.38150315716302,-21.17209523739158,tribus_villages_nc,106,2302,Ponérihouen village
municipales_2026,2,,,988,98823,Ponérihouen,PONERIHOUEN,0007,334,248,86,247,1,0,2,,,,,,Astrid GOPOEAUNION NATIONALE pour l'INDEPENDANCEPWARAIRIWA,93,27.84,37.65,,Goyetta Commune de POUEBO,GOYETTA COMMUNE POUEBO,0.95,Pöö,Ponérihouen,LIEU_DIT_NC,TRIBU,Pwënîrî wâdé,165.38150315716302,-21.17209523739158,tribus_villages_nc,106,2302,Ponérihouen village
municipales_2026,2,,,988,98823,Ponérihouen,PONERIHOUEN,0007,334,248,86,247,1,0,3,,,,,,Eugène MENREMPONTOIMIRIBWETI PWARAIRIWA,13,3.89,5.26,,Goyetta Commune de POUEBO,GOYETTA COMMUNE POUEBO,0.95,Pöö,Ponérihouen,LIEU_DIT_NC,TRIBU,Pwënîrî wâdé,165.38150315716302,-21.17209523739158,tribus_villages_nc,106,2302,Ponérihouen village
municipales_2026,2,,,988,98824,Pouébo,POUEBO,0001,751,498,253,497,0,1,1,,,,,,Florentin DEDANEUNION CALEDONIENNE PWEEVO,279,37.15,56.14,,Mairie,MAIRIE,0.7,POUEBO,Pouébo,LIEU_DIT_NC,VILLE,,164.5872015210802,-20.399273159074973,tribus_villages_nc,109,2401,Pouébo village - St Ferdinand - St Louis
municipales_2026,2,,,988,98824,Pouébo,POUEBO,0001,751,498,253,497,0,1,2,,,,,,Nadia HEOUNI WEDO IOWA,218,29.03,43.86,,Mairie,MAIRIE,0.7,POUEBO,Pouébo,LIEU_DIT_NC,VILLE,,164.5872015210802,-20.399273159074973,tribus_villages_nc,109,2401,Pouébo village - St Ferdinand - St Louis
municipales_2026,2,,,988,98824,Pouébo,POUEBO,0002,589,381,208,380,0,1,1,,,,,,Florentin DEDANEUNION CALEDONIENNE PWEEVO,184,31.24,48.42,,Saint Denis Ballade,SAINT DENIS BALLADE,0.973,St Denis,Pouébo,LIEU_DIT_NC,TRIBU,,164.49963895578423,-20.310000557096696,tribus_villages_nc,109,2401,Pouébo village - St Ferdinand - St Louis
municipales_2026,2,,,988,98824,Pouébo,POUEBO,0002,589,381,208,380,0,1,2,,,,,,Nadia HEOUNI WEDO IOWA,196,33.28,51.58,,Saint Denis Ballade,SAINT DENIS BALLADE,0.973,St Denis,Pouébo,LIEU_DIT_NC,TRIBU,,164.49963895578423,-20.310000557096696,tribus_villages_nc,109,2401,Pouébo village - St Ferdinand - St Louis
municipales_2026,2,,,988,98824,Pouébo,POUEBO,0003,407,238,169,237,1,0,1,,,,,,Florentin DEDANEUNION CALEDONIENNE PWEEVO,106,26.04,44.73,,Yambé,YAMBE,1,Yambé,Pouébo,LIEU_DIT_NC,TRIBU,Yabé,164.658766232452,-20.439464504971355,tribus_villages_nc,110,2402,Tchamboéne - Diahoué - Colnett
municipales_2026,2,,,988,98824,Pouébo,POUEBO,0003,407,238,169,237,1,0,2,,,,,,Nadia HEOUNI WEDO IOWA,131,32.19,55.27,,Yambé,YAMBE,1,Yambé,Pouébo,LIEU_DIT_NC,TRIBU,Yabé,164.658766232452,-20.439464504971355,tribus_villages_nc,110,2402,Tchamboéne - Diahoué - Colnett
municipales_2026,2,,,988,98824,Pouébo,POUEBO,0004,544,354,190,344,5,5,1,,,,,,Florentin DEDANEUNION CALEDONIENNE PWEEVO,114,20.96,33.14,,Saint-Louis,SAINT LOUIS,1,St Louis,Pouébo,LIEU_DIT_NC,TRIBU,,164.56475883280652,-20.370617010719258,tribus_villages_nc,109,2401,Pouébo village - St Ferdinand - St Louis
municipales_2026,2,,,988,98824,Pouébo,POUEBO,0004,544,354,190,344,5,5,2,,,,,,Nadia HEOUNI WEDO IOWA,230,42.28,66.86,,Saint-Louis,SAINT LOUIS,1,St Louis,Pouébo,LIEU_DIT_NC,TRIBU,,164.56475883280652,-20.370617010719258,tribus_villages_nc,109,2401,Pouébo village - St Ferdinand - St Louis
municipales_2026,2,,,988,98824,Pouébo,POUEBO,0005,123,58,65,57,0,1,1,,,,,,Florentin DEDANEUNION CALEDONIENNE PWEEVO,31,25.2,54.39,,Colnett - maison commune,COLNETT MAISON COMMUNE,0.95,Colnett,Pouébo,LIEU_DIT_NC,TRIBU,,164.73002659765442,-20.4756971674156,tribus_villages_nc,110,2402,Tchamboéne - Diahoué - Colnett
municipales_2026,2,,,988,98824,Pouébo,POUEBO,0005,123,58,65,57,0,1,2,,,,,,Nadia HEOUNI WEDO IOWA,26,21.14,45.61,,Colnett - maison commune,COLNETT MAISON COMMUNE,0.95,Colnett,Pouébo,LIEU_DIT_NC,TRIBU,,164.73002659765442,-20.4756971674156,tribus_villages_nc,110,2402,Tchamboéne - Diahoué - Colnett
municipales_2026,2,,,988,98825,Pouembout,POUEMBOUT,0001,1129,721,408,709,11,1,1,,,,,,Jean-Francois Boaé PORIN-POUEAMAIN DANS LA MAIN POUR POUEMBOUT,213,18.87,30.04,,Mairie,MAIRIE,0.98,Mairie de Pouembout,302 AVENUE DE POUEMBOUT,ADMINISTRATION ET ORGANISME,Administrations des collectivités,Administration de la commune de Pouembout,164.901099514933,-21.1214333298182,etablissements_publics_nc,112,2501,Pouembout village
municipales_2026,2,,,988,98825,Pouembout,POUEMBOUT,0001,1129,721,408,709,11,1,2,,,,,,Jimmy NAOUNAUNIS POUR UN DESTIN COMMUN,64,5.67,9.03,,Mairie,MAIRIE,0.98,Mairie de Pouembout,302 AVENUE DE POUEMBOUT,ADMINISTRATION ET ORGANISME,Administrations des collectivités,Administration de la commune de Pouembout,164.901099514933,-21.1214333298182,etablissements_publics_nc,112,2501,Pouembout village
municipales_2026,2,,,988,98825,Pouembout,POUEMBOUT,0001,1129,721,408,709,11,1,3,,,,,,Yann PERALDIMOUVEMENTCITOYEN,432,38.26,60.93,,Mairie,MAIRIE,0.98,Mairie de Pouembout,302 AVENUE DE POUEMBOUT,ADMINISTRATION ET ORGANISME,Administrations des collectivités,Administration de la commune de Pouembout,164.901099514933,-21.1214333298182,etablissements_publics_nc,112,2501,Pouembout village
municipales_2026,2,,,988,98825,Pouembout,POUEMBOUT,0002,876,675,201,668,3,4,1,,,,,,Jean-Francois Boaé PORIN-POUEAMAIN DANS LA MAIN POUR POUEMBOUT,365,41.67,54.64,,Paouta,PAOUTA,0.93,Maison commune de Paouta,,CULTUREL ET SOCIO EDUCATIF,Equipements socio-éducatifs et socio-culturels,Maison de jeune et maison de quartier,165.004824198459,-21.061258041708,etablissements_publics_nc,113,2503,Pinda - Ouaté - Kopéto
municipales_2026,2,,,988,98825,Pouembout,POUEMBOUT,0002,876,675,201,668,3,4,2,,,,,,Jimmy NAOUNAUNIS POUR UN DESTIN COMMUN,44,5.02,6.59,,Paouta,PAOUTA,0.93,Maison commune de Paouta,,CULTUREL ET SOCIO EDUCATIF,Equipements socio-éducatifs et socio-culturels,Maison de jeune et maison de quartier,165.004824198459,-21.061258041708,etablissements_publics_nc,113,2503,Pinda - Ouaté - Kopéto
municipales_2026,2,,,988,98825,Pouembout,POUEMBOUT,0002,876,675,201,668,3,4,3,,,,,,Yann PERALDIMOUVEMENTCITOYEN,259,29.57,38.77,,Paouta,PAOUTA,0.93,Maison commune de Paouta,,CULTUREL ET SOCIO EDUCATIF,Equipements socio-éducatifs et socio-culturels,Maison de jeune et maison de quartier,165.004824198459,-21.061258041708,etablissements_publics_nc,113,2503,Pinda - Ouaté - Kopéto
municipales_2026,2,,,988,98826,Poum,POUM,0001,669,568,101,562,3,3,1,,,,,,MarcTIDJINES'UNIR POUR DEMAIN UNI,356,53.21,63.35,,Mairie,MAIRIE,0.7,POUM,Poum,LIEU_DIT_NC,VILLE,,164.02565823453438,-20.232335490929035,tribus_villages_nc,114,2601,Poum du village - Poingam
municipales_2026,2,,,988,98826,Poum,POUM,0001,669,568,101,562,3,3,3,,,,,,Henriette TIDJINE - HMAEUNION CITOYENNE,206,30.79,36.65,,Mairie,MAIRIE,0.7,POUM,Poum,LIEU_DIT_NC,VILLE,,164.02565823453438,-20.232335490929035,tribus_villages_nc,114,2601,Poum du village - Poingam
municipales_2026,2,,,988,98826,Poum,POUM,0002,456,395,61,392,0,3,1,,,,,,MarcTIDJINES'UNIR POUR DEMAIN UNI,206,45.18,52.55,,Tiabet,TIABET,1,Tiabet,Poum,LIEU_DIT_NC,TRIBU,Cavet,164.0259384508845,-20.127138518272172,tribus_villages_nc,114,2601,Poum du village - Poingam
municipales_2026,2,,,988,98826,Poum,POUM,0002,456,395,61,392,0,3,3,,,,,,Henriette TIDJINE - HMAEUNION CITOYENNE,186,40.79,47.45,,Tiabet,TIABET,1,Tiabet,Poum,LIEU_DIT_NC,TRIBU,Cavet,164.0259384508845,-20.127138518272172,tribus_villages_nc,114,2601,Poum du village - Poingam
municipales_2026,2,,,988,98826,Poum,POUM,0003,416,369,47,367,0,2,1,,,,,,MarcTIDJINES'UNIR POUR DEMAIN UNI,172,41.35,46.87,,École catholique d’Arama,ECOLE CATHOLIQUE D ARAMA,0.95,Arama,Poum,LIEU_DIT_NC,LDH,Aramwâ,164.20258021961365,-20.252916819670393,tribus_villages_nc,115,2603,Bouarou - Pangai - Narai
municipales_2026,2,,,988,98826,Poum,POUM,0003,416,369,47,367,0,2,3,,,,,,Henriette TIDJINE - HMAEUNION CITOYENNE,195,46.88,53.13,,École catholique d’Arama,ECOLE CATHOLIQUE D ARAMA,0.95,Arama,Poum,LIEU_DIT_NC,LDH,Aramwâ,164.20258021961365,-20.252916819670393,tribus_villages_nc,115,2603,Bouarou - Pangai - Narai
municipales_2026,2,,,988,98827,Poya,POYA,0001,604,414,190,404,6,4,1,,,,,,Julien MEUREUREU-GOWEALTERNATIVE NATIONALISTE NEKO POYA,109,18.05,26.98,,,,0.99,Népoui,Poya,ARRETE_MANUAL,VILLE,,164.99768585786552,-21.326893497720405,arrete_manual_tribus,116,2701,Poya villageé Népoui
municipales_2026,2,,,988,98827,Poya,POYA,0001,604,414,190,404,6,4,3,,,,,,GuyMichel MACHOROUNE NOUVELLE DYNAMIQUE NEKÖ POYA,55,9.11,13.61,,,,0.99,Népoui,Poya,ARRETE_MANUAL,VILLE,,164.99768585786552,-21.326893497720405,arrete_manual_tribus,116,2701,Poya villageé Népoui
municipales_2026,2,,,988,98827,Poya,POYA,0001,604,414,190,404,6,4,4,,,,,,FrançoisJoseph Poindi MEANDU-POVEUUNITE POYA NEKO,2026113,18.71,27.97,,,,0.99,Népoui,Poya,ARRETE_MANUAL,VILLE,,164.99768585786552,-21.326893497720405,arrete_manual_tribus,116,2701,Poya villageé Népoui
municipales_2026,2,,,988,98827,Poya,POYA,0001,604,414,190,404,6,4,5,,,,,,JacquesGOSSOINNEKO POYA POUR TOUS,127,21.03,31.44,,,,0.99,Népoui,Poya,ARRETE_MANUAL,VILLE,,164.99768585786552,-21.326893497720405,arrete_manual_tribus,116,2701,Poya villageé Népoui
municipales_2026,2,,,988,98827,Poya,POYA,0002,492,421,71,418,2,1,1,,,,,,Julien MEUREUREU-GOWEALTERNATIVE NATIONALISTE NEKO POYA,10,2.03,2.39,,,,0.99,Goipin,Poya,ARRETE_MANUAL,TRIBU,,165.27390161257972,-21.22505994951149,arrete_manual_tribus,117,2705,Gohapin - Montfaoué - Néklia - Kradji
municipales_2026,2,,,988,98827,Poya,POYA,0002,492,421,71,418,2,1,3,,,,,,GuyMichel MACHOROUNE NOUVELLE DYNAMIQUE NEKÖ POYA,2,0.41,0.48,,,,0.99,Goipin,Poya,ARRETE_MANUAL,TRIBU,,165.27390161257972,-21.22505994951149,arrete_manual_tribus,117,2705,Gohapin - Montfaoué - Néklia - Kradji
municipales_2026,2,,,988,98827,Poya,POYA,0002,492,421,71,418,2,1,4,,,,,,FrançoisJoseph Poindi MEANDU-POVEUUNITE POYA NEKO,2026403,81.91,96.41,,,,0.99,Goipin,Poya,ARRETE_MANUAL,TRIBU,,165.27390161257972,-21.22505994951149,arrete_manual_tribus,117,2705,Gohapin - Montfaoué - Néklia - Kradji
municipales_2026,2,,,988,98827,Poya,POYA,0002,492,421,71,418,2,1,5,,,,,,JacquesGOSSOINNEKO POYA POUR TOUS,3,0.61,0.72,,,,0.99,Goipin,Poya,ARRETE_MANUAL,TRIBU,,165.27390161257972,-21.22505994951149,arrete_manual_tribus,117,2705,Gohapin - Montfaoué - Néklia - Kradji
municipales_2026,2,,,988,98827,Poya,POYA,0003,817,548,269,529,13,6,1,,,,,,Julien MEUREUREU-GOWEALTERNATIVE NATIONALISTE NEKO POYA,60,7.34,11.34,,,,0.99,Népoui,Poya,ARRETE_MANUAL,VILLE,,164.99768585786552,-21.326893497720405,arrete_manual_tribus,116,2701,Poya villageé Népoui
municipales_2026,2,,,988,98827,Poya,POYA,0003,817,548,269,529,13,6,3,,,,,,GuyMichel MACHOROUNE NOUVELLE DYNAMIQUE NEKÖ POYA,96,11.75,18.15,,,,0.99,Népoui,Poya,ARRETE_MANUAL,VILLE,,164.99768585786552,-21.326893497720405,arrete_manual_tribus,116,2701,Poya villageé Népoui
municipales_2026,2,,,988,98827,Poya,POYA,0003,817,548,269,529,13,6,4,,,,,,FrançoisJoseph Poindi MEANDU-POVEUUNITE POYA NEKO,2026237,29.01,44.8,,,,0.99,Népoui,Poya,ARRETE_MANUAL,VILLE,,164.99768585786552,-21.326893497720405,arrete_manual_tribus,116,2701,Poya villageé Népoui
municipales_2026,2,,,988,98827,Poya,POYA,0003,817,548,269,529,13,6,5,,,,,,JacquesGOSSOINNEKO POYA POUR TOUS,136,16.65,25.71,,,,0.99,Népoui,Poya,ARRETE_MANUAL,VILLE,,164.99768585786552,-21.326893497720405,arrete_manual_tribus,116,2701,Poya villageé Népoui
municipales_2026,2,,,988,98827,Poya,POYA,0004,262,203,59,200,1,2,1,,,,,,Julien MEUREUREU-GOWEALTERNATIVE NATIONALISTE NEKO POYA,146,55.73,73,,,,0.99,Montfaoué,Poya,ARRETE_MANUAL,TRIBU,,165.2933124776928,-21.277955211764784,arrete_manual_tribus,117,2705,Gohapin - Montfaoué - Néklia - Kradji
municipales_2026,2,,,988,98827,Poya,POYA,0004,262,203,59,200,1,2,3,,,,,,GuyMichel MACHOROUNE NOUVELLE DYNAMIQUE NEKÖ POYA,13,4.96,6.5,,,,0.99,Montfaoué,Poya,ARRETE_MANUAL,TRIBU,,165.2933124776928,-21.277955211764784,arrete_manual_tribus,117,2705,Gohapin - Montfaoué - Néklia - Kradji
municipales_2026,2,,,988,98827,Poya,POYA,0004,262,203,59,200,1,2,4,,,,,,FrançoisJoseph Poindi MEANDU-POVEUUNITE POYA NEKO,202616,6.11,8,,,,0.99,Montfaoué,Poya,ARRETE_MANUAL,TRIBU,,165.2933124776928,-21.277955211764784,arrete_manual_tribus,117,2705,Gohapin - Montfaoué - Néklia - Kradji
municipales_2026,2,,,988,98827,Poya,POYA,0004,262,203,59,200,1,2,5,,,,,,JacquesGOSSOINNEKO POYA POUR TOUS,25,9.54,12.5,,,,0.99,Montfaoué,Poya,ARRETE_MANUAL,TRIBU,,165.2933124776928,-21.277955211764784,arrete_manual_tribus,117,2705,Gohapin - Montfaoué - Néklia - Kradji
municipales_2026,2,,,988,98827,Poya,POYA,0005,218,178,40,171,5,2,1,,,,,,Julien MEUREUREU-GOWEALTERNATIVE NATIONALISTE NEKO POYA,14,6.42,8.19,,,,0.99,Moindah,Poya,ARRETE_MANUAL,LDH,,165.2454695470807,-21.4084575263513,arrete_manual_tribus,118,2706,Poya Sud
municipales_2026,2,,,988,98827,Poya,POYA,0005,218,178,40,171,5,2,3,,,,,,GuyMichel MACHOROUNE NOUVELLE DYNAMIQUE NEKÖ POYA,29,13.3,16.96,,,,0.99,Moindah,Poya,ARRETE_MANUAL,LDH,,165.2454695470807,-21.4084575263513,arrete_manual_tribus,118,2706,Poya Sud
municipales_2026,2,,,988,98827,Poya,POYA,0005,218,178,40,171,5,2,4,,,,,,FrançoisJoseph Poindi MEANDU-POVEUUNITE POYA NEKO,20269,4.13,5.26,,,,0.99,Moindah,Poya,ARRETE_MANUAL,LDH,,165.2454695470807,-21.4084575263513,arrete_manual_tribus,118,2706,Poya Sud
municipales_2026,2,,,988,98827,Poya,POYA,0005,218,178,40,171,5,2,5,,,,,,JacquesGOSSOINNEKO POYA POUR TOUS,119,54.59,69.59,,,,0.99,Moindah,Poya,ARRETE_MANUAL,LDH,,165.2454695470807,-21.4084575263513,arrete_manual_tribus,118,2706,Poya Sud
municipales_2026,2,,,988,98827,Poya,POYA,0006,204,167,37,164,2,1,1,,,,,,Julien MEUREUREU-GOWEALTERNATIVE NATIONALISTE NEKO POYA,50,24.51,30.49,,,,0.99,Nekliaï,Poya,ARRETE_MANUAL,TRIBU,Nékilyai,165.1862986905251,-21.29493580556391,arrete_manual_tribus,117,2705,Gohapin - Montfaoué - Néklia - Kradji
municipales_2026,2,,,988,98827,Poya,POYA,0006,204,167,37,164,2,1,3,,,,,,GuyMichel MACHOROUNE NOUVELLE DYNAMIQUE NEKÖ POYA,18,8.82,10.98,,,,0.99,Nekliaï,Poya,ARRETE_MANUAL,TRIBU,Nékilyai,165.1862986905251,-21.29493580556391,arrete_manual_tribus,117,2705,Gohapin - Montfaoué - Néklia - Kradji
municipales_2026,2,,,988,98827,Poya,POYA,0006,204,167,37,164,2,1,4,,,,,,FrançoisJoseph Poindi MEANDU-POVEUUNITE POYA NEKO,202672,35.29,43.9,,,,0.99,Nekliaï,Poya,ARRETE_MANUAL,TRIBU,Nékilyai,165.1862986905251,-21.29493580556391,arrete_manual_tribus,117,2705,Gohapin - Montfaoué - Néklia - Kradji
municipales_2026,2,,,988,98827,Poya,POYA,0006,204,167,37,164,2,1,5,,,,,,JacquesGOSSOINNEKO POYA POUR TOUS,24,11.76,14.63,,,,0.99,Nekliaï,Poya,ARRETE_MANUAL,TRIBU,Nékilyai,165.1862986905251,-21.29493580556391,arrete_manual_tribus,117,2705,Gohapin - Montfaoué - Néklia - Kradji
municipales_2026,2,,,988,98829,Thio,THIO,0001,881,610,271,605,3,2,1,,,,,,Téva PUAHIONotre jeunesse au coeur du changement,302,34.28,49.92,,Mairie,MAIRIE,0.7,THIO,Thio,LIEU_DIT_NC,VILLE,Cö,166.21553174553168,-21.610374938390603,tribus_villages_nc,120,2901,Thio village
municipales_2026,2,,,988,98829,Thio,THIO,0001,881,610,271,605,3,2,2,,,,,,"Lorenza M'BOUERITHIO,TERRE D'AVENIR-C'ESTMAINTENANT!",127,14.42,20.99,,Mairie,MAIRIE,0.7,THIO,Thio,LIEU_DIT_NC,VILLE,Cö,166.21553174553168,-21.610374938390603,tribus_villages_nc,120,2901,Thio village
municipales_2026,2,,,988,98829,Thio,THIO,0001,881,610,271,605,3,2,3,,,,,,EricTOURAUC/PALIKA CÖÖ,176,19.98,29.09,,Mairie,MAIRIE,0.7,THIO,Thio,LIEU_DIT_NC,VILLE,Cö,166.21553174553168,-21.610374938390603,tribus_villages_nc,120,2901,Thio village
municipales_2026,2,,,988,98829,Thio,THIO,0002,615,397,218,396,1,0,1,,,,,,Téva PUAHIONotre jeunesse au coeur du changement,183,29.76,46.21,,Mairie,MAIRIE,0.7,THIO,Thio,LIEU_DIT_NC,VILLE,Cö,166.21553174553168,-21.610374938390603,tribus_villages_nc,120,2901,Thio village
municipales_2026,2,,,988,98829,Thio,THIO,0002,615,397,218,396,1,0,2,,,,,,"Lorenza M'BOUERITHIO,TERRE D'AVENIR-C'ESTMAINTENANT!",111,18.05,28.03,,Mairie,MAIRIE,0.7,THIO,Thio,LIEU_DIT_NC,VILLE,Cö,166.21553174553168,-21.610374938390603,tribus_villages_nc,120,2901,Thio village
municipales_2026,2,,,988,98829,Thio,THIO,0002,615,397,218,396,1,0,3,,,,,,EricTOURAUC/PALIKA CÖÖ,102,16.59,25.76,,Mairie,MAIRIE,0.7,THIO,Thio,LIEU_DIT_NC,VILLE,Cö,166.21553174553168,-21.610374938390603,tribus_villages_nc,120,2901,Thio village
municipales_2026,2,,,988,98829,Thio,THIO,0003,315,195,120,194,0,1,1,,,,,,Téva PUAHIONotre jeunesse au coeur du changement,127,40.32,65.46,,Grand Borendy,GRAND BORENDY,1,Grand Borindi,Thio,LIEU_DIT_NC,TRIBU,Xöwi,166.45075740277505,-21.738718340168145,tribus_villages_nc,121,2902,Ouindo Borendy
municipales_2026,2,,,988,98829,Thio,THIO,0003,315,195,120,194,0,1,2,,,,,,"Lorenza M'BOUERITHIO,TERRE D'AVENIR-C'ESTMAINTENANT!",30,9.52,15.46,,Grand Borendy,GRAND BORENDY,1,Grand Borindi,Thio,LIEU_DIT_NC,TRIBU,Xöwi,166.45075740277505,-21.738718340168145,tribus_villages_nc,121,2902,Ouindo Borendy
municipales_2026,2,,,988,98829,Thio,THIO,0003,315,195,120,194,0,1,3,,,,,,EricTOURAUC/PALIKA CÖÖ,37,11.75,19.07,,Grand Borendy,GRAND BORENDY,1,Grand Borindi,Thio,LIEU_DIT_NC,TRIBU,Xöwi,166.45075740277505,-21.738718340168145,tribus_villages_nc,121,2902,Ouindo Borendy
municipales_2026,2,,,988,98829,Thio,THIO,0004,479,334,145,331,3,0,1,,,,,,Téva PUAHIONotre jeunesse au coeur du changement,109,22.76,32.93,,Saint-Pierre,SAINT PIERRE,1,St Pierre,Thio,LIEU_DIT_NC,TRIBU,Pwimuru,166.14983539215794,-21.67410856554519,tribus_villages_nc,121,2902,Ouindo Borendy
municipales_2026,2,,,988,98829,Thio,THIO,0004,479,334,145,331,3,0,2,,,,,,"Lorenza M'BOUERITHIO,TERRE D'AVENIR-C'ESTMAINTENANT!",152,31.73,45.92,,Saint-Pierre,SAINT PIERRE,1,St Pierre,Thio,LIEU_DIT_NC,TRIBU,Pwimuru,166.14983539215794,-21.67410856554519,tribus_villages_nc,121,2902,Ouindo Borendy
municipales_2026,2,,,988,98829,Thio,THIO,0004,479,334,145,331,3,0,3,,,,,,EricTOURAUC/PALIKA CÖÖ,70,14.61,21.15,,Saint-Pierre,SAINT PIERRE,1,St Pierre,Thio,LIEU_DIT_NC,TRIBU,Pwimuru,166.14983539215794,-21.67410856554519,tribus_villages_nc,121,2902,Ouindo Borendy
municipales_2026,2,,,988,98831,Voh,VOH,0001,778,480,298,472,5,3,1,,,,,,Emmanuel LOUISY-GABRIELRENOUVOH,252,32.39,53.39,,Mairie,MAIRIE,0.98,Mairie de Voh,,ADMINISTRATION ET ORGANISME,Administrations des collectivités,Administration de la commune de Voh,164.686182051524,-20.9488288857597,etablissements_publics_nc,129,3101,Voh village - Gatope
municipales_2026,2,,,988,98831,Voh,VOH,0001,778,480,298,472,5,3,2,,,,,,Joel BOATATE KOLEKOLEUNION NATIONALE POUR L'INDEPENDANCE,135,17.35,28.6,,Mairie,MAIRIE,0.98,Mairie de Voh,,ADMINISTRATION ET ORGANISME,Administrations des collectivités,Administration de la commune de Voh,164.686182051524,-20.9488288857597,etablissements_publics_nc,129,3101,Voh village - Gatope
municipales_2026,2,,,988,98831,Voh,VOH,0001,778,480,298,472,5,3,4,,,,,,David POITHILYUC ET NATIONALISTES,85,10.93,18.01,,Mairie,MAIRIE,0.98,Mairie de Voh,,ADMINISTRATION ET ORGANISME,Administrations des collectivités,Administration de la commune de Voh,164.686182051524,-20.9488288857597,etablissements_publics_nc,129,3101,Voh village - Gatope
municipales_2026,2,,,988,98831,Voh,VOH,0002,324,198,126,195,2,1,1,,,,,,Emmanuel LOUISY-GABRIELRENOUVOH,76,23.46,38.97,,Témala,TEMALA,0.93,Ecole primaire de Témala Ouélisse,,ENSEIGNEMENT ET FORMATION,Enseignement du premier degré,Ecole élémentaire,164.689267929949,-20.87135077045,etablissements_publics_nc,130,3103,Témala
municipales_2026,2,,,988,98831,Voh,VOH,0002,324,198,126,195,2,1,2,,,,,,Joel BOATATE KOLEKOLEUNION NATIONALE POUR L'INDEPENDANCE,69,21.3,35.38,,Témala,TEMALA,0.93,Ecole primaire de Témala Ouélisse,,ENSEIGNEMENT ET FORMATION,Enseignement du premier degré,Ecole élémentaire,164.689267929949,-20.87135077045,etablissements_publics_nc,130,3103,Témala
municipales_2026,2,,,988,98831,Voh,VOH,0002,324,198,126,195,2,1,4,,,,,,David POITHILYUC ET NATIONALISTES,50,15.43,25.64,,Témala,TEMALA,0.93,Ecole primaire de Témala Ouélisse,,ENSEIGNEMENT ET FORMATION,Enseignement du premier degré,Ecole élémentaire,164.689267929949,-20.87135077045,etablissements_publics_nc,130,3103,Témala
municipales_2026,2,,,988,98831,Voh,VOH,0003,53,44,9,42,0,2,1,,,,,,Emmanuel LOUISY-GABRIELRENOUVOH,2,3.77,4.76,,Ouengo,OUENGO,1,Ouango - Pouépaï,Voh,LIEU_DIT_NC,TRIBU,Hwaago,164.74217311646055,-20.784454291123556,tribus_villages_nc,130,3103,Témala
municipales_2026,2,,,988,98831,Voh,VOH,0003,53,44,9,42,0,2,2,,,,,,Joel BOATATE KOLEKOLEUNION NATIONALE POUR L'INDEPENDANCE,37,69.81,88.1,,Ouengo,OUENGO,1,Ouango - Pouépaï,Voh,LIEU_DIT_NC,TRIBU,Hwaago,164.74217311646055,-20.784454291123556,tribus_villages_nc,130,3103,Témala
municipales_2026,2,,,988,98831,Voh,VOH,0003,53,44,9,42,0,2,4,,,,,,David POITHILYUC ET NATIONALISTES,3,5.66,7.14,,Ouengo,OUENGO,1,Ouango - Pouépaï,Voh,LIEU_DIT_NC,TRIBU,Hwaago,164.74217311646055,-20.784454291123556,tribus_villages_nc,130,3103,Témala
municipales_2026,2,,,988,98831,Voh,VOH,0004,277,210,67,210,0,0,1,,,,,,Emmanuel LOUISY-GABRIELRENOUVOH,15,5.42,7.14,,Local socio-éducatif de Tieta,LOCAL SOCIO EDUCATIF TIETA,0.846,Foyer socio-éducatif de Tiéta,,CULTUREL ET SOCIO EDUCATIF,Equipements socio-éducatifs et socio-culturels,Foyer socio culturel,164.740133724095,-20.9210724511979,etablissements_publics_nc,131,3106,Tiéta
municipales_2026,2,,,988,98831,Voh,VOH,0004,277,210,67,210,0,0,2,,,,,,Joel BOATATE KOLEKOLEUNION NATIONALE POUR L'INDEPENDANCE,72,25.99,34.29,,Local socio-éducatif de Tieta,LOCAL SOCIO EDUCATIF TIETA,0.846,Foyer socio-éducatif de Tiéta,,CULTUREL ET SOCIO EDUCATIF,Equipements socio-éducatifs et socio-culturels,Foyer socio culturel,164.740133724095,-20.9210724511979,etablissements_publics_nc,131,3106,Tiéta
municipales_2026,2,,,988,98831,Voh,VOH,0004,277,210,67,210,0,0,4,,,,,,David POITHILYUC ET NATIONALISTES,123,44.4,58.57,,Local socio-éducatif de Tieta,LOCAL SOCIO EDUCATIF TIETA,0.846,Foyer socio-éducatif de Tiéta,,CULTUREL ET SOCIO EDUCATIF,Equipements socio-éducatifs et socio-culturels,Foyer socio culturel,164.740133724095,-20.9210724511979,etablissements_publics_nc,131,3106,Tiéta
municipales_2026,2,,,988,98831,Voh,VOH,0005,359,254,105,244,8,2,1,,,,,,Emmanuel LOUISY-GABRIELRENOUVOH,42,11.7,17.21,,Local socio-éducatif de Oundjo,LOCAL SOCIO EDUCATIF OUNDJO,0.821,Foyer socio-éducatif d'Oundjo,,CULTUREL ET SOCIO EDUCATIF,Equipements socio-éducatifs et socio-culturels,Foyer socio culturel,164.697579851987,-21.0373781816945,etablissements_publics_nc,129,3101,Voh village - Gatope
municipales_2026,2,,,988,98831,Voh,VOH,0005,359,254,105,244,8,2,2,,,,,,Joel BOATATE KOLEKOLEUNION NATIONALE POUR L'INDEPENDANCE,110,30.64,45.08,,Local socio-éducatif de Oundjo,LOCAL SOCIO EDUCATIF OUNDJO,0.821,Foyer socio-éducatif d'Oundjo,,CULTUREL ET SOCIO EDUCATIF,Equipements socio-éducatifs et socio-culturels,Foyer socio culturel,164.697579851987,-21.0373781816945,etablissements_publics_nc,129,3101,Voh village - Gatope
municipales_2026,2,,,988,98831,Voh,VOH,0005,359,254,105,244,8,2,4,,,,,,David POITHILYUC ET NATIONALISTES,92,25.63,37.7,,Local socio-éducatif de Oundjo,LOCAL SOCIO EDUCATIF OUNDJO,0.821,Foyer socio-éducatif d'Oundjo,,CULTUREL ET SOCIO EDUCATIF,Equipements socio-éducatifs et socio-culturels,Foyer socio culturel,164.697579851987,-21.0373781816945,etablissements_publics_nc,129,3101,Voh village - Gatope
municipales_2026,2,,,988,98831,Voh,VOH,0006,205,168,37,165,1,2,1,,,,,,Emmanuel LOUISY-GABRIELRENOUVOH,7,3.41,4.24,,Local socio-éducatif de Boyen,LOCAL SOCIO EDUCATIF BOYEN,0.717,Foyer socio-éducatif de Gatope,,CULTUREL ET SOCIO EDUCATIF,Equipements socio-éducatifs et socio-culturels,Foyer socio culturel,164.666715225632,-20.9652133930634,etablissements_publics_nc,129,3101,Voh village - Gatope
municipales_2026,2,,,988,98831,Voh,VOH,0006,205,168,37,165,1,2,2,,,,,,Joel BOATATE KOLEKOLEUNION NATIONALE POUR L'INDEPENDANCE,51,24.88,30.91,,Local socio-éducatif de Boyen,LOCAL SOCIO EDUCATIF BOYEN,0.717,Foyer socio-éducatif de Gatope,,CULTUREL ET SOCIO EDUCATIF,Equipements socio-éducatifs et socio-culturels,Foyer socio culturel,164.666715225632,-20.9652133930634,etablissements_publics_nc,129,3101,Voh village - Gatope
municipales_2026,2,,,988,98831,Voh,VOH,0006,205,168,37,165,1,2,4,,,,,,David POITHILYUC ET NATIONALISTES,107,52.2,64.85,,Local socio-éducatif de Boyen,LOCAL SOCIO EDUCATIF BOYEN,0.717,Foyer socio-éducatif de Gatope,,CULTUREL ET SOCIO EDUCATIF,Equipements socio-éducatifs et socio-culturels,Foyer socio culturel,164.666715225632,-20.9652133930634,etablissements_publics_nc,129,3101,Voh village - Gatope
municipales_2026,2,,,988,98831,Voh,VOH,0007,360,269,91,265,0,4,1,,,,,,Emmanuel LOUISY-GABRIELRENOUVOH,2,0.56,0.75,,Local socio-éducatif de Témala,LOCAL SOCIO EDUCATIF TEMALA,0.755,Foyer socio-éducatif de Tiéta,,CULTUREL ET SOCIO EDUCATIF,Equipements socio-éducatifs et socio-culturels,Foyer socio culturel,164.740133724095,-20.9210724511979,etablissements_publics_nc,131,3106,Tiéta
municipales_2026,2,,,988,98831,Voh,VOH,0007,360,269,91,265,0,4,2,,,,,,Joel BOATATE KOLEKOLEUNION NATIONALE POUR L'INDEPENDANCE,198,55,74.72,,Local socio-éducatif de Témala,LOCAL SOCIO EDUCATIF TEMALA,0.755,Foyer socio-éducatif de Tiéta,,CULTUREL ET SOCIO EDUCATIF,Equipements socio-éducatifs et socio-culturels,Foyer socio culturel,164.740133724095,-20.9210724511979,etablissements_publics_nc,131,3106,Tiéta
municipales_2026,2,,,988,98831,Voh,VOH,0007,360,269,91,265,0,4,4,,,,,,David POITHILYUC ET NATIONALISTES,65,18.06,24.53,,Local socio-éducatif de Témala,LOCAL SOCIO EDUCATIF TEMALA,0.755,Foyer socio-éducatif de Tiéta,,CULTUREL ET SOCIO EDUCATIF,Equipements socio-éducatifs et socio-culturels,Foyer socio culturel,164.740133724095,-20.9210724511979,etablissements_publics_nc,131,3106,Tiéta
municipales_2026,2,,,988,98831,Voh,VOH,0008,138,106,32,105,0,1,1,,,,,,Emmanuel LOUISY-GABRIELRENOUVOH,0,0,0,,,,0.99,Gatope,Voh,ARRETE_MANUAL,TRIBU,Webwihoon,164.66949443382563,-20.965828575807695,arrete_manual_tribus,129,3101,Voh village - Gatope
municipales_2026,2,,,988,98831,Voh,VOH,0008,138,106,32,105,0,1,2,,,,,,Joel BOATATE KOLEKOLEUNION NATIONALE POUR L'INDEPENDANCE,24,17.39,22.86,,,,0.99,Gatope,Voh,ARRETE_MANUAL,TRIBU,Webwihoon,164.66949443382563,-20.965828575807695,arrete_manual_tribus,129,3101,Voh village - Gatope
municipales_2026,2,,,988,98831,Voh,VOH,0008,138,106,32,105,0,1,4,,,,,,David POITHILYUC ET NATIONALISTES,81,58.7,77.14,,,,0.99,Gatope,Voh,ARRETE_MANUAL,TRIBU,Webwihoon,164.66949443382563,-20.965828575807695,arrete_manual_tribus,129,3101,Voh village - Gatope
municipales_2026,2,,,988,98833,Kouaoua,KOUAOUA,0001,580,474,106,471,3,0,1,,,,,,Alcide PONGAUNIS POUR KAAWIIPAA,200,34.48,42.46,,Mairie,MAIRIE,0.7,KOUAOUA,Kouaoua,LIEU_DIT_NC,VILLE,Aumu,165.82856671021466,-21.396045166693337,tribus_villages_nc,134,3301,Kouaoua village - Amon Kasiori
municipales_2026,2,,,988,98833,Kouaoua,KOUAOUA,0001,580,474,106,471,3,0,2,,,,,,Suzanne - Poawe MEREATUVISION KAAWIIPAA,58,10,12.31,,Mairie,MAIRIE,0.7,KOUAOUA,Kouaoua,LIEU_DIT_NC,VILLE,Aumu,165.82856671021466,-21.396045166693337,tribus_villages_nc,134,3301,Kouaoua village - Amon Kasiori
municipales_2026,2,,,988,98833,Kouaoua,KOUAOUA,0001,580,474,106,471,3,0,4,,,,,,Franck DIOPOUENOORE KAAWIIPAA NA TRU NEWE NIARREHI RI-KOUOUA MAITRE DE SON AVENIR,213,36.72,45.22,,Mairie,MAIRIE,0.7,KOUAOUA,Kouaoua,LIEU_DIT_NC,VILLE,Aumu,165.82856671021466,-21.396045166693337,tribus_villages_nc,134,3301,Kouaoua village - Amon Kasiori
municipales_2026,2,,,988,98833,Kouaoua,KOUAOUA,0002,287,224,63,224,0,0,1,,,,,,Alcide PONGAUNIS POUR KAAWIIPAA,95,33.1,42.41,,Maison commune de Ouérou-Pimet,MAISON COMMUNE OUEROU PIMET,0.95,Ouéroupimé,Kouaoua,LIEU_DIT_NC,TRIBU,Wérupimé,165.72221294003012,-21.49791198784617,tribus_villages_nc,135,3302,Méa Mébara - Ouérou Pimet
municipales_2026,2,,,988,98833,Kouaoua,KOUAOUA,0002,287,224,63,224,0,0,2,,,,,,Suzanne - Poawe MEREATUVISION KAAWIIPAA,29,10.1,12.95,,Maison commune de Ouérou-Pimet,MAISON COMMUNE OUEROU PIMET,0.95,Ouéroupimé,Kouaoua,LIEU_DIT_NC,TRIBU,Wérupimé,165.72221294003012,-21.49791198784617,tribus_villages_nc,135,3302,Méa Mébara - Ouérou Pimet
municipales_2026,2,,,988,98833,Kouaoua,KOUAOUA,0002,287,224,63,224,0,0,4,,,,,,Franck DIOPOUENOORE KAAWIIPAA NA TRU NEWE NIARREHI RI-KOUOUA MAITRE DE SON AVENIR,100,34.84,44.64,,Maison commune de Ouérou-Pimet,MAISON COMMUNE OUEROU PIMET,0.95,Ouéroupimé,Kouaoua,LIEU_DIT_NC,TRIBU,Wérupimé,165.72221294003012,-21.49791198784617,tribus_villages_nc,135,3302,Méa Mébara - Ouérou Pimet
municipales_2026,2,,,988,98833,Kouaoua,KOUAOUA,0003,148,125,23,123,1,1,1,,,,,,Alcide PONGAUNIS POUR KAAWIIPAA,74,50,60.16,,Koh,KOH,1,Koh,Kouaoua,LIEU_DIT_NC,TRIBU,,165.83542921955194,-21.536184530370736,tribus_villages_nc,135,3302,Méa Mébara - Ouérou Pimet
municipales_2026,2,,,988,98833,Kouaoua,KOUAOUA,0003,148,125,23,123,1,1,2,,,,,,Suzanne - Poawe MEREATUVISION KAAWIIPAA,4,2.7,3.25,,Koh,KOH,1,Koh,Kouaoua,LIEU_DIT_NC,TRIBU,,165.83542921955194,-21.536184530370736,tribus_villages_nc,135,3302,Méa Mébara - Ouérou Pimet
municipales_2026,2,,,988,98833,Kouaoua,KOUAOUA,0003,148,125,23,123,1,1,4,,,,,,Franck DIOPOUENOORE KAAWIIPAA NA TRU NEWE NIARREHI RI-KOUOUA MAITRE DE SON AVENIR,45,30.41,36.59,,Koh,KOH,1,Koh,Kouaoua,LIEU_DIT_NC,TRIBU,,165.83542921955194,-21.536184530370736,tribus_villages_nc,135,3302,Méa Mébara - Ouérou Pimet
municipales_2026,2,,,988,98833,Kouaoua,KOUAOUA,0004,191,164,27,162,2,0,1,,,,,,Alcide PONGAUNIS POUR KAAWIIPAA,54,28.27,33.33,,Méa-Mébara,MEA MEBARA,1,Méa Mébara,Kouaoua,LIEU_DIT_NC,TRIBU,,165.78859040310297,-21.469132110021317,tribus_villages_nc,135,3302,Méa Mébara - Ouérou Pimet
municipales_2026,2,,,988,98833,Kouaoua,KOUAOUA,0004,191,164,27,162,2,0,2,,,,,,Suzanne - Poawe MEREATUVISION KAAWIIPAA,33,17.28,20.37,,Méa-Mébara,MEA MEBARA,1,Méa Mébara,Kouaoua,LIEU_DIT_NC,TRIBU,,165.78859040310297,-21.469132110021317,tribus_villages_nc,135,3302,Méa Mébara - Ouérou Pimet
municipales_2026,2,,,988,98833,Kouaoua,KOUAOUA,0004,191,164,27,162,2,0,4,,,,,,Franck DIOPOUENOORE KAAWIIPAA NA TRU NEWE NIARREHI RI-KOUOUA MAITRE DE SON AVENIR,75,39.27,46.3,,Méa-Mébara,MEA MEBARA,1,Méa Mébara,Kouaoua,LIEU_DIT_NC,TRIBU,,165.78859040310297,-21.469132110021317,tribus_villages_nc,135,3302,Méa Mébara - Ouérou Pimet
