election,tour,province_code,province,code_departement,code_commune,commune,commune_norm,code_bv,inscrits,votants,abstentions,exprimes,blancs,nuls,numero_panneau,nuance,nom,prenom,sexe,candidat,candidature,voix,pct_inscrits,pct_exprimes,elu,bureau_nom,bureau_nom_norm,match_score,etablissement_nom,etablissement_adresse,etablissement_theme1,etablissement_theme2,etablissement_theme3,longitude,latitude,geo_source,iris_id,iris_codgeo,iris_libgeo
municipales_2020,1,,,988,98801,Belep,BELEP,0001,944,659,285,656,1,2,1,LNC,MOILOU,Jean-Baptiste,M,Jean-Baptiste MOILOU,DAU AR POUR TOUS,330,34.96,50.3,,Mairie,MAIRIE,0.7,Waala,Belep,LIEU_DIT_NC,VILLE,,163.6480110596638,-19.71203277091468,tribus_villages_nc,3,101,Bélep
municipales_2020,1,,,988,98801,Belep,BELEP,0001,944,659,285,656,1,2,2,LNC,WAHOULO,Albert,M,Albert WAHOULO,BELEP : IDENTITE ET DESTIN PARTAGE,326,34.53,49.7,,Mairie,MAIRIE,0.7,Waala,Belep,LIEU_DIT_NC,VILLE,,163.6480110596638,-19.71203277091468,tribus_villages_nc,3,101,Bélep
municipales_2020,1,,,988,98802,Boulouparis,BOULOUPARI,0001,1721,1241,480,1218,12,11,1,LNC,THEVEDIN,Roger,M,Roger THEVEDIN,FA MURU BEREPWARI,174,10.11,14.29,,Mairie,MAIRIE,0.98,Mairie de Boulouparis,,ADMINISTRATION ET ORGANISME,Administrations des collectivités,Administration de la commune de Boulouparis,166.047711423762,-21.8654175541592,etablissements_publics_nc,88,201,Boulouparis village
municipales_2020,1,,,988,98802,Boulouparis,BOULOUPARI,0001,1721,1241,480,1218,12,11,2,LNC,VITTORI,Pascal,M,Pascal VITTORI,BOULOUPARIS POUR VOUS,620,36.03,50.9,,Mairie,MAIRIE,0.98,Mairie de Boulouparis,,ADMINISTRATION ET ORGANISME,Administrations des collectivités,Administration de la commune de Boulouparis,166.047711423762,-21.8654175541592,etablissements_publics_nc,88,201,Boulouparis village
municipales_2020,1,,,988,98802,Boulouparis,BOULOUPARI,0001,1721,1241,480,1218,12,11,3,LNC,SIRET,Jérôme,M,Jérôme SIRET,ENSEMBLE DEVELOPPONS BOULOUPARIS,424,24.64,34.81,,Mairie,MAIRIE,0.98,Mairie de Boulouparis,,ADMINISTRATION ET ORGANISME,Administrations des collectivités,Administration de la commune de Boulouparis,166.047711423762,-21.8654175541592,etablissements_publics_nc,88,201,Boulouparis village
municipales_2020,1,,,988,98802,Boulouparis,BOULOUPARI,0002,1422,969,453,947,15,7,1,LNC,THEVEDIN,Roger,M,Roger THEVEDIN,FA MURU BEREPWARI,72,5.06,7.6,,Centre Culturel,CENTRE CULTUREL,0.833,Centre Socioculturel,,CULTUREL ET SOCIO EDUCATIF,Equipements socio-éducatifs et socio-culturels,Foyer socio culturel,166.049037015845,-21.8654352350015,etablissements_publics_nc,88,201,Boulouparis village
municipales_2020,1,,,988,98802,Boulouparis,BOULOUPARI,0002,1422,969,453,947,15,7,2,LNC,VITTORI,Pascal,M,Pascal VITTORI,BOULOUPARIS POUR VOUS,561,39.45,59.24,,Centre Culturel,CENTRE CULTUREL,0.833,Centre Socioculturel,,CULTUREL ET SOCIO EDUCATIF,Equipements socio-éducatifs et socio-culturels,Foyer socio culturel,166.049037015845,-21.8654352350015,etablissements_publics_nc,88,201,Boulouparis village
municipales_2020,1,,,988,98802,Boulouparis,BOULOUPARI,0002,1422,969,453,947,15,7,3,LNC,SIRET,Jérôme,M,Jérôme SIRET,ENSEMBLE DEVELOPPONS BOULOUPARIS,314,22.08,33.16,,Centre Culturel,CENTRE CULTUREL,0.833,Centre Socioculturel,,CULTUREL ET SOCIO EDUCATIF,Equipements socio-éducatifs et socio-culturels,Foyer socio culturel,166.049037015845,-21.8654352350015,etablissements_publics_nc,88,201,Boulouparis village
municipales_2020,1,,,988,98803,Bourail,BOURAIL,0001,710,433,277,416,11,6,1,LDIV,JEAN,Alima,F,Alima JEAN,ENSEMBLE POUR BOURAIL,31,4.37,7.45,,Mairie,MAIRIE,0.98,Mairie de Bourail,,ADMINISTRATION ET ORGANISME,Administrations des collectivités,Administration de la commune de Bourail,165.497503614793,-21.5680444203004,etablissements_publics_nc,125,301,Bourail village
municipales_2020,1,,,988,98803,Bourail,BOURAIL,0001,710,433,277,416,11,6,2,LDIV,ROBELIN,Patrick,M,Patrick ROBELIN,BOURAIL EN ACCORD,207,29.15,49.76,,Mairie,MAIRIE,0.98,Mairie de Bourail,,ADMINISTRATION ET ORGANISME,Administrations des collectivités,Administration de la commune de Bourail,165.497503614793,-21.5680444203004,etablissements_publics_nc,125,301,Bourail village
municipales_2020,1,,,988,98803,Bourail,BOURAIL,0001,710,433,277,416,11,6,3,LDVD,UGOLINI,David,M,David UGOLINI,RENOUVEAU POUR BOURAIL,83,11.69,19.95,,Mairie,MAIRIE,0.98,Mairie de Bourail,,ADMINISTRATION ET ORGANISME,Administrations des collectivités,Administration de la commune de Bourail,165.497503614793,-21.5680444203004,etablissements_publics_nc,125,301,Bourail village
municipales_2020,1,,,988,98803,Bourail,BOURAIL,0001,710,433,277,416,11,6,4,LDIV,WUHRLIN,Arnaud,M,Arnaud WUHRLIN,DESSINONS BOURAIL,72,10.14,17.31,,Mairie,MAIRIE,0.98,Mairie de Bourail,,ADMINISTRATION ET ORGANISME,Administrations des collectivités,Administration de la commune de Bourail,165.497503614793,-21.5680444203004,etablissements_publics_nc,125,301,Bourail village
municipales_2020,1,,,988,98803,Bourail,BOURAIL,0001,710,433,277,416,11,6,5,LREG,BOANEMOI,Julien,M,Julien BOANEMOI,FLKNS,23,3.24,5.53,,Mairie,MAIRIE,0.98,Mairie de Bourail,,ADMINISTRATION ET ORGANISME,Administrations des collectivités,Administration de la commune de Bourail,165.497503614793,-21.5680444203004,etablissements_publics_nc,125,301,Bourail village
municipales_2020,1,,,988,98803,Bourail,BOURAIL,0002,838,388,450,377,8,3,1,LDIV,JEAN,Alima,F,Alima JEAN,ENSEMBLE POUR BOURAIL,6,0.72,1.59,,Pothé,POTHE,0.93,Ecole de Pothé,,ENSEIGNEMENT ET FORMATION,Enseignement du premier degré,Ecole pré-élémentaire,165.491900847299,-21.4547330481005,etablissements_publics_nc,128,305,Ny
municipales_2020,1,,,988,98803,Bourail,BOURAIL,0002,838,388,450,377,8,3,2,LDIV,ROBELIN,Patrick,M,Patrick ROBELIN,BOURAIL EN ACCORD,139,16.59,36.87,,Pothé,POTHE,0.93,Ecole de Pothé,,ENSEIGNEMENT ET FORMATION,Enseignement du premier degré,Ecole pré-élémentaire,165.491900847299,-21.4547330481005,etablissements_publics_nc,128,305,Ny
municipales_2020,1,,,988,98803,Bourail,BOURAIL,0002,838,388,450,377,8,3,3,LDVD,UGOLINI,David,M,David UGOLINI,RENOUVEAU POUR BOURAIL,11,1.31,2.92,,Pothé,POTHE,0.93,Ecole de Pothé,,ENSEIGNEMENT ET FORMATION,Enseignement du premier degré,Ecole pré-élémentaire,165.491900847299,-21.4547330481005,etablissements_publics_nc,128,305,Ny
municipales_2020,1,,,988,98803,Bourail,BOURAIL,0002,838,388,450,377,8,3,4,LDIV,WUHRLIN,Arnaud,M,Arnaud WUHRLIN,DESSINONS BOURAIL,66,7.88,17.51,,Pothé,POTHE,0.93,Ecole de Pothé,,ENSEIGNEMENT ET FORMATION,Enseignement du premier degré,Ecole pré-élémentaire,165.491900847299,-21.4547330481005,etablissements_publics_nc,128,305,Ny
municipales_2020,1,,,988,98803,Bourail,BOURAIL,0002,838,388,450,377,8,3,5,LREG,BOANEMOI,Julien,M,Julien BOANEMOI,FLKNS,155,18.5,41.11,,Pothé,POTHE,0.93,Ecole de Pothé,,ENSEIGNEMENT ET FORMATION,Enseignement du premier degré,Ecole pré-élémentaire,165.491900847299,-21.4547330481005,etablissements_publics_nc,128,305,Ny
municipales_2020,1,,,988,98803,Bourail,BOURAIL,0003,968,627,341,606,12,9,1,LDIV,JEAN,Alima,F,Alima JEAN,ENSEMBLE POUR BOURAIL,16,1.65,2.64,,Colisée,COLISEE,0.93,Le Colisée - Salle de spectacle,,CULTUREL ET SOCIO EDUCATIF,Equipements culturels,Salle de concert,165.49385205691,-21.5656940047007,etablissements_publics_nc,125,301,Bourail village
municipales_2020,1,,,988,98803,Bourail,BOURAIL,0003,968,627,341,606,12,9,2,LDIV,ROBELIN,Patrick,M,Patrick ROBELIN,BOURAIL EN ACCORD,302,31.2,49.83,,Colisée,COLISEE,0.93,Le Colisée - Salle de spectacle,,CULTUREL ET SOCIO EDUCATIF,Equipements culturels,Salle de concert,165.49385205691,-21.5656940047007,etablissements_publics_nc,125,301,Bourail village
municipales_2020,1,,,988,98803,Bourail,BOURAIL,0003,968,627,341,606,12,9,3,LDVD,UGOLINI,David,M,David UGOLINI,RENOUVEAU POUR BOURAIL,155,16.01,25.58,,Colisée,COLISEE,0.93,Le Colisée - Salle de spectacle,,CULTUREL ET SOCIO EDUCATIF,Equipements culturels,Salle de concert,165.49385205691,-21.5656940047007,etablissements_publics_nc,125,301,Bourail village
municipales_2020,1,,,988,98803,Bourail,BOURAIL,0003,968,627,341,606,12,9,4,LDIV,WUHRLIN,Arnaud,M,Arnaud WUHRLIN,DESSINONS BOURAIL,107,11.05,17.66,,Colisée,COLISEE,0.93,Le Colisée - Salle de spectacle,,CULTUREL ET SOCIO EDUCATIF,Equipements culturels,Salle de concert,165.49385205691,-21.5656940047007,etablissements_publics_nc,125,301,Bourail village
municipales_2020,1,,,988,98803,Bourail,BOURAIL,0003,968,627,341,606,12,9,5,LREG,BOANEMOI,Julien,M,Julien BOANEMOI,FLKNS,26,2.69,4.29,,Colisée,COLISEE,0.93,Le Colisée - Salle de spectacle,,CULTUREL ET SOCIO EDUCATIF,Equipements culturels,Salle de concert,165.49385205691,-21.5656940047007,etablissements_publics_nc,125,301,Bourail village
municipales_2020,1,,,988,98803,Bourail,BOURAIL,0004,1034,626,408,598,16,12,1,LDIV,JEAN,Alima,F,Alima JEAN,ENSEMBLE POUR BOURAIL,57,5.51,9.53,,École Les Lys d’Eau,ECOLE LYS D EAU,0.85,Ecole primaire Les Lys d'Eau,,ENSEIGNEMENT ET FORMATION,Enseignement du premier degré,Ecole primaire,165.49748641875,-21.5730483252455,etablissements_publics_nc,125,301,Bourail village
municipales_2020,1,,,988,98803,Bourail,BOURAIL,0004,1034,626,408,598,16,12,2,LDIV,ROBELIN,Patrick,M,Patrick ROBELIN,BOURAIL EN ACCORD,245,23.69,40.97,,École Les Lys d’Eau,ECOLE LYS D EAU,0.85,Ecole primaire Les Lys d'Eau,,ENSEIGNEMENT ET FORMATION,Enseignement du premier degré,Ecole primaire,165.49748641875,-21.5730483252455,etablissements_publics_nc,125,301,Bourail village
municipales_2020,1,,,988,98803,Bourail,BOURAIL,0004,1034,626,408,598,16,12,3,LDVD,UGOLINI,David,M,David UGOLINI,RENOUVEAU POUR BOURAIL,203,19.63,33.95,,École Les Lys d’Eau,ECOLE LYS D EAU,0.85,Ecole primaire Les Lys d'Eau,,ENSEIGNEMENT ET FORMATION,Enseignement du premier degré,Ecole primaire,165.49748641875,-21.5730483252455,etablissements_publics_nc,125,301,Bourail village
municipales_2020,1,,,988,98803,Bourail,BOURAIL,0004,1034,626,408,598,16,12,4,LDIV,WUHRLIN,Arnaud,M,Arnaud WUHRLIN,DESSINONS BOURAIL,70,6.77,11.71,,École Les Lys d’Eau,ECOLE LYS D EAU,0.85,Ecole primaire Les Lys d'Eau,,ENSEIGNEMENT ET FORMATION,Enseignement du premier degré,Ecole primaire,165.49748641875,-21.5730483252455,etablissements_publics_nc,125,301,Bourail village
municipales_2020,1,,,988,98803,Bourail,BOURAIL,0004,1034,626,408,598,16,12,5,LREG,BOANEMOI,Julien,M,Julien BOANEMOI,FLKNS,23,2.22,3.85,,École Les Lys d’Eau,ECOLE LYS D EAU,0.85,Ecole primaire Les Lys d'Eau,,ENSEIGNEMENT ET FORMATION,Enseignement du premier degré,Ecole primaire,165.49748641875,-21.5730483252455,etablissements_publics_nc,125,301,Bourail village
municipales_2020,1,,,988,98803,Bourail,BOURAIL,0005,951,567,384,546,16,5,1,LDIV,JEAN,Alima,F,Alima JEAN,ENSEMBLE POUR BOURAIL,18,1.89,3.3,,École Louise Michel,ECOLE LOUISE MICHEL,0.859,Ecole primaire Louise Michel,,ENSEIGNEMENT ET FORMATION,Enseignement du premier degré,Ecole primaire,165.497379452405,-21.57045570157,etablissements_publics_nc,125,301,Bourail village
municipales_2020,1,,,988,98803,Bourail,BOURAIL,0005,951,567,384,546,16,5,2,LDIV,ROBELIN,Patrick,M,Patrick ROBELIN,BOURAIL EN ACCORD,286,30.07,52.38,,École Louise Michel,ECOLE LOUISE MICHEL,0.859,Ecole primaire Louise Michel,,ENSEIGNEMENT ET FORMATION,Enseignement du premier degré,Ecole primaire,165.497379452405,-21.57045570157,etablissements_publics_nc,125,301,Bourail village
municipales_2020,1,,,988,98803,Bourail,BOURAIL,0005,951,567,384,546,16,5,3,LDVD,UGOLINI,David,M,David UGOLINI,RENOUVEAU POUR BOURAIL,111,11.67,20.33,,École Louise Michel,ECOLE LOUISE MICHEL,0.859,Ecole primaire Louise Michel,,ENSEIGNEMENT ET FORMATION,Enseignement du premier degré,Ecole primaire,165.497379452405,-21.57045570157,etablissements_publics_nc,125,301,Bourail village
municipales_2020,1,,,988,98803,Bourail,BOURAIL,0005,951,567,384,546,16,5,4,LDIV,WUHRLIN,Arnaud,M,Arnaud WUHRLIN,DESSINONS BOURAIL,94,9.88,17.22,,École Louise Michel,ECOLE LOUISE MICHEL,0.859,Ecole primaire Louise Michel,,ENSEIGNEMENT ET FORMATION,Enseignement du premier degré,Ecole primaire,165.497379452405,-21.57045570157,etablissements_publics_nc,125,301,Bourail village
municipales_2020,1,,,988,98803,Bourail,BOURAIL,0005,951,567,384,546,16,5,5,LREG,BOANEMOI,Julien,M,Julien BOANEMOI,FLKNS,37,3.89,6.78,,École Louise Michel,ECOLE LOUISE MICHEL,0.859,Ecole primaire Louise Michel,,ENSEIGNEMENT ET FORMATION,Enseignement du premier degré,Ecole primaire,165.497379452405,-21.57045570157,etablissements_publics_nc,125,301,Bourail village
municipales_2020,1,,,988,98804,Canala,CANALA,0001,387,265,122,263,1,1,1,LREG,JOREDIE,Fabio Gyslain,M,Fabio Gyslain JOREDIE,FEDERATION COMMUNALE DE COMPETENCES AU SERVICE DE L'INNOVATION,38,9.82,14.45,,Mairie,MAIRIE,0.7,CANALA,Canala,LIEU_DIT_NC,VILLE,Xârâcùù,165.96392757417755,-21.522084905801098,tribus_villages_nc,136,401,Canala village
municipales_2020,1,,,988,98804,Canala,CANALA,0001,387,265,122,263,1,1,2,LREG,TYUIENON,Gilbert,M,Gilbert TYUIENON,UC FLNKS,112,28.94,42.59,,Mairie,MAIRIE,0.7,CANALA,Canala,LIEU_DIT_NC,VILLE,Xârâcùù,165.96392757417755,-21.522084905801098,tribus_villages_nc,136,401,Canala village
municipales_2020,1,,,988,98804,Canala,CANALA,0001,387,265,122,263,1,1,3,LDIV,MAYET,Jean Michel,M,Jean Michel MAYET,MURU XORU CANALA ALTERNATIVE,61,15.76,23.19,,Mairie,MAIRIE,0.7,CANALA,Canala,LIEU_DIT_NC,VILLE,Xârâcùù,165.96392757417755,-21.522084905801098,tribus_villages_nc,136,401,Canala village
municipales_2020,1,,,988,98804,Canala,CANALA,0001,387,265,122,263,1,1,4,LREG,MIDJA EPOUSE MERO,Bernadette,F,Bernadette MIDJA EPOUSE MERO,XARACUU TAATOA,52,13.44,19.77,,Mairie,MAIRIE,0.7,CANALA,Canala,LIEU_DIT_NC,VILLE,Xârâcùù,165.96392757417755,-21.522084905801098,tribus_villages_nc,136,401,Canala village
municipales_2020,1,,,988,98804,Canala,CANALA,0002,819,515,304,508,4,3,1,LREG,JOREDIE,Fabio Gyslain,M,Fabio Gyslain JOREDIE,FEDERATION COMMUNALE DE COMPETENCES AU SERVICE DE L'INNOVATION,52,6.35,10.24,,Nakéty,NAKETY,1,Nakéty,Canala,LIEU_DIT_NC,TRIBU,Nèkètè,166.04631481753384,-21.54222544058342,tribus_villages_nc,137,403,Gélima - Nakéty
municipales_2020,1,,,988,98804,Canala,CANALA,0002,819,515,304,508,4,3,2,LREG,TYUIENON,Gilbert,M,Gilbert TYUIENON,UC FLNKS,197,24.05,38.78,,Nakéty,NAKETY,1,Nakéty,Canala,LIEU_DIT_NC,TRIBU,Nèkètè,166.04631481753384,-21.54222544058342,tribus_villages_nc,137,403,Gélima - Nakéty
municipales_2020,1,,,988,98804,Canala,CANALA,0002,819,515,304,508,4,3,3,LDIV,MAYET,Jean Michel,M,Jean Michel MAYET,MURU XORU CANALA ALTERNATIVE,70,8.55,13.78,,Nakéty,NAKETY,1,Nakéty,Canala,LIEU_DIT_NC,TRIBU,Nèkètè,166.04631481753384,-21.54222544058342,tribus_villages_nc,137,403,Gélima - Nakéty
municipales_2020,1,,,988,98804,Canala,CANALA,0002,819,515,304,508,4,3,4,LREG,MIDJA EPOUSE MERO,Bernadette,F,Bernadette MIDJA EPOUSE MERO,XARACUU TAATOA,189,23.08,37.2,,Nakéty,NAKETY,1,Nakéty,Canala,LIEU_DIT_NC,TRIBU,Nèkètè,166.04631481753384,-21.54222544058342,tribus_villages_nc,137,403,Gélima - Nakéty
municipales_2020,1,,,988,98804,Canala,CANALA,0003,461,318,143,308,4,6,1,LREG,JOREDIE,Fabio Gyslain,M,Fabio Gyslain JOREDIE,FEDERATION COMMUNALE DE COMPETENCES AU SERVICE DE L'INNOVATION,32,6.94,10.39,,Nanon,NANON,0.95,Nanon-Kénérou,Canala,LIEU_DIT_NC,TRIBU,Nèno - Kénéru,165.88480729759476,-21.546697208816735,tribus_villages_nc,136,401,Canala village
municipales_2020,1,,,988,98804,Canala,CANALA,0003,461,318,143,308,4,6,2,LREG,TYUIENON,Gilbert,M,Gilbert TYUIENON,UC FLNKS,143,31.02,46.43,,Nanon,NANON,0.95,Nanon-Kénérou,Canala,LIEU_DIT_NC,TRIBU,Nèno - Kénéru,165.88480729759476,-21.546697208816735,tribus_villages_nc,136,401,Canala village
municipales_2020,1,,,988,98804,Canala,CANALA,0003,461,318,143,308,4,6,3,LDIV,MAYET,Jean Michel,M,Jean Michel MAYET,MURU XORU CANALA ALTERNATIVE,18,3.9,5.84,,Nanon,NANON,0.95,Nanon-Kénérou,Canala,LIEU_DIT_NC,TRIBU,Nèno - Kénéru,165.88480729759476,-21.546697208816735,tribus_villages_nc,136,401,Canala village
municipales_2020,1,,,988,98804,Canala,CANALA,0003,461,318,143,308,4,6,4,LREG,MIDJA EPOUSE MERO,Bernadette,F,Bernadette MIDJA EPOUSE MERO,XARACUU TAATOA,115,24.95,37.34,,Nanon,NANON,0.95,Nanon-Kénérou,Canala,LIEU_DIT_NC,TRIBU,Nèno - Kénéru,165.88480729759476,-21.546697208816735,tribus_villages_nc,136,401,Canala village
municipales_2020,1,,,988,98804,Canala,CANALA,0004,808,567,241,561,2,4,1,LREG,JOREDIE,Fabio Gyslain,M,Fabio Gyslain JOREDIE,FEDERATION COMMUNALE DE COMPETENCES AU SERVICE DE L'INNOVATION,98,12.13,17.47,,Méhoué,MEHOUE,1,Méhoué,Canala,LIEU_DIT_NC,TRIBU,Mèèwéé,165.9494172177474,-21.51958486452521,tribus_villages_nc,136,401,Canala village
municipales_2020,1,,,988,98804,Canala,CANALA,0004,808,567,241,561,2,4,2,LREG,TYUIENON,Gilbert,M,Gilbert TYUIENON,UC FLNKS,286,35.4,50.98,,Méhoué,MEHOUE,1,Méhoué,Canala,LIEU_DIT_NC,TRIBU,Mèèwéé,165.9494172177474,-21.51958486452521,tribus_villages_nc,136,401,Canala village
municipales_2020,1,,,988,98804,Canala,CANALA,0004,808,567,241,561,2,4,3,LDIV,MAYET,Jean Michel,M,Jean Michel MAYET,MURU XORU CANALA ALTERNATIVE,85,10.52,15.15,,Méhoué,MEHOUE,1,Méhoué,Canala,LIEU_DIT_NC,TRIBU,Mèèwéé,165.9494172177474,-21.51958486452521,tribus_villages_nc,136,401,Canala village
municipales_2020,1,,,988,98804,Canala,CANALA,0004,808,567,241,561,2,4,4,LREG,MIDJA EPOUSE MERO,Bernadette,F,Bernadette MIDJA EPOUSE MERO,XARACUU TAATOA,92,11.39,16.4,,Méhoué,MEHOUE,1,Méhoué,Canala,LIEU_DIT_NC,TRIBU,Mèèwéé,165.9494172177474,-21.51958486452521,tribus_villages_nc,136,401,Canala village
municipales_2020,1,,,988,98804,Canala,CANALA,0005,729,489,240,487,1,1,1,LREG,JOREDIE,Fabio Gyslain,M,Fabio Gyslain JOREDIE,FEDERATION COMMUNALE DE COMPETENCES AU SERVICE DE L'INNOVATION,77,10.56,15.81,,Gélima,GELIMA,1,Gélima,Canala,LIEU_DIT_NC,TRIBU,Jari Mwâ,165.98151543430086,-21.534392845846163,tribus_villages_nc,137,403,Gélima - Nakéty
municipales_2020,1,,,988,98804,Canala,CANALA,0005,729,489,240,487,1,1,2,LREG,TYUIENON,Gilbert,M,Gilbert TYUIENON,UC FLNKS,260,35.67,53.39,,Gélima,GELIMA,1,Gélima,Canala,LIEU_DIT_NC,TRIBU,Jari Mwâ,165.98151543430086,-21.534392845846163,tribus_villages_nc,137,403,Gélima - Nakéty
municipales_2020,1,,,988,98804,Canala,CANALA,0005,729,489,240,487,1,1,3,LDIV,MAYET,Jean Michel,M,Jean Michel MAYET,MURU XORU CANALA ALTERNATIVE,83,11.39,17.04,,Gélima,GELIMA,1,Gélima,Canala,LIEU_DIT_NC,TRIBU,Jari Mwâ,165.98151543430086,-21.534392845846163,tribus_villages_nc,137,403,Gélima - Nakéty
municipales_2020,1,,,988,98804,Canala,CANALA,0005,729,489,240,487,1,1,4,LREG,MIDJA EPOUSE MERO,Bernadette,F,Bernadette MIDJA EPOUSE MERO,XARACUU TAATOA,67,9.19,13.76,,Gélima,GELIMA,1,Gélima,Canala,LIEU_DIT_NC,TRIBU,Jari Mwâ,165.98151543430086,-21.534392845846163,tribus_villages_nc,137,403,Gélima - Nakéty
municipales_2020,1,,,988,98804,Canala,CANALA,0006,296,188,108,184,1,3,1,LREG,JOREDIE,Fabio Gyslain,M,Fabio Gyslain JOREDIE,FEDERATION COMMUNALE DE COMPETENCES AU SERVICE DE L'INNOVATION,59,19.93,32.07,,Mérénémé,MERENEME,1,Mérénémé,Canala,LIEU_DIT_NC,TRIBU,,165.92818615112122,-21.514857403632252,tribus_villages_nc,136,401,Canala village
municipales_2020,1,,,988,98804,Canala,CANALA,0006,296,188,108,184,1,3,2,LREG,TYUIENON,Gilbert,M,Gilbert TYUIENON,UC FLNKS,91,30.74,49.46,,Mérénémé,MERENEME,1,Mérénémé,Canala,LIEU_DIT_NC,TRIBU,,165.92818615112122,-21.514857403632252,tribus_villages_nc,136,401,Canala village
municipales_2020,1,,,988,98804,Canala,CANALA,0006,296,188,108,184,1,3,3,LDIV,MAYET,Jean Michel,M,Jean Michel MAYET,MURU XORU CANALA ALTERNATIVE,21,7.09,11.41,,Mérénémé,MERENEME,1,Mérénémé,Canala,LIEU_DIT_NC,TRIBU,,165.92818615112122,-21.514857403632252,tribus_villages_nc,136,401,Canala village
municipales_2020,1,,,988,98804,Canala,CANALA,0006,296,188,108,184,1,3,4,LREG,MIDJA EPOUSE MERO,Bernadette,F,Bernadette MIDJA EPOUSE MERO,XARACUU TAATOA,13,4.39,7.07,,Mérénémé,MERENEME,1,Mérénémé,Canala,LIEU_DIT_NC,TRIBU,,165.92818615112122,-21.514857403632252,tribus_villages_nc,136,401,Canala village
municipales_2020,1,,,988,98805,Dumbéa,DUMBEA,0001,1104,537,567,530,4,3,1,LDVC,JAN,Cynthia,F,Cynthia JAN,GÉNÉRATIONS DUMBEA,126,11.41,23.77,,Hôtel de Ville 1,MAIRIE,0.93,Mairie du Nord de Dumbéa,777 ROUTE TERRITORIALE N°1,ADMINISTRATION ET ORGANISME,Administrations des collectivités,Administration de la commune de Dumbéa,166.457501065839,-22.1675460417822,etablissements_publics_nc,149,512,Plaine de Koé
municipales_2020,1,,,988,98805,Dumbéa,DUMBEA,0001,1104,537,567,530,4,3,2,LDVC,ORTHOSIE EPOUSE VERLAGUET,Yolande,F,Yolande ORTHOSIE EPOUSE VERLAGUET,DUMBEA AUTREMENT UNE NOUVELLE AMBITION POUR NOTRE VILLE,23,2.08,4.34,,Hôtel de Ville 1,MAIRIE,0.93,Mairie du Nord de Dumbéa,777 ROUTE TERRITORIALE N°1,ADMINISTRATION ET ORGANISME,Administrations des collectivités,Administration de la commune de Dumbéa,166.457501065839,-22.1675460417822,etablissements_publics_nc,149,512,Plaine de Koé
municipales_2020,1,,,988,98805,Dumbéa,DUMBEA,0001,1104,537,567,530,4,3,3,LDVD,NATUREL,Georges,M,Georges NATUREL,Pour une ville à votre image,337,30.53,63.58,,Hôtel de Ville 1,MAIRIE,0.93,Mairie du Nord de Dumbéa,777 ROUTE TERRITORIALE N°1,ADMINISTRATION ET ORGANISME,Administrations des collectivités,Administration de la commune de Dumbéa,166.457501065839,-22.1675460417822,etablissements_publics_nc,149,512,Plaine de Koé
municipales_2020,1,,,988,98805,Dumbéa,DUMBEA,0001,1104,537,567,530,4,3,4,LDIV,HONAKOKO EP. AUCHER,Rachel,F,Rachel HONAKOKO EP. AUCHER,DUMBEA UNE VILLE OCEANIENNE,22,1.99,4.15,,Hôtel de Ville 1,MAIRIE,0.93,Mairie du Nord de Dumbéa,777 ROUTE TERRITORIALE N°1,ADMINISTRATION ET ORGANISME,Administrations des collectivités,Administration de la commune de Dumbéa,166.457501065839,-22.1675460417822,etablissements_publics_nc,149,512,Plaine de Koé
municipales_2020,1,,,988,98805,Dumbéa,DUMBEA,0001,1104,537,567,530,4,3,5,LDIV,MULIAVA,Vaimu'A,M,Vaimu'A MULIAVA,NOTRE DUMBEA LE REVEIL,22,1.99,4.15,,Hôtel de Ville 1,MAIRIE,0.93,Mairie du Nord de Dumbéa,777 ROUTE TERRITORIALE N°1,ADMINISTRATION ET ORGANISME,Administrations des collectivités,Administration de la commune de Dumbéa,166.457501065839,-22.1675460417822,etablissements_publics_nc,149,512,Plaine de Koé
municipales_2020,1,,,988,98805,Dumbéa,DUMBEA,0002,818,393,425,388,4,1,1,LDVC,JAN,Cynthia,F,Cynthia JAN,GÉNÉRATIONS DUMBEA,36,4.4,9.28,,Hôtel de ville 2,MAIRIE,0.93,Mairie du Nord de Dumbéa,777 ROUTE TERRITORIALE N°1,ADMINISTRATION ET ORGANISME,Administrations des collectivités,Administration de la commune de Dumbéa,166.457501065839,-22.1675460417822,etablissements_publics_nc,149,512,Plaine de Koé
municipales_2020,1,,,988,98805,Dumbéa,DUMBEA,0002,818,393,425,388,4,1,2,LDVC,ORTHOSIE EPOUSE VERLAGUET,Yolande,F,Yolande ORTHOSIE EPOUSE VERLAGUET,DUMBEA AUTREMENT UNE NOUVELLE AMBITION POUR NOTRE VILLE,37,4.52,9.54,,Hôtel de ville 2,MAIRIE,0.93,Mairie du Nord de Dumbéa,777 ROUTE TERRITORIALE N°1,ADMINISTRATION ET ORGANISME,Administrations des collectivités,Administration de la commune de Dumbéa,166.457501065839,-22.1675460417822,etablissements_publics_nc,149,512,Plaine de Koé
municipales_2020,1,,,988,98805,Dumbéa,DUMBEA,0002,818,393,425,388,4,1,3,LDVD,NATUREL,Georges,M,Georges NATUREL,Pour une ville à votre image,145,17.73,37.37,,Hôtel de ville 2,MAIRIE,0.93,Mairie du Nord de Dumbéa,777 ROUTE TERRITORIALE N°1,ADMINISTRATION ET ORGANISME,Administrations des collectivités,Administration de la commune de Dumbéa,166.457501065839,-22.1675460417822,etablissements_publics_nc,149,512,Plaine de Koé
municipales_2020,1,,,988,98805,Dumbéa,DUMBEA,0002,818,393,425,388,4,1,4,LDIV,HONAKOKO EP. AUCHER,Rachel,F,Rachel HONAKOKO EP. AUCHER,DUMBEA UNE VILLE OCEANIENNE,54,6.6,13.92,,Hôtel de ville 2,MAIRIE,0.93,Mairie du Nord de Dumbéa,777 ROUTE TERRITORIALE N°1,ADMINISTRATION ET ORGANISME,Administrations des collectivités,Administration de la commune de Dumbéa,166.457501065839,-22.1675460417822,etablissements_publics_nc,149,512,Plaine de Koé
municipales_2020,1,,,988,98805,Dumbéa,DUMBEA,0002,818,393,425,388,4,1,5,LDIV,MULIAVA,Vaimu'A,M,Vaimu'A MULIAVA,NOTRE DUMBEA LE REVEIL,116,14.18,29.9,,Hôtel de ville 2,MAIRIE,0.93,Mairie du Nord de Dumbéa,777 ROUTE TERRITORIALE N°1,ADMINISTRATION ET ORGANISME,Administrations des collectivités,Administration de la commune de Dumbéa,166.457501065839,-22.1675460417822,etablissements_publics_nc,149,512,Plaine de Koé
municipales_2020,1,,,988,98805,Dumbéa,DUMBEA,0003,938,391,547,378,9,4,1,LDVC,JAN,Cynthia,F,Cynthia JAN,GÉNÉRATIONS DUMBEA,33,3.52,8.73,,Hôtel de ville 3,MAIRIE,0.93,Mairie du Nord de Dumbéa,777 ROUTE TERRITORIALE N°1,ADMINISTRATION ET ORGANISME,Administrations des collectivités,Administration de la commune de Dumbéa,166.457501065839,-22.1675460417822,etablissements_publics_nc,149,512,Plaine de Koé
municipales_2020,1,,,988,98805,Dumbéa,DUMBEA,0003,938,391,547,378,9,4,2,LDVC,ORTHOSIE EPOUSE VERLAGUET,Yolande,F,Yolande ORTHOSIE EPOUSE VERLAGUET,DUMBEA AUTREMENT UNE NOUVELLE AMBITION POUR NOTRE VILLE,44,4.69,11.64,,Hôtel de ville 3,MAIRIE,0.93,Mairie du Nord de Dumbéa,777 ROUTE TERRITORIALE N°1,ADMINISTRATION ET ORGANISME,Administrations des collectivités,Administration de la commune de Dumbéa,166.457501065839,-22.1675460417822,etablissements_publics_nc,149,512,Plaine de Koé
municipales_2020,1,,,988,98805,Dumbéa,DUMBEA,0003,938,391,547,378,9,4,3,LDVD,NATUREL,Georges,M,Georges NATUREL,Pour une ville à votre image,150,15.99,39.68,,Hôtel de ville 3,MAIRIE,0.93,Mairie du Nord de Dumbéa,777 ROUTE TERRITORIALE N°1,ADMINISTRATION ET ORGANISME,Administrations des collectivités,Administration de la commune de Dumbéa,166.457501065839,-22.1675460417822,etablissements_publics_nc,149,512,Plaine de Koé
municipales_2020,1,,,988,98805,Dumbéa,DUMBEA,0003,938,391,547,378,9,4,4,LDIV,HONAKOKO EP. AUCHER,Rachel,F,Rachel HONAKOKO EP. AUCHER,DUMBEA UNE VILLE OCEANIENNE,54,5.76,14.29,,Hôtel de ville 3,MAIRIE,0.93,Mairie du Nord de Dumbéa,777 ROUTE TERRITORIALE N°1,ADMINISTRATION ET ORGANISME,Administrations des collectivités,Administration de la commune de Dumbéa,166.457501065839,-22.1675460417822,etablissements_publics_nc,149,512,Plaine de Koé
municipales_2020,1,,,988,98805,Dumbéa,DUMBEA,0003,938,391,547,378,9,4,5,LDIV,MULIAVA,Vaimu'A,M,Vaimu'A MULIAVA,NOTRE DUMBEA LE REVEIL,97,10.34,25.66,,Hôtel de ville 3,MAIRIE,0.93,Mairie du Nord de Dumbéa,777 ROUTE TERRITORIALE N°1,ADMINISTRATION ET ORGANISME,Administrations des collectivités,Administration de la commune de Dumbéa,166.457501065839,-22.1675460417822,etablissements_publics_nc,149,512,Plaine de Koé
municipales_2020,1,,,988,98805,Dumbéa,DUMBEA,0004,938,404,534,390,10,4,1,LDVC,JAN,Cynthia,F,Cynthia JAN,GÉNÉRATIONS DUMBEA,42,4.48,10.77,,Ecole primaire Mainguet 1,ECOLE PRIMAIRE MAINGUET,0.952,Ecole primaire Jack Mainguet,73 RUE JEAN FRANCOIS LAPEROUSE,ENSEIGNEMENT ET FORMATION,Enseignement du premier degré,Ecole primaire,166.474584305922,-22.2148395317313,etablissements_publics_nc,138,501,Coeur de ville urbain
municipales_2020,1,,,988,98805,Dumbéa,DUMBEA,0004,938,404,534,390,10,4,2,LDVC,ORTHOSIE EPOUSE VERLAGUET,Yolande,F,Yolande ORTHOSIE EPOUSE VERLAGUET,DUMBEA AUTREMENT UNE NOUVELLE AMBITION POUR NOTRE VILLE,33,3.52,8.46,,Ecole primaire Mainguet 1,ECOLE PRIMAIRE MAINGUET,0.952,Ecole primaire Jack Mainguet,73 RUE JEAN FRANCOIS LAPEROUSE,ENSEIGNEMENT ET FORMATION,Enseignement du premier degré,Ecole primaire,166.474584305922,-22.2148395317313,etablissements_publics_nc,138,501,Coeur de ville urbain
municipales_2020,1,,,988,98805,Dumbéa,DUMBEA,0004,938,404,534,390,10,4,3,LDVD,NATUREL,Georges,M,Georges NATUREL,Pour une ville à votre image,169,18.02,43.33,,Ecole primaire Mainguet 1,ECOLE PRIMAIRE MAINGUET,0.952,Ecole primaire Jack Mainguet,73 RUE JEAN FRANCOIS LAPEROUSE,ENSEIGNEMENT ET FORMATION,Enseignement du premier degré,Ecole primaire,166.474584305922,-22.2148395317313,etablissements_publics_nc,138,501,Coeur de ville urbain
municipales_2020,1,,,988,98805,Dumbéa,DUMBEA,0004,938,404,534,390,10,4,4,LDIV,HONAKOKO EP. AUCHER,Rachel,F,Rachel HONAKOKO EP. AUCHER,DUMBEA UNE VILLE OCEANIENNE,81,8.64,20.77,,Ecole primaire Mainguet 1,ECOLE PRIMAIRE MAINGUET,0.952,Ecole primaire Jack Mainguet,73 RUE JEAN FRANCOIS LAPEROUSE,ENSEIGNEMENT ET FORMATION,Enseignement du premier degré,Ecole primaire,166.474584305922,-22.2148395317313,etablissements_publics_nc,138,501,Coeur de ville urbain
municipales_2020,1,,,988,98805,Dumbéa,DUMBEA,0004,938,404,534,390,10,4,5,LDIV,MULIAVA,Vaimu'A,M,Vaimu'A MULIAVA,NOTRE DUMBEA LE REVEIL,65,6.93,16.67,,Ecole primaire Mainguet 1,ECOLE PRIMAIRE MAINGUET,0.952,Ecole primaire Jack Mainguet,73 RUE JEAN FRANCOIS LAPEROUSE,ENSEIGNEMENT ET FORMATION,Enseignement du premier degré,Ecole primaire,166.474584305922,-22.2148395317313,etablissements_publics_nc,138,501,Coeur de ville urbain
municipales_2020,1,,,988,98805,Dumbéa,DUMBEA,0005,901,362,539,356,2,4,1,LDVC,JAN,Cynthia,F,Cynthia JAN,GÉNÉRATIONS DUMBEA,35,3.88,9.83,,Ecole primaire Mainguet 2,ECOLE PRIMAIRE MAINGUET,0.952,Ecole primaire Jack Mainguet,73 RUE JEAN FRANCOIS LAPEROUSE,ENSEIGNEMENT ET FORMATION,Enseignement du premier degré,Ecole primaire,166.474584305922,-22.2148395317313,etablissements_publics_nc,138,501,Coeur de ville urbain
municipales_2020,1,,,988,98805,Dumbéa,DUMBEA,0005,901,362,539,356,2,4,2,LDVC,ORTHOSIE EPOUSE VERLAGUET,Yolande,F,Yolande ORTHOSIE EPOUSE VERLAGUET,DUMBEA AUTREMENT UNE NOUVELLE AMBITION POUR NOTRE VILLE,49,5.44,13.76,,Ecole primaire Mainguet 2,ECOLE PRIMAIRE MAINGUET,0.952,Ecole primaire Jack Mainguet,73 RUE JEAN FRANCOIS LAPEROUSE,ENSEIGNEMENT ET FORMATION,Enseignement du premier degré,Ecole primaire,166.474584305922,-22.2148395317313,etablissements_publics_nc,138,501,Coeur de ville urbain
municipales_2020,1,,,988,98805,Dumbéa,DUMBEA,0005,901,362,539,356,2,4,3,LDVD,NATUREL,Georges,M,Georges NATUREL,Pour une ville à votre image,97,10.77,27.25,,Ecole primaire Mainguet 2,ECOLE PRIMAIRE MAINGUET,0.952,Ecole primaire Jack Mainguet,73 RUE JEAN FRANCOIS LAPEROUSE,ENSEIGNEMENT ET FORMATION,Enseignement du premier degré,Ecole primaire,166.474584305922,-22.2148395317313,etablissements_publics_nc,138,501,Coeur de ville urbain
municipales_2020,1,,,988,98805,Dumbéa,DUMBEA,0005,901,362,539,356,2,4,4,LDIV,HONAKOKO EP. AUCHER,Rachel,F,Rachel HONAKOKO EP. AUCHER,DUMBEA UNE VILLE OCEANIENNE,64,7.1,17.98,,Ecole primaire Mainguet 2,ECOLE PRIMAIRE MAINGUET,0.952,Ecole primaire Jack Mainguet,73 RUE JEAN FRANCOIS LAPEROUSE,ENSEIGNEMENT ET FORMATION,Enseignement du premier degré,Ecole primaire,166.474584305922,-22.2148395317313,etablissements_publics_nc,138,501,Coeur de ville urbain
municipales_2020,1,,,988,98805,Dumbéa,DUMBEA,0005,901,362,539,356,2,4,5,LDIV,MULIAVA,Vaimu'A,M,Vaimu'A MULIAVA,NOTRE DUMBEA LE REVEIL,111,12.32,31.18,,Ecole primaire Mainguet 2,ECOLE PRIMAIRE MAINGUET,0.952,Ecole primaire Jack Mainguet,73 RUE JEAN FRANCOIS LAPEROUSE,ENSEIGNEMENT ET FORMATION,Enseignement du premier degré,Ecole primaire,166.474584305922,-22.2148395317313,etablissements_publics_nc,138,501,Coeur de ville urbain
municipales_2020,1,,,988,98805,Dumbéa,DUMBEA,0006,920,445,475,436,4,5,1,LDVC,JAN,Cynthia,F,Cynthia JAN,GÉNÉRATIONS DUMBEA,60,6.52,13.76,,Maison de la jeunesse 1,MAISON JEUNESSE,1,Maison de la jeunesse,26 AVENUE D'AUTEUIL,CULTUREL ET SOCIO EDUCATIF,Equipements culturels,Centre culturel maison culturelle et centre d'art,166.474913290828,-22.2056811434969,etablissements_publics_nc,144,507,Jacarandas II
municipales_2020,1,,,988,98805,Dumbéa,DUMBEA,0006,920,445,475,436,4,5,2,LDVC,ORTHOSIE EPOUSE VERLAGUET,Yolande,F,Yolande ORTHOSIE EPOUSE VERLAGUET,DUMBEA AUTREMENT UNE NOUVELLE AMBITION POUR NOTRE VILLE,32,3.48,7.34,,Maison de la jeunesse 1,MAISON JEUNESSE,1,Maison de la jeunesse,26 AVENUE D'AUTEUIL,CULTUREL ET SOCIO EDUCATIF,Equipements culturels,Centre culturel maison culturelle et centre d'art,166.474913290828,-22.2056811434969,etablissements_publics_nc,144,507,Jacarandas II
municipales_2020,1,,,988,98805,Dumbéa,DUMBEA,0006,920,445,475,436,4,5,3,LDVD,NATUREL,Georges,M,Georges NATUREL,Pour une ville à votre image,237,25.76,54.36,,Maison de la jeunesse 1,MAISON JEUNESSE,1,Maison de la jeunesse,26 AVENUE D'AUTEUIL,CULTUREL ET SOCIO EDUCATIF,Equipements culturels,Centre culturel maison culturelle et centre d'art,166.474913290828,-22.2056811434969,etablissements_publics_nc,144,507,Jacarandas II
municipales_2020,1,,,988,98805,Dumbéa,DUMBEA,0006,920,445,475,436,4,5,4,LDIV,HONAKOKO EP. AUCHER,Rachel,F,Rachel HONAKOKO EP. AUCHER,DUMBEA UNE VILLE OCEANIENNE,44,4.78,10.09,,Maison de la jeunesse 1,MAISON JEUNESSE,1,Maison de la jeunesse,26 AVENUE D'AUTEUIL,CULTUREL ET SOCIO EDUCATIF,Equipements culturels,Centre culturel maison culturelle et centre d'art,166.474913290828,-22.2056811434969,etablissements_publics_nc,144,507,Jacarandas II
municipales_2020,1,,,988,98805,Dumbéa,DUMBEA,0006,920,445,475,436,4,5,5,LDIV,MULIAVA,Vaimu'A,M,Vaimu'A MULIAVA,NOTRE DUMBEA LE REVEIL,63,6.85,14.45,,Maison de la jeunesse 1,MAISON JEUNESSE,1,Maison de la jeunesse,26 AVENUE D'AUTEUIL,CULTUREL ET SOCIO EDUCATIF,Equipements culturels,Centre culturel maison culturelle et centre d'art,166.474913290828,-22.2056811434969,etablissements_publics_nc,144,507,Jacarandas II
municipales_2020,1,,,988,98805,Dumbéa,DUMBEA,0007,891,451,440,435,13,3,1,LDVC,JAN,Cynthia,F,Cynthia JAN,GÉNÉRATIONS DUMBEA,34,3.82,7.82,,Maison de la jeunesse 2,MAISON JEUNESSE,1,Maison de la jeunesse,26 AVENUE D'AUTEUIL,CULTUREL ET SOCIO EDUCATIF,Equipements culturels,Centre culturel maison culturelle et centre d'art,166.474913290828,-22.2056811434969,etablissements_publics_nc,144,507,Jacarandas II
municipales_2020,1,,,988,98805,Dumbéa,DUMBEA,0007,891,451,440,435,13,3,2,LDVC,ORTHOSIE EPOUSE VERLAGUET,Yolande,F,Yolande ORTHOSIE EPOUSE VERLAGUET,DUMBEA AUTREMENT UNE NOUVELLE AMBITION POUR NOTRE VILLE,40,4.49,9.2,,Maison de la jeunesse 2,MAISON JEUNESSE,1,Maison de la jeunesse,26 AVENUE D'AUTEUIL,CULTUREL ET SOCIO EDUCATIF,Equipements culturels,Centre culturel maison culturelle et centre d'art,166.474913290828,-22.2056811434969,etablissements_publics_nc,144,507,Jacarandas II
municipales_2020,1,,,988,98805,Dumbéa,DUMBEA,0007,891,451,440,435,13,3,3,LDVD,NATUREL,Georges,M,Georges NATUREL,Pour une ville à votre image,287,32.21,65.98,,Maison de la jeunesse 2,MAISON JEUNESSE,1,Maison de la jeunesse,26 AVENUE D'AUTEUIL,CULTUREL ET SOCIO EDUCATIF,Equipements culturels,Centre culturel maison culturelle et centre d'art,166.474913290828,-22.2056811434969,etablissements_publics_nc,144,507,Jacarandas II
municipales_2020,1,,,988,98805,Dumbéa,DUMBEA,0007,891,451,440,435,13,3,4,LDIV,HONAKOKO EP. AUCHER,Rachel,F,Rachel HONAKOKO EP. AUCHER,DUMBEA UNE VILLE OCEANIENNE,27,3.03,6.21,,Maison de la jeunesse 2,MAISON JEUNESSE,1,Maison de la jeunesse,26 AVENUE D'AUTEUIL,CULTUREL ET SOCIO EDUCATIF,Equipements culturels,Centre culturel maison culturelle et centre d'art,166.474913290828,-22.2056811434969,etablissements_publics_nc,144,507,Jacarandas II
municipales_2020,1,,,988,98805,Dumbéa,DUMBEA,0007,891,451,440,435,13,3,5,LDIV,MULIAVA,Vaimu'A,M,Vaimu'A MULIAVA,NOTRE DUMBEA LE REVEIL,47,5.27,10.8,,Maison de la jeunesse 2,MAISON JEUNESSE,1,Maison de la jeunesse,26 AVENUE D'AUTEUIL,CULTUREL ET SOCIO EDUCATIF,Equipements culturels,Centre culturel maison culturelle et centre d'art,166.474913290828,-22.2056811434969,etablissements_publics_nc,144,507,Jacarandas II
municipales_2020,1,,,988,98805,Dumbéa,DUMBEA,0008,885,422,463,414,5,3,1,LDVC,JAN,Cynthia,F,Cynthia JAN,GÉNÉRATIONS DUMBEA,44,4.97,10.63,,Centre culturel de Dumbéa 1,CENTRE CULTUREL DUMBEA,1,Centre culturel de Dumbéa,56 AVENUE D'AUTEUIL,CULTUREL ET SOCIO EDUCATIF,Equipements culturels,Centre culturel maison culturelle et centre d'art,166.474126141924,-22.2081759337081,etablissements_publics_nc,140,503,Koutio Secal
municipales_2020,1,,,988,98805,Dumbéa,DUMBEA,0008,885,422,463,414,5,3,2,LDVC,ORTHOSIE EPOUSE VERLAGUET,Yolande,F,Yolande ORTHOSIE EPOUSE VERLAGUET,DUMBEA AUTREMENT UNE NOUVELLE AMBITION POUR NOTRE VILLE,24,2.71,5.8,,Centre culturel de Dumbéa 1,CENTRE CULTUREL DUMBEA,1,Centre culturel de Dumbéa,56 AVENUE D'AUTEUIL,CULTUREL ET SOCIO EDUCATIF,Equipements culturels,Centre culturel maison culturelle et centre d'art,166.474126141924,-22.2081759337081,etablissements_publics_nc,140,503,Koutio Secal
municipales_2020,1,,,988,98805,Dumbéa,DUMBEA,0008,885,422,463,414,5,3,3,LDVD,NATUREL,Georges,M,Georges NATUREL,Pour une ville à votre image,143,16.16,34.54,,Centre culturel de Dumbéa 1,CENTRE CULTUREL DUMBEA,1,Centre culturel de Dumbéa,56 AVENUE D'AUTEUIL,CULTUREL ET SOCIO EDUCATIF,Equipements culturels,Centre culturel maison culturelle et centre d'art,166.474126141924,-22.2081759337081,etablissements_publics_nc,140,503,Koutio Secal
municipales_2020,1,,,988,98805,Dumbéa,DUMBEA,0008,885,422,463,414,5,3,4,LDIV,HONAKOKO EP. AUCHER,Rachel,F,Rachel HONAKOKO EP. AUCHER,DUMBEA UNE VILLE OCEANIENNE,37,4.18,8.94,,Centre culturel de Dumbéa 1,CENTRE CULTUREL DUMBEA,1,Centre culturel de Dumbéa,56 AVENUE D'AUTEUIL,CULTUREL ET SOCIO EDUCATIF,Equipements culturels,Centre culturel maison culturelle et centre d'art,166.474126141924,-22.2081759337081,etablissements_publics_nc,140,503,Koutio Secal
municipales_2020,1,,,988,98805,Dumbéa,DUMBEA,0008,885,422,463,414,5,3,5,LDIV,MULIAVA,Vaimu'A,M,Vaimu'A MULIAVA,NOTRE DUMBEA LE REVEIL,166,18.76,40.1,,Centre culturel de Dumbéa 1,CENTRE CULTUREL DUMBEA,1,Centre culturel de Dumbéa,56 AVENUE D'AUTEUIL,CULTUREL ET SOCIO EDUCATIF,Equipements culturels,Centre culturel maison culturelle et centre d'art,166.474126141924,-22.2081759337081,etablissements_publics_nc,140,503,Koutio Secal
municipales_2020,1,,,988,98805,Dumbéa,DUMBEA,0009,992,497,495,486,10,1,1,LDVC,JAN,Cynthia,F,Cynthia JAN,GÉNÉRATIONS DUMBEA,41,4.13,8.44,,Centre culturel de Dumbéa 2,CENTRE CULTUREL DUMBEA,1,Centre culturel de Dumbéa,56 AVENUE D'AUTEUIL,CULTUREL ET SOCIO EDUCATIF,Equipements culturels,Centre culturel maison culturelle et centre d'art,166.474126141924,-22.2081759337081,etablissements_publics_nc,140,503,Koutio Secal
municipales_2020,1,,,988,98805,Dumbéa,DUMBEA,0009,992,497,495,486,10,1,2,LDVC,ORTHOSIE EPOUSE VERLAGUET,Yolande,F,Yolande ORTHOSIE EPOUSE VERLAGUET,DUMBEA AUTREMENT UNE NOUVELLE AMBITION POUR NOTRE VILLE,47,4.74,9.67,,Centre culturel de Dumbéa 2,CENTRE CULTUREL DUMBEA,1,Centre culturel de Dumbéa,56 AVENUE D'AUTEUIL,CULTUREL ET SOCIO EDUCATIF,Equipements culturels,Centre culturel maison culturelle et centre d'art,166.474126141924,-22.2081759337081,etablissements_publics_nc,140,503,Koutio Secal
municipales_2020,1,,,988,98805,Dumbéa,DUMBEA,0009,992,497,495,486,10,1,3,LDVD,NATUREL,Georges,M,Georges NATUREL,Pour une ville à votre image,160,16.13,32.92,,Centre culturel de Dumbéa 2,CENTRE CULTUREL DUMBEA,1,Centre culturel de Dumbéa,56 AVENUE D'AUTEUIL,CULTUREL ET SOCIO EDUCATIF,Equipements culturels,Centre culturel maison culturelle et centre d'art,166.474126141924,-22.2081759337081,etablissements_publics_nc,140,503,Koutio Secal
municipales_2020,1,,,988,98805,Dumbéa,DUMBEA,0009,992,497,495,486,10,1,4,LDIV,HONAKOKO EP. AUCHER,Rachel,F,Rachel HONAKOKO EP. AUCHER,DUMBEA UNE VILLE OCEANIENNE,76,7.66,15.64,,Centre culturel de Dumbéa 2,CENTRE CULTUREL DUMBEA,1,Centre culturel de Dumbéa,56 AVENUE D'AUTEUIL,CULTUREL ET SOCIO EDUCATIF,Equipements culturels,Centre culturel maison culturelle et centre d'art,166.474126141924,-22.2081759337081,etablissements_publics_nc,140,503,Koutio Secal
municipales_2020,1,,,988,98805,Dumbéa,DUMBEA,0009,992,497,495,486,10,1,5,LDIV,MULIAVA,Vaimu'A,M,Vaimu'A MULIAVA,NOTRE DUMBEA LE REVEIL,162,16.33,33.33,,Centre culturel de Dumbéa 2,CENTRE CULTUREL DUMBEA,1,Centre culturel de Dumbéa,56 AVENUE D'AUTEUIL,CULTUREL ET SOCIO EDUCATIF,Equipements culturels,Centre culturel maison culturelle et centre d'art,166.474126141924,-22.2081759337081,etablissements_publics_nc,140,503,Koutio Secal
municipales_2020,1,,,988,98805,Dumbéa,DUMBEA,0010,834,376,458,363,10,3,1,LDVC,JAN,Cynthia,F,Cynthia JAN,GÉNÉRATIONS DUMBEA,59,7.07,16.25,,Centre culturel de Dumbéa 3,CENTRE CULTUREL DUMBEA,1,Centre culturel de Dumbéa,56 AVENUE D'AUTEUIL,CULTUREL ET SOCIO EDUCATIF,Equipements culturels,Centre culturel maison culturelle et centre d'art,166.474126141924,-22.2081759337081,etablissements_publics_nc,140,503,Koutio Secal
municipales_2020,1,,,988,98805,Dumbéa,DUMBEA,0010,834,376,458,363,10,3,2,LDVC,ORTHOSIE EPOUSE VERLAGUET,Yolande,F,Yolande ORTHOSIE EPOUSE VERLAGUET,DUMBEA AUTREMENT UNE NOUVELLE AMBITION POUR NOTRE VILLE,22,2.64,6.06,,Centre culturel de Dumbéa 3,CENTRE CULTUREL DUMBEA,1,Centre culturel de Dumbéa,56 AVENUE D'AUTEUIL,CULTUREL ET SOCIO EDUCATIF,Equipements culturels,Centre culturel maison culturelle et centre d'art,166.474126141924,-22.2081759337081,etablissements_publics_nc,140,503,Koutio Secal
municipales_2020,1,,,988,98805,Dumbéa,DUMBEA,0010,834,376,458,363,10,3,3,LDVD,NATUREL,Georges,M,Georges NATUREL,Pour une ville à votre image,202,24.22,55.65,,Centre culturel de Dumbéa 3,CENTRE CULTUREL DUMBEA,1,Centre culturel de Dumbéa,56 AVENUE D'AUTEUIL,CULTUREL ET SOCIO EDUCATIF,Equipements culturels,Centre culturel maison culturelle et centre d'art,166.474126141924,-22.2081759337081,etablissements_publics_nc,140,503,Koutio Secal
municipales_2020,1,,,988,98805,Dumbéa,DUMBEA,0010,834,376,458,363,10,3,4,LDIV,HONAKOKO EP. AUCHER,Rachel,F,Rachel HONAKOKO EP. AUCHER,DUMBEA UNE VILLE OCEANIENNE,37,4.44,10.19,,Centre culturel de Dumbéa 3,CENTRE CULTUREL DUMBEA,1,Centre culturel de Dumbéa,56 AVENUE D'AUTEUIL,CULTUREL ET SOCIO EDUCATIF,Equipements culturels,Centre culturel maison culturelle et centre d'art,166.474126141924,-22.2081759337081,etablissements_publics_nc,140,503,Koutio Secal
municipales_2020,1,,,988,98805,Dumbéa,DUMBEA,0010,834,376,458,363,10,3,5,LDIV,MULIAVA,Vaimu'A,M,Vaimu'A MULIAVA,NOTRE DUMBEA LE REVEIL,43,5.16,11.85,,Centre culturel de Dumbéa 3,CENTRE CULTUREL DUMBEA,1,Centre culturel de Dumbéa,56 AVENUE D'AUTEUIL,CULTUREL ET SOCIO EDUCATIF,Equipements culturels,Centre culturel maison culturelle et centre d'art,166.474126141924,-22.2081759337081,etablissements_publics_nc,140,503,Koutio Secal
municipales_2020,1,,,988,98805,Dumbéa,DUMBEA,0011,846,360,486,351,9,0,1,LDVC,JAN,Cynthia,F,Cynthia JAN,GÉNÉRATIONS DUMBEA,36,4.26,10.26,,Ecole primaire Gustave Clain 1,ECOLE PRIMAIRE GUSTAVE CLAIN,0.897,Ecole élémentaire Gustave Clain,49 RUE JACQUES MONOD,ENSEIGNEMENT ET FORMATION,Enseignement du premier degré,Ecole élémentaire,166.460870510376,-22.2089353285944,etablissements_publics_nc,141,504,Koutio érudits
municipales_2020,1,,,988,98805,Dumbéa,DUMBEA,0011,846,360,486,351,9,0,2,LDVC,ORTHOSIE EPOUSE VERLAGUET,Yolande,F,Yolande ORTHOSIE EPOUSE VERLAGUET,DUMBEA AUTREMENT UNE NOUVELLE AMBITION POUR NOTRE VILLE,32,3.78,9.12,,Ecole primaire Gustave Clain 1,ECOLE PRIMAIRE GUSTAVE CLAIN,0.897,Ecole élémentaire Gustave Clain,49 RUE JACQUES MONOD,ENSEIGNEMENT ET FORMATION,Enseignement du premier degré,Ecole élémentaire,166.460870510376,-22.2089353285944,etablissements_publics_nc,141,504,Koutio érudits
municipales_2020,1,,,988,98805,Dumbéa,DUMBEA,0011,846,360,486,351,9,0,3,LDVD,NATUREL,Georges,M,Georges NATUREL,Pour une ville à votre image,171,20.21,48.72,,Ecole primaire Gustave Clain 1,ECOLE PRIMAIRE GUSTAVE CLAIN,0.897,Ecole élémentaire Gustave Clain,49 RUE JACQUES MONOD,ENSEIGNEMENT ET FORMATION,Enseignement du premier degré,Ecole élémentaire,166.460870510376,-22.2089353285944,etablissements_publics_nc,141,504,Koutio érudits
municipales_2020,1,,,988,98805,Dumbéa,DUMBEA,0011,846,360,486,351,9,0,4,LDIV,HONAKOKO EP. AUCHER,Rachel,F,Rachel HONAKOKO EP. AUCHER,DUMBEA UNE VILLE OCEANIENNE,38,4.49,10.83,,Ecole primaire Gustave Clain 1,ECOLE PRIMAIRE GUSTAVE CLAIN,0.897,Ecole élémentaire Gustave Clain,49 RUE JACQUES MONOD,ENSEIGNEMENT ET FORMATION,Enseignement du premier degré,Ecole élémentaire,166.460870510376,-22.2089353285944,etablissements_publics_nc,141,504,Koutio érudits
municipales_2020,1,,,988,98805,Dumbéa,DUMBEA,0011,846,360,486,351,9,0,5,LDIV,MULIAVA,Vaimu'A,M,Vaimu'A MULIAVA,NOTRE DUMBEA LE REVEIL,74,8.75,21.08,,Ecole primaire Gustave Clain 1,ECOLE PRIMAIRE GUSTAVE CLAIN,0.897,Ecole élémentaire Gustave Clain,49 RUE JACQUES MONOD,ENSEIGNEMENT ET FORMATION,Enseignement du premier degré,Ecole élémentaire,166.460870510376,-22.2089353285944,etablissements_publics_nc,141,504,Koutio érudits
municipales_2020,1,,,988,98805,Dumbéa,DUMBEA,0012,918,407,511,396,7,4,1,LDVC,JAN,Cynthia,F,Cynthia JAN,GÉNÉRATIONS DUMBEA,58,6.32,14.65,,Ecole primaire Gustave Clain 2,ECOLE PRIMAIRE GUSTAVE CLAIN,0.897,Ecole élémentaire Gustave Clain,49 RUE JACQUES MONOD,ENSEIGNEMENT ET FORMATION,Enseignement du premier degré,Ecole élémentaire,166.460870510376,-22.2089353285944,etablissements_publics_nc,141,504,Koutio érudits
municipales_2020,1,,,988,98805,Dumbéa,DUMBEA,0012,918,407,511,396,7,4,2,LDVC,ORTHOSIE EPOUSE VERLAGUET,Yolande,F,Yolande ORTHOSIE EPOUSE VERLAGUET,DUMBEA AUTREMENT UNE NOUVELLE AMBITION POUR NOTRE VILLE,31,3.38,7.83,,Ecole primaire Gustave Clain 2,ECOLE PRIMAIRE GUSTAVE CLAIN,0.897,Ecole élémentaire Gustave Clain,49 RUE JACQUES MONOD,ENSEIGNEMENT ET FORMATION,Enseignement du premier degré,Ecole élémentaire,166.460870510376,-22.2089353285944,etablissements_publics_nc,141,504,Koutio érudits
municipales_2020,1,,,988,98805,Dumbéa,DUMBEA,0012,918,407,511,396,7,4,3,LDVD,NATUREL,Georges,M,Georges NATUREL,Pour une ville à votre image,166,18.08,41.92,,Ecole primaire Gustave Clain 2,ECOLE PRIMAIRE GUSTAVE CLAIN,0.897,Ecole élémentaire Gustave Clain,49 RUE JACQUES MONOD,ENSEIGNEMENT ET FORMATION,Enseignement du premier degré,Ecole élémentaire,166.460870510376,-22.2089353285944,etablissements_publics_nc,141,504,Koutio érudits
municipales_2020,1,,,988,98805,Dumbéa,DUMBEA,0012,918,407,511,396,7,4,4,LDIV,HONAKOKO EP. AUCHER,Rachel,F,Rachel HONAKOKO EP. AUCHER,DUMBEA UNE VILLE OCEANIENNE,54,5.88,13.64,,Ecole primaire Gustave Clain 2,ECOLE PRIMAIRE GUSTAVE CLAIN,0.897,Ecole élémentaire Gustave Clain,49 RUE JACQUES MONOD,ENSEIGNEMENT ET FORMATION,Enseignement du premier degré,Ecole élémentaire,166.460870510376,-22.2089353285944,etablissements_publics_nc,141,504,Koutio érudits
municipales_2020,1,,,988,98805,Dumbéa,DUMBEA,0012,918,407,511,396,7,4,5,LDIV,MULIAVA,Vaimu'A,M,Vaimu'A MULIAVA,NOTRE DUMBEA LE REVEIL,87,9.48,21.97,,Ecole primaire Gustave Clain 2,ECOLE PRIMAIRE GUSTAVE CLAIN,0.897,Ecole élémentaire Gustave Clain,49 RUE JACQUES MONOD,ENSEIGNEMENT ET FORMATION,Enseignement du premier degré,Ecole élémentaire,166.460870510376,-22.2089353285944,etablissements_publics_nc,141,504,Koutio érudits
municipales_2020,1,,,988,98805,Dumbéa,DUMBEA,0013,785,405,380,393,11,1,1,LDVC,JAN,Cynthia,F,Cynthia JAN,GÉNÉRATIONS DUMBEA,57,7.26,14.5,,Ecole maternelle l'Oasis 1,ECOLE MATERNELLE L OASIS,0.729,Ecole maternelle L'Oasis,39 RUE JACQUES MONOD,ENSEIGNEMENT ET FORMATION,Enseignement du premier degré,Ecole pré-élémentaire,166.461460951246,-22.2085634346196,etablissements_publics_nc,141,504,Koutio érudits
municipales_2020,1,,,988,98805,Dumbéa,DUMBEA,0013,785,405,380,393,11,1,2,LDVC,ORTHOSIE EPOUSE VERLAGUET,Yolande,F,Yolande ORTHOSIE EPOUSE VERLAGUET,DUMBEA AUTREMENT UNE NOUVELLE AMBITION POUR NOTRE VILLE,29,3.69,7.38,,Ecole maternelle l'Oasis 1,ECOLE MATERNELLE L OASIS,0.729,Ecole maternelle L'Oasis,39 RUE JACQUES MONOD,ENSEIGNEMENT ET FORMATION,Enseignement du premier degré,Ecole pré-élémentaire,166.461460951246,-22.2085634346196,etablissements_publics_nc,141,504,Koutio érudits
municipales_2020,1,,,988,98805,Dumbéa,DUMBEA,0013,785,405,380,393,11,1,3,LDVD,NATUREL,Georges,M,Georges NATUREL,Pour une ville à votre image,215,27.39,54.71,,Ecole maternelle l'Oasis 1,ECOLE MATERNELLE L OASIS,0.729,Ecole maternelle L'Oasis,39 RUE JACQUES MONOD,ENSEIGNEMENT ET FORMATION,Enseignement du premier degré,Ecole pré-élémentaire,166.461460951246,-22.2085634346196,etablissements_publics_nc,141,504,Koutio érudits
municipales_2020,1,,,988,98805,Dumbéa,DUMBEA,0013,785,405,380,393,11,1,4,LDIV,HONAKOKO EP. AUCHER,Rachel,F,Rachel HONAKOKO EP. AUCHER,DUMBEA UNE VILLE OCEANIENNE,39,4.97,9.92,,Ecole maternelle l'Oasis 1,ECOLE MATERNELLE L OASIS,0.729,Ecole maternelle L'Oasis,39 RUE JACQUES MONOD,ENSEIGNEMENT ET FORMATION,Enseignement du premier degré,Ecole pré-élémentaire,166.461460951246,-22.2085634346196,etablissements_publics_nc,141,504,Koutio érudits
municipales_2020,1,,,988,98805,Dumbéa,DUMBEA,0013,785,405,380,393,11,1,5,LDIV,MULIAVA,Vaimu'A,M,Vaimu'A MULIAVA,NOTRE DUMBEA LE REVEIL,53,6.75,13.49,,Ecole maternelle l'Oasis 1,ECOLE MATERNELLE L OASIS,0.729,Ecole maternelle L'Oasis,39 RUE JACQUES MONOD,ENSEIGNEMENT ET FORMATION,Enseignement du premier degré,Ecole pré-élémentaire,166.461460951246,-22.2085634346196,etablissements_publics_nc,141,504,Koutio érudits
municipales_2020,1,,,988,98805,Dumbéa,DUMBEA,0014,772,336,436,327,5,4,1,LDVC,JAN,Cynthia,F,Cynthia JAN,GÉNÉRATIONS DUMBEA,45,5.83,13.76,,Ecole maternelle l'Oasis 2,ECOLE MATERNELLE L OASIS,0.729,Ecole maternelle L'Oasis,39 RUE JACQUES MONOD,ENSEIGNEMENT ET FORMATION,Enseignement du premier degré,Ecole pré-élémentaire,166.461460951246,-22.2085634346196,etablissements_publics_nc,141,504,Koutio érudits
municipales_2020,1,,,988,98805,Dumbéa,DUMBEA,0014,772,336,436,327,5,4,2,LDVC,ORTHOSIE EPOUSE VERLAGUET,Yolande,F,Yolande ORTHOSIE EPOUSE VERLAGUET,DUMBEA AUTREMENT UNE NOUVELLE AMBITION POUR NOTRE VILLE,35,4.53,10.7,,Ecole maternelle l'Oasis 2,ECOLE MATERNELLE L OASIS,0.729,Ecole maternelle L'Oasis,39 RUE JACQUES MONOD,ENSEIGNEMENT ET FORMATION,Enseignement du premier degré,Ecole pré-élémentaire,166.461460951246,-22.2085634346196,etablissements_publics_nc,141,504,Koutio érudits
municipales_2020,1,,,988,98805,Dumbéa,DUMBEA,0014,772,336,436,327,5,4,3,LDVD,NATUREL,Georges,M,Georges NATUREL,Pour une ville à votre image,148,19.17,45.26,,Ecole maternelle l'Oasis 2,ECOLE MATERNELLE L OASIS,0.729,Ecole maternelle L'Oasis,39 RUE JACQUES MONOD,ENSEIGNEMENT ET FORMATION,Enseignement du premier degré,Ecole pré-élémentaire,166.461460951246,-22.2085634346196,etablissements_publics_nc,141,504,Koutio érudits
municipales_2020,1,,,988,98805,Dumbéa,DUMBEA,0014,772,336,436,327,5,4,4,LDIV,HONAKOKO EP. AUCHER,Rachel,F,Rachel HONAKOKO EP. AUCHER,DUMBEA UNE VILLE OCEANIENNE,37,4.79,11.31,,Ecole maternelle l'Oasis 2,ECOLE MATERNELLE L OASIS,0.729,Ecole maternelle L'Oasis,39 RUE JACQUES MONOD,ENSEIGNEMENT ET FORMATION,Enseignement du premier degré,Ecole pré-élémentaire,166.461460951246,-22.2085634346196,etablissements_publics_nc,141,504,Koutio érudits
municipales_2020,1,,,988,98805,Dumbéa,DUMBEA,0014,772,336,436,327,5,4,5,LDIV,MULIAVA,Vaimu'A,M,Vaimu'A MULIAVA,NOTRE DUMBEA LE REVEIL,62,8.03,18.96,,Ecole maternelle l'Oasis 2,ECOLE MATERNELLE L OASIS,0.729,Ecole maternelle L'Oasis,39 RUE JACQUES MONOD,ENSEIGNEMENT ET FORMATION,Enseignement du premier degré,Ecole pré-élémentaire,166.461460951246,-22.2085634346196,etablissements_publics_nc,141,504,Koutio érudits
municipales_2020,1,,,988,98805,Dumbéa,DUMBEA,0015,935,500,435,480,16,4,1,LDVC,JAN,Cynthia,F,Cynthia JAN,GÉNÉRATIONS DUMBEA,98,10.48,20.42,,Groupe scolaire Michelle Delacharlerie-Rolly 1,GROUPE SCOLAIRE MICHELLE DELACHARLERIE ROLLY,1,Groupe scolaire Michelle Delacharlerie-Rolly,103 BOULEVARD DU RAIL CALEDONIEN,ENSEIGNEMENT ET FORMATION,Enseignement du premier degré,Groupe scolaire,166.445998676866,-22.2013803961715,etablissements_publics_nc,147,510,Dumbéa/mer Ouest
municipales_2020,1,,,988,98805,Dumbéa,DUMBEA,0015,935,500,435,480,16,4,2,LDVC,ORTHOSIE EPOUSE VERLAGUET,Yolande,F,Yolande ORTHOSIE EPOUSE VERLAGUET,DUMBEA AUTREMENT UNE NOUVELLE AMBITION POUR NOTRE VILLE,12,1.28,2.5,,Groupe scolaire Michelle Delacharlerie-Rolly 1,GROUPE SCOLAIRE MICHELLE DELACHARLERIE ROLLY,1,Groupe scolaire Michelle Delacharlerie-Rolly,103 BOULEVARD DU RAIL CALEDONIEN,ENSEIGNEMENT ET FORMATION,Enseignement du premier degré,Groupe scolaire,166.445998676866,-22.2013803961715,etablissements_publics_nc,147,510,Dumbéa/mer Ouest
municipales_2020,1,,,988,98805,Dumbéa,DUMBEA,0015,935,500,435,480,16,4,3,LDVD,NATUREL,Georges,M,Georges NATUREL,Pour une ville à votre image,301,32.19,62.71,,Groupe scolaire Michelle Delacharlerie-Rolly 1,GROUPE SCOLAIRE MICHELLE DELACHARLERIE ROLLY,1,Groupe scolaire Michelle Delacharlerie-Rolly,103 BOULEVARD DU RAIL CALEDONIEN,ENSEIGNEMENT ET FORMATION,Enseignement du premier degré,Groupe scolaire,166.445998676866,-22.2013803961715,etablissements_publics_nc,147,510,Dumbéa/mer Ouest
municipales_2020,1,,,988,98805,Dumbéa,DUMBEA,0015,935,500,435,480,16,4,4,LDIV,HONAKOKO EP. AUCHER,Rachel,F,Rachel HONAKOKO EP. AUCHER,DUMBEA UNE VILLE OCEANIENNE,32,3.42,6.67,,Groupe scolaire Michelle Delacharlerie-Rolly 1,GROUPE SCOLAIRE MICHELLE DELACHARLERIE ROLLY,1,Groupe scolaire Michelle Delacharlerie-Rolly,103 BOULEVARD DU RAIL CALEDONIEN,ENSEIGNEMENT ET FORMATION,Enseignement du premier degré,Groupe scolaire,166.445998676866,-22.2013803961715,etablissements_publics_nc,147,510,Dumbéa/mer Ouest
municipales_2020,1,,,988,98805,Dumbéa,DUMBEA,0015,935,500,435,480,16,4,5,LDIV,MULIAVA,Vaimu'A,M,Vaimu'A MULIAVA,NOTRE DUMBEA LE REVEIL,37,3.96,7.71,,Groupe scolaire Michelle Delacharlerie-Rolly 1,GROUPE SCOLAIRE MICHELLE DELACHARLERIE ROLLY,1,Groupe scolaire Michelle Delacharlerie-Rolly,103 BOULEVARD DU RAIL CALEDONIEN,ENSEIGNEMENT ET FORMATION,Enseignement du premier degré,Groupe scolaire,166.445998676866,-22.2013803961715,etablissements_publics_nc,147,510,Dumbéa/mer Ouest
municipales_2020,1,,,988,98805,Dumbéa,DUMBEA,0016,843,372,471,367,3,2,1,LDVC,JAN,Cynthia,F,Cynthia JAN,GÉNÉRATIONS DUMBEA,27,3.2,7.36,,Groupe scolaire Michelle Delacharlerie-Rolly 2,GROUPE SCOLAIRE MICHELLE DELACHARLERIE ROLLY,1,Groupe scolaire Michelle Delacharlerie-Rolly,103 BOULEVARD DU RAIL CALEDONIEN,ENSEIGNEMENT ET FORMATION,Enseignement du premier degré,Groupe scolaire,166.445998676866,-22.2013803961715,etablissements_publics_nc,147,510,Dumbéa/mer Ouest
municipales_2020,1,,,988,98805,Dumbéa,DUMBEA,0016,843,372,471,367,3,2,2,LDVC,ORTHOSIE EPOUSE VERLAGUET,Yolande,F,Yolande ORTHOSIE EPOUSE VERLAGUET,DUMBEA AUTREMENT UNE NOUVELLE AMBITION POUR NOTRE VILLE,27,3.2,7.36,,Groupe scolaire Michelle Delacharlerie-Rolly 2,GROUPE SCOLAIRE MICHELLE DELACHARLERIE ROLLY,1,Groupe scolaire Michelle Delacharlerie-Rolly,103 BOULEVARD DU RAIL CALEDONIEN,ENSEIGNEMENT ET FORMATION,Enseignement du premier degré,Groupe scolaire,166.445998676866,-22.2013803961715,etablissements_publics_nc,147,510,Dumbéa/mer Ouest
municipales_2020,1,,,988,98805,Dumbéa,DUMBEA,0016,843,372,471,367,3,2,3,LDVD,NATUREL,Georges,M,Georges NATUREL,Pour une ville à votre image,155,18.39,42.23,,Groupe scolaire Michelle Delacharlerie-Rolly 2,GROUPE SCOLAIRE MICHELLE DELACHARLERIE ROLLY,1,Groupe scolaire Michelle Delacharlerie-Rolly,103 BOULEVARD DU RAIL CALEDONIEN,ENSEIGNEMENT ET FORMATION,Enseignement du premier degré,Groupe scolaire,166.445998676866,-22.2013803961715,etablissements_publics_nc,147,510,Dumbéa/mer Ouest
municipales_2020,1,,,988,98805,Dumbéa,DUMBEA,0016,843,372,471,367,3,2,4,LDIV,HONAKOKO EP. AUCHER,Rachel,F,Rachel HONAKOKO EP. AUCHER,DUMBEA UNE VILLE OCEANIENNE,60,7.12,16.35,,Groupe scolaire Michelle Delacharlerie-Rolly 2,GROUPE SCOLAIRE MICHELLE DELACHARLERIE ROLLY,1,Groupe scolaire Michelle Delacharlerie-Rolly,103 BOULEVARD DU RAIL CALEDONIEN,ENSEIGNEMENT ET FORMATION,Enseignement du premier degré,Groupe scolaire,166.445998676866,-22.2013803961715,etablissements_publics_nc,147,510,Dumbéa/mer Ouest
municipales_2020,1,,,988,98805,Dumbéa,DUMBEA,0016,843,372,471,367,3,2,5,LDIV,MULIAVA,Vaimu'A,M,Vaimu'A MULIAVA,NOTRE DUMBEA LE REVEIL,98,11.63,26.7,,Groupe scolaire Michelle Delacharlerie-Rolly 2,GROUPE SCOLAIRE MICHELLE DELACHARLERIE ROLLY,1,Groupe scolaire Michelle Delacharlerie-Rolly,103 BOULEVARD DU RAIL CALEDONIEN,ENSEIGNEMENT ET FORMATION,Enseignement du premier degré,Groupe scolaire,166.445998676866,-22.2013803961715,etablissements_publics_nc,147,510,Dumbéa/mer Ouest
municipales_2020,1,,,988,98805,Dumbéa,DUMBEA,0017,866,387,479,377,4,6,1,LDVC,JAN,Cynthia,F,Cynthia JAN,GÉNÉRATIONS DUMBEA,59,6.81,15.65,,Groupe scolaire Renée Fong 1,GROUPE SCOLAIRE RENEE FONG,1,Groupe scolaire Renée FONG,2 BIS ALLEE JEAN-LOUIS MARIE,ENSEIGNEMENT ET FORMATION,Enseignement du premier degré,Groupe scolaire,166.44418672502,-22.192372203396,etablissements_publics_nc,148,511,Dumbea/mer Est - Plaine Adam
municipales_2020,1,,,988,98805,Dumbéa,DUMBEA,0017,866,387,479,377,4,6,2,LDVC,ORTHOSIE EPOUSE VERLAGUET,Yolande,F,Yolande ORTHOSIE EPOUSE VERLAGUET,DUMBEA AUTREMENT UNE NOUVELLE AMBITION POUR NOTRE VILLE,17,1.96,4.51,,Groupe scolaire Renée Fong 1,GROUPE SCOLAIRE RENEE FONG,1,Groupe scolaire Renée FONG,2 BIS ALLEE JEAN-LOUIS MARIE,ENSEIGNEMENT ET FORMATION,Enseignement du premier degré,Groupe scolaire,166.44418672502,-22.192372203396,etablissements_publics_nc,148,511,Dumbea/mer Est - Plaine Adam
municipales_2020,1,,,988,98805,Dumbéa,DUMBEA,0017,866,387,479,377,4,6,3,LDVD,NATUREL,Georges,M,Georges NATUREL,Pour une ville à votre image,254,29.33,67.37,,Groupe scolaire Renée Fong 1,GROUPE SCOLAIRE RENEE FONG,1,Groupe scolaire Renée FONG,2 BIS ALLEE JEAN-LOUIS MARIE,ENSEIGNEMENT ET FORMATION,Enseignement du premier degré,Groupe scolaire,166.44418672502,-22.192372203396,etablissements_publics_nc,148,511,Dumbea/mer Est - Plaine Adam
municipales_2020,1,,,988,98805,Dumbéa,DUMBEA,0017,866,387,479,377,4,6,4,LDIV,HONAKOKO EP. AUCHER,Rachel,F,Rachel HONAKOKO EP. AUCHER,DUMBEA UNE VILLE OCEANIENNE,16,1.85,4.24,,Groupe scolaire Renée Fong 1,GROUPE SCOLAIRE RENEE FONG,1,Groupe scolaire Renée FONG,2 BIS ALLEE JEAN-LOUIS MARIE,ENSEIGNEMENT ET FORMATION,Enseignement du premier degré,Groupe scolaire,166.44418672502,-22.192372203396,etablissements_publics_nc,148,511,Dumbea/mer Est - Plaine Adam
municipales_2020,1,,,988,98805,Dumbéa,DUMBEA,0017,866,387,479,377,4,6,5,LDIV,MULIAVA,Vaimu'A,M,Vaimu'A MULIAVA,NOTRE DUMBEA LE REVEIL,31,3.58,8.22,,Groupe scolaire Renée Fong 1,GROUPE SCOLAIRE RENEE FONG,1,Groupe scolaire Renée FONG,2 BIS ALLEE JEAN-LOUIS MARIE,ENSEIGNEMENT ET FORMATION,Enseignement du premier degré,Groupe scolaire,166.44418672502,-22.192372203396,etablissements_publics_nc,148,511,Dumbea/mer Est - Plaine Adam
municipales_2020,1,,,988,98805,Dumbéa,DUMBEA,0018,975,475,500,457,14,4,1,LDVC,JAN,Cynthia,F,Cynthia JAN,GÉNÉRATIONS DUMBEA,38,3.9,8.32,,Groupe scolaire Renée Fong 2,GROUPE SCOLAIRE RENEE FONG,1,Groupe scolaire Renée FONG,2 BIS ALLEE JEAN-LOUIS MARIE,ENSEIGNEMENT ET FORMATION,Enseignement du premier degré,Groupe scolaire,166.44418672502,-22.192372203396,etablissements_publics_nc,148,511,Dumbea/mer Est - Plaine Adam
municipales_2020,1,,,988,98805,Dumbéa,DUMBEA,0018,975,475,500,457,14,4,2,LDVC,ORTHOSIE EPOUSE VERLAGUET,Yolande,F,Yolande ORTHOSIE EPOUSE VERLAGUET,DUMBEA AUTREMENT UNE NOUVELLE AMBITION POUR NOTRE VILLE,33,3.38,7.22,,Groupe scolaire Renée Fong 2,GROUPE SCOLAIRE RENEE FONG,1,Groupe scolaire Renée FONG,2 BIS ALLEE JEAN-LOUIS MARIE,ENSEIGNEMENT ET FORMATION,Enseignement du premier degré,Groupe scolaire,166.44418672502,-22.192372203396,etablissements_publics_nc,148,511,Dumbea/mer Est - Plaine Adam
municipales_2020,1,,,988,98805,Dumbéa,DUMBEA,0018,975,475,500,457,14,4,3,LDVD,NATUREL,Georges,M,Georges NATUREL,Pour une ville à votre image,162,16.62,35.45,,Groupe scolaire Renée Fong 2,GROUPE SCOLAIRE RENEE FONG,1,Groupe scolaire Renée FONG,2 BIS ALLEE JEAN-LOUIS MARIE,ENSEIGNEMENT ET FORMATION,Enseignement du premier degré,Groupe scolaire,166.44418672502,-22.192372203396,etablissements_publics_nc,148,511,Dumbea/mer Est - Plaine Adam
municipales_2020,1,,,988,98805,Dumbéa,DUMBEA,0018,975,475,500,457,14,4,4,LDIV,HONAKOKO EP. AUCHER,Rachel,F,Rachel HONAKOKO EP. AUCHER,DUMBEA UNE VILLE OCEANIENNE,88,9.03,19.26,,Groupe scolaire Renée Fong 2,GROUPE SCOLAIRE RENEE FONG,1,Groupe scolaire Renée FONG,2 BIS ALLEE JEAN-LOUIS MARIE,ENSEIGNEMENT ET FORMATION,Enseignement du premier degré,Groupe scolaire,166.44418672502,-22.192372203396,etablissements_publics_nc,148,511,Dumbea/mer Est - Plaine Adam
municipales_2020,1,,,988,98805,Dumbéa,DUMBEA,0018,975,475,500,457,14,4,5,LDIV,MULIAVA,Vaimu'A,M,Vaimu'A MULIAVA,NOTRE DUMBEA LE REVEIL,136,13.95,29.76,,Groupe scolaire Renée Fong 2,GROUPE SCOLAIRE RENEE FONG,1,Groupe scolaire Renée FONG,2 BIS ALLEE JEAN-LOUIS MARIE,ENSEIGNEMENT ET FORMATION,Enseignement du premier degré,Groupe scolaire,166.44418672502,-22.192372203396,etablissements_publics_nc,148,511,Dumbea/mer Est - Plaine Adam
municipales_2020,1,,,988,98805,Dumbéa,DUMBEA,0019,822,397,425,390,6,1,1,LDVC,JAN,Cynthia,F,Cynthia JAN,GÉNÉRATIONS DUMBEA,89,10.83,22.82,,Mairie du Nord 1,MAIRIE NORD,0.98,Mairie du Nord de Dumbéa,777 ROUTE TERRITORIALE N°1,ADMINISTRATION ET ORGANISME,Administrations des collectivités,Administration de la commune de Dumbéa,166.457501065839,-22.1675460417822,etablissements_publics_nc,149,512,Plaine de Koé
municipales_2020,1,,,988,98805,Dumbéa,DUMBEA,0019,822,397,425,390,6,1,2,LDVC,ORTHOSIE EPOUSE VERLAGUET,Yolande,F,Yolande ORTHOSIE EPOUSE VERLAGUET,DUMBEA AUTREMENT UNE NOUVELLE AMBITION POUR NOTRE VILLE,22,2.68,5.64,,Mairie du Nord 1,MAIRIE NORD,0.98,Mairie du Nord de Dumbéa,777 ROUTE TERRITORIALE N°1,ADMINISTRATION ET ORGANISME,Administrations des collectivités,Administration de la commune de Dumbéa,166.457501065839,-22.1675460417822,etablissements_publics_nc,149,512,Plaine de Koé
municipales_2020,1,,,988,98805,Dumbéa,DUMBEA,0019,822,397,425,390,6,1,3,LDVD,NATUREL,Georges,M,Georges NATUREL,Pour une ville à votre image,225,27.37,57.69,,Mairie du Nord 1,MAIRIE NORD,0.98,Mairie du Nord de Dumbéa,777 ROUTE TERRITORIALE N°1,ADMINISTRATION ET ORGANISME,Administrations des collectivités,Administration de la commune de Dumbéa,166.457501065839,-22.1675460417822,etablissements_publics_nc,149,512,Plaine de Koé
municipales_2020,1,,,988,98805,Dumbéa,DUMBEA,0019,822,397,425,390,6,1,4,LDIV,HONAKOKO EP. AUCHER,Rachel,F,Rachel HONAKOKO EP. AUCHER,DUMBEA UNE VILLE OCEANIENNE,15,1.82,3.85,,Mairie du Nord 1,MAIRIE NORD,0.98,Mairie du Nord de Dumbéa,777 ROUTE TERRITORIALE N°1,ADMINISTRATION ET ORGANISME,Administrations des collectivités,Administration de la commune de Dumbéa,166.457501065839,-22.1675460417822,etablissements_publics_nc,149,512,Plaine de Koé
municipales_2020,1,,,988,98805,Dumbéa,DUMBEA,0019,822,397,425,390,6,1,5,LDIV,MULIAVA,Vaimu'A,M,Vaimu'A MULIAVA,NOTRE DUMBEA LE REVEIL,39,4.74,10,,Mairie du Nord 1,MAIRIE NORD,0.98,Mairie du Nord de Dumbéa,777 ROUTE TERRITORIALE N°1,ADMINISTRATION ET ORGANISME,Administrations des collectivités,Administration de la commune de Dumbéa,166.457501065839,-22.1675460417822,etablissements_publics_nc,149,512,Plaine de Koé
municipales_2020,1,,,988,98805,Dumbéa,DUMBEA,0020,815,428,387,419,4,5,1,LDVC,JAN,Cynthia,F,Cynthia JAN,GÉNÉRATIONS DUMBEA,71,8.71,16.95,,Mairie du Nord 2,MAIRIE NORD,0.98,Mairie du Nord de Dumbéa,777 ROUTE TERRITORIALE N°1,ADMINISTRATION ET ORGANISME,Administrations des collectivités,Administration de la commune de Dumbéa,166.457501065839,-22.1675460417822,etablissements_publics_nc,149,512,Plaine de Koé
municipales_2020,1,,,988,98805,Dumbéa,DUMBEA,0020,815,428,387,419,4,5,2,LDVC,ORTHOSIE EPOUSE VERLAGUET,Yolande,F,Yolande ORTHOSIE EPOUSE VERLAGUET,DUMBEA AUTREMENT UNE NOUVELLE AMBITION POUR NOTRE VILLE,22,2.7,5.25,,Mairie du Nord 2,MAIRIE NORD,0.98,Mairie du Nord de Dumbéa,777 ROUTE TERRITORIALE N°1,ADMINISTRATION ET ORGANISME,Administrations des collectivités,Administration de la commune de Dumbéa,166.457501065839,-22.1675460417822,etablissements_publics_nc,149,512,Plaine de Koé
municipales_2020,1,,,988,98805,Dumbéa,DUMBEA,0020,815,428,387,419,4,5,3,LDVD,NATUREL,Georges,M,Georges NATUREL,Pour une ville à votre image,276,33.87,65.87,,Mairie du Nord 2,MAIRIE NORD,0.98,Mairie du Nord de Dumbéa,777 ROUTE TERRITORIALE N°1,ADMINISTRATION ET ORGANISME,Administrations des collectivités,Administration de la commune de Dumbéa,166.457501065839,-22.1675460417822,etablissements_publics_nc,149,512,Plaine de Koé
municipales_2020,1,,,988,98805,Dumbéa,DUMBEA,0020,815,428,387,419,4,5,4,LDIV,HONAKOKO EP. AUCHER,Rachel,F,Rachel HONAKOKO EP. AUCHER,DUMBEA UNE VILLE OCEANIENNE,35,4.29,8.35,,Mairie du Nord 2,MAIRIE NORD,0.98,Mairie du Nord de Dumbéa,777 ROUTE TERRITORIALE N°1,ADMINISTRATION ET ORGANISME,Administrations des collectivités,Administration de la commune de Dumbéa,166.457501065839,-22.1675460417822,etablissements_publics_nc,149,512,Plaine de Koé
municipales_2020,1,,,988,98805,Dumbéa,DUMBEA,0020,815,428,387,419,4,5,5,LDIV,MULIAVA,Vaimu'A,M,Vaimu'A MULIAVA,NOTRE DUMBEA LE REVEIL,15,1.84,3.58,,Mairie du Nord 2,MAIRIE NORD,0.98,Mairie du Nord de Dumbéa,777 ROUTE TERRITORIALE N°1,ADMINISTRATION ET ORGANISME,Administrations des collectivités,Administration de la commune de Dumbéa,166.457501065839,-22.1675460417822,etablissements_publics_nc,149,512,Plaine de Koé
municipales_2020,1,,,988,98805,Dumbéa,DUMBEA,0021,797,432,365,424,6,2,1,LDVC,JAN,Cynthia,F,Cynthia JAN,GÉNÉRATIONS DUMBEA,58,7.28,13.68,,Mairie du Nord 3,MAIRIE NORD,0.98,Mairie du Nord de Dumbéa,777 ROUTE TERRITORIALE N°1,ADMINISTRATION ET ORGANISME,Administrations des collectivités,Administration de la commune de Dumbéa,166.457501065839,-22.1675460417822,etablissements_publics_nc,149,512,Plaine de Koé
municipales_2020,1,,,988,98805,Dumbéa,DUMBEA,0021,797,432,365,424,6,2,2,LDVC,ORTHOSIE EPOUSE VERLAGUET,Yolande,F,Yolande ORTHOSIE EPOUSE VERLAGUET,DUMBEA AUTREMENT UNE NOUVELLE AMBITION POUR NOTRE VILLE,31,3.89,7.31,,Mairie du Nord 3,MAIRIE NORD,0.98,Mairie du Nord de Dumbéa,777 ROUTE TERRITORIALE N°1,ADMINISTRATION ET ORGANISME,Administrations des collectivités,Administration de la commune de Dumbéa,166.457501065839,-22.1675460417822,etablissements_publics_nc,149,512,Plaine de Koé
municipales_2020,1,,,988,98805,Dumbéa,DUMBEA,0021,797,432,365,424,6,2,3,LDVD,NATUREL,Georges,M,Georges NATUREL,Pour une ville à votre image,195,24.47,45.99,,Mairie du Nord 3,MAIRIE NORD,0.98,Mairie du Nord de Dumbéa,777 ROUTE TERRITORIALE N°1,ADMINISTRATION ET ORGANISME,Administrations des collectivités,Administration de la commune de Dumbéa,166.457501065839,-22.1675460417822,etablissements_publics_nc,149,512,Plaine de Koé
municipales_2020,1,,,988,98805,Dumbéa,DUMBEA,0021,797,432,365,424,6,2,4,LDIV,HONAKOKO EP. AUCHER,Rachel,F,Rachel HONAKOKO EP. AUCHER,DUMBEA UNE VILLE OCEANIENNE,29,3.64,6.84,,Mairie du Nord 3,MAIRIE NORD,0.98,Mairie du Nord de Dumbéa,777 ROUTE TERRITORIALE N°1,ADMINISTRATION ET ORGANISME,Administrations des collectivités,Administration de la commune de Dumbéa,166.457501065839,-22.1675460417822,etablissements_publics_nc,149,512,Plaine de Koé
municipales_2020,1,,,988,98805,Dumbéa,DUMBEA,0021,797,432,365,424,6,2,5,LDIV,MULIAVA,Vaimu'A,M,Vaimu'A MULIAVA,NOTRE DUMBEA LE REVEIL,111,13.93,26.18,,Mairie du Nord 3,MAIRIE NORD,0.98,Mairie du Nord de Dumbéa,777 ROUTE TERRITORIALE N°1,ADMINISTRATION ET ORGANISME,Administrations des collectivités,Administration de la commune de Dumbéa,166.457501065839,-22.1675460417822,etablissements_publics_nc,149,512,Plaine de Koé
municipales_2020,1,,,988,98805,Dumbéa,DUMBEA,0022,946,527,419,509,15,3,1,LDVC,JAN,Cynthia,F,Cynthia JAN,GÉNÉRATIONS DUMBEA,58,6.13,11.39,,Ecole primaire Paul Duboisé 1,ECOLE PRIMAIRE PAUL DUBOISE,0.892,Ecole élémentaire Paul Duboise,42 RUE DE L'ENTREE,ENSEIGNEMENT ET FORMATION,Enseignement du premier degré,Ecole élémentaire,166.434846490836,-22.1399347171588,etablissements_publics_nc,152,515,Katiramona Sud
municipales_2020,1,,,988,98805,Dumbéa,DUMBEA,0022,946,527,419,509,15,3,2,LDVC,ORTHOSIE EPOUSE VERLAGUET,Yolande,F,Yolande ORTHOSIE EPOUSE VERLAGUET,DUMBEA AUTREMENT UNE NOUVELLE AMBITION POUR NOTRE VILLE,41,4.33,8.06,,Ecole primaire Paul Duboisé 1,ECOLE PRIMAIRE PAUL DUBOISE,0.892,Ecole élémentaire Paul Duboise,42 RUE DE L'ENTREE,ENSEIGNEMENT ET FORMATION,Enseignement du premier degré,Ecole élémentaire,166.434846490836,-22.1399347171588,etablissements_publics_nc,152,515,Katiramona Sud
municipales_2020,1,,,988,98805,Dumbéa,DUMBEA,0022,946,527,419,509,15,3,3,LDVD,NATUREL,Georges,M,Georges NATUREL,Pour une ville à votre image,307,32.45,60.31,,Ecole primaire Paul Duboisé 1,ECOLE PRIMAIRE PAUL DUBOISE,0.892,Ecole élémentaire Paul Duboise,42 RUE DE L'ENTREE,ENSEIGNEMENT ET FORMATION,Enseignement du premier degré,Ecole élémentaire,166.434846490836,-22.1399347171588,etablissements_publics_nc,152,515,Katiramona Sud
municipales_2020,1,,,988,98805,Dumbéa,DUMBEA,0022,946,527,419,509,15,3,4,LDIV,HONAKOKO EP. AUCHER,Rachel,F,Rachel HONAKOKO EP. AUCHER,DUMBEA UNE VILLE OCEANIENNE,29,3.07,5.7,,Ecole primaire Paul Duboisé 1,ECOLE PRIMAIRE PAUL DUBOISE,0.892,Ecole élémentaire Paul Duboise,42 RUE DE L'ENTREE,ENSEIGNEMENT ET FORMATION,Enseignement du premier degré,Ecole élémentaire,166.434846490836,-22.1399347171588,etablissements_publics_nc,152,515,Katiramona Sud
municipales_2020,1,,,988,98805,Dumbéa,DUMBEA,0022,946,527,419,509,15,3,5,LDIV,MULIAVA,Vaimu'A,M,Vaimu'A MULIAVA,NOTRE DUMBEA LE REVEIL,74,7.82,14.54,,Ecole primaire Paul Duboisé 1,ECOLE PRIMAIRE PAUL DUBOISE,0.892,Ecole élémentaire Paul Duboise,42 RUE DE L'ENTREE,ENSEIGNEMENT ET FORMATION,Enseignement du premier degré,Ecole élémentaire,166.434846490836,-22.1399347171588,etablissements_publics_nc,152,515,Katiramona Sud
municipales_2020,1,,,988,98805,Dumbéa,DUMBEA,0023,844,472,372,451,13,8,1,LDVC,JAN,Cynthia,F,Cynthia JAN,GÉNÉRATIONS DUMBEA,41,4.86,9.09,,Ecole primaire Paul Duboisé 2,ECOLE PRIMAIRE PAUL DUBOISE,0.892,Ecole élémentaire Paul Duboise,42 RUE DE L'ENTREE,ENSEIGNEMENT ET FORMATION,Enseignement du premier degré,Ecole élémentaire,166.434846490836,-22.1399347171588,etablissements_publics_nc,152,515,Katiramona Sud
municipales_2020,1,,,988,98805,Dumbéa,DUMBEA,0023,844,472,372,451,13,8,2,LDVC,ORTHOSIE EPOUSE VERLAGUET,Yolande,F,Yolande ORTHOSIE EPOUSE VERLAGUET,DUMBEA AUTREMENT UNE NOUVELLE AMBITION POUR NOTRE VILLE,56,6.64,12.42,,Ecole primaire Paul Duboisé 2,ECOLE PRIMAIRE PAUL DUBOISE,0.892,Ecole élémentaire Paul Duboise,42 RUE DE L'ENTREE,ENSEIGNEMENT ET FORMATION,Enseignement du premier degré,Ecole élémentaire,166.434846490836,-22.1399347171588,etablissements_publics_nc,152,515,Katiramona Sud
municipales_2020,1,,,988,98805,Dumbéa,DUMBEA,0023,844,472,372,451,13,8,3,LDVD,NATUREL,Georges,M,Georges NATUREL,Pour une ville à votre image,162,19.19,35.92,,Ecole primaire Paul Duboisé 2,ECOLE PRIMAIRE PAUL DUBOISE,0.892,Ecole élémentaire Paul Duboise,42 RUE DE L'ENTREE,ENSEIGNEMENT ET FORMATION,Enseignement du premier degré,Ecole élémentaire,166.434846490836,-22.1399347171588,etablissements_publics_nc,152,515,Katiramona Sud
municipales_2020,1,,,988,98805,Dumbéa,DUMBEA,0023,844,472,372,451,13,8,4,LDIV,HONAKOKO EP. AUCHER,Rachel,F,Rachel HONAKOKO EP. AUCHER,DUMBEA UNE VILLE OCEANIENNE,67,7.94,14.86,,Ecole primaire Paul Duboisé 2,ECOLE PRIMAIRE PAUL DUBOISE,0.892,Ecole élémentaire Paul Duboise,42 RUE DE L'ENTREE,ENSEIGNEMENT ET FORMATION,Enseignement du premier degré,Ecole élémentaire,166.434846490836,-22.1399347171588,etablissements_publics_nc,152,515,Katiramona Sud
municipales_2020,1,,,988,98805,Dumbéa,DUMBEA,0023,844,472,372,451,13,8,5,LDIV,MULIAVA,Vaimu'A,M,Vaimu'A MULIAVA,NOTRE DUMBEA LE REVEIL,125,14.81,27.72,,Ecole primaire Paul Duboisé 2,ECOLE PRIMAIRE PAUL DUBOISE,0.892,Ecole élémentaire Paul Duboise,42 RUE DE L'ENTREE,ENSEIGNEMENT ET FORMATION,Enseignement du premier degré,Ecole élémentaire,166.434846490836,-22.1399347171588,etablissements_publics_nc,152,515,Katiramona Sud
municipales_2020,1,,,988,98805,Dumbéa,DUMBEA,0024,916,461,455,453,4,4,1,LDVC,JAN,Cynthia,F,Cynthia JAN,GÉNÉRATIONS DUMBEA,82,8.95,18.1,,Ecole maternelle les Colibris,ECOLE MATERNELLE COLIBRIS,0.741,Ecole maternelle Les Colibris,42 RUE DE L'ENTREE,ENSEIGNEMENT ET FORMATION,Enseignement du premier degré,Ecole pré-élémentaire,166.436047169124,-22.1394710088392,etablissements_publics_nc,152,515,Katiramona Sud
municipales_2020,1,,,988,98805,Dumbéa,DUMBEA,0024,916,461,455,453,4,4,2,LDVC,ORTHOSIE EPOUSE VERLAGUET,Yolande,F,Yolande ORTHOSIE EPOUSE VERLAGUET,DUMBEA AUTREMENT UNE NOUVELLE AMBITION POUR NOTRE VILLE,30,3.28,6.62,,Ecole maternelle les Colibris,ECOLE MATERNELLE COLIBRIS,0.741,Ecole maternelle Les Colibris,42 RUE DE L'ENTREE,ENSEIGNEMENT ET FORMATION,Enseignement du premier degré,Ecole pré-élémentaire,166.436047169124,-22.1394710088392,etablissements_publics_nc,152,515,Katiramona Sud
municipales_2020,1,,,988,98805,Dumbéa,DUMBEA,0024,916,461,455,453,4,4,3,LDVD,NATUREL,Georges,M,Georges NATUREL,Pour une ville à votre image,222,24.24,49.01,,Ecole maternelle les Colibris,ECOLE MATERNELLE COLIBRIS,0.741,Ecole maternelle Les Colibris,42 RUE DE L'ENTREE,ENSEIGNEMENT ET FORMATION,Enseignement du premier degré,Ecole pré-élémentaire,166.436047169124,-22.1394710088392,etablissements_publics_nc,152,515,Katiramona Sud
municipales_2020,1,,,988,98805,Dumbéa,DUMBEA,0024,916,461,455,453,4,4,4,LDIV,HONAKOKO EP. AUCHER,Rachel,F,Rachel HONAKOKO EP. AUCHER,DUMBEA UNE VILLE OCEANIENNE,45,4.91,9.93,,Ecole maternelle les Colibris,ECOLE MATERNELLE COLIBRIS,0.741,Ecole maternelle Les Colibris,42 RUE DE L'ENTREE,ENSEIGNEMENT ET FORMATION,Enseignement du premier degré,Ecole pré-élémentaire,166.436047169124,-22.1394710088392,etablissements_publics_nc,152,515,Katiramona Sud
municipales_2020,1,,,988,98805,Dumbéa,DUMBEA,0024,916,461,455,453,4,4,5,LDIV,MULIAVA,Vaimu'A,M,Vaimu'A MULIAVA,NOTRE DUMBEA LE REVEIL,74,8.08,16.34,,Ecole maternelle les Colibris,ECOLE MATERNELLE COLIBRIS,0.741,Ecole maternelle Les Colibris,42 RUE DE L'ENTREE,ENSEIGNEMENT ET FORMATION,Enseignement du premier degré,Ecole pré-élémentaire,166.436047169124,-22.1394710088392,etablissements_publics_nc,152,515,Katiramona Sud
municipales_2020,1,,,988,98806,Farino,FARINO,0001,644,526,118,512,8,6,1,LNC,ROUSTAN,Régis,M,Régis ROUSTAN,AGISSONS ENSEMBLE POUR FARINO,269,41.77,52.54,,Mairie,MAIRIE,0.7,FARINO,Farino,LIEU_DIT_NC,VILLE,Farinö,165.77595416144513,-21.666848976720875,tribus_villages_nc,154,601,Farino
municipales_2020,1,,,988,98806,Farino,FARINO,0001,644,526,118,512,8,6,2,LNC,BARBOU,Luté,F,Luté BARBOU,GENERATIONS FARINO,137,21.27,26.76,,Mairie,MAIRIE,0.7,FARINO,Farino,LIEU_DIT_NC,VILLE,Farinö,165.77595416144513,-21.666848976720875,tribus_villages_nc,154,601,Farino
municipales_2020,1,,,988,98806,Farino,FARINO,0001,644,526,118,512,8,6,3,LNC,ROCHE,Christian,M,Christian ROCHE,LABEL'LE VERTE,106,16.46,20.7,,Mairie,MAIRIE,0.7,FARINO,Farino,LIEU_DIT_NC,VILLE,Farinö,165.77595416144513,-21.666848976720875,tribus_villages_nc,154,601,Farino
municipales_2020,1,,,988,98807,Hienghène,HIENGHENE,0001,571,271,300,265,3,3,1,LNC,OUILLATTE,Bernard,M,Bernard OUILLATTE,UC FLNKS HYEHEN,168,29.42,63.4,,Mairie,MAIRIE,0.7,HIENGHENE,Hienghène,LIEU_DIT_NC,VILLE,,164.94565765433836,-20.688834938182335,tribus_villages_nc,155,701,Hienghéne littoral
municipales_2020,1,,,988,98807,Hienghène,HIENGHENE,0001,571,271,300,265,3,3,2,LNC,WALEWENE,Andre,M,Andre WALEWENE,UNE AUTRE VOIE POUR LE DEVELOPPEMENT ET L INNOVATION,36,6.3,13.58,,Mairie,MAIRIE,0.7,HIENGHENE,Hienghène,LIEU_DIT_NC,VILLE,,164.94565765433836,-20.688834938182335,tribus_villages_nc,155,701,Hienghéne littoral
municipales_2020,1,,,988,98807,Hienghène,HIENGHENE,0001,571,271,300,265,3,3,3,LNC,MAYAT,Lynda,F,Lynda MAYAT,HIENGHENE AUTREMENT,9,1.58,3.4,,Mairie,MAIRIE,0.7,HIENGHENE,Hienghène,LIEU_DIT_NC,VILLE,,164.94565765433836,-20.688834938182335,tribus_villages_nc,155,701,Hienghéne littoral
municipales_2020,1,,,988,98807,Hienghène,HIENGHENE,0001,571,271,300,265,3,3,4,LNC,LEVY,Andre,M,Andre LEVY,SOWEI FLNKS HYEEHEN,52,9.11,19.62,,Mairie,MAIRIE,0.7,HIENGHENE,Hienghène,LIEU_DIT_NC,VILLE,,164.94565765433836,-20.688834938182335,tribus_villages_nc,155,701,Hienghéne littoral
municipales_2020,1,,,988,98807,Hienghène,HIENGHENE,0002,218,124,94,124,0,0,1,LNC,OUILLATTE,Bernard,M,Bernard OUILLATTE,UC FLNKS HYEHEN,42,19.27,33.87,,Tendo,TENDO,1,Tendo,Hienghène,LIEU_DIT_NC,TRIBU,Tnèdo,164.8162801367713,-20.71273259336387,tribus_villages_nc,156,704,Tiendanite Ouayaguette
municipales_2020,1,,,988,98807,Hienghène,HIENGHENE,0002,218,124,94,124,0,0,2,LNC,WALEWENE,Andre,M,Andre WALEWENE,UNE AUTRE VOIE POUR LE DEVELOPPEMENT ET L INNOVATION,46,21.1,37.1,,Tendo,TENDO,1,Tendo,Hienghène,LIEU_DIT_NC,TRIBU,Tnèdo,164.8162801367713,-20.71273259336387,tribus_villages_nc,156,704,Tiendanite Ouayaguette
municipales_2020,1,,,988,98807,Hienghène,HIENGHENE,0002,218,124,94,124,0,0,3,LNC,MAYAT,Lynda,F,Lynda MAYAT,HIENGHENE AUTREMENT,7,3.21,5.65,,Tendo,TENDO,1,Tendo,Hienghène,LIEU_DIT_NC,TRIBU,Tnèdo,164.8162801367713,-20.71273259336387,tribus_villages_nc,156,704,Tiendanite Ouayaguette
municipales_2020,1,,,988,98807,Hienghène,HIENGHENE,0002,218,124,94,124,0,0,4,LNC,LEVY,Andre,M,Andre LEVY,SOWEI FLNKS HYEEHEN,29,13.3,23.39,,Tendo,TENDO,1,Tendo,Hienghène,LIEU_DIT_NC,TRIBU,Tnèdo,164.8162801367713,-20.71273259336387,tribus_villages_nc,156,704,Tiendanite Ouayaguette
municipales_2020,1,,,988,98807,Hienghène,HIENGHENE,0003,117,57,60,55,0,2,1,LNC,OUILLATTE,Bernard,M,Bernard OUILLATTE,UC FLNKS HYEHEN,6,5.13,10.91,,Bas-Coulna,BAS COULNA,1,Bas-Coulna,Hienghène,LIEU_DIT_NC,TRIBU,Wan Déuc,164.78261362354763,-20.687835024386533,tribus_villages_nc,156,704,Tiendanite Ouayaguette
municipales_2020,1,,,988,98807,Hienghène,HIENGHENE,0003,117,57,60,55,0,2,2,LNC,WALEWENE,Andre,M,Andre WALEWENE,UNE AUTRE VOIE POUR LE DEVELOPPEMENT ET L INNOVATION,39,33.33,70.91,,Bas-Coulna,BAS COULNA,1,Bas-Coulna,Hienghène,LIEU_DIT_NC,TRIBU,Wan Déuc,164.78261362354763,-20.687835024386533,tribus_villages_nc,156,704,Tiendanite Ouayaguette
municipales_2020,1,,,988,98807,Hienghène,HIENGHENE,0003,117,57,60,55,0,2,3,LNC,MAYAT,Lynda,F,Lynda MAYAT,HIENGHENE AUTREMENT,5,4.27,9.09,,Bas-Coulna,BAS COULNA,1,Bas-Coulna,Hienghène,LIEU_DIT_NC,TRIBU,Wan Déuc,164.78261362354763,-20.687835024386533,tribus_villages_nc,156,704,Tiendanite Ouayaguette
municipales_2020,1,,,988,98807,Hienghène,HIENGHENE,0003,117,57,60,55,0,2,4,LNC,LEVY,Andre,M,Andre LEVY,SOWEI FLNKS HYEEHEN,5,4.27,9.09,,Bas-Coulna,BAS COULNA,1,Bas-Coulna,Hienghène,LIEU_DIT_NC,TRIBU,Wan Déuc,164.78261362354763,-20.687835024386533,tribus_villages_nc,156,704,Tiendanite Ouayaguette
municipales_2020,1,,,988,98807,Hienghène,HIENGHENE,0004,105,48,57,48,0,0,1,LNC,OUILLATTE,Bernard,M,Bernard OUILLATTE,UC FLNKS HYEHEN,16,15.24,33.33,,Haut-Coulna,HAUT COULNA,1,Haut-Coulna,Hienghène,LIEU_DIT_NC,TRIBU,Paana,164.7358564404401,-20.63480876362534,tribus_villages_nc,156,704,Tiendanite Ouayaguette
municipales_2020,1,,,988,98807,Hienghène,HIENGHENE,0004,105,48,57,48,0,0,2,LNC,WALEWENE,Andre,M,Andre WALEWENE,UNE AUTRE VOIE POUR LE DEVELOPPEMENT ET L INNOVATION,15,14.29,31.25,,Haut-Coulna,HAUT COULNA,1,Haut-Coulna,Hienghène,LIEU_DIT_NC,TRIBU,Paana,164.7358564404401,-20.63480876362534,tribus_villages_nc,156,704,Tiendanite Ouayaguette
municipales_2020,1,,,988,98807,Hienghène,HIENGHENE,0004,105,48,57,48,0,0,3,LNC,MAYAT,Lynda,F,Lynda MAYAT,HIENGHENE AUTREMENT,1,0.95,2.08,,Haut-Coulna,HAUT COULNA,1,Haut-Coulna,Hienghène,LIEU_DIT_NC,TRIBU,Paana,164.7358564404401,-20.63480876362534,tribus_villages_nc,156,704,Tiendanite Ouayaguette
municipales_2020,1,,,988,98807,Hienghène,HIENGHENE,0004,105,48,57,48,0,0,4,LNC,LEVY,Andre,M,Andre LEVY,SOWEI FLNKS HYEEHEN,16,15.24,33.33,,Haut-Coulna,HAUT COULNA,1,Haut-Coulna,Hienghène,LIEU_DIT_NC,TRIBU,Paana,164.7358564404401,-20.63480876362534,tribus_villages_nc,156,704,Tiendanite Ouayaguette
municipales_2020,1,,,988,98807,Hienghène,HIENGHENE,0005,187,108,79,107,0,1,1,LNC,OUILLATTE,Bernard,M,Bernard OUILLATTE,UC FLNKS HYEHEN,26,13.9,24.3,,Ouayaguette,OUAYAGUETTE,1,Ouayaguette,Hienghène,LIEU_DIT_NC,TRIBU,Wébia,164.6835205195477,-20.659220188803257,tribus_villages_nc,156,704,Tiendanite Ouayaguette
municipales_2020,1,,,988,98807,Hienghène,HIENGHENE,0005,187,108,79,107,0,1,2,LNC,WALEWENE,Andre,M,Andre WALEWENE,UNE AUTRE VOIE POUR LE DEVELOPPEMENT ET L INNOVATION,76,40.64,71.03,,Ouayaguette,OUAYAGUETTE,1,Ouayaguette,Hienghène,LIEU_DIT_NC,TRIBU,Wébia,164.6835205195477,-20.659220188803257,tribus_villages_nc,156,704,Tiendanite Ouayaguette
municipales_2020,1,,,988,98807,Hienghène,HIENGHENE,0005,187,108,79,107,0,1,3,LNC,MAYAT,Lynda,F,Lynda MAYAT,HIENGHENE AUTREMENT,1,0.53,0.93,,Ouayaguette,OUAYAGUETTE,1,Ouayaguette,Hienghène,LIEU_DIT_NC,TRIBU,Wébia,164.6835205195477,-20.659220188803257,tribus_villages_nc,156,704,Tiendanite Ouayaguette
municipales_2020,1,,,988,98807,Hienghène,HIENGHENE,0005,187,108,79,107,0,1,4,LNC,LEVY,Andre,M,Andre LEVY,SOWEI FLNKS HYEEHEN,4,2.14,3.74,,Ouayaguette,OUAYAGUETTE,1,Ouayaguette,Hienghène,LIEU_DIT_NC,TRIBU,Wébia,164.6835205195477,-20.659220188803257,tribus_villages_nc,156,704,Tiendanite Ouayaguette
municipales_2020,1,,,988,98807,Hienghène,HIENGHENE,0006,214,119,95,118,0,1,1,LNC,OUILLATTE,Bernard,M,Bernard OUILLATTE,UC FLNKS HYEHEN,80,37.38,67.8,,Ouaième,OUAIEME,1,Ouaïème,Hienghène,LIEU_DIT_NC,TRIBU,Wâyém,164.84911233352278,-20.61488125992091,tribus_villages_nc,155,701,Hienghéne littoral
municipales_2020,1,,,988,98807,Hienghène,HIENGHENE,0006,214,119,95,118,0,1,2,LNC,WALEWENE,Andre,M,Andre WALEWENE,UNE AUTRE VOIE POUR LE DEVELOPPEMENT ET L INNOVATION,16,7.48,13.56,,Ouaième,OUAIEME,1,Ouaïème,Hienghène,LIEU_DIT_NC,TRIBU,Wâyém,164.84911233352278,-20.61488125992091,tribus_villages_nc,155,701,Hienghéne littoral
municipales_2020,1,,,988,98807,Hienghène,HIENGHENE,0006,214,119,95,118,0,1,3,LNC,MAYAT,Lynda,F,Lynda MAYAT,HIENGHENE AUTREMENT,2,0.93,1.69,,Ouaième,OUAIEME,1,Ouaïème,Hienghène,LIEU_DIT_NC,TRIBU,Wâyém,164.84911233352278,-20.61488125992091,tribus_villages_nc,155,701,Hienghéne littoral
municipales_2020,1,,,988,98807,Hienghène,HIENGHENE,0006,214,119,95,118,0,1,4,LNC,LEVY,Andre,M,Andre LEVY,SOWEI FLNKS HYEEHEN,20,9.35,16.95,,Ouaième,OUAIEME,1,Ouaïème,Hienghène,LIEU_DIT_NC,TRIBU,Wâyém,164.84911233352278,-20.61488125992091,tribus_villages_nc,155,701,Hienghéne littoral
municipales_2020,1,,,988,98807,Hienghène,HIENGHENE,0007,70,20,50,20,0,0,1,LNC,OUILLATTE,Bernard,M,Bernard OUILLATTE,UC FLNKS HYEHEN,15,21.43,75,,Oué-Hawa,OUE HAWA,0.875,Oué-Hava,Hienghène,LIEU_DIT_NC,TRIBU,Wé Hava,165.03458545186362,-20.765966185987494,tribus_villages_nc,156,704,Tiendanite Ouayaguette
municipales_2020,1,,,988,98807,Hienghène,HIENGHENE,0007,70,20,50,20,0,0,2,LNC,WALEWENE,Andre,M,Andre WALEWENE,UNE AUTRE VOIE POUR LE DEVELOPPEMENT ET L INNOVATION,0,0,0,,Oué-Hawa,OUE HAWA,0.875,Oué-Hava,Hienghène,LIEU_DIT_NC,TRIBU,Wé Hava,165.03458545186362,-20.765966185987494,tribus_villages_nc,156,704,Tiendanite Ouayaguette
municipales_2020,1,,,988,98807,Hienghène,HIENGHENE,0007,70,20,50,20,0,0,3,LNC,MAYAT,Lynda,F,Lynda MAYAT,HIENGHENE AUTREMENT,1,1.43,5,,Oué-Hawa,OUE HAWA,0.875,Oué-Hava,Hienghène,LIEU_DIT_NC,TRIBU,Wé Hava,165.03458545186362,-20.765966185987494,tribus_villages_nc,156,704,Tiendanite Ouayaguette
municipales_2020,1,,,988,98807,Hienghène,HIENGHENE,0007,70,20,50,20,0,0,4,LNC,LEVY,Andre,M,Andre LEVY,SOWEI FLNKS HYEEHEN,4,5.71,20,,Oué-Hawa,OUE HAWA,0.875,Oué-Hava,Hienghène,LIEU_DIT_NC,TRIBU,Wé Hava,165.03458545186362,-20.765966185987494,tribus_villages_nc,156,704,Tiendanite Ouayaguette
municipales_2020,1,,,988,98807,Hienghène,HIENGHENE,0008,100,50,50,50,0,0,1,LNC,OUILLATTE,Bernard,M,Bernard OUILLATTE,UC FLNKS HYEHEN,43,43,86,,Tiendanite,TIENDANITE,1,Tiendanite,Hienghène,LIEU_DIT_NC,TRIBU,Tândanit,164.8988687236624,-20.75818441571426,tribus_villages_nc,156,704,Tiendanite Ouayaguette
municipales_2020,1,,,988,98807,Hienghène,HIENGHENE,0008,100,50,50,50,0,0,2,LNC,WALEWENE,Andre,M,Andre WALEWENE,UNE AUTRE VOIE POUR LE DEVELOPPEMENT ET L INNOVATION,1,1,2,,Tiendanite,TIENDANITE,1,Tiendanite,Hienghène,LIEU_DIT_NC,TRIBU,Tândanit,164.8988687236624,-20.75818441571426,tribus_villages_nc,156,704,Tiendanite Ouayaguette
municipales_2020,1,,,988,98807,Hienghène,HIENGHENE,0008,100,50,50,50,0,0,3,LNC,MAYAT,Lynda,F,Lynda MAYAT,HIENGHENE AUTREMENT,1,1,2,,Tiendanite,TIENDANITE,1,Tiendanite,Hienghène,LIEU_DIT_NC,TRIBU,Tândanit,164.8988687236624,-20.75818441571426,tribus_villages_nc,156,704,Tiendanite Ouayaguette
municipales_2020,1,,,988,98807,Hienghène,HIENGHENE,0008,100,50,50,50,0,0,4,LNC,LEVY,Andre,M,Andre LEVY,SOWEI FLNKS HYEEHEN,5,5,10,,Tiendanite,TIENDANITE,1,Tiendanite,Hienghène,LIEU_DIT_NC,TRIBU,Tândanit,164.8988687236624,-20.75818441571426,tribus_villages_nc,156,704,Tiendanite Ouayaguette
municipales_2020,1,,,988,98807,Hienghène,HIENGHENE,0009,601,341,260,340,0,1,1,LNC,OUILLATTE,Bernard,M,Bernard OUILLATTE,UC FLNKS HYEHEN,67,11.15,19.71,,Ouaré,OUARE,1,Ouaré,Hienghène,LIEU_DIT_NC,TRIBU,Waré,164.93523458965643,-20.673024668353836,tribus_villages_nc,155,701,Hienghéne littoral
municipales_2020,1,,,988,98807,Hienghène,HIENGHENE,0009,601,341,260,340,0,1,2,LNC,WALEWENE,Andre,M,Andre WALEWENE,UNE AUTRE VOIE POUR LE DEVELOPPEMENT ET L INNOVATION,25,4.16,7.35,,Ouaré,OUARE,1,Ouaré,Hienghène,LIEU_DIT_NC,TRIBU,Waré,164.93523458965643,-20.673024668353836,tribus_villages_nc,155,701,Hienghéne littoral
municipales_2020,1,,,988,98807,Hienghène,HIENGHENE,0009,601,341,260,340,0,1,3,LNC,MAYAT,Lynda,F,Lynda MAYAT,HIENGHENE AUTREMENT,7,1.16,2.06,,Ouaré,OUARE,1,Ouaré,Hienghène,LIEU_DIT_NC,TRIBU,Waré,164.93523458965643,-20.673024668353836,tribus_villages_nc,155,701,Hienghéne littoral
municipales_2020,1,,,988,98807,Hienghène,HIENGHENE,0009,601,341,260,340,0,1,4,LNC,LEVY,Andre,M,Andre LEVY,SOWEI FLNKS HYEEHEN,241,40.1,70.88,,Ouaré,OUARE,1,Ouaré,Hienghène,LIEU_DIT_NC,TRIBU,Waré,164.93523458965643,-20.673024668353836,tribus_villages_nc,155,701,Hienghéne littoral
municipales_2020,1,,,988,98807,Hienghène,HIENGHENE,0010,289,148,141,148,0,0,1,LNC,OUILLATTE,Bernard,M,Bernard OUILLATTE,UC FLNKS HYEHEN,65,22.49,43.92,,Léwarap,LEWARAP,1,Lewarap,Hienghène,LIEU_DIT_NC,TRIBU,Wérap,164.92837654735197,-20.722390044785012,tribus_villages_nc,155,701,Hienghéne littoral
municipales_2020,1,,,988,98807,Hienghène,HIENGHENE,0010,289,148,141,148,0,0,2,LNC,WALEWENE,Andre,M,Andre WALEWENE,UNE AUTRE VOIE POUR LE DEVELOPPEMENT ET L INNOVATION,25,8.65,16.89,,Léwarap,LEWARAP,1,Lewarap,Hienghène,LIEU_DIT_NC,TRIBU,Wérap,164.92837654735197,-20.722390044785012,tribus_villages_nc,155,701,Hienghéne littoral
municipales_2020,1,,,988,98807,Hienghène,HIENGHENE,0010,289,148,141,148,0,0,3,LNC,MAYAT,Lynda,F,Lynda MAYAT,HIENGHENE AUTREMENT,14,4.84,9.46,,Léwarap,LEWARAP,1,Lewarap,Hienghène,LIEU_DIT_NC,TRIBU,Wérap,164.92837654735197,-20.722390044785012,tribus_villages_nc,155,701,Hienghéne littoral
municipales_2020,1,,,988,98807,Hienghène,HIENGHENE,0010,289,148,141,148,0,0,4,LNC,LEVY,Andre,M,Andre LEVY,SOWEI FLNKS HYEEHEN,44,15.22,29.73,,Léwarap,LEWARAP,1,Lewarap,Hienghène,LIEU_DIT_NC,TRIBU,Wérap,164.92837654735197,-20.722390044785012,tribus_villages_nc,155,701,Hienghéne littoral
municipales_2020,1,,,988,98808,Houailou,HOUAILOU,0001,451,274,177,270,3,1,1,LREG,SAWA,Pascal,M,Pascal SAWA,LISTE UNITAIRE NATIONALISTE FLNKS,139,30.82,51.48,,Mairie,MAIRIE,0.7,HOUAÏLOU,Houaïlou,LIEU_DIT_NC,VILLE,Waa wi Luu,165.6260919909217,-21.278284372962112,tribus_villages_nc,157,801,Houailou village
municipales_2020,1,,,988,98808,Houailou,HOUAILOU,0001,451,274,177,270,3,1,2,LDIV,WATANABÉ,Maurice,M,Maurice WATANABÉ,WAA WILUU 2020  POUR UN CHANGEMENT DURABLE,51,11.31,18.89,,Mairie,MAIRIE,0.7,HOUAÏLOU,Houaïlou,LIEU_DIT_NC,VILLE,Waa wi Luu,165.6260919909217,-21.278284372962112,tribus_villages_nc,157,801,Houailou village
municipales_2020,1,,,988,98808,Houailou,HOUAILOU,0001,451,274,177,270,3,1,3,LREG,BOAI,Assia,M,Assia BOAI,UNION POUR L'INDEPENDANCE,80,17.74,29.63,,Mairie,MAIRIE,0.7,HOUAÏLOU,Houaïlou,LIEU_DIT_NC,VILLE,Waa wi Luu,165.6260919909217,-21.278284372962112,tribus_villages_nc,157,801,Houailou village
municipales_2020,1,,,988,98808,Houailou,HOUAILOU,0002,669,456,213,440,7,9,1,LREG,SAWA,Pascal,M,Pascal SAWA,LISTE UNITAIRE NATIONALISTE FLNKS,294,43.95,66.82,,Warai,WARAI,0.95,Kua,Houaïlou,LIEU_DIT_NC,TRIBU,Wa',165.76989808558005,-21.33124821435679,tribus_villages_nc,160,807,Boréaré - Coula - Karagreu
municipales_2020,1,,,988,98808,Houailou,HOUAILOU,0002,669,456,213,440,7,9,2,LDIV,WATANABÉ,Maurice,M,Maurice WATANABÉ,WAA WILUU 2020  POUR UN CHANGEMENT DURABLE,102,15.25,23.18,,Warai,WARAI,0.95,Kua,Houaïlou,LIEU_DIT_NC,TRIBU,Wa',165.76989808558005,-21.33124821435679,tribus_villages_nc,160,807,Boréaré - Coula - Karagreu
municipales_2020,1,,,988,98808,Houailou,HOUAILOU,0002,669,456,213,440,7,9,3,LREG,BOAI,Assia,M,Assia BOAI,UNION POUR L'INDEPENDANCE,44,6.58,10,,Warai,WARAI,0.95,Kua,Houaïlou,LIEU_DIT_NC,TRIBU,Wa',165.76989808558005,-21.33124821435679,tribus_villages_nc,160,807,Boréaré - Coula - Karagreu
municipales_2020,1,,,988,98808,Houailou,HOUAILOU,0003,385,231,154,227,2,2,1,LREG,SAWA,Pascal,M,Pascal SAWA,LISTE UNITAIRE NATIONALISTE FLNKS,100,25.97,44.05,,Bâ,BA,1,Bâ,Houaïlou,LIEU_DIT_NC,TRIBU,Bwa,165.55842620966266,-21.19827944865936,tribus_villages_nc,158,803,Warai
municipales_2020,1,,,988,98808,Houailou,HOUAILOU,0003,385,231,154,227,2,2,2,LDIV,WATANABÉ,Maurice,M,Maurice WATANABÉ,WAA WILUU 2020  POUR UN CHANGEMENT DURABLE,27,7.01,11.89,,Bâ,BA,1,Bâ,Houaïlou,LIEU_DIT_NC,TRIBU,Bwa,165.55842620966266,-21.19827944865936,tribus_villages_nc,158,803,Warai
municipales_2020,1,,,988,98808,Houailou,HOUAILOU,0003,385,231,154,227,2,2,3,LREG,BOAI,Assia,M,Assia BOAI,UNION POUR L'INDEPENDANCE,100,25.97,44.05,,Bâ,BA,1,Bâ,Houaïlou,LIEU_DIT_NC,TRIBU,Bwa,165.55842620966266,-21.19827944865936,tribus_villages_nc,158,803,Warai
municipales_2020,1,,,988,98808,Houailou,HOUAILOU,0004,308,162,146,161,1,0,1,LREG,SAWA,Pascal,M,Pascal SAWA,LISTE UNITAIRE NATIONALISTE FLNKS,106,34.42,65.84,,Nessakoéa,NESSAKOEA,0.842,Nessa Kouya,Houaïlou,LIEU_DIT_NC,TRIBU,Nérhexa i Kwéaa,165.5267547278778,-21.28421939373571,tribus_villages_nc,159,805,Nédivin - Bas Nindien
municipales_2020,1,,,988,98808,Houailou,HOUAILOU,0004,308,162,146,161,1,0,2,LDIV,WATANABÉ,Maurice,M,Maurice WATANABÉ,WAA WILUU 2020  POUR UN CHANGEMENT DURABLE,23,7.47,14.29,,Nessakoéa,NESSAKOEA,0.842,Nessa Kouya,Houaïlou,LIEU_DIT_NC,TRIBU,Nérhexa i Kwéaa,165.5267547278778,-21.28421939373571,tribus_villages_nc,159,805,Nédivin - Bas Nindien
municipales_2020,1,,,988,98808,Houailou,HOUAILOU,0004,308,162,146,161,1,0,3,LREG,BOAI,Assia,M,Assia BOAI,UNION POUR L'INDEPENDANCE,32,10.39,19.88,,Nessakoéa,NESSAKOEA,0.842,Nessa Kouya,Houaïlou,LIEU_DIT_NC,TRIBU,Nérhexa i Kwéaa,165.5267547278778,-21.28421939373571,tribus_villages_nc,159,805,Nédivin - Bas Nindien
municipales_2020,1,,,988,98808,Houailou,HOUAILOU,0005,556,322,234,319,1,2,1,LREG,SAWA,Pascal,M,Pascal SAWA,LISTE UNITAIRE NATIONALISTE FLNKS,147,26.44,46.08,,Poro,PORO,1,Poro,Houaïlou,LIEU_DIT_NC,LDH,Pô Ro,165.70953015747588,-21.30262511634177,tribus_villages_nc,157,801,Houailou village
municipales_2020,1,,,988,98808,Houailou,HOUAILOU,0005,556,322,234,319,1,2,2,LDIV,WATANABÉ,Maurice,M,Maurice WATANABÉ,WAA WILUU 2020  POUR UN CHANGEMENT DURABLE,96,17.27,30.09,,Poro,PORO,1,Poro,Houaïlou,LIEU_DIT_NC,LDH,Pô Ro,165.70953015747588,-21.30262511634177,tribus_villages_nc,157,801,Houailou village
municipales_2020,1,,,988,98808,Houailou,HOUAILOU,0005,556,322,234,319,1,2,3,LREG,BOAI,Assia,M,Assia BOAI,UNION POUR L'INDEPENDANCE,76,13.67,23.82,,Poro,PORO,1,Poro,Houaïlou,LIEU_DIT_NC,LDH,Pô Ro,165.70953015747588,-21.30262511634177,tribus_villages_nc,157,801,Houailou village
municipales_2020,1,,,988,98808,Houailou,HOUAILOU,0006,498,257,241,255,0,2,1,LREG,SAWA,Pascal,M,Pascal SAWA,LISTE UNITAIRE NATIONALISTE FLNKS,131,26.31,51.37,,Coula,COULA,1,Coula,Houaïlou,LIEU_DIT_NC,TRIBU,Kuru raa,165.44899405604838,-21.336853600338287,tribus_villages_nc,160,807,Boréaré - Coula - Karagreu
municipales_2020,1,,,988,98808,Houailou,HOUAILOU,0006,498,257,241,255,0,2,2,LDIV,WATANABÉ,Maurice,M,Maurice WATANABÉ,WAA WILUU 2020  POUR UN CHANGEMENT DURABLE,44,8.84,17.25,,Coula,COULA,1,Coula,Houaïlou,LIEU_DIT_NC,TRIBU,Kuru raa,165.44899405604838,-21.336853600338287,tribus_villages_nc,160,807,Boréaré - Coula - Karagreu
municipales_2020,1,,,988,98808,Houailou,HOUAILOU,0006,498,257,241,255,0,2,3,LREG,BOAI,Assia,M,Assia BOAI,UNION POUR L'INDEPENDANCE,80,16.06,31.37,,Coula,COULA,1,Coula,Houaïlou,LIEU_DIT_NC,TRIBU,Kuru raa,165.44899405604838,-21.336853600338287,tribus_villages_nc,160,807,Boréaré - Coula - Karagreu
municipales_2020,1,,,988,98808,Houailou,HOUAILOU,0007,340,192,148,190,1,1,1,LREG,SAWA,Pascal,M,Pascal SAWA,LISTE UNITAIRE NATIONALISTE FLNKS,95,27.94,50,,Néaoua,NEAOUA,1,Néaoua,Houaïlou,LIEU_DIT_NC,TRIBU,Né awa,165.6455007313978,-21.325531853593,tribus_villages_nc,157,801,Houailou village
municipales_2020,1,,,988,98808,Houailou,HOUAILOU,0007,340,192,148,190,1,1,2,LDIV,WATANABÉ,Maurice,M,Maurice WATANABÉ,WAA WILUU 2020  POUR UN CHANGEMENT DURABLE,18,5.29,9.47,,Néaoua,NEAOUA,1,Néaoua,Houaïlou,LIEU_DIT_NC,TRIBU,Né awa,165.6455007313978,-21.325531853593,tribus_villages_nc,157,801,Houailou village
municipales_2020,1,,,988,98808,Houailou,HOUAILOU,0007,340,192,148,190,1,1,3,LREG,BOAI,Assia,M,Assia BOAI,UNION POUR L'INDEPENDANCE,77,22.65,40.53,,Néaoua,NEAOUA,1,Néaoua,Houaïlou,LIEU_DIT_NC,TRIBU,Né awa,165.6455007313978,-21.325531853593,tribus_villages_nc,157,801,Houailou village
municipales_2020,1,,,988,98808,Houailou,HOUAILOU,0008,516,327,189,319,0,8,1,LREG,SAWA,Pascal,M,Pascal SAWA,LISTE UNITAIRE NATIONALISTE FLNKS,232,44.96,72.73,,Nédivin,NEDIVIN,1,Nédivin,Houaïlou,LIEU_DIT_NC,TRIBU,Nédii vârâ,165.57082158687447,-21.289736384804883,tribus_villages_nc,159,805,Nédivin - Bas Nindien
municipales_2020,1,,,988,98808,Houailou,HOUAILOU,0008,516,327,189,319,0,8,2,LDIV,WATANABÉ,Maurice,M,Maurice WATANABÉ,WAA WILUU 2020  POUR UN CHANGEMENT DURABLE,33,6.4,10.34,,Nédivin,NEDIVIN,1,Nédivin,Houaïlou,LIEU_DIT_NC,TRIBU,Nédii vârâ,165.57082158687447,-21.289736384804883,tribus_villages_nc,159,805,Nédivin - Bas Nindien
municipales_2020,1,,,988,98808,Houailou,HOUAILOU,0008,516,327,189,319,0,8,3,LREG,BOAI,Assia,M,Assia BOAI,UNION POUR L'INDEPENDANCE,54,10.47,16.93,,Nédivin,NEDIVIN,1,Nédivin,Houaïlou,LIEU_DIT_NC,TRIBU,Nédii vârâ,165.57082158687447,-21.289736384804883,tribus_villages_nc,159,805,Nédivin - Bas Nindien
municipales_2020,1,,,988,98809,Ile des Pins,ILEDESPINS,0001,1019,674,345,663,2,9,1,LNC,LEME,Mickaël,M,Mickaël LEME,CALEDONIE ENSEMBLE,47,4.61,7.09,,Mairie 1,MAIRIE,,,,,,,167.495819,-22.66517,tidygeocoder_osm,161,901,Vao
municipales_2020,1,,,988,98809,Ile des Pins,ILEDESPINS,0001,1019,674,345,663,2,9,2,LNC,VENDEGOU,Regis Wadieme,M,Regis Wadieme VENDEGOU,FLNKS,136,13.35,20.51,,Mairie 1,MAIRIE,,,,,,,167.495819,-22.66517,tidygeocoder_osm,161,901,Vao
municipales_2020,1,,,988,98809,Ile des Pins,ILEDESPINS,0001,1019,674,345,663,2,9,3,LNC,VAKIE,Christophe,M,Christophe VAKIE,Les Républicains-Kunié,244,23.95,36.8,,Mairie 1,MAIRIE,,,,,,,167.495819,-22.66517,tidygeocoder_osm,161,901,Vao
municipales_2020,1,,,988,98809,Ile des Pins,ILEDESPINS,0001,1019,674,345,663,2,9,4,LNC,VAKIE,Yannick,M,Yannick VAKIE,Sur les traces de l'excellence,63,6.18,9.5,,Mairie 1,MAIRIE,,,,,,,167.495819,-22.66517,tidygeocoder_osm,161,901,Vao
municipales_2020,1,,,988,98809,Ile des Pins,ILEDESPINS,0001,1019,674,345,663,2,9,5,LNC,APIKAOUA,Arnold,M,Arnold APIKAOUA,UC FLNKS,173,16.98,26.09,,Mairie 1,MAIRIE,,,,,,,167.495819,-22.66517,tidygeocoder_osm,161,901,Vao
municipales_2020,1,,,988,98809,Ile des Pins,ILEDESPINS,0002,767,570,197,567,3,0,1,LNC,LEME,Mickaël,M,Mickaël LEME,CALEDONIE ENSEMBLE,42,5.48,7.41,,Bâtiment communal Point Information,BATIMENT COMMUNAL POINT INFORMATION,,,,,,,167.495819,-22.66517,tidygeocoder_osm,161,901,Vao
municipales_2020,1,,,988,98809,Ile des Pins,ILEDESPINS,0002,767,570,197,567,3,0,2,LNC,VENDEGOU,Regis Wadieme,M,Regis Wadieme VENDEGOU,FLNKS,142,18.51,25.04,,Bâtiment communal Point Information,BATIMENT COMMUNAL POINT INFORMATION,,,,,,,167.495819,-22.66517,tidygeocoder_osm,161,901,Vao
municipales_2020,1,,,988,98809,Ile des Pins,ILEDESPINS,0002,767,570,197,567,3,0,3,LNC,VAKIE,Christophe,M,Christophe VAKIE,Les Républicains-Kunié,155,20.21,27.34,,Bâtiment communal Point Information,BATIMENT COMMUNAL POINT INFORMATION,,,,,,,167.495819,-22.66517,tidygeocoder_osm,161,901,Vao
municipales_2020,1,,,988,98809,Ile des Pins,ILEDESPINS,0002,767,570,197,567,3,0,4,LNC,VAKIE,Yannick,M,Yannick VAKIE,Sur les traces de l'excellence,38,4.95,6.7,,Bâtiment communal Point Information,BATIMENT COMMUNAL POINT INFORMATION,,,,,,,167.495819,-22.66517,tidygeocoder_osm,161,901,Vao
municipales_2020,1,,,988,98809,Ile des Pins,ILEDESPINS,0002,767,570,197,567,3,0,5,LNC,APIKAOUA,Arnold,M,Arnold APIKAOUA,UC FLNKS,190,24.77,33.51,,Bâtiment communal Point Information,BATIMENT COMMUNAL POINT INFORMATION,,,,,,,167.495819,-22.66517,tidygeocoder_osm,161,901,Vao
municipales_2020,1,,,988,98810,Kaala-Gomen,KAALAGOMEN,0001,518,336,182,331,3,2,1,LNC,JIZDNY,Vincent,M,Vincent JIZDNY,BWAPANU EN AVANT !,28,5.41,8.46,,Mairie,MAIRIE,0.98,Mairie de Kaala-Gomen,804 Avenue de BWAPANU,ADMINISTRATION ET ORGANISME,Administrations des collectivités,Administration de la commune de Kaala-Gomen,164.397185345977,-20.6671314843025,etablissements_publics_nc,1,1001,Kaala Gomen village et littoral
municipales_2020,1,,,988,98810,Kaala-Gomen,KAALAGOMEN,0001,518,336,182,331,3,2,2,LNC,TEIN-TAOUVA,Hervé Maguei,M,Hervé Maguei TEIN-TAOUVA,UNION CALEDONIENNE BWAPANU,47,9.07,14.2,,Mairie,MAIRIE,0.98,Mairie de Kaala-Gomen,804 Avenue de BWAPANU,ADMINISTRATION ET ORGANISME,Administrations des collectivités,Administration de la commune de Kaala-Gomen,164.397185345977,-20.6671314843025,etablissements_publics_nc,1,1001,Kaala Gomen village et littoral
municipales_2020,1,,,988,98810,Kaala-Gomen,KAALAGOMEN,0001,518,336,182,331,3,2,3,LNC,LEVANT,Alain,M,Alain LEVANT,ENTENTE COMMUNALE,214,41.31,64.65,,Mairie,MAIRIE,0.98,Mairie de Kaala-Gomen,804 Avenue de BWAPANU,ADMINISTRATION ET ORGANISME,Administrations des collectivités,Administration de la commune de Kaala-Gomen,164.397185345977,-20.6671314843025,etablissements_publics_nc,1,1001,Kaala Gomen village et littoral
municipales_2020,1,,,988,98810,Kaala-Gomen,KAALAGOMEN,0001,518,336,182,331,3,2,4,LNC,MOINLAOUPIOH,Sam,M,Sam MOINLAOUPIOH,Uni pour Bwapanu,42,8.11,12.69,,Mairie,MAIRIE,0.98,Mairie de Kaala-Gomen,804 Avenue de BWAPANU,ADMINISTRATION ET ORGANISME,Administrations des collectivités,Administration de la commune de Kaala-Gomen,164.397185345977,-20.6671314843025,etablissements_publics_nc,1,1001,Kaala Gomen village et littoral
municipales_2020,1,,,988,98810,Kaala-Gomen,KAALAGOMEN,0002,368,233,135,231,1,1,1,LNC,JIZDNY,Vincent,M,Vincent JIZDNY,BWAPANU EN AVANT !,0,0,0,,Ouéholle,OUEHOLLE,0.93,Ecole catholique de Ouéholle,,ENSEIGNEMENT ET FORMATION,Enseignement du premier degré,Ecole pré-élémentaire,164.545680960012,-20.6046276080457,etablissements_publics_nc,2,1004,Ouéholle - Ouémou - Kourou
municipales_2020,1,,,988,98810,Kaala-Gomen,KAALAGOMEN,0002,368,233,135,231,1,1,2,LNC,TEIN-TAOUVA,Hervé Maguei,M,Hervé Maguei TEIN-TAOUVA,UNION CALEDONIENNE BWAPANU,189,51.36,81.82,,Ouéholle,OUEHOLLE,0.93,Ecole catholique de Ouéholle,,ENSEIGNEMENT ET FORMATION,Enseignement du premier degré,Ecole pré-élémentaire,164.545680960012,-20.6046276080457,etablissements_publics_nc,2,1004,Ouéholle - Ouémou - Kourou
municipales_2020,1,,,988,98810,Kaala-Gomen,KAALAGOMEN,0002,368,233,135,231,1,1,3,LNC,LEVANT,Alain,M,Alain LEVANT,ENTENTE COMMUNALE,26,7.07,11.26,,Ouéholle,OUEHOLLE,0.93,Ecole catholique de Ouéholle,,ENSEIGNEMENT ET FORMATION,Enseignement du premier degré,Ecole pré-élémentaire,164.545680960012,-20.6046276080457,etablissements_publics_nc,2,1004,Ouéholle - Ouémou - Kourou
municipales_2020,1,,,988,98810,Kaala-Gomen,KAALAGOMEN,0002,368,233,135,231,1,1,4,LNC,MOINLAOUPIOH,Sam,M,Sam MOINLAOUPIOH,Uni pour Bwapanu,16,4.35,6.93,,Ouéholle,OUEHOLLE,0.93,Ecole catholique de Ouéholle,,ENSEIGNEMENT ET FORMATION,Enseignement du premier degré,Ecole pré-élémentaire,164.545680960012,-20.6046276080457,etablissements_publics_nc,2,1004,Ouéholle - Ouémou - Kourou
municipales_2020,1,,,988,98810,Kaala-Gomen,KAALAGOMEN,0003,277,209,68,209,0,0,1,LNC,JIZDNY,Vincent,M,Vincent JIZDNY,BWAPANU EN AVANT !,15,5.42,7.18,,Maison Païta,MAISON PAITA,0.688,Maison commune de Piata,,CULTUREL ET SOCIO EDUCATIF,Equipements socio-éducatifs et socio-culturels,Maison de jeune et maison de quartier,164.426512320768,-20.6494636653987,etablissements_publics_nc,1,1001,Kaala Gomen village et littoral
municipales_2020,1,,,988,98810,Kaala-Gomen,KAALAGOMEN,0003,277,209,68,209,0,0,2,LNC,TEIN-TAOUVA,Hervé Maguei,M,Hervé Maguei TEIN-TAOUVA,UNION CALEDONIENNE BWAPANU,25,9.03,11.96,,Maison Païta,MAISON PAITA,0.688,Maison commune de Piata,,CULTUREL ET SOCIO EDUCATIF,Equipements socio-éducatifs et socio-culturels,Maison de jeune et maison de quartier,164.426512320768,-20.6494636653987,etablissements_publics_nc,1,1001,Kaala Gomen village et littoral
municipales_2020,1,,,988,98810,Kaala-Gomen,KAALAGOMEN,0003,277,209,68,209,0,0,3,LNC,LEVANT,Alain,M,Alain LEVANT,ENTENTE COMMUNALE,122,44.04,58.37,,Maison Païta,MAISON PAITA,0.688,Maison commune de Piata,,CULTUREL ET SOCIO EDUCATIF,Equipements socio-éducatifs et socio-culturels,Maison de jeune et maison de quartier,164.426512320768,-20.6494636653987,etablissements_publics_nc,1,1001,Kaala Gomen village et littoral
municipales_2020,1,,,988,98810,Kaala-Gomen,KAALAGOMEN,0003,277,209,68,209,0,0,4,LNC,MOINLAOUPIOH,Sam,M,Sam MOINLAOUPIOH,Uni pour Bwapanu,47,16.97,22.49,,Maison Païta,MAISON PAITA,0.688,Maison commune de Piata,,CULTUREL ET SOCIO EDUCATIF,Equipements socio-éducatifs et socio-culturels,Maison de jeune et maison de quartier,164.426512320768,-20.6494636653987,etablissements_publics_nc,1,1001,Kaala Gomen village et littoral
municipales_2020,1,,,988,98810,Kaala-Gomen,KAALAGOMEN,0004,188,134,54,133,1,0,1,LNC,JIZDNY,Vincent,M,Vincent JIZDNY,BWAPANU EN AVANT !,1,0.53,0.75,,Maison Gamaï,MAISON GAMAI,0.75,Maison commune de Gamaï,,CULTUREL ET SOCIO EDUCATIF,Equipements socio-éducatifs et socio-culturels,Maison de jeune et maison de quartier,164.486749878062,-20.6941126404856,etablissements_publics_nc,1,1001,Kaala Gomen village et littoral
municipales_2020,1,,,988,98810,Kaala-Gomen,KAALAGOMEN,0004,188,134,54,133,1,0,2,LNC,TEIN-TAOUVA,Hervé Maguei,M,Hervé Maguei TEIN-TAOUVA,UNION CALEDONIENNE BWAPANU,32,17.02,24.06,,Maison Gamaï,MAISON GAMAI,0.75,Maison commune de Gamaï,,CULTUREL ET SOCIO EDUCATIF,Equipements socio-éducatifs et socio-culturels,Maison de jeune et maison de quartier,164.486749878062,-20.6941126404856,etablissements_publics_nc,1,1001,Kaala Gomen village et littoral
municipales_2020,1,,,988,98810,Kaala-Gomen,KAALAGOMEN,0004,188,134,54,133,1,0,3,LNC,LEVANT,Alain,M,Alain LEVANT,ENTENTE COMMUNALE,58,30.85,43.61,,Maison Gamaï,MAISON GAMAI,0.75,Maison commune de Gamaï,,CULTUREL ET SOCIO EDUCATIF,Equipements socio-éducatifs et socio-culturels,Maison de jeune et maison de quartier,164.486749878062,-20.6941126404856,etablissements_publics_nc,1,1001,Kaala Gomen village et littoral
municipales_2020,1,,,988,98810,Kaala-Gomen,KAALAGOMEN,0004,188,134,54,133,1,0,4,LNC,MOINLAOUPIOH,Sam,M,Sam MOINLAOUPIOH,Uni pour Bwapanu,42,22.34,31.58,,Maison Gamaï,MAISON GAMAI,0.75,Maison commune de Gamaï,,CULTUREL ET SOCIO EDUCATIF,Equipements socio-éducatifs et socio-culturels,Maison de jeune et maison de quartier,164.486749878062,-20.6941126404856,etablissements_publics_nc,1,1001,Kaala Gomen village et littoral
municipales_2020,1,,,988,98810,Kaala-Gomen,KAALAGOMEN,0005,139,105,34,105,0,0,1,LNC,JIZDNY,Vincent,M,Vincent JIZDNY,BWAPANU EN AVANT !,0,0,0,,Maison Baoui,MAISON BAOUI,0.75,Maison commune de Baoui,,CULTUREL ET SOCIO EDUCATIF,Equipements socio-éducatifs et socio-culturels,Maison de jeune et maison de quartier,164.463552597488,-20.6891303658536,etablissements_publics_nc,1,1001,Kaala Gomen village et littoral
municipales_2020,1,,,988,98810,Kaala-Gomen,KAALAGOMEN,0005,139,105,34,105,0,0,2,LNC,TEIN-TAOUVA,Hervé Maguei,M,Hervé Maguei TEIN-TAOUVA,UNION CALEDONIENNE BWAPANU,21,15.11,20,,Maison Baoui,MAISON BAOUI,0.75,Maison commune de Baoui,,CULTUREL ET SOCIO EDUCATIF,Equipements socio-éducatifs et socio-culturels,Maison de jeune et maison de quartier,164.463552597488,-20.6891303658536,etablissements_publics_nc,1,1001,Kaala Gomen village et littoral
municipales_2020,1,,,988,98810,Kaala-Gomen,KAALAGOMEN,0005,139,105,34,105,0,0,3,LNC,LEVANT,Alain,M,Alain LEVANT,ENTENTE COMMUNALE,45,32.37,42.86,,Maison Baoui,MAISON BAOUI,0.75,Maison commune de Baoui,,CULTUREL ET SOCIO EDUCATIF,Equipements socio-éducatifs et socio-culturels,Maison de jeune et maison de quartier,164.463552597488,-20.6891303658536,etablissements_publics_nc,1,1001,Kaala Gomen village et littoral
municipales_2020,1,,,988,98810,Kaala-Gomen,KAALAGOMEN,0005,139,105,34,105,0,0,4,LNC,MOINLAOUPIOH,Sam,M,Sam MOINLAOUPIOH,Uni pour Bwapanu,39,28.06,37.14,,Maison Baoui,MAISON BAOUI,0.75,Maison commune de Baoui,,CULTUREL ET SOCIO EDUCATIF,Equipements socio-éducatifs et socio-culturels,Maison de jeune et maison de quartier,164.463552597488,-20.6891303658536,etablissements_publics_nc,1,1001,Kaala Gomen village et littoral
municipales_2020,1,,,988,98810,Kaala-Gomen,KAALAGOMEN,0006,207,129,78,128,0,1,1,LNC,JIZDNY,Vincent,M,Vincent JIZDNY,BWAPANU EN AVANT !,14,6.76,10.94,,Ouaco,OUACO,0.93,Ecole de Ouaco,185 Rue Victor ROFFEY,ENSEIGNEMENT ET FORMATION,Enseignement du premier degré,Ecole élémentaire,164.471215971078,-20.8375035625753,etablissements_publics_nc,1,1001,Kaala Gomen village et littoral
municipales_2020,1,,,988,98810,Kaala-Gomen,KAALAGOMEN,0006,207,129,78,128,0,1,2,LNC,TEIN-TAOUVA,Hervé Maguei,M,Hervé Maguei TEIN-TAOUVA,UNION CALEDONIENNE BWAPANU,39,18.84,30.47,,Ouaco,OUACO,0.93,Ecole de Ouaco,185 Rue Victor ROFFEY,ENSEIGNEMENT ET FORMATION,Enseignement du premier degré,Ecole élémentaire,164.471215971078,-20.8375035625753,etablissements_publics_nc,1,1001,Kaala Gomen village et littoral
municipales_2020,1,,,988,98810,Kaala-Gomen,KAALAGOMEN,0006,207,129,78,128,0,1,3,LNC,LEVANT,Alain,M,Alain LEVANT,ENTENTE COMMUNALE,69,33.33,53.91,,Ouaco,OUACO,0.93,Ecole de Ouaco,185 Rue Victor ROFFEY,ENSEIGNEMENT ET FORMATION,Enseignement du premier degré,Ecole élémentaire,164.471215971078,-20.8375035625753,etablissements_publics_nc,1,1001,Kaala Gomen village et littoral
municipales_2020,1,,,988,98810,Kaala-Gomen,KAALAGOMEN,0006,207,129,78,128,0,1,4,LNC,MOINLAOUPIOH,Sam,M,Sam MOINLAOUPIOH,Uni pour Bwapanu,6,2.9,4.69,,Ouaco,OUACO,0.93,Ecole de Ouaco,185 Rue Victor ROFFEY,ENSEIGNEMENT ET FORMATION,Enseignement du premier degré,Ecole élémentaire,164.471215971078,-20.8375035625753,etablissements_publics_nc,1,1001,Kaala Gomen village et littoral
municipales_2020,1,,,988,98811,Koné,KONE,0001,841,415,426,400,5,10,1,LREG,GOWECEE,Thierry,M,Thierry GOWECEE,UC-FLNKS KOOHNÊ,69,8.2,17.25,,Salle Au Pitiri,SALLE AU PITIRI,0.556,Plateau sportif de Téari,AVENUE FOUE,EQUIPEMENT SPORTIF,Terrains sportifs normalisés,Terrain polyvalent,164.866375124843,-21.0740850901806,etablissements_publics_nc,5,1102,Paiamboué - La Caférie - Foué
municipales_2020,1,,,988,98811,Koné,KONE,0001,841,415,426,400,5,10,2,LREG,GOROMIDO,Joseph Appangou,M,Joseph Appangou GOROMIDO,UNI POUR KOOHNE,114,13.56,28.5,,Salle Au Pitiri,SALLE AU PITIRI,0.556,Plateau sportif de Téari,AVENUE FOUE,EQUIPEMENT SPORTIF,Terrains sportifs normalisés,Terrain polyvalent,164.866375124843,-21.0740850901806,etablissements_publics_nc,5,1102,Paiamboué - La Caférie - Foué
municipales_2020,1,,,988,98811,Koné,KONE,0001,841,415,426,400,5,10,3,LDVD,BILLIET,Edwin,M,Edwin BILLIET,KONE AUTREMENT,217,25.8,54.25,,Salle Au Pitiri,SALLE AU PITIRI,0.556,Plateau sportif de Téari,AVENUE FOUE,EQUIPEMENT SPORTIF,Terrains sportifs normalisés,Terrain polyvalent,164.866375124843,-21.0740850901806,etablissements_publics_nc,5,1102,Paiamboué - La Caférie - Foué
municipales_2020,1,,,988,98811,Koné,KONE,0002,165,113,52,108,2,3,1,LREG,GOWECEE,Thierry,M,Thierry GOWECEE,UC-FLNKS KOOHNÊ,69,41.82,63.89,,Poindah,POINDAH,0.93,Maison commune de Poindah,,CULTUREL ET SOCIO EDUCATIF,Equipements socio-éducatifs et socio-culturels,Maison de jeune et maison de quartier,164.964442641559,-21.0372102738018,etablissements_publics_nc,7,1107,Poindah - Noelly - Néami - Netchaot
municipales_2020,1,,,988,98811,Koné,KONE,0002,165,113,52,108,2,3,2,LREG,GOROMIDO,Joseph Appangou,M,Joseph Appangou GOROMIDO,UNI POUR KOOHNE,31,18.79,28.7,,Poindah,POINDAH,0.93,Maison commune de Poindah,,CULTUREL ET SOCIO EDUCATIF,Equipements socio-éducatifs et socio-culturels,Maison de jeune et maison de quartier,164.964442641559,-21.0372102738018,etablissements_publics_nc,7,1107,Poindah - Noelly - Néami - Netchaot
municipales_2020,1,,,988,98811,Koné,KONE,0002,165,113,52,108,2,3,3,LDVD,BILLIET,Edwin,M,Edwin BILLIET,KONE AUTREMENT,8,4.85,7.41,,Poindah,POINDAH,0.93,Maison commune de Poindah,,CULTUREL ET SOCIO EDUCATIF,Equipements socio-éducatifs et socio-culturels,Maison de jeune et maison de quartier,164.964442641559,-21.0372102738018,etablissements_publics_nc,7,1107,Poindah - Noelly - Néami - Netchaot
municipales_2020,1,,,988,98811,Koné,KONE,0003,397,274,123,270,0,4,1,LREG,GOWECEE,Thierry,M,Thierry GOWECEE,UC-FLNKS KOOHNÊ,47,11.84,17.41,,Netchaot,NETCHAOT,0.93,Ecole maternelle publique de Nétchaot,Route du STADE de NETCHAOT,ENSEIGNEMENT ET FORMATION,Enseignement du premier degré,Ecole pré-élémentaire,165.022902317548,-21.0054157631335,etablissements_publics_nc,7,1107,Poindah - Noelly - Néami - Netchaot
municipales_2020,1,,,988,98811,Koné,KONE,0003,397,274,123,270,0,4,2,LREG,GOROMIDO,Joseph Appangou,M,Joseph Appangou GOROMIDO,UNI POUR KOOHNE,214,53.9,79.26,,Netchaot,NETCHAOT,0.93,Ecole maternelle publique de Nétchaot,Route du STADE de NETCHAOT,ENSEIGNEMENT ET FORMATION,Enseignement du premier degré,Ecole pré-élémentaire,165.022902317548,-21.0054157631335,etablissements_publics_nc,7,1107,Poindah - Noelly - Néami - Netchaot
municipales_2020,1,,,988,98811,Koné,KONE,0003,397,274,123,270,0,4,3,LDVD,BILLIET,Edwin,M,Edwin BILLIET,KONE AUTREMENT,9,2.27,3.33,,Netchaot,NETCHAOT,0.93,Ecole maternelle publique de Nétchaot,Route du STADE de NETCHAOT,ENSEIGNEMENT ET FORMATION,Enseignement du premier degré,Ecole pré-élémentaire,165.022902317548,-21.0054157631335,etablissements_publics_nc,7,1107,Poindah - Noelly - Néami - Netchaot
municipales_2020,1,,,988,98811,Koné,KONE,0004,272,220,52,220,0,0,1,LREG,GOWECEE,Thierry,M,Thierry GOWECEE,UC-FLNKS KOOHNÊ,179,65.81,81.36,,Tiaoué,TIAOUE,0.93,Ecole publique de Tiaoué,RM5,ENSEIGNEMENT ET FORMATION,Enseignement du premier degré,Ecole primaire,164.916802108,-21.0000621217301,etablissements_publics_nc,7,1107,Poindah - Noelly - Néami - Netchaot
municipales_2020,1,,,988,98811,Koné,KONE,0004,272,220,52,220,0,0,2,LREG,GOROMIDO,Joseph Appangou,M,Joseph Appangou GOROMIDO,UNI POUR KOOHNE,37,13.6,16.82,,Tiaoué,TIAOUE,0.93,Ecole publique de Tiaoué,RM5,ENSEIGNEMENT ET FORMATION,Enseignement du premier degré,Ecole primaire,164.916802108,-21.0000621217301,etablissements_publics_nc,7,1107,Poindah - Noelly - Néami - Netchaot
municipales_2020,1,,,988,98811,Koné,KONE,0004,272,220,52,220,0,0,3,LDVD,BILLIET,Edwin,M,Edwin BILLIET,KONE AUTREMENT,4,1.47,1.82,,Tiaoué,TIAOUE,0.93,Ecole publique de Tiaoué,RM5,ENSEIGNEMENT ET FORMATION,Enseignement du premier degré,Ecole primaire,164.916802108,-21.0000621217301,etablissements_publics_nc,7,1107,Poindah - Noelly - Néami - Netchaot
municipales_2020,1,,,988,98811,Koné,KONE,0005,127,92,35,92,0,0,1,LREG,GOWECEE,Thierry,M,Thierry GOWECEE,UC-FLNKS KOOHNÊ,83,65.35,90.22,,Atéou,ATEOU,0.93,Ecole publique d'Atéou,Route de l'EGLISE d'ATEOU,ENSEIGNEMENT ET FORMATION,Enseignement du premier degré,Ecole primaire,164.90654574925,-20.9500343540188,etablissements_publics_nc,7,1107,Poindah - Noelly - Néami - Netchaot
municipales_2020,1,,,988,98811,Koné,KONE,0005,127,92,35,92,0,0,2,LREG,GOROMIDO,Joseph Appangou,M,Joseph Appangou GOROMIDO,UNI POUR KOOHNE,5,3.94,5.43,,Atéou,ATEOU,0.93,Ecole publique d'Atéou,Route de l'EGLISE d'ATEOU,ENSEIGNEMENT ET FORMATION,Enseignement du premier degré,Ecole primaire,164.90654574925,-20.9500343540188,etablissements_publics_nc,7,1107,Poindah - Noelly - Néami - Netchaot
municipales_2020,1,,,988,98811,Koné,KONE,0005,127,92,35,92,0,0,3,LDVD,BILLIET,Edwin,M,Edwin BILLIET,KONE AUTREMENT,4,3.15,4.35,,Atéou,ATEOU,0.93,Ecole publique d'Atéou,Route de l'EGLISE d'ATEOU,ENSEIGNEMENT ET FORMATION,Enseignement du premier degré,Ecole primaire,164.90654574925,-20.9500343540188,etablissements_publics_nc,7,1107,Poindah - Noelly - Néami - Netchaot
municipales_2020,1,,,988,98811,Koné,KONE,0006,224,151,73,150,0,1,1,LREG,GOWECEE,Thierry,M,Thierry GOWECEE,UC-FLNKS KOOHNÊ,49,21.88,32.67,,Bopope,BOPOPE,0.93,Ecole privée protestante Bopope,ROUTE BOPOPE BOPOPE,ENSEIGNEMENT ET FORMATION,Enseignement du premier degré,Ecole primaire,165.079714634727,-20.9178415050895,etablissements_publics_nc,8,1108,Bopope
municipales_2020,1,,,988,98811,Koné,KONE,0006,224,151,73,150,0,1,2,LREG,GOROMIDO,Joseph Appangou,M,Joseph Appangou GOROMIDO,UNI POUR KOOHNE,89,39.73,59.33,,Bopope,BOPOPE,0.93,Ecole privée protestante Bopope,ROUTE BOPOPE BOPOPE,ENSEIGNEMENT ET FORMATION,Enseignement du premier degré,Ecole primaire,165.079714634727,-20.9178415050895,etablissements_publics_nc,8,1108,Bopope
municipales_2020,1,,,988,98811,Koné,KONE,0006,224,151,73,150,0,1,3,LDVD,BILLIET,Edwin,M,Edwin BILLIET,KONE AUTREMENT,12,5.36,8,,Bopope,BOPOPE,0.93,Ecole privée protestante Bopope,ROUTE BOPOPE BOPOPE,ENSEIGNEMENT ET FORMATION,Enseignement du premier degré,Ecole primaire,165.079714634727,-20.9178415050895,etablissements_publics_nc,8,1108,Bopope
municipales_2020,1,,,988,98811,Koné,KONE,0007,220,156,64,156,0,0,1,LREG,GOWECEE,Thierry,M,Thierry GOWECEE,UC-FLNKS KOOHNÊ,80,36.36,51.28,,Néami,NEAMI,0.93,Ecole maternelle publique de Néami,Route GOROPOADJILEI,ENSEIGNEMENT ET FORMATION,Enseignement du premier degré,Ecole pré-élémentaire,164.971958124292,-20.977983356452,etablissements_publics_nc,7,1107,Poindah - Noelly - Néami - Netchaot
municipales_2020,1,,,988,98811,Koné,KONE,0007,220,156,64,156,0,0,2,LREG,GOROMIDO,Joseph Appangou,M,Joseph Appangou GOROMIDO,UNI POUR KOOHNE,61,27.73,39.1,,Néami,NEAMI,0.93,Ecole maternelle publique de Néami,Route GOROPOADJILEI,ENSEIGNEMENT ET FORMATION,Enseignement du premier degré,Ecole pré-élémentaire,164.971958124292,-20.977983356452,etablissements_publics_nc,7,1107,Poindah - Noelly - Néami - Netchaot
municipales_2020,1,,,988,98811,Koné,KONE,0007,220,156,64,156,0,0,3,LDVD,BILLIET,Edwin,M,Edwin BILLIET,KONE AUTREMENT,15,6.82,9.62,,Néami,NEAMI,0.93,Ecole maternelle publique de Néami,Route GOROPOADJILEI,ENSEIGNEMENT ET FORMATION,Enseignement du premier degré,Ecole pré-élémentaire,164.971958124292,-20.977983356452,etablissements_publics_nc,7,1107,Poindah - Noelly - Néami - Netchaot
municipales_2020,1,,,988,98811,Koné,KONE,0008,449,267,182,261,2,4,1,LREG,GOWECEE,Thierry,M,Thierry GOWECEE,UC-FLNKS KOOHNÊ,106,23.61,40.61,,Baco,BACO,0.93,Maison commune de Baco,,CULTUREL ET SOCIO EDUCATIF,Equipements socio-éducatifs et socio-culturels,Maison de jeune et maison de quartier,164.895177171264,-21.0667090848805,etablissements_publics_nc,6,1103,Baco - Koniambo
municipales_2020,1,,,988,98811,Koné,KONE,0008,449,267,182,261,2,4,2,LREG,GOROMIDO,Joseph Appangou,M,Joseph Appangou GOROMIDO,UNI POUR KOOHNE,124,27.62,47.51,,Baco,BACO,0.93,Maison commune de Baco,,CULTUREL ET SOCIO EDUCATIF,Equipements socio-éducatifs et socio-culturels,Maison de jeune et maison de quartier,164.895177171264,-21.0667090848805,etablissements_publics_nc,6,1103,Baco - Koniambo
municipales_2020,1,,,988,98811,Koné,KONE,0008,449,267,182,261,2,4,3,LDVD,BILLIET,Edwin,M,Edwin BILLIET,KONE AUTREMENT,31,6.9,11.88,,Baco,BACO,0.93,Maison commune de Baco,,CULTUREL ET SOCIO EDUCATIF,Equipements socio-éducatifs et socio-culturels,Maison de jeune et maison de quartier,164.895177171264,-21.0667090848805,etablissements_publics_nc,6,1103,Baco - Koniambo
municipales_2020,1,,,988,98811,Koné,KONE,0009,730,445,285,439,4,2,1,LREG,GOWECEE,Thierry,M,Thierry GOWECEE,UC-FLNKS KOOHNÊ,174,23.84,39.64,,École primaire Les Cigales,ECOLE PRIMAIRE CIGALES,0.88,Ecole publique Les Cigales,12 RUE DES ABEILLES,ENSEIGNEMENT ET FORMATION,Enseignement du premier degré,Ecole primaire,164.8701529762,-21.0521518022935,etablissements_publics_nc,4,1101,Koné village
municipales_2020,1,,,988,98811,Koné,KONE,0009,730,445,285,439,4,2,2,LREG,GOROMIDO,Joseph Appangou,M,Joseph Appangou GOROMIDO,UNI POUR KOOHNE,106,14.52,24.15,,École primaire Les Cigales,ECOLE PRIMAIRE CIGALES,0.88,Ecole publique Les Cigales,12 RUE DES ABEILLES,ENSEIGNEMENT ET FORMATION,Enseignement du premier degré,Ecole primaire,164.8701529762,-21.0521518022935,etablissements_publics_nc,4,1101,Koné village
municipales_2020,1,,,988,98811,Koné,KONE,0009,730,445,285,439,4,2,3,LDVD,BILLIET,Edwin,M,Edwin BILLIET,KONE AUTREMENT,159,21.78,36.22,,École primaire Les Cigales,ECOLE PRIMAIRE CIGALES,0.88,Ecole publique Les Cigales,12 RUE DES ABEILLES,ENSEIGNEMENT ET FORMATION,Enseignement du premier degré,Ecole primaire,164.8701529762,-21.0521518022935,etablissements_publics_nc,4,1101,Koné village
municipales_2020,1,,,988,98811,Koné,KONE,0010,221,152,69,146,0,6,1,LREG,GOWECEE,Thierry,M,Thierry GOWECEE,UC-FLNKS KOOHNÊ,65,29.41,44.52,,Noëlly,NOELLY,0.93,Ecole maternelle publique de Noelly,Route de l'ECOLE de NOELI,ENSEIGNEMENT ET FORMATION,Enseignement du premier degré,Ecole pré-élémentaire,164.947538773364,-21.0048750710989,etablissements_publics_nc,7,1107,Poindah - Noelly - Néami - Netchaot
municipales_2020,1,,,988,98811,Koné,KONE,0010,221,152,69,146,0,6,2,LREG,GOROMIDO,Joseph Appangou,M,Joseph Appangou GOROMIDO,UNI POUR KOOHNE,78,35.29,53.42,,Noëlly,NOELLY,0.93,Ecole maternelle publique de Noelly,Route de l'ECOLE de NOELI,ENSEIGNEMENT ET FORMATION,Enseignement du premier degré,Ecole pré-élémentaire,164.947538773364,-21.0048750710989,etablissements_publics_nc,7,1107,Poindah - Noelly - Néami - Netchaot
municipales_2020,1,,,988,98811,Koné,KONE,0010,221,152,69,146,0,6,3,LDVD,BILLIET,Edwin,M,Edwin BILLIET,KONE AUTREMENT,3,1.36,2.05,,Noëlly,NOELLY,0.93,Ecole maternelle publique de Noelly,Route de l'ECOLE de NOELI,ENSEIGNEMENT ET FORMATION,Enseignement du premier degré,Ecole pré-élémentaire,164.947538773364,-21.0048750710989,etablissements_publics_nc,7,1107,Poindah - Noelly - Néami - Netchaot
municipales_2020,1,,,988,98811,Koné,KONE,0011,742,400,342,385,10,5,1,LREG,GOWECEE,Thierry,M,Thierry GOWECEE,UC-FLNKS KOOHNÊ,79,10.65,20.52,,École Téari,ECOLE TEARI,0.636,Déchetterie,5135 AVENUE DU LAPITA,TRANSPORT ET DECHET,Gestion des déchets,Installation de stockage des déchets,164.82630681362,-21.0553442775238,etablissements_publics_nc,4,1101,Koné village
municipales_2020,1,,,988,98811,Koné,KONE,0011,742,400,342,385,10,5,2,LREG,GOROMIDO,Joseph Appangou,M,Joseph Appangou GOROMIDO,UNI POUR KOOHNE,88,11.86,22.86,,École Téari,ECOLE TEARI,0.636,Déchetterie,5135 AVENUE DU LAPITA,TRANSPORT ET DECHET,Gestion des déchets,Installation de stockage des déchets,164.82630681362,-21.0553442775238,etablissements_publics_nc,4,1101,Koné village
municipales_2020,1,,,988,98811,Koné,KONE,0011,742,400,342,385,10,5,3,LDVD,BILLIET,Edwin,M,Edwin BILLIET,KONE AUTREMENT,218,29.38,56.62,,École Téari,ECOLE TEARI,0.636,Déchetterie,5135 AVENUE DU LAPITA,TRANSPORT ET DECHET,Gestion des déchets,Installation de stockage des déchets,164.82630681362,-21.0553442775238,etablissements_publics_nc,4,1101,Koné village
municipales_2020,1,,,988,98811,Koné,KONE,0012,586,324,262,315,6,3,1,LREG,GOWECEE,Thierry,M,Thierry GOWECEE,UC-FLNKS KOOHNÊ,59,10.07,18.73,,Les Allamandas,ALLAMANDAS,0.93,Ecole publique Les Allamandas,242 RUE PAUL NAPOAREA,ENSEIGNEMENT ET FORMATION,Enseignement du premier degré,Ecole primaire,164.856461111321,-21.052040276968,etablissements_publics_nc,4,1101,Koné village
municipales_2020,1,,,988,98811,Koné,KONE,0012,586,324,262,315,6,3,2,LREG,GOROMIDO,Joseph Appangou,M,Joseph Appangou GOROMIDO,UNI POUR KOOHNE,80,13.65,25.4,,Les Allamandas,ALLAMANDAS,0.93,Ecole publique Les Allamandas,242 RUE PAUL NAPOAREA,ENSEIGNEMENT ET FORMATION,Enseignement du premier degré,Ecole primaire,164.856461111321,-21.052040276968,etablissements_publics_nc,4,1101,Koné village
municipales_2020,1,,,988,98811,Koné,KONE,0012,586,324,262,315,6,3,3,LDVD,BILLIET,Edwin,M,Edwin BILLIET,KONE AUTREMENT,176,30.03,55.87,,Les Allamandas,ALLAMANDAS,0.93,Ecole publique Les Allamandas,242 RUE PAUL NAPOAREA,ENSEIGNEMENT ET FORMATION,Enseignement du premier degré,Ecole primaire,164.856461111321,-21.052040276968,etablissements_publics_nc,4,1101,Koné village
municipales_2020,1,,,988,98812,Koumac,KOUMAC,0001,1304,754,550,739,8,7,1,LREG,QUINIOU,Jean Francois,M,Jean Francois QUINIOU,UNION POUR L'INDEPENDANCE,92,7.06,12.45,,Mairie 1 et centralisateur,MAIRIE ET CENTRALISATEUR,0.99,Mairie de Koumac,,ADMINISTRATION ET ORGANISME,Administrations des collectivités,Administration de la commune de Koumac,164.280241420927,-20.5602050455624,arrete_manual_etablissements,9,1201,Koumac village
municipales_2020,1,,,988,98812,Koumac,KOUMAC,0001,1304,754,550,739,8,7,2,LDIV,SANTINO,Marie Hyacinta,F,Marie Hyacinta SANTINO,CONSTRUISONS ENSEMBLE KOUMAC,216,16.56,29.23,,Mairie 1 et centralisateur,MAIRIE ET CENTRALISATEUR,0.99,Mairie de Koumac,,ADMINISTRATION ET ORGANISME,Administrations des collectivités,Administration de la commune de Koumac,164.280241420927,-20.5602050455624,arrete_manual_etablissements,9,1201,Koumac village
municipales_2020,1,,,988,98812,Koumac,KOUMAC,0001,1304,754,550,739,8,7,3,LDIV,WEISS,Wilfrid,M,Wilfrid WEISS,POUR LE PROGRES COMMUNAL,276,21.17,37.35,,Mairie 1 et centralisateur,MAIRIE ET CENTRALISATEUR,0.99,Mairie de Koumac,,ADMINISTRATION ET ORGANISME,Administrations des collectivités,Administration de la commune de Koumac,164.280241420927,-20.5602050455624,arrete_manual_etablissements,9,1201,Koumac village
municipales_2020,1,,,988,98812,Koumac,KOUMAC,0001,1304,754,550,739,8,7,4,LREG,MONEFARA,J.Charles,M,J.Charles MONEFARA,BATISSON KOUMAC DE DEMAIN,155,11.89,20.97,,Mairie 1 et centralisateur,MAIRIE ET CENTRALISATEUR,0.99,Mairie de Koumac,,ADMINISTRATION ET ORGANISME,Administrations des collectivités,Administration de la commune de Koumac,164.280241420927,-20.5602050455624,arrete_manual_etablissements,9,1201,Koumac village
municipales_2020,1,,,988,98812,Koumac,KOUMAC,0002,1740,982,758,968,10,4,1,LREG,QUINIOU,Jean Francois,M,Jean Francois QUINIOU,UNION POUR L'INDEPENDANCE,48,2.76,4.96,,École primaire Charles Mermoud 2,ECOLE PRIMAIRE CHARLES MERMOUD,0.874,Ecole Charles MERMOUD,,ENSEIGNEMENT ET FORMATION,Enseignement du premier degré,Ecole primaire,164.282519595968,-20.5572929814306,etablissements_publics_nc,9,1201,Koumac village
municipales_2020,1,,,988,98812,Koumac,KOUMAC,0002,1740,982,758,968,10,4,2,LDIV,SANTINO,Marie Hyacinta,F,Marie Hyacinta SANTINO,CONSTRUISONS ENSEMBLE KOUMAC,312,17.93,32.23,,École primaire Charles Mermoud 2,ECOLE PRIMAIRE CHARLES MERMOUD,0.874,Ecole Charles MERMOUD,,ENSEIGNEMENT ET FORMATION,Enseignement du premier degré,Ecole primaire,164.282519595968,-20.5572929814306,etablissements_publics_nc,9,1201,Koumac village
municipales_2020,1,,,988,98812,Koumac,KOUMAC,0002,1740,982,758,968,10,4,3,LDIV,WEISS,Wilfrid,M,Wilfrid WEISS,POUR LE PROGRES COMMUNAL,465,26.72,48.04,,École primaire Charles Mermoud 2,ECOLE PRIMAIRE CHARLES MERMOUD,0.874,Ecole Charles MERMOUD,,ENSEIGNEMENT ET FORMATION,Enseignement du premier degré,Ecole primaire,164.282519595968,-20.5572929814306,etablissements_publics_nc,9,1201,Koumac village
municipales_2020,1,,,988,98812,Koumac,KOUMAC,0002,1740,982,758,968,10,4,4,LREG,MONEFARA,J.Charles,M,J.Charles MONEFARA,BATISSON KOUMAC DE DEMAIN,143,8.22,14.77,,École primaire Charles Mermoud 2,ECOLE PRIMAIRE CHARLES MERMOUD,0.874,Ecole Charles MERMOUD,,ENSEIGNEMENT ET FORMATION,Enseignement du premier degré,Ecole primaire,164.282519595968,-20.5572929814306,etablissements_publics_nc,9,1201,Koumac village
municipales_2020,1,,,988,98813,La Foa,LAFOA,0001,979,706,273,694,5,7,1,LDVC,KELETAONA,Marielle,F,Marielle KELETAONA,LA FOA AVANT TOUT C'EST VOUS,211,21.55,30.4,,Centre socio-culturel,CENTRE SOCIO CULTUREL,,,,,,,165.82495689060195,-21.708500844468237,arrete_manual_tribus,12,1301,La Foa village
municipales_2020,1,,,988,98813,La Foa,LAFOA,0001,979,706,273,694,5,7,2,LDIV,AMOLE,Joseph,M,Joseph AMOLE,LA FOA EN NOUS,54,5.52,7.78,,Centre socio-culturel,CENTRE SOCIO CULTUREL,,,,,,,165.82495689060195,-21.708500844468237,arrete_manual_tribus,12,1301,La Foa village
municipales_2020,1,,,988,98813,La Foa,LAFOA,0001,979,706,273,694,5,7,3,LDIV,BRINON,Lionnel,M,Lionnel BRINON,LA FOA POUR TOUS,136,13.89,19.6,,Centre socio-culturel,CENTRE SOCIO CULTUREL,,,,,,,165.82495689060195,-21.708500844468237,arrete_manual_tribus,12,1301,La Foa village
municipales_2020,1,,,988,98813,La Foa,LAFOA,0001,979,706,273,694,5,7,4,LREG,MONEFARA,Pierre,M,Pierre MONEFARA,CIRI,77,7.87,11.1,,Centre socio-culturel,CENTRE SOCIO CULTUREL,,,,,,,165.82495689060195,-21.708500844468237,arrete_manual_tribus,12,1301,La Foa village
municipales_2020,1,,,988,98813,La Foa,LAFOA,0001,979,706,273,694,5,7,5,LDVC,METZDORF,Nicolas,M,Nicolas METZDORF,GENERATIONS LA FOA,216,22.06,31.12,,Centre socio-culturel,CENTRE SOCIO CULTUREL,,,,,,,165.82495689060195,-21.708500844468237,arrete_manual_tribus,12,1301,La Foa village
municipales_2020,1,,,988,98813,La Foa,LAFOA,0002,797,614,183,604,7,3,1,LDVC,KELETAONA,Marielle,F,Marielle KELETAONA,LA FOA AVANT TOUT C'EST VOUS,112,14.05,18.54,,Centre socio-culturel,CENTRE SOCIO CULTUREL,,,,,,,165.82495689060195,-21.708500844468237,arrete_manual_tribus,12,1301,La Foa village
municipales_2020,1,,,988,98813,La Foa,LAFOA,0002,797,614,183,604,7,3,2,LDIV,AMOLE,Joseph,M,Joseph AMOLE,LA FOA EN NOUS,58,7.28,9.6,,Centre socio-culturel,CENTRE SOCIO CULTUREL,,,,,,,165.82495689060195,-21.708500844468237,arrete_manual_tribus,12,1301,La Foa village
municipales_2020,1,,,988,98813,La Foa,LAFOA,0002,797,614,183,604,7,3,3,LDIV,BRINON,Lionnel,M,Lionnel BRINON,LA FOA POUR TOUS,124,15.56,20.53,,Centre socio-culturel,CENTRE SOCIO CULTUREL,,,,,,,165.82495689060195,-21.708500844468237,arrete_manual_tribus,12,1301,La Foa village
municipales_2020,1,,,988,98813,La Foa,LAFOA,0002,797,614,183,604,7,3,4,LREG,MONEFARA,Pierre,M,Pierre MONEFARA,CIRI,158,19.82,26.16,,Centre socio-culturel,CENTRE SOCIO CULTUREL,,,,,,,165.82495689060195,-21.708500844468237,arrete_manual_tribus,12,1301,La Foa village
municipales_2020,1,,,988,98813,La Foa,LAFOA,0002,797,614,183,604,7,3,5,LDVC,METZDORF,Nicolas,M,Nicolas METZDORF,GENERATIONS LA FOA,152,19.07,25.17,,Centre socio-culturel,CENTRE SOCIO CULTUREL,,,,,,,165.82495689060195,-21.708500844468237,arrete_manual_tribus,12,1301,La Foa village
municipales_2020,1,,,988,98813,La Foa,LAFOA,0003,925,704,221,686,12,6,1,LDVC,KELETAONA,Marielle,F,Marielle KELETAONA,LA FOA AVANT TOUT C'EST VOUS,161,17.41,23.47,,Centre socio-culturel,CENTRE SOCIO CULTUREL,,,,,,,165.82495689060195,-21.708500844468237,arrete_manual_tribus,12,1301,La Foa village
municipales_2020,1,,,988,98813,La Foa,LAFOA,0003,925,704,221,686,12,6,2,LDIV,AMOLE,Joseph,M,Joseph AMOLE,LA FOA EN NOUS,68,7.35,9.91,,Centre socio-culturel,CENTRE SOCIO CULTUREL,,,,,,,165.82495689060195,-21.708500844468237,arrete_manual_tribus,12,1301,La Foa village
municipales_2020,1,,,988,98813,La Foa,LAFOA,0003,925,704,221,686,12,6,3,LDIV,BRINON,Lionnel,M,Lionnel BRINON,LA FOA POUR TOUS,144,15.57,20.99,,Centre socio-culturel,CENTRE SOCIO CULTUREL,,,,,,,165.82495689060195,-21.708500844468237,arrete_manual_tribus,12,1301,La Foa village
municipales_2020,1,,,988,98813,La Foa,LAFOA,0003,925,704,221,686,12,6,4,LREG,MONEFARA,Pierre,M,Pierre MONEFARA,CIRI,100,10.81,14.58,,Centre socio-culturel,CENTRE SOCIO CULTUREL,,,,,,,165.82495689060195,-21.708500844468237,arrete_manual_tribus,12,1301,La Foa village
municipales_2020,1,,,988,98813,La Foa,LAFOA,0003,925,704,221,686,12,6,5,LDVC,METZDORF,Nicolas,M,Nicolas METZDORF,GENERATIONS LA FOA,213,23.03,31.05,,Centre socio-culturel,CENTRE SOCIO CULTUREL,,,,,,,165.82495689060195,-21.708500844468237,arrete_manual_tribus,12,1301,La Foa village
municipales_2020,1,,,988,98813,La Foa,LAFOA,0004,644,497,147,488,7,2,1,LDVC,KELETAONA,Marielle,F,Marielle KELETAONA,LA FOA AVANT TOUT C'EST VOUS,151,23.45,30.94,,Centre socio-culturel,CENTRE SOCIO CULTUREL,,,,,,,165.82495689060195,-21.708500844468237,arrete_manual_tribus,12,1301,La Foa village
municipales_2020,1,,,988,98813,La Foa,LAFOA,0004,644,497,147,488,7,2,2,LDIV,AMOLE,Joseph,M,Joseph AMOLE,LA FOA EN NOUS,55,8.54,11.27,,Centre socio-culturel,CENTRE SOCIO CULTUREL,,,,,,,165.82495689060195,-21.708500844468237,arrete_manual_tribus,12,1301,La Foa village
municipales_2020,1,,,988,98813,La Foa,LAFOA,0004,644,497,147,488,7,2,3,LDIV,BRINON,Lionnel,M,Lionnel BRINON,LA FOA POUR TOUS,114,17.7,23.36,,Centre socio-culturel,CENTRE SOCIO CULTUREL,,,,,,,165.82495689060195,-21.708500844468237,arrete_manual_tribus,12,1301,La Foa village
municipales_2020,1,,,988,98813,La Foa,LAFOA,0004,644,497,147,488,7,2,4,LREG,MONEFARA,Pierre,M,Pierre MONEFARA,CIRI,47,7.3,9.63,,Centre socio-culturel,CENTRE SOCIO CULTUREL,,,,,,,165.82495689060195,-21.708500844468237,arrete_manual_tribus,12,1301,La Foa village
municipales_2020,1,,,988,98813,La Foa,LAFOA,0004,644,497,147,488,7,2,5,LDVC,METZDORF,Nicolas,M,Nicolas METZDORF,GENERATIONS LA FOA,121,18.79,24.8,,Centre socio-culturel,CENTRE SOCIO CULTUREL,,,,,,,165.82495689060195,-21.708500844468237,arrete_manual_tribus,12,1301,La Foa village
municipales_2020,1,,,988,98814,Lifou,LIFOU,0001,673,277,396,275,0,2,1,LREG,KAUDRE,Rene,M,Rene KAUDRE,PARTI TRAVAILLISTE DREHU TOKA,20,2.97,7.27,,Faré des îles,FARE ILES,,,,,,,164.9011843365689,-21.121493041727785,arrete_manual_tribus,112,2501,Pouembout village
municipales_2020,1,,,988,98814,Lifou,LIFOU,0001,673,277,396,275,0,2,2,LREG,XOWIE,Robert,M,Robert XOWIE,UNION CITOYENNE NE DREHU,165,24.52,60,,Faré des îles,FARE ILES,,,,,,,164.9011843365689,-21.121493041727785,arrete_manual_tribus,112,2501,Pouembout village
municipales_2020,1,,,988,98814,Lifou,LIFOU,0001,673,277,396,275,0,2,3,LDVC,NAXUE,Jean Eric,M,Jean Eric NAXUE,UNE NOUVELLE AMBITION POUR LIFOU,37,5.5,13.45,,Faré des îles,FARE ILES,,,,,,,164.9011843365689,-21.121493041727785,arrete_manual_tribus,112,2501,Pouembout village
municipales_2020,1,,,988,98814,Lifou,LIFOU,0001,673,277,396,275,0,2,4,LDIV,LALIE,Jean Francois,M,Jean Francois LALIE,MEKU THE THEW POUR KANAKY,53,7.88,19.27,,Faré des îles,FARE ILES,,,,,,,164.9011843365689,-21.121493041727785,arrete_manual_tribus,112,2501,Pouembout village
municipales_2020,1,,,988,98814,Lifou,LIFOU,0002,762,465,297,455,4,6,1,LREG,KAUDRE,Rene,M,Rene KAUDRE,PARTI TRAVAILLISTE DREHU TOKA,100,13.12,21.98,,Xepenehe,XEPENEHE,1,Chépénéhé,Lifou,LIEU_DIT_NC,TRIBU,Xepenehe,167.15272048120752,-20.78265899014055,tribus_villages_nc,16,1403,Wet
municipales_2020,1,,,988,98814,Lifou,LIFOU,0002,762,465,297,455,4,6,2,LREG,XOWIE,Robert,M,Robert XOWIE,UNION CITOYENNE NE DREHU,339,44.49,74.51,,Xepenehe,XEPENEHE,1,Chépénéhé,Lifou,LIEU_DIT_NC,TRIBU,Xepenehe,167.15272048120752,-20.78265899014055,tribus_villages_nc,16,1403,Wet
municipales_2020,1,,,988,98814,Lifou,LIFOU,0002,762,465,297,455,4,6,3,LDVC,NAXUE,Jean Eric,M,Jean Eric NAXUE,UNE NOUVELLE AMBITION POUR LIFOU,11,1.44,2.42,,Xepenehe,XEPENEHE,1,Chépénéhé,Lifou,LIEU_DIT_NC,TRIBU,Xepenehe,167.15272048120752,-20.78265899014055,tribus_villages_nc,16,1403,Wet
municipales_2020,1,,,988,98814,Lifou,LIFOU,0002,762,465,297,455,4,6,4,LDIV,LALIE,Jean Francois,M,Jean Francois LALIE,MEKU THE THEW POUR KANAKY,5,0.66,1.1,,Xepenehe,XEPENEHE,1,Chépénéhé,Lifou,LIEU_DIT_NC,TRIBU,Xepenehe,167.15272048120752,-20.78265899014055,tribus_villages_nc,16,1403,Wet
municipales_2020,1,,,988,98814,Lifou,LIFOU,0003,755,405,350,403,0,2,1,LREG,KAUDRE,Rene,M,Rene KAUDRE,PARTI TRAVAILLISTE DREHU TOKA,77,10.2,19.11,,Drueulu,DRUEULU,1,Douéoulou,Lifou,LIEU_DIT_NC,TRIBU,Drueulu,167.07853761275717,-20.930242999544458,tribus_villages_nc,14,1401,Gaitcha
municipales_2020,1,,,988,98814,Lifou,LIFOU,0003,755,405,350,403,0,2,2,LREG,XOWIE,Robert,M,Robert XOWIE,UNION CITOYENNE NE DREHU,277,36.69,68.73,,Drueulu,DRUEULU,1,Douéoulou,Lifou,LIEU_DIT_NC,TRIBU,Drueulu,167.07853761275717,-20.930242999544458,tribus_villages_nc,14,1401,Gaitcha
municipales_2020,1,,,988,98814,Lifou,LIFOU,0003,755,405,350,403,0,2,3,LDVC,NAXUE,Jean Eric,M,Jean Eric NAXUE,UNE NOUVELLE AMBITION POUR LIFOU,9,1.19,2.23,,Drueulu,DRUEULU,1,Douéoulou,Lifou,LIEU_DIT_NC,TRIBU,Drueulu,167.07853761275717,-20.930242999544458,tribus_villages_nc,14,1401,Gaitcha
municipales_2020,1,,,988,98814,Lifou,LIFOU,0003,755,405,350,403,0,2,4,LDIV,LALIE,Jean Francois,M,Jean Francois LALIE,MEKU THE THEW POUR KANAKY,40,5.3,9.93,,Drueulu,DRUEULU,1,Douéoulou,Lifou,LIEU_DIT_NC,TRIBU,Drueulu,167.07853761275717,-20.930242999544458,tribus_villages_nc,14,1401,Gaitcha
municipales_2020,1,,,988,98814,Lifou,LIFOU,0004,402,231,171,231,0,0,1,LREG,KAUDRE,Rene,M,Rene KAUDRE,PARTI TRAVAILLISTE DREHU TOKA,57,14.18,24.68,,Jozip,JOZIP,1,Jozip,Lifou,LIEU_DIT_NC,TRIBU,,167.34721888788647,-20.940435542649407,tribus_villages_nc,15,1402,Lössi
municipales_2020,1,,,988,98814,Lifou,LIFOU,0004,402,231,171,231,0,0,2,LREG,XOWIE,Robert,M,Robert XOWIE,UNION CITOYENNE NE DREHU,153,38.06,66.23,,Jozip,JOZIP,1,Jozip,Lifou,LIEU_DIT_NC,TRIBU,,167.34721888788647,-20.940435542649407,tribus_villages_nc,15,1402,Lössi
municipales_2020,1,,,988,98814,Lifou,LIFOU,0004,402,231,171,231,0,0,3,LDVC,NAXUE,Jean Eric,M,Jean Eric NAXUE,UNE NOUVELLE AMBITION POUR LIFOU,9,2.24,3.9,,Jozip,JOZIP,1,Jozip,Lifou,LIEU_DIT_NC,TRIBU,,167.34721888788647,-20.940435542649407,tribus_villages_nc,15,1402,Lössi
municipales_2020,1,,,988,98814,Lifou,LIFOU,0004,402,231,171,231,0,0,4,LDIV,LALIE,Jean Francois,M,Jean Francois LALIE,MEKU THE THEW POUR KANAKY,12,2.99,5.19,,Jozip,JOZIP,1,Jozip,Lifou,LIEU_DIT_NC,TRIBU,,167.34721888788647,-20.940435542649407,tribus_villages_nc,15,1402,Lössi
municipales_2020,1,,,988,98814,Lifou,LIFOU,0005,447,249,198,247,0,2,1,LREG,KAUDRE,Rene,M,Rene KAUDRE,PARTI TRAVAILLISTE DREHU TOKA,118,26.4,47.77,,Jokin,JOKIN,1,Jokin,Lifou,LIEU_DIT_NC,TRIBU,,167.16447665584124,-20.703384020726688,tribus_villages_nc,16,1403,Wet
municipales_2020,1,,,988,98814,Lifou,LIFOU,0005,447,249,198,247,0,2,2,LREG,XOWIE,Robert,M,Robert XOWIE,UNION CITOYENNE NE DREHU,116,25.95,46.96,,Jokin,JOKIN,1,Jokin,Lifou,LIEU_DIT_NC,TRIBU,,167.16447665584124,-20.703384020726688,tribus_villages_nc,16,1403,Wet
municipales_2020,1,,,988,98814,Lifou,LIFOU,0005,447,249,198,247,0,2,3,LDVC,NAXUE,Jean Eric,M,Jean Eric NAXUE,UNE NOUVELLE AMBITION POUR LIFOU,6,1.34,2.43,,Jokin,JOKIN,1,Jokin,Lifou,LIEU_DIT_NC,TRIBU,,167.16447665584124,-20.703384020726688,tribus_villages_nc,16,1403,Wet
municipales_2020,1,,,988,98814,Lifou,LIFOU,0005,447,249,198,247,0,2,4,LDIV,LALIE,Jean Francois,M,Jean Francois LALIE,MEKU THE THEW POUR KANAKY,7,1.57,2.83,,Jokin,JOKIN,1,Jokin,Lifou,LIEU_DIT_NC,TRIBU,,167.16447665584124,-20.703384020726688,tribus_villages_nc,16,1403,Wet
municipales_2020,1,,,988,98814,Lifou,LIFOU,0006,616,250,366,247,1,2,1,LREG,KAUDRE,Rene,M,Rene KAUDRE,PARTI TRAVAILLISTE DREHU TOKA,48,7.79,19.43,,Hmelek,HMELEK,1,Hmelek,Lifou,LIEU_DIT_NC,TRIBU,,167.28575148149378,-21.047986298100245,tribus_villages_nc,15,1402,Lössi
municipales_2020,1,,,988,98814,Lifou,LIFOU,0006,616,250,366,247,1,2,2,LREG,XOWIE,Robert,M,Robert XOWIE,UNION CITOYENNE NE DREHU,163,26.46,65.99,,Hmelek,HMELEK,1,Hmelek,Lifou,LIEU_DIT_NC,TRIBU,,167.28575148149378,-21.047986298100245,tribus_villages_nc,15,1402,Lössi
municipales_2020,1,,,988,98814,Lifou,LIFOU,0006,616,250,366,247,1,2,3,LDVC,NAXUE,Jean Eric,M,Jean Eric NAXUE,UNE NOUVELLE AMBITION POUR LIFOU,16,2.6,6.48,,Hmelek,HMELEK,1,Hmelek,Lifou,LIEU_DIT_NC,TRIBU,,167.28575148149378,-21.047986298100245,tribus_villages_nc,15,1402,Lössi
municipales_2020,1,,,988,98814,Lifou,LIFOU,0006,616,250,366,247,1,2,4,LDIV,LALIE,Jean Francois,M,Jean Francois LALIE,MEKU THE THEW POUR KANAKY,20,3.25,8.1,,Hmelek,HMELEK,1,Hmelek,Lifou,LIEU_DIT_NC,TRIBU,,167.28575148149378,-21.047986298100245,tribus_villages_nc,15,1402,Lössi
municipales_2020,1,,,988,98814,Lifou,LIFOU,0007,561,257,304,256,0,1,1,LREG,KAUDRE,Rene,M,Rene KAUDRE,PARTI TRAVAILLISTE DREHU TOKA,13,2.32,5.08,,Mou,MOU,1,Mou,Lifou,LIEU_DIT_NC,TRIBU,Mu,167.41341301025318,-21.092299627592674,tribus_villages_nc,15,1402,Lössi
municipales_2020,1,,,988,98814,Lifou,LIFOU,0007,561,257,304,256,0,1,2,LREG,XOWIE,Robert,M,Robert XOWIE,UNION CITOYENNE NE DREHU,179,31.91,69.92,,Mou,MOU,1,Mou,Lifou,LIEU_DIT_NC,TRIBU,Mu,167.41341301025318,-21.092299627592674,tribus_villages_nc,15,1402,Lössi
municipales_2020,1,,,988,98814,Lifou,LIFOU,0007,561,257,304,256,0,1,3,LDVC,NAXUE,Jean Eric,M,Jean Eric NAXUE,UNE NOUVELLE AMBITION POUR LIFOU,59,10.52,23.05,,Mou,MOU,1,Mou,Lifou,LIEU_DIT_NC,TRIBU,Mu,167.41341301025318,-21.092299627592674,tribus_villages_nc,15,1402,Lössi
municipales_2020,1,,,988,98814,Lifou,LIFOU,0007,561,257,304,256,0,1,4,LDIV,LALIE,Jean Francois,M,Jean Francois LALIE,MEKU THE THEW POUR KANAKY,5,0.89,1.95,,Mou,MOU,1,Mou,Lifou,LIEU_DIT_NC,TRIBU,Mu,167.41341301025318,-21.092299627592674,tribus_villages_nc,15,1402,Lössi
municipales_2020,1,,,988,98814,Lifou,LIFOU,0008,599,362,237,360,1,1,1,LREG,KAUDRE,Rene,M,Rene KAUDRE,PARTI TRAVAILLISTE DREHU TOKA,19,3.17,5.28,,Hnathalo,HNATHALO,0.75,Hnacaöm,Lifou,LIEU_DIT_NC,TRIBU,,167.20569292168463,-20.72173372554335,tribus_villages_nc,16,1403,Wet
municipales_2020,1,,,988,98814,Lifou,LIFOU,0008,599,362,237,360,1,1,2,LREG,XOWIE,Robert,M,Robert XOWIE,UNION CITOYENNE NE DREHU,301,50.25,83.61,,Hnathalo,HNATHALO,0.75,Hnacaöm,Lifou,LIEU_DIT_NC,TRIBU,,167.20569292168463,-20.72173372554335,tribus_villages_nc,16,1403,Wet
municipales_2020,1,,,988,98814,Lifou,LIFOU,0008,599,362,237,360,1,1,3,LDVC,NAXUE,Jean Eric,M,Jean Eric NAXUE,UNE NOUVELLE AMBITION POUR LIFOU,7,1.17,1.94,,Hnathalo,HNATHALO,0.75,Hnacaöm,Lifou,LIEU_DIT_NC,TRIBU,,167.20569292168463,-20.72173372554335,tribus_villages_nc,16,1403,Wet
municipales_2020,1,,,988,98814,Lifou,LIFOU,0008,599,362,237,360,1,1,4,LDIV,LALIE,Jean Francois,M,Jean Francois LALIE,MEKU THE THEW POUR KANAKY,33,5.51,9.17,,Hnathalo,HNATHALO,0.75,Hnacaöm,Lifou,LIEU_DIT_NC,TRIBU,,167.20569292168463,-20.72173372554335,tribus_villages_nc,16,1403,Wet
municipales_2020,1,,,988,98814,Lifou,LIFOU,0009,237,109,128,109,0,0,1,LREG,KAUDRE,Rene,M,Rene KAUDRE,PARTI TRAVAILLISTE DREHU TOKA,20,8.44,18.35,,Hnacaöm,HNACAOM,1,Hnacaöm,Lifou,LIEU_DIT_NC,TRIBU,,167.20569292168463,-20.72173372554335,tribus_villages_nc,16,1403,Wet
municipales_2020,1,,,988,98814,Lifou,LIFOU,0009,237,109,128,109,0,0,2,LREG,XOWIE,Robert,M,Robert XOWIE,UNION CITOYENNE NE DREHU,74,31.22,67.89,,Hnacaöm,HNACAOM,1,Hnacaöm,Lifou,LIEU_DIT_NC,TRIBU,,167.20569292168463,-20.72173372554335,tribus_villages_nc,16,1403,Wet
municipales_2020,1,,,988,98814,Lifou,LIFOU,0009,237,109,128,109,0,0,3,LDVC,NAXUE,Jean Eric,M,Jean Eric NAXUE,UNE NOUVELLE AMBITION POUR LIFOU,10,4.22,9.17,,Hnacaöm,HNACAOM,1,Hnacaöm,Lifou,LIEU_DIT_NC,TRIBU,,167.20569292168463,-20.72173372554335,tribus_villages_nc,16,1403,Wet
municipales_2020,1,,,988,98814,Lifou,LIFOU,0009,237,109,128,109,0,0,4,LDIV,LALIE,Jean Francois,M,Jean Francois LALIE,MEKU THE THEW POUR KANAKY,5,2.11,4.59,,Hnacaöm,HNACAOM,1,Hnacaöm,Lifou,LIEU_DIT_NC,TRIBU,,167.20569292168463,-20.72173372554335,tribus_villages_nc,16,1403,Wet
municipales_2020,1,,,988,98814,Lifou,LIFOU,0010,343,229,114,227,0,2,1,LREG,KAUDRE,Rene,M,Rene KAUDRE,PARTI TRAVAILLISTE DREHU TOKA,4,1.17,1.76,,Siloam,SILOAM,1,Siloam,Lifou,LIEU_DIT_NC,TRIBU,,167.10495154784974,-20.76013449602238,tribus_villages_nc,16,1403,Wet
municipales_2020,1,,,988,98814,Lifou,LIFOU,0010,343,229,114,227,0,2,2,LREG,XOWIE,Robert,M,Robert XOWIE,UNION CITOYENNE NE DREHU,214,62.39,94.27,,Siloam,SILOAM,1,Siloam,Lifou,LIEU_DIT_NC,TRIBU,,167.10495154784974,-20.76013449602238,tribus_villages_nc,16,1403,Wet
municipales_2020,1,,,988,98814,Lifou,LIFOU,0010,343,229,114,227,0,2,3,LDVC,NAXUE,Jean Eric,M,Jean Eric NAXUE,UNE NOUVELLE AMBITION POUR LIFOU,0,0,0,,Siloam,SILOAM,1,Siloam,Lifou,LIEU_DIT_NC,TRIBU,,167.10495154784974,-20.76013449602238,tribus_villages_nc,16,1403,Wet
municipales_2020,1,,,988,98814,Lifou,LIFOU,0010,343,229,114,227,0,2,4,LDIV,LALIE,Jean Francois,M,Jean Francois LALIE,MEKU THE THEW POUR KANAKY,9,2.62,3.96,,Siloam,SILOAM,1,Siloam,Lifou,LIEU_DIT_NC,TRIBU,,167.10495154784974,-20.76013449602238,tribus_villages_nc,16,1403,Wet
municipales_2020,1,,,988,98814,Lifou,LIFOU,0011,353,178,175,178,0,0,1,LREG,KAUDRE,Rene,M,Rene KAUDRE,PARTI TRAVAILLISTE DREHU TOKA,27,7.65,15.17,,Wasany,WASANY,1,Wasany,Lifou,LIEU_DIT_NC,TRIBU,,167.37793880476198,-21.00787866730366,tribus_villages_nc,15,1402,Lössi
municipales_2020,1,,,988,98814,Lifou,LIFOU,0011,353,178,175,178,0,0,2,LREG,XOWIE,Robert,M,Robert XOWIE,UNION CITOYENNE NE DREHU,118,33.43,66.29,,Wasany,WASANY,1,Wasany,Lifou,LIEU_DIT_NC,TRIBU,,167.37793880476198,-21.00787866730366,tribus_villages_nc,15,1402,Lössi
municipales_2020,1,,,988,98814,Lifou,LIFOU,0011,353,178,175,178,0,0,3,LDVC,NAXUE,Jean Eric,M,Jean Eric NAXUE,UNE NOUVELLE AMBITION POUR LIFOU,24,6.8,13.48,,Wasany,WASANY,1,Wasany,Lifou,LIEU_DIT_NC,TRIBU,,167.37793880476198,-21.00787866730366,tribus_villages_nc,15,1402,Lössi
municipales_2020,1,,,988,98814,Lifou,LIFOU,0011,353,178,175,178,0,0,4,LDIV,LALIE,Jean Francois,M,Jean Francois LALIE,MEKU THE THEW POUR KANAKY,9,2.55,5.06,,Wasany,WASANY,1,Wasany,Lifou,LIEU_DIT_NC,TRIBU,,167.37793880476198,-21.00787866730366,tribus_villages_nc,15,1402,Lössi
municipales_2020,1,,,988,98814,Lifou,LIFOU,0012,210,115,95,112,0,3,1,LREG,KAUDRE,Rene,M,Rene KAUDRE,PARTI TRAVAILLISTE DREHU TOKA,71,33.81,63.39,,Tiga,TIGA,1,Tiga,Lifou,LIEU_DIT_NC,TRIBU,Toka,167.79672481501146,-21.094104177809253,tribus_villages_nc,15,1402,Lössi
municipales_2020,1,,,988,98814,Lifou,LIFOU,0012,210,115,95,112,0,3,2,LREG,XOWIE,Robert,M,Robert XOWIE,UNION CITOYENNE NE DREHU,36,17.14,32.14,,Tiga,TIGA,1,Tiga,Lifou,LIEU_DIT_NC,TRIBU,Toka,167.79672481501146,-21.094104177809253,tribus_villages_nc,15,1402,Lössi
municipales_2020,1,,,988,98814,Lifou,LIFOU,0012,210,115,95,112,0,3,3,LDVC,NAXUE,Jean Eric,M,Jean Eric NAXUE,UNE NOUVELLE AMBITION POUR LIFOU,1,0.48,0.89,,Tiga,TIGA,1,Tiga,Lifou,LIEU_DIT_NC,TRIBU,Toka,167.79672481501146,-21.094104177809253,tribus_villages_nc,15,1402,Lössi
municipales_2020,1,,,988,98814,Lifou,LIFOU,0012,210,115,95,112,0,3,4,LDIV,LALIE,Jean Francois,M,Jean Francois LALIE,MEKU THE THEW POUR KANAKY,4,1.9,3.57,,Tiga,TIGA,1,Tiga,Lifou,LIEU_DIT_NC,TRIBU,Toka,167.79672481501146,-21.094104177809253,tribus_villages_nc,15,1402,Lössi
municipales_2020,1,,,988,98814,Lifou,LIFOU,0013,750,402,348,394,7,1,1,LREG,KAUDRE,Rene,M,Rene KAUDRE,PARTI TRAVAILLISTE DREHU TOKA,21,2.8,5.33,,Luecila,LUECILA,1,Luecila,Lifou,LIEU_DIT_NC,TRIBU,,167.25787949950455,-20.900908884449866,tribus_villages_nc,16,1403,Wet
municipales_2020,1,,,988,98814,Lifou,LIFOU,0013,750,402,348,394,7,1,2,LREG,XOWIE,Robert,M,Robert XOWIE,UNION CITOYENNE NE DREHU,225,30,57.11,,Luecila,LUECILA,1,Luecila,Lifou,LIEU_DIT_NC,TRIBU,,167.25787949950455,-20.900908884449866,tribus_villages_nc,16,1403,Wet
municipales_2020,1,,,988,98814,Lifou,LIFOU,0013,750,402,348,394,7,1,3,LDVC,NAXUE,Jean Eric,M,Jean Eric NAXUE,UNE NOUVELLE AMBITION POUR LIFOU,55,7.33,13.96,,Luecila,LUECILA,1,Luecila,Lifou,LIEU_DIT_NC,TRIBU,,167.25787949950455,-20.900908884449866,tribus_villages_nc,16,1403,Wet
municipales_2020,1,,,988,98814,Lifou,LIFOU,0013,750,402,348,394,7,1,4,LDIV,LALIE,Jean Francois,M,Jean Francois LALIE,MEKU THE THEW POUR KANAKY,93,12.4,23.6,,Luecila,LUECILA,1,Luecila,Lifou,LIEU_DIT_NC,TRIBU,,167.25787949950455,-20.900908884449866,tribus_villages_nc,16,1403,Wet
municipales_2020,1,,,988,98814,Lifou,LIFOU,0014,433,228,205,227,1,0,1,LREG,KAUDRE,Rene,M,Rene KAUDRE,PARTI TRAVAILLISTE DREHU TOKA,64,14.78,28.19,,Hapetra,HAPETRA,1,Hapetra,Lifou,LIEU_DIT_NC,TRIBU,,167.14706004416075,-20.93025342048714,tribus_villages_nc,14,1401,Gaitcha
municipales_2020,1,,,988,98814,Lifou,LIFOU,0014,433,228,205,227,1,0,2,LREG,XOWIE,Robert,M,Robert XOWIE,UNION CITOYENNE NE DREHU,125,28.87,55.07,,Hapetra,HAPETRA,1,Hapetra,Lifou,LIEU_DIT_NC,TRIBU,,167.14706004416075,-20.93025342048714,tribus_villages_nc,14,1401,Gaitcha
municipales_2020,1,,,988,98814,Lifou,LIFOU,0014,433,228,205,227,1,0,3,LDVC,NAXUE,Jean Eric,M,Jean Eric NAXUE,UNE NOUVELLE AMBITION POUR LIFOU,16,3.7,7.05,,Hapetra,HAPETRA,1,Hapetra,Lifou,LIEU_DIT_NC,TRIBU,,167.14706004416075,-20.93025342048714,tribus_villages_nc,14,1401,Gaitcha
municipales_2020,1,,,988,98814,Lifou,LIFOU,0014,433,228,205,227,1,0,4,LDIV,LALIE,Jean Francois,M,Jean Francois LALIE,MEKU THE THEW POUR KANAKY,22,5.08,9.69,,Hapetra,HAPETRA,1,Hapetra,Lifou,LIEU_DIT_NC,TRIBU,,167.14706004416075,-20.93025342048714,tribus_villages_nc,14,1401,Gaitcha
municipales_2020,1,,,988,98814,Lifou,LIFOU,0015,423,214,209,213,0,1,1,LREG,KAUDRE,Rene,M,Rene KAUDRE,PARTI TRAVAILLISTE DREHU TOKA,66,15.6,30.99,,Nang,NANG,,,,,,,167.2237643213265,-20.78244820991056,arrete_manual_tribus,16,1403,Wet
municipales_2020,1,,,988,98814,Lifou,LIFOU,0015,423,214,209,213,0,1,2,LREG,XOWIE,Robert,M,Robert XOWIE,UNION CITOYENNE NE DREHU,131,30.97,61.5,,Nang,NANG,,,,,,,167.2237643213265,-20.78244820991056,arrete_manual_tribus,16,1403,Wet
municipales_2020,1,,,988,98814,Lifou,LIFOU,0015,423,214,209,213,0,1,3,LDVC,NAXUE,Jean Eric,M,Jean Eric NAXUE,UNE NOUVELLE AMBITION POUR LIFOU,2,0.47,0.94,,Nang,NANG,,,,,,,167.2237643213265,-20.78244820991056,arrete_manual_tribus,16,1403,Wet
municipales_2020,1,,,988,98814,Lifou,LIFOU,0015,423,214,209,213,0,1,4,LDIV,LALIE,Jean Francois,M,Jean Francois LALIE,MEKU THE THEW POUR KANAKY,14,3.31,6.57,,Nang,NANG,,,,,,,167.2237643213265,-20.78244820991056,arrete_manual_tribus,16,1403,Wet
municipales_2020,1,,,988,98814,Lifou,LIFOU,0016,185,79,106,79,0,0,1,LREG,KAUDRE,Rene,M,Rene KAUDRE,PARTI TRAVAILLISTE DREHU TOKA,8,4.32,10.13,,Xodre,XODRE,1,Xode,Lifou,LIEU_DIT_NC,TRIBU,Xodre,167.41059644422373,-21.127373900931634,tribus_villages_nc,15,1402,Lössi
municipales_2020,1,,,988,98814,Lifou,LIFOU,0016,185,79,106,79,0,0,2,LREG,XOWIE,Robert,M,Robert XOWIE,UNION CITOYENNE NE DREHU,60,32.43,75.95,,Xodre,XODRE,1,Xode,Lifou,LIEU_DIT_NC,TRIBU,Xodre,167.41059644422373,-21.127373900931634,tribus_villages_nc,15,1402,Lössi
municipales_2020,1,,,988,98814,Lifou,LIFOU,0016,185,79,106,79,0,0,3,LDVC,NAXUE,Jean Eric,M,Jean Eric NAXUE,UNE NOUVELLE AMBITION POUR LIFOU,9,4.86,11.39,,Xodre,XODRE,1,Xode,Lifou,LIEU_DIT_NC,TRIBU,Xodre,167.41059644422373,-21.127373900931634,tribus_villages_nc,15,1402,Lössi
municipales_2020,1,,,988,98814,Lifou,LIFOU,0016,185,79,106,79,0,0,4,LDIV,LALIE,Jean Francois,M,Jean Francois LALIE,MEKU THE THEW POUR KANAKY,2,1.08,2.53,,Xodre,XODRE,1,Xode,Lifou,LIEU_DIT_NC,TRIBU,Xodre,167.41059644422373,-21.127373900931634,tribus_villages_nc,15,1402,Lössi
municipales_2020,1,,,988,98814,Lifou,LIFOU,0017,429,241,188,237,2,2,1,LREG,KAUDRE,Rene,M,Rene KAUDRE,PARTI TRAVAILLISTE DREHU TOKA,13,3.03,5.49,,Huiwatrul,HUIWATRUL,1,Huiwatrul,Lifou,LIEU_DIT_NC,TRIBU,Hunöj,167.34969330586503,-21.090299188696775,tribus_villages_nc,15,1402,Lössi
municipales_2020,1,,,988,98814,Lifou,LIFOU,0017,429,241,188,237,2,2,2,LREG,XOWIE,Robert,M,Robert XOWIE,UNION CITOYENNE NE DREHU,198,46.15,83.54,,Huiwatrul,HUIWATRUL,1,Huiwatrul,Lifou,LIEU_DIT_NC,TRIBU,Hunöj,167.34969330586503,-21.090299188696775,tribus_villages_nc,15,1402,Lössi
municipales_2020,1,,,988,98814,Lifou,LIFOU,0017,429,241,188,237,2,2,3,LDVC,NAXUE,Jean Eric,M,Jean Eric NAXUE,UNE NOUVELLE AMBITION POUR LIFOU,23,5.36,9.7,,Huiwatrul,HUIWATRUL,1,Huiwatrul,Lifou,LIEU_DIT_NC,TRIBU,Hunöj,167.34969330586503,-21.090299188696775,tribus_villages_nc,15,1402,Lössi
municipales_2020,1,,,988,98814,Lifou,LIFOU,0017,429,241,188,237,2,2,4,LDIV,LALIE,Jean Francois,M,Jean Francois LALIE,MEKU THE THEW POUR KANAKY,3,0.7,1.27,,Huiwatrul,HUIWATRUL,1,Huiwatrul,Lifou,LIEU_DIT_NC,TRIBU,Hunöj,167.34969330586503,-21.090299188696775,tribus_villages_nc,15,1402,Lössi
municipales_2020,1,,,988,98814,Lifou,LIFOU,0018,366,199,167,199,0,0,1,LREG,KAUDRE,Rene,M,Rene KAUDRE,PARTI TRAVAILLISTE DREHU TOKA,24,6.56,12.06,,Wedrumel,WEDRUMEL,1,Wedumel,Lifou,LIEU_DIT_NC,TRIBU,Wedrumel,167.1109551627598,-20.984726331890663,tribus_villages_nc,14,1401,Gaitcha
municipales_2020,1,,,988,98814,Lifou,LIFOU,0018,366,199,167,199,0,0,2,LREG,XOWIE,Robert,M,Robert XOWIE,UNION CITOYENNE NE DREHU,162,44.26,81.41,,Wedrumel,WEDRUMEL,1,Wedumel,Lifou,LIEU_DIT_NC,TRIBU,Wedrumel,167.1109551627598,-20.984726331890663,tribus_villages_nc,14,1401,Gaitcha
municipales_2020,1,,,988,98814,Lifou,LIFOU,0018,366,199,167,199,0,0,3,LDVC,NAXUE,Jean Eric,M,Jean Eric NAXUE,UNE NOUVELLE AMBITION POUR LIFOU,6,1.64,3.02,,Wedrumel,WEDRUMEL,1,Wedumel,Lifou,LIEU_DIT_NC,TRIBU,Wedrumel,167.1109551627598,-20.984726331890663,tribus_villages_nc,14,1401,Gaitcha
municipales_2020,1,,,988,98814,Lifou,LIFOU,0018,366,199,167,199,0,0,4,LDIV,LALIE,Jean Francois,M,Jean Francois LALIE,MEKU THE THEW POUR KANAKY,7,1.91,3.52,,Wedrumel,WEDRUMEL,1,Wedumel,Lifou,LIEU_DIT_NC,TRIBU,Wedrumel,167.1109551627598,-20.984726331890663,tribus_villages_nc,14,1401,Gaitcha
municipales_2020,1,,,988,98814,Lifou,LIFOU,0019,404,199,205,196,2,1,1,LREG,KAUDRE,Rene,M,Rene KAUDRE,PARTI TRAVAILLISTE DREHU TOKA,12,2.97,6.12,,Traput,TRAPUT,1,Traput,Lifou,LIEU_DIT_NC,TRIBU,,167.30947771877948,-20.931287472634196,tribus_villages_nc,15,1402,Lössi
municipales_2020,1,,,988,98814,Lifou,LIFOU,0019,404,199,205,196,2,1,2,LREG,XOWIE,Robert,M,Robert XOWIE,UNION CITOYENNE NE DREHU,152,37.62,77.55,,Traput,TRAPUT,1,Traput,Lifou,LIEU_DIT_NC,TRIBU,,167.30947771877948,-20.931287472634196,tribus_villages_nc,15,1402,Lössi
municipales_2020,1,,,988,98814,Lifou,LIFOU,0019,404,199,205,196,2,1,3,LDVC,NAXUE,Jean Eric,M,Jean Eric NAXUE,UNE NOUVELLE AMBITION POUR LIFOU,24,5.94,12.24,,Traput,TRAPUT,1,Traput,Lifou,LIEU_DIT_NC,TRIBU,,167.30947771877948,-20.931287472634196,tribus_villages_nc,15,1402,Lössi
municipales_2020,1,,,988,98814,Lifou,LIFOU,0019,404,199,205,196,2,1,4,LDIV,LALIE,Jean Francois,M,Jean Francois LALIE,MEKU THE THEW POUR KANAKY,8,1.98,4.08,,Traput,TRAPUT,1,Traput,Lifou,LIEU_DIT_NC,TRIBU,,167.30947771877948,-20.931287472634196,tribus_villages_nc,15,1402,Lössi
municipales_2020,1,,,988,98814,Lifou,LIFOU,0020,481,237,244,235,0,2,1,LREG,KAUDRE,Rene,M,Rene KAUDRE,PARTI TRAVAILLISTE DREHU TOKA,21,4.37,8.94,,Kedeigne,KEDEIGNE,1,Kedeigne,Lifou,LIEU_DIT_NC,TRIBU,Kejëny,167.21465752873138,-21.037060872425982,tribus_villages_nc,15,1402,Lössi
municipales_2020,1,,,988,98814,Lifou,LIFOU,0020,481,237,244,235,0,2,2,LREG,XOWIE,Robert,M,Robert XOWIE,UNION CITOYENNE NE DREHU,194,40.33,82.55,,Kedeigne,KEDEIGNE,1,Kedeigne,Lifou,LIEU_DIT_NC,TRIBU,Kejëny,167.21465752873138,-21.037060872425982,tribus_villages_nc,15,1402,Lössi
municipales_2020,1,,,988,98814,Lifou,LIFOU,0020,481,237,244,235,0,2,3,LDVC,NAXUE,Jean Eric,M,Jean Eric NAXUE,UNE NOUVELLE AMBITION POUR LIFOU,8,1.66,3.4,,Kedeigne,KEDEIGNE,1,Kedeigne,Lifou,LIEU_DIT_NC,TRIBU,Kejëny,167.21465752873138,-21.037060872425982,tribus_villages_nc,15,1402,Lössi
municipales_2020,1,,,988,98814,Lifou,LIFOU,0020,481,237,244,235,0,2,4,LDIV,LALIE,Jean Francois,M,Jean Francois LALIE,MEKU THE THEW POUR KANAKY,12,2.49,5.11,,Kedeigne,KEDEIGNE,1,Kedeigne,Lifou,LIEU_DIT_NC,TRIBU,Kejëny,167.21465752873138,-21.037060872425982,tribus_villages_nc,15,1402,Lössi
municipales_2020,1,,,988,98814,Lifou,LIFOU,0021,294,110,184,108,1,1,1,LREG,KAUDRE,Rene,M,Rene KAUDRE,PARTI TRAVAILLISTE DREHU TOKA,43,14.63,39.81,,Tingeting,TINGETING,1,Tingeting,Lifou,LIEU_DIT_NC,TRIBU,,167.26667509635985,-20.741613827760364,tribus_villages_nc,16,1403,Wet
municipales_2020,1,,,988,98814,Lifou,LIFOU,0021,294,110,184,108,1,1,2,LREG,XOWIE,Robert,M,Robert XOWIE,UNION CITOYENNE NE DREHU,34,11.56,31.48,,Tingeting,TINGETING,1,Tingeting,Lifou,LIEU_DIT_NC,TRIBU,,167.26667509635985,-20.741613827760364,tribus_villages_nc,16,1403,Wet
municipales_2020,1,,,988,98814,Lifou,LIFOU,0021,294,110,184,108,1,1,3,LDVC,NAXUE,Jean Eric,M,Jean Eric NAXUE,UNE NOUVELLE AMBITION POUR LIFOU,24,8.16,22.22,,Tingeting,TINGETING,1,Tingeting,Lifou,LIEU_DIT_NC,TRIBU,,167.26667509635985,-20.741613827760364,tribus_villages_nc,16,1403,Wet
municipales_2020,1,,,988,98814,Lifou,LIFOU,0021,294,110,184,108,1,1,4,LDIV,LALIE,Jean Francois,M,Jean Francois LALIE,MEKU THE THEW POUR KANAKY,7,2.38,6.48,,Tingeting,TINGETING,1,Tingeting,Lifou,LIEU_DIT_NC,TRIBU,,167.26667509635985,-20.741613827760364,tribus_villages_nc,16,1403,Wet
municipales_2020,1,,,988,98814,Lifou,LIFOU,0022,237,147,90,147,0,0,1,LREG,KAUDRE,Rene,M,Rene KAUDRE,PARTI TRAVAILLISTE DREHU TOKA,4,1.69,2.72,,Hunëtë,HUNETE,1,Hunëtë,Lifou,LIEU_DIT_NC,TRIBU,,167.09364365001284,-20.763254184835077,tribus_villages_nc,16,1403,Wet
municipales_2020,1,,,988,98814,Lifou,LIFOU,0022,237,147,90,147,0,0,2,LREG,XOWIE,Robert,M,Robert XOWIE,UNION CITOYENNE NE DREHU,141,59.49,95.92,,Hunëtë,HUNETE,1,Hunëtë,Lifou,LIEU_DIT_NC,TRIBU,,167.09364365001284,-20.763254184835077,tribus_villages_nc,16,1403,Wet
municipales_2020,1,,,988,98814,Lifou,LIFOU,0022,237,147,90,147,0,0,3,LDVC,NAXUE,Jean Eric,M,Jean Eric NAXUE,UNE NOUVELLE AMBITION POUR LIFOU,1,0.42,0.68,,Hunëtë,HUNETE,1,Hunëtë,Lifou,LIEU_DIT_NC,TRIBU,,167.09364365001284,-20.763254184835077,tribus_villages_nc,16,1403,Wet
municipales_2020,1,,,988,98814,Lifou,LIFOU,0022,237,147,90,147,0,0,4,LDIV,LALIE,Jean Francois,M,Jean Francois LALIE,MEKU THE THEW POUR KANAKY,1,0.42,0.68,,Hunëtë,HUNETE,1,Hunëtë,Lifou,LIEU_DIT_NC,TRIBU,,167.09364365001284,-20.763254184835077,tribus_villages_nc,16,1403,Wet
municipales_2020,1,,,988,98814,Lifou,LIFOU,0023,356,219,137,214,3,2,1,LREG,KAUDRE,Rene,M,Rene KAUDRE,PARTI TRAVAILLISTE DREHU TOKA,24,6.74,11.21,,Luengoni,LUENGONI,,,,,,,167.4090226,-21.033997,tidygeocoder_osm,,,
municipales_2020,1,,,988,98814,Lifou,LIFOU,0023,356,219,137,214,3,2,2,LREG,XOWIE,Robert,M,Robert XOWIE,UNION CITOYENNE NE DREHU,175,49.16,81.78,,Luengoni,LUENGONI,,,,,,,167.4090226,-21.033997,tidygeocoder_osm,,,
municipales_2020,1,,,988,98814,Lifou,LIFOU,0023,356,219,137,214,3,2,3,LDVC,NAXUE,Jean Eric,M,Jean Eric NAXUE,UNE NOUVELLE AMBITION POUR LIFOU,13,3.65,6.07,,Luengoni,LUENGONI,,,,,,,167.4090226,-21.033997,tidygeocoder_osm,,,
municipales_2020,1,,,988,98814,Lifou,LIFOU,0023,356,219,137,214,3,2,4,LDIV,LALIE,Jean Francois,M,Jean Francois LALIE,MEKU THE THEW POUR KANAKY,2,0.56,0.93,,Luengoni,LUENGONI,,,,,,,167.4090226,-21.033997,tidygeocoder_osm,,,
municipales_2020,1,,,988,98814,Lifou,LIFOU,0024,153,71,82,71,0,0,1,LREG,KAUDRE,Rene,M,Rene KAUDRE,PARTI TRAVAILLISTE DREHU TOKA,27,17.65,38.03,,Hnanemuhaetra,HNANEMUHAETRA,1,Hnanemuhaetra,Lifou,LIEU_DIT_NC,TRIBU,,167.2208209830944,-20.707970338645733,tribus_villages_nc,16,1403,Wet
municipales_2020,1,,,988,98814,Lifou,LIFOU,0024,153,71,82,71,0,0,2,LREG,XOWIE,Robert,M,Robert XOWIE,UNION CITOYENNE NE DREHU,36,23.53,50.7,,Hnanemuhaetra,HNANEMUHAETRA,1,Hnanemuhaetra,Lifou,LIEU_DIT_NC,TRIBU,,167.2208209830944,-20.707970338645733,tribus_villages_nc,16,1403,Wet
municipales_2020,1,,,988,98814,Lifou,LIFOU,0024,153,71,82,71,0,0,3,LDVC,NAXUE,Jean Eric,M,Jean Eric NAXUE,UNE NOUVELLE AMBITION POUR LIFOU,6,3.92,8.45,,Hnanemuhaetra,HNANEMUHAETRA,1,Hnanemuhaetra,Lifou,LIEU_DIT_NC,TRIBU,,167.2208209830944,-20.707970338645733,tribus_villages_nc,16,1403,Wet
municipales_2020,1,,,988,98814,Lifou,LIFOU,0024,153,71,82,71,0,0,4,LDIV,LALIE,Jean Francois,M,Jean Francois LALIE,MEKU THE THEW POUR KANAKY,2,1.31,2.82,,Hnanemuhaetra,HNANEMUHAETRA,1,Hnanemuhaetra,Lifou,LIEU_DIT_NC,TRIBU,,167.2208209830944,-20.707970338645733,tribus_villages_nc,16,1403,Wet
municipales_2020,1,,,988,98814,Lifou,LIFOU,0025,274,143,131,141,0,2,1,LREG,KAUDRE,Rene,M,Rene KAUDRE,PARTI TRAVAILLISTE DREHU TOKA,15,5.47,10.64,,Hnassé,HNASSE,0.833,Hnaasé,Lifou,LIEU_DIT_NC,TRIBU,,167.26043772263108,-20.9143896938111,tribus_villages_nc,15,1402,Lössi
municipales_2020,1,,,988,98814,Lifou,LIFOU,0025,274,143,131,141,0,2,2,LREG,XOWIE,Robert,M,Robert XOWIE,UNION CITOYENNE NE DREHU,74,27.01,52.48,,Hnassé,HNASSE,0.833,Hnaasé,Lifou,LIEU_DIT_NC,TRIBU,,167.26043772263108,-20.9143896938111,tribus_villages_nc,15,1402,Lössi
municipales_2020,1,,,988,98814,Lifou,LIFOU,0025,274,143,131,141,0,2,3,LDVC,NAXUE,Jean Eric,M,Jean Eric NAXUE,UNE NOUVELLE AMBITION POUR LIFOU,14,5.11,9.93,,Hnassé,HNASSE,0.833,Hnaasé,Lifou,LIEU_DIT_NC,TRIBU,,167.26043772263108,-20.9143896938111,tribus_villages_nc,15,1402,Lössi
municipales_2020,1,,,988,98814,Lifou,LIFOU,0025,274,143,131,141,0,2,4,LDIV,LALIE,Jean Francois,M,Jean Francois LALIE,MEKU THE THEW POUR KANAKY,38,13.87,26.95,,Hnassé,HNASSE,0.833,Hnaasé,Lifou,LIEU_DIT_NC,TRIBU,,167.26043772263108,-20.9143896938111,tribus_villages_nc,15,1402,Lössi
municipales_2020,1,,,988,98814,Lifou,LIFOU,0026,180,111,69,108,3,0,1,LREG,KAUDRE,Rene,M,Rene KAUDRE,PARTI TRAVAILLISTE DREHU TOKA,16,8.89,14.81,,Kirinata,KIRINATA,1,Kirinata,Lifou,LIEU_DIT_NC,TRIBU,,167.24979496278135,-20.81569061412791,tribus_villages_nc,16,1403,Wet
municipales_2020,1,,,988,98814,Lifou,LIFOU,0026,180,111,69,108,3,0,2,LREG,XOWIE,Robert,M,Robert XOWIE,UNION CITOYENNE NE DREHU,74,41.11,68.52,,Kirinata,KIRINATA,1,Kirinata,Lifou,LIEU_DIT_NC,TRIBU,,167.24979496278135,-20.81569061412791,tribus_villages_nc,16,1403,Wet
municipales_2020,1,,,988,98814,Lifou,LIFOU,0026,180,111,69,108,3,0,3,LDVC,NAXUE,Jean Eric,M,Jean Eric NAXUE,UNE NOUVELLE AMBITION POUR LIFOU,5,2.78,4.63,,Kirinata,KIRINATA,1,Kirinata,Lifou,LIEU_DIT_NC,TRIBU,,167.24979496278135,-20.81569061412791,tribus_villages_nc,16,1403,Wet
municipales_2020,1,,,988,98814,Lifou,LIFOU,0026,180,111,69,108,3,0,4,LDIV,LALIE,Jean Francois,M,Jean Francois LALIE,MEKU THE THEW POUR KANAKY,13,7.22,12.04,,Kirinata,KIRINATA,1,Kirinata,Lifou,LIEU_DIT_NC,TRIBU,,167.24979496278135,-20.81569061412791,tribus_villages_nc,16,1403,Wet
municipales_2020,1,,,988,98815,Maré,MARE,0001,586,461,125,458,1,2,1,LDVC,BOB,Lucien,M,Lucien BOB,NENGONE AVEC NOUS,2,0.34,0.44,,Tadine,TADINE,1,Tadine,Maré,LIEU_DIT_NC,TRIBU,Tadin,167.88122247564291,-21.54648900532693,tribus_villages_nc,19,1503,Tadine Pénélo
municipales_2020,1,,,988,98815,Maré,MARE,0001,586,461,125,458,1,2,2,LREG,WAIKEDRE,Joseph,M,Joseph WAIKEDRE,DYNAMIQUE AUTOCHTONE,86,14.68,18.78,,Tadine,TADINE,1,Tadine,Maré,LIEU_DIT_NC,TRIBU,Tadin,167.88122247564291,-21.54648900532693,tribus_villages_nc,19,1503,Tadine Pénélo
municipales_2020,1,,,988,98815,Maré,MARE,0001,586,461,125,458,1,2,3,LREG,ENOKA,Bernard Ferdinand,M,Bernard Ferdinand ENOKA,PARTI TRAVAILLISTE,25,4.27,5.46,,Tadine,TADINE,1,Tadine,Maré,LIEU_DIT_NC,TRIBU,Tadin,167.88122247564291,-21.54648900532693,tribus_villages_nc,19,1503,Tadine Pénélo
municipales_2020,1,,,988,98815,Maré,MARE,0001,586,461,125,458,1,2,4,LREG,NGAIOHNI,Pierre Ateroy,M,Pierre Ateroy NGAIOHNI,DYNAMIQUE UNITAIRE NENGONE,35,5.97,7.64,,Tadine,TADINE,1,Tadine,Maré,LIEU_DIT_NC,TRIBU,Tadin,167.88122247564291,-21.54648900532693,tribus_villages_nc,19,1503,Tadine Pénélo
municipales_2020,1,,,988,98815,Maré,MARE,0001,586,461,125,458,1,2,5,LREG,LAKOREDINE,Emile Ciwi,M,Emile Ciwi LAKOREDINE,EJE SESE SO NENGONE,132,22.53,28.82,,Tadine,TADINE,1,Tadine,Maré,LIEU_DIT_NC,TRIBU,Tadin,167.88122247564291,-21.54648900532693,tribus_villages_nc,19,1503,Tadine Pénélo
municipales_2020,1,,,988,98815,Maré,MARE,0001,586,461,125,458,1,2,6,LREG,SINEWAMI,Maryline,F,Maryline SINEWAMI,UC-FLNKS NENGONE,178,30.38,38.86,,Tadine,TADINE,1,Tadine,Maré,LIEU_DIT_NC,TRIBU,Tadin,167.88122247564291,-21.54648900532693,tribus_villages_nc,19,1503,Tadine Pénélo
municipales_2020,1,,,988,98815,Maré,MARE,0002,658,481,177,477,0,4,1,LDVC,BOB,Lucien,M,Lucien BOB,NENGONE AVEC NOUS,5,0.76,1.05,,Hnawayatche,HNAWAYATCHE,1,Hnawayatche,Maré,LIEU_DIT_NC,TRIBU,Hnawayaca,167.85931527784155,-21.444202132872793,tribus_villages_nc,17,1501,Guahma
municipales_2020,1,,,988,98815,Maré,MARE,0002,658,481,177,477,0,4,2,LREG,WAIKEDRE,Joseph,M,Joseph WAIKEDRE,DYNAMIQUE AUTOCHTONE,223,33.89,46.75,,Hnawayatche,HNAWAYATCHE,1,Hnawayatche,Maré,LIEU_DIT_NC,TRIBU,Hnawayaca,167.85931527784155,-21.444202132872793,tribus_villages_nc,17,1501,Guahma
municipales_2020,1,,,988,98815,Maré,MARE,0002,658,481,177,477,0,4,3,LREG,ENOKA,Bernard Ferdinand,M,Bernard Ferdinand ENOKA,PARTI TRAVAILLISTE,98,14.89,20.55,,Hnawayatche,HNAWAYATCHE,1,Hnawayatche,Maré,LIEU_DIT_NC,TRIBU,Hnawayaca,167.85931527784155,-21.444202132872793,tribus_villages_nc,17,1501,Guahma
municipales_2020,1,,,988,98815,Maré,MARE,0002,658,481,177,477,0,4,4,LREG,NGAIOHNI,Pierre Ateroy,M,Pierre Ateroy NGAIOHNI,DYNAMIQUE UNITAIRE NENGONE,56,8.51,11.74,,Hnawayatche,HNAWAYATCHE,1,Hnawayatche,Maré,LIEU_DIT_NC,TRIBU,Hnawayaca,167.85931527784155,-21.444202132872793,tribus_villages_nc,17,1501,Guahma
municipales_2020,1,,,988,98815,Maré,MARE,0002,658,481,177,477,0,4,5,LREG,LAKOREDINE,Emile Ciwi,M,Emile Ciwi LAKOREDINE,EJE SESE SO NENGONE,33,5.02,6.92,,Hnawayatche,HNAWAYATCHE,1,Hnawayatche,Maré,LIEU_DIT_NC,TRIBU,Hnawayaca,167.85931527784155,-21.444202132872793,tribus_villages_nc,17,1501,Guahma
municipales_2020,1,,,988,98815,Maré,MARE,0002,658,481,177,477,0,4,6,LREG,SINEWAMI,Maryline,F,Maryline SINEWAMI,UC-FLNKS NENGONE,62,9.42,13,,Hnawayatche,HNAWAYATCHE,1,Hnawayatche,Maré,LIEU_DIT_NC,TRIBU,Hnawayaca,167.85931527784155,-21.444202132872793,tribus_villages_nc,17,1501,Guahma
municipales_2020,1,,,988,98815,Maré,MARE,0003,366,280,86,280,0,0,1,LDVC,BOB,Lucien,M,Lucien BOB,NENGONE AVEC NOUS,3,0.82,1.07,,Tenane,TENANE,1,Tenan,Maré,LIEU_DIT_NC,TRIBU,,167.89430877263374,-21.40460074703544,tribus_villages_nc,17,1501,Guahma
municipales_2020,1,,,988,98815,Maré,MARE,0003,366,280,86,280,0,0,2,LREG,WAIKEDRE,Joseph,M,Joseph WAIKEDRE,DYNAMIQUE AUTOCHTONE,130,35.52,46.43,,Tenane,TENANE,1,Tenan,Maré,LIEU_DIT_NC,TRIBU,,167.89430877263374,-21.40460074703544,tribus_villages_nc,17,1501,Guahma
municipales_2020,1,,,988,98815,Maré,MARE,0003,366,280,86,280,0,0,3,LREG,ENOKA,Bernard Ferdinand,M,Bernard Ferdinand ENOKA,PARTI TRAVAILLISTE,32,8.74,11.43,,Tenane,TENANE,1,Tenan,Maré,LIEU_DIT_NC,TRIBU,,167.89430877263374,-21.40460074703544,tribus_villages_nc,17,1501,Guahma
municipales_2020,1,,,988,98815,Maré,MARE,0003,366,280,86,280,0,0,4,LREG,NGAIOHNI,Pierre Ateroy,M,Pierre Ateroy NGAIOHNI,DYNAMIQUE UNITAIRE NENGONE,38,10.38,13.57,,Tenane,TENANE,1,Tenan,Maré,LIEU_DIT_NC,TRIBU,,167.89430877263374,-21.40460074703544,tribus_villages_nc,17,1501,Guahma
municipales_2020,1,,,988,98815,Maré,MARE,0003,366,280,86,280,0,0,5,LREG,LAKOREDINE,Emile Ciwi,M,Emile Ciwi LAKOREDINE,EJE SESE SO NENGONE,46,12.57,16.43,,Tenane,TENANE,1,Tenan,Maré,LIEU_DIT_NC,TRIBU,,167.89430877263374,-21.40460074703544,tribus_villages_nc,17,1501,Guahma
municipales_2020,1,,,988,98815,Maré,MARE,0003,366,280,86,280,0,0,6,LREG,SINEWAMI,Maryline,F,Maryline SINEWAMI,UC-FLNKS NENGONE,31,8.47,11.07,,Tenane,TENANE,1,Tenan,Maré,LIEU_DIT_NC,TRIBU,,167.89430877263374,-21.40460074703544,tribus_villages_nc,17,1501,Guahma
municipales_2020,1,,,988,98815,Maré,MARE,0004,337,260,77,260,0,0,1,LDVC,BOB,Lucien,M,Lucien BOB,NENGONE AVEC NOUS,1,0.3,0.38,,Atha,ATHA,1,Atha,Maré,LIEU_DIT_NC,TRIBU,,168.01753084168095,-21.470451728197048,tribus_villages_nc,18,1502,La Roche
municipales_2020,1,,,988,98815,Maré,MARE,0004,337,260,77,260,0,0,2,LREG,WAIKEDRE,Joseph,M,Joseph WAIKEDRE,DYNAMIQUE AUTOCHTONE,14,4.15,5.38,,Atha,ATHA,1,Atha,Maré,LIEU_DIT_NC,TRIBU,,168.01753084168095,-21.470451728197048,tribus_villages_nc,18,1502,La Roche
municipales_2020,1,,,988,98815,Maré,MARE,0004,337,260,77,260,0,0,3,LREG,ENOKA,Bernard Ferdinand,M,Bernard Ferdinand ENOKA,PARTI TRAVAILLISTE,14,4.15,5.38,,Atha,ATHA,1,Atha,Maré,LIEU_DIT_NC,TRIBU,,168.01753084168095,-21.470451728197048,tribus_villages_nc,18,1502,La Roche
municipales_2020,1,,,988,98815,Maré,MARE,0004,337,260,77,260,0,0,4,LREG,NGAIOHNI,Pierre Ateroy,M,Pierre Ateroy NGAIOHNI,DYNAMIQUE UNITAIRE NENGONE,76,22.55,29.23,,Atha,ATHA,1,Atha,Maré,LIEU_DIT_NC,TRIBU,,168.01753084168095,-21.470451728197048,tribus_villages_nc,18,1502,La Roche
municipales_2020,1,,,988,98815,Maré,MARE,0004,337,260,77,260,0,0,5,LREG,LAKOREDINE,Emile Ciwi,M,Emile Ciwi LAKOREDINE,EJE SESE SO NENGONE,42,12.46,16.15,,Atha,ATHA,1,Atha,Maré,LIEU_DIT_NC,TRIBU,,168.01753084168095,-21.470451728197048,tribus_villages_nc,18,1502,La Roche
municipales_2020,1,,,988,98815,Maré,MARE,0004,337,260,77,260,0,0,6,LREG,SINEWAMI,Maryline,F,Maryline SINEWAMI,UC-FLNKS NENGONE,113,33.53,43.46,,Atha,ATHA,1,Atha,Maré,LIEU_DIT_NC,TRIBU,,168.01753084168095,-21.470451728197048,tribus_villages_nc,18,1502,La Roche
municipales_2020,1,,,988,98815,Maré,MARE,0005,418,279,139,277,0,2,1,LDVC,BOB,Lucien,M,Lucien BOB,NENGONE AVEC NOUS,2,0.48,0.72,,Tawainedre,TAWAINEDRE,1,Taweinedr,Maré,LIEU_DIT_NC,TRIBU,,168.08527860190287,-21.502551487309265,tribus_villages_nc,19,1503,Tadine Pénélo
municipales_2020,1,,,988,98815,Maré,MARE,0005,418,279,139,277,0,2,2,LREG,WAIKEDRE,Joseph,M,Joseph WAIKEDRE,DYNAMIQUE AUTOCHTONE,41,9.81,14.8,,Tawainedre,TAWAINEDRE,1,Taweinedr,Maré,LIEU_DIT_NC,TRIBU,,168.08527860190287,-21.502551487309265,tribus_villages_nc,19,1503,Tadine Pénélo
municipales_2020,1,,,988,98815,Maré,MARE,0005,418,279,139,277,0,2,3,LREG,ENOKA,Bernard Ferdinand,M,Bernard Ferdinand ENOKA,PARTI TRAVAILLISTE,37,8.85,13.36,,Tawainedre,TAWAINEDRE,1,Taweinedr,Maré,LIEU_DIT_NC,TRIBU,,168.08527860190287,-21.502551487309265,tribus_villages_nc,19,1503,Tadine Pénélo
municipales_2020,1,,,988,98815,Maré,MARE,0005,418,279,139,277,0,2,4,LREG,NGAIOHNI,Pierre Ateroy,M,Pierre Ateroy NGAIOHNI,DYNAMIQUE UNITAIRE NENGONE,99,23.68,35.74,,Tawainedre,TAWAINEDRE,1,Taweinedr,Maré,LIEU_DIT_NC,TRIBU,,168.08527860190287,-21.502551487309265,tribus_villages_nc,19,1503,Tadine Pénélo
municipales_2020,1,,,988,98815,Maré,MARE,0005,418,279,139,277,0,2,5,LREG,LAKOREDINE,Emile Ciwi,M,Emile Ciwi LAKOREDINE,EJE SESE SO NENGONE,79,18.9,28.52,,Tawainedre,TAWAINEDRE,1,Taweinedr,Maré,LIEU_DIT_NC,TRIBU,,168.08527860190287,-21.502551487309265,tribus_villages_nc,19,1503,Tadine Pénélo
municipales_2020,1,,,988,98815,Maré,MARE,0005,418,279,139,277,0,2,6,LREG,SINEWAMI,Maryline,F,Maryline SINEWAMI,UC-FLNKS NENGONE,19,4.55,6.86,,Tawainedre,TAWAINEDRE,1,Taweinedr,Maré,LIEU_DIT_NC,TRIBU,,168.08527860190287,-21.502551487309265,tribus_villages_nc,19,1503,Tadine Pénélo
municipales_2020,1,,,988,98815,Maré,MARE,0006,752,547,205,544,0,3,1,LDVC,BOB,Lucien,M,Lucien BOB,NENGONE AVEC NOUS,14,1.86,2.57,,Penelo,PENELO,1,Penelo,Maré,LIEU_DIT_NC,TRIBU,,168.08945780342214,-21.571088655754444,tribus_villages_nc,19,1503,Tadine Pénélo
municipales_2020,1,,,988,98815,Maré,MARE,0006,752,547,205,544,0,3,2,LREG,WAIKEDRE,Joseph,M,Joseph WAIKEDRE,DYNAMIQUE AUTOCHTONE,67,8.91,12.32,,Penelo,PENELO,1,Penelo,Maré,LIEU_DIT_NC,TRIBU,,168.08945780342214,-21.571088655754444,tribus_villages_nc,19,1503,Tadine Pénélo
municipales_2020,1,,,988,98815,Maré,MARE,0006,752,547,205,544,0,3,3,LREG,ENOKA,Bernard Ferdinand,M,Bernard Ferdinand ENOKA,PARTI TRAVAILLISTE,11,1.46,2.02,,Penelo,PENELO,1,Penelo,Maré,LIEU_DIT_NC,TRIBU,,168.08945780342214,-21.571088655754444,tribus_villages_nc,19,1503,Tadine Pénélo
municipales_2020,1,,,988,98815,Maré,MARE,0006,752,547,205,544,0,3,4,LREG,NGAIOHNI,Pierre Ateroy,M,Pierre Ateroy NGAIOHNI,DYNAMIQUE UNITAIRE NENGONE,95,12.63,17.46,,Penelo,PENELO,1,Penelo,Maré,LIEU_DIT_NC,TRIBU,,168.08945780342214,-21.571088655754444,tribus_villages_nc,19,1503,Tadine Pénélo
municipales_2020,1,,,988,98815,Maré,MARE,0006,752,547,205,544,0,3,5,LREG,LAKOREDINE,Emile Ciwi,M,Emile Ciwi LAKOREDINE,EJE SESE SO NENGONE,174,23.14,31.99,,Penelo,PENELO,1,Penelo,Maré,LIEU_DIT_NC,TRIBU,,168.08945780342214,-21.571088655754444,tribus_villages_nc,19,1503,Tadine Pénélo
municipales_2020,1,,,988,98815,Maré,MARE,0006,752,547,205,544,0,3,6,LREG,SINEWAMI,Maryline,F,Maryline SINEWAMI,UC-FLNKS NENGONE,183,24.34,33.64,,Penelo,PENELO,1,Penelo,Maré,LIEU_DIT_NC,TRIBU,,168.08945780342214,-21.571088655754444,tribus_villages_nc,19,1503,Tadine Pénélo
municipales_2020,1,,,988,98815,Maré,MARE,0007,627,458,169,457,1,0,1,LDVC,BOB,Lucien,M,Lucien BOB,NENGONE AVEC NOUS,5,0.8,1.09,,Wabao,WABAO,1,Wabao,Maré,LIEU_DIT_NC,TRIBU,Wabawo,167.93937201549338,-21.60210597985789,tribus_villages_nc,19,1503,Tadine Pénélo
municipales_2020,1,,,988,98815,Maré,MARE,0007,627,458,169,457,1,0,2,LREG,WAIKEDRE,Joseph,M,Joseph WAIKEDRE,DYNAMIQUE AUTOCHTONE,128,20.41,28.01,,Wabao,WABAO,1,Wabao,Maré,LIEU_DIT_NC,TRIBU,Wabawo,167.93937201549338,-21.60210597985789,tribus_villages_nc,19,1503,Tadine Pénélo
municipales_2020,1,,,988,98815,Maré,MARE,0007,627,458,169,457,1,0,3,LREG,ENOKA,Bernard Ferdinand,M,Bernard Ferdinand ENOKA,PARTI TRAVAILLISTE,20,3.19,4.38,,Wabao,WABAO,1,Wabao,Maré,LIEU_DIT_NC,TRIBU,Wabawo,167.93937201549338,-21.60210597985789,tribus_villages_nc,19,1503,Tadine Pénélo
municipales_2020,1,,,988,98815,Maré,MARE,0007,627,458,169,457,1,0,4,LREG,NGAIOHNI,Pierre Ateroy,M,Pierre Ateroy NGAIOHNI,DYNAMIQUE UNITAIRE NENGONE,10,1.59,2.19,,Wabao,WABAO,1,Wabao,Maré,LIEU_DIT_NC,TRIBU,Wabawo,167.93937201549338,-21.60210597985789,tribus_villages_nc,19,1503,Tadine Pénélo
municipales_2020,1,,,988,98815,Maré,MARE,0007,627,458,169,457,1,0,5,LREG,LAKOREDINE,Emile Ciwi,M,Emile Ciwi LAKOREDINE,EJE SESE SO NENGONE,222,35.41,48.58,,Wabao,WABAO,1,Wabao,Maré,LIEU_DIT_NC,TRIBU,Wabawo,167.93937201549338,-21.60210597985789,tribus_villages_nc,19,1503,Tadine Pénélo
municipales_2020,1,,,988,98815,Maré,MARE,0007,627,458,169,457,1,0,6,LREG,SINEWAMI,Maryline,F,Maryline SINEWAMI,UC-FLNKS NENGONE,72,11.48,15.75,,Wabao,WABAO,1,Wabao,Maré,LIEU_DIT_NC,TRIBU,Wabawo,167.93937201549338,-21.60210597985789,tribus_villages_nc,19,1503,Tadine Pénélo
municipales_2020,1,,,988,98815,Maré,MARE,0008,794,561,233,560,1,0,1,LDVC,BOB,Lucien,M,Lucien BOB,NENGONE AVEC NOUS,8,1.01,1.43,,Nece,NECE,1,Netché,Maré,LIEU_DIT_NC,TRIBU,Nece,167.8385405434138,-21.49048664280733,tribus_villages_nc,17,1501,Guahma
municipales_2020,1,,,988,98815,Maré,MARE,0008,794,561,233,560,1,0,2,LREG,WAIKEDRE,Joseph,M,Joseph WAIKEDRE,DYNAMIQUE AUTOCHTONE,401,50.5,71.61,,Nece,NECE,1,Netché,Maré,LIEU_DIT_NC,TRIBU,Nece,167.8385405434138,-21.49048664280733,tribus_villages_nc,17,1501,Guahma
municipales_2020,1,,,988,98815,Maré,MARE,0008,794,561,233,560,1,0,3,LREG,ENOKA,Bernard Ferdinand,M,Bernard Ferdinand ENOKA,PARTI TRAVAILLISTE,16,2.02,2.86,,Nece,NECE,1,Netché,Maré,LIEU_DIT_NC,TRIBU,Nece,167.8385405434138,-21.49048664280733,tribus_villages_nc,17,1501,Guahma
municipales_2020,1,,,988,98815,Maré,MARE,0008,794,561,233,560,1,0,4,LREG,NGAIOHNI,Pierre Ateroy,M,Pierre Ateroy NGAIOHNI,DYNAMIQUE UNITAIRE NENGONE,50,6.3,8.93,,Nece,NECE,1,Netché,Maré,LIEU_DIT_NC,TRIBU,Nece,167.8385405434138,-21.49048664280733,tribus_villages_nc,17,1501,Guahma
municipales_2020,1,,,988,98815,Maré,MARE,0008,794,561,233,560,1,0,5,LREG,LAKOREDINE,Emile Ciwi,M,Emile Ciwi LAKOREDINE,EJE SESE SO NENGONE,27,3.4,4.82,,Nece,NECE,1,Netché,Maré,LIEU_DIT_NC,TRIBU,Nece,167.8385405434138,-21.49048664280733,tribus_villages_nc,17,1501,Guahma
municipales_2020,1,,,988,98815,Maré,MARE,0008,794,561,233,560,1,0,6,LREG,SINEWAMI,Maryline,F,Maryline SINEWAMI,UC-FLNKS NENGONE,58,7.3,10.36,,Nece,NECE,1,Netché,Maré,LIEU_DIT_NC,TRIBU,Nece,167.8385405434138,-21.49048664280733,tribus_villages_nc,17,1501,Guahma
municipales_2020,1,,,988,98815,Maré,MARE,0009,264,182,82,180,1,1,1,LDVC,BOB,Lucien,M,Lucien BOB,NENGONE AVEC NOUS,2,0.76,1.11,,Ménaku,MENAKU,1,Menaku,Maré,LIEU_DIT_NC,TRIBU,,167.96911686605617,-21.444234250592025,tribus_villages_nc,17,1501,Guahma
municipales_2020,1,,,988,98815,Maré,MARE,0009,264,182,82,180,1,1,2,LREG,WAIKEDRE,Joseph,M,Joseph WAIKEDRE,DYNAMIQUE AUTOCHTONE,68,25.76,37.78,,Ménaku,MENAKU,1,Menaku,Maré,LIEU_DIT_NC,TRIBU,,167.96911686605617,-21.444234250592025,tribus_villages_nc,17,1501,Guahma
municipales_2020,1,,,988,98815,Maré,MARE,0009,264,182,82,180,1,1,3,LREG,ENOKA,Bernard Ferdinand,M,Bernard Ferdinand ENOKA,PARTI TRAVAILLISTE,53,20.08,29.44,,Ménaku,MENAKU,1,Menaku,Maré,LIEU_DIT_NC,TRIBU,,167.96911686605617,-21.444234250592025,tribus_villages_nc,17,1501,Guahma
municipales_2020,1,,,988,98815,Maré,MARE,0009,264,182,82,180,1,1,4,LREG,NGAIOHNI,Pierre Ateroy,M,Pierre Ateroy NGAIOHNI,DYNAMIQUE UNITAIRE NENGONE,9,3.41,5,,Ménaku,MENAKU,1,Menaku,Maré,LIEU_DIT_NC,TRIBU,,167.96911686605617,-21.444234250592025,tribus_villages_nc,17,1501,Guahma
municipales_2020,1,,,988,98815,Maré,MARE,0009,264,182,82,180,1,1,5,LREG,LAKOREDINE,Emile Ciwi,M,Emile Ciwi LAKOREDINE,EJE SESE SO NENGONE,10,3.79,5.56,,Ménaku,MENAKU,1,Menaku,Maré,LIEU_DIT_NC,TRIBU,,167.96911686605617,-21.444234250592025,tribus_villages_nc,17,1501,Guahma
municipales_2020,1,,,988,98815,Maré,MARE,0009,264,182,82,180,1,1,6,LREG,SINEWAMI,Maryline,F,Maryline SINEWAMI,UC-FLNKS NENGONE,38,14.39,21.11,,Ménaku,MENAKU,1,Menaku,Maré,LIEU_DIT_NC,TRIBU,,167.96911686605617,-21.444234250592025,tribus_villages_nc,17,1501,Guahma
municipales_2020,1,,,988,98815,Maré,MARE,0010,355,250,105,249,0,1,1,LDVC,BOB,Lucien,M,Lucien BOB,NENGONE AVEC NOUS,1,0.28,0.4,,Mebuet,MEBUET,1,Mebuet,Maré,LIEU_DIT_NC,TRIBU,,167.84863195183632,-21.51331947619321,tribus_villages_nc,17,1501,Guahma
municipales_2020,1,,,988,98815,Maré,MARE,0010,355,250,105,249,0,1,2,LREG,WAIKEDRE,Joseph,M,Joseph WAIKEDRE,DYNAMIQUE AUTOCHTONE,150,42.25,60.24,,Mebuet,MEBUET,1,Mebuet,Maré,LIEU_DIT_NC,TRIBU,,167.84863195183632,-21.51331947619321,tribus_villages_nc,17,1501,Guahma
municipales_2020,1,,,988,98815,Maré,MARE,0010,355,250,105,249,0,1,3,LREG,ENOKA,Bernard Ferdinand,M,Bernard Ferdinand ENOKA,PARTI TRAVAILLISTE,14,3.94,5.62,,Mebuet,MEBUET,1,Mebuet,Maré,LIEU_DIT_NC,TRIBU,,167.84863195183632,-21.51331947619321,tribus_villages_nc,17,1501,Guahma
municipales_2020,1,,,988,98815,Maré,MARE,0010,355,250,105,249,0,1,4,LREG,NGAIOHNI,Pierre Ateroy,M,Pierre Ateroy NGAIOHNI,DYNAMIQUE UNITAIRE NENGONE,13,3.66,5.22,,Mebuet,MEBUET,1,Mebuet,Maré,LIEU_DIT_NC,TRIBU,,167.84863195183632,-21.51331947619321,tribus_villages_nc,17,1501,Guahma
municipales_2020,1,,,988,98815,Maré,MARE,0010,355,250,105,249,0,1,5,LREG,LAKOREDINE,Emile Ciwi,M,Emile Ciwi LAKOREDINE,EJE SESE SO NENGONE,43,12.11,17.27,,Mebuet,MEBUET,1,Mebuet,Maré,LIEU_DIT_NC,TRIBU,,167.84863195183632,-21.51331947619321,tribus_villages_nc,17,1501,Guahma
municipales_2020,1,,,988,98815,Maré,MARE,0010,355,250,105,249,0,1,6,LREG,SINEWAMI,Maryline,F,Maryline SINEWAMI,UC-FLNKS NENGONE,28,7.89,11.24,,Mebuet,MEBUET,1,Mebuet,Maré,LIEU_DIT_NC,TRIBU,,167.84863195183632,-21.51331947619321,tribus_villages_nc,17,1501,Guahma
municipales_2020,1,,,988,98815,Maré,MARE,0011,297,216,81,214,1,1,1,LDVC,BOB,Lucien,M,Lucien BOB,NENGONE AVEC NOUS,4,1.35,1.87,,Roh,ROH,0.95,Ro,Maré,LIEU_DIT_NC,TRIBU,,167.86202487687797,-21.39242632802858,tribus_villages_nc,17,1501,Guahma
municipales_2020,1,,,988,98815,Maré,MARE,0011,297,216,81,214,1,1,2,LREG,WAIKEDRE,Joseph,M,Joseph WAIKEDRE,DYNAMIQUE AUTOCHTONE,84,28.28,39.25,,Roh,ROH,0.95,Ro,Maré,LIEU_DIT_NC,TRIBU,,167.86202487687797,-21.39242632802858,tribus_villages_nc,17,1501,Guahma
municipales_2020,1,,,988,98815,Maré,MARE,0011,297,216,81,214,1,1,3,LREG,ENOKA,Bernard Ferdinand,M,Bernard Ferdinand ENOKA,PARTI TRAVAILLISTE,27,9.09,12.62,,Roh,ROH,0.95,Ro,Maré,LIEU_DIT_NC,TRIBU,,167.86202487687797,-21.39242632802858,tribus_villages_nc,17,1501,Guahma
municipales_2020,1,,,988,98815,Maré,MARE,0011,297,216,81,214,1,1,4,LREG,NGAIOHNI,Pierre Ateroy,M,Pierre Ateroy NGAIOHNI,DYNAMIQUE UNITAIRE NENGONE,33,11.11,15.42,,Roh,ROH,0.95,Ro,Maré,LIEU_DIT_NC,TRIBU,,167.86202487687797,-21.39242632802858,tribus_villages_nc,17,1501,Guahma
municipales_2020,1,,,988,98815,Maré,MARE,0011,297,216,81,214,1,1,5,LREG,LAKOREDINE,Emile Ciwi,M,Emile Ciwi LAKOREDINE,EJE SESE SO NENGONE,11,3.7,5.14,,Roh,ROH,0.95,Ro,Maré,LIEU_DIT_NC,TRIBU,,167.86202487687797,-21.39242632802858,tribus_villages_nc,17,1501,Guahma
municipales_2020,1,,,988,98815,Maré,MARE,0011,297,216,81,214,1,1,6,LREG,SINEWAMI,Maryline,F,Maryline SINEWAMI,UC-FLNKS NENGONE,55,18.52,25.7,,Roh,ROH,0.95,Ro,Maré,LIEU_DIT_NC,TRIBU,,167.86202487687797,-21.39242632802858,tribus_villages_nc,17,1501,Guahma
municipales_2020,1,,,988,98815,Maré,MARE,0012,355,242,113,242,0,0,1,LDVC,BOB,Lucien,M,Lucien BOB,NENGONE AVEC NOUS,1,0.28,0.41,,Eni,ENI,1,Eni,Maré,LIEU_DIT_NC,TRIBU,,167.94942757221617,-21.62666270346723,tribus_villages_nc,19,1503,Tadine Pénélo
municipales_2020,1,,,988,98815,Maré,MARE,0012,355,242,113,242,0,0,2,LREG,WAIKEDRE,Joseph,M,Joseph WAIKEDRE,DYNAMIQUE AUTOCHTONE,48,13.52,19.83,,Eni,ENI,1,Eni,Maré,LIEU_DIT_NC,TRIBU,,167.94942757221617,-21.62666270346723,tribus_villages_nc,19,1503,Tadine Pénélo
municipales_2020,1,,,988,98815,Maré,MARE,0012,355,242,113,242,0,0,3,LREG,ENOKA,Bernard Ferdinand,M,Bernard Ferdinand ENOKA,PARTI TRAVAILLISTE,34,9.58,14.05,,Eni,ENI,1,Eni,Maré,LIEU_DIT_NC,TRIBU,,167.94942757221617,-21.62666270346723,tribus_villages_nc,19,1503,Tadine Pénélo
municipales_2020,1,,,988,98815,Maré,MARE,0012,355,242,113,242,0,0,4,LREG,NGAIOHNI,Pierre Ateroy,M,Pierre Ateroy NGAIOHNI,DYNAMIQUE UNITAIRE NENGONE,5,1.41,2.07,,Eni,ENI,1,Eni,Maré,LIEU_DIT_NC,TRIBU,,167.94942757221617,-21.62666270346723,tribus_villages_nc,19,1503,Tadine Pénélo
municipales_2020,1,,,988,98815,Maré,MARE,0012,355,242,113,242,0,0,5,LREG,LAKOREDINE,Emile Ciwi,M,Emile Ciwi LAKOREDINE,EJE SESE SO NENGONE,86,24.23,35.54,,Eni,ENI,1,Eni,Maré,LIEU_DIT_NC,TRIBU,,167.94942757221617,-21.62666270346723,tribus_villages_nc,19,1503,Tadine Pénélo
municipales_2020,1,,,988,98815,Maré,MARE,0012,355,242,113,242,0,0,6,LREG,SINEWAMI,Maryline,F,Maryline SINEWAMI,UC-FLNKS NENGONE,68,19.15,28.1,,Eni,ENI,1,Eni,Maré,LIEU_DIT_NC,TRIBU,,167.94942757221617,-21.62666270346723,tribus_villages_nc,19,1503,Tadine Pénélo
municipales_2020,1,,,988,98815,Maré,MARE,0013,638,461,177,460,0,1,1,LDVC,BOB,Lucien,M,Lucien BOB,NENGONE AVEC NOUS,3,0.47,0.65,,La Roche,ROCHE,1,La Roche,Maré,LIEU_DIT_NC,TRIBU,,168.03155085257677,-21.471745123256497,tribus_villages_nc,18,1502,La Roche
municipales_2020,1,,,988,98815,Maré,MARE,0013,638,461,177,460,0,1,2,LREG,WAIKEDRE,Joseph,M,Joseph WAIKEDRE,DYNAMIQUE AUTOCHTONE,29,4.55,6.3,,La Roche,ROCHE,1,La Roche,Maré,LIEU_DIT_NC,TRIBU,,168.03155085257677,-21.471745123256497,tribus_villages_nc,18,1502,La Roche
municipales_2020,1,,,988,98815,Maré,MARE,0013,638,461,177,460,0,1,3,LREG,ENOKA,Bernard Ferdinand,M,Bernard Ferdinand ENOKA,PARTI TRAVAILLISTE,29,4.55,6.3,,La Roche,ROCHE,1,La Roche,Maré,LIEU_DIT_NC,TRIBU,,168.03155085257677,-21.471745123256497,tribus_villages_nc,18,1502,La Roche
municipales_2020,1,,,988,98815,Maré,MARE,0013,638,461,177,460,0,1,4,LREG,NGAIOHNI,Pierre Ateroy,M,Pierre Ateroy NGAIOHNI,DYNAMIQUE UNITAIRE NENGONE,85,13.32,18.48,,La Roche,ROCHE,1,La Roche,Maré,LIEU_DIT_NC,TRIBU,,168.03155085257677,-21.471745123256497,tribus_villages_nc,18,1502,La Roche
municipales_2020,1,,,988,98815,Maré,MARE,0013,638,461,177,460,0,1,5,LREG,LAKOREDINE,Emile Ciwi,M,Emile Ciwi LAKOREDINE,EJE SESE SO NENGONE,59,9.25,12.83,,La Roche,ROCHE,1,La Roche,Maré,LIEU_DIT_NC,TRIBU,,168.03155085257677,-21.471745123256497,tribus_villages_nc,18,1502,La Roche
municipales_2020,1,,,988,98815,Maré,MARE,0013,638,461,177,460,0,1,6,LREG,SINEWAMI,Maryline,F,Maryline SINEWAMI,UC-FLNKS NENGONE,255,39.97,55.43,,La Roche,ROCHE,1,La Roche,Maré,LIEU_DIT_NC,TRIBU,,168.03155085257677,-21.471745123256497,tribus_villages_nc,18,1502,La Roche
municipales_2020,1,,,988,98815,Maré,MARE,0014,417,338,79,338,0,0,1,LDVC,BOB,Lucien,M,Lucien BOB,NENGONE AVEC NOUS,1,0.24,0.3,,Tuho,TUHO,1,Tuho,Maré,LIEU_DIT_NC,TRIBU,Tuo,167.89428156445027,-21.49517949257516,tribus_villages_nc,17,1501,Guahma
municipales_2020,1,,,988,98815,Maré,MARE,0014,417,338,79,338,0,0,2,LREG,WAIKEDRE,Joseph,M,Joseph WAIKEDRE,DYNAMIQUE AUTOCHTONE,175,41.97,51.78,,Tuho,TUHO,1,Tuho,Maré,LIEU_DIT_NC,TRIBU,Tuo,167.89428156445027,-21.49517949257516,tribus_villages_nc,17,1501,Guahma
municipales_2020,1,,,988,98815,Maré,MARE,0014,417,338,79,338,0,0,3,LREG,ENOKA,Bernard Ferdinand,M,Bernard Ferdinand ENOKA,PARTI TRAVAILLISTE,51,12.23,15.09,,Tuho,TUHO,1,Tuho,Maré,LIEU_DIT_NC,TRIBU,Tuo,167.89428156445027,-21.49517949257516,tribus_villages_nc,17,1501,Guahma
municipales_2020,1,,,988,98815,Maré,MARE,0014,417,338,79,338,0,0,4,LREG,NGAIOHNI,Pierre Ateroy,M,Pierre Ateroy NGAIOHNI,DYNAMIQUE UNITAIRE NENGONE,37,8.87,10.95,,Tuho,TUHO,1,Tuho,Maré,LIEU_DIT_NC,TRIBU,Tuo,167.89428156445027,-21.49517949257516,tribus_villages_nc,17,1501,Guahma
municipales_2020,1,,,988,98815,Maré,MARE,0014,417,338,79,338,0,0,5,LREG,LAKOREDINE,Emile Ciwi,M,Emile Ciwi LAKOREDINE,EJE SESE SO NENGONE,50,11.99,14.79,,Tuho,TUHO,1,Tuho,Maré,LIEU_DIT_NC,TRIBU,Tuo,167.89428156445027,-21.49517949257516,tribus_villages_nc,17,1501,Guahma
municipales_2020,1,,,988,98815,Maré,MARE,0014,417,338,79,338,0,0,6,LREG,SINEWAMI,Maryline,F,Maryline SINEWAMI,UC-FLNKS NENGONE,24,5.76,7.1,,Tuho,TUHO,1,Tuho,Maré,LIEU_DIT_NC,TRIBU,Tuo,167.89428156445027,-21.49517949257516,tribus_villages_nc,17,1501,Guahma
municipales_2020,1,,,988,98816,Moindou,MOINDOU,0001,827,657,170,644,7,6,1,LNC,HOVEUREUX,Jean-Marie,M,Jean-Marie HOVEUREUX,ALTERNATIVES 2020,28,3.39,4.35,,Mairie,MAIRIE,0.7,MOINDOU,Moindou,LIEU_DIT_NC,VILLE,Mére Mwêro,165.67695619871748,-21.69271000327087,tribus_villages_nc,20,1601,Moindou
municipales_2020,1,,,988,98816,Moindou,MOINDOU,0001,827,657,170,644,7,6,2,LNC,MICOULEAU,Christian,M,Christian MICOULEAU,GÉNÉRATIONS MOINDOU,182,22.01,28.26,,Mairie,MAIRIE,0.7,MOINDOU,Moindou,LIEU_DIT_NC,VILLE,Mére Mwêro,165.67695619871748,-21.69271000327087,tribus_villages_nc,20,1601,Moindou
municipales_2020,1,,,988,98816,Moindou,MOINDOU,0001,827,657,170,644,7,6,3,LNC,PEYRONNET,Léon-Joseph,M,Léon-Joseph PEYRONNET,ENSEMBLE POUR MOINDOU,275,33.25,42.7,,Mairie,MAIRIE,0.7,MOINDOU,Moindou,LIEU_DIT_NC,VILLE,Mére Mwêro,165.67695619871748,-21.69271000327087,tribus_villages_nc,20,1601,Moindou
municipales_2020,1,,,988,98816,Moindou,MOINDOU,0001,827,657,170,644,7,6,4,LNC,GOWEHOU,Etienne,M,Etienne GOWEHOU,UNI MWÂRU,159,19.23,24.69,,Mairie,MAIRIE,0.7,MOINDOU,Moindou,LIEU_DIT_NC,VILLE,Mére Mwêro,165.67695619871748,-21.69271000327087,tribus_villages_nc,20,1601,Moindou
municipales_2020,1,,,988,98817,Mont-Dore,MONTDORE,0001,910,434,476,429,5,0,1,LDVC,JULIÉ,Nina,F,Nina JULIÉ,Générations Mont-Dore,96,10.55,22.38,,Mairie de BOULARI,MAIRIE BOULARI,0.727,Marina de Port Boulari,RUE DES THAZARDS,PARC ESPACE PUBLIC ET LOISIR,Espaces de loisirs,Marinas port de plaisance et port à sec,166.523722376157,-22.2317078297453,etablissements_publics_nc,,,
municipales_2020,1,,,988,98817,Mont-Dore,MONTDORE,0001,910,434,476,429,5,0,2,LLR,LECOURIEUX,Eddie,M,Eddie LECOURIEUX,VIVRE AU MONT-DORE,184,20.22,42.89,,Mairie de BOULARI,MAIRIE BOULARI,0.727,Marina de Port Boulari,RUE DES THAZARDS,PARC ESPACE PUBLIC ET LOISIR,Espaces de loisirs,Marinas port de plaisance et port à sec,166.523722376157,-22.2317078297453,etablissements_publics_nc,,,
municipales_2020,1,,,988,98817,Mont-Dore,MONTDORE,0001,910,434,476,429,5,0,3,LREG,PIDJOT,Romuald,M,Romuald PIDJOT,LE MONT DORE NOTRE VILLE VERS UNE NATION ARC EN CIEL,81,8.9,18.88,,Mairie de BOULARI,MAIRIE BOULARI,0.727,Marina de Port Boulari,RUE DES THAZARDS,PARC ESPACE PUBLIC ET LOISIR,Espaces de loisirs,Marinas port de plaisance et port à sec,166.523722376157,-22.2317078297453,etablissements_publics_nc,,,
municipales_2020,1,,,988,98817,Mont-Dore,MONTDORE,0001,910,434,476,429,5,0,4,LDIV,SAO,Petelo Maximino,M,Petelo Maximino SAO,TOUS POUR NOTRE MONT-DORE,44,4.84,10.26,,Mairie de BOULARI,MAIRIE BOULARI,0.727,Marina de Port Boulari,RUE DES THAZARDS,PARC ESPACE PUBLIC ET LOISIR,Espaces de loisirs,Marinas port de plaisance et port à sec,166.523722376157,-22.2317078297453,etablissements_publics_nc,,,
municipales_2020,1,,,988,98817,Mont-Dore,MONTDORE,0001,910,434,476,429,5,0,5,LDVC,LAUBREAUX,Patrick,M,Patrick LAUBREAUX,LE MONT DORE SOLIDAIRE,24,2.64,5.59,,Mairie de BOULARI,MAIRIE BOULARI,0.727,Marina de Port Boulari,RUE DES THAZARDS,PARC ESPACE PUBLIC ET LOISIR,Espaces de loisirs,Marinas port de plaisance et port à sec,166.523722376157,-22.2317078297453,etablissements_publics_nc,,,
municipales_2020,1,,,988,98817,Mont-Dore,MONTDORE,0002,629,297,332,288,7,2,1,LDVC,JULIÉ,Nina,F,Nina JULIÉ,Générations Mont-Dore,83,13.2,28.82,,Groupe scolaire Hélène CHANIEL,GROUPE SCOLAIRE HELENE CHANIEL,1,Groupe scolaire Hélène Chaniel,105 RUE HELENE CHANIEL,ENSEIGNEMENT ET FORMATION,Enseignement du premier degré,Groupe scolaire,166.485528594387,-22.2217711398288,etablissements_publics_nc,23,1703,Pont des Fran‡ais
municipales_2020,1,,,988,98817,Mont-Dore,MONTDORE,0002,629,297,332,288,7,2,2,LLR,LECOURIEUX,Eddie,M,Eddie LECOURIEUX,VIVRE AU MONT-DORE,150,23.85,52.08,,Groupe scolaire Hélène CHANIEL,GROUPE SCOLAIRE HELENE CHANIEL,1,Groupe scolaire Hélène Chaniel,105 RUE HELENE CHANIEL,ENSEIGNEMENT ET FORMATION,Enseignement du premier degré,Groupe scolaire,166.485528594387,-22.2217711398288,etablissements_publics_nc,23,1703,Pont des Fran‡ais
municipales_2020,1,,,988,98817,Mont-Dore,MONTDORE,0002,629,297,332,288,7,2,3,LREG,PIDJOT,Romuald,M,Romuald PIDJOT,LE MONT DORE NOTRE VILLE VERS UNE NATION ARC EN CIEL,16,2.54,5.56,,Groupe scolaire Hélène CHANIEL,GROUPE SCOLAIRE HELENE CHANIEL,1,Groupe scolaire Hélène Chaniel,105 RUE HELENE CHANIEL,ENSEIGNEMENT ET FORMATION,Enseignement du premier degré,Groupe scolaire,166.485528594387,-22.2217711398288,etablissements_publics_nc,23,1703,Pont des Fran‡ais
municipales_2020,1,,,988,98817,Mont-Dore,MONTDORE,0002,629,297,332,288,7,2,4,LDIV,SAO,Petelo Maximino,M,Petelo Maximino SAO,TOUS POUR NOTRE MONT-DORE,16,2.54,5.56,,Groupe scolaire Hélène CHANIEL,GROUPE SCOLAIRE HELENE CHANIEL,1,Groupe scolaire Hélène Chaniel,105 RUE HELENE CHANIEL,ENSEIGNEMENT ET FORMATION,Enseignement du premier degré,Groupe scolaire,166.485528594387,-22.2217711398288,etablissements_publics_nc,23,1703,Pont des Fran‡ais
municipales_2020,1,,,988,98817,Mont-Dore,MONTDORE,0002,629,297,332,288,7,2,5,LDVC,LAUBREAUX,Patrick,M,Patrick LAUBREAUX,LE MONT DORE SOLIDAIRE,23,3.66,7.99,,Groupe scolaire Hélène CHANIEL,GROUPE SCOLAIRE HELENE CHANIEL,1,Groupe scolaire Hélène Chaniel,105 RUE HELENE CHANIEL,ENSEIGNEMENT ET FORMATION,Enseignement du premier degré,Groupe scolaire,166.485528594387,-22.2217711398288,etablissements_publics_nc,23,1703,Pont des Fran‡ais
municipales_2020,1,,,988,98817,Mont-Dore,MONTDORE,0003,919,508,411,491,17,0,1,LDVC,JULIÉ,Nina,F,Nina JULIÉ,Générations Mont-Dore,132,14.36,26.88,,École primaire Adolphe BOUTAN,ECOLE PRIMAIRE ADOLPHE BOUTAN,0.828,Ecole primaire de l'Ile-Ouen,,ENSEIGNEMENT ET FORMATION,Enseignement du premier degré,Ecole primaire,166.841440737558,-22.4256696418669,etablissements_publics_nc,35,1715,Mouirange - Grand Sud - Ile Ouen
municipales_2020,1,,,988,98817,Mont-Dore,MONTDORE,0003,919,508,411,491,17,0,2,LLR,LECOURIEUX,Eddie,M,Eddie LECOURIEUX,VIVRE AU MONT-DORE,261,28.4,53.16,,École primaire Adolphe BOUTAN,ECOLE PRIMAIRE ADOLPHE BOUTAN,0.828,Ecole primaire de l'Ile-Ouen,,ENSEIGNEMENT ET FORMATION,Enseignement du premier degré,Ecole primaire,166.841440737558,-22.4256696418669,etablissements_publics_nc,35,1715,Mouirange - Grand Sud - Ile Ouen
municipales_2020,1,,,988,98817,Mont-Dore,MONTDORE,0003,919,508,411,491,17,0,3,LREG,PIDJOT,Romuald,M,Romuald PIDJOT,LE MONT DORE NOTRE VILLE VERS UNE NATION ARC EN CIEL,48,5.22,9.78,,École primaire Adolphe BOUTAN,ECOLE PRIMAIRE ADOLPHE BOUTAN,0.828,Ecole primaire de l'Ile-Ouen,,ENSEIGNEMENT ET FORMATION,Enseignement du premier degré,Ecole primaire,166.841440737558,-22.4256696418669,etablissements_publics_nc,35,1715,Mouirange - Grand Sud - Ile Ouen
municipales_2020,1,,,988,98817,Mont-Dore,MONTDORE,0003,919,508,411,491,17,0,4,LDIV,SAO,Petelo Maximino,M,Petelo Maximino SAO,TOUS POUR NOTRE MONT-DORE,20,2.18,4.07,,École primaire Adolphe BOUTAN,ECOLE PRIMAIRE ADOLPHE BOUTAN,0.828,Ecole primaire de l'Ile-Ouen,,ENSEIGNEMENT ET FORMATION,Enseignement du premier degré,Ecole primaire,166.841440737558,-22.4256696418669,etablissements_publics_nc,35,1715,Mouirange - Grand Sud - Ile Ouen
municipales_2020,1,,,988,98817,Mont-Dore,MONTDORE,0003,919,508,411,491,17,0,5,LDVC,LAUBREAUX,Patrick,M,Patrick LAUBREAUX,LE MONT DORE SOLIDAIRE,30,3.26,6.11,,École primaire Adolphe BOUTAN,ECOLE PRIMAIRE ADOLPHE BOUTAN,0.828,Ecole primaire de l'Ile-Ouen,,ENSEIGNEMENT ET FORMATION,Enseignement du premier degré,Ecole primaire,166.841440737558,-22.4256696418669,etablissements_publics_nc,35,1715,Mouirange - Grand Sud - Ile Ouen
municipales_2020,1,,,988,98817,Mont-Dore,MONTDORE,0004,947,509,438,493,12,4,1,LDVC,JULIÉ,Nina,F,Nina JULIÉ,Générations Mont-Dore,104,10.98,21.1,,École primaire Louis Henri GALINIE 1,ECOLE PRIMAIRE LOUIS HENRI GALINIE,0.923,Ecole primaire Louis Henri Galinié,1133 RUE DES TROIS BANIANS,ENSEIGNEMENT ET FORMATION,Enseignement du premier degré,Ecole élémentaire,166.512755378687,-22.2163077194956,etablissements_publics_nc,25,1705,Robinson Nord
municipales_2020,1,,,988,98817,Mont-Dore,MONTDORE,0004,947,509,438,493,12,4,2,LLR,LECOURIEUX,Eddie,M,Eddie LECOURIEUX,VIVRE AU MONT-DORE,217,22.91,44.02,,École primaire Louis Henri GALINIE 1,ECOLE PRIMAIRE LOUIS HENRI GALINIE,0.923,Ecole primaire Louis Henri Galinié,1133 RUE DES TROIS BANIANS,ENSEIGNEMENT ET FORMATION,Enseignement du premier degré,Ecole élémentaire,166.512755378687,-22.2163077194956,etablissements_publics_nc,25,1705,Robinson Nord
municipales_2020,1,,,988,98817,Mont-Dore,MONTDORE,0004,947,509,438,493,12,4,3,LREG,PIDJOT,Romuald,M,Romuald PIDJOT,LE MONT DORE NOTRE VILLE VERS UNE NATION ARC EN CIEL,45,4.75,9.13,,École primaire Louis Henri GALINIE 1,ECOLE PRIMAIRE LOUIS HENRI GALINIE,0.923,Ecole primaire Louis Henri Galinié,1133 RUE DES TROIS BANIANS,ENSEIGNEMENT ET FORMATION,Enseignement du premier degré,Ecole élémentaire,166.512755378687,-22.2163077194956,etablissements_publics_nc,25,1705,Robinson Nord
municipales_2020,1,,,988,98817,Mont-Dore,MONTDORE,0004,947,509,438,493,12,4,4,LDIV,SAO,Petelo Maximino,M,Petelo Maximino SAO,TOUS POUR NOTRE MONT-DORE,68,7.18,13.79,,École primaire Louis Henri GALINIE 1,ECOLE PRIMAIRE LOUIS HENRI GALINIE,0.923,Ecole primaire Louis Henri Galinié,1133 RUE DES TROIS BANIANS,ENSEIGNEMENT ET FORMATION,Enseignement du premier degré,Ecole élémentaire,166.512755378687,-22.2163077194956,etablissements_publics_nc,25,1705,Robinson Nord
municipales_2020,1,,,988,98817,Mont-Dore,MONTDORE,0004,947,509,438,493,12,4,5,LDVC,LAUBREAUX,Patrick,M,Patrick LAUBREAUX,LE MONT DORE SOLIDAIRE,59,6.23,11.97,,École primaire Louis Henri GALINIE 1,ECOLE PRIMAIRE LOUIS HENRI GALINIE,0.923,Ecole primaire Louis Henri Galinié,1133 RUE DES TROIS BANIANS,ENSEIGNEMENT ET FORMATION,Enseignement du premier degré,Ecole élémentaire,166.512755378687,-22.2163077194956,etablissements_publics_nc,25,1705,Robinson Nord
municipales_2020,1,,,988,98817,Mont-Dore,MONTDORE,0005,1075,503,572,490,8,5,1,LDVC,JULIÉ,Nina,F,Nina JULIÉ,Générations Mont-Dore,11,1.02,2.24,,École La Rizière 1,ECOLE RIZIERE,0.734,Ecole primaire La Rizière,89 RUE DU VIEUX PONT,ENSEIGNEMENT ET FORMATION,Enseignement du premier degré,Ecole élémentaire,166.573975497183,-22.2332233282141,etablissements_publics_nc,30,1710,La Coulée Nord
municipales_2020,1,,,988,98817,Mont-Dore,MONTDORE,0005,1075,503,572,490,8,5,2,LLR,LECOURIEUX,Eddie,M,Eddie LECOURIEUX,VIVRE AU MONT-DORE,85,7.91,17.35,,École La Rizière 1,ECOLE RIZIERE,0.734,Ecole primaire La Rizière,89 RUE DU VIEUX PONT,ENSEIGNEMENT ET FORMATION,Enseignement du premier degré,Ecole élémentaire,166.573975497183,-22.2332233282141,etablissements_publics_nc,30,1710,La Coulée Nord
municipales_2020,1,,,988,98817,Mont-Dore,MONTDORE,0005,1075,503,572,490,8,5,3,LREG,PIDJOT,Romuald,M,Romuald PIDJOT,LE MONT DORE NOTRE VILLE VERS UNE NATION ARC EN CIEL,362,33.67,73.88,,École La Rizière 1,ECOLE RIZIERE,0.734,Ecole primaire La Rizière,89 RUE DU VIEUX PONT,ENSEIGNEMENT ET FORMATION,Enseignement du premier degré,Ecole élémentaire,166.573975497183,-22.2332233282141,etablissements_publics_nc,30,1710,La Coulée Nord
municipales_2020,1,,,988,98817,Mont-Dore,MONTDORE,0005,1075,503,572,490,8,5,4,LDIV,SAO,Petelo Maximino,M,Petelo Maximino SAO,TOUS POUR NOTRE MONT-DORE,9,0.84,1.84,,École La Rizière 1,ECOLE RIZIERE,0.734,Ecole primaire La Rizière,89 RUE DU VIEUX PONT,ENSEIGNEMENT ET FORMATION,Enseignement du premier degré,Ecole élémentaire,166.573975497183,-22.2332233282141,etablissements_publics_nc,30,1710,La Coulée Nord
municipales_2020,1,,,988,98817,Mont-Dore,MONTDORE,0005,1075,503,572,490,8,5,5,LDVC,LAUBREAUX,Patrick,M,Patrick LAUBREAUX,LE MONT DORE SOLIDAIRE,23,2.14,4.69,,École La Rizière 1,ECOLE RIZIERE,0.734,Ecole primaire La Rizière,89 RUE DU VIEUX PONT,ENSEIGNEMENT ET FORMATION,Enseignement du premier degré,Ecole élémentaire,166.573975497183,-22.2332233282141,etablissements_publics_nc,30,1710,La Coulée Nord
municipales_2020,1,,,988,98817,Mont-Dore,MONTDORE,0006,924,479,445,471,5,3,1,LDVC,JULIÉ,Nina,F,Nina JULIÉ,Générations Mont-Dore,121,13.1,25.69,,École primaire du Vallon Dore,ECOLE PRIMAIRE VALLON DORE,0.886,Ecole élémentaire du Vallon-Dore,1622 LA CORNICHE DU MONT DORE,ENSEIGNEMENT ET FORMATION,Enseignement du premier degré,Ecole élémentaire,166.571853310489,-22.2757480668132,etablissements_publics_nc,32,1712,Vallon Dore
municipales_2020,1,,,988,98817,Mont-Dore,MONTDORE,0006,924,479,445,471,5,3,2,LLR,LECOURIEUX,Eddie,M,Eddie LECOURIEUX,VIVRE AU MONT-DORE,192,20.78,40.76,,École primaire du Vallon Dore,ECOLE PRIMAIRE VALLON DORE,0.886,Ecole élémentaire du Vallon-Dore,1622 LA CORNICHE DU MONT DORE,ENSEIGNEMENT ET FORMATION,Enseignement du premier degré,Ecole élémentaire,166.571853310489,-22.2757480668132,etablissements_publics_nc,32,1712,Vallon Dore
municipales_2020,1,,,988,98817,Mont-Dore,MONTDORE,0006,924,479,445,471,5,3,3,LREG,PIDJOT,Romuald,M,Romuald PIDJOT,LE MONT DORE NOTRE VILLE VERS UNE NATION ARC EN CIEL,35,3.79,7.43,,École primaire du Vallon Dore,ECOLE PRIMAIRE VALLON DORE,0.886,Ecole élémentaire du Vallon-Dore,1622 LA CORNICHE DU MONT DORE,ENSEIGNEMENT ET FORMATION,Enseignement du premier degré,Ecole élémentaire,166.571853310489,-22.2757480668132,etablissements_publics_nc,32,1712,Vallon Dore
municipales_2020,1,,,988,98817,Mont-Dore,MONTDORE,0006,924,479,445,471,5,3,4,LDIV,SAO,Petelo Maximino,M,Petelo Maximino SAO,TOUS POUR NOTRE MONT-DORE,67,7.25,14.23,,École primaire du Vallon Dore,ECOLE PRIMAIRE VALLON DORE,0.886,Ecole élémentaire du Vallon-Dore,1622 LA CORNICHE DU MONT DORE,ENSEIGNEMENT ET FORMATION,Enseignement du premier degré,Ecole élémentaire,166.571853310489,-22.2757480668132,etablissements_publics_nc,32,1712,Vallon Dore
municipales_2020,1,,,988,98817,Mont-Dore,MONTDORE,0006,924,479,445,471,5,3,5,LDVC,LAUBREAUX,Patrick,M,Patrick LAUBREAUX,LE MONT DORE SOLIDAIRE,56,6.06,11.89,,École primaire du Vallon Dore,ECOLE PRIMAIRE VALLON DORE,0.886,Ecole élémentaire du Vallon-Dore,1622 LA CORNICHE DU MONT DORE,ENSEIGNEMENT ET FORMATION,Enseignement du premier degré,Ecole élémentaire,166.571853310489,-22.2757480668132,etablissements_publics_nc,32,1712,Vallon Dore
municipales_2020,1,,,988,98817,Mont-Dore,MONTDORE,0007,100,52,48,52,0,0,1,LDVC,JULIÉ,Nina,F,Nina JULIÉ,Générations Mont-Dore,0,0,0,,Ouara,OUARA,1,Ouara,Mont-Dore,LIEU_DIT_NC,TRIBU,,166.84029773306233,-22.42316008394107,tribus_villages_nc,35,1715,Mouirange - Grand Sud - Ile Ouen
municipales_2020,1,,,988,98817,Mont-Dore,MONTDORE,0007,100,52,48,52,0,0,2,LLR,LECOURIEUX,Eddie,M,Eddie LECOURIEUX,VIVRE AU MONT-DORE,9,9,17.31,,Ouara,OUARA,1,Ouara,Mont-Dore,LIEU_DIT_NC,TRIBU,,166.84029773306233,-22.42316008394107,tribus_villages_nc,35,1715,Mouirange - Grand Sud - Ile Ouen
municipales_2020,1,,,988,98817,Mont-Dore,MONTDORE,0007,100,52,48,52,0,0,3,LREG,PIDJOT,Romuald,M,Romuald PIDJOT,LE MONT DORE NOTRE VILLE VERS UNE NATION ARC EN CIEL,41,41,78.85,,Ouara,OUARA,1,Ouara,Mont-Dore,LIEU_DIT_NC,TRIBU,,166.84029773306233,-22.42316008394107,tribus_villages_nc,35,1715,Mouirange - Grand Sud - Ile Ouen
municipales_2020,1,,,988,98817,Mont-Dore,MONTDORE,0007,100,52,48,52,0,0,4,LDIV,SAO,Petelo Maximino,M,Petelo Maximino SAO,TOUS POUR NOTRE MONT-DORE,0,0,0,,Ouara,OUARA,1,Ouara,Mont-Dore,LIEU_DIT_NC,TRIBU,,166.84029773306233,-22.42316008394107,tribus_villages_nc,35,1715,Mouirange - Grand Sud - Ile Ouen
municipales_2020,1,,,988,98817,Mont-Dore,MONTDORE,0007,100,52,48,52,0,0,5,LDVC,LAUBREAUX,Patrick,M,Patrick LAUBREAUX,LE MONT DORE SOLIDAIRE,2,2,3.85,,Ouara,OUARA,1,Ouara,Mont-Dore,LIEU_DIT_NC,TRIBU,,166.84029773306233,-22.42316008394107,tribus_villages_nc,35,1715,Mouirange - Grand Sud - Ile Ouen
municipales_2020,1,,,988,98817,Mont-Dore,MONTDORE,0008,996,573,423,559,6,8,1,LDVC,JULIÉ,Nina,F,Nina JULIÉ,Générations Mont-Dore,108,10.84,19.32,,Groupe scolaire de Boulari 1,GROUPE SCOLAIRE BOULARI,1,Groupe scolaire de Boulari,154 RUE ANTOINE GRISCELLI,ENSEIGNEMENT ET FORMATION,Enseignement du premier degré,Groupe scolaire,166.520855451452,-22.2274992832452,etablissements_publics_nc,27,1707,Boulari
municipales_2020,1,,,988,98817,Mont-Dore,MONTDORE,0008,996,573,423,559,6,8,2,LLR,LECOURIEUX,Eddie,M,Eddie LECOURIEUX,VIVRE AU MONT-DORE,336,33.73,60.11,,Groupe scolaire de Boulari 1,GROUPE SCOLAIRE BOULARI,1,Groupe scolaire de Boulari,154 RUE ANTOINE GRISCELLI,ENSEIGNEMENT ET FORMATION,Enseignement du premier degré,Groupe scolaire,166.520855451452,-22.2274992832452,etablissements_publics_nc,27,1707,Boulari
municipales_2020,1,,,988,98817,Mont-Dore,MONTDORE,0008,996,573,423,559,6,8,3,LREG,PIDJOT,Romuald,M,Romuald PIDJOT,LE MONT DORE NOTRE VILLE VERS UNE NATION ARC EN CIEL,42,4.22,7.51,,Groupe scolaire de Boulari 1,GROUPE SCOLAIRE BOULARI,1,Groupe scolaire de Boulari,154 RUE ANTOINE GRISCELLI,ENSEIGNEMENT ET FORMATION,Enseignement du premier degré,Groupe scolaire,166.520855451452,-22.2274992832452,etablissements_publics_nc,27,1707,Boulari
municipales_2020,1,,,988,98817,Mont-Dore,MONTDORE,0008,996,573,423,559,6,8,4,LDIV,SAO,Petelo Maximino,M,Petelo Maximino SAO,TOUS POUR NOTRE MONT-DORE,55,5.52,9.84,,Groupe scolaire de Boulari 1,GROUPE SCOLAIRE BOULARI,1,Groupe scolaire de Boulari,154 RUE ANTOINE GRISCELLI,ENSEIGNEMENT ET FORMATION,Enseignement du premier degré,Groupe scolaire,166.520855451452,-22.2274992832452,etablissements_publics_nc,27,1707,Boulari
municipales_2020,1,,,988,98817,Mont-Dore,MONTDORE,0008,996,573,423,559,6,8,5,LDVC,LAUBREAUX,Patrick,M,Patrick LAUBREAUX,LE MONT DORE SOLIDAIRE,18,1.81,3.22,,Groupe scolaire de Boulari 1,GROUPE SCOLAIRE BOULARI,1,Groupe scolaire de Boulari,154 RUE ANTOINE GRISCELLI,ENSEIGNEMENT ET FORMATION,Enseignement du premier degré,Groupe scolaire,166.520855451452,-22.2274992832452,etablissements_publics_nc,27,1707,Boulari
municipales_2020,1,,,988,98817,Mont-Dore,MONTDORE,0009,1071,511,560,494,13,4,1,LDVC,JULIÉ,Nina,F,Nina JULIÉ,Générations Mont-Dore,97,9.06,19.64,,Mairie annexe de Plum 1,MAIRIE ANNEXE PLUM,0.782,Mairie annexe du Mont-Dore,9048 LA CORNICHE DU MONT DORE,ADMINISTRATION ET ORGANISME,Administrations des collectivités,Administration de la commune de Mont-Dore,166.623268718041,-22.2730906933136,etablissements_publics_nc,34,1714,Plum
municipales_2020,1,,,988,98817,Mont-Dore,MONTDORE,0009,1071,511,560,494,13,4,2,LLR,LECOURIEUX,Eddie,M,Eddie LECOURIEUX,VIVRE AU MONT-DORE,147,13.73,29.76,,Mairie annexe de Plum 1,MAIRIE ANNEXE PLUM,0.782,Mairie annexe du Mont-Dore,9048 LA CORNICHE DU MONT DORE,ADMINISTRATION ET ORGANISME,Administrations des collectivités,Administration de la commune de Mont-Dore,166.623268718041,-22.2730906933136,etablissements_publics_nc,34,1714,Plum
municipales_2020,1,,,988,98817,Mont-Dore,MONTDORE,0009,1071,511,560,494,13,4,3,LREG,PIDJOT,Romuald,M,Romuald PIDJOT,LE MONT DORE NOTRE VILLE VERS UNE NATION ARC EN CIEL,84,7.84,17,,Mairie annexe de Plum 1,MAIRIE ANNEXE PLUM,0.782,Mairie annexe du Mont-Dore,9048 LA CORNICHE DU MONT DORE,ADMINISTRATION ET ORGANISME,Administrations des collectivités,Administration de la commune de Mont-Dore,166.623268718041,-22.2730906933136,etablissements_publics_nc,34,1714,Plum
municipales_2020,1,,,988,98817,Mont-Dore,MONTDORE,0009,1071,511,560,494,13,4,4,LDIV,SAO,Petelo Maximino,M,Petelo Maximino SAO,TOUS POUR NOTRE MONT-DORE,82,7.66,16.6,,Mairie annexe de Plum 1,MAIRIE ANNEXE PLUM,0.782,Mairie annexe du Mont-Dore,9048 LA CORNICHE DU MONT DORE,ADMINISTRATION ET ORGANISME,Administrations des collectivités,Administration de la commune de Mont-Dore,166.623268718041,-22.2730906933136,etablissements_publics_nc,34,1714,Plum
municipales_2020,1,,,988,98817,Mont-Dore,MONTDORE,0009,1071,511,560,494,13,4,5,LDVC,LAUBREAUX,Patrick,M,Patrick LAUBREAUX,LE MONT DORE SOLIDAIRE,84,7.84,17,,Mairie annexe de Plum 1,MAIRIE ANNEXE PLUM,0.782,Mairie annexe du Mont-Dore,9048 LA CORNICHE DU MONT DORE,ADMINISTRATION ET ORGANISME,Administrations des collectivités,Administration de la commune de Mont-Dore,166.623268718041,-22.2730906933136,etablissements_publics_nc,34,1714,Plum
municipales_2020,1,,,988,98817,Mont-Dore,MONTDORE,0010,1035,467,568,450,12,5,1,LDVC,JULIÉ,Nina,F,Nina JULIÉ,Générations Mont-Dore,113,10.92,25.11,,École La Rizière 2,ECOLE RIZIERE,0.734,Ecole primaire La Rizière,89 RUE DU VIEUX PONT,ENSEIGNEMENT ET FORMATION,Enseignement du premier degré,Ecole élémentaire,166.573975497183,-22.2332233282141,etablissements_publics_nc,30,1710,La Coulée Nord
municipales_2020,1,,,988,98817,Mont-Dore,MONTDORE,0010,1035,467,568,450,12,5,2,LLR,LECOURIEUX,Eddie,M,Eddie LECOURIEUX,VIVRE AU MONT-DORE,147,14.2,32.67,,École La Rizière 2,ECOLE RIZIERE,0.734,Ecole primaire La Rizière,89 RUE DU VIEUX PONT,ENSEIGNEMENT ET FORMATION,Enseignement du premier degré,Ecole élémentaire,166.573975497183,-22.2332233282141,etablissements_publics_nc,30,1710,La Coulée Nord
municipales_2020,1,,,988,98817,Mont-Dore,MONTDORE,0010,1035,467,568,450,12,5,3,LREG,PIDJOT,Romuald,M,Romuald PIDJOT,LE MONT DORE NOTRE VILLE VERS UNE NATION ARC EN CIEL,81,7.83,18,,École La Rizière 2,ECOLE RIZIERE,0.734,Ecole primaire La Rizière,89 RUE DU VIEUX PONT,ENSEIGNEMENT ET FORMATION,Enseignement du premier degré,Ecole élémentaire,166.573975497183,-22.2332233282141,etablissements_publics_nc,30,1710,La Coulée Nord
municipales_2020,1,,,988,98817,Mont-Dore,MONTDORE,0010,1035,467,568,450,12,5,4,LDIV,SAO,Petelo Maximino,M,Petelo Maximino SAO,TOUS POUR NOTRE MONT-DORE,37,3.57,8.22,,École La Rizière 2,ECOLE RIZIERE,0.734,Ecole primaire La Rizière,89 RUE DU VIEUX PONT,ENSEIGNEMENT ET FORMATION,Enseignement du premier degré,Ecole élémentaire,166.573975497183,-22.2332233282141,etablissements_publics_nc,30,1710,La Coulée Nord
municipales_2020,1,,,988,98817,Mont-Dore,MONTDORE,0010,1035,467,568,450,12,5,5,LDVC,LAUBREAUX,Patrick,M,Patrick LAUBREAUX,LE MONT DORE SOLIDAIRE,72,6.96,16,,École La Rizière 2,ECOLE RIZIERE,0.734,Ecole primaire La Rizière,89 RUE DU VIEUX PONT,ENSEIGNEMENT ET FORMATION,Enseignement du premier degré,Ecole élémentaire,166.573975497183,-22.2332233282141,etablissements_publics_nc,30,1710,La Coulée Nord
municipales_2020,1,,,988,98817,Mont-Dore,MONTDORE,0011,838,469,369,458,4,7,1,LDVC,JULIÉ,Nina,F,Nina JULIÉ,Générations Mont-Dore,102,12.17,22.27,,Groupe scolaire de Boulari 2,GROUPE SCOLAIRE BOULARI,1,Groupe scolaire de Boulari,154 RUE ANTOINE GRISCELLI,ENSEIGNEMENT ET FORMATION,Enseignement du premier degré,Groupe scolaire,166.520855451452,-22.2274992832452,etablissements_publics_nc,27,1707,Boulari
municipales_2020,1,,,988,98817,Mont-Dore,MONTDORE,0011,838,469,369,458,4,7,2,LLR,LECOURIEUX,Eddie,M,Eddie LECOURIEUX,VIVRE AU MONT-DORE,235,28.04,51.31,,Groupe scolaire de Boulari 2,GROUPE SCOLAIRE BOULARI,1,Groupe scolaire de Boulari,154 RUE ANTOINE GRISCELLI,ENSEIGNEMENT ET FORMATION,Enseignement du premier degré,Groupe scolaire,166.520855451452,-22.2274992832452,etablissements_publics_nc,27,1707,Boulari
municipales_2020,1,,,988,98817,Mont-Dore,MONTDORE,0011,838,469,369,458,4,7,3,LREG,PIDJOT,Romuald,M,Romuald PIDJOT,LE MONT DORE NOTRE VILLE VERS UNE NATION ARC EN CIEL,19,2.27,4.15,,Groupe scolaire de Boulari 2,GROUPE SCOLAIRE BOULARI,1,Groupe scolaire de Boulari,154 RUE ANTOINE GRISCELLI,ENSEIGNEMENT ET FORMATION,Enseignement du premier degré,Groupe scolaire,166.520855451452,-22.2274992832452,etablissements_publics_nc,27,1707,Boulari
municipales_2020,1,,,988,98817,Mont-Dore,MONTDORE,0011,838,469,369,458,4,7,4,LDIV,SAO,Petelo Maximino,M,Petelo Maximino SAO,TOUS POUR NOTRE MONT-DORE,52,6.21,11.35,,Groupe scolaire de Boulari 2,GROUPE SCOLAIRE BOULARI,1,Groupe scolaire de Boulari,154 RUE ANTOINE GRISCELLI,ENSEIGNEMENT ET FORMATION,Enseignement du premier degré,Groupe scolaire,166.520855451452,-22.2274992832452,etablissements_publics_nc,27,1707,Boulari
municipales_2020,1,,,988,98817,Mont-Dore,MONTDORE,0011,838,469,369,458,4,7,5,LDVC,LAUBREAUX,Patrick,M,Patrick LAUBREAUX,LE MONT DORE SOLIDAIRE,50,5.97,10.92,,Groupe scolaire de Boulari 2,GROUPE SCOLAIRE BOULARI,1,Groupe scolaire de Boulari,154 RUE ANTOINE GRISCELLI,ENSEIGNEMENT ET FORMATION,Enseignement du premier degré,Groupe scolaire,166.520855451452,-22.2274992832452,etablissements_publics_nc,27,1707,Boulari
municipales_2020,1,,,988,98817,Mont-Dore,MONTDORE,0012,758,400,358,389,1,10,1,LDVC,JULIÉ,Nina,F,Nina JULIÉ,Générations Mont-Dore,75,9.89,19.28,,Groupe scolaire Saint-Michel 1,GROUPE SCOLAIRE SAINT MICHEL,0.824,Groupe scolaire de Saint-Joseph de Cluny,367 RUE CHARLES FRANCOIS BEAUTEMPS BEAUPRE,ENSEIGNEMENT ET FORMATION,Enseignement du premier degré,Groupe scolaire,166.499920849353,-22.2240498676639,etablissements_publics_nc,24,1704,La Conception
municipales_2020,1,,,988,98817,Mont-Dore,MONTDORE,0012,758,400,358,389,1,10,2,LLR,LECOURIEUX,Eddie,M,Eddie LECOURIEUX,VIVRE AU MONT-DORE,144,19,37.02,,Groupe scolaire Saint-Michel 1,GROUPE SCOLAIRE SAINT MICHEL,0.824,Groupe scolaire de Saint-Joseph de Cluny,367 RUE CHARLES FRANCOIS BEAUTEMPS BEAUPRE,ENSEIGNEMENT ET FORMATION,Enseignement du premier degré,Groupe scolaire,166.499920849353,-22.2240498676639,etablissements_publics_nc,24,1704,La Conception
municipales_2020,1,,,988,98817,Mont-Dore,MONTDORE,0012,758,400,358,389,1,10,3,LREG,PIDJOT,Romuald,M,Romuald PIDJOT,LE MONT DORE NOTRE VILLE VERS UNE NATION ARC EN CIEL,87,11.48,22.37,,Groupe scolaire Saint-Michel 1,GROUPE SCOLAIRE SAINT MICHEL,0.824,Groupe scolaire de Saint-Joseph de Cluny,367 RUE CHARLES FRANCOIS BEAUTEMPS BEAUPRE,ENSEIGNEMENT ET FORMATION,Enseignement du premier degré,Groupe scolaire,166.499920849353,-22.2240498676639,etablissements_publics_nc,24,1704,La Conception
municipales_2020,1,,,988,98817,Mont-Dore,MONTDORE,0012,758,400,358,389,1,10,4,LDIV,SAO,Petelo Maximino,M,Petelo Maximino SAO,TOUS POUR NOTRE MONT-DORE,56,7.39,14.4,,Groupe scolaire Saint-Michel 1,GROUPE SCOLAIRE SAINT MICHEL,0.824,Groupe scolaire de Saint-Joseph de Cluny,367 RUE CHARLES FRANCOIS BEAUTEMPS BEAUPRE,ENSEIGNEMENT ET FORMATION,Enseignement du premier degré,Groupe scolaire,166.499920849353,-22.2240498676639,etablissements_publics_nc,24,1704,La Conception
municipales_2020,1,,,988,98817,Mont-Dore,MONTDORE,0012,758,400,358,389,1,10,5,LDVC,LAUBREAUX,Patrick,M,Patrick LAUBREAUX,LE MONT DORE SOLIDAIRE,27,3.56,6.94,,Groupe scolaire Saint-Michel 1,GROUPE SCOLAIRE SAINT MICHEL,0.824,Groupe scolaire de Saint-Joseph de Cluny,367 RUE CHARLES FRANCOIS BEAUTEMPS BEAUPRE,ENSEIGNEMENT ET FORMATION,Enseignement du premier degré,Groupe scolaire,166.499920849353,-22.2240498676639,etablissements_publics_nc,24,1704,La Conception
municipales_2020,1,,,988,98817,Mont-Dore,MONTDORE,0013,550,235,315,230,5,0,1,LDVC,JULIÉ,Nina,F,Nina JULIÉ,Générations Mont-Dore,52,9.45,22.61,,École maternelle Les Fougères,ECOLE MATERNELLE FOUGERES,0.69,Ecole primaire de l'Ile-Ouen,,ENSEIGNEMENT ET FORMATION,Enseignement du premier degré,Ecole primaire,166.841440737558,-22.4256696418669,etablissements_publics_nc,35,1715,Mouirange - Grand Sud - Ile Ouen
municipales_2020,1,,,988,98817,Mont-Dore,MONTDORE,0013,550,235,315,230,5,0,2,LLR,LECOURIEUX,Eddie,M,Eddie LECOURIEUX,VIVRE AU MONT-DORE,85,15.45,36.96,,École maternelle Les Fougères,ECOLE MATERNELLE FOUGERES,0.69,Ecole primaire de l'Ile-Ouen,,ENSEIGNEMENT ET FORMATION,Enseignement du premier degré,Ecole primaire,166.841440737558,-22.4256696418669,etablissements_publics_nc,35,1715,Mouirange - Grand Sud - Ile Ouen
municipales_2020,1,,,988,98817,Mont-Dore,MONTDORE,0013,550,235,315,230,5,0,3,LREG,PIDJOT,Romuald,M,Romuald PIDJOT,LE MONT DORE NOTRE VILLE VERS UNE NATION ARC EN CIEL,40,7.27,17.39,,École maternelle Les Fougères,ECOLE MATERNELLE FOUGERES,0.69,Ecole primaire de l'Ile-Ouen,,ENSEIGNEMENT ET FORMATION,Enseignement du premier degré,Ecole primaire,166.841440737558,-22.4256696418669,etablissements_publics_nc,35,1715,Mouirange - Grand Sud - Ile Ouen
municipales_2020,1,,,988,98817,Mont-Dore,MONTDORE,0013,550,235,315,230,5,0,4,LDIV,SAO,Petelo Maximino,M,Petelo Maximino SAO,TOUS POUR NOTRE MONT-DORE,39,7.09,16.96,,École maternelle Les Fougères,ECOLE MATERNELLE FOUGERES,0.69,Ecole primaire de l'Ile-Ouen,,ENSEIGNEMENT ET FORMATION,Enseignement du premier degré,Ecole primaire,166.841440737558,-22.4256696418669,etablissements_publics_nc,35,1715,Mouirange - Grand Sud - Ile Ouen
municipales_2020,1,,,988,98817,Mont-Dore,MONTDORE,0013,550,235,315,230,5,0,5,LDVC,LAUBREAUX,Patrick,M,Patrick LAUBREAUX,LE MONT DORE SOLIDAIRE,14,2.55,6.09,,École maternelle Les Fougères,ECOLE MATERNELLE FOUGERES,0.69,Ecole primaire de l'Ile-Ouen,,ENSEIGNEMENT ET FORMATION,Enseignement du premier degré,Ecole primaire,166.841440737558,-22.4256696418669,etablissements_publics_nc,35,1715,Mouirange - Grand Sud - Ile Ouen
municipales_2020,1,,,988,98817,Mont-Dore,MONTDORE,0014,1016,565,451,549,11,5,1,LDVC,JULIÉ,Nina,F,Nina JULIÉ,Générations Mont-Dore,181,17.81,32.97,,École maternelle Les Dauphins,ECOLE MATERNELLE DAUPHINS,0.741,Ecole maternelle les Dauphins,1724 LA CORNICHE DU MONT DORE,ENSEIGNEMENT ET FORMATION,Enseignement du premier degré,Ecole pré-élémentaire,166.57252708408,-22.2768294716869,etablissements_publics_nc,32,1712,Vallon Dore
municipales_2020,1,,,988,98817,Mont-Dore,MONTDORE,0014,1016,565,451,549,11,5,2,LLR,LECOURIEUX,Eddie,M,Eddie LECOURIEUX,VIVRE AU MONT-DORE,255,25.1,46.45,,École maternelle Les Dauphins,ECOLE MATERNELLE DAUPHINS,0.741,Ecole maternelle les Dauphins,1724 LA CORNICHE DU MONT DORE,ENSEIGNEMENT ET FORMATION,Enseignement du premier degré,Ecole pré-élémentaire,166.57252708408,-22.2768294716869,etablissements_publics_nc,32,1712,Vallon Dore
municipales_2020,1,,,988,98817,Mont-Dore,MONTDORE,0014,1016,565,451,549,11,5,3,LREG,PIDJOT,Romuald,M,Romuald PIDJOT,LE MONT DORE NOTRE VILLE VERS UNE NATION ARC EN CIEL,51,5.02,9.29,,École maternelle Les Dauphins,ECOLE MATERNELLE DAUPHINS,0.741,Ecole maternelle les Dauphins,1724 LA CORNICHE DU MONT DORE,ENSEIGNEMENT ET FORMATION,Enseignement du premier degré,Ecole pré-élémentaire,166.57252708408,-22.2768294716869,etablissements_publics_nc,32,1712,Vallon Dore
municipales_2020,1,,,988,98817,Mont-Dore,MONTDORE,0014,1016,565,451,549,11,5,4,LDIV,SAO,Petelo Maximino,M,Petelo Maximino SAO,TOUS POUR NOTRE MONT-DORE,12,1.18,2.19,,École maternelle Les Dauphins,ECOLE MATERNELLE DAUPHINS,0.741,Ecole maternelle les Dauphins,1724 LA CORNICHE DU MONT DORE,ENSEIGNEMENT ET FORMATION,Enseignement du premier degré,Ecole pré-élémentaire,166.57252708408,-22.2768294716869,etablissements_publics_nc,32,1712,Vallon Dore
municipales_2020,1,,,988,98817,Mont-Dore,MONTDORE,0014,1016,565,451,549,11,5,5,LDVC,LAUBREAUX,Patrick,M,Patrick LAUBREAUX,LE MONT DORE SOLIDAIRE,50,4.92,9.11,,École maternelle Les Dauphins,ECOLE MATERNELLE DAUPHINS,0.741,Ecole maternelle les Dauphins,1724 LA CORNICHE DU MONT DORE,ENSEIGNEMENT ET FORMATION,Enseignement du premier degré,Ecole pré-élémentaire,166.57252708408,-22.2768294716869,etablissements_publics_nc,32,1712,Vallon Dore
municipales_2020,1,,,988,98817,Mont-Dore,MONTDORE,0015,1197,604,593,584,10,10,1,LDVC,JULIÉ,Nina,F,Nina JULIÉ,Générations Mont-Dore,135,11.28,23.12,,École maternelle Les Coccinelles,ECOLE MATERNELLE COCCINELLES,0.771,Ecole maternelle Les Coccinelles,2299 ROUTE DU VALLON DORE,ENSEIGNEMENT ET FORMATION,Enseignement du premier degré,Ecole pré-élémentaire,166.56758162382,-22.2502864537601,etablissements_publics_nc,31,1711,La Coulée Sud
municipales_2020,1,,,988,98817,Mont-Dore,MONTDORE,0015,1197,604,593,584,10,10,2,LLR,LECOURIEUX,Eddie,M,Eddie LECOURIEUX,VIVRE AU MONT-DORE,196,16.37,33.56,,École maternelle Les Coccinelles,ECOLE MATERNELLE COCCINELLES,0.771,Ecole maternelle Les Coccinelles,2299 ROUTE DU VALLON DORE,ENSEIGNEMENT ET FORMATION,Enseignement du premier degré,Ecole pré-élémentaire,166.56758162382,-22.2502864537601,etablissements_publics_nc,31,1711,La Coulée Sud
municipales_2020,1,,,988,98817,Mont-Dore,MONTDORE,0015,1197,604,593,584,10,10,3,LREG,PIDJOT,Romuald,M,Romuald PIDJOT,LE MONT DORE NOTRE VILLE VERS UNE NATION ARC EN CIEL,109,9.11,18.66,,École maternelle Les Coccinelles,ECOLE MATERNELLE COCCINELLES,0.771,Ecole maternelle Les Coccinelles,2299 ROUTE DU VALLON DORE,ENSEIGNEMENT ET FORMATION,Enseignement du premier degré,Ecole pré-élémentaire,166.56758162382,-22.2502864537601,etablissements_publics_nc,31,1711,La Coulée Sud
municipales_2020,1,,,988,98817,Mont-Dore,MONTDORE,0015,1197,604,593,584,10,10,4,LDIV,SAO,Petelo Maximino,M,Petelo Maximino SAO,TOUS POUR NOTRE MONT-DORE,83,6.93,14.21,,École maternelle Les Coccinelles,ECOLE MATERNELLE COCCINELLES,0.771,Ecole maternelle Les Coccinelles,2299 ROUTE DU VALLON DORE,ENSEIGNEMENT ET FORMATION,Enseignement du premier degré,Ecole pré-élémentaire,166.56758162382,-22.2502864537601,etablissements_publics_nc,31,1711,La Coulée Sud
municipales_2020,1,,,988,98817,Mont-Dore,MONTDORE,0015,1197,604,593,584,10,10,5,LDVC,LAUBREAUX,Patrick,M,Patrick LAUBREAUX,LE MONT DORE SOLIDAIRE,61,5.1,10.45,,École maternelle Les Coccinelles,ECOLE MATERNELLE COCCINELLES,0.771,Ecole maternelle Les Coccinelles,2299 ROUTE DU VALLON DORE,ENSEIGNEMENT ET FORMATION,Enseignement du premier degré,Ecole pré-élémentaire,166.56758162382,-22.2502864537601,etablissements_publics_nc,31,1711,La Coulée Sud
municipales_2020,1,,,988,98817,Mont-Dore,MONTDORE,0016,1120,628,492,620,2,6,1,LDVC,JULIÉ,Nina,F,Nina JULIÉ,Générations Mont-Dore,69,6.16,11.13,,École Saint-Joseph de CLUNY,ECOLE SAINT JOSEPH CLUNY,0.83,Communauté Saint Joseph de CLUNY,483 RUE CHARLES FRANCOIS BEAUTEMPS BEAUPRE,CULTE,Culte,Chapelle paroisse et centre religieux,166.499920601202,-22.2239776205159,etablissements_publics_nc,24,1704,La Conception
municipales_2020,1,,,988,98817,Mont-Dore,MONTDORE,0016,1120,628,492,620,2,6,2,LLR,LECOURIEUX,Eddie,M,Eddie LECOURIEUX,VIVRE AU MONT-DORE,180,16.07,29.03,,École Saint-Joseph de CLUNY,ECOLE SAINT JOSEPH CLUNY,0.83,Communauté Saint Joseph de CLUNY,483 RUE CHARLES FRANCOIS BEAUTEMPS BEAUPRE,CULTE,Culte,Chapelle paroisse et centre religieux,166.499920601202,-22.2239776205159,etablissements_publics_nc,24,1704,La Conception
municipales_2020,1,,,988,98817,Mont-Dore,MONTDORE,0016,1120,628,492,620,2,6,3,LREG,PIDJOT,Romuald,M,Romuald PIDJOT,LE MONT DORE NOTRE VILLE VERS UNE NATION ARC EN CIEL,204,18.21,32.9,,École Saint-Joseph de CLUNY,ECOLE SAINT JOSEPH CLUNY,0.83,Communauté Saint Joseph de CLUNY,483 RUE CHARLES FRANCOIS BEAUTEMPS BEAUPRE,CULTE,Culte,Chapelle paroisse et centre religieux,166.499920601202,-22.2239776205159,etablissements_publics_nc,24,1704,La Conception
municipales_2020,1,,,988,98817,Mont-Dore,MONTDORE,0016,1120,628,492,620,2,6,4,LDIV,SAO,Petelo Maximino,M,Petelo Maximino SAO,TOUS POUR NOTRE MONT-DORE,130,11.61,20.97,,École Saint-Joseph de CLUNY,ECOLE SAINT JOSEPH CLUNY,0.83,Communauté Saint Joseph de CLUNY,483 RUE CHARLES FRANCOIS BEAUTEMPS BEAUPRE,CULTE,Culte,Chapelle paroisse et centre religieux,166.499920601202,-22.2239776205159,etablissements_publics_nc,24,1704,La Conception
municipales_2020,1,,,988,98817,Mont-Dore,MONTDORE,0016,1120,628,492,620,2,6,5,LDVC,LAUBREAUX,Patrick,M,Patrick LAUBREAUX,LE MONT DORE SOLIDAIRE,37,3.3,5.97,,École Saint-Joseph de CLUNY,ECOLE SAINT JOSEPH CLUNY,0.83,Communauté Saint Joseph de CLUNY,483 RUE CHARLES FRANCOIS BEAUTEMPS BEAUPRE,CULTE,Culte,Chapelle paroisse et centre religieux,166.499920601202,-22.2239776205159,etablissements_publics_nc,24,1704,La Conception
municipales_2020,1,,,988,98817,Mont-Dore,MONTDORE,0017,942,514,428,507,4,3,1,LDVC,JULIÉ,Nina,F,Nina JULIÉ,Générations Mont-Dore,74,7.86,14.6,,École primaire Louis Henri GALINIE 2,ECOLE PRIMAIRE LOUIS HENRI GALINIE,0.923,Ecole primaire Louis Henri Galinié,1133 RUE DES TROIS BANIANS,ENSEIGNEMENT ET FORMATION,Enseignement du premier degré,Ecole élémentaire,166.512755378687,-22.2163077194956,etablissements_publics_nc,25,1705,Robinson Nord
municipales_2020,1,,,988,98817,Mont-Dore,MONTDORE,0017,942,514,428,507,4,3,2,LLR,LECOURIEUX,Eddie,M,Eddie LECOURIEUX,VIVRE AU MONT-DORE,246,26.11,48.52,,École primaire Louis Henri GALINIE 2,ECOLE PRIMAIRE LOUIS HENRI GALINIE,0.923,Ecole primaire Louis Henri Galinié,1133 RUE DES TROIS BANIANS,ENSEIGNEMENT ET FORMATION,Enseignement du premier degré,Ecole élémentaire,166.512755378687,-22.2163077194956,etablissements_publics_nc,25,1705,Robinson Nord
municipales_2020,1,,,988,98817,Mont-Dore,MONTDORE,0017,942,514,428,507,4,3,3,LREG,PIDJOT,Romuald,M,Romuald PIDJOT,LE MONT DORE NOTRE VILLE VERS UNE NATION ARC EN CIEL,32,3.4,6.31,,École primaire Louis Henri GALINIE 2,ECOLE PRIMAIRE LOUIS HENRI GALINIE,0.923,Ecole primaire Louis Henri Galinié,1133 RUE DES TROIS BANIANS,ENSEIGNEMENT ET FORMATION,Enseignement du premier degré,Ecole élémentaire,166.512755378687,-22.2163077194956,etablissements_publics_nc,25,1705,Robinson Nord
municipales_2020,1,,,988,98817,Mont-Dore,MONTDORE,0017,942,514,428,507,4,3,4,LDIV,SAO,Petelo Maximino,M,Petelo Maximino SAO,TOUS POUR NOTRE MONT-DORE,104,11.04,20.51,,École primaire Louis Henri GALINIE 2,ECOLE PRIMAIRE LOUIS HENRI GALINIE,0.923,Ecole primaire Louis Henri Galinié,1133 RUE DES TROIS BANIANS,ENSEIGNEMENT ET FORMATION,Enseignement du premier degré,Ecole élémentaire,166.512755378687,-22.2163077194956,etablissements_publics_nc,25,1705,Robinson Nord
municipales_2020,1,,,988,98817,Mont-Dore,MONTDORE,0017,942,514,428,507,4,3,5,LDVC,LAUBREAUX,Patrick,M,Patrick LAUBREAUX,LE MONT DORE SOLIDAIRE,51,5.41,10.06,,École primaire Louis Henri GALINIE 2,ECOLE PRIMAIRE LOUIS HENRI GALINIE,0.923,Ecole primaire Louis Henri Galinié,1133 RUE DES TROIS BANIANS,ENSEIGNEMENT ET FORMATION,Enseignement du premier degré,Ecole élémentaire,166.512755378687,-22.2163077194956,etablissements_publics_nc,25,1705,Robinson Nord
municipales_2020,1,,,988,98817,Mont-Dore,MONTDORE,0018,1072,520,552,513,5,2,1,LDVC,JULIÉ,Nina,F,Nina JULIÉ,Générations Mont-Dore,115,10.73,22.42,,Groupe scolaire de Boulari 3,GROUPE SCOLAIRE BOULARI,1,Groupe scolaire de Boulari,154 RUE ANTOINE GRISCELLI,ENSEIGNEMENT ET FORMATION,Enseignement du premier degré,Groupe scolaire,166.520855451452,-22.2274992832452,etablissements_publics_nc,27,1707,Boulari
municipales_2020,1,,,988,98817,Mont-Dore,MONTDORE,0018,1072,520,552,513,5,2,2,LLR,LECOURIEUX,Eddie,M,Eddie LECOURIEUX,VIVRE AU MONT-DORE,254,23.69,49.51,,Groupe scolaire de Boulari 3,GROUPE SCOLAIRE BOULARI,1,Groupe scolaire de Boulari,154 RUE ANTOINE GRISCELLI,ENSEIGNEMENT ET FORMATION,Enseignement du premier degré,Groupe scolaire,166.520855451452,-22.2274992832452,etablissements_publics_nc,27,1707,Boulari
municipales_2020,1,,,988,98817,Mont-Dore,MONTDORE,0018,1072,520,552,513,5,2,3,LREG,PIDJOT,Romuald,M,Romuald PIDJOT,LE MONT DORE NOTRE VILLE VERS UNE NATION ARC EN CIEL,45,4.2,8.77,,Groupe scolaire de Boulari 3,GROUPE SCOLAIRE BOULARI,1,Groupe scolaire de Boulari,154 RUE ANTOINE GRISCELLI,ENSEIGNEMENT ET FORMATION,Enseignement du premier degré,Groupe scolaire,166.520855451452,-22.2274992832452,etablissements_publics_nc,27,1707,Boulari
municipales_2020,1,,,988,98817,Mont-Dore,MONTDORE,0018,1072,520,552,513,5,2,4,LDIV,SAO,Petelo Maximino,M,Petelo Maximino SAO,TOUS POUR NOTRE MONT-DORE,49,4.57,9.55,,Groupe scolaire de Boulari 3,GROUPE SCOLAIRE BOULARI,1,Groupe scolaire de Boulari,154 RUE ANTOINE GRISCELLI,ENSEIGNEMENT ET FORMATION,Enseignement du premier degré,Groupe scolaire,166.520855451452,-22.2274992832452,etablissements_publics_nc,27,1707,Boulari
municipales_2020,1,,,988,98817,Mont-Dore,MONTDORE,0018,1072,520,552,513,5,2,5,LDVC,LAUBREAUX,Patrick,M,Patrick LAUBREAUX,LE MONT DORE SOLIDAIRE,50,4.66,9.75,,Groupe scolaire de Boulari 3,GROUPE SCOLAIRE BOULARI,1,Groupe scolaire de Boulari,154 RUE ANTOINE GRISCELLI,ENSEIGNEMENT ET FORMATION,Enseignement du premier degré,Groupe scolaire,166.520855451452,-22.2274992832452,etablissements_publics_nc,27,1707,Boulari
municipales_2020,1,,,988,98817,Mont-Dore,MONTDORE,0019,707,394,313,384,6,4,1,LDVC,JULIÉ,Nina,F,Nina JULIÉ,Générations Mont-Dore,115,16.27,29.95,,Groupe scolaire de Saint-Michel 2,GROUPE SCOLAIRE SAINT MICHEL,0.824,Groupe scolaire de Saint-Joseph de Cluny,367 RUE CHARLES FRANCOIS BEAUTEMPS BEAUPRE,ENSEIGNEMENT ET FORMATION,Enseignement du premier degré,Groupe scolaire,166.499920849353,-22.2240498676639,etablissements_publics_nc,24,1704,La Conception
municipales_2020,1,,,988,98817,Mont-Dore,MONTDORE,0019,707,394,313,384,6,4,2,LLR,LECOURIEUX,Eddie,M,Eddie LECOURIEUX,VIVRE AU MONT-DORE,167,23.62,43.49,,Groupe scolaire de Saint-Michel 2,GROUPE SCOLAIRE SAINT MICHEL,0.824,Groupe scolaire de Saint-Joseph de Cluny,367 RUE CHARLES FRANCOIS BEAUTEMPS BEAUPRE,ENSEIGNEMENT ET FORMATION,Enseignement du premier degré,Groupe scolaire,166.499920849353,-22.2240498676639,etablissements_publics_nc,24,1704,La Conception
municipales_2020,1,,,988,98817,Mont-Dore,MONTDORE,0019,707,394,313,384,6,4,3,LREG,PIDJOT,Romuald,M,Romuald PIDJOT,LE MONT DORE NOTRE VILLE VERS UNE NATION ARC EN CIEL,18,2.55,4.69,,Groupe scolaire de Saint-Michel 2,GROUPE SCOLAIRE SAINT MICHEL,0.824,Groupe scolaire de Saint-Joseph de Cluny,367 RUE CHARLES FRANCOIS BEAUTEMPS BEAUPRE,ENSEIGNEMENT ET FORMATION,Enseignement du premier degré,Groupe scolaire,166.499920849353,-22.2240498676639,etablissements_publics_nc,24,1704,La Conception
municipales_2020,1,,,988,98817,Mont-Dore,MONTDORE,0019,707,394,313,384,6,4,4,LDIV,SAO,Petelo Maximino,M,Petelo Maximino SAO,TOUS POUR NOTRE MONT-DORE,64,9.05,16.67,,Groupe scolaire de Saint-Michel 2,GROUPE SCOLAIRE SAINT MICHEL,0.824,Groupe scolaire de Saint-Joseph de Cluny,367 RUE CHARLES FRANCOIS BEAUTEMPS BEAUPRE,ENSEIGNEMENT ET FORMATION,Enseignement du premier degré,Groupe scolaire,166.499920849353,-22.2240498676639,etablissements_publics_nc,24,1704,La Conception
municipales_2020,1,,,988,98817,Mont-Dore,MONTDORE,0019,707,394,313,384,6,4,5,LDVC,LAUBREAUX,Patrick,M,Patrick LAUBREAUX,LE MONT DORE SOLIDAIRE,20,2.83,5.21,,Groupe scolaire de Saint-Michel 2,GROUPE SCOLAIRE SAINT MICHEL,0.824,Groupe scolaire de Saint-Joseph de Cluny,367 RUE CHARLES FRANCOIS BEAUTEMPS BEAUPRE,ENSEIGNEMENT ET FORMATION,Enseignement du premier degré,Groupe scolaire,166.499920849353,-22.2240498676639,etablissements_publics_nc,24,1704,La Conception
municipales_2020,1,,,988,98817,Mont-Dore,MONTDORE,0020,799,343,456,332,7,4,1,LDVC,JULIÉ,Nina,F,Nina JULIÉ,Générations Mont-Dore,82,10.26,24.7,,Groupe scolaire de Plum,GROUPE SCOLAIRE PLUM,0.86,Groupe scolaire de Yahoué,264 RUE DES OPUI,ENSEIGNEMENT ET FORMATION,Enseignement du premier degré,Groupe scolaire,166.489906860567,-22.2084828348965,etablissements_publics_nc,22,1702,Yahoué Sud
municipales_2020,1,,,988,98817,Mont-Dore,MONTDORE,0020,799,343,456,332,7,4,2,LLR,LECOURIEUX,Eddie,M,Eddie LECOURIEUX,VIVRE AU MONT-DORE,158,19.77,47.59,,Groupe scolaire de Plum,GROUPE SCOLAIRE PLUM,0.86,Groupe scolaire de Yahoué,264 RUE DES OPUI,ENSEIGNEMENT ET FORMATION,Enseignement du premier degré,Groupe scolaire,166.489906860567,-22.2084828348965,etablissements_publics_nc,22,1702,Yahoué Sud
municipales_2020,1,,,988,98817,Mont-Dore,MONTDORE,0020,799,343,456,332,7,4,3,LREG,PIDJOT,Romuald,M,Romuald PIDJOT,LE MONT DORE NOTRE VILLE VERS UNE NATION ARC EN CIEL,38,4.76,11.45,,Groupe scolaire de Plum,GROUPE SCOLAIRE PLUM,0.86,Groupe scolaire de Yahoué,264 RUE DES OPUI,ENSEIGNEMENT ET FORMATION,Enseignement du premier degré,Groupe scolaire,166.489906860567,-22.2084828348965,etablissements_publics_nc,22,1702,Yahoué Sud
municipales_2020,1,,,988,98817,Mont-Dore,MONTDORE,0020,799,343,456,332,7,4,4,LDIV,SAO,Petelo Maximino,M,Petelo Maximino SAO,TOUS POUR NOTRE MONT-DORE,17,2.13,5.12,,Groupe scolaire de Plum,GROUPE SCOLAIRE PLUM,0.86,Groupe scolaire de Yahoué,264 RUE DES OPUI,ENSEIGNEMENT ET FORMATION,Enseignement du premier degré,Groupe scolaire,166.489906860567,-22.2084828348965,etablissements_publics_nc,22,1702,Yahoué Sud
municipales_2020,1,,,988,98817,Mont-Dore,MONTDORE,0020,799,343,456,332,7,4,5,LDVC,LAUBREAUX,Patrick,M,Patrick LAUBREAUX,LE MONT DORE SOLIDAIRE,37,4.63,11.14,,Groupe scolaire de Plum,GROUPE SCOLAIRE PLUM,0.86,Groupe scolaire de Yahoué,264 RUE DES OPUI,ENSEIGNEMENT ET FORMATION,Enseignement du premier degré,Groupe scolaire,166.489906860567,-22.2084828348965,etablissements_publics_nc,22,1702,Yahoué Sud
municipales_2020,1,,,988,98817,Mont-Dore,MONTDORE,0021,711,305,406,296,7,2,1,LDVC,JULIÉ,Nina,F,Nina JULIÉ,Générations Mont-Dore,65,9.14,21.96,,École La Rizière 3,ECOLE RIZIERE,0.734,Ecole primaire La Rizière,89 RUE DU VIEUX PONT,ENSEIGNEMENT ET FORMATION,Enseignement du premier degré,Ecole élémentaire,166.573975497183,-22.2332233282141,etablissements_publics_nc,30,1710,La Coulée Nord
municipales_2020,1,,,988,98817,Mont-Dore,MONTDORE,0021,711,305,406,296,7,2,2,LLR,LECOURIEUX,Eddie,M,Eddie LECOURIEUX,VIVRE AU MONT-DORE,116,16.32,39.19,,École La Rizière 3,ECOLE RIZIERE,0.734,Ecole primaire La Rizière,89 RUE DU VIEUX PONT,ENSEIGNEMENT ET FORMATION,Enseignement du premier degré,Ecole élémentaire,166.573975497183,-22.2332233282141,etablissements_publics_nc,30,1710,La Coulée Nord
municipales_2020,1,,,988,98817,Mont-Dore,MONTDORE,0021,711,305,406,296,7,2,3,LREG,PIDJOT,Romuald,M,Romuald PIDJOT,LE MONT DORE NOTRE VILLE VERS UNE NATION ARC EN CIEL,56,7.88,18.92,,École La Rizière 3,ECOLE RIZIERE,0.734,Ecole primaire La Rizière,89 RUE DU VIEUX PONT,ENSEIGNEMENT ET FORMATION,Enseignement du premier degré,Ecole élémentaire,166.573975497183,-22.2332233282141,etablissements_publics_nc,30,1710,La Coulée Nord
municipales_2020,1,,,988,98817,Mont-Dore,MONTDORE,0021,711,305,406,296,7,2,4,LDIV,SAO,Petelo Maximino,M,Petelo Maximino SAO,TOUS POUR NOTRE MONT-DORE,13,1.83,4.39,,École La Rizière 3,ECOLE RIZIERE,0.734,Ecole primaire La Rizière,89 RUE DU VIEUX PONT,ENSEIGNEMENT ET FORMATION,Enseignement du premier degré,Ecole élémentaire,166.573975497183,-22.2332233282141,etablissements_publics_nc,30,1710,La Coulée Nord
municipales_2020,1,,,988,98817,Mont-Dore,MONTDORE,0021,711,305,406,296,7,2,5,LDVC,LAUBREAUX,Patrick,M,Patrick LAUBREAUX,LE MONT DORE SOLIDAIRE,46,6.47,15.54,,École La Rizière 3,ECOLE RIZIERE,0.734,Ecole primaire La Rizière,89 RUE DU VIEUX PONT,ENSEIGNEMENT ET FORMATION,Enseignement du premier degré,Ecole élémentaire,166.573975497183,-22.2332233282141,etablissements_publics_nc,30,1710,La Coulée Nord
municipales_2020,1,,,988,98817,Mont-Dore,MONTDORE,0022,833,396,437,381,9,6,1,LDVC,JULIÉ,Nina,F,Nina JULIÉ,Générations Mont-Dore,121,14.53,31.76,,École de la Briqueterie 1,ECOLE BRIQUETERIE,0.756,Groupe scolaire La Briquetterie,297 RUE DES ROSEAUX,ENSEIGNEMENT ET FORMATION,Enseignement du premier degré,Groupe scolaire,166.566445622614,-22.2625090934915,etablissements_publics_nc,32,1712,Vallon Dore
municipales_2020,1,,,988,98817,Mont-Dore,MONTDORE,0022,833,396,437,381,9,6,2,LLR,LECOURIEUX,Eddie,M,Eddie LECOURIEUX,VIVRE AU MONT-DORE,122,14.65,32.02,,École de la Briqueterie 1,ECOLE BRIQUETERIE,0.756,Groupe scolaire La Briquetterie,297 RUE DES ROSEAUX,ENSEIGNEMENT ET FORMATION,Enseignement du premier degré,Groupe scolaire,166.566445622614,-22.2625090934915,etablissements_publics_nc,32,1712,Vallon Dore
municipales_2020,1,,,988,98817,Mont-Dore,MONTDORE,0022,833,396,437,381,9,6,3,LREG,PIDJOT,Romuald,M,Romuald PIDJOT,LE MONT DORE NOTRE VILLE VERS UNE NATION ARC EN CIEL,63,7.56,16.54,,École de la Briqueterie 1,ECOLE BRIQUETERIE,0.756,Groupe scolaire La Briquetterie,297 RUE DES ROSEAUX,ENSEIGNEMENT ET FORMATION,Enseignement du premier degré,Groupe scolaire,166.566445622614,-22.2625090934915,etablissements_publics_nc,32,1712,Vallon Dore
municipales_2020,1,,,988,98817,Mont-Dore,MONTDORE,0022,833,396,437,381,9,6,4,LDIV,SAO,Petelo Maximino,M,Petelo Maximino SAO,TOUS POUR NOTRE MONT-DORE,41,4.92,10.76,,École de la Briqueterie 1,ECOLE BRIQUETERIE,0.756,Groupe scolaire La Briquetterie,297 RUE DES ROSEAUX,ENSEIGNEMENT ET FORMATION,Enseignement du premier degré,Groupe scolaire,166.566445622614,-22.2625090934915,etablissements_publics_nc,32,1712,Vallon Dore
municipales_2020,1,,,988,98817,Mont-Dore,MONTDORE,0022,833,396,437,381,9,6,5,LDVC,LAUBREAUX,Patrick,M,Patrick LAUBREAUX,LE MONT DORE SOLIDAIRE,34,4.08,8.92,,École de la Briqueterie 1,ECOLE BRIQUETERIE,0.756,Groupe scolaire La Briquetterie,297 RUE DES ROSEAUX,ENSEIGNEMENT ET FORMATION,Enseignement du premier degré,Groupe scolaire,166.566445622614,-22.2625090934915,etablissements_publics_nc,32,1712,Vallon Dore
municipales_2020,1,,,988,98817,Mont-Dore,MONTDORE,0023,814,412,402,404,5,3,1,LDVC,JULIÉ,Nina,F,Nina JULIÉ,Générations Mont-Dore,118,14.5,29.21,,École de la Briqueterie 2,ECOLE BRIQUETERIE,0.756,Groupe scolaire La Briquetterie,297 RUE DES ROSEAUX,ENSEIGNEMENT ET FORMATION,Enseignement du premier degré,Groupe scolaire,166.566445622614,-22.2625090934915,etablissements_publics_nc,32,1712,Vallon Dore
municipales_2020,1,,,988,98817,Mont-Dore,MONTDORE,0023,814,412,402,404,5,3,2,LLR,LECOURIEUX,Eddie,M,Eddie LECOURIEUX,VIVRE AU MONT-DORE,193,23.71,47.77,,École de la Briqueterie 2,ECOLE BRIQUETERIE,0.756,Groupe scolaire La Briquetterie,297 RUE DES ROSEAUX,ENSEIGNEMENT ET FORMATION,Enseignement du premier degré,Groupe scolaire,166.566445622614,-22.2625090934915,etablissements_publics_nc,32,1712,Vallon Dore
municipales_2020,1,,,988,98817,Mont-Dore,MONTDORE,0023,814,412,402,404,5,3,3,LREG,PIDJOT,Romuald,M,Romuald PIDJOT,LE MONT DORE NOTRE VILLE VERS UNE NATION ARC EN CIEL,37,4.55,9.16,,École de la Briqueterie 2,ECOLE BRIQUETERIE,0.756,Groupe scolaire La Briquetterie,297 RUE DES ROSEAUX,ENSEIGNEMENT ET FORMATION,Enseignement du premier degré,Groupe scolaire,166.566445622614,-22.2625090934915,etablissements_publics_nc,32,1712,Vallon Dore
municipales_2020,1,,,988,98817,Mont-Dore,MONTDORE,0023,814,412,402,404,5,3,4,LDIV,SAO,Petelo Maximino,M,Petelo Maximino SAO,TOUS POUR NOTRE MONT-DORE,27,3.32,6.68,,École de la Briqueterie 2,ECOLE BRIQUETERIE,0.756,Groupe scolaire La Briquetterie,297 RUE DES ROSEAUX,ENSEIGNEMENT ET FORMATION,Enseignement du premier degré,Groupe scolaire,166.566445622614,-22.2625090934915,etablissements_publics_nc,32,1712,Vallon Dore
municipales_2020,1,,,988,98817,Mont-Dore,MONTDORE,0023,814,412,402,404,5,3,5,LDVC,LAUBREAUX,Patrick,M,Patrick LAUBREAUX,LE MONT DORE SOLIDAIRE,29,3.56,7.18,,École de la Briqueterie 2,ECOLE BRIQUETERIE,0.756,Groupe scolaire La Briquetterie,297 RUE DES ROSEAUX,ENSEIGNEMENT ET FORMATION,Enseignement du premier degré,Groupe scolaire,166.566445622614,-22.2625090934915,etablissements_publics_nc,32,1712,Vallon Dore
municipales_2020,1,,,988,98817,Mont-Dore,MONTDORE,0024,703,299,404,290,5,4,1,LDVC,JULIÉ,Nina,F,Nina JULIÉ,Générations Mont-Dore,80,11.38,27.59,,Mairie 2,MAIRIE,0.98,Mairie du Mont-Dore,4468 AVENUE DES DEUX BAIES,ADMINISTRATION ET ORGANISME,Administrations des collectivités,Administration de la commune de Mont-Dore,166.523259425452,-22.2297495527098,etablissements_publics_nc,27,1707,Boulari
municipales_2020,1,,,988,98817,Mont-Dore,MONTDORE,0024,703,299,404,290,5,4,2,LLR,LECOURIEUX,Eddie,M,Eddie LECOURIEUX,VIVRE AU MONT-DORE,159,22.62,54.83,,Mairie 2,MAIRIE,0.98,Mairie du Mont-Dore,4468 AVENUE DES DEUX BAIES,ADMINISTRATION ET ORGANISME,Administrations des collectivités,Administration de la commune de Mont-Dore,166.523259425452,-22.2297495527098,etablissements_publics_nc,27,1707,Boulari
municipales_2020,1,,,988,98817,Mont-Dore,MONTDORE,0024,703,299,404,290,5,4,3,LREG,PIDJOT,Romuald,M,Romuald PIDJOT,LE MONT DORE NOTRE VILLE VERS UNE NATION ARC EN CIEL,19,2.7,6.55,,Mairie 2,MAIRIE,0.98,Mairie du Mont-Dore,4468 AVENUE DES DEUX BAIES,ADMINISTRATION ET ORGANISME,Administrations des collectivités,Administration de la commune de Mont-Dore,166.523259425452,-22.2297495527098,etablissements_publics_nc,27,1707,Boulari
municipales_2020,1,,,988,98817,Mont-Dore,MONTDORE,0024,703,299,404,290,5,4,4,LDIV,SAO,Petelo Maximino,M,Petelo Maximino SAO,TOUS POUR NOTRE MONT-DORE,22,3.13,7.59,,Mairie 2,MAIRIE,0.98,Mairie du Mont-Dore,4468 AVENUE DES DEUX BAIES,ADMINISTRATION ET ORGANISME,Administrations des collectivités,Administration de la commune de Mont-Dore,166.523259425452,-22.2297495527098,etablissements_publics_nc,27,1707,Boulari
municipales_2020,1,,,988,98817,Mont-Dore,MONTDORE,0024,703,299,404,290,5,4,5,LDVC,LAUBREAUX,Patrick,M,Patrick LAUBREAUX,LE MONT DORE SOLIDAIRE,10,1.42,3.45,,Mairie 2,MAIRIE,0.98,Mairie du Mont-Dore,4468 AVENUE DES DEUX BAIES,ADMINISTRATION ET ORGANISME,Administrations des collectivités,Administration de la commune de Mont-Dore,166.523259425452,-22.2297495527098,etablissements_publics_nc,27,1707,Boulari
municipales_2020,1,,,988,98817,Mont-Dore,MONTDORE,0025,861,425,436,412,7,6,1,LDVC,JULIÉ,Nina,F,Nina JULIÉ,Générations Mont-Dore,81,9.41,19.66,,Groupe scolaire de Yahoué,GROUPE SCOLAIRE YAHOUE,1,Groupe scolaire de Yahoué,264 RUE DES OPUI,ENSEIGNEMENT ET FORMATION,Enseignement du premier degré,Groupe scolaire,166.489906860567,-22.2084828348965,etablissements_publics_nc,22,1702,Yahoué Sud
municipales_2020,1,,,988,98817,Mont-Dore,MONTDORE,0025,861,425,436,412,7,6,2,LLR,LECOURIEUX,Eddie,M,Eddie LECOURIEUX,VIVRE AU MONT-DORE,176,20.44,42.72,,Groupe scolaire de Yahoué,GROUPE SCOLAIRE YAHOUE,1,Groupe scolaire de Yahoué,264 RUE DES OPUI,ENSEIGNEMENT ET FORMATION,Enseignement du premier degré,Groupe scolaire,166.489906860567,-22.2084828348965,etablissements_publics_nc,22,1702,Yahoué Sud
municipales_2020,1,,,988,98817,Mont-Dore,MONTDORE,0025,861,425,436,412,7,6,3,LREG,PIDJOT,Romuald,M,Romuald PIDJOT,LE MONT DORE NOTRE VILLE VERS UNE NATION ARC EN CIEL,55,6.39,13.35,,Groupe scolaire de Yahoué,GROUPE SCOLAIRE YAHOUE,1,Groupe scolaire de Yahoué,264 RUE DES OPUI,ENSEIGNEMENT ET FORMATION,Enseignement du premier degré,Groupe scolaire,166.489906860567,-22.2084828348965,etablissements_publics_nc,22,1702,Yahoué Sud
municipales_2020,1,,,988,98817,Mont-Dore,MONTDORE,0025,861,425,436,412,7,6,4,LDIV,SAO,Petelo Maximino,M,Petelo Maximino SAO,TOUS POUR NOTRE MONT-DORE,70,8.13,16.99,,Groupe scolaire de Yahoué,GROUPE SCOLAIRE YAHOUE,1,Groupe scolaire de Yahoué,264 RUE DES OPUI,ENSEIGNEMENT ET FORMATION,Enseignement du premier degré,Groupe scolaire,166.489906860567,-22.2084828348965,etablissements_publics_nc,22,1702,Yahoué Sud
municipales_2020,1,,,988,98817,Mont-Dore,MONTDORE,0025,861,425,436,412,7,6,5,LDVC,LAUBREAUX,Patrick,M,Patrick LAUBREAUX,LE MONT DORE SOLIDAIRE,30,3.48,7.28,,Groupe scolaire de Yahoué,GROUPE SCOLAIRE YAHOUE,1,Groupe scolaire de Yahoué,264 RUE DES OPUI,ENSEIGNEMENT ET FORMATION,Enseignement du premier degré,Groupe scolaire,166.489906860567,-22.2084828348965,etablissements_publics_nc,22,1702,Yahoué Sud
municipales_2020,1,,,988,98818,Nouméa,NOUMEA,0001,1040,325,715,316,4,5,1,LDIV,FALAEO,Veylma,F,Veylma FALAEO,"NOUMEA, C'EST VOUS !",27,2.6,8.54,,Mairie 1,MAIRIE,0.93,Hôtel de Ville de Nouméa,16 RUE DU GENERAL MANGIN,ADMINISTRATION ET ORGANISME,Administrations des collectivités,Administration de la commune de Nouméa,166.439401925184,-22.2714056104229,etablissements_publics_nc,58,1822,Centre ville
municipales_2020,1,,,988,98818,Nouméa,NOUMEA,0001,1040,325,715,316,4,5,2,LDVC,BERART,Emmanuel,M,Emmanuel BERART,"Générations Nouméa, un nouvel horizon",20,1.92,6.33,,Mairie 1,MAIRIE,0.93,Hôtel de Ville de Nouméa,16 RUE DU GENERAL MANGIN,ADMINISTRATION ET ORGANISME,Administrations des collectivités,Administration de la commune de Nouméa,166.439401925184,-22.2714056104229,etablissements_publics_nc,58,1822,Centre ville
municipales_2020,1,,,988,98818,Nouméa,NOUMEA,0001,1040,325,715,316,4,5,3,LREG,BOANEMOA,Joseph,M,Joseph BOANEMOA,UNITE PAYS,15,1.44,4.75,,Mairie 1,MAIRIE,0.93,Hôtel de Ville de Nouméa,16 RUE DU GENERAL MANGIN,ADMINISTRATION ET ORGANISME,Administrations des collectivités,Administration de la commune de Nouméa,166.439401925184,-22.2714056104229,etablissements_publics_nc,58,1822,Centre ville
municipales_2020,1,,,988,98818,Nouméa,NOUMEA,0001,1040,325,715,316,4,5,4,LDVC,MANUOHALALO,Magali,F,Magali MANUOHALALO,"NOUMEA AUTREMENT, UNE VILLE POUR TOUS LES NOUMEENS",40,3.85,12.66,,Mairie 1,MAIRIE,0.93,Hôtel de Ville de Nouméa,16 RUE DU GENERAL MANGIN,ADMINISTRATION ET ORGANISME,Administrations des collectivités,Administration de la commune de Nouméa,166.439401925184,-22.2714056104229,etablissements_publics_nc,58,1822,Centre ville
municipales_2020,1,,,988,98818,Nouméa,NOUMEA,0001,1040,325,715,316,4,5,5,LDVD,LAGARDE,Sonia,F,Sonia LAGARDE,"AVEC VOUS, POUR NOUMEA",202,19.42,63.92,,Mairie 1,MAIRIE,0.93,Hôtel de Ville de Nouméa,16 RUE DU GENERAL MANGIN,ADMINISTRATION ET ORGANISME,Administrations des collectivités,Administration de la commune de Nouméa,166.439401925184,-22.2714056104229,etablissements_publics_nc,58,1822,Centre ville
municipales_2020,1,,,988,98818,Nouméa,NOUMEA,0001,1040,325,715,316,4,5,6,LDVC,LINOSSIER,Cherifa,F,Cherifa LINOSSIER,"NOS QUARTIERS, NOTRE VILLE",7,0.67,2.22,,Mairie 1,MAIRIE,0.93,Hôtel de Ville de Nouméa,16 RUE DU GENERAL MANGIN,ADMINISTRATION ET ORGANISME,Administrations des collectivités,Administration de la commune de Nouméa,166.439401925184,-22.2714056104229,etablissements_publics_nc,58,1822,Centre ville
municipales_2020,1,,,988,98818,Nouméa,NOUMEA,0001,1040,325,715,316,4,5,7,LDIV,RAILATI,Bilo,M,Bilo RAILATI,NÂ BWAU,5,0.48,1.58,,Mairie 1,MAIRIE,0.93,Hôtel de Ville de Nouméa,16 RUE DU GENERAL MANGIN,ADMINISTRATION ET ORGANISME,Administrations des collectivités,Administration de la commune de Nouméa,166.439401925184,-22.2714056104229,etablissements_publics_nc,58,1822,Centre ville
municipales_2020,1,,,988,98818,Nouméa,NOUMEA,0002,1516,433,1083,421,8,4,1,LDIV,FALAEO,Veylma,F,Veylma FALAEO,"NOUMEA, C'EST VOUS !",35,2.31,8.31,,Mairie 2,MAIRIE,0.93,Hôtel de Ville de Nouméa,16 RUE DU GENERAL MANGIN,ADMINISTRATION ET ORGANISME,Administrations des collectivités,Administration de la commune de Nouméa,166.439401925184,-22.2714056104229,etablissements_publics_nc,58,1822,Centre ville
municipales_2020,1,,,988,98818,Nouméa,NOUMEA,0002,1516,433,1083,421,8,4,2,LDVC,BERART,Emmanuel,M,Emmanuel BERART,"Générations Nouméa, un nouvel horizon",18,1.19,4.28,,Mairie 2,MAIRIE,0.93,Hôtel de Ville de Nouméa,16 RUE DU GENERAL MANGIN,ADMINISTRATION ET ORGANISME,Administrations des collectivités,Administration de la commune de Nouméa,166.439401925184,-22.2714056104229,etablissements_publics_nc,58,1822,Centre ville
municipales_2020,1,,,988,98818,Nouméa,NOUMEA,0002,1516,433,1083,421,8,4,3,LREG,BOANEMOA,Joseph,M,Joseph BOANEMOA,UNITE PAYS,69,4.55,16.39,,Mairie 2,MAIRIE,0.93,Hôtel de Ville de Nouméa,16 RUE DU GENERAL MANGIN,ADMINISTRATION ET ORGANISME,Administrations des collectivités,Administration de la commune de Nouméa,166.439401925184,-22.2714056104229,etablissements_publics_nc,58,1822,Centre ville
municipales_2020,1,,,988,98818,Nouméa,NOUMEA,0002,1516,433,1083,421,8,4,4,LDVC,MANUOHALALO,Magali,F,Magali MANUOHALALO,"NOUMEA AUTREMENT, UNE VILLE POUR TOUS LES NOUMEENS",40,2.64,9.5,,Mairie 2,MAIRIE,0.93,Hôtel de Ville de Nouméa,16 RUE DU GENERAL MANGIN,ADMINISTRATION ET ORGANISME,Administrations des collectivités,Administration de la commune de Nouméa,166.439401925184,-22.2714056104229,etablissements_publics_nc,58,1822,Centre ville
municipales_2020,1,,,988,98818,Nouméa,NOUMEA,0002,1516,433,1083,421,8,4,5,LDVD,LAGARDE,Sonia,F,Sonia LAGARDE,"AVEC VOUS, POUR NOUMEA",229,15.11,54.39,,Mairie 2,MAIRIE,0.93,Hôtel de Ville de Nouméa,16 RUE DU GENERAL MANGIN,ADMINISTRATION ET ORGANISME,Administrations des collectivités,Administration de la commune de Nouméa,166.439401925184,-22.2714056104229,etablissements_publics_nc,58,1822,Centre ville
municipales_2020,1,,,988,98818,Nouméa,NOUMEA,0002,1516,433,1083,421,8,4,6,LDVC,LINOSSIER,Cherifa,F,Cherifa LINOSSIER,"NOS QUARTIERS, NOTRE VILLE",21,1.39,4.99,,Mairie 2,MAIRIE,0.93,Hôtel de Ville de Nouméa,16 RUE DU GENERAL MANGIN,ADMINISTRATION ET ORGANISME,Administrations des collectivités,Administration de la commune de Nouméa,166.439401925184,-22.2714056104229,etablissements_publics_nc,58,1822,Centre ville
municipales_2020,1,,,988,98818,Nouméa,NOUMEA,0002,1516,433,1083,421,8,4,7,LDIV,RAILATI,Bilo,M,Bilo RAILATI,NÂ BWAU,9,0.59,2.14,,Mairie 2,MAIRIE,0.93,Hôtel de Ville de Nouméa,16 RUE DU GENERAL MANGIN,ADMINISTRATION ET ORGANISME,Administrations des collectivités,Administration de la commune de Nouméa,166.439401925184,-22.2714056104229,etablissements_publics_nc,58,1822,Centre ville
municipales_2020,1,,,988,98818,Nouméa,NOUMEA,0003,1261,518,743,510,7,1,1,LDIV,FALAEO,Veylma,F,Veylma FALAEO,"NOUMEA, C'EST VOUS !",20,1.59,3.92,,École Frédéric SURLEAU,ECOLE FREDERIC SURLEAU,0.836,Ecole Frédéric SURLEAU,5 RUE FREDERIC SURLEAU,ENSEIGNEMENT ET FORMATION,Enseignement du premier degré,Ecole élémentaire,166.446180272936,-22.2732842135737,etablissements_publics_nc,58,1822,Centre ville
municipales_2020,1,,,988,98818,Nouméa,NOUMEA,0003,1261,518,743,510,7,1,2,LDVC,BERART,Emmanuel,M,Emmanuel BERART,"Générations Nouméa, un nouvel horizon",45,3.57,8.82,,École Frédéric SURLEAU,ECOLE FREDERIC SURLEAU,0.836,Ecole Frédéric SURLEAU,5 RUE FREDERIC SURLEAU,ENSEIGNEMENT ET FORMATION,Enseignement du premier degré,Ecole élémentaire,166.446180272936,-22.2732842135737,etablissements_publics_nc,58,1822,Centre ville
municipales_2020,1,,,988,98818,Nouméa,NOUMEA,0003,1261,518,743,510,7,1,3,LREG,BOANEMOA,Joseph,M,Joseph BOANEMOA,UNITE PAYS,27,2.14,5.29,,École Frédéric SURLEAU,ECOLE FREDERIC SURLEAU,0.836,Ecole Frédéric SURLEAU,5 RUE FREDERIC SURLEAU,ENSEIGNEMENT ET FORMATION,Enseignement du premier degré,Ecole élémentaire,166.446180272936,-22.2732842135737,etablissements_publics_nc,58,1822,Centre ville
municipales_2020,1,,,988,98818,Nouméa,NOUMEA,0003,1261,518,743,510,7,1,4,LDVC,MANUOHALALO,Magali,F,Magali MANUOHALALO,"NOUMEA AUTREMENT, UNE VILLE POUR TOUS LES NOUMEENS",37,2.93,7.25,,École Frédéric SURLEAU,ECOLE FREDERIC SURLEAU,0.836,Ecole Frédéric SURLEAU,5 RUE FREDERIC SURLEAU,ENSEIGNEMENT ET FORMATION,Enseignement du premier degré,Ecole élémentaire,166.446180272936,-22.2732842135737,etablissements_publics_nc,58,1822,Centre ville
municipales_2020,1,,,988,98818,Nouméa,NOUMEA,0003,1261,518,743,510,7,1,5,LDVD,LAGARDE,Sonia,F,Sonia LAGARDE,"AVEC VOUS, POUR NOUMEA",344,27.28,67.45,,École Frédéric SURLEAU,ECOLE FREDERIC SURLEAU,0.836,Ecole Frédéric SURLEAU,5 RUE FREDERIC SURLEAU,ENSEIGNEMENT ET FORMATION,Enseignement du premier degré,Ecole élémentaire,166.446180272936,-22.2732842135737,etablissements_publics_nc,58,1822,Centre ville
municipales_2020,1,,,988,98818,Nouméa,NOUMEA,0003,1261,518,743,510,7,1,6,LDVC,LINOSSIER,Cherifa,F,Cherifa LINOSSIER,"NOS QUARTIERS, NOTRE VILLE",33,2.62,6.47,,École Frédéric SURLEAU,ECOLE FREDERIC SURLEAU,0.836,Ecole Frédéric SURLEAU,5 RUE FREDERIC SURLEAU,ENSEIGNEMENT ET FORMATION,Enseignement du premier degré,Ecole élémentaire,166.446180272936,-22.2732842135737,etablissements_publics_nc,58,1822,Centre ville
municipales_2020,1,,,988,98818,Nouméa,NOUMEA,0003,1261,518,743,510,7,1,7,LDIV,RAILATI,Bilo,M,Bilo RAILATI,NÂ BWAU,4,0.32,0.78,,École Frédéric SURLEAU,ECOLE FREDERIC SURLEAU,0.836,Ecole Frédéric SURLEAU,5 RUE FREDERIC SURLEAU,ENSEIGNEMENT ET FORMATION,Enseignement du premier degré,Ecole élémentaire,166.446180272936,-22.2732842135737,etablissements_publics_nc,58,1822,Centre ville
municipales_2020,1,,,988,98818,Nouméa,NOUMEA,0004,1161,514,647,509,2,3,1,LDIV,FALAEO,Veylma,F,Veylma FALAEO,"NOUMEA, C'EST VOUS !",2,0.17,0.39,,École Marguerite LEFRANCOIS,ECOLE MARGUERITE LEFRANCOIS,0.821,Ecole Marguerite LEFRANCOIS,8 RUE FRANCOIS ECORCHON,ENSEIGNEMENT ET FORMATION,Enseignement du premier degré,Ecole pré-élémentaire,166.446044574066,-22.2859909097298,etablissements_publics_nc,45,1809,Orphelinat
municipales_2020,1,,,988,98818,Nouméa,NOUMEA,0004,1161,514,647,509,2,3,2,LDVC,BERART,Emmanuel,M,Emmanuel BERART,"Générations Nouméa, un nouvel horizon",54,4.65,10.61,,École Marguerite LEFRANCOIS,ECOLE MARGUERITE LEFRANCOIS,0.821,Ecole Marguerite LEFRANCOIS,8 RUE FRANCOIS ECORCHON,ENSEIGNEMENT ET FORMATION,Enseignement du premier degré,Ecole pré-élémentaire,166.446044574066,-22.2859909097298,etablissements_publics_nc,45,1809,Orphelinat
municipales_2020,1,,,988,98818,Nouméa,NOUMEA,0004,1161,514,647,509,2,3,3,LREG,BOANEMOA,Joseph,M,Joseph BOANEMOA,UNITE PAYS,4,0.34,0.79,,École Marguerite LEFRANCOIS,ECOLE MARGUERITE LEFRANCOIS,0.821,Ecole Marguerite LEFRANCOIS,8 RUE FRANCOIS ECORCHON,ENSEIGNEMENT ET FORMATION,Enseignement du premier degré,Ecole pré-élémentaire,166.446044574066,-22.2859909097298,etablissements_publics_nc,45,1809,Orphelinat
municipales_2020,1,,,988,98818,Nouméa,NOUMEA,0004,1161,514,647,509,2,3,4,LDVC,MANUOHALALO,Magali,F,Magali MANUOHALALO,"NOUMEA AUTREMENT, UNE VILLE POUR TOUS LES NOUMEENS",46,3.96,9.04,,École Marguerite LEFRANCOIS,ECOLE MARGUERITE LEFRANCOIS,0.821,Ecole Marguerite LEFRANCOIS,8 RUE FRANCOIS ECORCHON,ENSEIGNEMENT ET FORMATION,Enseignement du premier degré,Ecole pré-élémentaire,166.446044574066,-22.2859909097298,etablissements_publics_nc,45,1809,Orphelinat
municipales_2020,1,,,988,98818,Nouméa,NOUMEA,0004,1161,514,647,509,2,3,5,LDVD,LAGARDE,Sonia,F,Sonia LAGARDE,"AVEC VOUS, POUR NOUMEA",380,32.73,74.66,,École Marguerite LEFRANCOIS,ECOLE MARGUERITE LEFRANCOIS,0.821,Ecole Marguerite LEFRANCOIS,8 RUE FRANCOIS ECORCHON,ENSEIGNEMENT ET FORMATION,Enseignement du premier degré,Ecole pré-élémentaire,166.446044574066,-22.2859909097298,etablissements_publics_nc,45,1809,Orphelinat
municipales_2020,1,,,988,98818,Nouméa,NOUMEA,0004,1161,514,647,509,2,3,6,LDVC,LINOSSIER,Cherifa,F,Cherifa LINOSSIER,"NOS QUARTIERS, NOTRE VILLE",22,1.89,4.32,,École Marguerite LEFRANCOIS,ECOLE MARGUERITE LEFRANCOIS,0.821,Ecole Marguerite LEFRANCOIS,8 RUE FRANCOIS ECORCHON,ENSEIGNEMENT ET FORMATION,Enseignement du premier degré,Ecole pré-élémentaire,166.446044574066,-22.2859909097298,etablissements_publics_nc,45,1809,Orphelinat
municipales_2020,1,,,988,98818,Nouméa,NOUMEA,0004,1161,514,647,509,2,3,7,LDIV,RAILATI,Bilo,M,Bilo RAILATI,NÂ BWAU,1,0.09,0.2,,École Marguerite LEFRANCOIS,ECOLE MARGUERITE LEFRANCOIS,0.821,Ecole Marguerite LEFRANCOIS,8 RUE FRANCOIS ECORCHON,ENSEIGNEMENT ET FORMATION,Enseignement du premier degré,Ecole pré-élémentaire,166.446044574066,-22.2859909097298,etablissements_publics_nc,45,1809,Orphelinat
municipales_2020,1,,,988,98818,Nouméa,NOUMEA,0005,1059,548,511,536,9,3,1,LDIV,FALAEO,Veylma,F,Veylma FALAEO,"NOUMEA, C'EST VOUS !",4,0.38,0.75,,École Yvonne DUPONT 1,ECOLE YVONNE DUPONT,0.98,Parc école Yvonne DUPONT,2 RUE MARCELLIN LACABANNE,PARC ESPACE PUBLIC ET LOISIR,Parcs et espaces verts,Parc,166.442173657352,-22.2926748814035,etablissements_publics_nc,42,1806,Motor Pool - Receiving
municipales_2020,1,,,988,98818,Nouméa,NOUMEA,0005,1059,548,511,536,9,3,2,LDVC,BERART,Emmanuel,M,Emmanuel BERART,"Générations Nouméa, un nouvel horizon",61,5.76,11.38,,École Yvonne DUPONT 1,ECOLE YVONNE DUPONT,0.98,Parc école Yvonne DUPONT,2 RUE MARCELLIN LACABANNE,PARC ESPACE PUBLIC ET LOISIR,Parcs et espaces verts,Parc,166.442173657352,-22.2926748814035,etablissements_publics_nc,42,1806,Motor Pool - Receiving
municipales_2020,1,,,988,98818,Nouméa,NOUMEA,0005,1059,548,511,536,9,3,3,LREG,BOANEMOA,Joseph,M,Joseph BOANEMOA,UNITE PAYS,7,0.66,1.31,,École Yvonne DUPONT 1,ECOLE YVONNE DUPONT,0.98,Parc école Yvonne DUPONT,2 RUE MARCELLIN LACABANNE,PARC ESPACE PUBLIC ET LOISIR,Parcs et espaces verts,Parc,166.442173657352,-22.2926748814035,etablissements_publics_nc,42,1806,Motor Pool - Receiving
municipales_2020,1,,,988,98818,Nouméa,NOUMEA,0005,1059,548,511,536,9,3,4,LDVC,MANUOHALALO,Magali,F,Magali MANUOHALALO,"NOUMEA AUTREMENT, UNE VILLE POUR TOUS LES NOUMEENS",33,3.12,6.16,,École Yvonne DUPONT 1,ECOLE YVONNE DUPONT,0.98,Parc école Yvonne DUPONT,2 RUE MARCELLIN LACABANNE,PARC ESPACE PUBLIC ET LOISIR,Parcs et espaces verts,Parc,166.442173657352,-22.2926748814035,etablissements_publics_nc,42,1806,Motor Pool - Receiving
municipales_2020,1,,,988,98818,Nouméa,NOUMEA,0005,1059,548,511,536,9,3,5,LDVD,LAGARDE,Sonia,F,Sonia LAGARDE,"AVEC VOUS, POUR NOUMEA",399,37.68,74.44,,École Yvonne DUPONT 1,ECOLE YVONNE DUPONT,0.98,Parc école Yvonne DUPONT,2 RUE MARCELLIN LACABANNE,PARC ESPACE PUBLIC ET LOISIR,Parcs et espaces verts,Parc,166.442173657352,-22.2926748814035,etablissements_publics_nc,42,1806,Motor Pool - Receiving
municipales_2020,1,,,988,98818,Nouméa,NOUMEA,0005,1059,548,511,536,9,3,6,LDVC,LINOSSIER,Cherifa,F,Cherifa LINOSSIER,"NOS QUARTIERS, NOTRE VILLE",31,2.93,5.78,,École Yvonne DUPONT 1,ECOLE YVONNE DUPONT,0.98,Parc école Yvonne DUPONT,2 RUE MARCELLIN LACABANNE,PARC ESPACE PUBLIC ET LOISIR,Parcs et espaces verts,Parc,166.442173657352,-22.2926748814035,etablissements_publics_nc,42,1806,Motor Pool - Receiving
municipales_2020,1,,,988,98818,Nouméa,NOUMEA,0005,1059,548,511,536,9,3,7,LDIV,RAILATI,Bilo,M,Bilo RAILATI,NÂ BWAU,1,0.09,0.19,,École Yvonne DUPONT 1,ECOLE YVONNE DUPONT,0.98,Parc école Yvonne DUPONT,2 RUE MARCELLIN LACABANNE,PARC ESPACE PUBLIC ET LOISIR,Parcs et espaces verts,Parc,166.442173657352,-22.2926748814035,etablissements_publics_nc,42,1806,Motor Pool - Receiving
municipales_2020,1,,,988,98818,Nouméa,NOUMEA,0006,1311,590,721,577,12,1,1,LDIV,FALAEO,Veylma,F,Veylma FALAEO,"NOUMEA, C'EST VOUS !",16,1.22,2.77,,École Eloi FRANC 1,ECOLE ELOI FRANC,0.83,Ecole Eloi FRANC,10 RUE PIERRE SAUVAN,ENSEIGNEMENT ET FORMATION,Enseignement du premier degré,Ecole primaire,166.447826467842,-22.2974281428095,etablissements_publics_nc,39,1803,Anse Vata Est
municipales_2020,1,,,988,98818,Nouméa,NOUMEA,0006,1311,590,721,577,12,1,2,LDVC,BERART,Emmanuel,M,Emmanuel BERART,"Générations Nouméa, un nouvel horizon",33,2.52,5.72,,École Eloi FRANC 1,ECOLE ELOI FRANC,0.83,Ecole Eloi FRANC,10 RUE PIERRE SAUVAN,ENSEIGNEMENT ET FORMATION,Enseignement du premier degré,Ecole primaire,166.447826467842,-22.2974281428095,etablissements_publics_nc,39,1803,Anse Vata Est
municipales_2020,1,,,988,98818,Nouméa,NOUMEA,0006,1311,590,721,577,12,1,3,LREG,BOANEMOA,Joseph,M,Joseph BOANEMOA,UNITE PAYS,15,1.14,2.6,,École Eloi FRANC 1,ECOLE ELOI FRANC,0.83,Ecole Eloi FRANC,10 RUE PIERRE SAUVAN,ENSEIGNEMENT ET FORMATION,Enseignement du premier degré,Ecole primaire,166.447826467842,-22.2974281428095,etablissements_publics_nc,39,1803,Anse Vata Est
municipales_2020,1,,,988,98818,Nouméa,NOUMEA,0006,1311,590,721,577,12,1,4,LDVC,MANUOHALALO,Magali,F,Magali MANUOHALALO,"NOUMEA AUTREMENT, UNE VILLE POUR TOUS LES NOUMEENS",53,4.04,9.19,,École Eloi FRANC 1,ECOLE ELOI FRANC,0.83,Ecole Eloi FRANC,10 RUE PIERRE SAUVAN,ENSEIGNEMENT ET FORMATION,Enseignement du premier degré,Ecole primaire,166.447826467842,-22.2974281428095,etablissements_publics_nc,39,1803,Anse Vata Est
municipales_2020,1,,,988,98818,Nouméa,NOUMEA,0006,1311,590,721,577,12,1,5,LDVD,LAGARDE,Sonia,F,Sonia LAGARDE,"AVEC VOUS, POUR NOUMEA",431,32.88,74.7,,École Eloi FRANC 1,ECOLE ELOI FRANC,0.83,Ecole Eloi FRANC,10 RUE PIERRE SAUVAN,ENSEIGNEMENT ET FORMATION,Enseignement du premier degré,Ecole primaire,166.447826467842,-22.2974281428095,etablissements_publics_nc,39,1803,Anse Vata Est
municipales_2020,1,,,988,98818,Nouméa,NOUMEA,0006,1311,590,721,577,12,1,6,LDVC,LINOSSIER,Cherifa,F,Cherifa LINOSSIER,"NOS QUARTIERS, NOTRE VILLE",18,1.37,3.12,,École Eloi FRANC 1,ECOLE ELOI FRANC,0.83,Ecole Eloi FRANC,10 RUE PIERRE SAUVAN,ENSEIGNEMENT ET FORMATION,Enseignement du premier degré,Ecole primaire,166.447826467842,-22.2974281428095,etablissements_publics_nc,39,1803,Anse Vata Est
municipales_2020,1,,,988,98818,Nouméa,NOUMEA,0006,1311,590,721,577,12,1,7,LDIV,RAILATI,Bilo,M,Bilo RAILATI,NÂ BWAU,11,0.84,1.91,,École Eloi FRANC 1,ECOLE ELOI FRANC,0.83,Ecole Eloi FRANC,10 RUE PIERRE SAUVAN,ENSEIGNEMENT ET FORMATION,Enseignement du premier degré,Ecole primaire,166.447826467842,-22.2974281428095,etablissements_publics_nc,39,1803,Anse Vata Est
municipales_2020,1,,,988,98818,Nouméa,NOUMEA,0007,1061,521,540,511,8,2,1,LDIV,FALAEO,Veylma,F,Veylma FALAEO,"NOUMEA, C'EST VOUS !",10,0.94,1.96,,École Eloi FRANC 2,ECOLE ELOI FRANC,0.83,Ecole Eloi FRANC,10 RUE PIERRE SAUVAN,ENSEIGNEMENT ET FORMATION,Enseignement du premier degré,Ecole primaire,166.447826467842,-22.2974281428095,etablissements_publics_nc,39,1803,Anse Vata Est
municipales_2020,1,,,988,98818,Nouméa,NOUMEA,0007,1061,521,540,511,8,2,2,LDVC,BERART,Emmanuel,M,Emmanuel BERART,"Générations Nouméa, un nouvel horizon",38,3.58,7.44,,École Eloi FRANC 2,ECOLE ELOI FRANC,0.83,Ecole Eloi FRANC,10 RUE PIERRE SAUVAN,ENSEIGNEMENT ET FORMATION,Enseignement du premier degré,Ecole primaire,166.447826467842,-22.2974281428095,etablissements_publics_nc,39,1803,Anse Vata Est
municipales_2020,1,,,988,98818,Nouméa,NOUMEA,0007,1061,521,540,511,8,2,3,LREG,BOANEMOA,Joseph,M,Joseph BOANEMOA,UNITE PAYS,9,0.85,1.76,,École Eloi FRANC 2,ECOLE ELOI FRANC,0.83,Ecole Eloi FRANC,10 RUE PIERRE SAUVAN,ENSEIGNEMENT ET FORMATION,Enseignement du premier degré,Ecole primaire,166.447826467842,-22.2974281428095,etablissements_publics_nc,39,1803,Anse Vata Est
municipales_2020,1,,,988,98818,Nouméa,NOUMEA,0007,1061,521,540,511,8,2,4,LDVC,MANUOHALALO,Magali,F,Magali MANUOHALALO,"NOUMEA AUTREMENT, UNE VILLE POUR TOUS LES NOUMEENS",26,2.45,5.09,,École Eloi FRANC 2,ECOLE ELOI FRANC,0.83,Ecole Eloi FRANC,10 RUE PIERRE SAUVAN,ENSEIGNEMENT ET FORMATION,Enseignement du premier degré,Ecole primaire,166.447826467842,-22.2974281428095,etablissements_publics_nc,39,1803,Anse Vata Est
municipales_2020,1,,,988,98818,Nouméa,NOUMEA,0007,1061,521,540,511,8,2,5,LDVD,LAGARDE,Sonia,F,Sonia LAGARDE,"AVEC VOUS, POUR NOUMEA",398,37.51,77.89,,École Eloi FRANC 2,ECOLE ELOI FRANC,0.83,Ecole Eloi FRANC,10 RUE PIERRE SAUVAN,ENSEIGNEMENT ET FORMATION,Enseignement du premier degré,Ecole primaire,166.447826467842,-22.2974281428095,etablissements_publics_nc,39,1803,Anse Vata Est
municipales_2020,1,,,988,98818,Nouméa,NOUMEA,0007,1061,521,540,511,8,2,6,LDVC,LINOSSIER,Cherifa,F,Cherifa LINOSSIER,"NOS QUARTIERS, NOTRE VILLE",28,2.64,5.48,,École Eloi FRANC 2,ECOLE ELOI FRANC,0.83,Ecole Eloi FRANC,10 RUE PIERRE SAUVAN,ENSEIGNEMENT ET FORMATION,Enseignement du premier degré,Ecole primaire,166.447826467842,-22.2974281428095,etablissements_publics_nc,39,1803,Anse Vata Est
municipales_2020,1,,,988,98818,Nouméa,NOUMEA,0007,1061,521,540,511,8,2,7,LDIV,RAILATI,Bilo,M,Bilo RAILATI,NÂ BWAU,2,0.19,0.39,,École Eloi FRANC 2,ECOLE ELOI FRANC,0.83,Ecole Eloi FRANC,10 RUE PIERRE SAUVAN,ENSEIGNEMENT ET FORMATION,Enseignement du premier degré,Ecole primaire,166.447826467842,-22.2974281428095,etablissements_publics_nc,39,1803,Anse Vata Est
municipales_2020,1,,,988,98818,Nouméa,NOUMEA,0008,1102,494,608,480,13,1,1,LDIV,FALAEO,Veylma,F,Veylma FALAEO,"NOUMEA, C'EST VOUS !",5,0.45,1.04,,École Fernande LERICHE 1,ECOLE FERNANDE LERICHE,0.836,Ecole Fernande LERICHE,13 RUE PIERRE SAUVAN,ENSEIGNEMENT ET FORMATION,Enseignement du premier degré,Ecole élémentaire,166.448431376266,-22.2984740950672,etablissements_publics_nc,39,1803,Anse Vata Est
municipales_2020,1,,,988,98818,Nouméa,NOUMEA,0008,1102,494,608,480,13,1,2,LDVC,BERART,Emmanuel,M,Emmanuel BERART,"Générations Nouméa, un nouvel horizon",33,2.99,6.88,,École Fernande LERICHE 1,ECOLE FERNANDE LERICHE,0.836,Ecole Fernande LERICHE,13 RUE PIERRE SAUVAN,ENSEIGNEMENT ET FORMATION,Enseignement du premier degré,Ecole élémentaire,166.448431376266,-22.2984740950672,etablissements_publics_nc,39,1803,Anse Vata Est
municipales_2020,1,,,988,98818,Nouméa,NOUMEA,0008,1102,494,608,480,13,1,3,LREG,BOANEMOA,Joseph,M,Joseph BOANEMOA,UNITE PAYS,5,0.45,1.04,,École Fernande LERICHE 1,ECOLE FERNANDE LERICHE,0.836,Ecole Fernande LERICHE,13 RUE PIERRE SAUVAN,ENSEIGNEMENT ET FORMATION,Enseignement du premier degré,Ecole élémentaire,166.448431376266,-22.2984740950672,etablissements_publics_nc,39,1803,Anse Vata Est
municipales_2020,1,,,988,98818,Nouméa,NOUMEA,0008,1102,494,608,480,13,1,4,LDVC,MANUOHALALO,Magali,F,Magali MANUOHALALO,"NOUMEA AUTREMENT, UNE VILLE POUR TOUS LES NOUMEENS",34,3.09,7.08,,École Fernande LERICHE 1,ECOLE FERNANDE LERICHE,0.836,Ecole Fernande LERICHE,13 RUE PIERRE SAUVAN,ENSEIGNEMENT ET FORMATION,Enseignement du premier degré,Ecole élémentaire,166.448431376266,-22.2984740950672,etablissements_publics_nc,39,1803,Anse Vata Est
municipales_2020,1,,,988,98818,Nouméa,NOUMEA,0008,1102,494,608,480,13,1,5,LDVD,LAGARDE,Sonia,F,Sonia LAGARDE,"AVEC VOUS, POUR NOUMEA",377,34.21,78.54,,École Fernande LERICHE 1,ECOLE FERNANDE LERICHE,0.836,Ecole Fernande LERICHE,13 RUE PIERRE SAUVAN,ENSEIGNEMENT ET FORMATION,Enseignement du premier degré,Ecole élémentaire,166.448431376266,-22.2984740950672,etablissements_publics_nc,39,1803,Anse Vata Est
municipales_2020,1,,,988,98818,Nouméa,NOUMEA,0008,1102,494,608,480,13,1,6,LDVC,LINOSSIER,Cherifa,F,Cherifa LINOSSIER,"NOS QUARTIERS, NOTRE VILLE",24,2.18,5,,École Fernande LERICHE 1,ECOLE FERNANDE LERICHE,0.836,Ecole Fernande LERICHE,13 RUE PIERRE SAUVAN,ENSEIGNEMENT ET FORMATION,Enseignement du premier degré,Ecole élémentaire,166.448431376266,-22.2984740950672,etablissements_publics_nc,39,1803,Anse Vata Est
municipales_2020,1,,,988,98818,Nouméa,NOUMEA,0008,1102,494,608,480,13,1,7,LDIV,RAILATI,Bilo,M,Bilo RAILATI,NÂ BWAU,2,0.18,0.42,,École Fernande LERICHE 1,ECOLE FERNANDE LERICHE,0.836,Ecole Fernande LERICHE,13 RUE PIERRE SAUVAN,ENSEIGNEMENT ET FORMATION,Enseignement du premier degré,Ecole élémentaire,166.448431376266,-22.2984740950672,etablissements_publics_nc,39,1803,Anse Vata Est
municipales_2020,1,,,988,98818,Nouméa,NOUMEA,0009,1148,533,615,524,7,2,1,LDIV,FALAEO,Veylma,F,Veylma FALAEO,"NOUMEA, C'EST VOUS !",8,0.7,1.53,,École Fernande LERICHE 2,ECOLE FERNANDE LERICHE,0.836,Ecole Fernande LERICHE,13 RUE PIERRE SAUVAN,ENSEIGNEMENT ET FORMATION,Enseignement du premier degré,Ecole élémentaire,166.448431376266,-22.2984740950672,etablissements_publics_nc,39,1803,Anse Vata Est
municipales_2020,1,,,988,98818,Nouméa,NOUMEA,0009,1148,533,615,524,7,2,2,LDVC,BERART,Emmanuel,M,Emmanuel BERART,"Générations Nouméa, un nouvel horizon",60,5.23,11.45,,École Fernande LERICHE 2,ECOLE FERNANDE LERICHE,0.836,Ecole Fernande LERICHE,13 RUE PIERRE SAUVAN,ENSEIGNEMENT ET FORMATION,Enseignement du premier degré,Ecole élémentaire,166.448431376266,-22.2984740950672,etablissements_publics_nc,39,1803,Anse Vata Est
municipales_2020,1,,,988,98818,Nouméa,NOUMEA,0009,1148,533,615,524,7,2,3,LREG,BOANEMOA,Joseph,M,Joseph BOANEMOA,UNITE PAYS,10,0.87,1.91,,École Fernande LERICHE 2,ECOLE FERNANDE LERICHE,0.836,Ecole Fernande LERICHE,13 RUE PIERRE SAUVAN,ENSEIGNEMENT ET FORMATION,Enseignement du premier degré,Ecole élémentaire,166.448431376266,-22.2984740950672,etablissements_publics_nc,39,1803,Anse Vata Est
municipales_2020,1,,,988,98818,Nouméa,NOUMEA,0009,1148,533,615,524,7,2,4,LDVC,MANUOHALALO,Magali,F,Magali MANUOHALALO,"NOUMEA AUTREMENT, UNE VILLE POUR TOUS LES NOUMEENS",26,2.26,4.96,,École Fernande LERICHE 2,ECOLE FERNANDE LERICHE,0.836,Ecole Fernande LERICHE,13 RUE PIERRE SAUVAN,ENSEIGNEMENT ET FORMATION,Enseignement du premier degré,Ecole élémentaire,166.448431376266,-22.2984740950672,etablissements_publics_nc,39,1803,Anse Vata Est
municipales_2020,1,,,988,98818,Nouméa,NOUMEA,0009,1148,533,615,524,7,2,5,LDVD,LAGARDE,Sonia,F,Sonia LAGARDE,"AVEC VOUS, POUR NOUMEA",397,34.58,75.76,,École Fernande LERICHE 2,ECOLE FERNANDE LERICHE,0.836,Ecole Fernande LERICHE,13 RUE PIERRE SAUVAN,ENSEIGNEMENT ET FORMATION,Enseignement du premier degré,Ecole élémentaire,166.448431376266,-22.2984740950672,etablissements_publics_nc,39,1803,Anse Vata Est
municipales_2020,1,,,988,98818,Nouméa,NOUMEA,0009,1148,533,615,524,7,2,6,LDVC,LINOSSIER,Cherifa,F,Cherifa LINOSSIER,"NOS QUARTIERS, NOTRE VILLE",20,1.74,3.82,,École Fernande LERICHE 2,ECOLE FERNANDE LERICHE,0.836,Ecole Fernande LERICHE,13 RUE PIERRE SAUVAN,ENSEIGNEMENT ET FORMATION,Enseignement du premier degré,Ecole élémentaire,166.448431376266,-22.2984740950672,etablissements_publics_nc,39,1803,Anse Vata Est
municipales_2020,1,,,988,98818,Nouméa,NOUMEA,0009,1148,533,615,524,7,2,7,LDIV,RAILATI,Bilo,M,Bilo RAILATI,NÂ BWAU,3,0.26,0.57,,École Fernande LERICHE 2,ECOLE FERNANDE LERICHE,0.836,Ecole Fernande LERICHE,13 RUE PIERRE SAUVAN,ENSEIGNEMENT ET FORMATION,Enseignement du premier degré,Ecole élémentaire,166.448431376266,-22.2984740950672,etablissements_publics_nc,39,1803,Anse Vata Est
municipales_2020,1,,,988,98818,Nouméa,NOUMEA,0010,1272,570,702,555,12,3,1,LDIV,FALAEO,Veylma,F,Veylma FALAEO,"NOUMEA, C'EST VOUS !",8,0.63,1.44,,École Jean MERMOUD 1,ECOLE JEAN MERMOUD,0.85,Ecole Jean MERMOUD,19 RUE MICHEL KAUMA,ENSEIGNEMENT ET FORMATION,Enseignement du premier degré,Ecole primaire,166.454827725543,-22.2956844604928,etablissements_publics_nc,43,1807,N'Géa
municipales_2020,1,,,988,98818,Nouméa,NOUMEA,0010,1272,570,702,555,12,3,2,LDVC,BERART,Emmanuel,M,Emmanuel BERART,"Générations Nouméa, un nouvel horizon",35,2.75,6.31,,École Jean MERMOUD 1,ECOLE JEAN MERMOUD,0.85,Ecole Jean MERMOUD,19 RUE MICHEL KAUMA,ENSEIGNEMENT ET FORMATION,Enseignement du premier degré,Ecole primaire,166.454827725543,-22.2956844604928,etablissements_publics_nc,43,1807,N'Géa
municipales_2020,1,,,988,98818,Nouméa,NOUMEA,0010,1272,570,702,555,12,3,3,LREG,BOANEMOA,Joseph,M,Joseph BOANEMOA,UNITE PAYS,6,0.47,1.08,,École Jean MERMOUD 1,ECOLE JEAN MERMOUD,0.85,Ecole Jean MERMOUD,19 RUE MICHEL KAUMA,ENSEIGNEMENT ET FORMATION,Enseignement du premier degré,Ecole primaire,166.454827725543,-22.2956844604928,etablissements_publics_nc,43,1807,N'Géa
municipales_2020,1,,,988,98818,Nouméa,NOUMEA,0010,1272,570,702,555,12,3,4,LDVC,MANUOHALALO,Magali,F,Magali MANUOHALALO,"NOUMEA AUTREMENT, UNE VILLE POUR TOUS LES NOUMEENS",42,3.3,7.57,,École Jean MERMOUD 1,ECOLE JEAN MERMOUD,0.85,Ecole Jean MERMOUD,19 RUE MICHEL KAUMA,ENSEIGNEMENT ET FORMATION,Enseignement du premier degré,Ecole primaire,166.454827725543,-22.2956844604928,etablissements_publics_nc,43,1807,N'Géa
municipales_2020,1,,,988,98818,Nouméa,NOUMEA,0010,1272,570,702,555,12,3,5,LDVD,LAGARDE,Sonia,F,Sonia LAGARDE,"AVEC VOUS, POUR NOUMEA",440,34.59,79.28,,École Jean MERMOUD 1,ECOLE JEAN MERMOUD,0.85,Ecole Jean MERMOUD,19 RUE MICHEL KAUMA,ENSEIGNEMENT ET FORMATION,Enseignement du premier degré,Ecole primaire,166.454827725543,-22.2956844604928,etablissements_publics_nc,43,1807,N'Géa
municipales_2020,1,,,988,98818,Nouméa,NOUMEA,0010,1272,570,702,555,12,3,6,LDVC,LINOSSIER,Cherifa,F,Cherifa LINOSSIER,"NOS QUARTIERS, NOTRE VILLE",20,1.57,3.6,,École Jean MERMOUD 1,ECOLE JEAN MERMOUD,0.85,Ecole Jean MERMOUD,19 RUE MICHEL KAUMA,ENSEIGNEMENT ET FORMATION,Enseignement du premier degré,Ecole primaire,166.454827725543,-22.2956844604928,etablissements_publics_nc,43,1807,N'Géa
municipales_2020,1,,,988,98818,Nouméa,NOUMEA,0010,1272,570,702,555,12,3,7,LDIV,RAILATI,Bilo,M,Bilo RAILATI,NÂ BWAU,4,0.31,0.72,,École Jean MERMOUD 1,ECOLE JEAN MERMOUD,0.85,Ecole Jean MERMOUD,19 RUE MICHEL KAUMA,ENSEIGNEMENT ET FORMATION,Enseignement du premier degré,Ecole primaire,166.454827725543,-22.2956844604928,etablissements_publics_nc,43,1807,N'Géa
municipales_2020,1,,,988,98818,Nouméa,NOUMEA,0011,1192,626,566,617,5,4,1,LDIV,FALAEO,Veylma,F,Veylma FALAEO,"NOUMEA, C'EST VOUS !",4,0.34,0.65,,École Jean MERMOUD 2,ECOLE JEAN MERMOUD,0.85,Ecole Jean MERMOUD,19 RUE MICHEL KAUMA,ENSEIGNEMENT ET FORMATION,Enseignement du premier degré,Ecole primaire,166.454827725543,-22.2956844604928,etablissements_publics_nc,43,1807,N'Géa
municipales_2020,1,,,988,98818,Nouméa,NOUMEA,0011,1192,626,566,617,5,4,2,LDVC,BERART,Emmanuel,M,Emmanuel BERART,"Générations Nouméa, un nouvel horizon",40,3.36,6.48,,École Jean MERMOUD 2,ECOLE JEAN MERMOUD,0.85,Ecole Jean MERMOUD,19 RUE MICHEL KAUMA,ENSEIGNEMENT ET FORMATION,Enseignement du premier degré,Ecole primaire,166.454827725543,-22.2956844604928,etablissements_publics_nc,43,1807,N'Géa
municipales_2020,1,,,988,98818,Nouméa,NOUMEA,0011,1192,626,566,617,5,4,3,LREG,BOANEMOA,Joseph,M,Joseph BOANEMOA,UNITE PAYS,3,0.25,0.49,,École Jean MERMOUD 2,ECOLE JEAN MERMOUD,0.85,Ecole Jean MERMOUD,19 RUE MICHEL KAUMA,ENSEIGNEMENT ET FORMATION,Enseignement du premier degré,Ecole primaire,166.454827725543,-22.2956844604928,etablissements_publics_nc,43,1807,N'Géa
municipales_2020,1,,,988,98818,Nouméa,NOUMEA,0011,1192,626,566,617,5,4,4,LDVC,MANUOHALALO,Magali,F,Magali MANUOHALALO,"NOUMEA AUTREMENT, UNE VILLE POUR TOUS LES NOUMEENS",31,2.6,5.02,,École Jean MERMOUD 2,ECOLE JEAN MERMOUD,0.85,Ecole Jean MERMOUD,19 RUE MICHEL KAUMA,ENSEIGNEMENT ET FORMATION,Enseignement du premier degré,Ecole primaire,166.454827725543,-22.2956844604928,etablissements_publics_nc,43,1807,N'Géa
municipales_2020,1,,,988,98818,Nouméa,NOUMEA,0011,1192,626,566,617,5,4,5,LDVD,LAGARDE,Sonia,F,Sonia LAGARDE,"AVEC VOUS, POUR NOUMEA",527,44.21,85.41,,École Jean MERMOUD 2,ECOLE JEAN MERMOUD,0.85,Ecole Jean MERMOUD,19 RUE MICHEL KAUMA,ENSEIGNEMENT ET FORMATION,Enseignement du premier degré,Ecole primaire,166.454827725543,-22.2956844604928,etablissements_publics_nc,43,1807,N'Géa
municipales_2020,1,,,988,98818,Nouméa,NOUMEA,0011,1192,626,566,617,5,4,6,LDVC,LINOSSIER,Cherifa,F,Cherifa LINOSSIER,"NOS QUARTIERS, NOTRE VILLE",12,1.01,1.94,,École Jean MERMOUD 2,ECOLE JEAN MERMOUD,0.85,Ecole Jean MERMOUD,19 RUE MICHEL KAUMA,ENSEIGNEMENT ET FORMATION,Enseignement du premier degré,Ecole primaire,166.454827725543,-22.2956844604928,etablissements_publics_nc,43,1807,N'Géa
municipales_2020,1,,,988,98818,Nouméa,NOUMEA,0011,1192,626,566,617,5,4,7,LDIV,RAILATI,Bilo,M,Bilo RAILATI,NÂ BWAU,0,0,0,,École Jean MERMOUD 2,ECOLE JEAN MERMOUD,0.85,Ecole Jean MERMOUD,19 RUE MICHEL KAUMA,ENSEIGNEMENT ET FORMATION,Enseignement du premier degré,Ecole primaire,166.454827725543,-22.2956844604928,etablissements_publics_nc,43,1807,N'Géa
municipales_2020,1,,,988,98818,Nouméa,NOUMEA,0012,1304,588,716,575,8,5,1,LDIV,FALAEO,Veylma,F,Veylma FALAEO,"NOUMEA, C'EST VOUS !",11,0.84,1.91,,École Ernest RISBEC 1,ECOLE ERNEST RISBEC,0.859,Ecole Ernest RISBEC,19 RUE DU COMMANDANT RIVIERE,ENSEIGNEMENT ET FORMATION,Enseignement du premier degré,Ecole primaire,166.451704940929,-22.2838445188063,etablissements_publics_nc,44,1808,Trianon
municipales_2020,1,,,988,98818,Nouméa,NOUMEA,0012,1304,588,716,575,8,5,2,LDVC,BERART,Emmanuel,M,Emmanuel BERART,"Générations Nouméa, un nouvel horizon",51,3.91,8.87,,École Ernest RISBEC 1,ECOLE ERNEST RISBEC,0.859,Ecole Ernest RISBEC,19 RUE DU COMMANDANT RIVIERE,ENSEIGNEMENT ET FORMATION,Enseignement du premier degré,Ecole primaire,166.451704940929,-22.2838445188063,etablissements_publics_nc,44,1808,Trianon
municipales_2020,1,,,988,98818,Nouméa,NOUMEA,0012,1304,588,716,575,8,5,3,LREG,BOANEMOA,Joseph,M,Joseph BOANEMOA,UNITE PAYS,16,1.23,2.78,,École Ernest RISBEC 1,ECOLE ERNEST RISBEC,0.859,Ecole Ernest RISBEC,19 RUE DU COMMANDANT RIVIERE,ENSEIGNEMENT ET FORMATION,Enseignement du premier degré,Ecole primaire,166.451704940929,-22.2838445188063,etablissements_publics_nc,44,1808,Trianon
municipales_2020,1,,,988,98818,Nouméa,NOUMEA,0012,1304,588,716,575,8,5,4,LDVC,MANUOHALALO,Magali,F,Magali MANUOHALALO,"NOUMEA AUTREMENT, UNE VILLE POUR TOUS LES NOUMEENS",48,3.68,8.35,,École Ernest RISBEC 1,ECOLE ERNEST RISBEC,0.859,Ecole Ernest RISBEC,19 RUE DU COMMANDANT RIVIERE,ENSEIGNEMENT ET FORMATION,Enseignement du premier degré,Ecole primaire,166.451704940929,-22.2838445188063,etablissements_publics_nc,44,1808,Trianon
municipales_2020,1,,,988,98818,Nouméa,NOUMEA,0012,1304,588,716,575,8,5,5,LDVD,LAGARDE,Sonia,F,Sonia LAGARDE,"AVEC VOUS, POUR NOUMEA",418,32.06,72.7,,École Ernest RISBEC 1,ECOLE ERNEST RISBEC,0.859,Ecole Ernest RISBEC,19 RUE DU COMMANDANT RIVIERE,ENSEIGNEMENT ET FORMATION,Enseignement du premier degré,Ecole primaire,166.451704940929,-22.2838445188063,etablissements_publics_nc,44,1808,Trianon
municipales_2020,1,,,988,98818,Nouméa,NOUMEA,0012,1304,588,716,575,8,5,6,LDVC,LINOSSIER,Cherifa,F,Cherifa LINOSSIER,"NOS QUARTIERS, NOTRE VILLE",29,2.22,5.04,,École Ernest RISBEC 1,ECOLE ERNEST RISBEC,0.859,Ecole Ernest RISBEC,19 RUE DU COMMANDANT RIVIERE,ENSEIGNEMENT ET FORMATION,Enseignement du premier degré,Ecole primaire,166.451704940929,-22.2838445188063,etablissements_publics_nc,44,1808,Trianon
municipales_2020,1,,,988,98818,Nouméa,NOUMEA,0012,1304,588,716,575,8,5,7,LDIV,RAILATI,Bilo,M,Bilo RAILATI,NÂ BWAU,2,0.15,0.35,,École Ernest RISBEC 1,ECOLE ERNEST RISBEC,0.859,Ecole Ernest RISBEC,19 RUE DU COMMANDANT RIVIERE,ENSEIGNEMENT ET FORMATION,Enseignement du premier degré,Ecole primaire,166.451704940929,-22.2838445188063,etablissements_publics_nc,44,1808,Trianon
municipales_2020,1,,,988,98818,Nouméa,NOUMEA,0013,1085,500,585,485,12,3,1,LDIV,FALAEO,Veylma,F,Veylma FALAEO,"NOUMEA, C'EST VOUS !",9,0.83,1.86,,École Ernest RISBEC 2,ECOLE ERNEST RISBEC,0.859,Ecole Ernest RISBEC,19 RUE DU COMMANDANT RIVIERE,ENSEIGNEMENT ET FORMATION,Enseignement du premier degré,Ecole primaire,166.451704940929,-22.2838445188063,etablissements_publics_nc,44,1808,Trianon
municipales_2020,1,,,988,98818,Nouméa,NOUMEA,0013,1085,500,585,485,12,3,2,LDVC,BERART,Emmanuel,M,Emmanuel BERART,"Générations Nouméa, un nouvel horizon",19,1.75,3.92,,École Ernest RISBEC 2,ECOLE ERNEST RISBEC,0.859,Ecole Ernest RISBEC,19 RUE DU COMMANDANT RIVIERE,ENSEIGNEMENT ET FORMATION,Enseignement du premier degré,Ecole primaire,166.451704940929,-22.2838445188063,etablissements_publics_nc,44,1808,Trianon
municipales_2020,1,,,988,98818,Nouméa,NOUMEA,0013,1085,500,585,485,12,3,3,LREG,BOANEMOA,Joseph,M,Joseph BOANEMOA,UNITE PAYS,10,0.92,2.06,,École Ernest RISBEC 2,ECOLE ERNEST RISBEC,0.859,Ecole Ernest RISBEC,19 RUE DU COMMANDANT RIVIERE,ENSEIGNEMENT ET FORMATION,Enseignement du premier degré,Ecole primaire,166.451704940929,-22.2838445188063,etablissements_publics_nc,44,1808,Trianon
municipales_2020,1,,,988,98818,Nouméa,NOUMEA,0013,1085,500,585,485,12,3,4,LDVC,MANUOHALALO,Magali,F,Magali MANUOHALALO,"NOUMEA AUTREMENT, UNE VILLE POUR TOUS LES NOUMEENS",32,2.95,6.6,,École Ernest RISBEC 2,ECOLE ERNEST RISBEC,0.859,Ecole Ernest RISBEC,19 RUE DU COMMANDANT RIVIERE,ENSEIGNEMENT ET FORMATION,Enseignement du premier degré,Ecole primaire,166.451704940929,-22.2838445188063,etablissements_publics_nc,44,1808,Trianon
municipales_2020,1,,,988,98818,Nouméa,NOUMEA,0013,1085,500,585,485,12,3,5,LDVD,LAGARDE,Sonia,F,Sonia LAGARDE,"AVEC VOUS, POUR NOUMEA",399,36.77,82.27,,École Ernest RISBEC 2,ECOLE ERNEST RISBEC,0.859,Ecole Ernest RISBEC,19 RUE DU COMMANDANT RIVIERE,ENSEIGNEMENT ET FORMATION,Enseignement du premier degré,Ecole primaire,166.451704940929,-22.2838445188063,etablissements_publics_nc,44,1808,Trianon
municipales_2020,1,,,988,98818,Nouméa,NOUMEA,0013,1085,500,585,485,12,3,6,LDVC,LINOSSIER,Cherifa,F,Cherifa LINOSSIER,"NOS QUARTIERS, NOTRE VILLE",16,1.47,3.3,,École Ernest RISBEC 2,ECOLE ERNEST RISBEC,0.859,Ecole Ernest RISBEC,19 RUE DU COMMANDANT RIVIERE,ENSEIGNEMENT ET FORMATION,Enseignement du premier degré,Ecole primaire,166.451704940929,-22.2838445188063,etablissements_publics_nc,44,1808,Trianon
municipales_2020,1,,,988,98818,Nouméa,NOUMEA,0013,1085,500,585,485,12,3,7,LDIV,RAILATI,Bilo,M,Bilo RAILATI,NÂ BWAU,0,0,0,,École Ernest RISBEC 2,ECOLE ERNEST RISBEC,0.859,Ecole Ernest RISBEC,19 RUE DU COMMANDANT RIVIERE,ENSEIGNEMENT ET FORMATION,Enseignement du premier degré,Ecole primaire,166.451704940929,-22.2838445188063,etablissements_publics_nc,44,1808,Trianon
municipales_2020,1,,,988,98818,Nouméa,NOUMEA,0014,1164,464,700,452,5,7,1,LDIV,FALAEO,Veylma,F,Veylma FALAEO,"NOUMEA, C'EST VOUS !",11,0.95,2.43,,École Paul BOYER 1,ECOLE PAUL BOYER,0.812,Ecole Paul BOYER,10 RUE BOUGAINVILLE,ENSEIGNEMENT ET FORMATION,Enseignement du premier degré,Groupe scolaire,166.452482969153,-22.2781620536236,etablissements_publics_nc,47,1811,Faubourg Blanchot
municipales_2020,1,,,988,98818,Nouméa,NOUMEA,0014,1164,464,700,452,5,7,2,LDVC,BERART,Emmanuel,M,Emmanuel BERART,"Générations Nouméa, un nouvel horizon",26,2.23,5.75,,École Paul BOYER 1,ECOLE PAUL BOYER,0.812,Ecole Paul BOYER,10 RUE BOUGAINVILLE,ENSEIGNEMENT ET FORMATION,Enseignement du premier degré,Groupe scolaire,166.452482969153,-22.2781620536236,etablissements_publics_nc,47,1811,Faubourg Blanchot
municipales_2020,1,,,988,98818,Nouméa,NOUMEA,0014,1164,464,700,452,5,7,3,LREG,BOANEMOA,Joseph,M,Joseph BOANEMOA,UNITE PAYS,16,1.37,3.54,,École Paul BOYER 1,ECOLE PAUL BOYER,0.812,Ecole Paul BOYER,10 RUE BOUGAINVILLE,ENSEIGNEMENT ET FORMATION,Enseignement du premier degré,Groupe scolaire,166.452482969153,-22.2781620536236,etablissements_publics_nc,47,1811,Faubourg Blanchot
municipales_2020,1,,,988,98818,Nouméa,NOUMEA,0014,1164,464,700,452,5,7,4,LDVC,MANUOHALALO,Magali,F,Magali MANUOHALALO,"NOUMEA AUTREMENT, UNE VILLE POUR TOUS LES NOUMEENS",27,2.32,5.97,,École Paul BOYER 1,ECOLE PAUL BOYER,0.812,Ecole Paul BOYER,10 RUE BOUGAINVILLE,ENSEIGNEMENT ET FORMATION,Enseignement du premier degré,Groupe scolaire,166.452482969153,-22.2781620536236,etablissements_publics_nc,47,1811,Faubourg Blanchot
municipales_2020,1,,,988,98818,Nouméa,NOUMEA,0014,1164,464,700,452,5,7,5,LDVD,LAGARDE,Sonia,F,Sonia LAGARDE,"AVEC VOUS, POUR NOUMEA",337,28.95,74.56,,École Paul BOYER 1,ECOLE PAUL BOYER,0.812,Ecole Paul BOYER,10 RUE BOUGAINVILLE,ENSEIGNEMENT ET FORMATION,Enseignement du premier degré,Groupe scolaire,166.452482969153,-22.2781620536236,etablissements_publics_nc,47,1811,Faubourg Blanchot
municipales_2020,1,,,988,98818,Nouméa,NOUMEA,0014,1164,464,700,452,5,7,6,LDVC,LINOSSIER,Cherifa,F,Cherifa LINOSSIER,"NOS QUARTIERS, NOTRE VILLE",31,2.66,6.86,,École Paul BOYER 1,ECOLE PAUL BOYER,0.812,Ecole Paul BOYER,10 RUE BOUGAINVILLE,ENSEIGNEMENT ET FORMATION,Enseignement du premier degré,Groupe scolaire,166.452482969153,-22.2781620536236,etablissements_publics_nc,47,1811,Faubourg Blanchot
municipales_2020,1,,,988,98818,Nouméa,NOUMEA,0014,1164,464,700,452,5,7,7,LDIV,RAILATI,Bilo,M,Bilo RAILATI,NÂ BWAU,4,0.34,0.88,,École Paul BOYER 1,ECOLE PAUL BOYER,0.812,Ecole Paul BOYER,10 RUE BOUGAINVILLE,ENSEIGNEMENT ET FORMATION,Enseignement du premier degré,Groupe scolaire,166.452482969153,-22.2781620536236,etablissements_publics_nc,47,1811,Faubourg Blanchot
municipales_2020,1,,,988,98818,Nouméa,NOUMEA,0015,1000,535,465,526,7,2,1,LDIV,FALAEO,Veylma,F,Veylma FALAEO,"NOUMEA, C'EST VOUS !",13,1.3,2.47,,École les CAPUCINES,ECOLE CAPUCINES,0.8,Ecole LES CAPUCINES,41 RUE TARAGNAT,ENSEIGNEMENT ET FORMATION,Enseignement du premier degré,Groupe scolaire,166.457228804171,-22.2753677119578,etablissements_publics_nc,49,1813,Vallée des Colons Sud Ouest
municipales_2020,1,,,988,98818,Nouméa,NOUMEA,0015,1000,535,465,526,7,2,2,LDVC,BERART,Emmanuel,M,Emmanuel BERART,"Générations Nouméa, un nouvel horizon",38,3.8,7.22,,École les CAPUCINES,ECOLE CAPUCINES,0.8,Ecole LES CAPUCINES,41 RUE TARAGNAT,ENSEIGNEMENT ET FORMATION,Enseignement du premier degré,Groupe scolaire,166.457228804171,-22.2753677119578,etablissements_publics_nc,49,1813,Vallée des Colons Sud Ouest
municipales_2020,1,,,988,98818,Nouméa,NOUMEA,0015,1000,535,465,526,7,2,3,LREG,BOANEMOA,Joseph,M,Joseph BOANEMOA,UNITE PAYS,17,1.7,3.23,,École les CAPUCINES,ECOLE CAPUCINES,0.8,Ecole LES CAPUCINES,41 RUE TARAGNAT,ENSEIGNEMENT ET FORMATION,Enseignement du premier degré,Groupe scolaire,166.457228804171,-22.2753677119578,etablissements_publics_nc,49,1813,Vallée des Colons Sud Ouest
municipales_2020,1,,,988,98818,Nouméa,NOUMEA,0015,1000,535,465,526,7,2,4,LDVC,MANUOHALALO,Magali,F,Magali MANUOHALALO,"NOUMEA AUTREMENT, UNE VILLE POUR TOUS LES NOUMEENS",27,2.7,5.13,,École les CAPUCINES,ECOLE CAPUCINES,0.8,Ecole LES CAPUCINES,41 RUE TARAGNAT,ENSEIGNEMENT ET FORMATION,Enseignement du premier degré,Groupe scolaire,166.457228804171,-22.2753677119578,etablissements_publics_nc,49,1813,Vallée des Colons Sud Ouest
municipales_2020,1,,,988,98818,Nouméa,NOUMEA,0015,1000,535,465,526,7,2,5,LDVD,LAGARDE,Sonia,F,Sonia LAGARDE,"AVEC VOUS, POUR NOUMEA",408,40.8,77.57,,École les CAPUCINES,ECOLE CAPUCINES,0.8,Ecole LES CAPUCINES,41 RUE TARAGNAT,ENSEIGNEMENT ET FORMATION,Enseignement du premier degré,Groupe scolaire,166.457228804171,-22.2753677119578,etablissements_publics_nc,49,1813,Vallée des Colons Sud Ouest
municipales_2020,1,,,988,98818,Nouméa,NOUMEA,0015,1000,535,465,526,7,2,6,LDVC,LINOSSIER,Cherifa,F,Cherifa LINOSSIER,"NOS QUARTIERS, NOTRE VILLE",21,2.1,3.99,,École les CAPUCINES,ECOLE CAPUCINES,0.8,Ecole LES CAPUCINES,41 RUE TARAGNAT,ENSEIGNEMENT ET FORMATION,Enseignement du premier degré,Groupe scolaire,166.457228804171,-22.2753677119578,etablissements_publics_nc,49,1813,Vallée des Colons Sud Ouest
municipales_2020,1,,,988,98818,Nouméa,NOUMEA,0015,1000,535,465,526,7,2,7,LDIV,RAILATI,Bilo,M,Bilo RAILATI,NÂ BWAU,2,0.2,0.38,,École les CAPUCINES,ECOLE CAPUCINES,0.8,Ecole LES CAPUCINES,41 RUE TARAGNAT,ENSEIGNEMENT ET FORMATION,Enseignement du premier degré,Groupe scolaire,166.457228804171,-22.2753677119578,etablissements_publics_nc,49,1813,Vallée des Colons Sud Ouest
municipales_2020,1,,,988,98818,Nouméa,NOUMEA,0016,1157,511,646,501,4,6,1,LDIV,FALAEO,Veylma,F,Veylma FALAEO,"NOUMEA, C'EST VOUS !",7,0.61,1.4,,École Candide KOCH 1,ECOLE CANDIDE KOCH,0.833,Ecole Candide KOCH,33 RUE TARAGNAT,ENSEIGNEMENT ET FORMATION,Enseignement du premier degré,Groupe scolaire,166.456450040223,-22.2745660873879,etablissements_publics_nc,49,1813,Vallée des Colons Sud Ouest
municipales_2020,1,,,988,98818,Nouméa,NOUMEA,0016,1157,511,646,501,4,6,2,LDVC,BERART,Emmanuel,M,Emmanuel BERART,"Générations Nouméa, un nouvel horizon",41,3.54,8.18,,École Candide KOCH 1,ECOLE CANDIDE KOCH,0.833,Ecole Candide KOCH,33 RUE TARAGNAT,ENSEIGNEMENT ET FORMATION,Enseignement du premier degré,Groupe scolaire,166.456450040223,-22.2745660873879,etablissements_publics_nc,49,1813,Vallée des Colons Sud Ouest
municipales_2020,1,,,988,98818,Nouméa,NOUMEA,0016,1157,511,646,501,4,6,3,LREG,BOANEMOA,Joseph,M,Joseph BOANEMOA,UNITE PAYS,29,2.51,5.79,,École Candide KOCH 1,ECOLE CANDIDE KOCH,0.833,Ecole Candide KOCH,33 RUE TARAGNAT,ENSEIGNEMENT ET FORMATION,Enseignement du premier degré,Groupe scolaire,166.456450040223,-22.2745660873879,etablissements_publics_nc,49,1813,Vallée des Colons Sud Ouest
municipales_2020,1,,,988,98818,Nouméa,NOUMEA,0016,1157,511,646,501,4,6,4,LDVC,MANUOHALALO,Magali,F,Magali MANUOHALALO,"NOUMEA AUTREMENT, UNE VILLE POUR TOUS LES NOUMEENS",37,3.2,7.39,,École Candide KOCH 1,ECOLE CANDIDE KOCH,0.833,Ecole Candide KOCH,33 RUE TARAGNAT,ENSEIGNEMENT ET FORMATION,Enseignement du premier degré,Groupe scolaire,166.456450040223,-22.2745660873879,etablissements_publics_nc,49,1813,Vallée des Colons Sud Ouest
municipales_2020,1,,,988,98818,Nouméa,NOUMEA,0016,1157,511,646,501,4,6,5,LDVD,LAGARDE,Sonia,F,Sonia LAGARDE,"AVEC VOUS, POUR NOUMEA",365,31.55,72.85,,École Candide KOCH 1,ECOLE CANDIDE KOCH,0.833,Ecole Candide KOCH,33 RUE TARAGNAT,ENSEIGNEMENT ET FORMATION,Enseignement du premier degré,Groupe scolaire,166.456450040223,-22.2745660873879,etablissements_publics_nc,49,1813,Vallée des Colons Sud Ouest
municipales_2020,1,,,988,98818,Nouméa,NOUMEA,0016,1157,511,646,501,4,6,6,LDVC,LINOSSIER,Cherifa,F,Cherifa LINOSSIER,"NOS QUARTIERS, NOTRE VILLE",16,1.38,3.19,,École Candide KOCH 1,ECOLE CANDIDE KOCH,0.833,Ecole Candide KOCH,33 RUE TARAGNAT,ENSEIGNEMENT ET FORMATION,Enseignement du premier degré,Groupe scolaire,166.456450040223,-22.2745660873879,etablissements_publics_nc,49,1813,Vallée des Colons Sud Ouest
municipales_2020,1,,,988,98818,Nouméa,NOUMEA,0016,1157,511,646,501,4,6,7,LDIV,RAILATI,Bilo,M,Bilo RAILATI,NÂ BWAU,6,0.52,1.2,,École Candide KOCH 1,ECOLE CANDIDE KOCH,0.833,Ecole Candide KOCH,33 RUE TARAGNAT,ENSEIGNEMENT ET FORMATION,Enseignement du premier degré,Groupe scolaire,166.456450040223,-22.2745660873879,etablissements_publics_nc,49,1813,Vallée des Colons Sud Ouest
municipales_2020,1,,,988,98818,Nouméa,NOUMEA,0017,1195,582,613,569,10,3,1,LDIV,FALAEO,Veylma,F,Veylma FALAEO,"NOUMEA, C'EST VOUS !",6,0.5,1.05,,École Candide KOCH 2,ECOLE CANDIDE KOCH,0.833,Ecole Candide KOCH,33 RUE TARAGNAT,ENSEIGNEMENT ET FORMATION,Enseignement du premier degré,Groupe scolaire,166.456450040223,-22.2745660873879,etablissements_publics_nc,49,1813,Vallée des Colons Sud Ouest
municipales_2020,1,,,988,98818,Nouméa,NOUMEA,0017,1195,582,613,569,10,3,2,LDVC,BERART,Emmanuel,M,Emmanuel BERART,"Générations Nouméa, un nouvel horizon",29,2.43,5.1,,École Candide KOCH 2,ECOLE CANDIDE KOCH,0.833,Ecole Candide KOCH,33 RUE TARAGNAT,ENSEIGNEMENT ET FORMATION,Enseignement du premier degré,Groupe scolaire,166.456450040223,-22.2745660873879,etablissements_publics_nc,49,1813,Vallée des Colons Sud Ouest
municipales_2020,1,,,988,98818,Nouméa,NOUMEA,0017,1195,582,613,569,10,3,3,LREG,BOANEMOA,Joseph,M,Joseph BOANEMOA,UNITE PAYS,7,0.59,1.23,,École Candide KOCH 2,ECOLE CANDIDE KOCH,0.833,Ecole Candide KOCH,33 RUE TARAGNAT,ENSEIGNEMENT ET FORMATION,Enseignement du premier degré,Groupe scolaire,166.456450040223,-22.2745660873879,etablissements_publics_nc,49,1813,Vallée des Colons Sud Ouest
municipales_2020,1,,,988,98818,Nouméa,NOUMEA,0017,1195,582,613,569,10,3,4,LDVC,MANUOHALALO,Magali,F,Magali MANUOHALALO,"NOUMEA AUTREMENT, UNE VILLE POUR TOUS LES NOUMEENS",43,3.6,7.56,,École Candide KOCH 2,ECOLE CANDIDE KOCH,0.833,Ecole Candide KOCH,33 RUE TARAGNAT,ENSEIGNEMENT ET FORMATION,Enseignement du premier degré,Groupe scolaire,166.456450040223,-22.2745660873879,etablissements_publics_nc,49,1813,Vallée des Colons Sud Ouest
municipales_2020,1,,,988,98818,Nouméa,NOUMEA,0017,1195,582,613,569,10,3,5,LDVD,LAGARDE,Sonia,F,Sonia LAGARDE,"AVEC VOUS, POUR NOUMEA",433,36.23,76.1,,École Candide KOCH 2,ECOLE CANDIDE KOCH,0.833,Ecole Candide KOCH,33 RUE TARAGNAT,ENSEIGNEMENT ET FORMATION,Enseignement du premier degré,Groupe scolaire,166.456450040223,-22.2745660873879,etablissements_publics_nc,49,1813,Vallée des Colons Sud Ouest
municipales_2020,1,,,988,98818,Nouméa,NOUMEA,0017,1195,582,613,569,10,3,6,LDVC,LINOSSIER,Cherifa,F,Cherifa LINOSSIER,"NOS QUARTIERS, NOTRE VILLE",47,3.93,8.26,,École Candide KOCH 2,ECOLE CANDIDE KOCH,0.833,Ecole Candide KOCH,33 RUE TARAGNAT,ENSEIGNEMENT ET FORMATION,Enseignement du premier degré,Groupe scolaire,166.456450040223,-22.2745660873879,etablissements_publics_nc,49,1813,Vallée des Colons Sud Ouest
municipales_2020,1,,,988,98818,Nouméa,NOUMEA,0017,1195,582,613,569,10,3,7,LDIV,RAILATI,Bilo,M,Bilo RAILATI,NÂ BWAU,4,0.33,0.7,,École Candide KOCH 2,ECOLE CANDIDE KOCH,0.833,Ecole Candide KOCH,33 RUE TARAGNAT,ENSEIGNEMENT ET FORMATION,Enseignement du premier degré,Groupe scolaire,166.456450040223,-22.2745660873879,etablissements_publics_nc,49,1813,Vallée des Colons Sud Ouest
municipales_2020,1,,,988,98818,Nouméa,NOUMEA,0018,1145,523,622,508,8,7,1,LDIV,FALAEO,Veylma,F,Veylma FALAEO,"NOUMEA, C'EST VOUS !",10,0.87,1.97,,École Emily PANNE 1,ECOLE EMILY PANNE,0.841,Ecole Emily PANNE,115 RUE AUGUSTE BENEBIG,ENSEIGNEMENT ET FORMATION,Enseignement du premier degré,Ecole primaire,166.454860512437,-22.2689261325801,etablissements_publics_nc,56,1820,Vallée des Colons Nord Est
municipales_2020,1,,,988,98818,Nouméa,NOUMEA,0018,1145,523,622,508,8,7,2,LDVC,BERART,Emmanuel,M,Emmanuel BERART,"Générations Nouméa, un nouvel horizon",44,3.84,8.66,,École Emily PANNE 1,ECOLE EMILY PANNE,0.841,Ecole Emily PANNE,115 RUE AUGUSTE BENEBIG,ENSEIGNEMENT ET FORMATION,Enseignement du premier degré,Ecole primaire,166.454860512437,-22.2689261325801,etablissements_publics_nc,56,1820,Vallée des Colons Nord Est
municipales_2020,1,,,988,98818,Nouméa,NOUMEA,0018,1145,523,622,508,8,7,3,LREG,BOANEMOA,Joseph,M,Joseph BOANEMOA,UNITE PAYS,19,1.66,3.74,,École Emily PANNE 1,ECOLE EMILY PANNE,0.841,Ecole Emily PANNE,115 RUE AUGUSTE BENEBIG,ENSEIGNEMENT ET FORMATION,Enseignement du premier degré,Ecole primaire,166.454860512437,-22.2689261325801,etablissements_publics_nc,56,1820,Vallée des Colons Nord Est
municipales_2020,1,,,988,98818,Nouméa,NOUMEA,0018,1145,523,622,508,8,7,4,LDVC,MANUOHALALO,Magali,F,Magali MANUOHALALO,"NOUMEA AUTREMENT, UNE VILLE POUR TOUS LES NOUMEENS",38,3.32,7.48,,École Emily PANNE 1,ECOLE EMILY PANNE,0.841,Ecole Emily PANNE,115 RUE AUGUSTE BENEBIG,ENSEIGNEMENT ET FORMATION,Enseignement du premier degré,Ecole primaire,166.454860512437,-22.2689261325801,etablissements_publics_nc,56,1820,Vallée des Colons Nord Est
municipales_2020,1,,,988,98818,Nouméa,NOUMEA,0018,1145,523,622,508,8,7,5,LDVD,LAGARDE,Sonia,F,Sonia LAGARDE,"AVEC VOUS, POUR NOUMEA",362,31.62,71.26,,École Emily PANNE 1,ECOLE EMILY PANNE,0.841,Ecole Emily PANNE,115 RUE AUGUSTE BENEBIG,ENSEIGNEMENT ET FORMATION,Enseignement du premier degré,Ecole primaire,166.454860512437,-22.2689261325801,etablissements_publics_nc,56,1820,Vallée des Colons Nord Est
municipales_2020,1,,,988,98818,Nouméa,NOUMEA,0018,1145,523,622,508,8,7,6,LDVC,LINOSSIER,Cherifa,F,Cherifa LINOSSIER,"NOS QUARTIERS, NOTRE VILLE",30,2.62,5.91,,École Emily PANNE 1,ECOLE EMILY PANNE,0.841,Ecole Emily PANNE,115 RUE AUGUSTE BENEBIG,ENSEIGNEMENT ET FORMATION,Enseignement du premier degré,Ecole primaire,166.454860512437,-22.2689261325801,etablissements_publics_nc,56,1820,Vallée des Colons Nord Est
municipales_2020,1,,,988,98818,Nouméa,NOUMEA,0018,1145,523,622,508,8,7,7,LDIV,RAILATI,Bilo,M,Bilo RAILATI,NÂ BWAU,5,0.44,0.98,,École Emily PANNE 1,ECOLE EMILY PANNE,0.841,Ecole Emily PANNE,115 RUE AUGUSTE BENEBIG,ENSEIGNEMENT ET FORMATION,Enseignement du premier degré,Ecole primaire,166.454860512437,-22.2689261325801,etablissements_publics_nc,56,1820,Vallée des Colons Nord Est
municipales_2020,1,,,988,98818,Nouméa,NOUMEA,0019,1277,492,785,480,6,6,1,LDIV,FALAEO,Veylma,F,Veylma FALAEO,"NOUMEA, C'EST VOUS !",30,2.35,6.25,,École Emily PANNE 2,ECOLE EMILY PANNE,0.841,Ecole Emily PANNE,115 RUE AUGUSTE BENEBIG,ENSEIGNEMENT ET FORMATION,Enseignement du premier degré,Ecole primaire,166.454860512437,-22.2689261325801,etablissements_publics_nc,56,1820,Vallée des Colons Nord Est
municipales_2020,1,,,988,98818,Nouméa,NOUMEA,0019,1277,492,785,480,6,6,2,LDVC,BERART,Emmanuel,M,Emmanuel BERART,"Générations Nouméa, un nouvel horizon",42,3.29,8.75,,École Emily PANNE 2,ECOLE EMILY PANNE,0.841,Ecole Emily PANNE,115 RUE AUGUSTE BENEBIG,ENSEIGNEMENT ET FORMATION,Enseignement du premier degré,Ecole primaire,166.454860512437,-22.2689261325801,etablissements_publics_nc,56,1820,Vallée des Colons Nord Est
municipales_2020,1,,,988,98818,Nouméa,NOUMEA,0019,1277,492,785,480,6,6,3,LREG,BOANEMOA,Joseph,M,Joseph BOANEMOA,UNITE PAYS,33,2.58,6.88,,École Emily PANNE 2,ECOLE EMILY PANNE,0.841,Ecole Emily PANNE,115 RUE AUGUSTE BENEBIG,ENSEIGNEMENT ET FORMATION,Enseignement du premier degré,Ecole primaire,166.454860512437,-22.2689261325801,etablissements_publics_nc,56,1820,Vallée des Colons Nord Est
municipales_2020,1,,,988,98818,Nouméa,NOUMEA,0019,1277,492,785,480,6,6,4,LDVC,MANUOHALALO,Magali,F,Magali MANUOHALALO,"NOUMEA AUTREMENT, UNE VILLE POUR TOUS LES NOUMEENS",46,3.6,9.58,,École Emily PANNE 2,ECOLE EMILY PANNE,0.841,Ecole Emily PANNE,115 RUE AUGUSTE BENEBIG,ENSEIGNEMENT ET FORMATION,Enseignement du premier degré,Ecole primaire,166.454860512437,-22.2689261325801,etablissements_publics_nc,56,1820,Vallée des Colons Nord Est
municipales_2020,1,,,988,98818,Nouméa,NOUMEA,0019,1277,492,785,480,6,6,5,LDVD,LAGARDE,Sonia,F,Sonia LAGARDE,"AVEC VOUS, POUR NOUMEA",306,23.96,63.75,,École Emily PANNE 2,ECOLE EMILY PANNE,0.841,Ecole Emily PANNE,115 RUE AUGUSTE BENEBIG,ENSEIGNEMENT ET FORMATION,Enseignement du premier degré,Ecole primaire,166.454860512437,-22.2689261325801,etablissements_publics_nc,56,1820,Vallée des Colons Nord Est
municipales_2020,1,,,988,98818,Nouméa,NOUMEA,0019,1277,492,785,480,6,6,6,LDVC,LINOSSIER,Cherifa,F,Cherifa LINOSSIER,"NOS QUARTIERS, NOTRE VILLE",17,1.33,3.54,,École Emily PANNE 2,ECOLE EMILY PANNE,0.841,Ecole Emily PANNE,115 RUE AUGUSTE BENEBIG,ENSEIGNEMENT ET FORMATION,Enseignement du premier degré,Ecole primaire,166.454860512437,-22.2689261325801,etablissements_publics_nc,56,1820,Vallée des Colons Nord Est
municipales_2020,1,,,988,98818,Nouméa,NOUMEA,0019,1277,492,785,480,6,6,7,LDIV,RAILATI,Bilo,M,Bilo RAILATI,NÂ BWAU,6,0.47,1.25,,École Emily PANNE 2,ECOLE EMILY PANNE,0.841,Ecole Emily PANNE,115 RUE AUGUSTE BENEBIG,ENSEIGNEMENT ET FORMATION,Enseignement du premier degré,Ecole primaire,166.454860512437,-22.2689261325801,etablissements_publics_nc,56,1820,Vallée des Colons Nord Est
municipales_2020,1,,,988,98818,Nouméa,NOUMEA,0020,1048,564,484,561,1,2,1,LDIV,FALAEO,Veylma,F,Veylma FALAEO,"NOUMEA, C'EST VOUS !",8,0.76,1.43,,École Antoinette CHARBONNEAUX,ECOLE ANTOINETTE CHARBONNEAUX,0.879,Ecole Antoinette CHARBONNEAUX,1 RUE ANDRE ROLLY,ENSEIGNEMENT ET FORMATION,Enseignement du premier degré,Ecole élémentaire,166.46666463723,-22.273716213111,etablissements_publics_nc,52,1816,Magenta Tours
municipales_2020,1,,,988,98818,Nouméa,NOUMEA,0020,1048,564,484,561,1,2,2,LDVC,BERART,Emmanuel,M,Emmanuel BERART,"Générations Nouméa, un nouvel horizon",23,2.19,4.1,,École Antoinette CHARBONNEAUX,ECOLE ANTOINETTE CHARBONNEAUX,0.879,Ecole Antoinette CHARBONNEAUX,1 RUE ANDRE ROLLY,ENSEIGNEMENT ET FORMATION,Enseignement du premier degré,Ecole élémentaire,166.46666463723,-22.273716213111,etablissements_publics_nc,52,1816,Magenta Tours
municipales_2020,1,,,988,98818,Nouméa,NOUMEA,0020,1048,564,484,561,1,2,3,LREG,BOANEMOA,Joseph,M,Joseph BOANEMOA,UNITE PAYS,6,0.57,1.07,,École Antoinette CHARBONNEAUX,ECOLE ANTOINETTE CHARBONNEAUX,0.879,Ecole Antoinette CHARBONNEAUX,1 RUE ANDRE ROLLY,ENSEIGNEMENT ET FORMATION,Enseignement du premier degré,Ecole élémentaire,166.46666463723,-22.273716213111,etablissements_publics_nc,52,1816,Magenta Tours
municipales_2020,1,,,988,98818,Nouméa,NOUMEA,0020,1048,564,484,561,1,2,4,LDVC,MANUOHALALO,Magali,F,Magali MANUOHALALO,"NOUMEA AUTREMENT, UNE VILLE POUR TOUS LES NOUMEENS",25,2.39,4.46,,École Antoinette CHARBONNEAUX,ECOLE ANTOINETTE CHARBONNEAUX,0.879,Ecole Antoinette CHARBONNEAUX,1 RUE ANDRE ROLLY,ENSEIGNEMENT ET FORMATION,Enseignement du premier degré,Ecole élémentaire,166.46666463723,-22.273716213111,etablissements_publics_nc,52,1816,Magenta Tours
municipales_2020,1,,,988,98818,Nouméa,NOUMEA,0020,1048,564,484,561,1,2,5,LDVD,LAGARDE,Sonia,F,Sonia LAGARDE,"AVEC VOUS, POUR NOUMEA",477,45.52,85.03,,École Antoinette CHARBONNEAUX,ECOLE ANTOINETTE CHARBONNEAUX,0.879,Ecole Antoinette CHARBONNEAUX,1 RUE ANDRE ROLLY,ENSEIGNEMENT ET FORMATION,Enseignement du premier degré,Ecole élémentaire,166.46666463723,-22.273716213111,etablissements_publics_nc,52,1816,Magenta Tours
municipales_2020,1,,,988,98818,Nouméa,NOUMEA,0020,1048,564,484,561,1,2,6,LDVC,LINOSSIER,Cherifa,F,Cherifa LINOSSIER,"NOS QUARTIERS, NOTRE VILLE",22,2.1,3.92,,École Antoinette CHARBONNEAUX,ECOLE ANTOINETTE CHARBONNEAUX,0.879,Ecole Antoinette CHARBONNEAUX,1 RUE ANDRE ROLLY,ENSEIGNEMENT ET FORMATION,Enseignement du premier degré,Ecole élémentaire,166.46666463723,-22.273716213111,etablissements_publics_nc,52,1816,Magenta Tours
municipales_2020,1,,,988,98818,Nouméa,NOUMEA,0020,1048,564,484,561,1,2,7,LDIV,RAILATI,Bilo,M,Bilo RAILATI,NÂ BWAU,0,0,0,,École Antoinette CHARBONNEAUX,ECOLE ANTOINETTE CHARBONNEAUX,0.879,Ecole Antoinette CHARBONNEAUX,1 RUE ANDRE ROLLY,ENSEIGNEMENT ET FORMATION,Enseignement du premier degré,Ecole élémentaire,166.46666463723,-22.273716213111,etablissements_publics_nc,52,1816,Magenta Tours
municipales_2020,1,,,988,98818,Nouméa,NOUMEA,0021,1255,620,635,606,12,2,1,LDIV,FALAEO,Veylma,F,Veylma FALAEO,"NOUMEA, C'EST VOUS !",5,0.4,0.83,,École Marie HAVET 1,ECOLE MARIE HAVET,0.841,Ecole Marie HAVET,231 RUE ARNOLD DALY,ENSEIGNEMENT ET FORMATION,Enseignement du premier degré,Ecole primaire,166.471138313555,-22.2828880563017,etablissements_publics_nc,54,1818,Ouémo
municipales_2020,1,,,988,98818,Nouméa,NOUMEA,0021,1255,620,635,606,12,2,2,LDVC,BERART,Emmanuel,M,Emmanuel BERART,"Générations Nouméa, un nouvel horizon",24,1.91,3.96,,École Marie HAVET 1,ECOLE MARIE HAVET,0.841,Ecole Marie HAVET,231 RUE ARNOLD DALY,ENSEIGNEMENT ET FORMATION,Enseignement du premier degré,Ecole primaire,166.471138313555,-22.2828880563017,etablissements_publics_nc,54,1818,Ouémo
municipales_2020,1,,,988,98818,Nouméa,NOUMEA,0021,1255,620,635,606,12,2,3,LREG,BOANEMOA,Joseph,M,Joseph BOANEMOA,UNITE PAYS,17,1.35,2.81,,École Marie HAVET 1,ECOLE MARIE HAVET,0.841,Ecole Marie HAVET,231 RUE ARNOLD DALY,ENSEIGNEMENT ET FORMATION,Enseignement du premier degré,Ecole primaire,166.471138313555,-22.2828880563017,etablissements_publics_nc,54,1818,Ouémo
municipales_2020,1,,,988,98818,Nouméa,NOUMEA,0021,1255,620,635,606,12,2,4,LDVC,MANUOHALALO,Magali,F,Magali MANUOHALALO,"NOUMEA AUTREMENT, UNE VILLE POUR TOUS LES NOUMEENS",34,2.71,5.61,,École Marie HAVET 1,ECOLE MARIE HAVET,0.841,Ecole Marie HAVET,231 RUE ARNOLD DALY,ENSEIGNEMENT ET FORMATION,Enseignement du premier degré,Ecole primaire,166.471138313555,-22.2828880563017,etablissements_publics_nc,54,1818,Ouémo
municipales_2020,1,,,988,98818,Nouméa,NOUMEA,0021,1255,620,635,606,12,2,5,LDVD,LAGARDE,Sonia,F,Sonia LAGARDE,"AVEC VOUS, POUR NOUMEA",496,39.52,81.85,,École Marie HAVET 1,ECOLE MARIE HAVET,0.841,Ecole Marie HAVET,231 RUE ARNOLD DALY,ENSEIGNEMENT ET FORMATION,Enseignement du premier degré,Ecole primaire,166.471138313555,-22.2828880563017,etablissements_publics_nc,54,1818,Ouémo
municipales_2020,1,,,988,98818,Nouméa,NOUMEA,0021,1255,620,635,606,12,2,6,LDVC,LINOSSIER,Cherifa,F,Cherifa LINOSSIER,"NOS QUARTIERS, NOTRE VILLE",25,1.99,4.13,,École Marie HAVET 1,ECOLE MARIE HAVET,0.841,Ecole Marie HAVET,231 RUE ARNOLD DALY,ENSEIGNEMENT ET FORMATION,Enseignement du premier degré,Ecole primaire,166.471138313555,-22.2828880563017,etablissements_publics_nc,54,1818,Ouémo
municipales_2020,1,,,988,98818,Nouméa,NOUMEA,0021,1255,620,635,606,12,2,7,LDIV,RAILATI,Bilo,M,Bilo RAILATI,NÂ BWAU,5,0.4,0.83,,École Marie HAVET 1,ECOLE MARIE HAVET,0.841,Ecole Marie HAVET,231 RUE ARNOLD DALY,ENSEIGNEMENT ET FORMATION,Enseignement du premier degré,Ecole primaire,166.471138313555,-22.2828880563017,etablissements_publics_nc,54,1818,Ouémo
municipales_2020,1,,,988,98818,Nouméa,NOUMEA,0022,1376,689,687,673,8,8,1,LDIV,FALAEO,Veylma,F,Veylma FALAEO,"NOUMEA, C'EST VOUS !",17,1.24,2.53,,École Marie HAVET 2,ECOLE MARIE HAVET,0.841,Ecole Marie HAVET,231 RUE ARNOLD DALY,ENSEIGNEMENT ET FORMATION,Enseignement du premier degré,Ecole primaire,166.471138313555,-22.2828880563017,etablissements_publics_nc,54,1818,Ouémo
municipales_2020,1,,,988,98818,Nouméa,NOUMEA,0022,1376,689,687,673,8,8,2,LDVC,BERART,Emmanuel,M,Emmanuel BERART,"Générations Nouméa, un nouvel horizon",36,2.62,5.35,,École Marie HAVET 2,ECOLE MARIE HAVET,0.841,Ecole Marie HAVET,231 RUE ARNOLD DALY,ENSEIGNEMENT ET FORMATION,Enseignement du premier degré,Ecole primaire,166.471138313555,-22.2828880563017,etablissements_publics_nc,54,1818,Ouémo
municipales_2020,1,,,988,98818,Nouméa,NOUMEA,0022,1376,689,687,673,8,8,3,LREG,BOANEMOA,Joseph,M,Joseph BOANEMOA,UNITE PAYS,20,1.45,2.97,,École Marie HAVET 2,ECOLE MARIE HAVET,0.841,Ecole Marie HAVET,231 RUE ARNOLD DALY,ENSEIGNEMENT ET FORMATION,Enseignement du premier degré,Ecole primaire,166.471138313555,-22.2828880563017,etablissements_publics_nc,54,1818,Ouémo
municipales_2020,1,,,988,98818,Nouméa,NOUMEA,0022,1376,689,687,673,8,8,4,LDVC,MANUOHALALO,Magali,F,Magali MANUOHALALO,"NOUMEA AUTREMENT, UNE VILLE POUR TOUS LES NOUMEENS",48,3.49,7.13,,École Marie HAVET 2,ECOLE MARIE HAVET,0.841,Ecole Marie HAVET,231 RUE ARNOLD DALY,ENSEIGNEMENT ET FORMATION,Enseignement du premier degré,Ecole primaire,166.471138313555,-22.2828880563017,etablissements_publics_nc,54,1818,Ouémo
municipales_2020,1,,,988,98818,Nouméa,NOUMEA,0022,1376,689,687,673,8,8,5,LDVD,LAGARDE,Sonia,F,Sonia LAGARDE,"AVEC VOUS, POUR NOUMEA",525,38.15,78.01,,École Marie HAVET 2,ECOLE MARIE HAVET,0.841,Ecole Marie HAVET,231 RUE ARNOLD DALY,ENSEIGNEMENT ET FORMATION,Enseignement du premier degré,Ecole primaire,166.471138313555,-22.2828880563017,etablissements_publics_nc,54,1818,Ouémo
municipales_2020,1,,,988,98818,Nouméa,NOUMEA,0022,1376,689,687,673,8,8,6,LDVC,LINOSSIER,Cherifa,F,Cherifa LINOSSIER,"NOS QUARTIERS, NOTRE VILLE",26,1.89,3.86,,École Marie HAVET 2,ECOLE MARIE HAVET,0.841,Ecole Marie HAVET,231 RUE ARNOLD DALY,ENSEIGNEMENT ET FORMATION,Enseignement du premier degré,Ecole primaire,166.471138313555,-22.2828880563017,etablissements_publics_nc,54,1818,Ouémo
municipales_2020,1,,,988,98818,Nouméa,NOUMEA,0022,1376,689,687,673,8,8,7,LDIV,RAILATI,Bilo,M,Bilo RAILATI,NÂ BWAU,1,0.07,0.15,,École Marie HAVET 2,ECOLE MARIE HAVET,0.841,Ecole Marie HAVET,231 RUE ARNOLD DALY,ENSEIGNEMENT ET FORMATION,Enseignement du premier degré,Ecole primaire,166.471138313555,-22.2828880563017,etablissements_publics_nc,54,1818,Ouémo
municipales_2020,1,,,988,98818,Nouméa,NOUMEA,0023,1293,579,714,567,9,3,1,LDIV,FALAEO,Veylma,F,Veylma FALAEO,"NOUMEA, C'EST VOUS !",25,1.93,4.41,,École Christine BOLETTI 1,ECOLE CHRISTINE BOLETTI,0.792,Ecole Christine BOLETTI,10 RUE CHARLES STEINMETZ,ENSEIGNEMENT ET FORMATION,Enseignement du premier degré,Ecole pré-élémentaire,166.465990390657,-22.2661773380247,etablissements_publics_nc,63,1827,Aérodrome Sud
municipales_2020,1,,,988,98818,Nouméa,NOUMEA,0023,1293,579,714,567,9,3,2,LDVC,BERART,Emmanuel,M,Emmanuel BERART,"Générations Nouméa, un nouvel horizon",41,3.17,7.23,,École Christine BOLETTI 1,ECOLE CHRISTINE BOLETTI,0.792,Ecole Christine BOLETTI,10 RUE CHARLES STEINMETZ,ENSEIGNEMENT ET FORMATION,Enseignement du premier degré,Ecole pré-élémentaire,166.465990390657,-22.2661773380247,etablissements_publics_nc,63,1827,Aérodrome Sud
municipales_2020,1,,,988,98818,Nouméa,NOUMEA,0023,1293,579,714,567,9,3,3,LREG,BOANEMOA,Joseph,M,Joseph BOANEMOA,UNITE PAYS,24,1.86,4.23,,École Christine BOLETTI 1,ECOLE CHRISTINE BOLETTI,0.792,Ecole Christine BOLETTI,10 RUE CHARLES STEINMETZ,ENSEIGNEMENT ET FORMATION,Enseignement du premier degré,Ecole pré-élémentaire,166.465990390657,-22.2661773380247,etablissements_publics_nc,63,1827,Aérodrome Sud
municipales_2020,1,,,988,98818,Nouméa,NOUMEA,0023,1293,579,714,567,9,3,4,LDVC,MANUOHALALO,Magali,F,Magali MANUOHALALO,"NOUMEA AUTREMENT, UNE VILLE POUR TOUS LES NOUMEENS",31,2.4,5.47,,École Christine BOLETTI 1,ECOLE CHRISTINE BOLETTI,0.792,Ecole Christine BOLETTI,10 RUE CHARLES STEINMETZ,ENSEIGNEMENT ET FORMATION,Enseignement du premier degré,Ecole pré-élémentaire,166.465990390657,-22.2661773380247,etablissements_publics_nc,63,1827,Aérodrome Sud
municipales_2020,1,,,988,98818,Nouméa,NOUMEA,0023,1293,579,714,567,9,3,5,LDVD,LAGARDE,Sonia,F,Sonia LAGARDE,"AVEC VOUS, POUR NOUMEA",416,32.17,73.37,,École Christine BOLETTI 1,ECOLE CHRISTINE BOLETTI,0.792,Ecole Christine BOLETTI,10 RUE CHARLES STEINMETZ,ENSEIGNEMENT ET FORMATION,Enseignement du premier degré,Ecole pré-élémentaire,166.465990390657,-22.2661773380247,etablissements_publics_nc,63,1827,Aérodrome Sud
municipales_2020,1,,,988,98818,Nouméa,NOUMEA,0023,1293,579,714,567,9,3,6,LDVC,LINOSSIER,Cherifa,F,Cherifa LINOSSIER,"NOS QUARTIERS, NOTRE VILLE",28,2.17,4.94,,École Christine BOLETTI 1,ECOLE CHRISTINE BOLETTI,0.792,Ecole Christine BOLETTI,10 RUE CHARLES STEINMETZ,ENSEIGNEMENT ET FORMATION,Enseignement du premier degré,Ecole pré-élémentaire,166.465990390657,-22.2661773380247,etablissements_publics_nc,63,1827,Aérodrome Sud
municipales_2020,1,,,988,98818,Nouméa,NOUMEA,0023,1293,579,714,567,9,3,7,LDIV,RAILATI,Bilo,M,Bilo RAILATI,NÂ BWAU,2,0.15,0.35,,École Christine BOLETTI 1,ECOLE CHRISTINE BOLETTI,0.792,Ecole Christine BOLETTI,10 RUE CHARLES STEINMETZ,ENSEIGNEMENT ET FORMATION,Enseignement du premier degré,Ecole pré-élémentaire,166.465990390657,-22.2661773380247,etablissements_publics_nc,63,1827,Aérodrome Sud
municipales_2020,1,,,988,98818,Nouméa,NOUMEA,0024,1241,502,739,487,7,8,1,LDIV,FALAEO,Veylma,F,Veylma FALAEO,"NOUMEA, C'EST VOUS !",28,2.26,5.75,,École Christine BOLETTI 2,ECOLE CHRISTINE BOLETTI,0.792,Ecole Christine BOLETTI,10 RUE CHARLES STEINMETZ,ENSEIGNEMENT ET FORMATION,Enseignement du premier degré,Ecole pré-élémentaire,166.465990390657,-22.2661773380247,etablissements_publics_nc,63,1827,Aérodrome Sud
municipales_2020,1,,,988,98818,Nouméa,NOUMEA,0024,1241,502,739,487,7,8,2,LDVC,BERART,Emmanuel,M,Emmanuel BERART,"Générations Nouméa, un nouvel horizon",36,2.9,7.39,,École Christine BOLETTI 2,ECOLE CHRISTINE BOLETTI,0.792,Ecole Christine BOLETTI,10 RUE CHARLES STEINMETZ,ENSEIGNEMENT ET FORMATION,Enseignement du premier degré,Ecole pré-élémentaire,166.465990390657,-22.2661773380247,etablissements_publics_nc,63,1827,Aérodrome Sud
municipales_2020,1,,,988,98818,Nouméa,NOUMEA,0024,1241,502,739,487,7,8,3,LREG,BOANEMOA,Joseph,M,Joseph BOANEMOA,UNITE PAYS,89,7.17,18.28,,École Christine BOLETTI 2,ECOLE CHRISTINE BOLETTI,0.792,Ecole Christine BOLETTI,10 RUE CHARLES STEINMETZ,ENSEIGNEMENT ET FORMATION,Enseignement du premier degré,Ecole pré-élémentaire,166.465990390657,-22.2661773380247,etablissements_publics_nc,63,1827,Aérodrome Sud
municipales_2020,1,,,988,98818,Nouméa,NOUMEA,0024,1241,502,739,487,7,8,4,LDVC,MANUOHALALO,Magali,F,Magali MANUOHALALO,"NOUMEA AUTREMENT, UNE VILLE POUR TOUS LES NOUMEENS",49,3.95,10.06,,École Christine BOLETTI 2,ECOLE CHRISTINE BOLETTI,0.792,Ecole Christine BOLETTI,10 RUE CHARLES STEINMETZ,ENSEIGNEMENT ET FORMATION,Enseignement du premier degré,Ecole pré-élémentaire,166.465990390657,-22.2661773380247,etablissements_publics_nc,63,1827,Aérodrome Sud
municipales_2020,1,,,988,98818,Nouméa,NOUMEA,0024,1241,502,739,487,7,8,5,LDVD,LAGARDE,Sonia,F,Sonia LAGARDE,"AVEC VOUS, POUR NOUMEA",248,19.98,50.92,,École Christine BOLETTI 2,ECOLE CHRISTINE BOLETTI,0.792,Ecole Christine BOLETTI,10 RUE CHARLES STEINMETZ,ENSEIGNEMENT ET FORMATION,Enseignement du premier degré,Ecole pré-élémentaire,166.465990390657,-22.2661773380247,etablissements_publics_nc,63,1827,Aérodrome Sud
municipales_2020,1,,,988,98818,Nouméa,NOUMEA,0024,1241,502,739,487,7,8,6,LDVC,LINOSSIER,Cherifa,F,Cherifa LINOSSIER,"NOS QUARTIERS, NOTRE VILLE",21,1.69,4.31,,École Christine BOLETTI 2,ECOLE CHRISTINE BOLETTI,0.792,Ecole Christine BOLETTI,10 RUE CHARLES STEINMETZ,ENSEIGNEMENT ET FORMATION,Enseignement du premier degré,Ecole pré-élémentaire,166.465990390657,-22.2661773380247,etablissements_publics_nc,63,1827,Aérodrome Sud
municipales_2020,1,,,988,98818,Nouméa,NOUMEA,0024,1241,502,739,487,7,8,7,LDIV,RAILATI,Bilo,M,Bilo RAILATI,NÂ BWAU,16,1.29,3.29,,École Christine BOLETTI 2,ECOLE CHRISTINE BOLETTI,0.792,Ecole Christine BOLETTI,10 RUE CHARLES STEINMETZ,ENSEIGNEMENT ET FORMATION,Enseignement du premier degré,Ecole pré-élémentaire,166.465990390657,-22.2661773380247,etablissements_publics_nc,63,1827,Aérodrome Sud
municipales_2020,1,,,988,98818,Nouméa,NOUMEA,0025,1258,619,639,610,6,3,1,LDIV,FALAEO,Veylma,F,Veylma FALAEO,"NOUMEA, C'EST VOUS !",8,0.64,1.31,,École Michel CACOT 1,ECOLE MICHEL CACOT,0.85,Ecole Michel CACOT,231 RUE ARMAND OHLEN,ENSEIGNEMENT ET FORMATION,Enseignement du premier degré,Ecole primaire,166.463652223431,-22.2662199324801,etablissements_publics_nc,62,1826,Portes de Fer - Sud
municipales_2020,1,,,988,98818,Nouméa,NOUMEA,0025,1258,619,639,610,6,3,2,LDVC,BERART,Emmanuel,M,Emmanuel BERART,"Générations Nouméa, un nouvel horizon",28,2.23,4.59,,École Michel CACOT 1,ECOLE MICHEL CACOT,0.85,Ecole Michel CACOT,231 RUE ARMAND OHLEN,ENSEIGNEMENT ET FORMATION,Enseignement du premier degré,Ecole primaire,166.463652223431,-22.2662199324801,etablissements_publics_nc,62,1826,Portes de Fer - Sud
municipales_2020,1,,,988,98818,Nouméa,NOUMEA,0025,1258,619,639,610,6,3,3,LREG,BOANEMOA,Joseph,M,Joseph BOANEMOA,UNITE PAYS,27,2.15,4.43,,École Michel CACOT 1,ECOLE MICHEL CACOT,0.85,Ecole Michel CACOT,231 RUE ARMAND OHLEN,ENSEIGNEMENT ET FORMATION,Enseignement du premier degré,Ecole primaire,166.463652223431,-22.2662199324801,etablissements_publics_nc,62,1826,Portes de Fer - Sud
municipales_2020,1,,,988,98818,Nouméa,NOUMEA,0025,1258,619,639,610,6,3,4,LDVC,MANUOHALALO,Magali,F,Magali MANUOHALALO,"NOUMEA AUTREMENT, UNE VILLE POUR TOUS LES NOUMEENS",27,2.15,4.43,,École Michel CACOT 1,ECOLE MICHEL CACOT,0.85,Ecole Michel CACOT,231 RUE ARMAND OHLEN,ENSEIGNEMENT ET FORMATION,Enseignement du premier degré,Ecole primaire,166.463652223431,-22.2662199324801,etablissements_publics_nc,62,1826,Portes de Fer - Sud
municipales_2020,1,,,988,98818,Nouméa,NOUMEA,0025,1258,619,639,610,6,3,5,LDVD,LAGARDE,Sonia,F,Sonia LAGARDE,"AVEC VOUS, POUR NOUMEA",481,38.24,78.85,,École Michel CACOT 1,ECOLE MICHEL CACOT,0.85,Ecole Michel CACOT,231 RUE ARMAND OHLEN,ENSEIGNEMENT ET FORMATION,Enseignement du premier degré,Ecole primaire,166.463652223431,-22.2662199324801,etablissements_publics_nc,62,1826,Portes de Fer - Sud
municipales_2020,1,,,988,98818,Nouméa,NOUMEA,0025,1258,619,639,610,6,3,6,LDVC,LINOSSIER,Cherifa,F,Cherifa LINOSSIER,"NOS QUARTIERS, NOTRE VILLE",32,2.54,5.25,,École Michel CACOT 1,ECOLE MICHEL CACOT,0.85,Ecole Michel CACOT,231 RUE ARMAND OHLEN,ENSEIGNEMENT ET FORMATION,Enseignement du premier degré,Ecole primaire,166.463652223431,-22.2662199324801,etablissements_publics_nc,62,1826,Portes de Fer - Sud
municipales_2020,1,,,988,98818,Nouméa,NOUMEA,0025,1258,619,639,610,6,3,7,LDIV,RAILATI,Bilo,M,Bilo RAILATI,NÂ BWAU,7,0.56,1.15,,École Michel CACOT 1,ECOLE MICHEL CACOT,0.85,Ecole Michel CACOT,231 RUE ARMAND OHLEN,ENSEIGNEMENT ET FORMATION,Enseignement du premier degré,Ecole primaire,166.463652223431,-22.2662199324801,etablissements_publics_nc,62,1826,Portes de Fer - Sud
municipales_2020,1,,,988,98818,Nouméa,NOUMEA,0026,1414,596,818,576,17,3,1,LDIV,FALAEO,Veylma,F,Veylma FALAEO,"NOUMEA, C'EST VOUS !",21,1.49,3.65,,École Michel CACOT 2,ECOLE MICHEL CACOT,0.85,Ecole Michel CACOT,231 RUE ARMAND OHLEN,ENSEIGNEMENT ET FORMATION,Enseignement du premier degré,Ecole primaire,166.463652223431,-22.2662199324801,etablissements_publics_nc,62,1826,Portes de Fer - Sud
municipales_2020,1,,,988,98818,Nouméa,NOUMEA,0026,1414,596,818,576,17,3,2,LDVC,BERART,Emmanuel,M,Emmanuel BERART,"Générations Nouméa, un nouvel horizon",37,2.62,6.42,,École Michel CACOT 2,ECOLE MICHEL CACOT,0.85,Ecole Michel CACOT,231 RUE ARMAND OHLEN,ENSEIGNEMENT ET FORMATION,Enseignement du premier degré,Ecole primaire,166.463652223431,-22.2662199324801,etablissements_publics_nc,62,1826,Portes de Fer - Sud
municipales_2020,1,,,988,98818,Nouméa,NOUMEA,0026,1414,596,818,576,17,3,3,LREG,BOANEMOA,Joseph,M,Joseph BOANEMOA,UNITE PAYS,17,1.2,2.95,,École Michel CACOT 2,ECOLE MICHEL CACOT,0.85,Ecole Michel CACOT,231 RUE ARMAND OHLEN,ENSEIGNEMENT ET FORMATION,Enseignement du premier degré,Ecole primaire,166.463652223431,-22.2662199324801,etablissements_publics_nc,62,1826,Portes de Fer - Sud
municipales_2020,1,,,988,98818,Nouméa,NOUMEA,0026,1414,596,818,576,17,3,4,LDVC,MANUOHALALO,Magali,F,Magali MANUOHALALO,"NOUMEA AUTREMENT, UNE VILLE POUR TOUS LES NOUMEENS",53,3.75,9.2,,École Michel CACOT 2,ECOLE MICHEL CACOT,0.85,Ecole Michel CACOT,231 RUE ARMAND OHLEN,ENSEIGNEMENT ET FORMATION,Enseignement du premier degré,Ecole primaire,166.463652223431,-22.2662199324801,etablissements_publics_nc,62,1826,Portes de Fer - Sud
municipales_2020,1,,,988,98818,Nouméa,NOUMEA,0026,1414,596,818,576,17,3,5,LDVD,LAGARDE,Sonia,F,Sonia LAGARDE,"AVEC VOUS, POUR NOUMEA",414,29.28,71.88,,École Michel CACOT 2,ECOLE MICHEL CACOT,0.85,Ecole Michel CACOT,231 RUE ARMAND OHLEN,ENSEIGNEMENT ET FORMATION,Enseignement du premier degré,Ecole primaire,166.463652223431,-22.2662199324801,etablissements_publics_nc,62,1826,Portes de Fer - Sud
municipales_2020,1,,,988,98818,Nouméa,NOUMEA,0026,1414,596,818,576,17,3,6,LDVC,LINOSSIER,Cherifa,F,Cherifa LINOSSIER,"NOS QUARTIERS, NOTRE VILLE",32,2.26,5.56,,École Michel CACOT 2,ECOLE MICHEL CACOT,0.85,Ecole Michel CACOT,231 RUE ARMAND OHLEN,ENSEIGNEMENT ET FORMATION,Enseignement du premier degré,Ecole primaire,166.463652223431,-22.2662199324801,etablissements_publics_nc,62,1826,Portes de Fer - Sud
municipales_2020,1,,,988,98818,Nouméa,NOUMEA,0026,1414,596,818,576,17,3,7,LDIV,RAILATI,Bilo,M,Bilo RAILATI,NÂ BWAU,2,0.14,0.35,,École Michel CACOT 2,ECOLE MICHEL CACOT,0.85,Ecole Michel CACOT,231 RUE ARMAND OHLEN,ENSEIGNEMENT ET FORMATION,Enseignement du premier degré,Ecole primaire,166.463652223431,-22.2662199324801,etablissements_publics_nc,62,1826,Portes de Fer - Sud
municipales_2020,1,,,988,98818,Nouméa,NOUMEA,0027,1164,423,741,410,7,6,1,LDIV,FALAEO,Veylma,F,Veylma FALAEO,"NOUMEA, C'EST VOUS !",26,2.23,6.34,,École Céline TEYSSANDIER de LAUBAREDE,ECOLE CELINE TEYSSANDIER LAUBAREDE,0.933,Ecole primaire Céline TEYSSANDIER DE LAUBAREDE,29 ROUTE DES DEUX VALLEES - RUE JACQUES BARRAU,ENSEIGNEMENT ET FORMATION,Enseignement du premier degré,Ecole primaire,166.445705500987,-22.2640017751327,etablissements_publics_nc,60,1824,Vallée du Tir
municipales_2020,1,,,988,98818,Nouméa,NOUMEA,0027,1164,423,741,410,7,6,2,LDVC,BERART,Emmanuel,M,Emmanuel BERART,"Générations Nouméa, un nouvel horizon",27,2.32,6.59,,École Céline TEYSSANDIER de LAUBAREDE,ECOLE CELINE TEYSSANDIER LAUBAREDE,0.933,Ecole primaire Céline TEYSSANDIER DE LAUBAREDE,29 ROUTE DES DEUX VALLEES - RUE JACQUES BARRAU,ENSEIGNEMENT ET FORMATION,Enseignement du premier degré,Ecole primaire,166.445705500987,-22.2640017751327,etablissements_publics_nc,60,1824,Vallée du Tir
municipales_2020,1,,,988,98818,Nouméa,NOUMEA,0027,1164,423,741,410,7,6,3,LREG,BOANEMOA,Joseph,M,Joseph BOANEMOA,UNITE PAYS,92,7.9,22.44,,École Céline TEYSSANDIER de LAUBAREDE,ECOLE CELINE TEYSSANDIER LAUBAREDE,0.933,Ecole primaire Céline TEYSSANDIER DE LAUBAREDE,29 ROUTE DES DEUX VALLEES - RUE JACQUES BARRAU,ENSEIGNEMENT ET FORMATION,Enseignement du premier degré,Ecole primaire,166.445705500987,-22.2640017751327,etablissements_publics_nc,60,1824,Vallée du Tir
municipales_2020,1,,,988,98818,Nouméa,NOUMEA,0027,1164,423,741,410,7,6,4,LDVC,MANUOHALALO,Magali,F,Magali MANUOHALALO,"NOUMEA AUTREMENT, UNE VILLE POUR TOUS LES NOUMEENS",51,4.38,12.44,,École Céline TEYSSANDIER de LAUBAREDE,ECOLE CELINE TEYSSANDIER LAUBAREDE,0.933,Ecole primaire Céline TEYSSANDIER DE LAUBAREDE,29 ROUTE DES DEUX VALLEES - RUE JACQUES BARRAU,ENSEIGNEMENT ET FORMATION,Enseignement du premier degré,Ecole primaire,166.445705500987,-22.2640017751327,etablissements_publics_nc,60,1824,Vallée du Tir
municipales_2020,1,,,988,98818,Nouméa,NOUMEA,0027,1164,423,741,410,7,6,5,LDVD,LAGARDE,Sonia,F,Sonia LAGARDE,"AVEC VOUS, POUR NOUMEA",180,15.46,43.9,,École Céline TEYSSANDIER de LAUBAREDE,ECOLE CELINE TEYSSANDIER LAUBAREDE,0.933,Ecole primaire Céline TEYSSANDIER DE LAUBAREDE,29 ROUTE DES DEUX VALLEES - RUE JACQUES BARRAU,ENSEIGNEMENT ET FORMATION,Enseignement du premier degré,Ecole primaire,166.445705500987,-22.2640017751327,etablissements_publics_nc,60,1824,Vallée du Tir
municipales_2020,1,,,988,98818,Nouméa,NOUMEA,0027,1164,423,741,410,7,6,6,LDVC,LINOSSIER,Cherifa,F,Cherifa LINOSSIER,"NOS QUARTIERS, NOTRE VILLE",15,1.29,3.66,,École Céline TEYSSANDIER de LAUBAREDE,ECOLE CELINE TEYSSANDIER LAUBAREDE,0.933,Ecole primaire Céline TEYSSANDIER DE LAUBAREDE,29 ROUTE DES DEUX VALLEES - RUE JACQUES BARRAU,ENSEIGNEMENT ET FORMATION,Enseignement du premier degré,Ecole primaire,166.445705500987,-22.2640017751327,etablissements_publics_nc,60,1824,Vallée du Tir
municipales_2020,1,,,988,98818,Nouméa,NOUMEA,0027,1164,423,741,410,7,6,7,LDIV,RAILATI,Bilo,M,Bilo RAILATI,NÂ BWAU,19,1.63,4.63,,École Céline TEYSSANDIER de LAUBAREDE,ECOLE CELINE TEYSSANDIER LAUBAREDE,0.933,Ecole primaire Céline TEYSSANDIER DE LAUBAREDE,29 ROUTE DES DEUX VALLEES - RUE JACQUES BARRAU,ENSEIGNEMENT ET FORMATION,Enseignement du premier degré,Ecole primaire,166.445705500987,-22.2640017751327,etablissements_publics_nc,60,1824,Vallée du Tir
municipales_2020,1,,,988,98818,Nouméa,NOUMEA,0028,1284,435,849,423,11,1,1,LDIV,FALAEO,Veylma,F,Veylma FALAEO,"NOUMEA, C'EST VOUS !",46,3.58,10.87,,École Gustave MOUCHET 1,ECOLE GUSTAVE MOUCHET,0.874,Ecole Gustave MOUCHET,8 RUE DES FRERES CHARPENTIER,ENSEIGNEMENT ET FORMATION,Enseignement du premier degré,Ecole primaire,166.454414703061,-22.2504501881193,etablissements_publics_nc,64,1828,Portes de Fer - Nord
municipales_2020,1,,,988,98818,Nouméa,NOUMEA,0028,1284,435,849,423,11,1,2,LDVC,BERART,Emmanuel,M,Emmanuel BERART,"Générations Nouméa, un nouvel horizon",14,1.09,3.31,,École Gustave MOUCHET 1,ECOLE GUSTAVE MOUCHET,0.874,Ecole Gustave MOUCHET,8 RUE DES FRERES CHARPENTIER,ENSEIGNEMENT ET FORMATION,Enseignement du premier degré,Ecole primaire,166.454414703061,-22.2504501881193,etablissements_publics_nc,64,1828,Portes de Fer - Nord
municipales_2020,1,,,988,98818,Nouméa,NOUMEA,0028,1284,435,849,423,11,1,3,LREG,BOANEMOA,Joseph,M,Joseph BOANEMOA,UNITE PAYS,181,14.1,42.79,,École Gustave MOUCHET 1,ECOLE GUSTAVE MOUCHET,0.874,Ecole Gustave MOUCHET,8 RUE DES FRERES CHARPENTIER,ENSEIGNEMENT ET FORMATION,Enseignement du premier degré,Ecole primaire,166.454414703061,-22.2504501881193,etablissements_publics_nc,64,1828,Portes de Fer - Nord
municipales_2020,1,,,988,98818,Nouméa,NOUMEA,0028,1284,435,849,423,11,1,4,LDVC,MANUOHALALO,Magali,F,Magali MANUOHALALO,"NOUMEA AUTREMENT, UNE VILLE POUR TOUS LES NOUMEENS",29,2.26,6.86,,École Gustave MOUCHET 1,ECOLE GUSTAVE MOUCHET,0.874,Ecole Gustave MOUCHET,8 RUE DES FRERES CHARPENTIER,ENSEIGNEMENT ET FORMATION,Enseignement du premier degré,Ecole primaire,166.454414703061,-22.2504501881193,etablissements_publics_nc,64,1828,Portes de Fer - Nord
municipales_2020,1,,,988,98818,Nouméa,NOUMEA,0028,1284,435,849,423,11,1,5,LDVD,LAGARDE,Sonia,F,Sonia LAGARDE,"AVEC VOUS, POUR NOUMEA",95,7.4,22.46,,École Gustave MOUCHET 1,ECOLE GUSTAVE MOUCHET,0.874,Ecole Gustave MOUCHET,8 RUE DES FRERES CHARPENTIER,ENSEIGNEMENT ET FORMATION,Enseignement du premier degré,Ecole primaire,166.454414703061,-22.2504501881193,etablissements_publics_nc,64,1828,Portes de Fer - Nord
municipales_2020,1,,,988,98818,Nouméa,NOUMEA,0028,1284,435,849,423,11,1,6,LDVC,LINOSSIER,Cherifa,F,Cherifa LINOSSIER,"NOS QUARTIERS, NOTRE VILLE",7,0.55,1.65,,École Gustave MOUCHET 1,ECOLE GUSTAVE MOUCHET,0.874,Ecole Gustave MOUCHET,8 RUE DES FRERES CHARPENTIER,ENSEIGNEMENT ET FORMATION,Enseignement du premier degré,Ecole primaire,166.454414703061,-22.2504501881193,etablissements_publics_nc,64,1828,Portes de Fer - Nord
municipales_2020,1,,,988,98818,Nouméa,NOUMEA,0028,1284,435,849,423,11,1,7,LDIV,RAILATI,Bilo,M,Bilo RAILATI,NÂ BWAU,51,3.97,12.06,,École Gustave MOUCHET 1,ECOLE GUSTAVE MOUCHET,0.874,Ecole Gustave MOUCHET,8 RUE DES FRERES CHARPENTIER,ENSEIGNEMENT ET FORMATION,Enseignement du premier degré,Ecole primaire,166.454414703061,-22.2504501881193,etablissements_publics_nc,64,1828,Portes de Fer - Nord
municipales_2020,1,,,988,98818,Nouméa,NOUMEA,0029,1184,363,821,355,3,5,1,LDIV,FALAEO,Veylma,F,Veylma FALAEO,"NOUMEA, C'EST VOUS !",45,3.8,12.68,,École Gustave MOUCHET 2,ECOLE GUSTAVE MOUCHET,0.874,Ecole Gustave MOUCHET,8 RUE DES FRERES CHARPENTIER,ENSEIGNEMENT ET FORMATION,Enseignement du premier degré,Ecole primaire,166.454414703061,-22.2504501881193,etablissements_publics_nc,64,1828,Portes de Fer - Nord
municipales_2020,1,,,988,98818,Nouméa,NOUMEA,0029,1184,363,821,355,3,5,2,LDVC,BERART,Emmanuel,M,Emmanuel BERART,"Générations Nouméa, un nouvel horizon",17,1.44,4.79,,École Gustave MOUCHET 2,ECOLE GUSTAVE MOUCHET,0.874,Ecole Gustave MOUCHET,8 RUE DES FRERES CHARPENTIER,ENSEIGNEMENT ET FORMATION,Enseignement du premier degré,Ecole primaire,166.454414703061,-22.2504501881193,etablissements_publics_nc,64,1828,Portes de Fer - Nord
municipales_2020,1,,,988,98818,Nouméa,NOUMEA,0029,1184,363,821,355,3,5,3,LREG,BOANEMOA,Joseph,M,Joseph BOANEMOA,UNITE PAYS,77,6.5,21.69,,École Gustave MOUCHET 2,ECOLE GUSTAVE MOUCHET,0.874,Ecole Gustave MOUCHET,8 RUE DES FRERES CHARPENTIER,ENSEIGNEMENT ET FORMATION,Enseignement du premier degré,Ecole primaire,166.454414703061,-22.2504501881193,etablissements_publics_nc,64,1828,Portes de Fer - Nord
municipales_2020,1,,,988,98818,Nouméa,NOUMEA,0029,1184,363,821,355,3,5,4,LDVC,MANUOHALALO,Magali,F,Magali MANUOHALALO,"NOUMEA AUTREMENT, UNE VILLE POUR TOUS LES NOUMEENS",27,2.28,7.61,,École Gustave MOUCHET 2,ECOLE GUSTAVE MOUCHET,0.874,Ecole Gustave MOUCHET,8 RUE DES FRERES CHARPENTIER,ENSEIGNEMENT ET FORMATION,Enseignement du premier degré,Ecole primaire,166.454414703061,-22.2504501881193,etablissements_publics_nc,64,1828,Portes de Fer - Nord
municipales_2020,1,,,988,98818,Nouméa,NOUMEA,0029,1184,363,821,355,3,5,5,LDVD,LAGARDE,Sonia,F,Sonia LAGARDE,"AVEC VOUS, POUR NOUMEA",143,12.08,40.28,,École Gustave MOUCHET 2,ECOLE GUSTAVE MOUCHET,0.874,Ecole Gustave MOUCHET,8 RUE DES FRERES CHARPENTIER,ENSEIGNEMENT ET FORMATION,Enseignement du premier degré,Ecole primaire,166.454414703061,-22.2504501881193,etablissements_publics_nc,64,1828,Portes de Fer - Nord
municipales_2020,1,,,988,98818,Nouméa,NOUMEA,0029,1184,363,821,355,3,5,6,LDVC,LINOSSIER,Cherifa,F,Cherifa LINOSSIER,"NOS QUARTIERS, NOTRE VILLE",6,0.51,1.69,,École Gustave MOUCHET 2,ECOLE GUSTAVE MOUCHET,0.874,Ecole Gustave MOUCHET,8 RUE DES FRERES CHARPENTIER,ENSEIGNEMENT ET FORMATION,Enseignement du premier degré,Ecole primaire,166.454414703061,-22.2504501881193,etablissements_publics_nc,64,1828,Portes de Fer - Nord
municipales_2020,1,,,988,98818,Nouméa,NOUMEA,0029,1184,363,821,355,3,5,7,LDIV,RAILATI,Bilo,M,Bilo RAILATI,NÂ BWAU,40,3.38,11.27,,École Gustave MOUCHET 2,ECOLE GUSTAVE MOUCHET,0.874,Ecole Gustave MOUCHET,8 RUE DES FRERES CHARPENTIER,ENSEIGNEMENT ET FORMATION,Enseignement du premier degré,Ecole primaire,166.454414703061,-22.2504501881193,etablissements_publics_nc,64,1828,Portes de Fer - Nord
municipales_2020,1,,,988,98818,Nouméa,NOUMEA,0030,1350,612,738,587,18,7,1,LDIV,FALAEO,Veylma,F,Veylma FALAEO,"NOUMEA, C'EST VOUS !",70,5.19,11.93,,École Mathilde BROQUET 1,ECOLE MATHILDE BROQUET,0.836,Ecole Mathilde BROQUET,24 RUE PIERRE ARTIGUE,ENSEIGNEMENT ET FORMATION,Enseignement du premier degré,Ecole élémentaire,166.467549840387,-22.256293239868,etablissements_publics_nc,63,1827,Aérodrome Sud
municipales_2020,1,,,988,98818,Nouméa,NOUMEA,0030,1350,612,738,587,18,7,2,LDVC,BERART,Emmanuel,M,Emmanuel BERART,"Générations Nouméa, un nouvel horizon",29,2.15,4.94,,École Mathilde BROQUET 1,ECOLE MATHILDE BROQUET,0.836,Ecole Mathilde BROQUET,24 RUE PIERRE ARTIGUE,ENSEIGNEMENT ET FORMATION,Enseignement du premier degré,Ecole élémentaire,166.467549840387,-22.256293239868,etablissements_publics_nc,63,1827,Aérodrome Sud
municipales_2020,1,,,988,98818,Nouméa,NOUMEA,0030,1350,612,738,587,18,7,3,LREG,BOANEMOA,Joseph,M,Joseph BOANEMOA,UNITE PAYS,73,5.41,12.44,,École Mathilde BROQUET 1,ECOLE MATHILDE BROQUET,0.836,Ecole Mathilde BROQUET,24 RUE PIERRE ARTIGUE,ENSEIGNEMENT ET FORMATION,Enseignement du premier degré,Ecole élémentaire,166.467549840387,-22.256293239868,etablissements_publics_nc,63,1827,Aérodrome Sud
municipales_2020,1,,,988,98818,Nouméa,NOUMEA,0030,1350,612,738,587,18,7,4,LDVC,MANUOHALALO,Magali,F,Magali MANUOHALALO,"NOUMEA AUTREMENT, UNE VILLE POUR TOUS LES NOUMEENS",54,4,9.2,,École Mathilde BROQUET 1,ECOLE MATHILDE BROQUET,0.836,Ecole Mathilde BROQUET,24 RUE PIERRE ARTIGUE,ENSEIGNEMENT ET FORMATION,Enseignement du premier degré,Ecole élémentaire,166.467549840387,-22.256293239868,etablissements_publics_nc,63,1827,Aérodrome Sud
municipales_2020,1,,,988,98818,Nouméa,NOUMEA,0030,1350,612,738,587,18,7,5,LDVD,LAGARDE,Sonia,F,Sonia LAGARDE,"AVEC VOUS, POUR NOUMEA",326,24.15,55.54,,École Mathilde BROQUET 1,ECOLE MATHILDE BROQUET,0.836,Ecole Mathilde BROQUET,24 RUE PIERRE ARTIGUE,ENSEIGNEMENT ET FORMATION,Enseignement du premier degré,Ecole élémentaire,166.467549840387,-22.256293239868,etablissements_publics_nc,63,1827,Aérodrome Sud
municipales_2020,1,,,988,98818,Nouméa,NOUMEA,0030,1350,612,738,587,18,7,6,LDVC,LINOSSIER,Cherifa,F,Cherifa LINOSSIER,"NOS QUARTIERS, NOTRE VILLE",25,1.85,4.26,,École Mathilde BROQUET 1,ECOLE MATHILDE BROQUET,0.836,Ecole Mathilde BROQUET,24 RUE PIERRE ARTIGUE,ENSEIGNEMENT ET FORMATION,Enseignement du premier degré,Ecole élémentaire,166.467549840387,-22.256293239868,etablissements_publics_nc,63,1827,Aérodrome Sud
municipales_2020,1,,,988,98818,Nouméa,NOUMEA,0030,1350,612,738,587,18,7,7,LDIV,RAILATI,Bilo,M,Bilo RAILATI,NÂ BWAU,10,0.74,1.7,,École Mathilde BROQUET 1,ECOLE MATHILDE BROQUET,0.836,Ecole Mathilde BROQUET,24 RUE PIERRE ARTIGUE,ENSEIGNEMENT ET FORMATION,Enseignement du premier degré,Ecole élémentaire,166.467549840387,-22.256293239868,etablissements_publics_nc,63,1827,Aérodrome Sud
municipales_2020,1,,,988,98818,Nouméa,NOUMEA,0031,1425,598,827,578,15,5,1,LDIV,FALAEO,Veylma,F,Veylma FALAEO,"NOUMEA, C'EST VOUS !",69,4.84,11.94,,École Marie COURTOT 1,ECOLE MARIE COURTOT,0.859,Ecole Marie COURTOT,234 RUE JACQUES IEKAWE,ENSEIGNEMENT ET FORMATION,Enseignement du premier degré,Ecole primaire,166.470464378859,-22.2425220070829,etablissements_publics_nc,70,1834,PK 6 Nord
municipales_2020,1,,,988,98818,Nouméa,NOUMEA,0031,1425,598,827,578,15,5,2,LDVC,BERART,Emmanuel,M,Emmanuel BERART,"Générations Nouméa, un nouvel horizon",27,1.89,4.67,,École Marie COURTOT 1,ECOLE MARIE COURTOT,0.859,Ecole Marie COURTOT,234 RUE JACQUES IEKAWE,ENSEIGNEMENT ET FORMATION,Enseignement du premier degré,Ecole primaire,166.470464378859,-22.2425220070829,etablissements_publics_nc,70,1834,PK 6 Nord
municipales_2020,1,,,988,98818,Nouméa,NOUMEA,0031,1425,598,827,578,15,5,3,LREG,BOANEMOA,Joseph,M,Joseph BOANEMOA,UNITE PAYS,83,5.82,14.36,,École Marie COURTOT 1,ECOLE MARIE COURTOT,0.859,Ecole Marie COURTOT,234 RUE JACQUES IEKAWE,ENSEIGNEMENT ET FORMATION,Enseignement du premier degré,Ecole primaire,166.470464378859,-22.2425220070829,etablissements_publics_nc,70,1834,PK 6 Nord
municipales_2020,1,,,988,98818,Nouméa,NOUMEA,0031,1425,598,827,578,15,5,4,LDVC,MANUOHALALO,Magali,F,Magali MANUOHALALO,"NOUMEA AUTREMENT, UNE VILLE POUR TOUS LES NOUMEENS",58,4.07,10.03,,École Marie COURTOT 1,ECOLE MARIE COURTOT,0.859,Ecole Marie COURTOT,234 RUE JACQUES IEKAWE,ENSEIGNEMENT ET FORMATION,Enseignement du premier degré,Ecole primaire,166.470464378859,-22.2425220070829,etablissements_publics_nc,70,1834,PK 6 Nord
municipales_2020,1,,,988,98818,Nouméa,NOUMEA,0031,1425,598,827,578,15,5,5,LDVD,LAGARDE,Sonia,F,Sonia LAGARDE,"AVEC VOUS, POUR NOUMEA",311,21.82,53.81,,École Marie COURTOT 1,ECOLE MARIE COURTOT,0.859,Ecole Marie COURTOT,234 RUE JACQUES IEKAWE,ENSEIGNEMENT ET FORMATION,Enseignement du premier degré,Ecole primaire,166.470464378859,-22.2425220070829,etablissements_publics_nc,70,1834,PK 6 Nord
municipales_2020,1,,,988,98818,Nouméa,NOUMEA,0031,1425,598,827,578,15,5,6,LDVC,LINOSSIER,Cherifa,F,Cherifa LINOSSIER,"NOS QUARTIERS, NOTRE VILLE",13,0.91,2.25,,École Marie COURTOT 1,ECOLE MARIE COURTOT,0.859,Ecole Marie COURTOT,234 RUE JACQUES IEKAWE,ENSEIGNEMENT ET FORMATION,Enseignement du premier degré,Ecole primaire,166.470464378859,-22.2425220070829,etablissements_publics_nc,70,1834,PK 6 Nord
municipales_2020,1,,,988,98818,Nouméa,NOUMEA,0031,1425,598,827,578,15,5,7,LDIV,RAILATI,Bilo,M,Bilo RAILATI,NÂ BWAU,17,1.19,2.94,,École Marie COURTOT 1,ECOLE MARIE COURTOT,0.859,Ecole Marie COURTOT,234 RUE JACQUES IEKAWE,ENSEIGNEMENT ET FORMATION,Enseignement du premier degré,Ecole primaire,166.470464378859,-22.2425220070829,etablissements_publics_nc,70,1834,PK 6 Nord
municipales_2020,1,,,988,98818,Nouméa,NOUMEA,0032,1095,576,519,552,17,7,1,LDIV,FALAEO,Veylma,F,Veylma FALAEO,"NOUMEA, C'EST VOUS !",7,0.64,1.27,,École Marie COURTOT 2,ECOLE MARIE COURTOT,0.859,Ecole Marie COURTOT,234 RUE JACQUES IEKAWE,ENSEIGNEMENT ET FORMATION,Enseignement du premier degré,Ecole primaire,166.470464378859,-22.2425220070829,etablissements_publics_nc,70,1834,PK 6 Nord
municipales_2020,1,,,988,98818,Nouméa,NOUMEA,0032,1095,576,519,552,17,7,2,LDVC,BERART,Emmanuel,M,Emmanuel BERART,"Générations Nouméa, un nouvel horizon",43,3.93,7.79,,École Marie COURTOT 2,ECOLE MARIE COURTOT,0.859,Ecole Marie COURTOT,234 RUE JACQUES IEKAWE,ENSEIGNEMENT ET FORMATION,Enseignement du premier degré,Ecole primaire,166.470464378859,-22.2425220070829,etablissements_publics_nc,70,1834,PK 6 Nord
municipales_2020,1,,,988,98818,Nouméa,NOUMEA,0032,1095,576,519,552,17,7,3,LREG,BOANEMOA,Joseph,M,Joseph BOANEMOA,UNITE PAYS,20,1.83,3.62,,École Marie COURTOT 2,ECOLE MARIE COURTOT,0.859,Ecole Marie COURTOT,234 RUE JACQUES IEKAWE,ENSEIGNEMENT ET FORMATION,Enseignement du premier degré,Ecole primaire,166.470464378859,-22.2425220070829,etablissements_publics_nc,70,1834,PK 6 Nord
municipales_2020,1,,,988,98818,Nouméa,NOUMEA,0032,1095,576,519,552,17,7,4,LDVC,MANUOHALALO,Magali,F,Magali MANUOHALALO,"NOUMEA AUTREMENT, UNE VILLE POUR TOUS LES NOUMEENS",24,2.19,4.35,,École Marie COURTOT 2,ECOLE MARIE COURTOT,0.859,Ecole Marie COURTOT,234 RUE JACQUES IEKAWE,ENSEIGNEMENT ET FORMATION,Enseignement du premier degré,Ecole primaire,166.470464378859,-22.2425220070829,etablissements_publics_nc,70,1834,PK 6 Nord
municipales_2020,1,,,988,98818,Nouméa,NOUMEA,0032,1095,576,519,552,17,7,5,LDVD,LAGARDE,Sonia,F,Sonia LAGARDE,"AVEC VOUS, POUR NOUMEA",431,39.36,78.08,,École Marie COURTOT 2,ECOLE MARIE COURTOT,0.859,Ecole Marie COURTOT,234 RUE JACQUES IEKAWE,ENSEIGNEMENT ET FORMATION,Enseignement du premier degré,Ecole primaire,166.470464378859,-22.2425220070829,etablissements_publics_nc,70,1834,PK 6 Nord
municipales_2020,1,,,988,98818,Nouméa,NOUMEA,0032,1095,576,519,552,17,7,6,LDVC,LINOSSIER,Cherifa,F,Cherifa LINOSSIER,"NOS QUARTIERS, NOTRE VILLE",26,2.37,4.71,,École Marie COURTOT 2,ECOLE MARIE COURTOT,0.859,Ecole Marie COURTOT,234 RUE JACQUES IEKAWE,ENSEIGNEMENT ET FORMATION,Enseignement du premier degré,Ecole primaire,166.470464378859,-22.2425220070829,etablissements_publics_nc,70,1834,PK 6 Nord
municipales_2020,1,,,988,98818,Nouméa,NOUMEA,0032,1095,576,519,552,17,7,7,LDIV,RAILATI,Bilo,M,Bilo RAILATI,NÂ BWAU,1,0.09,0.18,,École Marie COURTOT 2,ECOLE MARIE COURTOT,0.859,Ecole Marie COURTOT,234 RUE JACQUES IEKAWE,ENSEIGNEMENT ET FORMATION,Enseignement du premier degré,Ecole primaire,166.470464378859,-22.2425220070829,etablissements_publics_nc,70,1834,PK 6 Nord
municipales_2020,1,,,988,98818,Nouméa,NOUMEA,0033,1139,478,661,464,12,2,1,LDIV,FALAEO,Veylma,F,Veylma FALAEO,"NOUMEA, C'EST VOUS !",111,9.75,23.92,,École Robert BURCK,ECOLE ROBERT BURCK,0.833,Ecole Robert BURCK,3 RUE DU CAPITAINE VIDAL,ENSEIGNEMENT ET FORMATION,Enseignement du premier degré,Groupe scolaire,166.463601949873,-22.2382604330193,etablissements_publics_nc,69,1833,Riviére Salée Sud
municipales_2020,1,,,988,98818,Nouméa,NOUMEA,0033,1139,478,661,464,12,2,2,LDVC,BERART,Emmanuel,M,Emmanuel BERART,"Générations Nouméa, un nouvel horizon",13,1.14,2.8,,École Robert BURCK,ECOLE ROBERT BURCK,0.833,Ecole Robert BURCK,3 RUE DU CAPITAINE VIDAL,ENSEIGNEMENT ET FORMATION,Enseignement du premier degré,Groupe scolaire,166.463601949873,-22.2382604330193,etablissements_publics_nc,69,1833,Riviére Salée Sud
municipales_2020,1,,,988,98818,Nouméa,NOUMEA,0033,1139,478,661,464,12,2,3,LREG,BOANEMOA,Joseph,M,Joseph BOANEMOA,UNITE PAYS,77,6.76,16.59,,École Robert BURCK,ECOLE ROBERT BURCK,0.833,Ecole Robert BURCK,3 RUE DU CAPITAINE VIDAL,ENSEIGNEMENT ET FORMATION,Enseignement du premier degré,Groupe scolaire,166.463601949873,-22.2382604330193,etablissements_publics_nc,69,1833,Riviére Salée Sud
municipales_2020,1,,,988,98818,Nouméa,NOUMEA,0033,1139,478,661,464,12,2,4,LDVC,MANUOHALALO,Magali,F,Magali MANUOHALALO,"NOUMEA AUTREMENT, UNE VILLE POUR TOUS LES NOUMEENS",60,5.27,12.93,,École Robert BURCK,ECOLE ROBERT BURCK,0.833,Ecole Robert BURCK,3 RUE DU CAPITAINE VIDAL,ENSEIGNEMENT ET FORMATION,Enseignement du premier degré,Groupe scolaire,166.463601949873,-22.2382604330193,etablissements_publics_nc,69,1833,Riviére Salée Sud
municipales_2020,1,,,988,98818,Nouméa,NOUMEA,0033,1139,478,661,464,12,2,5,LDVD,LAGARDE,Sonia,F,Sonia LAGARDE,"AVEC VOUS, POUR NOUMEA",177,15.54,38.15,,École Robert BURCK,ECOLE ROBERT BURCK,0.833,Ecole Robert BURCK,3 RUE DU CAPITAINE VIDAL,ENSEIGNEMENT ET FORMATION,Enseignement du premier degré,Groupe scolaire,166.463601949873,-22.2382604330193,etablissements_publics_nc,69,1833,Riviére Salée Sud
municipales_2020,1,,,988,98818,Nouméa,NOUMEA,0033,1139,478,661,464,12,2,6,LDVC,LINOSSIER,Cherifa,F,Cherifa LINOSSIER,"NOS QUARTIERS, NOTRE VILLE",12,1.05,2.59,,École Robert BURCK,ECOLE ROBERT BURCK,0.833,Ecole Robert BURCK,3 RUE DU CAPITAINE VIDAL,ENSEIGNEMENT ET FORMATION,Enseignement du premier degré,Groupe scolaire,166.463601949873,-22.2382604330193,etablissements_publics_nc,69,1833,Riviére Salée Sud
municipales_2020,1,,,988,98818,Nouméa,NOUMEA,0033,1139,478,661,464,12,2,7,LDIV,RAILATI,Bilo,M,Bilo RAILATI,NÂ BWAU,14,1.23,3.02,,École Robert BURCK,ECOLE ROBERT BURCK,0.833,Ecole Robert BURCK,3 RUE DU CAPITAINE VIDAL,ENSEIGNEMENT ET FORMATION,Enseignement du premier degré,Groupe scolaire,166.463601949873,-22.2382604330193,etablissements_publics_nc,69,1833,Riviére Salée Sud
municipales_2020,1,,,988,98818,Nouméa,NOUMEA,0034,1036,471,565,449,17,5,1,LDIV,FALAEO,Veylma,F,Veylma FALAEO,"NOUMEA, C'EST VOUS !",68,6.56,15.14,,École les ROSES,ECOLE ROSES,0.633,Ecole FILANTE,8 RUE MARCELLIN LACABANNE,ENSEIGNEMENT ET FORMATION,Enseignement du premier degré,Autre structure scolaire,166.443135087106,-22.2929071476207,etablissements_publics_nc,42,1806,Motor Pool - Receiving
municipales_2020,1,,,988,98818,Nouméa,NOUMEA,0034,1036,471,565,449,17,5,2,LDVC,BERART,Emmanuel,M,Emmanuel BERART,"Générations Nouméa, un nouvel horizon",19,1.83,4.23,,École les ROSES,ECOLE ROSES,0.633,Ecole FILANTE,8 RUE MARCELLIN LACABANNE,ENSEIGNEMENT ET FORMATION,Enseignement du premier degré,Autre structure scolaire,166.443135087106,-22.2929071476207,etablissements_publics_nc,42,1806,Motor Pool - Receiving
municipales_2020,1,,,988,98818,Nouméa,NOUMEA,0034,1036,471,565,449,17,5,3,LREG,BOANEMOA,Joseph,M,Joseph BOANEMOA,UNITE PAYS,52,5.02,11.58,,École les ROSES,ECOLE ROSES,0.633,Ecole FILANTE,8 RUE MARCELLIN LACABANNE,ENSEIGNEMENT ET FORMATION,Enseignement du premier degré,Autre structure scolaire,166.443135087106,-22.2929071476207,etablissements_publics_nc,42,1806,Motor Pool - Receiving
municipales_2020,1,,,988,98818,Nouméa,NOUMEA,0034,1036,471,565,449,17,5,4,LDVC,MANUOHALALO,Magali,F,Magali MANUOHALALO,"NOUMEA AUTREMENT, UNE VILLE POUR TOUS LES NOUMEENS",39,3.76,8.69,,École les ROSES,ECOLE ROSES,0.633,Ecole FILANTE,8 RUE MARCELLIN LACABANNE,ENSEIGNEMENT ET FORMATION,Enseignement du premier degré,Autre structure scolaire,166.443135087106,-22.2929071476207,etablissements_publics_nc,42,1806,Motor Pool - Receiving
municipales_2020,1,,,988,98818,Nouméa,NOUMEA,0034,1036,471,565,449,17,5,5,LDVD,LAGARDE,Sonia,F,Sonia LAGARDE,"AVEC VOUS, POUR NOUMEA",245,23.65,54.57,,École les ROSES,ECOLE ROSES,0.633,Ecole FILANTE,8 RUE MARCELLIN LACABANNE,ENSEIGNEMENT ET FORMATION,Enseignement du premier degré,Autre structure scolaire,166.443135087106,-22.2929071476207,etablissements_publics_nc,42,1806,Motor Pool - Receiving
municipales_2020,1,,,988,98818,Nouméa,NOUMEA,0034,1036,471,565,449,17,5,6,LDVC,LINOSSIER,Cherifa,F,Cherifa LINOSSIER,"NOS QUARTIERS, NOTRE VILLE",17,1.64,3.79,,École les ROSES,ECOLE ROSES,0.633,Ecole FILANTE,8 RUE MARCELLIN LACABANNE,ENSEIGNEMENT ET FORMATION,Enseignement du premier degré,Autre structure scolaire,166.443135087106,-22.2929071476207,etablissements_publics_nc,42,1806,Motor Pool - Receiving
municipales_2020,1,,,988,98818,Nouméa,NOUMEA,0034,1036,471,565,449,17,5,7,LDIV,RAILATI,Bilo,M,Bilo RAILATI,NÂ BWAU,9,0.87,2,,École les ROSES,ECOLE ROSES,0.633,Ecole FILANTE,8 RUE MARCELLIN LACABANNE,ENSEIGNEMENT ET FORMATION,Enseignement du premier degré,Autre structure scolaire,166.443135087106,-22.2929071476207,etablissements_publics_nc,42,1806,Motor Pool - Receiving
municipales_2020,1,,,988,98818,Nouméa,NOUMEA,0035,1014,484,530,471,3,10,1,LDIV,FALAEO,Veylma,F,Veylma FALAEO,"NOUMEA, C'EST VOUS !",69,6.8,14.65,,École les ŒILLETS,ECOLE ILLETS,0.77,Ecole FILANTE,8 RUE MARCELLIN LACABANNE,ENSEIGNEMENT ET FORMATION,Enseignement du premier degré,Autre structure scolaire,166.443135087106,-22.2929071476207,etablissements_publics_nc,42,1806,Motor Pool - Receiving
municipales_2020,1,,,988,98818,Nouméa,NOUMEA,0035,1014,484,530,471,3,10,2,LDVC,BERART,Emmanuel,M,Emmanuel BERART,"Générations Nouméa, un nouvel horizon",19,1.87,4.03,,École les ŒILLETS,ECOLE ILLETS,0.77,Ecole FILANTE,8 RUE MARCELLIN LACABANNE,ENSEIGNEMENT ET FORMATION,Enseignement du premier degré,Autre structure scolaire,166.443135087106,-22.2929071476207,etablissements_publics_nc,42,1806,Motor Pool - Receiving
municipales_2020,1,,,988,98818,Nouméa,NOUMEA,0035,1014,484,530,471,3,10,3,LREG,BOANEMOA,Joseph,M,Joseph BOANEMOA,UNITE PAYS,70,6.9,14.86,,École les ŒILLETS,ECOLE ILLETS,0.77,Ecole FILANTE,8 RUE MARCELLIN LACABANNE,ENSEIGNEMENT ET FORMATION,Enseignement du premier degré,Autre structure scolaire,166.443135087106,-22.2929071476207,etablissements_publics_nc,42,1806,Motor Pool - Receiving
municipales_2020,1,,,988,98818,Nouméa,NOUMEA,0035,1014,484,530,471,3,10,4,LDVC,MANUOHALALO,Magali,F,Magali MANUOHALALO,"NOUMEA AUTREMENT, UNE VILLE POUR TOUS LES NOUMEENS",44,4.34,9.34,,École les ŒILLETS,ECOLE ILLETS,0.77,Ecole FILANTE,8 RUE MARCELLIN LACABANNE,ENSEIGNEMENT ET FORMATION,Enseignement du premier degré,Autre structure scolaire,166.443135087106,-22.2929071476207,etablissements_publics_nc,42,1806,Motor Pool - Receiving
municipales_2020,1,,,988,98818,Nouméa,NOUMEA,0035,1014,484,530,471,3,10,5,LDVD,LAGARDE,Sonia,F,Sonia LAGARDE,"AVEC VOUS, POUR NOUMEA",253,24.95,53.72,,École les ŒILLETS,ECOLE ILLETS,0.77,Ecole FILANTE,8 RUE MARCELLIN LACABANNE,ENSEIGNEMENT ET FORMATION,Enseignement du premier degré,Autre structure scolaire,166.443135087106,-22.2929071476207,etablissements_publics_nc,42,1806,Motor Pool - Receiving
municipales_2020,1,,,988,98818,Nouméa,NOUMEA,0035,1014,484,530,471,3,10,6,LDVC,LINOSSIER,Cherifa,F,Cherifa LINOSSIER,"NOS QUARTIERS, NOTRE VILLE",10,0.99,2.12,,École les ŒILLETS,ECOLE ILLETS,0.77,Ecole FILANTE,8 RUE MARCELLIN LACABANNE,ENSEIGNEMENT ET FORMATION,Enseignement du premier degré,Autre structure scolaire,166.443135087106,-22.2929071476207,etablissements_publics_nc,42,1806,Motor Pool - Receiving
municipales_2020,1,,,988,98818,Nouméa,NOUMEA,0035,1014,484,530,471,3,10,7,LDIV,RAILATI,Bilo,M,Bilo RAILATI,NÂ BWAU,6,0.59,1.27,,École les ŒILLETS,ECOLE ILLETS,0.77,Ecole FILANTE,8 RUE MARCELLIN LACABANNE,ENSEIGNEMENT ET FORMATION,Enseignement du premier degré,Autre structure scolaire,166.443135087106,-22.2929071476207,etablissements_publics_nc,42,1806,Motor Pool - Receiving
municipales_2020,1,,,988,98818,Nouméa,NOUMEA,0036,955,406,549,390,10,6,1,LDIV,FALAEO,Veylma,F,Veylma FALAEO,"NOUMEA, C'EST VOUS !",45,4.71,11.54,,École Jacques TROUILLOT,ECOLE JACQUES TROUILLOT,0.886,Ecole Jacques TROUILLOT,15 RUE NOELAT,ENSEIGNEMENT ET FORMATION,Enseignement du premier degré,Ecole primaire,166.471000599479,-22.2283599819501,etablissements_publics_nc,74,1838,Riviére Salée Nord Est
municipales_2020,1,,,988,98818,Nouméa,NOUMEA,0036,955,406,549,390,10,6,2,LDVC,BERART,Emmanuel,M,Emmanuel BERART,"Générations Nouméa, un nouvel horizon",12,1.26,3.08,,École Jacques TROUILLOT,ECOLE JACQUES TROUILLOT,0.886,Ecole Jacques TROUILLOT,15 RUE NOELAT,ENSEIGNEMENT ET FORMATION,Enseignement du premier degré,Ecole primaire,166.471000599479,-22.2283599819501,etablissements_publics_nc,74,1838,Riviére Salée Nord Est
municipales_2020,1,,,988,98818,Nouméa,NOUMEA,0036,955,406,549,390,10,6,3,LREG,BOANEMOA,Joseph,M,Joseph BOANEMOA,UNITE PAYS,58,6.07,14.87,,École Jacques TROUILLOT,ECOLE JACQUES TROUILLOT,0.886,Ecole Jacques TROUILLOT,15 RUE NOELAT,ENSEIGNEMENT ET FORMATION,Enseignement du premier degré,Ecole primaire,166.471000599479,-22.2283599819501,etablissements_publics_nc,74,1838,Riviére Salée Nord Est
municipales_2020,1,,,988,98818,Nouméa,NOUMEA,0036,955,406,549,390,10,6,4,LDVC,MANUOHALALO,Magali,F,Magali MANUOHALALO,"NOUMEA AUTREMENT, UNE VILLE POUR TOUS LES NOUMEENS",52,5.45,13.33,,École Jacques TROUILLOT,ECOLE JACQUES TROUILLOT,0.886,Ecole Jacques TROUILLOT,15 RUE NOELAT,ENSEIGNEMENT ET FORMATION,Enseignement du premier degré,Ecole primaire,166.471000599479,-22.2283599819501,etablissements_publics_nc,74,1838,Riviére Salée Nord Est
municipales_2020,1,,,988,98818,Nouméa,NOUMEA,0036,955,406,549,390,10,6,5,LDVD,LAGARDE,Sonia,F,Sonia LAGARDE,"AVEC VOUS, POUR NOUMEA",196,20.52,50.26,,École Jacques TROUILLOT,ECOLE JACQUES TROUILLOT,0.886,Ecole Jacques TROUILLOT,15 RUE NOELAT,ENSEIGNEMENT ET FORMATION,Enseignement du premier degré,Ecole primaire,166.471000599479,-22.2283599819501,etablissements_publics_nc,74,1838,Riviére Salée Nord Est
municipales_2020,1,,,988,98818,Nouméa,NOUMEA,0036,955,406,549,390,10,6,6,LDVC,LINOSSIER,Cherifa,F,Cherifa LINOSSIER,"NOS QUARTIERS, NOTRE VILLE",17,1.78,4.36,,École Jacques TROUILLOT,ECOLE JACQUES TROUILLOT,0.886,Ecole Jacques TROUILLOT,15 RUE NOELAT,ENSEIGNEMENT ET FORMATION,Enseignement du premier degré,Ecole primaire,166.471000599479,-22.2283599819501,etablissements_publics_nc,74,1838,Riviére Salée Nord Est
municipales_2020,1,,,988,98818,Nouméa,NOUMEA,0036,955,406,549,390,10,6,7,LDIV,RAILATI,Bilo,M,Bilo RAILATI,NÂ BWAU,10,1.05,2.56,,École Jacques TROUILLOT,ECOLE JACQUES TROUILLOT,0.886,Ecole Jacques TROUILLOT,15 RUE NOELAT,ENSEIGNEMENT ET FORMATION,Enseignement du premier degré,Ecole primaire,166.471000599479,-22.2283599819501,etablissements_publics_nc,74,1838,Riviére Salée Nord Est
municipales_2020,1,,,988,98818,Nouméa,NOUMEA,0037,1437,495,942,484,8,3,1,LDIV,FALAEO,Veylma,F,Veylma FALAEO,"NOUMEA, C'EST VOUS !",127,8.84,26.24,,École Mauricette DEVAMBEZ 1,ECOLE MAURICETTE DEVAMBEZ,0.627,Ecole Michel AMIOT,12 RUE DE PRONY,ENSEIGNEMENT ET FORMATION,Enseignement du premier degré,Ecole primaire,166.468616034294,-22.2680303864914,etablissements_publics_nc,53,1817,Magenta Est
municipales_2020,1,,,988,98818,Nouméa,NOUMEA,0037,1437,495,942,484,8,3,2,LDVC,BERART,Emmanuel,M,Emmanuel BERART,"Générations Nouméa, un nouvel horizon",13,0.9,2.69,,École Mauricette DEVAMBEZ 1,ECOLE MAURICETTE DEVAMBEZ,0.627,Ecole Michel AMIOT,12 RUE DE PRONY,ENSEIGNEMENT ET FORMATION,Enseignement du premier degré,Ecole primaire,166.468616034294,-22.2680303864914,etablissements_publics_nc,53,1817,Magenta Est
municipales_2020,1,,,988,98818,Nouméa,NOUMEA,0037,1437,495,942,484,8,3,3,LREG,BOANEMOA,Joseph,M,Joseph BOANEMOA,UNITE PAYS,112,7.79,23.14,,École Mauricette DEVAMBEZ 1,ECOLE MAURICETTE DEVAMBEZ,0.627,Ecole Michel AMIOT,12 RUE DE PRONY,ENSEIGNEMENT ET FORMATION,Enseignement du premier degré,Ecole primaire,166.468616034294,-22.2680303864914,etablissements_publics_nc,53,1817,Magenta Est
municipales_2020,1,,,988,98818,Nouméa,NOUMEA,0037,1437,495,942,484,8,3,4,LDVC,MANUOHALALO,Magali,F,Magali MANUOHALALO,"NOUMEA AUTREMENT, UNE VILLE POUR TOUS LES NOUMEENS",82,5.71,16.94,,École Mauricette DEVAMBEZ 1,ECOLE MAURICETTE DEVAMBEZ,0.627,Ecole Michel AMIOT,12 RUE DE PRONY,ENSEIGNEMENT ET FORMATION,Enseignement du premier degré,Ecole primaire,166.468616034294,-22.2680303864914,etablissements_publics_nc,53,1817,Magenta Est
municipales_2020,1,,,988,98818,Nouméa,NOUMEA,0037,1437,495,942,484,8,3,5,LDVD,LAGARDE,Sonia,F,Sonia LAGARDE,"AVEC VOUS, POUR NOUMEA",102,7.1,21.07,,École Mauricette DEVAMBEZ 1,ECOLE MAURICETTE DEVAMBEZ,0.627,Ecole Michel AMIOT,12 RUE DE PRONY,ENSEIGNEMENT ET FORMATION,Enseignement du premier degré,Ecole primaire,166.468616034294,-22.2680303864914,etablissements_publics_nc,53,1817,Magenta Est
municipales_2020,1,,,988,98818,Nouméa,NOUMEA,0037,1437,495,942,484,8,3,6,LDVC,LINOSSIER,Cherifa,F,Cherifa LINOSSIER,"NOS QUARTIERS, NOTRE VILLE",18,1.25,3.72,,École Mauricette DEVAMBEZ 1,ECOLE MAURICETTE DEVAMBEZ,0.627,Ecole Michel AMIOT,12 RUE DE PRONY,ENSEIGNEMENT ET FORMATION,Enseignement du premier degré,Ecole primaire,166.468616034294,-22.2680303864914,etablissements_publics_nc,53,1817,Magenta Est
municipales_2020,1,,,988,98818,Nouméa,NOUMEA,0037,1437,495,942,484,8,3,7,LDIV,RAILATI,Bilo,M,Bilo RAILATI,NÂ BWAU,30,2.09,6.2,,École Mauricette DEVAMBEZ 1,ECOLE MAURICETTE DEVAMBEZ,0.627,Ecole Michel AMIOT,12 RUE DE PRONY,ENSEIGNEMENT ET FORMATION,Enseignement du premier degré,Ecole primaire,166.468616034294,-22.2680303864914,etablissements_publics_nc,53,1817,Magenta Est
municipales_2020,1,,,988,98818,Nouméa,NOUMEA,0038,1284,555,729,543,9,3,1,LDIV,FALAEO,Veylma,F,Veylma FALAEO,"NOUMEA, C'EST VOUS !",55,4.28,10.13,,École Mauricette DEVAMBEZ 2,ECOLE MAURICETTE DEVAMBEZ,0.627,Ecole Michel AMIOT,12 RUE DE PRONY,ENSEIGNEMENT ET FORMATION,Enseignement du premier degré,Ecole primaire,166.468616034294,-22.2680303864914,etablissements_publics_nc,53,1817,Magenta Est
municipales_2020,1,,,988,98818,Nouméa,NOUMEA,0038,1284,555,729,543,9,3,2,LDVC,BERART,Emmanuel,M,Emmanuel BERART,"Générations Nouméa, un nouvel horizon",25,1.95,4.6,,École Mauricette DEVAMBEZ 2,ECOLE MAURICETTE DEVAMBEZ,0.627,Ecole Michel AMIOT,12 RUE DE PRONY,ENSEIGNEMENT ET FORMATION,Enseignement du premier degré,Ecole primaire,166.468616034294,-22.2680303864914,etablissements_publics_nc,53,1817,Magenta Est
municipales_2020,1,,,988,98818,Nouméa,NOUMEA,0038,1284,555,729,543,9,3,3,LREG,BOANEMOA,Joseph,M,Joseph BOANEMOA,UNITE PAYS,61,4.75,11.23,,École Mauricette DEVAMBEZ 2,ECOLE MAURICETTE DEVAMBEZ,0.627,Ecole Michel AMIOT,12 RUE DE PRONY,ENSEIGNEMENT ET FORMATION,Enseignement du premier degré,Ecole primaire,166.468616034294,-22.2680303864914,etablissements_publics_nc,53,1817,Magenta Est
municipales_2020,1,,,988,98818,Nouméa,NOUMEA,0038,1284,555,729,543,9,3,4,LDVC,MANUOHALALO,Magali,F,Magali MANUOHALALO,"NOUMEA AUTREMENT, UNE VILLE POUR TOUS LES NOUMEENS",32,2.49,5.89,,École Mauricette DEVAMBEZ 2,ECOLE MAURICETTE DEVAMBEZ,0.627,Ecole Michel AMIOT,12 RUE DE PRONY,ENSEIGNEMENT ET FORMATION,Enseignement du premier degré,Ecole primaire,166.468616034294,-22.2680303864914,etablissements_publics_nc,53,1817,Magenta Est
municipales_2020,1,,,988,98818,Nouméa,NOUMEA,0038,1284,555,729,543,9,3,5,LDVD,LAGARDE,Sonia,F,Sonia LAGARDE,"AVEC VOUS, POUR NOUMEA",334,26.01,61.51,,École Mauricette DEVAMBEZ 2,ECOLE MAURICETTE DEVAMBEZ,0.627,Ecole Michel AMIOT,12 RUE DE PRONY,ENSEIGNEMENT ET FORMATION,Enseignement du premier degré,Ecole primaire,166.468616034294,-22.2680303864914,etablissements_publics_nc,53,1817,Magenta Est
municipales_2020,1,,,988,98818,Nouméa,NOUMEA,0038,1284,555,729,543,9,3,6,LDVC,LINOSSIER,Cherifa,F,Cherifa LINOSSIER,"NOS QUARTIERS, NOTRE VILLE",25,1.95,4.6,,École Mauricette DEVAMBEZ 2,ECOLE MAURICETTE DEVAMBEZ,0.627,Ecole Michel AMIOT,12 RUE DE PRONY,ENSEIGNEMENT ET FORMATION,Enseignement du premier degré,Ecole primaire,166.468616034294,-22.2680303864914,etablissements_publics_nc,53,1817,Magenta Est
municipales_2020,1,,,988,98818,Nouméa,NOUMEA,0038,1284,555,729,543,9,3,7,LDIV,RAILATI,Bilo,M,Bilo RAILATI,NÂ BWAU,11,0.86,2.03,,École Mauricette DEVAMBEZ 2,ECOLE MAURICETTE DEVAMBEZ,0.627,Ecole Michel AMIOT,12 RUE DE PRONY,ENSEIGNEMENT ET FORMATION,Enseignement du premier degré,Ecole primaire,166.468616034294,-22.2680303864914,etablissements_publics_nc,53,1817,Magenta Est
municipales_2020,1,,,988,98818,Nouméa,NOUMEA,0039,825,282,543,274,5,3,1,LDIV,FALAEO,Veylma,F,Veylma FALAEO,"NOUMEA, C'EST VOUS !",71,8.61,25.91,,École Adrienne LOMONT 1,ECOLE ADRIENNE LOMONT,0.874,Ecole Adrienne LOMONT,10B RUE DU MARECHAL LYAUTEY,ENSEIGNEMENT ET FORMATION,Enseignement du premier degré,Ecole primaire,166.484157216578,-22.2206462260252,etablissements_publics_nc,76,1840,Normandie Nord
municipales_2020,1,,,988,98818,Nouméa,NOUMEA,0039,825,282,543,274,5,3,2,LDVC,BERART,Emmanuel,M,Emmanuel BERART,"Générations Nouméa, un nouvel horizon",18,2.18,6.57,,École Adrienne LOMONT 1,ECOLE ADRIENNE LOMONT,0.874,Ecole Adrienne LOMONT,10B RUE DU MARECHAL LYAUTEY,ENSEIGNEMENT ET FORMATION,Enseignement du premier degré,Ecole primaire,166.484157216578,-22.2206462260252,etablissements_publics_nc,76,1840,Normandie Nord
municipales_2020,1,,,988,98818,Nouméa,NOUMEA,0039,825,282,543,274,5,3,3,LREG,BOANEMOA,Joseph,M,Joseph BOANEMOA,UNITE PAYS,34,4.12,12.41,,École Adrienne LOMONT 1,ECOLE ADRIENNE LOMONT,0.874,Ecole Adrienne LOMONT,10B RUE DU MARECHAL LYAUTEY,ENSEIGNEMENT ET FORMATION,Enseignement du premier degré,Ecole primaire,166.484157216578,-22.2206462260252,etablissements_publics_nc,76,1840,Normandie Nord
municipales_2020,1,,,988,98818,Nouméa,NOUMEA,0039,825,282,543,274,5,3,4,LDVC,MANUOHALALO,Magali,F,Magali MANUOHALALO,"NOUMEA AUTREMENT, UNE VILLE POUR TOUS LES NOUMEENS",42,5.09,15.33,,École Adrienne LOMONT 1,ECOLE ADRIENNE LOMONT,0.874,Ecole Adrienne LOMONT,10B RUE DU MARECHAL LYAUTEY,ENSEIGNEMENT ET FORMATION,Enseignement du premier degré,Ecole primaire,166.484157216578,-22.2206462260252,etablissements_publics_nc,76,1840,Normandie Nord
municipales_2020,1,,,988,98818,Nouméa,NOUMEA,0039,825,282,543,274,5,3,5,LDVD,LAGARDE,Sonia,F,Sonia LAGARDE,"AVEC VOUS, POUR NOUMEA",94,11.39,34.31,,École Adrienne LOMONT 1,ECOLE ADRIENNE LOMONT,0.874,Ecole Adrienne LOMONT,10B RUE DU MARECHAL LYAUTEY,ENSEIGNEMENT ET FORMATION,Enseignement du premier degré,Ecole primaire,166.484157216578,-22.2206462260252,etablissements_publics_nc,76,1840,Normandie Nord
municipales_2020,1,,,988,98818,Nouméa,NOUMEA,0039,825,282,543,274,5,3,6,LDVC,LINOSSIER,Cherifa,F,Cherifa LINOSSIER,"NOS QUARTIERS, NOTRE VILLE",7,0.85,2.55,,École Adrienne LOMONT 1,ECOLE ADRIENNE LOMONT,0.874,Ecole Adrienne LOMONT,10B RUE DU MARECHAL LYAUTEY,ENSEIGNEMENT ET FORMATION,Enseignement du premier degré,Ecole primaire,166.484157216578,-22.2206462260252,etablissements_publics_nc,76,1840,Normandie Nord
municipales_2020,1,,,988,98818,Nouméa,NOUMEA,0039,825,282,543,274,5,3,7,LDIV,RAILATI,Bilo,M,Bilo RAILATI,NÂ BWAU,8,0.97,2.92,,École Adrienne LOMONT 1,ECOLE ADRIENNE LOMONT,0.874,Ecole Adrienne LOMONT,10B RUE DU MARECHAL LYAUTEY,ENSEIGNEMENT ET FORMATION,Enseignement du premier degré,Ecole primaire,166.484157216578,-22.2206462260252,etablissements_publics_nc,76,1840,Normandie Nord
municipales_2020,1,,,988,98818,Nouméa,NOUMEA,0040,1687,670,1017,653,9,8,1,LDIV,FALAEO,Veylma,F,Veylma FALAEO,"NOUMEA, C'EST VOUS !",96,5.69,14.7,,École Adrienne LOMONT 2,ECOLE ADRIENNE LOMONT,0.874,Ecole Adrienne LOMONT,10B RUE DU MARECHAL LYAUTEY,ENSEIGNEMENT ET FORMATION,Enseignement du premier degré,Ecole primaire,166.484157216578,-22.2206462260252,etablissements_publics_nc,76,1840,Normandie Nord
municipales_2020,1,,,988,98818,Nouméa,NOUMEA,0040,1687,670,1017,653,9,8,2,LDVC,BERART,Emmanuel,M,Emmanuel BERART,"Générations Nouméa, un nouvel horizon",36,2.13,5.51,,École Adrienne LOMONT 2,ECOLE ADRIENNE LOMONT,0.874,Ecole Adrienne LOMONT,10B RUE DU MARECHAL LYAUTEY,ENSEIGNEMENT ET FORMATION,Enseignement du premier degré,Ecole primaire,166.484157216578,-22.2206462260252,etablissements_publics_nc,76,1840,Normandie Nord
municipales_2020,1,,,988,98818,Nouméa,NOUMEA,0040,1687,670,1017,653,9,8,3,LREG,BOANEMOA,Joseph,M,Joseph BOANEMOA,UNITE PAYS,53,3.14,8.12,,École Adrienne LOMONT 2,ECOLE ADRIENNE LOMONT,0.874,Ecole Adrienne LOMONT,10B RUE DU MARECHAL LYAUTEY,ENSEIGNEMENT ET FORMATION,Enseignement du premier degré,Ecole primaire,166.484157216578,-22.2206462260252,etablissements_publics_nc,76,1840,Normandie Nord
municipales_2020,1,,,988,98818,Nouméa,NOUMEA,0040,1687,670,1017,653,9,8,4,LDVC,MANUOHALALO,Magali,F,Magali MANUOHALALO,"NOUMEA AUTREMENT, UNE VILLE POUR TOUS LES NOUMEENS",86,5.1,13.17,,École Adrienne LOMONT 2,ECOLE ADRIENNE LOMONT,0.874,Ecole Adrienne LOMONT,10B RUE DU MARECHAL LYAUTEY,ENSEIGNEMENT ET FORMATION,Enseignement du premier degré,Ecole primaire,166.484157216578,-22.2206462260252,etablissements_publics_nc,76,1840,Normandie Nord
municipales_2020,1,,,988,98818,Nouméa,NOUMEA,0040,1687,670,1017,653,9,8,5,LDVD,LAGARDE,Sonia,F,Sonia LAGARDE,"AVEC VOUS, POUR NOUMEA",339,20.09,51.91,,École Adrienne LOMONT 2,ECOLE ADRIENNE LOMONT,0.874,Ecole Adrienne LOMONT,10B RUE DU MARECHAL LYAUTEY,ENSEIGNEMENT ET FORMATION,Enseignement du premier degré,Ecole primaire,166.484157216578,-22.2206462260252,etablissements_publics_nc,76,1840,Normandie Nord
municipales_2020,1,,,988,98818,Nouméa,NOUMEA,0040,1687,670,1017,653,9,8,6,LDVC,LINOSSIER,Cherifa,F,Cherifa LINOSSIER,"NOS QUARTIERS, NOTRE VILLE",32,1.9,4.9,,École Adrienne LOMONT 2,ECOLE ADRIENNE LOMONT,0.874,Ecole Adrienne LOMONT,10B RUE DU MARECHAL LYAUTEY,ENSEIGNEMENT ET FORMATION,Enseignement du premier degré,Ecole primaire,166.484157216578,-22.2206462260252,etablissements_publics_nc,76,1840,Normandie Nord
municipales_2020,1,,,988,98818,Nouméa,NOUMEA,0040,1687,670,1017,653,9,8,7,LDIV,RAILATI,Bilo,M,Bilo RAILATI,NÂ BWAU,11,0.65,1.68,,École Adrienne LOMONT 2,ECOLE ADRIENNE LOMONT,0.874,Ecole Adrienne LOMONT,10B RUE DU MARECHAL LYAUTEY,ENSEIGNEMENT ET FORMATION,Enseignement du premier degré,Ecole primaire,166.484157216578,-22.2206462260252,etablissements_publics_nc,76,1840,Normandie Nord
municipales_2020,1,,,988,98818,Nouméa,NOUMEA,0041,1208,534,674,518,14,2,1,LDIV,FALAEO,Veylma,F,Veylma FALAEO,"NOUMEA, C'EST VOUS !",114,9.44,22.01,,École Gustave LODS 1,ECOLE GUSTAVE LODS,0.85,Ecole Gustave LODS,63 RUE VARIN,ENSEIGNEMENT ET FORMATION,Enseignement du premier degré,Ecole primaire,166.435430928496,-22.2381371662114,etablissements_publics_nc,79,1843,Logicoop
municipales_2020,1,,,988,98818,Nouméa,NOUMEA,0041,1208,534,674,518,14,2,2,LDVC,BERART,Emmanuel,M,Emmanuel BERART,"Générations Nouméa, un nouvel horizon",18,1.49,3.47,,École Gustave LODS 1,ECOLE GUSTAVE LODS,0.85,Ecole Gustave LODS,63 RUE VARIN,ENSEIGNEMENT ET FORMATION,Enseignement du premier degré,Ecole primaire,166.435430928496,-22.2381371662114,etablissements_publics_nc,79,1843,Logicoop
municipales_2020,1,,,988,98818,Nouméa,NOUMEA,0041,1208,534,674,518,14,2,3,LREG,BOANEMOA,Joseph,M,Joseph BOANEMOA,UNITE PAYS,54,4.47,10.42,,École Gustave LODS 1,ECOLE GUSTAVE LODS,0.85,Ecole Gustave LODS,63 RUE VARIN,ENSEIGNEMENT ET FORMATION,Enseignement du premier degré,Ecole primaire,166.435430928496,-22.2381371662114,etablissements_publics_nc,79,1843,Logicoop
municipales_2020,1,,,988,98818,Nouméa,NOUMEA,0041,1208,534,674,518,14,2,4,LDVC,MANUOHALALO,Magali,F,Magali MANUOHALALO,"NOUMEA AUTREMENT, UNE VILLE POUR TOUS LES NOUMEENS",70,5.79,13.51,,École Gustave LODS 1,ECOLE GUSTAVE LODS,0.85,Ecole Gustave LODS,63 RUE VARIN,ENSEIGNEMENT ET FORMATION,Enseignement du premier degré,Ecole primaire,166.435430928496,-22.2381371662114,etablissements_publics_nc,79,1843,Logicoop
municipales_2020,1,,,988,98818,Nouméa,NOUMEA,0041,1208,534,674,518,14,2,5,LDVD,LAGARDE,Sonia,F,Sonia LAGARDE,"AVEC VOUS, POUR NOUMEA",235,19.45,45.37,,École Gustave LODS 1,ECOLE GUSTAVE LODS,0.85,Ecole Gustave LODS,63 RUE VARIN,ENSEIGNEMENT ET FORMATION,Enseignement du premier degré,Ecole primaire,166.435430928496,-22.2381371662114,etablissements_publics_nc,79,1843,Logicoop
municipales_2020,1,,,988,98818,Nouméa,NOUMEA,0041,1208,534,674,518,14,2,6,LDVC,LINOSSIER,Cherifa,F,Cherifa LINOSSIER,"NOS QUARTIERS, NOTRE VILLE",15,1.24,2.9,,École Gustave LODS 1,ECOLE GUSTAVE LODS,0.85,Ecole Gustave LODS,63 RUE VARIN,ENSEIGNEMENT ET FORMATION,Enseignement du premier degré,Ecole primaire,166.435430928496,-22.2381371662114,etablissements_publics_nc,79,1843,Logicoop
municipales_2020,1,,,988,98818,Nouméa,NOUMEA,0041,1208,534,674,518,14,2,7,LDIV,RAILATI,Bilo,M,Bilo RAILATI,NÂ BWAU,12,0.99,2.32,,École Gustave LODS 1,ECOLE GUSTAVE LODS,0.85,Ecole Gustave LODS,63 RUE VARIN,ENSEIGNEMENT ET FORMATION,Enseignement du premier degré,Ecole primaire,166.435430928496,-22.2381371662114,etablissements_publics_nc,79,1843,Logicoop
municipales_2020,1,,,988,98818,Nouméa,NOUMEA,0042,1336,489,847,467,19,3,1,LDIV,FALAEO,Veylma,F,Veylma FALAEO,"NOUMEA, C'EST VOUS !",53,3.97,11.35,,École Gustave LODS 2,ECOLE GUSTAVE LODS,0.85,Ecole Gustave LODS,63 RUE VARIN,ENSEIGNEMENT ET FORMATION,Enseignement du premier degré,Ecole primaire,166.435430928496,-22.2381371662114,etablissements_publics_nc,79,1843,Logicoop
municipales_2020,1,,,988,98818,Nouméa,NOUMEA,0042,1336,489,847,467,19,3,2,LDVC,BERART,Emmanuel,M,Emmanuel BERART,"Générations Nouméa, un nouvel horizon",30,2.25,6.42,,École Gustave LODS 2,ECOLE GUSTAVE LODS,0.85,Ecole Gustave LODS,63 RUE VARIN,ENSEIGNEMENT ET FORMATION,Enseignement du premier degré,Ecole primaire,166.435430928496,-22.2381371662114,etablissements_publics_nc,79,1843,Logicoop
municipales_2020,1,,,988,98818,Nouméa,NOUMEA,0042,1336,489,847,467,19,3,3,LREG,BOANEMOA,Joseph,M,Joseph BOANEMOA,UNITE PAYS,69,5.16,14.78,,École Gustave LODS 2,ECOLE GUSTAVE LODS,0.85,Ecole Gustave LODS,63 RUE VARIN,ENSEIGNEMENT ET FORMATION,Enseignement du premier degré,Ecole primaire,166.435430928496,-22.2381371662114,etablissements_publics_nc,79,1843,Logicoop
municipales_2020,1,,,988,98818,Nouméa,NOUMEA,0042,1336,489,847,467,19,3,4,LDVC,MANUOHALALO,Magali,F,Magali MANUOHALALO,"NOUMEA AUTREMENT, UNE VILLE POUR TOUS LES NOUMEENS",66,4.94,14.13,,École Gustave LODS 2,ECOLE GUSTAVE LODS,0.85,Ecole Gustave LODS,63 RUE VARIN,ENSEIGNEMENT ET FORMATION,Enseignement du premier degré,Ecole primaire,166.435430928496,-22.2381371662114,etablissements_publics_nc,79,1843,Logicoop
municipales_2020,1,,,988,98818,Nouméa,NOUMEA,0042,1336,489,847,467,19,3,5,LDVD,LAGARDE,Sonia,F,Sonia LAGARDE,"AVEC VOUS, POUR NOUMEA",225,16.84,48.18,,École Gustave LODS 2,ECOLE GUSTAVE LODS,0.85,Ecole Gustave LODS,63 RUE VARIN,ENSEIGNEMENT ET FORMATION,Enseignement du premier degré,Ecole primaire,166.435430928496,-22.2381371662114,etablissements_publics_nc,79,1843,Logicoop
municipales_2020,1,,,988,98818,Nouméa,NOUMEA,0042,1336,489,847,467,19,3,6,LDVC,LINOSSIER,Cherifa,F,Cherifa LINOSSIER,"NOS QUARTIERS, NOTRE VILLE",10,0.75,2.14,,École Gustave LODS 2,ECOLE GUSTAVE LODS,0.85,Ecole Gustave LODS,63 RUE VARIN,ENSEIGNEMENT ET FORMATION,Enseignement du premier degré,Ecole primaire,166.435430928496,-22.2381371662114,etablissements_publics_nc,79,1843,Logicoop
municipales_2020,1,,,988,98818,Nouméa,NOUMEA,0042,1336,489,847,467,19,3,7,LDIV,RAILATI,Bilo,M,Bilo RAILATI,NÂ BWAU,14,1.05,3,,École Gustave LODS 2,ECOLE GUSTAVE LODS,0.85,Ecole Gustave LODS,63 RUE VARIN,ENSEIGNEMENT ET FORMATION,Enseignement du premier degré,Ecole primaire,166.435430928496,-22.2381371662114,etablissements_publics_nc,79,1843,Logicoop
municipales_2020,1,,,988,98818,Nouméa,NOUMEA,0043,2072,782,1290,752,23,7,1,LDIV,FALAEO,Veylma,F,Veylma FALAEO,"NOUMEA, C'EST VOUS !",148,7.14,19.68,,École Daniel TALON,ECOLE DANIEL TALON,0.8,Ecole Daniel TALON,5 RUE PIERRE ISSAMATRO,ENSEIGNEMENT ET FORMATION,Enseignement du premier degré,Ecole élémentaire,166.429735177846,-22.2343498153878,etablissements_publics_nc,79,1843,Logicoop
municipales_2020,1,,,988,98818,Nouméa,NOUMEA,0043,2072,782,1290,752,23,7,2,LDVC,BERART,Emmanuel,M,Emmanuel BERART,"Générations Nouméa, un nouvel horizon",8,0.39,1.06,,École Daniel TALON,ECOLE DANIEL TALON,0.8,Ecole Daniel TALON,5 RUE PIERRE ISSAMATRO,ENSEIGNEMENT ET FORMATION,Enseignement du premier degré,Ecole élémentaire,166.429735177846,-22.2343498153878,etablissements_publics_nc,79,1843,Logicoop
municipales_2020,1,,,988,98818,Nouméa,NOUMEA,0043,2072,782,1290,752,23,7,3,LREG,BOANEMOA,Joseph,M,Joseph BOANEMOA,UNITE PAYS,151,7.29,20.08,,École Daniel TALON,ECOLE DANIEL TALON,0.8,Ecole Daniel TALON,5 RUE PIERRE ISSAMATRO,ENSEIGNEMENT ET FORMATION,Enseignement du premier degré,Ecole élémentaire,166.429735177846,-22.2343498153878,etablissements_publics_nc,79,1843,Logicoop
municipales_2020,1,,,988,98818,Nouméa,NOUMEA,0043,2072,782,1290,752,23,7,4,LDVC,MANUOHALALO,Magali,F,Magali MANUOHALALO,"NOUMEA AUTREMENT, UNE VILLE POUR TOUS LES NOUMEENS",144,6.95,19.15,,École Daniel TALON,ECOLE DANIEL TALON,0.8,Ecole Daniel TALON,5 RUE PIERRE ISSAMATRO,ENSEIGNEMENT ET FORMATION,Enseignement du premier degré,Ecole élémentaire,166.429735177846,-22.2343498153878,etablissements_publics_nc,79,1843,Logicoop
municipales_2020,1,,,988,98818,Nouméa,NOUMEA,0043,2072,782,1290,752,23,7,5,LDVD,LAGARDE,Sonia,F,Sonia LAGARDE,"AVEC VOUS, POUR NOUMEA",246,11.87,32.71,,École Daniel TALON,ECOLE DANIEL TALON,0.8,Ecole Daniel TALON,5 RUE PIERRE ISSAMATRO,ENSEIGNEMENT ET FORMATION,Enseignement du premier degré,Ecole élémentaire,166.429735177846,-22.2343498153878,etablissements_publics_nc,79,1843,Logicoop
municipales_2020,1,,,988,98818,Nouméa,NOUMEA,0043,2072,782,1290,752,23,7,6,LDVC,LINOSSIER,Cherifa,F,Cherifa LINOSSIER,"NOS QUARTIERS, NOTRE VILLE",29,1.4,3.86,,École Daniel TALON,ECOLE DANIEL TALON,0.8,Ecole Daniel TALON,5 RUE PIERRE ISSAMATRO,ENSEIGNEMENT ET FORMATION,Enseignement du premier degré,Ecole élémentaire,166.429735177846,-22.2343498153878,etablissements_publics_nc,79,1843,Logicoop
municipales_2020,1,,,988,98818,Nouméa,NOUMEA,0043,2072,782,1290,752,23,7,7,LDIV,RAILATI,Bilo,M,Bilo RAILATI,NÂ BWAU,26,1.25,3.46,,École Daniel TALON,ECOLE DANIEL TALON,0.8,Ecole Daniel TALON,5 RUE PIERRE ISSAMATRO,ENSEIGNEMENT ET FORMATION,Enseignement du premier degré,Ecole élémentaire,166.429735177846,-22.2343498153878,etablissements_publics_nc,79,1843,Logicoop
municipales_2020,1,,,988,98818,Nouméa,NOUMEA,0044,1170,393,777,384,7,2,1,LDIV,FALAEO,Veylma,F,Veylma FALAEO,"NOUMEA, C'EST VOUS !",80,6.84,20.83,,École Louise VERGES,ECOLE LOUISE VERGES,0.615,Ecole Serge LAIGLE,7 RUE GEORGES LEQUES,ENSEIGNEMENT ET FORMATION,Enseignement du premier degré,Ecole primaire,166.486016745804,-22.2343408388225,etablissements_publics_nc,71,1835,Tina
municipales_2020,1,,,988,98818,Nouméa,NOUMEA,0044,1170,393,777,384,7,2,2,LDVC,BERART,Emmanuel,M,Emmanuel BERART,"Générations Nouméa, un nouvel horizon",17,1.45,4.43,,École Louise VERGES,ECOLE LOUISE VERGES,0.615,Ecole Serge LAIGLE,7 RUE GEORGES LEQUES,ENSEIGNEMENT ET FORMATION,Enseignement du premier degré,Ecole primaire,166.486016745804,-22.2343408388225,etablissements_publics_nc,71,1835,Tina
municipales_2020,1,,,988,98818,Nouméa,NOUMEA,0044,1170,393,777,384,7,2,3,LREG,BOANEMOA,Joseph,M,Joseph BOANEMOA,UNITE PAYS,148,12.65,38.54,,École Louise VERGES,ECOLE LOUISE VERGES,0.615,Ecole Serge LAIGLE,7 RUE GEORGES LEQUES,ENSEIGNEMENT ET FORMATION,Enseignement du premier degré,Ecole primaire,166.486016745804,-22.2343408388225,etablissements_publics_nc,71,1835,Tina
municipales_2020,1,,,988,98818,Nouméa,NOUMEA,0044,1170,393,777,384,7,2,4,LDVC,MANUOHALALO,Magali,F,Magali MANUOHALALO,"NOUMEA AUTREMENT, UNE VILLE POUR TOUS LES NOUMEENS",47,4.02,12.24,,École Louise VERGES,ECOLE LOUISE VERGES,0.615,Ecole Serge LAIGLE,7 RUE GEORGES LEQUES,ENSEIGNEMENT ET FORMATION,Enseignement du premier degré,Ecole primaire,166.486016745804,-22.2343408388225,etablissements_publics_nc,71,1835,Tina
municipales_2020,1,,,988,98818,Nouméa,NOUMEA,0044,1170,393,777,384,7,2,5,LDVD,LAGARDE,Sonia,F,Sonia LAGARDE,"AVEC VOUS, POUR NOUMEA",70,5.98,18.23,,École Louise VERGES,ECOLE LOUISE VERGES,0.615,Ecole Serge LAIGLE,7 RUE GEORGES LEQUES,ENSEIGNEMENT ET FORMATION,Enseignement du premier degré,Ecole primaire,166.486016745804,-22.2343408388225,etablissements_publics_nc,71,1835,Tina
municipales_2020,1,,,988,98818,Nouméa,NOUMEA,0044,1170,393,777,384,7,2,6,LDVC,LINOSSIER,Cherifa,F,Cherifa LINOSSIER,"NOS QUARTIERS, NOTRE VILLE",11,0.94,2.86,,École Louise VERGES,ECOLE LOUISE VERGES,0.615,Ecole Serge LAIGLE,7 RUE GEORGES LEQUES,ENSEIGNEMENT ET FORMATION,Enseignement du premier degré,Ecole primaire,166.486016745804,-22.2343408388225,etablissements_publics_nc,71,1835,Tina
municipales_2020,1,,,988,98818,Nouméa,NOUMEA,0044,1170,393,777,384,7,2,7,LDIV,RAILATI,Bilo,M,Bilo RAILATI,NÂ BWAU,11,0.94,2.86,,École Louise VERGES,ECOLE LOUISE VERGES,0.615,Ecole Serge LAIGLE,7 RUE GEORGES LEQUES,ENSEIGNEMENT ET FORMATION,Enseignement du premier degré,Ecole primaire,166.486016745804,-22.2343408388225,etablissements_publics_nc,71,1835,Tina
municipales_2020,1,,,988,98818,Nouméa,NOUMEA,0045,1623,651,972,646,4,1,1,LDIV,FALAEO,Veylma,F,Veylma FALAEO,"NOUMEA, C'EST VOUS !",42,2.59,6.5,,École Mathilde BROQUET 2,ECOLE MATHILDE BROQUET,0.836,Ecole Mathilde BROQUET,24 RUE PIERRE ARTIGUE,ENSEIGNEMENT ET FORMATION,Enseignement du premier degré,Ecole élémentaire,166.467549840387,-22.256293239868,etablissements_publics_nc,63,1827,Aérodrome Sud
municipales_2020,1,,,988,98818,Nouméa,NOUMEA,0045,1623,651,972,646,4,1,2,LDVC,BERART,Emmanuel,M,Emmanuel BERART,"Générations Nouméa, un nouvel horizon",33,2.03,5.11,,École Mathilde BROQUET 2,ECOLE MATHILDE BROQUET,0.836,Ecole Mathilde BROQUET,24 RUE PIERRE ARTIGUE,ENSEIGNEMENT ET FORMATION,Enseignement du premier degré,Ecole élémentaire,166.467549840387,-22.256293239868,etablissements_publics_nc,63,1827,Aérodrome Sud
municipales_2020,1,,,988,98818,Nouméa,NOUMEA,0045,1623,651,972,646,4,1,3,LREG,BOANEMOA,Joseph,M,Joseph BOANEMOA,UNITE PAYS,53,3.27,8.2,,École Mathilde BROQUET 2,ECOLE MATHILDE BROQUET,0.836,Ecole Mathilde BROQUET,24 RUE PIERRE ARTIGUE,ENSEIGNEMENT ET FORMATION,Enseignement du premier degré,Ecole élémentaire,166.467549840387,-22.256293239868,etablissements_publics_nc,63,1827,Aérodrome Sud
municipales_2020,1,,,988,98818,Nouméa,NOUMEA,0045,1623,651,972,646,4,1,4,LDVC,MANUOHALALO,Magali,F,Magali MANUOHALALO,"NOUMEA AUTREMENT, UNE VILLE POUR TOUS LES NOUMEENS",56,3.45,8.67,,École Mathilde BROQUET 2,ECOLE MATHILDE BROQUET,0.836,Ecole Mathilde BROQUET,24 RUE PIERRE ARTIGUE,ENSEIGNEMENT ET FORMATION,Enseignement du premier degré,Ecole élémentaire,166.467549840387,-22.256293239868,etablissements_publics_nc,63,1827,Aérodrome Sud
municipales_2020,1,,,988,98818,Nouméa,NOUMEA,0045,1623,651,972,646,4,1,5,LDVD,LAGARDE,Sonia,F,Sonia LAGARDE,"AVEC VOUS, POUR NOUMEA",423,26.06,65.48,,École Mathilde BROQUET 2,ECOLE MATHILDE BROQUET,0.836,Ecole Mathilde BROQUET,24 RUE PIERRE ARTIGUE,ENSEIGNEMENT ET FORMATION,Enseignement du premier degré,Ecole élémentaire,166.467549840387,-22.256293239868,etablissements_publics_nc,63,1827,Aérodrome Sud
municipales_2020,1,,,988,98818,Nouméa,NOUMEA,0045,1623,651,972,646,4,1,6,LDVC,LINOSSIER,Cherifa,F,Cherifa LINOSSIER,"NOS QUARTIERS, NOTRE VILLE",28,1.73,4.33,,École Mathilde BROQUET 2,ECOLE MATHILDE BROQUET,0.836,Ecole Mathilde BROQUET,24 RUE PIERRE ARTIGUE,ENSEIGNEMENT ET FORMATION,Enseignement du premier degré,Ecole élémentaire,166.467549840387,-22.256293239868,etablissements_publics_nc,63,1827,Aérodrome Sud
municipales_2020,1,,,988,98818,Nouméa,NOUMEA,0045,1623,651,972,646,4,1,7,LDIV,RAILATI,Bilo,M,Bilo RAILATI,NÂ BWAU,11,0.68,1.7,,École Mathilde BROQUET 2,ECOLE MATHILDE BROQUET,0.836,Ecole Mathilde BROQUET,24 RUE PIERRE ARTIGUE,ENSEIGNEMENT ET FORMATION,Enseignement du premier degré,Ecole élémentaire,166.467549840387,-22.256293239868,etablissements_publics_nc,63,1827,Aérodrome Sud
municipales_2020,1,,,988,98818,Nouméa,NOUMEA,0046,984,429,555,422,6,1,1,LDIV,FALAEO,Veylma,F,Veylma FALAEO,"NOUMEA, C'EST VOUS !",7,0.71,1.66,,École Yvonne DUPONT 2,ECOLE YVONNE DUPONT,0.98,Parc école Yvonne DUPONT,2 RUE MARCELLIN LACABANNE,PARC ESPACE PUBLIC ET LOISIR,Parcs et espaces verts,Parc,166.442173657352,-22.2926748814035,etablissements_publics_nc,42,1806,Motor Pool - Receiving
municipales_2020,1,,,988,98818,Nouméa,NOUMEA,0046,984,429,555,422,6,1,2,LDVC,BERART,Emmanuel,M,Emmanuel BERART,"Générations Nouméa, un nouvel horizon",26,2.64,6.16,,École Yvonne DUPONT 2,ECOLE YVONNE DUPONT,0.98,Parc école Yvonne DUPONT,2 RUE MARCELLIN LACABANNE,PARC ESPACE PUBLIC ET LOISIR,Parcs et espaces verts,Parc,166.442173657352,-22.2926748814035,etablissements_publics_nc,42,1806,Motor Pool - Receiving
municipales_2020,1,,,988,98818,Nouméa,NOUMEA,0046,984,429,555,422,6,1,3,LREG,BOANEMOA,Joseph,M,Joseph BOANEMOA,UNITE PAYS,2,0.2,0.47,,École Yvonne DUPONT 2,ECOLE YVONNE DUPONT,0.98,Parc école Yvonne DUPONT,2 RUE MARCELLIN LACABANNE,PARC ESPACE PUBLIC ET LOISIR,Parcs et espaces verts,Parc,166.442173657352,-22.2926748814035,etablissements_publics_nc,42,1806,Motor Pool - Receiving
municipales_2020,1,,,988,98818,Nouméa,NOUMEA,0046,984,429,555,422,6,1,4,LDVC,MANUOHALALO,Magali,F,Magali MANUOHALALO,"NOUMEA AUTREMENT, UNE VILLE POUR TOUS LES NOUMEENS",35,3.56,8.29,,École Yvonne DUPONT 2,ECOLE YVONNE DUPONT,0.98,Parc école Yvonne DUPONT,2 RUE MARCELLIN LACABANNE,PARC ESPACE PUBLIC ET LOISIR,Parcs et espaces verts,Parc,166.442173657352,-22.2926748814035,etablissements_publics_nc,42,1806,Motor Pool - Receiving
municipales_2020,1,,,988,98818,Nouméa,NOUMEA,0046,984,429,555,422,6,1,5,LDVD,LAGARDE,Sonia,F,Sonia LAGARDE,"AVEC VOUS, POUR NOUMEA",331,33.64,78.44,,École Yvonne DUPONT 2,ECOLE YVONNE DUPONT,0.98,Parc école Yvonne DUPONT,2 RUE MARCELLIN LACABANNE,PARC ESPACE PUBLIC ET LOISIR,Parcs et espaces verts,Parc,166.442173657352,-22.2926748814035,etablissements_publics_nc,42,1806,Motor Pool - Receiving
municipales_2020,1,,,988,98818,Nouméa,NOUMEA,0046,984,429,555,422,6,1,6,LDVC,LINOSSIER,Cherifa,F,Cherifa LINOSSIER,"NOS QUARTIERS, NOTRE VILLE",20,2.03,4.74,,École Yvonne DUPONT 2,ECOLE YVONNE DUPONT,0.98,Parc école Yvonne DUPONT,2 RUE MARCELLIN LACABANNE,PARC ESPACE PUBLIC ET LOISIR,Parcs et espaces verts,Parc,166.442173657352,-22.2926748814035,etablissements_publics_nc,42,1806,Motor Pool - Receiving
municipales_2020,1,,,988,98818,Nouméa,NOUMEA,0046,984,429,555,422,6,1,7,LDIV,RAILATI,Bilo,M,Bilo RAILATI,NÂ BWAU,1,0.1,0.24,,École Yvonne DUPONT 2,ECOLE YVONNE DUPONT,0.98,Parc école Yvonne DUPONT,2 RUE MARCELLIN LACABANNE,PARC ESPACE PUBLIC ET LOISIR,Parcs et espaces verts,Parc,166.442173657352,-22.2926748814035,etablissements_publics_nc,42,1806,Motor Pool - Receiving
municipales_2020,1,,,988,98818,Nouméa,NOUMEA,0047,1025,518,507,504,11,3,1,LDIV,FALAEO,Veylma,F,Veylma FALAEO,"NOUMEA, C'EST VOUS !",10,0.98,1.98,,École Paul BOYER 2,ECOLE PAUL BOYER,0.812,Ecole Paul BOYER,10 RUE BOUGAINVILLE,ENSEIGNEMENT ET FORMATION,Enseignement du premier degré,Groupe scolaire,166.452482969153,-22.2781620536236,etablissements_publics_nc,47,1811,Faubourg Blanchot
municipales_2020,1,,,988,98818,Nouméa,NOUMEA,0047,1025,518,507,504,11,3,2,LDVC,BERART,Emmanuel,M,Emmanuel BERART,"Générations Nouméa, un nouvel horizon",29,2.83,5.75,,École Paul BOYER 2,ECOLE PAUL BOYER,0.812,Ecole Paul BOYER,10 RUE BOUGAINVILLE,ENSEIGNEMENT ET FORMATION,Enseignement du premier degré,Groupe scolaire,166.452482969153,-22.2781620536236,etablissements_publics_nc,47,1811,Faubourg Blanchot
municipales_2020,1,,,988,98818,Nouméa,NOUMEA,0047,1025,518,507,504,11,3,3,LREG,BOANEMOA,Joseph,M,Joseph BOANEMOA,UNITE PAYS,7,0.68,1.39,,École Paul BOYER 2,ECOLE PAUL BOYER,0.812,Ecole Paul BOYER,10 RUE BOUGAINVILLE,ENSEIGNEMENT ET FORMATION,Enseignement du premier degré,Groupe scolaire,166.452482969153,-22.2781620536236,etablissements_publics_nc,47,1811,Faubourg Blanchot
municipales_2020,1,,,988,98818,Nouméa,NOUMEA,0047,1025,518,507,504,11,3,4,LDVC,MANUOHALALO,Magali,F,Magali MANUOHALALO,"NOUMEA AUTREMENT, UNE VILLE POUR TOUS LES NOUMEENS",34,3.32,6.75,,École Paul BOYER 2,ECOLE PAUL BOYER,0.812,Ecole Paul BOYER,10 RUE BOUGAINVILLE,ENSEIGNEMENT ET FORMATION,Enseignement du premier degré,Groupe scolaire,166.452482969153,-22.2781620536236,etablissements_publics_nc,47,1811,Faubourg Blanchot
municipales_2020,1,,,988,98818,Nouméa,NOUMEA,0047,1025,518,507,504,11,3,5,LDVD,LAGARDE,Sonia,F,Sonia LAGARDE,"AVEC VOUS, POUR NOUMEA",401,39.12,79.56,,École Paul BOYER 2,ECOLE PAUL BOYER,0.812,Ecole Paul BOYER,10 RUE BOUGAINVILLE,ENSEIGNEMENT ET FORMATION,Enseignement du premier degré,Groupe scolaire,166.452482969153,-22.2781620536236,etablissements_publics_nc,47,1811,Faubourg Blanchot
municipales_2020,1,,,988,98818,Nouméa,NOUMEA,0047,1025,518,507,504,11,3,6,LDVC,LINOSSIER,Cherifa,F,Cherifa LINOSSIER,"NOS QUARTIERS, NOTRE VILLE",22,2.15,4.37,,École Paul BOYER 2,ECOLE PAUL BOYER,0.812,Ecole Paul BOYER,10 RUE BOUGAINVILLE,ENSEIGNEMENT ET FORMATION,Enseignement du premier degré,Groupe scolaire,166.452482969153,-22.2781620536236,etablissements_publics_nc,47,1811,Faubourg Blanchot
municipales_2020,1,,,988,98818,Nouméa,NOUMEA,0047,1025,518,507,504,11,3,7,LDIV,RAILATI,Bilo,M,Bilo RAILATI,NÂ BWAU,1,0.1,0.2,,École Paul BOYER 2,ECOLE PAUL BOYER,0.812,Ecole Paul BOYER,10 RUE BOUGAINVILLE,ENSEIGNEMENT ET FORMATION,Enseignement du premier degré,Groupe scolaire,166.452482969153,-22.2781620536236,etablissements_publics_nc,47,1811,Faubourg Blanchot
municipales_2020,1,,,988,98818,Nouméa,NOUMEA,0048,1027,425,602,408,1,16,1,LDIV,FALAEO,Veylma,F,Veylma FALAEO,"NOUMEA, C'EST VOUS !",80,7.79,19.61,,École Marguerite ARSAPIN,ECOLE MARGUERITE ARSAPIN,0.74,Ecole Marguerite CARLIER,14 RUE DE BOUGAINVILLE,ENSEIGNEMENT ET FORMATION,Enseignement du premier degré,Groupe scolaire,166.454280714904,-22.2790060967446,etablissements_publics_nc,47,1811,Faubourg Blanchot
municipales_2020,1,,,988,98818,Nouméa,NOUMEA,0048,1027,425,602,408,1,16,2,LDVC,BERART,Emmanuel,M,Emmanuel BERART,"Générations Nouméa, un nouvel horizon",19,1.85,4.66,,École Marguerite ARSAPIN,ECOLE MARGUERITE ARSAPIN,0.74,Ecole Marguerite CARLIER,14 RUE DE BOUGAINVILLE,ENSEIGNEMENT ET FORMATION,Enseignement du premier degré,Groupe scolaire,166.454280714904,-22.2790060967446,etablissements_publics_nc,47,1811,Faubourg Blanchot
municipales_2020,1,,,988,98818,Nouméa,NOUMEA,0048,1027,425,602,408,1,16,3,LREG,BOANEMOA,Joseph,M,Joseph BOANEMOA,UNITE PAYS,53,5.16,12.99,,École Marguerite ARSAPIN,ECOLE MARGUERITE ARSAPIN,0.74,Ecole Marguerite CARLIER,14 RUE DE BOUGAINVILLE,ENSEIGNEMENT ET FORMATION,Enseignement du premier degré,Groupe scolaire,166.454280714904,-22.2790060967446,etablissements_publics_nc,47,1811,Faubourg Blanchot
municipales_2020,1,,,988,98818,Nouméa,NOUMEA,0048,1027,425,602,408,1,16,4,LDVC,MANUOHALALO,Magali,F,Magali MANUOHALALO,"NOUMEA AUTREMENT, UNE VILLE POUR TOUS LES NOUMEENS",64,6.23,15.69,,École Marguerite ARSAPIN,ECOLE MARGUERITE ARSAPIN,0.74,Ecole Marguerite CARLIER,14 RUE DE BOUGAINVILLE,ENSEIGNEMENT ET FORMATION,Enseignement du premier degré,Groupe scolaire,166.454280714904,-22.2790060967446,etablissements_publics_nc,47,1811,Faubourg Blanchot
municipales_2020,1,,,988,98818,Nouméa,NOUMEA,0048,1027,425,602,408,1,16,5,LDVD,LAGARDE,Sonia,F,Sonia LAGARDE,"AVEC VOUS, POUR NOUMEA",170,16.55,41.67,,École Marguerite ARSAPIN,ECOLE MARGUERITE ARSAPIN,0.74,Ecole Marguerite CARLIER,14 RUE DE BOUGAINVILLE,ENSEIGNEMENT ET FORMATION,Enseignement du premier degré,Groupe scolaire,166.454280714904,-22.2790060967446,etablissements_publics_nc,47,1811,Faubourg Blanchot
municipales_2020,1,,,988,98818,Nouméa,NOUMEA,0048,1027,425,602,408,1,16,6,LDVC,LINOSSIER,Cherifa,F,Cherifa LINOSSIER,"NOS QUARTIERS, NOTRE VILLE",15,1.46,3.68,,École Marguerite ARSAPIN,ECOLE MARGUERITE ARSAPIN,0.74,Ecole Marguerite CARLIER,14 RUE DE BOUGAINVILLE,ENSEIGNEMENT ET FORMATION,Enseignement du premier degré,Groupe scolaire,166.454280714904,-22.2790060967446,etablissements_publics_nc,47,1811,Faubourg Blanchot
municipales_2020,1,,,988,98818,Nouméa,NOUMEA,0048,1027,425,602,408,1,16,7,LDIV,RAILATI,Bilo,M,Bilo RAILATI,NÂ BWAU,7,0.68,1.72,,École Marguerite ARSAPIN,ECOLE MARGUERITE ARSAPIN,0.74,Ecole Marguerite CARLIER,14 RUE DE BOUGAINVILLE,ENSEIGNEMENT ET FORMATION,Enseignement du premier degré,Groupe scolaire,166.454280714904,-22.2790060967446,etablissements_publics_nc,47,1811,Faubourg Blanchot
municipales_2020,1,,,988,98818,Nouméa,NOUMEA,0049,1213,576,637,567,7,2,1,LDIV,FALAEO,Veylma,F,Veylma FALAEO,"NOUMEA, C'EST VOUS !",27,2.23,4.76,,École les PERVENCHES,ECOLE PERVENCHES,0.717,Ecole LES PERVENCHES,4 RUE PIERRE ARTIGUE,ENSEIGNEMENT ET FORMATION,Enseignement du premier degré,Ecole pré-élémentaire,166.463935144665,-22.2575766179093,etablissements_publics_nc,62,1826,Portes de Fer - Sud
municipales_2020,1,,,988,98818,Nouméa,NOUMEA,0049,1213,576,637,567,7,2,2,LDVC,BERART,Emmanuel,M,Emmanuel BERART,"Générations Nouméa, un nouvel horizon",42,3.46,7.41,,École les PERVENCHES,ECOLE PERVENCHES,0.717,Ecole LES PERVENCHES,4 RUE PIERRE ARTIGUE,ENSEIGNEMENT ET FORMATION,Enseignement du premier degré,Ecole pré-élémentaire,166.463935144665,-22.2575766179093,etablissements_publics_nc,62,1826,Portes de Fer - Sud
municipales_2020,1,,,988,98818,Nouméa,NOUMEA,0049,1213,576,637,567,7,2,3,LREG,BOANEMOA,Joseph,M,Joseph BOANEMOA,UNITE PAYS,16,1.32,2.82,,École les PERVENCHES,ECOLE PERVENCHES,0.717,Ecole LES PERVENCHES,4 RUE PIERRE ARTIGUE,ENSEIGNEMENT ET FORMATION,Enseignement du premier degré,Ecole pré-élémentaire,166.463935144665,-22.2575766179093,etablissements_publics_nc,62,1826,Portes de Fer - Sud
municipales_2020,1,,,988,98818,Nouméa,NOUMEA,0049,1213,576,637,567,7,2,4,LDVC,MANUOHALALO,Magali,F,Magali MANUOHALALO,"NOUMEA AUTREMENT, UNE VILLE POUR TOUS LES NOUMEENS",35,2.89,6.17,,École les PERVENCHES,ECOLE PERVENCHES,0.717,Ecole LES PERVENCHES,4 RUE PIERRE ARTIGUE,ENSEIGNEMENT ET FORMATION,Enseignement du premier degré,Ecole pré-élémentaire,166.463935144665,-22.2575766179093,etablissements_publics_nc,62,1826,Portes de Fer - Sud
municipales_2020,1,,,988,98818,Nouméa,NOUMEA,0049,1213,576,637,567,7,2,5,LDVD,LAGARDE,Sonia,F,Sonia LAGARDE,"AVEC VOUS, POUR NOUMEA",417,34.38,73.54,,École les PERVENCHES,ECOLE PERVENCHES,0.717,Ecole LES PERVENCHES,4 RUE PIERRE ARTIGUE,ENSEIGNEMENT ET FORMATION,Enseignement du premier degré,Ecole pré-élémentaire,166.463935144665,-22.2575766179093,etablissements_publics_nc,62,1826,Portes de Fer - Sud
municipales_2020,1,,,988,98818,Nouméa,NOUMEA,0049,1213,576,637,567,7,2,6,LDVC,LINOSSIER,Cherifa,F,Cherifa LINOSSIER,"NOS QUARTIERS, NOTRE VILLE",26,2.14,4.59,,École les PERVENCHES,ECOLE PERVENCHES,0.717,Ecole LES PERVENCHES,4 RUE PIERRE ARTIGUE,ENSEIGNEMENT ET FORMATION,Enseignement du premier degré,Ecole pré-élémentaire,166.463935144665,-22.2575766179093,etablissements_publics_nc,62,1826,Portes de Fer - Sud
municipales_2020,1,,,988,98818,Nouméa,NOUMEA,0049,1213,576,637,567,7,2,7,LDIV,RAILATI,Bilo,M,Bilo RAILATI,NÂ BWAU,4,0.33,0.71,,École les PERVENCHES,ECOLE PERVENCHES,0.717,Ecole LES PERVENCHES,4 RUE PIERRE ARTIGUE,ENSEIGNEMENT ET FORMATION,Enseignement du premier degré,Ecole pré-élémentaire,166.463935144665,-22.2575766179093,etablissements_publics_nc,62,1826,Portes de Fer - Sud
municipales_2020,1,,,988,98818,Nouméa,NOUMEA,0050,1726,577,1149,566,8,3,1,LDIV,FALAEO,Veylma,F,Veylma FALAEO,"NOUMEA, C'EST VOUS !",67,3.88,11.84,,École Albert PERRAUD,ECOLE ALBERT PERRAUD,0.866,Ecole Albert PERRAUD,1 RUE HENRI BAUDOEUF,ENSEIGNEMENT ET FORMATION,Enseignement du premier degré,Ecole primaire,166.467888234029,-22.2619636836771,etablissements_publics_nc,63,1827,Aérodrome Sud
municipales_2020,1,,,988,98818,Nouméa,NOUMEA,0050,1726,577,1149,566,8,3,2,LDVC,BERART,Emmanuel,M,Emmanuel BERART,"Générations Nouméa, un nouvel horizon",28,1.62,4.95,,École Albert PERRAUD,ECOLE ALBERT PERRAUD,0.866,Ecole Albert PERRAUD,1 RUE HENRI BAUDOEUF,ENSEIGNEMENT ET FORMATION,Enseignement du premier degré,Ecole primaire,166.467888234029,-22.2619636836771,etablissements_publics_nc,63,1827,Aérodrome Sud
municipales_2020,1,,,988,98818,Nouméa,NOUMEA,0050,1726,577,1149,566,8,3,3,LREG,BOANEMOA,Joseph,M,Joseph BOANEMOA,UNITE PAYS,145,8.4,25.62,,École Albert PERRAUD,ECOLE ALBERT PERRAUD,0.866,Ecole Albert PERRAUD,1 RUE HENRI BAUDOEUF,ENSEIGNEMENT ET FORMATION,Enseignement du premier degré,Ecole primaire,166.467888234029,-22.2619636836771,etablissements_publics_nc,63,1827,Aérodrome Sud
municipales_2020,1,,,988,98818,Nouméa,NOUMEA,0050,1726,577,1149,566,8,3,4,LDVC,MANUOHALALO,Magali,F,Magali MANUOHALALO,"NOUMEA AUTREMENT, UNE VILLE POUR TOUS LES NOUMEENS",68,3.94,12.01,,École Albert PERRAUD,ECOLE ALBERT PERRAUD,0.866,Ecole Albert PERRAUD,1 RUE HENRI BAUDOEUF,ENSEIGNEMENT ET FORMATION,Enseignement du premier degré,Ecole primaire,166.467888234029,-22.2619636836771,etablissements_publics_nc,63,1827,Aérodrome Sud
municipales_2020,1,,,988,98818,Nouméa,NOUMEA,0050,1726,577,1149,566,8,3,5,LDVD,LAGARDE,Sonia,F,Sonia LAGARDE,"AVEC VOUS, POUR NOUMEA",190,11.01,33.57,,École Albert PERRAUD,ECOLE ALBERT PERRAUD,0.866,Ecole Albert PERRAUD,1 RUE HENRI BAUDOEUF,ENSEIGNEMENT ET FORMATION,Enseignement du premier degré,Ecole primaire,166.467888234029,-22.2619636836771,etablissements_publics_nc,63,1827,Aérodrome Sud
municipales_2020,1,,,988,98818,Nouméa,NOUMEA,0050,1726,577,1149,566,8,3,6,LDVC,LINOSSIER,Cherifa,F,Cherifa LINOSSIER,"NOS QUARTIERS, NOTRE VILLE",36,2.09,6.36,,École Albert PERRAUD,ECOLE ALBERT PERRAUD,0.866,Ecole Albert PERRAUD,1 RUE HENRI BAUDOEUF,ENSEIGNEMENT ET FORMATION,Enseignement du premier degré,Ecole primaire,166.467888234029,-22.2619636836771,etablissements_publics_nc,63,1827,Aérodrome Sud
municipales_2020,1,,,988,98818,Nouméa,NOUMEA,0050,1726,577,1149,566,8,3,7,LDIV,RAILATI,Bilo,M,Bilo RAILATI,NÂ BWAU,32,1.85,5.65,,École Albert PERRAUD,ECOLE ALBERT PERRAUD,0.866,Ecole Albert PERRAUD,1 RUE HENRI BAUDOEUF,ENSEIGNEMENT ET FORMATION,Enseignement du premier degré,Ecole primaire,166.467888234029,-22.2619636836771,etablissements_publics_nc,63,1827,Aérodrome Sud
municipales_2020,1,,,988,98818,Nouméa,NOUMEA,0051,1280,642,638,627,7,8,1,LDIV,FALAEO,Veylma,F,Veylma FALAEO,"NOUMEA, C'EST VOUS !",33,2.58,5.26,,École Michel AMIOT,ECOLE MICHEL AMIOT,0.85,Ecole Michel AMIOT,12 RUE DE PRONY,ENSEIGNEMENT ET FORMATION,Enseignement du premier degré,Ecole primaire,166.468616034294,-22.2680303864914,etablissements_publics_nc,53,1817,Magenta Est
municipales_2020,1,,,988,98818,Nouméa,NOUMEA,0051,1280,642,638,627,7,8,2,LDVC,BERART,Emmanuel,M,Emmanuel BERART,"Générations Nouméa, un nouvel horizon",35,2.73,5.58,,École Michel AMIOT,ECOLE MICHEL AMIOT,0.85,Ecole Michel AMIOT,12 RUE DE PRONY,ENSEIGNEMENT ET FORMATION,Enseignement du premier degré,Ecole primaire,166.468616034294,-22.2680303864914,etablissements_publics_nc,53,1817,Magenta Est
municipales_2020,1,,,988,98818,Nouméa,NOUMEA,0051,1280,642,638,627,7,8,3,LREG,BOANEMOA,Joseph,M,Joseph BOANEMOA,UNITE PAYS,33,2.58,5.26,,École Michel AMIOT,ECOLE MICHEL AMIOT,0.85,Ecole Michel AMIOT,12 RUE DE PRONY,ENSEIGNEMENT ET FORMATION,Enseignement du premier degré,Ecole primaire,166.468616034294,-22.2680303864914,etablissements_publics_nc,53,1817,Magenta Est
municipales_2020,1,,,988,98818,Nouméa,NOUMEA,0051,1280,642,638,627,7,8,4,LDVC,MANUOHALALO,Magali,F,Magali MANUOHALALO,"NOUMEA AUTREMENT, UNE VILLE POUR TOUS LES NOUMEENS",31,2.42,4.94,,École Michel AMIOT,ECOLE MICHEL AMIOT,0.85,Ecole Michel AMIOT,12 RUE DE PRONY,ENSEIGNEMENT ET FORMATION,Enseignement du premier degré,Ecole primaire,166.468616034294,-22.2680303864914,etablissements_publics_nc,53,1817,Magenta Est
municipales_2020,1,,,988,98818,Nouméa,NOUMEA,0051,1280,642,638,627,7,8,5,LDVD,LAGARDE,Sonia,F,Sonia LAGARDE,"AVEC VOUS, POUR NOUMEA",472,36.88,75.28,,École Michel AMIOT,ECOLE MICHEL AMIOT,0.85,Ecole Michel AMIOT,12 RUE DE PRONY,ENSEIGNEMENT ET FORMATION,Enseignement du premier degré,Ecole primaire,166.468616034294,-22.2680303864914,etablissements_publics_nc,53,1817,Magenta Est
municipales_2020,1,,,988,98818,Nouméa,NOUMEA,0051,1280,642,638,627,7,8,6,LDVC,LINOSSIER,Cherifa,F,Cherifa LINOSSIER,"NOS QUARTIERS, NOTRE VILLE",20,1.56,3.19,,École Michel AMIOT,ECOLE MICHEL AMIOT,0.85,Ecole Michel AMIOT,12 RUE DE PRONY,ENSEIGNEMENT ET FORMATION,Enseignement du premier degré,Ecole primaire,166.468616034294,-22.2680303864914,etablissements_publics_nc,53,1817,Magenta Est
municipales_2020,1,,,988,98818,Nouméa,NOUMEA,0051,1280,642,638,627,7,8,7,LDIV,RAILATI,Bilo,M,Bilo RAILATI,NÂ BWAU,3,0.23,0.48,,École Michel AMIOT,ECOLE MICHEL AMIOT,0.85,Ecole Michel AMIOT,12 RUE DE PRONY,ENSEIGNEMENT ET FORMATION,Enseignement du premier degré,Ecole primaire,166.468616034294,-22.2680303864914,etablissements_publics_nc,53,1817,Magenta Est
municipales_2020,1,,,988,98818,Nouméa,NOUMEA,0052,1314,464,850,451,12,1,1,LDIV,FALAEO,Veylma,F,Veylma FALAEO,"NOUMEA, C'EST VOUS !",4,0.3,0.89,,École Charles BICHON,ECOLE CHARLES BICHON,0.819,Ecole Charles BICHON,82 AVENUE DU GENERAL DE GAULLE,ENSEIGNEMENT ET FORMATION,Enseignement du premier degré,Ecole élémentaire,166.443767790723,-22.2808132680625,etablissements_publics_nc,45,1809,Orphelinat
municipales_2020,1,,,988,98818,Nouméa,NOUMEA,0052,1314,464,850,451,12,1,2,LDVC,BERART,Emmanuel,M,Emmanuel BERART,"Générations Nouméa, un nouvel horizon",35,2.66,7.76,,École Charles BICHON,ECOLE CHARLES BICHON,0.819,Ecole Charles BICHON,82 AVENUE DU GENERAL DE GAULLE,ENSEIGNEMENT ET FORMATION,Enseignement du premier degré,Ecole élémentaire,166.443767790723,-22.2808132680625,etablissements_publics_nc,45,1809,Orphelinat
municipales_2020,1,,,988,98818,Nouméa,NOUMEA,0052,1314,464,850,451,12,1,3,LREG,BOANEMOA,Joseph,M,Joseph BOANEMOA,UNITE PAYS,12,0.91,2.66,,École Charles BICHON,ECOLE CHARLES BICHON,0.819,Ecole Charles BICHON,82 AVENUE DU GENERAL DE GAULLE,ENSEIGNEMENT ET FORMATION,Enseignement du premier degré,Ecole élémentaire,166.443767790723,-22.2808132680625,etablissements_publics_nc,45,1809,Orphelinat
municipales_2020,1,,,988,98818,Nouméa,NOUMEA,0052,1314,464,850,451,12,1,4,LDVC,MANUOHALALO,Magali,F,Magali MANUOHALALO,"NOUMEA AUTREMENT, UNE VILLE POUR TOUS LES NOUMEENS",39,2.97,8.65,,École Charles BICHON,ECOLE CHARLES BICHON,0.819,Ecole Charles BICHON,82 AVENUE DU GENERAL DE GAULLE,ENSEIGNEMENT ET FORMATION,Enseignement du premier degré,Ecole élémentaire,166.443767790723,-22.2808132680625,etablissements_publics_nc,45,1809,Orphelinat
municipales_2020,1,,,988,98818,Nouméa,NOUMEA,0052,1314,464,850,451,12,1,5,LDVD,LAGARDE,Sonia,F,Sonia LAGARDE,"AVEC VOUS, POUR NOUMEA",339,25.8,75.17,,École Charles BICHON,ECOLE CHARLES BICHON,0.819,Ecole Charles BICHON,82 AVENUE DU GENERAL DE GAULLE,ENSEIGNEMENT ET FORMATION,Enseignement du premier degré,Ecole élémentaire,166.443767790723,-22.2808132680625,etablissements_publics_nc,45,1809,Orphelinat
municipales_2020,1,,,988,98818,Nouméa,NOUMEA,0052,1314,464,850,451,12,1,6,LDVC,LINOSSIER,Cherifa,F,Cherifa LINOSSIER,"NOS QUARTIERS, NOTRE VILLE",21,1.6,4.66,,École Charles BICHON,ECOLE CHARLES BICHON,0.819,Ecole Charles BICHON,82 AVENUE DU GENERAL DE GAULLE,ENSEIGNEMENT ET FORMATION,Enseignement du premier degré,Ecole élémentaire,166.443767790723,-22.2808132680625,etablissements_publics_nc,45,1809,Orphelinat
municipales_2020,1,,,988,98818,Nouméa,NOUMEA,0052,1314,464,850,451,12,1,7,LDIV,RAILATI,Bilo,M,Bilo RAILATI,NÂ BWAU,1,0.08,0.22,,École Charles BICHON,ECOLE CHARLES BICHON,0.819,Ecole Charles BICHON,82 AVENUE DU GENERAL DE GAULLE,ENSEIGNEMENT ET FORMATION,Enseignement du premier degré,Ecole élémentaire,166.443767790723,-22.2808132680625,etablissements_publics_nc,45,1809,Orphelinat
municipales_2020,1,,,988,98818,Nouméa,NOUMEA,0053,1365,562,803,541,18,3,1,LDIV,FALAEO,Veylma,F,Veylma FALAEO,"NOUMEA, C'EST VOUS !",7,0.51,1.29,,École les LYS,ECOLE LYS,0.686,Ecole FILANTE,8 RUE MARCELLIN LACABANNE,ENSEIGNEMENT ET FORMATION,Enseignement du premier degré,Autre structure scolaire,166.443135087106,-22.2929071476207,etablissements_publics_nc,42,1806,Motor Pool - Receiving
municipales_2020,1,,,988,98818,Nouméa,NOUMEA,0053,1365,562,803,541,18,3,2,LDVC,BERART,Emmanuel,M,Emmanuel BERART,"Générations Nouméa, un nouvel horizon",54,3.96,9.98,,École les LYS,ECOLE LYS,0.686,Ecole FILANTE,8 RUE MARCELLIN LACABANNE,ENSEIGNEMENT ET FORMATION,Enseignement du premier degré,Autre structure scolaire,166.443135087106,-22.2929071476207,etablissements_publics_nc,42,1806,Motor Pool - Receiving
municipales_2020,1,,,988,98818,Nouméa,NOUMEA,0053,1365,562,803,541,18,3,3,LREG,BOANEMOA,Joseph,M,Joseph BOANEMOA,UNITE PAYS,15,1.1,2.77,,École les LYS,ECOLE LYS,0.686,Ecole FILANTE,8 RUE MARCELLIN LACABANNE,ENSEIGNEMENT ET FORMATION,Enseignement du premier degré,Autre structure scolaire,166.443135087106,-22.2929071476207,etablissements_publics_nc,42,1806,Motor Pool - Receiving
municipales_2020,1,,,988,98818,Nouméa,NOUMEA,0053,1365,562,803,541,18,3,4,LDVC,MANUOHALALO,Magali,F,Magali MANUOHALALO,"NOUMEA AUTREMENT, UNE VILLE POUR TOUS LES NOUMEENS",31,2.27,5.73,,École les LYS,ECOLE LYS,0.686,Ecole FILANTE,8 RUE MARCELLIN LACABANNE,ENSEIGNEMENT ET FORMATION,Enseignement du premier degré,Autre structure scolaire,166.443135087106,-22.2929071476207,etablissements_publics_nc,42,1806,Motor Pool - Receiving
municipales_2020,1,,,988,98818,Nouméa,NOUMEA,0053,1365,562,803,541,18,3,5,LDVD,LAGARDE,Sonia,F,Sonia LAGARDE,"AVEC VOUS, POUR NOUMEA",407,29.82,75.23,,École les LYS,ECOLE LYS,0.686,Ecole FILANTE,8 RUE MARCELLIN LACABANNE,ENSEIGNEMENT ET FORMATION,Enseignement du premier degré,Autre structure scolaire,166.443135087106,-22.2929071476207,etablissements_publics_nc,42,1806,Motor Pool - Receiving
municipales_2020,1,,,988,98818,Nouméa,NOUMEA,0053,1365,562,803,541,18,3,6,LDVC,LINOSSIER,Cherifa,F,Cherifa LINOSSIER,"NOS QUARTIERS, NOTRE VILLE",26,1.9,4.81,,École les LYS,ECOLE LYS,0.686,Ecole FILANTE,8 RUE MARCELLIN LACABANNE,ENSEIGNEMENT ET FORMATION,Enseignement du premier degré,Autre structure scolaire,166.443135087106,-22.2929071476207,etablissements_publics_nc,42,1806,Motor Pool - Receiving
municipales_2020,1,,,988,98818,Nouméa,NOUMEA,0053,1365,562,803,541,18,3,7,LDIV,RAILATI,Bilo,M,Bilo RAILATI,NÂ BWAU,1,0.07,0.18,,École les LYS,ECOLE LYS,0.686,Ecole FILANTE,8 RUE MARCELLIN LACABANNE,ENSEIGNEMENT ET FORMATION,Enseignement du premier degré,Autre structure scolaire,166.443135087106,-22.2929071476207,etablissements_publics_nc,42,1806,Motor Pool - Receiving
municipales_2020,1,,,988,98818,Nouméa,NOUMEA,0054,1296,559,737,532,21,6,1,LDIV,FALAEO,Veylma,F,Veylma FALAEO,"NOUMEA, C'EST VOUS !",54,4.17,10.15,,École le PETIT POUCET,ECOLE PETIT POUCET,0.762,Espace vert petit poucet,1 RUE DURMONT-D'URVILLE,PARC ESPACE PUBLIC ET LOISIR,Parcs et espaces verts,Espace vert,166.446452105063,-22.2638462676659,etablissements_publics_nc,60,1824,Vallée du Tir
municipales_2020,1,,,988,98818,Nouméa,NOUMEA,0054,1296,559,737,532,21,6,2,LDVC,BERART,Emmanuel,M,Emmanuel BERART,"Générations Nouméa, un nouvel horizon",35,2.7,6.58,,École le PETIT POUCET,ECOLE PETIT POUCET,0.762,Espace vert petit poucet,1 RUE DURMONT-D'URVILLE,PARC ESPACE PUBLIC ET LOISIR,Parcs et espaces verts,Espace vert,166.446452105063,-22.2638462676659,etablissements_publics_nc,60,1824,Vallée du Tir
municipales_2020,1,,,988,98818,Nouméa,NOUMEA,0054,1296,559,737,532,21,6,3,LREG,BOANEMOA,Joseph,M,Joseph BOANEMOA,UNITE PAYS,48,3.7,9.02,,École le PETIT POUCET,ECOLE PETIT POUCET,0.762,Espace vert petit poucet,1 RUE DURMONT-D'URVILLE,PARC ESPACE PUBLIC ET LOISIR,Parcs et espaces verts,Espace vert,166.446452105063,-22.2638462676659,etablissements_publics_nc,60,1824,Vallée du Tir
municipales_2020,1,,,988,98818,Nouméa,NOUMEA,0054,1296,559,737,532,21,6,4,LDVC,MANUOHALALO,Magali,F,Magali MANUOHALALO,"NOUMEA AUTREMENT, UNE VILLE POUR TOUS LES NOUMEENS",73,5.63,13.72,,École le PETIT POUCET,ECOLE PETIT POUCET,0.762,Espace vert petit poucet,1 RUE DURMONT-D'URVILLE,PARC ESPACE PUBLIC ET LOISIR,Parcs et espaces verts,Espace vert,166.446452105063,-22.2638462676659,etablissements_publics_nc,60,1824,Vallée du Tir
municipales_2020,1,,,988,98818,Nouméa,NOUMEA,0054,1296,559,737,532,21,6,5,LDVD,LAGARDE,Sonia,F,Sonia LAGARDE,"AVEC VOUS, POUR NOUMEA",290,22.38,54.51,,École le PETIT POUCET,ECOLE PETIT POUCET,0.762,Espace vert petit poucet,1 RUE DURMONT-D'URVILLE,PARC ESPACE PUBLIC ET LOISIR,Parcs et espaces verts,Espace vert,166.446452105063,-22.2638462676659,etablissements_publics_nc,60,1824,Vallée du Tir
municipales_2020,1,,,988,98818,Nouméa,NOUMEA,0054,1296,559,737,532,21,6,6,LDVC,LINOSSIER,Cherifa,F,Cherifa LINOSSIER,"NOS QUARTIERS, NOTRE VILLE",28,2.16,5.26,,École le PETIT POUCET,ECOLE PETIT POUCET,0.762,Espace vert petit poucet,1 RUE DURMONT-D'URVILLE,PARC ESPACE PUBLIC ET LOISIR,Parcs et espaces verts,Espace vert,166.446452105063,-22.2638462676659,etablissements_publics_nc,60,1824,Vallée du Tir
municipales_2020,1,,,988,98818,Nouméa,NOUMEA,0054,1296,559,737,532,21,6,7,LDIV,RAILATI,Bilo,M,Bilo RAILATI,NÂ BWAU,4,0.31,0.75,,École le PETIT POUCET,ECOLE PETIT POUCET,0.762,Espace vert petit poucet,1 RUE DURMONT-D'URVILLE,PARC ESPACE PUBLIC ET LOISIR,Parcs et espaces verts,Espace vert,166.446452105063,-22.2638462676659,etablissements_publics_nc,60,1824,Vallée du Tir
municipales_2020,1,,,988,98818,Nouméa,NOUMEA,0055,1386,752,634,731,15,6,1,LDIV,FALAEO,Veylma,F,Veylma FALAEO,"NOUMEA, C'EST VOUS !",20,1.44,2.74,,École Serge LAIGLE,ECOLE SERGE LAIGLE,0.85,Ecole Serge LAIGLE,7 RUE GEORGES LEQUES,ENSEIGNEMENT ET FORMATION,Enseignement du premier degré,Ecole primaire,166.486016745804,-22.2343408388225,etablissements_publics_nc,71,1835,Tina
municipales_2020,1,,,988,98818,Nouméa,NOUMEA,0055,1386,752,634,731,15,6,2,LDVC,BERART,Emmanuel,M,Emmanuel BERART,"Générations Nouméa, un nouvel horizon",60,4.33,8.21,,École Serge LAIGLE,ECOLE SERGE LAIGLE,0.85,Ecole Serge LAIGLE,7 RUE GEORGES LEQUES,ENSEIGNEMENT ET FORMATION,Enseignement du premier degré,Ecole primaire,166.486016745804,-22.2343408388225,etablissements_publics_nc,71,1835,Tina
municipales_2020,1,,,988,98818,Nouméa,NOUMEA,0055,1386,752,634,731,15,6,3,LREG,BOANEMOA,Joseph,M,Joseph BOANEMOA,UNITE PAYS,8,0.58,1.09,,École Serge LAIGLE,ECOLE SERGE LAIGLE,0.85,Ecole Serge LAIGLE,7 RUE GEORGES LEQUES,ENSEIGNEMENT ET FORMATION,Enseignement du premier degré,Ecole primaire,166.486016745804,-22.2343408388225,etablissements_publics_nc,71,1835,Tina
municipales_2020,1,,,988,98818,Nouméa,NOUMEA,0055,1386,752,634,731,15,6,4,LDVC,MANUOHALALO,Magali,F,Magali MANUOHALALO,"NOUMEA AUTREMENT, UNE VILLE POUR TOUS LES NOUMEENS",57,4.11,7.8,,École Serge LAIGLE,ECOLE SERGE LAIGLE,0.85,Ecole Serge LAIGLE,7 RUE GEORGES LEQUES,ENSEIGNEMENT ET FORMATION,Enseignement du premier degré,Ecole primaire,166.486016745804,-22.2343408388225,etablissements_publics_nc,71,1835,Tina
municipales_2020,1,,,988,98818,Nouméa,NOUMEA,0055,1386,752,634,731,15,6,5,LDVD,LAGARDE,Sonia,F,Sonia LAGARDE,"AVEC VOUS, POUR NOUMEA",557,40.19,76.2,,École Serge LAIGLE,ECOLE SERGE LAIGLE,0.85,Ecole Serge LAIGLE,7 RUE GEORGES LEQUES,ENSEIGNEMENT ET FORMATION,Enseignement du premier degré,Ecole primaire,166.486016745804,-22.2343408388225,etablissements_publics_nc,71,1835,Tina
municipales_2020,1,,,988,98818,Nouméa,NOUMEA,0055,1386,752,634,731,15,6,6,LDVC,LINOSSIER,Cherifa,F,Cherifa LINOSSIER,"NOS QUARTIERS, NOTRE VILLE",27,1.95,3.69,,École Serge LAIGLE,ECOLE SERGE LAIGLE,0.85,Ecole Serge LAIGLE,7 RUE GEORGES LEQUES,ENSEIGNEMENT ET FORMATION,Enseignement du premier degré,Ecole primaire,166.486016745804,-22.2343408388225,etablissements_publics_nc,71,1835,Tina
municipales_2020,1,,,988,98818,Nouméa,NOUMEA,0055,1386,752,634,731,15,6,7,LDIV,RAILATI,Bilo,M,Bilo RAILATI,NÂ BWAU,2,0.14,0.27,,École Serge LAIGLE,ECOLE SERGE LAIGLE,0.85,Ecole Serge LAIGLE,7 RUE GEORGES LEQUES,ENSEIGNEMENT ET FORMATION,Enseignement du premier degré,Ecole primaire,166.486016745804,-22.2343408388225,etablissements_publics_nc,71,1835,Tina
municipales_2020,1,,,988,98818,Nouméa,NOUMEA,0056,1702,720,982,700,16,4,1,LDIV,FALAEO,Veylma,F,Veylma FALAEO,"NOUMEA, C'EST VOUS !",44,2.59,6.29,,École Guy CHAMPMOREAU,ECOLE GUY CHAMPMOREAU,0.874,Ecole Guy CHAMPMOREAU,17 RUE PASCAL SIHAZE,ENSEIGNEMENT ET FORMATION,Enseignement du premier degré,Ecole primaire,166.452313565802,-22.2892161943525,etablissements_publics_nc,43,1807,N'Géa
municipales_2020,1,,,988,98818,Nouméa,NOUMEA,0056,1702,720,982,700,16,4,2,LDVC,BERART,Emmanuel,M,Emmanuel BERART,"Générations Nouméa, un nouvel horizon",33,1.94,4.71,,École Guy CHAMPMOREAU,ECOLE GUY CHAMPMOREAU,0.874,Ecole Guy CHAMPMOREAU,17 RUE PASCAL SIHAZE,ENSEIGNEMENT ET FORMATION,Enseignement du premier degré,Ecole primaire,166.452313565802,-22.2892161943525,etablissements_publics_nc,43,1807,N'Géa
municipales_2020,1,,,988,98818,Nouméa,NOUMEA,0056,1702,720,982,700,16,4,3,LREG,BOANEMOA,Joseph,M,Joseph BOANEMOA,UNITE PAYS,54,3.17,7.71,,École Guy CHAMPMOREAU,ECOLE GUY CHAMPMOREAU,0.874,Ecole Guy CHAMPMOREAU,17 RUE PASCAL SIHAZE,ENSEIGNEMENT ET FORMATION,Enseignement du premier degré,Ecole primaire,166.452313565802,-22.2892161943525,etablissements_publics_nc,43,1807,N'Géa
municipales_2020,1,,,988,98818,Nouméa,NOUMEA,0056,1702,720,982,700,16,4,4,LDVC,MANUOHALALO,Magali,F,Magali MANUOHALALO,"NOUMEA AUTREMENT, UNE VILLE POUR TOUS LES NOUMEENS",68,4,9.71,,École Guy CHAMPMOREAU,ECOLE GUY CHAMPMOREAU,0.874,Ecole Guy CHAMPMOREAU,17 RUE PASCAL SIHAZE,ENSEIGNEMENT ET FORMATION,Enseignement du premier degré,Ecole primaire,166.452313565802,-22.2892161943525,etablissements_publics_nc,43,1807,N'Géa
municipales_2020,1,,,988,98818,Nouméa,NOUMEA,0056,1702,720,982,700,16,4,5,LDVD,LAGARDE,Sonia,F,Sonia LAGARDE,"AVEC VOUS, POUR NOUMEA",466,27.38,66.57,,École Guy CHAMPMOREAU,ECOLE GUY CHAMPMOREAU,0.874,Ecole Guy CHAMPMOREAU,17 RUE PASCAL SIHAZE,ENSEIGNEMENT ET FORMATION,Enseignement du premier degré,Ecole primaire,166.452313565802,-22.2892161943525,etablissements_publics_nc,43,1807,N'Géa
municipales_2020,1,,,988,98818,Nouméa,NOUMEA,0056,1702,720,982,700,16,4,6,LDVC,LINOSSIER,Cherifa,F,Cherifa LINOSSIER,"NOS QUARTIERS, NOTRE VILLE",24,1.41,3.43,,École Guy CHAMPMOREAU,ECOLE GUY CHAMPMOREAU,0.874,Ecole Guy CHAMPMOREAU,17 RUE PASCAL SIHAZE,ENSEIGNEMENT ET FORMATION,Enseignement du premier degré,Ecole primaire,166.452313565802,-22.2892161943525,etablissements_publics_nc,43,1807,N'Géa
municipales_2020,1,,,988,98818,Nouméa,NOUMEA,0056,1702,720,982,700,16,4,7,LDIV,RAILATI,Bilo,M,Bilo RAILATI,NÂ BWAU,11,0.65,1.57,,École Guy CHAMPMOREAU,ECOLE GUY CHAMPMOREAU,0.874,Ecole Guy CHAMPMOREAU,17 RUE PASCAL SIHAZE,ENSEIGNEMENT ET FORMATION,Enseignement du premier degré,Ecole primaire,166.452313565802,-22.2892161943525,etablissements_publics_nc,43,1807,N'Géa
municipales_2020,1,,,988,98818,Nouméa,NOUMEA,0057,1411,49,1362,48,0,1,1,LDIV,FALAEO,Veylma,F,Veylma FALAEO,"NOUMEA, C'EST VOUS !",9,0.64,18.75,,Mairie 3,MAIRIE,0.93,Hôtel de Ville de Nouméa,16 RUE DU GENERAL MANGIN,ADMINISTRATION ET ORGANISME,Administrations des collectivités,Administration de la commune de Nouméa,166.439401925184,-22.2714056104229,etablissements_publics_nc,58,1822,Centre ville
municipales_2020,1,,,988,98818,Nouméa,NOUMEA,0057,1411,49,1362,48,0,1,2,LDVC,BERART,Emmanuel,M,Emmanuel BERART,"Générations Nouméa, un nouvel horizon",3,0.21,6.25,,Mairie 3,MAIRIE,0.93,Hôtel de Ville de Nouméa,16 RUE DU GENERAL MANGIN,ADMINISTRATION ET ORGANISME,Administrations des collectivités,Administration de la commune de Nouméa,166.439401925184,-22.2714056104229,etablissements_publics_nc,58,1822,Centre ville
municipales_2020,1,,,988,98818,Nouméa,NOUMEA,0057,1411,49,1362,48,0,1,3,LREG,BOANEMOA,Joseph,M,Joseph BOANEMOA,UNITE PAYS,10,0.71,20.83,,Mairie 3,MAIRIE,0.93,Hôtel de Ville de Nouméa,16 RUE DU GENERAL MANGIN,ADMINISTRATION ET ORGANISME,Administrations des collectivités,Administration de la commune de Nouméa,166.439401925184,-22.2714056104229,etablissements_publics_nc,58,1822,Centre ville
municipales_2020,1,,,988,98818,Nouméa,NOUMEA,0057,1411,49,1362,48,0,1,4,LDVC,MANUOHALALO,Magali,F,Magali MANUOHALALO,"NOUMEA AUTREMENT, UNE VILLE POUR TOUS LES NOUMEENS",7,0.5,14.58,,Mairie 3,MAIRIE,0.93,Hôtel de Ville de Nouméa,16 RUE DU GENERAL MANGIN,ADMINISTRATION ET ORGANISME,Administrations des collectivités,Administration de la commune de Nouméa,166.439401925184,-22.2714056104229,etablissements_publics_nc,58,1822,Centre ville
municipales_2020,1,,,988,98818,Nouméa,NOUMEA,0057,1411,49,1362,48,0,1,5,LDVD,LAGARDE,Sonia,F,Sonia LAGARDE,"AVEC VOUS, POUR NOUMEA",15,1.06,31.25,,Mairie 3,MAIRIE,0.93,Hôtel de Ville de Nouméa,16 RUE DU GENERAL MANGIN,ADMINISTRATION ET ORGANISME,Administrations des collectivités,Administration de la commune de Nouméa,166.439401925184,-22.2714056104229,etablissements_publics_nc,58,1822,Centre ville
municipales_2020,1,,,988,98818,Nouméa,NOUMEA,0057,1411,49,1362,48,0,1,6,LDVC,LINOSSIER,Cherifa,F,Cherifa LINOSSIER,"NOS QUARTIERS, NOTRE VILLE",3,0.21,6.25,,Mairie 3,MAIRIE,0.93,Hôtel de Ville de Nouméa,16 RUE DU GENERAL MANGIN,ADMINISTRATION ET ORGANISME,Administrations des collectivités,Administration de la commune de Nouméa,166.439401925184,-22.2714056104229,etablissements_publics_nc,58,1822,Centre ville
municipales_2020,1,,,988,98818,Nouméa,NOUMEA,0057,1411,49,1362,48,0,1,7,LDIV,RAILATI,Bilo,M,Bilo RAILATI,NÂ BWAU,1,0.07,2.08,,Mairie 3,MAIRIE,0.93,Hôtel de Ville de Nouméa,16 RUE DU GENERAL MANGIN,ADMINISTRATION ET ORGANISME,Administrations des collectivités,Administration de la commune de Nouméa,166.439401925184,-22.2714056104229,etablissements_publics_nc,58,1822,Centre ville
municipales_2020,1,,,988,98819,Ouégoa,OUEGOA,0001,816,475,341,466,1,8,1,LNC,SCHOUENE,Yohann,M,Yohann SCHOUENE,UNION CALEDONIENNE,68,8.33,14.59,,Mairie,MAIRIE,0.7,OUEGOA,Ouégoa,LIEU_DIT_NC,VILLE,,164.43943670837254,-20.34408534785039,tribus_villages_nc,82,1901,Ouégoa village - Balagam - Paraoua - Tarap
municipales_2020,1,,,988,98819,Ouégoa,OUEGOA,0001,816,475,341,466,1,8,2,LNC,PEBOU TIDJINE,Henri,M,Henri PEBOU TIDJINE,OUEGOA AUTREMENT,99,12.13,21.24,,Mairie,MAIRIE,0.7,OUEGOA,Ouégoa,LIEU_DIT_NC,VILLE,,164.43943670837254,-20.34408534785039,tribus_villages_nc,82,1901,Ouégoa village - Balagam - Paraoua - Tarap
municipales_2020,1,,,988,98819,Ouégoa,OUEGOA,0001,816,475,341,466,1,8,3,LNC,SONG,Richard,M,Richard SONG,OUEGOA CONSTRUCTIF ET SOLIDAIRE,48,5.88,10.3,,Mairie,MAIRIE,0.7,OUEGOA,Ouégoa,LIEU_DIT_NC,VILLE,,164.43943670837254,-20.34408534785039,tribus_villages_nc,82,1901,Ouégoa village - Balagam - Paraoua - Tarap
municipales_2020,1,,,988,98819,Ouégoa,OUEGOA,0001,816,475,341,466,1,8,4,LNC,PEBOU HAMENE,Barnabe,M,Barnabe PEBOU HAMENE,UNION NATIONALE POUR L'INDEPENDANCE,78,9.56,16.74,,Mairie,MAIRIE,0.7,OUEGOA,Ouégoa,LIEU_DIT_NC,VILLE,,164.43943670837254,-20.34408534785039,tribus_villages_nc,82,1901,Ouégoa village - Balagam - Paraoua - Tarap
municipales_2020,1,,,988,98819,Ouégoa,OUEGOA,0001,816,475,341,466,1,8,5,LNC,NORMANDON,Caryl,M,Caryl NORMANDON,100% OUEGOA,173,21.2,37.12,,Mairie,MAIRIE,0.7,OUEGOA,Ouégoa,LIEU_DIT_NC,VILLE,,164.43943670837254,-20.34408534785039,tribus_villages_nc,82,1901,Ouégoa village - Balagam - Paraoua - Tarap
municipales_2020,1,,,988,98819,Ouégoa,OUEGOA,0002,824,403,421,399,0,4,1,LNC,SCHOUENE,Yohann,M,Yohann SCHOUENE,UNION CALEDONIENNE,147,17.84,36.84,,Bondé,BONDE,1,Bondé,Ouégoa,LIEU_DIT_NC,LDH,Bodé,164.4324943000077,-20.429158724947957,tribus_villages_nc,84,1903,Bondé
municipales_2020,1,,,988,98819,Ouégoa,OUEGOA,0002,824,403,421,399,0,4,2,LNC,PEBOU TIDJINE,Henri,M,Henri PEBOU TIDJINE,OUEGOA AUTREMENT,31,3.76,7.77,,Bondé,BONDE,1,Bondé,Ouégoa,LIEU_DIT_NC,LDH,Bodé,164.4324943000077,-20.429158724947957,tribus_villages_nc,84,1903,Bondé
municipales_2020,1,,,988,98819,Ouégoa,OUEGOA,0002,824,403,421,399,0,4,3,LNC,SONG,Richard,M,Richard SONG,OUEGOA CONSTRUCTIF ET SOLIDAIRE,9,1.09,2.26,,Bondé,BONDE,1,Bondé,Ouégoa,LIEU_DIT_NC,LDH,Bodé,164.4324943000077,-20.429158724947957,tribus_villages_nc,84,1903,Bondé
municipales_2020,1,,,988,98819,Ouégoa,OUEGOA,0002,824,403,421,399,0,4,4,LNC,PEBOU HAMENE,Barnabe,M,Barnabe PEBOU HAMENE,UNION NATIONALE POUR L'INDEPENDANCE,212,25.73,53.13,,Bondé,BONDE,1,Bondé,Ouégoa,LIEU_DIT_NC,LDH,Bodé,164.4324943000077,-20.429158724947957,tribus_villages_nc,84,1903,Bondé
municipales_2020,1,,,988,98819,Ouégoa,OUEGOA,0002,824,403,421,399,0,4,5,LNC,NORMANDON,Caryl,M,Caryl NORMANDON,100% OUEGOA,0,0,0,,Bondé,BONDE,1,Bondé,Ouégoa,LIEU_DIT_NC,LDH,Bodé,164.4324943000077,-20.429158724947957,tribus_villages_nc,84,1903,Bondé
municipales_2020,1,,,988,98819,Ouégoa,OUEGOA,0003,392,196,196,195,0,1,1,LNC,SCHOUENE,Yohann,M,Yohann SCHOUENE,UNION CALEDONIENNE,17,4.34,8.72,,Paimboas,PAIMBOAS,0.99,Ouénia,Ouégoa,ARRETE_MANUAL,TRIBU,Wénya,164.52279333171543,-20.52170436626958,arrete_manual_tribus,84,1903,Bondé
municipales_2020,1,,,988,98819,Ouégoa,OUEGOA,0003,392,196,196,195,0,1,2,LNC,PEBOU TIDJINE,Henri,M,Henri PEBOU TIDJINE,OUEGOA AUTREMENT,106,27.04,54.36,,Paimboas,PAIMBOAS,0.99,Ouénia,Ouégoa,ARRETE_MANUAL,TRIBU,Wénya,164.52279333171543,-20.52170436626958,arrete_manual_tribus,84,1903,Bondé
municipales_2020,1,,,988,98819,Ouégoa,OUEGOA,0003,392,196,196,195,0,1,3,LNC,SONG,Richard,M,Richard SONG,OUEGOA CONSTRUCTIF ET SOLIDAIRE,1,0.26,0.51,,Paimboas,PAIMBOAS,0.99,Ouénia,Ouégoa,ARRETE_MANUAL,TRIBU,Wénya,164.52279333171543,-20.52170436626958,arrete_manual_tribus,84,1903,Bondé
municipales_2020,1,,,988,98819,Ouégoa,OUEGOA,0003,392,196,196,195,0,1,4,LNC,PEBOU HAMENE,Barnabe,M,Barnabe PEBOU HAMENE,UNION NATIONALE POUR L'INDEPENDANCE,70,17.86,35.9,,Paimboas,PAIMBOAS,0.99,Ouénia,Ouégoa,ARRETE_MANUAL,TRIBU,Wénya,164.52279333171543,-20.52170436626958,arrete_manual_tribus,84,1903,Bondé
municipales_2020,1,,,988,98819,Ouégoa,OUEGOA,0003,392,196,196,195,0,1,5,LNC,NORMANDON,Caryl,M,Caryl NORMANDON,100% OUEGOA,1,0.26,0.51,,Paimboas,PAIMBOAS,0.99,Ouénia,Ouégoa,ARRETE_MANUAL,TRIBU,Wénya,164.52279333171543,-20.52170436626958,arrete_manual_tribus,84,1903,Bondé
municipales_2020,1,,,988,98819,Ouégoa,OUEGOA,0004,149,85,64,84,0,1,1,LNC,SCHOUENE,Yohann,M,Yohann SCHOUENE,UNION CALEDONIENNE,37,24.83,44.05,,Tiari,TIARI,1,Tiari,Ouégoa,LIEU_DIT_NC,TRIBU,Ciari,164.3468221527753,-20.245820839427363,tribus_villages_nc,83,1902,Pam - Tiari
municipales_2020,1,,,988,98819,Ouégoa,OUEGOA,0004,149,85,64,84,0,1,2,LNC,PEBOU TIDJINE,Henri,M,Henri PEBOU TIDJINE,OUEGOA AUTREMENT,2,1.34,2.38,,Tiari,TIARI,1,Tiari,Ouégoa,LIEU_DIT_NC,TRIBU,Ciari,164.3468221527753,-20.245820839427363,tribus_villages_nc,83,1902,Pam - Tiari
municipales_2020,1,,,988,98819,Ouégoa,OUEGOA,0004,149,85,64,84,0,1,3,LNC,SONG,Richard,M,Richard SONG,OUEGOA CONSTRUCTIF ET SOLIDAIRE,10,6.71,11.9,,Tiari,TIARI,1,Tiari,Ouégoa,LIEU_DIT_NC,TRIBU,Ciari,164.3468221527753,-20.245820839427363,tribus_villages_nc,83,1902,Pam - Tiari
municipales_2020,1,,,988,98819,Ouégoa,OUEGOA,0004,149,85,64,84,0,1,4,LNC,PEBOU HAMENE,Barnabe,M,Barnabe PEBOU HAMENE,UNION NATIONALE POUR L'INDEPENDANCE,32,21.48,38.1,,Tiari,TIARI,1,Tiari,Ouégoa,LIEU_DIT_NC,TRIBU,Ciari,164.3468221527753,-20.245820839427363,tribus_villages_nc,83,1902,Pam - Tiari
municipales_2020,1,,,988,98819,Ouégoa,OUEGOA,0004,149,85,64,84,0,1,5,LNC,NORMANDON,Caryl,M,Caryl NORMANDON,100% OUEGOA,3,2.01,3.57,,Tiari,TIARI,1,Tiari,Ouégoa,LIEU_DIT_NC,TRIBU,Ciari,164.3468221527753,-20.245820839427363,tribus_villages_nc,83,1902,Pam - Tiari
municipales_2020,1,,,988,98820,Ouvéa,OUVEA,0001,963,619,344,615,1,3,1,LNC,WAIMO,Jean Yves Benjamin,M,Jean Yves Benjamin WAIMO,PARTI TRAVAILLISTE / MNIS,73,7.58,11.87,,Mairie,MAIRIE,,,,,,,166.5351802059145,-20.652759156712985,arrete_manual_tribus,86,2002,Fayaoué
municipales_2020,1,,,988,98820,Ouvéa,OUVEA,0001,963,619,344,615,1,3,2,LNC,MINDIA,Marie Christine,F,Marie Christine MINDIA,UPM IAAI,20,2.08,3.25,,Mairie,MAIRIE,,,,,,,166.5351802059145,-20.652759156712985,arrete_manual_tribus,86,2002,Fayaoué
municipales_2020,1,,,988,98820,Ouvéa,OUVEA,0001,963,619,344,615,1,3,3,LNC,LOUECKHOTE,Simon,M,Simon LOUECKHOTE,ENSEMBLE OSONS LE CHANGEMENT,158,16.41,25.69,,Mairie,MAIRIE,,,,,,,166.5351802059145,-20.652759156712985,arrete_manual_tribus,86,2002,Fayaoué
municipales_2020,1,,,988,98820,Ouvéa,OUVEA,0001,963,619,344,615,1,3,4,LNC,TILLEWA,Maurice,M,Maurice TILLEWA,OUVEA CAP SUR L AVENIR,221,22.95,35.93,,Mairie,MAIRIE,,,,,,,166.5351802059145,-20.652759156712985,arrete_manual_tribus,86,2002,Fayaoué
municipales_2020,1,,,988,98820,Ouvéa,OUVEA,0001,963,619,344,615,1,3,5,LNC,BOLO,Davy,M,Davy BOLO,REAGIR MAINTENANT POUR OUVEA,10,1.04,1.63,,Mairie,MAIRIE,,,,,,,166.5351802059145,-20.652759156712985,arrete_manual_tribus,86,2002,Fayaoué
municipales_2020,1,,,988,98820,Ouvéa,OUVEA,0001,963,619,344,615,1,3,6,LNC,WANAKAHME,Mickael,M,Mickael WANAKAHME,PALIKA UNI IAAI,115,11.94,18.7,,Mairie,MAIRIE,,,,,,,166.5351802059145,-20.652759156712985,arrete_manual_tribus,86,2002,Fayaoué
municipales_2020,1,,,988,98820,Ouvéa,OUVEA,0001,963,619,344,615,1,3,7,LNC,BAE EP. BOLO,"Roselyne, Moune",F,"Roselyne, Moune BAE EP. BOLO",INITIATIVE DYNAMIQUE COMMUNALE,18,1.87,2.93,,Mairie,MAIRIE,,,,,,,166.5351802059145,-20.652759156712985,arrete_manual_tribus,86,2002,Fayaoué
municipales_2020,1,,,988,98820,Ouvéa,OUVEA,0002,878,532,346,530,2,0,1,LNC,WAIMO,Jean Yves Benjamin,M,Jean Yves Benjamin WAIMO,PARTI TRAVAILLISTE / MNIS,77,8.77,14.53,,Fayaoué,FAYAOUE,1,Fayaoué,Ouvéa,LIEU_DIT_NC,TRIBU,Fajawe,166.5351802059145,-20.652759156712985,tribus_villages_nc,86,2002,Fayaoué
municipales_2020,1,,,988,98820,Ouvéa,OUVEA,0002,878,532,346,530,2,0,2,LNC,MINDIA,Marie Christine,F,Marie Christine MINDIA,UPM IAAI,16,1.82,3.02,,Fayaoué,FAYAOUE,1,Fayaoué,Ouvéa,LIEU_DIT_NC,TRIBU,Fajawe,166.5351802059145,-20.652759156712985,tribus_villages_nc,86,2002,Fayaoué
municipales_2020,1,,,988,98820,Ouvéa,OUVEA,0002,878,532,346,530,2,0,3,LNC,LOUECKHOTE,Simon,M,Simon LOUECKHOTE,ENSEMBLE OSONS LE CHANGEMENT,70,7.97,13.21,,Fayaoué,FAYAOUE,1,Fayaoué,Ouvéa,LIEU_DIT_NC,TRIBU,Fajawe,166.5351802059145,-20.652759156712985,tribus_villages_nc,86,2002,Fayaoué
municipales_2020,1,,,988,98820,Ouvéa,OUVEA,0002,878,532,346,530,2,0,4,LNC,TILLEWA,Maurice,M,Maurice TILLEWA,OUVEA CAP SUR L AVENIR,106,12.07,20,,Fayaoué,FAYAOUE,1,Fayaoué,Ouvéa,LIEU_DIT_NC,TRIBU,Fajawe,166.5351802059145,-20.652759156712985,tribus_villages_nc,86,2002,Fayaoué
municipales_2020,1,,,988,98820,Ouvéa,OUVEA,0002,878,532,346,530,2,0,5,LNC,BOLO,Davy,M,Davy BOLO,REAGIR MAINTENANT POUR OUVEA,8,0.91,1.51,,Fayaoué,FAYAOUE,1,Fayaoué,Ouvéa,LIEU_DIT_NC,TRIBU,Fajawe,166.5351802059145,-20.652759156712985,tribus_villages_nc,86,2002,Fayaoué
municipales_2020,1,,,988,98820,Ouvéa,OUVEA,0002,878,532,346,530,2,0,6,LNC,WANAKAHME,Mickael,M,Mickael WANAKAHME,PALIKA UNI IAAI,231,26.31,43.58,,Fayaoué,FAYAOUE,1,Fayaoué,Ouvéa,LIEU_DIT_NC,TRIBU,Fajawe,166.5351802059145,-20.652759156712985,tribus_villages_nc,86,2002,Fayaoué
municipales_2020,1,,,988,98820,Ouvéa,OUVEA,0002,878,532,346,530,2,0,7,LNC,BAE EP. BOLO,"Roselyne, Moune",F,"Roselyne, Moune BAE EP. BOLO",INITIATIVE DYNAMIQUE COMMUNALE,22,2.51,4.15,,Fayaoué,FAYAOUE,1,Fayaoué,Ouvéa,LIEU_DIT_NC,TRIBU,Fajawe,166.5351802059145,-20.652759156712985,tribus_villages_nc,86,2002,Fayaoué
municipales_2020,1,,,988,98820,Ouvéa,OUVEA,0003,576,346,230,346,0,0,1,LNC,WAIMO,Jean Yves Benjamin,M,Jean Yves Benjamin WAIMO,PARTI TRAVAILLISTE / MNIS,65,11.28,18.79,,Heo,HEO,1,St Joseph,Ouvéa,LIEU_DIT_NC,TRIBU,Heo,166.60278918905198,-20.44905017069691,tribus_villages_nc,85,2001,Saint Joseph Gossanah Takedji
municipales_2020,1,,,988,98820,Ouvéa,OUVEA,0003,576,346,230,346,0,0,2,LNC,MINDIA,Marie Christine,F,Marie Christine MINDIA,UPM IAAI,0,0,0,,Heo,HEO,1,St Joseph,Ouvéa,LIEU_DIT_NC,TRIBU,Heo,166.60278918905198,-20.44905017069691,tribus_villages_nc,85,2001,Saint Joseph Gossanah Takedji
municipales_2020,1,,,988,98820,Ouvéa,OUVEA,0003,576,346,230,346,0,0,3,LNC,LOUECKHOTE,Simon,M,Simon LOUECKHOTE,ENSEMBLE OSONS LE CHANGEMENT,25,4.34,7.23,,Heo,HEO,1,St Joseph,Ouvéa,LIEU_DIT_NC,TRIBU,Heo,166.60278918905198,-20.44905017069691,tribus_villages_nc,85,2001,Saint Joseph Gossanah Takedji
municipales_2020,1,,,988,98820,Ouvéa,OUVEA,0003,576,346,230,346,0,0,4,LNC,TILLEWA,Maurice,M,Maurice TILLEWA,OUVEA CAP SUR L AVENIR,228,39.58,65.9,,Heo,HEO,1,St Joseph,Ouvéa,LIEU_DIT_NC,TRIBU,Heo,166.60278918905198,-20.44905017069691,tribus_villages_nc,85,2001,Saint Joseph Gossanah Takedji
municipales_2020,1,,,988,98820,Ouvéa,OUVEA,0003,576,346,230,346,0,0,5,LNC,BOLO,Davy,M,Davy BOLO,REAGIR MAINTENANT POUR OUVEA,0,0,0,,Heo,HEO,1,St Joseph,Ouvéa,LIEU_DIT_NC,TRIBU,Heo,166.60278918905198,-20.44905017069691,tribus_villages_nc,85,2001,Saint Joseph Gossanah Takedji
municipales_2020,1,,,988,98820,Ouvéa,OUVEA,0003,576,346,230,346,0,0,6,LNC,WANAKAHME,Mickael,M,Mickael WANAKAHME,PALIKA UNI IAAI,9,1.56,2.6,,Heo,HEO,1,St Joseph,Ouvéa,LIEU_DIT_NC,TRIBU,Heo,166.60278918905198,-20.44905017069691,tribus_villages_nc,85,2001,Saint Joseph Gossanah Takedji
municipales_2020,1,,,988,98820,Ouvéa,OUVEA,0003,576,346,230,346,0,0,7,LNC,BAE EP. BOLO,"Roselyne, Moune",F,"Roselyne, Moune BAE EP. BOLO",INITIATIVE DYNAMIQUE COMMUNALE,19,3.3,5.49,,Heo,HEO,1,St Joseph,Ouvéa,LIEU_DIT_NC,TRIBU,Heo,166.60278918905198,-20.44905017069691,tribus_villages_nc,85,2001,Saint Joseph Gossanah Takedji
municipales_2020,1,,,988,98820,Ouvéa,OUVEA,0004,404,318,86,318,0,0,1,LNC,WAIMO,Jean Yves Benjamin,M,Jean Yves Benjamin WAIMO,PARTI TRAVAILLISTE / MNIS,78,19.31,24.53,,Mouli,MOULI,1,Mouli,Ouvéa,LIEU_DIT_NC,TRIBU,Muli,166.42132025613634,-20.72325484847604,tribus_villages_nc,87,2003,Mouli
municipales_2020,1,,,988,98820,Ouvéa,OUVEA,0004,404,318,86,318,0,0,2,LNC,MINDIA,Marie Christine,F,Marie Christine MINDIA,UPM IAAI,1,0.25,0.31,,Mouli,MOULI,1,Mouli,Ouvéa,LIEU_DIT_NC,TRIBU,Muli,166.42132025613634,-20.72325484847604,tribus_villages_nc,87,2003,Mouli
municipales_2020,1,,,988,98820,Ouvéa,OUVEA,0004,404,318,86,318,0,0,3,LNC,LOUECKHOTE,Simon,M,Simon LOUECKHOTE,ENSEMBLE OSONS LE CHANGEMENT,7,1.73,2.2,,Mouli,MOULI,1,Mouli,Ouvéa,LIEU_DIT_NC,TRIBU,Muli,166.42132025613634,-20.72325484847604,tribus_villages_nc,87,2003,Mouli
municipales_2020,1,,,988,98820,Ouvéa,OUVEA,0004,404,318,86,318,0,0,4,LNC,TILLEWA,Maurice,M,Maurice TILLEWA,OUVEA CAP SUR L AVENIR,165,40.84,51.89,,Mouli,MOULI,1,Mouli,Ouvéa,LIEU_DIT_NC,TRIBU,Muli,166.42132025613634,-20.72325484847604,tribus_villages_nc,87,2003,Mouli
municipales_2020,1,,,988,98820,Ouvéa,OUVEA,0004,404,318,86,318,0,0,5,LNC,BOLO,Davy,M,Davy BOLO,REAGIR MAINTENANT POUR OUVEA,1,0.25,0.31,,Mouli,MOULI,1,Mouli,Ouvéa,LIEU_DIT_NC,TRIBU,Muli,166.42132025613634,-20.72325484847604,tribus_villages_nc,87,2003,Mouli
municipales_2020,1,,,988,98820,Ouvéa,OUVEA,0004,404,318,86,318,0,0,6,LNC,WANAKAHME,Mickael,M,Mickael WANAKAHME,PALIKA UNI IAAI,20,4.95,6.29,,Mouli,MOULI,1,Mouli,Ouvéa,LIEU_DIT_NC,TRIBU,Muli,166.42132025613634,-20.72325484847604,tribus_villages_nc,87,2003,Mouli
municipales_2020,1,,,988,98820,Ouvéa,OUVEA,0004,404,318,86,318,0,0,7,LNC,BAE EP. BOLO,"Roselyne, Moune",F,"Roselyne, Moune BAE EP. BOLO",INITIATIVE DYNAMIQUE COMMUNALE,46,11.39,14.47,,Mouli,MOULI,1,Mouli,Ouvéa,LIEU_DIT_NC,TRIBU,Muli,166.42132025613634,-20.72325484847604,tribus_villages_nc,87,2003,Mouli
municipales_2020,1,,,988,98820,Ouvéa,OUVEA,0005,862,526,336,521,2,3,1,LNC,WAIMO,Jean Yves Benjamin,M,Jean Yves Benjamin WAIMO,PARTI TRAVAILLISTE / MNIS,121,14.04,23.22,,Wénéki,WENEKI,1,Weneki,Ouvéa,LIEU_DIT_NC,TRIBU,,166.61213110267843,-20.44626073917101,tribus_villages_nc,85,2001,Saint Joseph Gossanah Takedji
municipales_2020,1,,,988,98820,Ouvéa,OUVEA,0005,862,526,336,521,2,3,2,LNC,MINDIA,Marie Christine,F,Marie Christine MINDIA,UPM IAAI,7,0.81,1.34,,Wénéki,WENEKI,1,Weneki,Ouvéa,LIEU_DIT_NC,TRIBU,,166.61213110267843,-20.44626073917101,tribus_villages_nc,85,2001,Saint Joseph Gossanah Takedji
municipales_2020,1,,,988,98820,Ouvéa,OUVEA,0005,862,526,336,521,2,3,3,LNC,LOUECKHOTE,Simon,M,Simon LOUECKHOTE,ENSEMBLE OSONS LE CHANGEMENT,28,3.25,5.37,,Wénéki,WENEKI,1,Weneki,Ouvéa,LIEU_DIT_NC,TRIBU,,166.61213110267843,-20.44626073917101,tribus_villages_nc,85,2001,Saint Joseph Gossanah Takedji
municipales_2020,1,,,988,98820,Ouvéa,OUVEA,0005,862,526,336,521,2,3,4,LNC,TILLEWA,Maurice,M,Maurice TILLEWA,OUVEA CAP SUR L AVENIR,279,32.37,53.55,,Wénéki,WENEKI,1,Weneki,Ouvéa,LIEU_DIT_NC,TRIBU,,166.61213110267843,-20.44626073917101,tribus_villages_nc,85,2001,Saint Joseph Gossanah Takedji
municipales_2020,1,,,988,98820,Ouvéa,OUVEA,0005,862,526,336,521,2,3,5,LNC,BOLO,Davy,M,Davy BOLO,REAGIR MAINTENANT POUR OUVEA,22,2.55,4.22,,Wénéki,WENEKI,1,Weneki,Ouvéa,LIEU_DIT_NC,TRIBU,,166.61213110267843,-20.44626073917101,tribus_villages_nc,85,2001,Saint Joseph Gossanah Takedji
municipales_2020,1,,,988,98820,Ouvéa,OUVEA,0005,862,526,336,521,2,3,6,LNC,WANAKAHME,Mickael,M,Mickael WANAKAHME,PALIKA UNI IAAI,5,0.58,0.96,,Wénéki,WENEKI,1,Weneki,Ouvéa,LIEU_DIT_NC,TRIBU,,166.61213110267843,-20.44626073917101,tribus_villages_nc,85,2001,Saint Joseph Gossanah Takedji
municipales_2020,1,,,988,98820,Ouvéa,OUVEA,0005,862,526,336,521,2,3,7,LNC,BAE EP. BOLO,"Roselyne, Moune",F,"Roselyne, Moune BAE EP. BOLO",INITIATIVE DYNAMIQUE COMMUNALE,59,6.84,11.32,,Wénéki,WENEKI,1,Weneki,Ouvéa,LIEU_DIT_NC,TRIBU,,166.61213110267843,-20.44626073917101,tribus_villages_nc,85,2001,Saint Joseph Gossanah Takedji
municipales_2020,1,,,988,98820,Ouvéa,OUVEA,0006,454,278,176,275,3,0,1,LNC,WAIMO,Jean Yves Benjamin,M,Jean Yves Benjamin WAIMO,PARTI TRAVAILLISTE / MNIS,9,1.98,3.27,,Ognahut,OGNAHUT,1,Ognahut,Ouvéa,LIEU_DIT_NC,TRIBU,Hanyââû,166.55961927804398,-20.65637156152609,tribus_villages_nc,86,2002,Fayaoué
municipales_2020,1,,,988,98820,Ouvéa,OUVEA,0006,454,278,176,275,3,0,2,LNC,MINDIA,Marie Christine,F,Marie Christine MINDIA,UPM IAAI,9,1.98,3.27,,Ognahut,OGNAHUT,1,Ognahut,Ouvéa,LIEU_DIT_NC,TRIBU,Hanyââû,166.55961927804398,-20.65637156152609,tribus_villages_nc,86,2002,Fayaoué
municipales_2020,1,,,988,98820,Ouvéa,OUVEA,0006,454,278,176,275,3,0,3,LNC,LOUECKHOTE,Simon,M,Simon LOUECKHOTE,ENSEMBLE OSONS LE CHANGEMENT,73,16.08,26.55,,Ognahut,OGNAHUT,1,Ognahut,Ouvéa,LIEU_DIT_NC,TRIBU,Hanyââû,166.55961927804398,-20.65637156152609,tribus_villages_nc,86,2002,Fayaoué
municipales_2020,1,,,988,98820,Ouvéa,OUVEA,0006,454,278,176,275,3,0,4,LNC,TILLEWA,Maurice,M,Maurice TILLEWA,OUVEA CAP SUR L AVENIR,108,23.79,39.27,,Ognahut,OGNAHUT,1,Ognahut,Ouvéa,LIEU_DIT_NC,TRIBU,Hanyââû,166.55961927804398,-20.65637156152609,tribus_villages_nc,86,2002,Fayaoué
municipales_2020,1,,,988,98820,Ouvéa,OUVEA,0006,454,278,176,275,3,0,5,LNC,BOLO,Davy,M,Davy BOLO,REAGIR MAINTENANT POUR OUVEA,5,1.1,1.82,,Ognahut,OGNAHUT,1,Ognahut,Ouvéa,LIEU_DIT_NC,TRIBU,Hanyââû,166.55961927804398,-20.65637156152609,tribus_villages_nc,86,2002,Fayaoué
municipales_2020,1,,,988,98820,Ouvéa,OUVEA,0006,454,278,176,275,3,0,6,LNC,WANAKAHME,Mickael,M,Mickael WANAKAHME,PALIKA UNI IAAI,55,12.11,20,,Ognahut,OGNAHUT,1,Ognahut,Ouvéa,LIEU_DIT_NC,TRIBU,Hanyââû,166.55961927804398,-20.65637156152609,tribus_villages_nc,86,2002,Fayaoué
municipales_2020,1,,,988,98820,Ouvéa,OUVEA,0006,454,278,176,275,3,0,7,LNC,BAE EP. BOLO,"Roselyne, Moune",F,"Roselyne, Moune BAE EP. BOLO",INITIATIVE DYNAMIQUE COMMUNALE,16,3.52,5.82,,Ognahut,OGNAHUT,1,Ognahut,Ouvéa,LIEU_DIT_NC,TRIBU,Hanyââû,166.55961927804398,-20.65637156152609,tribus_villages_nc,86,2002,Fayaoué
municipales_2020,1,,,988,98820,Ouvéa,OUVEA,0007,310,233,77,233,0,0,1,LNC,WAIMO,Jean Yves Benjamin,M,Jean Yves Benjamin WAIMO,PARTI TRAVAILLISTE / MNIS,23,7.42,9.87,,Lekine,LEKINE,1,Lekine,Ouvéa,LIEU_DIT_NC,TRIBU,Lekiny,166.49017173263093,-20.69359693939266,tribus_villages_nc,87,2003,Mouli
municipales_2020,1,,,988,98820,Ouvéa,OUVEA,0007,310,233,77,233,0,0,2,LNC,MINDIA,Marie Christine,F,Marie Christine MINDIA,UPM IAAI,1,0.32,0.43,,Lekine,LEKINE,1,Lekine,Ouvéa,LIEU_DIT_NC,TRIBU,Lekiny,166.49017173263093,-20.69359693939266,tribus_villages_nc,87,2003,Mouli
municipales_2020,1,,,988,98820,Ouvéa,OUVEA,0007,310,233,77,233,0,0,3,LNC,LOUECKHOTE,Simon,M,Simon LOUECKHOTE,ENSEMBLE OSONS LE CHANGEMENT,3,0.97,1.29,,Lekine,LEKINE,1,Lekine,Ouvéa,LIEU_DIT_NC,TRIBU,Lekiny,166.49017173263093,-20.69359693939266,tribus_villages_nc,87,2003,Mouli
municipales_2020,1,,,988,98820,Ouvéa,OUVEA,0007,310,233,77,233,0,0,4,LNC,TILLEWA,Maurice,M,Maurice TILLEWA,OUVEA CAP SUR L AVENIR,144,46.45,61.8,,Lekine,LEKINE,1,Lekine,Ouvéa,LIEU_DIT_NC,TRIBU,Lekiny,166.49017173263093,-20.69359693939266,tribus_villages_nc,87,2003,Mouli
municipales_2020,1,,,988,98820,Ouvéa,OUVEA,0007,310,233,77,233,0,0,5,LNC,BOLO,Davy,M,Davy BOLO,REAGIR MAINTENANT POUR OUVEA,4,1.29,1.72,,Lekine,LEKINE,1,Lekine,Ouvéa,LIEU_DIT_NC,TRIBU,Lekiny,166.49017173263093,-20.69359693939266,tribus_villages_nc,87,2003,Mouli
municipales_2020,1,,,988,98820,Ouvéa,OUVEA,0007,310,233,77,233,0,0,6,LNC,WANAKAHME,Mickael,M,Mickael WANAKAHME,PALIKA UNI IAAI,12,3.87,5.15,,Lekine,LEKINE,1,Lekine,Ouvéa,LIEU_DIT_NC,TRIBU,Lekiny,166.49017173263093,-20.69359693939266,tribus_villages_nc,87,2003,Mouli
municipales_2020,1,,,988,98820,Ouvéa,OUVEA,0007,310,233,77,233,0,0,7,LNC,BAE EP. BOLO,"Roselyne, Moune",F,"Roselyne, Moune BAE EP. BOLO",INITIATIVE DYNAMIQUE COMMUNALE,46,14.84,19.74,,Lekine,LEKINE,1,Lekine,Ouvéa,LIEU_DIT_NC,TRIBU,Lekiny,166.49017173263093,-20.69359693939266,tribus_villages_nc,87,2003,Mouli
municipales_2020,1,,,988,98821,Païta,PAITA,0001,818,362,456,355,4,3,1,LREG,MAPOU,Louis,M,Louis MAPOU,PAITA VOTRE IDENTITE NOTRE RICHESSE,73,8.92,20.56,,Dock socio-culturel 1,DOCK SOCIO CULTUREL,0.973,Dock socioculturel,AVENUE JAMES PADDON,CULTUREL ET SOCIO EDUCATIF,Equipements culturels,Centre culturel maison culturelle et centre d'art,166.366370328351,-22.1294955354086,etablissements_publics_nc,91,2101,Paita centre
municipales_2020,1,,,988,98821,Païta,PAITA,0001,818,362,456,355,4,3,2,LDIV,MOTUHI,Marie Irene,F,Marie Irene MOTUHI,PAITA EN MOUVEMENT,4,0.49,1.13,,Dock socio-culturel 1,DOCK SOCIO CULTUREL,0.973,Dock socioculturel,AVENUE JAMES PADDON,CULTUREL ET SOCIO EDUCATIF,Equipements culturels,Centre culturel maison culturelle et centre d'art,166.366370328351,-22.1294955354086,etablissements_publics_nc,91,2101,Paita centre
municipales_2020,1,,,988,98821,Païta,PAITA,0001,818,362,456,355,4,3,3,LDVC,FIJALKOWSKI,Nicolas,M,Nicolas FIJALKOWSKI,GENERATIONS NC,22,2.69,6.2,,Dock socio-culturel 1,DOCK SOCIO CULTUREL,0.973,Dock socioculturel,AVENUE JAMES PADDON,CULTUREL ET SOCIO EDUCATIF,Equipements culturels,Centre culturel maison culturelle et centre d'art,166.366370328351,-22.1294955354086,etablissements_publics_nc,91,2101,Paita centre
municipales_2020,1,,,988,98821,Païta,PAITA,0001,818,362,456,355,4,3,4,LLR,LOREE,Beniela,M,Beniela LOREE,PAITA RASSEMBLES,26,3.18,7.32,,Dock socio-culturel 1,DOCK SOCIO CULTUREL,0.973,Dock socioculturel,AVENUE JAMES PADDON,CULTUREL ET SOCIO EDUCATIF,Equipements culturels,Centre culturel maison culturelle et centre d'art,166.366370328351,-22.1294955354086,etablissements_publics_nc,91,2101,Paita centre
municipales_2020,1,,,988,98821,Païta,PAITA,0001,818,362,456,355,4,3,5,LDVD,GATUHAU,Willy,M,Willy GATUHAU,PAITA EN CONFIANCE,127,15.53,35.77,,Dock socio-culturel 1,DOCK SOCIO CULTUREL,0.973,Dock socioculturel,AVENUE JAMES PADDON,CULTUREL ET SOCIO EDUCATIF,Equipements culturels,Centre culturel maison culturelle et centre d'art,166.366370328351,-22.1294955354086,etablissements_publics_nc,91,2101,Paita centre
municipales_2020,1,,,988,98821,Païta,PAITA,0001,818,362,456,355,4,3,6,LDVC,TEHEI,Manina,F,Manina TEHEI,"PAITA AUTREMENT, une nouvelle énergie pour notre commune",17,2.08,4.79,,Dock socio-culturel 1,DOCK SOCIO CULTUREL,0.973,Dock socioculturel,AVENUE JAMES PADDON,CULTUREL ET SOCIO EDUCATIF,Equipements culturels,Centre culturel maison culturelle et centre d'art,166.366370328351,-22.1294955354086,etablissements_publics_nc,91,2101,Paita centre
municipales_2020,1,,,988,98821,Païta,PAITA,0001,818,362,456,355,4,3,7,LDIV,TUKUMULI,Milakulo,M,Milakulo TUKUMULI,L'EVEIL DE PAïTA,86,10.51,24.23,,Dock socio-culturel 1,DOCK SOCIO CULTUREL,0.973,Dock socioculturel,AVENUE JAMES PADDON,CULTUREL ET SOCIO EDUCATIF,Equipements culturels,Centre culturel maison culturelle et centre d'art,166.366370328351,-22.1294955354086,etablissements_publics_nc,91,2101,Paita centre
municipales_2020,1,,,988,98821,Païta,PAITA,0002,819,571,248,563,6,2,1,LREG,MAPOU,Louis,M,Louis MAPOU,PAITA VOTRE IDENTITE NOTRE RICHESSE,73,8.91,12.97,,Dock socio-culturel 2,DOCK SOCIO CULTUREL,0.973,Dock socioculturel,AVENUE JAMES PADDON,CULTUREL ET SOCIO EDUCATIF,Equipements culturels,Centre culturel maison culturelle et centre d'art,166.366370328351,-22.1294955354086,etablissements_publics_nc,91,2101,Paita centre
municipales_2020,1,,,988,98821,Païta,PAITA,0002,819,571,248,563,6,2,2,LDIV,MOTUHI,Marie Irene,F,Marie Irene MOTUHI,PAITA EN MOUVEMENT,17,2.08,3.02,,Dock socio-culturel 2,DOCK SOCIO CULTUREL,0.973,Dock socioculturel,AVENUE JAMES PADDON,CULTUREL ET SOCIO EDUCATIF,Equipements culturels,Centre culturel maison culturelle et centre d'art,166.366370328351,-22.1294955354086,etablissements_publics_nc,91,2101,Paita centre
municipales_2020,1,,,988,98821,Païta,PAITA,0002,819,571,248,563,6,2,3,LDVC,FIJALKOWSKI,Nicolas,M,Nicolas FIJALKOWSKI,GENERATIONS NC,36,4.4,6.39,,Dock socio-culturel 2,DOCK SOCIO CULTUREL,0.973,Dock socioculturel,AVENUE JAMES PADDON,CULTUREL ET SOCIO EDUCATIF,Equipements culturels,Centre culturel maison culturelle et centre d'art,166.366370328351,-22.1294955354086,etablissements_publics_nc,91,2101,Paita centre
municipales_2020,1,,,988,98821,Païta,PAITA,0002,819,571,248,563,6,2,4,LLR,LOREE,Beniela,M,Beniela LOREE,PAITA RASSEMBLES,47,5.74,8.35,,Dock socio-culturel 2,DOCK SOCIO CULTUREL,0.973,Dock socioculturel,AVENUE JAMES PADDON,CULTUREL ET SOCIO EDUCATIF,Equipements culturels,Centre culturel maison culturelle et centre d'art,166.366370328351,-22.1294955354086,etablissements_publics_nc,91,2101,Paita centre
municipales_2020,1,,,988,98821,Païta,PAITA,0002,819,571,248,563,6,2,5,LDVD,GATUHAU,Willy,M,Willy GATUHAU,PAITA EN CONFIANCE,157,19.17,27.89,,Dock socio-culturel 2,DOCK SOCIO CULTUREL,0.973,Dock socioculturel,AVENUE JAMES PADDON,CULTUREL ET SOCIO EDUCATIF,Equipements culturels,Centre culturel maison culturelle et centre d'art,166.366370328351,-22.1294955354086,etablissements_publics_nc,91,2101,Paita centre
municipales_2020,1,,,988,98821,Païta,PAITA,0002,819,571,248,563,6,2,6,LDVC,TEHEI,Manina,F,Manina TEHEI,"PAITA AUTREMENT, une nouvelle énergie pour notre commune",27,3.3,4.8,,Dock socio-culturel 2,DOCK SOCIO CULTUREL,0.973,Dock socioculturel,AVENUE JAMES PADDON,CULTUREL ET SOCIO EDUCATIF,Equipements culturels,Centre culturel maison culturelle et centre d'art,166.366370328351,-22.1294955354086,etablissements_publics_nc,91,2101,Paita centre
municipales_2020,1,,,988,98821,Païta,PAITA,0002,819,571,248,563,6,2,7,LDIV,TUKUMULI,Milakulo,M,Milakulo TUKUMULI,L'EVEIL DE PAïTA,206,25.15,36.59,,Dock socio-culturel 2,DOCK SOCIO CULTUREL,0.973,Dock socioculturel,AVENUE JAMES PADDON,CULTUREL ET SOCIO EDUCATIF,Equipements culturels,Centre culturel maison culturelle et centre d'art,166.366370328351,-22.1294955354086,etablissements_publics_nc,91,2101,Paita centre
municipales_2020,1,,,988,98821,Païta,PAITA,0003,806,426,380,416,9,1,1,LREG,MAPOU,Louis,M,Louis MAPOU,PAITA VOTRE IDENTITE NOTRE RICHESSE,40,4.96,9.62,,Dock socio-culturel 3,DOCK SOCIO CULTUREL,0.973,Dock socioculturel,AVENUE JAMES PADDON,CULTUREL ET SOCIO EDUCATIF,Equipements culturels,Centre culturel maison culturelle et centre d'art,166.366370328351,-22.1294955354086,etablissements_publics_nc,91,2101,Paita centre
municipales_2020,1,,,988,98821,Païta,PAITA,0003,806,426,380,416,9,1,2,LDIV,MOTUHI,Marie Irene,F,Marie Irene MOTUHI,PAITA EN MOUVEMENT,5,0.62,1.2,,Dock socio-culturel 3,DOCK SOCIO CULTUREL,0.973,Dock socioculturel,AVENUE JAMES PADDON,CULTUREL ET SOCIO EDUCATIF,Equipements culturels,Centre culturel maison culturelle et centre d'art,166.366370328351,-22.1294955354086,etablissements_publics_nc,91,2101,Paita centre
municipales_2020,1,,,988,98821,Païta,PAITA,0003,806,426,380,416,9,1,3,LDVC,FIJALKOWSKI,Nicolas,M,Nicolas FIJALKOWSKI,GENERATIONS NC,42,5.21,10.1,,Dock socio-culturel 3,DOCK SOCIO CULTUREL,0.973,Dock socioculturel,AVENUE JAMES PADDON,CULTUREL ET SOCIO EDUCATIF,Equipements culturels,Centre culturel maison culturelle et centre d'art,166.366370328351,-22.1294955354086,etablissements_publics_nc,91,2101,Paita centre
municipales_2020,1,,,988,98821,Païta,PAITA,0003,806,426,380,416,9,1,4,LLR,LOREE,Beniela,M,Beniela LOREE,PAITA RASSEMBLES,44,5.46,10.58,,Dock socio-culturel 3,DOCK SOCIO CULTUREL,0.973,Dock socioculturel,AVENUE JAMES PADDON,CULTUREL ET SOCIO EDUCATIF,Equipements culturels,Centre culturel maison culturelle et centre d'art,166.366370328351,-22.1294955354086,etablissements_publics_nc,91,2101,Paita centre
municipales_2020,1,,,988,98821,Païta,PAITA,0003,806,426,380,416,9,1,5,LDVD,GATUHAU,Willy,M,Willy GATUHAU,PAITA EN CONFIANCE,153,18.98,36.78,,Dock socio-culturel 3,DOCK SOCIO CULTUREL,0.973,Dock socioculturel,AVENUE JAMES PADDON,CULTUREL ET SOCIO EDUCATIF,Equipements culturels,Centre culturel maison culturelle et centre d'art,166.366370328351,-22.1294955354086,etablissements_publics_nc,91,2101,Paita centre
municipales_2020,1,,,988,98821,Païta,PAITA,0003,806,426,380,416,9,1,6,LDVC,TEHEI,Manina,F,Manina TEHEI,"PAITA AUTREMENT, une nouvelle énergie pour notre commune",34,4.22,8.17,,Dock socio-culturel 3,DOCK SOCIO CULTUREL,0.973,Dock socioculturel,AVENUE JAMES PADDON,CULTUREL ET SOCIO EDUCATIF,Equipements culturels,Centre culturel maison culturelle et centre d'art,166.366370328351,-22.1294955354086,etablissements_publics_nc,91,2101,Paita centre
municipales_2020,1,,,988,98821,Païta,PAITA,0003,806,426,380,416,9,1,7,LDIV,TUKUMULI,Milakulo,M,Milakulo TUKUMULI,L'EVEIL DE PAïTA,98,12.16,23.56,,Dock socio-culturel 3,DOCK SOCIO CULTUREL,0.973,Dock socioculturel,AVENUE JAMES PADDON,CULTUREL ET SOCIO EDUCATIF,Equipements culturels,Centre culturel maison culturelle et centre d'art,166.366370328351,-22.1294955354086,etablissements_publics_nc,91,2101,Paita centre
municipales_2020,1,,,988,98821,Païta,PAITA,0004,668,314,354,304,6,4,1,LREG,MAPOU,Louis,M,Louis MAPOU,PAITA VOTRE IDENTITE NOTRE RICHESSE,26,3.89,8.55,,Dock socio-culturel 4,DOCK SOCIO CULTUREL,0.973,Dock socioculturel,AVENUE JAMES PADDON,CULTUREL ET SOCIO EDUCATIF,Equipements culturels,Centre culturel maison culturelle et centre d'art,166.366370328351,-22.1294955354086,etablissements_publics_nc,91,2101,Paita centre
municipales_2020,1,,,988,98821,Païta,PAITA,0004,668,314,354,304,6,4,2,LDIV,MOTUHI,Marie Irene,F,Marie Irene MOTUHI,PAITA EN MOUVEMENT,6,0.9,1.97,,Dock socio-culturel 4,DOCK SOCIO CULTUREL,0.973,Dock socioculturel,AVENUE JAMES PADDON,CULTUREL ET SOCIO EDUCATIF,Equipements culturels,Centre culturel maison culturelle et centre d'art,166.366370328351,-22.1294955354086,etablissements_publics_nc,91,2101,Paita centre
municipales_2020,1,,,988,98821,Païta,PAITA,0004,668,314,354,304,6,4,3,LDVC,FIJALKOWSKI,Nicolas,M,Nicolas FIJALKOWSKI,GENERATIONS NC,31,4.64,10.2,,Dock socio-culturel 4,DOCK SOCIO CULTUREL,0.973,Dock socioculturel,AVENUE JAMES PADDON,CULTUREL ET SOCIO EDUCATIF,Equipements culturels,Centre culturel maison culturelle et centre d'art,166.366370328351,-22.1294955354086,etablissements_publics_nc,91,2101,Paita centre
municipales_2020,1,,,988,98821,Païta,PAITA,0004,668,314,354,304,6,4,4,LLR,LOREE,Beniela,M,Beniela LOREE,PAITA RASSEMBLES,35,5.24,11.51,,Dock socio-culturel 4,DOCK SOCIO CULTUREL,0.973,Dock socioculturel,AVENUE JAMES PADDON,CULTUREL ET SOCIO EDUCATIF,Equipements culturels,Centre culturel maison culturelle et centre d'art,166.366370328351,-22.1294955354086,etablissements_publics_nc,91,2101,Paita centre
municipales_2020,1,,,988,98821,Païta,PAITA,0004,668,314,354,304,6,4,5,LDVD,GATUHAU,Willy,M,Willy GATUHAU,PAITA EN CONFIANCE,131,19.61,43.09,,Dock socio-culturel 4,DOCK SOCIO CULTUREL,0.973,Dock socioculturel,AVENUE JAMES PADDON,CULTUREL ET SOCIO EDUCATIF,Equipements culturels,Centre culturel maison culturelle et centre d'art,166.366370328351,-22.1294955354086,etablissements_publics_nc,91,2101,Paita centre
municipales_2020,1,,,988,98821,Païta,PAITA,0004,668,314,354,304,6,4,6,LDVC,TEHEI,Manina,F,Manina TEHEI,"PAITA AUTREMENT, une nouvelle énergie pour notre commune",25,3.74,8.22,,Dock socio-culturel 4,DOCK SOCIO CULTUREL,0.973,Dock socioculturel,AVENUE JAMES PADDON,CULTUREL ET SOCIO EDUCATIF,Equipements culturels,Centre culturel maison culturelle et centre d'art,166.366370328351,-22.1294955354086,etablissements_publics_nc,91,2101,Paita centre
municipales_2020,1,,,988,98821,Païta,PAITA,0004,668,314,354,304,6,4,7,LDIV,TUKUMULI,Milakulo,M,Milakulo TUKUMULI,L'EVEIL DE PAïTA,50,7.49,16.45,,Dock socio-culturel 4,DOCK SOCIO CULTUREL,0.973,Dock socioculturel,AVENUE JAMES PADDON,CULTUREL ET SOCIO EDUCATIF,Equipements culturels,Centre culturel maison culturelle et centre d'art,166.366370328351,-22.1294955354086,etablissements_publics_nc,91,2101,Paita centre
municipales_2020,1,,,988,98821,Païta,PAITA,0005,858,537,321,523,9,5,1,LREG,MAPOU,Louis,M,Louis MAPOU,PAITA VOTRE IDENTITE NOTRE RICHESSE,57,6.64,10.9,,Dock socio-culturel 5,DOCK SOCIO CULTUREL,0.973,Dock socioculturel,AVENUE JAMES PADDON,CULTUREL ET SOCIO EDUCATIF,Equipements culturels,Centre culturel maison culturelle et centre d'art,166.366370328351,-22.1294955354086,etablissements_publics_nc,91,2101,Paita centre
municipales_2020,1,,,988,98821,Païta,PAITA,0005,858,537,321,523,9,5,2,LDIV,MOTUHI,Marie Irene,F,Marie Irene MOTUHI,PAITA EN MOUVEMENT,1,0.12,0.19,,Dock socio-culturel 5,DOCK SOCIO CULTUREL,0.973,Dock socioculturel,AVENUE JAMES PADDON,CULTUREL ET SOCIO EDUCATIF,Equipements culturels,Centre culturel maison culturelle et centre d'art,166.366370328351,-22.1294955354086,etablissements_publics_nc,91,2101,Paita centre
municipales_2020,1,,,988,98821,Païta,PAITA,0005,858,537,321,523,9,5,3,LDVC,FIJALKOWSKI,Nicolas,M,Nicolas FIJALKOWSKI,GENERATIONS NC,52,6.06,9.94,,Dock socio-culturel 5,DOCK SOCIO CULTUREL,0.973,Dock socioculturel,AVENUE JAMES PADDON,CULTUREL ET SOCIO EDUCATIF,Equipements culturels,Centre culturel maison culturelle et centre d'art,166.366370328351,-22.1294955354086,etablissements_publics_nc,91,2101,Paita centre
municipales_2020,1,,,988,98821,Païta,PAITA,0005,858,537,321,523,9,5,4,LLR,LOREE,Beniela,M,Beniela LOREE,PAITA RASSEMBLES,63,7.34,12.05,,Dock socio-culturel 5,DOCK SOCIO CULTUREL,0.973,Dock socioculturel,AVENUE JAMES PADDON,CULTUREL ET SOCIO EDUCATIF,Equipements culturels,Centre culturel maison culturelle et centre d'art,166.366370328351,-22.1294955354086,etablissements_publics_nc,91,2101,Paita centre
municipales_2020,1,,,988,98821,Païta,PAITA,0005,858,537,321,523,9,5,5,LDVD,GATUHAU,Willy,M,Willy GATUHAU,PAITA EN CONFIANCE,245,28.55,46.85,,Dock socio-culturel 5,DOCK SOCIO CULTUREL,0.973,Dock socioculturel,AVENUE JAMES PADDON,CULTUREL ET SOCIO EDUCATIF,Equipements culturels,Centre culturel maison culturelle et centre d'art,166.366370328351,-22.1294955354086,etablissements_publics_nc,91,2101,Paita centre
municipales_2020,1,,,988,98821,Païta,PAITA,0005,858,537,321,523,9,5,6,LDVC,TEHEI,Manina,F,Manina TEHEI,"PAITA AUTREMENT, une nouvelle énergie pour notre commune",25,2.91,4.78,,Dock socio-culturel 5,DOCK SOCIO CULTUREL,0.973,Dock socioculturel,AVENUE JAMES PADDON,CULTUREL ET SOCIO EDUCATIF,Equipements culturels,Centre culturel maison culturelle et centre d'art,166.366370328351,-22.1294955354086,etablissements_publics_nc,91,2101,Paita centre
municipales_2020,1,,,988,98821,Païta,PAITA,0005,858,537,321,523,9,5,7,LDIV,TUKUMULI,Milakulo,M,Milakulo TUKUMULI,L'EVEIL DE PAïTA,80,9.32,15.3,,Dock socio-culturel 5,DOCK SOCIO CULTUREL,0.973,Dock socioculturel,AVENUE JAMES PADDON,CULTUREL ET SOCIO EDUCATIF,Equipements culturels,Centre culturel maison culturelle et centre d'art,166.366370328351,-22.1294955354086,etablissements_publics_nc,91,2101,Paita centre
municipales_2020,1,,,988,98821,Païta,PAITA,0006,876,519,357,509,8,2,1,LREG,MAPOU,Louis,M,Louis MAPOU,PAITA VOTRE IDENTITE NOTRE RICHESSE,248,28.31,48.72,,Mairie,MAIRIE,0.98,Mairie de Païta,,ADMINISTRATION ET ORGANISME,Administrations des collectivités,Administration de la commune de Païta,166.361658608639,-22.1291986951984,etablissements_publics_nc,91,2101,Paita centre
municipales_2020,1,,,988,98821,Païta,PAITA,0006,876,519,357,509,8,2,2,LDIV,MOTUHI,Marie Irene,F,Marie Irene MOTUHI,PAITA EN MOUVEMENT,10,1.14,1.96,,Mairie,MAIRIE,0.98,Mairie de Païta,,ADMINISTRATION ET ORGANISME,Administrations des collectivités,Administration de la commune de Païta,166.361658608639,-22.1291986951984,etablissements_publics_nc,91,2101,Paita centre
municipales_2020,1,,,988,98821,Païta,PAITA,0006,876,519,357,509,8,2,3,LDVC,FIJALKOWSKI,Nicolas,M,Nicolas FIJALKOWSKI,GENERATIONS NC,33,3.77,6.48,,Mairie,MAIRIE,0.98,Mairie de Païta,,ADMINISTRATION ET ORGANISME,Administrations des collectivités,Administration de la commune de Païta,166.361658608639,-22.1291986951984,etablissements_publics_nc,91,2101,Paita centre
municipales_2020,1,,,988,98821,Païta,PAITA,0006,876,519,357,509,8,2,4,LLR,LOREE,Beniela,M,Beniela LOREE,PAITA RASSEMBLES,19,2.17,3.73,,Mairie,MAIRIE,0.98,Mairie de Païta,,ADMINISTRATION ET ORGANISME,Administrations des collectivités,Administration de la commune de Païta,166.361658608639,-22.1291986951984,etablissements_publics_nc,91,2101,Paita centre
municipales_2020,1,,,988,98821,Païta,PAITA,0006,876,519,357,509,8,2,5,LDVD,GATUHAU,Willy,M,Willy GATUHAU,PAITA EN CONFIANCE,145,16.55,28.49,,Mairie,MAIRIE,0.98,Mairie de Païta,,ADMINISTRATION ET ORGANISME,Administrations des collectivités,Administration de la commune de Païta,166.361658608639,-22.1291986951984,etablissements_publics_nc,91,2101,Paita centre
municipales_2020,1,,,988,98821,Païta,PAITA,0006,876,519,357,509,8,2,6,LDVC,TEHEI,Manina,F,Manina TEHEI,"PAITA AUTREMENT, une nouvelle énergie pour notre commune",26,2.97,5.11,,Mairie,MAIRIE,0.98,Mairie de Païta,,ADMINISTRATION ET ORGANISME,Administrations des collectivités,Administration de la commune de Païta,166.361658608639,-22.1291986951984,etablissements_publics_nc,91,2101,Paita centre
municipales_2020,1,,,988,98821,Païta,PAITA,0006,876,519,357,509,8,2,7,LDIV,TUKUMULI,Milakulo,M,Milakulo TUKUMULI,L'EVEIL DE PAïTA,28,3.2,5.5,,Mairie,MAIRIE,0.98,Mairie de Païta,,ADMINISTRATION ET ORGANISME,Administrations des collectivités,Administration de la commune de Païta,166.361658608639,-22.1291986951984,etablissements_publics_nc,91,2101,Paita centre
municipales_2020,1,,,988,98821,Païta,PAITA,0007,855,537,318,523,6,8,1,LREG,MAPOU,Louis,M,Louis MAPOU,PAITA VOTRE IDENTITE NOTRE RICHESSE,70,8.19,13.38,,École Vi Vete,ECOLE VI VETE,0.669,Ecole maternelle Vi-Vete,,ENSEIGNEMENT ET FORMATION,Enseignement du premier degré,Ecole pré-élémentaire,166.356291724406,-22.134484419519,etablissements_publics_nc,91,2101,Paita centre
municipales_2020,1,,,988,98821,Païta,PAITA,0007,855,537,318,523,6,8,2,LDIV,MOTUHI,Marie Irene,F,Marie Irene MOTUHI,PAITA EN MOUVEMENT,19,2.22,3.63,,École Vi Vete,ECOLE VI VETE,0.669,Ecole maternelle Vi-Vete,,ENSEIGNEMENT ET FORMATION,Enseignement du premier degré,Ecole pré-élémentaire,166.356291724406,-22.134484419519,etablissements_publics_nc,91,2101,Paita centre
municipales_2020,1,,,988,98821,Païta,PAITA,0007,855,537,318,523,6,8,3,LDVC,FIJALKOWSKI,Nicolas,M,Nicolas FIJALKOWSKI,GENERATIONS NC,13,1.52,2.49,,École Vi Vete,ECOLE VI VETE,0.669,Ecole maternelle Vi-Vete,,ENSEIGNEMENT ET FORMATION,Enseignement du premier degré,Ecole pré-élémentaire,166.356291724406,-22.134484419519,etablissements_publics_nc,91,2101,Paita centre
municipales_2020,1,,,988,98821,Païta,PAITA,0007,855,537,318,523,6,8,4,LLR,LOREE,Beniela,M,Beniela LOREE,PAITA RASSEMBLES,55,6.43,10.52,,École Vi Vete,ECOLE VI VETE,0.669,Ecole maternelle Vi-Vete,,ENSEIGNEMENT ET FORMATION,Enseignement du premier degré,Ecole pré-élémentaire,166.356291724406,-22.134484419519,etablissements_publics_nc,91,2101,Paita centre
municipales_2020,1,,,988,98821,Païta,PAITA,0007,855,537,318,523,6,8,5,LDVD,GATUHAU,Willy,M,Willy GATUHAU,PAITA EN CONFIANCE,160,18.71,30.59,,École Vi Vete,ECOLE VI VETE,0.669,Ecole maternelle Vi-Vete,,ENSEIGNEMENT ET FORMATION,Enseignement du premier degré,Ecole pré-élémentaire,166.356291724406,-22.134484419519,etablissements_publics_nc,91,2101,Paita centre
municipales_2020,1,,,988,98821,Païta,PAITA,0007,855,537,318,523,6,8,6,LDVC,TEHEI,Manina,F,Manina TEHEI,"PAITA AUTREMENT, une nouvelle énergie pour notre commune",26,3.04,4.97,,École Vi Vete,ECOLE VI VETE,0.669,Ecole maternelle Vi-Vete,,ENSEIGNEMENT ET FORMATION,Enseignement du premier degré,Ecole pré-élémentaire,166.356291724406,-22.134484419519,etablissements_publics_nc,91,2101,Paita centre
municipales_2020,1,,,988,98821,Païta,PAITA,0007,855,537,318,523,6,8,7,LDIV,TUKUMULI,Milakulo,M,Milakulo TUKUMULI,L'EVEIL DE PAïTA,180,21.05,34.42,,École Vi Vete,ECOLE VI VETE,0.669,Ecole maternelle Vi-Vete,,ENSEIGNEMENT ET FORMATION,Enseignement du premier degré,Ecole pré-élémentaire,166.356291724406,-22.134484419519,etablissements_publics_nc,91,2101,Paita centre
municipales_2020,1,,,988,98821,Païta,PAITA,0008,846,437,409,432,4,1,1,LREG,MAPOU,Louis,M,Louis MAPOU,PAITA VOTRE IDENTITE NOTRE RICHESSE,42,4.96,9.72,,École James Paddon,ECOLE JAMES PADDON,0.8,Ecole James Paddon,,ENSEIGNEMENT ET FORMATION,Enseignement du premier degré,Ecole élémentaire,166.359353160601,-22.1337644237458,etablissements_publics_nc,91,2101,Paita centre
municipales_2020,1,,,988,98821,Païta,PAITA,0008,846,437,409,432,4,1,2,LDIV,MOTUHI,Marie Irene,F,Marie Irene MOTUHI,PAITA EN MOUVEMENT,4,0.47,0.93,,École James Paddon,ECOLE JAMES PADDON,0.8,Ecole James Paddon,,ENSEIGNEMENT ET FORMATION,Enseignement du premier degré,Ecole élémentaire,166.359353160601,-22.1337644237458,etablissements_publics_nc,91,2101,Paita centre
municipales_2020,1,,,988,98821,Païta,PAITA,0008,846,437,409,432,4,1,3,LDVC,FIJALKOWSKI,Nicolas,M,Nicolas FIJALKOWSKI,GENERATIONS NC,46,5.44,10.65,,École James Paddon,ECOLE JAMES PADDON,0.8,Ecole James Paddon,,ENSEIGNEMENT ET FORMATION,Enseignement du premier degré,Ecole élémentaire,166.359353160601,-22.1337644237458,etablissements_publics_nc,91,2101,Paita centre
municipales_2020,1,,,988,98821,Païta,PAITA,0008,846,437,409,432,4,1,4,LLR,LOREE,Beniela,M,Beniela LOREE,PAITA RASSEMBLES,72,8.51,16.67,,École James Paddon,ECOLE JAMES PADDON,0.8,Ecole James Paddon,,ENSEIGNEMENT ET FORMATION,Enseignement du premier degré,Ecole élémentaire,166.359353160601,-22.1337644237458,etablissements_publics_nc,91,2101,Paita centre
municipales_2020,1,,,988,98821,Païta,PAITA,0008,846,437,409,432,4,1,5,LDVD,GATUHAU,Willy,M,Willy GATUHAU,PAITA EN CONFIANCE,178,21.04,41.2,,École James Paddon,ECOLE JAMES PADDON,0.8,Ecole James Paddon,,ENSEIGNEMENT ET FORMATION,Enseignement du premier degré,Ecole élémentaire,166.359353160601,-22.1337644237458,etablissements_publics_nc,91,2101,Paita centre
municipales_2020,1,,,988,98821,Païta,PAITA,0008,846,437,409,432,4,1,6,LDVC,TEHEI,Manina,F,Manina TEHEI,"PAITA AUTREMENT, une nouvelle énergie pour notre commune",30,3.55,6.94,,École James Paddon,ECOLE JAMES PADDON,0.8,Ecole James Paddon,,ENSEIGNEMENT ET FORMATION,Enseignement du premier degré,Ecole élémentaire,166.359353160601,-22.1337644237458,etablissements_publics_nc,91,2101,Paita centre
municipales_2020,1,,,988,98821,Païta,PAITA,0008,846,437,409,432,4,1,7,LDIV,TUKUMULI,Milakulo,M,Milakulo TUKUMULI,L'EVEIL DE PAïTA,60,7.09,13.89,,École James Paddon,ECOLE JAMES PADDON,0.8,Ecole James Paddon,,ENSEIGNEMENT ET FORMATION,Enseignement du premier degré,Ecole élémentaire,166.359353160601,-22.1337644237458,etablissements_publics_nc,91,2101,Paita centre
municipales_2020,1,,,988,98821,Païta,PAITA,0009,830,431,399,417,11,3,1,LREG,MAPOU,Louis,M,Louis MAPOU,PAITA VOTRE IDENTITE NOTRE RICHESSE,73,8.8,17.51,,École élémentaire Scheffleras 1,ECOLE ELEMENTAIRE SCHEFFLERAS,1,Ecole Scheffleras,,ENSEIGNEMENT ET FORMATION,Enseignement du premier degré,Ecole élémentaire,166.36989887391,-22.1257398247667,etablissements_publics_nc,92,2102,Scheffleras
municipales_2020,1,,,988,98821,Païta,PAITA,0009,830,431,399,417,11,3,2,LDIV,MOTUHI,Marie Irene,F,Marie Irene MOTUHI,PAITA EN MOUVEMENT,9,1.08,2.16,,École élémentaire Scheffleras 1,ECOLE ELEMENTAIRE SCHEFFLERAS,1,Ecole Scheffleras,,ENSEIGNEMENT ET FORMATION,Enseignement du premier degré,Ecole élémentaire,166.36989887391,-22.1257398247667,etablissements_publics_nc,92,2102,Scheffleras
municipales_2020,1,,,988,98821,Païta,PAITA,0009,830,431,399,417,11,3,3,LDVC,FIJALKOWSKI,Nicolas,M,Nicolas FIJALKOWSKI,GENERATIONS NC,21,2.53,5.04,,École élémentaire Scheffleras 1,ECOLE ELEMENTAIRE SCHEFFLERAS,1,Ecole Scheffleras,,ENSEIGNEMENT ET FORMATION,Enseignement du premier degré,Ecole élémentaire,166.36989887391,-22.1257398247667,etablissements_publics_nc,92,2102,Scheffleras
municipales_2020,1,,,988,98821,Païta,PAITA,0009,830,431,399,417,11,3,4,LLR,LOREE,Beniela,M,Beniela LOREE,PAITA RASSEMBLES,45,5.42,10.79,,École élémentaire Scheffleras 1,ECOLE ELEMENTAIRE SCHEFFLERAS,1,Ecole Scheffleras,,ENSEIGNEMENT ET FORMATION,Enseignement du premier degré,Ecole élémentaire,166.36989887391,-22.1257398247667,etablissements_publics_nc,92,2102,Scheffleras
municipales_2020,1,,,988,98821,Païta,PAITA,0009,830,431,399,417,11,3,5,LDVD,GATUHAU,Willy,M,Willy GATUHAU,PAITA EN CONFIANCE,118,14.22,28.3,,École élémentaire Scheffleras 1,ECOLE ELEMENTAIRE SCHEFFLERAS,1,Ecole Scheffleras,,ENSEIGNEMENT ET FORMATION,Enseignement du premier degré,Ecole élémentaire,166.36989887391,-22.1257398247667,etablissements_publics_nc,92,2102,Scheffleras
municipales_2020,1,,,988,98821,Païta,PAITA,0009,830,431,399,417,11,3,6,LDVC,TEHEI,Manina,F,Manina TEHEI,"PAITA AUTREMENT, une nouvelle énergie pour notre commune",28,3.37,6.71,,École élémentaire Scheffleras 1,ECOLE ELEMENTAIRE SCHEFFLERAS,1,Ecole Scheffleras,,ENSEIGNEMENT ET FORMATION,Enseignement du premier degré,Ecole élémentaire,166.36989887391,-22.1257398247667,etablissements_publics_nc,92,2102,Scheffleras
municipales_2020,1,,,988,98821,Païta,PAITA,0009,830,431,399,417,11,3,7,LDIV,TUKUMULI,Milakulo,M,Milakulo TUKUMULI,L'EVEIL DE PAïTA,123,14.82,29.5,,École élémentaire Scheffleras 1,ECOLE ELEMENTAIRE SCHEFFLERAS,1,Ecole Scheffleras,,ENSEIGNEMENT ET FORMATION,Enseignement du premier degré,Ecole élémentaire,166.36989887391,-22.1257398247667,etablissements_publics_nc,92,2102,Scheffleras
municipales_2020,1,,,988,98821,Païta,PAITA,0010,874,518,356,500,13,5,1,LREG,MAPOU,Louis,M,Louis MAPOU,PAITA VOTRE IDENTITE NOTRE RICHESSE,83,9.5,16.6,,École élémentaire Scheffleras 2,ECOLE ELEMENTAIRE SCHEFFLERAS,1,Ecole Scheffleras,,ENSEIGNEMENT ET FORMATION,Enseignement du premier degré,Ecole élémentaire,166.36989887391,-22.1257398247667,etablissements_publics_nc,92,2102,Scheffleras
municipales_2020,1,,,988,98821,Païta,PAITA,0010,874,518,356,500,13,5,2,LDIV,MOTUHI,Marie Irene,F,Marie Irene MOTUHI,PAITA EN MOUVEMENT,23,2.63,4.6,,École élémentaire Scheffleras 2,ECOLE ELEMENTAIRE SCHEFFLERAS,1,Ecole Scheffleras,,ENSEIGNEMENT ET FORMATION,Enseignement du premier degré,Ecole élémentaire,166.36989887391,-22.1257398247667,etablissements_publics_nc,92,2102,Scheffleras
municipales_2020,1,,,988,98821,Païta,PAITA,0010,874,518,356,500,13,5,3,LDVC,FIJALKOWSKI,Nicolas,M,Nicolas FIJALKOWSKI,GENERATIONS NC,39,4.46,7.8,,École élémentaire Scheffleras 2,ECOLE ELEMENTAIRE SCHEFFLERAS,1,Ecole Scheffleras,,ENSEIGNEMENT ET FORMATION,Enseignement du premier degré,Ecole élémentaire,166.36989887391,-22.1257398247667,etablissements_publics_nc,92,2102,Scheffleras
municipales_2020,1,,,988,98821,Païta,PAITA,0010,874,518,356,500,13,5,4,LLR,LOREE,Beniela,M,Beniela LOREE,PAITA RASSEMBLES,30,3.43,6,,École élémentaire Scheffleras 2,ECOLE ELEMENTAIRE SCHEFFLERAS,1,Ecole Scheffleras,,ENSEIGNEMENT ET FORMATION,Enseignement du premier degré,Ecole élémentaire,166.36989887391,-22.1257398247667,etablissements_publics_nc,92,2102,Scheffleras
municipales_2020,1,,,988,98821,Païta,PAITA,0010,874,518,356,500,13,5,5,LDVD,GATUHAU,Willy,M,Willy GATUHAU,PAITA EN CONFIANCE,171,19.57,34.2,,École élémentaire Scheffleras 2,ECOLE ELEMENTAIRE SCHEFFLERAS,1,Ecole Scheffleras,,ENSEIGNEMENT ET FORMATION,Enseignement du premier degré,Ecole élémentaire,166.36989887391,-22.1257398247667,etablissements_publics_nc,92,2102,Scheffleras
municipales_2020,1,,,988,98821,Païta,PAITA,0010,874,518,356,500,13,5,6,LDVC,TEHEI,Manina,F,Manina TEHEI,"PAITA AUTREMENT, une nouvelle énergie pour notre commune",40,4.58,8,,École élémentaire Scheffleras 2,ECOLE ELEMENTAIRE SCHEFFLERAS,1,Ecole Scheffleras,,ENSEIGNEMENT ET FORMATION,Enseignement du premier degré,Ecole élémentaire,166.36989887391,-22.1257398247667,etablissements_publics_nc,92,2102,Scheffleras
municipales_2020,1,,,988,98821,Païta,PAITA,0010,874,518,356,500,13,5,7,LDIV,TUKUMULI,Milakulo,M,Milakulo TUKUMULI,L'EVEIL DE PAïTA,114,13.04,22.8,,École élémentaire Scheffleras 2,ECOLE ELEMENTAIRE SCHEFFLERAS,1,Ecole Scheffleras,,ENSEIGNEMENT ET FORMATION,Enseignement du premier degré,Ecole élémentaire,166.36989887391,-22.1257398247667,etablissements_publics_nc,92,2102,Scheffleras
municipales_2020,1,,,988,98821,Païta,PAITA,0011,867,495,372,484,5,6,1,LREG,MAPOU,Louis,M,Louis MAPOU,PAITA VOTRE IDENTITE NOTRE RICHESSE,56,6.46,11.57,,École maternelle Scheffleras 1,ECOLE MATERNELLE SCHEFFLERAS,0.787,Ecole Scheffleras,,ENSEIGNEMENT ET FORMATION,Enseignement du premier degré,Ecole élémentaire,166.36989887391,-22.1257398247667,etablissements_publics_nc,92,2102,Scheffleras
municipales_2020,1,,,988,98821,Païta,PAITA,0011,867,495,372,484,5,6,2,LDIV,MOTUHI,Marie Irene,F,Marie Irene MOTUHI,PAITA EN MOUVEMENT,9,1.04,1.86,,École maternelle Scheffleras 1,ECOLE MATERNELLE SCHEFFLERAS,0.787,Ecole Scheffleras,,ENSEIGNEMENT ET FORMATION,Enseignement du premier degré,Ecole élémentaire,166.36989887391,-22.1257398247667,etablissements_publics_nc,92,2102,Scheffleras
municipales_2020,1,,,988,98821,Païta,PAITA,0011,867,495,372,484,5,6,3,LDVC,FIJALKOWSKI,Nicolas,M,Nicolas FIJALKOWSKI,GENERATIONS NC,46,5.31,9.5,,École maternelle Scheffleras 1,ECOLE MATERNELLE SCHEFFLERAS,0.787,Ecole Scheffleras,,ENSEIGNEMENT ET FORMATION,Enseignement du premier degré,Ecole élémentaire,166.36989887391,-22.1257398247667,etablissements_publics_nc,92,2102,Scheffleras
municipales_2020,1,,,988,98821,Païta,PAITA,0011,867,495,372,484,5,6,4,LLR,LOREE,Beniela,M,Beniela LOREE,PAITA RASSEMBLES,39,4.5,8.06,,École maternelle Scheffleras 1,ECOLE MATERNELLE SCHEFFLERAS,0.787,Ecole Scheffleras,,ENSEIGNEMENT ET FORMATION,Enseignement du premier degré,Ecole élémentaire,166.36989887391,-22.1257398247667,etablissements_publics_nc,92,2102,Scheffleras
municipales_2020,1,,,988,98821,Païta,PAITA,0011,867,495,372,484,5,6,5,LDVD,GATUHAU,Willy,M,Willy GATUHAU,PAITA EN CONFIANCE,165,19.03,34.09,,École maternelle Scheffleras 1,ECOLE MATERNELLE SCHEFFLERAS,0.787,Ecole Scheffleras,,ENSEIGNEMENT ET FORMATION,Enseignement du premier degré,Ecole élémentaire,166.36989887391,-22.1257398247667,etablissements_publics_nc,92,2102,Scheffleras
municipales_2020,1,,,988,98821,Païta,PAITA,0011,867,495,372,484,5,6,6,LDVC,TEHEI,Manina,F,Manina TEHEI,"PAITA AUTREMENT, une nouvelle énergie pour notre commune",28,3.23,5.79,,École maternelle Scheffleras 1,ECOLE MATERNELLE SCHEFFLERAS,0.787,Ecole Scheffleras,,ENSEIGNEMENT ET FORMATION,Enseignement du premier degré,Ecole élémentaire,166.36989887391,-22.1257398247667,etablissements_publics_nc,92,2102,Scheffleras
municipales_2020,1,,,988,98821,Païta,PAITA,0011,867,495,372,484,5,6,7,LDIV,TUKUMULI,Milakulo,M,Milakulo TUKUMULI,L'EVEIL DE PAïTA,141,16.26,29.13,,École maternelle Scheffleras 1,ECOLE MATERNELLE SCHEFFLERAS,0.787,Ecole Scheffleras,,ENSEIGNEMENT ET FORMATION,Enseignement du premier degré,Ecole élémentaire,166.36989887391,-22.1257398247667,etablissements_publics_nc,92,2102,Scheffleras
municipales_2020,1,,,988,98821,Païta,PAITA,0012,754,436,318,426,5,5,1,LREG,MAPOU,Louis,M,Louis MAPOU,PAITA VOTRE IDENTITE NOTRE RICHESSE,67,8.89,15.73,,École maternelle Scheffleras 2,ECOLE MATERNELLE SCHEFFLERAS,0.787,Ecole Scheffleras,,ENSEIGNEMENT ET FORMATION,Enseignement du premier degré,Ecole élémentaire,166.36989887391,-22.1257398247667,etablissements_publics_nc,92,2102,Scheffleras
municipales_2020,1,,,988,98821,Païta,PAITA,0012,754,436,318,426,5,5,2,LDIV,MOTUHI,Marie Irene,F,Marie Irene MOTUHI,PAITA EN MOUVEMENT,5,0.66,1.17,,École maternelle Scheffleras 2,ECOLE MATERNELLE SCHEFFLERAS,0.787,Ecole Scheffleras,,ENSEIGNEMENT ET FORMATION,Enseignement du premier degré,Ecole élémentaire,166.36989887391,-22.1257398247667,etablissements_publics_nc,92,2102,Scheffleras
municipales_2020,1,,,988,98821,Païta,PAITA,0012,754,436,318,426,5,5,3,LDVC,FIJALKOWSKI,Nicolas,M,Nicolas FIJALKOWSKI,GENERATIONS NC,54,7.16,12.68,,École maternelle Scheffleras 2,ECOLE MATERNELLE SCHEFFLERAS,0.787,Ecole Scheffleras,,ENSEIGNEMENT ET FORMATION,Enseignement du premier degré,Ecole élémentaire,166.36989887391,-22.1257398247667,etablissements_publics_nc,92,2102,Scheffleras
municipales_2020,1,,,988,98821,Païta,PAITA,0012,754,436,318,426,5,5,4,LLR,LOREE,Beniela,M,Beniela LOREE,PAITA RASSEMBLES,50,6.63,11.74,,École maternelle Scheffleras 2,ECOLE MATERNELLE SCHEFFLERAS,0.787,Ecole Scheffleras,,ENSEIGNEMENT ET FORMATION,Enseignement du premier degré,Ecole élémentaire,166.36989887391,-22.1257398247667,etablissements_publics_nc,92,2102,Scheffleras
municipales_2020,1,,,988,98821,Païta,PAITA,0012,754,436,318,426,5,5,5,LDVD,GATUHAU,Willy,M,Willy GATUHAU,PAITA EN CONFIANCE,197,26.13,46.24,,École maternelle Scheffleras 2,ECOLE MATERNELLE SCHEFFLERAS,0.787,Ecole Scheffleras,,ENSEIGNEMENT ET FORMATION,Enseignement du premier degré,Ecole élémentaire,166.36989887391,-22.1257398247667,etablissements_publics_nc,92,2102,Scheffleras
municipales_2020,1,,,988,98821,Païta,PAITA,0012,754,436,318,426,5,5,6,LDVC,TEHEI,Manina,F,Manina TEHEI,"PAITA AUTREMENT, une nouvelle énergie pour notre commune",26,3.45,6.1,,École maternelle Scheffleras 2,ECOLE MATERNELLE SCHEFFLERAS,0.787,Ecole Scheffleras,,ENSEIGNEMENT ET FORMATION,Enseignement du premier degré,Ecole élémentaire,166.36989887391,-22.1257398247667,etablissements_publics_nc,92,2102,Scheffleras
municipales_2020,1,,,988,98821,Païta,PAITA,0012,754,436,318,426,5,5,7,LDIV,TUKUMULI,Milakulo,M,Milakulo TUKUMULI,L'EVEIL DE PAïTA,27,3.58,6.34,,École maternelle Scheffleras 2,ECOLE MATERNELLE SCHEFFLERAS,0.787,Ecole Scheffleras,,ENSEIGNEMENT ET FORMATION,Enseignement du premier degré,Ecole élémentaire,166.36989887391,-22.1257398247667,etablissements_publics_nc,92,2102,Scheffleras
municipales_2020,1,,,988,98821,Païta,PAITA,0013,714,394,320,384,6,4,1,LREG,MAPOU,Louis,M,Louis MAPOU,PAITA VOTRE IDENTITE NOTRE RICHESSE,62,8.68,16.15,,École primaire Jean Ounou COTTIN 1,ECOLE PRIMAIRE JEAN OUNOU COTTIN,0.8,Groupe scolaire Jean Ounou COTTIN,,ENSEIGNEMENT ET FORMATION,Enseignement du premier degré,Groupe scolaire,166.265966445473,-22.0605318544913,etablissements_publics_nc,96,2106,Tamoa Bangou Saint Laurent
municipales_2020,1,,,988,98821,Païta,PAITA,0013,714,394,320,384,6,4,2,LDIV,MOTUHI,Marie Irene,F,Marie Irene MOTUHI,PAITA EN MOUVEMENT,8,1.12,2.08,,École primaire Jean Ounou COTTIN 1,ECOLE PRIMAIRE JEAN OUNOU COTTIN,0.8,Groupe scolaire Jean Ounou COTTIN,,ENSEIGNEMENT ET FORMATION,Enseignement du premier degré,Groupe scolaire,166.265966445473,-22.0605318544913,etablissements_publics_nc,96,2106,Tamoa Bangou Saint Laurent
municipales_2020,1,,,988,98821,Païta,PAITA,0013,714,394,320,384,6,4,3,LDVC,FIJALKOWSKI,Nicolas,M,Nicolas FIJALKOWSKI,GENERATIONS NC,38,5.32,9.9,,École primaire Jean Ounou COTTIN 1,ECOLE PRIMAIRE JEAN OUNOU COTTIN,0.8,Groupe scolaire Jean Ounou COTTIN,,ENSEIGNEMENT ET FORMATION,Enseignement du premier degré,Groupe scolaire,166.265966445473,-22.0605318544913,etablissements_publics_nc,96,2106,Tamoa Bangou Saint Laurent
municipales_2020,1,,,988,98821,Païta,PAITA,0013,714,394,320,384,6,4,4,LLR,LOREE,Beniela,M,Beniela LOREE,PAITA RASSEMBLES,59,8.26,15.36,,École primaire Jean Ounou COTTIN 1,ECOLE PRIMAIRE JEAN OUNOU COTTIN,0.8,Groupe scolaire Jean Ounou COTTIN,,ENSEIGNEMENT ET FORMATION,Enseignement du premier degré,Groupe scolaire,166.265966445473,-22.0605318544913,etablissements_publics_nc,96,2106,Tamoa Bangou Saint Laurent
municipales_2020,1,,,988,98821,Païta,PAITA,0013,714,394,320,384,6,4,5,LDVD,GATUHAU,Willy,M,Willy GATUHAU,PAITA EN CONFIANCE,154,21.57,40.1,,École primaire Jean Ounou COTTIN 1,ECOLE PRIMAIRE JEAN OUNOU COTTIN,0.8,Groupe scolaire Jean Ounou COTTIN,,ENSEIGNEMENT ET FORMATION,Enseignement du premier degré,Groupe scolaire,166.265966445473,-22.0605318544913,etablissements_publics_nc,96,2106,Tamoa Bangou Saint Laurent
municipales_2020,1,,,988,98821,Païta,PAITA,0013,714,394,320,384,6,4,6,LDVC,TEHEI,Manina,F,Manina TEHEI,"PAITA AUTREMENT, une nouvelle énergie pour notre commune",33,4.62,8.59,,École primaire Jean Ounou COTTIN 1,ECOLE PRIMAIRE JEAN OUNOU COTTIN,0.8,Groupe scolaire Jean Ounou COTTIN,,ENSEIGNEMENT ET FORMATION,Enseignement du premier degré,Groupe scolaire,166.265966445473,-22.0605318544913,etablissements_publics_nc,96,2106,Tamoa Bangou Saint Laurent
municipales_2020,1,,,988,98821,Païta,PAITA,0013,714,394,320,384,6,4,7,LDIV,TUKUMULI,Milakulo,M,Milakulo TUKUMULI,L'EVEIL DE PAïTA,30,4.2,7.81,,École primaire Jean Ounou COTTIN 1,ECOLE PRIMAIRE JEAN OUNOU COTTIN,0.8,Groupe scolaire Jean Ounou COTTIN,,ENSEIGNEMENT ET FORMATION,Enseignement du premier degré,Groupe scolaire,166.265966445473,-22.0605318544913,etablissements_publics_nc,96,2106,Tamoa Bangou Saint Laurent
municipales_2020,1,,,988,98821,Païta,PAITA,0014,603,379,224,370,6,3,1,LREG,MAPOU,Louis,M,Louis MAPOU,PAITA VOTRE IDENTITE NOTRE RICHESSE,284,47.1,76.76,,École primaire Jean Ounou COTTIN 2,ECOLE PRIMAIRE JEAN OUNOU COTTIN,0.8,Groupe scolaire Jean Ounou COTTIN,,ENSEIGNEMENT ET FORMATION,Enseignement du premier degré,Groupe scolaire,166.265966445473,-22.0605318544913,etablissements_publics_nc,96,2106,Tamoa Bangou Saint Laurent
municipales_2020,1,,,988,98821,Païta,PAITA,0014,603,379,224,370,6,3,2,LDIV,MOTUHI,Marie Irene,F,Marie Irene MOTUHI,PAITA EN MOUVEMENT,3,0.5,0.81,,École primaire Jean Ounou COTTIN 2,ECOLE PRIMAIRE JEAN OUNOU COTTIN,0.8,Groupe scolaire Jean Ounou COTTIN,,ENSEIGNEMENT ET FORMATION,Enseignement du premier degré,Groupe scolaire,166.265966445473,-22.0605318544913,etablissements_publics_nc,96,2106,Tamoa Bangou Saint Laurent
municipales_2020,1,,,988,98821,Païta,PAITA,0014,603,379,224,370,6,3,3,LDVC,FIJALKOWSKI,Nicolas,M,Nicolas FIJALKOWSKI,GENERATIONS NC,1,0.17,0.27,,École primaire Jean Ounou COTTIN 2,ECOLE PRIMAIRE JEAN OUNOU COTTIN,0.8,Groupe scolaire Jean Ounou COTTIN,,ENSEIGNEMENT ET FORMATION,Enseignement du premier degré,Groupe scolaire,166.265966445473,-22.0605318544913,etablissements_publics_nc,96,2106,Tamoa Bangou Saint Laurent
municipales_2020,1,,,988,98821,Païta,PAITA,0014,603,379,224,370,6,3,4,LLR,LOREE,Beniela,M,Beniela LOREE,PAITA RASSEMBLES,11,1.82,2.97,,École primaire Jean Ounou COTTIN 2,ECOLE PRIMAIRE JEAN OUNOU COTTIN,0.8,Groupe scolaire Jean Ounou COTTIN,,ENSEIGNEMENT ET FORMATION,Enseignement du premier degré,Groupe scolaire,166.265966445473,-22.0605318544913,etablissements_publics_nc,96,2106,Tamoa Bangou Saint Laurent
municipales_2020,1,,,988,98821,Païta,PAITA,0014,603,379,224,370,6,3,5,LDVD,GATUHAU,Willy,M,Willy GATUHAU,PAITA EN CONFIANCE,45,7.46,12.16,,École primaire Jean Ounou COTTIN 2,ECOLE PRIMAIRE JEAN OUNOU COTTIN,0.8,Groupe scolaire Jean Ounou COTTIN,,ENSEIGNEMENT ET FORMATION,Enseignement du premier degré,Groupe scolaire,166.265966445473,-22.0605318544913,etablissements_publics_nc,96,2106,Tamoa Bangou Saint Laurent
municipales_2020,1,,,988,98821,Païta,PAITA,0014,603,379,224,370,6,3,6,LDVC,TEHEI,Manina,F,Manina TEHEI,"PAITA AUTREMENT, une nouvelle énergie pour notre commune",11,1.82,2.97,,École primaire Jean Ounou COTTIN 2,ECOLE PRIMAIRE JEAN OUNOU COTTIN,0.8,Groupe scolaire Jean Ounou COTTIN,,ENSEIGNEMENT ET FORMATION,Enseignement du premier degré,Groupe scolaire,166.265966445473,-22.0605318544913,etablissements_publics_nc,96,2106,Tamoa Bangou Saint Laurent
municipales_2020,1,,,988,98821,Païta,PAITA,0014,603,379,224,370,6,3,7,LDIV,TUKUMULI,Milakulo,M,Milakulo TUKUMULI,L'EVEIL DE PAïTA,15,2.49,4.05,,École primaire Jean Ounou COTTIN 2,ECOLE PRIMAIRE JEAN OUNOU COTTIN,0.8,Groupe scolaire Jean Ounou COTTIN,,ENSEIGNEMENT ET FORMATION,Enseignement du premier degré,Groupe scolaire,166.265966445473,-22.0605318544913,etablissements_publics_nc,96,2106,Tamoa Bangou Saint Laurent
municipales_2020,1,,,988,98821,Païta,PAITA,0015,746,414,332,409,5,0,1,LREG,MAPOU,Louis,M,Louis MAPOU,PAITA VOTRE IDENTITE NOTRE RICHESSE,42,5.63,10.27,,Mairie annexe de Tontouta,MAIRIE ANNEXE TONTOUTA,0.83,Mairie annexe de Païta,,ADMINISTRATION ET ORGANISME,Administrations des collectivités,Administration de la commune de Païta,166.22014428712,-22.0130384994051,etablissements_publics_nc,97,2107,Tontouta Tiaré
municipales_2020,1,,,988,98821,Païta,PAITA,0015,746,414,332,409,5,0,2,LDIV,MOTUHI,Marie Irene,F,Marie Irene MOTUHI,PAITA EN MOUVEMENT,7,0.94,1.71,,Mairie annexe de Tontouta,MAIRIE ANNEXE TONTOUTA,0.83,Mairie annexe de Païta,,ADMINISTRATION ET ORGANISME,Administrations des collectivités,Administration de la commune de Païta,166.22014428712,-22.0130384994051,etablissements_publics_nc,97,2107,Tontouta Tiaré
municipales_2020,1,,,988,98821,Païta,PAITA,0015,746,414,332,409,5,0,3,LDVC,FIJALKOWSKI,Nicolas,M,Nicolas FIJALKOWSKI,GENERATIONS NC,80,10.72,19.56,,Mairie annexe de Tontouta,MAIRIE ANNEXE TONTOUTA,0.83,Mairie annexe de Païta,,ADMINISTRATION ET ORGANISME,Administrations des collectivités,Administration de la commune de Païta,166.22014428712,-22.0130384994051,etablissements_publics_nc,97,2107,Tontouta Tiaré
municipales_2020,1,,,988,98821,Païta,PAITA,0015,746,414,332,409,5,0,4,LLR,LOREE,Beniela,M,Beniela LOREE,PAITA RASSEMBLES,85,11.39,20.78,,Mairie annexe de Tontouta,MAIRIE ANNEXE TONTOUTA,0.83,Mairie annexe de Païta,,ADMINISTRATION ET ORGANISME,Administrations des collectivités,Administration de la commune de Païta,166.22014428712,-22.0130384994051,etablissements_publics_nc,97,2107,Tontouta Tiaré
municipales_2020,1,,,988,98821,Païta,PAITA,0015,746,414,332,409,5,0,5,LDVD,GATUHAU,Willy,M,Willy GATUHAU,PAITA EN CONFIANCE,120,16.09,29.34,,Mairie annexe de Tontouta,MAIRIE ANNEXE TONTOUTA,0.83,Mairie annexe de Païta,,ADMINISTRATION ET ORGANISME,Administrations des collectivités,Administration de la commune de Païta,166.22014428712,-22.0130384994051,etablissements_publics_nc,97,2107,Tontouta Tiaré
municipales_2020,1,,,988,98821,Païta,PAITA,0015,746,414,332,409,5,0,6,LDVC,TEHEI,Manina,F,Manina TEHEI,"PAITA AUTREMENT, une nouvelle énergie pour notre commune",25,3.35,6.11,,Mairie annexe de Tontouta,MAIRIE ANNEXE TONTOUTA,0.83,Mairie annexe de Païta,,ADMINISTRATION ET ORGANISME,Administrations des collectivités,Administration de la commune de Païta,166.22014428712,-22.0130384994051,etablissements_publics_nc,97,2107,Tontouta Tiaré
municipales_2020,1,,,988,98821,Païta,PAITA,0015,746,414,332,409,5,0,7,LDIV,TUKUMULI,Milakulo,M,Milakulo TUKUMULI,L'EVEIL DE PAïTA,50,6.7,12.22,,Mairie annexe de Tontouta,MAIRIE ANNEXE TONTOUTA,0.83,Mairie annexe de Païta,,ADMINISTRATION ET ORGANISME,Administrations des collectivités,Administration de la commune de Païta,166.22014428712,-22.0130384994051,etablissements_publics_nc,97,2107,Tontouta Tiaré
municipales_2020,1,,,988,98821,Païta,PAITA,0016,797,446,351,434,8,4,1,LREG,MAPOU,Louis,M,Louis MAPOU,PAITA VOTRE IDENTITE NOTRE RICHESSE,8,1,1.84,,École Robert Abel- 1,ECOLE ROBERT ABEL,0.8,Ecole Robert ABEL,,ENSEIGNEMENT ET FORMATION,Enseignement du premier degré,Ecole primaire,166.379189029935,-22.1384982889128,etablissements_publics_nc,93,2103,Nogouta-Les 3 Vallées
municipales_2020,1,,,988,98821,Païta,PAITA,0016,797,446,351,434,8,4,2,LDIV,MOTUHI,Marie Irene,F,Marie Irene MOTUHI,PAITA EN MOUVEMENT,1,0.13,0.23,,École Robert Abel- 1,ECOLE ROBERT ABEL,0.8,Ecole Robert ABEL,,ENSEIGNEMENT ET FORMATION,Enseignement du premier degré,Ecole primaire,166.379189029935,-22.1384982889128,etablissements_publics_nc,93,2103,Nogouta-Les 3 Vallées
municipales_2020,1,,,988,98821,Païta,PAITA,0016,797,446,351,434,8,4,3,LDVC,FIJALKOWSKI,Nicolas,M,Nicolas FIJALKOWSKI,GENERATIONS NC,55,6.9,12.67,,École Robert Abel- 1,ECOLE ROBERT ABEL,0.8,Ecole Robert ABEL,,ENSEIGNEMENT ET FORMATION,Enseignement du premier degré,Ecole primaire,166.379189029935,-22.1384982889128,etablissements_publics_nc,93,2103,Nogouta-Les 3 Vallées
municipales_2020,1,,,988,98821,Païta,PAITA,0016,797,446,351,434,8,4,4,LLR,LOREE,Beniela,M,Beniela LOREE,PAITA RASSEMBLES,61,7.65,14.06,,École Robert Abel- 1,ECOLE ROBERT ABEL,0.8,Ecole Robert ABEL,,ENSEIGNEMENT ET FORMATION,Enseignement du premier degré,Ecole primaire,166.379189029935,-22.1384982889128,etablissements_publics_nc,93,2103,Nogouta-Les 3 Vallées
municipales_2020,1,,,988,98821,Païta,PAITA,0016,797,446,351,434,8,4,5,LDVD,GATUHAU,Willy,M,Willy GATUHAU,PAITA EN CONFIANCE,220,27.6,50.69,,École Robert Abel- 1,ECOLE ROBERT ABEL,0.8,Ecole Robert ABEL,,ENSEIGNEMENT ET FORMATION,Enseignement du premier degré,Ecole primaire,166.379189029935,-22.1384982889128,etablissements_publics_nc,93,2103,Nogouta-Les 3 Vallées
municipales_2020,1,,,988,98821,Païta,PAITA,0016,797,446,351,434,8,4,6,LDVC,TEHEI,Manina,F,Manina TEHEI,"PAITA AUTREMENT, une nouvelle énergie pour notre commune",53,6.65,12.21,,École Robert Abel- 1,ECOLE ROBERT ABEL,0.8,Ecole Robert ABEL,,ENSEIGNEMENT ET FORMATION,Enseignement du premier degré,Ecole primaire,166.379189029935,-22.1384982889128,etablissements_publics_nc,93,2103,Nogouta-Les 3 Vallées
municipales_2020,1,,,988,98821,Païta,PAITA,0016,797,446,351,434,8,4,7,LDIV,TUKUMULI,Milakulo,M,Milakulo TUKUMULI,L'EVEIL DE PAïTA,36,4.52,8.29,,École Robert Abel- 1,ECOLE ROBERT ABEL,0.8,Ecole Robert ABEL,,ENSEIGNEMENT ET FORMATION,Enseignement du premier degré,Ecole primaire,166.379189029935,-22.1384982889128,etablissements_publics_nc,93,2103,Nogouta-Les 3 Vallées
municipales_2020,1,,,988,98821,Païta,PAITA,0017,860,537,323,526,8,3,1,LREG,MAPOU,Louis,M,Louis MAPOU,PAITA VOTRE IDENTITE NOTRE RICHESSE,66,7.67,12.55,,École Robert Abel- 2,ECOLE ROBERT ABEL,0.8,Ecole Robert ABEL,,ENSEIGNEMENT ET FORMATION,Enseignement du premier degré,Ecole primaire,166.379189029935,-22.1384982889128,etablissements_publics_nc,93,2103,Nogouta-Les 3 Vallées
municipales_2020,1,,,988,98821,Païta,PAITA,0017,860,537,323,526,8,3,2,LDIV,MOTUHI,Marie Irene,F,Marie Irene MOTUHI,PAITA EN MOUVEMENT,5,0.58,0.95,,École Robert Abel- 2,ECOLE ROBERT ABEL,0.8,Ecole Robert ABEL,,ENSEIGNEMENT ET FORMATION,Enseignement du premier degré,Ecole primaire,166.379189029935,-22.1384982889128,etablissements_publics_nc,93,2103,Nogouta-Les 3 Vallées
municipales_2020,1,,,988,98821,Païta,PAITA,0017,860,537,323,526,8,3,3,LDVC,FIJALKOWSKI,Nicolas,M,Nicolas FIJALKOWSKI,GENERATIONS NC,55,6.4,10.46,,École Robert Abel- 2,ECOLE ROBERT ABEL,0.8,Ecole Robert ABEL,,ENSEIGNEMENT ET FORMATION,Enseignement du premier degré,Ecole primaire,166.379189029935,-22.1384982889128,etablissements_publics_nc,93,2103,Nogouta-Les 3 Vallées
municipales_2020,1,,,988,98821,Païta,PAITA,0017,860,537,323,526,8,3,4,LLR,LOREE,Beniela,M,Beniela LOREE,PAITA RASSEMBLES,65,7.56,12.36,,École Robert Abel- 2,ECOLE ROBERT ABEL,0.8,Ecole Robert ABEL,,ENSEIGNEMENT ET FORMATION,Enseignement du premier degré,Ecole primaire,166.379189029935,-22.1384982889128,etablissements_publics_nc,93,2103,Nogouta-Les 3 Vallées
municipales_2020,1,,,988,98821,Païta,PAITA,0017,860,537,323,526,8,3,5,LDVD,GATUHAU,Willy,M,Willy GATUHAU,PAITA EN CONFIANCE,183,21.28,34.79,,École Robert Abel- 2,ECOLE ROBERT ABEL,0.8,Ecole Robert ABEL,,ENSEIGNEMENT ET FORMATION,Enseignement du premier degré,Ecole primaire,166.379189029935,-22.1384982889128,etablissements_publics_nc,93,2103,Nogouta-Les 3 Vallées
municipales_2020,1,,,988,98821,Païta,PAITA,0017,860,537,323,526,8,3,6,LDVC,TEHEI,Manina,F,Manina TEHEI,"PAITA AUTREMENT, une nouvelle énergie pour notre commune",37,4.3,7.03,,École Robert Abel- 2,ECOLE ROBERT ABEL,0.8,Ecole Robert ABEL,,ENSEIGNEMENT ET FORMATION,Enseignement du premier degré,Ecole primaire,166.379189029935,-22.1384982889128,etablissements_publics_nc,93,2103,Nogouta-Les 3 Vallées
municipales_2020,1,,,988,98821,Païta,PAITA,0017,860,537,323,526,8,3,7,LDIV,TUKUMULI,Milakulo,M,Milakulo TUKUMULI,L'EVEIL DE PAïTA,115,13.37,21.86,,École Robert Abel- 2,ECOLE ROBERT ABEL,0.8,Ecole Robert ABEL,,ENSEIGNEMENT ET FORMATION,Enseignement du premier degré,Ecole primaire,166.379189029935,-22.1384982889128,etablissements_publics_nc,93,2103,Nogouta-Les 3 Vallées
municipales_2020,1,,,988,98821,Païta,PAITA,0018,686,461,225,449,7,5,1,LREG,MAPOU,Louis,M,Louis MAPOU,PAITA VOTRE IDENTITE NOTRE RICHESSE,66,9.62,14.7,,Ecole James Paddon 2,ECOLE JAMES PADDON,0.8,Ecole James Paddon,,ENSEIGNEMENT ET FORMATION,Enseignement du premier degré,Ecole élémentaire,166.359353160601,-22.1337644237458,etablissements_publics_nc,91,2101,Paita centre
municipales_2020,1,,,988,98821,Païta,PAITA,0018,686,461,225,449,7,5,2,LDIV,MOTUHI,Marie Irene,F,Marie Irene MOTUHI,PAITA EN MOUVEMENT,11,1.6,2.45,,Ecole James Paddon 2,ECOLE JAMES PADDON,0.8,Ecole James Paddon,,ENSEIGNEMENT ET FORMATION,Enseignement du premier degré,Ecole élémentaire,166.359353160601,-22.1337644237458,etablissements_publics_nc,91,2101,Paita centre
municipales_2020,1,,,988,98821,Païta,PAITA,0018,686,461,225,449,7,5,3,LDVC,FIJALKOWSKI,Nicolas,M,Nicolas FIJALKOWSKI,GENERATIONS NC,31,4.52,6.9,,Ecole James Paddon 2,ECOLE JAMES PADDON,0.8,Ecole James Paddon,,ENSEIGNEMENT ET FORMATION,Enseignement du premier degré,Ecole élémentaire,166.359353160601,-22.1337644237458,etablissements_publics_nc,91,2101,Paita centre
municipales_2020,1,,,988,98821,Païta,PAITA,0018,686,461,225,449,7,5,4,LLR,LOREE,Beniela,M,Beniela LOREE,PAITA RASSEMBLES,34,4.96,7.57,,Ecole James Paddon 2,ECOLE JAMES PADDON,0.8,Ecole James Paddon,,ENSEIGNEMENT ET FORMATION,Enseignement du premier degré,Ecole élémentaire,166.359353160601,-22.1337644237458,etablissements_publics_nc,91,2101,Paita centre
municipales_2020,1,,,988,98821,Païta,PAITA,0018,686,461,225,449,7,5,5,LDVD,GATUHAU,Willy,M,Willy GATUHAU,PAITA EN CONFIANCE,151,22.01,33.63,,Ecole James Paddon 2,ECOLE JAMES PADDON,0.8,Ecole James Paddon,,ENSEIGNEMENT ET FORMATION,Enseignement du premier degré,Ecole élémentaire,166.359353160601,-22.1337644237458,etablissements_publics_nc,91,2101,Paita centre
municipales_2020,1,,,988,98821,Païta,PAITA,0018,686,461,225,449,7,5,6,LDVC,TEHEI,Manina,F,Manina TEHEI,"PAITA AUTREMENT, une nouvelle énergie pour notre commune",26,3.79,5.79,,Ecole James Paddon 2,ECOLE JAMES PADDON,0.8,Ecole James Paddon,,ENSEIGNEMENT ET FORMATION,Enseignement du premier degré,Ecole élémentaire,166.359353160601,-22.1337644237458,etablissements_publics_nc,91,2101,Paita centre
municipales_2020,1,,,988,98821,Païta,PAITA,0018,686,461,225,449,7,5,7,LDIV,TUKUMULI,Milakulo,M,Milakulo TUKUMULI,L'EVEIL DE PAïTA,130,18.95,28.95,,Ecole James Paddon 2,ECOLE JAMES PADDON,0.8,Ecole James Paddon,,ENSEIGNEMENT ET FORMATION,Enseignement du premier degré,Ecole élémentaire,166.359353160601,-22.1337644237458,etablissements_publics_nc,91,2101,Paita centre
municipales_2020,1,,,988,98821,Païta,PAITA,0019,532,280,252,266,8,6,1,LREG,MAPOU,Louis,M,Louis MAPOU,PAITA VOTRE IDENTITE NOTRE RICHESSE,26,4.89,9.77,,Ecole Jean Ounou Cottin 3,ECOLE JEAN OUNOU COTTIN,0.821,Groupe scolaire Jean Ounou COTTIN,,ENSEIGNEMENT ET FORMATION,Enseignement du premier degré,Groupe scolaire,166.265966445473,-22.0605318544913,etablissements_publics_nc,96,2106,Tamoa Bangou Saint Laurent
municipales_2020,1,,,988,98821,Païta,PAITA,0019,532,280,252,266,8,6,2,LDIV,MOTUHI,Marie Irene,F,Marie Irene MOTUHI,PAITA EN MOUVEMENT,4,0.75,1.5,,Ecole Jean Ounou Cottin 3,ECOLE JEAN OUNOU COTTIN,0.821,Groupe scolaire Jean Ounou COTTIN,,ENSEIGNEMENT ET FORMATION,Enseignement du premier degré,Groupe scolaire,166.265966445473,-22.0605318544913,etablissements_publics_nc,96,2106,Tamoa Bangou Saint Laurent
municipales_2020,1,,,988,98821,Païta,PAITA,0019,532,280,252,266,8,6,3,LDVC,FIJALKOWSKI,Nicolas,M,Nicolas FIJALKOWSKI,GENERATIONS NC,54,10.15,20.3,,Ecole Jean Ounou Cottin 3,ECOLE JEAN OUNOU COTTIN,0.821,Groupe scolaire Jean Ounou COTTIN,,ENSEIGNEMENT ET FORMATION,Enseignement du premier degré,Groupe scolaire,166.265966445473,-22.0605318544913,etablissements_publics_nc,96,2106,Tamoa Bangou Saint Laurent
municipales_2020,1,,,988,98821,Païta,PAITA,0019,532,280,252,266,8,6,4,LLR,LOREE,Beniela,M,Beniela LOREE,PAITA RASSEMBLES,17,3.2,6.39,,Ecole Jean Ounou Cottin 3,ECOLE JEAN OUNOU COTTIN,0.821,Groupe scolaire Jean Ounou COTTIN,,ENSEIGNEMENT ET FORMATION,Enseignement du premier degré,Groupe scolaire,166.265966445473,-22.0605318544913,etablissements_publics_nc,96,2106,Tamoa Bangou Saint Laurent
municipales_2020,1,,,988,98821,Païta,PAITA,0019,532,280,252,266,8,6,5,LDVD,GATUHAU,Willy,M,Willy GATUHAU,PAITA EN CONFIANCE,119,22.37,44.74,,Ecole Jean Ounou Cottin 3,ECOLE JEAN OUNOU COTTIN,0.821,Groupe scolaire Jean Ounou COTTIN,,ENSEIGNEMENT ET FORMATION,Enseignement du premier degré,Groupe scolaire,166.265966445473,-22.0605318544913,etablissements_publics_nc,96,2106,Tamoa Bangou Saint Laurent
municipales_2020,1,,,988,98821,Païta,PAITA,0019,532,280,252,266,8,6,6,LDVC,TEHEI,Manina,F,Manina TEHEI,"PAITA AUTREMENT, une nouvelle énergie pour notre commune",22,4.14,8.27,,Ecole Jean Ounou Cottin 3,ECOLE JEAN OUNOU COTTIN,0.821,Groupe scolaire Jean Ounou COTTIN,,ENSEIGNEMENT ET FORMATION,Enseignement du premier degré,Groupe scolaire,166.265966445473,-22.0605318544913,etablissements_publics_nc,96,2106,Tamoa Bangou Saint Laurent
municipales_2020,1,,,988,98821,Païta,PAITA,0019,532,280,252,266,8,6,7,LDIV,TUKUMULI,Milakulo,M,Milakulo TUKUMULI,L'EVEIL DE PAïTA,24,4.51,9.02,,Ecole Jean Ounou Cottin 3,ECOLE JEAN OUNOU COTTIN,0.821,Groupe scolaire Jean Ounou COTTIN,,ENSEIGNEMENT ET FORMATION,Enseignement du premier degré,Groupe scolaire,166.265966445473,-22.0605318544913,etablissements_publics_nc,96,2106,Tamoa Bangou Saint Laurent
municipales_2020,1,,,988,98822,Poindimié,POINDIMIE,0001,1262,685,577,670,9,6,1,LDVG,NEAOUTYINE,Paul Tyaou,M,Paul Tyaou NEAOUTYINE,UNION NATIONALE POUR L'INDEPENDANCE,209,16.56,31.19,,Mairie,MAIRIE,0.7,POINDIMIE,Poindimié,LIEU_DIT_NC,VILLE,Pwêêdi Wiimiâ,165.33315827223544,-20.938215187057807,tribus_villages_nc,102,2201,Poindimié village
municipales_2020,1,,,988,98822,Poindimié,POINDIMIE,0001,1262,685,577,670,9,6,2,LDVC,TOUMIDOU,Christian,M,Christian TOUMIDOU,"POINDIMIE, OSONS LE CHANGEMENT",336,26.62,50.15,,Mairie,MAIRIE,0.7,POINDIMIE,Poindimié,LIEU_DIT_NC,VILLE,Pwêêdi Wiimiâ,165.33315827223544,-20.938215187057807,tribus_villages_nc,102,2201,Poindimié village
municipales_2020,1,,,988,98822,Poindimié,POINDIMIE,0001,1262,685,577,670,9,6,3,LREG,POIDYALIWANE,"Didier, Kaehene",M,"Didier, Kaehene POIDYALIWANE",UC AVEC LES CITOYENS DE PWËËDI WIIMIÂ,125,9.9,18.66,,Mairie,MAIRIE,0.7,POINDIMIE,Poindimié,LIEU_DIT_NC,VILLE,Pwêêdi Wiimiâ,165.33315827223544,-20.938215187057807,tribus_villages_nc,102,2201,Poindimié village
municipales_2020,1,,,988,98822,Poindimié,POINDIMIE,0002,510,312,198,301,4,7,1,LDVG,NEAOUTYINE,Paul Tyaou,M,Paul Tyaou NEAOUTYINE,UNION NATIONALE POUR L'INDEPENDANCE,163,31.96,54.15,,Ouindo,OUINDO,1,Ouindo,Poindimié,LIEU_DIT_NC,TRIBU,Wiidö,165.39928663560227,-20.98624503490911,tribus_villages_nc,104,2204,Tibarama - Bayes - Ouindo - Ometteux - Napoém
municipales_2020,1,,,988,98822,Poindimié,POINDIMIE,0002,510,312,198,301,4,7,2,LDVC,TOUMIDOU,Christian,M,Christian TOUMIDOU,"POINDIMIE, OSONS LE CHANGEMENT",31,6.08,10.3,,Ouindo,OUINDO,1,Ouindo,Poindimié,LIEU_DIT_NC,TRIBU,Wiidö,165.39928663560227,-20.98624503490911,tribus_villages_nc,104,2204,Tibarama - Bayes - Ouindo - Ometteux - Napoém
municipales_2020,1,,,988,98822,Poindimié,POINDIMIE,0002,510,312,198,301,4,7,3,LREG,POIDYALIWANE,"Didier, Kaehene",M,"Didier, Kaehene POIDYALIWANE",UC AVEC LES CITOYENS DE PWËËDI WIIMIÂ,107,20.98,35.55,,Ouindo,OUINDO,1,Ouindo,Poindimié,LIEU_DIT_NC,TRIBU,Wiidö,165.39928663560227,-20.98624503490911,tribus_villages_nc,104,2204,Tibarama - Bayes - Ouindo - Ometteux - Napoém
municipales_2020,1,,,988,98822,Poindimié,POINDIMIE,0003,569,327,242,322,3,2,1,LDVG,NEAOUTYINE,Paul Tyaou,M,Paul Tyaou NEAOUTYINE,UNION NATIONALE POUR L'INDEPENDANCE,207,36.38,64.29,,Bayes,BAYES,1,Bayes,Poindimié,LIEU_DIT_NC,TRIBU,Nägèè,165.41027144991733,-20.95108534474138,tribus_villages_nc,104,2204,Tibarama - Bayes - Ouindo - Ometteux - Napoém
municipales_2020,1,,,988,98822,Poindimié,POINDIMIE,0003,569,327,242,322,3,2,2,LDVC,TOUMIDOU,Christian,M,Christian TOUMIDOU,"POINDIMIE, OSONS LE CHANGEMENT",71,12.48,22.05,,Bayes,BAYES,1,Bayes,Poindimié,LIEU_DIT_NC,TRIBU,Nägèè,165.41027144991733,-20.95108534474138,tribus_villages_nc,104,2204,Tibarama - Bayes - Ouindo - Ometteux - Napoém
municipales_2020,1,,,988,98822,Poindimié,POINDIMIE,0003,569,327,242,322,3,2,3,LREG,POIDYALIWANE,"Didier, Kaehene",M,"Didier, Kaehene POIDYALIWANE",UC AVEC LES CITOYENS DE PWËËDI WIIMIÂ,44,7.73,13.66,,Bayes,BAYES,1,Bayes,Poindimié,LIEU_DIT_NC,TRIBU,Nägèè,165.41027144991733,-20.95108534474138,tribus_villages_nc,104,2204,Tibarama - Bayes - Ouindo - Ometteux - Napoém
municipales_2020,1,,,988,98822,Poindimié,POINDIMIE,0004,493,328,165,326,0,2,1,LDVG,NEAOUTYINE,Paul Tyaou,M,Paul Tyaou NEAOUTYINE,UNION NATIONALE POUR L'INDEPENDANCE,238,48.28,73.01,,Amoa,AMOA,0.667,Paama,Poindimié,LIEU_DIT_NC,TRIBU,Na ara pô,165.39810099674145,-20.94109090560688,tribus_villages_nc,104,2204,Tibarama - Bayes - Ouindo - Ometteux - Napoém
municipales_2020,1,,,988,98822,Poindimié,POINDIMIE,0004,493,328,165,326,0,2,2,LDVC,TOUMIDOU,Christian,M,Christian TOUMIDOU,"POINDIMIE, OSONS LE CHANGEMENT",34,6.9,10.43,,Amoa,AMOA,0.667,Paama,Poindimié,LIEU_DIT_NC,TRIBU,Na ara pô,165.39810099674145,-20.94109090560688,tribus_villages_nc,104,2204,Tibarama - Bayes - Ouindo - Ometteux - Napoém
municipales_2020,1,,,988,98822,Poindimié,POINDIMIE,0004,493,328,165,326,0,2,3,LREG,POIDYALIWANE,"Didier, Kaehene",M,"Didier, Kaehene POIDYALIWANE",UC AVEC LES CITOYENS DE PWËËDI WIIMIÂ,54,10.95,16.56,,Amoa,AMOA,0.667,Paama,Poindimié,LIEU_DIT_NC,TRIBU,Na ara pô,165.39810099674145,-20.94109090560688,tribus_villages_nc,104,2204,Tibarama - Bayes - Ouindo - Ometteux - Napoém
municipales_2020,1,,,988,98822,Poindimié,POINDIMIE,0005,560,393,167,386,3,4,1,LDVG,NEAOUTYINE,Paul Tyaou,M,Paul Tyaou NEAOUTYINE,UNION NATIONALE POUR L'INDEPENDANCE,200,35.71,51.81,,Tyé,TYE,1,Tié,Poindimié,LIEU_DIT_NC,TRIBU,Cié,165.2980420173767,-20.900766814763863,tribus_villages_nc,103,2202,Tiéti - Tyé
municipales_2020,1,,,988,98822,Poindimié,POINDIMIE,0005,560,393,167,386,3,4,2,LDVC,TOUMIDOU,Christian,M,Christian TOUMIDOU,"POINDIMIE, OSONS LE CHANGEMENT",38,6.79,9.84,,Tyé,TYE,1,Tié,Poindimié,LIEU_DIT_NC,TRIBU,Cié,165.2980420173767,-20.900766814763863,tribus_villages_nc,103,2202,Tiéti - Tyé
municipales_2020,1,,,988,98822,Poindimié,POINDIMIE,0005,560,393,167,386,3,4,3,LREG,POIDYALIWANE,"Didier, Kaehene",M,"Didier, Kaehene POIDYALIWANE",UC AVEC LES CITOYENS DE PWËËDI WIIMIÂ,148,26.43,38.34,,Tyé,TYE,1,Tié,Poindimié,LIEU_DIT_NC,TRIBU,Cié,165.2980420173767,-20.900766814763863,tribus_villages_nc,103,2202,Tiéti - Tyé
municipales_2020,1,,,988,98822,Poindimié,POINDIMIE,0006,330,229,101,228,1,0,1,LDVG,NEAOUTYINE,Paul Tyaou,M,Paul Tyaou NEAOUTYINE,UNION NATIONALE POUR L'INDEPENDANCE,33,10,14.47,,Tiwaka,TIWAKA,1,Tiwaka,Poindimié,LIEU_DIT_NC,TRIBU,,165.22299948568272,-20.895132063083377,tribus_villages_nc,103,2202,Tiéti - Tyé
municipales_2020,1,,,988,98822,Poindimié,POINDIMIE,0006,330,229,101,228,1,0,2,LDVC,TOUMIDOU,Christian,M,Christian TOUMIDOU,"POINDIMIE, OSONS LE CHANGEMENT",17,5.15,7.46,,Tiwaka,TIWAKA,1,Tiwaka,Poindimié,LIEU_DIT_NC,TRIBU,,165.22299948568272,-20.895132063083377,tribus_villages_nc,103,2202,Tiéti - Tyé
municipales_2020,1,,,988,98822,Poindimié,POINDIMIE,0006,330,229,101,228,1,0,3,LREG,POIDYALIWANE,"Didier, Kaehene",M,"Didier, Kaehene POIDYALIWANE",UC AVEC LES CITOYENS DE PWËËDI WIIMIÂ,178,53.94,78.07,,Tiwaka,TIWAKA,1,Tiwaka,Poindimié,LIEU_DIT_NC,TRIBU,,165.22299948568272,-20.895132063083377,tribus_villages_nc,103,2202,Tiéti - Tyé
municipales_2020,1,,,988,98822,Poindimié,POINDIMIE,0007,560,368,192,360,2,6,1,LDVG,NEAOUTYINE,Paul Tyaou,M,Paul Tyaou NEAOUTYINE,UNION NATIONALE POUR L'INDEPENDANCE,224,40,62.22,,Tiéti,TIETI,1,Tiéti,Poindimié,LIEU_DIT_NC,TRIBU,Näcètii,165.31101622324238,-20.919563042768107,tribus_villages_nc,103,2202,Tiéti - Tyé
municipales_2020,1,,,988,98822,Poindimié,POINDIMIE,0007,560,368,192,360,2,6,2,LDVC,TOUMIDOU,Christian,M,Christian TOUMIDOU,"POINDIMIE, OSONS LE CHANGEMENT",79,14.11,21.94,,Tiéti,TIETI,1,Tiéti,Poindimié,LIEU_DIT_NC,TRIBU,Näcètii,165.31101622324238,-20.919563042768107,tribus_villages_nc,103,2202,Tiéti - Tyé
municipales_2020,1,,,988,98822,Poindimié,POINDIMIE,0007,560,368,192,360,2,6,3,LREG,POIDYALIWANE,"Didier, Kaehene",M,"Didier, Kaehene POIDYALIWANE",UC AVEC LES CITOYENS DE PWËËDI WIIMIÂ,57,10.18,15.83,,Tiéti,TIETI,1,Tiéti,Poindimié,LIEU_DIT_NC,TRIBU,Näcètii,165.31101622324238,-20.919563042768107,tribus_villages_nc,103,2202,Tiéti - Tyé
municipales_2020,1,,,988,98823,Ponérihouen,PONERIHOUEN,0001,497,334,163,312,8,14,1,LNC,TUTUGORO,Pierre Chanel,M,Pierre Chanel TUTUGORO,"UC PALIKA ""pour une commune solidaire et dynamique""...",135,27.16,43.27,,Mairie,MAIRIE,0.7,PONERIHOUEN,Ponérihouen,LIEU_DIT_NC,VILLE,Pwäräiriwä,165.40196429415164,-21.070938768181968,tribus_villages_nc,106,2302,Ponérihouen village
municipales_2020,1,,,988,98823,Ponérihouen,PONERIHOUEN,0001,497,334,163,312,8,14,2,LNC,NAAOUTCHOUE,Athanase Poindi,M,Athanase Poindi NAAOUTCHOUE,UNION NATIONALE POUR L'INDEPENDANCE PWARAIRIWA,177,35.61,56.73,,Mairie,MAIRIE,0.7,PONERIHOUEN,Ponérihouen,LIEU_DIT_NC,VILLE,Pwäräiriwä,165.40196429415164,-21.070938768181968,tribus_villages_nc,106,2302,Ponérihouen village
municipales_2020,1,,,988,98823,Ponérihouen,PONERIHOUEN,0002,455,278,177,273,2,3,1,LNC,TUTUGORO,Pierre Chanel,M,Pierre Chanel TUTUGORO,"UC PALIKA ""pour une commune solidaire et dynamique""...",135,29.67,49.45,,Monéo,MONEO,1,Monéo,Ponérihouen,LIEU_DIT_NC,TRIBU,Kwéaa,165.47846310724432,-21.150451617013218,tribus_villages_nc,106,2302,Ponérihouen village
municipales_2020,1,,,988,98823,Ponérihouen,PONERIHOUEN,0002,455,278,177,273,2,3,2,LNC,NAAOUTCHOUE,Athanase Poindi,M,Athanase Poindi NAAOUTCHOUE,UNION NATIONALE POUR L'INDEPENDANCE PWARAIRIWA,138,30.33,50.55,,Monéo,MONEO,1,Monéo,Ponérihouen,LIEU_DIT_NC,TRIBU,Kwéaa,165.47846310724432,-21.150451617013218,tribus_villages_nc,106,2302,Ponérihouen village
municipales_2020,1,,,988,98823,Ponérihouen,PONERIHOUEN,0003,320,233,87,230,1,2,1,LNC,TUTUGORO,Pierre Chanel,M,Pierre Chanel TUTUGORO,"UC PALIKA ""pour une commune solidaire et dynamique""...",130,40.63,56.52,,Tchamba,TCHAMBA,1,Tchamba,Ponérihouen,LIEU_DIT_NC,TRIBU,(Câba),165.2930233618618,-21.038585818858223,tribus_villages_nc,107,2303,Goyetta - Goa - Nébouéba - St Yves
municipales_2020,1,,,988,98823,Ponérihouen,PONERIHOUEN,0003,320,233,87,230,1,2,2,LNC,NAAOUTCHOUE,Athanase Poindi,M,Athanase Poindi NAAOUTCHOUE,UNION NATIONALE POUR L'INDEPENDANCE PWARAIRIWA,100,31.25,43.48,,Tchamba,TCHAMBA,1,Tchamba,Ponérihouen,LIEU_DIT_NC,TRIBU,(Câba),165.2930233618618,-21.038585818858223,tribus_villages_nc,107,2303,Goyetta - Goa - Nébouéba - St Yves
municipales_2020,1,,,988,98823,Ponérihouen,PONERIHOUEN,0004,398,299,99,294,2,3,1,LNC,TUTUGORO,Pierre Chanel,M,Pierre Chanel TUTUGORO,"UC PALIKA ""pour une commune solidaire et dynamique""...",196,49.25,66.67,,Goa (maison commune),GOA MAISON COMMUNE,0.95,Goa,Ponérihouen,LIEU_DIT_NC,TRIBU,Göröwâméadù,165.30971500397104,-21.10629747908845,tribus_villages_nc,107,2303,Goyetta - Goa - Nébouéba - St Yves
municipales_2020,1,,,988,98823,Ponérihouen,PONERIHOUEN,0004,398,299,99,294,2,3,2,LNC,NAAOUTCHOUE,Athanase Poindi,M,Athanase Poindi NAAOUTCHOUE,UNION NATIONALE POUR L'INDEPENDANCE PWARAIRIWA,98,24.62,33.33,,Goa (maison commune),GOA MAISON COMMUNE,0.95,Goa,Ponérihouen,LIEU_DIT_NC,TRIBU,Göröwâméadù,165.30971500397104,-21.10629747908845,tribus_villages_nc,107,2303,Goyetta - Goa - Nébouéba - St Yves
municipales_2020,1,,,988,98823,Ponérihouen,PONERIHOUEN,0005,504,369,135,363,2,4,1,LNC,TUTUGORO,Pierre Chanel,M,Pierre Chanel TUTUGORO,"UC PALIKA ""pour une commune solidaire et dynamique""...",161,31.94,44.35,,Grondu (maison commune),GRONDU MAISON COMMUNE,0.95,Grondu,Ponérihouen,LIEU_DIT_NC,TRIBU,Göröidù,165.38976794045686,-21.076609909810266,tribus_villages_nc,106,2302,Ponérihouen village
municipales_2020,1,,,988,98823,Ponérihouen,PONERIHOUEN,0005,504,369,135,363,2,4,2,LNC,NAAOUTCHOUE,Athanase Poindi,M,Athanase Poindi NAAOUTCHOUE,UNION NATIONALE POUR L'INDEPENDANCE PWARAIRIWA,202,40.08,55.65,,Grondu (maison commune),GRONDU MAISON COMMUNE,0.95,Grondu,Ponérihouen,LIEU_DIT_NC,TRIBU,Göröidù,165.38976794045686,-21.076609909810266,tribus_villages_nc,106,2302,Ponérihouen village
municipales_2020,1,,,988,98823,Ponérihouen,PONERIHOUEN,0006,170,111,59,109,1,1,1,LNC,TUTUGORO,Pierre Chanel,M,Pierre Chanel TUTUGORO,"UC PALIKA ""pour une commune solidaire et dynamique""...",33,19.41,30.28,,Mou (chefferie),MOU CHEFFERIE,0.95,Mou,Ponérihouen,LIEU_DIT_NC,TRIBU,Aupatöriba,165.44259083569398,-21.09696482410325,tribus_villages_nc,106,2302,Ponérihouen village
municipales_2020,1,,,988,98823,Ponérihouen,PONERIHOUEN,0006,170,111,59,109,1,1,2,LNC,NAAOUTCHOUE,Athanase Poindi,M,Athanase Poindi NAAOUTCHOUE,UNION NATIONALE POUR L'INDEPENDANCE PWARAIRIWA,76,44.71,69.72,,Mou (chefferie),MOU CHEFFERIE,0.95,Mou,Ponérihouen,LIEU_DIT_NC,TRIBU,Aupatöriba,165.44259083569398,-21.09696482410325,tribus_villages_nc,106,2302,Ponérihouen village
municipales_2020,1,,,988,98823,Ponérihouen,PONERIHOUEN,0007,331,234,97,229,1,4,1,LNC,TUTUGORO,Pierre Chanel,M,Pierre Chanel TUTUGORO,"UC PALIKA ""pour une commune solidaire et dynamique""...",143,43.2,62.45,,Goyetta Commune de POUEBO,GOYETTA COMMUNE POUEBO,0.95,Pöö,Ponérihouen,LIEU_DIT_NC,TRIBU,Pwënîrî wâdé,165.38150315716302,-21.17209523739158,tribus_villages_nc,106,2302,Ponérihouen village
municipales_2020,1,,,988,98823,Ponérihouen,PONERIHOUEN,0007,331,234,97,229,1,4,2,LNC,NAAOUTCHOUE,Athanase Poindi,M,Athanase Poindi NAAOUTCHOUE,UNION NATIONALE POUR L'INDEPENDANCE PWARAIRIWA,86,25.98,37.55,,Goyetta Commune de POUEBO,GOYETTA COMMUNE POUEBO,0.95,Pöö,Ponérihouen,LIEU_DIT_NC,TRIBU,Pwënîrî wâdé,165.38150315716302,-21.17209523739158,tribus_villages_nc,106,2302,Ponérihouen village
municipales_2020,1,,,988,98824,Pouébo,POUEBO,0001,758,413,345,402,3,8,1,LNC,DALAP,Jean-Baptiste,M,Jean-Baptiste DALAP,ENTENTE COMMUNALE POUR LE CHANGEMENT,149,19.66,37.06,,Mairie,MAIRIE,0.7,POUEBO,Pouébo,LIEU_DIT_NC,VILLE,,164.5872015210802,-20.399273159074973,tribus_villages_nc,109,2401,Pouébo village - St Ferdinand - St Louis
municipales_2020,1,,,988,98824,Pouébo,POUEBO,0001,758,413,345,402,3,8,2,LNC,PIDJO,Higine,M,Higine PIDJO,WEDO HI OWA,22,2.9,5.47,,Mairie,MAIRIE,0.7,POUEBO,Pouébo,LIEU_DIT_NC,VILLE,,164.5872015210802,-20.399273159074973,tribus_villages_nc,109,2401,Pouébo village - St Ferdinand - St Louis
municipales_2020,1,,,988,98824,Pouébo,POUEBO,0001,758,413,345,402,3,8,3,LNC,DEDANE,Florentin,M,Florentin DEDANE,Union calédonienne Pouébo,159,20.98,39.55,,Mairie,MAIRIE,0.7,POUEBO,Pouébo,LIEU_DIT_NC,VILLE,,164.5872015210802,-20.399273159074973,tribus_villages_nc,109,2401,Pouébo village - St Ferdinand - St Louis
municipales_2020,1,,,988,98824,Pouébo,POUEBO,0001,758,413,345,402,3,8,4,LNC,TIAVOUANE,Rodrigue,M,Rodrigue TIAVOUANE,PWEEVO UNI,72,9.5,17.91,,Mairie,MAIRIE,0.7,POUEBO,Pouébo,LIEU_DIT_NC,VILLE,,164.5872015210802,-20.399273159074973,tribus_villages_nc,109,2401,Pouébo village - St Ferdinand - St Louis
municipales_2020,1,,,988,98824,Pouébo,POUEBO,0002,559,293,266,289,2,2,1,LNC,DALAP,Jean-Baptiste,M,Jean-Baptiste DALAP,ENTENTE COMMUNALE POUR LE CHANGEMENT,58,10.38,20.07,,Saint Denis Ballade,SAINT DENIS BALLADE,0.973,St Denis,Pouébo,LIEU_DIT_NC,TRIBU,,164.49963895578423,-20.310000557096696,tribus_villages_nc,109,2401,Pouébo village - St Ferdinand - St Louis
municipales_2020,1,,,988,98824,Pouébo,POUEBO,0002,559,293,266,289,2,2,2,LNC,PIDJO,Higine,M,Higine PIDJO,WEDO HI OWA,23,4.11,7.96,,Saint Denis Ballade,SAINT DENIS BALLADE,0.973,St Denis,Pouébo,LIEU_DIT_NC,TRIBU,,164.49963895578423,-20.310000557096696,tribus_villages_nc,109,2401,Pouébo village - St Ferdinand - St Louis
municipales_2020,1,,,988,98824,Pouébo,POUEBO,0002,559,293,266,289,2,2,3,LNC,DEDANE,Florentin,M,Florentin DEDANE,Union calédonienne Pouébo,119,21.29,41.18,,Saint Denis Ballade,SAINT DENIS BALLADE,0.973,St Denis,Pouébo,LIEU_DIT_NC,TRIBU,,164.49963895578423,-20.310000557096696,tribus_villages_nc,109,2401,Pouébo village - St Ferdinand - St Louis
municipales_2020,1,,,988,98824,Pouébo,POUEBO,0002,559,293,266,289,2,2,4,LNC,TIAVOUANE,Rodrigue,M,Rodrigue TIAVOUANE,PWEEVO UNI,89,15.92,30.8,,Saint Denis Ballade,SAINT DENIS BALLADE,0.973,St Denis,Pouébo,LIEU_DIT_NC,TRIBU,,164.49963895578423,-20.310000557096696,tribus_villages_nc,109,2401,Pouébo village - St Ferdinand - St Louis
municipales_2020,1,,,988,98824,Pouébo,POUEBO,0003,405,223,182,222,0,1,1,LNC,DALAP,Jean-Baptiste,M,Jean-Baptiste DALAP,ENTENTE COMMUNALE POUR LE CHANGEMENT,68,16.79,30.63,,Yambé,YAMBE,1,Yambé,Pouébo,LIEU_DIT_NC,TRIBU,Yabé,164.658766232452,-20.439464504971355,tribus_villages_nc,110,2402,Tchamboéne - Diahoué - Colnett
municipales_2020,1,,,988,98824,Pouébo,POUEBO,0003,405,223,182,222,0,1,2,LNC,PIDJO,Higine,M,Higine PIDJO,WEDO HI OWA,61,15.06,27.48,,Yambé,YAMBE,1,Yambé,Pouébo,LIEU_DIT_NC,TRIBU,Yabé,164.658766232452,-20.439464504971355,tribus_villages_nc,110,2402,Tchamboéne - Diahoué - Colnett
municipales_2020,1,,,988,98824,Pouébo,POUEBO,0003,405,223,182,222,0,1,3,LNC,DEDANE,Florentin,M,Florentin DEDANE,Union calédonienne Pouébo,39,9.63,17.57,,Yambé,YAMBE,1,Yambé,Pouébo,LIEU_DIT_NC,TRIBU,Yabé,164.658766232452,-20.439464504971355,tribus_villages_nc,110,2402,Tchamboéne - Diahoué - Colnett
municipales_2020,1,,,988,98824,Pouébo,POUEBO,0003,405,223,182,222,0,1,4,LNC,TIAVOUANE,Rodrigue,M,Rodrigue TIAVOUANE,PWEEVO UNI,54,13.33,24.32,,Yambé,YAMBE,1,Yambé,Pouébo,LIEU_DIT_NC,TRIBU,Yabé,164.658766232452,-20.439464504971355,tribus_villages_nc,110,2402,Tchamboéne - Diahoué - Colnett
municipales_2020,1,,,988,98824,Pouébo,POUEBO,0004,556,318,238,315,2,1,1,LNC,DALAP,Jean-Baptiste,M,Jean-Baptiste DALAP,ENTENTE COMMUNALE POUR LE CHANGEMENT,45,8.09,14.29,,Saint-Louis,SAINT LOUIS,1,St Louis,Pouébo,LIEU_DIT_NC,TRIBU,,164.56475883280652,-20.370617010719258,tribus_villages_nc,109,2401,Pouébo village - St Ferdinand - St Louis
municipales_2020,1,,,988,98824,Pouébo,POUEBO,0004,556,318,238,315,2,1,2,LNC,PIDJO,Higine,M,Higine PIDJO,WEDO HI OWA,81,14.57,25.71,,Saint-Louis,SAINT LOUIS,1,St Louis,Pouébo,LIEU_DIT_NC,TRIBU,,164.56475883280652,-20.370617010719258,tribus_villages_nc,109,2401,Pouébo village - St Ferdinand - St Louis
municipales_2020,1,,,988,98824,Pouébo,POUEBO,0004,556,318,238,315,2,1,3,LNC,DEDANE,Florentin,M,Florentin DEDANE,Union calédonienne Pouébo,80,14.39,25.4,,Saint-Louis,SAINT LOUIS,1,St Louis,Pouébo,LIEU_DIT_NC,TRIBU,,164.56475883280652,-20.370617010719258,tribus_villages_nc,109,2401,Pouébo village - St Ferdinand - St Louis
municipales_2020,1,,,988,98824,Pouébo,POUEBO,0004,556,318,238,315,2,1,4,LNC,TIAVOUANE,Rodrigue,M,Rodrigue TIAVOUANE,PWEEVO UNI,109,19.6,34.6,,Saint-Louis,SAINT LOUIS,1,St Louis,Pouébo,LIEU_DIT_NC,TRIBU,,164.56475883280652,-20.370617010719258,tribus_villages_nc,109,2401,Pouébo village - St Ferdinand - St Louis
municipales_2020,1,,,988,98824,Pouébo,POUEBO,0005,122,44,78,44,0,0,1,LNC,DALAP,Jean-Baptiste,M,Jean-Baptiste DALAP,ENTENTE COMMUNALE POUR LE CHANGEMENT,23,18.85,52.27,,Colnett - maison commune,COLNETT MAISON COMMUNE,0.95,Colnett,Pouébo,LIEU_DIT_NC,TRIBU,,164.73002659765442,-20.4756971674156,tribus_villages_nc,110,2402,Tchamboéne - Diahoué - Colnett
municipales_2020,1,,,988,98824,Pouébo,POUEBO,0005,122,44,78,44,0,0,2,LNC,PIDJO,Higine,M,Higine PIDJO,WEDO HI OWA,12,9.84,27.27,,Colnett - maison commune,COLNETT MAISON COMMUNE,0.95,Colnett,Pouébo,LIEU_DIT_NC,TRIBU,,164.73002659765442,-20.4756971674156,tribus_villages_nc,110,2402,Tchamboéne - Diahoué - Colnett
municipales_2020,1,,,988,98824,Pouébo,POUEBO,0005,122,44,78,44,0,0,3,LNC,DEDANE,Florentin,M,Florentin DEDANE,Union calédonienne Pouébo,7,5.74,15.91,,Colnett - maison commune,COLNETT MAISON COMMUNE,0.95,Colnett,Pouébo,LIEU_DIT_NC,TRIBU,,164.73002659765442,-20.4756971674156,tribus_villages_nc,110,2402,Tchamboéne - Diahoué - Colnett
municipales_2020,1,,,988,98824,Pouébo,POUEBO,0005,122,44,78,44,0,0,4,LNC,TIAVOUANE,Rodrigue,M,Rodrigue TIAVOUANE,PWEEVO UNI,2,1.64,4.55,,Colnett - maison commune,COLNETT MAISON COMMUNE,0.95,Colnett,Pouébo,LIEU_DIT_NC,TRIBU,,164.73002659765442,-20.4756971674156,tribus_villages_nc,110,2402,Tchamboéne - Diahoué - Colnett
municipales_2020,1,,,988,98825,Pouembout,POUEMBOUT,0001,1410,926,484,886,23,17,1,LNC,NAOUNA,Jean Doui,M,Jean Doui NAOUNA,ENSEMBLE POUR UN DESTIN COMMUN,345,24.47,38.94,,Mairie,MAIRIE,0.98,Mairie de Pouembout,302 AVENUE DE POUEMBOUT,ADMINISTRATION ET ORGANISME,Administrations des collectivités,Administration de la commune de Pouembout,164.901099514933,-21.1214333298182,etablissements_publics_nc,112,2501,Pouembout village
municipales_2020,1,,,988,98825,Pouembout,POUEMBOUT,0001,1410,926,484,886,23,17,2,LNC,PERALDI,Yann,M,Yann PERALDI,MOUVEMENT CITOYEN,541,38.37,61.06,,Mairie,MAIRIE,0.98,Mairie de Pouembout,302 AVENUE DE POUEMBOUT,ADMINISTRATION ET ORGANISME,Administrations des collectivités,Administration de la commune de Pouembout,164.901099514933,-21.1214333298182,etablissements_publics_nc,112,2501,Pouembout village
municipales_2020,1,,,988,98825,Pouembout,POUEMBOUT,0002,163,133,30,126,2,5,1,LNC,NAOUNA,Jean Doui,M,Jean Doui NAOUNA,ENSEMBLE POUR UN DESTIN COMMUN,86,52.76,68.25,,Paouta,PAOUTA,0.93,Maison commune de Paouta,,CULTUREL ET SOCIO EDUCATIF,Equipements socio-éducatifs et socio-culturels,Maison de jeune et maison de quartier,165.004824198459,-21.061258041708,etablissements_publics_nc,113,2503,Pinda - Ouaté - Kopéto
municipales_2020,1,,,988,98825,Pouembout,POUEMBOUT,0002,163,133,30,126,2,5,2,LNC,PERALDI,Yann,M,Yann PERALDI,MOUVEMENT CITOYEN,40,24.54,31.75,,Paouta,PAOUTA,0.93,Maison commune de Paouta,,CULTUREL ET SOCIO EDUCATIF,Equipements socio-éducatifs et socio-culturels,Maison de jeune et maison de quartier,165.004824198459,-21.061258041708,etablissements_publics_nc,113,2503,Pinda - Ouaté - Kopéto
municipales_2020,1,,,988,98825,Pouembout,POUEMBOUT,0003,138,101,37,98,1,2,1,LNC,NAOUNA,Jean Doui,M,Jean Doui NAOUNA,ENSEMBLE POUR UN DESTIN COMMUN,98,71.01,100,,,,0.99,Ouate,Pouembout,LIEU_DIT_NC,TRIBU,Wete,165.125775830839,-21.1850509030541,tribus_villages_nc_manual,,,
municipales_2020,1,,,988,98825,Pouembout,POUEMBOUT,0003,138,101,37,98,1,2,2,LNC,PERALDI,Yann,M,Yann PERALDI,MOUVEMENT CITOYEN,0,0,0,,,,0.99,Ouate,Pouembout,LIEU_DIT_NC,TRIBU,Wete,165.125775830839,-21.1850509030541,tribus_villages_nc_manual,,,
municipales_2020,1,,,988,98826,Poum,POUM,0001,644,428,216,425,1,2,1,LNC,TIDJINE,Marc,M,Marc TIDJINE,S'UNIR POUR DEMAIN,102,15.84,24,,Mairie,MAIRIE,0.7,POUM,Poum,LIEU_DIT_NC,VILLE,,164.02565823453438,-20.232335490929035,tribus_villages_nc,114,2601,Poum du village - Poingam
municipales_2020,1,,,988,98826,Poum,POUM,0001,644,428,216,425,1,2,2,LNC,TIDJINE EP HMAE,Henriette,F,Henriette TIDJINE EP HMAE,UNION CITOYENNE,143,22.2,33.65,,Mairie,MAIRIE,0.7,POUM,Poum,LIEU_DIT_NC,VILLE,,164.02565823453438,-20.232335490929035,tribus_villages_nc,114,2601,Poum du village - Poingam
municipales_2020,1,,,988,98826,Poum,POUM,0001,644,428,216,425,1,2,3,LNC,DAHOTE,Ezeckiel,M,Ezeckiel DAHOTE,POUM AUTREMENT,180,27.95,42.35,,Mairie,MAIRIE,0.7,POUM,Poum,LIEU_DIT_NC,VILLE,,164.02565823453438,-20.232335490929035,tribus_villages_nc,114,2601,Poum du village - Poingam
municipales_2020,1,,,988,98826,Poum,POUM,0002,416,307,109,307,0,0,1,LNC,TIDJINE,Marc,M,Marc TIDJINE,S'UNIR POUR DEMAIN,53,12.74,17.26,,Tiabet,TIABET,1,Tiabet,Poum,LIEU_DIT_NC,TRIBU,Cavet,164.0259384508845,-20.127138518272172,tribus_villages_nc,114,2601,Poum du village - Poingam
municipales_2020,1,,,988,98826,Poum,POUM,0002,416,307,109,307,0,0,2,LNC,TIDJINE EP HMAE,Henriette,F,Henriette TIDJINE EP HMAE,UNION CITOYENNE,134,32.21,43.65,,Tiabet,TIABET,1,Tiabet,Poum,LIEU_DIT_NC,TRIBU,Cavet,164.0259384508845,-20.127138518272172,tribus_villages_nc,114,2601,Poum du village - Poingam
municipales_2020,1,,,988,98826,Poum,POUM,0002,416,307,109,307,0,0,3,LNC,DAHOTE,Ezeckiel,M,Ezeckiel DAHOTE,POUM AUTREMENT,120,28.85,39.09,,Tiabet,TIABET,1,Tiabet,Poum,LIEU_DIT_NC,TRIBU,Cavet,164.0259384508845,-20.127138518272172,tribus_villages_nc,114,2601,Poum du village - Poingam
municipales_2020,1,,,988,98826,Poum,POUM,0003,392,279,113,278,1,0,1,LNC,TIDJINE,Marc,M,Marc TIDJINE,S'UNIR POUR DEMAIN,75,19.13,26.98,,École catholique d’Arama,ECOLE CATHOLIQUE D ARAMA,0.95,Arama,Poum,LIEU_DIT_NC,LDH,Aramwâ,164.20258021961365,-20.252916819670393,tribus_villages_nc,115,2603,Bouarou - Pangai - Narai
municipales_2020,1,,,988,98826,Poum,POUM,0003,392,279,113,278,1,0,2,LNC,TIDJINE EP HMAE,Henriette,F,Henriette TIDJINE EP HMAE,UNION CITOYENNE,129,32.91,46.4,,École catholique d’Arama,ECOLE CATHOLIQUE D ARAMA,0.95,Arama,Poum,LIEU_DIT_NC,LDH,Aramwâ,164.20258021961365,-20.252916819670393,tribus_villages_nc,115,2603,Bouarou - Pangai - Narai
municipales_2020,1,,,988,98826,Poum,POUM,0003,392,279,113,278,1,0,3,LNC,DAHOTE,Ezeckiel,M,Ezeckiel DAHOTE,POUM AUTREMENT,74,18.88,26.62,,École catholique d’Arama,ECOLE CATHOLIQUE D ARAMA,0.95,Arama,Poum,LIEU_DIT_NC,LDH,Aramwâ,164.20258021961365,-20.252916819670393,tribus_villages_nc,115,2603,Bouarou - Pangai - Narai
municipales_2020,1,,,988,98827,Poya,POYA,0001,580,364,216,345,12,7,1,LNC,PELLETIER,Claude,M,Claude PELLETIER,Construisons et développons POYA autrement pour l'avenir,75,12.93,21.74,,,,0.99,Népoui,Poya,ARRETE_MANUAL,VILLE,,164.99768585786552,-21.326893497720405,arrete_manual_tribus,116,2701,Poya villageé Népoui
municipales_2020,1,,,988,98827,Poya,POYA,0001,580,364,216,345,12,7,2,LNC,BOUSQUET,Jacques,M,Jacques BOUSQUET,POYA NEKO HORIZON 2026,132,22.76,38.26,,,,0.99,Népoui,Poya,ARRETE_MANUAL,VILLE,,164.99768585786552,-21.326893497720405,arrete_manual_tribus,116,2701,Poya villageé Népoui
municipales_2020,1,,,988,98827,Poya,POYA,0001,580,364,216,345,12,7,3,LNC,GORO ATU,Evelyne,F,Evelyne GORO ATU,FLNKS NEKO POYA,138,23.79,40,,,,0.99,Népoui,Poya,ARRETE_MANUAL,VILLE,,164.99768585786552,-21.326893497720405,arrete_manual_tribus,116,2701,Poya villageé Népoui
municipales_2020,1,,,988,98827,Poya,POYA,0002,462,322,140,320,1,1,1,LNC,PELLETIER,Claude,M,Claude PELLETIER,Construisons et développons POYA autrement pour l'avenir,19,4.11,5.94,,,,0.99,Goipin,Poya,ARRETE_MANUAL,TRIBU,,165.27390161257972,-21.22505994951149,arrete_manual_tribus,117,2705,Gohapin - Montfaoué - Néklia - Kradji
municipales_2020,1,,,988,98827,Poya,POYA,0002,462,322,140,320,1,1,2,LNC,BOUSQUET,Jacques,M,Jacques BOUSQUET,POYA NEKO HORIZON 2026,16,3.46,5,,,,0.99,Goipin,Poya,ARRETE_MANUAL,TRIBU,,165.27390161257972,-21.22505994951149,arrete_manual_tribus,117,2705,Gohapin - Montfaoué - Néklia - Kradji
municipales_2020,1,,,988,98827,Poya,POYA,0002,462,322,140,320,1,1,3,LNC,GORO ATU,Evelyne,F,Evelyne GORO ATU,FLNKS NEKO POYA,285,61.69,89.06,,,,0.99,Goipin,Poya,ARRETE_MANUAL,TRIBU,,165.27390161257972,-21.22505994951149,arrete_manual_tribus,117,2705,Gohapin - Montfaoué - Néklia - Kradji
municipales_2020,1,,,988,98827,Poya,POYA,0003,792,491,301,469,13,9,1,LNC,PELLETIER,Claude,M,Claude PELLETIER,Construisons et développons POYA autrement pour l'avenir,52,6.57,11.09,,,,0.99,Népoui,Poya,ARRETE_MANUAL,VILLE,,164.99768585786552,-21.326893497720405,arrete_manual_tribus,116,2701,Poya villageé Népoui
municipales_2020,1,,,988,98827,Poya,POYA,0003,792,491,301,469,13,9,2,LNC,BOUSQUET,Jacques,M,Jacques BOUSQUET,POYA NEKO HORIZON 2026,264,33.33,56.29,,,,0.99,Népoui,Poya,ARRETE_MANUAL,VILLE,,164.99768585786552,-21.326893497720405,arrete_manual_tribus,116,2701,Poya villageé Népoui
municipales_2020,1,,,988,98827,Poya,POYA,0003,792,491,301,469,13,9,3,LNC,GORO ATU,Evelyne,F,Evelyne GORO ATU,FLNKS NEKO POYA,153,19.32,32.62,,,,0.99,Népoui,Poya,ARRETE_MANUAL,VILLE,,164.99768585786552,-21.326893497720405,arrete_manual_tribus,116,2701,Poya villageé Népoui
municipales_2020,1,,,988,98827,Poya,POYA,0004,259,168,91,163,1,4,1,LNC,PELLETIER,Claude,M,Claude PELLETIER,Construisons et développons POYA autrement pour l'avenir,29,11.2,17.79,,,,0.99,Montfaoué,Poya,ARRETE_MANUAL,TRIBU,,165.2933124776928,-21.277955211764784,arrete_manual_tribus,117,2705,Gohapin - Montfaoué - Néklia - Kradji
municipales_2020,1,,,988,98827,Poya,POYA,0004,259,168,91,163,1,4,2,LNC,BOUSQUET,Jacques,M,Jacques BOUSQUET,POYA NEKO HORIZON 2026,39,15.06,23.93,,,,0.99,Montfaoué,Poya,ARRETE_MANUAL,TRIBU,,165.2933124776928,-21.277955211764784,arrete_manual_tribus,117,2705,Gohapin - Montfaoué - Néklia - Kradji
municipales_2020,1,,,988,98827,Poya,POYA,0004,259,168,91,163,1,4,3,LNC,GORO ATU,Evelyne,F,Evelyne GORO ATU,FLNKS NEKO POYA,95,36.68,58.28,,,,0.99,Montfaoué,Poya,ARRETE_MANUAL,TRIBU,,165.2933124776928,-21.277955211764784,arrete_manual_tribus,117,2705,Gohapin - Montfaoué - Néklia - Kradji
municipales_2020,1,,,988,98827,Poya,POYA,0005,201,149,52,148,1,0,1,LNC,PELLETIER,Claude,M,Claude PELLETIER,Construisons et développons POYA autrement pour l'avenir,49,24.38,33.11,,,,0.99,Moindah,Poya,ARRETE_MANUAL,LDH,,165.2454695470807,-21.4084575263513,arrete_manual_tribus,118,2706,Poya Sud
municipales_2020,1,,,988,98827,Poya,POYA,0005,201,149,52,148,1,0,2,LNC,BOUSQUET,Jacques,M,Jacques BOUSQUET,POYA NEKO HORIZON 2026,92,45.77,62.16,,,,0.99,Moindah,Poya,ARRETE_MANUAL,LDH,,165.2454695470807,-21.4084575263513,arrete_manual_tribus,118,2706,Poya Sud
municipales_2020,1,,,988,98827,Poya,POYA,0005,201,149,52,148,1,0,3,LNC,GORO ATU,Evelyne,F,Evelyne GORO ATU,FLNKS NEKO POYA,7,3.48,4.73,,,,0.99,Moindah,Poya,ARRETE_MANUAL,LDH,,165.2454695470807,-21.4084575263513,arrete_manual_tribus,118,2706,Poya Sud
municipales_2020,1,,,988,98827,Poya,POYA,0006,192,128,64,125,1,2,1,LNC,PELLETIER,Claude,M,Claude PELLETIER,Construisons et développons POYA autrement pour l'avenir,27,14.06,21.6,,,,0.99,Nekliaï,Poya,ARRETE_MANUAL,TRIBU,Nékilyai,165.1862986905251,-21.29493580556391,arrete_manual_tribus,117,2705,Gohapin - Montfaoué - Néklia - Kradji
municipales_2020,1,,,988,98827,Poya,POYA,0006,192,128,64,125,1,2,2,LNC,BOUSQUET,Jacques,M,Jacques BOUSQUET,POYA NEKO HORIZON 2026,39,20.31,31.2,,,,0.99,Nekliaï,Poya,ARRETE_MANUAL,TRIBU,Nékilyai,165.1862986905251,-21.29493580556391,arrete_manual_tribus,117,2705,Gohapin - Montfaoué - Néklia - Kradji
municipales_2020,1,,,988,98827,Poya,POYA,0006,192,128,64,125,1,2,3,LNC,GORO ATU,Evelyne,F,Evelyne GORO ATU,FLNKS NEKO POYA,59,30.73,47.2,,,,0.99,Nekliaï,Poya,ARRETE_MANUAL,TRIBU,Nékilyai,165.1862986905251,-21.29493580556391,arrete_manual_tribus,117,2705,Gohapin - Montfaoué - Néklia - Kradji
municipales_2020,1,,,988,98828,Sarraméa,SARRAMEA,0001,529,399,130,387,5,7,1,LNC,NEMEBREUX,Alexandre,M,Alexandre NEMEBREUX,ENTENTE COMMUNALE,95,17.96,24.55,,Mairie,MAIRIE,0.7,SARRAMEA,Sarraméa,LIEU_DIT_NC,VILLE,Chara Méa,165.85386596919105,-21.642344787633757,tribus_villages_nc,119,2801,Sarraméa
municipales_2020,1,,,988,98828,Sarraméa,SARRAMEA,0001,529,399,130,387,5,7,2,LNC,HOLERO,Karmen,F,Karmen HOLERO,SARRAMEA KANAKY,106,20.04,27.39,,Mairie,MAIRIE,0.7,SARRAMEA,Sarraméa,LIEU_DIT_NC,VILLE,Chara Méa,165.85386596919105,-21.642344787633757,tribus_villages_nc,119,2801,Sarraméa
municipales_2020,1,,,988,98828,Sarraméa,SARRAMEA,0001,529,399,130,387,5,7,3,LNC,HOLERO,Prisca,F,Prisca HOLERO,UNION CITOYENNE,114,21.55,29.46,,Mairie,MAIRIE,0.7,SARRAMEA,Sarraméa,LIEU_DIT_NC,VILLE,Chara Méa,165.85386596919105,-21.642344787633757,tribus_villages_nc,119,2801,Sarraméa
municipales_2020,1,,,988,98828,Sarraméa,SARRAMEA,0001,529,399,130,387,5,7,4,LNC,KAWA,Thierry,M,Thierry KAWA,SARRAMEA AUTREMENT,72,13.61,18.6,,Mairie,MAIRIE,0.7,SARRAMEA,Sarraméa,LIEU_DIT_NC,VILLE,Chara Méa,165.85386596919105,-21.642344787633757,tribus_villages_nc,119,2801,Sarraméa
municipales_2020,1,,,988,98829,Thio,THIO,0001,829,472,357,446,15,11,1,LNC,KAINDA,Henri,M,Henri KAINDA,UNIR POUR BATIR THIO ET BORENDY,54,6.51,12.11,,Mairie,MAIRIE,0.7,THIO,Thio,LIEU_DIT_NC,VILLE,Cö,166.21553174553168,-21.610374938390603,tribus_villages_nc,120,2901,Thio village
municipales_2020,1,,,988,98829,Thio,THIO,0001,829,472,357,446,15,11,2,LNC,TOURA,Jean-Patrick,M,Jean-Patrick TOURA,THIO POUR TOUS,260,31.36,58.3,,Mairie,MAIRIE,0.7,THIO,Thio,LIEU_DIT_NC,VILLE,Cö,166.21553174553168,-21.610374938390603,tribus_villages_nc,120,2901,Thio village
municipales_2020,1,,,988,98829,Thio,THIO,0001,829,472,357,446,15,11,3,LNC,PASCAL,Odette,F,Odette PASCAL,UNIR NOS FORCES NOS RELATIONS POUR NOTRE COMMUNE,23,2.77,5.16,,Mairie,MAIRIE,0.7,THIO,Thio,LIEU_DIT_NC,VILLE,Cö,166.21553174553168,-21.610374938390603,tribus_villages_nc,120,2901,Thio village
municipales_2020,1,,,988,98829,Thio,THIO,0001,829,472,357,446,15,11,4,LNC,AYAWA,Jean Marie,M,Jean Marie AYAWA,CITOYENS SOLIDAIRES,109,13.15,24.44,,Mairie,MAIRIE,0.7,THIO,Thio,LIEU_DIT_NC,VILLE,Cö,166.21553174553168,-21.610374938390603,tribus_villages_nc,120,2901,Thio village
municipales_2020,1,,,988,98829,Thio,THIO,0002,588,342,246,328,9,5,1,LNC,KAINDA,Henri,M,Henri KAINDA,UNIR POUR BATIR THIO ET BORENDY,96,16.33,29.27,,Mairie,MAIRIE,0.7,THIO,Thio,LIEU_DIT_NC,VILLE,Cö,166.21553174553168,-21.610374938390603,tribus_villages_nc,120,2901,Thio village
municipales_2020,1,,,988,98829,Thio,THIO,0002,588,342,246,328,9,5,2,LNC,TOURA,Jean-Patrick,M,Jean-Patrick TOURA,THIO POUR TOUS,101,17.18,30.79,,Mairie,MAIRIE,0.7,THIO,Thio,LIEU_DIT_NC,VILLE,Cö,166.21553174553168,-21.610374938390603,tribus_villages_nc,120,2901,Thio village
municipales_2020,1,,,988,98829,Thio,THIO,0002,588,342,246,328,9,5,3,LNC,PASCAL,Odette,F,Odette PASCAL,UNIR NOS FORCES NOS RELATIONS POUR NOTRE COMMUNE,34,5.78,10.37,,Mairie,MAIRIE,0.7,THIO,Thio,LIEU_DIT_NC,VILLE,Cö,166.21553174553168,-21.610374938390603,tribus_villages_nc,120,2901,Thio village
municipales_2020,1,,,988,98829,Thio,THIO,0002,588,342,246,328,9,5,4,LNC,AYAWA,Jean Marie,M,Jean Marie AYAWA,CITOYENS SOLIDAIRES,97,16.5,29.57,,Mairie,MAIRIE,0.7,THIO,Thio,LIEU_DIT_NC,VILLE,Cö,166.21553174553168,-21.610374938390603,tribus_villages_nc,120,2901,Thio village
municipales_2020,1,,,988,98829,Thio,THIO,0003,312,193,119,191,0,2,1,LNC,KAINDA,Henri,M,Henri KAINDA,UNIR POUR BATIR THIO ET BORENDY,131,41.99,68.59,,Grand Borendy,GRAND BORENDY,1,Grand Borindi,Thio,LIEU_DIT_NC,TRIBU,Xöwi,166.45075740277505,-21.738718340168145,tribus_villages_nc,121,2902,Ouindo Borendy
municipales_2020,1,,,988,98829,Thio,THIO,0003,312,193,119,191,0,2,2,LNC,TOURA,Jean-Patrick,M,Jean-Patrick TOURA,THIO POUR TOUS,52,16.67,27.23,,Grand Borendy,GRAND BORENDY,1,Grand Borindi,Thio,LIEU_DIT_NC,TRIBU,Xöwi,166.45075740277505,-21.738718340168145,tribus_villages_nc,121,2902,Ouindo Borendy
municipales_2020,1,,,988,98829,Thio,THIO,0003,312,193,119,191,0,2,3,LNC,PASCAL,Odette,F,Odette PASCAL,UNIR NOS FORCES NOS RELATIONS POUR NOTRE COMMUNE,2,0.64,1.05,,Grand Borendy,GRAND BORENDY,1,Grand Borindi,Thio,LIEU_DIT_NC,TRIBU,Xöwi,166.45075740277505,-21.738718340168145,tribus_villages_nc,121,2902,Ouindo Borendy
municipales_2020,1,,,988,98829,Thio,THIO,0003,312,193,119,191,0,2,4,LNC,AYAWA,Jean Marie,M,Jean Marie AYAWA,CITOYENS SOLIDAIRES,6,1.92,3.14,,Grand Borendy,GRAND BORENDY,1,Grand Borindi,Thio,LIEU_DIT_NC,TRIBU,Xöwi,166.45075740277505,-21.738718340168145,tribus_villages_nc,121,2902,Ouindo Borendy
municipales_2020,1,,,988,98829,Thio,THIO,0004,460,277,183,268,5,4,1,LNC,KAINDA,Henri,M,Henri KAINDA,UNIR POUR BATIR THIO ET BORENDY,48,10.43,17.91,,Saint-Pierre,SAINT PIERRE,1,St Pierre,Thio,LIEU_DIT_NC,TRIBU,Pwimuru,166.14983539215794,-21.67410856554519,tribus_villages_nc,121,2902,Ouindo Borendy
municipales_2020,1,,,988,98829,Thio,THIO,0004,460,277,183,268,5,4,2,LNC,TOURA,Jean-Patrick,M,Jean-Patrick TOURA,THIO POUR TOUS,101,21.96,37.69,,Saint-Pierre,SAINT PIERRE,1,St Pierre,Thio,LIEU_DIT_NC,TRIBU,Pwimuru,166.14983539215794,-21.67410856554519,tribus_villages_nc,121,2902,Ouindo Borendy
municipales_2020,1,,,988,98829,Thio,THIO,0004,460,277,183,268,5,4,3,LNC,PASCAL,Odette,F,Odette PASCAL,UNIR NOS FORCES NOS RELATIONS POUR NOTRE COMMUNE,56,12.17,20.9,,Saint-Pierre,SAINT PIERRE,1,St Pierre,Thio,LIEU_DIT_NC,TRIBU,Pwimuru,166.14983539215794,-21.67410856554519,tribus_villages_nc,121,2902,Ouindo Borendy
municipales_2020,1,,,988,98829,Thio,THIO,0004,460,277,183,268,5,4,4,LNC,AYAWA,Jean Marie,M,Jean Marie AYAWA,CITOYENS SOLIDAIRES,63,13.7,23.51,,Saint-Pierre,SAINT PIERRE,1,St Pierre,Thio,LIEU_DIT_NC,TRIBU,Pwimuru,166.14983539215794,-21.67410856554519,tribus_villages_nc,121,2902,Ouindo Borendy
municipales_2020,1,,,988,98830,Touho,TOUHO,0001,1013,622,391,592,14,16,1,LNC,SOEKIR,Donald,M,Donald SOEKIR,UNION CITOYENNE DE TOUHO,245,24.19,41.39,,Mairie,MAIRIE,0.7,TOUHO,Touho,LIEU_DIT_NC,VILLE,Tuo,165.23869122747195,-20.77975735338533,tribus_villages_nc,122,3001,Touho village
municipales_2020,1,,,988,98830,Touho,TOUHO,0001,1013,622,391,592,14,16,2,LNC,POININE,"Alphonse, Boulet",M,"Alphonse, Boulet POININE",UNI TOUHO CEMUKI,347,34.25,58.61,,Mairie,MAIRIE,0.7,TOUHO,Touho,LIEU_DIT_NC,VILLE,Tuo,165.23869122747195,-20.77975735338533,tribus_villages_nc,122,3001,Touho village
municipales_2020,1,,,988,98830,Touho,TOUHO,0002,233,133,100,124,3,6,1,LNC,SOEKIR,Donald,M,Donald SOEKIR,UNION CITOYENNE DE TOUHO,78,33.48,62.9,,Tiouandé,TIOUANDE,1,Tiouandé,Touho,LIEU_DIT_NC,TRIBU,Tewaade,165.04706639545026,-20.742192862631615,tribus_villages_nc,123,3003,Tiouandé - Ouanache - Congouma - Paola
municipales_2020,1,,,988,98830,Touho,TOUHO,0002,233,133,100,124,3,6,2,LNC,POININE,"Alphonse, Boulet",M,"Alphonse, Boulet POININE",UNI TOUHO CEMUKI,46,19.74,37.1,,Tiouandé,TIOUANDE,1,Tiouandé,Touho,LIEU_DIT_NC,TRIBU,Tewaade,165.04706639545026,-20.742192862631615,tribus_villages_nc,123,3003,Tiouandé - Ouanache - Congouma - Paola
municipales_2020,1,,,988,98830,Touho,TOUHO,0003,304,182,122,180,1,1,1,LNC,SOEKIR,Donald,M,Donald SOEKIR,UNION CITOYENNE DE TOUHO,92,30.26,51.11,,Kokingone,KOKINGONE,1,Kokingone,Touho,LIEU_DIT_NC,TRIBU,Ko cèï goon,165.25551905392797,-20.85522530725118,tribus_villages_nc,124,3004,Koe - Kokingone - Tiwaka - Pombéi
municipales_2020,1,,,988,98830,Touho,TOUHO,0003,304,182,122,180,1,1,2,LNC,POININE,"Alphonse, Boulet",M,"Alphonse, Boulet POININE",UNI TOUHO CEMUKI,88,28.95,48.89,,Kokingone,KOKINGONE,1,Kokingone,Touho,LIEU_DIT_NC,TRIBU,Ko cèï goon,165.25551905392797,-20.85522530725118,tribus_villages_nc,124,3004,Koe - Kokingone - Tiwaka - Pombéi
municipales_2020,1,,,988,98830,Touho,TOUHO,0004,412,255,157,249,1,5,1,LNC,SOEKIR,Donald,M,Donald SOEKIR,UNION CITOYENNE DE TOUHO,84,20.39,33.73,,Paola,PAOLA,1,Paola,Touho,LIEU_DIT_NC,TRIBU,Pwoï,165.1103595238747,-20.77393379422664,tribus_villages_nc,123,3003,Tiouandé - Ouanache - Congouma - Paola
municipales_2020,1,,,988,98830,Touho,TOUHO,0004,412,255,157,249,1,5,2,LNC,POININE,"Alphonse, Boulet",M,"Alphonse, Boulet POININE",UNI TOUHO CEMUKI,165,40.05,66.27,,Paola,PAOLA,1,Paola,Touho,LIEU_DIT_NC,TRIBU,Pwoï,165.1103595238747,-20.77393379422664,tribus_villages_nc,123,3003,Tiouandé - Ouanache - Congouma - Paola
municipales_2020,1,,,988,98831,Voh,VOH,0001,898,546,352,525,14,7,1,LNC,POUYA,Thierry,M,Thierry POUYA,POUR UNE COMMUNE PLUS CITOYENNE,62,6.9,11.81,,Mairie,MAIRIE,0.98,Mairie de Voh,,ADMINISTRATION ET ORGANISME,Administrations des collectivités,Administration de la commune de Voh,164.686182051524,-20.9488288857597,etablissements_publics_nc,129,3101,Voh village - Gatope
municipales_2020,1,,,988,98831,Voh,VOH,0001,898,546,352,525,14,7,2,LNC,KEDO,Reine,F,Reine KEDO,ENSEMBLE VOOK,176,19.6,33.52,,Mairie,MAIRIE,0.98,Mairie de Voh,,ADMINISTRATION ET ORGANISME,Administrations des collectivités,Administration de la commune de Voh,164.686182051524,-20.9488288857597,etablissements_publics_nc,129,3101,Voh village - Gatope
municipales_2020,1,,,988,98831,Voh,VOH,0001,898,546,352,525,14,7,3,LNC,LOUISI GABRIEL,Emmanuel,M,Emmanuel LOUISI GABRIEL,"AVEC VOUS POUR LE RENOU""VOH""",172,19.15,32.76,,Mairie,MAIRIE,0.98,Mairie de Voh,,ADMINISTRATION ET ORGANISME,Administrations des collectivités,Administration de la commune de Voh,164.686182051524,-20.9488288857597,etablissements_publics_nc,129,3101,Voh village - Gatope
municipales_2020,1,,,988,98831,Voh,VOH,0001,898,546,352,525,14,7,4,LNC,BOATATE KOLEKOLE,Joel,M,Joel BOATATE KOLEKOLE,BOATATE KOLEKOLE,115,12.81,21.9,,Mairie,MAIRIE,0.98,Mairie de Voh,,ADMINISTRATION ET ORGANISME,Administrations des collectivités,Administration de la commune de Voh,164.686182051524,-20.9488288857597,etablissements_publics_nc,129,3101,Voh village - Gatope
municipales_2020,1,,,988,98831,Voh,VOH,0002,305,188,117,186,2,0,1,LNC,POUYA,Thierry,M,Thierry POUYA,POUR UNE COMMUNE PLUS CITOYENNE,19,6.23,10.22,,Témala,TEMALA,0.93,Ecole primaire de Témala Ouélisse,,ENSEIGNEMENT ET FORMATION,Enseignement du premier degré,Ecole élémentaire,164.689267929949,-20.87135077045,etablissements_publics_nc,130,3103,Témala
municipales_2020,1,,,988,98831,Voh,VOH,0002,305,188,117,186,2,0,2,LNC,KEDO,Reine,F,Reine KEDO,ENSEMBLE VOOK,64,20.98,34.41,,Témala,TEMALA,0.93,Ecole primaire de Témala Ouélisse,,ENSEIGNEMENT ET FORMATION,Enseignement du premier degré,Ecole élémentaire,164.689267929949,-20.87135077045,etablissements_publics_nc,130,3103,Témala
municipales_2020,1,,,988,98831,Voh,VOH,0002,305,188,117,186,2,0,3,LNC,LOUISI GABRIEL,Emmanuel,M,Emmanuel LOUISI GABRIEL,"AVEC VOUS POUR LE RENOU""VOH""",47,15.41,25.27,,Témala,TEMALA,0.93,Ecole primaire de Témala Ouélisse,,ENSEIGNEMENT ET FORMATION,Enseignement du premier degré,Ecole élémentaire,164.689267929949,-20.87135077045,etablissements_publics_nc,130,3103,Témala
municipales_2020,1,,,988,98831,Voh,VOH,0002,305,188,117,186,2,0,4,LNC,BOATATE KOLEKOLE,Joel,M,Joel BOATATE KOLEKOLE,BOATATE KOLEKOLE,56,18.36,30.11,,Témala,TEMALA,0.93,Ecole primaire de Témala Ouélisse,,ENSEIGNEMENT ET FORMATION,Enseignement du premier degré,Ecole élémentaire,164.689267929949,-20.87135077045,etablissements_publics_nc,130,3103,Témala
municipales_2020,1,,,988,98831,Voh,VOH,0003,51,42,9,42,0,0,1,LNC,POUYA,Thierry,M,Thierry POUYA,POUR UNE COMMUNE PLUS CITOYENNE,0,0,0,,Ouengo,OUENGO,1,Ouango - Pouépaï,Voh,LIEU_DIT_NC,TRIBU,Hwaago,164.74217311646055,-20.784454291123556,tribus_villages_nc,130,3103,Témala
municipales_2020,1,,,988,98831,Voh,VOH,0003,51,42,9,42,0,0,2,LNC,KEDO,Reine,F,Reine KEDO,ENSEMBLE VOOK,0,0,0,,Ouengo,OUENGO,1,Ouango - Pouépaï,Voh,LIEU_DIT_NC,TRIBU,Hwaago,164.74217311646055,-20.784454291123556,tribus_villages_nc,130,3103,Témala
municipales_2020,1,,,988,98831,Voh,VOH,0003,51,42,9,42,0,0,3,LNC,LOUISI GABRIEL,Emmanuel,M,Emmanuel LOUISI GABRIEL,"AVEC VOUS POUR LE RENOU""VOH""",0,0,0,,Ouengo,OUENGO,1,Ouango - Pouépaï,Voh,LIEU_DIT_NC,TRIBU,Hwaago,164.74217311646055,-20.784454291123556,tribus_villages_nc,130,3103,Témala
municipales_2020,1,,,988,98831,Voh,VOH,0003,51,42,9,42,0,0,4,LNC,BOATATE KOLEKOLE,Joel,M,Joel BOATATE KOLEKOLE,BOATATE KOLEKOLE,42,82.35,100,,Ouengo,OUENGO,1,Ouango - Pouépaï,Voh,LIEU_DIT_NC,TRIBU,Hwaago,164.74217311646055,-20.784454291123556,tribus_villages_nc,130,3103,Témala
municipales_2020,1,,,988,98831,Voh,VOH,0004,270,173,97,171,2,0,1,LNC,POUYA,Thierry,M,Thierry POUYA,POUR UNE COMMUNE PLUS CITOYENNE,23,8.52,13.45,,Local socio-éducatif de Tieta,LOCAL SOCIO EDUCATIF TIETA,0.846,Foyer socio-éducatif de Tiéta,,CULTUREL ET SOCIO EDUCATIF,Equipements socio-éducatifs et socio-culturels,Foyer socio culturel,164.740133724095,-20.9210724511979,etablissements_publics_nc,131,3106,Tiéta
municipales_2020,1,,,988,98831,Voh,VOH,0004,270,173,97,171,2,0,2,LNC,KEDO,Reine,F,Reine KEDO,ENSEMBLE VOOK,35,12.96,20.47,,Local socio-éducatif de Tieta,LOCAL SOCIO EDUCATIF TIETA,0.846,Foyer socio-éducatif de Tiéta,,CULTUREL ET SOCIO EDUCATIF,Equipements socio-éducatifs et socio-culturels,Foyer socio culturel,164.740133724095,-20.9210724511979,etablissements_publics_nc,131,3106,Tiéta
municipales_2020,1,,,988,98831,Voh,VOH,0004,270,173,97,171,2,0,3,LNC,LOUISI GABRIEL,Emmanuel,M,Emmanuel LOUISI GABRIEL,"AVEC VOUS POUR LE RENOU""VOH""",14,5.19,8.19,,Local socio-éducatif de Tieta,LOCAL SOCIO EDUCATIF TIETA,0.846,Foyer socio-éducatif de Tiéta,,CULTUREL ET SOCIO EDUCATIF,Equipements socio-éducatifs et socio-culturels,Foyer socio culturel,164.740133724095,-20.9210724511979,etablissements_publics_nc,131,3106,Tiéta
municipales_2020,1,,,988,98831,Voh,VOH,0004,270,173,97,171,2,0,4,LNC,BOATATE KOLEKOLE,Joel,M,Joel BOATATE KOLEKOLE,BOATATE KOLEKOLE,99,36.67,57.89,,Local socio-éducatif de Tieta,LOCAL SOCIO EDUCATIF TIETA,0.846,Foyer socio-éducatif de Tiéta,,CULTUREL ET SOCIO EDUCATIF,Equipements socio-éducatifs et socio-culturels,Foyer socio culturel,164.740133724095,-20.9210724511979,etablissements_publics_nc,131,3106,Tiéta
municipales_2020,1,,,988,98831,Voh,VOH,0005,344,227,117,227,0,0,1,LNC,POUYA,Thierry,M,Thierry POUYA,POUR UNE COMMUNE PLUS CITOYENNE,10,2.91,4.41,,Local socio-éducatif de Oundjo,LOCAL SOCIO EDUCATIF OUNDJO,0.821,Foyer socio-éducatif d'Oundjo,,CULTUREL ET SOCIO EDUCATIF,Equipements socio-éducatifs et socio-culturels,Foyer socio culturel,164.697579851987,-21.0373781816945,etablissements_publics_nc,129,3101,Voh village - Gatope
municipales_2020,1,,,988,98831,Voh,VOH,0005,344,227,117,227,0,0,2,LNC,KEDO,Reine,F,Reine KEDO,ENSEMBLE VOOK,45,13.08,19.82,,Local socio-éducatif de Oundjo,LOCAL SOCIO EDUCATIF OUNDJO,0.821,Foyer socio-éducatif d'Oundjo,,CULTUREL ET SOCIO EDUCATIF,Equipements socio-éducatifs et socio-culturels,Foyer socio culturel,164.697579851987,-21.0373781816945,etablissements_publics_nc,129,3101,Voh village - Gatope
municipales_2020,1,,,988,98831,Voh,VOH,0005,344,227,117,227,0,0,3,LNC,LOUISI GABRIEL,Emmanuel,M,Emmanuel LOUISI GABRIEL,"AVEC VOUS POUR LE RENOU""VOH""",14,4.07,6.17,,Local socio-éducatif de Oundjo,LOCAL SOCIO EDUCATIF OUNDJO,0.821,Foyer socio-éducatif d'Oundjo,,CULTUREL ET SOCIO EDUCATIF,Equipements socio-éducatifs et socio-culturels,Foyer socio culturel,164.697579851987,-21.0373781816945,etablissements_publics_nc,129,3101,Voh village - Gatope
municipales_2020,1,,,988,98831,Voh,VOH,0005,344,227,117,227,0,0,4,LNC,BOATATE KOLEKOLE,Joel,M,Joel BOATATE KOLEKOLE,BOATATE KOLEKOLE,158,45.93,69.6,,Local socio-éducatif de Oundjo,LOCAL SOCIO EDUCATIF OUNDJO,0.821,Foyer socio-éducatif d'Oundjo,,CULTUREL ET SOCIO EDUCATIF,Equipements socio-éducatifs et socio-culturels,Foyer socio culturel,164.697579851987,-21.0373781816945,etablissements_publics_nc,129,3101,Voh village - Gatope
municipales_2020,1,,,988,98831,Voh,VOH,0006,188,133,55,132,1,0,1,LNC,POUYA,Thierry,M,Thierry POUYA,POUR UNE COMMUNE PLUS CITOYENNE,21,11.17,15.91,,Local socio-éducatif de Boyen,LOCAL SOCIO EDUCATIF BOYEN,0.717,Foyer socio-éducatif de Gatope,,CULTUREL ET SOCIO EDUCATIF,Equipements socio-éducatifs et socio-culturels,Foyer socio culturel,164.666715225632,-20.9652133930634,etablissements_publics_nc,129,3101,Voh village - Gatope
municipales_2020,1,,,988,98831,Voh,VOH,0006,188,133,55,132,1,0,2,LNC,KEDO,Reine,F,Reine KEDO,ENSEMBLE VOOK,55,29.26,41.67,,Local socio-éducatif de Boyen,LOCAL SOCIO EDUCATIF BOYEN,0.717,Foyer socio-éducatif de Gatope,,CULTUREL ET SOCIO EDUCATIF,Equipements socio-éducatifs et socio-culturels,Foyer socio culturel,164.666715225632,-20.9652133930634,etablissements_publics_nc,129,3101,Voh village - Gatope
municipales_2020,1,,,988,98831,Voh,VOH,0006,188,133,55,132,1,0,3,LNC,LOUISI GABRIEL,Emmanuel,M,Emmanuel LOUISI GABRIEL,"AVEC VOUS POUR LE RENOU""VOH""",2,1.06,1.52,,Local socio-éducatif de Boyen,LOCAL SOCIO EDUCATIF BOYEN,0.717,Foyer socio-éducatif de Gatope,,CULTUREL ET SOCIO EDUCATIF,Equipements socio-éducatifs et socio-culturels,Foyer socio culturel,164.666715225632,-20.9652133930634,etablissements_publics_nc,129,3101,Voh village - Gatope
municipales_2020,1,,,988,98831,Voh,VOH,0006,188,133,55,132,1,0,4,LNC,BOATATE KOLEKOLE,Joel,M,Joel BOATATE KOLEKOLE,BOATATE KOLEKOLE,54,28.72,40.91,,Local socio-éducatif de Boyen,LOCAL SOCIO EDUCATIF BOYEN,0.717,Foyer socio-éducatif de Gatope,,CULTUREL ET SOCIO EDUCATIF,Equipements socio-éducatifs et socio-culturels,Foyer socio culturel,164.666715225632,-20.9652133930634,etablissements_publics_nc,129,3101,Voh village - Gatope
municipales_2020,1,,,988,98831,Voh,VOH,0007,361,273,88,272,0,1,1,LNC,POUYA,Thierry,M,Thierry POUYA,POUR UNE COMMUNE PLUS CITOYENNE,5,1.39,1.84,,Local socio-éducatif de Témala,LOCAL SOCIO EDUCATIF TEMALA,0.755,Foyer socio-éducatif de Tiéta,,CULTUREL ET SOCIO EDUCATIF,Equipements socio-éducatifs et socio-culturels,Foyer socio culturel,164.740133724095,-20.9210724511979,etablissements_publics_nc,131,3106,Tiéta
municipales_2020,1,,,988,98831,Voh,VOH,0007,361,273,88,272,0,1,2,LNC,KEDO,Reine,F,Reine KEDO,ENSEMBLE VOOK,33,9.14,12.13,,Local socio-éducatif de Témala,LOCAL SOCIO EDUCATIF TEMALA,0.755,Foyer socio-éducatif de Tiéta,,CULTUREL ET SOCIO EDUCATIF,Equipements socio-éducatifs et socio-culturels,Foyer socio culturel,164.740133724095,-20.9210724511979,etablissements_publics_nc,131,3106,Tiéta
municipales_2020,1,,,988,98831,Voh,VOH,0007,361,273,88,272,0,1,3,LNC,LOUISI GABRIEL,Emmanuel,M,Emmanuel LOUISI GABRIEL,"AVEC VOUS POUR LE RENOU""VOH""",2,0.55,0.74,,Local socio-éducatif de Témala,LOCAL SOCIO EDUCATIF TEMALA,0.755,Foyer socio-éducatif de Tiéta,,CULTUREL ET SOCIO EDUCATIF,Equipements socio-éducatifs et socio-culturels,Foyer socio culturel,164.740133724095,-20.9210724511979,etablissements_publics_nc,131,3106,Tiéta
municipales_2020,1,,,988,98831,Voh,VOH,0007,361,273,88,272,0,1,4,LNC,BOATATE KOLEKOLE,Joel,M,Joel BOATATE KOLEKOLE,BOATATE KOLEKOLE,232,64.27,85.29,,Local socio-éducatif de Témala,LOCAL SOCIO EDUCATIF TEMALA,0.755,Foyer socio-éducatif de Tiéta,,CULTUREL ET SOCIO EDUCATIF,Equipements socio-éducatifs et socio-culturels,Foyer socio culturel,164.740133724095,-20.9210724511979,etablissements_publics_nc,131,3106,Tiéta
municipales_2020,1,,,988,98832,Yaté,YATE,0001,290,210,80,204,2,4,1,LNC,OUETCHO,Etienne,M,Etienne OUETCHO,UNIR POUR BATIR YATE,17,5.86,8.33,,Mairie,MAIRIE,0.7,YATE,Yaté,LIEU_DIT_NC,VILLE,,166.94326054599946,-22.16058963447543,tribus_villages_nc,132,3201,Waho Touaourou Goro
municipales_2020,1,,,988,98832,Yaté,YATE,0001,290,210,80,204,2,4,2,LNC,NEWEDOU,Sylvestre,M,Sylvestre NEWEDOU,BIEN VIVRE A YATE,17,5.86,8.33,,Mairie,MAIRIE,0.7,YATE,Yaté,LIEU_DIT_NC,VILLE,,166.94326054599946,-22.16058963447543,tribus_villages_nc,132,3201,Waho Touaourou Goro
municipales_2020,1,,,988,98832,Yaté,YATE,0001,290,210,80,204,2,4,3,LNC,DIGOUE,Adolphe Kamebo,M,Adolphe Kamebo DIGOUE,"YATE, SUR LE CHEMIN DE LA SOUVERAINETE",52,17.93,25.49,,Mairie,MAIRIE,0.7,YATE,Yaté,LIEU_DIT_NC,VILLE,,166.94326054599946,-22.16058963447543,tribus_villages_nc,132,3201,Waho Touaourou Goro
municipales_2020,1,,,988,98832,Yaté,YATE,0001,290,210,80,204,2,4,4,LNC,KOROMA,Jean-Louis,M,Jean-Louis KOROMA,UC-FLNKS,60,20.69,29.41,,Mairie,MAIRIE,0.7,YATE,Yaté,LIEU_DIT_NC,VILLE,,166.94326054599946,-22.16058963447543,tribus_villages_nc,132,3201,Waho Touaourou Goro
municipales_2020,1,,,988,98832,Yaté,YATE,0001,290,210,80,204,2,4,5,LNC,GOUETCHA,Victor,M,Victor GOUETCHA,EBUNUIRE NE YATRE ITEA,58,20,28.43,,Mairie,MAIRIE,0.7,YATE,Yaté,LIEU_DIT_NC,VILLE,,166.94326054599946,-22.16058963447543,tribus_villages_nc,132,3201,Waho Touaourou Goro
municipales_2020,1,,,988,98832,Yaté,YATE,0002,476,366,110,363,0,3,1,LNC,OUETCHO,Etienne,M,Etienne OUETCHO,UNIR POUR BATIR YATE,112,23.53,30.85,,Touaourou,TOUAOUROU,1,Touaourou,Yaté,LIEU_DIT_NC,TRIBU,,166.97497872151834,-22.190244269832505,tribus_villages_nc,132,3201,Waho Touaourou Goro
municipales_2020,1,,,988,98832,Yaté,YATE,0002,476,366,110,363,0,3,2,LNC,NEWEDOU,Sylvestre,M,Sylvestre NEWEDOU,BIEN VIVRE A YATE,26,5.46,7.16,,Touaourou,TOUAOUROU,1,Touaourou,Yaté,LIEU_DIT_NC,TRIBU,,166.97497872151834,-22.190244269832505,tribus_villages_nc,132,3201,Waho Touaourou Goro
municipales_2020,1,,,988,98832,Yaté,YATE,0002,476,366,110,363,0,3,3,LNC,DIGOUE,Adolphe Kamebo,M,Adolphe Kamebo DIGOUE,"YATE, SUR LE CHEMIN DE LA SOUVERAINETE",141,29.62,38.84,,Touaourou,TOUAOUROU,1,Touaourou,Yaté,LIEU_DIT_NC,TRIBU,,166.97497872151834,-22.190244269832505,tribus_villages_nc,132,3201,Waho Touaourou Goro
municipales_2020,1,,,988,98832,Yaté,YATE,0002,476,366,110,363,0,3,4,LNC,KOROMA,Jean-Louis,M,Jean-Louis KOROMA,UC-FLNKS,29,6.09,7.99,,Touaourou,TOUAOUROU,1,Touaourou,Yaté,LIEU_DIT_NC,TRIBU,,166.97497872151834,-22.190244269832505,tribus_villages_nc,132,3201,Waho Touaourou Goro
municipales_2020,1,,,988,98832,Yaté,YATE,0002,476,366,110,363,0,3,5,LNC,GOUETCHA,Victor,M,Victor GOUETCHA,EBUNUIRE NE YATRE ITEA,55,11.55,15.15,,Touaourou,TOUAOUROU,1,Touaourou,Yaté,LIEU_DIT_NC,TRIBU,,166.97497872151834,-22.190244269832505,tribus_villages_nc,132,3201,Waho Touaourou Goro
municipales_2020,1,,,988,98832,Yaté,YATE,0003,227,171,56,171,0,0,1,LNC,OUETCHO,Etienne,M,Etienne OUETCHO,UNIR POUR BATIR YATE,51,22.47,29.82,,Goro,GORO,1,Goro,Yaté,LIEU_DIT_NC,TRIBU,Xéré,167.0163659290303,-22.286011229502463,tribus_villages_nc,132,3201,Waho Touaourou Goro
municipales_2020,1,,,988,98832,Yaté,YATE,0003,227,171,56,171,0,0,2,LNC,NEWEDOU,Sylvestre,M,Sylvestre NEWEDOU,BIEN VIVRE A YATE,5,2.2,2.92,,Goro,GORO,1,Goro,Yaté,LIEU_DIT_NC,TRIBU,Xéré,167.0163659290303,-22.286011229502463,tribus_villages_nc,132,3201,Waho Touaourou Goro
municipales_2020,1,,,988,98832,Yaté,YATE,0003,227,171,56,171,0,0,3,LNC,DIGOUE,Adolphe Kamebo,M,Adolphe Kamebo DIGOUE,"YATE, SUR LE CHEMIN DE LA SOUVERAINETE",31,13.66,18.13,,Goro,GORO,1,Goro,Yaté,LIEU_DIT_NC,TRIBU,Xéré,167.0163659290303,-22.286011229502463,tribus_villages_nc,132,3201,Waho Touaourou Goro
municipales_2020,1,,,988,98832,Yaté,YATE,0003,227,171,56,171,0,0,4,LNC,KOROMA,Jean-Louis,M,Jean-Louis KOROMA,UC-FLNKS,31,13.66,18.13,,Goro,GORO,1,Goro,Yaté,LIEU_DIT_NC,TRIBU,Xéré,167.0163659290303,-22.286011229502463,tribus_villages_nc,132,3201,Waho Touaourou Goro
municipales_2020,1,,,988,98832,Yaté,YATE,0003,227,171,56,171,0,0,5,LNC,GOUETCHA,Victor,M,Victor GOUETCHA,EBUNUIRE NE YATRE ITEA,53,23.35,30.99,,Goro,GORO,1,Goro,Yaté,LIEU_DIT_NC,TRIBU,Xéré,167.0163659290303,-22.286011229502463,tribus_villages_nc,132,3201,Waho Touaourou Goro
municipales_2020,1,,,988,98832,Yaté,YATE,0004,770,553,217,552,0,1,1,LNC,OUETCHO,Etienne,M,Etienne OUETCHO,UNIR POUR BATIR YATE,103,13.38,18.66,,Unia,UNIA,1,Unia,Yaté,LIEU_DIT_NC,TRIBU,,166.89998901288348,-22.06107261844911,tribus_villages_nc,133,3202,Unia Ouinné
municipales_2020,1,,,988,98832,Yaté,YATE,0004,770,553,217,552,0,1,2,LNC,NEWEDOU,Sylvestre,M,Sylvestre NEWEDOU,BIEN VIVRE A YATE,30,3.9,5.43,,Unia,UNIA,1,Unia,Yaté,LIEU_DIT_NC,TRIBU,,166.89998901288348,-22.06107261844911,tribus_villages_nc,133,3202,Unia Ouinné
municipales_2020,1,,,988,98832,Yaté,YATE,0004,770,553,217,552,0,1,3,LNC,DIGOUE,Adolphe Kamebo,M,Adolphe Kamebo DIGOUE,"YATE, SUR LE CHEMIN DE LA SOUVERAINETE",197,25.58,35.69,,Unia,UNIA,1,Unia,Yaté,LIEU_DIT_NC,TRIBU,,166.89998901288348,-22.06107261844911,tribus_villages_nc,133,3202,Unia Ouinné
municipales_2020,1,,,988,98832,Yaté,YATE,0004,770,553,217,552,0,1,4,LNC,KOROMA,Jean-Louis,M,Jean-Louis KOROMA,UC-FLNKS,33,4.29,5.98,,Unia,UNIA,1,Unia,Yaté,LIEU_DIT_NC,TRIBU,,166.89998901288348,-22.06107261844911,tribus_villages_nc,133,3202,Unia Ouinné
municipales_2020,1,,,988,98832,Yaté,YATE,0004,770,553,217,552,0,1,5,LNC,GOUETCHA,Victor,M,Victor GOUETCHA,EBUNUIRE NE YATRE ITEA,189,24.55,34.24,,Unia,UNIA,1,Unia,Yaté,LIEU_DIT_NC,TRIBU,,166.89998901288348,-22.06107261844911,tribus_villages_nc,133,3202,Unia Ouinné
municipales_2020,1,,,988,98833,Kouaoua,KOUAOUA,0001,584,391,193,386,2,3,1,LNC,HARI,Irenee,M,Irenee HARI,ARRO NA NÂBO ROA MÖRRÖ UC FLNKS,88,15.07,22.8,,Mairie,MAIRIE,0.7,KOUAOUA,Kouaoua,LIEU_DIT_NC,VILLE,Aumu,165.82856671021466,-21.396045166693337,tribus_villages_nc,134,3301,Kouaoua village - Amon Kasiori
municipales_2020,1,,,988,98833,Kouaoua,KOUAOUA,0001,584,391,193,386,2,3,2,LNC,THIAMEA,Lorina,F,Lorina THIAMEA,PALIKA KAAWIIPAA NI DAWANI,67,11.47,17.36,,Mairie,MAIRIE,0.7,KOUAOUA,Kouaoua,LIEU_DIT_NC,VILLE,Aumu,165.82856671021466,-21.396045166693337,tribus_villages_nc,134,3301,Kouaoua village - Amon Kasiori
municipales_2020,1,,,988,98833,Kouaoua,KOUAOUA,0001,584,391,193,386,2,3,3,LNC,PONGA,Alcide,M,Alcide PONGA,"KAAWIIPAA TERRE, COMMUNE ET AVENIR",231,39.55,59.84,,Mairie,MAIRIE,0.7,KOUAOUA,Kouaoua,LIEU_DIT_NC,VILLE,Aumu,165.82856671021466,-21.396045166693337,tribus_villages_nc,134,3301,Kouaoua village - Amon Kasiori
municipales_2020,1,,,988,98833,Kouaoua,KOUAOUA,0002,270,180,90,179,0,1,1,LNC,HARI,Irenee,M,Irenee HARI,ARRO NA NÂBO ROA MÖRRÖ UC FLNKS,52,19.26,29.05,,Maison commune de Ouérou-Pimet,MAISON COMMUNE OUEROU PIMET,0.95,Ouéroupimé,Kouaoua,LIEU_DIT_NC,TRIBU,Wérupimé,165.72221294003012,-21.49791198784617,tribus_villages_nc,135,3302,Méa Mébara - Ouérou Pimet
municipales_2020,1,,,988,98833,Kouaoua,KOUAOUA,0002,270,180,90,179,0,1,2,LNC,THIAMEA,Lorina,F,Lorina THIAMEA,PALIKA KAAWIIPAA NI DAWANI,68,25.19,37.99,,Maison commune de Ouérou-Pimet,MAISON COMMUNE OUEROU PIMET,0.95,Ouéroupimé,Kouaoua,LIEU_DIT_NC,TRIBU,Wérupimé,165.72221294003012,-21.49791198784617,tribus_villages_nc,135,3302,Méa Mébara - Ouérou Pimet
municipales_2020,1,,,988,98833,Kouaoua,KOUAOUA,0002,270,180,90,179,0,1,3,LNC,PONGA,Alcide,M,Alcide PONGA,"KAAWIIPAA TERRE, COMMUNE ET AVENIR",59,21.85,32.96,,Maison commune de Ouérou-Pimet,MAISON COMMUNE OUEROU PIMET,0.95,Ouéroupimé,Kouaoua,LIEU_DIT_NC,TRIBU,Wérupimé,165.72221294003012,-21.49791198784617,tribus_villages_nc,135,3302,Méa Mébara - Ouérou Pimet
municipales_2020,1,,,988,98833,Kouaoua,KOUAOUA,0003,149,123,26,121,1,1,1,LNC,HARI,Irenee,M,Irenee HARI,ARRO NA NÂBO ROA MÖRRÖ UC FLNKS,39,26.17,32.23,,Koh,KOH,1,Koh,Kouaoua,LIEU_DIT_NC,TRIBU,,165.83542921955194,-21.536184530370736,tribus_villages_nc,135,3302,Méa Mébara - Ouérou Pimet
municipales_2020,1,,,988,98833,Kouaoua,KOUAOUA,0003,149,123,26,121,1,1,2,LNC,THIAMEA,Lorina,F,Lorina THIAMEA,PALIKA KAAWIIPAA NI DAWANI,19,12.75,15.7,,Koh,KOH,1,Koh,Kouaoua,LIEU_DIT_NC,TRIBU,,165.83542921955194,-21.536184530370736,tribus_villages_nc,135,3302,Méa Mébara - Ouérou Pimet
municipales_2020,1,,,988,98833,Kouaoua,KOUAOUA,0003,149,123,26,121,1,1,3,LNC,PONGA,Alcide,M,Alcide PONGA,"KAAWIIPAA TERRE, COMMUNE ET AVENIR",63,42.28,52.07,,Koh,KOH,1,Koh,Kouaoua,LIEU_DIT_NC,TRIBU,,165.83542921955194,-21.536184530370736,tribus_villages_nc,135,3302,Méa Mébara - Ouérou Pimet
municipales_2020,1,,,988,98833,Kouaoua,KOUAOUA,0004,172,112,60,111,1,0,1,LNC,HARI,Irenee,M,Irenee HARI,ARRO NA NÂBO ROA MÖRRÖ UC FLNKS,41,23.84,36.94,,Méa-Mébara,MEA MEBARA,1,Méa Mébara,Kouaoua,LIEU_DIT_NC,TRIBU,,165.78859040310297,-21.469132110021317,tribus_villages_nc,135,3302,Méa Mébara - Ouérou Pimet
municipales_2020,1,,,988,98833,Kouaoua,KOUAOUA,0004,172,112,60,111,1,0,2,LNC,THIAMEA,Lorina,F,Lorina THIAMEA,PALIKA KAAWIIPAA NI DAWANI,40,23.26,36.04,,Méa-Mébara,MEA MEBARA,1,Méa Mébara,Kouaoua,LIEU_DIT_NC,TRIBU,,165.78859040310297,-21.469132110021317,tribus_villages_nc,135,3302,Méa Mébara - Ouérou Pimet
municipales_2020,1,,,988,98833,Kouaoua,KOUAOUA,0004,172,112,60,111,1,0,3,LNC,PONGA,Alcide,M,Alcide PONGA,"KAAWIIPAA TERRE, COMMUNE ET AVENIR",30,17.44,27.03,,Méa-Mébara,MEA MEBARA,1,Méa Mébara,Kouaoua,LIEU_DIT_NC,TRIBU,,165.78859040310297,-21.469132110021317,tribus_villages_nc,135,3302,Méa Mébara - Ouérou Pimet
