election,tour,province_code,province,code_departement,code_commune,commune,commune_norm,code_bv,inscrits,votants,abstentions,exprimes,blancs,nuls,bureau_nom,bureau_nom_norm,numero_liste,candidature,voix,pct_exprimes,match_score,etablissement_nom,etablissement_adresse,etablissement_theme1,etablissement_theme2,etablissement_theme3,longitude,latitude,geo_source,iris_id,iris_codgeo,iris_libgeo
provinciales_2019,,PIL,Province des Iles,988,98814,Lifou,LIFOU,0001,575,359,216,357,1,1,Mairie De We,MAIRIE DE WE,1,PIL_liste_01,6,1.68,,,,,,,164.9011843365689,-21.121493041727785,arrete_manual_tribus,112,2501,Pouembout village
provinciales_2019,,PIL,Province des Iles,988,98814,Lifou,LIFOU,0001,575,359,216,357,1,1,Mairie De We,MAIRIE DE WE,2,PIL_liste_02,189,52.94,,,,,,,164.9011843365689,-21.121493041727785,arrete_manual_tribus,112,2501,Pouembout village
provinciales_2019,,PIL,Province des Iles,988,98814,Lifou,LIFOU,0001,575,359,216,357,1,1,Mairie De We,MAIRIE DE WE,3,PIL_liste_03,28,7.84,,,,,,,164.9011843365689,-21.121493041727785,arrete_manual_tribus,112,2501,Pouembout village
provinciales_2019,,PIL,Province des Iles,988,98814,Lifou,LIFOU,0001,575,359,216,357,1,1,Mairie De We,MAIRIE DE WE,4,PIL_liste_04,7,1.96,,,,,,,164.9011843365689,-21.121493041727785,arrete_manual_tribus,112,2501,Pouembout village
provinciales_2019,,PIL,Province des Iles,988,98814,Lifou,LIFOU,0001,575,359,216,357,1,1,Mairie De We,MAIRIE DE WE,5,PIL_liste_05,28,7.84,,,,,,,164.9011843365689,-21.121493041727785,arrete_manual_tribus,112,2501,Pouembout village
provinciales_2019,,PIL,Province des Iles,988,98814,Lifou,LIFOU,0001,575,359,216,357,1,1,Mairie De We,MAIRIE DE WE,6,PIL_liste_06,69,19.33,,,,,,,164.9011843365689,-21.121493041727785,arrete_manual_tribus,112,2501,Pouembout village
provinciales_2019,,PIL,Province des Iles,988,98814,Lifou,LIFOU,0001,575,359,216,357,1,1,Mairie De We,MAIRIE DE WE,7,PIL_liste_07,2,0.56,,,,,,,164.9011843365689,-21.121493041727785,arrete_manual_tribus,112,2501,Pouembout village
provinciales_2019,,PIL,Province des Iles,988,98814,Lifou,LIFOU,0001,575,359,216,357,1,1,Mairie De We,MAIRIE DE WE,8,PIL_liste_08,28,7.84,,,,,,,164.9011843365689,-21.121493041727785,arrete_manual_tribus,112,2501,Pouembout village
provinciales_2019,,PIL,Province des Iles,988,98814,Lifou,LIFOU,0002,722,510,212,507,1,2,Xepenehe,XEPENEHE,1,PIL_liste_01,29,5.72,1,Chépénéhé,Lifou,LIEU_DIT_NC,TRIBU,Xepenehe,167.15272048120752,-20.78265899014055,tribus_villages_nc,16,1403,Wet
provinciales_2019,,PIL,Province des Iles,988,98814,Lifou,LIFOU,0002,722,510,212,507,1,2,Xepenehe,XEPENEHE,2,PIL_liste_02,292,57.59,1,Chépénéhé,Lifou,LIEU_DIT_NC,TRIBU,Xepenehe,167.15272048120752,-20.78265899014055,tribus_villages_nc,16,1403,Wet
provinciales_2019,,PIL,Province des Iles,988,98814,Lifou,LIFOU,0002,722,510,212,507,1,2,Xepenehe,XEPENEHE,3,PIL_liste_03,143,28.21,1,Chépénéhé,Lifou,LIEU_DIT_NC,TRIBU,Xepenehe,167.15272048120752,-20.78265899014055,tribus_villages_nc,16,1403,Wet
provinciales_2019,,PIL,Province des Iles,988,98814,Lifou,LIFOU,0002,722,510,212,507,1,2,Xepenehe,XEPENEHE,4,PIL_liste_04,5,0.99,1,Chépénéhé,Lifou,LIEU_DIT_NC,TRIBU,Xepenehe,167.15272048120752,-20.78265899014055,tribus_villages_nc,16,1403,Wet
provinciales_2019,,PIL,Province des Iles,988,98814,Lifou,LIFOU,0002,722,510,212,507,1,2,Xepenehe,XEPENEHE,5,PIL_liste_05,9,1.78,1,Chépénéhé,Lifou,LIEU_DIT_NC,TRIBU,Xepenehe,167.15272048120752,-20.78265899014055,tribus_villages_nc,16,1403,Wet
provinciales_2019,,PIL,Province des Iles,988,98814,Lifou,LIFOU,0002,722,510,212,507,1,2,Xepenehe,XEPENEHE,6,PIL_liste_06,5,0.99,1,Chépénéhé,Lifou,LIEU_DIT_NC,TRIBU,Xepenehe,167.15272048120752,-20.78265899014055,tribus_villages_nc,16,1403,Wet
provinciales_2019,,PIL,Province des Iles,988,98814,Lifou,LIFOU,0002,722,510,212,507,1,2,Xepenehe,XEPENEHE,7,PIL_liste_07,0,0,1,Chépénéhé,Lifou,LIEU_DIT_NC,TRIBU,Xepenehe,167.15272048120752,-20.78265899014055,tribus_villages_nc,16,1403,Wet
provinciales_2019,,PIL,Province des Iles,988,98814,Lifou,LIFOU,0002,722,510,212,507,1,2,Xepenehe,XEPENEHE,8,PIL_liste_08,24,4.73,1,Chépénéhé,Lifou,LIEU_DIT_NC,TRIBU,Xepenehe,167.15272048120752,-20.78265899014055,tribus_villages_nc,16,1403,Wet
provinciales_2019,,PIL,Province des Iles,988,98814,Lifou,LIFOU,0003,736,506,230,504,2,0,Drueulu,DRUEULU,1,PIL_liste_01,6,1.19,1,Douéoulou,Lifou,LIEU_DIT_NC,TRIBU,Drueulu,167.07853761275717,-20.930242999544458,tribus_villages_nc,14,1401,Gaitcha
provinciales_2019,,PIL,Province des Iles,988,98814,Lifou,LIFOU,0003,736,506,230,504,2,0,Drueulu,DRUEULU,2,PIL_liste_02,189,37.5,1,Douéoulou,Lifou,LIEU_DIT_NC,TRIBU,Drueulu,167.07853761275717,-20.930242999544458,tribus_villages_nc,14,1401,Gaitcha
provinciales_2019,,PIL,Province des Iles,988,98814,Lifou,LIFOU,0003,736,506,230,504,2,0,Drueulu,DRUEULU,3,PIL_liste_03,98,19.44,1,Douéoulou,Lifou,LIEU_DIT_NC,TRIBU,Drueulu,167.07853761275717,-20.930242999544458,tribus_villages_nc,14,1401,Gaitcha
provinciales_2019,,PIL,Province des Iles,988,98814,Lifou,LIFOU,0003,736,506,230,504,2,0,Drueulu,DRUEULU,4,PIL_liste_04,1,0.2,1,Douéoulou,Lifou,LIEU_DIT_NC,TRIBU,Drueulu,167.07853761275717,-20.930242999544458,tribus_villages_nc,14,1401,Gaitcha
provinciales_2019,,PIL,Province des Iles,988,98814,Lifou,LIFOU,0003,736,506,230,504,2,0,Drueulu,DRUEULU,5,PIL_liste_05,20,3.97,1,Douéoulou,Lifou,LIEU_DIT_NC,TRIBU,Drueulu,167.07853761275717,-20.930242999544458,tribus_villages_nc,14,1401,Gaitcha
provinciales_2019,,PIL,Province des Iles,988,98814,Lifou,LIFOU,0003,736,506,230,504,2,0,Drueulu,DRUEULU,6,PIL_liste_06,17,3.37,1,Douéoulou,Lifou,LIEU_DIT_NC,TRIBU,Drueulu,167.07853761275717,-20.930242999544458,tribus_villages_nc,14,1401,Gaitcha
provinciales_2019,,PIL,Province des Iles,988,98814,Lifou,LIFOU,0003,736,506,230,504,2,0,Drueulu,DRUEULU,7,PIL_liste_07,13,2.58,1,Douéoulou,Lifou,LIEU_DIT_NC,TRIBU,Drueulu,167.07853761275717,-20.930242999544458,tribus_villages_nc,14,1401,Gaitcha
provinciales_2019,,PIL,Province des Iles,988,98814,Lifou,LIFOU,0003,736,506,230,504,2,0,Drueulu,DRUEULU,8,PIL_liste_08,160,31.75,1,Douéoulou,Lifou,LIEU_DIT_NC,TRIBU,Drueulu,167.07853761275717,-20.930242999544458,tribus_villages_nc,14,1401,Gaitcha
provinciales_2019,,PIL,Province des Iles,988,98814,Lifou,LIFOU,0004,377,264,113,262,1,1,Jozip,JOZIP,1,PIL_liste_01,3,1.15,1,Jozip,Lifou,LIEU_DIT_NC,TRIBU,,167.34721888788647,-20.940435542649407,tribus_villages_nc,15,1402,Lössi
provinciales_2019,,PIL,Province des Iles,988,98814,Lifou,LIFOU,0004,377,264,113,262,1,1,Jozip,JOZIP,2,PIL_liste_02,54,20.61,1,Jozip,Lifou,LIEU_DIT_NC,TRIBU,,167.34721888788647,-20.940435542649407,tribus_villages_nc,15,1402,Lössi
provinciales_2019,,PIL,Province des Iles,988,98814,Lifou,LIFOU,0004,377,264,113,262,1,1,Jozip,JOZIP,3,PIL_liste_03,48,18.32,1,Jozip,Lifou,LIEU_DIT_NC,TRIBU,,167.34721888788647,-20.940435542649407,tribus_villages_nc,15,1402,Lössi
provinciales_2019,,PIL,Province des Iles,988,98814,Lifou,LIFOU,0004,377,264,113,262,1,1,Jozip,JOZIP,4,PIL_liste_04,3,1.15,1,Jozip,Lifou,LIEU_DIT_NC,TRIBU,,167.34721888788647,-20.940435542649407,tribus_villages_nc,15,1402,Lössi
provinciales_2019,,PIL,Province des Iles,988,98814,Lifou,LIFOU,0004,377,264,113,262,1,1,Jozip,JOZIP,5,PIL_liste_05,8,3.05,1,Jozip,Lifou,LIEU_DIT_NC,TRIBU,,167.34721888788647,-20.940435542649407,tribus_villages_nc,15,1402,Lössi
provinciales_2019,,PIL,Province des Iles,988,98814,Lifou,LIFOU,0004,377,264,113,262,1,1,Jozip,JOZIP,6,PIL_liste_06,22,8.4,1,Jozip,Lifou,LIEU_DIT_NC,TRIBU,,167.34721888788647,-20.940435542649407,tribus_villages_nc,15,1402,Lössi
provinciales_2019,,PIL,Province des Iles,988,98814,Lifou,LIFOU,0004,377,264,113,262,1,1,Jozip,JOZIP,7,PIL_liste_07,1,0.38,1,Jozip,Lifou,LIEU_DIT_NC,TRIBU,,167.34721888788647,-20.940435542649407,tribus_villages_nc,15,1402,Lössi
provinciales_2019,,PIL,Province des Iles,988,98814,Lifou,LIFOU,0004,377,264,113,262,1,1,Jozip,JOZIP,8,PIL_liste_08,123,46.95,1,Jozip,Lifou,LIEU_DIT_NC,TRIBU,,167.34721888788647,-20.940435542649407,tribus_villages_nc,15,1402,Lössi
provinciales_2019,,PIL,Province des Iles,988,98814,Lifou,LIFOU,0005,422,272,150,269,1,2,Jokin,JOKIN,1,PIL_liste_01,5,1.86,1,Jokin,Lifou,LIEU_DIT_NC,TRIBU,,167.16447665584124,-20.703384020726688,tribus_villages_nc,16,1403,Wet
provinciales_2019,,PIL,Province des Iles,988,98814,Lifou,LIFOU,0005,422,272,150,269,1,2,Jokin,JOKIN,2,PIL_liste_02,164,60.97,1,Jokin,Lifou,LIEU_DIT_NC,TRIBU,,167.16447665584124,-20.703384020726688,tribus_villages_nc,16,1403,Wet
provinciales_2019,,PIL,Province des Iles,988,98814,Lifou,LIFOU,0005,422,272,150,269,1,2,Jokin,JOKIN,3,PIL_liste_03,81,30.11,1,Jokin,Lifou,LIEU_DIT_NC,TRIBU,,167.16447665584124,-20.703384020726688,tribus_villages_nc,16,1403,Wet
provinciales_2019,,PIL,Province des Iles,988,98814,Lifou,LIFOU,0005,422,272,150,269,1,2,Jokin,JOKIN,4,PIL_liste_04,3,1.12,1,Jokin,Lifou,LIEU_DIT_NC,TRIBU,,167.16447665584124,-20.703384020726688,tribus_villages_nc,16,1403,Wet
provinciales_2019,,PIL,Province des Iles,988,98814,Lifou,LIFOU,0005,422,272,150,269,1,2,Jokin,JOKIN,5,PIL_liste_05,6,2.23,1,Jokin,Lifou,LIEU_DIT_NC,TRIBU,,167.16447665584124,-20.703384020726688,tribus_villages_nc,16,1403,Wet
provinciales_2019,,PIL,Province des Iles,988,98814,Lifou,LIFOU,0005,422,272,150,269,1,2,Jokin,JOKIN,6,PIL_liste_06,2,0.74,1,Jokin,Lifou,LIEU_DIT_NC,TRIBU,,167.16447665584124,-20.703384020726688,tribus_villages_nc,16,1403,Wet
provinciales_2019,,PIL,Province des Iles,988,98814,Lifou,LIFOU,0005,422,272,150,269,1,2,Jokin,JOKIN,7,PIL_liste_07,0,0,1,Jokin,Lifou,LIEU_DIT_NC,TRIBU,,167.16447665584124,-20.703384020726688,tribus_villages_nc,16,1403,Wet
provinciales_2019,,PIL,Province des Iles,988,98814,Lifou,LIFOU,0005,422,272,150,269,1,2,Jokin,JOKIN,8,PIL_liste_08,8,2.97,1,Jokin,Lifou,LIEU_DIT_NC,TRIBU,,167.16447665584124,-20.703384020726688,tribus_villages_nc,16,1403,Wet
provinciales_2019,,PIL,Province des Iles,988,98814,Lifou,LIFOU,0006,585,296,289,292,3,1,Hmelek,HMELEK,1,PIL_liste_01,10,3.42,1,Hmelek,Lifou,LIEU_DIT_NC,TRIBU,,167.28575148149378,-21.047986298100245,tribus_villages_nc,15,1402,Lössi
provinciales_2019,,PIL,Province des Iles,988,98814,Lifou,LIFOU,0006,585,296,289,292,3,1,Hmelek,HMELEK,2,PIL_liste_02,176,60.27,1,Hmelek,Lifou,LIEU_DIT_NC,TRIBU,,167.28575148149378,-21.047986298100245,tribus_villages_nc,15,1402,Lössi
provinciales_2019,,PIL,Province des Iles,988,98814,Lifou,LIFOU,0006,585,296,289,292,3,1,Hmelek,HMELEK,3,PIL_liste_03,38,13.01,1,Hmelek,Lifou,LIEU_DIT_NC,TRIBU,,167.28575148149378,-21.047986298100245,tribus_villages_nc,15,1402,Lössi
provinciales_2019,,PIL,Province des Iles,988,98814,Lifou,LIFOU,0006,585,296,289,292,3,1,Hmelek,HMELEK,4,PIL_liste_04,8,2.74,1,Hmelek,Lifou,LIEU_DIT_NC,TRIBU,,167.28575148149378,-21.047986298100245,tribus_villages_nc,15,1402,Lössi
provinciales_2019,,PIL,Province des Iles,988,98814,Lifou,LIFOU,0006,585,296,289,292,3,1,Hmelek,HMELEK,5,PIL_liste_05,10,3.42,1,Hmelek,Lifou,LIEU_DIT_NC,TRIBU,,167.28575148149378,-21.047986298100245,tribus_villages_nc,15,1402,Lössi
provinciales_2019,,PIL,Province des Iles,988,98814,Lifou,LIFOU,0006,585,296,289,292,3,1,Hmelek,HMELEK,6,PIL_liste_06,29,9.93,1,Hmelek,Lifou,LIEU_DIT_NC,TRIBU,,167.28575148149378,-21.047986298100245,tribus_villages_nc,15,1402,Lössi
provinciales_2019,,PIL,Province des Iles,988,98814,Lifou,LIFOU,0006,585,296,289,292,3,1,Hmelek,HMELEK,7,PIL_liste_07,0,0,1,Hmelek,Lifou,LIEU_DIT_NC,TRIBU,,167.28575148149378,-21.047986298100245,tribus_villages_nc,15,1402,Lössi
provinciales_2019,,PIL,Province des Iles,988,98814,Lifou,LIFOU,0006,585,296,289,292,3,1,Hmelek,HMELEK,8,PIL_liste_08,21,7.19,1,Hmelek,Lifou,LIEU_DIT_NC,TRIBU,,167.28575148149378,-21.047986298100245,tribus_villages_nc,15,1402,Lössi
provinciales_2019,,PIL,Province des Iles,988,98814,Lifou,LIFOU,0007,547,314,233,310,2,2,Mou,MOU,1,PIL_liste_01,2,0.65,1,Mou,Lifou,LIEU_DIT_NC,TRIBU,Mu,167.41341301025318,-21.092299627592674,tribus_villages_nc,15,1402,Lössi
provinciales_2019,,PIL,Province des Iles,988,98814,Lifou,LIFOU,0007,547,314,233,310,2,2,Mou,MOU,2,PIL_liste_02,170,54.84,1,Mou,Lifou,LIEU_DIT_NC,TRIBU,Mu,167.41341301025318,-21.092299627592674,tribus_villages_nc,15,1402,Lössi
provinciales_2019,,PIL,Province des Iles,988,98814,Lifou,LIFOU,0007,547,314,233,310,2,2,Mou,MOU,3,PIL_liste_03,19,6.13,1,Mou,Lifou,LIEU_DIT_NC,TRIBU,Mu,167.41341301025318,-21.092299627592674,tribus_villages_nc,15,1402,Lössi
provinciales_2019,,PIL,Province des Iles,988,98814,Lifou,LIFOU,0007,547,314,233,310,2,2,Mou,MOU,4,PIL_liste_04,6,1.94,1,Mou,Lifou,LIEU_DIT_NC,TRIBU,Mu,167.41341301025318,-21.092299627592674,tribus_villages_nc,15,1402,Lössi
provinciales_2019,,PIL,Province des Iles,988,98814,Lifou,LIFOU,0007,547,314,233,310,2,2,Mou,MOU,5,PIL_liste_05,15,4.84,1,Mou,Lifou,LIEU_DIT_NC,TRIBU,Mu,167.41341301025318,-21.092299627592674,tribus_villages_nc,15,1402,Lössi
provinciales_2019,,PIL,Province des Iles,988,98814,Lifou,LIFOU,0007,547,314,233,310,2,2,Mou,MOU,6,PIL_liste_06,66,21.29,1,Mou,Lifou,LIEU_DIT_NC,TRIBU,Mu,167.41341301025318,-21.092299627592674,tribus_villages_nc,15,1402,Lössi
provinciales_2019,,PIL,Province des Iles,988,98814,Lifou,LIFOU,0007,547,314,233,310,2,2,Mou,MOU,7,PIL_liste_07,0,0,1,Mou,Lifou,LIEU_DIT_NC,TRIBU,Mu,167.41341301025318,-21.092299627592674,tribus_villages_nc,15,1402,Lössi
provinciales_2019,,PIL,Province des Iles,988,98814,Lifou,LIFOU,0007,547,314,233,310,2,2,Mou,MOU,8,PIL_liste_08,32,10.32,1,Mou,Lifou,LIEU_DIT_NC,TRIBU,Mu,167.41341301025318,-21.092299627592674,tribus_villages_nc,15,1402,Lössi
provinciales_2019,,PIL,Province des Iles,988,98814,Lifou,LIFOU,0008,558,344,214,335,1,8,Hnathalo,HNATHALO,1,PIL_liste_01,8,2.39,0.75,Hnacaöm,Lifou,LIEU_DIT_NC,TRIBU,,167.20569292168463,-20.72173372554335,tribus_villages_nc,16,1403,Wet
provinciales_2019,,PIL,Province des Iles,988,98814,Lifou,LIFOU,0008,558,344,214,335,1,8,Hnathalo,HNATHALO,2,PIL_liste_02,265,79.1,0.75,Hnacaöm,Lifou,LIEU_DIT_NC,TRIBU,,167.20569292168463,-20.72173372554335,tribus_villages_nc,16,1403,Wet
provinciales_2019,,PIL,Province des Iles,988,98814,Lifou,LIFOU,0008,558,344,214,335,1,8,Hnathalo,HNATHALO,3,PIL_liste_03,8,2.39,0.75,Hnacaöm,Lifou,LIEU_DIT_NC,TRIBU,,167.20569292168463,-20.72173372554335,tribus_villages_nc,16,1403,Wet
provinciales_2019,,PIL,Province des Iles,988,98814,Lifou,LIFOU,0008,558,344,214,335,1,8,Hnathalo,HNATHALO,4,PIL_liste_04,3,0.9,0.75,Hnacaöm,Lifou,LIEU_DIT_NC,TRIBU,,167.20569292168463,-20.72173372554335,tribus_villages_nc,16,1403,Wet
provinciales_2019,,PIL,Province des Iles,988,98814,Lifou,LIFOU,0008,558,344,214,335,1,8,Hnathalo,HNATHALO,5,PIL_liste_05,6,1.79,0.75,Hnacaöm,Lifou,LIEU_DIT_NC,TRIBU,,167.20569292168463,-20.72173372554335,tribus_villages_nc,16,1403,Wet
provinciales_2019,,PIL,Province des Iles,988,98814,Lifou,LIFOU,0008,558,344,214,335,1,8,Hnathalo,HNATHALO,6,PIL_liste_06,7,2.09,0.75,Hnacaöm,Lifou,LIEU_DIT_NC,TRIBU,,167.20569292168463,-20.72173372554335,tribus_villages_nc,16,1403,Wet
provinciales_2019,,PIL,Province des Iles,988,98814,Lifou,LIFOU,0008,558,344,214,335,1,8,Hnathalo,HNATHALO,7,PIL_liste_07,8,2.39,0.75,Hnacaöm,Lifou,LIEU_DIT_NC,TRIBU,,167.20569292168463,-20.72173372554335,tribus_villages_nc,16,1403,Wet
provinciales_2019,,PIL,Province des Iles,988,98814,Lifou,LIFOU,0008,558,344,214,335,1,8,Hnathalo,HNATHALO,8,PIL_liste_08,30,8.96,0.75,Hnacaöm,Lifou,LIEU_DIT_NC,TRIBU,,167.20569292168463,-20.72173372554335,tribus_villages_nc,16,1403,Wet
provinciales_2019,,PIL,Province des Iles,988,98814,Lifou,LIFOU,0009,228,128,100,127,1,0,Hnacaom,HNACAOM,1,PIL_liste_01,2,1.57,1,Hnacaöm,Lifou,LIEU_DIT_NC,TRIBU,,167.20569292168463,-20.72173372554335,tribus_villages_nc,16,1403,Wet
provinciales_2019,,PIL,Province des Iles,988,98814,Lifou,LIFOU,0009,228,128,100,127,1,0,Hnacaom,HNACAOM,2,PIL_liste_02,63,49.61,1,Hnacaöm,Lifou,LIEU_DIT_NC,TRIBU,,167.20569292168463,-20.72173372554335,tribus_villages_nc,16,1403,Wet
provinciales_2019,,PIL,Province des Iles,988,98814,Lifou,LIFOU,0009,228,128,100,127,1,0,Hnacaom,HNACAOM,3,PIL_liste_03,19,14.96,1,Hnacaöm,Lifou,LIEU_DIT_NC,TRIBU,,167.20569292168463,-20.72173372554335,tribus_villages_nc,16,1403,Wet
provinciales_2019,,PIL,Province des Iles,988,98814,Lifou,LIFOU,0009,228,128,100,127,1,0,Hnacaom,HNACAOM,4,PIL_liste_04,8,6.3,1,Hnacaöm,Lifou,LIEU_DIT_NC,TRIBU,,167.20569292168463,-20.72173372554335,tribus_villages_nc,16,1403,Wet
provinciales_2019,,PIL,Province des Iles,988,98814,Lifou,LIFOU,0009,228,128,100,127,1,0,Hnacaom,HNACAOM,5,PIL_liste_05,12,9.45,1,Hnacaöm,Lifou,LIEU_DIT_NC,TRIBU,,167.20569292168463,-20.72173372554335,tribus_villages_nc,16,1403,Wet
provinciales_2019,,PIL,Province des Iles,988,98814,Lifou,LIFOU,0009,228,128,100,127,1,0,Hnacaom,HNACAOM,6,PIL_liste_06,8,6.3,1,Hnacaöm,Lifou,LIEU_DIT_NC,TRIBU,,167.20569292168463,-20.72173372554335,tribus_villages_nc,16,1403,Wet
provinciales_2019,,PIL,Province des Iles,988,98814,Lifou,LIFOU,0009,228,128,100,127,1,0,Hnacaom,HNACAOM,7,PIL_liste_07,0,0,1,Hnacaöm,Lifou,LIEU_DIT_NC,TRIBU,,167.20569292168463,-20.72173372554335,tribus_villages_nc,16,1403,Wet
provinciales_2019,,PIL,Province des Iles,988,98814,Lifou,LIFOU,0009,228,128,100,127,1,0,Hnacaom,HNACAOM,8,PIL_liste_08,15,11.81,1,Hnacaöm,Lifou,LIEU_DIT_NC,TRIBU,,167.20569292168463,-20.72173372554335,tribus_villages_nc,16,1403,Wet
provinciales_2019,,PIL,Province des Iles,988,98814,Lifou,LIFOU,0010,329,237,92,233,2,2,Siloam,SILOAM,1,PIL_liste_01,0,0,1,Siloam,Lifou,LIEU_DIT_NC,TRIBU,,167.10495154784974,-20.76013449602238,tribus_villages_nc,16,1403,Wet
provinciales_2019,,PIL,Province des Iles,988,98814,Lifou,LIFOU,0010,329,237,92,233,2,2,Siloam,SILOAM,2,PIL_liste_02,209,89.7,1,Siloam,Lifou,LIEU_DIT_NC,TRIBU,,167.10495154784974,-20.76013449602238,tribus_villages_nc,16,1403,Wet
provinciales_2019,,PIL,Province des Iles,988,98814,Lifou,LIFOU,0010,329,237,92,233,2,2,Siloam,SILOAM,3,PIL_liste_03,8,3.43,1,Siloam,Lifou,LIEU_DIT_NC,TRIBU,,167.10495154784974,-20.76013449602238,tribus_villages_nc,16,1403,Wet
provinciales_2019,,PIL,Province des Iles,988,98814,Lifou,LIFOU,0010,329,237,92,233,2,2,Siloam,SILOAM,4,PIL_liste_04,1,0.43,1,Siloam,Lifou,LIEU_DIT_NC,TRIBU,,167.10495154784974,-20.76013449602238,tribus_villages_nc,16,1403,Wet
provinciales_2019,,PIL,Province des Iles,988,98814,Lifou,LIFOU,0010,329,237,92,233,2,2,Siloam,SILOAM,5,PIL_liste_05,1,0.43,1,Siloam,Lifou,LIEU_DIT_NC,TRIBU,,167.10495154784974,-20.76013449602238,tribus_villages_nc,16,1403,Wet
provinciales_2019,,PIL,Province des Iles,988,98814,Lifou,LIFOU,0010,329,237,92,233,2,2,Siloam,SILOAM,6,PIL_liste_06,4,1.72,1,Siloam,Lifou,LIEU_DIT_NC,TRIBU,,167.10495154784974,-20.76013449602238,tribus_villages_nc,16,1403,Wet
provinciales_2019,,PIL,Province des Iles,988,98814,Lifou,LIFOU,0010,329,237,92,233,2,2,Siloam,SILOAM,7,PIL_liste_07,0,0,1,Siloam,Lifou,LIEU_DIT_NC,TRIBU,,167.10495154784974,-20.76013449602238,tribus_villages_nc,16,1403,Wet
provinciales_2019,,PIL,Province des Iles,988,98814,Lifou,LIFOU,0010,329,237,92,233,2,2,Siloam,SILOAM,8,PIL_liste_08,10,4.29,1,Siloam,Lifou,LIEU_DIT_NC,TRIBU,,167.10495154784974,-20.76013449602238,tribus_villages_nc,16,1403,Wet
provinciales_2019,,PIL,Province des Iles,988,98814,Lifou,LIFOU,0011,348,185,163,184,1,0,Wasany,WASANY,1,PIL_liste_01,1,0.54,1,Wasany,Lifou,LIEU_DIT_NC,TRIBU,,167.37793880476198,-21.00787866730366,tribus_villages_nc,15,1402,Lössi
provinciales_2019,,PIL,Province des Iles,988,98814,Lifou,LIFOU,0011,348,185,163,184,1,0,Wasany,WASANY,2,PIL_liste_02,87,47.28,1,Wasany,Lifou,LIEU_DIT_NC,TRIBU,,167.37793880476198,-21.00787866730366,tribus_villages_nc,15,1402,Lössi
provinciales_2019,,PIL,Province des Iles,988,98814,Lifou,LIFOU,0011,348,185,163,184,1,0,Wasany,WASANY,3,PIL_liste_03,17,9.24,1,Wasany,Lifou,LIEU_DIT_NC,TRIBU,,167.37793880476198,-21.00787866730366,tribus_villages_nc,15,1402,Lössi
provinciales_2019,,PIL,Province des Iles,988,98814,Lifou,LIFOU,0011,348,185,163,184,1,0,Wasany,WASANY,4,PIL_liste_04,3,1.63,1,Wasany,Lifou,LIEU_DIT_NC,TRIBU,,167.37793880476198,-21.00787866730366,tribus_villages_nc,15,1402,Lössi
provinciales_2019,,PIL,Province des Iles,988,98814,Lifou,LIFOU,0011,348,185,163,184,1,0,Wasany,WASANY,5,PIL_liste_05,2,1.09,1,Wasany,Lifou,LIEU_DIT_NC,TRIBU,,167.37793880476198,-21.00787866730366,tribus_villages_nc,15,1402,Lössi
provinciales_2019,,PIL,Province des Iles,988,98814,Lifou,LIFOU,0011,348,185,163,184,1,0,Wasany,WASANY,6,PIL_liste_06,43,23.37,1,Wasany,Lifou,LIEU_DIT_NC,TRIBU,,167.37793880476198,-21.00787866730366,tribus_villages_nc,15,1402,Lössi
provinciales_2019,,PIL,Province des Iles,988,98814,Lifou,LIFOU,0011,348,185,163,184,1,0,Wasany,WASANY,7,PIL_liste_07,4,2.17,1,Wasany,Lifou,LIEU_DIT_NC,TRIBU,,167.37793880476198,-21.00787866730366,tribus_villages_nc,15,1402,Lössi
provinciales_2019,,PIL,Province des Iles,988,98814,Lifou,LIFOU,0011,348,185,163,184,1,0,Wasany,WASANY,8,PIL_liste_08,27,14.67,1,Wasany,Lifou,LIEU_DIT_NC,TRIBU,,167.37793880476198,-21.00787866730366,tribus_villages_nc,15,1402,Lössi
provinciales_2019,,PIL,Province des Iles,988,98814,Lifou,LIFOU,0012,199,130,69,127,3,0,Tiga,TIGA,1,PIL_liste_01,3,2.36,1,Tiga,Lifou,LIEU_DIT_NC,TRIBU,Toka,167.79672481501146,-21.094104177809253,tribus_villages_nc,15,1402,Lössi
provinciales_2019,,PIL,Province des Iles,988,98814,Lifou,LIFOU,0012,199,130,69,127,3,0,Tiga,TIGA,2,PIL_liste_02,30,23.62,1,Tiga,Lifou,LIEU_DIT_NC,TRIBU,Toka,167.79672481501146,-21.094104177809253,tribus_villages_nc,15,1402,Lössi
provinciales_2019,,PIL,Province des Iles,988,98814,Lifou,LIFOU,0012,199,130,69,127,3,0,Tiga,TIGA,3,PIL_liste_03,87,68.5,1,Tiga,Lifou,LIEU_DIT_NC,TRIBU,Toka,167.79672481501146,-21.094104177809253,tribus_villages_nc,15,1402,Lössi
provinciales_2019,,PIL,Province des Iles,988,98814,Lifou,LIFOU,0012,199,130,69,127,3,0,Tiga,TIGA,4,PIL_liste_04,0,0,1,Tiga,Lifou,LIEU_DIT_NC,TRIBU,Toka,167.79672481501146,-21.094104177809253,tribus_villages_nc,15,1402,Lössi
provinciales_2019,,PIL,Province des Iles,988,98814,Lifou,LIFOU,0012,199,130,69,127,3,0,Tiga,TIGA,5,PIL_liste_05,0,0,1,Tiga,Lifou,LIEU_DIT_NC,TRIBU,Toka,167.79672481501146,-21.094104177809253,tribus_villages_nc,15,1402,Lössi
provinciales_2019,,PIL,Province des Iles,988,98814,Lifou,LIFOU,0012,199,130,69,127,3,0,Tiga,TIGA,6,PIL_liste_06,2,1.57,1,Tiga,Lifou,LIEU_DIT_NC,TRIBU,Toka,167.79672481501146,-21.094104177809253,tribus_villages_nc,15,1402,Lössi
provinciales_2019,,PIL,Province des Iles,988,98814,Lifou,LIFOU,0012,199,130,69,127,3,0,Tiga,TIGA,7,PIL_liste_07,0,0,1,Tiga,Lifou,LIEU_DIT_NC,TRIBU,Toka,167.79672481501146,-21.094104177809253,tribus_villages_nc,15,1402,Lössi
provinciales_2019,,PIL,Province des Iles,988,98814,Lifou,LIFOU,0012,199,130,69,127,3,0,Tiga,TIGA,8,PIL_liste_08,5,3.94,1,Tiga,Lifou,LIEU_DIT_NC,TRIBU,Toka,167.79672481501146,-21.094104177809253,tribus_villages_nc,15,1402,Lössi
provinciales_2019,,PIL,Province des Iles,988,98814,Lifou,LIFOU,0013,696,501,195,496,5,0,Luecila,LUECILA,1,PIL_liste_01,6,1.21,1,Luecila,Lifou,LIEU_DIT_NC,TRIBU,,167.25787949950455,-20.900908884449866,tribus_villages_nc,16,1403,Wet
provinciales_2019,,PIL,Province des Iles,988,98814,Lifou,LIFOU,0013,696,501,195,496,5,0,Luecila,LUECILA,2,PIL_liste_02,301,60.69,1,Luecila,Lifou,LIEU_DIT_NC,TRIBU,,167.25787949950455,-20.900908884449866,tribus_villages_nc,16,1403,Wet
provinciales_2019,,PIL,Province des Iles,988,98814,Lifou,LIFOU,0013,696,501,195,496,5,0,Luecila,LUECILA,3,PIL_liste_03,21,4.23,1,Luecila,Lifou,LIEU_DIT_NC,TRIBU,,167.25787949950455,-20.900908884449866,tribus_villages_nc,16,1403,Wet
provinciales_2019,,PIL,Province des Iles,988,98814,Lifou,LIFOU,0013,696,501,195,496,5,0,Luecila,LUECILA,4,PIL_liste_04,13,2.62,1,Luecila,Lifou,LIEU_DIT_NC,TRIBU,,167.25787949950455,-20.900908884449866,tribus_villages_nc,16,1403,Wet
provinciales_2019,,PIL,Province des Iles,988,98814,Lifou,LIFOU,0013,696,501,195,496,5,0,Luecila,LUECILA,5,PIL_liste_05,7,1.41,1,Luecila,Lifou,LIEU_DIT_NC,TRIBU,,167.25787949950455,-20.900908884449866,tribus_villages_nc,16,1403,Wet
provinciales_2019,,PIL,Province des Iles,988,98814,Lifou,LIFOU,0013,696,501,195,496,5,0,Luecila,LUECILA,6,PIL_liste_06,76,15.32,1,Luecila,Lifou,LIEU_DIT_NC,TRIBU,,167.25787949950455,-20.900908884449866,tribus_villages_nc,16,1403,Wet
provinciales_2019,,PIL,Province des Iles,988,98814,Lifou,LIFOU,0013,696,501,195,496,5,0,Luecila,LUECILA,7,PIL_liste_07,3,0.6,1,Luecila,Lifou,LIEU_DIT_NC,TRIBU,,167.25787949950455,-20.900908884449866,tribus_villages_nc,16,1403,Wet
provinciales_2019,,PIL,Province des Iles,988,98814,Lifou,LIFOU,0013,696,501,195,496,5,0,Luecila,LUECILA,8,PIL_liste_08,69,13.91,1,Luecila,Lifou,LIEU_DIT_NC,TRIBU,,167.25787949950455,-20.900908884449866,tribus_villages_nc,16,1403,Wet
provinciales_2019,,PIL,Province des Iles,988,98814,Lifou,LIFOU,0014,435,334,101,334,0,0,Hapetra,HAPETRA,1,PIL_liste_01,2,0.6,1,Hapetra,Lifou,LIEU_DIT_NC,TRIBU,,167.14706004416075,-20.93025342048714,tribus_villages_nc,14,1401,Gaitcha
provinciales_2019,,PIL,Province des Iles,988,98814,Lifou,LIFOU,0014,435,334,101,334,0,0,Hapetra,HAPETRA,2,PIL_liste_02,84,25.15,1,Hapetra,Lifou,LIEU_DIT_NC,TRIBU,,167.14706004416075,-20.93025342048714,tribus_villages_nc,14,1401,Gaitcha
provinciales_2019,,PIL,Province des Iles,988,98814,Lifou,LIFOU,0014,435,334,101,334,0,0,Hapetra,HAPETRA,3,PIL_liste_03,50,14.97,1,Hapetra,Lifou,LIEU_DIT_NC,TRIBU,,167.14706004416075,-20.93025342048714,tribus_villages_nc,14,1401,Gaitcha
provinciales_2019,,PIL,Province des Iles,988,98814,Lifou,LIFOU,0014,435,334,101,334,0,0,Hapetra,HAPETRA,4,PIL_liste_04,4,1.2,1,Hapetra,Lifou,LIEU_DIT_NC,TRIBU,,167.14706004416075,-20.93025342048714,tribus_villages_nc,14,1401,Gaitcha
provinciales_2019,,PIL,Province des Iles,988,98814,Lifou,LIFOU,0014,435,334,101,334,0,0,Hapetra,HAPETRA,5,PIL_liste_05,7,2.1,1,Hapetra,Lifou,LIEU_DIT_NC,TRIBU,,167.14706004416075,-20.93025342048714,tribus_villages_nc,14,1401,Gaitcha
provinciales_2019,,PIL,Province des Iles,988,98814,Lifou,LIFOU,0014,435,334,101,334,0,0,Hapetra,HAPETRA,6,PIL_liste_06,22,6.59,1,Hapetra,Lifou,LIEU_DIT_NC,TRIBU,,167.14706004416075,-20.93025342048714,tribus_villages_nc,14,1401,Gaitcha
provinciales_2019,,PIL,Province des Iles,988,98814,Lifou,LIFOU,0014,435,334,101,334,0,0,Hapetra,HAPETRA,7,PIL_liste_07,6,1.8,1,Hapetra,Lifou,LIEU_DIT_NC,TRIBU,,167.14706004416075,-20.93025342048714,tribus_villages_nc,14,1401,Gaitcha
provinciales_2019,,PIL,Province des Iles,988,98814,Lifou,LIFOU,0014,435,334,101,334,0,0,Hapetra,HAPETRA,8,PIL_liste_08,159,47.6,1,Hapetra,Lifou,LIEU_DIT_NC,TRIBU,,167.14706004416075,-20.93025342048714,tribus_villages_nc,14,1401,Gaitcha
provinciales_2019,,PIL,Province des Iles,988,98814,Lifou,LIFOU,0015,407,250,157,247,1,2,Nang,NANG,1,PIL_liste_01,10,4.05,,,,,,,167.2237643213265,-20.78244820991056,arrete_manual_tribus,16,1403,Wet
provinciales_2019,,PIL,Province des Iles,988,98814,Lifou,LIFOU,0015,407,250,157,247,1,2,Nang,NANG,2,PIL_liste_02,108,43.72,,,,,,,167.2237643213265,-20.78244820991056,arrete_manual_tribus,16,1403,Wet
provinciales_2019,,PIL,Province des Iles,988,98814,Lifou,LIFOU,0015,407,250,157,247,1,2,Nang,NANG,3,PIL_liste_03,61,24.7,,,,,,,167.2237643213265,-20.78244820991056,arrete_manual_tribus,16,1403,Wet
provinciales_2019,,PIL,Province des Iles,988,98814,Lifou,LIFOU,0015,407,250,157,247,1,2,Nang,NANG,4,PIL_liste_04,1,0.4,,,,,,,167.2237643213265,-20.78244820991056,arrete_manual_tribus,16,1403,Wet
provinciales_2019,,PIL,Province des Iles,988,98814,Lifou,LIFOU,0015,407,250,157,247,1,2,Nang,NANG,5,PIL_liste_05,1,0.4,,,,,,,167.2237643213265,-20.78244820991056,arrete_manual_tribus,16,1403,Wet
provinciales_2019,,PIL,Province des Iles,988,98814,Lifou,LIFOU,0015,407,250,157,247,1,2,Nang,NANG,6,PIL_liste_06,6,2.43,,,,,,,167.2237643213265,-20.78244820991056,arrete_manual_tribus,16,1403,Wet
provinciales_2019,,PIL,Province des Iles,988,98814,Lifou,LIFOU,0015,407,250,157,247,1,2,Nang,NANG,7,PIL_liste_07,0,0,,,,,,,167.2237643213265,-20.78244820991056,arrete_manual_tribus,16,1403,Wet
provinciales_2019,,PIL,Province des Iles,988,98814,Lifou,LIFOU,0015,407,250,157,247,1,2,Nang,NANG,8,PIL_liste_08,60,24.29,,,,,,,167.2237643213265,-20.78244820991056,arrete_manual_tribus,16,1403,Wet
provinciales_2019,,PIL,Province des Iles,988,98814,Lifou,LIFOU,0016,174,89,85,89,0,0,Xodre,XODRE,1,PIL_liste_01,0,0,1,Xode,Lifou,LIEU_DIT_NC,TRIBU,Xodre,167.41059644422373,-21.127373900931634,tribus_villages_nc,15,1402,Lössi
provinciales_2019,,PIL,Province des Iles,988,98814,Lifou,LIFOU,0016,174,89,85,89,0,0,Xodre,XODRE,2,PIL_liste_02,29,32.58,1,Xode,Lifou,LIEU_DIT_NC,TRIBU,Xodre,167.41059644422373,-21.127373900931634,tribus_villages_nc,15,1402,Lössi
provinciales_2019,,PIL,Province des Iles,988,98814,Lifou,LIFOU,0016,174,89,85,89,0,0,Xodre,XODRE,3,PIL_liste_03,5,5.62,1,Xode,Lifou,LIEU_DIT_NC,TRIBU,Xodre,167.41059644422373,-21.127373900931634,tribus_villages_nc,15,1402,Lössi
provinciales_2019,,PIL,Province des Iles,988,98814,Lifou,LIFOU,0016,174,89,85,89,0,0,Xodre,XODRE,4,PIL_liste_04,0,0,1,Xode,Lifou,LIEU_DIT_NC,TRIBU,Xodre,167.41059644422373,-21.127373900931634,tribus_villages_nc,15,1402,Lössi
provinciales_2019,,PIL,Province des Iles,988,98814,Lifou,LIFOU,0016,174,89,85,89,0,0,Xodre,XODRE,5,PIL_liste_05,0,0,1,Xode,Lifou,LIEU_DIT_NC,TRIBU,Xodre,167.41059644422373,-21.127373900931634,tribus_villages_nc,15,1402,Lössi
provinciales_2019,,PIL,Province des Iles,988,98814,Lifou,LIFOU,0016,174,89,85,89,0,0,Xodre,XODRE,6,PIL_liste_06,17,19.1,1,Xode,Lifou,LIEU_DIT_NC,TRIBU,Xodre,167.41059644422373,-21.127373900931634,tribus_villages_nc,15,1402,Lössi
provinciales_2019,,PIL,Province des Iles,988,98814,Lifou,LIFOU,0016,174,89,85,89,0,0,Xodre,XODRE,7,PIL_liste_07,1,1.12,1,Xode,Lifou,LIEU_DIT_NC,TRIBU,Xodre,167.41059644422373,-21.127373900931634,tribus_villages_nc,15,1402,Lössi
provinciales_2019,,PIL,Province des Iles,988,98814,Lifou,LIFOU,0016,174,89,85,89,0,0,Xodre,XODRE,8,PIL_liste_08,37,41.57,1,Xode,Lifou,LIEU_DIT_NC,TRIBU,Xodre,167.41059644422373,-21.127373900931634,tribus_villages_nc,15,1402,Lössi
provinciales_2019,,PIL,Province des Iles,988,98814,Lifou,LIFOU,0017,415,267,148,265,1,1,Huiwatrul,HUIWATRUL,1,PIL_liste_01,5,1.89,1,Huiwatrul,Lifou,LIEU_DIT_NC,TRIBU,Hunöj,167.34969330586503,-21.090299188696775,tribus_villages_nc,15,1402,Lössi
provinciales_2019,,PIL,Province des Iles,988,98814,Lifou,LIFOU,0017,415,267,148,265,1,1,Huiwatrul,HUIWATRUL,2,PIL_liste_02,150,56.6,1,Huiwatrul,Lifou,LIEU_DIT_NC,TRIBU,Hunöj,167.34969330586503,-21.090299188696775,tribus_villages_nc,15,1402,Lössi
provinciales_2019,,PIL,Province des Iles,988,98814,Lifou,LIFOU,0017,415,267,148,265,1,1,Huiwatrul,HUIWATRUL,3,PIL_liste_03,4,1.51,1,Huiwatrul,Lifou,LIEU_DIT_NC,TRIBU,Hunöj,167.34969330586503,-21.090299188696775,tribus_villages_nc,15,1402,Lössi
provinciales_2019,,PIL,Province des Iles,988,98814,Lifou,LIFOU,0017,415,267,148,265,1,1,Huiwatrul,HUIWATRUL,4,PIL_liste_04,6,2.26,1,Huiwatrul,Lifou,LIEU_DIT_NC,TRIBU,Hunöj,167.34969330586503,-21.090299188696775,tribus_villages_nc,15,1402,Lössi
provinciales_2019,,PIL,Province des Iles,988,98814,Lifou,LIFOU,0017,415,267,148,265,1,1,Huiwatrul,HUIWATRUL,5,PIL_liste_05,4,1.51,1,Huiwatrul,Lifou,LIEU_DIT_NC,TRIBU,Hunöj,167.34969330586503,-21.090299188696775,tribus_villages_nc,15,1402,Lössi
provinciales_2019,,PIL,Province des Iles,988,98814,Lifou,LIFOU,0017,415,267,148,265,1,1,Huiwatrul,HUIWATRUL,6,PIL_liste_06,37,13.96,1,Huiwatrul,Lifou,LIEU_DIT_NC,TRIBU,Hunöj,167.34969330586503,-21.090299188696775,tribus_villages_nc,15,1402,Lössi
provinciales_2019,,PIL,Province des Iles,988,98814,Lifou,LIFOU,0017,415,267,148,265,1,1,Huiwatrul,HUIWATRUL,7,PIL_liste_07,2,0.75,1,Huiwatrul,Lifou,LIEU_DIT_NC,TRIBU,Hunöj,167.34969330586503,-21.090299188696775,tribus_villages_nc,15,1402,Lössi
provinciales_2019,,PIL,Province des Iles,988,98814,Lifou,LIFOU,0017,415,267,148,265,1,1,Huiwatrul,HUIWATRUL,8,PIL_liste_08,57,21.51,1,Huiwatrul,Lifou,LIEU_DIT_NC,TRIBU,Hunöj,167.34969330586503,-21.090299188696775,tribus_villages_nc,15,1402,Lössi
provinciales_2019,,PIL,Province des Iles,988,98814,Lifou,LIFOU,0018,354,209,145,209,0,0,Wedrumel,WEDRUMEL,1,PIL_liste_01,0,0,1,Wedumel,Lifou,LIEU_DIT_NC,TRIBU,Wedrumel,167.1109551627598,-20.984726331890663,tribus_villages_nc,14,1401,Gaitcha
provinciales_2019,,PIL,Province des Iles,988,98814,Lifou,LIFOU,0018,354,209,145,209,0,0,Wedrumel,WEDRUMEL,2,PIL_liste_02,132,63.16,1,Wedumel,Lifou,LIEU_DIT_NC,TRIBU,Wedrumel,167.1109551627598,-20.984726331890663,tribus_villages_nc,14,1401,Gaitcha
provinciales_2019,,PIL,Province des Iles,988,98814,Lifou,LIFOU,0018,354,209,145,209,0,0,Wedrumel,WEDRUMEL,3,PIL_liste_03,22,10.53,1,Wedumel,Lifou,LIEU_DIT_NC,TRIBU,Wedrumel,167.1109551627598,-20.984726331890663,tribus_villages_nc,14,1401,Gaitcha
provinciales_2019,,PIL,Province des Iles,988,98814,Lifou,LIFOU,0018,354,209,145,209,0,0,Wedrumel,WEDRUMEL,4,PIL_liste_04,3,1.44,1,Wedumel,Lifou,LIEU_DIT_NC,TRIBU,Wedrumel,167.1109551627598,-20.984726331890663,tribus_villages_nc,14,1401,Gaitcha
provinciales_2019,,PIL,Province des Iles,988,98814,Lifou,LIFOU,0018,354,209,145,209,0,0,Wedrumel,WEDRUMEL,5,PIL_liste_05,0,0,1,Wedumel,Lifou,LIEU_DIT_NC,TRIBU,Wedrumel,167.1109551627598,-20.984726331890663,tribus_villages_nc,14,1401,Gaitcha
provinciales_2019,,PIL,Province des Iles,988,98814,Lifou,LIFOU,0018,354,209,145,209,0,0,Wedrumel,WEDRUMEL,6,PIL_liste_06,32,15.31,1,Wedumel,Lifou,LIEU_DIT_NC,TRIBU,Wedrumel,167.1109551627598,-20.984726331890663,tribus_villages_nc,14,1401,Gaitcha
provinciales_2019,,PIL,Province des Iles,988,98814,Lifou,LIFOU,0018,354,209,145,209,0,0,Wedrumel,WEDRUMEL,7,PIL_liste_07,0,0,1,Wedumel,Lifou,LIEU_DIT_NC,TRIBU,Wedrumel,167.1109551627598,-20.984726331890663,tribus_villages_nc,14,1401,Gaitcha
provinciales_2019,,PIL,Province des Iles,988,98814,Lifou,LIFOU,0018,354,209,145,209,0,0,Wedrumel,WEDRUMEL,8,PIL_liste_08,20,9.57,1,Wedumel,Lifou,LIEU_DIT_NC,TRIBU,Wedrumel,167.1109551627598,-20.984726331890663,tribus_villages_nc,14,1401,Gaitcha
provinciales_2019,,PIL,Province des Iles,988,98814,Lifou,LIFOU,0019,379,200,179,198,1,1,Traput,TRAPUT,1,PIL_liste_01,2,1.01,1,Traput,Lifou,LIEU_DIT_NC,TRIBU,,167.30947771877948,-20.931287472634196,tribus_villages_nc,15,1402,Lössi
provinciales_2019,,PIL,Province des Iles,988,98814,Lifou,LIFOU,0019,379,200,179,198,1,1,Traput,TRAPUT,2,PIL_liste_02,119,60.1,1,Traput,Lifou,LIEU_DIT_NC,TRIBU,,167.30947771877948,-20.931287472634196,tribus_villages_nc,15,1402,Lössi
provinciales_2019,,PIL,Province des Iles,988,98814,Lifou,LIFOU,0019,379,200,179,198,1,1,Traput,TRAPUT,3,PIL_liste_03,13,6.57,1,Traput,Lifou,LIEU_DIT_NC,TRIBU,,167.30947771877948,-20.931287472634196,tribus_villages_nc,15,1402,Lössi
provinciales_2019,,PIL,Province des Iles,988,98814,Lifou,LIFOU,0019,379,200,179,198,1,1,Traput,TRAPUT,4,PIL_liste_04,6,3.03,1,Traput,Lifou,LIEU_DIT_NC,TRIBU,,167.30947771877948,-20.931287472634196,tribus_villages_nc,15,1402,Lössi
provinciales_2019,,PIL,Province des Iles,988,98814,Lifou,LIFOU,0019,379,200,179,198,1,1,Traput,TRAPUT,5,PIL_liste_05,0,0,1,Traput,Lifou,LIEU_DIT_NC,TRIBU,,167.30947771877948,-20.931287472634196,tribus_villages_nc,15,1402,Lössi
provinciales_2019,,PIL,Province des Iles,988,98814,Lifou,LIFOU,0019,379,200,179,198,1,1,Traput,TRAPUT,6,PIL_liste_06,19,9.6,1,Traput,Lifou,LIEU_DIT_NC,TRIBU,,167.30947771877948,-20.931287472634196,tribus_villages_nc,15,1402,Lössi
provinciales_2019,,PIL,Province des Iles,988,98814,Lifou,LIFOU,0019,379,200,179,198,1,1,Traput,TRAPUT,7,PIL_liste_07,1,0.51,1,Traput,Lifou,LIEU_DIT_NC,TRIBU,,167.30947771877948,-20.931287472634196,tribus_villages_nc,15,1402,Lössi
provinciales_2019,,PIL,Province des Iles,988,98814,Lifou,LIFOU,0019,379,200,179,198,1,1,Traput,TRAPUT,8,PIL_liste_08,38,19.19,1,Traput,Lifou,LIEU_DIT_NC,TRIBU,,167.30947771877948,-20.931287472634196,tribus_villages_nc,15,1402,Lössi
provinciales_2019,,PIL,Province des Iles,988,98814,Lifou,LIFOU,0020,467,301,166,301,0,0,Kedeigne,KEDEIGNE,1,PIL_liste_01,1,0.33,1,Kedeigne,Lifou,LIEU_DIT_NC,TRIBU,Kejëny,167.21465752873138,-21.037060872425982,tribus_villages_nc,15,1402,Lössi
provinciales_2019,,PIL,Province des Iles,988,98814,Lifou,LIFOU,0020,467,301,166,301,0,0,Kedeigne,KEDEIGNE,2,PIL_liste_02,56,18.6,1,Kedeigne,Lifou,LIEU_DIT_NC,TRIBU,Kejëny,167.21465752873138,-21.037060872425982,tribus_villages_nc,15,1402,Lössi
provinciales_2019,,PIL,Province des Iles,988,98814,Lifou,LIFOU,0020,467,301,166,301,0,0,Kedeigne,KEDEIGNE,3,PIL_liste_03,21,6.98,1,Kedeigne,Lifou,LIEU_DIT_NC,TRIBU,Kejëny,167.21465752873138,-21.037060872425982,tribus_villages_nc,15,1402,Lössi
provinciales_2019,,PIL,Province des Iles,988,98814,Lifou,LIFOU,0020,467,301,166,301,0,0,Kedeigne,KEDEIGNE,4,PIL_liste_04,5,1.66,1,Kedeigne,Lifou,LIEU_DIT_NC,TRIBU,Kejëny,167.21465752873138,-21.037060872425982,tribus_villages_nc,15,1402,Lössi
provinciales_2019,,PIL,Province des Iles,988,98814,Lifou,LIFOU,0020,467,301,166,301,0,0,Kedeigne,KEDEIGNE,5,PIL_liste_05,1,0.33,1,Kedeigne,Lifou,LIEU_DIT_NC,TRIBU,Kejëny,167.21465752873138,-21.037060872425982,tribus_villages_nc,15,1402,Lössi
provinciales_2019,,PIL,Province des Iles,988,98814,Lifou,LIFOU,0020,467,301,166,301,0,0,Kedeigne,KEDEIGNE,6,PIL_liste_06,29,9.63,1,Kedeigne,Lifou,LIEU_DIT_NC,TRIBU,Kejëny,167.21465752873138,-21.037060872425982,tribus_villages_nc,15,1402,Lössi
provinciales_2019,,PIL,Province des Iles,988,98814,Lifou,LIFOU,0020,467,301,166,301,0,0,Kedeigne,KEDEIGNE,7,PIL_liste_07,0,0,1,Kedeigne,Lifou,LIEU_DIT_NC,TRIBU,Kejëny,167.21465752873138,-21.037060872425982,tribus_villages_nc,15,1402,Lössi
provinciales_2019,,PIL,Province des Iles,988,98814,Lifou,LIFOU,0020,467,301,166,301,0,0,Kedeigne,KEDEIGNE,8,PIL_liste_08,188,62.46,1,Kedeigne,Lifou,LIEU_DIT_NC,TRIBU,Kejëny,167.21465752873138,-21.037060872425982,tribus_villages_nc,15,1402,Lössi
provinciales_2019,,PIL,Province des Iles,988,98814,Lifou,LIFOU,0021,273,152,121,152,0,0,Tingeting,TINGETING,1,PIL_liste_01,3,1.97,1,Tingeting,Lifou,LIEU_DIT_NC,TRIBU,,167.26667509635985,-20.741613827760364,tribus_villages_nc,16,1403,Wet
provinciales_2019,,PIL,Province des Iles,988,98814,Lifou,LIFOU,0021,273,152,121,152,0,0,Tingeting,TINGETING,2,PIL_liste_02,39,25.66,1,Tingeting,Lifou,LIEU_DIT_NC,TRIBU,,167.26667509635985,-20.741613827760364,tribus_villages_nc,16,1403,Wet
provinciales_2019,,PIL,Province des Iles,988,98814,Lifou,LIFOU,0021,273,152,121,152,0,0,Tingeting,TINGETING,3,PIL_liste_03,54,35.53,1,Tingeting,Lifou,LIEU_DIT_NC,TRIBU,,167.26667509635985,-20.741613827760364,tribus_villages_nc,16,1403,Wet
provinciales_2019,,PIL,Province des Iles,988,98814,Lifou,LIFOU,0021,273,152,121,152,0,0,Tingeting,TINGETING,4,PIL_liste_04,33,21.71,1,Tingeting,Lifou,LIEU_DIT_NC,TRIBU,,167.26667509635985,-20.741613827760364,tribus_villages_nc,16,1403,Wet
provinciales_2019,,PIL,Province des Iles,988,98814,Lifou,LIFOU,0021,273,152,121,152,0,0,Tingeting,TINGETING,5,PIL_liste_05,2,1.32,1,Tingeting,Lifou,LIEU_DIT_NC,TRIBU,,167.26667509635985,-20.741613827760364,tribus_villages_nc,16,1403,Wet
provinciales_2019,,PIL,Province des Iles,988,98814,Lifou,LIFOU,0021,273,152,121,152,0,0,Tingeting,TINGETING,6,PIL_liste_06,6,3.95,1,Tingeting,Lifou,LIEU_DIT_NC,TRIBU,,167.26667509635985,-20.741613827760364,tribus_villages_nc,16,1403,Wet
provinciales_2019,,PIL,Province des Iles,988,98814,Lifou,LIFOU,0021,273,152,121,152,0,0,Tingeting,TINGETING,7,PIL_liste_07,2,1.32,1,Tingeting,Lifou,LIEU_DIT_NC,TRIBU,,167.26667509635985,-20.741613827760364,tribus_villages_nc,16,1403,Wet
provinciales_2019,,PIL,Province des Iles,988,98814,Lifou,LIFOU,0021,273,152,121,152,0,0,Tingeting,TINGETING,8,PIL_liste_08,13,8.55,1,Tingeting,Lifou,LIEU_DIT_NC,TRIBU,,167.26667509635985,-20.741613827760364,tribus_villages_nc,16,1403,Wet
provinciales_2019,,PIL,Province des Iles,988,98814,Lifou,LIFOU,0022,230,124,106,124,0,0,Hunëtë,HUNETE,1,PIL_liste_01,1,0.81,1,Hunëtë,Lifou,LIEU_DIT_NC,TRIBU,,167.09364365001284,-20.763254184835077,tribus_villages_nc,16,1403,Wet
provinciales_2019,,PIL,Province des Iles,988,98814,Lifou,LIFOU,0022,230,124,106,124,0,0,Hunëtë,HUNETE,2,PIL_liste_02,96,77.42,1,Hunëtë,Lifou,LIEU_DIT_NC,TRIBU,,167.09364365001284,-20.763254184835077,tribus_villages_nc,16,1403,Wet
provinciales_2019,,PIL,Province des Iles,988,98814,Lifou,LIFOU,0022,230,124,106,124,0,0,Hunëtë,HUNETE,3,PIL_liste_03,7,5.65,1,Hunëtë,Lifou,LIEU_DIT_NC,TRIBU,,167.09364365001284,-20.763254184835077,tribus_villages_nc,16,1403,Wet
provinciales_2019,,PIL,Province des Iles,988,98814,Lifou,LIFOU,0022,230,124,106,124,0,0,Hunëtë,HUNETE,4,PIL_liste_04,0,0,1,Hunëtë,Lifou,LIEU_DIT_NC,TRIBU,,167.09364365001284,-20.763254184835077,tribus_villages_nc,16,1403,Wet
provinciales_2019,,PIL,Province des Iles,988,98814,Lifou,LIFOU,0022,230,124,106,124,0,0,Hunëtë,HUNETE,5,PIL_liste_05,0,0,1,Hunëtë,Lifou,LIEU_DIT_NC,TRIBU,,167.09364365001284,-20.763254184835077,tribus_villages_nc,16,1403,Wet
provinciales_2019,,PIL,Province des Iles,988,98814,Lifou,LIFOU,0022,230,124,106,124,0,0,Hunëtë,HUNETE,6,PIL_liste_06,5,4.03,1,Hunëtë,Lifou,LIEU_DIT_NC,TRIBU,,167.09364365001284,-20.763254184835077,tribus_villages_nc,16,1403,Wet
provinciales_2019,,PIL,Province des Iles,988,98814,Lifou,LIFOU,0022,230,124,106,124,0,0,Hunëtë,HUNETE,7,PIL_liste_07,1,0.81,1,Hunëtë,Lifou,LIEU_DIT_NC,TRIBU,,167.09364365001284,-20.763254184835077,tribus_villages_nc,16,1403,Wet
provinciales_2019,,PIL,Province des Iles,988,98814,Lifou,LIFOU,0022,230,124,106,124,0,0,Hunëtë,HUNETE,8,PIL_liste_08,14,11.29,1,Hunëtë,Lifou,LIEU_DIT_NC,TRIBU,,167.09364365001284,-20.763254184835077,tribus_villages_nc,16,1403,Wet
provinciales_2019,,PIL,Province des Iles,988,98814,Lifou,LIFOU,0023,350,273,77,268,2,3,Luengoni,LUENGONI,1,PIL_liste_01,1,0.37,,,,,,,167.4090226,-21.033997,tidygeocoder_osm,,,
provinciales_2019,,PIL,Province des Iles,988,98814,Lifou,LIFOU,0023,350,273,77,268,2,3,Luengoni,LUENGONI,2,PIL_liste_02,209,77.99,,,,,,,167.4090226,-21.033997,tidygeocoder_osm,,,
provinciales_2019,,PIL,Province des Iles,988,98814,Lifou,LIFOU,0023,350,273,77,268,2,3,Luengoni,LUENGONI,3,PIL_liste_03,14,5.22,,,,,,,167.4090226,-21.033997,tidygeocoder_osm,,,
provinciales_2019,,PIL,Province des Iles,988,98814,Lifou,LIFOU,0023,350,273,77,268,2,3,Luengoni,LUENGONI,4,PIL_liste_04,2,0.75,,,,,,,167.4090226,-21.033997,tidygeocoder_osm,,,
provinciales_2019,,PIL,Province des Iles,988,98814,Lifou,LIFOU,0023,350,273,77,268,2,3,Luengoni,LUENGONI,5,PIL_liste_05,19,7.09,,,,,,,167.4090226,-21.033997,tidygeocoder_osm,,,
provinciales_2019,,PIL,Province des Iles,988,98814,Lifou,LIFOU,0023,350,273,77,268,2,3,Luengoni,LUENGONI,6,PIL_liste_06,14,5.22,,,,,,,167.4090226,-21.033997,tidygeocoder_osm,,,
provinciales_2019,,PIL,Province des Iles,988,98814,Lifou,LIFOU,0023,350,273,77,268,2,3,Luengoni,LUENGONI,7,PIL_liste_07,0,0,,,,,,,167.4090226,-21.033997,tidygeocoder_osm,,,
provinciales_2019,,PIL,Province des Iles,988,98814,Lifou,LIFOU,0023,350,273,77,268,2,3,Luengoni,LUENGONI,8,PIL_liste_08,9,3.36,,,,,,,167.4090226,-21.033997,tidygeocoder_osm,,,
provinciales_2019,,PIL,Province des Iles,988,98814,Lifou,LIFOU,0024,146,80,66,79,1,0,Hnanemuhaetra,HNANEMUHAETRA,1,PIL_liste_01,2,2.53,1,Hnanemuhaetra,Lifou,LIEU_DIT_NC,TRIBU,,167.2208209830944,-20.707970338645733,tribus_villages_nc,16,1403,Wet
provinciales_2019,,PIL,Province des Iles,988,98814,Lifou,LIFOU,0024,146,80,66,79,1,0,Hnanemuhaetra,HNANEMUHAETRA,2,PIL_liste_02,48,60.76,1,Hnanemuhaetra,Lifou,LIEU_DIT_NC,TRIBU,,167.2208209830944,-20.707970338645733,tribus_villages_nc,16,1403,Wet
provinciales_2019,,PIL,Province des Iles,988,98814,Lifou,LIFOU,0024,146,80,66,79,1,0,Hnanemuhaetra,HNANEMUHAETRA,3,PIL_liste_03,14,17.72,1,Hnanemuhaetra,Lifou,LIEU_DIT_NC,TRIBU,,167.2208209830944,-20.707970338645733,tribus_villages_nc,16,1403,Wet
provinciales_2019,,PIL,Province des Iles,988,98814,Lifou,LIFOU,0024,146,80,66,79,1,0,Hnanemuhaetra,HNANEMUHAETRA,4,PIL_liste_04,6,7.59,1,Hnanemuhaetra,Lifou,LIEU_DIT_NC,TRIBU,,167.2208209830944,-20.707970338645733,tribus_villages_nc,16,1403,Wet
provinciales_2019,,PIL,Province des Iles,988,98814,Lifou,LIFOU,0024,146,80,66,79,1,0,Hnanemuhaetra,HNANEMUHAETRA,5,PIL_liste_05,1,1.27,1,Hnanemuhaetra,Lifou,LIEU_DIT_NC,TRIBU,,167.2208209830944,-20.707970338645733,tribus_villages_nc,16,1403,Wet
provinciales_2019,,PIL,Province des Iles,988,98814,Lifou,LIFOU,0024,146,80,66,79,1,0,Hnanemuhaetra,HNANEMUHAETRA,6,PIL_liste_06,3,3.8,1,Hnanemuhaetra,Lifou,LIEU_DIT_NC,TRIBU,,167.2208209830944,-20.707970338645733,tribus_villages_nc,16,1403,Wet
provinciales_2019,,PIL,Province des Iles,988,98814,Lifou,LIFOU,0024,146,80,66,79,1,0,Hnanemuhaetra,HNANEMUHAETRA,7,PIL_liste_07,0,0,1,Hnanemuhaetra,Lifou,LIEU_DIT_NC,TRIBU,,167.2208209830944,-20.707970338645733,tribus_villages_nc,16,1403,Wet
provinciales_2019,,PIL,Province des Iles,988,98814,Lifou,LIFOU,0024,146,80,66,79,1,0,Hnanemuhaetra,HNANEMUHAETRA,8,PIL_liste_08,5,6.33,1,Hnanemuhaetra,Lifou,LIEU_DIT_NC,TRIBU,,167.2208209830944,-20.707970338645733,tribus_villages_nc,16,1403,Wet
provinciales_2019,,PIL,Province des Iles,988,98814,Lifou,LIFOU,0025,225,140,85,140,0,0,Hnasse,HNASSE,1,PIL_liste_01,0,0,0.833,Hnaasé,Lifou,LIEU_DIT_NC,TRIBU,,167.26043772263108,-20.9143896938111,tribus_villages_nc,15,1402,Lössi
provinciales_2019,,PIL,Province des Iles,988,98814,Lifou,LIFOU,0025,225,140,85,140,0,0,Hnasse,HNASSE,2,PIL_liste_02,93,66.43,0.833,Hnaasé,Lifou,LIEU_DIT_NC,TRIBU,,167.26043772263108,-20.9143896938111,tribus_villages_nc,15,1402,Lössi
provinciales_2019,,PIL,Province des Iles,988,98814,Lifou,LIFOU,0025,225,140,85,140,0,0,Hnasse,HNASSE,3,PIL_liste_03,12,8.57,0.833,Hnaasé,Lifou,LIEU_DIT_NC,TRIBU,,167.26043772263108,-20.9143896938111,tribus_villages_nc,15,1402,Lössi
provinciales_2019,,PIL,Province des Iles,988,98814,Lifou,LIFOU,0025,225,140,85,140,0,0,Hnasse,HNASSE,4,PIL_liste_04,2,1.43,0.833,Hnaasé,Lifou,LIEU_DIT_NC,TRIBU,,167.26043772263108,-20.9143896938111,tribus_villages_nc,15,1402,Lössi
provinciales_2019,,PIL,Province des Iles,988,98814,Lifou,LIFOU,0025,225,140,85,140,0,0,Hnasse,HNASSE,5,PIL_liste_05,3,2.14,0.833,Hnaasé,Lifou,LIEU_DIT_NC,TRIBU,,167.26043772263108,-20.9143896938111,tribus_villages_nc,15,1402,Lössi
provinciales_2019,,PIL,Province des Iles,988,98814,Lifou,LIFOU,0025,225,140,85,140,0,0,Hnasse,HNASSE,6,PIL_liste_06,12,8.57,0.833,Hnaasé,Lifou,LIEU_DIT_NC,TRIBU,,167.26043772263108,-20.9143896938111,tribus_villages_nc,15,1402,Lössi
provinciales_2019,,PIL,Province des Iles,988,98814,Lifou,LIFOU,0025,225,140,85,140,0,0,Hnasse,HNASSE,7,PIL_liste_07,0,0,0.833,Hnaasé,Lifou,LIEU_DIT_NC,TRIBU,,167.26043772263108,-20.9143896938111,tribus_villages_nc,15,1402,Lössi
provinciales_2019,,PIL,Province des Iles,988,98814,Lifou,LIFOU,0025,225,140,85,140,0,0,Hnasse,HNASSE,8,PIL_liste_08,18,12.86,0.833,Hnaasé,Lifou,LIEU_DIT_NC,TRIBU,,167.26043772263108,-20.9143896938111,tribus_villages_nc,15,1402,Lössi
provinciales_2019,,PIL,Province des Iles,988,98814,Lifou,LIFOU,0026,166,117,49,117,0,0,Kirinata,KIRINATA,1,PIL_liste_01,11,9.4,1,Kirinata,Lifou,LIEU_DIT_NC,TRIBU,,167.24979496278135,-20.81569061412791,tribus_villages_nc,16,1403,Wet
provinciales_2019,,PIL,Province des Iles,988,98814,Lifou,LIFOU,0026,166,117,49,117,0,0,Kirinata,KIRINATA,2,PIL_liste_02,62,52.99,1,Kirinata,Lifou,LIEU_DIT_NC,TRIBU,,167.24979496278135,-20.81569061412791,tribus_villages_nc,16,1403,Wet
provinciales_2019,,PIL,Province des Iles,988,98814,Lifou,LIFOU,0026,166,117,49,117,0,0,Kirinata,KIRINATA,3,PIL_liste_03,14,11.97,1,Kirinata,Lifou,LIEU_DIT_NC,TRIBU,,167.24979496278135,-20.81569061412791,tribus_villages_nc,16,1403,Wet
provinciales_2019,,PIL,Province des Iles,988,98814,Lifou,LIFOU,0026,166,117,49,117,0,0,Kirinata,KIRINATA,4,PIL_liste_04,2,1.71,1,Kirinata,Lifou,LIEU_DIT_NC,TRIBU,,167.24979496278135,-20.81569061412791,tribus_villages_nc,16,1403,Wet
provinciales_2019,,PIL,Province des Iles,988,98814,Lifou,LIFOU,0026,166,117,49,117,0,0,Kirinata,KIRINATA,5,PIL_liste_05,0,0,1,Kirinata,Lifou,LIEU_DIT_NC,TRIBU,,167.24979496278135,-20.81569061412791,tribus_villages_nc,16,1403,Wet
provinciales_2019,,PIL,Province des Iles,988,98814,Lifou,LIFOU,0026,166,117,49,117,0,0,Kirinata,KIRINATA,6,PIL_liste_06,10,8.55,1,Kirinata,Lifou,LIEU_DIT_NC,TRIBU,,167.24979496278135,-20.81569061412791,tribus_villages_nc,16,1403,Wet
provinciales_2019,,PIL,Province des Iles,988,98814,Lifou,LIFOU,0026,166,117,49,117,0,0,Kirinata,KIRINATA,7,PIL_liste_07,1,0.85,1,Kirinata,Lifou,LIEU_DIT_NC,TRIBU,,167.24979496278135,-20.81569061412791,tribus_villages_nc,16,1403,Wet
provinciales_2019,,PIL,Province des Iles,988,98814,Lifou,LIFOU,0026,166,117,49,117,0,0,Kirinata,KIRINATA,8,PIL_liste_08,17,14.53,1,Kirinata,Lifou,LIEU_DIT_NC,TRIBU,,167.24979496278135,-20.81569061412791,tribus_villages_nc,16,1403,Wet
provinciales_2019,,PIL,Province des Iles,988,98815,Maré,MARE,0001,922,714,208,707,3,4,Faré Municipal,FARE MUNICIPAL,1,PIL_liste_01,144,20.37,1,Tadine,Maré,LIEU_DIT_NC,TRIBU,Tadin,167.88122247564291,-21.54648900532693,tribus_villages_nc,19,1503,Tadine Pénélo
provinciales_2019,,PIL,Province des Iles,988,98815,Maré,MARE,0001,922,714,208,707,3,4,Faré Municipal,FARE MUNICIPAL,2,PIL_liste_02,153,21.64,1,Tadine,Maré,LIEU_DIT_NC,TRIBU,Tadin,167.88122247564291,-21.54648900532693,tribus_villages_nc,19,1503,Tadine Pénélo
provinciales_2019,,PIL,Province des Iles,988,98815,Maré,MARE,0001,922,714,208,707,3,4,Faré Municipal,FARE MUNICIPAL,3,PIL_liste_03,82,11.6,1,Tadine,Maré,LIEU_DIT_NC,TRIBU,Tadin,167.88122247564291,-21.54648900532693,tribus_villages_nc,19,1503,Tadine Pénélo
provinciales_2019,,PIL,Province des Iles,988,98815,Maré,MARE,0001,922,714,208,707,3,4,Faré Municipal,FARE MUNICIPAL,4,PIL_liste_04,9,1.27,1,Tadine,Maré,LIEU_DIT_NC,TRIBU,Tadin,167.88122247564291,-21.54648900532693,tribus_villages_nc,19,1503,Tadine Pénélo
provinciales_2019,,PIL,Province des Iles,988,98815,Maré,MARE,0001,922,714,208,707,3,4,Faré Municipal,FARE MUNICIPAL,5,PIL_liste_05,224,31.68,1,Tadine,Maré,LIEU_DIT_NC,TRIBU,Tadin,167.88122247564291,-21.54648900532693,tribus_villages_nc,19,1503,Tadine Pénélo
provinciales_2019,,PIL,Province des Iles,988,98815,Maré,MARE,0001,922,714,208,707,3,4,Faré Municipal,FARE MUNICIPAL,6,PIL_liste_06,12,1.7,1,Tadine,Maré,LIEU_DIT_NC,TRIBU,Tadin,167.88122247564291,-21.54648900532693,tribus_villages_nc,19,1503,Tadine Pénélo
provinciales_2019,,PIL,Province des Iles,988,98815,Maré,MARE,0001,922,714,208,707,3,4,Faré Municipal,FARE MUNICIPAL,7,PIL_liste_07,11,1.56,1,Tadine,Maré,LIEU_DIT_NC,TRIBU,Tadin,167.88122247564291,-21.54648900532693,tribus_villages_nc,19,1503,Tadine Pénélo
provinciales_2019,,PIL,Province des Iles,988,98815,Maré,MARE,0001,922,714,208,707,3,4,Faré Municipal,FARE MUNICIPAL,8,PIL_liste_08,72,10.18,1,Tadine,Maré,LIEU_DIT_NC,TRIBU,Tadin,167.88122247564291,-21.54648900532693,tribus_villages_nc,19,1503,Tadine Pénélo
provinciales_2019,,PIL,Province des Iles,988,98815,Maré,MARE,0002,645,458,187,455,2,1,Hnawayetche,HNAWAYETCHE,1,PIL_liste_01,31,6.81,1,Hnawayatche,Maré,LIEU_DIT_NC,TRIBU,Hnawayaca,167.85931527784155,-21.444202132872793,tribus_villages_nc,17,1501,Guahma
provinciales_2019,,PIL,Province des Iles,988,98815,Maré,MARE,0002,645,458,187,455,2,1,Hnawayetche,HNAWAYETCHE,2,PIL_liste_02,53,11.65,1,Hnawayatche,Maré,LIEU_DIT_NC,TRIBU,Hnawayaca,167.85931527784155,-21.444202132872793,tribus_villages_nc,17,1501,Guahma
provinciales_2019,,PIL,Province des Iles,988,98815,Maré,MARE,0002,645,458,187,455,2,1,Hnawayetche,HNAWAYETCHE,3,PIL_liste_03,123,27.03,1,Hnawayatche,Maré,LIEU_DIT_NC,TRIBU,Hnawayaca,167.85931527784155,-21.444202132872793,tribus_villages_nc,17,1501,Guahma
provinciales_2019,,PIL,Province des Iles,988,98815,Maré,MARE,0002,645,458,187,455,2,1,Hnawayetche,HNAWAYETCHE,4,PIL_liste_04,4,0.88,1,Hnawayatche,Maré,LIEU_DIT_NC,TRIBU,Hnawayaca,167.85931527784155,-21.444202132872793,tribus_villages_nc,17,1501,Guahma
provinciales_2019,,PIL,Province des Iles,988,98815,Maré,MARE,0002,645,458,187,455,2,1,Hnawayetche,HNAWAYETCHE,5,PIL_liste_05,190,41.76,1,Hnawayatche,Maré,LIEU_DIT_NC,TRIBU,Hnawayaca,167.85931527784155,-21.444202132872793,tribus_villages_nc,17,1501,Guahma
provinciales_2019,,PIL,Province des Iles,988,98815,Maré,MARE,0002,645,458,187,455,2,1,Hnawayetche,HNAWAYETCHE,6,PIL_liste_06,29,6.37,1,Hnawayatche,Maré,LIEU_DIT_NC,TRIBU,Hnawayaca,167.85931527784155,-21.444202132872793,tribus_villages_nc,17,1501,Guahma
provinciales_2019,,PIL,Province des Iles,988,98815,Maré,MARE,0002,645,458,187,455,2,1,Hnawayetche,HNAWAYETCHE,7,PIL_liste_07,4,0.88,1,Hnawayatche,Maré,LIEU_DIT_NC,TRIBU,Hnawayaca,167.85931527784155,-21.444202132872793,tribus_villages_nc,17,1501,Guahma
provinciales_2019,,PIL,Province des Iles,988,98815,Maré,MARE,0002,645,458,187,455,2,1,Hnawayetche,HNAWAYETCHE,8,PIL_liste_08,21,4.62,1,Hnawayatche,Maré,LIEU_DIT_NC,TRIBU,Hnawayaca,167.85931527784155,-21.444202132872793,tribus_villages_nc,17,1501,Guahma
provinciales_2019,,PIL,Province des Iles,988,98815,Maré,MARE,0003,365,257,108,257,0,0,Tenane,TENANE,1,PIL_liste_01,19,7.39,1,Tenan,Maré,LIEU_DIT_NC,TRIBU,,167.89430877263374,-21.40460074703544,tribus_villages_nc,17,1501,Guahma
provinciales_2019,,PIL,Province des Iles,988,98815,Maré,MARE,0003,365,257,108,257,0,0,Tenane,TENANE,2,PIL_liste_02,30,11.67,1,Tenan,Maré,LIEU_DIT_NC,TRIBU,,167.89430877263374,-21.40460074703544,tribus_villages_nc,17,1501,Guahma
provinciales_2019,,PIL,Province des Iles,988,98815,Maré,MARE,0003,365,257,108,257,0,0,Tenane,TENANE,3,PIL_liste_03,57,22.18,1,Tenan,Maré,LIEU_DIT_NC,TRIBU,,167.89430877263374,-21.40460074703544,tribus_villages_nc,17,1501,Guahma
provinciales_2019,,PIL,Province des Iles,988,98815,Maré,MARE,0003,365,257,108,257,0,0,Tenane,TENANE,4,PIL_liste_04,2,0.78,1,Tenan,Maré,LIEU_DIT_NC,TRIBU,,167.89430877263374,-21.40460074703544,tribus_villages_nc,17,1501,Guahma
provinciales_2019,,PIL,Province des Iles,988,98815,Maré,MARE,0003,365,257,108,257,0,0,Tenane,TENANE,5,PIL_liste_05,92,35.8,1,Tenan,Maré,LIEU_DIT_NC,TRIBU,,167.89430877263374,-21.40460074703544,tribus_villages_nc,17,1501,Guahma
provinciales_2019,,PIL,Province des Iles,988,98815,Maré,MARE,0003,365,257,108,257,0,0,Tenane,TENANE,6,PIL_liste_06,5,1.95,1,Tenan,Maré,LIEU_DIT_NC,TRIBU,,167.89430877263374,-21.40460074703544,tribus_villages_nc,17,1501,Guahma
provinciales_2019,,PIL,Province des Iles,988,98815,Maré,MARE,0003,365,257,108,257,0,0,Tenane,TENANE,7,PIL_liste_07,2,0.78,1,Tenan,Maré,LIEU_DIT_NC,TRIBU,,167.89430877263374,-21.40460074703544,tribus_villages_nc,17,1501,Guahma
provinciales_2019,,PIL,Province des Iles,988,98815,Maré,MARE,0003,365,257,108,257,0,0,Tenane,TENANE,8,PIL_liste_08,50,19.46,1,Tenan,Maré,LIEU_DIT_NC,TRIBU,,167.89430877263374,-21.40460074703544,tribus_villages_nc,17,1501,Guahma
provinciales_2019,,PIL,Province des Iles,988,98815,Maré,MARE,0004,327,242,85,242,0,0,Atha,ATHA,1,PIL_liste_01,82,33.88,1,Atha,Maré,LIEU_DIT_NC,TRIBU,,168.01753084168095,-21.470451728197048,tribus_villages_nc,18,1502,La Roche
provinciales_2019,,PIL,Province des Iles,988,98815,Maré,MARE,0004,327,242,85,242,0,0,Atha,ATHA,2,PIL_liste_02,92,38.02,1,Atha,Maré,LIEU_DIT_NC,TRIBU,,168.01753084168095,-21.470451728197048,tribus_villages_nc,18,1502,La Roche
provinciales_2019,,PIL,Province des Iles,988,98815,Maré,MARE,0004,327,242,85,242,0,0,Atha,ATHA,3,PIL_liste_03,22,9.09,1,Atha,Maré,LIEU_DIT_NC,TRIBU,,168.01753084168095,-21.470451728197048,tribus_villages_nc,18,1502,La Roche
provinciales_2019,,PIL,Province des Iles,988,98815,Maré,MARE,0004,327,242,85,242,0,0,Atha,ATHA,4,PIL_liste_04,0,0,1,Atha,Maré,LIEU_DIT_NC,TRIBU,,168.01753084168095,-21.470451728197048,tribus_villages_nc,18,1502,La Roche
provinciales_2019,,PIL,Province des Iles,988,98815,Maré,MARE,0004,327,242,85,242,0,0,Atha,ATHA,5,PIL_liste_05,11,4.55,1,Atha,Maré,LIEU_DIT_NC,TRIBU,,168.01753084168095,-21.470451728197048,tribus_villages_nc,18,1502,La Roche
provinciales_2019,,PIL,Province des Iles,988,98815,Maré,MARE,0004,327,242,85,242,0,0,Atha,ATHA,6,PIL_liste_06,12,4.96,1,Atha,Maré,LIEU_DIT_NC,TRIBU,,168.01753084168095,-21.470451728197048,tribus_villages_nc,18,1502,La Roche
provinciales_2019,,PIL,Province des Iles,988,98815,Maré,MARE,0004,327,242,85,242,0,0,Atha,ATHA,7,PIL_liste_07,1,0.41,1,Atha,Maré,LIEU_DIT_NC,TRIBU,,168.01753084168095,-21.470451728197048,tribus_villages_nc,18,1502,La Roche
provinciales_2019,,PIL,Province des Iles,988,98815,Maré,MARE,0004,327,242,85,242,0,0,Atha,ATHA,8,PIL_liste_08,22,9.09,1,Atha,Maré,LIEU_DIT_NC,TRIBU,,168.01753084168095,-21.470451728197048,tribus_villages_nc,18,1502,La Roche
provinciales_2019,,PIL,Province des Iles,988,98815,Maré,MARE,0005,406,265,141,263,1,1,Tawainedre,TAWAINEDRE,1,PIL_liste_01,17,6.46,1,Taweinedr,Maré,LIEU_DIT_NC,TRIBU,,168.08527860190287,-21.502551487309265,tribus_villages_nc,19,1503,Tadine Pénélo
provinciales_2019,,PIL,Province des Iles,988,98815,Maré,MARE,0005,406,265,141,263,1,1,Tawainedre,TAWAINEDRE,2,PIL_liste_02,62,23.57,1,Taweinedr,Maré,LIEU_DIT_NC,TRIBU,,168.08527860190287,-21.502551487309265,tribus_villages_nc,19,1503,Tadine Pénélo
provinciales_2019,,PIL,Province des Iles,988,98815,Maré,MARE,0005,406,265,141,263,1,1,Tawainedre,TAWAINEDRE,3,PIL_liste_03,43,16.35,1,Taweinedr,Maré,LIEU_DIT_NC,TRIBU,,168.08527860190287,-21.502551487309265,tribus_villages_nc,19,1503,Tadine Pénélo
provinciales_2019,,PIL,Province des Iles,988,98815,Maré,MARE,0005,406,265,141,263,1,1,Tawainedre,TAWAINEDRE,4,PIL_liste_04,4,1.52,1,Taweinedr,Maré,LIEU_DIT_NC,TRIBU,,168.08527860190287,-21.502551487309265,tribus_villages_nc,19,1503,Tadine Pénélo
provinciales_2019,,PIL,Province des Iles,988,98815,Maré,MARE,0005,406,265,141,263,1,1,Tawainedre,TAWAINEDRE,5,PIL_liste_05,12,4.56,1,Taweinedr,Maré,LIEU_DIT_NC,TRIBU,,168.08527860190287,-21.502551487309265,tribus_villages_nc,19,1503,Tadine Pénélo
provinciales_2019,,PIL,Province des Iles,988,98815,Maré,MARE,0005,406,265,141,263,1,1,Tawainedre,TAWAINEDRE,6,PIL_liste_06,10,3.8,1,Taweinedr,Maré,LIEU_DIT_NC,TRIBU,,168.08527860190287,-21.502551487309265,tribus_villages_nc,19,1503,Tadine Pénélo
provinciales_2019,,PIL,Province des Iles,988,98815,Maré,MARE,0005,406,265,141,263,1,1,Tawainedre,TAWAINEDRE,7,PIL_liste_07,9,3.42,1,Taweinedr,Maré,LIEU_DIT_NC,TRIBU,,168.08527860190287,-21.502551487309265,tribus_villages_nc,19,1503,Tadine Pénélo
provinciales_2019,,PIL,Province des Iles,988,98815,Maré,MARE,0005,406,265,141,263,1,1,Tawainedre,TAWAINEDRE,8,PIL_liste_08,106,40.3,1,Taweinedr,Maré,LIEU_DIT_NC,TRIBU,,168.08527860190287,-21.502551487309265,tribus_villages_nc,19,1503,Tadine Pénélo
provinciales_2019,,PIL,Province des Iles,988,98815,Maré,MARE,0006,733,583,150,582,0,1,Penelo,PENELO,1,PIL_liste_01,45,7.73,1,Penelo,Maré,LIEU_DIT_NC,TRIBU,,168.08945780342214,-21.571088655754444,tribus_villages_nc,19,1503,Tadine Pénélo
provinciales_2019,,PIL,Province des Iles,988,98815,Maré,MARE,0006,733,583,150,582,0,1,Penelo,PENELO,2,PIL_liste_02,91,15.64,1,Penelo,Maré,LIEU_DIT_NC,TRIBU,,168.08945780342214,-21.571088655754444,tribus_villages_nc,19,1503,Tadine Pénélo
provinciales_2019,,PIL,Province des Iles,988,98815,Maré,MARE,0006,733,583,150,582,0,1,Penelo,PENELO,3,PIL_liste_03,10,1.72,1,Penelo,Maré,LIEU_DIT_NC,TRIBU,,168.08945780342214,-21.571088655754444,tribus_villages_nc,19,1503,Tadine Pénélo
provinciales_2019,,PIL,Province des Iles,988,98815,Maré,MARE,0006,733,583,150,582,0,1,Penelo,PENELO,4,PIL_liste_04,0,0,1,Penelo,Maré,LIEU_DIT_NC,TRIBU,,168.08945780342214,-21.571088655754444,tribus_villages_nc,19,1503,Tadine Pénélo
provinciales_2019,,PIL,Province des Iles,988,98815,Maré,MARE,0006,733,583,150,582,0,1,Penelo,PENELO,5,PIL_liste_05,54,9.28,1,Penelo,Maré,LIEU_DIT_NC,TRIBU,,168.08945780342214,-21.571088655754444,tribus_villages_nc,19,1503,Tadine Pénélo
provinciales_2019,,PIL,Province des Iles,988,98815,Maré,MARE,0006,733,583,150,582,0,1,Penelo,PENELO,6,PIL_liste_06,50,8.59,1,Penelo,Maré,LIEU_DIT_NC,TRIBU,,168.08945780342214,-21.571088655754444,tribus_villages_nc,19,1503,Tadine Pénélo
provinciales_2019,,PIL,Province des Iles,988,98815,Maré,MARE,0006,733,583,150,582,0,1,Penelo,PENELO,7,PIL_liste_07,19,3.26,1,Penelo,Maré,LIEU_DIT_NC,TRIBU,,168.08945780342214,-21.571088655754444,tribus_villages_nc,19,1503,Tadine Pénélo
provinciales_2019,,PIL,Province des Iles,988,98815,Maré,MARE,0006,733,583,150,582,0,1,Penelo,PENELO,8,PIL_liste_08,313,53.78,1,Penelo,Maré,LIEU_DIT_NC,TRIBU,,168.08945780342214,-21.571088655754444,tribus_villages_nc,19,1503,Tadine Pénélo
provinciales_2019,,PIL,Province des Iles,988,98815,Maré,MARE,0007,604,479,125,479,0,0,Wabao,WABAO,1,PIL_liste_01,18,3.76,1,Wabao,Maré,LIEU_DIT_NC,TRIBU,Wabawo,167.93937201549338,-21.60210597985789,tribus_villages_nc,19,1503,Tadine Pénélo
provinciales_2019,,PIL,Province des Iles,988,98815,Maré,MARE,0007,604,479,125,479,0,0,Wabao,WABAO,2,PIL_liste_02,60,12.53,1,Wabao,Maré,LIEU_DIT_NC,TRIBU,Wabawo,167.93937201549338,-21.60210597985789,tribus_villages_nc,19,1503,Tadine Pénélo
provinciales_2019,,PIL,Province des Iles,988,98815,Maré,MARE,0007,604,479,125,479,0,0,Wabao,WABAO,3,PIL_liste_03,64,13.36,1,Wabao,Maré,LIEU_DIT_NC,TRIBU,Wabawo,167.93937201549338,-21.60210597985789,tribus_villages_nc,19,1503,Tadine Pénélo
provinciales_2019,,PIL,Province des Iles,988,98815,Maré,MARE,0007,604,479,125,479,0,0,Wabao,WABAO,4,PIL_liste_04,23,4.8,1,Wabao,Maré,LIEU_DIT_NC,TRIBU,Wabawo,167.93937201549338,-21.60210597985789,tribus_villages_nc,19,1503,Tadine Pénélo
provinciales_2019,,PIL,Province des Iles,988,98815,Maré,MARE,0007,604,479,125,479,0,0,Wabao,WABAO,5,PIL_liste_05,126,26.3,1,Wabao,Maré,LIEU_DIT_NC,TRIBU,Wabawo,167.93937201549338,-21.60210597985789,tribus_villages_nc,19,1503,Tadine Pénélo
provinciales_2019,,PIL,Province des Iles,988,98815,Maré,MARE,0007,604,479,125,479,0,0,Wabao,WABAO,6,PIL_liste_06,3,0.63,1,Wabao,Maré,LIEU_DIT_NC,TRIBU,Wabawo,167.93937201549338,-21.60210597985789,tribus_villages_nc,19,1503,Tadine Pénélo
provinciales_2019,,PIL,Province des Iles,988,98815,Maré,MARE,0007,604,479,125,479,0,0,Wabao,WABAO,7,PIL_liste_07,6,1.25,1,Wabao,Maré,LIEU_DIT_NC,TRIBU,Wabawo,167.93937201549338,-21.60210597985789,tribus_villages_nc,19,1503,Tadine Pénélo
provinciales_2019,,PIL,Province des Iles,988,98815,Maré,MARE,0007,604,479,125,479,0,0,Wabao,WABAO,8,PIL_liste_08,179,37.37,1,Wabao,Maré,LIEU_DIT_NC,TRIBU,Wabawo,167.93937201549338,-21.60210597985789,tribus_villages_nc,19,1503,Tadine Pénélo
provinciales_2019,,PIL,Province des Iles,988,98815,Maré,MARE,0008,778,541,237,540,1,0,Netché,NETCHE,1,PIL_liste_01,20,3.7,1,Netché,Maré,LIEU_DIT_NC,TRIBU,Nece,167.8385405434138,-21.49048664280733,tribus_villages_nc,17,1501,Guahma
provinciales_2019,,PIL,Province des Iles,988,98815,Maré,MARE,0008,778,541,237,540,1,0,Netché,NETCHE,2,PIL_liste_02,57,10.56,1,Netché,Maré,LIEU_DIT_NC,TRIBU,Nece,167.8385405434138,-21.49048664280733,tribus_villages_nc,17,1501,Guahma
provinciales_2019,,PIL,Province des Iles,988,98815,Maré,MARE,0008,778,541,237,540,1,0,Netché,NETCHE,3,PIL_liste_03,30,5.56,1,Netché,Maré,LIEU_DIT_NC,TRIBU,Nece,167.8385405434138,-21.49048664280733,tribus_villages_nc,17,1501,Guahma
provinciales_2019,,PIL,Province des Iles,988,98815,Maré,MARE,0008,778,541,237,540,1,0,Netché,NETCHE,4,PIL_liste_04,0,0,1,Netché,Maré,LIEU_DIT_NC,TRIBU,Nece,167.8385405434138,-21.49048664280733,tribus_villages_nc,17,1501,Guahma
provinciales_2019,,PIL,Province des Iles,988,98815,Maré,MARE,0008,778,541,237,540,1,0,Netché,NETCHE,5,PIL_liste_05,344,63.7,1,Netché,Maré,LIEU_DIT_NC,TRIBU,Nece,167.8385405434138,-21.49048664280733,tribus_villages_nc,17,1501,Guahma
provinciales_2019,,PIL,Province des Iles,988,98815,Maré,MARE,0008,778,541,237,540,1,0,Netché,NETCHE,6,PIL_liste_06,29,5.37,1,Netché,Maré,LIEU_DIT_NC,TRIBU,Nece,167.8385405434138,-21.49048664280733,tribus_villages_nc,17,1501,Guahma
provinciales_2019,,PIL,Province des Iles,988,98815,Maré,MARE,0008,778,541,237,540,1,0,Netché,NETCHE,7,PIL_liste_07,29,5.37,1,Netché,Maré,LIEU_DIT_NC,TRIBU,Nece,167.8385405434138,-21.49048664280733,tribus_villages_nc,17,1501,Guahma
provinciales_2019,,PIL,Province des Iles,988,98815,Maré,MARE,0008,778,541,237,540,1,0,Netché,NETCHE,8,PIL_liste_08,31,5.74,1,Netché,Maré,LIEU_DIT_NC,TRIBU,Nece,167.8385405434138,-21.49048664280733,tribus_villages_nc,17,1501,Guahma
provinciales_2019,,PIL,Province des Iles,988,98815,Maré,MARE,0009,240,168,72,165,0,3,Ménaku,MENAKU,1,PIL_liste_01,0,0,1,Menaku,Maré,LIEU_DIT_NC,TRIBU,,167.96911686605617,-21.444234250592025,tribus_villages_nc,17,1501,Guahma
provinciales_2019,,PIL,Province des Iles,988,98815,Maré,MARE,0009,240,168,72,165,0,3,Ménaku,MENAKU,2,PIL_liste_02,23,13.94,1,Menaku,Maré,LIEU_DIT_NC,TRIBU,,167.96911686605617,-21.444234250592025,tribus_villages_nc,17,1501,Guahma
provinciales_2019,,PIL,Province des Iles,988,98815,Maré,MARE,0009,240,168,72,165,0,3,Ménaku,MENAKU,3,PIL_liste_03,50,30.3,1,Menaku,Maré,LIEU_DIT_NC,TRIBU,,167.96911686605617,-21.444234250592025,tribus_villages_nc,17,1501,Guahma
provinciales_2019,,PIL,Province des Iles,988,98815,Maré,MARE,0009,240,168,72,165,0,3,Ménaku,MENAKU,4,PIL_liste_04,6,3.64,1,Menaku,Maré,LIEU_DIT_NC,TRIBU,,167.96911686605617,-21.444234250592025,tribus_villages_nc,17,1501,Guahma
provinciales_2019,,PIL,Province des Iles,988,98815,Maré,MARE,0009,240,168,72,165,0,3,Ménaku,MENAKU,5,PIL_liste_05,56,33.94,1,Menaku,Maré,LIEU_DIT_NC,TRIBU,,167.96911686605617,-21.444234250592025,tribus_villages_nc,17,1501,Guahma
provinciales_2019,,PIL,Province des Iles,988,98815,Maré,MARE,0009,240,168,72,165,0,3,Ménaku,MENAKU,6,PIL_liste_06,18,10.91,1,Menaku,Maré,LIEU_DIT_NC,TRIBU,,167.96911686605617,-21.444234250592025,tribus_villages_nc,17,1501,Guahma
provinciales_2019,,PIL,Province des Iles,988,98815,Maré,MARE,0009,240,168,72,165,0,3,Ménaku,MENAKU,7,PIL_liste_07,2,1.21,1,Menaku,Maré,LIEU_DIT_NC,TRIBU,,167.96911686605617,-21.444234250592025,tribus_villages_nc,17,1501,Guahma
provinciales_2019,,PIL,Province des Iles,988,98815,Maré,MARE,0009,240,168,72,165,0,3,Ménaku,MENAKU,8,PIL_liste_08,10,6.06,1,Menaku,Maré,LIEU_DIT_NC,TRIBU,,167.96911686605617,-21.444234250592025,tribus_villages_nc,17,1501,Guahma
provinciales_2019,,PIL,Province des Iles,988,98815,Maré,MARE,0010,332,243,89,239,2,2,Mebuet,MEBUET,1,PIL_liste_01,39,16.32,1,Mebuet,Maré,LIEU_DIT_NC,TRIBU,,167.84863195183632,-21.51331947619321,tribus_villages_nc,17,1501,Guahma
provinciales_2019,,PIL,Province des Iles,988,98815,Maré,MARE,0010,332,243,89,239,2,2,Mebuet,MEBUET,2,PIL_liste_02,21,8.79,1,Mebuet,Maré,LIEU_DIT_NC,TRIBU,,167.84863195183632,-21.51331947619321,tribus_villages_nc,17,1501,Guahma
provinciales_2019,,PIL,Province des Iles,988,98815,Maré,MARE,0010,332,243,89,239,2,2,Mebuet,MEBUET,3,PIL_liste_03,25,10.46,1,Mebuet,Maré,LIEU_DIT_NC,TRIBU,,167.84863195183632,-21.51331947619321,tribus_villages_nc,17,1501,Guahma
provinciales_2019,,PIL,Province des Iles,988,98815,Maré,MARE,0010,332,243,89,239,2,2,Mebuet,MEBUET,4,PIL_liste_04,0,0,1,Mebuet,Maré,LIEU_DIT_NC,TRIBU,,167.84863195183632,-21.51331947619321,tribus_villages_nc,17,1501,Guahma
provinciales_2019,,PIL,Province des Iles,988,98815,Maré,MARE,0010,332,243,89,239,2,2,Mebuet,MEBUET,5,PIL_liste_05,120,50.21,1,Mebuet,Maré,LIEU_DIT_NC,TRIBU,,167.84863195183632,-21.51331947619321,tribus_villages_nc,17,1501,Guahma
provinciales_2019,,PIL,Province des Iles,988,98815,Maré,MARE,0010,332,243,89,239,2,2,Mebuet,MEBUET,6,PIL_liste_06,16,6.69,1,Mebuet,Maré,LIEU_DIT_NC,TRIBU,,167.84863195183632,-21.51331947619321,tribus_villages_nc,17,1501,Guahma
provinciales_2019,,PIL,Province des Iles,988,98815,Maré,MARE,0010,332,243,89,239,2,2,Mebuet,MEBUET,7,PIL_liste_07,4,1.67,1,Mebuet,Maré,LIEU_DIT_NC,TRIBU,,167.84863195183632,-21.51331947619321,tribus_villages_nc,17,1501,Guahma
provinciales_2019,,PIL,Province des Iles,988,98815,Maré,MARE,0010,332,243,89,239,2,2,Mebuet,MEBUET,8,PIL_liste_08,14,5.86,1,Mebuet,Maré,LIEU_DIT_NC,TRIBU,,167.84863195183632,-21.51331947619321,tribus_villages_nc,17,1501,Guahma
provinciales_2019,,PIL,Province des Iles,988,98815,Maré,MARE,0011,285,191,94,191,0,0,Roh,ROH,1,PIL_liste_01,4,2.09,0.95,Ro,Maré,LIEU_DIT_NC,TRIBU,,167.86202487687797,-21.39242632802858,tribus_villages_nc,17,1501,Guahma
provinciales_2019,,PIL,Province des Iles,988,98815,Maré,MARE,0011,285,191,94,191,0,0,Roh,ROH,2,PIL_liste_02,33,17.28,0.95,Ro,Maré,LIEU_DIT_NC,TRIBU,,167.86202487687797,-21.39242632802858,tribus_villages_nc,17,1501,Guahma
provinciales_2019,,PIL,Province des Iles,988,98815,Maré,MARE,0011,285,191,94,191,0,0,Roh,ROH,3,PIL_liste_03,62,32.46,0.95,Ro,Maré,LIEU_DIT_NC,TRIBU,,167.86202487687797,-21.39242632802858,tribus_villages_nc,17,1501,Guahma
provinciales_2019,,PIL,Province des Iles,988,98815,Maré,MARE,0011,285,191,94,191,0,0,Roh,ROH,4,PIL_liste_04,3,1.57,0.95,Ro,Maré,LIEU_DIT_NC,TRIBU,,167.86202487687797,-21.39242632802858,tribus_villages_nc,17,1501,Guahma
provinciales_2019,,PIL,Province des Iles,988,98815,Maré,MARE,0011,285,191,94,191,0,0,Roh,ROH,5,PIL_liste_05,70,36.65,0.95,Ro,Maré,LIEU_DIT_NC,TRIBU,,167.86202487687797,-21.39242632802858,tribus_villages_nc,17,1501,Guahma
provinciales_2019,,PIL,Province des Iles,988,98815,Maré,MARE,0011,285,191,94,191,0,0,Roh,ROH,6,PIL_liste_06,13,6.81,0.95,Ro,Maré,LIEU_DIT_NC,TRIBU,,167.86202487687797,-21.39242632802858,tribus_villages_nc,17,1501,Guahma
provinciales_2019,,PIL,Province des Iles,988,98815,Maré,MARE,0011,285,191,94,191,0,0,Roh,ROH,7,PIL_liste_07,1,0.52,0.95,Ro,Maré,LIEU_DIT_NC,TRIBU,,167.86202487687797,-21.39242632802858,tribus_villages_nc,17,1501,Guahma
provinciales_2019,,PIL,Province des Iles,988,98815,Maré,MARE,0011,285,191,94,191,0,0,Roh,ROH,8,PIL_liste_08,5,2.62,0.95,Ro,Maré,LIEU_DIT_NC,TRIBU,,167.86202487687797,-21.39242632802858,tribus_villages_nc,17,1501,Guahma
provinciales_2019,,PIL,Province des Iles,988,98815,Maré,MARE,0012,328,235,93,233,1,1,Eni,ENI,1,PIL_liste_01,11,4.72,1,Eni,Maré,LIEU_DIT_NC,TRIBU,,167.94942757221617,-21.62666270346723,tribus_villages_nc,19,1503,Tadine Pénélo
provinciales_2019,,PIL,Province des Iles,988,98815,Maré,MARE,0012,328,235,93,233,1,1,Eni,ENI,2,PIL_liste_02,60,25.75,1,Eni,Maré,LIEU_DIT_NC,TRIBU,,167.94942757221617,-21.62666270346723,tribus_villages_nc,19,1503,Tadine Pénélo
provinciales_2019,,PIL,Province des Iles,988,98815,Maré,MARE,0012,328,235,93,233,1,1,Eni,ENI,3,PIL_liste_03,39,16.74,1,Eni,Maré,LIEU_DIT_NC,TRIBU,,167.94942757221617,-21.62666270346723,tribus_villages_nc,19,1503,Tadine Pénélo
provinciales_2019,,PIL,Province des Iles,988,98815,Maré,MARE,0012,328,235,93,233,1,1,Eni,ENI,4,PIL_liste_04,5,2.15,1,Eni,Maré,LIEU_DIT_NC,TRIBU,,167.94942757221617,-21.62666270346723,tribus_villages_nc,19,1503,Tadine Pénélo
provinciales_2019,,PIL,Province des Iles,988,98815,Maré,MARE,0012,328,235,93,233,1,1,Eni,ENI,5,PIL_liste_05,26,11.16,1,Eni,Maré,LIEU_DIT_NC,TRIBU,,167.94942757221617,-21.62666270346723,tribus_villages_nc,19,1503,Tadine Pénélo
provinciales_2019,,PIL,Province des Iles,988,98815,Maré,MARE,0012,328,235,93,233,1,1,Eni,ENI,6,PIL_liste_06,12,5.15,1,Eni,Maré,LIEU_DIT_NC,TRIBU,,167.94942757221617,-21.62666270346723,tribus_villages_nc,19,1503,Tadine Pénélo
provinciales_2019,,PIL,Province des Iles,988,98815,Maré,MARE,0012,328,235,93,233,1,1,Eni,ENI,7,PIL_liste_07,11,4.72,1,Eni,Maré,LIEU_DIT_NC,TRIBU,,167.94942757221617,-21.62666270346723,tribus_villages_nc,19,1503,Tadine Pénélo
provinciales_2019,,PIL,Province des Iles,988,98815,Maré,MARE,0012,328,235,93,233,1,1,Eni,ENI,8,PIL_liste_08,69,29.61,1,Eni,Maré,LIEU_DIT_NC,TRIBU,,167.94942757221617,-21.62666270346723,tribus_villages_nc,19,1503,Tadine Pénélo
provinciales_2019,,PIL,Province des Iles,988,98815,Maré,MARE,0013,597,402,195,400,0,2,La Roche,LA ROCHE,1,PIL_liste_01,89,22.25,1,La Roche,Maré,LIEU_DIT_NC,TRIBU,,168.03155085257677,-21.471745123256497,tribus_villages_nc,18,1502,La Roche
provinciales_2019,,PIL,Province des Iles,988,98815,Maré,MARE,0013,597,402,195,400,0,2,La Roche,LA ROCHE,2,PIL_liste_02,154,38.5,1,La Roche,Maré,LIEU_DIT_NC,TRIBU,,168.03155085257677,-21.471745123256497,tribus_villages_nc,18,1502,La Roche
provinciales_2019,,PIL,Province des Iles,988,98815,Maré,MARE,0013,597,402,195,400,0,2,La Roche,LA ROCHE,3,PIL_liste_03,55,13.75,1,La Roche,Maré,LIEU_DIT_NC,TRIBU,,168.03155085257677,-21.471745123256497,tribus_villages_nc,18,1502,La Roche
provinciales_2019,,PIL,Province des Iles,988,98815,Maré,MARE,0013,597,402,195,400,0,2,La Roche,LA ROCHE,4,PIL_liste_04,3,0.75,1,La Roche,Maré,LIEU_DIT_NC,TRIBU,,168.03155085257677,-21.471745123256497,tribus_villages_nc,18,1502,La Roche
provinciales_2019,,PIL,Province des Iles,988,98815,Maré,MARE,0013,597,402,195,400,0,2,La Roche,LA ROCHE,5,PIL_liste_05,24,6,1,La Roche,Maré,LIEU_DIT_NC,TRIBU,,168.03155085257677,-21.471745123256497,tribus_villages_nc,18,1502,La Roche
provinciales_2019,,PIL,Province des Iles,988,98815,Maré,MARE,0013,597,402,195,400,0,2,La Roche,LA ROCHE,6,PIL_liste_06,29,7.25,1,La Roche,Maré,LIEU_DIT_NC,TRIBU,,168.03155085257677,-21.471745123256497,tribus_villages_nc,18,1502,La Roche
provinciales_2019,,PIL,Province des Iles,988,98815,Maré,MARE,0013,597,402,195,400,0,2,La Roche,LA ROCHE,7,PIL_liste_07,4,1,1,La Roche,Maré,LIEU_DIT_NC,TRIBU,,168.03155085257677,-21.471745123256497,tribus_villages_nc,18,1502,La Roche
provinciales_2019,,PIL,Province des Iles,988,98815,Maré,MARE,0013,597,402,195,400,0,2,La Roche,LA ROCHE,8,PIL_liste_08,42,10.5,1,La Roche,Maré,LIEU_DIT_NC,TRIBU,,168.03155085257677,-21.471745123256497,tribus_villages_nc,18,1502,La Roche
provinciales_2019,,PIL,Province des Iles,988,98820,Ouvéa,OUVEA,0001,914,620,294,619,0,1,Mairie,MAIRIE,1,PIL_liste_01,18,2.91,,,,,,,166.5351802059145,-20.652759156712985,arrete_manual_tribus,86,2002,Fayaoué
provinciales_2019,,PIL,Province des Iles,988,98820,Ouvéa,OUVEA,0001,914,620,294,619,0,1,Mairie,MAIRIE,2,PIL_liste_02,166,26.82,,,,,,,166.5351802059145,-20.652759156712985,arrete_manual_tribus,86,2002,Fayaoué
provinciales_2019,,PIL,Province des Iles,988,98820,Ouvéa,OUVEA,0001,914,620,294,619,0,1,Mairie,MAIRIE,3,PIL_liste_03,80,12.92,,,,,,,166.5351802059145,-20.652759156712985,arrete_manual_tribus,86,2002,Fayaoué
provinciales_2019,,PIL,Province des Iles,988,98820,Ouvéa,OUVEA,0001,914,620,294,619,0,1,Mairie,MAIRIE,4,PIL_liste_04,110,17.77,,,,,,,166.5351802059145,-20.652759156712985,arrete_manual_tribus,86,2002,Fayaoué
provinciales_2019,,PIL,Province des Iles,988,98820,Ouvéa,OUVEA,0001,914,620,294,619,0,1,Mairie,MAIRIE,5,PIL_liste_05,1,0.16,,,,,,,166.5351802059145,-20.652759156712985,arrete_manual_tribus,86,2002,Fayaoué
provinciales_2019,,PIL,Province des Iles,988,98820,Ouvéa,OUVEA,0001,914,620,294,619,0,1,Mairie,MAIRIE,6,PIL_liste_06,6,0.97,,,,,,,166.5351802059145,-20.652759156712985,arrete_manual_tribus,86,2002,Fayaoué
provinciales_2019,,PIL,Province des Iles,988,98820,Ouvéa,OUVEA,0001,914,620,294,619,0,1,Mairie,MAIRIE,7,PIL_liste_07,5,0.81,,,,,,,166.5351802059145,-20.652759156712985,arrete_manual_tribus,86,2002,Fayaoué
provinciales_2019,,PIL,Province des Iles,988,98820,Ouvéa,OUVEA,0001,914,620,294,619,0,1,Mairie,MAIRIE,8,PIL_liste_08,233,37.64,,,,,,,166.5351802059145,-20.652759156712985,arrete_manual_tribus,86,2002,Fayaoué
provinciales_2019,,PIL,Province des Iles,988,98820,Ouvéa,OUVEA,0002,849,478,371,469,2,7,Fayaoué,FAYAOUE,1,PIL_liste_01,24,5.12,1,Fayaoué,Ouvéa,LIEU_DIT_NC,TRIBU,Fajawe,166.5351802059145,-20.652759156712985,tribus_villages_nc,86,2002,Fayaoué
provinciales_2019,,PIL,Province des Iles,988,98820,Ouvéa,OUVEA,0002,849,478,371,469,2,7,Fayaoué,FAYAOUE,2,PIL_liste_02,42,8.96,1,Fayaoué,Ouvéa,LIEU_DIT_NC,TRIBU,Fajawe,166.5351802059145,-20.652759156712985,tribus_villages_nc,86,2002,Fayaoué
provinciales_2019,,PIL,Province des Iles,988,98820,Ouvéa,OUVEA,0002,849,478,371,469,2,7,Fayaoué,FAYAOUE,3,PIL_liste_03,57,12.15,1,Fayaoué,Ouvéa,LIEU_DIT_NC,TRIBU,Fajawe,166.5351802059145,-20.652759156712985,tribus_villages_nc,86,2002,Fayaoué
provinciales_2019,,PIL,Province des Iles,988,98820,Ouvéa,OUVEA,0002,849,478,371,469,2,7,Fayaoué,FAYAOUE,4,PIL_liste_04,88,18.76,1,Fayaoué,Ouvéa,LIEU_DIT_NC,TRIBU,Fajawe,166.5351802059145,-20.652759156712985,tribus_villages_nc,86,2002,Fayaoué
provinciales_2019,,PIL,Province des Iles,988,98820,Ouvéa,OUVEA,0002,849,478,371,469,2,7,Fayaoué,FAYAOUE,5,PIL_liste_05,9,1.92,1,Fayaoué,Ouvéa,LIEU_DIT_NC,TRIBU,Fajawe,166.5351802059145,-20.652759156712985,tribus_villages_nc,86,2002,Fayaoué
provinciales_2019,,PIL,Province des Iles,988,98820,Ouvéa,OUVEA,0002,849,478,371,469,2,7,Fayaoué,FAYAOUE,6,PIL_liste_06,12,2.56,1,Fayaoué,Ouvéa,LIEU_DIT_NC,TRIBU,Fajawe,166.5351802059145,-20.652759156712985,tribus_villages_nc,86,2002,Fayaoué
provinciales_2019,,PIL,Province des Iles,988,98820,Ouvéa,OUVEA,0002,849,478,371,469,2,7,Fayaoué,FAYAOUE,7,PIL_liste_07,6,1.28,1,Fayaoué,Ouvéa,LIEU_DIT_NC,TRIBU,Fajawe,166.5351802059145,-20.652759156712985,tribus_villages_nc,86,2002,Fayaoué
provinciales_2019,,PIL,Province des Iles,988,98820,Ouvéa,OUVEA,0002,849,478,371,469,2,7,Fayaoué,FAYAOUE,8,PIL_liste_08,231,49.25,1,Fayaoué,Ouvéa,LIEU_DIT_NC,TRIBU,Fajawe,166.5351802059145,-20.652759156712985,tribus_villages_nc,86,2002,Fayaoué
provinciales_2019,,PIL,Province des Iles,988,98820,Ouvéa,OUVEA,0003,564,396,168,396,0,0,Eot,EOT,1,PIL_liste_01,8,2.02,1,St Joseph,Ouvéa,LIEU_DIT_NC,TRIBU,Heo,166.60278918905198,-20.44905017069691,tribus_villages_nc,85,2001,Saint Joseph Gossanah Takedji
provinciales_2019,,PIL,Province des Iles,988,98820,Ouvéa,OUVEA,0003,564,396,168,396,0,0,Eot,EOT,2,PIL_liste_02,225,56.82,1,St Joseph,Ouvéa,LIEU_DIT_NC,TRIBU,Heo,166.60278918905198,-20.44905017069691,tribus_villages_nc,85,2001,Saint Joseph Gossanah Takedji
provinciales_2019,,PIL,Province des Iles,988,98820,Ouvéa,OUVEA,0003,564,396,168,396,0,0,Eot,EOT,3,PIL_liste_03,101,25.51,1,St Joseph,Ouvéa,LIEU_DIT_NC,TRIBU,Heo,166.60278918905198,-20.44905017069691,tribus_villages_nc,85,2001,Saint Joseph Gossanah Takedji
provinciales_2019,,PIL,Province des Iles,988,98820,Ouvéa,OUVEA,0003,564,396,168,396,0,0,Eot,EOT,4,PIL_liste_04,9,2.27,1,St Joseph,Ouvéa,LIEU_DIT_NC,TRIBU,Heo,166.60278918905198,-20.44905017069691,tribus_villages_nc,85,2001,Saint Joseph Gossanah Takedji
provinciales_2019,,PIL,Province des Iles,988,98820,Ouvéa,OUVEA,0003,564,396,168,396,0,0,Eot,EOT,5,PIL_liste_05,2,0.51,1,St Joseph,Ouvéa,LIEU_DIT_NC,TRIBU,Heo,166.60278918905198,-20.44905017069691,tribus_villages_nc,85,2001,Saint Joseph Gossanah Takedji
provinciales_2019,,PIL,Province des Iles,988,98820,Ouvéa,OUVEA,0003,564,396,168,396,0,0,Eot,EOT,6,PIL_liste_06,6,1.52,1,St Joseph,Ouvéa,LIEU_DIT_NC,TRIBU,Heo,166.60278918905198,-20.44905017069691,tribus_villages_nc,85,2001,Saint Joseph Gossanah Takedji
provinciales_2019,,PIL,Province des Iles,988,98820,Ouvéa,OUVEA,0003,564,396,168,396,0,0,Eot,EOT,7,PIL_liste_07,0,0,1,St Joseph,Ouvéa,LIEU_DIT_NC,TRIBU,Heo,166.60278918905198,-20.44905017069691,tribus_villages_nc,85,2001,Saint Joseph Gossanah Takedji
provinciales_2019,,PIL,Province des Iles,988,98820,Ouvéa,OUVEA,0003,564,396,168,396,0,0,Eot,EOT,8,PIL_liste_08,45,11.36,1,St Joseph,Ouvéa,LIEU_DIT_NC,TRIBU,Heo,166.60278918905198,-20.44905017069691,tribus_villages_nc,85,2001,Saint Joseph Gossanah Takedji
provinciales_2019,,PIL,Province des Iles,988,98820,Ouvéa,OUVEA,0004,404,255,149,253,0,2,Mouli,MOULI,1,PIL_liste_01,43,17,1,Mouli,Ouvéa,LIEU_DIT_NC,TRIBU,Muli,166.42132025613634,-20.72325484847604,tribus_villages_nc,87,2003,Mouli
provinciales_2019,,PIL,Province des Iles,988,98820,Ouvéa,OUVEA,0004,404,255,149,253,0,2,Mouli,MOULI,2,PIL_liste_02,45,17.79,1,Mouli,Ouvéa,LIEU_DIT_NC,TRIBU,Muli,166.42132025613634,-20.72325484847604,tribus_villages_nc,87,2003,Mouli
provinciales_2019,,PIL,Province des Iles,988,98820,Ouvéa,OUVEA,0004,404,255,149,253,0,2,Mouli,MOULI,3,PIL_liste_03,37,14.62,1,Mouli,Ouvéa,LIEU_DIT_NC,TRIBU,Muli,166.42132025613634,-20.72325484847604,tribus_villages_nc,87,2003,Mouli
provinciales_2019,,PIL,Province des Iles,988,98820,Ouvéa,OUVEA,0004,404,255,149,253,0,2,Mouli,MOULI,4,PIL_liste_04,2,0.79,1,Mouli,Ouvéa,LIEU_DIT_NC,TRIBU,Muli,166.42132025613634,-20.72325484847604,tribus_villages_nc,87,2003,Mouli
provinciales_2019,,PIL,Province des Iles,988,98820,Ouvéa,OUVEA,0004,404,255,149,253,0,2,Mouli,MOULI,5,PIL_liste_05,0,0,1,Mouli,Ouvéa,LIEU_DIT_NC,TRIBU,Muli,166.42132025613634,-20.72325484847604,tribus_villages_nc,87,2003,Mouli
provinciales_2019,,PIL,Province des Iles,988,98820,Ouvéa,OUVEA,0004,404,255,149,253,0,2,Mouli,MOULI,6,PIL_liste_06,11,4.35,1,Mouli,Ouvéa,LIEU_DIT_NC,TRIBU,Muli,166.42132025613634,-20.72325484847604,tribus_villages_nc,87,2003,Mouli
provinciales_2019,,PIL,Province des Iles,988,98820,Ouvéa,OUVEA,0004,404,255,149,253,0,2,Mouli,MOULI,7,PIL_liste_07,4,1.58,1,Mouli,Ouvéa,LIEU_DIT_NC,TRIBU,Muli,166.42132025613634,-20.72325484847604,tribus_villages_nc,87,2003,Mouli
provinciales_2019,,PIL,Province des Iles,988,98820,Ouvéa,OUVEA,0004,404,255,149,253,0,2,Mouli,MOULI,8,PIL_liste_08,111,43.87,1,Mouli,Ouvéa,LIEU_DIT_NC,TRIBU,Muli,166.42132025613634,-20.72325484847604,tribus_villages_nc,87,2003,Mouli
provinciales_2019,,PIL,Province des Iles,988,98820,Ouvéa,OUVEA,0005,830,533,297,530,0,3,Wénéki,WENEKI,1,PIL_liste_01,16,3.02,1,Weneki,Ouvéa,LIEU_DIT_NC,TRIBU,,166.61213110267843,-20.44626073917101,tribus_villages_nc,85,2001,Saint Joseph Gossanah Takedji
provinciales_2019,,PIL,Province des Iles,988,98820,Ouvéa,OUVEA,0005,830,533,297,530,0,3,Wénéki,WENEKI,2,PIL_liste_02,259,48.87,1,Weneki,Ouvéa,LIEU_DIT_NC,TRIBU,,166.61213110267843,-20.44626073917101,tribus_villages_nc,85,2001,Saint Joseph Gossanah Takedji
provinciales_2019,,PIL,Province des Iles,988,98820,Ouvéa,OUVEA,0005,830,533,297,530,0,3,Wénéki,WENEKI,3,PIL_liste_03,138,26.04,1,Weneki,Ouvéa,LIEU_DIT_NC,TRIBU,,166.61213110267843,-20.44626073917101,tribus_villages_nc,85,2001,Saint Joseph Gossanah Takedji
provinciales_2019,,PIL,Province des Iles,988,98820,Ouvéa,OUVEA,0005,830,533,297,530,0,3,Wénéki,WENEKI,4,PIL_liste_04,16,3.02,1,Weneki,Ouvéa,LIEU_DIT_NC,TRIBU,,166.61213110267843,-20.44626073917101,tribus_villages_nc,85,2001,Saint Joseph Gossanah Takedji
provinciales_2019,,PIL,Province des Iles,988,98820,Ouvéa,OUVEA,0005,830,533,297,530,0,3,Wénéki,WENEKI,5,PIL_liste_05,2,0.38,1,Weneki,Ouvéa,LIEU_DIT_NC,TRIBU,,166.61213110267843,-20.44626073917101,tribus_villages_nc,85,2001,Saint Joseph Gossanah Takedji
provinciales_2019,,PIL,Province des Iles,988,98820,Ouvéa,OUVEA,0005,830,533,297,530,0,3,Wénéki,WENEKI,6,PIL_liste_06,14,2.64,1,Weneki,Ouvéa,LIEU_DIT_NC,TRIBU,,166.61213110267843,-20.44626073917101,tribus_villages_nc,85,2001,Saint Joseph Gossanah Takedji
provinciales_2019,,PIL,Province des Iles,988,98820,Ouvéa,OUVEA,0005,830,533,297,530,0,3,Wénéki,WENEKI,7,PIL_liste_07,3,0.57,1,Weneki,Ouvéa,LIEU_DIT_NC,TRIBU,,166.61213110267843,-20.44626073917101,tribus_villages_nc,85,2001,Saint Joseph Gossanah Takedji
provinciales_2019,,PIL,Province des Iles,988,98820,Ouvéa,OUVEA,0005,830,533,297,530,0,3,Wénéki,WENEKI,8,PIL_liste_08,82,15.47,1,Weneki,Ouvéa,LIEU_DIT_NC,TRIBU,,166.61213110267843,-20.44626073917101,tribus_villages_nc,85,2001,Saint Joseph Gossanah Takedji
provinciales_2019,,PIL,Province des Iles,988,98820,Ouvéa,OUVEA,0006,433,275,158,273,2,0,Ognahut,OGNAHUT,1,PIL_liste_01,12,4.4,1,Ognahut,Ouvéa,LIEU_DIT_NC,TRIBU,Hanyââû,166.55961927804398,-20.65637156152609,tribus_villages_nc,86,2002,Fayaoué
provinciales_2019,,PIL,Province des Iles,988,98820,Ouvéa,OUVEA,0006,433,275,158,273,2,0,Ognahut,OGNAHUT,2,PIL_liste_02,82,30.04,1,Ognahut,Ouvéa,LIEU_DIT_NC,TRIBU,Hanyââû,166.55961927804398,-20.65637156152609,tribus_villages_nc,86,2002,Fayaoué
provinciales_2019,,PIL,Province des Iles,988,98820,Ouvéa,OUVEA,0006,433,275,158,273,2,0,Ognahut,OGNAHUT,3,PIL_liste_03,10,3.66,1,Ognahut,Ouvéa,LIEU_DIT_NC,TRIBU,Hanyââû,166.55961927804398,-20.65637156152609,tribus_villages_nc,86,2002,Fayaoué
provinciales_2019,,PIL,Province des Iles,988,98820,Ouvéa,OUVEA,0006,433,275,158,273,2,0,Ognahut,OGNAHUT,4,PIL_liste_04,43,15.75,1,Ognahut,Ouvéa,LIEU_DIT_NC,TRIBU,Hanyââû,166.55961927804398,-20.65637156152609,tribus_villages_nc,86,2002,Fayaoué
provinciales_2019,,PIL,Province des Iles,988,98820,Ouvéa,OUVEA,0006,433,275,158,273,2,0,Ognahut,OGNAHUT,5,PIL_liste_05,11,4.03,1,Ognahut,Ouvéa,LIEU_DIT_NC,TRIBU,Hanyââû,166.55961927804398,-20.65637156152609,tribus_villages_nc,86,2002,Fayaoué
provinciales_2019,,PIL,Province des Iles,988,98820,Ouvéa,OUVEA,0006,433,275,158,273,2,0,Ognahut,OGNAHUT,6,PIL_liste_06,0,0,1,Ognahut,Ouvéa,LIEU_DIT_NC,TRIBU,Hanyââû,166.55961927804398,-20.65637156152609,tribus_villages_nc,86,2002,Fayaoué
provinciales_2019,,PIL,Province des Iles,988,98820,Ouvéa,OUVEA,0006,433,275,158,273,2,0,Ognahut,OGNAHUT,7,PIL_liste_07,6,2.2,1,Ognahut,Ouvéa,LIEU_DIT_NC,TRIBU,Hanyââû,166.55961927804398,-20.65637156152609,tribus_villages_nc,86,2002,Fayaoué
provinciales_2019,,PIL,Province des Iles,988,98820,Ouvéa,OUVEA,0006,433,275,158,273,2,0,Ognahut,OGNAHUT,8,PIL_liste_08,109,39.93,1,Ognahut,Ouvéa,LIEU_DIT_NC,TRIBU,Hanyââû,166.55961927804398,-20.65637156152609,tribus_villages_nc,86,2002,Fayaoué
provinciales_2019,,PIL,Province des Iles,988,98820,Ouvéa,OUVEA,0007,306,182,124,164,14,4,Lekiny,LEKINY,1,PIL_liste_01,41,25,1,Lekine,Ouvéa,LIEU_DIT_NC,TRIBU,Lekiny,166.49017173263093,-20.69359693939266,tribus_villages_nc,87,2003,Mouli
provinciales_2019,,PIL,Province des Iles,988,98820,Ouvéa,OUVEA,0007,306,182,124,164,14,4,Lekiny,LEKINY,2,PIL_liste_02,64,39.02,1,Lekine,Ouvéa,LIEU_DIT_NC,TRIBU,Lekiny,166.49017173263093,-20.69359693939266,tribus_villages_nc,87,2003,Mouli
provinciales_2019,,PIL,Province des Iles,988,98820,Ouvéa,OUVEA,0007,306,182,124,164,14,4,Lekiny,LEKINY,3,PIL_liste_03,14,8.54,1,Lekine,Ouvéa,LIEU_DIT_NC,TRIBU,Lekiny,166.49017173263093,-20.69359693939266,tribus_villages_nc,87,2003,Mouli
provinciales_2019,,PIL,Province des Iles,988,98820,Ouvéa,OUVEA,0007,306,182,124,164,14,4,Lekiny,LEKINY,4,PIL_liste_04,4,2.44,1,Lekine,Ouvéa,LIEU_DIT_NC,TRIBU,Lekiny,166.49017173263093,-20.69359693939266,tribus_villages_nc,87,2003,Mouli
provinciales_2019,,PIL,Province des Iles,988,98820,Ouvéa,OUVEA,0007,306,182,124,164,14,4,Lekiny,LEKINY,5,PIL_liste_05,0,0,1,Lekine,Ouvéa,LIEU_DIT_NC,TRIBU,Lekiny,166.49017173263093,-20.69359693939266,tribus_villages_nc,87,2003,Mouli
provinciales_2019,,PIL,Province des Iles,988,98820,Ouvéa,OUVEA,0007,306,182,124,164,14,4,Lekiny,LEKINY,6,PIL_liste_06,2,1.22,1,Lekine,Ouvéa,LIEU_DIT_NC,TRIBU,Lekiny,166.49017173263093,-20.69359693939266,tribus_villages_nc,87,2003,Mouli
provinciales_2019,,PIL,Province des Iles,988,98820,Ouvéa,OUVEA,0007,306,182,124,164,14,4,Lekiny,LEKINY,7,PIL_liste_07,1,0.61,1,Lekine,Ouvéa,LIEU_DIT_NC,TRIBU,Lekiny,166.49017173263093,-20.69359693939266,tribus_villages_nc,87,2003,Mouli
provinciales_2019,,PIL,Province des Iles,988,98820,Ouvéa,OUVEA,0007,306,182,124,164,14,4,Lekiny,LEKINY,8,PIL_liste_08,38,23.17,1,Lekine,Ouvéa,LIEU_DIT_NC,TRIBU,Lekiny,166.49017173263093,-20.69359693939266,tribus_villages_nc,87,2003,Mouli
provinciales_2019,,PN,Province Nord,988,98801,Bélep,BELEP,0001,912,490,422,487,1,2,Mairie,MAIRIE,1,PN_liste_01,193,39.63,0.7,Waala,Belep,LIEU_DIT_NC,VILLE,,163.6480110596638,-19.71203277091468,tribus_villages_nc,3,101,Bélep
provinciales_2019,,PN,Province Nord,988,98801,Bélep,BELEP,0001,912,490,422,487,1,2,Mairie,MAIRIE,2,PN_liste_02,6,1.23,0.7,Waala,Belep,LIEU_DIT_NC,VILLE,,163.6480110596638,-19.71203277091468,tribus_villages_nc,3,101,Bélep
provinciales_2019,,PN,Province Nord,988,98801,Bélep,BELEP,0001,912,490,422,487,1,2,Mairie,MAIRIE,3,PN_liste_03,6,1.23,0.7,Waala,Belep,LIEU_DIT_NC,VILLE,,163.6480110596638,-19.71203277091468,tribus_villages_nc,3,101,Bélep
provinciales_2019,,PN,Province Nord,988,98801,Bélep,BELEP,0001,912,490,422,487,1,2,Mairie,MAIRIE,4,PN_liste_04,47,9.65,0.7,Waala,Belep,LIEU_DIT_NC,VILLE,,163.6480110596638,-19.71203277091468,tribus_villages_nc,3,101,Bélep
provinciales_2019,,PN,Province Nord,988,98801,Bélep,BELEP,0001,912,490,422,487,1,2,Mairie,MAIRIE,5,PN_liste_05,1,0.21,0.7,Waala,Belep,LIEU_DIT_NC,VILLE,,163.6480110596638,-19.71203277091468,tribus_villages_nc,3,101,Bélep
provinciales_2019,,PN,Province Nord,988,98801,Bélep,BELEP,0001,912,490,422,487,1,2,Mairie,MAIRIE,6,PN_liste_06,234,48.05,0.7,Waala,Belep,LIEU_DIT_NC,VILLE,,163.6480110596638,-19.71203277091468,tribus_villages_nc,3,101,Bélep
provinciales_2019,,PN,Province Nord,988,98804,Canala,CANALA,0001,369,247,122,234,6,7,Mairie,MAIRIE,1,PN_liste_01,76,32.48,0.7,CANALA,Canala,LIEU_DIT_NC,VILLE,Xârâcùù,165.96392757417755,-21.522084905801098,tribus_villages_nc,136,401,Canala village
provinciales_2019,,PN,Province Nord,988,98804,Canala,CANALA,0001,369,247,122,234,6,7,Mairie,MAIRIE,2,PN_liste_02,8,3.42,0.7,CANALA,Canala,LIEU_DIT_NC,VILLE,Xârâcùù,165.96392757417755,-21.522084905801098,tribus_villages_nc,136,401,Canala village
provinciales_2019,,PN,Province Nord,988,98804,Canala,CANALA,0001,369,247,122,234,6,7,Mairie,MAIRIE,3,PN_liste_03,10,4.27,0.7,CANALA,Canala,LIEU_DIT_NC,VILLE,Xârâcùù,165.96392757417755,-21.522084905801098,tribus_villages_nc,136,401,Canala village
provinciales_2019,,PN,Province Nord,988,98804,Canala,CANALA,0001,369,247,122,234,6,7,Mairie,MAIRIE,4,PN_liste_04,2,0.85,0.7,CANALA,Canala,LIEU_DIT_NC,VILLE,Xârâcùù,165.96392757417755,-21.522084905801098,tribus_villages_nc,136,401,Canala village
provinciales_2019,,PN,Province Nord,988,98804,Canala,CANALA,0001,369,247,122,234,6,7,Mairie,MAIRIE,5,PN_liste_05,10,4.27,0.7,CANALA,Canala,LIEU_DIT_NC,VILLE,Xârâcùù,165.96392757417755,-21.522084905801098,tribus_villages_nc,136,401,Canala village
provinciales_2019,,PN,Province Nord,988,98804,Canala,CANALA,0001,369,247,122,234,6,7,Mairie,MAIRIE,6,PN_liste_06,128,54.7,0.7,CANALA,Canala,LIEU_DIT_NC,VILLE,Xârâcùù,165.96392757417755,-21.522084905801098,tribus_villages_nc,136,401,Canala village
provinciales_2019,,PN,Province Nord,988,98804,Canala,CANALA,0002,791,514,277,509,5,0,Nakéty,NAKETY,1,PN_liste_01,203,39.88,1,Nakéty,Canala,LIEU_DIT_NC,TRIBU,Nèkètè,166.04631481753384,-21.54222544058342,tribus_villages_nc,137,403,Gélima - Nakéty
provinciales_2019,,PN,Province Nord,988,98804,Canala,CANALA,0002,791,514,277,509,5,0,Nakéty,NAKETY,2,PN_liste_02,8,1.57,1,Nakéty,Canala,LIEU_DIT_NC,TRIBU,Nèkètè,166.04631481753384,-21.54222544058342,tribus_villages_nc,137,403,Gélima - Nakéty
provinciales_2019,,PN,Province Nord,988,98804,Canala,CANALA,0002,791,514,277,509,5,0,Nakéty,NAKETY,3,PN_liste_03,6,1.18,1,Nakéty,Canala,LIEU_DIT_NC,TRIBU,Nèkètè,166.04631481753384,-21.54222544058342,tribus_villages_nc,137,403,Gélima - Nakéty
provinciales_2019,,PN,Province Nord,988,98804,Canala,CANALA,0002,791,514,277,509,5,0,Nakéty,NAKETY,4,PN_liste_04,6,1.18,1,Nakéty,Canala,LIEU_DIT_NC,TRIBU,Nèkètè,166.04631481753384,-21.54222544058342,tribus_villages_nc,137,403,Gélima - Nakéty
provinciales_2019,,PN,Province Nord,988,98804,Canala,CANALA,0002,791,514,277,509,5,0,Nakéty,NAKETY,5,PN_liste_05,8,1.57,1,Nakéty,Canala,LIEU_DIT_NC,TRIBU,Nèkètè,166.04631481753384,-21.54222544058342,tribus_villages_nc,137,403,Gélima - Nakéty
provinciales_2019,,PN,Province Nord,988,98804,Canala,CANALA,0002,791,514,277,509,5,0,Nakéty,NAKETY,6,PN_liste_06,278,54.62,1,Nakéty,Canala,LIEU_DIT_NC,TRIBU,Nèkètè,166.04631481753384,-21.54222544058342,tribus_villages_nc,137,403,Gélima - Nakéty
provinciales_2019,,PN,Province Nord,988,98804,Canala,CANALA,0003,458,287,171,279,4,4,Nanon-Kénérou,NANON KENEROU,1,PN_liste_01,136,48.75,0.95,Nanon-Kénérou,Canala,LIEU_DIT_NC,TRIBU,Nèno - Kénéru,165.88480729759476,-21.546697208816735,tribus_villages_nc,136,401,Canala village
provinciales_2019,,PN,Province Nord,988,98804,Canala,CANALA,0003,458,287,171,279,4,4,Nanon-Kénérou,NANON KENEROU,2,PN_liste_02,3,1.08,0.95,Nanon-Kénérou,Canala,LIEU_DIT_NC,TRIBU,Nèno - Kénéru,165.88480729759476,-21.546697208816735,tribus_villages_nc,136,401,Canala village
provinciales_2019,,PN,Province Nord,988,98804,Canala,CANALA,0003,458,287,171,279,4,4,Nanon-Kénérou,NANON KENEROU,3,PN_liste_03,5,1.79,0.95,Nanon-Kénérou,Canala,LIEU_DIT_NC,TRIBU,Nèno - Kénéru,165.88480729759476,-21.546697208816735,tribus_villages_nc,136,401,Canala village
provinciales_2019,,PN,Province Nord,988,98804,Canala,CANALA,0003,458,287,171,279,4,4,Nanon-Kénérou,NANON KENEROU,4,PN_liste_04,3,1.08,0.95,Nanon-Kénérou,Canala,LIEU_DIT_NC,TRIBU,Nèno - Kénéru,165.88480729759476,-21.546697208816735,tribus_villages_nc,136,401,Canala village
provinciales_2019,,PN,Province Nord,988,98804,Canala,CANALA,0003,458,287,171,279,4,4,Nanon-Kénérou,NANON KENEROU,5,PN_liste_05,3,1.08,0.95,Nanon-Kénérou,Canala,LIEU_DIT_NC,TRIBU,Nèno - Kénéru,165.88480729759476,-21.546697208816735,tribus_villages_nc,136,401,Canala village
provinciales_2019,,PN,Province Nord,988,98804,Canala,CANALA,0003,458,287,171,279,4,4,Nanon-Kénérou,NANON KENEROU,6,PN_liste_06,129,46.24,0.95,Nanon-Kénérou,Canala,LIEU_DIT_NC,TRIBU,Nèno - Kénéru,165.88480729759476,-21.546697208816735,tribus_villages_nc,136,401,Canala village
provinciales_2019,,PN,Province Nord,988,98804,Canala,CANALA,0004,778,496,282,478,7,11,Méhoué,MEHOUE,1,PN_liste_01,142,29.71,1,Méhoué,Canala,LIEU_DIT_NC,TRIBU,Mèèwéé,165.9494172177474,-21.51958486452521,tribus_villages_nc,136,401,Canala village
provinciales_2019,,PN,Province Nord,988,98804,Canala,CANALA,0004,778,496,282,478,7,11,Méhoué,MEHOUE,2,PN_liste_02,22,4.6,1,Méhoué,Canala,LIEU_DIT_NC,TRIBU,Mèèwéé,165.9494172177474,-21.51958486452521,tribus_villages_nc,136,401,Canala village
provinciales_2019,,PN,Province Nord,988,98804,Canala,CANALA,0004,778,496,282,478,7,11,Méhoué,MEHOUE,3,PN_liste_03,18,3.77,1,Méhoué,Canala,LIEU_DIT_NC,TRIBU,Mèèwéé,165.9494172177474,-21.51958486452521,tribus_villages_nc,136,401,Canala village
provinciales_2019,,PN,Province Nord,988,98804,Canala,CANALA,0004,778,496,282,478,7,11,Méhoué,MEHOUE,4,PN_liste_04,5,1.05,1,Méhoué,Canala,LIEU_DIT_NC,TRIBU,Mèèwéé,165.9494172177474,-21.51958486452521,tribus_villages_nc,136,401,Canala village
provinciales_2019,,PN,Province Nord,988,98804,Canala,CANALA,0004,778,496,282,478,7,11,Méhoué,MEHOUE,5,PN_liste_05,1,0.21,1,Méhoué,Canala,LIEU_DIT_NC,TRIBU,Mèèwéé,165.9494172177474,-21.51958486452521,tribus_villages_nc,136,401,Canala village
provinciales_2019,,PN,Province Nord,988,98804,Canala,CANALA,0004,778,496,282,478,7,11,Méhoué,MEHOUE,6,PN_liste_06,290,60.67,1,Méhoué,Canala,LIEU_DIT_NC,TRIBU,Mèèwéé,165.9494172177474,-21.51958486452521,tribus_villages_nc,136,401,Canala village
provinciales_2019,,PN,Province Nord,988,98804,Canala,CANALA,0005,704,452,252,439,5,8,Gélima,GELIMA,1,PN_liste_01,107,24.37,1,Gélima,Canala,LIEU_DIT_NC,TRIBU,Jari Mwâ,165.98151543430086,-21.534392845846163,tribus_villages_nc,137,403,Gélima - Nakéty
provinciales_2019,,PN,Province Nord,988,98804,Canala,CANALA,0005,704,452,252,439,5,8,Gélima,GELIMA,2,PN_liste_02,14,3.19,1,Gélima,Canala,LIEU_DIT_NC,TRIBU,Jari Mwâ,165.98151543430086,-21.534392845846163,tribus_villages_nc,137,403,Gélima - Nakéty
provinciales_2019,,PN,Province Nord,988,98804,Canala,CANALA,0005,704,452,252,439,5,8,Gélima,GELIMA,3,PN_liste_03,2,0.46,1,Gélima,Canala,LIEU_DIT_NC,TRIBU,Jari Mwâ,165.98151543430086,-21.534392845846163,tribus_villages_nc,137,403,Gélima - Nakéty
provinciales_2019,,PN,Province Nord,988,98804,Canala,CANALA,0005,704,452,252,439,5,8,Gélima,GELIMA,4,PN_liste_04,7,1.59,1,Gélima,Canala,LIEU_DIT_NC,TRIBU,Jari Mwâ,165.98151543430086,-21.534392845846163,tribus_villages_nc,137,403,Gélima - Nakéty
provinciales_2019,,PN,Province Nord,988,98804,Canala,CANALA,0005,704,452,252,439,5,8,Gélima,GELIMA,5,PN_liste_05,5,1.14,1,Gélima,Canala,LIEU_DIT_NC,TRIBU,Jari Mwâ,165.98151543430086,-21.534392845846163,tribus_villages_nc,137,403,Gélima - Nakéty
provinciales_2019,,PN,Province Nord,988,98804,Canala,CANALA,0005,704,452,252,439,5,8,Gélima,GELIMA,6,PN_liste_06,304,69.25,1,Gélima,Canala,LIEU_DIT_NC,TRIBU,Jari Mwâ,165.98151543430086,-21.534392845846163,tribus_villages_nc,137,403,Gélima - Nakéty
provinciales_2019,,PN,Province Nord,988,98804,Canala,CANALA,0006,284,162,122,138,7,17,Mérénémé,MERENEME,1,PN_liste_01,22,15.94,1,Mérénémé,Canala,LIEU_DIT_NC,TRIBU,,165.92818615112122,-21.514857403632252,tribus_villages_nc,136,401,Canala village
provinciales_2019,,PN,Province Nord,988,98804,Canala,CANALA,0006,284,162,122,138,7,17,Mérénémé,MERENEME,2,PN_liste_02,5,3.62,1,Mérénémé,Canala,LIEU_DIT_NC,TRIBU,,165.92818615112122,-21.514857403632252,tribus_villages_nc,136,401,Canala village
provinciales_2019,,PN,Province Nord,988,98804,Canala,CANALA,0006,284,162,122,138,7,17,Mérénémé,MERENEME,3,PN_liste_03,3,2.17,1,Mérénémé,Canala,LIEU_DIT_NC,TRIBU,,165.92818615112122,-21.514857403632252,tribus_villages_nc,136,401,Canala village
provinciales_2019,,PN,Province Nord,988,98804,Canala,CANALA,0006,284,162,122,138,7,17,Mérénémé,MERENEME,4,PN_liste_04,3,2.17,1,Mérénémé,Canala,LIEU_DIT_NC,TRIBU,,165.92818615112122,-21.514857403632252,tribus_villages_nc,136,401,Canala village
provinciales_2019,,PN,Province Nord,988,98804,Canala,CANALA,0006,284,162,122,138,7,17,Mérénémé,MERENEME,5,PN_liste_05,2,1.45,1,Mérénémé,Canala,LIEU_DIT_NC,TRIBU,,165.92818615112122,-21.514857403632252,tribus_villages_nc,136,401,Canala village
provinciales_2019,,PN,Province Nord,988,98804,Canala,CANALA,0006,284,162,122,138,7,17,Mérénémé,MERENEME,6,PN_liste_06,103,74.64,1,Mérénémé,Canala,LIEU_DIT_NC,TRIBU,,165.92818615112122,-21.514857403632252,tribus_villages_nc,136,401,Canala village
provinciales_2019,,PN,Province Nord,988,98807,Hienghène,HIENGHENE,0001,541,304,237,302,0,2,Mairie,MAIRIE,1,PN_liste_01,68,22.52,0.7,HIENGHENE,Hienghène,LIEU_DIT_NC,VILLE,,164.94565765433836,-20.688834938182335,tribus_villages_nc,155,701,Hienghéne littoral
provinciales_2019,,PN,Province Nord,988,98807,Hienghène,HIENGHENE,0001,541,304,237,302,0,2,Mairie,MAIRIE,2,PN_liste_02,3,0.99,0.7,HIENGHENE,Hienghène,LIEU_DIT_NC,VILLE,,164.94565765433836,-20.688834938182335,tribus_villages_nc,155,701,Hienghéne littoral
provinciales_2019,,PN,Province Nord,988,98807,Hienghène,HIENGHENE,0001,541,304,237,302,0,2,Mairie,MAIRIE,3,PN_liste_03,4,1.32,0.7,HIENGHENE,Hienghène,LIEU_DIT_NC,VILLE,,164.94565765433836,-20.688834938182335,tribus_villages_nc,155,701,Hienghéne littoral
provinciales_2019,,PN,Province Nord,988,98807,Hienghène,HIENGHENE,0001,541,304,237,302,0,2,Mairie,MAIRIE,4,PN_liste_04,1,0.33,0.7,HIENGHENE,Hienghène,LIEU_DIT_NC,VILLE,,164.94565765433836,-20.688834938182335,tribus_villages_nc,155,701,Hienghéne littoral
provinciales_2019,,PN,Province Nord,988,98807,Hienghène,HIENGHENE,0001,541,304,237,302,0,2,Mairie,MAIRIE,5,PN_liste_05,3,0.99,0.7,HIENGHENE,Hienghène,LIEU_DIT_NC,VILLE,,164.94565765433836,-20.688834938182335,tribus_villages_nc,155,701,Hienghéne littoral
provinciales_2019,,PN,Province Nord,988,98807,Hienghène,HIENGHENE,0001,541,304,237,302,0,2,Mairie,MAIRIE,6,PN_liste_06,223,73.84,0.7,HIENGHENE,Hienghène,LIEU_DIT_NC,VILLE,,164.94565765433836,-20.688834938182335,tribus_villages_nc,155,701,Hienghéne littoral
provinciales_2019,,PN,Province Nord,988,98807,Hienghène,HIENGHENE,0002,216,157,59,157,0,0,Tendo,TENDO,1,PN_liste_01,73,46.5,1,Tendo,Hienghène,LIEU_DIT_NC,TRIBU,Tnèdo,164.8162801367713,-20.71273259336387,tribus_villages_nc,156,704,Tiendanite Ouayaguette
provinciales_2019,,PN,Province Nord,988,98807,Hienghène,HIENGHENE,0002,216,157,59,157,0,0,Tendo,TENDO,2,PN_liste_02,6,3.82,1,Tendo,Hienghène,LIEU_DIT_NC,TRIBU,Tnèdo,164.8162801367713,-20.71273259336387,tribus_villages_nc,156,704,Tiendanite Ouayaguette
provinciales_2019,,PN,Province Nord,988,98807,Hienghène,HIENGHENE,0002,216,157,59,157,0,0,Tendo,TENDO,3,PN_liste_03,1,0.64,1,Tendo,Hienghène,LIEU_DIT_NC,TRIBU,Tnèdo,164.8162801367713,-20.71273259336387,tribus_villages_nc,156,704,Tiendanite Ouayaguette
provinciales_2019,,PN,Province Nord,988,98807,Hienghène,HIENGHENE,0002,216,157,59,157,0,0,Tendo,TENDO,4,PN_liste_04,0,0,1,Tendo,Hienghène,LIEU_DIT_NC,TRIBU,Tnèdo,164.8162801367713,-20.71273259336387,tribus_villages_nc,156,704,Tiendanite Ouayaguette
provinciales_2019,,PN,Province Nord,988,98807,Hienghène,HIENGHENE,0002,216,157,59,157,0,0,Tendo,TENDO,5,PN_liste_05,1,0.64,1,Tendo,Hienghène,LIEU_DIT_NC,TRIBU,Tnèdo,164.8162801367713,-20.71273259336387,tribus_villages_nc,156,704,Tiendanite Ouayaguette
provinciales_2019,,PN,Province Nord,988,98807,Hienghène,HIENGHENE,0002,216,157,59,157,0,0,Tendo,TENDO,6,PN_liste_06,76,48.41,1,Tendo,Hienghène,LIEU_DIT_NC,TRIBU,Tnèdo,164.8162801367713,-20.71273259336387,tribus_villages_nc,156,704,Tiendanite Ouayaguette
provinciales_2019,,PN,Province Nord,988,98807,Hienghène,HIENGHENE,0003,112,67,45,66,0,1,Bas-Coulna,BAS COULNA,1,PN_liste_01,29,43.94,1,Bas-Coulna,Hienghène,LIEU_DIT_NC,TRIBU,Wan Déuc,164.78261362354763,-20.687835024386533,tribus_villages_nc,156,704,Tiendanite Ouayaguette
provinciales_2019,,PN,Province Nord,988,98807,Hienghène,HIENGHENE,0003,112,67,45,66,0,1,Bas-Coulna,BAS COULNA,2,PN_liste_02,8,12.12,1,Bas-Coulna,Hienghène,LIEU_DIT_NC,TRIBU,Wan Déuc,164.78261362354763,-20.687835024386533,tribus_villages_nc,156,704,Tiendanite Ouayaguette
provinciales_2019,,PN,Province Nord,988,98807,Hienghène,HIENGHENE,0003,112,67,45,66,0,1,Bas-Coulna,BAS COULNA,3,PN_liste_03,0,0,1,Bas-Coulna,Hienghène,LIEU_DIT_NC,TRIBU,Wan Déuc,164.78261362354763,-20.687835024386533,tribus_villages_nc,156,704,Tiendanite Ouayaguette
provinciales_2019,,PN,Province Nord,988,98807,Hienghène,HIENGHENE,0003,112,67,45,66,0,1,Bas-Coulna,BAS COULNA,4,PN_liste_04,0,0,1,Bas-Coulna,Hienghène,LIEU_DIT_NC,TRIBU,Wan Déuc,164.78261362354763,-20.687835024386533,tribus_villages_nc,156,704,Tiendanite Ouayaguette
provinciales_2019,,PN,Province Nord,988,98807,Hienghène,HIENGHENE,0003,112,67,45,66,0,1,Bas-Coulna,BAS COULNA,5,PN_liste_05,0,0,1,Bas-Coulna,Hienghène,LIEU_DIT_NC,TRIBU,Wan Déuc,164.78261362354763,-20.687835024386533,tribus_villages_nc,156,704,Tiendanite Ouayaguette
provinciales_2019,,PN,Province Nord,988,98807,Hienghène,HIENGHENE,0003,112,67,45,66,0,1,Bas-Coulna,BAS COULNA,6,PN_liste_06,29,43.94,1,Bas-Coulna,Hienghène,LIEU_DIT_NC,TRIBU,Wan Déuc,164.78261362354763,-20.687835024386533,tribus_villages_nc,156,704,Tiendanite Ouayaguette
provinciales_2019,,PN,Province Nord,988,98807,Hienghène,HIENGHENE,0004,102,59,43,59,0,0,Haut-Coulna,HAUT COULNA,1,PN_liste_01,20,33.9,1,Haut-Coulna,Hienghène,LIEU_DIT_NC,TRIBU,Paana,164.7358564404401,-20.63480876362534,tribus_villages_nc,156,704,Tiendanite Ouayaguette
provinciales_2019,,PN,Province Nord,988,98807,Hienghène,HIENGHENE,0004,102,59,43,59,0,0,Haut-Coulna,HAUT COULNA,2,PN_liste_02,1,1.69,1,Haut-Coulna,Hienghène,LIEU_DIT_NC,TRIBU,Paana,164.7358564404401,-20.63480876362534,tribus_villages_nc,156,704,Tiendanite Ouayaguette
provinciales_2019,,PN,Province Nord,988,98807,Hienghène,HIENGHENE,0004,102,59,43,59,0,0,Haut-Coulna,HAUT COULNA,3,PN_liste_03,1,1.69,1,Haut-Coulna,Hienghène,LIEU_DIT_NC,TRIBU,Paana,164.7358564404401,-20.63480876362534,tribus_villages_nc,156,704,Tiendanite Ouayaguette
provinciales_2019,,PN,Province Nord,988,98807,Hienghène,HIENGHENE,0004,102,59,43,59,0,0,Haut-Coulna,HAUT COULNA,4,PN_liste_04,1,1.69,1,Haut-Coulna,Hienghène,LIEU_DIT_NC,TRIBU,Paana,164.7358564404401,-20.63480876362534,tribus_villages_nc,156,704,Tiendanite Ouayaguette
provinciales_2019,,PN,Province Nord,988,98807,Hienghène,HIENGHENE,0004,102,59,43,59,0,0,Haut-Coulna,HAUT COULNA,5,PN_liste_05,0,0,1,Haut-Coulna,Hienghène,LIEU_DIT_NC,TRIBU,Paana,164.7358564404401,-20.63480876362534,tribus_villages_nc,156,704,Tiendanite Ouayaguette
provinciales_2019,,PN,Province Nord,988,98807,Hienghène,HIENGHENE,0004,102,59,43,59,0,0,Haut-Coulna,HAUT COULNA,6,PN_liste_06,36,61.02,1,Haut-Coulna,Hienghène,LIEU_DIT_NC,TRIBU,Paana,164.7358564404401,-20.63480876362534,tribus_villages_nc,156,704,Tiendanite Ouayaguette
provinciales_2019,,PN,Province Nord,988,98807,Hienghène,HIENGHENE,0005,181,109,72,108,0,1,Ouayaguette,OUAYAGUETTE,1,PN_liste_01,27,25,1,Ouayaguette,Hienghène,LIEU_DIT_NC,TRIBU,Wébia,164.6835205195477,-20.659220188803257,tribus_villages_nc,156,704,Tiendanite Ouayaguette
provinciales_2019,,PN,Province Nord,988,98807,Hienghène,HIENGHENE,0005,181,109,72,108,0,1,Ouayaguette,OUAYAGUETTE,2,PN_liste_02,0,0,1,Ouayaguette,Hienghène,LIEU_DIT_NC,TRIBU,Wébia,164.6835205195477,-20.659220188803257,tribus_villages_nc,156,704,Tiendanite Ouayaguette
provinciales_2019,,PN,Province Nord,988,98807,Hienghène,HIENGHENE,0005,181,109,72,108,0,1,Ouayaguette,OUAYAGUETTE,3,PN_liste_03,4,3.7,1,Ouayaguette,Hienghène,LIEU_DIT_NC,TRIBU,Wébia,164.6835205195477,-20.659220188803257,tribus_villages_nc,156,704,Tiendanite Ouayaguette
provinciales_2019,,PN,Province Nord,988,98807,Hienghène,HIENGHENE,0005,181,109,72,108,0,1,Ouayaguette,OUAYAGUETTE,4,PN_liste_04,1,0.93,1,Ouayaguette,Hienghène,LIEU_DIT_NC,TRIBU,Wébia,164.6835205195477,-20.659220188803257,tribus_villages_nc,156,704,Tiendanite Ouayaguette
provinciales_2019,,PN,Province Nord,988,98807,Hienghène,HIENGHENE,0005,181,109,72,108,0,1,Ouayaguette,OUAYAGUETTE,5,PN_liste_05,0,0,1,Ouayaguette,Hienghène,LIEU_DIT_NC,TRIBU,Wébia,164.6835205195477,-20.659220188803257,tribus_villages_nc,156,704,Tiendanite Ouayaguette
provinciales_2019,,PN,Province Nord,988,98807,Hienghène,HIENGHENE,0005,181,109,72,108,0,1,Ouayaguette,OUAYAGUETTE,6,PN_liste_06,76,70.37,1,Ouayaguette,Hienghène,LIEU_DIT_NC,TRIBU,Wébia,164.6835205195477,-20.659220188803257,tribus_villages_nc,156,704,Tiendanite Ouayaguette
provinciales_2019,,PN,Province Nord,988,98807,Hienghène,HIENGHENE,0006,212,138,74,136,1,1,Ouaième,OUAIEME,1,PN_liste_01,25,18.38,1,Ouaïème,Hienghène,LIEU_DIT_NC,TRIBU,Wâyém,164.84911233352278,-20.61488125992091,tribus_villages_nc,155,701,Hienghéne littoral
provinciales_2019,,PN,Province Nord,988,98807,Hienghène,HIENGHENE,0006,212,138,74,136,1,1,Ouaième,OUAIEME,2,PN_liste_02,3,2.21,1,Ouaïème,Hienghène,LIEU_DIT_NC,TRIBU,Wâyém,164.84911233352278,-20.61488125992091,tribus_villages_nc,155,701,Hienghéne littoral
provinciales_2019,,PN,Province Nord,988,98807,Hienghène,HIENGHENE,0006,212,138,74,136,1,1,Ouaième,OUAIEME,3,PN_liste_03,0,0,1,Ouaïème,Hienghène,LIEU_DIT_NC,TRIBU,Wâyém,164.84911233352278,-20.61488125992091,tribus_villages_nc,155,701,Hienghéne littoral
provinciales_2019,,PN,Province Nord,988,98807,Hienghène,HIENGHENE,0006,212,138,74,136,1,1,Ouaième,OUAIEME,4,PN_liste_04,0,0,1,Ouaïème,Hienghène,LIEU_DIT_NC,TRIBU,Wâyém,164.84911233352278,-20.61488125992091,tribus_villages_nc,155,701,Hienghéne littoral
provinciales_2019,,PN,Province Nord,988,98807,Hienghène,HIENGHENE,0006,212,138,74,136,1,1,Ouaième,OUAIEME,5,PN_liste_05,1,0.74,1,Ouaïème,Hienghène,LIEU_DIT_NC,TRIBU,Wâyém,164.84911233352278,-20.61488125992091,tribus_villages_nc,155,701,Hienghéne littoral
provinciales_2019,,PN,Province Nord,988,98807,Hienghène,HIENGHENE,0006,212,138,74,136,1,1,Ouaième,OUAIEME,6,PN_liste_06,107,78.68,1,Ouaïème,Hienghène,LIEU_DIT_NC,TRIBU,Wâyém,164.84911233352278,-20.61488125992091,tribus_villages_nc,155,701,Hienghéne littoral
provinciales_2019,,PN,Province Nord,988,98807,Hienghène,HIENGHENE,0007,70,32,38,31,0,1,Oué-Hawa,OUE HAWA,1,PN_liste_01,5,16.13,0.875,Oué-Hava,Hienghène,LIEU_DIT_NC,TRIBU,Wé Hava,165.03458545186362,-20.765966185987494,tribus_villages_nc,156,704,Tiendanite Ouayaguette
provinciales_2019,,PN,Province Nord,988,98807,Hienghène,HIENGHENE,0007,70,32,38,31,0,1,Oué-Hawa,OUE HAWA,2,PN_liste_02,0,0,0.875,Oué-Hava,Hienghène,LIEU_DIT_NC,TRIBU,Wé Hava,165.03458545186362,-20.765966185987494,tribus_villages_nc,156,704,Tiendanite Ouayaguette
provinciales_2019,,PN,Province Nord,988,98807,Hienghène,HIENGHENE,0007,70,32,38,31,0,1,Oué-Hawa,OUE HAWA,3,PN_liste_03,0,0,0.875,Oué-Hava,Hienghène,LIEU_DIT_NC,TRIBU,Wé Hava,165.03458545186362,-20.765966185987494,tribus_villages_nc,156,704,Tiendanite Ouayaguette
provinciales_2019,,PN,Province Nord,988,98807,Hienghène,HIENGHENE,0007,70,32,38,31,0,1,Oué-Hawa,OUE HAWA,4,PN_liste_04,1,3.23,0.875,Oué-Hava,Hienghène,LIEU_DIT_NC,TRIBU,Wé Hava,165.03458545186362,-20.765966185987494,tribus_villages_nc,156,704,Tiendanite Ouayaguette
provinciales_2019,,PN,Province Nord,988,98807,Hienghène,HIENGHENE,0007,70,32,38,31,0,1,Oué-Hawa,OUE HAWA,5,PN_liste_05,0,0,0.875,Oué-Hava,Hienghène,LIEU_DIT_NC,TRIBU,Wé Hava,165.03458545186362,-20.765966185987494,tribus_villages_nc,156,704,Tiendanite Ouayaguette
provinciales_2019,,PN,Province Nord,988,98807,Hienghène,HIENGHENE,0007,70,32,38,31,0,1,Oué-Hawa,OUE HAWA,6,PN_liste_06,25,80.65,0.875,Oué-Hava,Hienghène,LIEU_DIT_NC,TRIBU,Wé Hava,165.03458545186362,-20.765966185987494,tribus_villages_nc,156,704,Tiendanite Ouayaguette
provinciales_2019,,PN,Province Nord,988,98807,Hienghène,HIENGHENE,0008,97,81,16,81,0,0,Tiendanite,TIENDANITE,1,PN_liste_01,5,6.17,1,Tiendanite,Hienghène,LIEU_DIT_NC,TRIBU,Tândanit,164.8988687236624,-20.75818441571426,tribus_villages_nc,156,704,Tiendanite Ouayaguette
provinciales_2019,,PN,Province Nord,988,98807,Hienghène,HIENGHENE,0008,97,81,16,81,0,0,Tiendanite,TIENDANITE,2,PN_liste_02,0,0,1,Tiendanite,Hienghène,LIEU_DIT_NC,TRIBU,Tândanit,164.8988687236624,-20.75818441571426,tribus_villages_nc,156,704,Tiendanite Ouayaguette
provinciales_2019,,PN,Province Nord,988,98807,Hienghène,HIENGHENE,0008,97,81,16,81,0,0,Tiendanite,TIENDANITE,3,PN_liste_03,0,0,1,Tiendanite,Hienghène,LIEU_DIT_NC,TRIBU,Tândanit,164.8988687236624,-20.75818441571426,tribus_villages_nc,156,704,Tiendanite Ouayaguette
provinciales_2019,,PN,Province Nord,988,98807,Hienghène,HIENGHENE,0008,97,81,16,81,0,0,Tiendanite,TIENDANITE,4,PN_liste_04,0,0,1,Tiendanite,Hienghène,LIEU_DIT_NC,TRIBU,Tândanit,164.8988687236624,-20.75818441571426,tribus_villages_nc,156,704,Tiendanite Ouayaguette
provinciales_2019,,PN,Province Nord,988,98807,Hienghène,HIENGHENE,0008,97,81,16,81,0,0,Tiendanite,TIENDANITE,5,PN_liste_05,1,1.23,1,Tiendanite,Hienghène,LIEU_DIT_NC,TRIBU,Tândanit,164.8988687236624,-20.75818441571426,tribus_villages_nc,156,704,Tiendanite Ouayaguette
provinciales_2019,,PN,Province Nord,988,98807,Hienghène,HIENGHENE,0008,97,81,16,81,0,0,Tiendanite,TIENDANITE,6,PN_liste_06,75,92.59,1,Tiendanite,Hienghène,LIEU_DIT_NC,TRIBU,Tândanit,164.8988687236624,-20.75818441571426,tribus_villages_nc,156,704,Tiendanite Ouayaguette
provinciales_2019,,PN,Province Nord,988,98807,Hienghène,HIENGHENE,0009,585,408,177,407,0,1,Ouaré,OUARE,1,PN_liste_01,276,67.81,1,Ouaré,Hienghène,LIEU_DIT_NC,TRIBU,Waré,164.93523458965643,-20.673024668353836,tribus_villages_nc,155,701,Hienghéne littoral
provinciales_2019,,PN,Province Nord,988,98807,Hienghène,HIENGHENE,0009,585,408,177,407,0,1,Ouaré,OUARE,2,PN_liste_02,4,0.98,1,Ouaré,Hienghène,LIEU_DIT_NC,TRIBU,Waré,164.93523458965643,-20.673024668353836,tribus_villages_nc,155,701,Hienghéne littoral
provinciales_2019,,PN,Province Nord,988,98807,Hienghène,HIENGHENE,0009,585,408,177,407,0,1,Ouaré,OUARE,3,PN_liste_03,4,0.98,1,Ouaré,Hienghène,LIEU_DIT_NC,TRIBU,Waré,164.93523458965643,-20.673024668353836,tribus_villages_nc,155,701,Hienghéne littoral
provinciales_2019,,PN,Province Nord,988,98807,Hienghène,HIENGHENE,0009,585,408,177,407,0,1,Ouaré,OUARE,4,PN_liste_04,2,0.49,1,Ouaré,Hienghène,LIEU_DIT_NC,TRIBU,Waré,164.93523458965643,-20.673024668353836,tribus_villages_nc,155,701,Hienghéne littoral
provinciales_2019,,PN,Province Nord,988,98807,Hienghène,HIENGHENE,0009,585,408,177,407,0,1,Ouaré,OUARE,5,PN_liste_05,1,0.25,1,Ouaré,Hienghène,LIEU_DIT_NC,TRIBU,Waré,164.93523458965643,-20.673024668353836,tribus_villages_nc,155,701,Hienghéne littoral
provinciales_2019,,PN,Province Nord,988,98807,Hienghène,HIENGHENE,0009,585,408,177,407,0,1,Ouaré,OUARE,6,PN_liste_06,120,29.48,1,Ouaré,Hienghène,LIEU_DIT_NC,TRIBU,Waré,164.93523458965643,-20.673024668353836,tribus_villages_nc,155,701,Hienghéne littoral
provinciales_2019,,PN,Province Nord,988,98807,Hienghène,HIENGHENE,0010,288,175,113,173,2,0,Léwarap,LEWARAP,1,PN_liste_01,67,38.73,1,Lewarap,Hienghène,LIEU_DIT_NC,TRIBU,Wérap,164.92837654735197,-20.722390044785012,tribus_villages_nc,155,701,Hienghéne littoral
provinciales_2019,,PN,Province Nord,988,98807,Hienghène,HIENGHENE,0010,288,175,113,173,2,0,Léwarap,LEWARAP,2,PN_liste_02,0,0,1,Lewarap,Hienghène,LIEU_DIT_NC,TRIBU,Wérap,164.92837654735197,-20.722390044785012,tribus_villages_nc,155,701,Hienghéne littoral
provinciales_2019,,PN,Province Nord,988,98807,Hienghène,HIENGHENE,0010,288,175,113,173,2,0,Léwarap,LEWARAP,3,PN_liste_03,3,1.73,1,Lewarap,Hienghène,LIEU_DIT_NC,TRIBU,Wérap,164.92837654735197,-20.722390044785012,tribus_villages_nc,155,701,Hienghéne littoral
provinciales_2019,,PN,Province Nord,988,98807,Hienghène,HIENGHENE,0010,288,175,113,173,2,0,Léwarap,LEWARAP,4,PN_liste_04,7,4.05,1,Lewarap,Hienghène,LIEU_DIT_NC,TRIBU,Wérap,164.92837654735197,-20.722390044785012,tribus_villages_nc,155,701,Hienghéne littoral
provinciales_2019,,PN,Province Nord,988,98807,Hienghène,HIENGHENE,0010,288,175,113,173,2,0,Léwarap,LEWARAP,5,PN_liste_05,5,2.89,1,Lewarap,Hienghène,LIEU_DIT_NC,TRIBU,Wérap,164.92837654735197,-20.722390044785012,tribus_villages_nc,155,701,Hienghéne littoral
provinciales_2019,,PN,Province Nord,988,98807,Hienghène,HIENGHENE,0010,288,175,113,173,2,0,Léwarap,LEWARAP,6,PN_liste_06,91,52.6,1,Lewarap,Hienghène,LIEU_DIT_NC,TRIBU,Wérap,164.92837654735197,-20.722390044785012,tribus_villages_nc,155,701,Hienghéne littoral
provinciales_2019,,PN,Province Nord,988,98808,Houailou,HOUAILOU,0001,417,255,162,247,3,5,Mairie,MAIRIE,1,PN_liste_01,105,42.51,0.7,HOUAÏLOU,Houaïlou,LIEU_DIT_NC,VILLE,Waa wi Luu,165.6260919909217,-21.278284372962112,tribus_villages_nc,157,801,Houailou village
provinciales_2019,,PN,Province Nord,988,98808,Houailou,HOUAILOU,0001,417,255,162,247,3,5,Mairie,MAIRIE,2,PN_liste_02,22,8.91,0.7,HOUAÏLOU,Houaïlou,LIEU_DIT_NC,VILLE,Waa wi Luu,165.6260919909217,-21.278284372962112,tribus_villages_nc,157,801,Houailou village
provinciales_2019,,PN,Province Nord,988,98808,Houailou,HOUAILOU,0001,417,255,162,247,3,5,Mairie,MAIRIE,3,PN_liste_03,12,4.86,0.7,HOUAÏLOU,Houaïlou,LIEU_DIT_NC,VILLE,Waa wi Luu,165.6260919909217,-21.278284372962112,tribus_villages_nc,157,801,Houailou village
provinciales_2019,,PN,Province Nord,988,98808,Houailou,HOUAILOU,0001,417,255,162,247,3,5,Mairie,MAIRIE,4,PN_liste_04,27,10.93,0.7,HOUAÏLOU,Houaïlou,LIEU_DIT_NC,VILLE,Waa wi Luu,165.6260919909217,-21.278284372962112,tribus_villages_nc,157,801,Houailou village
provinciales_2019,,PN,Province Nord,988,98808,Houailou,HOUAILOU,0001,417,255,162,247,3,5,Mairie,MAIRIE,5,PN_liste_05,10,4.05,0.7,HOUAÏLOU,Houaïlou,LIEU_DIT_NC,VILLE,Waa wi Luu,165.6260919909217,-21.278284372962112,tribus_villages_nc,157,801,Houailou village
provinciales_2019,,PN,Province Nord,988,98808,Houailou,HOUAILOU,0001,417,255,162,247,3,5,Mairie,MAIRIE,6,PN_liste_06,71,28.74,0.7,HOUAÏLOU,Houaïlou,LIEU_DIT_NC,VILLE,Waa wi Luu,165.6260919909217,-21.278284372962112,tribus_villages_nc,157,801,Houailou village
provinciales_2019,,PN,Province Nord,988,98808,Houailou,HOUAILOU,0002,659,399,260,368,22,9,Warai,WARAI,1,PN_liste_01,91,24.73,0.95,Kua,Houaïlou,LIEU_DIT_NC,TRIBU,Wa',165.76989808558005,-21.33124821435679,tribus_villages_nc,160,807,Boréaré - Coula - Karagreu
provinciales_2019,,PN,Province Nord,988,98808,Houailou,HOUAILOU,0002,659,399,260,368,22,9,Warai,WARAI,2,PN_liste_02,48,13.04,0.95,Kua,Houaïlou,LIEU_DIT_NC,TRIBU,Wa',165.76989808558005,-21.33124821435679,tribus_villages_nc,160,807,Boréaré - Coula - Karagreu
provinciales_2019,,PN,Province Nord,988,98808,Houailou,HOUAILOU,0002,659,399,260,368,22,9,Warai,WARAI,3,PN_liste_03,17,4.62,0.95,Kua,Houaïlou,LIEU_DIT_NC,TRIBU,Wa',165.76989808558005,-21.33124821435679,tribus_villages_nc,160,807,Boréaré - Coula - Karagreu
provinciales_2019,,PN,Province Nord,988,98808,Houailou,HOUAILOU,0002,659,399,260,368,22,9,Warai,WARAI,4,PN_liste_04,34,9.24,0.95,Kua,Houaïlou,LIEU_DIT_NC,TRIBU,Wa',165.76989808558005,-21.33124821435679,tribus_villages_nc,160,807,Boréaré - Coula - Karagreu
provinciales_2019,,PN,Province Nord,988,98808,Houailou,HOUAILOU,0002,659,399,260,368,22,9,Warai,WARAI,5,PN_liste_05,15,4.08,0.95,Kua,Houaïlou,LIEU_DIT_NC,TRIBU,Wa',165.76989808558005,-21.33124821435679,tribus_villages_nc,160,807,Boréaré - Coula - Karagreu
provinciales_2019,,PN,Province Nord,988,98808,Houailou,HOUAILOU,0002,659,399,260,368,22,9,Warai,WARAI,6,PN_liste_06,163,44.29,0.95,Kua,Houaïlou,LIEU_DIT_NC,TRIBU,Wa',165.76989808558005,-21.33124821435679,tribus_villages_nc,160,807,Boréaré - Coula - Karagreu
provinciales_2019,,PN,Province Nord,988,98808,Houailou,HOUAILOU,0003,370,245,125,242,1,2,Bâ,BA,1,PN_liste_01,117,48.35,1,Bâ,Houaïlou,LIEU_DIT_NC,TRIBU,Bwa,165.55842620966266,-21.19827944865936,tribus_villages_nc,158,803,Warai
provinciales_2019,,PN,Province Nord,988,98808,Houailou,HOUAILOU,0003,370,245,125,242,1,2,Bâ,BA,2,PN_liste_02,12,4.96,1,Bâ,Houaïlou,LIEU_DIT_NC,TRIBU,Bwa,165.55842620966266,-21.19827944865936,tribus_villages_nc,158,803,Warai
provinciales_2019,,PN,Province Nord,988,98808,Houailou,HOUAILOU,0003,370,245,125,242,1,2,Bâ,BA,3,PN_liste_03,14,5.79,1,Bâ,Houaïlou,LIEU_DIT_NC,TRIBU,Bwa,165.55842620966266,-21.19827944865936,tribus_villages_nc,158,803,Warai
provinciales_2019,,PN,Province Nord,988,98808,Houailou,HOUAILOU,0003,370,245,125,242,1,2,Bâ,BA,4,PN_liste_04,7,2.89,1,Bâ,Houaïlou,LIEU_DIT_NC,TRIBU,Bwa,165.55842620966266,-21.19827944865936,tribus_villages_nc,158,803,Warai
provinciales_2019,,PN,Province Nord,988,98808,Houailou,HOUAILOU,0003,370,245,125,242,1,2,Bâ,BA,5,PN_liste_05,7,2.89,1,Bâ,Houaïlou,LIEU_DIT_NC,TRIBU,Bwa,165.55842620966266,-21.19827944865936,tribus_villages_nc,158,803,Warai
provinciales_2019,,PN,Province Nord,988,98808,Houailou,HOUAILOU,0003,370,245,125,242,1,2,Bâ,BA,6,PN_liste_06,85,35.12,1,Bâ,Houaïlou,LIEU_DIT_NC,TRIBU,Bwa,165.55842620966266,-21.19827944865936,tribus_villages_nc,158,803,Warai
provinciales_2019,,PN,Province Nord,988,98808,Houailou,HOUAILOU,0004,296,164,132,159,2,3,Nessakoéa,NESSAKOEA,1,PN_liste_01,60,37.74,0.842,Nessa Kouya,Houaïlou,LIEU_DIT_NC,TRIBU,Nérhexa i Kwéaa,165.5267547278778,-21.28421939373571,tribus_villages_nc,159,805,Nédivin - Bas Nindien
provinciales_2019,,PN,Province Nord,988,98808,Houailou,HOUAILOU,0004,296,164,132,159,2,3,Nessakoéa,NESSAKOEA,2,PN_liste_02,9,5.66,0.842,Nessa Kouya,Houaïlou,LIEU_DIT_NC,TRIBU,Nérhexa i Kwéaa,165.5267547278778,-21.28421939373571,tribus_villages_nc,159,805,Nédivin - Bas Nindien
provinciales_2019,,PN,Province Nord,988,98808,Houailou,HOUAILOU,0004,296,164,132,159,2,3,Nessakoéa,NESSAKOEA,3,PN_liste_03,6,3.77,0.842,Nessa Kouya,Houaïlou,LIEU_DIT_NC,TRIBU,Nérhexa i Kwéaa,165.5267547278778,-21.28421939373571,tribus_villages_nc,159,805,Nédivin - Bas Nindien
provinciales_2019,,PN,Province Nord,988,98808,Houailou,HOUAILOU,0004,296,164,132,159,2,3,Nessakoéa,NESSAKOEA,4,PN_liste_04,4,2.52,0.842,Nessa Kouya,Houaïlou,LIEU_DIT_NC,TRIBU,Nérhexa i Kwéaa,165.5267547278778,-21.28421939373571,tribus_villages_nc,159,805,Nédivin - Bas Nindien
provinciales_2019,,PN,Province Nord,988,98808,Houailou,HOUAILOU,0004,296,164,132,159,2,3,Nessakoéa,NESSAKOEA,5,PN_liste_05,3,1.89,0.842,Nessa Kouya,Houaïlou,LIEU_DIT_NC,TRIBU,Nérhexa i Kwéaa,165.5267547278778,-21.28421939373571,tribus_villages_nc,159,805,Nédivin - Bas Nindien
provinciales_2019,,PN,Province Nord,988,98808,Houailou,HOUAILOU,0004,296,164,132,159,2,3,Nessakoéa,NESSAKOEA,6,PN_liste_06,77,48.43,0.842,Nessa Kouya,Houaïlou,LIEU_DIT_NC,TRIBU,Nérhexa i Kwéaa,165.5267547278778,-21.28421939373571,tribus_villages_nc,159,805,Nédivin - Bas Nindien
provinciales_2019,,PN,Province Nord,988,98808,Houailou,HOUAILOU,0005,522,267,255,256,6,5,Poro,PORO,1,PN_liste_01,88,34.38,1,Poro,Houaïlou,LIEU_DIT_NC,LDH,Pô Ro,165.70953015747588,-21.30262511634177,tribus_villages_nc,157,801,Houailou village
provinciales_2019,,PN,Province Nord,988,98808,Houailou,HOUAILOU,0005,522,267,255,256,6,5,Poro,PORO,2,PN_liste_02,33,12.89,1,Poro,Houaïlou,LIEU_DIT_NC,LDH,Pô Ro,165.70953015747588,-21.30262511634177,tribus_villages_nc,157,801,Houailou village
provinciales_2019,,PN,Province Nord,988,98808,Houailou,HOUAILOU,0005,522,267,255,256,6,5,Poro,PORO,3,PN_liste_03,21,8.2,1,Poro,Houaïlou,LIEU_DIT_NC,LDH,Pô Ro,165.70953015747588,-21.30262511634177,tribus_villages_nc,157,801,Houailou village
provinciales_2019,,PN,Province Nord,988,98808,Houailou,HOUAILOU,0005,522,267,255,256,6,5,Poro,PORO,4,PN_liste_04,22,8.59,1,Poro,Houaïlou,LIEU_DIT_NC,LDH,Pô Ro,165.70953015747588,-21.30262511634177,tribus_villages_nc,157,801,Houailou village
provinciales_2019,,PN,Province Nord,988,98808,Houailou,HOUAILOU,0005,522,267,255,256,6,5,Poro,PORO,5,PN_liste_05,8,3.13,1,Poro,Houaïlou,LIEU_DIT_NC,LDH,Pô Ro,165.70953015747588,-21.30262511634177,tribus_villages_nc,157,801,Houailou village
provinciales_2019,,PN,Province Nord,988,98808,Houailou,HOUAILOU,0005,522,267,255,256,6,5,Poro,PORO,6,PN_liste_06,84,32.81,1,Poro,Houaïlou,LIEU_DIT_NC,LDH,Pô Ro,165.70953015747588,-21.30262511634177,tribus_villages_nc,157,801,Houailou village
provinciales_2019,,PN,Province Nord,988,98808,Houailou,HOUAILOU,0006,488,269,219,265,4,0,Coula,COULA,1,PN_liste_01,121,45.66,1,Coula,Houaïlou,LIEU_DIT_NC,TRIBU,Kuru raa,165.44899405604838,-21.336853600338287,tribus_villages_nc,160,807,Boréaré - Coula - Karagreu
provinciales_2019,,PN,Province Nord,988,98808,Houailou,HOUAILOU,0006,488,269,219,265,4,0,Coula,COULA,2,PN_liste_02,17,6.42,1,Coula,Houaïlou,LIEU_DIT_NC,TRIBU,Kuru raa,165.44899405604838,-21.336853600338287,tribus_villages_nc,160,807,Boréaré - Coula - Karagreu
provinciales_2019,,PN,Province Nord,988,98808,Houailou,HOUAILOU,0006,488,269,219,265,4,0,Coula,COULA,3,PN_liste_03,12,4.53,1,Coula,Houaïlou,LIEU_DIT_NC,TRIBU,Kuru raa,165.44899405604838,-21.336853600338287,tribus_villages_nc,160,807,Boréaré - Coula - Karagreu
provinciales_2019,,PN,Province Nord,988,98808,Houailou,HOUAILOU,0006,488,269,219,265,4,0,Coula,COULA,4,PN_liste_04,4,1.51,1,Coula,Houaïlou,LIEU_DIT_NC,TRIBU,Kuru raa,165.44899405604838,-21.336853600338287,tribus_villages_nc,160,807,Boréaré - Coula - Karagreu
provinciales_2019,,PN,Province Nord,988,98808,Houailou,HOUAILOU,0006,488,269,219,265,4,0,Coula,COULA,5,PN_liste_05,3,1.13,1,Coula,Houaïlou,LIEU_DIT_NC,TRIBU,Kuru raa,165.44899405604838,-21.336853600338287,tribus_villages_nc,160,807,Boréaré - Coula - Karagreu
provinciales_2019,,PN,Province Nord,988,98808,Houailou,HOUAILOU,0006,488,269,219,265,4,0,Coula,COULA,6,PN_liste_06,108,40.75,1,Coula,Houaïlou,LIEU_DIT_NC,TRIBU,Kuru raa,165.44899405604838,-21.336853600338287,tribus_villages_nc,160,807,Boréaré - Coula - Karagreu
provinciales_2019,,PN,Province Nord,988,98808,Houailou,HOUAILOU,0007,328,193,135,191,2,0,Néaoua,NEAOUA,1,PN_liste_01,85,44.5,1,Néaoua,Houaïlou,LIEU_DIT_NC,TRIBU,Né awa,165.6455007313978,-21.325531853593,tribus_villages_nc,157,801,Houailou village
provinciales_2019,,PN,Province Nord,988,98808,Houailou,HOUAILOU,0007,328,193,135,191,2,0,Néaoua,NEAOUA,2,PN_liste_02,3,1.57,1,Néaoua,Houaïlou,LIEU_DIT_NC,TRIBU,Né awa,165.6455007313978,-21.325531853593,tribus_villages_nc,157,801,Houailou village
provinciales_2019,,PN,Province Nord,988,98808,Houailou,HOUAILOU,0007,328,193,135,191,2,0,Néaoua,NEAOUA,3,PN_liste_03,3,1.57,1,Néaoua,Houaïlou,LIEU_DIT_NC,TRIBU,Né awa,165.6455007313978,-21.325531853593,tribus_villages_nc,157,801,Houailou village
provinciales_2019,,PN,Province Nord,988,98808,Houailou,HOUAILOU,0007,328,193,135,191,2,0,Néaoua,NEAOUA,4,PN_liste_04,9,4.71,1,Néaoua,Houaïlou,LIEU_DIT_NC,TRIBU,Né awa,165.6455007313978,-21.325531853593,tribus_villages_nc,157,801,Houailou village
provinciales_2019,,PN,Province Nord,988,98808,Houailou,HOUAILOU,0007,328,193,135,191,2,0,Néaoua,NEAOUA,5,PN_liste_05,1,0.52,1,Néaoua,Houaïlou,LIEU_DIT_NC,TRIBU,Né awa,165.6455007313978,-21.325531853593,tribus_villages_nc,157,801,Houailou village
provinciales_2019,,PN,Province Nord,988,98808,Houailou,HOUAILOU,0007,328,193,135,191,2,0,Néaoua,NEAOUA,6,PN_liste_06,90,47.12,1,Néaoua,Houaïlou,LIEU_DIT_NC,TRIBU,Né awa,165.6455007313978,-21.325531853593,tribus_villages_nc,157,801,Houailou village
provinciales_2019,,PN,Province Nord,988,98808,Houailou,HOUAILOU,0008,499,312,187,303,1,8,Nédivin,NEDIVIN,1,PN_liste_01,92,30.36,1,Nédivin,Houaïlou,LIEU_DIT_NC,TRIBU,Nédii vârâ,165.57082158687447,-21.289736384804883,tribus_villages_nc,159,805,Nédivin - Bas Nindien
provinciales_2019,,PN,Province Nord,988,98808,Houailou,HOUAILOU,0008,499,312,187,303,1,8,Nédivin,NEDIVIN,2,PN_liste_02,24,7.92,1,Nédivin,Houaïlou,LIEU_DIT_NC,TRIBU,Nédii vârâ,165.57082158687447,-21.289736384804883,tribus_villages_nc,159,805,Nédivin - Bas Nindien
provinciales_2019,,PN,Province Nord,988,98808,Houailou,HOUAILOU,0008,499,312,187,303,1,8,Nédivin,NEDIVIN,3,PN_liste_03,14,4.62,1,Nédivin,Houaïlou,LIEU_DIT_NC,TRIBU,Nédii vârâ,165.57082158687447,-21.289736384804883,tribus_villages_nc,159,805,Nédivin - Bas Nindien
provinciales_2019,,PN,Province Nord,988,98808,Houailou,HOUAILOU,0008,499,312,187,303,1,8,Nédivin,NEDIVIN,4,PN_liste_04,29,9.57,1,Nédivin,Houaïlou,LIEU_DIT_NC,TRIBU,Nédii vârâ,165.57082158687447,-21.289736384804883,tribus_villages_nc,159,805,Nédivin - Bas Nindien
provinciales_2019,,PN,Province Nord,988,98808,Houailou,HOUAILOU,0008,499,312,187,303,1,8,Nédivin,NEDIVIN,5,PN_liste_05,2,0.66,1,Nédivin,Houaïlou,LIEU_DIT_NC,TRIBU,Nédii vârâ,165.57082158687447,-21.289736384804883,tribus_villages_nc,159,805,Nédivin - Bas Nindien
provinciales_2019,,PN,Province Nord,988,98808,Houailou,HOUAILOU,0008,499,312,187,303,1,8,Nédivin,NEDIVIN,6,PN_liste_06,142,46.86,1,Nédivin,Houaïlou,LIEU_DIT_NC,TRIBU,Nédii vârâ,165.57082158687447,-21.289736384804883,tribus_villages_nc,159,805,Nédivin - Bas Nindien
provinciales_2019,,PN,Province Nord,988,98810,Kaala Gomen,KAALAGOMEN,0001,485,270,215,268,0,2,Mairie,MAIRIE,1,PN_liste_01,83,30.97,0.98,Mairie de Kaala-Gomen,804 Avenue de BWAPANU,ADMINISTRATION ET ORGANISME,Administrations des collectivités,Administration de la commune de Kaala-Gomen,164.397185345977,-20.6671314843025,etablissements_publics_nc,1,1001,Kaala Gomen village et littoral
provinciales_2019,,PN,Province Nord,988,98810,Kaala Gomen,KAALAGOMEN,0001,485,270,215,268,0,2,Mairie,MAIRIE,2,PN_liste_02,53,19.78,0.98,Mairie de Kaala-Gomen,804 Avenue de BWAPANU,ADMINISTRATION ET ORGANISME,Administrations des collectivités,Administration de la commune de Kaala-Gomen,164.397185345977,-20.6671314843025,etablissements_publics_nc,1,1001,Kaala Gomen village et littoral
provinciales_2019,,PN,Province Nord,988,98810,Kaala Gomen,KAALAGOMEN,0001,485,270,215,268,0,2,Mairie,MAIRIE,3,PN_liste_03,37,13.81,0.98,Mairie de Kaala-Gomen,804 Avenue de BWAPANU,ADMINISTRATION ET ORGANISME,Administrations des collectivités,Administration de la commune de Kaala-Gomen,164.397185345977,-20.6671314843025,etablissements_publics_nc,1,1001,Kaala Gomen village et littoral
provinciales_2019,,PN,Province Nord,988,98810,Kaala Gomen,KAALAGOMEN,0001,485,270,215,268,0,2,Mairie,MAIRIE,4,PN_liste_04,11,4.1,0.98,Mairie de Kaala-Gomen,804 Avenue de BWAPANU,ADMINISTRATION ET ORGANISME,Administrations des collectivités,Administration de la commune de Kaala-Gomen,164.397185345977,-20.6671314843025,etablissements_publics_nc,1,1001,Kaala Gomen village et littoral
provinciales_2019,,PN,Province Nord,988,98810,Kaala Gomen,KAALAGOMEN,0001,485,270,215,268,0,2,Mairie,MAIRIE,5,PN_liste_05,5,1.87,0.98,Mairie de Kaala-Gomen,804 Avenue de BWAPANU,ADMINISTRATION ET ORGANISME,Administrations des collectivités,Administration de la commune de Kaala-Gomen,164.397185345977,-20.6671314843025,etablissements_publics_nc,1,1001,Kaala Gomen village et littoral
provinciales_2019,,PN,Province Nord,988,98810,Kaala Gomen,KAALAGOMEN,0001,485,270,215,268,0,2,Mairie,MAIRIE,6,PN_liste_06,79,29.48,0.98,Mairie de Kaala-Gomen,804 Avenue de BWAPANU,ADMINISTRATION ET ORGANISME,Administrations des collectivités,Administration de la commune de Kaala-Gomen,164.397185345977,-20.6671314843025,etablissements_publics_nc,1,1001,Kaala Gomen village et littoral
provinciales_2019,,PN,Province Nord,988,98810,Kaala Gomen,KAALAGOMEN,0002,357,258,99,258,0,0,Oueholle,OUEHOLLE,1,PN_liste_01,22,8.53,0.93,Ecole catholique de Ouéholle,,ENSEIGNEMENT ET FORMATION,Enseignement du premier degré,Ecole pré-élémentaire,164.545680960012,-20.6046276080457,etablissements_publics_nc,2,1004,Ouéholle - Ouémou - Kourou
provinciales_2019,,PN,Province Nord,988,98810,Kaala Gomen,KAALAGOMEN,0002,357,258,99,258,0,0,Oueholle,OUEHOLLE,2,PN_liste_02,0,0,0.93,Ecole catholique de Ouéholle,,ENSEIGNEMENT ET FORMATION,Enseignement du premier degré,Ecole pré-élémentaire,164.545680960012,-20.6046276080457,etablissements_publics_nc,2,1004,Ouéholle - Ouémou - Kourou
provinciales_2019,,PN,Province Nord,988,98810,Kaala Gomen,KAALAGOMEN,0002,357,258,99,258,0,0,Oueholle,OUEHOLLE,3,PN_liste_03,0,0,0.93,Ecole catholique de Ouéholle,,ENSEIGNEMENT ET FORMATION,Enseignement du premier degré,Ecole pré-élémentaire,164.545680960012,-20.6046276080457,etablissements_publics_nc,2,1004,Ouéholle - Ouémou - Kourou
provinciales_2019,,PN,Province Nord,988,98810,Kaala Gomen,KAALAGOMEN,0002,357,258,99,258,0,0,Oueholle,OUEHOLLE,4,PN_liste_04,1,0.39,0.93,Ecole catholique de Ouéholle,,ENSEIGNEMENT ET FORMATION,Enseignement du premier degré,Ecole pré-élémentaire,164.545680960012,-20.6046276080457,etablissements_publics_nc,2,1004,Ouéholle - Ouémou - Kourou
provinciales_2019,,PN,Province Nord,988,98810,Kaala Gomen,KAALAGOMEN,0002,357,258,99,258,0,0,Oueholle,OUEHOLLE,5,PN_liste_05,0,0,0.93,Ecole catholique de Ouéholle,,ENSEIGNEMENT ET FORMATION,Enseignement du premier degré,Ecole pré-élémentaire,164.545680960012,-20.6046276080457,etablissements_publics_nc,2,1004,Ouéholle - Ouémou - Kourou
provinciales_2019,,PN,Province Nord,988,98810,Kaala Gomen,KAALAGOMEN,0002,357,258,99,258,0,0,Oueholle,OUEHOLLE,6,PN_liste_06,235,91.09,0.93,Ecole catholique de Ouéholle,,ENSEIGNEMENT ET FORMATION,Enseignement du premier degré,Ecole pré-élémentaire,164.545680960012,-20.6046276080457,etablissements_publics_nc,2,1004,Ouéholle - Ouémou - Kourou
provinciales_2019,,PN,Province Nord,988,98810,Kaala Gomen,KAALAGOMEN,0003,274,161,113,159,0,2,Maison Commune de Païta,MAISON COMMUNE DE PAITA,1,PN_liste_01,78,49.06,0.688,Maison commune de Piata,,CULTUREL ET SOCIO EDUCATIF,Equipements socio-éducatifs et socio-culturels,Maison de jeune et maison de quartier,164.426512320768,-20.6494636653987,etablissements_publics_nc,1,1001,Kaala Gomen village et littoral
provinciales_2019,,PN,Province Nord,988,98810,Kaala Gomen,KAALAGOMEN,0003,274,161,113,159,0,2,Maison Commune de Païta,MAISON COMMUNE DE PAITA,2,PN_liste_02,3,1.89,0.688,Maison commune de Piata,,CULTUREL ET SOCIO EDUCATIF,Equipements socio-éducatifs et socio-culturels,Maison de jeune et maison de quartier,164.426512320768,-20.6494636653987,etablissements_publics_nc,1,1001,Kaala Gomen village et littoral
provinciales_2019,,PN,Province Nord,988,98810,Kaala Gomen,KAALAGOMEN,0003,274,161,113,159,0,2,Maison Commune de Païta,MAISON COMMUNE DE PAITA,3,PN_liste_03,3,1.89,0.688,Maison commune de Piata,,CULTUREL ET SOCIO EDUCATIF,Equipements socio-éducatifs et socio-culturels,Maison de jeune et maison de quartier,164.426512320768,-20.6494636653987,etablissements_publics_nc,1,1001,Kaala Gomen village et littoral
provinciales_2019,,PN,Province Nord,988,98810,Kaala Gomen,KAALAGOMEN,0003,274,161,113,159,0,2,Maison Commune de Païta,MAISON COMMUNE DE PAITA,4,PN_liste_04,30,18.87,0.688,Maison commune de Piata,,CULTUREL ET SOCIO EDUCATIF,Equipements socio-éducatifs et socio-culturels,Maison de jeune et maison de quartier,164.426512320768,-20.6494636653987,etablissements_publics_nc,1,1001,Kaala Gomen village et littoral
provinciales_2019,,PN,Province Nord,988,98810,Kaala Gomen,KAALAGOMEN,0003,274,161,113,159,0,2,Maison Commune de Païta,MAISON COMMUNE DE PAITA,5,PN_liste_05,2,1.26,0.688,Maison commune de Piata,,CULTUREL ET SOCIO EDUCATIF,Equipements socio-éducatifs et socio-culturels,Maison de jeune et maison de quartier,164.426512320768,-20.6494636653987,etablissements_publics_nc,1,1001,Kaala Gomen village et littoral
provinciales_2019,,PN,Province Nord,988,98810,Kaala Gomen,KAALAGOMEN,0003,274,161,113,159,0,2,Maison Commune de Païta,MAISON COMMUNE DE PAITA,6,PN_liste_06,43,27.04,0.688,Maison commune de Piata,,CULTUREL ET SOCIO EDUCATIF,Equipements socio-éducatifs et socio-culturels,Maison de jeune et maison de quartier,164.426512320768,-20.6494636653987,etablissements_publics_nc,1,1001,Kaala Gomen village et littoral
provinciales_2019,,PN,Province Nord,988,98810,Kaala Gomen,KAALAGOMEN,0004,182,127,55,126,1,0,Maison Commune de Gamaï,MAISON COMMUNE DE GAMAI,1,PN_liste_01,67,53.17,0.75,Maison commune de Gamaï,,CULTUREL ET SOCIO EDUCATIF,Equipements socio-éducatifs et socio-culturels,Maison de jeune et maison de quartier,164.486749878062,-20.6941126404856,etablissements_publics_nc,1,1001,Kaala Gomen village et littoral
provinciales_2019,,PN,Province Nord,988,98810,Kaala Gomen,KAALAGOMEN,0004,182,127,55,126,1,0,Maison Commune de Gamaï,MAISON COMMUNE DE GAMAI,2,PN_liste_02,0,0,0.75,Maison commune de Gamaï,,CULTUREL ET SOCIO EDUCATIF,Equipements socio-éducatifs et socio-culturels,Maison de jeune et maison de quartier,164.486749878062,-20.6941126404856,etablissements_publics_nc,1,1001,Kaala Gomen village et littoral
provinciales_2019,,PN,Province Nord,988,98810,Kaala Gomen,KAALAGOMEN,0004,182,127,55,126,1,0,Maison Commune de Gamaï,MAISON COMMUNE DE GAMAI,3,PN_liste_03,3,2.38,0.75,Maison commune de Gamaï,,CULTUREL ET SOCIO EDUCATIF,Equipements socio-éducatifs et socio-culturels,Maison de jeune et maison de quartier,164.486749878062,-20.6941126404856,etablissements_publics_nc,1,1001,Kaala Gomen village et littoral
provinciales_2019,,PN,Province Nord,988,98810,Kaala Gomen,KAALAGOMEN,0004,182,127,55,126,1,0,Maison Commune de Gamaï,MAISON COMMUNE DE GAMAI,4,PN_liste_04,4,3.17,0.75,Maison commune de Gamaï,,CULTUREL ET SOCIO EDUCATIF,Equipements socio-éducatifs et socio-culturels,Maison de jeune et maison de quartier,164.486749878062,-20.6941126404856,etablissements_publics_nc,1,1001,Kaala Gomen village et littoral
provinciales_2019,,PN,Province Nord,988,98810,Kaala Gomen,KAALAGOMEN,0004,182,127,55,126,1,0,Maison Commune de Gamaï,MAISON COMMUNE DE GAMAI,5,PN_liste_05,3,2.38,0.75,Maison commune de Gamaï,,CULTUREL ET SOCIO EDUCATIF,Equipements socio-éducatifs et socio-culturels,Maison de jeune et maison de quartier,164.486749878062,-20.6941126404856,etablissements_publics_nc,1,1001,Kaala Gomen village et littoral
provinciales_2019,,PN,Province Nord,988,98810,Kaala Gomen,KAALAGOMEN,0004,182,127,55,126,1,0,Maison Commune de Gamaï,MAISON COMMUNE DE GAMAI,6,PN_liste_06,49,38.89,0.75,Maison commune de Gamaï,,CULTUREL ET SOCIO EDUCATIF,Equipements socio-éducatifs et socio-culturels,Maison de jeune et maison de quartier,164.486749878062,-20.6941126404856,etablissements_publics_nc,1,1001,Kaala Gomen village et littoral
provinciales_2019,,PN,Province Nord,988,98810,Kaala Gomen,KAALAGOMEN,0005,122,104,18,104,0,0,Maison Commune de Baoui,MAISON COMMUNE DE BAOUI,1,PN_liste_01,64,61.54,0.75,Maison commune de Baoui,,CULTUREL ET SOCIO EDUCATIF,Equipements socio-éducatifs et socio-culturels,Maison de jeune et maison de quartier,164.463552597488,-20.6891303658536,etablissements_publics_nc,1,1001,Kaala Gomen village et littoral
provinciales_2019,,PN,Province Nord,988,98810,Kaala Gomen,KAALAGOMEN,0005,122,104,18,104,0,0,Maison Commune de Baoui,MAISON COMMUNE DE BAOUI,2,PN_liste_02,2,1.92,0.75,Maison commune de Baoui,,CULTUREL ET SOCIO EDUCATIF,Equipements socio-éducatifs et socio-culturels,Maison de jeune et maison de quartier,164.463552597488,-20.6891303658536,etablissements_publics_nc,1,1001,Kaala Gomen village et littoral
provinciales_2019,,PN,Province Nord,988,98810,Kaala Gomen,KAALAGOMEN,0005,122,104,18,104,0,0,Maison Commune de Baoui,MAISON COMMUNE DE BAOUI,3,PN_liste_03,2,1.92,0.75,Maison commune de Baoui,,CULTUREL ET SOCIO EDUCATIF,Equipements socio-éducatifs et socio-culturels,Maison de jeune et maison de quartier,164.463552597488,-20.6891303658536,etablissements_publics_nc,1,1001,Kaala Gomen village et littoral
provinciales_2019,,PN,Province Nord,988,98810,Kaala Gomen,KAALAGOMEN,0005,122,104,18,104,0,0,Maison Commune de Baoui,MAISON COMMUNE DE BAOUI,4,PN_liste_04,2,1.92,0.75,Maison commune de Baoui,,CULTUREL ET SOCIO EDUCATIF,Equipements socio-éducatifs et socio-culturels,Maison de jeune et maison de quartier,164.463552597488,-20.6891303658536,etablissements_publics_nc,1,1001,Kaala Gomen village et littoral
provinciales_2019,,PN,Province Nord,988,98810,Kaala Gomen,KAALAGOMEN,0005,122,104,18,104,0,0,Maison Commune de Baoui,MAISON COMMUNE DE BAOUI,5,PN_liste_05,4,3.85,0.75,Maison commune de Baoui,,CULTUREL ET SOCIO EDUCATIF,Equipements socio-éducatifs et socio-culturels,Maison de jeune et maison de quartier,164.463552597488,-20.6891303658536,etablissements_publics_nc,1,1001,Kaala Gomen village et littoral
provinciales_2019,,PN,Province Nord,988,98810,Kaala Gomen,KAALAGOMEN,0005,122,104,18,104,0,0,Maison Commune de Baoui,MAISON COMMUNE DE BAOUI,6,PN_liste_06,30,28.85,0.75,Maison commune de Baoui,,CULTUREL ET SOCIO EDUCATIF,Equipements socio-éducatifs et socio-culturels,Maison de jeune et maison de quartier,164.463552597488,-20.6891303658536,etablissements_publics_nc,1,1001,Kaala Gomen village et littoral
provinciales_2019,,PN,Province Nord,988,98810,Kaala Gomen,KAALAGOMEN,0006,191,124,67,120,4,0,Ouaco,OUACO,1,PN_liste_01,17,14.17,0.93,Ecole de Ouaco,185 Rue Victor ROFFEY,ENSEIGNEMENT ET FORMATION,Enseignement du premier degré,Ecole élémentaire,164.471215971078,-20.8375035625753,etablissements_publics_nc,1,1001,Kaala Gomen village et littoral
provinciales_2019,,PN,Province Nord,988,98810,Kaala Gomen,KAALAGOMEN,0006,191,124,67,120,4,0,Ouaco,OUACO,2,PN_liste_02,26,21.67,0.93,Ecole de Ouaco,185 Rue Victor ROFFEY,ENSEIGNEMENT ET FORMATION,Enseignement du premier degré,Ecole élémentaire,164.471215971078,-20.8375035625753,etablissements_publics_nc,1,1001,Kaala Gomen village et littoral
provinciales_2019,,PN,Province Nord,988,98810,Kaala Gomen,KAALAGOMEN,0006,191,124,67,120,4,0,Ouaco,OUACO,3,PN_liste_03,38,31.67,0.93,Ecole de Ouaco,185 Rue Victor ROFFEY,ENSEIGNEMENT ET FORMATION,Enseignement du premier degré,Ecole élémentaire,164.471215971078,-20.8375035625753,etablissements_publics_nc,1,1001,Kaala Gomen village et littoral
provinciales_2019,,PN,Province Nord,988,98810,Kaala Gomen,KAALAGOMEN,0006,191,124,67,120,4,0,Ouaco,OUACO,4,PN_liste_04,2,1.67,0.93,Ecole de Ouaco,185 Rue Victor ROFFEY,ENSEIGNEMENT ET FORMATION,Enseignement du premier degré,Ecole élémentaire,164.471215971078,-20.8375035625753,etablissements_publics_nc,1,1001,Kaala Gomen village et littoral
provinciales_2019,,PN,Province Nord,988,98810,Kaala Gomen,KAALAGOMEN,0006,191,124,67,120,4,0,Ouaco,OUACO,5,PN_liste_05,3,2.5,0.93,Ecole de Ouaco,185 Rue Victor ROFFEY,ENSEIGNEMENT ET FORMATION,Enseignement du premier degré,Ecole élémentaire,164.471215971078,-20.8375035625753,etablissements_publics_nc,1,1001,Kaala Gomen village et littoral
provinciales_2019,,PN,Province Nord,988,98810,Kaala Gomen,KAALAGOMEN,0006,191,124,67,120,4,0,Ouaco,OUACO,6,PN_liste_06,34,28.33,0.93,Ecole de Ouaco,185 Rue Victor ROFFEY,ENSEIGNEMENT ET FORMATION,Enseignement du premier degré,Ecole élémentaire,164.471215971078,-20.8375035625753,etablissements_publics_nc,1,1001,Kaala Gomen village et littoral
provinciales_2019,,PN,Province Nord,988,98811,Koné,KONE,0001,631,436,195,421,12,3,Mairie,MAIRIE,1,PN_liste_01,79,18.76,0.556,Plateau sportif de Téari,AVENUE FOUE,EQUIPEMENT SPORTIF,Terrains sportifs normalisés,Terrain polyvalent,164.866375124843,-21.0740850901806,etablissements_publics_nc,5,1102,Paiamboué - La Caférie - Foué
provinciales_2019,,PN,Province Nord,988,98811,Koné,KONE,0001,631,436,195,421,12,3,Mairie,MAIRIE,2,PN_liste_02,161,38.24,0.556,Plateau sportif de Téari,AVENUE FOUE,EQUIPEMENT SPORTIF,Terrains sportifs normalisés,Terrain polyvalent,164.866375124843,-21.0740850901806,etablissements_publics_nc,5,1102,Paiamboué - La Caférie - Foué
provinciales_2019,,PN,Province Nord,988,98811,Koné,KONE,0001,631,436,195,421,12,3,Mairie,MAIRIE,3,PN_liste_03,104,24.7,0.556,Plateau sportif de Téari,AVENUE FOUE,EQUIPEMENT SPORTIF,Terrains sportifs normalisés,Terrain polyvalent,164.866375124843,-21.0740850901806,etablissements_publics_nc,5,1102,Paiamboué - La Caférie - Foué
provinciales_2019,,PN,Province Nord,988,98811,Koné,KONE,0001,631,436,195,421,12,3,Mairie,MAIRIE,4,PN_liste_04,7,1.66,0.556,Plateau sportif de Téari,AVENUE FOUE,EQUIPEMENT SPORTIF,Terrains sportifs normalisés,Terrain polyvalent,164.866375124843,-21.0740850901806,etablissements_publics_nc,5,1102,Paiamboué - La Caférie - Foué
provinciales_2019,,PN,Province Nord,988,98811,Koné,KONE,0001,631,436,195,421,12,3,Mairie,MAIRIE,5,PN_liste_05,13,3.09,0.556,Plateau sportif de Téari,AVENUE FOUE,EQUIPEMENT SPORTIF,Terrains sportifs normalisés,Terrain polyvalent,164.866375124843,-21.0740850901806,etablissements_publics_nc,5,1102,Paiamboué - La Caférie - Foué
provinciales_2019,,PN,Province Nord,988,98811,Koné,KONE,0001,631,436,195,421,12,3,Mairie,MAIRIE,6,PN_liste_06,57,13.54,0.556,Plateau sportif de Téari,AVENUE FOUE,EQUIPEMENT SPORTIF,Terrains sportifs normalisés,Terrain polyvalent,164.866375124843,-21.0740850901806,etablissements_publics_nc,5,1102,Paiamboué - La Caférie - Foué
provinciales_2019,,PN,Province Nord,988,98811,Koné,KONE,0002,162,113,49,113,0,0,Poindah,POINDAH,1,PN_liste_01,39,34.51,0.93,Maison commune de Poindah,,CULTUREL ET SOCIO EDUCATIF,Equipements socio-éducatifs et socio-culturels,Maison de jeune et maison de quartier,164.964442641559,-21.0372102738018,etablissements_publics_nc,7,1107,Poindah - Noelly - Néami - Netchaot
provinciales_2019,,PN,Province Nord,988,98811,Koné,KONE,0002,162,113,49,113,0,0,Poindah,POINDAH,2,PN_liste_02,4,3.54,0.93,Maison commune de Poindah,,CULTUREL ET SOCIO EDUCATIF,Equipements socio-éducatifs et socio-culturels,Maison de jeune et maison de quartier,164.964442641559,-21.0372102738018,etablissements_publics_nc,7,1107,Poindah - Noelly - Néami - Netchaot
provinciales_2019,,PN,Province Nord,988,98811,Koné,KONE,0002,162,113,49,113,0,0,Poindah,POINDAH,3,PN_liste_03,25,22.12,0.93,Maison commune de Poindah,,CULTUREL ET SOCIO EDUCATIF,Equipements socio-éducatifs et socio-culturels,Maison de jeune et maison de quartier,164.964442641559,-21.0372102738018,etablissements_publics_nc,7,1107,Poindah - Noelly - Néami - Netchaot
provinciales_2019,,PN,Province Nord,988,98811,Koné,KONE,0002,162,113,49,113,0,0,Poindah,POINDAH,4,PN_liste_04,3,2.65,0.93,Maison commune de Poindah,,CULTUREL ET SOCIO EDUCATIF,Equipements socio-éducatifs et socio-culturels,Maison de jeune et maison de quartier,164.964442641559,-21.0372102738018,etablissements_publics_nc,7,1107,Poindah - Noelly - Néami - Netchaot
provinciales_2019,,PN,Province Nord,988,98811,Koné,KONE,0002,162,113,49,113,0,0,Poindah,POINDAH,5,PN_liste_05,1,0.88,0.93,Maison commune de Poindah,,CULTUREL ET SOCIO EDUCATIF,Equipements socio-éducatifs et socio-culturels,Maison de jeune et maison de quartier,164.964442641559,-21.0372102738018,etablissements_publics_nc,7,1107,Poindah - Noelly - Néami - Netchaot
provinciales_2019,,PN,Province Nord,988,98811,Koné,KONE,0002,162,113,49,113,0,0,Poindah,POINDAH,6,PN_liste_06,41,36.28,0.93,Maison commune de Poindah,,CULTUREL ET SOCIO EDUCATIF,Equipements socio-éducatifs et socio-culturels,Maison de jeune et maison de quartier,164.964442641559,-21.0372102738018,etablissements_publics_nc,7,1107,Poindah - Noelly - Néami - Netchaot
provinciales_2019,,PN,Province Nord,988,98811,Koné,KONE,0003,390,273,117,272,1,0,Netchaot,NETCHAOT,1,PN_liste_01,200,73.53,0.93,Ecole maternelle publique de Nétchaot,Route du STADE de NETCHAOT,ENSEIGNEMENT ET FORMATION,Enseignement du premier degré,Ecole pré-élémentaire,165.022902317548,-21.0054157631335,etablissements_publics_nc,7,1107,Poindah - Noelly - Néami - Netchaot
provinciales_2019,,PN,Province Nord,988,98811,Koné,KONE,0003,390,273,117,272,1,0,Netchaot,NETCHAOT,2,PN_liste_02,4,1.47,0.93,Ecole maternelle publique de Nétchaot,Route du STADE de NETCHAOT,ENSEIGNEMENT ET FORMATION,Enseignement du premier degré,Ecole pré-élémentaire,165.022902317548,-21.0054157631335,etablissements_publics_nc,7,1107,Poindah - Noelly - Néami - Netchaot
provinciales_2019,,PN,Province Nord,988,98811,Koné,KONE,0003,390,273,117,272,1,0,Netchaot,NETCHAOT,3,PN_liste_03,5,1.84,0.93,Ecole maternelle publique de Nétchaot,Route du STADE de NETCHAOT,ENSEIGNEMENT ET FORMATION,Enseignement du premier degré,Ecole pré-élémentaire,165.022902317548,-21.0054157631335,etablissements_publics_nc,7,1107,Poindah - Noelly - Néami - Netchaot
provinciales_2019,,PN,Province Nord,988,98811,Koné,KONE,0003,390,273,117,272,1,0,Netchaot,NETCHAOT,4,PN_liste_04,1,0.37,0.93,Ecole maternelle publique de Nétchaot,Route du STADE de NETCHAOT,ENSEIGNEMENT ET FORMATION,Enseignement du premier degré,Ecole pré-élémentaire,165.022902317548,-21.0054157631335,etablissements_publics_nc,7,1107,Poindah - Noelly - Néami - Netchaot
provinciales_2019,,PN,Province Nord,988,98811,Koné,KONE,0003,390,273,117,272,1,0,Netchaot,NETCHAOT,5,PN_liste_05,1,0.37,0.93,Ecole maternelle publique de Nétchaot,Route du STADE de NETCHAOT,ENSEIGNEMENT ET FORMATION,Enseignement du premier degré,Ecole pré-élémentaire,165.022902317548,-21.0054157631335,etablissements_publics_nc,7,1107,Poindah - Noelly - Néami - Netchaot
provinciales_2019,,PN,Province Nord,988,98811,Koné,KONE,0003,390,273,117,272,1,0,Netchaot,NETCHAOT,6,PN_liste_06,61,22.43,0.93,Ecole maternelle publique de Nétchaot,Route du STADE de NETCHAOT,ENSEIGNEMENT ET FORMATION,Enseignement du premier degré,Ecole pré-élémentaire,165.022902317548,-21.0054157631335,etablissements_publics_nc,7,1107,Poindah - Noelly - Néami - Netchaot
provinciales_2019,,PN,Province Nord,988,98811,Koné,KONE,0004,258,213,45,213,0,0,Tiaoué,TIAOUE,1,PN_liste_01,18,8.45,0.93,Ecole publique de Tiaoué,RM5,ENSEIGNEMENT ET FORMATION,Enseignement du premier degré,Ecole primaire,164.916802108,-21.0000621217301,etablissements_publics_nc,7,1107,Poindah - Noelly - Néami - Netchaot
provinciales_2019,,PN,Province Nord,988,98811,Koné,KONE,0004,258,213,45,213,0,0,Tiaoué,TIAOUE,2,PN_liste_02,1,0.47,0.93,Ecole publique de Tiaoué,RM5,ENSEIGNEMENT ET FORMATION,Enseignement du premier degré,Ecole primaire,164.916802108,-21.0000621217301,etablissements_publics_nc,7,1107,Poindah - Noelly - Néami - Netchaot
provinciales_2019,,PN,Province Nord,988,98811,Koné,KONE,0004,258,213,45,213,0,0,Tiaoué,TIAOUE,3,PN_liste_03,4,1.88,0.93,Ecole publique de Tiaoué,RM5,ENSEIGNEMENT ET FORMATION,Enseignement du premier degré,Ecole primaire,164.916802108,-21.0000621217301,etablissements_publics_nc,7,1107,Poindah - Noelly - Néami - Netchaot
provinciales_2019,,PN,Province Nord,988,98811,Koné,KONE,0004,258,213,45,213,0,0,Tiaoué,TIAOUE,4,PN_liste_04,0,0,0.93,Ecole publique de Tiaoué,RM5,ENSEIGNEMENT ET FORMATION,Enseignement du premier degré,Ecole primaire,164.916802108,-21.0000621217301,etablissements_publics_nc,7,1107,Poindah - Noelly - Néami - Netchaot
provinciales_2019,,PN,Province Nord,988,98811,Koné,KONE,0004,258,213,45,213,0,0,Tiaoué,TIAOUE,5,PN_liste_05,1,0.47,0.93,Ecole publique de Tiaoué,RM5,ENSEIGNEMENT ET FORMATION,Enseignement du premier degré,Ecole primaire,164.916802108,-21.0000621217301,etablissements_publics_nc,7,1107,Poindah - Noelly - Néami - Netchaot
provinciales_2019,,PN,Province Nord,988,98811,Koné,KONE,0004,258,213,45,213,0,0,Tiaoué,TIAOUE,6,PN_liste_06,189,88.73,0.93,Ecole publique de Tiaoué,RM5,ENSEIGNEMENT ET FORMATION,Enseignement du premier degré,Ecole primaire,164.916802108,-21.0000621217301,etablissements_publics_nc,7,1107,Poindah - Noelly - Néami - Netchaot
provinciales_2019,,PN,Province Nord,988,98811,Koné,KONE,0005,129,94,35,94,0,0,Atéou,ATEOU,1,PN_liste_01,10,10.64,0.93,Ecole publique d'Atéou,Route de l'EGLISE d'ATEOU,ENSEIGNEMENT ET FORMATION,Enseignement du premier degré,Ecole primaire,164.90654574925,-20.9500343540188,etablissements_publics_nc,7,1107,Poindah - Noelly - Néami - Netchaot
provinciales_2019,,PN,Province Nord,988,98811,Koné,KONE,0005,129,94,35,94,0,0,Atéou,ATEOU,2,PN_liste_02,0,0,0.93,Ecole publique d'Atéou,Route de l'EGLISE d'ATEOU,ENSEIGNEMENT ET FORMATION,Enseignement du premier degré,Ecole primaire,164.90654574925,-20.9500343540188,etablissements_publics_nc,7,1107,Poindah - Noelly - Néami - Netchaot
provinciales_2019,,PN,Province Nord,988,98811,Koné,KONE,0005,129,94,35,94,0,0,Atéou,ATEOU,3,PN_liste_03,2,2.13,0.93,Ecole publique d'Atéou,Route de l'EGLISE d'ATEOU,ENSEIGNEMENT ET FORMATION,Enseignement du premier degré,Ecole primaire,164.90654574925,-20.9500343540188,etablissements_publics_nc,7,1107,Poindah - Noelly - Néami - Netchaot
provinciales_2019,,PN,Province Nord,988,98811,Koné,KONE,0005,129,94,35,94,0,0,Atéou,ATEOU,4,PN_liste_04,1,1.06,0.93,Ecole publique d'Atéou,Route de l'EGLISE d'ATEOU,ENSEIGNEMENT ET FORMATION,Enseignement du premier degré,Ecole primaire,164.90654574925,-20.9500343540188,etablissements_publics_nc,7,1107,Poindah - Noelly - Néami - Netchaot
provinciales_2019,,PN,Province Nord,988,98811,Koné,KONE,0005,129,94,35,94,0,0,Atéou,ATEOU,5,PN_liste_05,1,1.06,0.93,Ecole publique d'Atéou,Route de l'EGLISE d'ATEOU,ENSEIGNEMENT ET FORMATION,Enseignement du premier degré,Ecole primaire,164.90654574925,-20.9500343540188,etablissements_publics_nc,7,1107,Poindah - Noelly - Néami - Netchaot
provinciales_2019,,PN,Province Nord,988,98811,Koné,KONE,0005,129,94,35,94,0,0,Atéou,ATEOU,6,PN_liste_06,80,85.11,0.93,Ecole publique d'Atéou,Route de l'EGLISE d'ATEOU,ENSEIGNEMENT ET FORMATION,Enseignement du premier degré,Ecole primaire,164.90654574925,-20.9500343540188,etablissements_publics_nc,7,1107,Poindah - Noelly - Néami - Netchaot
provinciales_2019,,PN,Province Nord,988,98811,Koné,KONE,0006,211,152,59,148,4,0,Bopope,BOPOPE,1,PN_liste_01,101,68.24,0.93,Ecole privée protestante Bopope,ROUTE BOPOPE BOPOPE,ENSEIGNEMENT ET FORMATION,Enseignement du premier degré,Ecole primaire,165.079714634727,-20.9178415050895,etablissements_publics_nc,8,1108,Bopope
provinciales_2019,,PN,Province Nord,988,98811,Koné,KONE,0006,211,152,59,148,4,0,Bopope,BOPOPE,2,PN_liste_02,2,1.35,0.93,Ecole privée protestante Bopope,ROUTE BOPOPE BOPOPE,ENSEIGNEMENT ET FORMATION,Enseignement du premier degré,Ecole primaire,165.079714634727,-20.9178415050895,etablissements_publics_nc,8,1108,Bopope
provinciales_2019,,PN,Province Nord,988,98811,Koné,KONE,0006,211,152,59,148,4,0,Bopope,BOPOPE,3,PN_liste_03,3,2.03,0.93,Ecole privée protestante Bopope,ROUTE BOPOPE BOPOPE,ENSEIGNEMENT ET FORMATION,Enseignement du premier degré,Ecole primaire,165.079714634727,-20.9178415050895,etablissements_publics_nc,8,1108,Bopope
provinciales_2019,,PN,Province Nord,988,98811,Koné,KONE,0006,211,152,59,148,4,0,Bopope,BOPOPE,4,PN_liste_04,0,0,0.93,Ecole privée protestante Bopope,ROUTE BOPOPE BOPOPE,ENSEIGNEMENT ET FORMATION,Enseignement du premier degré,Ecole primaire,165.079714634727,-20.9178415050895,etablissements_publics_nc,8,1108,Bopope
provinciales_2019,,PN,Province Nord,988,98811,Koné,KONE,0006,211,152,59,148,4,0,Bopope,BOPOPE,5,PN_liste_05,2,1.35,0.93,Ecole privée protestante Bopope,ROUTE BOPOPE BOPOPE,ENSEIGNEMENT ET FORMATION,Enseignement du premier degré,Ecole primaire,165.079714634727,-20.9178415050895,etablissements_publics_nc,8,1108,Bopope
provinciales_2019,,PN,Province Nord,988,98811,Koné,KONE,0006,211,152,59,148,4,0,Bopope,BOPOPE,6,PN_liste_06,40,27.03,0.93,Ecole privée protestante Bopope,ROUTE BOPOPE BOPOPE,ENSEIGNEMENT ET FORMATION,Enseignement du premier degré,Ecole primaire,165.079714634727,-20.9178415050895,etablissements_publics_nc,8,1108,Bopope
provinciales_2019,,PN,Province Nord,988,98811,Koné,KONE,0007,206,145,61,144,1,0,Neami,NEAMI,1,PN_liste_01,61,42.36,0.93,Ecole maternelle publique de Néami,Route GOROPOADJILEI,ENSEIGNEMENT ET FORMATION,Enseignement du premier degré,Ecole pré-élémentaire,164.971958124292,-20.977983356452,etablissements_publics_nc,7,1107,Poindah - Noelly - Néami - Netchaot
provinciales_2019,,PN,Province Nord,988,98811,Koné,KONE,0007,206,145,61,144,1,0,Neami,NEAMI,2,PN_liste_02,1,0.69,0.93,Ecole maternelle publique de Néami,Route GOROPOADJILEI,ENSEIGNEMENT ET FORMATION,Enseignement du premier degré,Ecole pré-élémentaire,164.971958124292,-20.977983356452,etablissements_publics_nc,7,1107,Poindah - Noelly - Néami - Netchaot
provinciales_2019,,PN,Province Nord,988,98811,Koné,KONE,0007,206,145,61,144,1,0,Neami,NEAMI,3,PN_liste_03,3,2.08,0.93,Ecole maternelle publique de Néami,Route GOROPOADJILEI,ENSEIGNEMENT ET FORMATION,Enseignement du premier degré,Ecole pré-élémentaire,164.971958124292,-20.977983356452,etablissements_publics_nc,7,1107,Poindah - Noelly - Néami - Netchaot
provinciales_2019,,PN,Province Nord,988,98811,Koné,KONE,0007,206,145,61,144,1,0,Neami,NEAMI,4,PN_liste_04,1,0.69,0.93,Ecole maternelle publique de Néami,Route GOROPOADJILEI,ENSEIGNEMENT ET FORMATION,Enseignement du premier degré,Ecole pré-élémentaire,164.971958124292,-20.977983356452,etablissements_publics_nc,7,1107,Poindah - Noelly - Néami - Netchaot
provinciales_2019,,PN,Province Nord,988,98811,Koné,KONE,0007,206,145,61,144,1,0,Neami,NEAMI,5,PN_liste_05,7,4.86,0.93,Ecole maternelle publique de Néami,Route GOROPOADJILEI,ENSEIGNEMENT ET FORMATION,Enseignement du premier degré,Ecole pré-élémentaire,164.971958124292,-20.977983356452,etablissements_publics_nc,7,1107,Poindah - Noelly - Néami - Netchaot
provinciales_2019,,PN,Province Nord,988,98811,Koné,KONE,0007,206,145,61,144,1,0,Neami,NEAMI,6,PN_liste_06,71,49.31,0.93,Ecole maternelle publique de Néami,Route GOROPOADJILEI,ENSEIGNEMENT ET FORMATION,Enseignement du premier degré,Ecole pré-élémentaire,164.971958124292,-20.977983356452,etablissements_publics_nc,7,1107,Poindah - Noelly - Néami - Netchaot
provinciales_2019,,PN,Province Nord,988,98811,Koné,KONE,0008,400,282,118,279,2,1,Baco,BACO,1,PN_liste_01,121,43.37,0.93,Maison commune de Baco,,CULTUREL ET SOCIO EDUCATIF,Equipements socio-éducatifs et socio-culturels,Maison de jeune et maison de quartier,164.895177171264,-21.0667090848805,etablissements_publics_nc,6,1103,Baco - Koniambo
provinciales_2019,,PN,Province Nord,988,98811,Koné,KONE,0008,400,282,118,279,2,1,Baco,BACO,2,PN_liste_02,7,2.51,0.93,Maison commune de Baco,,CULTUREL ET SOCIO EDUCATIF,Equipements socio-éducatifs et socio-culturels,Maison de jeune et maison de quartier,164.895177171264,-21.0667090848805,etablissements_publics_nc,6,1103,Baco - Koniambo
provinciales_2019,,PN,Province Nord,988,98811,Koné,KONE,0008,400,282,118,279,2,1,Baco,BACO,3,PN_liste_03,6,2.15,0.93,Maison commune de Baco,,CULTUREL ET SOCIO EDUCATIF,Equipements socio-éducatifs et socio-culturels,Maison de jeune et maison de quartier,164.895177171264,-21.0667090848805,etablissements_publics_nc,6,1103,Baco - Koniambo
provinciales_2019,,PN,Province Nord,988,98811,Koné,KONE,0008,400,282,118,279,2,1,Baco,BACO,4,PN_liste_04,10,3.58,0.93,Maison commune de Baco,,CULTUREL ET SOCIO EDUCATIF,Equipements socio-éducatifs et socio-culturels,Maison de jeune et maison de quartier,164.895177171264,-21.0667090848805,etablissements_publics_nc,6,1103,Baco - Koniambo
provinciales_2019,,PN,Province Nord,988,98811,Koné,KONE,0008,400,282,118,279,2,1,Baco,BACO,5,PN_liste_05,6,2.15,0.93,Maison commune de Baco,,CULTUREL ET SOCIO EDUCATIF,Equipements socio-éducatifs et socio-culturels,Maison de jeune et maison de quartier,164.895177171264,-21.0667090848805,etablissements_publics_nc,6,1103,Baco - Koniambo
provinciales_2019,,PN,Province Nord,988,98811,Koné,KONE,0008,400,282,118,279,2,1,Baco,BACO,6,PN_liste_06,129,46.24,0.93,Maison commune de Baco,,CULTUREL ET SOCIO EDUCATIF,Equipements socio-éducatifs et socio-culturels,Maison de jeune et maison de quartier,164.895177171264,-21.0667090848805,etablissements_publics_nc,6,1103,Baco - Koniambo
provinciales_2019,,PN,Province Nord,988,98811,Koné,KONE,0009,649,427,222,411,9,7,Ecole Primaire Les Cigales,ECOLE PRIMAIRE LES CIGALES,1,PN_liste_01,79,19.22,0.88,Ecole publique Les Cigales,12 RUE DES ABEILLES,ENSEIGNEMENT ET FORMATION,Enseignement du premier degré,Ecole primaire,164.8701529762,-21.0521518022935,etablissements_publics_nc,4,1101,Koné village
provinciales_2019,,PN,Province Nord,988,98811,Koné,KONE,0009,649,427,222,411,9,7,Ecole Primaire Les Cigales,ECOLE PRIMAIRE LES CIGALES,2,PN_liste_02,79,19.22,0.88,Ecole publique Les Cigales,12 RUE DES ABEILLES,ENSEIGNEMENT ET FORMATION,Enseignement du premier degré,Ecole primaire,164.8701529762,-21.0521518022935,etablissements_publics_nc,4,1101,Koné village
provinciales_2019,,PN,Province Nord,988,98811,Koné,KONE,0009,649,427,222,411,9,7,Ecole Primaire Les Cigales,ECOLE PRIMAIRE LES CIGALES,3,PN_liste_03,66,16.06,0.88,Ecole publique Les Cigales,12 RUE DES ABEILLES,ENSEIGNEMENT ET FORMATION,Enseignement du premier degré,Ecole primaire,164.8701529762,-21.0521518022935,etablissements_publics_nc,4,1101,Koné village
provinciales_2019,,PN,Province Nord,988,98811,Koné,KONE,0009,649,427,222,411,9,7,Ecole Primaire Les Cigales,ECOLE PRIMAIRE LES CIGALES,4,PN_liste_04,10,2.43,0.88,Ecole publique Les Cigales,12 RUE DES ABEILLES,ENSEIGNEMENT ET FORMATION,Enseignement du premier degré,Ecole primaire,164.8701529762,-21.0521518022935,etablissements_publics_nc,4,1101,Koné village
provinciales_2019,,PN,Province Nord,988,98811,Koné,KONE,0009,649,427,222,411,9,7,Ecole Primaire Les Cigales,ECOLE PRIMAIRE LES CIGALES,5,PN_liste_05,19,4.62,0.88,Ecole publique Les Cigales,12 RUE DES ABEILLES,ENSEIGNEMENT ET FORMATION,Enseignement du premier degré,Ecole primaire,164.8701529762,-21.0521518022935,etablissements_publics_nc,4,1101,Koné village
provinciales_2019,,PN,Province Nord,988,98811,Koné,KONE,0009,649,427,222,411,9,7,Ecole Primaire Les Cigales,ECOLE PRIMAIRE LES CIGALES,6,PN_liste_06,158,38.44,0.88,Ecole publique Les Cigales,12 RUE DES ABEILLES,ENSEIGNEMENT ET FORMATION,Enseignement du premier degré,Ecole primaire,164.8701529762,-21.0521518022935,etablissements_publics_nc,4,1101,Koné village
provinciales_2019,,PN,Province Nord,988,98811,Koné,KONE,0010,212,147,65,145,2,0,Noëlly,NOELLY,1,PN_liste_01,83,57.24,0.93,Ecole maternelle publique de Noelly,Route de l'ECOLE de NOELI,ENSEIGNEMENT ET FORMATION,Enseignement du premier degré,Ecole pré-élémentaire,164.947538773364,-21.0048750710989,etablissements_publics_nc,7,1107,Poindah - Noelly - Néami - Netchaot
provinciales_2019,,PN,Province Nord,988,98811,Koné,KONE,0010,212,147,65,145,2,0,Noëlly,NOELLY,2,PN_liste_02,2,1.38,0.93,Ecole maternelle publique de Noelly,Route de l'ECOLE de NOELI,ENSEIGNEMENT ET FORMATION,Enseignement du premier degré,Ecole pré-élémentaire,164.947538773364,-21.0048750710989,etablissements_publics_nc,7,1107,Poindah - Noelly - Néami - Netchaot
provinciales_2019,,PN,Province Nord,988,98811,Koné,KONE,0010,212,147,65,145,2,0,Noëlly,NOELLY,3,PN_liste_03,3,2.07,0.93,Ecole maternelle publique de Noelly,Route de l'ECOLE de NOELI,ENSEIGNEMENT ET FORMATION,Enseignement du premier degré,Ecole pré-élémentaire,164.947538773364,-21.0048750710989,etablissements_publics_nc,7,1107,Poindah - Noelly - Néami - Netchaot
provinciales_2019,,PN,Province Nord,988,98811,Koné,KONE,0010,212,147,65,145,2,0,Noëlly,NOELLY,4,PN_liste_04,3,2.07,0.93,Ecole maternelle publique de Noelly,Route de l'ECOLE de NOELI,ENSEIGNEMENT ET FORMATION,Enseignement du premier degré,Ecole pré-élémentaire,164.947538773364,-21.0048750710989,etablissements_publics_nc,7,1107,Poindah - Noelly - Néami - Netchaot
provinciales_2019,,PN,Province Nord,988,98811,Koné,KONE,0010,212,147,65,145,2,0,Noëlly,NOELLY,5,PN_liste_05,5,3.45,0.93,Ecole maternelle publique de Noelly,Route de l'ECOLE de NOELI,ENSEIGNEMENT ET FORMATION,Enseignement du premier degré,Ecole pré-élémentaire,164.947538773364,-21.0048750710989,etablissements_publics_nc,7,1107,Poindah - Noelly - Néami - Netchaot
provinciales_2019,,PN,Province Nord,988,98811,Koné,KONE,0010,212,147,65,145,2,0,Noëlly,NOELLY,6,PN_liste_06,49,33.79,0.93,Ecole maternelle publique de Noelly,Route de l'ECOLE de NOELI,ENSEIGNEMENT ET FORMATION,Enseignement du premier degré,Ecole pré-élémentaire,164.947538773364,-21.0048750710989,etablissements_publics_nc,7,1107,Poindah - Noelly - Néami - Netchaot
provinciales_2019,,PN,Province Nord,988,98811,Koné,KONE,0011,487,328,159,309,13,6,Mairie 2,MAIRIE 2,1,PN_liste_01,78,25.24,0.636,Déchetterie,5135 AVENUE DU LAPITA,TRANSPORT ET DECHET,Gestion des déchets,Installation de stockage des déchets,164.82630681362,-21.0553442775238,etablissements_publics_nc,4,1101,Koné village
provinciales_2019,,PN,Province Nord,988,98811,Koné,KONE,0011,487,328,159,309,13,6,Mairie 2,MAIRIE 2,2,PN_liste_02,105,33.98,0.636,Déchetterie,5135 AVENUE DU LAPITA,TRANSPORT ET DECHET,Gestion des déchets,Installation de stockage des déchets,164.82630681362,-21.0553442775238,etablissements_publics_nc,4,1101,Koné village
provinciales_2019,,PN,Province Nord,988,98811,Koné,KONE,0011,487,328,159,309,13,6,Mairie 2,MAIRIE 2,3,PN_liste_03,48,15.53,0.636,Déchetterie,5135 AVENUE DU LAPITA,TRANSPORT ET DECHET,Gestion des déchets,Installation de stockage des déchets,164.82630681362,-21.0553442775238,etablissements_publics_nc,4,1101,Koné village
provinciales_2019,,PN,Province Nord,988,98811,Koné,KONE,0011,487,328,159,309,13,6,Mairie 2,MAIRIE 2,4,PN_liste_04,11,3.56,0.636,Déchetterie,5135 AVENUE DU LAPITA,TRANSPORT ET DECHET,Gestion des déchets,Installation de stockage des déchets,164.82630681362,-21.0553442775238,etablissements_publics_nc,4,1101,Koné village
provinciales_2019,,PN,Province Nord,988,98811,Koné,KONE,0011,487,328,159,309,13,6,Mairie 2,MAIRIE 2,5,PN_liste_05,11,3.56,0.636,Déchetterie,5135 AVENUE DU LAPITA,TRANSPORT ET DECHET,Gestion des déchets,Installation de stockage des déchets,164.82630681362,-21.0553442775238,etablissements_publics_nc,4,1101,Koné village
provinciales_2019,,PN,Province Nord,988,98811,Koné,KONE,0011,487,328,159,309,13,6,Mairie 2,MAIRIE 2,6,PN_liste_06,56,18.12,0.636,Déchetterie,5135 AVENUE DU LAPITA,TRANSPORT ET DECHET,Gestion des déchets,Installation de stockage des déchets,164.82630681362,-21.0553442775238,etablissements_publics_nc,4,1101,Koné village
provinciales_2019,,PN,Province Nord,988,98811,Koné,KONE,0012,394,309,85,302,4,3,Les Allamandas,LES ALLAMANDAS,1,PN_liste_01,47,15.56,0.93,Ecole publique Les Allamandas,242 RUE PAUL NAPOAREA,ENSEIGNEMENT ET FORMATION,Enseignement du premier degré,Ecole primaire,164.856461111321,-21.052040276968,etablissements_publics_nc,4,1101,Koné village
provinciales_2019,,PN,Province Nord,988,98811,Koné,KONE,0012,394,309,85,302,4,3,Les Allamandas,LES ALLAMANDAS,2,PN_liste_02,110,36.42,0.93,Ecole publique Les Allamandas,242 RUE PAUL NAPOAREA,ENSEIGNEMENT ET FORMATION,Enseignement du premier degré,Ecole primaire,164.856461111321,-21.052040276968,etablissements_publics_nc,4,1101,Koné village
provinciales_2019,,PN,Province Nord,988,98811,Koné,KONE,0012,394,309,85,302,4,3,Les Allamandas,LES ALLAMANDAS,3,PN_liste_03,79,26.16,0.93,Ecole publique Les Allamandas,242 RUE PAUL NAPOAREA,ENSEIGNEMENT ET FORMATION,Enseignement du premier degré,Ecole primaire,164.856461111321,-21.052040276968,etablissements_publics_nc,4,1101,Koné village
provinciales_2019,,PN,Province Nord,988,98811,Koné,KONE,0012,394,309,85,302,4,3,Les Allamandas,LES ALLAMANDAS,4,PN_liste_04,3,0.99,0.93,Ecole publique Les Allamandas,242 RUE PAUL NAPOAREA,ENSEIGNEMENT ET FORMATION,Enseignement du premier degré,Ecole primaire,164.856461111321,-21.052040276968,etablissements_publics_nc,4,1101,Koné village
provinciales_2019,,PN,Province Nord,988,98811,Koné,KONE,0012,394,309,85,302,4,3,Les Allamandas,LES ALLAMANDAS,5,PN_liste_05,6,1.99,0.93,Ecole publique Les Allamandas,242 RUE PAUL NAPOAREA,ENSEIGNEMENT ET FORMATION,Enseignement du premier degré,Ecole primaire,164.856461111321,-21.052040276968,etablissements_publics_nc,4,1101,Koné village
provinciales_2019,,PN,Province Nord,988,98811,Koné,KONE,0012,394,309,85,302,4,3,Les Allamandas,LES ALLAMANDAS,6,PN_liste_06,57,18.87,0.93,Ecole publique Les Allamandas,242 RUE PAUL NAPOAREA,ENSEIGNEMENT ET FORMATION,Enseignement du premier degré,Ecole primaire,164.856461111321,-21.052040276968,etablissements_publics_nc,4,1101,Koné village
provinciales_2019,,PN,Province Nord,988,98833,Kouaoua,KOUAOUA,0001,539,357,182,353,3,1,Mairie,MAIRIE,1,PN_liste_01,74,20.96,0.7,KOUAOUA,Kouaoua,LIEU_DIT_NC,VILLE,Aumu,165.82856671021466,-21.396045166693337,tribus_villages_nc,134,3301,Kouaoua village - Amon Kasiori
provinciales_2019,,PN,Province Nord,988,98833,Kouaoua,KOUAOUA,0001,539,357,182,353,3,1,Mairie,MAIRIE,2,PN_liste_02,133,37.68,0.7,KOUAOUA,Kouaoua,LIEU_DIT_NC,VILLE,Aumu,165.82856671021466,-21.396045166693337,tribus_villages_nc,134,3301,Kouaoua village - Amon Kasiori
provinciales_2019,,PN,Province Nord,988,98833,Kouaoua,KOUAOUA,0001,539,357,182,353,3,1,Mairie,MAIRIE,3,PN_liste_03,17,4.82,0.7,KOUAOUA,Kouaoua,LIEU_DIT_NC,VILLE,Aumu,165.82856671021466,-21.396045166693337,tribus_villages_nc,134,3301,Kouaoua village - Amon Kasiori
provinciales_2019,,PN,Province Nord,988,98833,Kouaoua,KOUAOUA,0001,539,357,182,353,3,1,Mairie,MAIRIE,4,PN_liste_04,11,3.12,0.7,KOUAOUA,Kouaoua,LIEU_DIT_NC,VILLE,Aumu,165.82856671021466,-21.396045166693337,tribus_villages_nc,134,3301,Kouaoua village - Amon Kasiori
provinciales_2019,,PN,Province Nord,988,98833,Kouaoua,KOUAOUA,0001,539,357,182,353,3,1,Mairie,MAIRIE,5,PN_liste_05,4,1.13,0.7,KOUAOUA,Kouaoua,LIEU_DIT_NC,VILLE,Aumu,165.82856671021466,-21.396045166693337,tribus_villages_nc,134,3301,Kouaoua village - Amon Kasiori
provinciales_2019,,PN,Province Nord,988,98833,Kouaoua,KOUAOUA,0001,539,357,182,353,3,1,Mairie,MAIRIE,6,PN_liste_06,114,32.29,0.7,KOUAOUA,Kouaoua,LIEU_DIT_NC,VILLE,Aumu,165.82856671021466,-21.396045166693337,tribus_villages_nc,134,3301,Kouaoua village - Amon Kasiori
provinciales_2019,,PN,Province Nord,988,98833,Kouaoua,KOUAOUA,0002,259,175,84,173,1,1,Ouérou-Piment,OUEROU PIMENT,1,PN_liste_01,71,41.04,0.95,Ouéroupimé,Kouaoua,LIEU_DIT_NC,TRIBU,Wérupimé,165.72221294003012,-21.49791198784617,tribus_villages_nc,135,3302,Méa Mébara - Ouérou Pimet
provinciales_2019,,PN,Province Nord,988,98833,Kouaoua,KOUAOUA,0002,259,175,84,173,1,1,Ouérou-Piment,OUEROU PIMENT,2,PN_liste_02,18,10.4,0.95,Ouéroupimé,Kouaoua,LIEU_DIT_NC,TRIBU,Wérupimé,165.72221294003012,-21.49791198784617,tribus_villages_nc,135,3302,Méa Mébara - Ouérou Pimet
provinciales_2019,,PN,Province Nord,988,98833,Kouaoua,KOUAOUA,0002,259,175,84,173,1,1,Ouérou-Piment,OUEROU PIMENT,3,PN_liste_03,5,2.89,0.95,Ouéroupimé,Kouaoua,LIEU_DIT_NC,TRIBU,Wérupimé,165.72221294003012,-21.49791198784617,tribus_villages_nc,135,3302,Méa Mébara - Ouérou Pimet
provinciales_2019,,PN,Province Nord,988,98833,Kouaoua,KOUAOUA,0002,259,175,84,173,1,1,Ouérou-Piment,OUEROU PIMENT,4,PN_liste_04,0,0,0.95,Ouéroupimé,Kouaoua,LIEU_DIT_NC,TRIBU,Wérupimé,165.72221294003012,-21.49791198784617,tribus_villages_nc,135,3302,Méa Mébara - Ouérou Pimet
provinciales_2019,,PN,Province Nord,988,98833,Kouaoua,KOUAOUA,0002,259,175,84,173,1,1,Ouérou-Piment,OUEROU PIMENT,5,PN_liste_05,3,1.73,0.95,Ouéroupimé,Kouaoua,LIEU_DIT_NC,TRIBU,Wérupimé,165.72221294003012,-21.49791198784617,tribus_villages_nc,135,3302,Méa Mébara - Ouérou Pimet
provinciales_2019,,PN,Province Nord,988,98833,Kouaoua,KOUAOUA,0002,259,175,84,173,1,1,Ouérou-Piment,OUEROU PIMENT,6,PN_liste_06,76,43.93,0.95,Ouéroupimé,Kouaoua,LIEU_DIT_NC,TRIBU,Wérupimé,165.72221294003012,-21.49791198784617,tribus_villages_nc,135,3302,Méa Mébara - Ouérou Pimet
provinciales_2019,,PN,Province Nord,988,98833,Kouaoua,KOUAOUA,0003,143,109,34,108,0,1,Koh,KOH,1,PN_liste_01,26,24.07,1,Koh,Kouaoua,LIEU_DIT_NC,TRIBU,,165.83542921955194,-21.536184530370736,tribus_villages_nc,135,3302,Méa Mébara - Ouérou Pimet
provinciales_2019,,PN,Province Nord,988,98833,Kouaoua,KOUAOUA,0003,143,109,34,108,0,1,Koh,KOH,2,PN_liste_02,24,22.22,1,Koh,Kouaoua,LIEU_DIT_NC,TRIBU,,165.83542921955194,-21.536184530370736,tribus_villages_nc,135,3302,Méa Mébara - Ouérou Pimet
provinciales_2019,,PN,Province Nord,988,98833,Kouaoua,KOUAOUA,0003,143,109,34,108,0,1,Koh,KOH,3,PN_liste_03,3,2.78,1,Koh,Kouaoua,LIEU_DIT_NC,TRIBU,,165.83542921955194,-21.536184530370736,tribus_villages_nc,135,3302,Méa Mébara - Ouérou Pimet
provinciales_2019,,PN,Province Nord,988,98833,Kouaoua,KOUAOUA,0003,143,109,34,108,0,1,Koh,KOH,4,PN_liste_04,1,0.93,1,Koh,Kouaoua,LIEU_DIT_NC,TRIBU,,165.83542921955194,-21.536184530370736,tribus_villages_nc,135,3302,Méa Mébara - Ouérou Pimet
provinciales_2019,,PN,Province Nord,988,98833,Kouaoua,KOUAOUA,0003,143,109,34,108,0,1,Koh,KOH,5,PN_liste_05,0,0,1,Koh,Kouaoua,LIEU_DIT_NC,TRIBU,,165.83542921955194,-21.536184530370736,tribus_villages_nc,135,3302,Méa Mébara - Ouérou Pimet
provinciales_2019,,PN,Province Nord,988,98833,Kouaoua,KOUAOUA,0003,143,109,34,108,0,1,Koh,KOH,6,PN_liste_06,54,50,1,Koh,Kouaoua,LIEU_DIT_NC,TRIBU,,165.83542921955194,-21.536184530370736,tribus_villages_nc,135,3302,Méa Mébara - Ouérou Pimet
provinciales_2019,,PN,Province Nord,988,98833,Kouaoua,KOUAOUA,0004,168,97,71,96,1,0,Méa-Mébara,MEA MEBARA,1,PN_liste_01,33,34.38,1,Méa Mébara,Kouaoua,LIEU_DIT_NC,TRIBU,,165.78859040310297,-21.469132110021317,tribus_villages_nc,135,3302,Méa Mébara - Ouérou Pimet
provinciales_2019,,PN,Province Nord,988,98833,Kouaoua,KOUAOUA,0004,168,97,71,96,1,0,Méa-Mébara,MEA MEBARA,2,PN_liste_02,24,25,1,Méa Mébara,Kouaoua,LIEU_DIT_NC,TRIBU,,165.78859040310297,-21.469132110021317,tribus_villages_nc,135,3302,Méa Mébara - Ouérou Pimet
provinciales_2019,,PN,Province Nord,988,98833,Kouaoua,KOUAOUA,0004,168,97,71,96,1,0,Méa-Mébara,MEA MEBARA,3,PN_liste_03,5,5.21,1,Méa Mébara,Kouaoua,LIEU_DIT_NC,TRIBU,,165.78859040310297,-21.469132110021317,tribus_villages_nc,135,3302,Méa Mébara - Ouérou Pimet
provinciales_2019,,PN,Province Nord,988,98833,Kouaoua,KOUAOUA,0004,168,97,71,96,1,0,Méa-Mébara,MEA MEBARA,4,PN_liste_04,2,2.08,1,Méa Mébara,Kouaoua,LIEU_DIT_NC,TRIBU,,165.78859040310297,-21.469132110021317,tribus_villages_nc,135,3302,Méa Mébara - Ouérou Pimet
provinciales_2019,,PN,Province Nord,988,98833,Kouaoua,KOUAOUA,0004,168,97,71,96,1,0,Méa-Mébara,MEA MEBARA,5,PN_liste_05,2,2.08,1,Méa Mébara,Kouaoua,LIEU_DIT_NC,TRIBU,,165.78859040310297,-21.469132110021317,tribus_villages_nc,135,3302,Méa Mébara - Ouérou Pimet
provinciales_2019,,PN,Province Nord,988,98833,Kouaoua,KOUAOUA,0004,168,97,71,96,1,0,Méa-Mébara,MEA MEBARA,6,PN_liste_06,30,31.25,1,Méa Mébara,Kouaoua,LIEU_DIT_NC,TRIBU,,165.78859040310297,-21.469132110021317,tribus_villages_nc,135,3302,Méa Mébara - Ouérou Pimet
provinciales_2019,,PN,Province Nord,988,98812,Koumac,KOUMAC,0001,1157,728,429,706,11,11,Mairie 1 et Centralisateur,MAIRIE 1 ET CENTRALISATEUR,1,PN_liste_01,166,23.51,0.99,Mairie de Koumac,,ADMINISTRATION ET ORGANISME,Administrations des collectivités,Administration de la commune de Koumac,164.280241420927,-20.5602050455624,arrete_manual_etablissements,9,1201,Koumac village
provinciales_2019,,PN,Province Nord,988,98812,Koumac,KOUMAC,0001,1157,728,429,706,11,11,Mairie 1 et Centralisateur,MAIRIE 1 ET CENTRALISATEUR,2,PN_liste_02,223,31.59,0.99,Mairie de Koumac,,ADMINISTRATION ET ORGANISME,Administrations des collectivités,Administration de la commune de Koumac,164.280241420927,-20.5602050455624,arrete_manual_etablissements,9,1201,Koumac village
provinciales_2019,,PN,Province Nord,988,98812,Koumac,KOUMAC,0001,1157,728,429,706,11,11,Mairie 1 et Centralisateur,MAIRIE 1 ET CENTRALISATEUR,3,PN_liste_03,139,19.69,0.99,Mairie de Koumac,,ADMINISTRATION ET ORGANISME,Administrations des collectivités,Administration de la commune de Koumac,164.280241420927,-20.5602050455624,arrete_manual_etablissements,9,1201,Koumac village
provinciales_2019,,PN,Province Nord,988,98812,Koumac,KOUMAC,0001,1157,728,429,706,11,11,Mairie 1 et Centralisateur,MAIRIE 1 ET CENTRALISATEUR,4,PN_liste_04,4,0.57,0.99,Mairie de Koumac,,ADMINISTRATION ET ORGANISME,Administrations des collectivités,Administration de la commune de Koumac,164.280241420927,-20.5602050455624,arrete_manual_etablissements,9,1201,Koumac village
provinciales_2019,,PN,Province Nord,988,98812,Koumac,KOUMAC,0001,1157,728,429,706,11,11,Mairie 1 et Centralisateur,MAIRIE 1 ET CENTRALISATEUR,5,PN_liste_05,28,3.97,0.99,Mairie de Koumac,,ADMINISTRATION ET ORGANISME,Administrations des collectivités,Administration de la commune de Koumac,164.280241420927,-20.5602050455624,arrete_manual_etablissements,9,1201,Koumac village
provinciales_2019,,PN,Province Nord,988,98812,Koumac,KOUMAC,0001,1157,728,429,706,11,11,Mairie 1 et Centralisateur,MAIRIE 1 ET CENTRALISATEUR,6,PN_liste_06,146,20.68,0.99,Mairie de Koumac,,ADMINISTRATION ET ORGANISME,Administrations des collectivités,Administration de la commune de Koumac,164.280241420927,-20.5602050455624,arrete_manual_etablissements,9,1201,Koumac village
provinciales_2019,,PN,Province Nord,988,98812,Koumac,KOUMAC,0002,1482,926,556,889,20,17,Ecole Primaire Charles Mermoud 2,ECOLE PRIMAIRE CHARLES MERMOUD 2,1,PN_liste_01,104,11.7,0.874,Ecole Charles MERMOUD,,ENSEIGNEMENT ET FORMATION,Enseignement du premier degré,Ecole primaire,164.282519595968,-20.5572929814306,etablissements_publics_nc,9,1201,Koumac village
provinciales_2019,,PN,Province Nord,988,98812,Koumac,KOUMAC,0002,1482,926,556,889,20,17,Ecole Primaire Charles Mermoud 2,ECOLE PRIMAIRE CHARLES MERMOUD 2,2,PN_liste_02,410,46.12,0.874,Ecole Charles MERMOUD,,ENSEIGNEMENT ET FORMATION,Enseignement du premier degré,Ecole primaire,164.282519595968,-20.5572929814306,etablissements_publics_nc,9,1201,Koumac village
provinciales_2019,,PN,Province Nord,988,98812,Koumac,KOUMAC,0002,1482,926,556,889,20,17,Ecole Primaire Charles Mermoud 2,ECOLE PRIMAIRE CHARLES MERMOUD 2,3,PN_liste_03,202,22.72,0.874,Ecole Charles MERMOUD,,ENSEIGNEMENT ET FORMATION,Enseignement du premier degré,Ecole primaire,164.282519595968,-20.5572929814306,etablissements_publics_nc,9,1201,Koumac village
provinciales_2019,,PN,Province Nord,988,98812,Koumac,KOUMAC,0002,1482,926,556,889,20,17,Ecole Primaire Charles Mermoud 2,ECOLE PRIMAIRE CHARLES MERMOUD 2,4,PN_liste_04,10,1.12,0.874,Ecole Charles MERMOUD,,ENSEIGNEMENT ET FORMATION,Enseignement du premier degré,Ecole primaire,164.282519595968,-20.5572929814306,etablissements_publics_nc,9,1201,Koumac village
provinciales_2019,,PN,Province Nord,988,98812,Koumac,KOUMAC,0002,1482,926,556,889,20,17,Ecole Primaire Charles Mermoud 2,ECOLE PRIMAIRE CHARLES MERMOUD 2,5,PN_liste_05,16,1.8,0.874,Ecole Charles MERMOUD,,ENSEIGNEMENT ET FORMATION,Enseignement du premier degré,Ecole primaire,164.282519595968,-20.5572929814306,etablissements_publics_nc,9,1201,Koumac village
provinciales_2019,,PN,Province Nord,988,98812,Koumac,KOUMAC,0002,1482,926,556,889,20,17,Ecole Primaire Charles Mermoud 2,ECOLE PRIMAIRE CHARLES MERMOUD 2,6,PN_liste_06,147,16.54,0.874,Ecole Charles MERMOUD,,ENSEIGNEMENT ET FORMATION,Enseignement du premier degré,Ecole primaire,164.282519595968,-20.5572929814306,etablissements_publics_nc,9,1201,Koumac village
provinciales_2019,,PN,Province Nord,988,98819,Ouégoa,OUEGOA,0001,799,494,305,468,12,14,Mairie,MAIRIE,1,PN_liste_01,65,13.89,0.7,OUEGOA,Ouégoa,LIEU_DIT_NC,VILLE,,164.43943670837254,-20.34408534785039,tribus_villages_nc,82,1901,Ouégoa village - Balagam - Paraoua - Tarap
provinciales_2019,,PN,Province Nord,988,98819,Ouégoa,OUEGOA,0001,799,494,305,468,12,14,Mairie,MAIRIE,2,PN_liste_02,218,46.58,0.7,OUEGOA,Ouégoa,LIEU_DIT_NC,VILLE,,164.43943670837254,-20.34408534785039,tribus_villages_nc,82,1901,Ouégoa village - Balagam - Paraoua - Tarap
provinciales_2019,,PN,Province Nord,988,98819,Ouégoa,OUEGOA,0001,799,494,305,468,12,14,Mairie,MAIRIE,3,PN_liste_03,100,21.37,0.7,OUEGOA,Ouégoa,LIEU_DIT_NC,VILLE,,164.43943670837254,-20.34408534785039,tribus_villages_nc,82,1901,Ouégoa village - Balagam - Paraoua - Tarap
provinciales_2019,,PN,Province Nord,988,98819,Ouégoa,OUEGOA,0001,799,494,305,468,12,14,Mairie,MAIRIE,4,PN_liste_04,4,0.85,0.7,OUEGOA,Ouégoa,LIEU_DIT_NC,VILLE,,164.43943670837254,-20.34408534785039,tribus_villages_nc,82,1901,Ouégoa village - Balagam - Paraoua - Tarap
provinciales_2019,,PN,Province Nord,988,98819,Ouégoa,OUEGOA,0001,799,494,305,468,12,14,Mairie,MAIRIE,5,PN_liste_05,33,7.05,0.7,OUEGOA,Ouégoa,LIEU_DIT_NC,VILLE,,164.43943670837254,-20.34408534785039,tribus_villages_nc,82,1901,Ouégoa village - Balagam - Paraoua - Tarap
provinciales_2019,,PN,Province Nord,988,98819,Ouégoa,OUEGOA,0001,799,494,305,468,12,14,Mairie,MAIRIE,6,PN_liste_06,48,10.26,0.7,OUEGOA,Ouégoa,LIEU_DIT_NC,VILLE,,164.43943670837254,-20.34408534785039,tribus_villages_nc,82,1901,Ouégoa village - Balagam - Paraoua - Tarap
provinciales_2019,,PN,Province Nord,988,98819,Ouégoa,OUEGOA,0002,802,476,326,475,0,1,Bondé,BONDE,1,PN_liste_01,241,50.74,1,Bondé,Ouégoa,LIEU_DIT_NC,LDH,Bodé,164.4324943000077,-20.429158724947957,tribus_villages_nc,84,1903,Bondé
provinciales_2019,,PN,Province Nord,988,98819,Ouégoa,OUEGOA,0002,802,476,326,475,0,1,Bondé,BONDE,2,PN_liste_02,4,0.84,1,Bondé,Ouégoa,LIEU_DIT_NC,LDH,Bodé,164.4324943000077,-20.429158724947957,tribus_villages_nc,84,1903,Bondé
provinciales_2019,,PN,Province Nord,988,98819,Ouégoa,OUEGOA,0002,802,476,326,475,0,1,Bondé,BONDE,3,PN_liste_03,3,0.63,1,Bondé,Ouégoa,LIEU_DIT_NC,LDH,Bodé,164.4324943000077,-20.429158724947957,tribus_villages_nc,84,1903,Bondé
provinciales_2019,,PN,Province Nord,988,98819,Ouégoa,OUEGOA,0002,802,476,326,475,0,1,Bondé,BONDE,4,PN_liste_04,17,3.58,1,Bondé,Ouégoa,LIEU_DIT_NC,LDH,Bodé,164.4324943000077,-20.429158724947957,tribus_villages_nc,84,1903,Bondé
provinciales_2019,,PN,Province Nord,988,98819,Ouégoa,OUEGOA,0002,802,476,326,475,0,1,Bondé,BONDE,5,PN_liste_05,4,0.84,1,Bondé,Ouégoa,LIEU_DIT_NC,LDH,Bodé,164.4324943000077,-20.429158724947957,tribus_villages_nc,84,1903,Bondé
provinciales_2019,,PN,Province Nord,988,98819,Ouégoa,OUEGOA,0002,802,476,326,475,0,1,Bondé,BONDE,6,PN_liste_06,206,43.37,1,Bondé,Ouégoa,LIEU_DIT_NC,LDH,Bodé,164.4324943000077,-20.429158724947957,tribus_villages_nc,84,1903,Bondé
provinciales_2019,,PN,Province Nord,988,98819,Ouégoa,OUEGOA,0003,386,224,162,223,0,1,Paimboas,PAIMBOAS,1,PN_liste_01,79,35.43,0.99,Ouénia,Ouégoa,ARRETE_MANUAL,TRIBU,Wénya,164.52279333171543,-20.52170436626958,arrete_manual_tribus,84,1903,Bondé
provinciales_2019,,PN,Province Nord,988,98819,Ouégoa,OUEGOA,0003,386,224,162,223,0,1,Paimboas,PAIMBOAS,2,PN_liste_02,2,0.9,0.99,Ouénia,Ouégoa,ARRETE_MANUAL,TRIBU,Wénya,164.52279333171543,-20.52170436626958,arrete_manual_tribus,84,1903,Bondé
provinciales_2019,,PN,Province Nord,988,98819,Ouégoa,OUEGOA,0003,386,224,162,223,0,1,Paimboas,PAIMBOAS,3,PN_liste_03,1,0.45,0.99,Ouénia,Ouégoa,ARRETE_MANUAL,TRIBU,Wénya,164.52279333171543,-20.52170436626958,arrete_manual_tribus,84,1903,Bondé
provinciales_2019,,PN,Province Nord,988,98819,Ouégoa,OUEGOA,0003,386,224,162,223,0,1,Paimboas,PAIMBOAS,4,PN_liste_04,3,1.35,0.99,Ouénia,Ouégoa,ARRETE_MANUAL,TRIBU,Wénya,164.52279333171543,-20.52170436626958,arrete_manual_tribus,84,1903,Bondé
provinciales_2019,,PN,Province Nord,988,98819,Ouégoa,OUEGOA,0003,386,224,162,223,0,1,Paimboas,PAIMBOAS,5,PN_liste_05,2,0.9,0.99,Ouénia,Ouégoa,ARRETE_MANUAL,TRIBU,Wénya,164.52279333171543,-20.52170436626958,arrete_manual_tribus,84,1903,Bondé
provinciales_2019,,PN,Province Nord,988,98819,Ouégoa,OUEGOA,0003,386,224,162,223,0,1,Paimboas,PAIMBOAS,6,PN_liste_06,136,60.99,0.99,Ouénia,Ouégoa,ARRETE_MANUAL,TRIBU,Wénya,164.52279333171543,-20.52170436626958,arrete_manual_tribus,84,1903,Bondé
provinciales_2019,,PN,Province Nord,988,98819,Ouégoa,OUEGOA,0004,143,101,42,101,0,0,Tiari,TIARI,1,PN_liste_01,23,22.77,1,Tiari,Ouégoa,LIEU_DIT_NC,TRIBU,Ciari,164.3468221527753,-20.245820839427363,tribus_villages_nc,83,1902,Pam - Tiari
provinciales_2019,,PN,Province Nord,988,98819,Ouégoa,OUEGOA,0004,143,101,42,101,0,0,Tiari,TIARI,2,PN_liste_02,5,4.95,1,Tiari,Ouégoa,LIEU_DIT_NC,TRIBU,Ciari,164.3468221527753,-20.245820839427363,tribus_villages_nc,83,1902,Pam - Tiari
provinciales_2019,,PN,Province Nord,988,98819,Ouégoa,OUEGOA,0004,143,101,42,101,0,0,Tiari,TIARI,3,PN_liste_03,6,5.94,1,Tiari,Ouégoa,LIEU_DIT_NC,TRIBU,Ciari,164.3468221527753,-20.245820839427363,tribus_villages_nc,83,1902,Pam - Tiari
provinciales_2019,,PN,Province Nord,988,98819,Ouégoa,OUEGOA,0004,143,101,42,101,0,0,Tiari,TIARI,4,PN_liste_04,2,1.98,1,Tiari,Ouégoa,LIEU_DIT_NC,TRIBU,Ciari,164.3468221527753,-20.245820839427363,tribus_villages_nc,83,1902,Pam - Tiari
provinciales_2019,,PN,Province Nord,988,98819,Ouégoa,OUEGOA,0004,143,101,42,101,0,0,Tiari,TIARI,5,PN_liste_05,4,3.96,1,Tiari,Ouégoa,LIEU_DIT_NC,TRIBU,Ciari,164.3468221527753,-20.245820839427363,tribus_villages_nc,83,1902,Pam - Tiari
provinciales_2019,,PN,Province Nord,988,98819,Ouégoa,OUEGOA,0004,143,101,42,101,0,0,Tiari,TIARI,6,PN_liste_06,61,60.4,1,Tiari,Ouégoa,LIEU_DIT_NC,TRIBU,Ciari,164.3468221527753,-20.245820839427363,tribus_villages_nc,83,1902,Pam - Tiari
provinciales_2019,,PN,Province Nord,988,98822,Poindimié,POINDIMIE,0001,1120,657,463,646,6,5,Mairie,MAIRIE,1,PN_liste_01,280,43.34,0.7,POINDIMIE,Poindimié,LIEU_DIT_NC,VILLE,Pwêêdi Wiimiâ,165.33315827223544,-20.938215187057807,tribus_villages_nc,102,2201,Poindimié village
provinciales_2019,,PN,Province Nord,988,98822,Poindimié,POINDIMIE,0001,1120,657,463,646,6,5,Mairie,MAIRIE,2,PN_liste_02,132,20.43,0.7,POINDIMIE,Poindimié,LIEU_DIT_NC,VILLE,Pwêêdi Wiimiâ,165.33315827223544,-20.938215187057807,tribus_villages_nc,102,2201,Poindimié village
provinciales_2019,,PN,Province Nord,988,98822,Poindimié,POINDIMIE,0001,1120,657,463,646,6,5,Mairie,MAIRIE,3,PN_liste_03,127,19.66,0.7,POINDIMIE,Poindimié,LIEU_DIT_NC,VILLE,Pwêêdi Wiimiâ,165.33315827223544,-20.938215187057807,tribus_villages_nc,102,2201,Poindimié village
provinciales_2019,,PN,Province Nord,988,98822,Poindimié,POINDIMIE,0001,1120,657,463,646,6,5,Mairie,MAIRIE,4,PN_liste_04,5,0.77,0.7,POINDIMIE,Poindimié,LIEU_DIT_NC,VILLE,Pwêêdi Wiimiâ,165.33315827223544,-20.938215187057807,tribus_villages_nc,102,2201,Poindimié village
provinciales_2019,,PN,Province Nord,988,98822,Poindimié,POINDIMIE,0001,1120,657,463,646,6,5,Mairie,MAIRIE,5,PN_liste_05,12,1.86,0.7,POINDIMIE,Poindimié,LIEU_DIT_NC,VILLE,Pwêêdi Wiimiâ,165.33315827223544,-20.938215187057807,tribus_villages_nc,102,2201,Poindimié village
provinciales_2019,,PN,Province Nord,988,98822,Poindimié,POINDIMIE,0001,1120,657,463,646,6,5,Mairie,MAIRIE,6,PN_liste_06,90,13.93,0.7,POINDIMIE,Poindimié,LIEU_DIT_NC,VILLE,Pwêêdi Wiimiâ,165.33315827223544,-20.938215187057807,tribus_villages_nc,102,2201,Poindimié village
provinciales_2019,,PN,Province Nord,988,98822,Poindimié,POINDIMIE,0002,503,338,165,322,4,12,Ouindo,OUINDO,1,PN_liste_01,203,63.04,1,Ouindo,Poindimié,LIEU_DIT_NC,TRIBU,Wiidö,165.39928663560227,-20.98624503490911,tribus_villages_nc,104,2204,Tibarama - Bayes - Ouindo - Ometteux - Napoém
provinciales_2019,,PN,Province Nord,988,98822,Poindimié,POINDIMIE,0002,503,338,165,322,4,12,Ouindo,OUINDO,2,PN_liste_02,17,5.28,1,Ouindo,Poindimié,LIEU_DIT_NC,TRIBU,Wiidö,165.39928663560227,-20.98624503490911,tribus_villages_nc,104,2204,Tibarama - Bayes - Ouindo - Ometteux - Napoém
provinciales_2019,,PN,Province Nord,988,98822,Poindimié,POINDIMIE,0002,503,338,165,322,4,12,Ouindo,OUINDO,3,PN_liste_03,19,5.9,1,Ouindo,Poindimié,LIEU_DIT_NC,TRIBU,Wiidö,165.39928663560227,-20.98624503490911,tribus_villages_nc,104,2204,Tibarama - Bayes - Ouindo - Ometteux - Napoém
provinciales_2019,,PN,Province Nord,988,98822,Poindimié,POINDIMIE,0002,503,338,165,322,4,12,Ouindo,OUINDO,4,PN_liste_04,4,1.24,1,Ouindo,Poindimié,LIEU_DIT_NC,TRIBU,Wiidö,165.39928663560227,-20.98624503490911,tribus_villages_nc,104,2204,Tibarama - Bayes - Ouindo - Ometteux - Napoém
provinciales_2019,,PN,Province Nord,988,98822,Poindimié,POINDIMIE,0002,503,338,165,322,4,12,Ouindo,OUINDO,5,PN_liste_05,6,1.86,1,Ouindo,Poindimié,LIEU_DIT_NC,TRIBU,Wiidö,165.39928663560227,-20.98624503490911,tribus_villages_nc,104,2204,Tibarama - Bayes - Ouindo - Ometteux - Napoém
provinciales_2019,,PN,Province Nord,988,98822,Poindimié,POINDIMIE,0002,503,338,165,322,4,12,Ouindo,OUINDO,6,PN_liste_06,73,22.67,1,Ouindo,Poindimié,LIEU_DIT_NC,TRIBU,Wiidö,165.39928663560227,-20.98624503490911,tribus_villages_nc,104,2204,Tibarama - Bayes - Ouindo - Ometteux - Napoém
provinciales_2019,,PN,Province Nord,988,98822,Poindimié,POINDIMIE,0003,553,377,176,375,1,1,Bayes,BAYES,1,PN_liste_01,260,69.33,1,Bayes,Poindimié,LIEU_DIT_NC,TRIBU,Nägèè,165.41027144991733,-20.95108534474138,tribus_villages_nc,104,2204,Tibarama - Bayes - Ouindo - Ometteux - Napoém
provinciales_2019,,PN,Province Nord,988,98822,Poindimié,POINDIMIE,0003,553,377,176,375,1,1,Bayes,BAYES,2,PN_liste_02,27,7.2,1,Bayes,Poindimié,LIEU_DIT_NC,TRIBU,Nägèè,165.41027144991733,-20.95108534474138,tribus_villages_nc,104,2204,Tibarama - Bayes - Ouindo - Ometteux - Napoém
provinciales_2019,,PN,Province Nord,988,98822,Poindimié,POINDIMIE,0003,553,377,176,375,1,1,Bayes,BAYES,3,PN_liste_03,21,5.6,1,Bayes,Poindimié,LIEU_DIT_NC,TRIBU,Nägèè,165.41027144991733,-20.95108534474138,tribus_villages_nc,104,2204,Tibarama - Bayes - Ouindo - Ometteux - Napoém
provinciales_2019,,PN,Province Nord,988,98822,Poindimié,POINDIMIE,0003,553,377,176,375,1,1,Bayes,BAYES,4,PN_liste_04,7,1.87,1,Bayes,Poindimié,LIEU_DIT_NC,TRIBU,Nägèè,165.41027144991733,-20.95108534474138,tribus_villages_nc,104,2204,Tibarama - Bayes - Ouindo - Ometteux - Napoém
provinciales_2019,,PN,Province Nord,988,98822,Poindimié,POINDIMIE,0003,553,377,176,375,1,1,Bayes,BAYES,5,PN_liste_05,6,1.6,1,Bayes,Poindimié,LIEU_DIT_NC,TRIBU,Nägèè,165.41027144991733,-20.95108534474138,tribus_villages_nc,104,2204,Tibarama - Bayes - Ouindo - Ometteux - Napoém
provinciales_2019,,PN,Province Nord,988,98822,Poindimié,POINDIMIE,0003,553,377,176,375,1,1,Bayes,BAYES,6,PN_liste_06,54,14.4,1,Bayes,Poindimié,LIEU_DIT_NC,TRIBU,Nägèè,165.41027144991733,-20.95108534474138,tribus_villages_nc,104,2204,Tibarama - Bayes - Ouindo - Ometteux - Napoém
provinciales_2019,,PN,Province Nord,988,98822,Poindimié,POINDIMIE,0004,489,354,135,353,0,1,Amoa,AMOA,1,PN_liste_01,277,78.47,0.667,Paama,Poindimié,LIEU_DIT_NC,TRIBU,Na ara pô,165.39810099674145,-20.94109090560688,tribus_villages_nc,104,2204,Tibarama - Bayes - Ouindo - Ometteux - Napoém
provinciales_2019,,PN,Province Nord,988,98822,Poindimié,POINDIMIE,0004,489,354,135,353,0,1,Amoa,AMOA,2,PN_liste_02,9,2.55,0.667,Paama,Poindimié,LIEU_DIT_NC,TRIBU,Na ara pô,165.39810099674145,-20.94109090560688,tribus_villages_nc,104,2204,Tibarama - Bayes - Ouindo - Ometteux - Napoém
provinciales_2019,,PN,Province Nord,988,98822,Poindimié,POINDIMIE,0004,489,354,135,353,0,1,Amoa,AMOA,3,PN_liste_03,28,7.93,0.667,Paama,Poindimié,LIEU_DIT_NC,TRIBU,Na ara pô,165.39810099674145,-20.94109090560688,tribus_villages_nc,104,2204,Tibarama - Bayes - Ouindo - Ometteux - Napoém
provinciales_2019,,PN,Province Nord,988,98822,Poindimié,POINDIMIE,0004,489,354,135,353,0,1,Amoa,AMOA,4,PN_liste_04,9,2.55,0.667,Paama,Poindimié,LIEU_DIT_NC,TRIBU,Na ara pô,165.39810099674145,-20.94109090560688,tribus_villages_nc,104,2204,Tibarama - Bayes - Ouindo - Ometteux - Napoém
provinciales_2019,,PN,Province Nord,988,98822,Poindimié,POINDIMIE,0004,489,354,135,353,0,1,Amoa,AMOA,5,PN_liste_05,4,1.13,0.667,Paama,Poindimié,LIEU_DIT_NC,TRIBU,Na ara pô,165.39810099674145,-20.94109090560688,tribus_villages_nc,104,2204,Tibarama - Bayes - Ouindo - Ometteux - Napoém
provinciales_2019,,PN,Province Nord,988,98822,Poindimié,POINDIMIE,0004,489,354,135,353,0,1,Amoa,AMOA,6,PN_liste_06,26,7.37,0.667,Paama,Poindimié,LIEU_DIT_NC,TRIBU,Na ara pô,165.39810099674145,-20.94109090560688,tribus_villages_nc,104,2204,Tibarama - Bayes - Ouindo - Ometteux - Napoém
provinciales_2019,,PN,Province Nord,988,98822,Poindimié,POINDIMIE,0005,559,396,163,392,1,3,Tye,TYE,1,PN_liste_01,230,58.67,1,Tié,Poindimié,LIEU_DIT_NC,TRIBU,Cié,165.2980420173767,-20.900766814763863,tribus_villages_nc,103,2202,Tiéti - Tyé
provinciales_2019,,PN,Province Nord,988,98822,Poindimié,POINDIMIE,0005,559,396,163,392,1,3,Tye,TYE,2,PN_liste_02,5,1.28,1,Tié,Poindimié,LIEU_DIT_NC,TRIBU,Cié,165.2980420173767,-20.900766814763863,tribus_villages_nc,103,2202,Tiéti - Tyé
provinciales_2019,,PN,Province Nord,988,98822,Poindimié,POINDIMIE,0005,559,396,163,392,1,3,Tye,TYE,3,PN_liste_03,12,3.06,1,Tié,Poindimié,LIEU_DIT_NC,TRIBU,Cié,165.2980420173767,-20.900766814763863,tribus_villages_nc,103,2202,Tiéti - Tyé
provinciales_2019,,PN,Province Nord,988,98822,Poindimié,POINDIMIE,0005,559,396,163,392,1,3,Tye,TYE,4,PN_liste_04,13,3.32,1,Tié,Poindimié,LIEU_DIT_NC,TRIBU,Cié,165.2980420173767,-20.900766814763863,tribus_villages_nc,103,2202,Tiéti - Tyé
provinciales_2019,,PN,Province Nord,988,98822,Poindimié,POINDIMIE,0005,559,396,163,392,1,3,Tye,TYE,5,PN_liste_05,6,1.53,1,Tié,Poindimié,LIEU_DIT_NC,TRIBU,Cié,165.2980420173767,-20.900766814763863,tribus_villages_nc,103,2202,Tiéti - Tyé
provinciales_2019,,PN,Province Nord,988,98822,Poindimié,POINDIMIE,0005,559,396,163,392,1,3,Tye,TYE,6,PN_liste_06,126,32.14,1,Tié,Poindimié,LIEU_DIT_NC,TRIBU,Cié,165.2980420173767,-20.900766814763863,tribus_villages_nc,103,2202,Tiéti - Tyé
provinciales_2019,,PN,Province Nord,988,98822,Poindimié,POINDIMIE,0006,322,210,112,208,2,0,Tiwaka,TIWAKA,1,PN_liste_01,61,29.33,1,Tiwaka,Poindimié,LIEU_DIT_NC,TRIBU,,165.22299948568272,-20.895132063083377,tribus_villages_nc,103,2202,Tiéti - Tyé
provinciales_2019,,PN,Province Nord,988,98822,Poindimié,POINDIMIE,0006,322,210,112,208,2,0,Tiwaka,TIWAKA,2,PN_liste_02,3,1.44,1,Tiwaka,Poindimié,LIEU_DIT_NC,TRIBU,,165.22299948568272,-20.895132063083377,tribus_villages_nc,103,2202,Tiéti - Tyé
provinciales_2019,,PN,Province Nord,988,98822,Poindimié,POINDIMIE,0006,322,210,112,208,2,0,Tiwaka,TIWAKA,3,PN_liste_03,13,6.25,1,Tiwaka,Poindimié,LIEU_DIT_NC,TRIBU,,165.22299948568272,-20.895132063083377,tribus_villages_nc,103,2202,Tiéti - Tyé
provinciales_2019,,PN,Province Nord,988,98822,Poindimié,POINDIMIE,0006,322,210,112,208,2,0,Tiwaka,TIWAKA,4,PN_liste_04,0,0,1,Tiwaka,Poindimié,LIEU_DIT_NC,TRIBU,,165.22299948568272,-20.895132063083377,tribus_villages_nc,103,2202,Tiéti - Tyé
provinciales_2019,,PN,Province Nord,988,98822,Poindimié,POINDIMIE,0006,322,210,112,208,2,0,Tiwaka,TIWAKA,5,PN_liste_05,1,0.48,1,Tiwaka,Poindimié,LIEU_DIT_NC,TRIBU,,165.22299948568272,-20.895132063083377,tribus_villages_nc,103,2202,Tiéti - Tyé
provinciales_2019,,PN,Province Nord,988,98822,Poindimié,POINDIMIE,0006,322,210,112,208,2,0,Tiwaka,TIWAKA,6,PN_liste_06,130,62.5,1,Tiwaka,Poindimié,LIEU_DIT_NC,TRIBU,,165.22299948568272,-20.895132063083377,tribus_villages_nc,103,2202,Tiéti - Tyé
provinciales_2019,,PN,Province Nord,988,98822,Poindimié,POINDIMIE,0007,544,382,162,379,3,0,Tiéti,TIETI,1,PN_liste_01,275,72.56,1,Tiéti,Poindimié,LIEU_DIT_NC,TRIBU,Näcètii,165.31101622324238,-20.919563042768107,tribus_villages_nc,103,2202,Tiéti - Tyé
provinciales_2019,,PN,Province Nord,988,98822,Poindimié,POINDIMIE,0007,544,382,162,379,3,0,Tiéti,TIETI,2,PN_liste_02,27,7.12,1,Tiéti,Poindimié,LIEU_DIT_NC,TRIBU,Näcètii,165.31101622324238,-20.919563042768107,tribus_villages_nc,103,2202,Tiéti - Tyé
provinciales_2019,,PN,Province Nord,988,98822,Poindimié,POINDIMIE,0007,544,382,162,379,3,0,Tiéti,TIETI,3,PN_liste_03,18,4.75,1,Tiéti,Poindimié,LIEU_DIT_NC,TRIBU,Näcètii,165.31101622324238,-20.919563042768107,tribus_villages_nc,103,2202,Tiéti - Tyé
provinciales_2019,,PN,Province Nord,988,98822,Poindimié,POINDIMIE,0007,544,382,162,379,3,0,Tiéti,TIETI,4,PN_liste_04,4,1.06,1,Tiéti,Poindimié,LIEU_DIT_NC,TRIBU,Näcètii,165.31101622324238,-20.919563042768107,tribus_villages_nc,103,2202,Tiéti - Tyé
provinciales_2019,,PN,Province Nord,988,98822,Poindimié,POINDIMIE,0007,544,382,162,379,3,0,Tiéti,TIETI,5,PN_liste_05,18,4.75,1,Tiéti,Poindimié,LIEU_DIT_NC,TRIBU,Näcètii,165.31101622324238,-20.919563042768107,tribus_villages_nc,103,2202,Tiéti - Tyé
provinciales_2019,,PN,Province Nord,988,98822,Poindimié,POINDIMIE,0007,544,382,162,379,3,0,Tiéti,TIETI,6,PN_liste_06,37,9.76,1,Tiéti,Poindimié,LIEU_DIT_NC,TRIBU,Näcètii,165.31101622324238,-20.919563042768107,tribus_villages_nc,103,2202,Tiéti - Tyé
provinciales_2019,,PN,Province Nord,988,98823,Ponérihouen,PONERIHOUEN,0001,480,313,167,304,5,4,Mairie,MAIRIE,1,PN_liste_01,104,34.21,0.7,PONERIHOUEN,Ponérihouen,LIEU_DIT_NC,VILLE,Pwäräiriwä,165.40196429415164,-21.070938768181968,tribus_villages_nc,106,2302,Ponérihouen village
provinciales_2019,,PN,Province Nord,988,98823,Ponérihouen,PONERIHOUEN,0001,480,313,167,304,5,4,Mairie,MAIRIE,2,PN_liste_02,56,18.42,0.7,PONERIHOUEN,Ponérihouen,LIEU_DIT_NC,VILLE,Pwäräiriwä,165.40196429415164,-21.070938768181968,tribus_villages_nc,106,2302,Ponérihouen village
provinciales_2019,,PN,Province Nord,988,98823,Ponérihouen,PONERIHOUEN,0001,480,313,167,304,5,4,Mairie,MAIRIE,3,PN_liste_03,34,11.18,0.7,PONERIHOUEN,Ponérihouen,LIEU_DIT_NC,VILLE,Pwäräiriwä,165.40196429415164,-21.070938768181968,tribus_villages_nc,106,2302,Ponérihouen village
provinciales_2019,,PN,Province Nord,988,98823,Ponérihouen,PONERIHOUEN,0001,480,313,167,304,5,4,Mairie,MAIRIE,4,PN_liste_04,8,2.63,0.7,PONERIHOUEN,Ponérihouen,LIEU_DIT_NC,VILLE,Pwäräiriwä,165.40196429415164,-21.070938768181968,tribus_villages_nc,106,2302,Ponérihouen village
provinciales_2019,,PN,Province Nord,988,98823,Ponérihouen,PONERIHOUEN,0001,480,313,167,304,5,4,Mairie,MAIRIE,5,PN_liste_05,18,5.92,0.7,PONERIHOUEN,Ponérihouen,LIEU_DIT_NC,VILLE,Pwäräiriwä,165.40196429415164,-21.070938768181968,tribus_villages_nc,106,2302,Ponérihouen village
provinciales_2019,,PN,Province Nord,988,98823,Ponérihouen,PONERIHOUEN,0001,480,313,167,304,5,4,Mairie,MAIRIE,6,PN_liste_06,84,27.63,0.7,PONERIHOUEN,Ponérihouen,LIEU_DIT_NC,VILLE,Pwäräiriwä,165.40196429415164,-21.070938768181968,tribus_villages_nc,106,2302,Ponérihouen village
provinciales_2019,,PN,Province Nord,988,98823,Ponérihouen,PONERIHOUEN,0002,447,268,179,264,3,1,Monéo,MONEO,1,PN_liste_01,110,41.67,1,Monéo,Ponérihouen,LIEU_DIT_NC,TRIBU,Kwéaa,165.47846310724432,-21.150451617013218,tribus_villages_nc,106,2302,Ponérihouen village
provinciales_2019,,PN,Province Nord,988,98823,Ponérihouen,PONERIHOUEN,0002,447,268,179,264,3,1,Monéo,MONEO,2,PN_liste_02,26,9.85,1,Monéo,Ponérihouen,LIEU_DIT_NC,TRIBU,Kwéaa,165.47846310724432,-21.150451617013218,tribus_villages_nc,106,2302,Ponérihouen village
provinciales_2019,,PN,Province Nord,988,98823,Ponérihouen,PONERIHOUEN,0002,447,268,179,264,3,1,Monéo,MONEO,3,PN_liste_03,12,4.55,1,Monéo,Ponérihouen,LIEU_DIT_NC,TRIBU,Kwéaa,165.47846310724432,-21.150451617013218,tribus_villages_nc,106,2302,Ponérihouen village
provinciales_2019,,PN,Province Nord,988,98823,Ponérihouen,PONERIHOUEN,0002,447,268,179,264,3,1,Monéo,MONEO,4,PN_liste_04,17,6.44,1,Monéo,Ponérihouen,LIEU_DIT_NC,TRIBU,Kwéaa,165.47846310724432,-21.150451617013218,tribus_villages_nc,106,2302,Ponérihouen village
provinciales_2019,,PN,Province Nord,988,98823,Ponérihouen,PONERIHOUEN,0002,447,268,179,264,3,1,Monéo,MONEO,5,PN_liste_05,4,1.52,1,Monéo,Ponérihouen,LIEU_DIT_NC,TRIBU,Kwéaa,165.47846310724432,-21.150451617013218,tribus_villages_nc,106,2302,Ponérihouen village
provinciales_2019,,PN,Province Nord,988,98823,Ponérihouen,PONERIHOUEN,0002,447,268,179,264,3,1,Monéo,MONEO,6,PN_liste_06,95,35.98,1,Monéo,Ponérihouen,LIEU_DIT_NC,TRIBU,Kwéaa,165.47846310724432,-21.150451617013218,tribus_villages_nc,106,2302,Ponérihouen village
provinciales_2019,,PN,Province Nord,988,98823,Ponérihouen,PONERIHOUEN,0003,312,219,93,217,1,1,Tchamba,TCHAMBA,1,PN_liste_01,167,76.96,1,Tchamba,Ponérihouen,LIEU_DIT_NC,TRIBU,(Câba),165.2930233618618,-21.038585818858223,tribus_villages_nc,107,2303,Goyetta - Goa - Nébouéba - St Yves
provinciales_2019,,PN,Province Nord,988,98823,Ponérihouen,PONERIHOUEN,0003,312,219,93,217,1,1,Tchamba,TCHAMBA,2,PN_liste_02,9,4.15,1,Tchamba,Ponérihouen,LIEU_DIT_NC,TRIBU,(Câba),165.2930233618618,-21.038585818858223,tribus_villages_nc,107,2303,Goyetta - Goa - Nébouéba - St Yves
provinciales_2019,,PN,Province Nord,988,98823,Ponérihouen,PONERIHOUEN,0003,312,219,93,217,1,1,Tchamba,TCHAMBA,3,PN_liste_03,8,3.69,1,Tchamba,Ponérihouen,LIEU_DIT_NC,TRIBU,(Câba),165.2930233618618,-21.038585818858223,tribus_villages_nc,107,2303,Goyetta - Goa - Nébouéba - St Yves
provinciales_2019,,PN,Province Nord,988,98823,Ponérihouen,PONERIHOUEN,0003,312,219,93,217,1,1,Tchamba,TCHAMBA,4,PN_liste_04,4,1.84,1,Tchamba,Ponérihouen,LIEU_DIT_NC,TRIBU,(Câba),165.2930233618618,-21.038585818858223,tribus_villages_nc,107,2303,Goyetta - Goa - Nébouéba - St Yves
provinciales_2019,,PN,Province Nord,988,98823,Ponérihouen,PONERIHOUEN,0003,312,219,93,217,1,1,Tchamba,TCHAMBA,5,PN_liste_05,6,2.76,1,Tchamba,Ponérihouen,LIEU_DIT_NC,TRIBU,(Câba),165.2930233618618,-21.038585818858223,tribus_villages_nc,107,2303,Goyetta - Goa - Nébouéba - St Yves
provinciales_2019,,PN,Province Nord,988,98823,Ponérihouen,PONERIHOUEN,0003,312,219,93,217,1,1,Tchamba,TCHAMBA,6,PN_liste_06,23,10.6,1,Tchamba,Ponérihouen,LIEU_DIT_NC,TRIBU,(Câba),165.2930233618618,-21.038585818858223,tribus_villages_nc,107,2303,Goyetta - Goa - Nébouéba - St Yves
provinciales_2019,,PN,Province Nord,988,98823,Ponérihouen,PONERIHOUEN,0004,384,262,122,260,1,1,Goa,GOA,1,PN_liste_01,144,55.38,0.95,Goa,Ponérihouen,LIEU_DIT_NC,TRIBU,Göröwâméadù,165.30971500397104,-21.10629747908845,tribus_villages_nc,107,2303,Goyetta - Goa - Nébouéba - St Yves
provinciales_2019,,PN,Province Nord,988,98823,Ponérihouen,PONERIHOUEN,0004,384,262,122,260,1,1,Goa,GOA,2,PN_liste_02,0,0,0.95,Goa,Ponérihouen,LIEU_DIT_NC,TRIBU,Göröwâméadù,165.30971500397104,-21.10629747908845,tribus_villages_nc,107,2303,Goyetta - Goa - Nébouéba - St Yves
provinciales_2019,,PN,Province Nord,988,98823,Ponérihouen,PONERIHOUEN,0004,384,262,122,260,1,1,Goa,GOA,3,PN_liste_03,3,1.15,0.95,Goa,Ponérihouen,LIEU_DIT_NC,TRIBU,Göröwâméadù,165.30971500397104,-21.10629747908845,tribus_villages_nc,107,2303,Goyetta - Goa - Nébouéba - St Yves
provinciales_2019,,PN,Province Nord,988,98823,Ponérihouen,PONERIHOUEN,0004,384,262,122,260,1,1,Goa,GOA,4,PN_liste_04,2,0.77,0.95,Goa,Ponérihouen,LIEU_DIT_NC,TRIBU,Göröwâméadù,165.30971500397104,-21.10629747908845,tribus_villages_nc,107,2303,Goyetta - Goa - Nébouéba - St Yves
provinciales_2019,,PN,Province Nord,988,98823,Ponérihouen,PONERIHOUEN,0004,384,262,122,260,1,1,Goa,GOA,5,PN_liste_05,3,1.15,0.95,Goa,Ponérihouen,LIEU_DIT_NC,TRIBU,Göröwâméadù,165.30971500397104,-21.10629747908845,tribus_villages_nc,107,2303,Goyetta - Goa - Nébouéba - St Yves
provinciales_2019,,PN,Province Nord,988,98823,Ponérihouen,PONERIHOUEN,0004,384,262,122,260,1,1,Goa,GOA,6,PN_liste_06,108,41.54,0.95,Goa,Ponérihouen,LIEU_DIT_NC,TRIBU,Göröwâméadù,165.30971500397104,-21.10629747908845,tribus_villages_nc,107,2303,Goyetta - Goa - Nébouéba - St Yves
provinciales_2019,,PN,Province Nord,988,98823,Ponérihouen,PONERIHOUEN,0005,492,337,155,332,3,2,Grondu,GRONDU,1,PN_liste_01,188,56.63,0.95,Grondu,Ponérihouen,LIEU_DIT_NC,TRIBU,Göröidù,165.38976794045686,-21.076609909810266,tribus_villages_nc,106,2302,Ponérihouen village
provinciales_2019,,PN,Province Nord,988,98823,Ponérihouen,PONERIHOUEN,0005,492,337,155,332,3,2,Grondu,GRONDU,2,PN_liste_02,12,3.61,0.95,Grondu,Ponérihouen,LIEU_DIT_NC,TRIBU,Göröidù,165.38976794045686,-21.076609909810266,tribus_villages_nc,106,2302,Ponérihouen village
provinciales_2019,,PN,Province Nord,988,98823,Ponérihouen,PONERIHOUEN,0005,492,337,155,332,3,2,Grondu,GRONDU,3,PN_liste_03,3,0.9,0.95,Grondu,Ponérihouen,LIEU_DIT_NC,TRIBU,Göröidù,165.38976794045686,-21.076609909810266,tribus_villages_nc,106,2302,Ponérihouen village
provinciales_2019,,PN,Province Nord,988,98823,Ponérihouen,PONERIHOUEN,0005,492,337,155,332,3,2,Grondu,GRONDU,4,PN_liste_04,15,4.52,0.95,Grondu,Ponérihouen,LIEU_DIT_NC,TRIBU,Göröidù,165.38976794045686,-21.076609909810266,tribus_villages_nc,106,2302,Ponérihouen village
provinciales_2019,,PN,Province Nord,988,98823,Ponérihouen,PONERIHOUEN,0005,492,337,155,332,3,2,Grondu,GRONDU,5,PN_liste_05,19,5.72,0.95,Grondu,Ponérihouen,LIEU_DIT_NC,TRIBU,Göröidù,165.38976794045686,-21.076609909810266,tribus_villages_nc,106,2302,Ponérihouen village
provinciales_2019,,PN,Province Nord,988,98823,Ponérihouen,PONERIHOUEN,0005,492,337,155,332,3,2,Grondu,GRONDU,6,PN_liste_06,95,28.61,0.95,Grondu,Ponérihouen,LIEU_DIT_NC,TRIBU,Göröidù,165.38976794045686,-21.076609909810266,tribus_villages_nc,106,2302,Ponérihouen village
provinciales_2019,,PN,Province Nord,988,98823,Ponérihouen,PONERIHOUEN,0006,164,114,50,112,2,0,Mou,MOU,1,PN_liste_01,75,66.96,0.95,Mou,Ponérihouen,LIEU_DIT_NC,TRIBU,Aupatöriba,165.44259083569398,-21.09696482410325,tribus_villages_nc,106,2302,Ponérihouen village
provinciales_2019,,PN,Province Nord,988,98823,Ponérihouen,PONERIHOUEN,0006,164,114,50,112,2,0,Mou,MOU,2,PN_liste_02,7,6.25,0.95,Mou,Ponérihouen,LIEU_DIT_NC,TRIBU,Aupatöriba,165.44259083569398,-21.09696482410325,tribus_villages_nc,106,2302,Ponérihouen village
provinciales_2019,,PN,Province Nord,988,98823,Ponérihouen,PONERIHOUEN,0006,164,114,50,112,2,0,Mou,MOU,3,PN_liste_03,2,1.79,0.95,Mou,Ponérihouen,LIEU_DIT_NC,TRIBU,Aupatöriba,165.44259083569398,-21.09696482410325,tribus_villages_nc,106,2302,Ponérihouen village
provinciales_2019,,PN,Province Nord,988,98823,Ponérihouen,PONERIHOUEN,0006,164,114,50,112,2,0,Mou,MOU,4,PN_liste_04,4,3.57,0.95,Mou,Ponérihouen,LIEU_DIT_NC,TRIBU,Aupatöriba,165.44259083569398,-21.09696482410325,tribus_villages_nc,106,2302,Ponérihouen village
provinciales_2019,,PN,Province Nord,988,98823,Ponérihouen,PONERIHOUEN,0006,164,114,50,112,2,0,Mou,MOU,5,PN_liste_05,2,1.79,0.95,Mou,Ponérihouen,LIEU_DIT_NC,TRIBU,Aupatöriba,165.44259083569398,-21.09696482410325,tribus_villages_nc,106,2302,Ponérihouen village
provinciales_2019,,PN,Province Nord,988,98823,Ponérihouen,PONERIHOUEN,0006,164,114,50,112,2,0,Mou,MOU,6,PN_liste_06,22,19.64,0.95,Mou,Ponérihouen,LIEU_DIT_NC,TRIBU,Aupatöriba,165.44259083569398,-21.09696482410325,tribus_villages_nc,106,2302,Ponérihouen village
provinciales_2019,,PN,Province Nord,988,98823,Ponérihouen,PONERIHOUEN,0007,326,229,97,229,0,0,Goyetta,GOYETTA,1,PN_liste_01,130,56.77,0.95,Pöö,Ponérihouen,LIEU_DIT_NC,TRIBU,Pwënîrî wâdé,165.38150315716302,-21.17209523739158,tribus_villages_nc,106,2302,Ponérihouen village
provinciales_2019,,PN,Province Nord,988,98823,Ponérihouen,PONERIHOUEN,0007,326,229,97,229,0,0,Goyetta,GOYETTA,2,PN_liste_02,3,1.31,0.95,Pöö,Ponérihouen,LIEU_DIT_NC,TRIBU,Pwënîrî wâdé,165.38150315716302,-21.17209523739158,tribus_villages_nc,106,2302,Ponérihouen village
provinciales_2019,,PN,Province Nord,988,98823,Ponérihouen,PONERIHOUEN,0007,326,229,97,229,0,0,Goyetta,GOYETTA,3,PN_liste_03,3,1.31,0.95,Pöö,Ponérihouen,LIEU_DIT_NC,TRIBU,Pwënîrî wâdé,165.38150315716302,-21.17209523739158,tribus_villages_nc,106,2302,Ponérihouen village
provinciales_2019,,PN,Province Nord,988,98823,Ponérihouen,PONERIHOUEN,0007,326,229,97,229,0,0,Goyetta,GOYETTA,4,PN_liste_04,2,0.87,0.95,Pöö,Ponérihouen,LIEU_DIT_NC,TRIBU,Pwënîrî wâdé,165.38150315716302,-21.17209523739158,tribus_villages_nc,106,2302,Ponérihouen village
provinciales_2019,,PN,Province Nord,988,98823,Ponérihouen,PONERIHOUEN,0007,326,229,97,229,0,0,Goyetta,GOYETTA,5,PN_liste_05,2,0.87,0.95,Pöö,Ponérihouen,LIEU_DIT_NC,TRIBU,Pwënîrî wâdé,165.38150315716302,-21.17209523739158,tribus_villages_nc,106,2302,Ponérihouen village
provinciales_2019,,PN,Province Nord,988,98823,Ponérihouen,PONERIHOUEN,0007,326,229,97,229,0,0,Goyetta,GOYETTA,6,PN_liste_06,89,38.86,0.95,Pöö,Ponérihouen,LIEU_DIT_NC,TRIBU,Pwënîrî wâdé,165.38150315716302,-21.17209523739158,tribus_villages_nc,106,2302,Ponérihouen village
provinciales_2019,,PN,Province Nord,988,98825,Pouembout,POUEMBOUT,0001,1097,750,347,732,15,3,Mairie,MAIRIE,1,PN_liste_01,159,21.72,0.98,Mairie de Pouembout,302 AVENUE DE POUEMBOUT,ADMINISTRATION ET ORGANISME,Administrations des collectivités,Administration de la commune de Pouembout,164.901099514933,-21.1214333298182,etablissements_publics_nc,112,2501,Pouembout village
provinciales_2019,,PN,Province Nord,988,98825,Pouembout,POUEMBOUT,0001,1097,750,347,732,15,3,Mairie,MAIRIE,2,PN_liste_02,286,39.07,0.98,Mairie de Pouembout,302 AVENUE DE POUEMBOUT,ADMINISTRATION ET ORGANISME,Administrations des collectivités,Administration de la commune de Pouembout,164.901099514933,-21.1214333298182,etablissements_publics_nc,112,2501,Pouembout village
provinciales_2019,,PN,Province Nord,988,98825,Pouembout,POUEMBOUT,0001,1097,750,347,732,15,3,Mairie,MAIRIE,3,PN_liste_03,114,15.57,0.98,Mairie de Pouembout,302 AVENUE DE POUEMBOUT,ADMINISTRATION ET ORGANISME,Administrations des collectivités,Administration de la commune de Pouembout,164.901099514933,-21.1214333298182,etablissements_publics_nc,112,2501,Pouembout village
provinciales_2019,,PN,Province Nord,988,98825,Pouembout,POUEMBOUT,0001,1097,750,347,732,15,3,Mairie,MAIRIE,4,PN_liste_04,6,0.82,0.98,Mairie de Pouembout,302 AVENUE DE POUEMBOUT,ADMINISTRATION ET ORGANISME,Administrations des collectivités,Administration de la commune de Pouembout,164.901099514933,-21.1214333298182,etablissements_publics_nc,112,2501,Pouembout village
provinciales_2019,,PN,Province Nord,988,98825,Pouembout,POUEMBOUT,0001,1097,750,347,732,15,3,Mairie,MAIRIE,5,PN_liste_05,15,2.05,0.98,Mairie de Pouembout,302 AVENUE DE POUEMBOUT,ADMINISTRATION ET ORGANISME,Administrations des collectivités,Administration de la commune de Pouembout,164.901099514933,-21.1214333298182,etablissements_publics_nc,112,2501,Pouembout village
provinciales_2019,,PN,Province Nord,988,98825,Pouembout,POUEMBOUT,0001,1097,750,347,732,15,3,Mairie,MAIRIE,6,PN_liste_06,152,20.77,0.98,Mairie de Pouembout,302 AVENUE DE POUEMBOUT,ADMINISTRATION ET ORGANISME,Administrations des collectivités,Administration de la commune de Pouembout,164.901099514933,-21.1214333298182,etablissements_publics_nc,112,2501,Pouembout village
provinciales_2019,,PN,Province Nord,988,98825,Pouembout,POUEMBOUT,0002,156,131,25,128,2,1,Paouta,PAOUTA,1,PN_liste_01,38,29.69,0.93,Maison commune de Paouta,,CULTUREL ET SOCIO EDUCATIF,Equipements socio-éducatifs et socio-culturels,Maison de jeune et maison de quartier,165.004824198459,-21.061258041708,etablissements_publics_nc,113,2503,Pinda - Ouaté - Kopéto
provinciales_2019,,PN,Province Nord,988,98825,Pouembout,POUEMBOUT,0002,156,131,25,128,2,1,Paouta,PAOUTA,2,PN_liste_02,2,1.56,0.93,Maison commune de Paouta,,CULTUREL ET SOCIO EDUCATIF,Equipements socio-éducatifs et socio-culturels,Maison de jeune et maison de quartier,165.004824198459,-21.061258041708,etablissements_publics_nc,113,2503,Pinda - Ouaté - Kopéto
provinciales_2019,,PN,Province Nord,988,98825,Pouembout,POUEMBOUT,0002,156,131,25,128,2,1,Paouta,PAOUTA,3,PN_liste_03,9,7.03,0.93,Maison commune de Paouta,,CULTUREL ET SOCIO EDUCATIF,Equipements socio-éducatifs et socio-culturels,Maison de jeune et maison de quartier,165.004824198459,-21.061258041708,etablissements_publics_nc,113,2503,Pinda - Ouaté - Kopéto
provinciales_2019,,PN,Province Nord,988,98825,Pouembout,POUEMBOUT,0002,156,131,25,128,2,1,Paouta,PAOUTA,4,PN_liste_04,0,0,0.93,Maison commune de Paouta,,CULTUREL ET SOCIO EDUCATIF,Equipements socio-éducatifs et socio-culturels,Maison de jeune et maison de quartier,165.004824198459,-21.061258041708,etablissements_publics_nc,113,2503,Pinda - Ouaté - Kopéto
provinciales_2019,,PN,Province Nord,988,98825,Pouembout,POUEMBOUT,0002,156,131,25,128,2,1,Paouta,PAOUTA,5,PN_liste_05,0,0,0.93,Maison commune de Paouta,,CULTUREL ET SOCIO EDUCATIF,Equipements socio-éducatifs et socio-culturels,Maison de jeune et maison de quartier,165.004824198459,-21.061258041708,etablissements_publics_nc,113,2503,Pinda - Ouaté - Kopéto
provinciales_2019,,PN,Province Nord,988,98825,Pouembout,POUEMBOUT,0002,156,131,25,128,2,1,Paouta,PAOUTA,6,PN_liste_06,79,61.72,0.93,Maison commune de Paouta,,CULTUREL ET SOCIO EDUCATIF,Equipements socio-éducatifs et socio-culturels,Maison de jeune et maison de quartier,165.004824198459,-21.061258041708,etablissements_publics_nc,113,2503,Pinda - Ouaté - Kopéto
provinciales_2019,,PN,Province Nord,988,98825,Pouembout,POUEMBOUT,0003,134,95,39,94,0,1,Ouaté,OUATE,1,PN_liste_01,25,26.6,0.99,Ouate,Pouembout,LIEU_DIT_NC,TRIBU,Wete,165.125775830839,-21.1850509030541,tribus_villages_nc_manual,,,
provinciales_2019,,PN,Province Nord,988,98825,Pouembout,POUEMBOUT,0003,134,95,39,94,0,1,Ouaté,OUATE,2,PN_liste_02,0,0,0.99,Ouate,Pouembout,LIEU_DIT_NC,TRIBU,Wete,165.125775830839,-21.1850509030541,tribus_villages_nc_manual,,,
provinciales_2019,,PN,Province Nord,988,98825,Pouembout,POUEMBOUT,0003,134,95,39,94,0,1,Ouaté,OUATE,3,PN_liste_03,0,0,0.99,Ouate,Pouembout,LIEU_DIT_NC,TRIBU,Wete,165.125775830839,-21.1850509030541,tribus_villages_nc_manual,,,
provinciales_2019,,PN,Province Nord,988,98825,Pouembout,POUEMBOUT,0003,134,95,39,94,0,1,Ouaté,OUATE,4,PN_liste_04,0,0,0.99,Ouate,Pouembout,LIEU_DIT_NC,TRIBU,Wete,165.125775830839,-21.1850509030541,tribus_villages_nc_manual,,,
provinciales_2019,,PN,Province Nord,988,98825,Pouembout,POUEMBOUT,0003,134,95,39,94,0,1,Ouaté,OUATE,5,PN_liste_05,0,0,0.99,Ouate,Pouembout,LIEU_DIT_NC,TRIBU,Wete,165.125775830839,-21.1850509030541,tribus_villages_nc_manual,,,
provinciales_2019,,PN,Province Nord,988,98825,Pouembout,POUEMBOUT,0003,134,95,39,94,0,1,Ouaté,OUATE,6,PN_liste_06,69,73.4,0.99,Ouate,Pouembout,LIEU_DIT_NC,TRIBU,Wete,165.125775830839,-21.1850509030541,tribus_villages_nc_manual,,,
provinciales_2019,,PN,Province Nord,988,98826,Poum,POUM,0001,601,389,212,386,0,3,Mairie,MAIRIE,1,PN_liste_01,153,39.64,0.7,POUM,Poum,LIEU_DIT_NC,VILLE,,164.02565823453438,-20.232335490929035,tribus_villages_nc,114,2601,Poum du village - Poingam
provinciales_2019,,PN,Province Nord,988,98826,Poum,POUM,0001,601,389,212,386,0,3,Mairie,MAIRIE,2,PN_liste_02,44,11.4,0.7,POUM,Poum,LIEU_DIT_NC,VILLE,,164.02565823453438,-20.232335490929035,tribus_villages_nc,114,2601,Poum du village - Poingam
provinciales_2019,,PN,Province Nord,988,98826,Poum,POUM,0001,601,389,212,386,0,3,Mairie,MAIRIE,3,PN_liste_03,33,8.55,0.7,POUM,Poum,LIEU_DIT_NC,VILLE,,164.02565823453438,-20.232335490929035,tribus_villages_nc,114,2601,Poum du village - Poingam
provinciales_2019,,PN,Province Nord,988,98826,Poum,POUM,0001,601,389,212,386,0,3,Mairie,MAIRIE,4,PN_liste_04,33,8.55,0.7,POUM,Poum,LIEU_DIT_NC,VILLE,,164.02565823453438,-20.232335490929035,tribus_villages_nc,114,2601,Poum du village - Poingam
provinciales_2019,,PN,Province Nord,988,98826,Poum,POUM,0001,601,389,212,386,0,3,Mairie,MAIRIE,5,PN_liste_05,13,3.37,0.7,POUM,Poum,LIEU_DIT_NC,VILLE,,164.02565823453438,-20.232335490929035,tribus_villages_nc,114,2601,Poum du village - Poingam
provinciales_2019,,PN,Province Nord,988,98826,Poum,POUM,0001,601,389,212,386,0,3,Mairie,MAIRIE,6,PN_liste_06,110,28.5,0.7,POUM,Poum,LIEU_DIT_NC,VILLE,,164.02565823453438,-20.232335490929035,tribus_villages_nc,114,2601,Poum du village - Poingam
provinciales_2019,,PN,Province Nord,988,98826,Poum,POUM,0002,392,287,105,285,0,2,Tiabet,TIABET,1,PN_liste_01,132,46.32,1,Tiabet,Poum,LIEU_DIT_NC,TRIBU,Cavet,164.0259384508845,-20.127138518272172,tribus_villages_nc,114,2601,Poum du village - Poingam
provinciales_2019,,PN,Province Nord,988,98826,Poum,POUM,0002,392,287,105,285,0,2,Tiabet,TIABET,2,PN_liste_02,4,1.4,1,Tiabet,Poum,LIEU_DIT_NC,TRIBU,Cavet,164.0259384508845,-20.127138518272172,tribus_villages_nc,114,2601,Poum du village - Poingam
provinciales_2019,,PN,Province Nord,988,98826,Poum,POUM,0002,392,287,105,285,0,2,Tiabet,TIABET,3,PN_liste_03,3,1.05,1,Tiabet,Poum,LIEU_DIT_NC,TRIBU,Cavet,164.0259384508845,-20.127138518272172,tribus_villages_nc,114,2601,Poum du village - Poingam
provinciales_2019,,PN,Province Nord,988,98826,Poum,POUM,0002,392,287,105,285,0,2,Tiabet,TIABET,4,PN_liste_04,11,3.86,1,Tiabet,Poum,LIEU_DIT_NC,TRIBU,Cavet,164.0259384508845,-20.127138518272172,tribus_villages_nc,114,2601,Poum du village - Poingam
provinciales_2019,,PN,Province Nord,988,98826,Poum,POUM,0002,392,287,105,285,0,2,Tiabet,TIABET,5,PN_liste_05,6,2.11,1,Tiabet,Poum,LIEU_DIT_NC,TRIBU,Cavet,164.0259384508845,-20.127138518272172,tribus_villages_nc,114,2601,Poum du village - Poingam
provinciales_2019,,PN,Province Nord,988,98826,Poum,POUM,0002,392,287,105,285,0,2,Tiabet,TIABET,6,PN_liste_06,129,45.26,1,Tiabet,Poum,LIEU_DIT_NC,TRIBU,Cavet,164.0259384508845,-20.127138518272172,tribus_villages_nc,114,2601,Poum du village - Poingam
provinciales_2019,,PN,Province Nord,988,98826,Poum,POUM,0003,388,242,146,240,2,0,Arama,ARAMA,1,PN_liste_01,53,22.08,0.95,Arama,Poum,LIEU_DIT_NC,LDH,Aramwâ,164.20258021961365,-20.252916819670393,tribus_villages_nc,115,2603,Bouarou - Pangai - Narai
provinciales_2019,,PN,Province Nord,988,98826,Poum,POUM,0003,388,242,146,240,2,0,Arama,ARAMA,2,PN_liste_02,9,3.75,0.95,Arama,Poum,LIEU_DIT_NC,LDH,Aramwâ,164.20258021961365,-20.252916819670393,tribus_villages_nc,115,2603,Bouarou - Pangai - Narai
provinciales_2019,,PN,Province Nord,988,98826,Poum,POUM,0003,388,242,146,240,2,0,Arama,ARAMA,3,PN_liste_03,10,4.17,0.95,Arama,Poum,LIEU_DIT_NC,LDH,Aramwâ,164.20258021961365,-20.252916819670393,tribus_villages_nc,115,2603,Bouarou - Pangai - Narai
provinciales_2019,,PN,Province Nord,988,98826,Poum,POUM,0003,388,242,146,240,2,0,Arama,ARAMA,4,PN_liste_04,20,8.33,0.95,Arama,Poum,LIEU_DIT_NC,LDH,Aramwâ,164.20258021961365,-20.252916819670393,tribus_villages_nc,115,2603,Bouarou - Pangai - Narai
provinciales_2019,,PN,Province Nord,988,98826,Poum,POUM,0003,388,242,146,240,2,0,Arama,ARAMA,5,PN_liste_05,12,5,0.95,Arama,Poum,LIEU_DIT_NC,LDH,Aramwâ,164.20258021961365,-20.252916819670393,tribus_villages_nc,115,2603,Bouarou - Pangai - Narai
provinciales_2019,,PN,Province Nord,988,98826,Poum,POUM,0003,388,242,146,240,2,0,Arama,ARAMA,6,PN_liste_06,136,56.67,0.95,Arama,Poum,LIEU_DIT_NC,LDH,Aramwâ,164.20258021961365,-20.252916819670393,tribus_villages_nc,115,2603,Bouarou - Pangai - Narai
provinciales_2019,,PN,Province Nord,988,98824,Pouébo,POUEBO,0001,718,364,354,360,1,3,Mairie,MAIRIE,1,PN_liste_01,98,27.22,0.7,POUEBO,Pouébo,LIEU_DIT_NC,VILLE,,164.5872015210802,-20.399273159074973,tribus_villages_nc,109,2401,Pouébo village - St Ferdinand - St Louis
provinciales_2019,,PN,Province Nord,988,98824,Pouébo,POUEBO,0001,718,364,354,360,1,3,Mairie,MAIRIE,2,PN_liste_02,4,1.11,0.7,POUEBO,Pouébo,LIEU_DIT_NC,VILLE,,164.5872015210802,-20.399273159074973,tribus_villages_nc,109,2401,Pouébo village - St Ferdinand - St Louis
provinciales_2019,,PN,Province Nord,988,98824,Pouébo,POUEBO,0001,718,364,354,360,1,3,Mairie,MAIRIE,3,PN_liste_03,5,1.39,0.7,POUEBO,Pouébo,LIEU_DIT_NC,VILLE,,164.5872015210802,-20.399273159074973,tribus_villages_nc,109,2401,Pouébo village - St Ferdinand - St Louis
provinciales_2019,,PN,Province Nord,988,98824,Pouébo,POUEBO,0001,718,364,354,360,1,3,Mairie,MAIRIE,4,PN_liste_04,30,8.33,0.7,POUEBO,Pouébo,LIEU_DIT_NC,VILLE,,164.5872015210802,-20.399273159074973,tribus_villages_nc,109,2401,Pouébo village - St Ferdinand - St Louis
provinciales_2019,,PN,Province Nord,988,98824,Pouébo,POUEBO,0001,718,364,354,360,1,3,Mairie,MAIRIE,5,PN_liste_05,13,3.61,0.7,POUEBO,Pouébo,LIEU_DIT_NC,VILLE,,164.5872015210802,-20.399273159074973,tribus_villages_nc,109,2401,Pouébo village - St Ferdinand - St Louis
provinciales_2019,,PN,Province Nord,988,98824,Pouébo,POUEBO,0001,718,364,354,360,1,3,Mairie,MAIRIE,6,PN_liste_06,210,58.33,0.7,POUEBO,Pouébo,LIEU_DIT_NC,VILLE,,164.5872015210802,-20.399273159074973,tribus_villages_nc,109,2401,Pouébo village - St Ferdinand - St Louis
provinciales_2019,,PN,Province Nord,988,98824,Pouébo,POUEBO,0002,533,307,226,302,2,3,Saint Denis Ballade,SAINT DENIS BALLADE,1,PN_liste_01,109,36.09,0.973,St Denis,Pouébo,LIEU_DIT_NC,TRIBU,,164.49963895578423,-20.310000557096696,tribus_villages_nc,109,2401,Pouébo village - St Ferdinand - St Louis
provinciales_2019,,PN,Province Nord,988,98824,Pouébo,POUEBO,0002,533,307,226,302,2,3,Saint Denis Ballade,SAINT DENIS BALLADE,2,PN_liste_02,10,3.31,0.973,St Denis,Pouébo,LIEU_DIT_NC,TRIBU,,164.49963895578423,-20.310000557096696,tribus_villages_nc,109,2401,Pouébo village - St Ferdinand - St Louis
provinciales_2019,,PN,Province Nord,988,98824,Pouébo,POUEBO,0002,533,307,226,302,2,3,Saint Denis Ballade,SAINT DENIS BALLADE,3,PN_liste_03,5,1.66,0.973,St Denis,Pouébo,LIEU_DIT_NC,TRIBU,,164.49963895578423,-20.310000557096696,tribus_villages_nc,109,2401,Pouébo village - St Ferdinand - St Louis
provinciales_2019,,PN,Province Nord,988,98824,Pouébo,POUEBO,0002,533,307,226,302,2,3,Saint Denis Ballade,SAINT DENIS BALLADE,4,PN_liste_04,29,9.6,0.973,St Denis,Pouébo,LIEU_DIT_NC,TRIBU,,164.49963895578423,-20.310000557096696,tribus_villages_nc,109,2401,Pouébo village - St Ferdinand - St Louis
provinciales_2019,,PN,Province Nord,988,98824,Pouébo,POUEBO,0002,533,307,226,302,2,3,Saint Denis Ballade,SAINT DENIS BALLADE,5,PN_liste_05,12,3.97,0.973,St Denis,Pouébo,LIEU_DIT_NC,TRIBU,,164.49963895578423,-20.310000557096696,tribus_villages_nc,109,2401,Pouébo village - St Ferdinand - St Louis
provinciales_2019,,PN,Province Nord,988,98824,Pouébo,POUEBO,0002,533,307,226,302,2,3,Saint Denis Ballade,SAINT DENIS BALLADE,6,PN_liste_06,137,45.36,0.973,St Denis,Pouébo,LIEU_DIT_NC,TRIBU,,164.49963895578423,-20.310000557096696,tribus_villages_nc,109,2401,Pouébo village - St Ferdinand - St Louis
provinciales_2019,,PN,Province Nord,988,98824,Pouébo,POUEBO,0003,387,233,154,233,0,0,Yambé,YAMBE,1,PN_liste_01,66,28.33,1,Yambé,Pouébo,LIEU_DIT_NC,TRIBU,Yabé,164.658766232452,-20.439464504971355,tribus_villages_nc,110,2402,Tchamboéne - Diahoué - Colnett
provinciales_2019,,PN,Province Nord,988,98824,Pouébo,POUEBO,0003,387,233,154,233,0,0,Yambé,YAMBE,2,PN_liste_02,3,1.29,1,Yambé,Pouébo,LIEU_DIT_NC,TRIBU,Yabé,164.658766232452,-20.439464504971355,tribus_villages_nc,110,2402,Tchamboéne - Diahoué - Colnett
provinciales_2019,,PN,Province Nord,988,98824,Pouébo,POUEBO,0003,387,233,154,233,0,0,Yambé,YAMBE,3,PN_liste_03,2,0.86,1,Yambé,Pouébo,LIEU_DIT_NC,TRIBU,Yabé,164.658766232452,-20.439464504971355,tribus_villages_nc,110,2402,Tchamboéne - Diahoué - Colnett
provinciales_2019,,PN,Province Nord,988,98824,Pouébo,POUEBO,0003,387,233,154,233,0,0,Yambé,YAMBE,4,PN_liste_04,74,31.76,1,Yambé,Pouébo,LIEU_DIT_NC,TRIBU,Yabé,164.658766232452,-20.439464504971355,tribus_villages_nc,110,2402,Tchamboéne - Diahoué - Colnett
provinciales_2019,,PN,Province Nord,988,98824,Pouébo,POUEBO,0003,387,233,154,233,0,0,Yambé,YAMBE,5,PN_liste_05,1,0.43,1,Yambé,Pouébo,LIEU_DIT_NC,TRIBU,Yabé,164.658766232452,-20.439464504971355,tribus_villages_nc,110,2402,Tchamboéne - Diahoué - Colnett
provinciales_2019,,PN,Province Nord,988,98824,Pouébo,POUEBO,0003,387,233,154,233,0,0,Yambé,YAMBE,6,PN_liste_06,87,37.34,1,Yambé,Pouébo,LIEU_DIT_NC,TRIBU,Yabé,164.658766232452,-20.439464504971355,tribus_villages_nc,110,2402,Tchamboéne - Diahoué - Colnett
provinciales_2019,,PN,Province Nord,988,98824,Pouébo,POUEBO,0004,546,310,236,305,3,2,Saint-Louis,SAINT LOUIS,1,PN_liste_01,136,44.59,1,St Louis,Pouébo,LIEU_DIT_NC,TRIBU,,164.56475883280652,-20.370617010719258,tribus_villages_nc,109,2401,Pouébo village - St Ferdinand - St Louis
provinciales_2019,,PN,Province Nord,988,98824,Pouébo,POUEBO,0004,546,310,236,305,3,2,Saint-Louis,SAINT LOUIS,2,PN_liste_02,2,0.66,1,St Louis,Pouébo,LIEU_DIT_NC,TRIBU,,164.56475883280652,-20.370617010719258,tribus_villages_nc,109,2401,Pouébo village - St Ferdinand - St Louis
provinciales_2019,,PN,Province Nord,988,98824,Pouébo,POUEBO,0004,546,310,236,305,3,2,Saint-Louis,SAINT LOUIS,3,PN_liste_03,4,1.31,1,St Louis,Pouébo,LIEU_DIT_NC,TRIBU,,164.56475883280652,-20.370617010719258,tribus_villages_nc,109,2401,Pouébo village - St Ferdinand - St Louis
provinciales_2019,,PN,Province Nord,988,98824,Pouébo,POUEBO,0004,546,310,236,305,3,2,Saint-Louis,SAINT LOUIS,4,PN_liste_04,64,20.98,1,St Louis,Pouébo,LIEU_DIT_NC,TRIBU,,164.56475883280652,-20.370617010719258,tribus_villages_nc,109,2401,Pouébo village - St Ferdinand - St Louis
provinciales_2019,,PN,Province Nord,988,98824,Pouébo,POUEBO,0004,546,310,236,305,3,2,Saint-Louis,SAINT LOUIS,5,PN_liste_05,5,1.64,1,St Louis,Pouébo,LIEU_DIT_NC,TRIBU,,164.56475883280652,-20.370617010719258,tribus_villages_nc,109,2401,Pouébo village - St Ferdinand - St Louis
provinciales_2019,,PN,Province Nord,988,98824,Pouébo,POUEBO,0004,546,310,236,305,3,2,Saint-Louis,SAINT LOUIS,6,PN_liste_06,94,30.82,1,St Louis,Pouébo,LIEU_DIT_NC,TRIBU,,164.56475883280652,-20.370617010719258,tribus_villages_nc,109,2401,Pouébo village - St Ferdinand - St Louis
provinciales_2019,,PN,Province Nord,988,98824,Pouébo,POUEBO,0005,117,62,55,61,0,1,Colnett,COLNETT,1,PN_liste_01,11,18.03,0.95,Colnett,Pouébo,LIEU_DIT_NC,TRIBU,,164.73002659765442,-20.4756971674156,tribus_villages_nc,110,2402,Tchamboéne - Diahoué - Colnett
provinciales_2019,,PN,Province Nord,988,98824,Pouébo,POUEBO,0005,117,62,55,61,0,1,Colnett,COLNETT,2,PN_liste_02,0,0,0.95,Colnett,Pouébo,LIEU_DIT_NC,TRIBU,,164.73002659765442,-20.4756971674156,tribus_villages_nc,110,2402,Tchamboéne - Diahoué - Colnett
provinciales_2019,,PN,Province Nord,988,98824,Pouébo,POUEBO,0005,117,62,55,61,0,1,Colnett,COLNETT,3,PN_liste_03,4,6.56,0.95,Colnett,Pouébo,LIEU_DIT_NC,TRIBU,,164.73002659765442,-20.4756971674156,tribus_villages_nc,110,2402,Tchamboéne - Diahoué - Colnett
provinciales_2019,,PN,Province Nord,988,98824,Pouébo,POUEBO,0005,117,62,55,61,0,1,Colnett,COLNETT,4,PN_liste_04,15,24.59,0.95,Colnett,Pouébo,LIEU_DIT_NC,TRIBU,,164.73002659765442,-20.4756971674156,tribus_villages_nc,110,2402,Tchamboéne - Diahoué - Colnett
provinciales_2019,,PN,Province Nord,988,98824,Pouébo,POUEBO,0005,117,62,55,61,0,1,Colnett,COLNETT,5,PN_liste_05,2,3.28,0.95,Colnett,Pouébo,LIEU_DIT_NC,TRIBU,,164.73002659765442,-20.4756971674156,tribus_villages_nc,110,2402,Tchamboéne - Diahoué - Colnett
provinciales_2019,,PN,Province Nord,988,98824,Pouébo,POUEBO,0005,117,62,55,61,0,1,Colnett,COLNETT,6,PN_liste_06,29,47.54,0.95,Colnett,Pouébo,LIEU_DIT_NC,TRIBU,,164.73002659765442,-20.4756971674156,tribus_villages_nc,110,2402,Tchamboéne - Diahoué - Colnett
provinciales_2019,,PN,Province Nord,988,98827,Poya Nord,POYA,0001,510,342,168,333,5,4,Mairie 1,MAIRIE 1,1,PN_liste_01,99,29.73,0.99,Népoui,Poya,ARRETE_MANUAL,VILLE,,164.99768585786552,-21.326893497720405,arrete_manual_tribus,116,2701,Poya villageé Népoui
provinciales_2019,,PN,Province Nord,988,98827,Poya Nord,POYA,0001,510,342,168,333,5,4,Mairie 1,MAIRIE 1,2,PN_liste_02,79,23.72,0.99,Népoui,Poya,ARRETE_MANUAL,VILLE,,164.99768585786552,-21.326893497720405,arrete_manual_tribus,116,2701,Poya villageé Népoui
provinciales_2019,,PN,Province Nord,988,98827,Poya Nord,POYA,0001,510,342,168,333,5,4,Mairie 1,MAIRIE 1,3,PN_liste_03,67,20.12,0.99,Népoui,Poya,ARRETE_MANUAL,VILLE,,164.99768585786552,-21.326893497720405,arrete_manual_tribus,116,2701,Poya villageé Népoui
provinciales_2019,,PN,Province Nord,988,98827,Poya Nord,POYA,0001,510,342,168,333,5,4,Mairie 1,MAIRIE 1,4,PN_liste_04,13,3.9,0.99,Népoui,Poya,ARRETE_MANUAL,VILLE,,164.99768585786552,-21.326893497720405,arrete_manual_tribus,116,2701,Poya villageé Népoui
provinciales_2019,,PN,Province Nord,988,98827,Poya Nord,POYA,0001,510,342,168,333,5,4,Mairie 1,MAIRIE 1,5,PN_liste_05,17,5.11,0.99,Népoui,Poya,ARRETE_MANUAL,VILLE,,164.99768585786552,-21.326893497720405,arrete_manual_tribus,116,2701,Poya villageé Népoui
provinciales_2019,,PN,Province Nord,988,98827,Poya Nord,POYA,0001,510,342,168,333,5,4,Mairie 1,MAIRIE 1,6,PN_liste_06,58,17.42,0.99,Népoui,Poya,ARRETE_MANUAL,VILLE,,164.99768585786552,-21.326893497720405,arrete_manual_tribus,116,2701,Poya villageé Népoui
provinciales_2019,,PN,Province Nord,988,98827,Poya Nord,POYA,0002,447,313,134,312,0,1,Gohapin,GOHAPIN,1,PN_liste_01,19,6.09,0.99,Goipin,Poya,ARRETE_MANUAL,TRIBU,,165.27390161257972,-21.22505994951149,arrete_manual_tribus,117,2705,Gohapin - Montfaoué - Néklia - Kradji
provinciales_2019,,PN,Province Nord,988,98827,Poya Nord,POYA,0002,447,313,134,312,0,1,Gohapin,GOHAPIN,2,PN_liste_02,2,0.64,0.99,Goipin,Poya,ARRETE_MANUAL,TRIBU,,165.27390161257972,-21.22505994951149,arrete_manual_tribus,117,2705,Gohapin - Montfaoué - Néklia - Kradji
provinciales_2019,,PN,Province Nord,988,98827,Poya Nord,POYA,0002,447,313,134,312,0,1,Gohapin,GOHAPIN,3,PN_liste_03,2,0.64,0.99,Goipin,Poya,ARRETE_MANUAL,TRIBU,,165.27390161257972,-21.22505994951149,arrete_manual_tribus,117,2705,Gohapin - Montfaoué - Néklia - Kradji
provinciales_2019,,PN,Province Nord,988,98827,Poya Nord,POYA,0002,447,313,134,312,0,1,Gohapin,GOHAPIN,4,PN_liste_04,0,0,0.99,Goipin,Poya,ARRETE_MANUAL,TRIBU,,165.27390161257972,-21.22505994951149,arrete_manual_tribus,117,2705,Gohapin - Montfaoué - Néklia - Kradji
provinciales_2019,,PN,Province Nord,988,98827,Poya Nord,POYA,0002,447,313,134,312,0,1,Gohapin,GOHAPIN,5,PN_liste_05,0,0,0.99,Goipin,Poya,ARRETE_MANUAL,TRIBU,,165.27390161257972,-21.22505994951149,arrete_manual_tribus,117,2705,Gohapin - Montfaoué - Néklia - Kradji
provinciales_2019,,PN,Province Nord,988,98827,Poya Nord,POYA,0002,447,313,134,312,0,1,Gohapin,GOHAPIN,6,PN_liste_06,289,92.63,0.99,Goipin,Poya,ARRETE_MANUAL,TRIBU,,165.27390161257972,-21.22505994951149,arrete_manual_tribus,117,2705,Gohapin - Montfaoué - Néklia - Kradji
provinciales_2019,,PN,Province Nord,988,98827,Poya Nord,POYA,0003,685,441,244,418,16,7,Népoui,NEPOUI,1,PN_liste_01,65,15.55,0.99,Népoui,Poya,ARRETE_MANUAL,VILLE,,164.99768585786552,-21.326893497720405,arrete_manual_tribus,116,2701,Poya villageé Népoui
provinciales_2019,,PN,Province Nord,988,98827,Poya Nord,POYA,0003,685,441,244,418,16,7,Népoui,NEPOUI,2,PN_liste_02,102,24.4,0.99,Népoui,Poya,ARRETE_MANUAL,VILLE,,164.99768585786552,-21.326893497720405,arrete_manual_tribus,116,2701,Poya villageé Népoui
provinciales_2019,,PN,Province Nord,988,98827,Poya Nord,POYA,0003,685,441,244,418,16,7,Népoui,NEPOUI,3,PN_liste_03,131,31.34,0.99,Népoui,Poya,ARRETE_MANUAL,VILLE,,164.99768585786552,-21.326893497720405,arrete_manual_tribus,116,2701,Poya villageé Népoui
provinciales_2019,,PN,Province Nord,988,98827,Poya Nord,POYA,0003,685,441,244,418,16,7,Népoui,NEPOUI,4,PN_liste_04,4,0.96,0.99,Népoui,Poya,ARRETE_MANUAL,VILLE,,164.99768585786552,-21.326893497720405,arrete_manual_tribus,116,2701,Poya villageé Népoui
provinciales_2019,,PN,Province Nord,988,98827,Poya Nord,POYA,0003,685,441,244,418,16,7,Népoui,NEPOUI,5,PN_liste_05,4,0.96,0.99,Népoui,Poya,ARRETE_MANUAL,VILLE,,164.99768585786552,-21.326893497720405,arrete_manual_tribus,116,2701,Poya villageé Népoui
provinciales_2019,,PN,Province Nord,988,98827,Poya Nord,POYA,0003,685,441,244,418,16,7,Népoui,NEPOUI,6,PN_liste_06,112,26.79,0.99,Népoui,Poya,ARRETE_MANUAL,VILLE,,164.99768585786552,-21.326893497720405,arrete_manual_tribus,116,2701,Poya villageé Népoui
provinciales_2019,,PN,Province Nord,988,98827,Poya Nord,POYA,0004,250,170,80,170,0,0,Montfaoué,MONTFAOUE,1,PN_liste_01,125,73.53,0.99,Montfaoué,Poya,ARRETE_MANUAL,TRIBU,,165.2933124776928,-21.277955211764784,arrete_manual_tribus,117,2705,Gohapin - Montfaoué - Néklia - Kradji
provinciales_2019,,PN,Province Nord,988,98827,Poya Nord,POYA,0004,250,170,80,170,0,0,Montfaoué,MONTFAOUE,2,PN_liste_02,0,0,0.99,Montfaoué,Poya,ARRETE_MANUAL,TRIBU,,165.2933124776928,-21.277955211764784,arrete_manual_tribus,117,2705,Gohapin - Montfaoué - Néklia - Kradji
provinciales_2019,,PN,Province Nord,988,98827,Poya Nord,POYA,0004,250,170,80,170,0,0,Montfaoué,MONTFAOUE,3,PN_liste_03,1,0.59,0.99,Montfaoué,Poya,ARRETE_MANUAL,TRIBU,,165.2933124776928,-21.277955211764784,arrete_manual_tribus,117,2705,Gohapin - Montfaoué - Néklia - Kradji
provinciales_2019,,PN,Province Nord,988,98827,Poya Nord,POYA,0004,250,170,80,170,0,0,Montfaoué,MONTFAOUE,4,PN_liste_04,1,0.59,0.99,Montfaoué,Poya,ARRETE_MANUAL,TRIBU,,165.2933124776928,-21.277955211764784,arrete_manual_tribus,117,2705,Gohapin - Montfaoué - Néklia - Kradji
provinciales_2019,,PN,Province Nord,988,98827,Poya Nord,POYA,0004,250,170,80,170,0,0,Montfaoué,MONTFAOUE,5,PN_liste_05,1,0.59,0.99,Montfaoué,Poya,ARRETE_MANUAL,TRIBU,,165.2933124776928,-21.277955211764784,arrete_manual_tribus,117,2705,Gohapin - Montfaoué - Néklia - Kradji
provinciales_2019,,PN,Province Nord,988,98827,Poya Nord,POYA,0004,250,170,80,170,0,0,Montfaoué,MONTFAOUE,6,PN_liste_06,42,24.71,0.99,Montfaoué,Poya,ARRETE_MANUAL,TRIBU,,165.2933124776928,-21.277955211764784,arrete_manual_tribus,117,2705,Gohapin - Montfaoué - Néklia - Kradji
provinciales_2019,,PN,Province Nord,988,98827,Poya Nord,POYA,0006,186,126,60,125,1,0,Nékliai,NEKLIAI,1,PN_liste_01,42,33.6,0.99,Nekliaï,Poya,ARRETE_MANUAL,TRIBU,Nékilyai,165.1862986905251,-21.29493580556391,arrete_manual_tribus,117,2705,Gohapin - Montfaoué - Néklia - Kradji
provinciales_2019,,PN,Province Nord,988,98827,Poya Nord,POYA,0006,186,126,60,125,1,0,Nékliai,NEKLIAI,2,PN_liste_02,2,1.6,0.99,Nekliaï,Poya,ARRETE_MANUAL,TRIBU,Nékilyai,165.1862986905251,-21.29493580556391,arrete_manual_tribus,117,2705,Gohapin - Montfaoué - Néklia - Kradji
provinciales_2019,,PN,Province Nord,988,98827,Poya Nord,POYA,0006,186,126,60,125,1,0,Nékliai,NEKLIAI,3,PN_liste_03,3,2.4,0.99,Nekliaï,Poya,ARRETE_MANUAL,TRIBU,Nékilyai,165.1862986905251,-21.29493580556391,arrete_manual_tribus,117,2705,Gohapin - Montfaoué - Néklia - Kradji
provinciales_2019,,PN,Province Nord,988,98827,Poya Nord,POYA,0006,186,126,60,125,1,0,Nékliai,NEKLIAI,4,PN_liste_04,4,3.2,0.99,Nekliaï,Poya,ARRETE_MANUAL,TRIBU,Nékilyai,165.1862986905251,-21.29493580556391,arrete_manual_tribus,117,2705,Gohapin - Montfaoué - Néklia - Kradji
provinciales_2019,,PN,Province Nord,988,98827,Poya Nord,POYA,0006,186,126,60,125,1,0,Nékliai,NEKLIAI,5,PN_liste_05,2,1.6,0.99,Nekliaï,Poya,ARRETE_MANUAL,TRIBU,Nékilyai,165.1862986905251,-21.29493580556391,arrete_manual_tribus,117,2705,Gohapin - Montfaoué - Néklia - Kradji
provinciales_2019,,PN,Province Nord,988,98827,Poya Nord,POYA,0006,186,126,60,125,1,0,Nékliai,NEKLIAI,6,PN_liste_06,72,57.6,0.99,Nekliaï,Poya,ARRETE_MANUAL,TRIBU,Nékilyai,165.1862986905251,-21.29493580556391,arrete_manual_tribus,117,2705,Gohapin - Montfaoué - Néklia - Kradji
provinciales_2019,,PN,Province Nord,988,98830,Touho,TOUHO,0001,966,637,329,625,8,4,Mairie,MAIRIE,1,PN_liste_01,335,53.6,0.7,TOUHO,Touho,LIEU_DIT_NC,VILLE,Tuo,165.23869122747195,-20.77975735338533,tribus_villages_nc,122,3001,Touho village
provinciales_2019,,PN,Province Nord,988,98830,Touho,TOUHO,0001,966,637,329,625,8,4,Mairie,MAIRIE,2,PN_liste_02,97,15.52,0.7,TOUHO,Touho,LIEU_DIT_NC,VILLE,Tuo,165.23869122747195,-20.77975735338533,tribus_villages_nc,122,3001,Touho village
provinciales_2019,,PN,Province Nord,988,98830,Touho,TOUHO,0001,966,637,329,625,8,4,Mairie,MAIRIE,3,PN_liste_03,42,6.72,0.7,TOUHO,Touho,LIEU_DIT_NC,VILLE,Tuo,165.23869122747195,-20.77975735338533,tribus_villages_nc,122,3001,Touho village
provinciales_2019,,PN,Province Nord,988,98830,Touho,TOUHO,0001,966,637,329,625,8,4,Mairie,MAIRIE,4,PN_liste_04,2,0.32,0.7,TOUHO,Touho,LIEU_DIT_NC,VILLE,Tuo,165.23869122747195,-20.77975735338533,tribus_villages_nc,122,3001,Touho village
provinciales_2019,,PN,Province Nord,988,98830,Touho,TOUHO,0001,966,637,329,625,8,4,Mairie,MAIRIE,5,PN_liste_05,5,0.8,0.7,TOUHO,Touho,LIEU_DIT_NC,VILLE,Tuo,165.23869122747195,-20.77975735338533,tribus_villages_nc,122,3001,Touho village
provinciales_2019,,PN,Province Nord,988,98830,Touho,TOUHO,0001,966,637,329,625,8,4,Mairie,MAIRIE,6,PN_liste_06,144,23.04,0.7,TOUHO,Touho,LIEU_DIT_NC,VILLE,Tuo,165.23869122747195,-20.77975735338533,tribus_villages_nc,122,3001,Touho village
provinciales_2019,,PN,Province Nord,988,98830,Touho,TOUHO,0002,221,137,84,134,3,0,Tiouandé,TIOUANDE,1,PN_liste_01,54,40.3,1,Tiouandé,Touho,LIEU_DIT_NC,TRIBU,Tewaade,165.04706639545026,-20.742192862631615,tribus_villages_nc,123,3003,Tiouandé - Ouanache - Congouma - Paola
provinciales_2019,,PN,Province Nord,988,98830,Touho,TOUHO,0002,221,137,84,134,3,0,Tiouandé,TIOUANDE,2,PN_liste_02,6,4.48,1,Tiouandé,Touho,LIEU_DIT_NC,TRIBU,Tewaade,165.04706639545026,-20.742192862631615,tribus_villages_nc,123,3003,Tiouandé - Ouanache - Congouma - Paola
provinciales_2019,,PN,Province Nord,988,98830,Touho,TOUHO,0002,221,137,84,134,3,0,Tiouandé,TIOUANDE,3,PN_liste_03,4,2.99,1,Tiouandé,Touho,LIEU_DIT_NC,TRIBU,Tewaade,165.04706639545026,-20.742192862631615,tribus_villages_nc,123,3003,Tiouandé - Ouanache - Congouma - Paola
provinciales_2019,,PN,Province Nord,988,98830,Touho,TOUHO,0002,221,137,84,134,3,0,Tiouandé,TIOUANDE,4,PN_liste_04,1,0.75,1,Tiouandé,Touho,LIEU_DIT_NC,TRIBU,Tewaade,165.04706639545026,-20.742192862631615,tribus_villages_nc,123,3003,Tiouandé - Ouanache - Congouma - Paola
provinciales_2019,,PN,Province Nord,988,98830,Touho,TOUHO,0002,221,137,84,134,3,0,Tiouandé,TIOUANDE,5,PN_liste_05,2,1.49,1,Tiouandé,Touho,LIEU_DIT_NC,TRIBU,Tewaade,165.04706639545026,-20.742192862631615,tribus_villages_nc,123,3003,Tiouandé - Ouanache - Congouma - Paola
provinciales_2019,,PN,Province Nord,988,98830,Touho,TOUHO,0002,221,137,84,134,3,0,Tiouandé,TIOUANDE,6,PN_liste_06,67,50,1,Tiouandé,Touho,LIEU_DIT_NC,TRIBU,Tewaade,165.04706639545026,-20.742192862631615,tribus_villages_nc,123,3003,Tiouandé - Ouanache - Congouma - Paola
provinciales_2019,,PN,Province Nord,988,98830,Touho,TOUHO,0003,302,187,115,181,4,2,Kokingone,KOKINGONE,1,PN_liste_01,98,54.14,1,Kokingone,Touho,LIEU_DIT_NC,TRIBU,Ko cèï goon,165.25551905392797,-20.85522530725118,tribus_villages_nc,124,3004,Koe - Kokingone - Tiwaka - Pombéi
provinciales_2019,,PN,Province Nord,988,98830,Touho,TOUHO,0003,302,187,115,181,4,2,Kokingone,KOKINGONE,2,PN_liste_02,1,0.55,1,Kokingone,Touho,LIEU_DIT_NC,TRIBU,Ko cèï goon,165.25551905392797,-20.85522530725118,tribus_villages_nc,124,3004,Koe - Kokingone - Tiwaka - Pombéi
provinciales_2019,,PN,Province Nord,988,98830,Touho,TOUHO,0003,302,187,115,181,4,2,Kokingone,KOKINGONE,3,PN_liste_03,8,4.42,1,Kokingone,Touho,LIEU_DIT_NC,TRIBU,Ko cèï goon,165.25551905392797,-20.85522530725118,tribus_villages_nc,124,3004,Koe - Kokingone - Tiwaka - Pombéi
provinciales_2019,,PN,Province Nord,988,98830,Touho,TOUHO,0003,302,187,115,181,4,2,Kokingone,KOKINGONE,4,PN_liste_04,3,1.66,1,Kokingone,Touho,LIEU_DIT_NC,TRIBU,Ko cèï goon,165.25551905392797,-20.85522530725118,tribus_villages_nc,124,3004,Koe - Kokingone - Tiwaka - Pombéi
provinciales_2019,,PN,Province Nord,988,98830,Touho,TOUHO,0003,302,187,115,181,4,2,Kokingone,KOKINGONE,5,PN_liste_05,2,1.1,1,Kokingone,Touho,LIEU_DIT_NC,TRIBU,Ko cèï goon,165.25551905392797,-20.85522530725118,tribus_villages_nc,124,3004,Koe - Kokingone - Tiwaka - Pombéi
provinciales_2019,,PN,Province Nord,988,98830,Touho,TOUHO,0003,302,187,115,181,4,2,Kokingone,KOKINGONE,6,PN_liste_06,69,38.12,1,Kokingone,Touho,LIEU_DIT_NC,TRIBU,Ko cèï goon,165.25551905392797,-20.85522530725118,tribus_villages_nc,124,3004,Koe - Kokingone - Tiwaka - Pombéi
provinciales_2019,,PN,Province Nord,988,98830,Touho,TOUHO,0004,405,277,128,276,1,0,Paola,PAOLA,1,PN_liste_01,237,85.87,1,Paola,Touho,LIEU_DIT_NC,TRIBU,Pwoï,165.1103595238747,-20.77393379422664,tribus_villages_nc,123,3003,Tiouandé - Ouanache - Congouma - Paola
provinciales_2019,,PN,Province Nord,988,98830,Touho,TOUHO,0004,405,277,128,276,1,0,Paola,PAOLA,2,PN_liste_02,3,1.09,1,Paola,Touho,LIEU_DIT_NC,TRIBU,Pwoï,165.1103595238747,-20.77393379422664,tribus_villages_nc,123,3003,Tiouandé - Ouanache - Congouma - Paola
provinciales_2019,,PN,Province Nord,988,98830,Touho,TOUHO,0004,405,277,128,276,1,0,Paola,PAOLA,3,PN_liste_03,6,2.17,1,Paola,Touho,LIEU_DIT_NC,TRIBU,Pwoï,165.1103595238747,-20.77393379422664,tribus_villages_nc,123,3003,Tiouandé - Ouanache - Congouma - Paola
provinciales_2019,,PN,Province Nord,988,98830,Touho,TOUHO,0004,405,277,128,276,1,0,Paola,PAOLA,4,PN_liste_04,0,0,1,Paola,Touho,LIEU_DIT_NC,TRIBU,Pwoï,165.1103595238747,-20.77393379422664,tribus_villages_nc,123,3003,Tiouandé - Ouanache - Congouma - Paola
provinciales_2019,,PN,Province Nord,988,98830,Touho,TOUHO,0004,405,277,128,276,1,0,Paola,PAOLA,5,PN_liste_05,4,1.45,1,Paola,Touho,LIEU_DIT_NC,TRIBU,Pwoï,165.1103595238747,-20.77393379422664,tribus_villages_nc,123,3003,Tiouandé - Ouanache - Congouma - Paola
provinciales_2019,,PN,Province Nord,988,98830,Touho,TOUHO,0004,405,277,128,276,1,0,Paola,PAOLA,6,PN_liste_06,26,9.42,1,Paola,Touho,LIEU_DIT_NC,TRIBU,Pwoï,165.1103595238747,-20.77393379422664,tribus_villages_nc,123,3003,Tiouandé - Ouanache - Congouma - Paola
provinciales_2019,,PN,Province Nord,988,98831,Voh,VOH,0001,817,544,273,523,17,4,Mairie,MAIRIE,1,PN_liste_01,142,27.15,0.98,Mairie de Voh,,ADMINISTRATION ET ORGANISME,Administrations des collectivités,Administration de la commune de Voh,164.686182051524,-20.9488288857597,etablissements_publics_nc,129,3101,Voh village - Gatope
provinciales_2019,,PN,Province Nord,988,98831,Voh,VOH,0001,817,544,273,523,17,4,Mairie,MAIRIE,2,PN_liste_02,153,29.25,0.98,Mairie de Voh,,ADMINISTRATION ET ORGANISME,Administrations des collectivités,Administration de la commune de Voh,164.686182051524,-20.9488288857597,etablissements_publics_nc,129,3101,Voh village - Gatope
provinciales_2019,,PN,Province Nord,988,98831,Voh,VOH,0001,817,544,273,523,17,4,Mairie,MAIRIE,3,PN_liste_03,94,17.97,0.98,Mairie de Voh,,ADMINISTRATION ET ORGANISME,Administrations des collectivités,Administration de la commune de Voh,164.686182051524,-20.9488288857597,etablissements_publics_nc,129,3101,Voh village - Gatope
provinciales_2019,,PN,Province Nord,988,98831,Voh,VOH,0001,817,544,273,523,17,4,Mairie,MAIRIE,4,PN_liste_04,25,4.78,0.98,Mairie de Voh,,ADMINISTRATION ET ORGANISME,Administrations des collectivités,Administration de la commune de Voh,164.686182051524,-20.9488288857597,etablissements_publics_nc,129,3101,Voh village - Gatope
provinciales_2019,,PN,Province Nord,988,98831,Voh,VOH,0001,817,544,273,523,17,4,Mairie,MAIRIE,5,PN_liste_05,20,3.82,0.98,Mairie de Voh,,ADMINISTRATION ET ORGANISME,Administrations des collectivités,Administration de la commune de Voh,164.686182051524,-20.9488288857597,etablissements_publics_nc,129,3101,Voh village - Gatope
provinciales_2019,,PN,Province Nord,988,98831,Voh,VOH,0001,817,544,273,523,17,4,Mairie,MAIRIE,6,PN_liste_06,89,17.02,0.98,Mairie de Voh,,ADMINISTRATION ET ORGANISME,Administrations des collectivités,Administration de la commune de Voh,164.686182051524,-20.9488288857597,etablissements_publics_nc,129,3101,Voh village - Gatope
provinciales_2019,,PN,Province Nord,988,98831,Voh,VOH,0002,813,541,272,533,7,1,Témala,TEMALA,1,PN_liste_01,312,58.54,0.93,Ecole primaire de Témala Ouélisse,,ENSEIGNEMENT ET FORMATION,Enseignement du premier degré,Ecole élémentaire,164.689267929949,-20.87135077045,etablissements_publics_nc,130,3103,Témala
provinciales_2019,,PN,Province Nord,988,98831,Voh,VOH,0002,813,541,272,533,7,1,Témala,TEMALA,2,PN_liste_02,46,8.63,0.93,Ecole primaire de Témala Ouélisse,,ENSEIGNEMENT ET FORMATION,Enseignement du premier degré,Ecole élémentaire,164.689267929949,-20.87135077045,etablissements_publics_nc,130,3103,Témala
provinciales_2019,,PN,Province Nord,988,98831,Voh,VOH,0002,813,541,272,533,7,1,Témala,TEMALA,3,PN_liste_03,43,8.07,0.93,Ecole primaire de Témala Ouélisse,,ENSEIGNEMENT ET FORMATION,Enseignement du premier degré,Ecole élémentaire,164.689267929949,-20.87135077045,etablissements_publics_nc,130,3103,Témala
provinciales_2019,,PN,Province Nord,988,98831,Voh,VOH,0002,813,541,272,533,7,1,Témala,TEMALA,4,PN_liste_04,16,3,0.93,Ecole primaire de Témala Ouélisse,,ENSEIGNEMENT ET FORMATION,Enseignement du premier degré,Ecole élémentaire,164.689267929949,-20.87135077045,etablissements_publics_nc,130,3103,Témala
provinciales_2019,,PN,Province Nord,988,98831,Voh,VOH,0002,813,541,272,533,7,1,Témala,TEMALA,5,PN_liste_05,15,2.81,0.93,Ecole primaire de Témala Ouélisse,,ENSEIGNEMENT ET FORMATION,Enseignement du premier degré,Ecole élémentaire,164.689267929949,-20.87135077045,etablissements_publics_nc,130,3103,Témala
provinciales_2019,,PN,Province Nord,988,98831,Voh,VOH,0002,813,541,272,533,7,1,Témala,TEMALA,6,PN_liste_06,101,18.95,0.93,Ecole primaire de Témala Ouélisse,,ENSEIGNEMENT ET FORMATION,Enseignement du premier degré,Ecole élémentaire,164.689267929949,-20.87135077045,etablissements_publics_nc,130,3103,Témala
provinciales_2019,,PN,Province Nord,988,98831,Voh,VOH,0003,47,39,8,39,0,0,Ouengo,OUENGO,1,PN_liste_01,37,94.87,1,Ouango - Pouépaï,Voh,LIEU_DIT_NC,TRIBU,Hwaago,164.74217311646055,-20.784454291123556,tribus_villages_nc,130,3103,Témala
provinciales_2019,,PN,Province Nord,988,98831,Voh,VOH,0003,47,39,8,39,0,0,Ouengo,OUENGO,2,PN_liste_02,0,0,1,Ouango - Pouépaï,Voh,LIEU_DIT_NC,TRIBU,Hwaago,164.74217311646055,-20.784454291123556,tribus_villages_nc,130,3103,Témala
provinciales_2019,,PN,Province Nord,988,98831,Voh,VOH,0003,47,39,8,39,0,0,Ouengo,OUENGO,3,PN_liste_03,0,0,1,Ouango - Pouépaï,Voh,LIEU_DIT_NC,TRIBU,Hwaago,164.74217311646055,-20.784454291123556,tribus_villages_nc,130,3103,Témala
provinciales_2019,,PN,Province Nord,988,98831,Voh,VOH,0003,47,39,8,39,0,0,Ouengo,OUENGO,4,PN_liste_04,0,0,1,Ouango - Pouépaï,Voh,LIEU_DIT_NC,TRIBU,Hwaago,164.74217311646055,-20.784454291123556,tribus_villages_nc,130,3103,Témala
provinciales_2019,,PN,Province Nord,988,98831,Voh,VOH,0003,47,39,8,39,0,0,Ouengo,OUENGO,5,PN_liste_05,0,0,1,Ouango - Pouépaï,Voh,LIEU_DIT_NC,TRIBU,Hwaago,164.74217311646055,-20.784454291123556,tribus_villages_nc,130,3103,Témala
provinciales_2019,,PN,Province Nord,988,98831,Voh,VOH,0003,47,39,8,39,0,0,Ouengo,OUENGO,6,PN_liste_06,2,5.13,1,Ouango - Pouépaï,Voh,LIEU_DIT_NC,TRIBU,Hwaago,164.74217311646055,-20.784454291123556,tribus_villages_nc,130,3103,Témala
provinciales_2019,,PN,Province Nord,988,98831,Voh,VOH,0004,264,193,71,192,0,1,Tieta,TIETA,1,PN_liste_01,129,67.19,0.846,Foyer socio-éducatif de Tiéta,,CULTUREL ET SOCIO EDUCATIF,Equipements socio-éducatifs et socio-culturels,Foyer socio culturel,164.740133724095,-20.9210724511979,etablissements_publics_nc,131,3106,Tiéta
provinciales_2019,,PN,Province Nord,988,98831,Voh,VOH,0004,264,193,71,192,0,1,Tieta,TIETA,2,PN_liste_02,2,1.04,0.846,Foyer socio-éducatif de Tiéta,,CULTUREL ET SOCIO EDUCATIF,Equipements socio-éducatifs et socio-culturels,Foyer socio culturel,164.740133724095,-20.9210724511979,etablissements_publics_nc,131,3106,Tiéta
provinciales_2019,,PN,Province Nord,988,98831,Voh,VOH,0004,264,193,71,192,0,1,Tieta,TIETA,3,PN_liste_03,2,1.04,0.846,Foyer socio-éducatif de Tiéta,,CULTUREL ET SOCIO EDUCATIF,Equipements socio-éducatifs et socio-culturels,Foyer socio culturel,164.740133724095,-20.9210724511979,etablissements_publics_nc,131,3106,Tiéta
provinciales_2019,,PN,Province Nord,988,98831,Voh,VOH,0004,264,193,71,192,0,1,Tieta,TIETA,4,PN_liste_04,6,3.13,0.846,Foyer socio-éducatif de Tiéta,,CULTUREL ET SOCIO EDUCATIF,Equipements socio-éducatifs et socio-culturels,Foyer socio culturel,164.740133724095,-20.9210724511979,etablissements_publics_nc,131,3106,Tiéta
provinciales_2019,,PN,Province Nord,988,98831,Voh,VOH,0004,264,193,71,192,0,1,Tieta,TIETA,5,PN_liste_05,2,1.04,0.846,Foyer socio-éducatif de Tiéta,,CULTUREL ET SOCIO EDUCATIF,Equipements socio-éducatifs et socio-culturels,Foyer socio culturel,164.740133724095,-20.9210724511979,etablissements_publics_nc,131,3106,Tiéta
provinciales_2019,,PN,Province Nord,988,98831,Voh,VOH,0004,264,193,71,192,0,1,Tieta,TIETA,6,PN_liste_06,51,26.56,0.846,Foyer socio-éducatif de Tiéta,,CULTUREL ET SOCIO EDUCATIF,Equipements socio-éducatifs et socio-culturels,Foyer socio culturel,164.740133724095,-20.9210724511979,etablissements_publics_nc,131,3106,Tiéta
provinciales_2019,,PN,Province Nord,988,98831,Voh,VOH,0005,329,249,80,248,1,0,Oundjo,OUNDJO,1,PN_liste_01,169,68.15,0.821,Foyer socio-éducatif d'Oundjo,,CULTUREL ET SOCIO EDUCATIF,Equipements socio-éducatifs et socio-culturels,Foyer socio culturel,164.697579851987,-21.0373781816945,etablissements_publics_nc,129,3101,Voh village - Gatope
provinciales_2019,,PN,Province Nord,988,98831,Voh,VOH,0005,329,249,80,248,1,0,Oundjo,OUNDJO,2,PN_liste_02,2,0.81,0.821,Foyer socio-éducatif d'Oundjo,,CULTUREL ET SOCIO EDUCATIF,Equipements socio-éducatifs et socio-culturels,Foyer socio culturel,164.697579851987,-21.0373781816945,etablissements_publics_nc,129,3101,Voh village - Gatope
provinciales_2019,,PN,Province Nord,988,98831,Voh,VOH,0005,329,249,80,248,1,0,Oundjo,OUNDJO,3,PN_liste_03,2,0.81,0.821,Foyer socio-éducatif d'Oundjo,,CULTUREL ET SOCIO EDUCATIF,Equipements socio-éducatifs et socio-culturels,Foyer socio culturel,164.697579851987,-21.0373781816945,etablissements_publics_nc,129,3101,Voh village - Gatope
provinciales_2019,,PN,Province Nord,988,98831,Voh,VOH,0005,329,249,80,248,1,0,Oundjo,OUNDJO,4,PN_liste_04,15,6.05,0.821,Foyer socio-éducatif d'Oundjo,,CULTUREL ET SOCIO EDUCATIF,Equipements socio-éducatifs et socio-culturels,Foyer socio culturel,164.697579851987,-21.0373781816945,etablissements_publics_nc,129,3101,Voh village - Gatope
provinciales_2019,,PN,Province Nord,988,98831,Voh,VOH,0005,329,249,80,248,1,0,Oundjo,OUNDJO,5,PN_liste_05,17,6.85,0.821,Foyer socio-éducatif d'Oundjo,,CULTUREL ET SOCIO EDUCATIF,Equipements socio-éducatifs et socio-culturels,Foyer socio culturel,164.697579851987,-21.0373781816945,etablissements_publics_nc,129,3101,Voh village - Gatope
provinciales_2019,,PN,Province Nord,988,98831,Voh,VOH,0005,329,249,80,248,1,0,Oundjo,OUNDJO,6,PN_liste_06,43,17.34,0.821,Foyer socio-éducatif d'Oundjo,,CULTUREL ET SOCIO EDUCATIF,Equipements socio-éducatifs et socio-culturels,Foyer socio culturel,164.697579851987,-21.0373781816945,etablissements_publics_nc,129,3101,Voh village - Gatope
provinciales_2019,,PS,Province Sud,988,98802,Boulouparis,BOULOUPARI,0001,1514,1017,497,990,12,15,Mairie,MAIRIE,1,PS_liste_01,7,0.71,0.98,Mairie de Boulouparis,,ADMINISTRATION ET ORGANISME,Administrations des collectivités,Administration de la commune de Boulouparis,166.047711423762,-21.8654175541592,etablissements_publics_nc,88,201,Boulouparis village
provinciales_2019,,PS,Province Sud,988,98802,Boulouparis,BOULOUPARI,0001,1514,1017,497,990,12,15,Mairie,MAIRIE,2,PS_liste_02,43,4.34,0.98,Mairie de Boulouparis,,ADMINISTRATION ET ORGANISME,Administrations des collectivités,Administration de la commune de Boulouparis,166.047711423762,-21.8654175541592,etablissements_publics_nc,88,201,Boulouparis village
provinciales_2019,,PS,Province Sud,988,98802,Boulouparis,BOULOUPARI,0001,1514,1017,497,990,12,15,Mairie,MAIRIE,3,PS_liste_03,417,42.12,0.98,Mairie de Boulouparis,,ADMINISTRATION ET ORGANISME,Administrations des collectivités,Administration de la commune de Boulouparis,166.047711423762,-21.8654175541592,etablissements_publics_nc,88,201,Boulouparis village
provinciales_2019,,PS,Province Sud,988,98802,Boulouparis,BOULOUPARI,0001,1514,1017,497,990,12,15,Mairie,MAIRIE,4,PS_liste_04,21,2.12,0.98,Mairie de Boulouparis,,ADMINISTRATION ET ORGANISME,Administrations des collectivités,Administration de la commune de Boulouparis,166.047711423762,-21.8654175541592,etablissements_publics_nc,88,201,Boulouparis village
provinciales_2019,,PS,Province Sud,988,98802,Boulouparis,BOULOUPARI,0001,1514,1017,497,990,12,15,Mairie,MAIRIE,5,PS_liste_05,8,0.81,0.98,Mairie de Boulouparis,,ADMINISTRATION ET ORGANISME,Administrations des collectivités,Administration de la commune de Boulouparis,166.047711423762,-21.8654175541592,etablissements_publics_nc,88,201,Boulouparis village
provinciales_2019,,PS,Province Sud,988,98802,Boulouparis,BOULOUPARI,0001,1514,1017,497,990,12,15,Mairie,MAIRIE,6,PS_liste_06,19,1.92,0.98,Mairie de Boulouparis,,ADMINISTRATION ET ORGANISME,Administrations des collectivités,Administration de la commune de Boulouparis,166.047711423762,-21.8654175541592,etablissements_publics_nc,88,201,Boulouparis village
provinciales_2019,,PS,Province Sud,988,98802,Boulouparis,BOULOUPARI,0001,1514,1017,497,990,12,15,Mairie,MAIRIE,7,PS_liste_07,248,25.05,0.98,Mairie de Boulouparis,,ADMINISTRATION ET ORGANISME,Administrations des collectivités,Administration de la commune de Boulouparis,166.047711423762,-21.8654175541592,etablissements_publics_nc,88,201,Boulouparis village
provinciales_2019,,PS,Province Sud,988,98802,Boulouparis,BOULOUPARI,0001,1514,1017,497,990,12,15,Mairie,MAIRIE,8,PS_liste_08,27,2.73,0.98,Mairie de Boulouparis,,ADMINISTRATION ET ORGANISME,Administrations des collectivités,Administration de la commune de Boulouparis,166.047711423762,-21.8654175541592,etablissements_publics_nc,88,201,Boulouparis village
provinciales_2019,,PS,Province Sud,988,98802,Boulouparis,BOULOUPARI,0001,1514,1017,497,990,12,15,Mairie,MAIRIE,9,PS_liste_09,13,1.31,0.98,Mairie de Boulouparis,,ADMINISTRATION ET ORGANISME,Administrations des collectivités,Administration de la commune de Boulouparis,166.047711423762,-21.8654175541592,etablissements_publics_nc,88,201,Boulouparis village
provinciales_2019,,PS,Province Sud,988,98802,Boulouparis,BOULOUPARI,0001,1514,1017,497,990,12,15,Mairie,MAIRIE,10,PS_liste_10,21,2.12,0.98,Mairie de Boulouparis,,ADMINISTRATION ET ORGANISME,Administrations des collectivités,Administration de la commune de Boulouparis,166.047711423762,-21.8654175541592,etablissements_publics_nc,88,201,Boulouparis village
provinciales_2019,,PS,Province Sud,988,98802,Boulouparis,BOULOUPARI,0001,1514,1017,497,990,12,15,Mairie,MAIRIE,11,PS_liste_11,166,16.77,0.98,Mairie de Boulouparis,,ADMINISTRATION ET ORGANISME,Administrations des collectivités,Administration de la commune de Boulouparis,166.047711423762,-21.8654175541592,etablissements_publics_nc,88,201,Boulouparis village
provinciales_2019,,PS,Province Sud,988,98802,Boulouparis,BOULOUPARI,0002,1145,818,327,804,10,4,Centre Culturel,CENTRE CULTUREL,1,PS_liste_01,5,0.62,0.833,Centre Socioculturel,,CULTUREL ET SOCIO EDUCATIF,Equipements socio-éducatifs et socio-culturels,Foyer socio culturel,166.049037015845,-21.8654352350015,etablissements_publics_nc,88,201,Boulouparis village
provinciales_2019,,PS,Province Sud,988,98802,Boulouparis,BOULOUPARI,0002,1145,818,327,804,10,4,Centre Culturel,CENTRE CULTUREL,2,PS_liste_02,49,6.09,0.833,Centre Socioculturel,,CULTUREL ET SOCIO EDUCATIF,Equipements socio-éducatifs et socio-culturels,Foyer socio culturel,166.049037015845,-21.8654352350015,etablissements_publics_nc,88,201,Boulouparis village
provinciales_2019,,PS,Province Sud,988,98802,Boulouparis,BOULOUPARI,0002,1145,818,327,804,10,4,Centre Culturel,CENTRE CULTUREL,3,PS_liste_03,418,51.99,0.833,Centre Socioculturel,,CULTUREL ET SOCIO EDUCATIF,Equipements socio-éducatifs et socio-culturels,Foyer socio culturel,166.049037015845,-21.8654352350015,etablissements_publics_nc,88,201,Boulouparis village
provinciales_2019,,PS,Province Sud,988,98802,Boulouparis,BOULOUPARI,0002,1145,818,327,804,10,4,Centre Culturel,CENTRE CULTUREL,4,PS_liste_04,10,1.24,0.833,Centre Socioculturel,,CULTUREL ET SOCIO EDUCATIF,Equipements socio-éducatifs et socio-culturels,Foyer socio culturel,166.049037015845,-21.8654352350015,etablissements_publics_nc,88,201,Boulouparis village
provinciales_2019,,PS,Province Sud,988,98802,Boulouparis,BOULOUPARI,0002,1145,818,327,804,10,4,Centre Culturel,CENTRE CULTUREL,5,PS_liste_05,7,0.87,0.833,Centre Socioculturel,,CULTUREL ET SOCIO EDUCATIF,Equipements socio-éducatifs et socio-culturels,Foyer socio culturel,166.049037015845,-21.8654352350015,etablissements_publics_nc,88,201,Boulouparis village
provinciales_2019,,PS,Province Sud,988,98802,Boulouparis,BOULOUPARI,0002,1145,818,327,804,10,4,Centre Culturel,CENTRE CULTUREL,6,PS_liste_06,23,2.86,0.833,Centre Socioculturel,,CULTUREL ET SOCIO EDUCATIF,Equipements socio-éducatifs et socio-culturels,Foyer socio culturel,166.049037015845,-21.8654352350015,etablissements_publics_nc,88,201,Boulouparis village
provinciales_2019,,PS,Province Sud,988,98802,Boulouparis,BOULOUPARI,0002,1145,818,327,804,10,4,Centre Culturel,CENTRE CULTUREL,7,PS_liste_07,100,12.44,0.833,Centre Socioculturel,,CULTUREL ET SOCIO EDUCATIF,Equipements socio-éducatifs et socio-culturels,Foyer socio culturel,166.049037015845,-21.8654352350015,etablissements_publics_nc,88,201,Boulouparis village
provinciales_2019,,PS,Province Sud,988,98802,Boulouparis,BOULOUPARI,0002,1145,818,327,804,10,4,Centre Culturel,CENTRE CULTUREL,8,PS_liste_08,27,3.36,0.833,Centre Socioculturel,,CULTUREL ET SOCIO EDUCATIF,Equipements socio-éducatifs et socio-culturels,Foyer socio culturel,166.049037015845,-21.8654352350015,etablissements_publics_nc,88,201,Boulouparis village
provinciales_2019,,PS,Province Sud,988,98802,Boulouparis,BOULOUPARI,0002,1145,818,327,804,10,4,Centre Culturel,CENTRE CULTUREL,9,PS_liste_09,22,2.74,0.833,Centre Socioculturel,,CULTUREL ET SOCIO EDUCATIF,Equipements socio-éducatifs et socio-culturels,Foyer socio culturel,166.049037015845,-21.8654352350015,etablissements_publics_nc,88,201,Boulouparis village
provinciales_2019,,PS,Province Sud,988,98802,Boulouparis,BOULOUPARI,0002,1145,818,327,804,10,4,Centre Culturel,CENTRE CULTUREL,10,PS_liste_10,16,1.99,0.833,Centre Socioculturel,,CULTUREL ET SOCIO EDUCATIF,Equipements socio-éducatifs et socio-culturels,Foyer socio culturel,166.049037015845,-21.8654352350015,etablissements_publics_nc,88,201,Boulouparis village
provinciales_2019,,PS,Province Sud,988,98802,Boulouparis,BOULOUPARI,0002,1145,818,327,804,10,4,Centre Culturel,CENTRE CULTUREL,11,PS_liste_11,127,15.8,0.833,Centre Socioculturel,,CULTUREL ET SOCIO EDUCATIF,Equipements socio-éducatifs et socio-culturels,Foyer socio culturel,166.049037015845,-21.8654352350015,etablissements_publics_nc,88,201,Boulouparis village
provinciales_2019,,PS,Province Sud,988,98803,Bourail,BOURAIL,0001,604,425,179,418,2,5,Mairie,MAIRIE,1,PS_liste_01,9,2.15,0.98,Mairie de Bourail,,ADMINISTRATION ET ORGANISME,Administrations des collectivités,Administration de la commune de Bourail,165.497503614793,-21.5680444203004,etablissements_publics_nc,125,301,Bourail village
provinciales_2019,,PS,Province Sud,988,98803,Bourail,BOURAIL,0001,604,425,179,418,2,5,Mairie,MAIRIE,2,PS_liste_02,26,6.22,0.98,Mairie de Bourail,,ADMINISTRATION ET ORGANISME,Administrations des collectivités,Administration de la commune de Bourail,165.497503614793,-21.5680444203004,etablissements_publics_nc,125,301,Bourail village
provinciales_2019,,PS,Province Sud,988,98803,Bourail,BOURAIL,0001,604,425,179,418,2,5,Mairie,MAIRIE,3,PS_liste_03,141,33.73,0.98,Mairie de Bourail,,ADMINISTRATION ET ORGANISME,Administrations des collectivités,Administration de la commune de Bourail,165.497503614793,-21.5680444203004,etablissements_publics_nc,125,301,Bourail village
provinciales_2019,,PS,Province Sud,988,98803,Bourail,BOURAIL,0001,604,425,179,418,2,5,Mairie,MAIRIE,4,PS_liste_04,4,0.96,0.98,Mairie de Bourail,,ADMINISTRATION ET ORGANISME,Administrations des collectivités,Administration de la commune de Bourail,165.497503614793,-21.5680444203004,etablissements_publics_nc,125,301,Bourail village
provinciales_2019,,PS,Province Sud,988,98803,Bourail,BOURAIL,0001,604,425,179,418,2,5,Mairie,MAIRIE,5,PS_liste_05,6,1.44,0.98,Mairie de Bourail,,ADMINISTRATION ET ORGANISME,Administrations des collectivités,Administration de la commune de Bourail,165.497503614793,-21.5680444203004,etablissements_publics_nc,125,301,Bourail village
provinciales_2019,,PS,Province Sud,988,98803,Bourail,BOURAIL,0001,604,425,179,418,2,5,Mairie,MAIRIE,6,PS_liste_06,10,2.39,0.98,Mairie de Bourail,,ADMINISTRATION ET ORGANISME,Administrations des collectivités,Administration de la commune de Bourail,165.497503614793,-21.5680444203004,etablissements_publics_nc,125,301,Bourail village
provinciales_2019,,PS,Province Sud,988,98803,Bourail,BOURAIL,0001,604,425,179,418,2,5,Mairie,MAIRIE,7,PS_liste_07,67,16.03,0.98,Mairie de Bourail,,ADMINISTRATION ET ORGANISME,Administrations des collectivités,Administration de la commune de Bourail,165.497503614793,-21.5680444203004,etablissements_publics_nc,125,301,Bourail village
provinciales_2019,,PS,Province Sud,988,98803,Bourail,BOURAIL,0001,604,425,179,418,2,5,Mairie,MAIRIE,8,PS_liste_08,18,4.31,0.98,Mairie de Bourail,,ADMINISTRATION ET ORGANISME,Administrations des collectivités,Administration de la commune de Bourail,165.497503614793,-21.5680444203004,etablissements_publics_nc,125,301,Bourail village
provinciales_2019,,PS,Province Sud,988,98803,Bourail,BOURAIL,0001,604,425,179,418,2,5,Mairie,MAIRIE,9,PS_liste_09,15,3.59,0.98,Mairie de Bourail,,ADMINISTRATION ET ORGANISME,Administrations des collectivités,Administration de la commune de Bourail,165.497503614793,-21.5680444203004,etablissements_publics_nc,125,301,Bourail village
provinciales_2019,,PS,Province Sud,988,98803,Bourail,BOURAIL,0001,604,425,179,418,2,5,Mairie,MAIRIE,10,PS_liste_10,20,4.78,0.98,Mairie de Bourail,,ADMINISTRATION ET ORGANISME,Administrations des collectivités,Administration de la commune de Bourail,165.497503614793,-21.5680444203004,etablissements_publics_nc,125,301,Bourail village
provinciales_2019,,PS,Province Sud,988,98803,Bourail,BOURAIL,0001,604,425,179,418,2,5,Mairie,MAIRIE,11,PS_liste_11,102,24.4,0.98,Mairie de Bourail,,ADMINISTRATION ET ORGANISME,Administrations des collectivités,Administration de la commune de Bourail,165.497503614793,-21.5680444203004,etablissements_publics_nc,125,301,Bourail village
provinciales_2019,,PS,Province Sud,988,98803,Bourail,BOURAIL,0002,801,456,345,443,8,5,Pothé,POTHE,1,PS_liste_01,5,1.13,0.93,Ecole de Pothé,,ENSEIGNEMENT ET FORMATION,Enseignement du premier degré,Ecole pré-élémentaire,165.491900847299,-21.4547330481005,etablissements_publics_nc,128,305,Ny
provinciales_2019,,PS,Province Sud,988,98803,Bourail,BOURAIL,0002,801,456,345,443,8,5,Pothé,POTHE,2,PS_liste_02,1,0.23,0.93,Ecole de Pothé,,ENSEIGNEMENT ET FORMATION,Enseignement du premier degré,Ecole pré-élémentaire,165.491900847299,-21.4547330481005,etablissements_publics_nc,128,305,Ny
provinciales_2019,,PS,Province Sud,988,98803,Bourail,BOURAIL,0002,801,456,345,443,8,5,Pothé,POTHE,3,PS_liste_03,14,3.16,0.93,Ecole de Pothé,,ENSEIGNEMENT ET FORMATION,Enseignement du premier degré,Ecole pré-élémentaire,165.491900847299,-21.4547330481005,etablissements_publics_nc,128,305,Ny
provinciales_2019,,PS,Province Sud,988,98803,Bourail,BOURAIL,0002,801,456,345,443,8,5,Pothé,POTHE,4,PS_liste_04,12,2.71,0.93,Ecole de Pothé,,ENSEIGNEMENT ET FORMATION,Enseignement du premier degré,Ecole pré-élémentaire,165.491900847299,-21.4547330481005,etablissements_publics_nc,128,305,Ny
provinciales_2019,,PS,Province Sud,988,98803,Bourail,BOURAIL,0002,801,456,345,443,8,5,Pothé,POTHE,5,PS_liste_05,3,0.68,0.93,Ecole de Pothé,,ENSEIGNEMENT ET FORMATION,Enseignement du premier degré,Ecole pré-élémentaire,165.491900847299,-21.4547330481005,etablissements_publics_nc,128,305,Ny
provinciales_2019,,PS,Province Sud,988,98803,Bourail,BOURAIL,0002,801,456,345,443,8,5,Pothé,POTHE,6,PS_liste_06,0,0,0.93,Ecole de Pothé,,ENSEIGNEMENT ET FORMATION,Enseignement du premier degré,Ecole pré-élémentaire,165.491900847299,-21.4547330481005,etablissements_publics_nc,128,305,Ny
provinciales_2019,,PS,Province Sud,988,98803,Bourail,BOURAIL,0002,801,456,345,443,8,5,Pothé,POTHE,7,PS_liste_07,362,81.72,0.93,Ecole de Pothé,,ENSEIGNEMENT ET FORMATION,Enseignement du premier degré,Ecole pré-élémentaire,165.491900847299,-21.4547330481005,etablissements_publics_nc,128,305,Ny
provinciales_2019,,PS,Province Sud,988,98803,Bourail,BOURAIL,0002,801,456,345,443,8,5,Pothé,POTHE,8,PS_liste_08,6,1.35,0.93,Ecole de Pothé,,ENSEIGNEMENT ET FORMATION,Enseignement du premier degré,Ecole pré-élémentaire,165.491900847299,-21.4547330481005,etablissements_publics_nc,128,305,Ny
provinciales_2019,,PS,Province Sud,988,98803,Bourail,BOURAIL,0002,801,456,345,443,8,5,Pothé,POTHE,9,PS_liste_09,9,2.03,0.93,Ecole de Pothé,,ENSEIGNEMENT ET FORMATION,Enseignement du premier degré,Ecole pré-élémentaire,165.491900847299,-21.4547330481005,etablissements_publics_nc,128,305,Ny
provinciales_2019,,PS,Province Sud,988,98803,Bourail,BOURAIL,0002,801,456,345,443,8,5,Pothé,POTHE,10,PS_liste_10,10,2.26,0.93,Ecole de Pothé,,ENSEIGNEMENT ET FORMATION,Enseignement du premier degré,Ecole pré-élémentaire,165.491900847299,-21.4547330481005,etablissements_publics_nc,128,305,Ny
provinciales_2019,,PS,Province Sud,988,98803,Bourail,BOURAIL,0002,801,456,345,443,8,5,Pothé,POTHE,11,PS_liste_11,21,4.74,0.93,Ecole de Pothé,,ENSEIGNEMENT ET FORMATION,Enseignement du premier degré,Ecole pré-élémentaire,165.491900847299,-21.4547330481005,etablissements_publics_nc,128,305,Ny
provinciales_2019,,PS,Province Sud,988,98803,Bourail,BOURAIL,0003,854,619,235,595,16,8,Colisée,COLISEE,1,PS_liste_01,8,1.34,0.93,Le Colisée - Salle de spectacle,,CULTUREL ET SOCIO EDUCATIF,Equipements culturels,Salle de concert,165.49385205691,-21.5656940047007,etablissements_publics_nc,125,301,Bourail village
provinciales_2019,,PS,Province Sud,988,98803,Bourail,BOURAIL,0003,854,619,235,595,16,8,Colisée,COLISEE,2,PS_liste_02,41,6.89,0.93,Le Colisée - Salle de spectacle,,CULTUREL ET SOCIO EDUCATIF,Equipements culturels,Salle de concert,165.49385205691,-21.5656940047007,etablissements_publics_nc,125,301,Bourail village
provinciales_2019,,PS,Province Sud,988,98803,Bourail,BOURAIL,0003,854,619,235,595,16,8,Colisée,COLISEE,3,PS_liste_03,253,42.52,0.93,Le Colisée - Salle de spectacle,,CULTUREL ET SOCIO EDUCATIF,Equipements culturels,Salle de concert,165.49385205691,-21.5656940047007,etablissements_publics_nc,125,301,Bourail village
provinciales_2019,,PS,Province Sud,988,98803,Bourail,BOURAIL,0003,854,619,235,595,16,8,Colisée,COLISEE,4,PS_liste_04,7,1.18,0.93,Le Colisée - Salle de spectacle,,CULTUREL ET SOCIO EDUCATIF,Equipements culturels,Salle de concert,165.49385205691,-21.5656940047007,etablissements_publics_nc,125,301,Bourail village
provinciales_2019,,PS,Province Sud,988,98803,Bourail,BOURAIL,0003,854,619,235,595,16,8,Colisée,COLISEE,5,PS_liste_05,2,0.34,0.93,Le Colisée - Salle de spectacle,,CULTUREL ET SOCIO EDUCATIF,Equipements culturels,Salle de concert,165.49385205691,-21.5656940047007,etablissements_publics_nc,125,301,Bourail village
provinciales_2019,,PS,Province Sud,988,98803,Bourail,BOURAIL,0003,854,619,235,595,16,8,Colisée,COLISEE,6,PS_liste_06,14,2.35,0.93,Le Colisée - Salle de spectacle,,CULTUREL ET SOCIO EDUCATIF,Equipements culturels,Salle de concert,165.49385205691,-21.5656940047007,etablissements_publics_nc,125,301,Bourail village
provinciales_2019,,PS,Province Sud,988,98803,Bourail,BOURAIL,0003,854,619,235,595,16,8,Colisée,COLISEE,7,PS_liste_07,62,10.42,0.93,Le Colisée - Salle de spectacle,,CULTUREL ET SOCIO EDUCATIF,Equipements culturels,Salle de concert,165.49385205691,-21.5656940047007,etablissements_publics_nc,125,301,Bourail village
provinciales_2019,,PS,Province Sud,988,98803,Bourail,BOURAIL,0003,854,619,235,595,16,8,Colisée,COLISEE,8,PS_liste_08,12,2.02,0.93,Le Colisée - Salle de spectacle,,CULTUREL ET SOCIO EDUCATIF,Equipements culturels,Salle de concert,165.49385205691,-21.5656940047007,etablissements_publics_nc,125,301,Bourail village
provinciales_2019,,PS,Province Sud,988,98803,Bourail,BOURAIL,0003,854,619,235,595,16,8,Colisée,COLISEE,9,PS_liste_09,18,3.03,0.93,Le Colisée - Salle de spectacle,,CULTUREL ET SOCIO EDUCATIF,Equipements culturels,Salle de concert,165.49385205691,-21.5656940047007,etablissements_publics_nc,125,301,Bourail village
provinciales_2019,,PS,Province Sud,988,98803,Bourail,BOURAIL,0003,854,619,235,595,16,8,Colisée,COLISEE,10,PS_liste_10,17,2.86,0.93,Le Colisée - Salle de spectacle,,CULTUREL ET SOCIO EDUCATIF,Equipements culturels,Salle de concert,165.49385205691,-21.5656940047007,etablissements_publics_nc,125,301,Bourail village
provinciales_2019,,PS,Province Sud,988,98803,Bourail,BOURAIL,0003,854,619,235,595,16,8,Colisée,COLISEE,11,PS_liste_11,161,27.06,0.93,Le Colisée - Salle de spectacle,,CULTUREL ET SOCIO EDUCATIF,Equipements culturels,Salle de concert,165.49385205691,-21.5656940047007,etablissements_publics_nc,125,301,Bourail village
provinciales_2019,,PS,Province Sud,988,98803,Bourail,BOURAIL,0004,841,600,241,587,7,6,Ecole Les Lys D'Eau,ECOLE LES LYS D EAU,1,PS_liste_01,6,1.02,0.85,Ecole primaire Les Lys d'Eau,,ENSEIGNEMENT ET FORMATION,Enseignement du premier degré,Ecole primaire,165.49748641875,-21.5730483252455,etablissements_publics_nc,125,301,Bourail village
provinciales_2019,,PS,Province Sud,988,98803,Bourail,BOURAIL,0004,841,600,241,587,7,6,Ecole Les Lys D'Eau,ECOLE LES LYS D EAU,2,PS_liste_02,38,6.47,0.85,Ecole primaire Les Lys d'Eau,,ENSEIGNEMENT ET FORMATION,Enseignement du premier degré,Ecole primaire,165.49748641875,-21.5730483252455,etablissements_publics_nc,125,301,Bourail village
provinciales_2019,,PS,Province Sud,988,98803,Bourail,BOURAIL,0004,841,600,241,587,7,6,Ecole Les Lys D'Eau,ECOLE LES LYS D EAU,3,PS_liste_03,273,46.51,0.85,Ecole primaire Les Lys d'Eau,,ENSEIGNEMENT ET FORMATION,Enseignement du premier degré,Ecole primaire,165.49748641875,-21.5730483252455,etablissements_publics_nc,125,301,Bourail village
provinciales_2019,,PS,Province Sud,988,98803,Bourail,BOURAIL,0004,841,600,241,587,7,6,Ecole Les Lys D'Eau,ECOLE LES LYS D EAU,4,PS_liste_04,3,0.51,0.85,Ecole primaire Les Lys d'Eau,,ENSEIGNEMENT ET FORMATION,Enseignement du premier degré,Ecole primaire,165.49748641875,-21.5730483252455,etablissements_publics_nc,125,301,Bourail village
provinciales_2019,,PS,Province Sud,988,98803,Bourail,BOURAIL,0004,841,600,241,587,7,6,Ecole Les Lys D'Eau,ECOLE LES LYS D EAU,5,PS_liste_05,2,0.34,0.85,Ecole primaire Les Lys d'Eau,,ENSEIGNEMENT ET FORMATION,Enseignement du premier degré,Ecole primaire,165.49748641875,-21.5730483252455,etablissements_publics_nc,125,301,Bourail village
provinciales_2019,,PS,Province Sud,988,98803,Bourail,BOURAIL,0004,841,600,241,587,7,6,Ecole Les Lys D'Eau,ECOLE LES LYS D EAU,6,PS_liste_06,5,0.85,0.85,Ecole primaire Les Lys d'Eau,,ENSEIGNEMENT ET FORMATION,Enseignement du premier degré,Ecole primaire,165.49748641875,-21.5730483252455,etablissements_publics_nc,125,301,Bourail village
provinciales_2019,,PS,Province Sud,988,98803,Bourail,BOURAIL,0004,841,600,241,587,7,6,Ecole Les Lys D'Eau,ECOLE LES LYS D EAU,7,PS_liste_07,54,9.2,0.85,Ecole primaire Les Lys d'Eau,,ENSEIGNEMENT ET FORMATION,Enseignement du premier degré,Ecole primaire,165.49748641875,-21.5730483252455,etablissements_publics_nc,125,301,Bourail village
provinciales_2019,,PS,Province Sud,988,98803,Bourail,BOURAIL,0004,841,600,241,587,7,6,Ecole Les Lys D'Eau,ECOLE LES LYS D EAU,8,PS_liste_08,20,3.41,0.85,Ecole primaire Les Lys d'Eau,,ENSEIGNEMENT ET FORMATION,Enseignement du premier degré,Ecole primaire,165.49748641875,-21.5730483252455,etablissements_publics_nc,125,301,Bourail village
provinciales_2019,,PS,Province Sud,988,98803,Bourail,BOURAIL,0004,841,600,241,587,7,6,Ecole Les Lys D'Eau,ECOLE LES LYS D EAU,9,PS_liste_09,25,4.26,0.85,Ecole primaire Les Lys d'Eau,,ENSEIGNEMENT ET FORMATION,Enseignement du premier degré,Ecole primaire,165.49748641875,-21.5730483252455,etablissements_publics_nc,125,301,Bourail village
provinciales_2019,,PS,Province Sud,988,98803,Bourail,BOURAIL,0004,841,600,241,587,7,6,Ecole Les Lys D'Eau,ECOLE LES LYS D EAU,10,PS_liste_10,41,6.98,0.85,Ecole primaire Les Lys d'Eau,,ENSEIGNEMENT ET FORMATION,Enseignement du premier degré,Ecole primaire,165.49748641875,-21.5730483252455,etablissements_publics_nc,125,301,Bourail village
provinciales_2019,,PS,Province Sud,988,98803,Bourail,BOURAIL,0004,841,600,241,587,7,6,Ecole Les Lys D'Eau,ECOLE LES LYS D EAU,11,PS_liste_11,120,20.44,0.85,Ecole primaire Les Lys d'Eau,,ENSEIGNEMENT ET FORMATION,Enseignement du premier degré,Ecole primaire,165.49748641875,-21.5730483252455,etablissements_publics_nc,125,301,Bourail village
provinciales_2019,,PS,Province Sud,988,98803,Bourail,BOURAIL,0005,849,586,263,562,16,8,Ecole Louise Michel,ECOLE LOUISE MICHEL,1,PS_liste_01,10,1.78,0.859,Ecole primaire Louise Michel,,ENSEIGNEMENT ET FORMATION,Enseignement du premier degré,Ecole primaire,165.497379452405,-21.57045570157,etablissements_publics_nc,125,301,Bourail village
provinciales_2019,,PS,Province Sud,988,98803,Bourail,BOURAIL,0005,849,586,263,562,16,8,Ecole Louise Michel,ECOLE LOUISE MICHEL,2,PS_liste_02,14,2.49,0.859,Ecole primaire Louise Michel,,ENSEIGNEMENT ET FORMATION,Enseignement du premier degré,Ecole primaire,165.497379452405,-21.57045570157,etablissements_publics_nc,125,301,Bourail village
provinciales_2019,,PS,Province Sud,988,98803,Bourail,BOURAIL,0005,849,586,263,562,16,8,Ecole Louise Michel,ECOLE LOUISE MICHEL,3,PS_liste_03,242,43.06,0.859,Ecole primaire Louise Michel,,ENSEIGNEMENT ET FORMATION,Enseignement du premier degré,Ecole primaire,165.497379452405,-21.57045570157,etablissements_publics_nc,125,301,Bourail village
provinciales_2019,,PS,Province Sud,988,98803,Bourail,BOURAIL,0005,849,586,263,562,16,8,Ecole Louise Michel,ECOLE LOUISE MICHEL,4,PS_liste_04,3,0.53,0.859,Ecole primaire Louise Michel,,ENSEIGNEMENT ET FORMATION,Enseignement du premier degré,Ecole primaire,165.497379452405,-21.57045570157,etablissements_publics_nc,125,301,Bourail village
provinciales_2019,,PS,Province Sud,988,98803,Bourail,BOURAIL,0005,849,586,263,562,16,8,Ecole Louise Michel,ECOLE LOUISE MICHEL,5,PS_liste_05,10,1.78,0.859,Ecole primaire Louise Michel,,ENSEIGNEMENT ET FORMATION,Enseignement du premier degré,Ecole primaire,165.497379452405,-21.57045570157,etablissements_publics_nc,125,301,Bourail village
provinciales_2019,,PS,Province Sud,988,98803,Bourail,BOURAIL,0005,849,586,263,562,16,8,Ecole Louise Michel,ECOLE LOUISE MICHEL,6,PS_liste_06,10,1.78,0.859,Ecole primaire Louise Michel,,ENSEIGNEMENT ET FORMATION,Enseignement du premier degré,Ecole primaire,165.497379452405,-21.57045570157,etablissements_publics_nc,125,301,Bourail village
provinciales_2019,,PS,Province Sud,988,98803,Bourail,BOURAIL,0005,849,586,263,562,16,8,Ecole Louise Michel,ECOLE LOUISE MICHEL,7,PS_liste_07,85,15.12,0.859,Ecole primaire Louise Michel,,ENSEIGNEMENT ET FORMATION,Enseignement du premier degré,Ecole primaire,165.497379452405,-21.57045570157,etablissements_publics_nc,125,301,Bourail village
provinciales_2019,,PS,Province Sud,988,98803,Bourail,BOURAIL,0005,849,586,263,562,16,8,Ecole Louise Michel,ECOLE LOUISE MICHEL,8,PS_liste_08,16,2.85,0.859,Ecole primaire Louise Michel,,ENSEIGNEMENT ET FORMATION,Enseignement du premier degré,Ecole primaire,165.497379452405,-21.57045570157,etablissements_publics_nc,125,301,Bourail village
provinciales_2019,,PS,Province Sud,988,98803,Bourail,BOURAIL,0005,849,586,263,562,16,8,Ecole Louise Michel,ECOLE LOUISE MICHEL,9,PS_liste_09,10,1.78,0.859,Ecole primaire Louise Michel,,ENSEIGNEMENT ET FORMATION,Enseignement du premier degré,Ecole primaire,165.497379452405,-21.57045570157,etablissements_publics_nc,125,301,Bourail village
provinciales_2019,,PS,Province Sud,988,98803,Bourail,BOURAIL,0005,849,586,263,562,16,8,Ecole Louise Michel,ECOLE LOUISE MICHEL,10,PS_liste_10,12,2.14,0.859,Ecole primaire Louise Michel,,ENSEIGNEMENT ET FORMATION,Enseignement du premier degré,Ecole primaire,165.497379452405,-21.57045570157,etablissements_publics_nc,125,301,Bourail village
provinciales_2019,,PS,Province Sud,988,98803,Bourail,BOURAIL,0005,849,586,263,562,16,8,Ecole Louise Michel,ECOLE LOUISE MICHEL,11,PS_liste_11,150,26.69,0.859,Ecole primaire Louise Michel,,ENSEIGNEMENT ET FORMATION,Enseignement du premier degré,Ecole primaire,165.497379452405,-21.57045570157,etablissements_publics_nc,125,301,Bourail village
provinciales_2019,,PS,Province Sud,988,98805,Dumbéa,DUMBEA,0001,805,583,222,574,4,5,Hôtel de Ville 1,HOTEL DE VILLE 1,1,PS_liste_01,5,0.87,0.93,Mairie du Nord de Dumbéa,777 ROUTE TERRITORIALE N°1,ADMINISTRATION ET ORGANISME,Administrations des collectivités,Administration de la commune de Dumbéa,166.457501065839,-22.1675460417822,etablissements_publics_nc,149,512,Plaine de Koé
provinciales_2019,,PS,Province Sud,988,98805,Dumbéa,DUMBEA,0001,805,583,222,574,4,5,Hôtel de Ville 1,HOTEL DE VILLE 1,2,PS_liste_02,41,7.14,0.93,Mairie du Nord de Dumbéa,777 ROUTE TERRITORIALE N°1,ADMINISTRATION ET ORGANISME,Administrations des collectivités,Administration de la commune de Dumbéa,166.457501065839,-22.1675460417822,etablissements_publics_nc,149,512,Plaine de Koé
provinciales_2019,,PS,Province Sud,988,98805,Dumbéa,DUMBEA,0001,805,583,222,574,4,5,Hôtel de Ville 1,HOTEL DE VILLE 1,3,PS_liste_03,353,61.5,0.93,Mairie du Nord de Dumbéa,777 ROUTE TERRITORIALE N°1,ADMINISTRATION ET ORGANISME,Administrations des collectivités,Administration de la commune de Dumbéa,166.457501065839,-22.1675460417822,etablissements_publics_nc,149,512,Plaine de Koé
provinciales_2019,,PS,Province Sud,988,98805,Dumbéa,DUMBEA,0001,805,583,222,574,4,5,Hôtel de Ville 1,HOTEL DE VILLE 1,4,PS_liste_04,2,0.35,0.93,Mairie du Nord de Dumbéa,777 ROUTE TERRITORIALE N°1,ADMINISTRATION ET ORGANISME,Administrations des collectivités,Administration de la commune de Dumbéa,166.457501065839,-22.1675460417822,etablissements_publics_nc,149,512,Plaine de Koé
provinciales_2019,,PS,Province Sud,988,98805,Dumbéa,DUMBEA,0001,805,583,222,574,4,5,Hôtel de Ville 1,HOTEL DE VILLE 1,5,PS_liste_05,5,0.87,0.93,Mairie du Nord de Dumbéa,777 ROUTE TERRITORIALE N°1,ADMINISTRATION ET ORGANISME,Administrations des collectivités,Administration de la commune de Dumbéa,166.457501065839,-22.1675460417822,etablissements_publics_nc,149,512,Plaine de Koé
provinciales_2019,,PS,Province Sud,988,98805,Dumbéa,DUMBEA,0001,805,583,222,574,4,5,Hôtel de Ville 1,HOTEL DE VILLE 1,6,PS_liste_06,10,1.74,0.93,Mairie du Nord de Dumbéa,777 ROUTE TERRITORIALE N°1,ADMINISTRATION ET ORGANISME,Administrations des collectivités,Administration de la commune de Dumbéa,166.457501065839,-22.1675460417822,etablissements_publics_nc,149,512,Plaine de Koé
provinciales_2019,,PS,Province Sud,988,98805,Dumbéa,DUMBEA,0001,805,583,222,574,4,5,Hôtel de Ville 1,HOTEL DE VILLE 1,7,PS_liste_07,21,3.66,0.93,Mairie du Nord de Dumbéa,777 ROUTE TERRITORIALE N°1,ADMINISTRATION ET ORGANISME,Administrations des collectivités,Administration de la commune de Dumbéa,166.457501065839,-22.1675460417822,etablissements_publics_nc,149,512,Plaine de Koé
provinciales_2019,,PS,Province Sud,988,98805,Dumbéa,DUMBEA,0001,805,583,222,574,4,5,Hôtel de Ville 1,HOTEL DE VILLE 1,8,PS_liste_08,12,2.09,0.93,Mairie du Nord de Dumbéa,777 ROUTE TERRITORIALE N°1,ADMINISTRATION ET ORGANISME,Administrations des collectivités,Administration de la commune de Dumbéa,166.457501065839,-22.1675460417822,etablissements_publics_nc,149,512,Plaine de Koé
provinciales_2019,,PS,Province Sud,988,98805,Dumbéa,DUMBEA,0001,805,583,222,574,4,5,Hôtel de Ville 1,HOTEL DE VILLE 1,9,PS_liste_09,12,2.09,0.93,Mairie du Nord de Dumbéa,777 ROUTE TERRITORIALE N°1,ADMINISTRATION ET ORGANISME,Administrations des collectivités,Administration de la commune de Dumbéa,166.457501065839,-22.1675460417822,etablissements_publics_nc,149,512,Plaine de Koé
provinciales_2019,,PS,Province Sud,988,98805,Dumbéa,DUMBEA,0001,805,583,222,574,4,5,Hôtel de Ville 1,HOTEL DE VILLE 1,10,PS_liste_10,3,0.52,0.93,Mairie du Nord de Dumbéa,777 ROUTE TERRITORIALE N°1,ADMINISTRATION ET ORGANISME,Administrations des collectivités,Administration de la commune de Dumbéa,166.457501065839,-22.1675460417822,etablissements_publics_nc,149,512,Plaine de Koé
provinciales_2019,,PS,Province Sud,988,98805,Dumbéa,DUMBEA,0001,805,583,222,574,4,5,Hôtel de Ville 1,HOTEL DE VILLE 1,11,PS_liste_11,110,19.16,0.93,Mairie du Nord de Dumbéa,777 ROUTE TERRITORIALE N°1,ADMINISTRATION ET ORGANISME,Administrations des collectivités,Administration de la commune de Dumbéa,166.457501065839,-22.1675460417822,etablissements_publics_nc,149,512,Plaine de Koé
provinciales_2019,,PS,Province Sud,988,98805,Dumbéa,DUMBEA,0002,646,424,222,412,5,7,Hôtel de Ville 2,HOTEL DE VILLE 2,1,PS_liste_01,2,0.49,0.93,Mairie du Nord de Dumbéa,777 ROUTE TERRITORIALE N°1,ADMINISTRATION ET ORGANISME,Administrations des collectivités,Administration de la commune de Dumbéa,166.457501065839,-22.1675460417822,etablissements_publics_nc,149,512,Plaine de Koé
provinciales_2019,,PS,Province Sud,988,98805,Dumbéa,DUMBEA,0002,646,424,222,412,5,7,Hôtel de Ville 2,HOTEL DE VILLE 2,2,PS_liste_02,17,4.13,0.93,Mairie du Nord de Dumbéa,777 ROUTE TERRITORIALE N°1,ADMINISTRATION ET ORGANISME,Administrations des collectivités,Administration de la commune de Dumbéa,166.457501065839,-22.1675460417822,etablissements_publics_nc,149,512,Plaine de Koé
provinciales_2019,,PS,Province Sud,988,98805,Dumbéa,DUMBEA,0002,646,424,222,412,5,7,Hôtel de Ville 2,HOTEL DE VILLE 2,3,PS_liste_03,94,22.82,0.93,Mairie du Nord de Dumbéa,777 ROUTE TERRITORIALE N°1,ADMINISTRATION ET ORGANISME,Administrations des collectivités,Administration de la commune de Dumbéa,166.457501065839,-22.1675460417822,etablissements_publics_nc,149,512,Plaine de Koé
provinciales_2019,,PS,Province Sud,988,98805,Dumbéa,DUMBEA,0002,646,424,222,412,5,7,Hôtel de Ville 2,HOTEL DE VILLE 2,4,PS_liste_04,15,3.64,0.93,Mairie du Nord de Dumbéa,777 ROUTE TERRITORIALE N°1,ADMINISTRATION ET ORGANISME,Administrations des collectivités,Administration de la commune de Dumbéa,166.457501065839,-22.1675460417822,etablissements_publics_nc,149,512,Plaine de Koé
provinciales_2019,,PS,Province Sud,988,98805,Dumbéa,DUMBEA,0002,646,424,222,412,5,7,Hôtel de Ville 2,HOTEL DE VILLE 2,5,PS_liste_05,6,1.46,0.93,Mairie du Nord de Dumbéa,777 ROUTE TERRITORIALE N°1,ADMINISTRATION ET ORGANISME,Administrations des collectivités,Administration de la commune de Dumbéa,166.457501065839,-22.1675460417822,etablissements_publics_nc,149,512,Plaine de Koé
provinciales_2019,,PS,Province Sud,988,98805,Dumbéa,DUMBEA,0002,646,424,222,412,5,7,Hôtel de Ville 2,HOTEL DE VILLE 2,6,PS_liste_06,89,21.6,0.93,Mairie du Nord de Dumbéa,777 ROUTE TERRITORIALE N°1,ADMINISTRATION ET ORGANISME,Administrations des collectivités,Administration de la commune de Dumbéa,166.457501065839,-22.1675460417822,etablissements_publics_nc,149,512,Plaine de Koé
provinciales_2019,,PS,Province Sud,988,98805,Dumbéa,DUMBEA,0002,646,424,222,412,5,7,Hôtel de Ville 2,HOTEL DE VILLE 2,7,PS_liste_07,68,16.5,0.93,Mairie du Nord de Dumbéa,777 ROUTE TERRITORIALE N°1,ADMINISTRATION ET ORGANISME,Administrations des collectivités,Administration de la commune de Dumbéa,166.457501065839,-22.1675460417822,etablissements_publics_nc,149,512,Plaine de Koé
provinciales_2019,,PS,Province Sud,988,98805,Dumbéa,DUMBEA,0002,646,424,222,412,5,7,Hôtel de Ville 2,HOTEL DE VILLE 2,8,PS_liste_08,13,3.16,0.93,Mairie du Nord de Dumbéa,777 ROUTE TERRITORIALE N°1,ADMINISTRATION ET ORGANISME,Administrations des collectivités,Administration de la commune de Dumbéa,166.457501065839,-22.1675460417822,etablissements_publics_nc,149,512,Plaine de Koé
provinciales_2019,,PS,Province Sud,988,98805,Dumbéa,DUMBEA,0002,646,424,222,412,5,7,Hôtel de Ville 2,HOTEL DE VILLE 2,9,PS_liste_09,11,2.67,0.93,Mairie du Nord de Dumbéa,777 ROUTE TERRITORIALE N°1,ADMINISTRATION ET ORGANISME,Administrations des collectivités,Administration de la commune de Dumbéa,166.457501065839,-22.1675460417822,etablissements_publics_nc,149,512,Plaine de Koé
provinciales_2019,,PS,Province Sud,988,98805,Dumbéa,DUMBEA,0002,646,424,222,412,5,7,Hôtel de Ville 2,HOTEL DE VILLE 2,10,PS_liste_10,17,4.13,0.93,Mairie du Nord de Dumbéa,777 ROUTE TERRITORIALE N°1,ADMINISTRATION ET ORGANISME,Administrations des collectivités,Administration de la commune de Dumbéa,166.457501065839,-22.1675460417822,etablissements_publics_nc,149,512,Plaine de Koé
provinciales_2019,,PS,Province Sud,988,98805,Dumbéa,DUMBEA,0002,646,424,222,412,5,7,Hôtel de Ville 2,HOTEL DE VILLE 2,11,PS_liste_11,80,19.42,0.93,Mairie du Nord de Dumbéa,777 ROUTE TERRITORIALE N°1,ADMINISTRATION ET ORGANISME,Administrations des collectivités,Administration de la commune de Dumbéa,166.457501065839,-22.1675460417822,etablissements_publics_nc,149,512,Plaine de Koé
provinciales_2019,,PS,Province Sud,988,98805,Dumbéa,DUMBEA,0003,692,462,230,443,10,9,Hôtel de Ville 3,HOTEL DE VILLE 3,1,PS_liste_01,2,0.45,0.93,Mairie du Nord de Dumbéa,777 ROUTE TERRITORIALE N°1,ADMINISTRATION ET ORGANISME,Administrations des collectivités,Administration de la commune de Dumbéa,166.457501065839,-22.1675460417822,etablissements_publics_nc,149,512,Plaine de Koé
provinciales_2019,,PS,Province Sud,988,98805,Dumbéa,DUMBEA,0003,692,462,230,443,10,9,Hôtel de Ville 3,HOTEL DE VILLE 3,2,PS_liste_02,12,2.71,0.93,Mairie du Nord de Dumbéa,777 ROUTE TERRITORIALE N°1,ADMINISTRATION ET ORGANISME,Administrations des collectivités,Administration de la commune de Dumbéa,166.457501065839,-22.1675460417822,etablissements_publics_nc,149,512,Plaine de Koé
provinciales_2019,,PS,Province Sud,988,98805,Dumbéa,DUMBEA,0003,692,462,230,443,10,9,Hôtel de Ville 3,HOTEL DE VILLE 3,3,PS_liste_03,116,26.19,0.93,Mairie du Nord de Dumbéa,777 ROUTE TERRITORIALE N°1,ADMINISTRATION ET ORGANISME,Administrations des collectivités,Administration de la commune de Dumbéa,166.457501065839,-22.1675460417822,etablissements_publics_nc,149,512,Plaine de Koé
provinciales_2019,,PS,Province Sud,988,98805,Dumbéa,DUMBEA,0003,692,462,230,443,10,9,Hôtel de Ville 3,HOTEL DE VILLE 3,4,PS_liste_04,9,2.03,0.93,Mairie du Nord de Dumbéa,777 ROUTE TERRITORIALE N°1,ADMINISTRATION ET ORGANISME,Administrations des collectivités,Administration de la commune de Dumbéa,166.457501065839,-22.1675460417822,etablissements_publics_nc,149,512,Plaine de Koé
provinciales_2019,,PS,Province Sud,988,98805,Dumbéa,DUMBEA,0003,692,462,230,443,10,9,Hôtel de Ville 3,HOTEL DE VILLE 3,5,PS_liste_05,11,2.48,0.93,Mairie du Nord de Dumbéa,777 ROUTE TERRITORIALE N°1,ADMINISTRATION ET ORGANISME,Administrations des collectivités,Administration de la commune de Dumbéa,166.457501065839,-22.1675460417822,etablissements_publics_nc,149,512,Plaine de Koé
provinciales_2019,,PS,Province Sud,988,98805,Dumbéa,DUMBEA,0003,692,462,230,443,10,9,Hôtel de Ville 3,HOTEL DE VILLE 3,6,PS_liste_06,81,18.28,0.93,Mairie du Nord de Dumbéa,777 ROUTE TERRITORIALE N°1,ADMINISTRATION ET ORGANISME,Administrations des collectivités,Administration de la commune de Dumbéa,166.457501065839,-22.1675460417822,etablissements_publics_nc,149,512,Plaine de Koé
provinciales_2019,,PS,Province Sud,988,98805,Dumbéa,DUMBEA,0003,692,462,230,443,10,9,Hôtel de Ville 3,HOTEL DE VILLE 3,7,PS_liste_07,91,20.54,0.93,Mairie du Nord de Dumbéa,777 ROUTE TERRITORIALE N°1,ADMINISTRATION ET ORGANISME,Administrations des collectivités,Administration de la commune de Dumbéa,166.457501065839,-22.1675460417822,etablissements_publics_nc,149,512,Plaine de Koé
provinciales_2019,,PS,Province Sud,988,98805,Dumbéa,DUMBEA,0003,692,462,230,443,10,9,Hôtel de Ville 3,HOTEL DE VILLE 3,8,PS_liste_08,8,1.81,0.93,Mairie du Nord de Dumbéa,777 ROUTE TERRITORIALE N°1,ADMINISTRATION ET ORGANISME,Administrations des collectivités,Administration de la commune de Dumbéa,166.457501065839,-22.1675460417822,etablissements_publics_nc,149,512,Plaine de Koé
provinciales_2019,,PS,Province Sud,988,98805,Dumbéa,DUMBEA,0003,692,462,230,443,10,9,Hôtel de Ville 3,HOTEL DE VILLE 3,9,PS_liste_09,12,2.71,0.93,Mairie du Nord de Dumbéa,777 ROUTE TERRITORIALE N°1,ADMINISTRATION ET ORGANISME,Administrations des collectivités,Administration de la commune de Dumbéa,166.457501065839,-22.1675460417822,etablissements_publics_nc,149,512,Plaine de Koé
provinciales_2019,,PS,Province Sud,988,98805,Dumbéa,DUMBEA,0003,692,462,230,443,10,9,Hôtel de Ville 3,HOTEL DE VILLE 3,10,PS_liste_10,13,2.93,0.93,Mairie du Nord de Dumbéa,777 ROUTE TERRITORIALE N°1,ADMINISTRATION ET ORGANISME,Administrations des collectivités,Administration de la commune de Dumbéa,166.457501065839,-22.1675460417822,etablissements_publics_nc,149,512,Plaine de Koé
provinciales_2019,,PS,Province Sud,988,98805,Dumbéa,DUMBEA,0003,692,462,230,443,10,9,Hôtel de Ville 3,HOTEL DE VILLE 3,11,PS_liste_11,88,19.86,0.93,Mairie du Nord de Dumbéa,777 ROUTE TERRITORIALE N°1,ADMINISTRATION ET ORGANISME,Administrations des collectivités,Administration de la commune de Dumbéa,166.457501065839,-22.1675460417822,etablissements_publics_nc,149,512,Plaine de Koé
provinciales_2019,,PS,Province Sud,988,98805,Dumbéa,DUMBEA,0004,734,484,250,468,15,1,Ecole primaire Mainguet 1,ECOLE PRIMAIRE MAINGUET 1,1,PS_liste_01,17,3.63,0.952,Ecole primaire Jack Mainguet,73 RUE JEAN FRANCOIS LAPEROUSE,ENSEIGNEMENT ET FORMATION,Enseignement du premier degré,Ecole primaire,166.474584305922,-22.2148395317313,etablissements_publics_nc,138,501,Coeur de ville urbain
provinciales_2019,,PS,Province Sud,988,98805,Dumbéa,DUMBEA,0004,734,484,250,468,15,1,Ecole primaire Mainguet 1,ECOLE PRIMAIRE MAINGUET 1,2,PS_liste_02,10,2.14,0.952,Ecole primaire Jack Mainguet,73 RUE JEAN FRANCOIS LAPEROUSE,ENSEIGNEMENT ET FORMATION,Enseignement du premier degré,Ecole primaire,166.474584305922,-22.2148395317313,etablissements_publics_nc,138,501,Coeur de ville urbain
provinciales_2019,,PS,Province Sud,988,98805,Dumbéa,DUMBEA,0004,734,484,250,468,15,1,Ecole primaire Mainguet 1,ECOLE PRIMAIRE MAINGUET 1,3,PS_liste_03,142,30.34,0.952,Ecole primaire Jack Mainguet,73 RUE JEAN FRANCOIS LAPEROUSE,ENSEIGNEMENT ET FORMATION,Enseignement du premier degré,Ecole primaire,166.474584305922,-22.2148395317313,etablissements_publics_nc,138,501,Coeur de ville urbain
provinciales_2019,,PS,Province Sud,988,98805,Dumbéa,DUMBEA,0004,734,484,250,468,15,1,Ecole primaire Mainguet 1,ECOLE PRIMAIRE MAINGUET 1,4,PS_liste_04,8,1.71,0.952,Ecole primaire Jack Mainguet,73 RUE JEAN FRANCOIS LAPEROUSE,ENSEIGNEMENT ET FORMATION,Enseignement du premier degré,Ecole primaire,166.474584305922,-22.2148395317313,etablissements_publics_nc,138,501,Coeur de ville urbain
provinciales_2019,,PS,Province Sud,988,98805,Dumbéa,DUMBEA,0004,734,484,250,468,15,1,Ecole primaire Mainguet 1,ECOLE PRIMAIRE MAINGUET 1,5,PS_liste_05,3,0.64,0.952,Ecole primaire Jack Mainguet,73 RUE JEAN FRANCOIS LAPEROUSE,ENSEIGNEMENT ET FORMATION,Enseignement du premier degré,Ecole primaire,166.474584305922,-22.2148395317313,etablissements_publics_nc,138,501,Coeur de ville urbain
provinciales_2019,,PS,Province Sud,988,98805,Dumbéa,DUMBEA,0004,734,484,250,468,15,1,Ecole primaire Mainguet 1,ECOLE PRIMAIRE MAINGUET 1,6,PS_liste_06,62,13.25,0.952,Ecole primaire Jack Mainguet,73 RUE JEAN FRANCOIS LAPEROUSE,ENSEIGNEMENT ET FORMATION,Enseignement du premier degré,Ecole primaire,166.474584305922,-22.2148395317313,etablissements_publics_nc,138,501,Coeur de ville urbain
provinciales_2019,,PS,Province Sud,988,98805,Dumbéa,DUMBEA,0004,734,484,250,468,15,1,Ecole primaire Mainguet 1,ECOLE PRIMAIRE MAINGUET 1,7,PS_liste_07,86,18.38,0.952,Ecole primaire Jack Mainguet,73 RUE JEAN FRANCOIS LAPEROUSE,ENSEIGNEMENT ET FORMATION,Enseignement du premier degré,Ecole primaire,166.474584305922,-22.2148395317313,etablissements_publics_nc,138,501,Coeur de ville urbain
provinciales_2019,,PS,Province Sud,988,98805,Dumbéa,DUMBEA,0004,734,484,250,468,15,1,Ecole primaire Mainguet 1,ECOLE PRIMAIRE MAINGUET 1,8,PS_liste_08,14,2.99,0.952,Ecole primaire Jack Mainguet,73 RUE JEAN FRANCOIS LAPEROUSE,ENSEIGNEMENT ET FORMATION,Enseignement du premier degré,Ecole primaire,166.474584305922,-22.2148395317313,etablissements_publics_nc,138,501,Coeur de ville urbain
provinciales_2019,,PS,Province Sud,988,98805,Dumbéa,DUMBEA,0004,734,484,250,468,15,1,Ecole primaire Mainguet 1,ECOLE PRIMAIRE MAINGUET 1,9,PS_liste_09,21,4.49,0.952,Ecole primaire Jack Mainguet,73 RUE JEAN FRANCOIS LAPEROUSE,ENSEIGNEMENT ET FORMATION,Enseignement du premier degré,Ecole primaire,166.474584305922,-22.2148395317313,etablissements_publics_nc,138,501,Coeur de ville urbain
provinciales_2019,,PS,Province Sud,988,98805,Dumbéa,DUMBEA,0004,734,484,250,468,15,1,Ecole primaire Mainguet 1,ECOLE PRIMAIRE MAINGUET 1,10,PS_liste_10,9,1.92,0.952,Ecole primaire Jack Mainguet,73 RUE JEAN FRANCOIS LAPEROUSE,ENSEIGNEMENT ET FORMATION,Enseignement du premier degré,Ecole primaire,166.474584305922,-22.2148395317313,etablissements_publics_nc,138,501,Coeur de ville urbain
provinciales_2019,,PS,Province Sud,988,98805,Dumbéa,DUMBEA,0004,734,484,250,468,15,1,Ecole primaire Mainguet 1,ECOLE PRIMAIRE MAINGUET 1,11,PS_liste_11,96,20.51,0.952,Ecole primaire Jack Mainguet,73 RUE JEAN FRANCOIS LAPEROUSE,ENSEIGNEMENT ET FORMATION,Enseignement du premier degré,Ecole primaire,166.474584305922,-22.2148395317313,etablissements_publics_nc,138,501,Coeur de ville urbain
provinciales_2019,,PS,Province Sud,988,98805,Dumbéa,DUMBEA,0005,600,353,247,335,11,7,Ecole primaire Mainguet 2,ECOLE PRIMAIRE MAINGUET 2,1,PS_liste_01,4,1.19,0.952,Ecole primaire Jack Mainguet,73 RUE JEAN FRANCOIS LAPEROUSE,ENSEIGNEMENT ET FORMATION,Enseignement du premier degré,Ecole primaire,166.474584305922,-22.2148395317313,etablissements_publics_nc,138,501,Coeur de ville urbain
provinciales_2019,,PS,Province Sud,988,98805,Dumbéa,DUMBEA,0005,600,353,247,335,11,7,Ecole primaire Mainguet 2,ECOLE PRIMAIRE MAINGUET 2,2,PS_liste_02,12,3.58,0.952,Ecole primaire Jack Mainguet,73 RUE JEAN FRANCOIS LAPEROUSE,ENSEIGNEMENT ET FORMATION,Enseignement du premier degré,Ecole primaire,166.474584305922,-22.2148395317313,etablissements_publics_nc,138,501,Coeur de ville urbain
provinciales_2019,,PS,Province Sud,988,98805,Dumbéa,DUMBEA,0005,600,353,247,335,11,7,Ecole primaire Mainguet 2,ECOLE PRIMAIRE MAINGUET 2,3,PS_liste_03,67,20,0.952,Ecole primaire Jack Mainguet,73 RUE JEAN FRANCOIS LAPEROUSE,ENSEIGNEMENT ET FORMATION,Enseignement du premier degré,Ecole primaire,166.474584305922,-22.2148395317313,etablissements_publics_nc,138,501,Coeur de ville urbain
provinciales_2019,,PS,Province Sud,988,98805,Dumbéa,DUMBEA,0005,600,353,247,335,11,7,Ecole primaire Mainguet 2,ECOLE PRIMAIRE MAINGUET 2,4,PS_liste_04,5,1.49,0.952,Ecole primaire Jack Mainguet,73 RUE JEAN FRANCOIS LAPEROUSE,ENSEIGNEMENT ET FORMATION,Enseignement du premier degré,Ecole primaire,166.474584305922,-22.2148395317313,etablissements_publics_nc,138,501,Coeur de ville urbain
provinciales_2019,,PS,Province Sud,988,98805,Dumbéa,DUMBEA,0005,600,353,247,335,11,7,Ecole primaire Mainguet 2,ECOLE PRIMAIRE MAINGUET 2,5,PS_liste_05,5,1.49,0.952,Ecole primaire Jack Mainguet,73 RUE JEAN FRANCOIS LAPEROUSE,ENSEIGNEMENT ET FORMATION,Enseignement du premier degré,Ecole primaire,166.474584305922,-22.2148395317313,etablissements_publics_nc,138,501,Coeur de ville urbain
provinciales_2019,,PS,Province Sud,988,98805,Dumbéa,DUMBEA,0005,600,353,247,335,11,7,Ecole primaire Mainguet 2,ECOLE PRIMAIRE MAINGUET 2,6,PS_liste_06,69,20.6,0.952,Ecole primaire Jack Mainguet,73 RUE JEAN FRANCOIS LAPEROUSE,ENSEIGNEMENT ET FORMATION,Enseignement du premier degré,Ecole primaire,166.474584305922,-22.2148395317313,etablissements_publics_nc,138,501,Coeur de ville urbain
provinciales_2019,,PS,Province Sud,988,98805,Dumbéa,DUMBEA,0005,600,353,247,335,11,7,Ecole primaire Mainguet 2,ECOLE PRIMAIRE MAINGUET 2,7,PS_liste_07,75,22.39,0.952,Ecole primaire Jack Mainguet,73 RUE JEAN FRANCOIS LAPEROUSE,ENSEIGNEMENT ET FORMATION,Enseignement du premier degré,Ecole primaire,166.474584305922,-22.2148395317313,etablissements_publics_nc,138,501,Coeur de ville urbain
provinciales_2019,,PS,Province Sud,988,98805,Dumbéa,DUMBEA,0005,600,353,247,335,11,7,Ecole primaire Mainguet 2,ECOLE PRIMAIRE MAINGUET 2,8,PS_liste_08,8,2.39,0.952,Ecole primaire Jack Mainguet,73 RUE JEAN FRANCOIS LAPEROUSE,ENSEIGNEMENT ET FORMATION,Enseignement du premier degré,Ecole primaire,166.474584305922,-22.2148395317313,etablissements_publics_nc,138,501,Coeur de ville urbain
provinciales_2019,,PS,Province Sud,988,98805,Dumbéa,DUMBEA,0005,600,353,247,335,11,7,Ecole primaire Mainguet 2,ECOLE PRIMAIRE MAINGUET 2,9,PS_liste_09,10,2.99,0.952,Ecole primaire Jack Mainguet,73 RUE JEAN FRANCOIS LAPEROUSE,ENSEIGNEMENT ET FORMATION,Enseignement du premier degré,Ecole primaire,166.474584305922,-22.2148395317313,etablissements_publics_nc,138,501,Coeur de ville urbain
provinciales_2019,,PS,Province Sud,988,98805,Dumbéa,DUMBEA,0005,600,353,247,335,11,7,Ecole primaire Mainguet 2,ECOLE PRIMAIRE MAINGUET 2,10,PS_liste_10,17,5.07,0.952,Ecole primaire Jack Mainguet,73 RUE JEAN FRANCOIS LAPEROUSE,ENSEIGNEMENT ET FORMATION,Enseignement du premier degré,Ecole primaire,166.474584305922,-22.2148395317313,etablissements_publics_nc,138,501,Coeur de ville urbain
provinciales_2019,,PS,Province Sud,988,98805,Dumbéa,DUMBEA,0005,600,353,247,335,11,7,Ecole primaire Mainguet 2,ECOLE PRIMAIRE MAINGUET 2,11,PS_liste_11,63,18.81,0.952,Ecole primaire Jack Mainguet,73 RUE JEAN FRANCOIS LAPEROUSE,ENSEIGNEMENT ET FORMATION,Enseignement du premier degré,Ecole primaire,166.474584305922,-22.2148395317313,etablissements_publics_nc,138,501,Coeur de ville urbain
provinciales_2019,,PS,Province Sud,988,98805,Dumbéa,DUMBEA,0006,741,540,201,519,15,6,Maison de la Jeunesse 1,MAISON DE LA JEUNESSE 1,1,PS_liste_01,0,0,1,Maison de la jeunesse,26 AVENUE D'AUTEUIL,CULTUREL ET SOCIO EDUCATIF,Equipements culturels,Centre culturel maison culturelle et centre d'art,166.474913290828,-22.2056811434969,etablissements_publics_nc,144,507,Jacarandas II
provinciales_2019,,PS,Province Sud,988,98805,Dumbéa,DUMBEA,0006,741,540,201,519,15,6,Maison de la Jeunesse 1,MAISON DE LA JEUNESSE 1,2,PS_liste_02,22,4.24,1,Maison de la jeunesse,26 AVENUE D'AUTEUIL,CULTUREL ET SOCIO EDUCATIF,Equipements culturels,Centre culturel maison culturelle et centre d'art,166.474913290828,-22.2056811434969,etablissements_publics_nc,144,507,Jacarandas II
provinciales_2019,,PS,Province Sud,988,98805,Dumbéa,DUMBEA,0006,741,540,201,519,15,6,Maison de la Jeunesse 1,MAISON DE LA JEUNESSE 1,3,PS_liste_03,195,37.57,1,Maison de la jeunesse,26 AVENUE D'AUTEUIL,CULTUREL ET SOCIO EDUCATIF,Equipements culturels,Centre culturel maison culturelle et centre d'art,166.474913290828,-22.2056811434969,etablissements_publics_nc,144,507,Jacarandas II
provinciales_2019,,PS,Province Sud,988,98805,Dumbéa,DUMBEA,0006,741,540,201,519,15,6,Maison de la Jeunesse 1,MAISON DE LA JEUNESSE 1,4,PS_liste_04,19,3.66,1,Maison de la jeunesse,26 AVENUE D'AUTEUIL,CULTUREL ET SOCIO EDUCATIF,Equipements culturels,Centre culturel maison culturelle et centre d'art,166.474913290828,-22.2056811434969,etablissements_publics_nc,144,507,Jacarandas II
provinciales_2019,,PS,Province Sud,988,98805,Dumbéa,DUMBEA,0006,741,540,201,519,15,6,Maison de la Jeunesse 1,MAISON DE LA JEUNESSE 1,5,PS_liste_05,10,1.93,1,Maison de la jeunesse,26 AVENUE D'AUTEUIL,CULTUREL ET SOCIO EDUCATIF,Equipements culturels,Centre culturel maison culturelle et centre d'art,166.474913290828,-22.2056811434969,etablissements_publics_nc,144,507,Jacarandas II
provinciales_2019,,PS,Province Sud,988,98805,Dumbéa,DUMBEA,0006,741,540,201,519,15,6,Maison de la Jeunesse 1,MAISON DE LA JEUNESSE 1,6,PS_liste_06,71,13.68,1,Maison de la jeunesse,26 AVENUE D'AUTEUIL,CULTUREL ET SOCIO EDUCATIF,Equipements culturels,Centre culturel maison culturelle et centre d'art,166.474913290828,-22.2056811434969,etablissements_publics_nc,144,507,Jacarandas II
provinciales_2019,,PS,Province Sud,988,98805,Dumbéa,DUMBEA,0006,741,540,201,519,15,6,Maison de la Jeunesse 1,MAISON DE LA JEUNESSE 1,7,PS_liste_07,55,10.6,1,Maison de la jeunesse,26 AVENUE D'AUTEUIL,CULTUREL ET SOCIO EDUCATIF,Equipements culturels,Centre culturel maison culturelle et centre d'art,166.474913290828,-22.2056811434969,etablissements_publics_nc,144,507,Jacarandas II
provinciales_2019,,PS,Province Sud,988,98805,Dumbéa,DUMBEA,0006,741,540,201,519,15,6,Maison de la Jeunesse 1,MAISON DE LA JEUNESSE 1,8,PS_liste_08,9,1.73,1,Maison de la jeunesse,26 AVENUE D'AUTEUIL,CULTUREL ET SOCIO EDUCATIF,Equipements culturels,Centre culturel maison culturelle et centre d'art,166.474913290828,-22.2056811434969,etablissements_publics_nc,144,507,Jacarandas II
provinciales_2019,,PS,Province Sud,988,98805,Dumbéa,DUMBEA,0006,741,540,201,519,15,6,Maison de la Jeunesse 1,MAISON DE LA JEUNESSE 1,9,PS_liste_09,4,0.77,1,Maison de la jeunesse,26 AVENUE D'AUTEUIL,CULTUREL ET SOCIO EDUCATIF,Equipements culturels,Centre culturel maison culturelle et centre d'art,166.474913290828,-22.2056811434969,etablissements_publics_nc,144,507,Jacarandas II
provinciales_2019,,PS,Province Sud,988,98805,Dumbéa,DUMBEA,0006,741,540,201,519,15,6,Maison de la Jeunesse 1,MAISON DE LA JEUNESSE 1,10,PS_liste_10,9,1.73,1,Maison de la jeunesse,26 AVENUE D'AUTEUIL,CULTUREL ET SOCIO EDUCATIF,Equipements culturels,Centre culturel maison culturelle et centre d'art,166.474913290828,-22.2056811434969,etablissements_publics_nc,144,507,Jacarandas II
provinciales_2019,,PS,Province Sud,988,98805,Dumbéa,DUMBEA,0006,741,540,201,519,15,6,Maison de la Jeunesse 1,MAISON DE LA JEUNESSE 1,11,PS_liste_11,125,24.08,1,Maison de la jeunesse,26 AVENUE D'AUTEUIL,CULTUREL ET SOCIO EDUCATIF,Equipements culturels,Centre culturel maison culturelle et centre d'art,166.474913290828,-22.2056811434969,etablissements_publics_nc,144,507,Jacarandas II
provinciales_2019,,PS,Province Sud,988,98805,Dumbéa,DUMBEA,0007,709,492,217,479,9,4,Maison de la Jeunesse 2,MAISON DE LA JEUNESSE 2,1,PS_liste_01,2,0.42,1,Maison de la jeunesse,26 AVENUE D'AUTEUIL,CULTUREL ET SOCIO EDUCATIF,Equipements culturels,Centre culturel maison culturelle et centre d'art,166.474913290828,-22.2056811434969,etablissements_publics_nc,144,507,Jacarandas II
provinciales_2019,,PS,Province Sud,988,98805,Dumbéa,DUMBEA,0007,709,492,217,479,9,4,Maison de la Jeunesse 2,MAISON DE LA JEUNESSE 2,2,PS_liste_02,34,7.1,1,Maison de la jeunesse,26 AVENUE D'AUTEUIL,CULTUREL ET SOCIO EDUCATIF,Equipements culturels,Centre culturel maison culturelle et centre d'art,166.474913290828,-22.2056811434969,etablissements_publics_nc,144,507,Jacarandas II
provinciales_2019,,PS,Province Sud,988,98805,Dumbéa,DUMBEA,0007,709,492,217,479,9,4,Maison de la Jeunesse 2,MAISON DE LA JEUNESSE 2,3,PS_liste_03,206,43.01,1,Maison de la jeunesse,26 AVENUE D'AUTEUIL,CULTUREL ET SOCIO EDUCATIF,Equipements culturels,Centre culturel maison culturelle et centre d'art,166.474913290828,-22.2056811434969,etablissements_publics_nc,144,507,Jacarandas II
provinciales_2019,,PS,Province Sud,988,98805,Dumbéa,DUMBEA,0007,709,492,217,479,9,4,Maison de la Jeunesse 2,MAISON DE LA JEUNESSE 2,4,PS_liste_04,6,1.25,1,Maison de la jeunesse,26 AVENUE D'AUTEUIL,CULTUREL ET SOCIO EDUCATIF,Equipements culturels,Centre culturel maison culturelle et centre d'art,166.474913290828,-22.2056811434969,etablissements_publics_nc,144,507,Jacarandas II
provinciales_2019,,PS,Province Sud,988,98805,Dumbéa,DUMBEA,0007,709,492,217,479,9,4,Maison de la Jeunesse 2,MAISON DE LA JEUNESSE 2,5,PS_liste_05,12,2.51,1,Maison de la jeunesse,26 AVENUE D'AUTEUIL,CULTUREL ET SOCIO EDUCATIF,Equipements culturels,Centre culturel maison culturelle et centre d'art,166.474913290828,-22.2056811434969,etablissements_publics_nc,144,507,Jacarandas II
provinciales_2019,,PS,Province Sud,988,98805,Dumbéa,DUMBEA,0007,709,492,217,479,9,4,Maison de la Jeunesse 2,MAISON DE LA JEUNESSE 2,6,PS_liste_06,34,7.1,1,Maison de la jeunesse,26 AVENUE D'AUTEUIL,CULTUREL ET SOCIO EDUCATIF,Equipements culturels,Centre culturel maison culturelle et centre d'art,166.474913290828,-22.2056811434969,etablissements_publics_nc,144,507,Jacarandas II
provinciales_2019,,PS,Province Sud,988,98805,Dumbéa,DUMBEA,0007,709,492,217,479,9,4,Maison de la Jeunesse 2,MAISON DE LA JEUNESSE 2,7,PS_liste_07,32,6.68,1,Maison de la jeunesse,26 AVENUE D'AUTEUIL,CULTUREL ET SOCIO EDUCATIF,Equipements culturels,Centre culturel maison culturelle et centre d'art,166.474913290828,-22.2056811434969,etablissements_publics_nc,144,507,Jacarandas II
provinciales_2019,,PS,Province Sud,988,98805,Dumbéa,DUMBEA,0007,709,492,217,479,9,4,Maison de la Jeunesse 2,MAISON DE LA JEUNESSE 2,8,PS_liste_08,14,2.92,1,Maison de la jeunesse,26 AVENUE D'AUTEUIL,CULTUREL ET SOCIO EDUCATIF,Equipements culturels,Centre culturel maison culturelle et centre d'art,166.474913290828,-22.2056811434969,etablissements_publics_nc,144,507,Jacarandas II
provinciales_2019,,PS,Province Sud,988,98805,Dumbéa,DUMBEA,0007,709,492,217,479,9,4,Maison de la Jeunesse 2,MAISON DE LA JEUNESSE 2,9,PS_liste_09,16,3.34,1,Maison de la jeunesse,26 AVENUE D'AUTEUIL,CULTUREL ET SOCIO EDUCATIF,Equipements culturels,Centre culturel maison culturelle et centre d'art,166.474913290828,-22.2056811434969,etablissements_publics_nc,144,507,Jacarandas II
provinciales_2019,,PS,Province Sud,988,98805,Dumbéa,DUMBEA,0007,709,492,217,479,9,4,Maison de la Jeunesse 2,MAISON DE LA JEUNESSE 2,10,PS_liste_10,15,3.13,1,Maison de la jeunesse,26 AVENUE D'AUTEUIL,CULTUREL ET SOCIO EDUCATIF,Equipements culturels,Centre culturel maison culturelle et centre d'art,166.474913290828,-22.2056811434969,etablissements_publics_nc,144,507,Jacarandas II
provinciales_2019,,PS,Province Sud,988,98805,Dumbéa,DUMBEA,0007,709,492,217,479,9,4,Maison de la Jeunesse 2,MAISON DE LA JEUNESSE 2,11,PS_liste_11,108,22.55,1,Maison de la jeunesse,26 AVENUE D'AUTEUIL,CULTUREL ET SOCIO EDUCATIF,Equipements culturels,Centre culturel maison culturelle et centre d'art,166.474913290828,-22.2056811434969,etablissements_publics_nc,144,507,Jacarandas II
provinciales_2019,,PS,Province Sud,988,98805,Dumbéa,DUMBEA,0008,761,507,254,494,8,5,Centre Culturel de Dumbéa 1,CENTRE CULTUREL DE DUMBEA 1,1,PS_liste_01,4,0.81,1,Centre culturel de Dumbéa,56 AVENUE D'AUTEUIL,CULTUREL ET SOCIO EDUCATIF,Equipements culturels,Centre culturel maison culturelle et centre d'art,166.474126141924,-22.2081759337081,etablissements_publics_nc,140,503,Koutio Secal
provinciales_2019,,PS,Province Sud,988,98805,Dumbéa,DUMBEA,0008,761,507,254,494,8,5,Centre Culturel de Dumbéa 1,CENTRE CULTUREL DE DUMBEA 1,2,PS_liste_02,11,2.23,1,Centre culturel de Dumbéa,56 AVENUE D'AUTEUIL,CULTUREL ET SOCIO EDUCATIF,Equipements culturels,Centre culturel maison culturelle et centre d'art,166.474126141924,-22.2081759337081,etablissements_publics_nc,140,503,Koutio Secal
provinciales_2019,,PS,Province Sud,988,98805,Dumbéa,DUMBEA,0008,761,507,254,494,8,5,Centre Culturel de Dumbéa 1,CENTRE CULTUREL DE DUMBEA 1,3,PS_liste_03,115,23.28,1,Centre culturel de Dumbéa,56 AVENUE D'AUTEUIL,CULTUREL ET SOCIO EDUCATIF,Equipements culturels,Centre culturel maison culturelle et centre d'art,166.474126141924,-22.2081759337081,etablissements_publics_nc,140,503,Koutio Secal
provinciales_2019,,PS,Province Sud,988,98805,Dumbéa,DUMBEA,0008,761,507,254,494,8,5,Centre Culturel de Dumbéa 1,CENTRE CULTUREL DE DUMBEA 1,4,PS_liste_04,8,1.62,1,Centre culturel de Dumbéa,56 AVENUE D'AUTEUIL,CULTUREL ET SOCIO EDUCATIF,Equipements culturels,Centre culturel maison culturelle et centre d'art,166.474126141924,-22.2081759337081,etablissements_publics_nc,140,503,Koutio Secal
provinciales_2019,,PS,Province Sud,988,98805,Dumbéa,DUMBEA,0008,761,507,254,494,8,5,Centre Culturel de Dumbéa 1,CENTRE CULTUREL DE DUMBEA 1,5,PS_liste_05,5,1.01,1,Centre culturel de Dumbéa,56 AVENUE D'AUTEUIL,CULTUREL ET SOCIO EDUCATIF,Equipements culturels,Centre culturel maison culturelle et centre d'art,166.474126141924,-22.2081759337081,etablissements_publics_nc,140,503,Koutio Secal
provinciales_2019,,PS,Province Sud,988,98805,Dumbéa,DUMBEA,0008,761,507,254,494,8,5,Centre Culturel de Dumbéa 1,CENTRE CULTUREL DE DUMBEA 1,6,PS_liste_06,134,27.13,1,Centre culturel de Dumbéa,56 AVENUE D'AUTEUIL,CULTUREL ET SOCIO EDUCATIF,Equipements culturels,Centre culturel maison culturelle et centre d'art,166.474126141924,-22.2081759337081,etablissements_publics_nc,140,503,Koutio Secal
provinciales_2019,,PS,Province Sud,988,98805,Dumbéa,DUMBEA,0008,761,507,254,494,8,5,Centre Culturel de Dumbéa 1,CENTRE CULTUREL DE DUMBEA 1,7,PS_liste_07,66,13.36,1,Centre culturel de Dumbéa,56 AVENUE D'AUTEUIL,CULTUREL ET SOCIO EDUCATIF,Equipements culturels,Centre culturel maison culturelle et centre d'art,166.474126141924,-22.2081759337081,etablissements_publics_nc,140,503,Koutio Secal
provinciales_2019,,PS,Province Sud,988,98805,Dumbéa,DUMBEA,0008,761,507,254,494,8,5,Centre Culturel de Dumbéa 1,CENTRE CULTUREL DE DUMBEA 1,8,PS_liste_08,7,1.42,1,Centre culturel de Dumbéa,56 AVENUE D'AUTEUIL,CULTUREL ET SOCIO EDUCATIF,Equipements culturels,Centre culturel maison culturelle et centre d'art,166.474126141924,-22.2081759337081,etablissements_publics_nc,140,503,Koutio Secal
provinciales_2019,,PS,Province Sud,988,98805,Dumbéa,DUMBEA,0008,761,507,254,494,8,5,Centre Culturel de Dumbéa 1,CENTRE CULTUREL DE DUMBEA 1,9,PS_liste_09,6,1.21,1,Centre culturel de Dumbéa,56 AVENUE D'AUTEUIL,CULTUREL ET SOCIO EDUCATIF,Equipements culturels,Centre culturel maison culturelle et centre d'art,166.474126141924,-22.2081759337081,etablissements_publics_nc,140,503,Koutio Secal
provinciales_2019,,PS,Province Sud,988,98805,Dumbéa,DUMBEA,0008,761,507,254,494,8,5,Centre Culturel de Dumbéa 1,CENTRE CULTUREL DE DUMBEA 1,10,PS_liste_10,13,2.63,1,Centre culturel de Dumbéa,56 AVENUE D'AUTEUIL,CULTUREL ET SOCIO EDUCATIF,Equipements culturels,Centre culturel maison culturelle et centre d'art,166.474126141924,-22.2081759337081,etablissements_publics_nc,140,503,Koutio Secal
provinciales_2019,,PS,Province Sud,988,98805,Dumbéa,DUMBEA,0008,761,507,254,494,8,5,Centre Culturel de Dumbéa 1,CENTRE CULTUREL DE DUMBEA 1,11,PS_liste_11,125,25.3,1,Centre culturel de Dumbéa,56 AVENUE D'AUTEUIL,CULTUREL ET SOCIO EDUCATIF,Equipements culturels,Centre culturel maison culturelle et centre d'art,166.474126141924,-22.2081759337081,etablissements_publics_nc,140,503,Koutio Secal
provinciales_2019,,PS,Province Sud,988,98805,Dumbéa,DUMBEA,0009,784,543,241,515,17,11,Centre Culturel de Dumbéa 2,CENTRE CULTUREL DE DUMBEA 2,1,PS_liste_01,6,1.17,1,Centre culturel de Dumbéa,56 AVENUE D'AUTEUIL,CULTUREL ET SOCIO EDUCATIF,Equipements culturels,Centre culturel maison culturelle et centre d'art,166.474126141924,-22.2081759337081,etablissements_publics_nc,140,503,Koutio Secal
provinciales_2019,,PS,Province Sud,988,98805,Dumbéa,DUMBEA,0009,784,543,241,515,17,11,Centre Culturel de Dumbéa 2,CENTRE CULTUREL DE DUMBEA 2,2,PS_liste_02,24,4.66,1,Centre culturel de Dumbéa,56 AVENUE D'AUTEUIL,CULTUREL ET SOCIO EDUCATIF,Equipements culturels,Centre culturel maison culturelle et centre d'art,166.474126141924,-22.2081759337081,etablissements_publics_nc,140,503,Koutio Secal
provinciales_2019,,PS,Province Sud,988,98805,Dumbéa,DUMBEA,0009,784,543,241,515,17,11,Centre Culturel de Dumbéa 2,CENTRE CULTUREL DE DUMBEA 2,3,PS_liste_03,124,24.08,1,Centre culturel de Dumbéa,56 AVENUE D'AUTEUIL,CULTUREL ET SOCIO EDUCATIF,Equipements culturels,Centre culturel maison culturelle et centre d'art,166.474126141924,-22.2081759337081,etablissements_publics_nc,140,503,Koutio Secal
provinciales_2019,,PS,Province Sud,988,98805,Dumbéa,DUMBEA,0009,784,543,241,515,17,11,Centre Culturel de Dumbéa 2,CENTRE CULTUREL DE DUMBEA 2,4,PS_liste_04,5,0.97,1,Centre culturel de Dumbéa,56 AVENUE D'AUTEUIL,CULTUREL ET SOCIO EDUCATIF,Equipements culturels,Centre culturel maison culturelle et centre d'art,166.474126141924,-22.2081759337081,etablissements_publics_nc,140,503,Koutio Secal
provinciales_2019,,PS,Province Sud,988,98805,Dumbéa,DUMBEA,0009,784,543,241,515,17,11,Centre Culturel de Dumbéa 2,CENTRE CULTUREL DE DUMBEA 2,5,PS_liste_05,6,1.17,1,Centre culturel de Dumbéa,56 AVENUE D'AUTEUIL,CULTUREL ET SOCIO EDUCATIF,Equipements culturels,Centre culturel maison culturelle et centre d'art,166.474126141924,-22.2081759337081,etablissements_publics_nc,140,503,Koutio Secal
provinciales_2019,,PS,Province Sud,988,98805,Dumbéa,DUMBEA,0009,784,543,241,515,17,11,Centre Culturel de Dumbéa 2,CENTRE CULTUREL DE DUMBEA 2,6,PS_liste_06,146,28.35,1,Centre culturel de Dumbéa,56 AVENUE D'AUTEUIL,CULTUREL ET SOCIO EDUCATIF,Equipements culturels,Centre culturel maison culturelle et centre d'art,166.474126141924,-22.2081759337081,etablissements_publics_nc,140,503,Koutio Secal
provinciales_2019,,PS,Province Sud,988,98805,Dumbéa,DUMBEA,0009,784,543,241,515,17,11,Centre Culturel de Dumbéa 2,CENTRE CULTUREL DE DUMBEA 2,7,PS_liste_07,78,15.15,1,Centre culturel de Dumbéa,56 AVENUE D'AUTEUIL,CULTUREL ET SOCIO EDUCATIF,Equipements culturels,Centre culturel maison culturelle et centre d'art,166.474126141924,-22.2081759337081,etablissements_publics_nc,140,503,Koutio Secal
provinciales_2019,,PS,Province Sud,988,98805,Dumbéa,DUMBEA,0009,784,543,241,515,17,11,Centre Culturel de Dumbéa 2,CENTRE CULTUREL DE DUMBEA 2,8,PS_liste_08,8,1.55,1,Centre culturel de Dumbéa,56 AVENUE D'AUTEUIL,CULTUREL ET SOCIO EDUCATIF,Equipements culturels,Centre culturel maison culturelle et centre d'art,166.474126141924,-22.2081759337081,etablissements_publics_nc,140,503,Koutio Secal
provinciales_2019,,PS,Province Sud,988,98805,Dumbéa,DUMBEA,0009,784,543,241,515,17,11,Centre Culturel de Dumbéa 2,CENTRE CULTUREL DE DUMBEA 2,9,PS_liste_09,3,0.58,1,Centre culturel de Dumbéa,56 AVENUE D'AUTEUIL,CULTUREL ET SOCIO EDUCATIF,Equipements culturels,Centre culturel maison culturelle et centre d'art,166.474126141924,-22.2081759337081,etablissements_publics_nc,140,503,Koutio Secal
provinciales_2019,,PS,Province Sud,988,98805,Dumbéa,DUMBEA,0009,784,543,241,515,17,11,Centre Culturel de Dumbéa 2,CENTRE CULTUREL DE DUMBEA 2,10,PS_liste_10,10,1.94,1,Centre culturel de Dumbéa,56 AVENUE D'AUTEUIL,CULTUREL ET SOCIO EDUCATIF,Equipements culturels,Centre culturel maison culturelle et centre d'art,166.474126141924,-22.2081759337081,etablissements_publics_nc,140,503,Koutio Secal
provinciales_2019,,PS,Province Sud,988,98805,Dumbéa,DUMBEA,0009,784,543,241,515,17,11,Centre Culturel de Dumbéa 2,CENTRE CULTUREL DE DUMBEA 2,11,PS_liste_11,105,20.39,1,Centre culturel de Dumbéa,56 AVENUE D'AUTEUIL,CULTUREL ET SOCIO EDUCATIF,Equipements culturels,Centre culturel maison culturelle et centre d'art,166.474126141924,-22.2081759337081,etablissements_publics_nc,140,503,Koutio Secal
provinciales_2019,,PS,Province Sud,988,98805,Dumbéa,DUMBEA,0010,630,441,189,423,13,5,Centre Culturel de Dumbéa 3,CENTRE CULTUREL DE DUMBEA 3,1,PS_liste_01,8,1.89,1,Centre culturel de Dumbéa,56 AVENUE D'AUTEUIL,CULTUREL ET SOCIO EDUCATIF,Equipements culturels,Centre culturel maison culturelle et centre d'art,166.474126141924,-22.2081759337081,etablissements_publics_nc,140,503,Koutio Secal
provinciales_2019,,PS,Province Sud,988,98805,Dumbéa,DUMBEA,0010,630,441,189,423,13,5,Centre Culturel de Dumbéa 3,CENTRE CULTUREL DE DUMBEA 3,2,PS_liste_02,7,1.65,1,Centre culturel de Dumbéa,56 AVENUE D'AUTEUIL,CULTUREL ET SOCIO EDUCATIF,Equipements culturels,Centre culturel maison culturelle et centre d'art,166.474126141924,-22.2081759337081,etablissements_publics_nc,140,503,Koutio Secal
provinciales_2019,,PS,Province Sud,988,98805,Dumbéa,DUMBEA,0010,630,441,189,423,13,5,Centre Culturel de Dumbéa 3,CENTRE CULTUREL DE DUMBEA 3,3,PS_liste_03,182,43.03,1,Centre culturel de Dumbéa,56 AVENUE D'AUTEUIL,CULTUREL ET SOCIO EDUCATIF,Equipements culturels,Centre culturel maison culturelle et centre d'art,166.474126141924,-22.2081759337081,etablissements_publics_nc,140,503,Koutio Secal
provinciales_2019,,PS,Province Sud,988,98805,Dumbéa,DUMBEA,0010,630,441,189,423,13,5,Centre Culturel de Dumbéa 3,CENTRE CULTUREL DE DUMBEA 3,4,PS_liste_04,11,2.6,1,Centre culturel de Dumbéa,56 AVENUE D'AUTEUIL,CULTUREL ET SOCIO EDUCATIF,Equipements culturels,Centre culturel maison culturelle et centre d'art,166.474126141924,-22.2081759337081,etablissements_publics_nc,140,503,Koutio Secal
provinciales_2019,,PS,Province Sud,988,98805,Dumbéa,DUMBEA,0010,630,441,189,423,13,5,Centre Culturel de Dumbéa 3,CENTRE CULTUREL DE DUMBEA 3,5,PS_liste_05,4,0.95,1,Centre culturel de Dumbéa,56 AVENUE D'AUTEUIL,CULTUREL ET SOCIO EDUCATIF,Equipements culturels,Centre culturel maison culturelle et centre d'art,166.474126141924,-22.2081759337081,etablissements_publics_nc,140,503,Koutio Secal
provinciales_2019,,PS,Province Sud,988,98805,Dumbéa,DUMBEA,0010,630,441,189,423,13,5,Centre Culturel de Dumbéa 3,CENTRE CULTUREL DE DUMBEA 3,6,PS_liste_06,40,9.46,1,Centre culturel de Dumbéa,56 AVENUE D'AUTEUIL,CULTUREL ET SOCIO EDUCATIF,Equipements culturels,Centre culturel maison culturelle et centre d'art,166.474126141924,-22.2081759337081,etablissements_publics_nc,140,503,Koutio Secal
provinciales_2019,,PS,Province Sud,988,98805,Dumbéa,DUMBEA,0010,630,441,189,423,13,5,Centre Culturel de Dumbéa 3,CENTRE CULTUREL DE DUMBEA 3,7,PS_liste_07,57,13.48,1,Centre culturel de Dumbéa,56 AVENUE D'AUTEUIL,CULTUREL ET SOCIO EDUCATIF,Equipements culturels,Centre culturel maison culturelle et centre d'art,166.474126141924,-22.2081759337081,etablissements_publics_nc,140,503,Koutio Secal
provinciales_2019,,PS,Province Sud,988,98805,Dumbéa,DUMBEA,0010,630,441,189,423,13,5,Centre Culturel de Dumbéa 3,CENTRE CULTUREL DE DUMBEA 3,8,PS_liste_08,6,1.42,1,Centre culturel de Dumbéa,56 AVENUE D'AUTEUIL,CULTUREL ET SOCIO EDUCATIF,Equipements culturels,Centre culturel maison culturelle et centre d'art,166.474126141924,-22.2081759337081,etablissements_publics_nc,140,503,Koutio Secal
provinciales_2019,,PS,Province Sud,988,98805,Dumbéa,DUMBEA,0010,630,441,189,423,13,5,Centre Culturel de Dumbéa 3,CENTRE CULTUREL DE DUMBEA 3,9,PS_liste_09,13,3.07,1,Centre culturel de Dumbéa,56 AVENUE D'AUTEUIL,CULTUREL ET SOCIO EDUCATIF,Equipements culturels,Centre culturel maison culturelle et centre d'art,166.474126141924,-22.2081759337081,etablissements_publics_nc,140,503,Koutio Secal
provinciales_2019,,PS,Province Sud,988,98805,Dumbéa,DUMBEA,0010,630,441,189,423,13,5,Centre Culturel de Dumbéa 3,CENTRE CULTUREL DE DUMBEA 3,10,PS_liste_10,15,3.55,1,Centre culturel de Dumbéa,56 AVENUE D'AUTEUIL,CULTUREL ET SOCIO EDUCATIF,Equipements culturels,Centre culturel maison culturelle et centre d'art,166.474126141924,-22.2081759337081,etablissements_publics_nc,140,503,Koutio Secal
provinciales_2019,,PS,Province Sud,988,98805,Dumbéa,DUMBEA,0010,630,441,189,423,13,5,Centre Culturel de Dumbéa 3,CENTRE CULTUREL DE DUMBEA 3,11,PS_liste_11,80,18.91,1,Centre culturel de Dumbéa,56 AVENUE D'AUTEUIL,CULTUREL ET SOCIO EDUCATIF,Equipements culturels,Centre culturel maison culturelle et centre d'art,166.474126141924,-22.2081759337081,etablissements_publics_nc,140,503,Koutio Secal
provinciales_2019,,PS,Province Sud,988,98805,Dumbéa,DUMBEA,0011,699,479,220,463,11,5,Ecole primaire Gustave Clain 1,ECOLE PRIMAIRE GUSTAVE CLAIN 1,1,PS_liste_01,9,1.94,0.897,Ecole élémentaire Gustave Clain,49 RUE JACQUES MONOD,ENSEIGNEMENT ET FORMATION,Enseignement du premier degré,Ecole élémentaire,166.460870510376,-22.2089353285944,etablissements_publics_nc,141,504,Koutio érudits
provinciales_2019,,PS,Province Sud,988,98805,Dumbéa,DUMBEA,0011,699,479,220,463,11,5,Ecole primaire Gustave Clain 1,ECOLE PRIMAIRE GUSTAVE CLAIN 1,2,PS_liste_02,19,4.1,0.897,Ecole élémentaire Gustave Clain,49 RUE JACQUES MONOD,ENSEIGNEMENT ET FORMATION,Enseignement du premier degré,Ecole élémentaire,166.460870510376,-22.2089353285944,etablissements_publics_nc,141,504,Koutio érudits
provinciales_2019,,PS,Province Sud,988,98805,Dumbéa,DUMBEA,0011,699,479,220,463,11,5,Ecole primaire Gustave Clain 1,ECOLE PRIMAIRE GUSTAVE CLAIN 1,3,PS_liste_03,140,30.24,0.897,Ecole élémentaire Gustave Clain,49 RUE JACQUES MONOD,ENSEIGNEMENT ET FORMATION,Enseignement du premier degré,Ecole élémentaire,166.460870510376,-22.2089353285944,etablissements_publics_nc,141,504,Koutio érudits
provinciales_2019,,PS,Province Sud,988,98805,Dumbéa,DUMBEA,0011,699,479,220,463,11,5,Ecole primaire Gustave Clain 1,ECOLE PRIMAIRE GUSTAVE CLAIN 1,4,PS_liste_04,15,3.24,0.897,Ecole élémentaire Gustave Clain,49 RUE JACQUES MONOD,ENSEIGNEMENT ET FORMATION,Enseignement du premier degré,Ecole élémentaire,166.460870510376,-22.2089353285944,etablissements_publics_nc,141,504,Koutio érudits
provinciales_2019,,PS,Province Sud,988,98805,Dumbéa,DUMBEA,0011,699,479,220,463,11,5,Ecole primaire Gustave Clain 1,ECOLE PRIMAIRE GUSTAVE CLAIN 1,5,PS_liste_05,9,1.94,0.897,Ecole élémentaire Gustave Clain,49 RUE JACQUES MONOD,ENSEIGNEMENT ET FORMATION,Enseignement du premier degré,Ecole élémentaire,166.460870510376,-22.2089353285944,etablissements_publics_nc,141,504,Koutio érudits
provinciales_2019,,PS,Province Sud,988,98805,Dumbéa,DUMBEA,0011,699,479,220,463,11,5,Ecole primaire Gustave Clain 1,ECOLE PRIMAIRE GUSTAVE CLAIN 1,6,PS_liste_06,86,18.57,0.897,Ecole élémentaire Gustave Clain,49 RUE JACQUES MONOD,ENSEIGNEMENT ET FORMATION,Enseignement du premier degré,Ecole élémentaire,166.460870510376,-22.2089353285944,etablissements_publics_nc,141,504,Koutio érudits
provinciales_2019,,PS,Province Sud,988,98805,Dumbéa,DUMBEA,0011,699,479,220,463,11,5,Ecole primaire Gustave Clain 1,ECOLE PRIMAIRE GUSTAVE CLAIN 1,7,PS_liste_07,67,14.47,0.897,Ecole élémentaire Gustave Clain,49 RUE JACQUES MONOD,ENSEIGNEMENT ET FORMATION,Enseignement du premier degré,Ecole élémentaire,166.460870510376,-22.2089353285944,etablissements_publics_nc,141,504,Koutio érudits
provinciales_2019,,PS,Province Sud,988,98805,Dumbéa,DUMBEA,0011,699,479,220,463,11,5,Ecole primaire Gustave Clain 1,ECOLE PRIMAIRE GUSTAVE CLAIN 1,8,PS_liste_08,4,0.86,0.897,Ecole élémentaire Gustave Clain,49 RUE JACQUES MONOD,ENSEIGNEMENT ET FORMATION,Enseignement du premier degré,Ecole élémentaire,166.460870510376,-22.2089353285944,etablissements_publics_nc,141,504,Koutio érudits
provinciales_2019,,PS,Province Sud,988,98805,Dumbéa,DUMBEA,0011,699,479,220,463,11,5,Ecole primaire Gustave Clain 1,ECOLE PRIMAIRE GUSTAVE CLAIN 1,9,PS_liste_09,23,4.97,0.897,Ecole élémentaire Gustave Clain,49 RUE JACQUES MONOD,ENSEIGNEMENT ET FORMATION,Enseignement du premier degré,Ecole élémentaire,166.460870510376,-22.2089353285944,etablissements_publics_nc,141,504,Koutio érudits
provinciales_2019,,PS,Province Sud,988,98805,Dumbéa,DUMBEA,0011,699,479,220,463,11,5,Ecole primaire Gustave Clain 1,ECOLE PRIMAIRE GUSTAVE CLAIN 1,10,PS_liste_10,9,1.94,0.897,Ecole élémentaire Gustave Clain,49 RUE JACQUES MONOD,ENSEIGNEMENT ET FORMATION,Enseignement du premier degré,Ecole élémentaire,166.460870510376,-22.2089353285944,etablissements_publics_nc,141,504,Koutio érudits
provinciales_2019,,PS,Province Sud,988,98805,Dumbéa,DUMBEA,0011,699,479,220,463,11,5,Ecole primaire Gustave Clain 1,ECOLE PRIMAIRE GUSTAVE CLAIN 1,11,PS_liste_11,82,17.71,0.897,Ecole élémentaire Gustave Clain,49 RUE JACQUES MONOD,ENSEIGNEMENT ET FORMATION,Enseignement du premier degré,Ecole élémentaire,166.460870510376,-22.2089353285944,etablissements_publics_nc,141,504,Koutio érudits
provinciales_2019,,PS,Province Sud,988,98805,Dumbéa,DUMBEA,0012,625,428,197,413,13,2,Ecole primaire Gustave Clain 2,ECOLE PRIMAIRE GUSTAVE CLAIN 2,1,PS_liste_01,3,0.73,0.897,Ecole élémentaire Gustave Clain,49 RUE JACQUES MONOD,ENSEIGNEMENT ET FORMATION,Enseignement du premier degré,Ecole élémentaire,166.460870510376,-22.2089353285944,etablissements_publics_nc,141,504,Koutio érudits
provinciales_2019,,PS,Province Sud,988,98805,Dumbéa,DUMBEA,0012,625,428,197,413,13,2,Ecole primaire Gustave Clain 2,ECOLE PRIMAIRE GUSTAVE CLAIN 2,2,PS_liste_02,13,3.15,0.897,Ecole élémentaire Gustave Clain,49 RUE JACQUES MONOD,ENSEIGNEMENT ET FORMATION,Enseignement du premier degré,Ecole élémentaire,166.460870510376,-22.2089353285944,etablissements_publics_nc,141,504,Koutio érudits
provinciales_2019,,PS,Province Sud,988,98805,Dumbéa,DUMBEA,0012,625,428,197,413,13,2,Ecole primaire Gustave Clain 2,ECOLE PRIMAIRE GUSTAVE CLAIN 2,3,PS_liste_03,140,33.9,0.897,Ecole élémentaire Gustave Clain,49 RUE JACQUES MONOD,ENSEIGNEMENT ET FORMATION,Enseignement du premier degré,Ecole élémentaire,166.460870510376,-22.2089353285944,etablissements_publics_nc,141,504,Koutio érudits
provinciales_2019,,PS,Province Sud,988,98805,Dumbéa,DUMBEA,0012,625,428,197,413,13,2,Ecole primaire Gustave Clain 2,ECOLE PRIMAIRE GUSTAVE CLAIN 2,4,PS_liste_04,7,1.69,0.897,Ecole élémentaire Gustave Clain,49 RUE JACQUES MONOD,ENSEIGNEMENT ET FORMATION,Enseignement du premier degré,Ecole élémentaire,166.460870510376,-22.2089353285944,etablissements_publics_nc,141,504,Koutio érudits
provinciales_2019,,PS,Province Sud,988,98805,Dumbéa,DUMBEA,0012,625,428,197,413,13,2,Ecole primaire Gustave Clain 2,ECOLE PRIMAIRE GUSTAVE CLAIN 2,5,PS_liste_05,3,0.73,0.897,Ecole élémentaire Gustave Clain,49 RUE JACQUES MONOD,ENSEIGNEMENT ET FORMATION,Enseignement du premier degré,Ecole élémentaire,166.460870510376,-22.2089353285944,etablissements_publics_nc,141,504,Koutio érudits
provinciales_2019,,PS,Province Sud,988,98805,Dumbéa,DUMBEA,0012,625,428,197,413,13,2,Ecole primaire Gustave Clain 2,ECOLE PRIMAIRE GUSTAVE CLAIN 2,6,PS_liste_06,52,12.59,0.897,Ecole élémentaire Gustave Clain,49 RUE JACQUES MONOD,ENSEIGNEMENT ET FORMATION,Enseignement du premier degré,Ecole élémentaire,166.460870510376,-22.2089353285944,etablissements_publics_nc,141,504,Koutio érudits
provinciales_2019,,PS,Province Sud,988,98805,Dumbéa,DUMBEA,0012,625,428,197,413,13,2,Ecole primaire Gustave Clain 2,ECOLE PRIMAIRE GUSTAVE CLAIN 2,7,PS_liste_07,69,16.71,0.897,Ecole élémentaire Gustave Clain,49 RUE JACQUES MONOD,ENSEIGNEMENT ET FORMATION,Enseignement du premier degré,Ecole élémentaire,166.460870510376,-22.2089353285944,etablissements_publics_nc,141,504,Koutio érudits
provinciales_2019,,PS,Province Sud,988,98805,Dumbéa,DUMBEA,0012,625,428,197,413,13,2,Ecole primaire Gustave Clain 2,ECOLE PRIMAIRE GUSTAVE CLAIN 2,8,PS_liste_08,17,4.12,0.897,Ecole élémentaire Gustave Clain,49 RUE JACQUES MONOD,ENSEIGNEMENT ET FORMATION,Enseignement du premier degré,Ecole élémentaire,166.460870510376,-22.2089353285944,etablissements_publics_nc,141,504,Koutio érudits
provinciales_2019,,PS,Province Sud,988,98805,Dumbéa,DUMBEA,0012,625,428,197,413,13,2,Ecole primaire Gustave Clain 2,ECOLE PRIMAIRE GUSTAVE CLAIN 2,9,PS_liste_09,17,4.12,0.897,Ecole élémentaire Gustave Clain,49 RUE JACQUES MONOD,ENSEIGNEMENT ET FORMATION,Enseignement du premier degré,Ecole élémentaire,166.460870510376,-22.2089353285944,etablissements_publics_nc,141,504,Koutio érudits
provinciales_2019,,PS,Province Sud,988,98805,Dumbéa,DUMBEA,0012,625,428,197,413,13,2,Ecole primaire Gustave Clain 2,ECOLE PRIMAIRE GUSTAVE CLAIN 2,10,PS_liste_10,14,3.39,0.897,Ecole élémentaire Gustave Clain,49 RUE JACQUES MONOD,ENSEIGNEMENT ET FORMATION,Enseignement du premier degré,Ecole élémentaire,166.460870510376,-22.2089353285944,etablissements_publics_nc,141,504,Koutio érudits
provinciales_2019,,PS,Province Sud,988,98805,Dumbéa,DUMBEA,0012,625,428,197,413,13,2,Ecole primaire Gustave Clain 2,ECOLE PRIMAIRE GUSTAVE CLAIN 2,11,PS_liste_11,78,18.89,0.897,Ecole élémentaire Gustave Clain,49 RUE JACQUES MONOD,ENSEIGNEMENT ET FORMATION,Enseignement du premier degré,Ecole élémentaire,166.460870510376,-22.2089353285944,etablissements_publics_nc,141,504,Koutio érudits
provinciales_2019,,PS,Province Sud,988,98805,Dumbéa,DUMBEA,0013,679,502,177,488,8,6,Ecole maternelle l'Oasis 1,ECOLE MATERNELLE L OASIS 1,1,PS_liste_01,8,1.64,0.729,Ecole maternelle L'Oasis,39 RUE JACQUES MONOD,ENSEIGNEMENT ET FORMATION,Enseignement du premier degré,Ecole pré-élémentaire,166.461460951246,-22.2085634346196,etablissements_publics_nc,141,504,Koutio érudits
provinciales_2019,,PS,Province Sud,988,98805,Dumbéa,DUMBEA,0013,679,502,177,488,8,6,Ecole maternelle l'Oasis 1,ECOLE MATERNELLE L OASIS 1,2,PS_liste_02,20,4.1,0.729,Ecole maternelle L'Oasis,39 RUE JACQUES MONOD,ENSEIGNEMENT ET FORMATION,Enseignement du premier degré,Ecole pré-élémentaire,166.461460951246,-22.2085634346196,etablissements_publics_nc,141,504,Koutio érudits
provinciales_2019,,PS,Province Sud,988,98805,Dumbéa,DUMBEA,0013,679,502,177,488,8,6,Ecole maternelle l'Oasis 1,ECOLE MATERNELLE L OASIS 1,3,PS_liste_03,223,45.7,0.729,Ecole maternelle L'Oasis,39 RUE JACQUES MONOD,ENSEIGNEMENT ET FORMATION,Enseignement du premier degré,Ecole pré-élémentaire,166.461460951246,-22.2085634346196,etablissements_publics_nc,141,504,Koutio érudits
provinciales_2019,,PS,Province Sud,988,98805,Dumbéa,DUMBEA,0013,679,502,177,488,8,6,Ecole maternelle l'Oasis 1,ECOLE MATERNELLE L OASIS 1,4,PS_liste_04,5,1.02,0.729,Ecole maternelle L'Oasis,39 RUE JACQUES MONOD,ENSEIGNEMENT ET FORMATION,Enseignement du premier degré,Ecole pré-élémentaire,166.461460951246,-22.2085634346196,etablissements_publics_nc,141,504,Koutio érudits
provinciales_2019,,PS,Province Sud,988,98805,Dumbéa,DUMBEA,0013,679,502,177,488,8,6,Ecole maternelle l'Oasis 1,ECOLE MATERNELLE L OASIS 1,5,PS_liste_05,11,2.25,0.729,Ecole maternelle L'Oasis,39 RUE JACQUES MONOD,ENSEIGNEMENT ET FORMATION,Enseignement du premier degré,Ecole pré-élémentaire,166.461460951246,-22.2085634346196,etablissements_publics_nc,141,504,Koutio érudits
provinciales_2019,,PS,Province Sud,988,98805,Dumbéa,DUMBEA,0013,679,502,177,488,8,6,Ecole maternelle l'Oasis 1,ECOLE MATERNELLE L OASIS 1,6,PS_liste_06,42,8.61,0.729,Ecole maternelle L'Oasis,39 RUE JACQUES MONOD,ENSEIGNEMENT ET FORMATION,Enseignement du premier degré,Ecole pré-élémentaire,166.461460951246,-22.2085634346196,etablissements_publics_nc,141,504,Koutio érudits
provinciales_2019,,PS,Province Sud,988,98805,Dumbéa,DUMBEA,0013,679,502,177,488,8,6,Ecole maternelle l'Oasis 1,ECOLE MATERNELLE L OASIS 1,7,PS_liste_07,52,10.66,0.729,Ecole maternelle L'Oasis,39 RUE JACQUES MONOD,ENSEIGNEMENT ET FORMATION,Enseignement du premier degré,Ecole pré-élémentaire,166.461460951246,-22.2085634346196,etablissements_publics_nc,141,504,Koutio érudits
provinciales_2019,,PS,Province Sud,988,98805,Dumbéa,DUMBEA,0013,679,502,177,488,8,6,Ecole maternelle l'Oasis 1,ECOLE MATERNELLE L OASIS 1,8,PS_liste_08,12,2.46,0.729,Ecole maternelle L'Oasis,39 RUE JACQUES MONOD,ENSEIGNEMENT ET FORMATION,Enseignement du premier degré,Ecole pré-élémentaire,166.461460951246,-22.2085634346196,etablissements_publics_nc,141,504,Koutio érudits
provinciales_2019,,PS,Province Sud,988,98805,Dumbéa,DUMBEA,0013,679,502,177,488,8,6,Ecole maternelle l'Oasis 1,ECOLE MATERNELLE L OASIS 1,9,PS_liste_09,13,2.66,0.729,Ecole maternelle L'Oasis,39 RUE JACQUES MONOD,ENSEIGNEMENT ET FORMATION,Enseignement du premier degré,Ecole pré-élémentaire,166.461460951246,-22.2085634346196,etablissements_publics_nc,141,504,Koutio érudits
provinciales_2019,,PS,Province Sud,988,98805,Dumbéa,DUMBEA,0013,679,502,177,488,8,6,Ecole maternelle l'Oasis 1,ECOLE MATERNELLE L OASIS 1,10,PS_liste_10,11,2.25,0.729,Ecole maternelle L'Oasis,39 RUE JACQUES MONOD,ENSEIGNEMENT ET FORMATION,Enseignement du premier degré,Ecole pré-élémentaire,166.461460951246,-22.2085634346196,etablissements_publics_nc,141,504,Koutio érudits
provinciales_2019,,PS,Province Sud,988,98805,Dumbéa,DUMBEA,0013,679,502,177,488,8,6,Ecole maternelle l'Oasis 1,ECOLE MATERNELLE L OASIS 1,11,PS_liste_11,91,18.65,0.729,Ecole maternelle L'Oasis,39 RUE JACQUES MONOD,ENSEIGNEMENT ET FORMATION,Enseignement du premier degré,Ecole pré-élémentaire,166.461460951246,-22.2085634346196,etablissements_publics_nc,141,504,Koutio érudits
provinciales_2019,,PS,Province Sud,988,98805,Dumbéa,DUMBEA,0014,634,451,183,429,17,5,Ecole maternelle l'Oasis 2,ECOLE MATERNELLE L OASIS 2,1,PS_liste_01,2,0.47,0.729,Ecole maternelle L'Oasis,39 RUE JACQUES MONOD,ENSEIGNEMENT ET FORMATION,Enseignement du premier degré,Ecole pré-élémentaire,166.461460951246,-22.2085634346196,etablissements_publics_nc,141,504,Koutio érudits
provinciales_2019,,PS,Province Sud,988,98805,Dumbéa,DUMBEA,0014,634,451,183,429,17,5,Ecole maternelle l'Oasis 2,ECOLE MATERNELLE L OASIS 2,2,PS_liste_02,33,7.69,0.729,Ecole maternelle L'Oasis,39 RUE JACQUES MONOD,ENSEIGNEMENT ET FORMATION,Enseignement du premier degré,Ecole pré-élémentaire,166.461460951246,-22.2085634346196,etablissements_publics_nc,141,504,Koutio érudits
provinciales_2019,,PS,Province Sud,988,98805,Dumbéa,DUMBEA,0014,634,451,183,429,17,5,Ecole maternelle l'Oasis 2,ECOLE MATERNELLE L OASIS 2,3,PS_liste_03,139,32.4,0.729,Ecole maternelle L'Oasis,39 RUE JACQUES MONOD,ENSEIGNEMENT ET FORMATION,Enseignement du premier degré,Ecole pré-élémentaire,166.461460951246,-22.2085634346196,etablissements_publics_nc,141,504,Koutio érudits
provinciales_2019,,PS,Province Sud,988,98805,Dumbéa,DUMBEA,0014,634,451,183,429,17,5,Ecole maternelle l'Oasis 2,ECOLE MATERNELLE L OASIS 2,4,PS_liste_04,7,1.63,0.729,Ecole maternelle L'Oasis,39 RUE JACQUES MONOD,ENSEIGNEMENT ET FORMATION,Enseignement du premier degré,Ecole pré-élémentaire,166.461460951246,-22.2085634346196,etablissements_publics_nc,141,504,Koutio érudits
provinciales_2019,,PS,Province Sud,988,98805,Dumbéa,DUMBEA,0014,634,451,183,429,17,5,Ecole maternelle l'Oasis 2,ECOLE MATERNELLE L OASIS 2,5,PS_liste_05,4,0.93,0.729,Ecole maternelle L'Oasis,39 RUE JACQUES MONOD,ENSEIGNEMENT ET FORMATION,Enseignement du premier degré,Ecole pré-élémentaire,166.461460951246,-22.2085634346196,etablissements_publics_nc,141,504,Koutio érudits
provinciales_2019,,PS,Province Sud,988,98805,Dumbéa,DUMBEA,0014,634,451,183,429,17,5,Ecole maternelle l'Oasis 2,ECOLE MATERNELLE L OASIS 2,6,PS_liste_06,57,13.29,0.729,Ecole maternelle L'Oasis,39 RUE JACQUES MONOD,ENSEIGNEMENT ET FORMATION,Enseignement du premier degré,Ecole pré-élémentaire,166.461460951246,-22.2085634346196,etablissements_publics_nc,141,504,Koutio érudits
provinciales_2019,,PS,Province Sud,988,98805,Dumbéa,DUMBEA,0014,634,451,183,429,17,5,Ecole maternelle l'Oasis 2,ECOLE MATERNELLE L OASIS 2,7,PS_liste_07,53,12.35,0.729,Ecole maternelle L'Oasis,39 RUE JACQUES MONOD,ENSEIGNEMENT ET FORMATION,Enseignement du premier degré,Ecole pré-élémentaire,166.461460951246,-22.2085634346196,etablissements_publics_nc,141,504,Koutio érudits
provinciales_2019,,PS,Province Sud,988,98805,Dumbéa,DUMBEA,0014,634,451,183,429,17,5,Ecole maternelle l'Oasis 2,ECOLE MATERNELLE L OASIS 2,8,PS_liste_08,12,2.8,0.729,Ecole maternelle L'Oasis,39 RUE JACQUES MONOD,ENSEIGNEMENT ET FORMATION,Enseignement du premier degré,Ecole pré-élémentaire,166.461460951246,-22.2085634346196,etablissements_publics_nc,141,504,Koutio érudits
provinciales_2019,,PS,Province Sud,988,98805,Dumbéa,DUMBEA,0014,634,451,183,429,17,5,Ecole maternelle l'Oasis 2,ECOLE MATERNELLE L OASIS 2,9,PS_liste_09,18,4.2,0.729,Ecole maternelle L'Oasis,39 RUE JACQUES MONOD,ENSEIGNEMENT ET FORMATION,Enseignement du premier degré,Ecole pré-élémentaire,166.461460951246,-22.2085634346196,etablissements_publics_nc,141,504,Koutio érudits
provinciales_2019,,PS,Province Sud,988,98805,Dumbéa,DUMBEA,0014,634,451,183,429,17,5,Ecole maternelle l'Oasis 2,ECOLE MATERNELLE L OASIS 2,10,PS_liste_10,10,2.33,0.729,Ecole maternelle L'Oasis,39 RUE JACQUES MONOD,ENSEIGNEMENT ET FORMATION,Enseignement du premier degré,Ecole pré-élémentaire,166.461460951246,-22.2085634346196,etablissements_publics_nc,141,504,Koutio érudits
provinciales_2019,,PS,Province Sud,988,98805,Dumbéa,DUMBEA,0014,634,451,183,429,17,5,Ecole maternelle l'Oasis 2,ECOLE MATERNELLE L OASIS 2,11,PS_liste_11,94,21.91,0.729,Ecole maternelle L'Oasis,39 RUE JACQUES MONOD,ENSEIGNEMENT ET FORMATION,Enseignement du premier degré,Ecole pré-élémentaire,166.461460951246,-22.2085634346196,etablissements_publics_nc,141,504,Koutio érudits
provinciales_2019,,PS,Province Sud,988,98805,Dumbéa,DUMBEA,0015,425,336,89,327,7,2,Groupe scolaire Michelle Delacharlerie-Rolly 1,GROUPE SCOLAIRE MICHELLE DELACHARLERIE ROLLY 1,1,PS_liste_01,1,0.31,1,Groupe scolaire Michelle Delacharlerie-Rolly,103 BOULEVARD DU RAIL CALEDONIEN,ENSEIGNEMENT ET FORMATION,Enseignement du premier degré,Groupe scolaire,166.445998676866,-22.2013803961715,etablissements_publics_nc,147,510,Dumbéa/mer Ouest
provinciales_2019,,PS,Province Sud,988,98805,Dumbéa,DUMBEA,0015,425,336,89,327,7,2,Groupe scolaire Michelle Delacharlerie-Rolly 1,GROUPE SCOLAIRE MICHELLE DELACHARLERIE ROLLY 1,2,PS_liste_02,18,5.5,1,Groupe scolaire Michelle Delacharlerie-Rolly,103 BOULEVARD DU RAIL CALEDONIEN,ENSEIGNEMENT ET FORMATION,Enseignement du premier degré,Groupe scolaire,166.445998676866,-22.2013803961715,etablissements_publics_nc,147,510,Dumbéa/mer Ouest
provinciales_2019,,PS,Province Sud,988,98805,Dumbéa,DUMBEA,0015,425,336,89,327,7,2,Groupe scolaire Michelle Delacharlerie-Rolly 1,GROUPE SCOLAIRE MICHELLE DELACHARLERIE ROLLY 1,3,PS_liste_03,201,61.47,1,Groupe scolaire Michelle Delacharlerie-Rolly,103 BOULEVARD DU RAIL CALEDONIEN,ENSEIGNEMENT ET FORMATION,Enseignement du premier degré,Groupe scolaire,166.445998676866,-22.2013803961715,etablissements_publics_nc,147,510,Dumbéa/mer Ouest
provinciales_2019,,PS,Province Sud,988,98805,Dumbéa,DUMBEA,0015,425,336,89,327,7,2,Groupe scolaire Michelle Delacharlerie-Rolly 1,GROUPE SCOLAIRE MICHELLE DELACHARLERIE ROLLY 1,4,PS_liste_04,4,1.22,1,Groupe scolaire Michelle Delacharlerie-Rolly,103 BOULEVARD DU RAIL CALEDONIEN,ENSEIGNEMENT ET FORMATION,Enseignement du premier degré,Groupe scolaire,166.445998676866,-22.2013803961715,etablissements_publics_nc,147,510,Dumbéa/mer Ouest
provinciales_2019,,PS,Province Sud,988,98805,Dumbéa,DUMBEA,0015,425,336,89,327,7,2,Groupe scolaire Michelle Delacharlerie-Rolly 1,GROUPE SCOLAIRE MICHELLE DELACHARLERIE ROLLY 1,5,PS_liste_05,4,1.22,1,Groupe scolaire Michelle Delacharlerie-Rolly,103 BOULEVARD DU RAIL CALEDONIEN,ENSEIGNEMENT ET FORMATION,Enseignement du premier degré,Groupe scolaire,166.445998676866,-22.2013803961715,etablissements_publics_nc,147,510,Dumbéa/mer Ouest
provinciales_2019,,PS,Province Sud,988,98805,Dumbéa,DUMBEA,0015,425,336,89,327,7,2,Groupe scolaire Michelle Delacharlerie-Rolly 1,GROUPE SCOLAIRE MICHELLE DELACHARLERIE ROLLY 1,6,PS_liste_06,19,5.81,1,Groupe scolaire Michelle Delacharlerie-Rolly,103 BOULEVARD DU RAIL CALEDONIEN,ENSEIGNEMENT ET FORMATION,Enseignement du premier degré,Groupe scolaire,166.445998676866,-22.2013803961715,etablissements_publics_nc,147,510,Dumbéa/mer Ouest
provinciales_2019,,PS,Province Sud,988,98805,Dumbéa,DUMBEA,0015,425,336,89,327,7,2,Groupe scolaire Michelle Delacharlerie-Rolly 1,GROUPE SCOLAIRE MICHELLE DELACHARLERIE ROLLY 1,7,PS_liste_07,18,5.5,1,Groupe scolaire Michelle Delacharlerie-Rolly,103 BOULEVARD DU RAIL CALEDONIEN,ENSEIGNEMENT ET FORMATION,Enseignement du premier degré,Groupe scolaire,166.445998676866,-22.2013803961715,etablissements_publics_nc,147,510,Dumbéa/mer Ouest
provinciales_2019,,PS,Province Sud,988,98805,Dumbéa,DUMBEA,0015,425,336,89,327,7,2,Groupe scolaire Michelle Delacharlerie-Rolly 1,GROUPE SCOLAIRE MICHELLE DELACHARLERIE ROLLY 1,8,PS_liste_08,12,3.67,1,Groupe scolaire Michelle Delacharlerie-Rolly,103 BOULEVARD DU RAIL CALEDONIEN,ENSEIGNEMENT ET FORMATION,Enseignement du premier degré,Groupe scolaire,166.445998676866,-22.2013803961715,etablissements_publics_nc,147,510,Dumbéa/mer Ouest
provinciales_2019,,PS,Province Sud,988,98805,Dumbéa,DUMBEA,0015,425,336,89,327,7,2,Groupe scolaire Michelle Delacharlerie-Rolly 1,GROUPE SCOLAIRE MICHELLE DELACHARLERIE ROLLY 1,9,PS_liste_09,10,3.06,1,Groupe scolaire Michelle Delacharlerie-Rolly,103 BOULEVARD DU RAIL CALEDONIEN,ENSEIGNEMENT ET FORMATION,Enseignement du premier degré,Groupe scolaire,166.445998676866,-22.2013803961715,etablissements_publics_nc,147,510,Dumbéa/mer Ouest
provinciales_2019,,PS,Province Sud,988,98805,Dumbéa,DUMBEA,0015,425,336,89,327,7,2,Groupe scolaire Michelle Delacharlerie-Rolly 1,GROUPE SCOLAIRE MICHELLE DELACHARLERIE ROLLY 1,10,PS_liste_10,6,1.83,1,Groupe scolaire Michelle Delacharlerie-Rolly,103 BOULEVARD DU RAIL CALEDONIEN,ENSEIGNEMENT ET FORMATION,Enseignement du premier degré,Groupe scolaire,166.445998676866,-22.2013803961715,etablissements_publics_nc,147,510,Dumbéa/mer Ouest
provinciales_2019,,PS,Province Sud,988,98805,Dumbéa,DUMBEA,0015,425,336,89,327,7,2,Groupe scolaire Michelle Delacharlerie-Rolly 1,GROUPE SCOLAIRE MICHELLE DELACHARLERIE ROLLY 1,11,PS_liste_11,34,10.4,1,Groupe scolaire Michelle Delacharlerie-Rolly,103 BOULEVARD DU RAIL CALEDONIEN,ENSEIGNEMENT ET FORMATION,Enseignement du premier degré,Groupe scolaire,166.445998676866,-22.2013803961715,etablissements_publics_nc,147,510,Dumbéa/mer Ouest
provinciales_2019,,PS,Province Sud,988,98805,Dumbéa,DUMBEA,0016,496,336,160,321,12,3,Groupe scolaire Michelle Delacharlerie-Rolly 2,GROUPE SCOLAIRE MICHELLE DELACHARLERIE ROLLY 2,1,PS_liste_01,7,2.18,1,Groupe scolaire Michelle Delacharlerie-Rolly,103 BOULEVARD DU RAIL CALEDONIEN,ENSEIGNEMENT ET FORMATION,Enseignement du premier degré,Groupe scolaire,166.445998676866,-22.2013803961715,etablissements_publics_nc,147,510,Dumbéa/mer Ouest
provinciales_2019,,PS,Province Sud,988,98805,Dumbéa,DUMBEA,0016,496,336,160,321,12,3,Groupe scolaire Michelle Delacharlerie-Rolly 2,GROUPE SCOLAIRE MICHELLE DELACHARLERIE ROLLY 2,2,PS_liste_02,3,0.93,1,Groupe scolaire Michelle Delacharlerie-Rolly,103 BOULEVARD DU RAIL CALEDONIEN,ENSEIGNEMENT ET FORMATION,Enseignement du premier degré,Groupe scolaire,166.445998676866,-22.2013803961715,etablissements_publics_nc,147,510,Dumbéa/mer Ouest
provinciales_2019,,PS,Province Sud,988,98805,Dumbéa,DUMBEA,0016,496,336,160,321,12,3,Groupe scolaire Michelle Delacharlerie-Rolly 2,GROUPE SCOLAIRE MICHELLE DELACHARLERIE ROLLY 2,3,PS_liste_03,82,25.55,1,Groupe scolaire Michelle Delacharlerie-Rolly,103 BOULEVARD DU RAIL CALEDONIEN,ENSEIGNEMENT ET FORMATION,Enseignement du premier degré,Groupe scolaire,166.445998676866,-22.2013803961715,etablissements_publics_nc,147,510,Dumbéa/mer Ouest
provinciales_2019,,PS,Province Sud,988,98805,Dumbéa,DUMBEA,0016,496,336,160,321,12,3,Groupe scolaire Michelle Delacharlerie-Rolly 2,GROUPE SCOLAIRE MICHELLE DELACHARLERIE ROLLY 2,4,PS_liste_04,15,4.67,1,Groupe scolaire Michelle Delacharlerie-Rolly,103 BOULEVARD DU RAIL CALEDONIEN,ENSEIGNEMENT ET FORMATION,Enseignement du premier degré,Groupe scolaire,166.445998676866,-22.2013803961715,etablissements_publics_nc,147,510,Dumbéa/mer Ouest
provinciales_2019,,PS,Province Sud,988,98805,Dumbéa,DUMBEA,0016,496,336,160,321,12,3,Groupe scolaire Michelle Delacharlerie-Rolly 2,GROUPE SCOLAIRE MICHELLE DELACHARLERIE ROLLY 2,5,PS_liste_05,2,0.62,1,Groupe scolaire Michelle Delacharlerie-Rolly,103 BOULEVARD DU RAIL CALEDONIEN,ENSEIGNEMENT ET FORMATION,Enseignement du premier degré,Groupe scolaire,166.445998676866,-22.2013803961715,etablissements_publics_nc,147,510,Dumbéa/mer Ouest
provinciales_2019,,PS,Province Sud,988,98805,Dumbéa,DUMBEA,0016,496,336,160,321,12,3,Groupe scolaire Michelle Delacharlerie-Rolly 2,GROUPE SCOLAIRE MICHELLE DELACHARLERIE ROLLY 2,6,PS_liste_06,65,20.25,1,Groupe scolaire Michelle Delacharlerie-Rolly,103 BOULEVARD DU RAIL CALEDONIEN,ENSEIGNEMENT ET FORMATION,Enseignement du premier degré,Groupe scolaire,166.445998676866,-22.2013803961715,etablissements_publics_nc,147,510,Dumbéa/mer Ouest
provinciales_2019,,PS,Province Sud,988,98805,Dumbéa,DUMBEA,0016,496,336,160,321,12,3,Groupe scolaire Michelle Delacharlerie-Rolly 2,GROUPE SCOLAIRE MICHELLE DELACHARLERIE ROLLY 2,7,PS_liste_07,55,17.13,1,Groupe scolaire Michelle Delacharlerie-Rolly,103 BOULEVARD DU RAIL CALEDONIEN,ENSEIGNEMENT ET FORMATION,Enseignement du premier degré,Groupe scolaire,166.445998676866,-22.2013803961715,etablissements_publics_nc,147,510,Dumbéa/mer Ouest
provinciales_2019,,PS,Province Sud,988,98805,Dumbéa,DUMBEA,0016,496,336,160,321,12,3,Groupe scolaire Michelle Delacharlerie-Rolly 2,GROUPE SCOLAIRE MICHELLE DELACHARLERIE ROLLY 2,8,PS_liste_08,10,3.12,1,Groupe scolaire Michelle Delacharlerie-Rolly,103 BOULEVARD DU RAIL CALEDONIEN,ENSEIGNEMENT ET FORMATION,Enseignement du premier degré,Groupe scolaire,166.445998676866,-22.2013803961715,etablissements_publics_nc,147,510,Dumbéa/mer Ouest
provinciales_2019,,PS,Province Sud,988,98805,Dumbéa,DUMBEA,0016,496,336,160,321,12,3,Groupe scolaire Michelle Delacharlerie-Rolly 2,GROUPE SCOLAIRE MICHELLE DELACHARLERIE ROLLY 2,9,PS_liste_09,7,2.18,1,Groupe scolaire Michelle Delacharlerie-Rolly,103 BOULEVARD DU RAIL CALEDONIEN,ENSEIGNEMENT ET FORMATION,Enseignement du premier degré,Groupe scolaire,166.445998676866,-22.2013803961715,etablissements_publics_nc,147,510,Dumbéa/mer Ouest
provinciales_2019,,PS,Province Sud,988,98805,Dumbéa,DUMBEA,0016,496,336,160,321,12,3,Groupe scolaire Michelle Delacharlerie-Rolly 2,GROUPE SCOLAIRE MICHELLE DELACHARLERIE ROLLY 2,10,PS_liste_10,17,5.3,1,Groupe scolaire Michelle Delacharlerie-Rolly,103 BOULEVARD DU RAIL CALEDONIEN,ENSEIGNEMENT ET FORMATION,Enseignement du premier degré,Groupe scolaire,166.445998676866,-22.2013803961715,etablissements_publics_nc,147,510,Dumbéa/mer Ouest
provinciales_2019,,PS,Province Sud,988,98805,Dumbéa,DUMBEA,0016,496,336,160,321,12,3,Groupe scolaire Michelle Delacharlerie-Rolly 2,GROUPE SCOLAIRE MICHELLE DELACHARLERIE ROLLY 2,11,PS_liste_11,58,18.07,1,Groupe scolaire Michelle Delacharlerie-Rolly,103 BOULEVARD DU RAIL CALEDONIEN,ENSEIGNEMENT ET FORMATION,Enseignement du premier degré,Groupe scolaire,166.445998676866,-22.2013803961715,etablissements_publics_nc,147,510,Dumbéa/mer Ouest
provinciales_2019,,PS,Province Sud,988,98805,Dumbéa,DUMBEA,0017,499,368,131,359,7,2,Groupe scolaire Renée Fong 1,GROUPE SCOLAIRE RENEE FONG 1,1,PS_liste_01,1,0.28,1,Groupe scolaire Renée FONG,2 BIS ALLEE JEAN-LOUIS MARIE,ENSEIGNEMENT ET FORMATION,Enseignement du premier degré,Groupe scolaire,166.44418672502,-22.192372203396,etablissements_publics_nc,148,511,Dumbea/mer Est - Plaine Adam
provinciales_2019,,PS,Province Sud,988,98805,Dumbéa,DUMBEA,0017,499,368,131,359,7,2,Groupe scolaire Renée Fong 1,GROUPE SCOLAIRE RENEE FONG 1,2,PS_liste_02,18,5.01,1,Groupe scolaire Renée FONG,2 BIS ALLEE JEAN-LOUIS MARIE,ENSEIGNEMENT ET FORMATION,Enseignement du premier degré,Groupe scolaire,166.44418672502,-22.192372203396,etablissements_publics_nc,148,511,Dumbea/mer Est - Plaine Adam
provinciales_2019,,PS,Province Sud,988,98805,Dumbéa,DUMBEA,0017,499,368,131,359,7,2,Groupe scolaire Renée Fong 1,GROUPE SCOLAIRE RENEE FONG 1,3,PS_liste_03,203,56.55,1,Groupe scolaire Renée FONG,2 BIS ALLEE JEAN-LOUIS MARIE,ENSEIGNEMENT ET FORMATION,Enseignement du premier degré,Groupe scolaire,166.44418672502,-22.192372203396,etablissements_publics_nc,148,511,Dumbea/mer Est - Plaine Adam
provinciales_2019,,PS,Province Sud,988,98805,Dumbéa,DUMBEA,0017,499,368,131,359,7,2,Groupe scolaire Renée Fong 1,GROUPE SCOLAIRE RENEE FONG 1,4,PS_liste_04,2,0.56,1,Groupe scolaire Renée FONG,2 BIS ALLEE JEAN-LOUIS MARIE,ENSEIGNEMENT ET FORMATION,Enseignement du premier degré,Groupe scolaire,166.44418672502,-22.192372203396,etablissements_publics_nc,148,511,Dumbea/mer Est - Plaine Adam
provinciales_2019,,PS,Province Sud,988,98805,Dumbéa,DUMBEA,0017,499,368,131,359,7,2,Groupe scolaire Renée Fong 1,GROUPE SCOLAIRE RENEE FONG 1,5,PS_liste_05,3,0.84,1,Groupe scolaire Renée FONG,2 BIS ALLEE JEAN-LOUIS MARIE,ENSEIGNEMENT ET FORMATION,Enseignement du premier degré,Groupe scolaire,166.44418672502,-22.192372203396,etablissements_publics_nc,148,511,Dumbea/mer Est - Plaine Adam
provinciales_2019,,PS,Province Sud,988,98805,Dumbéa,DUMBEA,0017,499,368,131,359,7,2,Groupe scolaire Renée Fong 1,GROUPE SCOLAIRE RENEE FONG 1,6,PS_liste_06,19,5.29,1,Groupe scolaire Renée FONG,2 BIS ALLEE JEAN-LOUIS MARIE,ENSEIGNEMENT ET FORMATION,Enseignement du premier degré,Groupe scolaire,166.44418672502,-22.192372203396,etablissements_publics_nc,148,511,Dumbea/mer Est - Plaine Adam
provinciales_2019,,PS,Province Sud,988,98805,Dumbéa,DUMBEA,0017,499,368,131,359,7,2,Groupe scolaire Renée Fong 1,GROUPE SCOLAIRE RENEE FONG 1,7,PS_liste_07,28,7.8,1,Groupe scolaire Renée FONG,2 BIS ALLEE JEAN-LOUIS MARIE,ENSEIGNEMENT ET FORMATION,Enseignement du premier degré,Groupe scolaire,166.44418672502,-22.192372203396,etablissements_publics_nc,148,511,Dumbea/mer Est - Plaine Adam
provinciales_2019,,PS,Province Sud,988,98805,Dumbéa,DUMBEA,0017,499,368,131,359,7,2,Groupe scolaire Renée Fong 1,GROUPE SCOLAIRE RENEE FONG 1,8,PS_liste_08,6,1.67,1,Groupe scolaire Renée FONG,2 BIS ALLEE JEAN-LOUIS MARIE,ENSEIGNEMENT ET FORMATION,Enseignement du premier degré,Groupe scolaire,166.44418672502,-22.192372203396,etablissements_publics_nc,148,511,Dumbea/mer Est - Plaine Adam
provinciales_2019,,PS,Province Sud,988,98805,Dumbéa,DUMBEA,0017,499,368,131,359,7,2,Groupe scolaire Renée Fong 1,GROUPE SCOLAIRE RENEE FONG 1,9,PS_liste_09,7,1.95,1,Groupe scolaire Renée FONG,2 BIS ALLEE JEAN-LOUIS MARIE,ENSEIGNEMENT ET FORMATION,Enseignement du premier degré,Groupe scolaire,166.44418672502,-22.192372203396,etablissements_publics_nc,148,511,Dumbea/mer Est - Plaine Adam
provinciales_2019,,PS,Province Sud,988,98805,Dumbéa,DUMBEA,0017,499,368,131,359,7,2,Groupe scolaire Renée Fong 1,GROUPE SCOLAIRE RENEE FONG 1,10,PS_liste_10,17,4.74,1,Groupe scolaire Renée FONG,2 BIS ALLEE JEAN-LOUIS MARIE,ENSEIGNEMENT ET FORMATION,Enseignement du premier degré,Groupe scolaire,166.44418672502,-22.192372203396,etablissements_publics_nc,148,511,Dumbea/mer Est - Plaine Adam
provinciales_2019,,PS,Province Sud,988,98805,Dumbéa,DUMBEA,0017,499,368,131,359,7,2,Groupe scolaire Renée Fong 1,GROUPE SCOLAIRE RENEE FONG 1,11,PS_liste_11,55,15.32,1,Groupe scolaire Renée FONG,2 BIS ALLEE JEAN-LOUIS MARIE,ENSEIGNEMENT ET FORMATION,Enseignement du premier degré,Groupe scolaire,166.44418672502,-22.192372203396,etablissements_publics_nc,148,511,Dumbea/mer Est - Plaine Adam
provinciales_2019,,PS,Province Sud,988,98805,Dumbéa,DUMBEA,0018,602,426,176,405,16,5,Groupe scolaire Renée Fong 2,GROUPE SCOLAIRE RENEE FONG 2,1,PS_liste_01,10,2.47,1,Groupe scolaire Renée FONG,2 BIS ALLEE JEAN-LOUIS MARIE,ENSEIGNEMENT ET FORMATION,Enseignement du premier degré,Groupe scolaire,166.44418672502,-22.192372203396,etablissements_publics_nc,148,511,Dumbea/mer Est - Plaine Adam
provinciales_2019,,PS,Province Sud,988,98805,Dumbéa,DUMBEA,0018,602,426,176,405,16,5,Groupe scolaire Renée Fong 2,GROUPE SCOLAIRE RENEE FONG 2,2,PS_liste_02,7,1.73,1,Groupe scolaire Renée FONG,2 BIS ALLEE JEAN-LOUIS MARIE,ENSEIGNEMENT ET FORMATION,Enseignement du premier degré,Groupe scolaire,166.44418672502,-22.192372203396,etablissements_publics_nc,148,511,Dumbea/mer Est - Plaine Adam
provinciales_2019,,PS,Province Sud,988,98805,Dumbéa,DUMBEA,0018,602,426,176,405,16,5,Groupe scolaire Renée Fong 2,GROUPE SCOLAIRE RENEE FONG 2,3,PS_liste_03,83,20.49,1,Groupe scolaire Renée FONG,2 BIS ALLEE JEAN-LOUIS MARIE,ENSEIGNEMENT ET FORMATION,Enseignement du premier degré,Groupe scolaire,166.44418672502,-22.192372203396,etablissements_publics_nc,148,511,Dumbea/mer Est - Plaine Adam
provinciales_2019,,PS,Province Sud,988,98805,Dumbéa,DUMBEA,0018,602,426,176,405,16,5,Groupe scolaire Renée Fong 2,GROUPE SCOLAIRE RENEE FONG 2,4,PS_liste_04,17,4.2,1,Groupe scolaire Renée FONG,2 BIS ALLEE JEAN-LOUIS MARIE,ENSEIGNEMENT ET FORMATION,Enseignement du premier degré,Groupe scolaire,166.44418672502,-22.192372203396,etablissements_publics_nc,148,511,Dumbea/mer Est - Plaine Adam
provinciales_2019,,PS,Province Sud,988,98805,Dumbéa,DUMBEA,0018,602,426,176,405,16,5,Groupe scolaire Renée Fong 2,GROUPE SCOLAIRE RENEE FONG 2,5,PS_liste_05,3,0.74,1,Groupe scolaire Renée FONG,2 BIS ALLEE JEAN-LOUIS MARIE,ENSEIGNEMENT ET FORMATION,Enseignement du premier degré,Groupe scolaire,166.44418672502,-22.192372203396,etablissements_publics_nc,148,511,Dumbea/mer Est - Plaine Adam
provinciales_2019,,PS,Province Sud,988,98805,Dumbéa,DUMBEA,0018,602,426,176,405,16,5,Groupe scolaire Renée Fong 2,GROUPE SCOLAIRE RENEE FONG 2,6,PS_liste_06,82,20.25,1,Groupe scolaire Renée FONG,2 BIS ALLEE JEAN-LOUIS MARIE,ENSEIGNEMENT ET FORMATION,Enseignement du premier degré,Groupe scolaire,166.44418672502,-22.192372203396,etablissements_publics_nc,148,511,Dumbea/mer Est - Plaine Adam
provinciales_2019,,PS,Province Sud,988,98805,Dumbéa,DUMBEA,0018,602,426,176,405,16,5,Groupe scolaire Renée Fong 2,GROUPE SCOLAIRE RENEE FONG 2,7,PS_liste_07,95,23.46,1,Groupe scolaire Renée FONG,2 BIS ALLEE JEAN-LOUIS MARIE,ENSEIGNEMENT ET FORMATION,Enseignement du premier degré,Groupe scolaire,166.44418672502,-22.192372203396,etablissements_publics_nc,148,511,Dumbea/mer Est - Plaine Adam
provinciales_2019,,PS,Province Sud,988,98805,Dumbéa,DUMBEA,0018,602,426,176,405,16,5,Groupe scolaire Renée Fong 2,GROUPE SCOLAIRE RENEE FONG 2,8,PS_liste_08,11,2.72,1,Groupe scolaire Renée FONG,2 BIS ALLEE JEAN-LOUIS MARIE,ENSEIGNEMENT ET FORMATION,Enseignement du premier degré,Groupe scolaire,166.44418672502,-22.192372203396,etablissements_publics_nc,148,511,Dumbea/mer Est - Plaine Adam
provinciales_2019,,PS,Province Sud,988,98805,Dumbéa,DUMBEA,0018,602,426,176,405,16,5,Groupe scolaire Renée Fong 2,GROUPE SCOLAIRE RENEE FONG 2,9,PS_liste_09,2,0.49,1,Groupe scolaire Renée FONG,2 BIS ALLEE JEAN-LOUIS MARIE,ENSEIGNEMENT ET FORMATION,Enseignement du premier degré,Groupe scolaire,166.44418672502,-22.192372203396,etablissements_publics_nc,148,511,Dumbea/mer Est - Plaine Adam
provinciales_2019,,PS,Province Sud,988,98805,Dumbéa,DUMBEA,0018,602,426,176,405,16,5,Groupe scolaire Renée Fong 2,GROUPE SCOLAIRE RENEE FONG 2,10,PS_liste_10,21,5.19,1,Groupe scolaire Renée FONG,2 BIS ALLEE JEAN-LOUIS MARIE,ENSEIGNEMENT ET FORMATION,Enseignement du premier degré,Groupe scolaire,166.44418672502,-22.192372203396,etablissements_publics_nc,148,511,Dumbea/mer Est - Plaine Adam
provinciales_2019,,PS,Province Sud,988,98805,Dumbéa,DUMBEA,0018,602,426,176,405,16,5,Groupe scolaire Renée Fong 2,GROUPE SCOLAIRE RENEE FONG 2,11,PS_liste_11,74,18.27,1,Groupe scolaire Renée FONG,2 BIS ALLEE JEAN-LOUIS MARIE,ENSEIGNEMENT ET FORMATION,Enseignement du premier degré,Groupe scolaire,166.44418672502,-22.192372203396,etablissements_publics_nc,148,511,Dumbea/mer Est - Plaine Adam
provinciales_2019,,PS,Province Sud,988,98805,Dumbéa,DUMBEA,0019,638,447,191,437,8,2,Mairie du Nord 1,MAIRIE DU NORD 1,1,PS_liste_01,1,0.23,0.98,Mairie du Nord de Dumbéa,777 ROUTE TERRITORIALE N°1,ADMINISTRATION ET ORGANISME,Administrations des collectivités,Administration de la commune de Dumbéa,166.457501065839,-22.1675460417822,etablissements_publics_nc,149,512,Plaine de Koé
provinciales_2019,,PS,Province Sud,988,98805,Dumbéa,DUMBEA,0019,638,447,191,437,8,2,Mairie du Nord 1,MAIRIE DU NORD 1,2,PS_liste_02,32,7.32,0.98,Mairie du Nord de Dumbéa,777 ROUTE TERRITORIALE N°1,ADMINISTRATION ET ORGANISME,Administrations des collectivités,Administration de la commune de Dumbéa,166.457501065839,-22.1675460417822,etablissements_publics_nc,149,512,Plaine de Koé
provinciales_2019,,PS,Province Sud,988,98805,Dumbéa,DUMBEA,0019,638,447,191,437,8,2,Mairie du Nord 1,MAIRIE DU NORD 1,3,PS_liste_03,221,50.57,0.98,Mairie du Nord de Dumbéa,777 ROUTE TERRITORIALE N°1,ADMINISTRATION ET ORGANISME,Administrations des collectivités,Administration de la commune de Dumbéa,166.457501065839,-22.1675460417822,etablissements_publics_nc,149,512,Plaine de Koé
provinciales_2019,,PS,Province Sud,988,98805,Dumbéa,DUMBEA,0019,638,447,191,437,8,2,Mairie du Nord 1,MAIRIE DU NORD 1,4,PS_liste_04,2,0.46,0.98,Mairie du Nord de Dumbéa,777 ROUTE TERRITORIALE N°1,ADMINISTRATION ET ORGANISME,Administrations des collectivités,Administration de la commune de Dumbéa,166.457501065839,-22.1675460417822,etablissements_publics_nc,149,512,Plaine de Koé
provinciales_2019,,PS,Province Sud,988,98805,Dumbéa,DUMBEA,0019,638,447,191,437,8,2,Mairie du Nord 1,MAIRIE DU NORD 1,5,PS_liste_05,11,2.52,0.98,Mairie du Nord de Dumbéa,777 ROUTE TERRITORIALE N°1,ADMINISTRATION ET ORGANISME,Administrations des collectivités,Administration de la commune de Dumbéa,166.457501065839,-22.1675460417822,etablissements_publics_nc,149,512,Plaine de Koé
provinciales_2019,,PS,Province Sud,988,98805,Dumbéa,DUMBEA,0019,638,447,191,437,8,2,Mairie du Nord 1,MAIRIE DU NORD 1,6,PS_liste_06,26,5.95,0.98,Mairie du Nord de Dumbéa,777 ROUTE TERRITORIALE N°1,ADMINISTRATION ET ORGANISME,Administrations des collectivités,Administration de la commune de Dumbéa,166.457501065839,-22.1675460417822,etablissements_publics_nc,149,512,Plaine de Koé
provinciales_2019,,PS,Province Sud,988,98805,Dumbéa,DUMBEA,0019,638,447,191,437,8,2,Mairie du Nord 1,MAIRIE DU NORD 1,7,PS_liste_07,22,5.03,0.98,Mairie du Nord de Dumbéa,777 ROUTE TERRITORIALE N°1,ADMINISTRATION ET ORGANISME,Administrations des collectivités,Administration de la commune de Dumbéa,166.457501065839,-22.1675460417822,etablissements_publics_nc,149,512,Plaine de Koé
provinciales_2019,,PS,Province Sud,988,98805,Dumbéa,DUMBEA,0019,638,447,191,437,8,2,Mairie du Nord 1,MAIRIE DU NORD 1,8,PS_liste_08,25,5.72,0.98,Mairie du Nord de Dumbéa,777 ROUTE TERRITORIALE N°1,ADMINISTRATION ET ORGANISME,Administrations des collectivités,Administration de la commune de Dumbéa,166.457501065839,-22.1675460417822,etablissements_publics_nc,149,512,Plaine de Koé
provinciales_2019,,PS,Province Sud,988,98805,Dumbéa,DUMBEA,0019,638,447,191,437,8,2,Mairie du Nord 1,MAIRIE DU NORD 1,9,PS_liste_09,13,2.97,0.98,Mairie du Nord de Dumbéa,777 ROUTE TERRITORIALE N°1,ADMINISTRATION ET ORGANISME,Administrations des collectivités,Administration de la commune de Dumbéa,166.457501065839,-22.1675460417822,etablissements_publics_nc,149,512,Plaine de Koé
provinciales_2019,,PS,Province Sud,988,98805,Dumbéa,DUMBEA,0019,638,447,191,437,8,2,Mairie du Nord 1,MAIRIE DU NORD 1,10,PS_liste_10,7,1.6,0.98,Mairie du Nord de Dumbéa,777 ROUTE TERRITORIALE N°1,ADMINISTRATION ET ORGANISME,Administrations des collectivités,Administration de la commune de Dumbéa,166.457501065839,-22.1675460417822,etablissements_publics_nc,149,512,Plaine de Koé
provinciales_2019,,PS,Province Sud,988,98805,Dumbéa,DUMBEA,0019,638,447,191,437,8,2,Mairie du Nord 1,MAIRIE DU NORD 1,11,PS_liste_11,77,17.62,0.98,Mairie du Nord de Dumbéa,777 ROUTE TERRITORIALE N°1,ADMINISTRATION ET ORGANISME,Administrations des collectivités,Administration de la commune de Dumbéa,166.457501065839,-22.1675460417822,etablissements_publics_nc,149,512,Plaine de Koé
provinciales_2019,,PS,Province Sud,988,98805,Dumbéa,DUMBEA,0020,557,411,146,402,8,1,Mairie du Nord 2,MAIRIE DU NORD 2,1,PS_liste_01,3,0.75,0.98,Mairie du Nord de Dumbéa,777 ROUTE TERRITORIALE N°1,ADMINISTRATION ET ORGANISME,Administrations des collectivités,Administration de la commune de Dumbéa,166.457501065839,-22.1675460417822,etablissements_publics_nc,149,512,Plaine de Koé
provinciales_2019,,PS,Province Sud,988,98805,Dumbéa,DUMBEA,0020,557,411,146,402,8,1,Mairie du Nord 2,MAIRIE DU NORD 2,2,PS_liste_02,23,5.72,0.98,Mairie du Nord de Dumbéa,777 ROUTE TERRITORIALE N°1,ADMINISTRATION ET ORGANISME,Administrations des collectivités,Administration de la commune de Dumbéa,166.457501065839,-22.1675460417822,etablissements_publics_nc,149,512,Plaine de Koé
provinciales_2019,,PS,Province Sud,988,98805,Dumbéa,DUMBEA,0020,557,411,146,402,8,1,Mairie du Nord 2,MAIRIE DU NORD 2,3,PS_liste_03,232,57.71,0.98,Mairie du Nord de Dumbéa,777 ROUTE TERRITORIALE N°1,ADMINISTRATION ET ORGANISME,Administrations des collectivités,Administration de la commune de Dumbéa,166.457501065839,-22.1675460417822,etablissements_publics_nc,149,512,Plaine de Koé
provinciales_2019,,PS,Province Sud,988,98805,Dumbéa,DUMBEA,0020,557,411,146,402,8,1,Mairie du Nord 2,MAIRIE DU NORD 2,4,PS_liste_04,0,0,0.98,Mairie du Nord de Dumbéa,777 ROUTE TERRITORIALE N°1,ADMINISTRATION ET ORGANISME,Administrations des collectivités,Administration de la commune de Dumbéa,166.457501065839,-22.1675460417822,etablissements_publics_nc,149,512,Plaine de Koé
provinciales_2019,,PS,Province Sud,988,98805,Dumbéa,DUMBEA,0020,557,411,146,402,8,1,Mairie du Nord 2,MAIRIE DU NORD 2,5,PS_liste_05,3,0.75,0.98,Mairie du Nord de Dumbéa,777 ROUTE TERRITORIALE N°1,ADMINISTRATION ET ORGANISME,Administrations des collectivités,Administration de la commune de Dumbéa,166.457501065839,-22.1675460417822,etablissements_publics_nc,149,512,Plaine de Koé
provinciales_2019,,PS,Province Sud,988,98805,Dumbéa,DUMBEA,0020,557,411,146,402,8,1,Mairie du Nord 2,MAIRIE DU NORD 2,6,PS_liste_06,8,1.99,0.98,Mairie du Nord de Dumbéa,777 ROUTE TERRITORIALE N°1,ADMINISTRATION ET ORGANISME,Administrations des collectivités,Administration de la commune de Dumbéa,166.457501065839,-22.1675460417822,etablissements_publics_nc,149,512,Plaine de Koé
provinciales_2019,,PS,Province Sud,988,98805,Dumbéa,DUMBEA,0020,557,411,146,402,8,1,Mairie du Nord 2,MAIRIE DU NORD 2,7,PS_liste_07,41,10.2,0.98,Mairie du Nord de Dumbéa,777 ROUTE TERRITORIALE N°1,ADMINISTRATION ET ORGANISME,Administrations des collectivités,Administration de la commune de Dumbéa,166.457501065839,-22.1675460417822,etablissements_publics_nc,149,512,Plaine de Koé
provinciales_2019,,PS,Province Sud,988,98805,Dumbéa,DUMBEA,0020,557,411,146,402,8,1,Mairie du Nord 2,MAIRIE DU NORD 2,8,PS_liste_08,20,4.98,0.98,Mairie du Nord de Dumbéa,777 ROUTE TERRITORIALE N°1,ADMINISTRATION ET ORGANISME,Administrations des collectivités,Administration de la commune de Dumbéa,166.457501065839,-22.1675460417822,etablissements_publics_nc,149,512,Plaine de Koé
provinciales_2019,,PS,Province Sud,988,98805,Dumbéa,DUMBEA,0020,557,411,146,402,8,1,Mairie du Nord 2,MAIRIE DU NORD 2,9,PS_liste_09,10,2.49,0.98,Mairie du Nord de Dumbéa,777 ROUTE TERRITORIALE N°1,ADMINISTRATION ET ORGANISME,Administrations des collectivités,Administration de la commune de Dumbéa,166.457501065839,-22.1675460417822,etablissements_publics_nc,149,512,Plaine de Koé
provinciales_2019,,PS,Province Sud,988,98805,Dumbéa,DUMBEA,0020,557,411,146,402,8,1,Mairie du Nord 2,MAIRIE DU NORD 2,10,PS_liste_10,8,1.99,0.98,Mairie du Nord de Dumbéa,777 ROUTE TERRITORIALE N°1,ADMINISTRATION ET ORGANISME,Administrations des collectivités,Administration de la commune de Dumbéa,166.457501065839,-22.1675460417822,etablissements_publics_nc,149,512,Plaine de Koé
provinciales_2019,,PS,Province Sud,988,98805,Dumbéa,DUMBEA,0020,557,411,146,402,8,1,Mairie du Nord 2,MAIRIE DU NORD 2,11,PS_liste_11,54,13.43,0.98,Mairie du Nord de Dumbéa,777 ROUTE TERRITORIALE N°1,ADMINISTRATION ET ORGANISME,Administrations des collectivités,Administration de la commune de Dumbéa,166.457501065839,-22.1675460417822,etablissements_publics_nc,149,512,Plaine de Koé
provinciales_2019,,PS,Province Sud,988,98805,Dumbéa,DUMBEA,0021,594,403,191,394,7,2,Mairie du Nord 3,MAIRIE DU NORD 3,1,PS_liste_01,3,0.76,0.98,Mairie du Nord de Dumbéa,777 ROUTE TERRITORIALE N°1,ADMINISTRATION ET ORGANISME,Administrations des collectivités,Administration de la commune de Dumbéa,166.457501065839,-22.1675460417822,etablissements_publics_nc,149,512,Plaine de Koé
provinciales_2019,,PS,Province Sud,988,98805,Dumbéa,DUMBEA,0021,594,403,191,394,7,2,Mairie du Nord 3,MAIRIE DU NORD 3,2,PS_liste_02,12,3.05,0.98,Mairie du Nord de Dumbéa,777 ROUTE TERRITORIALE N°1,ADMINISTRATION ET ORGANISME,Administrations des collectivités,Administration de la commune de Dumbéa,166.457501065839,-22.1675460417822,etablissements_publics_nc,149,512,Plaine de Koé
provinciales_2019,,PS,Province Sud,988,98805,Dumbéa,DUMBEA,0021,594,403,191,394,7,2,Mairie du Nord 3,MAIRIE DU NORD 3,3,PS_liste_03,153,38.83,0.98,Mairie du Nord de Dumbéa,777 ROUTE TERRITORIALE N°1,ADMINISTRATION ET ORGANISME,Administrations des collectivités,Administration de la commune de Dumbéa,166.457501065839,-22.1675460417822,etablissements_publics_nc,149,512,Plaine de Koé
provinciales_2019,,PS,Province Sud,988,98805,Dumbéa,DUMBEA,0021,594,403,191,394,7,2,Mairie du Nord 3,MAIRIE DU NORD 3,4,PS_liste_04,3,0.76,0.98,Mairie du Nord de Dumbéa,777 ROUTE TERRITORIALE N°1,ADMINISTRATION ET ORGANISME,Administrations des collectivités,Administration de la commune de Dumbéa,166.457501065839,-22.1675460417822,etablissements_publics_nc,149,512,Plaine de Koé
provinciales_2019,,PS,Province Sud,988,98805,Dumbéa,DUMBEA,0021,594,403,191,394,7,2,Mairie du Nord 3,MAIRIE DU NORD 3,5,PS_liste_05,7,1.78,0.98,Mairie du Nord de Dumbéa,777 ROUTE TERRITORIALE N°1,ADMINISTRATION ET ORGANISME,Administrations des collectivités,Administration de la commune de Dumbéa,166.457501065839,-22.1675460417822,etablissements_publics_nc,149,512,Plaine de Koé
provinciales_2019,,PS,Province Sud,988,98805,Dumbéa,DUMBEA,0021,594,403,191,394,7,2,Mairie du Nord 3,MAIRIE DU NORD 3,6,PS_liste_06,94,23.86,0.98,Mairie du Nord de Dumbéa,777 ROUTE TERRITORIALE N°1,ADMINISTRATION ET ORGANISME,Administrations des collectivités,Administration de la commune de Dumbéa,166.457501065839,-22.1675460417822,etablissements_publics_nc,149,512,Plaine de Koé
provinciales_2019,,PS,Province Sud,988,98805,Dumbéa,DUMBEA,0021,594,403,191,394,7,2,Mairie du Nord 3,MAIRIE DU NORD 3,7,PS_liste_07,26,6.6,0.98,Mairie du Nord de Dumbéa,777 ROUTE TERRITORIALE N°1,ADMINISTRATION ET ORGANISME,Administrations des collectivités,Administration de la commune de Dumbéa,166.457501065839,-22.1675460417822,etablissements_publics_nc,149,512,Plaine de Koé
provinciales_2019,,PS,Province Sud,988,98805,Dumbéa,DUMBEA,0021,594,403,191,394,7,2,Mairie du Nord 3,MAIRIE DU NORD 3,8,PS_liste_08,13,3.3,0.98,Mairie du Nord de Dumbéa,777 ROUTE TERRITORIALE N°1,ADMINISTRATION ET ORGANISME,Administrations des collectivités,Administration de la commune de Dumbéa,166.457501065839,-22.1675460417822,etablissements_publics_nc,149,512,Plaine de Koé
provinciales_2019,,PS,Province Sud,988,98805,Dumbéa,DUMBEA,0021,594,403,191,394,7,2,Mairie du Nord 3,MAIRIE DU NORD 3,9,PS_liste_09,5,1.27,0.98,Mairie du Nord de Dumbéa,777 ROUTE TERRITORIALE N°1,ADMINISTRATION ET ORGANISME,Administrations des collectivités,Administration de la commune de Dumbéa,166.457501065839,-22.1675460417822,etablissements_publics_nc,149,512,Plaine de Koé
provinciales_2019,,PS,Province Sud,988,98805,Dumbéa,DUMBEA,0021,594,403,191,394,7,2,Mairie du Nord 3,MAIRIE DU NORD 3,10,PS_liste_10,15,3.81,0.98,Mairie du Nord de Dumbéa,777 ROUTE TERRITORIALE N°1,ADMINISTRATION ET ORGANISME,Administrations des collectivités,Administration de la commune de Dumbéa,166.457501065839,-22.1675460417822,etablissements_publics_nc,149,512,Plaine de Koé
provinciales_2019,,PS,Province Sud,988,98805,Dumbéa,DUMBEA,0021,594,403,191,394,7,2,Mairie du Nord 3,MAIRIE DU NORD 3,11,PS_liste_11,63,15.99,0.98,Mairie du Nord de Dumbéa,777 ROUTE TERRITORIALE N°1,ADMINISTRATION ET ORGANISME,Administrations des collectivités,Administration de la commune de Dumbéa,166.457501065839,-22.1675460417822,etablissements_publics_nc,149,512,Plaine de Koé
provinciales_2019,,PS,Province Sud,988,98805,Dumbéa,DUMBEA,0022,767,550,217,536,9,5,Ecole primaire Paul Duboisé 1,ECOLE PRIMAIRE PAUL DUBOISE 1,1,PS_liste_01,4,0.75,0.892,Ecole élémentaire Paul Duboise,42 RUE DE L'ENTREE,ENSEIGNEMENT ET FORMATION,Enseignement du premier degré,Ecole élémentaire,166.434846490836,-22.1399347171588,etablissements_publics_nc,152,515,Katiramona Sud
provinciales_2019,,PS,Province Sud,988,98805,Dumbéa,DUMBEA,0022,767,550,217,536,9,5,Ecole primaire Paul Duboisé 1,ECOLE PRIMAIRE PAUL DUBOISE 1,2,PS_liste_02,29,5.41,0.892,Ecole élémentaire Paul Duboise,42 RUE DE L'ENTREE,ENSEIGNEMENT ET FORMATION,Enseignement du premier degré,Ecole élémentaire,166.434846490836,-22.1399347171588,etablissements_publics_nc,152,515,Katiramona Sud
provinciales_2019,,PS,Province Sud,988,98805,Dumbéa,DUMBEA,0022,767,550,217,536,9,5,Ecole primaire Paul Duboisé 1,ECOLE PRIMAIRE PAUL DUBOISE 1,3,PS_liste_03,249,46.46,0.892,Ecole élémentaire Paul Duboise,42 RUE DE L'ENTREE,ENSEIGNEMENT ET FORMATION,Enseignement du premier degré,Ecole élémentaire,166.434846490836,-22.1399347171588,etablissements_publics_nc,152,515,Katiramona Sud
provinciales_2019,,PS,Province Sud,988,98805,Dumbéa,DUMBEA,0022,767,550,217,536,9,5,Ecole primaire Paul Duboisé 1,ECOLE PRIMAIRE PAUL DUBOISE 1,4,PS_liste_04,8,1.49,0.892,Ecole élémentaire Paul Duboise,42 RUE DE L'ENTREE,ENSEIGNEMENT ET FORMATION,Enseignement du premier degré,Ecole élémentaire,166.434846490836,-22.1399347171588,etablissements_publics_nc,152,515,Katiramona Sud
provinciales_2019,,PS,Province Sud,988,98805,Dumbéa,DUMBEA,0022,767,550,217,536,9,5,Ecole primaire Paul Duboisé 1,ECOLE PRIMAIRE PAUL DUBOISE 1,5,PS_liste_05,19,3.54,0.892,Ecole élémentaire Paul Duboise,42 RUE DE L'ENTREE,ENSEIGNEMENT ET FORMATION,Enseignement du premier degré,Ecole élémentaire,166.434846490836,-22.1399347171588,etablissements_publics_nc,152,515,Katiramona Sud
provinciales_2019,,PS,Province Sud,988,98805,Dumbéa,DUMBEA,0022,767,550,217,536,9,5,Ecole primaire Paul Duboisé 1,ECOLE PRIMAIRE PAUL DUBOISE 1,6,PS_liste_06,34,6.34,0.892,Ecole élémentaire Paul Duboise,42 RUE DE L'ENTREE,ENSEIGNEMENT ET FORMATION,Enseignement du premier degré,Ecole élémentaire,166.434846490836,-22.1399347171588,etablissements_publics_nc,152,515,Katiramona Sud
provinciales_2019,,PS,Province Sud,988,98805,Dumbéa,DUMBEA,0022,767,550,217,536,9,5,Ecole primaire Paul Duboisé 1,ECOLE PRIMAIRE PAUL DUBOISE 1,7,PS_liste_07,39,7.28,0.892,Ecole élémentaire Paul Duboise,42 RUE DE L'ENTREE,ENSEIGNEMENT ET FORMATION,Enseignement du premier degré,Ecole élémentaire,166.434846490836,-22.1399347171588,etablissements_publics_nc,152,515,Katiramona Sud
provinciales_2019,,PS,Province Sud,988,98805,Dumbéa,DUMBEA,0022,767,550,217,536,9,5,Ecole primaire Paul Duboisé 1,ECOLE PRIMAIRE PAUL DUBOISE 1,8,PS_liste_08,20,3.73,0.892,Ecole élémentaire Paul Duboise,42 RUE DE L'ENTREE,ENSEIGNEMENT ET FORMATION,Enseignement du premier degré,Ecole élémentaire,166.434846490836,-22.1399347171588,etablissements_publics_nc,152,515,Katiramona Sud
provinciales_2019,,PS,Province Sud,988,98805,Dumbéa,DUMBEA,0022,767,550,217,536,9,5,Ecole primaire Paul Duboisé 1,ECOLE PRIMAIRE PAUL DUBOISE 1,9,PS_liste_09,13,2.43,0.892,Ecole élémentaire Paul Duboise,42 RUE DE L'ENTREE,ENSEIGNEMENT ET FORMATION,Enseignement du premier degré,Ecole élémentaire,166.434846490836,-22.1399347171588,etablissements_publics_nc,152,515,Katiramona Sud
provinciales_2019,,PS,Province Sud,988,98805,Dumbéa,DUMBEA,0022,767,550,217,536,9,5,Ecole primaire Paul Duboisé 1,ECOLE PRIMAIRE PAUL DUBOISE 1,10,PS_liste_10,14,2.61,0.892,Ecole élémentaire Paul Duboise,42 RUE DE L'ENTREE,ENSEIGNEMENT ET FORMATION,Enseignement du premier degré,Ecole élémentaire,166.434846490836,-22.1399347171588,etablissements_publics_nc,152,515,Katiramona Sud
provinciales_2019,,PS,Province Sud,988,98805,Dumbéa,DUMBEA,0022,767,550,217,536,9,5,Ecole primaire Paul Duboisé 1,ECOLE PRIMAIRE PAUL DUBOISE 1,11,PS_liste_11,107,19.96,0.892,Ecole élémentaire Paul Duboise,42 RUE DE L'ENTREE,ENSEIGNEMENT ET FORMATION,Enseignement du premier degré,Ecole élémentaire,166.434846490836,-22.1399347171588,etablissements_publics_nc,152,515,Katiramona Sud
provinciales_2019,,PS,Province Sud,988,98805,Dumbéa,DUMBEA,0023,734,504,230,484,19,1,Ecole primaire Paul Duboisé 2,ECOLE PRIMAIRE PAUL DUBOISE 2,1,PS_liste_01,3,0.62,0.892,Ecole élémentaire Paul Duboise,42 RUE DE L'ENTREE,ENSEIGNEMENT ET FORMATION,Enseignement du premier degré,Ecole élémentaire,166.434846490836,-22.1399347171588,etablissements_publics_nc,152,515,Katiramona Sud
provinciales_2019,,PS,Province Sud,988,98805,Dumbéa,DUMBEA,0023,734,504,230,484,19,1,Ecole primaire Paul Duboisé 2,ECOLE PRIMAIRE PAUL DUBOISE 2,2,PS_liste_02,24,4.96,0.892,Ecole élémentaire Paul Duboise,42 RUE DE L'ENTREE,ENSEIGNEMENT ET FORMATION,Enseignement du premier degré,Ecole élémentaire,166.434846490836,-22.1399347171588,etablissements_publics_nc,152,515,Katiramona Sud
provinciales_2019,,PS,Province Sud,988,98805,Dumbéa,DUMBEA,0023,734,504,230,484,19,1,Ecole primaire Paul Duboisé 2,ECOLE PRIMAIRE PAUL DUBOISE 2,3,PS_liste_03,133,27.48,0.892,Ecole élémentaire Paul Duboise,42 RUE DE L'ENTREE,ENSEIGNEMENT ET FORMATION,Enseignement du premier degré,Ecole élémentaire,166.434846490836,-22.1399347171588,etablissements_publics_nc,152,515,Katiramona Sud
provinciales_2019,,PS,Province Sud,988,98805,Dumbéa,DUMBEA,0023,734,504,230,484,19,1,Ecole primaire Paul Duboisé 2,ECOLE PRIMAIRE PAUL DUBOISE 2,4,PS_liste_04,10,2.07,0.892,Ecole élémentaire Paul Duboise,42 RUE DE L'ENTREE,ENSEIGNEMENT ET FORMATION,Enseignement du premier degré,Ecole élémentaire,166.434846490836,-22.1399347171588,etablissements_publics_nc,152,515,Katiramona Sud
provinciales_2019,,PS,Province Sud,988,98805,Dumbéa,DUMBEA,0023,734,504,230,484,19,1,Ecole primaire Paul Duboisé 2,ECOLE PRIMAIRE PAUL DUBOISE 2,5,PS_liste_05,10,2.07,0.892,Ecole élémentaire Paul Duboise,42 RUE DE L'ENTREE,ENSEIGNEMENT ET FORMATION,Enseignement du premier degré,Ecole élémentaire,166.434846490836,-22.1399347171588,etablissements_publics_nc,152,515,Katiramona Sud
provinciales_2019,,PS,Province Sud,988,98805,Dumbéa,DUMBEA,0023,734,504,230,484,19,1,Ecole primaire Paul Duboisé 2,ECOLE PRIMAIRE PAUL DUBOISE 2,6,PS_liste_06,126,26.03,0.892,Ecole élémentaire Paul Duboise,42 RUE DE L'ENTREE,ENSEIGNEMENT ET FORMATION,Enseignement du premier degré,Ecole élémentaire,166.434846490836,-22.1399347171588,etablissements_publics_nc,152,515,Katiramona Sud
provinciales_2019,,PS,Province Sud,988,98805,Dumbéa,DUMBEA,0023,734,504,230,484,19,1,Ecole primaire Paul Duboisé 2,ECOLE PRIMAIRE PAUL DUBOISE 2,7,PS_liste_07,56,11.57,0.892,Ecole élémentaire Paul Duboise,42 RUE DE L'ENTREE,ENSEIGNEMENT ET FORMATION,Enseignement du premier degré,Ecole élémentaire,166.434846490836,-22.1399347171588,etablissements_publics_nc,152,515,Katiramona Sud
provinciales_2019,,PS,Province Sud,988,98805,Dumbéa,DUMBEA,0023,734,504,230,484,19,1,Ecole primaire Paul Duboisé 2,ECOLE PRIMAIRE PAUL DUBOISE 2,8,PS_liste_08,9,1.86,0.892,Ecole élémentaire Paul Duboise,42 RUE DE L'ENTREE,ENSEIGNEMENT ET FORMATION,Enseignement du premier degré,Ecole élémentaire,166.434846490836,-22.1399347171588,etablissements_publics_nc,152,515,Katiramona Sud
provinciales_2019,,PS,Province Sud,988,98805,Dumbéa,DUMBEA,0023,734,504,230,484,19,1,Ecole primaire Paul Duboisé 2,ECOLE PRIMAIRE PAUL DUBOISE 2,9,PS_liste_09,12,2.48,0.892,Ecole élémentaire Paul Duboise,42 RUE DE L'ENTREE,ENSEIGNEMENT ET FORMATION,Enseignement du premier degré,Ecole élémentaire,166.434846490836,-22.1399347171588,etablissements_publics_nc,152,515,Katiramona Sud
provinciales_2019,,PS,Province Sud,988,98805,Dumbéa,DUMBEA,0023,734,504,230,484,19,1,Ecole primaire Paul Duboisé 2,ECOLE PRIMAIRE PAUL DUBOISE 2,10,PS_liste_10,18,3.72,0.892,Ecole élémentaire Paul Duboise,42 RUE DE L'ENTREE,ENSEIGNEMENT ET FORMATION,Enseignement du premier degré,Ecole élémentaire,166.434846490836,-22.1399347171588,etablissements_publics_nc,152,515,Katiramona Sud
provinciales_2019,,PS,Province Sud,988,98805,Dumbéa,DUMBEA,0023,734,504,230,484,19,1,Ecole primaire Paul Duboisé 2,ECOLE PRIMAIRE PAUL DUBOISE 2,11,PS_liste_11,83,17.15,0.892,Ecole élémentaire Paul Duboise,42 RUE DE L'ENTREE,ENSEIGNEMENT ET FORMATION,Enseignement du premier degré,Ecole élémentaire,166.434846490836,-22.1399347171588,etablissements_publics_nc,152,515,Katiramona Sud
provinciales_2019,,PS,Province Sud,988,98805,Dumbéa,DUMBEA,0024,736,513,223,492,16,5,Ecole maternelle les Colibris,ECOLE MATERNELLE LES COLIBRIS,1,PS_liste_01,6,1.22,0.741,Ecole maternelle Les Colibris,42 RUE DE L'ENTREE,ENSEIGNEMENT ET FORMATION,Enseignement du premier degré,Ecole pré-élémentaire,166.436047169124,-22.1394710088392,etablissements_publics_nc,152,515,Katiramona Sud
provinciales_2019,,PS,Province Sud,988,98805,Dumbéa,DUMBEA,0024,736,513,223,492,16,5,Ecole maternelle les Colibris,ECOLE MATERNELLE LES COLIBRIS,2,PS_liste_02,24,4.88,0.741,Ecole maternelle Les Colibris,42 RUE DE L'ENTREE,ENSEIGNEMENT ET FORMATION,Enseignement du premier degré,Ecole pré-élémentaire,166.436047169124,-22.1394710088392,etablissements_publics_nc,152,515,Katiramona Sud
provinciales_2019,,PS,Province Sud,988,98805,Dumbéa,DUMBEA,0024,736,513,223,492,16,5,Ecole maternelle les Colibris,ECOLE MATERNELLE LES COLIBRIS,3,PS_liste_03,198,40.24,0.741,Ecole maternelle Les Colibris,42 RUE DE L'ENTREE,ENSEIGNEMENT ET FORMATION,Enseignement du premier degré,Ecole pré-élémentaire,166.436047169124,-22.1394710088392,etablissements_publics_nc,152,515,Katiramona Sud
provinciales_2019,,PS,Province Sud,988,98805,Dumbéa,DUMBEA,0024,736,513,223,492,16,5,Ecole maternelle les Colibris,ECOLE MATERNELLE LES COLIBRIS,4,PS_liste_04,11,2.24,0.741,Ecole maternelle Les Colibris,42 RUE DE L'ENTREE,ENSEIGNEMENT ET FORMATION,Enseignement du premier degré,Ecole pré-élémentaire,166.436047169124,-22.1394710088392,etablissements_publics_nc,152,515,Katiramona Sud
provinciales_2019,,PS,Province Sud,988,98805,Dumbéa,DUMBEA,0024,736,513,223,492,16,5,Ecole maternelle les Colibris,ECOLE MATERNELLE LES COLIBRIS,5,PS_liste_05,8,1.63,0.741,Ecole maternelle Les Colibris,42 RUE DE L'ENTREE,ENSEIGNEMENT ET FORMATION,Enseignement du premier degré,Ecole pré-élémentaire,166.436047169124,-22.1394710088392,etablissements_publics_nc,152,515,Katiramona Sud
provinciales_2019,,PS,Province Sud,988,98805,Dumbéa,DUMBEA,0024,736,513,223,492,16,5,Ecole maternelle les Colibris,ECOLE MATERNELLE LES COLIBRIS,6,PS_liste_06,63,12.8,0.741,Ecole maternelle Les Colibris,42 RUE DE L'ENTREE,ENSEIGNEMENT ET FORMATION,Enseignement du premier degré,Ecole pré-élémentaire,166.436047169124,-22.1394710088392,etablissements_publics_nc,152,515,Katiramona Sud
provinciales_2019,,PS,Province Sud,988,98805,Dumbéa,DUMBEA,0024,736,513,223,492,16,5,Ecole maternelle les Colibris,ECOLE MATERNELLE LES COLIBRIS,7,PS_liste_07,40,8.13,0.741,Ecole maternelle Les Colibris,42 RUE DE L'ENTREE,ENSEIGNEMENT ET FORMATION,Enseignement du premier degré,Ecole pré-élémentaire,166.436047169124,-22.1394710088392,etablissements_publics_nc,152,515,Katiramona Sud
provinciales_2019,,PS,Province Sud,988,98805,Dumbéa,DUMBEA,0024,736,513,223,492,16,5,Ecole maternelle les Colibris,ECOLE MATERNELLE LES COLIBRIS,8,PS_liste_08,16,3.25,0.741,Ecole maternelle Les Colibris,42 RUE DE L'ENTREE,ENSEIGNEMENT ET FORMATION,Enseignement du premier degré,Ecole pré-élémentaire,166.436047169124,-22.1394710088392,etablissements_publics_nc,152,515,Katiramona Sud
provinciales_2019,,PS,Province Sud,988,98805,Dumbéa,DUMBEA,0024,736,513,223,492,16,5,Ecole maternelle les Colibris,ECOLE MATERNELLE LES COLIBRIS,9,PS_liste_09,15,3.05,0.741,Ecole maternelle Les Colibris,42 RUE DE L'ENTREE,ENSEIGNEMENT ET FORMATION,Enseignement du premier degré,Ecole pré-élémentaire,166.436047169124,-22.1394710088392,etablissements_publics_nc,152,515,Katiramona Sud
provinciales_2019,,PS,Province Sud,988,98805,Dumbéa,DUMBEA,0024,736,513,223,492,16,5,Ecole maternelle les Colibris,ECOLE MATERNELLE LES COLIBRIS,10,PS_liste_10,17,3.46,0.741,Ecole maternelle Les Colibris,42 RUE DE L'ENTREE,ENSEIGNEMENT ET FORMATION,Enseignement du premier degré,Ecole pré-élémentaire,166.436047169124,-22.1394710088392,etablissements_publics_nc,152,515,Katiramona Sud
provinciales_2019,,PS,Province Sud,988,98805,Dumbéa,DUMBEA,0024,736,513,223,492,16,5,Ecole maternelle les Colibris,ECOLE MATERNELLE LES COLIBRIS,11,PS_liste_11,94,19.11,0.741,Ecole maternelle Les Colibris,42 RUE DE L'ENTREE,ENSEIGNEMENT ET FORMATION,Enseignement du premier degré,Ecole pré-élémentaire,166.436047169124,-22.1394710088392,etablissements_publics_nc,152,515,Katiramona Sud
provinciales_2019,,PS,Province Sud,988,98806,Farino,FARINO,0001,568,471,97,454,8,9,Mairie,MAIRIE,1,PS_liste_01,4,0.88,0.7,FARINO,Farino,LIEU_DIT_NC,VILLE,Farinö,165.77595416144513,-21.666848976720875,tribus_villages_nc,154,601,Farino
provinciales_2019,,PS,Province Sud,988,98806,Farino,FARINO,0001,568,471,97,454,8,9,Mairie,MAIRIE,2,PS_liste_02,23,5.07,0.7,FARINO,Farino,LIEU_DIT_NC,VILLE,Farinö,165.77595416144513,-21.666848976720875,tribus_villages_nc,154,601,Farino
provinciales_2019,,PS,Province Sud,988,98806,Farino,FARINO,0001,568,471,97,454,8,9,Mairie,MAIRIE,3,PS_liste_03,169,37.22,0.7,FARINO,Farino,LIEU_DIT_NC,VILLE,Farinö,165.77595416144513,-21.666848976720875,tribus_villages_nc,154,601,Farino
provinciales_2019,,PS,Province Sud,988,98806,Farino,FARINO,0001,568,471,97,454,8,9,Mairie,MAIRIE,4,PS_liste_04,0,0,0.7,FARINO,Farino,LIEU_DIT_NC,VILLE,Farinö,165.77595416144513,-21.666848976720875,tribus_villages_nc,154,601,Farino
provinciales_2019,,PS,Province Sud,988,98806,Farino,FARINO,0001,568,471,97,454,8,9,Mairie,MAIRIE,5,PS_liste_05,6,1.32,0.7,FARINO,Farino,LIEU_DIT_NC,VILLE,Farinö,165.77595416144513,-21.666848976720875,tribus_villages_nc,154,601,Farino
provinciales_2019,,PS,Province Sud,988,98806,Farino,FARINO,0001,568,471,97,454,8,9,Mairie,MAIRIE,6,PS_liste_06,5,1.1,0.7,FARINO,Farino,LIEU_DIT_NC,VILLE,Farinö,165.77595416144513,-21.666848976720875,tribus_villages_nc,154,601,Farino
provinciales_2019,,PS,Province Sud,988,98806,Farino,FARINO,0001,568,471,97,454,8,9,Mairie,MAIRIE,7,PS_liste_07,20,4.41,0.7,FARINO,Farino,LIEU_DIT_NC,VILLE,Farinö,165.77595416144513,-21.666848976720875,tribus_villages_nc,154,601,Farino
provinciales_2019,,PS,Province Sud,988,98806,Farino,FARINO,0001,568,471,97,454,8,9,Mairie,MAIRIE,8,PS_liste_08,12,2.64,0.7,FARINO,Farino,LIEU_DIT_NC,VILLE,Farinö,165.77595416144513,-21.666848976720875,tribus_villages_nc,154,601,Farino
provinciales_2019,,PS,Province Sud,988,98806,Farino,FARINO,0001,568,471,97,454,8,9,Mairie,MAIRIE,9,PS_liste_09,6,1.32,0.7,FARINO,Farino,LIEU_DIT_NC,VILLE,Farinö,165.77595416144513,-21.666848976720875,tribus_villages_nc,154,601,Farino
provinciales_2019,,PS,Province Sud,988,98806,Farino,FARINO,0001,568,471,97,454,8,9,Mairie,MAIRIE,10,PS_liste_10,14,3.08,0.7,FARINO,Farino,LIEU_DIT_NC,VILLE,Farinö,165.77595416144513,-21.666848976720875,tribus_villages_nc,154,601,Farino
provinciales_2019,,PS,Province Sud,988,98806,Farino,FARINO,0001,568,471,97,454,8,9,Mairie,MAIRIE,11,PS_liste_11,195,42.95,0.7,FARINO,Farino,LIEU_DIT_NC,VILLE,Farinö,165.77595416144513,-21.666848976720875,tribus_villages_nc,154,601,Farino
provinciales_2019,,PS,Province Sud,988,98809,Ile des Pins,ILEDESPINS,0001,971,604,367,596,3,5,Mairie 1,MAIRIE 1,1,PS_liste_01,31,5.2,,,,,,,167.495819,-22.66517,tidygeocoder_osm,161,901,Vao
provinciales_2019,,PS,Province Sud,988,98809,Ile des Pins,ILEDESPINS,0001,971,604,367,596,3,5,Mairie 1,MAIRIE 1,2,PS_liste_02,7,1.17,,,,,,,167.495819,-22.66517,tidygeocoder_osm,161,901,Vao
provinciales_2019,,PS,Province Sud,988,98809,Ile des Pins,ILEDESPINS,0001,971,604,367,596,3,5,Mairie 1,MAIRIE 1,3,PS_liste_03,121,20.3,,,,,,,167.495819,-22.66517,tidygeocoder_osm,161,901,Vao
provinciales_2019,,PS,Province Sud,988,98809,Ile des Pins,ILEDESPINS,0001,971,604,367,596,3,5,Mairie 1,MAIRIE 1,4,PS_liste_04,5,0.84,,,,,,,167.495819,-22.66517,tidygeocoder_osm,161,901,Vao
provinciales_2019,,PS,Province Sud,988,98809,Ile des Pins,ILEDESPINS,0001,971,604,367,596,3,5,Mairie 1,MAIRIE 1,5,PS_liste_05,2,0.34,,,,,,,167.495819,-22.66517,tidygeocoder_osm,161,901,Vao
provinciales_2019,,PS,Province Sud,988,98809,Ile des Pins,ILEDESPINS,0001,971,604,367,596,3,5,Mairie 1,MAIRIE 1,6,PS_liste_06,4,0.67,,,,,,,167.495819,-22.66517,tidygeocoder_osm,161,901,Vao
provinciales_2019,,PS,Province Sud,988,98809,Ile des Pins,ILEDESPINS,0001,971,604,367,596,3,5,Mairie 1,MAIRIE 1,7,PS_liste_07,307,51.51,,,,,,,167.495819,-22.66517,tidygeocoder_osm,161,901,Vao
provinciales_2019,,PS,Province Sud,988,98809,Ile des Pins,ILEDESPINS,0001,971,604,367,596,3,5,Mairie 1,MAIRIE 1,8,PS_liste_08,19,3.19,,,,,,,167.495819,-22.66517,tidygeocoder_osm,161,901,Vao
provinciales_2019,,PS,Province Sud,988,98809,Ile des Pins,ILEDESPINS,0001,971,604,367,596,3,5,Mairie 1,MAIRIE 1,9,PS_liste_09,12,2.01,,,,,,,167.495819,-22.66517,tidygeocoder_osm,161,901,Vao
provinciales_2019,,PS,Province Sud,988,98809,Ile des Pins,ILEDESPINS,0001,971,604,367,596,3,5,Mairie 1,MAIRIE 1,10,PS_liste_10,1,0.17,,,,,,,167.495819,-22.66517,tidygeocoder_osm,161,901,Vao
provinciales_2019,,PS,Province Sud,988,98809,Ile des Pins,ILEDESPINS,0001,971,604,367,596,3,5,Mairie 1,MAIRIE 1,11,PS_liste_11,87,14.6,,,,,,,167.495819,-22.66517,tidygeocoder_osm,161,901,Vao
provinciales_2019,,PS,Province Sud,988,98809,Ile des Pins,ILEDESPINS,0002,741,498,243,493,3,2,Batiment Communal Point 1,BATIMENT COMMUNAL POINT 1,1,PS_liste_01,9,1.83,,,,,,,167.495819,-22.66517,tidygeocoder_osm,161,901,Vao
provinciales_2019,,PS,Province Sud,988,98809,Ile des Pins,ILEDESPINS,0002,741,498,243,493,3,2,Batiment Communal Point 1,BATIMENT COMMUNAL POINT 1,2,PS_liste_02,5,1.01,,,,,,,167.495819,-22.66517,tidygeocoder_osm,161,901,Vao
provinciales_2019,,PS,Province Sud,988,98809,Ile des Pins,ILEDESPINS,0002,741,498,243,493,3,2,Batiment Communal Point 1,BATIMENT COMMUNAL POINT 1,3,PS_liste_03,78,15.82,,,,,,,167.495819,-22.66517,tidygeocoder_osm,161,901,Vao
provinciales_2019,,PS,Province Sud,988,98809,Ile des Pins,ILEDESPINS,0002,741,498,243,493,3,2,Batiment Communal Point 1,BATIMENT COMMUNAL POINT 1,4,PS_liste_04,3,0.61,,,,,,,167.495819,-22.66517,tidygeocoder_osm,161,901,Vao
provinciales_2019,,PS,Province Sud,988,98809,Ile des Pins,ILEDESPINS,0002,741,498,243,493,3,2,Batiment Communal Point 1,BATIMENT COMMUNAL POINT 1,5,PS_liste_05,0,0,,,,,,,167.495819,-22.66517,tidygeocoder_osm,161,901,Vao
provinciales_2019,,PS,Province Sud,988,98809,Ile des Pins,ILEDESPINS,0002,741,498,243,493,3,2,Batiment Communal Point 1,BATIMENT COMMUNAL POINT 1,6,PS_liste_06,1,0.2,,,,,,,167.495819,-22.66517,tidygeocoder_osm,161,901,Vao
provinciales_2019,,PS,Province Sud,988,98809,Ile des Pins,ILEDESPINS,0002,741,498,243,493,3,2,Batiment Communal Point 1,BATIMENT COMMUNAL POINT 1,7,PS_liste_07,315,63.89,,,,,,,167.495819,-22.66517,tidygeocoder_osm,161,901,Vao
provinciales_2019,,PS,Province Sud,988,98809,Ile des Pins,ILEDESPINS,0002,741,498,243,493,3,2,Batiment Communal Point 1,BATIMENT COMMUNAL POINT 1,8,PS_liste_08,10,2.03,,,,,,,167.495819,-22.66517,tidygeocoder_osm,161,901,Vao
provinciales_2019,,PS,Province Sud,988,98809,Ile des Pins,ILEDESPINS,0002,741,498,243,493,3,2,Batiment Communal Point 1,BATIMENT COMMUNAL POINT 1,9,PS_liste_09,6,1.22,,,,,,,167.495819,-22.66517,tidygeocoder_osm,161,901,Vao
provinciales_2019,,PS,Province Sud,988,98809,Ile des Pins,ILEDESPINS,0002,741,498,243,493,3,2,Batiment Communal Point 1,BATIMENT COMMUNAL POINT 1,10,PS_liste_10,5,1.01,,,,,,,167.495819,-22.66517,tidygeocoder_osm,161,901,Vao
provinciales_2019,,PS,Province Sud,988,98809,Ile des Pins,ILEDESPINS,0002,741,498,243,493,3,2,Batiment Communal Point 1,BATIMENT COMMUNAL POINT 1,11,PS_liste_11,61,12.37,,,,,,,167.495819,-22.66517,tidygeocoder_osm,161,901,Vao
provinciales_2019,,PS,Province Sud,988,98813,La Foa,LAFOA,0001,865,646,219,624,11,11,Centre Socio-Culturel 1,CENTRE SOCIO CULTUREL 1,1,PS_liste_01,3,0.48,,,,,,,165.82495689060195,-21.708500844468237,arrete_manual_tribus,12,1301,La Foa village
provinciales_2019,,PS,Province Sud,988,98813,La Foa,LAFOA,0001,865,646,219,624,11,11,Centre Socio-Culturel 1,CENTRE SOCIO CULTUREL 1,2,PS_liste_02,20,3.21,,,,,,,165.82495689060195,-21.708500844468237,arrete_manual_tribus,12,1301,La Foa village
provinciales_2019,,PS,Province Sud,988,98813,La Foa,LAFOA,0001,865,646,219,624,11,11,Centre Socio-Culturel 1,CENTRE SOCIO CULTUREL 1,3,PS_liste_03,166,26.6,,,,,,,165.82495689060195,-21.708500844468237,arrete_manual_tribus,12,1301,La Foa village
provinciales_2019,,PS,Province Sud,988,98813,La Foa,LAFOA,0001,865,646,219,624,11,11,Centre Socio-Culturel 1,CENTRE SOCIO CULTUREL 1,4,PS_liste_04,13,2.08,,,,,,,165.82495689060195,-21.708500844468237,arrete_manual_tribus,12,1301,La Foa village
provinciales_2019,,PS,Province Sud,988,98813,La Foa,LAFOA,0001,865,646,219,624,11,11,Centre Socio-Culturel 1,CENTRE SOCIO CULTUREL 1,5,PS_liste_05,1,0.16,,,,,,,165.82495689060195,-21.708500844468237,arrete_manual_tribus,12,1301,La Foa village
provinciales_2019,,PS,Province Sud,988,98813,La Foa,LAFOA,0001,865,646,219,624,11,11,Centre Socio-Culturel 1,CENTRE SOCIO CULTUREL 1,6,PS_liste_06,34,5.45,,,,,,,165.82495689060195,-21.708500844468237,arrete_manual_tribus,12,1301,La Foa village
provinciales_2019,,PS,Province Sud,988,98813,La Foa,LAFOA,0001,865,646,219,624,11,11,Centre Socio-Culturel 1,CENTRE SOCIO CULTUREL 1,7,PS_liste_07,96,15.38,,,,,,,165.82495689060195,-21.708500844468237,arrete_manual_tribus,12,1301,La Foa village
provinciales_2019,,PS,Province Sud,988,98813,La Foa,LAFOA,0001,865,646,219,624,11,11,Centre Socio-Culturel 1,CENTRE SOCIO CULTUREL 1,8,PS_liste_08,8,1.28,,,,,,,165.82495689060195,-21.708500844468237,arrete_manual_tribus,12,1301,La Foa village
provinciales_2019,,PS,Province Sud,988,98813,La Foa,LAFOA,0001,865,646,219,624,11,11,Centre Socio-Culturel 1,CENTRE SOCIO CULTUREL 1,9,PS_liste_09,18,2.88,,,,,,,165.82495689060195,-21.708500844468237,arrete_manual_tribus,12,1301,La Foa village
provinciales_2019,,PS,Province Sud,988,98813,La Foa,LAFOA,0001,865,646,219,624,11,11,Centre Socio-Culturel 1,CENTRE SOCIO CULTUREL 1,10,PS_liste_10,11,1.76,,,,,,,165.82495689060195,-21.708500844468237,arrete_manual_tribus,12,1301,La Foa village
provinciales_2019,,PS,Province Sud,988,98813,La Foa,LAFOA,0001,865,646,219,624,11,11,Centre Socio-Culturel 1,CENTRE SOCIO CULTUREL 1,11,PS_liste_11,254,40.71,,,,,,,165.82495689060195,-21.708500844468237,arrete_manual_tribus,12,1301,La Foa village
provinciales_2019,,PS,Province Sud,988,98813,La Foa,LAFOA,0002,677,505,172,492,9,4,Centre Socio Culturel 2,CENTRE SOCIO CULTUREL 2,1,PS_liste_01,3,0.61,,,,,,,165.82495689060195,-21.708500844468237,arrete_manual_tribus,12,1301,La Foa village
provinciales_2019,,PS,Province Sud,988,98813,La Foa,LAFOA,0002,677,505,172,492,9,4,Centre Socio Culturel 2,CENTRE SOCIO CULTUREL 2,2,PS_liste_02,14,2.85,,,,,,,165.82495689060195,-21.708500844468237,arrete_manual_tribus,12,1301,La Foa village
provinciales_2019,,PS,Province Sud,988,98813,La Foa,LAFOA,0002,677,505,172,492,9,4,Centre Socio Culturel 2,CENTRE SOCIO CULTUREL 2,3,PS_liste_03,128,26.02,,,,,,,165.82495689060195,-21.708500844468237,arrete_manual_tribus,12,1301,La Foa village
provinciales_2019,,PS,Province Sud,988,98813,La Foa,LAFOA,0002,677,505,172,492,9,4,Centre Socio Culturel 2,CENTRE SOCIO CULTUREL 2,4,PS_liste_04,11,2.24,,,,,,,165.82495689060195,-21.708500844468237,arrete_manual_tribus,12,1301,La Foa village
provinciales_2019,,PS,Province Sud,988,98813,La Foa,LAFOA,0002,677,505,172,492,9,4,Centre Socio Culturel 2,CENTRE SOCIO CULTUREL 2,5,PS_liste_05,2,0.41,,,,,,,165.82495689060195,-21.708500844468237,arrete_manual_tribus,12,1301,La Foa village
provinciales_2019,,PS,Province Sud,988,98813,La Foa,LAFOA,0002,677,505,172,492,9,4,Centre Socio Culturel 2,CENTRE SOCIO CULTUREL 2,6,PS_liste_06,4,0.81,,,,,,,165.82495689060195,-21.708500844468237,arrete_manual_tribus,12,1301,La Foa village
provinciales_2019,,PS,Province Sud,988,98813,La Foa,LAFOA,0002,677,505,172,492,9,4,Centre Socio Culturel 2,CENTRE SOCIO CULTUREL 2,7,PS_liste_07,169,34.35,,,,,,,165.82495689060195,-21.708500844468237,arrete_manual_tribus,12,1301,La Foa village
provinciales_2019,,PS,Province Sud,988,98813,La Foa,LAFOA,0002,677,505,172,492,9,4,Centre Socio Culturel 2,CENTRE SOCIO CULTUREL 2,8,PS_liste_08,11,2.24,,,,,,,165.82495689060195,-21.708500844468237,arrete_manual_tribus,12,1301,La Foa village
provinciales_2019,,PS,Province Sud,988,98813,La Foa,LAFOA,0002,677,505,172,492,9,4,Centre Socio Culturel 2,CENTRE SOCIO CULTUREL 2,9,PS_liste_09,3,0.61,,,,,,,165.82495689060195,-21.708500844468237,arrete_manual_tribus,12,1301,La Foa village
provinciales_2019,,PS,Province Sud,988,98813,La Foa,LAFOA,0002,677,505,172,492,9,4,Centre Socio Culturel 2,CENTRE SOCIO CULTUREL 2,10,PS_liste_10,9,1.83,,,,,,,165.82495689060195,-21.708500844468237,arrete_manual_tribus,12,1301,La Foa village
provinciales_2019,,PS,Province Sud,988,98813,La Foa,LAFOA,0002,677,505,172,492,9,4,Centre Socio Culturel 2,CENTRE SOCIO CULTUREL 2,11,PS_liste_11,138,28.05,,,,,,,165.82495689060195,-21.708500844468237,arrete_manual_tribus,12,1301,La Foa village
provinciales_2019,,PS,Province Sud,988,98813,La Foa,LAFOA,0003,795,617,178,597,14,6,Centre Socio-Culturel 3,CENTRE SOCIO CULTUREL 3,1,PS_liste_01,10,1.68,,,,,,,165.82495689060195,-21.708500844468237,arrete_manual_tribus,12,1301,La Foa village
provinciales_2019,,PS,Province Sud,988,98813,La Foa,LAFOA,0003,795,617,178,597,14,6,Centre Socio-Culturel 3,CENTRE SOCIO CULTUREL 3,2,PS_liste_02,16,2.68,,,,,,,165.82495689060195,-21.708500844468237,arrete_manual_tribus,12,1301,La Foa village
provinciales_2019,,PS,Province Sud,988,98813,La Foa,LAFOA,0003,795,617,178,597,14,6,Centre Socio-Culturel 3,CENTRE SOCIO CULTUREL 3,3,PS_liste_03,155,25.96,,,,,,,165.82495689060195,-21.708500844468237,arrete_manual_tribus,12,1301,La Foa village
provinciales_2019,,PS,Province Sud,988,98813,La Foa,LAFOA,0003,795,617,178,597,14,6,Centre Socio-Culturel 3,CENTRE SOCIO CULTUREL 3,4,PS_liste_04,24,4.02,,,,,,,165.82495689060195,-21.708500844468237,arrete_manual_tribus,12,1301,La Foa village
provinciales_2019,,PS,Province Sud,988,98813,La Foa,LAFOA,0003,795,617,178,597,14,6,Centre Socio-Culturel 3,CENTRE SOCIO CULTUREL 3,5,PS_liste_05,1,0.17,,,,,,,165.82495689060195,-21.708500844468237,arrete_manual_tribus,12,1301,La Foa village
provinciales_2019,,PS,Province Sud,988,98813,La Foa,LAFOA,0003,795,617,178,597,14,6,Centre Socio-Culturel 3,CENTRE SOCIO CULTUREL 3,6,PS_liste_06,41,6.87,,,,,,,165.82495689060195,-21.708500844468237,arrete_manual_tribus,12,1301,La Foa village
provinciales_2019,,PS,Province Sud,988,98813,La Foa,LAFOA,0003,795,617,178,597,14,6,Centre Socio-Culturel 3,CENTRE SOCIO CULTUREL 3,7,PS_liste_07,123,20.6,,,,,,,165.82495689060195,-21.708500844468237,arrete_manual_tribus,12,1301,La Foa village
provinciales_2019,,PS,Province Sud,988,98813,La Foa,LAFOA,0003,795,617,178,597,14,6,Centre Socio-Culturel 3,CENTRE SOCIO CULTUREL 3,8,PS_liste_08,19,3.18,,,,,,,165.82495689060195,-21.708500844468237,arrete_manual_tribus,12,1301,La Foa village
provinciales_2019,,PS,Province Sud,988,98813,La Foa,LAFOA,0003,795,617,178,597,14,6,Centre Socio-Culturel 3,CENTRE SOCIO CULTUREL 3,9,PS_liste_09,15,2.51,,,,,,,165.82495689060195,-21.708500844468237,arrete_manual_tribus,12,1301,La Foa village
provinciales_2019,,PS,Province Sud,988,98813,La Foa,LAFOA,0003,795,617,178,597,14,6,Centre Socio-Culturel 3,CENTRE SOCIO CULTUREL 3,10,PS_liste_10,7,1.17,,,,,,,165.82495689060195,-21.708500844468237,arrete_manual_tribus,12,1301,La Foa village
provinciales_2019,,PS,Province Sud,988,98813,La Foa,LAFOA,0003,795,617,178,597,14,6,Centre Socio-Culturel 3,CENTRE SOCIO CULTUREL 3,11,PS_liste_11,186,31.16,,,,,,,165.82495689060195,-21.708500844468237,arrete_manual_tribus,12,1301,La Foa village
provinciales_2019,,PS,Province Sud,988,98813,La Foa,LAFOA,0004,568,437,131,426,8,3,Centre Socio-Culturel 4,CENTRE SOCIO CULTUREL 4,1,PS_liste_01,6,1.41,,,,,,,165.82495689060195,-21.708500844468237,arrete_manual_tribus,12,1301,La Foa village
provinciales_2019,,PS,Province Sud,988,98813,La Foa,LAFOA,0004,568,437,131,426,8,3,Centre Socio-Culturel 4,CENTRE SOCIO CULTUREL 4,2,PS_liste_02,8,1.88,,,,,,,165.82495689060195,-21.708500844468237,arrete_manual_tribus,12,1301,La Foa village
provinciales_2019,,PS,Province Sud,988,98813,La Foa,LAFOA,0004,568,437,131,426,8,3,Centre Socio-Culturel 4,CENTRE SOCIO CULTUREL 4,3,PS_liste_03,119,27.93,,,,,,,165.82495689060195,-21.708500844468237,arrete_manual_tribus,12,1301,La Foa village
provinciales_2019,,PS,Province Sud,988,98813,La Foa,LAFOA,0004,568,437,131,426,8,3,Centre Socio-Culturel 4,CENTRE SOCIO CULTUREL 4,4,PS_liste_04,15,3.52,,,,,,,165.82495689060195,-21.708500844468237,arrete_manual_tribus,12,1301,La Foa village
provinciales_2019,,PS,Province Sud,988,98813,La Foa,LAFOA,0004,568,437,131,426,8,3,Centre Socio-Culturel 4,CENTRE SOCIO CULTUREL 4,5,PS_liste_05,6,1.41,,,,,,,165.82495689060195,-21.708500844468237,arrete_manual_tribus,12,1301,La Foa village
provinciales_2019,,PS,Province Sud,988,98813,La Foa,LAFOA,0004,568,437,131,426,8,3,Centre Socio-Culturel 4,CENTRE SOCIO CULTUREL 4,6,PS_liste_06,24,5.63,,,,,,,165.82495689060195,-21.708500844468237,arrete_manual_tribus,12,1301,La Foa village
provinciales_2019,,PS,Province Sud,988,98813,La Foa,LAFOA,0004,568,437,131,426,8,3,Centre Socio-Culturel 4,CENTRE SOCIO CULTUREL 4,7,PS_liste_07,72,16.9,,,,,,,165.82495689060195,-21.708500844468237,arrete_manual_tribus,12,1301,La Foa village
provinciales_2019,,PS,Province Sud,988,98813,La Foa,LAFOA,0004,568,437,131,426,8,3,Centre Socio-Culturel 4,CENTRE SOCIO CULTUREL 4,8,PS_liste_08,10,2.35,,,,,,,165.82495689060195,-21.708500844468237,arrete_manual_tribus,12,1301,La Foa village
provinciales_2019,,PS,Province Sud,988,98813,La Foa,LAFOA,0004,568,437,131,426,8,3,Centre Socio-Culturel 4,CENTRE SOCIO CULTUREL 4,9,PS_liste_09,10,2.35,,,,,,,165.82495689060195,-21.708500844468237,arrete_manual_tribus,12,1301,La Foa village
provinciales_2019,,PS,Province Sud,988,98813,La Foa,LAFOA,0004,568,437,131,426,8,3,Centre Socio-Culturel 4,CENTRE SOCIO CULTUREL 4,10,PS_liste_10,8,1.88,,,,,,,165.82495689060195,-21.708500844468237,arrete_manual_tribus,12,1301,La Foa village
provinciales_2019,,PS,Province Sud,988,98813,La Foa,LAFOA,0004,568,437,131,426,8,3,Centre Socio-Culturel 4,CENTRE SOCIO CULTUREL 4,11,PS_liste_11,148,34.74,,,,,,,165.82495689060195,-21.708500844468237,arrete_manual_tribus,12,1301,La Foa village
provinciales_2019,,PS,Province Sud,988,98816,Moindou,MOINDOU,0001,755,591,164,579,4,8,Mairie,MAIRIE,1,PS_liste_01,39,6.74,0.7,MOINDOU,Moindou,LIEU_DIT_NC,VILLE,Mére Mwêro,165.67695619871748,-21.69271000327087,tribus_villages_nc,20,1601,Moindou
provinciales_2019,,PS,Province Sud,988,98816,Moindou,MOINDOU,0001,755,591,164,579,4,8,Mairie,MAIRIE,2,PS_liste_02,17,2.94,0.7,MOINDOU,Moindou,LIEU_DIT_NC,VILLE,Mére Mwêro,165.67695619871748,-21.69271000327087,tribus_villages_nc,20,1601,Moindou
provinciales_2019,,PS,Province Sud,988,98816,Moindou,MOINDOU,0001,755,591,164,579,4,8,Mairie,MAIRIE,3,PS_liste_03,141,24.35,0.7,MOINDOU,Moindou,LIEU_DIT_NC,VILLE,Mére Mwêro,165.67695619871748,-21.69271000327087,tribus_villages_nc,20,1601,Moindou
provinciales_2019,,PS,Province Sud,988,98816,Moindou,MOINDOU,0001,755,591,164,579,4,8,Mairie,MAIRIE,4,PS_liste_04,8,1.38,0.7,MOINDOU,Moindou,LIEU_DIT_NC,VILLE,Mére Mwêro,165.67695619871748,-21.69271000327087,tribus_villages_nc,20,1601,Moindou
provinciales_2019,,PS,Province Sud,988,98816,Moindou,MOINDOU,0001,755,591,164,579,4,8,Mairie,MAIRIE,5,PS_liste_05,4,0.69,0.7,MOINDOU,Moindou,LIEU_DIT_NC,VILLE,Mére Mwêro,165.67695619871748,-21.69271000327087,tribus_villages_nc,20,1601,Moindou
provinciales_2019,,PS,Province Sud,988,98816,Moindou,MOINDOU,0001,755,591,164,579,4,8,Mairie,MAIRIE,6,PS_liste_06,1,0.17,0.7,MOINDOU,Moindou,LIEU_DIT_NC,VILLE,Mére Mwêro,165.67695619871748,-21.69271000327087,tribus_villages_nc,20,1601,Moindou
provinciales_2019,,PS,Province Sud,988,98816,Moindou,MOINDOU,0001,755,591,164,579,4,8,Mairie,MAIRIE,7,PS_liste_07,201,34.72,0.7,MOINDOU,Moindou,LIEU_DIT_NC,VILLE,Mére Mwêro,165.67695619871748,-21.69271000327087,tribus_villages_nc,20,1601,Moindou
provinciales_2019,,PS,Province Sud,988,98816,Moindou,MOINDOU,0001,755,591,164,579,4,8,Mairie,MAIRIE,8,PS_liste_08,15,2.59,0.7,MOINDOU,Moindou,LIEU_DIT_NC,VILLE,Mére Mwêro,165.67695619871748,-21.69271000327087,tribus_villages_nc,20,1601,Moindou
provinciales_2019,,PS,Province Sud,988,98816,Moindou,MOINDOU,0001,755,591,164,579,4,8,Mairie,MAIRIE,9,PS_liste_09,6,1.04,0.7,MOINDOU,Moindou,LIEU_DIT_NC,VILLE,Mére Mwêro,165.67695619871748,-21.69271000327087,tribus_villages_nc,20,1601,Moindou
provinciales_2019,,PS,Province Sud,988,98816,Moindou,MOINDOU,0001,755,591,164,579,4,8,Mairie,MAIRIE,10,PS_liste_10,7,1.21,0.7,MOINDOU,Moindou,LIEU_DIT_NC,VILLE,Mére Mwêro,165.67695619871748,-21.69271000327087,tribus_villages_nc,20,1601,Moindou
provinciales_2019,,PS,Province Sud,988,98816,Moindou,MOINDOU,0001,755,591,164,579,4,8,Mairie,MAIRIE,11,PS_liste_11,140,24.18,0.7,MOINDOU,Moindou,LIEU_DIT_NC,VILLE,Mére Mwêro,165.67695619871748,-21.69271000327087,tribus_villages_nc,20,1601,Moindou
provinciales_2019,,PS,Province Sud,988,98817,Mont-Dore,MONTDORE,0001,640,430,210,417,10,3,Mairie,MAIRIE,1,PS_liste_01,13,3.12,0.727,Marina de Port Boulari,RUE DES THAZARDS,PARC ESPACE PUBLIC ET LOISIR,Espaces de loisirs,Marinas port de plaisance et port à sec,166.523722376157,-22.2317078297453,etablissements_publics_nc,,,
provinciales_2019,,PS,Province Sud,988,98817,Mont-Dore,MONTDORE,0001,640,430,210,417,10,3,Mairie,MAIRIE,2,PS_liste_02,30,7.19,0.727,Marina de Port Boulari,RUE DES THAZARDS,PARC ESPACE PUBLIC ET LOISIR,Espaces de loisirs,Marinas port de plaisance et port à sec,166.523722376157,-22.2317078297453,etablissements_publics_nc,,,
provinciales_2019,,PS,Province Sud,988,98817,Mont-Dore,MONTDORE,0001,640,430,210,417,10,3,Mairie,MAIRIE,3,PS_liste_03,145,34.77,0.727,Marina de Port Boulari,RUE DES THAZARDS,PARC ESPACE PUBLIC ET LOISIR,Espaces de loisirs,Marinas port de plaisance et port à sec,166.523722376157,-22.2317078297453,etablissements_publics_nc,,,
provinciales_2019,,PS,Province Sud,988,98817,Mont-Dore,MONTDORE,0001,640,430,210,417,10,3,Mairie,MAIRIE,4,PS_liste_04,7,1.68,0.727,Marina de Port Boulari,RUE DES THAZARDS,PARC ESPACE PUBLIC ET LOISIR,Espaces de loisirs,Marinas port de plaisance et port à sec,166.523722376157,-22.2317078297453,etablissements_publics_nc,,,
provinciales_2019,,PS,Province Sud,988,98817,Mont-Dore,MONTDORE,0001,640,430,210,417,10,3,Mairie,MAIRIE,5,PS_liste_05,3,0.72,0.727,Marina de Port Boulari,RUE DES THAZARDS,PARC ESPACE PUBLIC ET LOISIR,Espaces de loisirs,Marinas port de plaisance et port à sec,166.523722376157,-22.2317078297453,etablissements_publics_nc,,,
provinciales_2019,,PS,Province Sud,988,98817,Mont-Dore,MONTDORE,0001,640,430,210,417,10,3,Mairie,MAIRIE,6,PS_liste_06,35,8.39,0.727,Marina de Port Boulari,RUE DES THAZARDS,PARC ESPACE PUBLIC ET LOISIR,Espaces de loisirs,Marinas port de plaisance et port à sec,166.523722376157,-22.2317078297453,etablissements_publics_nc,,,
provinciales_2019,,PS,Province Sud,988,98817,Mont-Dore,MONTDORE,0001,640,430,210,417,10,3,Mairie,MAIRIE,7,PS_liste_07,66,15.83,0.727,Marina de Port Boulari,RUE DES THAZARDS,PARC ESPACE PUBLIC ET LOISIR,Espaces de loisirs,Marinas port de plaisance et port à sec,166.523722376157,-22.2317078297453,etablissements_publics_nc,,,
provinciales_2019,,PS,Province Sud,988,98817,Mont-Dore,MONTDORE,0001,640,430,210,417,10,3,Mairie,MAIRIE,8,PS_liste_08,8,1.92,0.727,Marina de Port Boulari,RUE DES THAZARDS,PARC ESPACE PUBLIC ET LOISIR,Espaces de loisirs,Marinas port de plaisance et port à sec,166.523722376157,-22.2317078297453,etablissements_publics_nc,,,
provinciales_2019,,PS,Province Sud,988,98817,Mont-Dore,MONTDORE,0001,640,430,210,417,10,3,Mairie,MAIRIE,9,PS_liste_09,18,4.32,0.727,Marina de Port Boulari,RUE DES THAZARDS,PARC ESPACE PUBLIC ET LOISIR,Espaces de loisirs,Marinas port de plaisance et port à sec,166.523722376157,-22.2317078297453,etablissements_publics_nc,,,
provinciales_2019,,PS,Province Sud,988,98817,Mont-Dore,MONTDORE,0001,640,430,210,417,10,3,Mairie,MAIRIE,10,PS_liste_10,19,4.56,0.727,Marina de Port Boulari,RUE DES THAZARDS,PARC ESPACE PUBLIC ET LOISIR,Espaces de loisirs,Marinas port de plaisance et port à sec,166.523722376157,-22.2317078297453,etablissements_publics_nc,,,
provinciales_2019,,PS,Province Sud,988,98817,Mont-Dore,MONTDORE,0001,640,430,210,417,10,3,Mairie,MAIRIE,11,PS_liste_11,73,17.51,0.727,Marina de Port Boulari,RUE DES THAZARDS,PARC ESPACE PUBLIC ET LOISIR,Espaces de loisirs,Marinas port de plaisance et port à sec,166.523722376157,-22.2317078297453,etablissements_publics_nc,,,
provinciales_2019,,PS,Province Sud,988,98817,Mont-Dore,MONTDORE,0002,448,292,156,279,9,4,Groupe scolaire Hélène CHANEL,GROUPE SCOLAIRE HELENE CHANEL,1,PS_liste_01,4,1.43,1,Groupe scolaire Hélène Chaniel,105 RUE HELENE CHANIEL,ENSEIGNEMENT ET FORMATION,Enseignement du premier degré,Groupe scolaire,166.485528594387,-22.2217711398288,etablissements_publics_nc,23,1703,Pont des Fran‡ais
provinciales_2019,,PS,Province Sud,988,98817,Mont-Dore,MONTDORE,0002,448,292,156,279,9,4,Groupe scolaire Hélène CHANEL,GROUPE SCOLAIRE HELENE CHANEL,2,PS_liste_02,13,4.66,1,Groupe scolaire Hélène Chaniel,105 RUE HELENE CHANIEL,ENSEIGNEMENT ET FORMATION,Enseignement du premier degré,Groupe scolaire,166.485528594387,-22.2217711398288,etablissements_publics_nc,23,1703,Pont des Fran‡ais
provinciales_2019,,PS,Province Sud,988,98817,Mont-Dore,MONTDORE,0002,448,292,156,279,9,4,Groupe scolaire Hélène CHANEL,GROUPE SCOLAIRE HELENE CHANEL,3,PS_liste_03,147,52.69,1,Groupe scolaire Hélène Chaniel,105 RUE HELENE CHANIEL,ENSEIGNEMENT ET FORMATION,Enseignement du premier degré,Groupe scolaire,166.485528594387,-22.2217711398288,etablissements_publics_nc,23,1703,Pont des Fran‡ais
provinciales_2019,,PS,Province Sud,988,98817,Mont-Dore,MONTDORE,0002,448,292,156,279,9,4,Groupe scolaire Hélène CHANEL,GROUPE SCOLAIRE HELENE CHANEL,4,PS_liste_04,3,1.08,1,Groupe scolaire Hélène Chaniel,105 RUE HELENE CHANIEL,ENSEIGNEMENT ET FORMATION,Enseignement du premier degré,Groupe scolaire,166.485528594387,-22.2217711398288,etablissements_publics_nc,23,1703,Pont des Fran‡ais
provinciales_2019,,PS,Province Sud,988,98817,Mont-Dore,MONTDORE,0002,448,292,156,279,9,4,Groupe scolaire Hélène CHANEL,GROUPE SCOLAIRE HELENE CHANEL,5,PS_liste_05,2,0.72,1,Groupe scolaire Hélène Chaniel,105 RUE HELENE CHANIEL,ENSEIGNEMENT ET FORMATION,Enseignement du premier degré,Groupe scolaire,166.485528594387,-22.2217711398288,etablissements_publics_nc,23,1703,Pont des Fran‡ais
provinciales_2019,,PS,Province Sud,988,98817,Mont-Dore,MONTDORE,0002,448,292,156,279,9,4,Groupe scolaire Hélène CHANEL,GROUPE SCOLAIRE HELENE CHANEL,6,PS_liste_06,15,5.38,1,Groupe scolaire Hélène Chaniel,105 RUE HELENE CHANIEL,ENSEIGNEMENT ET FORMATION,Enseignement du premier degré,Groupe scolaire,166.485528594387,-22.2217711398288,etablissements_publics_nc,23,1703,Pont des Fran‡ais
provinciales_2019,,PS,Province Sud,988,98817,Mont-Dore,MONTDORE,0002,448,292,156,279,9,4,Groupe scolaire Hélène CHANEL,GROUPE SCOLAIRE HELENE CHANEL,7,PS_liste_07,13,4.66,1,Groupe scolaire Hélène Chaniel,105 RUE HELENE CHANIEL,ENSEIGNEMENT ET FORMATION,Enseignement du premier degré,Groupe scolaire,166.485528594387,-22.2217711398288,etablissements_publics_nc,23,1703,Pont des Fran‡ais
provinciales_2019,,PS,Province Sud,988,98817,Mont-Dore,MONTDORE,0002,448,292,156,279,9,4,Groupe scolaire Hélène CHANEL,GROUPE SCOLAIRE HELENE CHANEL,8,PS_liste_08,9,3.23,1,Groupe scolaire Hélène Chaniel,105 RUE HELENE CHANIEL,ENSEIGNEMENT ET FORMATION,Enseignement du premier degré,Groupe scolaire,166.485528594387,-22.2217711398288,etablissements_publics_nc,23,1703,Pont des Fran‡ais
provinciales_2019,,PS,Province Sud,988,98817,Mont-Dore,MONTDORE,0002,448,292,156,279,9,4,Groupe scolaire Hélène CHANEL,GROUPE SCOLAIRE HELENE CHANEL,9,PS_liste_09,5,1.79,1,Groupe scolaire Hélène Chaniel,105 RUE HELENE CHANIEL,ENSEIGNEMENT ET FORMATION,Enseignement du premier degré,Groupe scolaire,166.485528594387,-22.2217711398288,etablissements_publics_nc,23,1703,Pont des Fran‡ais
provinciales_2019,,PS,Province Sud,988,98817,Mont-Dore,MONTDORE,0002,448,292,156,279,9,4,Groupe scolaire Hélène CHANEL,GROUPE SCOLAIRE HELENE CHANEL,10,PS_liste_10,5,1.79,1,Groupe scolaire Hélène Chaniel,105 RUE HELENE CHANIEL,ENSEIGNEMENT ET FORMATION,Enseignement du premier degré,Groupe scolaire,166.485528594387,-22.2217711398288,etablissements_publics_nc,23,1703,Pont des Fran‡ais
provinciales_2019,,PS,Province Sud,988,98817,Mont-Dore,MONTDORE,0002,448,292,156,279,9,4,Groupe scolaire Hélène CHANEL,GROUPE SCOLAIRE HELENE CHANEL,11,PS_liste_11,63,22.58,1,Groupe scolaire Hélène Chaniel,105 RUE HELENE CHANIEL,ENSEIGNEMENT ET FORMATION,Enseignement du premier degré,Groupe scolaire,166.485528594387,-22.2217711398288,etablissements_publics_nc,23,1703,Pont des Fran‡ais
provinciales_2019,,PS,Province Sud,988,98817,Mont-Dore,MONTDORE,0003,739,556,183,536,17,3,Ecole primaire Adolphe BOUTAN,ECOLE PRIMAIRE ADOLPHE BOUTAN,1,PS_liste_01,3,0.56,0.828,Ecole primaire de l'Ile-Ouen,,ENSEIGNEMENT ET FORMATION,Enseignement du premier degré,Ecole primaire,166.841440737558,-22.4256696418669,etablissements_publics_nc,35,1715,Mouirange - Grand Sud - Ile Ouen
provinciales_2019,,PS,Province Sud,988,98817,Mont-Dore,MONTDORE,0003,739,556,183,536,17,3,Ecole primaire Adolphe BOUTAN,ECOLE PRIMAIRE ADOLPHE BOUTAN,2,PS_liste_02,24,4.48,0.828,Ecole primaire de l'Ile-Ouen,,ENSEIGNEMENT ET FORMATION,Enseignement du premier degré,Ecole primaire,166.841440737558,-22.4256696418669,etablissements_publics_nc,35,1715,Mouirange - Grand Sud - Ile Ouen
provinciales_2019,,PS,Province Sud,988,98817,Mont-Dore,MONTDORE,0003,739,556,183,536,17,3,Ecole primaire Adolphe BOUTAN,ECOLE PRIMAIRE ADOLPHE BOUTAN,3,PS_liste_03,270,50.37,0.828,Ecole primaire de l'Ile-Ouen,,ENSEIGNEMENT ET FORMATION,Enseignement du premier degré,Ecole primaire,166.841440737558,-22.4256696418669,etablissements_publics_nc,35,1715,Mouirange - Grand Sud - Ile Ouen
provinciales_2019,,PS,Province Sud,988,98817,Mont-Dore,MONTDORE,0003,739,556,183,536,17,3,Ecole primaire Adolphe BOUTAN,ECOLE PRIMAIRE ADOLPHE BOUTAN,4,PS_liste_04,8,1.49,0.828,Ecole primaire de l'Ile-Ouen,,ENSEIGNEMENT ET FORMATION,Enseignement du premier degré,Ecole primaire,166.841440737558,-22.4256696418669,etablissements_publics_nc,35,1715,Mouirange - Grand Sud - Ile Ouen
provinciales_2019,,PS,Province Sud,988,98817,Mont-Dore,MONTDORE,0003,739,556,183,536,17,3,Ecole primaire Adolphe BOUTAN,ECOLE PRIMAIRE ADOLPHE BOUTAN,5,PS_liste_05,6,1.12,0.828,Ecole primaire de l'Ile-Ouen,,ENSEIGNEMENT ET FORMATION,Enseignement du premier degré,Ecole primaire,166.841440737558,-22.4256696418669,etablissements_publics_nc,35,1715,Mouirange - Grand Sud - Ile Ouen
provinciales_2019,,PS,Province Sud,988,98817,Mont-Dore,MONTDORE,0003,739,556,183,536,17,3,Ecole primaire Adolphe BOUTAN,ECOLE PRIMAIRE ADOLPHE BOUTAN,6,PS_liste_06,25,4.66,0.828,Ecole primaire de l'Ile-Ouen,,ENSEIGNEMENT ET FORMATION,Enseignement du premier degré,Ecole primaire,166.841440737558,-22.4256696418669,etablissements_publics_nc,35,1715,Mouirange - Grand Sud - Ile Ouen
provinciales_2019,,PS,Province Sud,988,98817,Mont-Dore,MONTDORE,0003,739,556,183,536,17,3,Ecole primaire Adolphe BOUTAN,ECOLE PRIMAIRE ADOLPHE BOUTAN,7,PS_liste_07,44,8.21,0.828,Ecole primaire de l'Ile-Ouen,,ENSEIGNEMENT ET FORMATION,Enseignement du premier degré,Ecole primaire,166.841440737558,-22.4256696418669,etablissements_publics_nc,35,1715,Mouirange - Grand Sud - Ile Ouen
provinciales_2019,,PS,Province Sud,988,98817,Mont-Dore,MONTDORE,0003,739,556,183,536,17,3,Ecole primaire Adolphe BOUTAN,ECOLE PRIMAIRE ADOLPHE BOUTAN,8,PS_liste_08,28,5.22,0.828,Ecole primaire de l'Ile-Ouen,,ENSEIGNEMENT ET FORMATION,Enseignement du premier degré,Ecole primaire,166.841440737558,-22.4256696418669,etablissements_publics_nc,35,1715,Mouirange - Grand Sud - Ile Ouen
provinciales_2019,,PS,Province Sud,988,98817,Mont-Dore,MONTDORE,0003,739,556,183,536,17,3,Ecole primaire Adolphe BOUTAN,ECOLE PRIMAIRE ADOLPHE BOUTAN,9,PS_liste_09,16,2.99,0.828,Ecole primaire de l'Ile-Ouen,,ENSEIGNEMENT ET FORMATION,Enseignement du premier degré,Ecole primaire,166.841440737558,-22.4256696418669,etablissements_publics_nc,35,1715,Mouirange - Grand Sud - Ile Ouen
provinciales_2019,,PS,Province Sud,988,98817,Mont-Dore,MONTDORE,0003,739,556,183,536,17,3,Ecole primaire Adolphe BOUTAN,ECOLE PRIMAIRE ADOLPHE BOUTAN,10,PS_liste_10,11,2.05,0.828,Ecole primaire de l'Ile-Ouen,,ENSEIGNEMENT ET FORMATION,Enseignement du premier degré,Ecole primaire,166.841440737558,-22.4256696418669,etablissements_publics_nc,35,1715,Mouirange - Grand Sud - Ile Ouen
provinciales_2019,,PS,Province Sud,988,98817,Mont-Dore,MONTDORE,0003,739,556,183,536,17,3,Ecole primaire Adolphe BOUTAN,ECOLE PRIMAIRE ADOLPHE BOUTAN,11,PS_liste_11,101,18.84,0.828,Ecole primaire de l'Ile-Ouen,,ENSEIGNEMENT ET FORMATION,Enseignement du premier degré,Ecole primaire,166.841440737558,-22.4256696418669,etablissements_publics_nc,35,1715,Mouirange - Grand Sud - Ile Ouen
provinciales_2019,,PS,Province Sud,988,98817,Mont-Dore,MONTDORE,0004,747,530,217,510,14,6,Ecole primaire Louis Henri GALINE 1,ECOLE PRIMAIRE LOUIS HENRI GALINE 1,1,PS_liste_01,3,0.59,0.923,Ecole primaire Louis Henri Galinié,1133 RUE DES TROIS BANIANS,ENSEIGNEMENT ET FORMATION,Enseignement du premier degré,Ecole élémentaire,166.512755378687,-22.2163077194956,etablissements_publics_nc,25,1705,Robinson Nord
provinciales_2019,,PS,Province Sud,988,98817,Mont-Dore,MONTDORE,0004,747,530,217,510,14,6,Ecole primaire Louis Henri GALINE 1,ECOLE PRIMAIRE LOUIS HENRI GALINE 1,2,PS_liste_02,19,3.73,0.923,Ecole primaire Louis Henri Galinié,1133 RUE DES TROIS BANIANS,ENSEIGNEMENT ET FORMATION,Enseignement du premier degré,Ecole élémentaire,166.512755378687,-22.2163077194956,etablissements_publics_nc,25,1705,Robinson Nord
provinciales_2019,,PS,Province Sud,988,98817,Mont-Dore,MONTDORE,0004,747,530,217,510,14,6,Ecole primaire Louis Henri GALINE 1,ECOLE PRIMAIRE LOUIS HENRI GALINE 1,3,PS_liste_03,216,42.35,0.923,Ecole primaire Louis Henri Galinié,1133 RUE DES TROIS BANIANS,ENSEIGNEMENT ET FORMATION,Enseignement du premier degré,Ecole élémentaire,166.512755378687,-22.2163077194956,etablissements_publics_nc,25,1705,Robinson Nord
provinciales_2019,,PS,Province Sud,988,98817,Mont-Dore,MONTDORE,0004,747,530,217,510,14,6,Ecole primaire Louis Henri GALINE 1,ECOLE PRIMAIRE LOUIS HENRI GALINE 1,4,PS_liste_04,6,1.18,0.923,Ecole primaire Louis Henri Galinié,1133 RUE DES TROIS BANIANS,ENSEIGNEMENT ET FORMATION,Enseignement du premier degré,Ecole élémentaire,166.512755378687,-22.2163077194956,etablissements_publics_nc,25,1705,Robinson Nord
provinciales_2019,,PS,Province Sud,988,98817,Mont-Dore,MONTDORE,0004,747,530,217,510,14,6,Ecole primaire Louis Henri GALINE 1,ECOLE PRIMAIRE LOUIS HENRI GALINE 1,5,PS_liste_05,2,0.39,0.923,Ecole primaire Louis Henri Galinié,1133 RUE DES TROIS BANIANS,ENSEIGNEMENT ET FORMATION,Enseignement du premier degré,Ecole élémentaire,166.512755378687,-22.2163077194956,etablissements_publics_nc,25,1705,Robinson Nord
provinciales_2019,,PS,Province Sud,988,98817,Mont-Dore,MONTDORE,0004,747,530,217,510,14,6,Ecole primaire Louis Henri GALINE 1,ECOLE PRIMAIRE LOUIS HENRI GALINE 1,6,PS_liste_06,62,12.16,0.923,Ecole primaire Louis Henri Galinié,1133 RUE DES TROIS BANIANS,ENSEIGNEMENT ET FORMATION,Enseignement du premier degré,Ecole élémentaire,166.512755378687,-22.2163077194956,etablissements_publics_nc,25,1705,Robinson Nord
provinciales_2019,,PS,Province Sud,988,98817,Mont-Dore,MONTDORE,0004,747,530,217,510,14,6,Ecole primaire Louis Henri GALINE 1,ECOLE PRIMAIRE LOUIS HENRI GALINE 1,7,PS_liste_07,52,10.2,0.923,Ecole primaire Louis Henri Galinié,1133 RUE DES TROIS BANIANS,ENSEIGNEMENT ET FORMATION,Enseignement du premier degré,Ecole élémentaire,166.512755378687,-22.2163077194956,etablissements_publics_nc,25,1705,Robinson Nord
provinciales_2019,,PS,Province Sud,988,98817,Mont-Dore,MONTDORE,0004,747,530,217,510,14,6,Ecole primaire Louis Henri GALINE 1,ECOLE PRIMAIRE LOUIS HENRI GALINE 1,8,PS_liste_08,19,3.73,0.923,Ecole primaire Louis Henri Galinié,1133 RUE DES TROIS BANIANS,ENSEIGNEMENT ET FORMATION,Enseignement du premier degré,Ecole élémentaire,166.512755378687,-22.2163077194956,etablissements_publics_nc,25,1705,Robinson Nord
provinciales_2019,,PS,Province Sud,988,98817,Mont-Dore,MONTDORE,0004,747,530,217,510,14,6,Ecole primaire Louis Henri GALINE 1,ECOLE PRIMAIRE LOUIS HENRI GALINE 1,9,PS_liste_09,13,2.55,0.923,Ecole primaire Louis Henri Galinié,1133 RUE DES TROIS BANIANS,ENSEIGNEMENT ET FORMATION,Enseignement du premier degré,Ecole élémentaire,166.512755378687,-22.2163077194956,etablissements_publics_nc,25,1705,Robinson Nord
provinciales_2019,,PS,Province Sud,988,98817,Mont-Dore,MONTDORE,0004,747,530,217,510,14,6,Ecole primaire Louis Henri GALINE 1,ECOLE PRIMAIRE LOUIS HENRI GALINE 1,10,PS_liste_10,25,4.9,0.923,Ecole primaire Louis Henri Galinié,1133 RUE DES TROIS BANIANS,ENSEIGNEMENT ET FORMATION,Enseignement du premier degré,Ecole élémentaire,166.512755378687,-22.2163077194956,etablissements_publics_nc,25,1705,Robinson Nord
provinciales_2019,,PS,Province Sud,988,98817,Mont-Dore,MONTDORE,0004,747,530,217,510,14,6,Ecole primaire Louis Henri GALINE 1,ECOLE PRIMAIRE LOUIS HENRI GALINE 1,11,PS_liste_11,93,18.24,0.923,Ecole primaire Louis Henri Galinié,1133 RUE DES TROIS BANIANS,ENSEIGNEMENT ET FORMATION,Enseignement du premier degré,Ecole élémentaire,166.512755378687,-22.2163077194956,etablissements_publics_nc,25,1705,Robinson Nord
provinciales_2019,,PS,Province Sud,988,98817,Mont-Dore,MONTDORE,0005,993,563,430,547,9,7,Ecole La Rizière 1,ECOLE LA RIZIERE 1,1,PS_liste_01,27,4.94,0.734,Ecole primaire La Rizière,89 RUE DU VIEUX PONT,ENSEIGNEMENT ET FORMATION,Enseignement du premier degré,Ecole élémentaire,166.573975497183,-22.2332233282141,etablissements_publics_nc,30,1710,La Coulée Nord
provinciales_2019,,PS,Province Sud,988,98817,Mont-Dore,MONTDORE,0005,993,563,430,547,9,7,Ecole La Rizière 1,ECOLE LA RIZIERE 1,2,PS_liste_02,1,0.18,0.734,Ecole primaire La Rizière,89 RUE DU VIEUX PONT,ENSEIGNEMENT ET FORMATION,Enseignement du premier degré,Ecole élémentaire,166.573975497183,-22.2332233282141,etablissements_publics_nc,30,1710,La Coulée Nord
provinciales_2019,,PS,Province Sud,988,98817,Mont-Dore,MONTDORE,0005,993,563,430,547,9,7,Ecole La Rizière 1,ECOLE LA RIZIERE 1,3,PS_liste_03,18,3.29,0.734,Ecole primaire La Rizière,89 RUE DU VIEUX PONT,ENSEIGNEMENT ET FORMATION,Enseignement du premier degré,Ecole élémentaire,166.573975497183,-22.2332233282141,etablissements_publics_nc,30,1710,La Coulée Nord
provinciales_2019,,PS,Province Sud,988,98817,Mont-Dore,MONTDORE,0005,993,563,430,547,9,7,Ecole La Rizière 1,ECOLE LA RIZIERE 1,4,PS_liste_04,43,7.86,0.734,Ecole primaire La Rizière,89 RUE DU VIEUX PONT,ENSEIGNEMENT ET FORMATION,Enseignement du premier degré,Ecole élémentaire,166.573975497183,-22.2332233282141,etablissements_publics_nc,30,1710,La Coulée Nord
provinciales_2019,,PS,Province Sud,988,98817,Mont-Dore,MONTDORE,0005,993,563,430,547,9,7,Ecole La Rizière 1,ECOLE LA RIZIERE 1,5,PS_liste_05,2,0.37,0.734,Ecole primaire La Rizière,89 RUE DU VIEUX PONT,ENSEIGNEMENT ET FORMATION,Enseignement du premier degré,Ecole élémentaire,166.573975497183,-22.2332233282141,etablissements_publics_nc,30,1710,La Coulée Nord
provinciales_2019,,PS,Province Sud,988,98817,Mont-Dore,MONTDORE,0005,993,563,430,547,9,7,Ecole La Rizière 1,ECOLE LA RIZIERE 1,6,PS_liste_06,10,1.83,0.734,Ecole primaire La Rizière,89 RUE DU VIEUX PONT,ENSEIGNEMENT ET FORMATION,Enseignement du premier degré,Ecole élémentaire,166.573975497183,-22.2332233282141,etablissements_publics_nc,30,1710,La Coulée Nord
provinciales_2019,,PS,Province Sud,988,98817,Mont-Dore,MONTDORE,0005,993,563,430,547,9,7,Ecole La Rizière 1,ECOLE LA RIZIERE 1,7,PS_liste_07,401,73.31,0.734,Ecole primaire La Rizière,89 RUE DU VIEUX PONT,ENSEIGNEMENT ET FORMATION,Enseignement du premier degré,Ecole élémentaire,166.573975497183,-22.2332233282141,etablissements_publics_nc,30,1710,La Coulée Nord
provinciales_2019,,PS,Province Sud,988,98817,Mont-Dore,MONTDORE,0005,993,563,430,547,9,7,Ecole La Rizière 1,ECOLE LA RIZIERE 1,8,PS_liste_08,3,0.55,0.734,Ecole primaire La Rizière,89 RUE DU VIEUX PONT,ENSEIGNEMENT ET FORMATION,Enseignement du premier degré,Ecole élémentaire,166.573975497183,-22.2332233282141,etablissements_publics_nc,30,1710,La Coulée Nord
provinciales_2019,,PS,Province Sud,988,98817,Mont-Dore,MONTDORE,0005,993,563,430,547,9,7,Ecole La Rizière 1,ECOLE LA RIZIERE 1,9,PS_liste_09,6,1.1,0.734,Ecole primaire La Rizière,89 RUE DU VIEUX PONT,ENSEIGNEMENT ET FORMATION,Enseignement du premier degré,Ecole élémentaire,166.573975497183,-22.2332233282141,etablissements_publics_nc,30,1710,La Coulée Nord
provinciales_2019,,PS,Province Sud,988,98817,Mont-Dore,MONTDORE,0005,993,563,430,547,9,7,Ecole La Rizière 1,ECOLE LA RIZIERE 1,10,PS_liste_10,8,1.46,0.734,Ecole primaire La Rizière,89 RUE DU VIEUX PONT,ENSEIGNEMENT ET FORMATION,Enseignement du premier degré,Ecole élémentaire,166.573975497183,-22.2332233282141,etablissements_publics_nc,30,1710,La Coulée Nord
provinciales_2019,,PS,Province Sud,988,98817,Mont-Dore,MONTDORE,0005,993,563,430,547,9,7,Ecole La Rizière 1,ECOLE LA RIZIERE 1,11,PS_liste_11,28,5.12,0.734,Ecole primaire La Rizière,89 RUE DU VIEUX PONT,ENSEIGNEMENT ET FORMATION,Enseignement du premier degré,Ecole élémentaire,166.573975497183,-22.2332233282141,etablissements_publics_nc,30,1710,La Coulée Nord
provinciales_2019,,PS,Province Sud,988,98817,Mont-Dore,MONTDORE,0006,732,498,234,482,8,8,Ecole primaire du Vallon-Dore,ECOLE PRIMAIRE DU VALLON DORE,1,PS_liste_01,3,0.62,0.886,Ecole élémentaire du Vallon-Dore,1622 LA CORNICHE DU MONT DORE,ENSEIGNEMENT ET FORMATION,Enseignement du premier degré,Ecole élémentaire,166.571853310489,-22.2757480668132,etablissements_publics_nc,32,1712,Vallon Dore
provinciales_2019,,PS,Province Sud,988,98817,Mont-Dore,MONTDORE,0006,732,498,234,482,8,8,Ecole primaire du Vallon-Dore,ECOLE PRIMAIRE DU VALLON DORE,2,PS_liste_02,14,2.9,0.886,Ecole élémentaire du Vallon-Dore,1622 LA CORNICHE DU MONT DORE,ENSEIGNEMENT ET FORMATION,Enseignement du premier degré,Ecole élémentaire,166.571853310489,-22.2757480668132,etablissements_publics_nc,32,1712,Vallon Dore
provinciales_2019,,PS,Province Sud,988,98817,Mont-Dore,MONTDORE,0006,732,498,234,482,8,8,Ecole primaire du Vallon-Dore,ECOLE PRIMAIRE DU VALLON DORE,3,PS_liste_03,154,31.95,0.886,Ecole élémentaire du Vallon-Dore,1622 LA CORNICHE DU MONT DORE,ENSEIGNEMENT ET FORMATION,Enseignement du premier degré,Ecole élémentaire,166.571853310489,-22.2757480668132,etablissements_publics_nc,32,1712,Vallon Dore
provinciales_2019,,PS,Province Sud,988,98817,Mont-Dore,MONTDORE,0006,732,498,234,482,8,8,Ecole primaire du Vallon-Dore,ECOLE PRIMAIRE DU VALLON DORE,4,PS_liste_04,5,1.04,0.886,Ecole élémentaire du Vallon-Dore,1622 LA CORNICHE DU MONT DORE,ENSEIGNEMENT ET FORMATION,Enseignement du premier degré,Ecole élémentaire,166.571853310489,-22.2757480668132,etablissements_publics_nc,32,1712,Vallon Dore
provinciales_2019,,PS,Province Sud,988,98817,Mont-Dore,MONTDORE,0006,732,498,234,482,8,8,Ecole primaire du Vallon-Dore,ECOLE PRIMAIRE DU VALLON DORE,5,PS_liste_05,9,1.87,0.886,Ecole élémentaire du Vallon-Dore,1622 LA CORNICHE DU MONT DORE,ENSEIGNEMENT ET FORMATION,Enseignement du premier degré,Ecole élémentaire,166.571853310489,-22.2757480668132,etablissements_publics_nc,32,1712,Vallon Dore
provinciales_2019,,PS,Province Sud,988,98817,Mont-Dore,MONTDORE,0006,732,498,234,482,8,8,Ecole primaire du Vallon-Dore,ECOLE PRIMAIRE DU VALLON DORE,6,PS_liste_06,96,19.92,0.886,Ecole élémentaire du Vallon-Dore,1622 LA CORNICHE DU MONT DORE,ENSEIGNEMENT ET FORMATION,Enseignement du premier degré,Ecole élémentaire,166.571853310489,-22.2757480668132,etablissements_publics_nc,32,1712,Vallon Dore
provinciales_2019,,PS,Province Sud,988,98817,Mont-Dore,MONTDORE,0006,732,498,234,482,8,8,Ecole primaire du Vallon-Dore,ECOLE PRIMAIRE DU VALLON DORE,7,PS_liste_07,53,11,0.886,Ecole élémentaire du Vallon-Dore,1622 LA CORNICHE DU MONT DORE,ENSEIGNEMENT ET FORMATION,Enseignement du premier degré,Ecole élémentaire,166.571853310489,-22.2757480668132,etablissements_publics_nc,32,1712,Vallon Dore
provinciales_2019,,PS,Province Sud,988,98817,Mont-Dore,MONTDORE,0006,732,498,234,482,8,8,Ecole primaire du Vallon-Dore,ECOLE PRIMAIRE DU VALLON DORE,8,PS_liste_08,16,3.32,0.886,Ecole élémentaire du Vallon-Dore,1622 LA CORNICHE DU MONT DORE,ENSEIGNEMENT ET FORMATION,Enseignement du premier degré,Ecole élémentaire,166.571853310489,-22.2757480668132,etablissements_publics_nc,32,1712,Vallon Dore
provinciales_2019,,PS,Province Sud,988,98817,Mont-Dore,MONTDORE,0006,732,498,234,482,8,8,Ecole primaire du Vallon-Dore,ECOLE PRIMAIRE DU VALLON DORE,9,PS_liste_09,13,2.7,0.886,Ecole élémentaire du Vallon-Dore,1622 LA CORNICHE DU MONT DORE,ENSEIGNEMENT ET FORMATION,Enseignement du premier degré,Ecole élémentaire,166.571853310489,-22.2757480668132,etablissements_publics_nc,32,1712,Vallon Dore
provinciales_2019,,PS,Province Sud,988,98817,Mont-Dore,MONTDORE,0006,732,498,234,482,8,8,Ecole primaire du Vallon-Dore,ECOLE PRIMAIRE DU VALLON DORE,10,PS_liste_10,25,5.19,0.886,Ecole élémentaire du Vallon-Dore,1622 LA CORNICHE DU MONT DORE,ENSEIGNEMENT ET FORMATION,Enseignement du premier degré,Ecole élémentaire,166.571853310489,-22.2757480668132,etablissements_publics_nc,32,1712,Vallon Dore
provinciales_2019,,PS,Province Sud,988,98817,Mont-Dore,MONTDORE,0006,732,498,234,482,8,8,Ecole primaire du Vallon-Dore,ECOLE PRIMAIRE DU VALLON DORE,11,PS_liste_11,94,19.5,0.886,Ecole élémentaire du Vallon-Dore,1622 LA CORNICHE DU MONT DORE,ENSEIGNEMENT ET FORMATION,Enseignement du premier degré,Ecole élémentaire,166.571853310489,-22.2757480668132,etablissements_publics_nc,32,1712,Vallon Dore
provinciales_2019,,PS,Province Sud,988,98817,Mont-Dore,MONTDORE,0007,88,60,28,59,0,1,Ouara (maison commune),OUARA MAISON COMMUNE,1,PS_liste_01,2,3.39,1,Ouara,Mont-Dore,LIEU_DIT_NC,TRIBU,,166.84029773306233,-22.42316008394107,tribus_villages_nc,35,1715,Mouirange - Grand Sud - Ile Ouen
provinciales_2019,,PS,Province Sud,988,98817,Mont-Dore,MONTDORE,0007,88,60,28,59,0,1,Ouara (maison commune),OUARA MAISON COMMUNE,2,PS_liste_02,0,0,1,Ouara,Mont-Dore,LIEU_DIT_NC,TRIBU,,166.84029773306233,-22.42316008394107,tribus_villages_nc,35,1715,Mouirange - Grand Sud - Ile Ouen
provinciales_2019,,PS,Province Sud,988,98817,Mont-Dore,MONTDORE,0007,88,60,28,59,0,1,Ouara (maison commune),OUARA MAISON COMMUNE,3,PS_liste_03,4,6.78,1,Ouara,Mont-Dore,LIEU_DIT_NC,TRIBU,,166.84029773306233,-22.42316008394107,tribus_villages_nc,35,1715,Mouirange - Grand Sud - Ile Ouen
provinciales_2019,,PS,Province Sud,988,98817,Mont-Dore,MONTDORE,0007,88,60,28,59,0,1,Ouara (maison commune),OUARA MAISON COMMUNE,4,PS_liste_04,1,1.69,1,Ouara,Mont-Dore,LIEU_DIT_NC,TRIBU,,166.84029773306233,-22.42316008394107,tribus_villages_nc,35,1715,Mouirange - Grand Sud - Ile Ouen
provinciales_2019,,PS,Province Sud,988,98817,Mont-Dore,MONTDORE,0007,88,60,28,59,0,1,Ouara (maison commune),OUARA MAISON COMMUNE,5,PS_liste_05,0,0,1,Ouara,Mont-Dore,LIEU_DIT_NC,TRIBU,,166.84029773306233,-22.42316008394107,tribus_villages_nc,35,1715,Mouirange - Grand Sud - Ile Ouen
provinciales_2019,,PS,Province Sud,988,98817,Mont-Dore,MONTDORE,0007,88,60,28,59,0,1,Ouara (maison commune),OUARA MAISON COMMUNE,6,PS_liste_06,0,0,1,Ouara,Mont-Dore,LIEU_DIT_NC,TRIBU,,166.84029773306233,-22.42316008394107,tribus_villages_nc,35,1715,Mouirange - Grand Sud - Ile Ouen
provinciales_2019,,PS,Province Sud,988,98817,Mont-Dore,MONTDORE,0007,88,60,28,59,0,1,Ouara (maison commune),OUARA MAISON COMMUNE,7,PS_liste_07,47,79.66,1,Ouara,Mont-Dore,LIEU_DIT_NC,TRIBU,,166.84029773306233,-22.42316008394107,tribus_villages_nc,35,1715,Mouirange - Grand Sud - Ile Ouen
provinciales_2019,,PS,Province Sud,988,98817,Mont-Dore,MONTDORE,0007,88,60,28,59,0,1,Ouara (maison commune),OUARA MAISON COMMUNE,8,PS_liste_08,0,0,1,Ouara,Mont-Dore,LIEU_DIT_NC,TRIBU,,166.84029773306233,-22.42316008394107,tribus_villages_nc,35,1715,Mouirange - Grand Sud - Ile Ouen
provinciales_2019,,PS,Province Sud,988,98817,Mont-Dore,MONTDORE,0007,88,60,28,59,0,1,Ouara (maison commune),OUARA MAISON COMMUNE,9,PS_liste_09,0,0,1,Ouara,Mont-Dore,LIEU_DIT_NC,TRIBU,,166.84029773306233,-22.42316008394107,tribus_villages_nc,35,1715,Mouirange - Grand Sud - Ile Ouen
provinciales_2019,,PS,Province Sud,988,98817,Mont-Dore,MONTDORE,0007,88,60,28,59,0,1,Ouara (maison commune),OUARA MAISON COMMUNE,10,PS_liste_10,0,0,1,Ouara,Mont-Dore,LIEU_DIT_NC,TRIBU,,166.84029773306233,-22.42316008394107,tribus_villages_nc,35,1715,Mouirange - Grand Sud - Ile Ouen
provinciales_2019,,PS,Province Sud,988,98817,Mont-Dore,MONTDORE,0007,88,60,28,59,0,1,Ouara (maison commune),OUARA MAISON COMMUNE,11,PS_liste_11,5,8.47,1,Ouara,Mont-Dore,LIEU_DIT_NC,TRIBU,,166.84029773306233,-22.42316008394107,tribus_villages_nc,35,1715,Mouirange - Grand Sud - Ile Ouen
provinciales_2019,,PS,Province Sud,988,98817,Mont-Dore,MONTDORE,0008,763,555,208,543,6,6,Groupe scolaire de Boulari 1,GROUPE SCOLAIRE DE BOULARI 1,1,PS_liste_01,4,0.74,1,Groupe scolaire de Boulari,154 RUE ANTOINE GRISCELLI,ENSEIGNEMENT ET FORMATION,Enseignement du premier degré,Groupe scolaire,166.520855451452,-22.2274992832452,etablissements_publics_nc,27,1707,Boulari
provinciales_2019,,PS,Province Sud,988,98817,Mont-Dore,MONTDORE,0008,763,555,208,543,6,6,Groupe scolaire de Boulari 1,GROUPE SCOLAIRE DE BOULARI 1,2,PS_liste_02,28,5.16,1,Groupe scolaire de Boulari,154 RUE ANTOINE GRISCELLI,ENSEIGNEMENT ET FORMATION,Enseignement du premier degré,Groupe scolaire,166.520855451452,-22.2274992832452,etablissements_publics_nc,27,1707,Boulari
provinciales_2019,,PS,Province Sud,988,98817,Mont-Dore,MONTDORE,0008,763,555,208,543,6,6,Groupe scolaire de Boulari 1,GROUPE SCOLAIRE DE BOULARI 1,3,PS_liste_03,289,53.22,1,Groupe scolaire de Boulari,154 RUE ANTOINE GRISCELLI,ENSEIGNEMENT ET FORMATION,Enseignement du premier degré,Groupe scolaire,166.520855451452,-22.2274992832452,etablissements_publics_nc,27,1707,Boulari
provinciales_2019,,PS,Province Sud,988,98817,Mont-Dore,MONTDORE,0008,763,555,208,543,6,6,Groupe scolaire de Boulari 1,GROUPE SCOLAIRE DE BOULARI 1,4,PS_liste_04,1,0.18,1,Groupe scolaire de Boulari,154 RUE ANTOINE GRISCELLI,ENSEIGNEMENT ET FORMATION,Enseignement du premier degré,Groupe scolaire,166.520855451452,-22.2274992832452,etablissements_publics_nc,27,1707,Boulari
provinciales_2019,,PS,Province Sud,988,98817,Mont-Dore,MONTDORE,0008,763,555,208,543,6,6,Groupe scolaire de Boulari 1,GROUPE SCOLAIRE DE BOULARI 1,5,PS_liste_05,7,1.29,1,Groupe scolaire de Boulari,154 RUE ANTOINE GRISCELLI,ENSEIGNEMENT ET FORMATION,Enseignement du premier degré,Groupe scolaire,166.520855451452,-22.2274992832452,etablissements_publics_nc,27,1707,Boulari
provinciales_2019,,PS,Province Sud,988,98817,Mont-Dore,MONTDORE,0008,763,555,208,543,6,6,Groupe scolaire de Boulari 1,GROUPE SCOLAIRE DE BOULARI 1,6,PS_liste_06,29,5.34,1,Groupe scolaire de Boulari,154 RUE ANTOINE GRISCELLI,ENSEIGNEMENT ET FORMATION,Enseignement du premier degré,Groupe scolaire,166.520855451452,-22.2274992832452,etablissements_publics_nc,27,1707,Boulari
provinciales_2019,,PS,Province Sud,988,98817,Mont-Dore,MONTDORE,0008,763,555,208,543,6,6,Groupe scolaire de Boulari 1,GROUPE SCOLAIRE DE BOULARI 1,7,PS_liste_07,34,6.26,1,Groupe scolaire de Boulari,154 RUE ANTOINE GRISCELLI,ENSEIGNEMENT ET FORMATION,Enseignement du premier degré,Groupe scolaire,166.520855451452,-22.2274992832452,etablissements_publics_nc,27,1707,Boulari
provinciales_2019,,PS,Province Sud,988,98817,Mont-Dore,MONTDORE,0008,763,555,208,543,6,6,Groupe scolaire de Boulari 1,GROUPE SCOLAIRE DE BOULARI 1,8,PS_liste_08,17,3.13,1,Groupe scolaire de Boulari,154 RUE ANTOINE GRISCELLI,ENSEIGNEMENT ET FORMATION,Enseignement du premier degré,Groupe scolaire,166.520855451452,-22.2274992832452,etablissements_publics_nc,27,1707,Boulari
provinciales_2019,,PS,Province Sud,988,98817,Mont-Dore,MONTDORE,0008,763,555,208,543,6,6,Groupe scolaire de Boulari 1,GROUPE SCOLAIRE DE BOULARI 1,9,PS_liste_09,19,3.5,1,Groupe scolaire de Boulari,154 RUE ANTOINE GRISCELLI,ENSEIGNEMENT ET FORMATION,Enseignement du premier degré,Groupe scolaire,166.520855451452,-22.2274992832452,etablissements_publics_nc,27,1707,Boulari
provinciales_2019,,PS,Province Sud,988,98817,Mont-Dore,MONTDORE,0008,763,555,208,543,6,6,Groupe scolaire de Boulari 1,GROUPE SCOLAIRE DE BOULARI 1,10,PS_liste_10,36,6.63,1,Groupe scolaire de Boulari,154 RUE ANTOINE GRISCELLI,ENSEIGNEMENT ET FORMATION,Enseignement du premier degré,Groupe scolaire,166.520855451452,-22.2274992832452,etablissements_publics_nc,27,1707,Boulari
provinciales_2019,,PS,Province Sud,988,98817,Mont-Dore,MONTDORE,0008,763,555,208,543,6,6,Groupe scolaire de Boulari 1,GROUPE SCOLAIRE DE BOULARI 1,11,PS_liste_11,79,14.55,1,Groupe scolaire de Boulari,154 RUE ANTOINE GRISCELLI,ENSEIGNEMENT ET FORMATION,Enseignement du premier degré,Groupe scolaire,166.520855451452,-22.2274992832452,etablissements_publics_nc,27,1707,Boulari
provinciales_2019,,PS,Province Sud,988,98817,Mont-Dore,MONTDORE,0009,858,525,333,501,17,7,Mairie Annexe De Plum 1,MAIRIE ANNEXE DE PLUM 1,1,PS_liste_01,27,5.39,0.782,Mairie annexe du Mont-Dore,9048 LA CORNICHE DU MONT DORE,ADMINISTRATION ET ORGANISME,Administrations des collectivités,Administration de la commune de Mont-Dore,166.623268718041,-22.2730906933136,etablissements_publics_nc,34,1714,Plum
provinciales_2019,,PS,Province Sud,988,98817,Mont-Dore,MONTDORE,0009,858,525,333,501,17,7,Mairie Annexe De Plum 1,MAIRIE ANNEXE DE PLUM 1,2,PS_liste_02,14,2.79,0.782,Mairie annexe du Mont-Dore,9048 LA CORNICHE DU MONT DORE,ADMINISTRATION ET ORGANISME,Administrations des collectivités,Administration de la commune de Mont-Dore,166.623268718041,-22.2730906933136,etablissements_publics_nc,34,1714,Plum
provinciales_2019,,PS,Province Sud,988,98817,Mont-Dore,MONTDORE,0009,858,525,333,501,17,7,Mairie Annexe De Plum 1,MAIRIE ANNEXE DE PLUM 1,3,PS_liste_03,112,22.36,0.782,Mairie annexe du Mont-Dore,9048 LA CORNICHE DU MONT DORE,ADMINISTRATION ET ORGANISME,Administrations des collectivités,Administration de la commune de Mont-Dore,166.623268718041,-22.2730906933136,etablissements_publics_nc,34,1714,Plum
provinciales_2019,,PS,Province Sud,988,98817,Mont-Dore,MONTDORE,0009,858,525,333,501,17,7,Mairie Annexe De Plum 1,MAIRIE ANNEXE DE PLUM 1,4,PS_liste_04,13,2.59,0.782,Mairie annexe du Mont-Dore,9048 LA CORNICHE DU MONT DORE,ADMINISTRATION ET ORGANISME,Administrations des collectivités,Administration de la commune de Mont-Dore,166.623268718041,-22.2730906933136,etablissements_publics_nc,34,1714,Plum
provinciales_2019,,PS,Province Sud,988,98817,Mont-Dore,MONTDORE,0009,858,525,333,501,17,7,Mairie Annexe De Plum 1,MAIRIE ANNEXE DE PLUM 1,5,PS_liste_05,10,2,0.782,Mairie annexe du Mont-Dore,9048 LA CORNICHE DU MONT DORE,ADMINISTRATION ET ORGANISME,Administrations des collectivités,Administration de la commune de Mont-Dore,166.623268718041,-22.2730906933136,etablissements_publics_nc,34,1714,Plum
provinciales_2019,,PS,Province Sud,988,98817,Mont-Dore,MONTDORE,0009,858,525,333,501,17,7,Mairie Annexe De Plum 1,MAIRIE ANNEXE DE PLUM 1,6,PS_liste_06,87,17.37,0.782,Mairie annexe du Mont-Dore,9048 LA CORNICHE DU MONT DORE,ADMINISTRATION ET ORGANISME,Administrations des collectivités,Administration de la commune de Mont-Dore,166.623268718041,-22.2730906933136,etablissements_publics_nc,34,1714,Plum
provinciales_2019,,PS,Province Sud,988,98817,Mont-Dore,MONTDORE,0009,858,525,333,501,17,7,Mairie Annexe De Plum 1,MAIRIE ANNEXE DE PLUM 1,7,PS_liste_07,66,13.17,0.782,Mairie annexe du Mont-Dore,9048 LA CORNICHE DU MONT DORE,ADMINISTRATION ET ORGANISME,Administrations des collectivités,Administration de la commune de Mont-Dore,166.623268718041,-22.2730906933136,etablissements_publics_nc,34,1714,Plum
provinciales_2019,,PS,Province Sud,988,98817,Mont-Dore,MONTDORE,0009,858,525,333,501,17,7,Mairie Annexe De Plum 1,MAIRIE ANNEXE DE PLUM 1,8,PS_liste_08,14,2.79,0.782,Mairie annexe du Mont-Dore,9048 LA CORNICHE DU MONT DORE,ADMINISTRATION ET ORGANISME,Administrations des collectivités,Administration de la commune de Mont-Dore,166.623268718041,-22.2730906933136,etablissements_publics_nc,34,1714,Plum
provinciales_2019,,PS,Province Sud,988,98817,Mont-Dore,MONTDORE,0009,858,525,333,501,17,7,Mairie Annexe De Plum 1,MAIRIE ANNEXE DE PLUM 1,9,PS_liste_09,6,1.2,0.782,Mairie annexe du Mont-Dore,9048 LA CORNICHE DU MONT DORE,ADMINISTRATION ET ORGANISME,Administrations des collectivités,Administration de la commune de Mont-Dore,166.623268718041,-22.2730906933136,etablissements_publics_nc,34,1714,Plum
provinciales_2019,,PS,Province Sud,988,98817,Mont-Dore,MONTDORE,0009,858,525,333,501,17,7,Mairie Annexe De Plum 1,MAIRIE ANNEXE DE PLUM 1,10,PS_liste_10,24,4.79,0.782,Mairie annexe du Mont-Dore,9048 LA CORNICHE DU MONT DORE,ADMINISTRATION ET ORGANISME,Administrations des collectivités,Administration de la commune de Mont-Dore,166.623268718041,-22.2730906933136,etablissements_publics_nc,34,1714,Plum
provinciales_2019,,PS,Province Sud,988,98817,Mont-Dore,MONTDORE,0009,858,525,333,501,17,7,Mairie Annexe De Plum 1,MAIRIE ANNEXE DE PLUM 1,11,PS_liste_11,128,25.55,0.782,Mairie annexe du Mont-Dore,9048 LA CORNICHE DU MONT DORE,ADMINISTRATION ET ORGANISME,Administrations des collectivités,Administration de la commune de Mont-Dore,166.623268718041,-22.2730906933136,etablissements_publics_nc,34,1714,Plum
provinciales_2019,,PS,Province Sud,988,98817,Mont-Dore,MONTDORE,0010,785,500,285,475,16,9,Ecole La Rizière 2,ECOLE LA RIZIERE 2,1,PS_liste_01,18,3.79,0.734,Ecole primaire La Rizière,89 RUE DU VIEUX PONT,ENSEIGNEMENT ET FORMATION,Enseignement du premier degré,Ecole élémentaire,166.573975497183,-22.2332233282141,etablissements_publics_nc,30,1710,La Coulée Nord
provinciales_2019,,PS,Province Sud,988,98817,Mont-Dore,MONTDORE,0010,785,500,285,475,16,9,Ecole La Rizière 2,ECOLE LA RIZIERE 2,2,PS_liste_02,24,5.05,0.734,Ecole primaire La Rizière,89 RUE DU VIEUX PONT,ENSEIGNEMENT ET FORMATION,Enseignement du premier degré,Ecole élémentaire,166.573975497183,-22.2332233282141,etablissements_publics_nc,30,1710,La Coulée Nord
provinciales_2019,,PS,Province Sud,988,98817,Mont-Dore,MONTDORE,0010,785,500,285,475,16,9,Ecole La Rizière 2,ECOLE LA RIZIERE 2,3,PS_liste_03,137,28.84,0.734,Ecole primaire La Rizière,89 RUE DU VIEUX PONT,ENSEIGNEMENT ET FORMATION,Enseignement du premier degré,Ecole élémentaire,166.573975497183,-22.2332233282141,etablissements_publics_nc,30,1710,La Coulée Nord
provinciales_2019,,PS,Province Sud,988,98817,Mont-Dore,MONTDORE,0010,785,500,285,475,16,9,Ecole La Rizière 2,ECOLE LA RIZIERE 2,4,PS_liste_04,7,1.47,0.734,Ecole primaire La Rizière,89 RUE DU VIEUX PONT,ENSEIGNEMENT ET FORMATION,Enseignement du premier degré,Ecole élémentaire,166.573975497183,-22.2332233282141,etablissements_publics_nc,30,1710,La Coulée Nord
provinciales_2019,,PS,Province Sud,988,98817,Mont-Dore,MONTDORE,0010,785,500,285,475,16,9,Ecole La Rizière 2,ECOLE LA RIZIERE 2,5,PS_liste_05,7,1.47,0.734,Ecole primaire La Rizière,89 RUE DU VIEUX PONT,ENSEIGNEMENT ET FORMATION,Enseignement du premier degré,Ecole élémentaire,166.573975497183,-22.2332233282141,etablissements_publics_nc,30,1710,La Coulée Nord
provinciales_2019,,PS,Province Sud,988,98817,Mont-Dore,MONTDORE,0010,785,500,285,475,16,9,Ecole La Rizière 2,ECOLE LA RIZIERE 2,6,PS_liste_06,58,12.21,0.734,Ecole primaire La Rizière,89 RUE DU VIEUX PONT,ENSEIGNEMENT ET FORMATION,Enseignement du premier degré,Ecole élémentaire,166.573975497183,-22.2332233282141,etablissements_publics_nc,30,1710,La Coulée Nord
provinciales_2019,,PS,Province Sud,988,98817,Mont-Dore,MONTDORE,0010,785,500,285,475,16,9,Ecole La Rizière 2,ECOLE LA RIZIERE 2,7,PS_liste_07,98,20.63,0.734,Ecole primaire La Rizière,89 RUE DU VIEUX PONT,ENSEIGNEMENT ET FORMATION,Enseignement du premier degré,Ecole élémentaire,166.573975497183,-22.2332233282141,etablissements_publics_nc,30,1710,La Coulée Nord
provinciales_2019,,PS,Province Sud,988,98817,Mont-Dore,MONTDORE,0010,785,500,285,475,16,9,Ecole La Rizière 2,ECOLE LA RIZIERE 2,8,PS_liste_08,11,2.32,0.734,Ecole primaire La Rizière,89 RUE DU VIEUX PONT,ENSEIGNEMENT ET FORMATION,Enseignement du premier degré,Ecole élémentaire,166.573975497183,-22.2332233282141,etablissements_publics_nc,30,1710,La Coulée Nord
provinciales_2019,,PS,Province Sud,988,98817,Mont-Dore,MONTDORE,0010,785,500,285,475,16,9,Ecole La Rizière 2,ECOLE LA RIZIERE 2,9,PS_liste_09,7,1.47,0.734,Ecole primaire La Rizière,89 RUE DU VIEUX PONT,ENSEIGNEMENT ET FORMATION,Enseignement du premier degré,Ecole élémentaire,166.573975497183,-22.2332233282141,etablissements_publics_nc,30,1710,La Coulée Nord
provinciales_2019,,PS,Province Sud,988,98817,Mont-Dore,MONTDORE,0010,785,500,285,475,16,9,Ecole La Rizière 2,ECOLE LA RIZIERE 2,10,PS_liste_10,10,2.11,0.734,Ecole primaire La Rizière,89 RUE DU VIEUX PONT,ENSEIGNEMENT ET FORMATION,Enseignement du premier degré,Ecole élémentaire,166.573975497183,-22.2332233282141,etablissements_publics_nc,30,1710,La Coulée Nord
provinciales_2019,,PS,Province Sud,988,98817,Mont-Dore,MONTDORE,0010,785,500,285,475,16,9,Ecole La Rizière 2,ECOLE LA RIZIERE 2,11,PS_liste_11,98,20.63,0.734,Ecole primaire La Rizière,89 RUE DU VIEUX PONT,ENSEIGNEMENT ET FORMATION,Enseignement du premier degré,Ecole élémentaire,166.573975497183,-22.2332233282141,etablissements_publics_nc,30,1710,La Coulée Nord
provinciales_2019,,PS,Province Sud,988,98817,Mont-Dore,MONTDORE,0011,702,510,192,494,12,4,Groupe scolaire de Boulari 2,GROUPE SCOLAIRE DE BOULARI 2,1,PS_liste_01,3,0.61,1,Groupe scolaire de Boulari,154 RUE ANTOINE GRISCELLI,ENSEIGNEMENT ET FORMATION,Enseignement du premier degré,Groupe scolaire,166.520855451452,-22.2274992832452,etablissements_publics_nc,27,1707,Boulari
provinciales_2019,,PS,Province Sud,988,98817,Mont-Dore,MONTDORE,0011,702,510,192,494,12,4,Groupe scolaire de Boulari 2,GROUPE SCOLAIRE DE BOULARI 2,2,PS_liste_02,23,4.66,1,Groupe scolaire de Boulari,154 RUE ANTOINE GRISCELLI,ENSEIGNEMENT ET FORMATION,Enseignement du premier degré,Groupe scolaire,166.520855451452,-22.2274992832452,etablissements_publics_nc,27,1707,Boulari
provinciales_2019,,PS,Province Sud,988,98817,Mont-Dore,MONTDORE,0011,702,510,192,494,12,4,Groupe scolaire de Boulari 2,GROUPE SCOLAIRE DE BOULARI 2,3,PS_liste_03,211,42.71,1,Groupe scolaire de Boulari,154 RUE ANTOINE GRISCELLI,ENSEIGNEMENT ET FORMATION,Enseignement du premier degré,Groupe scolaire,166.520855451452,-22.2274992832452,etablissements_publics_nc,27,1707,Boulari
provinciales_2019,,PS,Province Sud,988,98817,Mont-Dore,MONTDORE,0011,702,510,192,494,12,4,Groupe scolaire de Boulari 2,GROUPE SCOLAIRE DE BOULARI 2,4,PS_liste_04,2,0.4,1,Groupe scolaire de Boulari,154 RUE ANTOINE GRISCELLI,ENSEIGNEMENT ET FORMATION,Enseignement du premier degré,Groupe scolaire,166.520855451452,-22.2274992832452,etablissements_publics_nc,27,1707,Boulari
provinciales_2019,,PS,Province Sud,988,98817,Mont-Dore,MONTDORE,0011,702,510,192,494,12,4,Groupe scolaire de Boulari 2,GROUPE SCOLAIRE DE BOULARI 2,5,PS_liste_05,8,1.62,1,Groupe scolaire de Boulari,154 RUE ANTOINE GRISCELLI,ENSEIGNEMENT ET FORMATION,Enseignement du premier degré,Groupe scolaire,166.520855451452,-22.2274992832452,etablissements_publics_nc,27,1707,Boulari
provinciales_2019,,PS,Province Sud,988,98817,Mont-Dore,MONTDORE,0011,702,510,192,494,12,4,Groupe scolaire de Boulari 2,GROUPE SCOLAIRE DE BOULARI 2,6,PS_liste_06,57,11.54,1,Groupe scolaire de Boulari,154 RUE ANTOINE GRISCELLI,ENSEIGNEMENT ET FORMATION,Enseignement du premier degré,Groupe scolaire,166.520855451452,-22.2274992832452,etablissements_publics_nc,27,1707,Boulari
provinciales_2019,,PS,Province Sud,988,98817,Mont-Dore,MONTDORE,0011,702,510,192,494,12,4,Groupe scolaire de Boulari 2,GROUPE SCOLAIRE DE BOULARI 2,7,PS_liste_07,30,6.07,1,Groupe scolaire de Boulari,154 RUE ANTOINE GRISCELLI,ENSEIGNEMENT ET FORMATION,Enseignement du premier degré,Groupe scolaire,166.520855451452,-22.2274992832452,etablissements_publics_nc,27,1707,Boulari
provinciales_2019,,PS,Province Sud,988,98817,Mont-Dore,MONTDORE,0011,702,510,192,494,12,4,Groupe scolaire de Boulari 2,GROUPE SCOLAIRE DE BOULARI 2,8,PS_liste_08,15,3.04,1,Groupe scolaire de Boulari,154 RUE ANTOINE GRISCELLI,ENSEIGNEMENT ET FORMATION,Enseignement du premier degré,Groupe scolaire,166.520855451452,-22.2274992832452,etablissements_publics_nc,27,1707,Boulari
provinciales_2019,,PS,Province Sud,988,98817,Mont-Dore,MONTDORE,0011,702,510,192,494,12,4,Groupe scolaire de Boulari 2,GROUPE SCOLAIRE DE BOULARI 2,9,PS_liste_09,15,3.04,1,Groupe scolaire de Boulari,154 RUE ANTOINE GRISCELLI,ENSEIGNEMENT ET FORMATION,Enseignement du premier degré,Groupe scolaire,166.520855451452,-22.2274992832452,etablissements_publics_nc,27,1707,Boulari
provinciales_2019,,PS,Province Sud,988,98817,Mont-Dore,MONTDORE,0011,702,510,192,494,12,4,Groupe scolaire de Boulari 2,GROUPE SCOLAIRE DE BOULARI 2,10,PS_liste_10,26,5.26,1,Groupe scolaire de Boulari,154 RUE ANTOINE GRISCELLI,ENSEIGNEMENT ET FORMATION,Enseignement du premier degré,Groupe scolaire,166.520855451452,-22.2274992832452,etablissements_publics_nc,27,1707,Boulari
provinciales_2019,,PS,Province Sud,988,98817,Mont-Dore,MONTDORE,0011,702,510,192,494,12,4,Groupe scolaire de Boulari 2,GROUPE SCOLAIRE DE BOULARI 2,11,PS_liste_11,104,21.05,1,Groupe scolaire de Boulari,154 RUE ANTOINE GRISCELLI,ENSEIGNEMENT ET FORMATION,Enseignement du premier degré,Groupe scolaire,166.520855451452,-22.2274992832452,etablissements_publics_nc,27,1707,Boulari
provinciales_2019,,PS,Province Sud,988,98817,Mont-Dore,MONTDORE,0012,613,402,211,382,16,4,Groupe scolaire de Saint-Michel 1,GROUPE SCOLAIRE DE SAINT MICHEL 1,1,PS_liste_01,26,6.81,0.824,Groupe scolaire de Saint-Joseph de Cluny,367 RUE CHARLES FRANCOIS BEAUTEMPS BEAUPRE,ENSEIGNEMENT ET FORMATION,Enseignement du premier degré,Groupe scolaire,166.499920849353,-22.2240498676639,etablissements_publics_nc,24,1704,La Conception
provinciales_2019,,PS,Province Sud,988,98817,Mont-Dore,MONTDORE,0012,613,402,211,382,16,4,Groupe scolaire de Saint-Michel 1,GROUPE SCOLAIRE DE SAINT MICHEL 1,2,PS_liste_02,18,4.71,0.824,Groupe scolaire de Saint-Joseph de Cluny,367 RUE CHARLES FRANCOIS BEAUTEMPS BEAUPRE,ENSEIGNEMENT ET FORMATION,Enseignement du premier degré,Groupe scolaire,166.499920849353,-22.2240498676639,etablissements_publics_nc,24,1704,La Conception
provinciales_2019,,PS,Province Sud,988,98817,Mont-Dore,MONTDORE,0012,613,402,211,382,16,4,Groupe scolaire de Saint-Michel 1,GROUPE SCOLAIRE DE SAINT MICHEL 1,3,PS_liste_03,113,29.58,0.824,Groupe scolaire de Saint-Joseph de Cluny,367 RUE CHARLES FRANCOIS BEAUTEMPS BEAUPRE,ENSEIGNEMENT ET FORMATION,Enseignement du premier degré,Groupe scolaire,166.499920849353,-22.2240498676639,etablissements_publics_nc,24,1704,La Conception
provinciales_2019,,PS,Province Sud,988,98817,Mont-Dore,MONTDORE,0012,613,402,211,382,16,4,Groupe scolaire de Saint-Michel 1,GROUPE SCOLAIRE DE SAINT MICHEL 1,4,PS_liste_04,4,1.05,0.824,Groupe scolaire de Saint-Joseph de Cluny,367 RUE CHARLES FRANCOIS BEAUTEMPS BEAUPRE,ENSEIGNEMENT ET FORMATION,Enseignement du premier degré,Groupe scolaire,166.499920849353,-22.2240498676639,etablissements_publics_nc,24,1704,La Conception
provinciales_2019,,PS,Province Sud,988,98817,Mont-Dore,MONTDORE,0012,613,402,211,382,16,4,Groupe scolaire de Saint-Michel 1,GROUPE SCOLAIRE DE SAINT MICHEL 1,5,PS_liste_05,5,1.31,0.824,Groupe scolaire de Saint-Joseph de Cluny,367 RUE CHARLES FRANCOIS BEAUTEMPS BEAUPRE,ENSEIGNEMENT ET FORMATION,Enseignement du premier degré,Groupe scolaire,166.499920849353,-22.2240498676639,etablissements_publics_nc,24,1704,La Conception
provinciales_2019,,PS,Province Sud,988,98817,Mont-Dore,MONTDORE,0012,613,402,211,382,16,4,Groupe scolaire de Saint-Michel 1,GROUPE SCOLAIRE DE SAINT MICHEL 1,6,PS_liste_06,58,15.18,0.824,Groupe scolaire de Saint-Joseph de Cluny,367 RUE CHARLES FRANCOIS BEAUTEMPS BEAUPRE,ENSEIGNEMENT ET FORMATION,Enseignement du premier degré,Groupe scolaire,166.499920849353,-22.2240498676639,etablissements_publics_nc,24,1704,La Conception
provinciales_2019,,PS,Province Sud,988,98817,Mont-Dore,MONTDORE,0012,613,402,211,382,16,4,Groupe scolaire de Saint-Michel 1,GROUPE SCOLAIRE DE SAINT MICHEL 1,7,PS_liste_07,65,17.02,0.824,Groupe scolaire de Saint-Joseph de Cluny,367 RUE CHARLES FRANCOIS BEAUTEMPS BEAUPRE,ENSEIGNEMENT ET FORMATION,Enseignement du premier degré,Groupe scolaire,166.499920849353,-22.2240498676639,etablissements_publics_nc,24,1704,La Conception
provinciales_2019,,PS,Province Sud,988,98817,Mont-Dore,MONTDORE,0012,613,402,211,382,16,4,Groupe scolaire de Saint-Michel 1,GROUPE SCOLAIRE DE SAINT MICHEL 1,8,PS_liste_08,6,1.57,0.824,Groupe scolaire de Saint-Joseph de Cluny,367 RUE CHARLES FRANCOIS BEAUTEMPS BEAUPRE,ENSEIGNEMENT ET FORMATION,Enseignement du premier degré,Groupe scolaire,166.499920849353,-22.2240498676639,etablissements_publics_nc,24,1704,La Conception
provinciales_2019,,PS,Province Sud,988,98817,Mont-Dore,MONTDORE,0012,613,402,211,382,16,4,Groupe scolaire de Saint-Michel 1,GROUPE SCOLAIRE DE SAINT MICHEL 1,9,PS_liste_09,8,2.09,0.824,Groupe scolaire de Saint-Joseph de Cluny,367 RUE CHARLES FRANCOIS BEAUTEMPS BEAUPRE,ENSEIGNEMENT ET FORMATION,Enseignement du premier degré,Groupe scolaire,166.499920849353,-22.2240498676639,etablissements_publics_nc,24,1704,La Conception
provinciales_2019,,PS,Province Sud,988,98817,Mont-Dore,MONTDORE,0012,613,402,211,382,16,4,Groupe scolaire de Saint-Michel 1,GROUPE SCOLAIRE DE SAINT MICHEL 1,10,PS_liste_10,16,4.19,0.824,Groupe scolaire de Saint-Joseph de Cluny,367 RUE CHARLES FRANCOIS BEAUTEMPS BEAUPRE,ENSEIGNEMENT ET FORMATION,Enseignement du premier degré,Groupe scolaire,166.499920849353,-22.2240498676639,etablissements_publics_nc,24,1704,La Conception
provinciales_2019,,PS,Province Sud,988,98817,Mont-Dore,MONTDORE,0012,613,402,211,382,16,4,Groupe scolaire de Saint-Michel 1,GROUPE SCOLAIRE DE SAINT MICHEL 1,11,PS_liste_11,63,16.49,0.824,Groupe scolaire de Saint-Joseph de Cluny,367 RUE CHARLES FRANCOIS BEAUTEMPS BEAUPRE,ENSEIGNEMENT ET FORMATION,Enseignement du premier degré,Groupe scolaire,166.499920849353,-22.2240498676639,etablissements_publics_nc,24,1704,La Conception
provinciales_2019,,PS,Province Sud,988,98817,Mont-Dore,MONTDORE,0013,398,255,143,249,4,2,Ecole maternelle Les Fougères,ECOLE MATERNELLE LES FOUGERES,1,PS_liste_01,4,1.61,0.69,Ecole primaire de l'Ile-Ouen,,ENSEIGNEMENT ET FORMATION,Enseignement du premier degré,Ecole primaire,166.841440737558,-22.4256696418669,etablissements_publics_nc,35,1715,Mouirange - Grand Sud - Ile Ouen
provinciales_2019,,PS,Province Sud,988,98817,Mont-Dore,MONTDORE,0013,398,255,143,249,4,2,Ecole maternelle Les Fougères,ECOLE MATERNELLE LES FOUGERES,2,PS_liste_02,8,3.21,0.69,Ecole primaire de l'Ile-Ouen,,ENSEIGNEMENT ET FORMATION,Enseignement du premier degré,Ecole primaire,166.841440737558,-22.4256696418669,etablissements_publics_nc,35,1715,Mouirange - Grand Sud - Ile Ouen
provinciales_2019,,PS,Province Sud,988,98817,Mont-Dore,MONTDORE,0013,398,255,143,249,4,2,Ecole maternelle Les Fougères,ECOLE MATERNELLE LES FOUGERES,3,PS_liste_03,78,31.33,0.69,Ecole primaire de l'Ile-Ouen,,ENSEIGNEMENT ET FORMATION,Enseignement du premier degré,Ecole primaire,166.841440737558,-22.4256696418669,etablissements_publics_nc,35,1715,Mouirange - Grand Sud - Ile Ouen
provinciales_2019,,PS,Province Sud,988,98817,Mont-Dore,MONTDORE,0013,398,255,143,249,4,2,Ecole maternelle Les Fougères,ECOLE MATERNELLE LES FOUGERES,4,PS_liste_04,6,2.41,0.69,Ecole primaire de l'Ile-Ouen,,ENSEIGNEMENT ET FORMATION,Enseignement du premier degré,Ecole primaire,166.841440737558,-22.4256696418669,etablissements_publics_nc,35,1715,Mouirange - Grand Sud - Ile Ouen
provinciales_2019,,PS,Province Sud,988,98817,Mont-Dore,MONTDORE,0013,398,255,143,249,4,2,Ecole maternelle Les Fougères,ECOLE MATERNELLE LES FOUGERES,5,PS_liste_05,6,2.41,0.69,Ecole primaire de l'Ile-Ouen,,ENSEIGNEMENT ET FORMATION,Enseignement du premier degré,Ecole primaire,166.841440737558,-22.4256696418669,etablissements_publics_nc,35,1715,Mouirange - Grand Sud - Ile Ouen
provinciales_2019,,PS,Province Sud,988,98817,Mont-Dore,MONTDORE,0013,398,255,143,249,4,2,Ecole maternelle Les Fougères,ECOLE MATERNELLE LES FOUGERES,6,PS_liste_06,45,18.07,0.69,Ecole primaire de l'Ile-Ouen,,ENSEIGNEMENT ET FORMATION,Enseignement du premier degré,Ecole primaire,166.841440737558,-22.4256696418669,etablissements_publics_nc,35,1715,Mouirange - Grand Sud - Ile Ouen
provinciales_2019,,PS,Province Sud,988,98817,Mont-Dore,MONTDORE,0013,398,255,143,249,4,2,Ecole maternelle Les Fougères,ECOLE MATERNELLE LES FOUGERES,7,PS_liste_07,38,15.26,0.69,Ecole primaire de l'Ile-Ouen,,ENSEIGNEMENT ET FORMATION,Enseignement du premier degré,Ecole primaire,166.841440737558,-22.4256696418669,etablissements_publics_nc,35,1715,Mouirange - Grand Sud - Ile Ouen
provinciales_2019,,PS,Province Sud,988,98817,Mont-Dore,MONTDORE,0013,398,255,143,249,4,2,Ecole maternelle Les Fougères,ECOLE MATERNELLE LES FOUGERES,8,PS_liste_08,6,2.41,0.69,Ecole primaire de l'Ile-Ouen,,ENSEIGNEMENT ET FORMATION,Enseignement du premier degré,Ecole primaire,166.841440737558,-22.4256696418669,etablissements_publics_nc,35,1715,Mouirange - Grand Sud - Ile Ouen
provinciales_2019,,PS,Province Sud,988,98817,Mont-Dore,MONTDORE,0013,398,255,143,249,4,2,Ecole maternelle Les Fougères,ECOLE MATERNELLE LES FOUGERES,9,PS_liste_09,2,0.8,0.69,Ecole primaire de l'Ile-Ouen,,ENSEIGNEMENT ET FORMATION,Enseignement du premier degré,Ecole primaire,166.841440737558,-22.4256696418669,etablissements_publics_nc,35,1715,Mouirange - Grand Sud - Ile Ouen
provinciales_2019,,PS,Province Sud,988,98817,Mont-Dore,MONTDORE,0013,398,255,143,249,4,2,Ecole maternelle Les Fougères,ECOLE MATERNELLE LES FOUGERES,10,PS_liste_10,18,7.23,0.69,Ecole primaire de l'Ile-Ouen,,ENSEIGNEMENT ET FORMATION,Enseignement du premier degré,Ecole primaire,166.841440737558,-22.4256696418669,etablissements_publics_nc,35,1715,Mouirange - Grand Sud - Ile Ouen
provinciales_2019,,PS,Province Sud,988,98817,Mont-Dore,MONTDORE,0013,398,255,143,249,4,2,Ecole maternelle Les Fougères,ECOLE MATERNELLE LES FOUGERES,11,PS_liste_11,38,15.26,0.69,Ecole primaire de l'Ile-Ouen,,ENSEIGNEMENT ET FORMATION,Enseignement du premier degré,Ecole primaire,166.841440737558,-22.4256696418669,etablissements_publics_nc,35,1715,Mouirange - Grand Sud - Ile Ouen
provinciales_2019,,PS,Province Sud,988,98817,Mont-Dore,MONTDORE,0014,721,505,216,497,5,3,Ecole maternelle les Dauphins,ECOLE MATERNELLE LES DAUPHINS,1,PS_liste_01,21,4.23,0.741,Ecole maternelle les Dauphins,1724 LA CORNICHE DU MONT DORE,ENSEIGNEMENT ET FORMATION,Enseignement du premier degré,Ecole pré-élémentaire,166.57252708408,-22.2768294716869,etablissements_publics_nc,32,1712,Vallon Dore
provinciales_2019,,PS,Province Sud,988,98817,Mont-Dore,MONTDORE,0014,721,505,216,497,5,3,Ecole maternelle les Dauphins,ECOLE MATERNELLE LES DAUPHINS,2,PS_liste_02,20,4.02,0.741,Ecole maternelle les Dauphins,1724 LA CORNICHE DU MONT DORE,ENSEIGNEMENT ET FORMATION,Enseignement du premier degré,Ecole pré-élémentaire,166.57252708408,-22.2768294716869,etablissements_publics_nc,32,1712,Vallon Dore
provinciales_2019,,PS,Province Sud,988,98817,Mont-Dore,MONTDORE,0014,721,505,216,497,5,3,Ecole maternelle les Dauphins,ECOLE MATERNELLE LES DAUPHINS,3,PS_liste_03,251,50.5,0.741,Ecole maternelle les Dauphins,1724 LA CORNICHE DU MONT DORE,ENSEIGNEMENT ET FORMATION,Enseignement du premier degré,Ecole pré-élémentaire,166.57252708408,-22.2768294716869,etablissements_publics_nc,32,1712,Vallon Dore
provinciales_2019,,PS,Province Sud,988,98817,Mont-Dore,MONTDORE,0014,721,505,216,497,5,3,Ecole maternelle les Dauphins,ECOLE MATERNELLE LES DAUPHINS,4,PS_liste_04,5,1.01,0.741,Ecole maternelle les Dauphins,1724 LA CORNICHE DU MONT DORE,ENSEIGNEMENT ET FORMATION,Enseignement du premier degré,Ecole pré-élémentaire,166.57252708408,-22.2768294716869,etablissements_publics_nc,32,1712,Vallon Dore
provinciales_2019,,PS,Province Sud,988,98817,Mont-Dore,MONTDORE,0014,721,505,216,497,5,3,Ecole maternelle les Dauphins,ECOLE MATERNELLE LES DAUPHINS,5,PS_liste_05,11,2.21,0.741,Ecole maternelle les Dauphins,1724 LA CORNICHE DU MONT DORE,ENSEIGNEMENT ET FORMATION,Enseignement du premier degré,Ecole pré-élémentaire,166.57252708408,-22.2768294716869,etablissements_publics_nc,32,1712,Vallon Dore
provinciales_2019,,PS,Province Sud,988,98817,Mont-Dore,MONTDORE,0014,721,505,216,497,5,3,Ecole maternelle les Dauphins,ECOLE MATERNELLE LES DAUPHINS,6,PS_liste_06,25,5.03,0.741,Ecole maternelle les Dauphins,1724 LA CORNICHE DU MONT DORE,ENSEIGNEMENT ET FORMATION,Enseignement du premier degré,Ecole pré-élémentaire,166.57252708408,-22.2768294716869,etablissements_publics_nc,32,1712,Vallon Dore
provinciales_2019,,PS,Province Sud,988,98817,Mont-Dore,MONTDORE,0014,721,505,216,497,5,3,Ecole maternelle les Dauphins,ECOLE MATERNELLE LES DAUPHINS,7,PS_liste_07,43,8.65,0.741,Ecole maternelle les Dauphins,1724 LA CORNICHE DU MONT DORE,ENSEIGNEMENT ET FORMATION,Enseignement du premier degré,Ecole pré-élémentaire,166.57252708408,-22.2768294716869,etablissements_publics_nc,32,1712,Vallon Dore
provinciales_2019,,PS,Province Sud,988,98817,Mont-Dore,MONTDORE,0014,721,505,216,497,5,3,Ecole maternelle les Dauphins,ECOLE MATERNELLE LES DAUPHINS,8,PS_liste_08,24,4.83,0.741,Ecole maternelle les Dauphins,1724 LA CORNICHE DU MONT DORE,ENSEIGNEMENT ET FORMATION,Enseignement du premier degré,Ecole pré-élémentaire,166.57252708408,-22.2768294716869,etablissements_publics_nc,32,1712,Vallon Dore
provinciales_2019,,PS,Province Sud,988,98817,Mont-Dore,MONTDORE,0014,721,505,216,497,5,3,Ecole maternelle les Dauphins,ECOLE MATERNELLE LES DAUPHINS,9,PS_liste_09,12,2.41,0.741,Ecole maternelle les Dauphins,1724 LA CORNICHE DU MONT DORE,ENSEIGNEMENT ET FORMATION,Enseignement du premier degré,Ecole pré-élémentaire,166.57252708408,-22.2768294716869,etablissements_publics_nc,32,1712,Vallon Dore
provinciales_2019,,PS,Province Sud,988,98817,Mont-Dore,MONTDORE,0014,721,505,216,497,5,3,Ecole maternelle les Dauphins,ECOLE MATERNELLE LES DAUPHINS,10,PS_liste_10,9,1.81,0.741,Ecole maternelle les Dauphins,1724 LA CORNICHE DU MONT DORE,ENSEIGNEMENT ET FORMATION,Enseignement du premier degré,Ecole pré-élémentaire,166.57252708408,-22.2768294716869,etablissements_publics_nc,32,1712,Vallon Dore
provinciales_2019,,PS,Province Sud,988,98817,Mont-Dore,MONTDORE,0014,721,505,216,497,5,3,Ecole maternelle les Dauphins,ECOLE MATERNELLE LES DAUPHINS,11,PS_liste_11,76,15.29,0.741,Ecole maternelle les Dauphins,1724 LA CORNICHE DU MONT DORE,ENSEIGNEMENT ET FORMATION,Enseignement du premier degré,Ecole pré-élémentaire,166.57252708408,-22.2768294716869,etablissements_publics_nc,32,1712,Vallon Dore
provinciales_2019,,PS,Province Sud,988,98817,Mont-Dore,MONTDORE,0015,978,649,329,617,16,16,Ecole Maternelle Les Coccinelles,ECOLE MATERNELLE LES COCCINELLES,1,PS_liste_01,16,2.59,0.771,Ecole maternelle Les Coccinelles,2299 ROUTE DU VALLON DORE,ENSEIGNEMENT ET FORMATION,Enseignement du premier degré,Ecole pré-élémentaire,166.56758162382,-22.2502864537601,etablissements_publics_nc,31,1711,La Coulée Sud
provinciales_2019,,PS,Province Sud,988,98817,Mont-Dore,MONTDORE,0015,978,649,329,617,16,16,Ecole Maternelle Les Coccinelles,ECOLE MATERNELLE LES COCCINELLES,2,PS_liste_02,25,4.05,0.771,Ecole maternelle Les Coccinelles,2299 ROUTE DU VALLON DORE,ENSEIGNEMENT ET FORMATION,Enseignement du premier degré,Ecole pré-élémentaire,166.56758162382,-22.2502864537601,etablissements_publics_nc,31,1711,La Coulée Sud
provinciales_2019,,PS,Province Sud,988,98817,Mont-Dore,MONTDORE,0015,978,649,329,617,16,16,Ecole Maternelle Les Coccinelles,ECOLE MATERNELLE LES COCCINELLES,3,PS_liste_03,183,29.66,0.771,Ecole maternelle Les Coccinelles,2299 ROUTE DU VALLON DORE,ENSEIGNEMENT ET FORMATION,Enseignement du premier degré,Ecole pré-élémentaire,166.56758162382,-22.2502864537601,etablissements_publics_nc,31,1711,La Coulée Sud
provinciales_2019,,PS,Province Sud,988,98817,Mont-Dore,MONTDORE,0015,978,649,329,617,16,16,Ecole Maternelle Les Coccinelles,ECOLE MATERNELLE LES COCCINELLES,4,PS_liste_04,21,3.4,0.771,Ecole maternelle Les Coccinelles,2299 ROUTE DU VALLON DORE,ENSEIGNEMENT ET FORMATION,Enseignement du premier degré,Ecole pré-élémentaire,166.56758162382,-22.2502864537601,etablissements_publics_nc,31,1711,La Coulée Sud
provinciales_2019,,PS,Province Sud,988,98817,Mont-Dore,MONTDORE,0015,978,649,329,617,16,16,Ecole Maternelle Les Coccinelles,ECOLE MATERNELLE LES COCCINELLES,5,PS_liste_05,9,1.46,0.771,Ecole maternelle Les Coccinelles,2299 ROUTE DU VALLON DORE,ENSEIGNEMENT ET FORMATION,Enseignement du premier degré,Ecole pré-élémentaire,166.56758162382,-22.2502864537601,etablissements_publics_nc,31,1711,La Coulée Sud
provinciales_2019,,PS,Province Sud,988,98817,Mont-Dore,MONTDORE,0015,978,649,329,617,16,16,Ecole Maternelle Les Coccinelles,ECOLE MATERNELLE LES COCCINELLES,6,PS_liste_06,89,14.42,0.771,Ecole maternelle Les Coccinelles,2299 ROUTE DU VALLON DORE,ENSEIGNEMENT ET FORMATION,Enseignement du premier degré,Ecole pré-élémentaire,166.56758162382,-22.2502864537601,etablissements_publics_nc,31,1711,La Coulée Sud
provinciales_2019,,PS,Province Sud,988,98817,Mont-Dore,MONTDORE,0015,978,649,329,617,16,16,Ecole Maternelle Les Coccinelles,ECOLE MATERNELLE LES COCCINELLES,7,PS_liste_07,101,16.37,0.771,Ecole maternelle Les Coccinelles,2299 ROUTE DU VALLON DORE,ENSEIGNEMENT ET FORMATION,Enseignement du premier degré,Ecole pré-élémentaire,166.56758162382,-22.2502864537601,etablissements_publics_nc,31,1711,La Coulée Sud
provinciales_2019,,PS,Province Sud,988,98817,Mont-Dore,MONTDORE,0015,978,649,329,617,16,16,Ecole Maternelle Les Coccinelles,ECOLE MATERNELLE LES COCCINELLES,8,PS_liste_08,15,2.43,0.771,Ecole maternelle Les Coccinelles,2299 ROUTE DU VALLON DORE,ENSEIGNEMENT ET FORMATION,Enseignement du premier degré,Ecole pré-élémentaire,166.56758162382,-22.2502864537601,etablissements_publics_nc,31,1711,La Coulée Sud
provinciales_2019,,PS,Province Sud,988,98817,Mont-Dore,MONTDORE,0015,978,649,329,617,16,16,Ecole Maternelle Les Coccinelles,ECOLE MATERNELLE LES COCCINELLES,9,PS_liste_09,15,2.43,0.771,Ecole maternelle Les Coccinelles,2299 ROUTE DU VALLON DORE,ENSEIGNEMENT ET FORMATION,Enseignement du premier degré,Ecole pré-élémentaire,166.56758162382,-22.2502864537601,etablissements_publics_nc,31,1711,La Coulée Sud
provinciales_2019,,PS,Province Sud,988,98817,Mont-Dore,MONTDORE,0015,978,649,329,617,16,16,Ecole Maternelle Les Coccinelles,ECOLE MATERNELLE LES COCCINELLES,10,PS_liste_10,27,4.38,0.771,Ecole maternelle Les Coccinelles,2299 ROUTE DU VALLON DORE,ENSEIGNEMENT ET FORMATION,Enseignement du premier degré,Ecole pré-élémentaire,166.56758162382,-22.2502864537601,etablissements_publics_nc,31,1711,La Coulée Sud
provinciales_2019,,PS,Province Sud,988,98817,Mont-Dore,MONTDORE,0015,978,649,329,617,16,16,Ecole Maternelle Les Coccinelles,ECOLE MATERNELLE LES COCCINELLES,11,PS_liste_11,116,18.8,0.771,Ecole maternelle Les Coccinelles,2299 ROUTE DU VALLON DORE,ENSEIGNEMENT ET FORMATION,Enseignement du premier degré,Ecole pré-élémentaire,166.56758162382,-22.2502864537601,etablissements_publics_nc,31,1711,La Coulée Sud
provinciales_2019,,PS,Province Sud,988,98817,Mont-Dore,MONTDORE,0016,984,668,316,644,20,4,Ecole Saint-Joseph de CLUNY,ECOLE SAINT JOSEPH DE CLUNY,1,PS_liste_01,16,2.48,0.83,Communauté Saint Joseph de CLUNY,483 RUE CHARLES FRANCOIS BEAUTEMPS BEAUPRE,CULTE,Culte,Chapelle paroisse et centre religieux,166.499920601202,-22.2239776205159,etablissements_publics_nc,24,1704,La Conception
provinciales_2019,,PS,Province Sud,988,98817,Mont-Dore,MONTDORE,0016,984,668,316,644,20,4,Ecole Saint-Joseph de CLUNY,ECOLE SAINT JOSEPH DE CLUNY,2,PS_liste_02,10,1.55,0.83,Communauté Saint Joseph de CLUNY,483 RUE CHARLES FRANCOIS BEAUTEMPS BEAUPRE,CULTE,Culte,Chapelle paroisse et centre religieux,166.499920601202,-22.2239776205159,etablissements_publics_nc,24,1704,La Conception
provinciales_2019,,PS,Province Sud,988,98817,Mont-Dore,MONTDORE,0016,984,668,316,644,20,4,Ecole Saint-Joseph de CLUNY,ECOLE SAINT JOSEPH DE CLUNY,3,PS_liste_03,125,19.41,0.83,Communauté Saint Joseph de CLUNY,483 RUE CHARLES FRANCOIS BEAUTEMPS BEAUPRE,CULTE,Culte,Chapelle paroisse et centre religieux,166.499920601202,-22.2239776205159,etablissements_publics_nc,24,1704,La Conception
provinciales_2019,,PS,Province Sud,988,98817,Mont-Dore,MONTDORE,0016,984,668,316,644,20,4,Ecole Saint-Joseph de CLUNY,ECOLE SAINT JOSEPH DE CLUNY,4,PS_liste_04,6,0.93,0.83,Communauté Saint Joseph de CLUNY,483 RUE CHARLES FRANCOIS BEAUTEMPS BEAUPRE,CULTE,Culte,Chapelle paroisse et centre religieux,166.499920601202,-22.2239776205159,etablissements_publics_nc,24,1704,La Conception
provinciales_2019,,PS,Province Sud,988,98817,Mont-Dore,MONTDORE,0016,984,668,316,644,20,4,Ecole Saint-Joseph de CLUNY,ECOLE SAINT JOSEPH DE CLUNY,5,PS_liste_05,11,1.71,0.83,Communauté Saint Joseph de CLUNY,483 RUE CHARLES FRANCOIS BEAUTEMPS BEAUPRE,CULTE,Culte,Chapelle paroisse et centre religieux,166.499920601202,-22.2239776205159,etablissements_publics_nc,24,1704,La Conception
provinciales_2019,,PS,Province Sud,988,98817,Mont-Dore,MONTDORE,0016,984,668,316,644,20,4,Ecole Saint-Joseph de CLUNY,ECOLE SAINT JOSEPH DE CLUNY,6,PS_liste_06,131,20.34,0.83,Communauté Saint Joseph de CLUNY,483 RUE CHARLES FRANCOIS BEAUTEMPS BEAUPRE,CULTE,Culte,Chapelle paroisse et centre religieux,166.499920601202,-22.2239776205159,etablissements_publics_nc,24,1704,La Conception
provinciales_2019,,PS,Province Sud,988,98817,Mont-Dore,MONTDORE,0016,984,668,316,644,20,4,Ecole Saint-Joseph de CLUNY,ECOLE SAINT JOSEPH DE CLUNY,7,PS_liste_07,193,29.97,0.83,Communauté Saint Joseph de CLUNY,483 RUE CHARLES FRANCOIS BEAUTEMPS BEAUPRE,CULTE,Culte,Chapelle paroisse et centre religieux,166.499920601202,-22.2239776205159,etablissements_publics_nc,24,1704,La Conception
provinciales_2019,,PS,Province Sud,988,98817,Mont-Dore,MONTDORE,0016,984,668,316,644,20,4,Ecole Saint-Joseph de CLUNY,ECOLE SAINT JOSEPH DE CLUNY,8,PS_liste_08,18,2.8,0.83,Communauté Saint Joseph de CLUNY,483 RUE CHARLES FRANCOIS BEAUTEMPS BEAUPRE,CULTE,Culte,Chapelle paroisse et centre religieux,166.499920601202,-22.2239776205159,etablissements_publics_nc,24,1704,La Conception
provinciales_2019,,PS,Province Sud,988,98817,Mont-Dore,MONTDORE,0016,984,668,316,644,20,4,Ecole Saint-Joseph de CLUNY,ECOLE SAINT JOSEPH DE CLUNY,9,PS_liste_09,13,2.02,0.83,Communauté Saint Joseph de CLUNY,483 RUE CHARLES FRANCOIS BEAUTEMPS BEAUPRE,CULTE,Culte,Chapelle paroisse et centre religieux,166.499920601202,-22.2239776205159,etablissements_publics_nc,24,1704,La Conception
provinciales_2019,,PS,Province Sud,988,98817,Mont-Dore,MONTDORE,0016,984,668,316,644,20,4,Ecole Saint-Joseph de CLUNY,ECOLE SAINT JOSEPH DE CLUNY,10,PS_liste_10,19,2.95,0.83,Communauté Saint Joseph de CLUNY,483 RUE CHARLES FRANCOIS BEAUTEMPS BEAUPRE,CULTE,Culte,Chapelle paroisse et centre religieux,166.499920601202,-22.2239776205159,etablissements_publics_nc,24,1704,La Conception
provinciales_2019,,PS,Province Sud,988,98817,Mont-Dore,MONTDORE,0016,984,668,316,644,20,4,Ecole Saint-Joseph de CLUNY,ECOLE SAINT JOSEPH DE CLUNY,11,PS_liste_11,102,15.84,0.83,Communauté Saint Joseph de CLUNY,483 RUE CHARLES FRANCOIS BEAUTEMPS BEAUPRE,CULTE,Culte,Chapelle paroisse et centre religieux,166.499920601202,-22.2239776205159,etablissements_publics_nc,24,1704,La Conception
provinciales_2019,,PS,Province Sud,988,98817,Mont-Dore,MONTDORE,0017,762,536,226,521,13,2,Ecole primaire Louis Henri GALINE 2,ECOLE PRIMAIRE LOUIS HENRI GALINE 2,1,PS_liste_01,3,0.58,0.923,Ecole primaire Louis Henri Galinié,1133 RUE DES TROIS BANIANS,ENSEIGNEMENT ET FORMATION,Enseignement du premier degré,Ecole élémentaire,166.512755378687,-22.2163077194956,etablissements_publics_nc,25,1705,Robinson Nord
provinciales_2019,,PS,Province Sud,988,98817,Mont-Dore,MONTDORE,0017,762,536,226,521,13,2,Ecole primaire Louis Henri GALINE 2,ECOLE PRIMAIRE LOUIS HENRI GALINE 2,2,PS_liste_02,17,3.26,0.923,Ecole primaire Louis Henri Galinié,1133 RUE DES TROIS BANIANS,ENSEIGNEMENT ET FORMATION,Enseignement du premier degré,Ecole élémentaire,166.512755378687,-22.2163077194956,etablissements_publics_nc,25,1705,Robinson Nord
provinciales_2019,,PS,Province Sud,988,98817,Mont-Dore,MONTDORE,0017,762,536,226,521,13,2,Ecole primaire Louis Henri GALINE 2,ECOLE PRIMAIRE LOUIS HENRI GALINE 2,3,PS_liste_03,179,34.36,0.923,Ecole primaire Louis Henri Galinié,1133 RUE DES TROIS BANIANS,ENSEIGNEMENT ET FORMATION,Enseignement du premier degré,Ecole élémentaire,166.512755378687,-22.2163077194956,etablissements_publics_nc,25,1705,Robinson Nord
provinciales_2019,,PS,Province Sud,988,98817,Mont-Dore,MONTDORE,0017,762,536,226,521,13,2,Ecole primaire Louis Henri GALINE 2,ECOLE PRIMAIRE LOUIS HENRI GALINE 2,4,PS_liste_04,7,1.34,0.923,Ecole primaire Louis Henri Galinié,1133 RUE DES TROIS BANIANS,ENSEIGNEMENT ET FORMATION,Enseignement du premier degré,Ecole élémentaire,166.512755378687,-22.2163077194956,etablissements_publics_nc,25,1705,Robinson Nord
provinciales_2019,,PS,Province Sud,988,98817,Mont-Dore,MONTDORE,0017,762,536,226,521,13,2,Ecole primaire Louis Henri GALINE 2,ECOLE PRIMAIRE LOUIS HENRI GALINE 2,5,PS_liste_05,4,0.77,0.923,Ecole primaire Louis Henri Galinié,1133 RUE DES TROIS BANIANS,ENSEIGNEMENT ET FORMATION,Enseignement du premier degré,Ecole élémentaire,166.512755378687,-22.2163077194956,etablissements_publics_nc,25,1705,Robinson Nord
provinciales_2019,,PS,Province Sud,988,98817,Mont-Dore,MONTDORE,0017,762,536,226,521,13,2,Ecole primaire Louis Henri GALINE 2,ECOLE PRIMAIRE LOUIS HENRI GALINE 2,6,PS_liste_06,123,23.61,0.923,Ecole primaire Louis Henri Galinié,1133 RUE DES TROIS BANIANS,ENSEIGNEMENT ET FORMATION,Enseignement du premier degré,Ecole élémentaire,166.512755378687,-22.2163077194956,etablissements_publics_nc,25,1705,Robinson Nord
provinciales_2019,,PS,Province Sud,988,98817,Mont-Dore,MONTDORE,0017,762,536,226,521,13,2,Ecole primaire Louis Henri GALINE 2,ECOLE PRIMAIRE LOUIS HENRI GALINE 2,7,PS_liste_07,44,8.45,0.923,Ecole primaire Louis Henri Galinié,1133 RUE DES TROIS BANIANS,ENSEIGNEMENT ET FORMATION,Enseignement du premier degré,Ecole élémentaire,166.512755378687,-22.2163077194956,etablissements_publics_nc,25,1705,Robinson Nord
provinciales_2019,,PS,Province Sud,988,98817,Mont-Dore,MONTDORE,0017,762,536,226,521,13,2,Ecole primaire Louis Henri GALINE 2,ECOLE PRIMAIRE LOUIS HENRI GALINE 2,8,PS_liste_08,9,1.73,0.923,Ecole primaire Louis Henri Galinié,1133 RUE DES TROIS BANIANS,ENSEIGNEMENT ET FORMATION,Enseignement du premier degré,Ecole élémentaire,166.512755378687,-22.2163077194956,etablissements_publics_nc,25,1705,Robinson Nord
provinciales_2019,,PS,Province Sud,988,98817,Mont-Dore,MONTDORE,0017,762,536,226,521,13,2,Ecole primaire Louis Henri GALINE 2,ECOLE PRIMAIRE LOUIS HENRI GALINE 2,9,PS_liste_09,9,1.73,0.923,Ecole primaire Louis Henri Galinié,1133 RUE DES TROIS BANIANS,ENSEIGNEMENT ET FORMATION,Enseignement du premier degré,Ecole élémentaire,166.512755378687,-22.2163077194956,etablissements_publics_nc,25,1705,Robinson Nord
provinciales_2019,,PS,Province Sud,988,98817,Mont-Dore,MONTDORE,0017,762,536,226,521,13,2,Ecole primaire Louis Henri GALINE 2,ECOLE PRIMAIRE LOUIS HENRI GALINE 2,10,PS_liste_10,38,7.29,0.923,Ecole primaire Louis Henri Galinié,1133 RUE DES TROIS BANIANS,ENSEIGNEMENT ET FORMATION,Enseignement du premier degré,Ecole élémentaire,166.512755378687,-22.2163077194956,etablissements_publics_nc,25,1705,Robinson Nord
provinciales_2019,,PS,Province Sud,988,98817,Mont-Dore,MONTDORE,0017,762,536,226,521,13,2,Ecole primaire Louis Henri GALINE 2,ECOLE PRIMAIRE LOUIS HENRI GALINE 2,11,PS_liste_11,88,16.89,0.923,Ecole primaire Louis Henri Galinié,1133 RUE DES TROIS BANIANS,ENSEIGNEMENT ET FORMATION,Enseignement du premier degré,Ecole élémentaire,166.512755378687,-22.2163077194956,etablissements_publics_nc,25,1705,Robinson Nord
provinciales_2019,,PS,Province Sud,988,98817,Mont-Dore,MONTDORE,0018,770,537,233,525,8,4,Groupe scolaire Boulari 3,GROUPE SCOLAIRE BOULARI 3,1,PS_liste_01,7,1.33,1,Groupe scolaire de Boulari,154 RUE ANTOINE GRISCELLI,ENSEIGNEMENT ET FORMATION,Enseignement du premier degré,Groupe scolaire,166.520855451452,-22.2274992832452,etablissements_publics_nc,27,1707,Boulari
provinciales_2019,,PS,Province Sud,988,98817,Mont-Dore,MONTDORE,0018,770,537,233,525,8,4,Groupe scolaire Boulari 3,GROUPE SCOLAIRE BOULARI 3,2,PS_liste_02,17,3.24,1,Groupe scolaire de Boulari,154 RUE ANTOINE GRISCELLI,ENSEIGNEMENT ET FORMATION,Enseignement du premier degré,Groupe scolaire,166.520855451452,-22.2274992832452,etablissements_publics_nc,27,1707,Boulari
provinciales_2019,,PS,Province Sud,988,98817,Mont-Dore,MONTDORE,0018,770,537,233,525,8,4,Groupe scolaire Boulari 3,GROUPE SCOLAIRE BOULARI 3,3,PS_liste_03,247,47.05,1,Groupe scolaire de Boulari,154 RUE ANTOINE GRISCELLI,ENSEIGNEMENT ET FORMATION,Enseignement du premier degré,Groupe scolaire,166.520855451452,-22.2274992832452,etablissements_publics_nc,27,1707,Boulari
provinciales_2019,,PS,Province Sud,988,98817,Mont-Dore,MONTDORE,0018,770,537,233,525,8,4,Groupe scolaire Boulari 3,GROUPE SCOLAIRE BOULARI 3,4,PS_liste_04,6,1.14,1,Groupe scolaire de Boulari,154 RUE ANTOINE GRISCELLI,ENSEIGNEMENT ET FORMATION,Enseignement du premier degré,Groupe scolaire,166.520855451452,-22.2274992832452,etablissements_publics_nc,27,1707,Boulari
provinciales_2019,,PS,Province Sud,988,98817,Mont-Dore,MONTDORE,0018,770,537,233,525,8,4,Groupe scolaire Boulari 3,GROUPE SCOLAIRE BOULARI 3,5,PS_liste_05,9,1.71,1,Groupe scolaire de Boulari,154 RUE ANTOINE GRISCELLI,ENSEIGNEMENT ET FORMATION,Enseignement du premier degré,Groupe scolaire,166.520855451452,-22.2274992832452,etablissements_publics_nc,27,1707,Boulari
provinciales_2019,,PS,Province Sud,988,98817,Mont-Dore,MONTDORE,0018,770,537,233,525,8,4,Groupe scolaire Boulari 3,GROUPE SCOLAIRE BOULARI 3,6,PS_liste_06,54,10.29,1,Groupe scolaire de Boulari,154 RUE ANTOINE GRISCELLI,ENSEIGNEMENT ET FORMATION,Enseignement du premier degré,Groupe scolaire,166.520855451452,-22.2274992832452,etablissements_publics_nc,27,1707,Boulari
provinciales_2019,,PS,Province Sud,988,98817,Mont-Dore,MONTDORE,0018,770,537,233,525,8,4,Groupe scolaire Boulari 3,GROUPE SCOLAIRE BOULARI 3,7,PS_liste_07,38,7.24,1,Groupe scolaire de Boulari,154 RUE ANTOINE GRISCELLI,ENSEIGNEMENT ET FORMATION,Enseignement du premier degré,Groupe scolaire,166.520855451452,-22.2274992832452,etablissements_publics_nc,27,1707,Boulari
provinciales_2019,,PS,Province Sud,988,98817,Mont-Dore,MONTDORE,0018,770,537,233,525,8,4,Groupe scolaire Boulari 3,GROUPE SCOLAIRE BOULARI 3,8,PS_liste_08,10,1.9,1,Groupe scolaire de Boulari,154 RUE ANTOINE GRISCELLI,ENSEIGNEMENT ET FORMATION,Enseignement du premier degré,Groupe scolaire,166.520855451452,-22.2274992832452,etablissements_publics_nc,27,1707,Boulari
provinciales_2019,,PS,Province Sud,988,98817,Mont-Dore,MONTDORE,0018,770,537,233,525,8,4,Groupe scolaire Boulari 3,GROUPE SCOLAIRE BOULARI 3,9,PS_liste_09,16,3.05,1,Groupe scolaire de Boulari,154 RUE ANTOINE GRISCELLI,ENSEIGNEMENT ET FORMATION,Enseignement du premier degré,Groupe scolaire,166.520855451452,-22.2274992832452,etablissements_publics_nc,27,1707,Boulari
provinciales_2019,,PS,Province Sud,988,98817,Mont-Dore,MONTDORE,0018,770,537,233,525,8,4,Groupe scolaire Boulari 3,GROUPE SCOLAIRE BOULARI 3,10,PS_liste_10,19,3.62,1,Groupe scolaire de Boulari,154 RUE ANTOINE GRISCELLI,ENSEIGNEMENT ET FORMATION,Enseignement du premier degré,Groupe scolaire,166.520855451452,-22.2274992832452,etablissements_publics_nc,27,1707,Boulari
provinciales_2019,,PS,Province Sud,988,98817,Mont-Dore,MONTDORE,0018,770,537,233,525,8,4,Groupe scolaire Boulari 3,GROUPE SCOLAIRE BOULARI 3,11,PS_liste_11,102,19.43,1,Groupe scolaire de Boulari,154 RUE ANTOINE GRISCELLI,ENSEIGNEMENT ET FORMATION,Enseignement du premier degré,Groupe scolaire,166.520855451452,-22.2274992832452,etablissements_publics_nc,27,1707,Boulari
provinciales_2019,,PS,Province Sud,988,98817,Mont-Dore,MONTDORE,0019,584,400,184,378,13,9,Groupe scolaire Saint-Michel 2,GROUPE SCOLAIRE SAINT MICHEL 2,1,PS_liste_01,2,0.53,0.824,Groupe scolaire de Saint-Joseph de Cluny,367 RUE CHARLES FRANCOIS BEAUTEMPS BEAUPRE,ENSEIGNEMENT ET FORMATION,Enseignement du premier degré,Groupe scolaire,166.499920849353,-22.2240498676639,etablissements_publics_nc,24,1704,La Conception
provinciales_2019,,PS,Province Sud,988,98817,Mont-Dore,MONTDORE,0019,584,400,184,378,13,9,Groupe scolaire Saint-Michel 2,GROUPE SCOLAIRE SAINT MICHEL 2,2,PS_liste_02,20,5.29,0.824,Groupe scolaire de Saint-Joseph de Cluny,367 RUE CHARLES FRANCOIS BEAUTEMPS BEAUPRE,ENSEIGNEMENT ET FORMATION,Enseignement du premier degré,Groupe scolaire,166.499920849353,-22.2240498676639,etablissements_publics_nc,24,1704,La Conception
provinciales_2019,,PS,Province Sud,988,98817,Mont-Dore,MONTDORE,0019,584,400,184,378,13,9,Groupe scolaire Saint-Michel 2,GROUPE SCOLAIRE SAINT MICHEL 2,3,PS_liste_03,162,42.86,0.824,Groupe scolaire de Saint-Joseph de Cluny,367 RUE CHARLES FRANCOIS BEAUTEMPS BEAUPRE,ENSEIGNEMENT ET FORMATION,Enseignement du premier degré,Groupe scolaire,166.499920849353,-22.2240498676639,etablissements_publics_nc,24,1704,La Conception
provinciales_2019,,PS,Province Sud,988,98817,Mont-Dore,MONTDORE,0019,584,400,184,378,13,9,Groupe scolaire Saint-Michel 2,GROUPE SCOLAIRE SAINT MICHEL 2,4,PS_liste_04,1,0.26,0.824,Groupe scolaire de Saint-Joseph de Cluny,367 RUE CHARLES FRANCOIS BEAUTEMPS BEAUPRE,ENSEIGNEMENT ET FORMATION,Enseignement du premier degré,Groupe scolaire,166.499920849353,-22.2240498676639,etablissements_publics_nc,24,1704,La Conception
provinciales_2019,,PS,Province Sud,988,98817,Mont-Dore,MONTDORE,0019,584,400,184,378,13,9,Groupe scolaire Saint-Michel 2,GROUPE SCOLAIRE SAINT MICHEL 2,5,PS_liste_05,4,1.06,0.824,Groupe scolaire de Saint-Joseph de Cluny,367 RUE CHARLES FRANCOIS BEAUTEMPS BEAUPRE,ENSEIGNEMENT ET FORMATION,Enseignement du premier degré,Groupe scolaire,166.499920849353,-22.2240498676639,etablissements_publics_nc,24,1704,La Conception
provinciales_2019,,PS,Province Sud,988,98817,Mont-Dore,MONTDORE,0019,584,400,184,378,13,9,Groupe scolaire Saint-Michel 2,GROUPE SCOLAIRE SAINT MICHEL 2,6,PS_liste_06,62,16.4,0.824,Groupe scolaire de Saint-Joseph de Cluny,367 RUE CHARLES FRANCOIS BEAUTEMPS BEAUPRE,ENSEIGNEMENT ET FORMATION,Enseignement du premier degré,Groupe scolaire,166.499920849353,-22.2240498676639,etablissements_publics_nc,24,1704,La Conception
provinciales_2019,,PS,Province Sud,988,98817,Mont-Dore,MONTDORE,0019,584,400,184,378,13,9,Groupe scolaire Saint-Michel 2,GROUPE SCOLAIRE SAINT MICHEL 2,7,PS_liste_07,27,7.14,0.824,Groupe scolaire de Saint-Joseph de Cluny,367 RUE CHARLES FRANCOIS BEAUTEMPS BEAUPRE,ENSEIGNEMENT ET FORMATION,Enseignement du premier degré,Groupe scolaire,166.499920849353,-22.2240498676639,etablissements_publics_nc,24,1704,La Conception
provinciales_2019,,PS,Province Sud,988,98817,Mont-Dore,MONTDORE,0019,584,400,184,378,13,9,Groupe scolaire Saint-Michel 2,GROUPE SCOLAIRE SAINT MICHEL 2,8,PS_liste_08,9,2.38,0.824,Groupe scolaire de Saint-Joseph de Cluny,367 RUE CHARLES FRANCOIS BEAUTEMPS BEAUPRE,ENSEIGNEMENT ET FORMATION,Enseignement du premier degré,Groupe scolaire,166.499920849353,-22.2240498676639,etablissements_publics_nc,24,1704,La Conception
provinciales_2019,,PS,Province Sud,988,98817,Mont-Dore,MONTDORE,0019,584,400,184,378,13,9,Groupe scolaire Saint-Michel 2,GROUPE SCOLAIRE SAINT MICHEL 2,9,PS_liste_09,10,2.65,0.824,Groupe scolaire de Saint-Joseph de Cluny,367 RUE CHARLES FRANCOIS BEAUTEMPS BEAUPRE,ENSEIGNEMENT ET FORMATION,Enseignement du premier degré,Groupe scolaire,166.499920849353,-22.2240498676639,etablissements_publics_nc,24,1704,La Conception
provinciales_2019,,PS,Province Sud,988,98817,Mont-Dore,MONTDORE,0019,584,400,184,378,13,9,Groupe scolaire Saint-Michel 2,GROUPE SCOLAIRE SAINT MICHEL 2,10,PS_liste_10,18,4.76,0.824,Groupe scolaire de Saint-Joseph de Cluny,367 RUE CHARLES FRANCOIS BEAUTEMPS BEAUPRE,ENSEIGNEMENT ET FORMATION,Enseignement du premier degré,Groupe scolaire,166.499920849353,-22.2240498676639,etablissements_publics_nc,24,1704,La Conception
provinciales_2019,,PS,Province Sud,988,98817,Mont-Dore,MONTDORE,0019,584,400,184,378,13,9,Groupe scolaire Saint-Michel 2,GROUPE SCOLAIRE SAINT MICHEL 2,11,PS_liste_11,63,16.67,0.824,Groupe scolaire de Saint-Joseph de Cluny,367 RUE CHARLES FRANCOIS BEAUTEMPS BEAUPRE,ENSEIGNEMENT ET FORMATION,Enseignement du premier degré,Groupe scolaire,166.499920849353,-22.2240498676639,etablissements_publics_nc,24,1704,La Conception
provinciales_2019,,PS,Province Sud,988,98817,Mont-Dore,MONTDORE,0020,513,341,172,334,7,0,Groupe scolaire de Plum,GROUPE SCOLAIRE DE PLUM,1,PS_liste_01,10,2.99,0.86,Groupe scolaire de Yahoué,264 RUE DES OPUI,ENSEIGNEMENT ET FORMATION,Enseignement du premier degré,Groupe scolaire,166.489906860567,-22.2084828348965,etablissements_publics_nc,22,1702,Yahoué Sud
provinciales_2019,,PS,Province Sud,988,98817,Mont-Dore,MONTDORE,0020,513,341,172,334,7,0,Groupe scolaire de Plum,GROUPE SCOLAIRE DE PLUM,2,PS_liste_02,19,5.69,0.86,Groupe scolaire de Yahoué,264 RUE DES OPUI,ENSEIGNEMENT ET FORMATION,Enseignement du premier degré,Groupe scolaire,166.489906860567,-22.2084828348965,etablissements_publics_nc,22,1702,Yahoué Sud
provinciales_2019,,PS,Province Sud,988,98817,Mont-Dore,MONTDORE,0020,513,341,172,334,7,0,Groupe scolaire de Plum,GROUPE SCOLAIRE DE PLUM,3,PS_liste_03,129,38.62,0.86,Groupe scolaire de Yahoué,264 RUE DES OPUI,ENSEIGNEMENT ET FORMATION,Enseignement du premier degré,Groupe scolaire,166.489906860567,-22.2084828348965,etablissements_publics_nc,22,1702,Yahoué Sud
provinciales_2019,,PS,Province Sud,988,98817,Mont-Dore,MONTDORE,0020,513,341,172,334,7,0,Groupe scolaire de Plum,GROUPE SCOLAIRE DE PLUM,4,PS_liste_04,6,1.8,0.86,Groupe scolaire de Yahoué,264 RUE DES OPUI,ENSEIGNEMENT ET FORMATION,Enseignement du premier degré,Groupe scolaire,166.489906860567,-22.2084828348965,etablissements_publics_nc,22,1702,Yahoué Sud
provinciales_2019,,PS,Province Sud,988,98817,Mont-Dore,MONTDORE,0020,513,341,172,334,7,0,Groupe scolaire de Plum,GROUPE SCOLAIRE DE PLUM,5,PS_liste_05,5,1.5,0.86,Groupe scolaire de Yahoué,264 RUE DES OPUI,ENSEIGNEMENT ET FORMATION,Enseignement du premier degré,Groupe scolaire,166.489906860567,-22.2084828348965,etablissements_publics_nc,22,1702,Yahoué Sud
provinciales_2019,,PS,Province Sud,988,98817,Mont-Dore,MONTDORE,0020,513,341,172,334,7,0,Groupe scolaire de Plum,GROUPE SCOLAIRE DE PLUM,6,PS_liste_06,18,5.39,0.86,Groupe scolaire de Yahoué,264 RUE DES OPUI,ENSEIGNEMENT ET FORMATION,Enseignement du premier degré,Groupe scolaire,166.489906860567,-22.2084828348965,etablissements_publics_nc,22,1702,Yahoué Sud
provinciales_2019,,PS,Province Sud,988,98817,Mont-Dore,MONTDORE,0020,513,341,172,334,7,0,Groupe scolaire de Plum,GROUPE SCOLAIRE DE PLUM,7,PS_liste_07,44,13.17,0.86,Groupe scolaire de Yahoué,264 RUE DES OPUI,ENSEIGNEMENT ET FORMATION,Enseignement du premier degré,Groupe scolaire,166.489906860567,-22.2084828348965,etablissements_publics_nc,22,1702,Yahoué Sud
provinciales_2019,,PS,Province Sud,988,98817,Mont-Dore,MONTDORE,0020,513,341,172,334,7,0,Groupe scolaire de Plum,GROUPE SCOLAIRE DE PLUM,8,PS_liste_08,12,3.59,0.86,Groupe scolaire de Yahoué,264 RUE DES OPUI,ENSEIGNEMENT ET FORMATION,Enseignement du premier degré,Groupe scolaire,166.489906860567,-22.2084828348965,etablissements_publics_nc,22,1702,Yahoué Sud
provinciales_2019,,PS,Province Sud,988,98817,Mont-Dore,MONTDORE,0020,513,341,172,334,7,0,Groupe scolaire de Plum,GROUPE SCOLAIRE DE PLUM,9,PS_liste_09,8,2.4,0.86,Groupe scolaire de Yahoué,264 RUE DES OPUI,ENSEIGNEMENT ET FORMATION,Enseignement du premier degré,Groupe scolaire,166.489906860567,-22.2084828348965,etablissements_publics_nc,22,1702,Yahoué Sud
provinciales_2019,,PS,Province Sud,988,98817,Mont-Dore,MONTDORE,0020,513,341,172,334,7,0,Groupe scolaire de Plum,GROUPE SCOLAIRE DE PLUM,10,PS_liste_10,9,2.69,0.86,Groupe scolaire de Yahoué,264 RUE DES OPUI,ENSEIGNEMENT ET FORMATION,Enseignement du premier degré,Groupe scolaire,166.489906860567,-22.2084828348965,etablissements_publics_nc,22,1702,Yahoué Sud
provinciales_2019,,PS,Province Sud,988,98817,Mont-Dore,MONTDORE,0020,513,341,172,334,7,0,Groupe scolaire de Plum,GROUPE SCOLAIRE DE PLUM,11,PS_liste_11,74,22.16,0.86,Groupe scolaire de Yahoué,264 RUE DES OPUI,ENSEIGNEMENT ET FORMATION,Enseignement du premier degré,Groupe scolaire,166.489906860567,-22.2084828348965,etablissements_publics_nc,22,1702,Yahoué Sud
provinciales_2019,,PS,Province Sud,988,98817,Mont-Dore,MONTDORE,0021,581,346,235,332,9,5,Ecole La Rizière 3,ECOLE LA RIZIERE 3,1,PS_liste_01,22,6.63,0.734,Ecole primaire La Rizière,89 RUE DU VIEUX PONT,ENSEIGNEMENT ET FORMATION,Enseignement du premier degré,Ecole élémentaire,166.573975497183,-22.2332233282141,etablissements_publics_nc,30,1710,La Coulée Nord
provinciales_2019,,PS,Province Sud,988,98817,Mont-Dore,MONTDORE,0021,581,346,235,332,9,5,Ecole La Rizière 3,ECOLE LA RIZIERE 3,2,PS_liste_02,11,3.31,0.734,Ecole primaire La Rizière,89 RUE DU VIEUX PONT,ENSEIGNEMENT ET FORMATION,Enseignement du premier degré,Ecole élémentaire,166.573975497183,-22.2332233282141,etablissements_publics_nc,30,1710,La Coulée Nord
provinciales_2019,,PS,Province Sud,988,98817,Mont-Dore,MONTDORE,0021,581,346,235,332,9,5,Ecole La Rizière 3,ECOLE LA RIZIERE 3,3,PS_liste_03,122,36.75,0.734,Ecole primaire La Rizière,89 RUE DU VIEUX PONT,ENSEIGNEMENT ET FORMATION,Enseignement du premier degré,Ecole élémentaire,166.573975497183,-22.2332233282141,etablissements_publics_nc,30,1710,La Coulée Nord
provinciales_2019,,PS,Province Sud,988,98817,Mont-Dore,MONTDORE,0021,581,346,235,332,9,5,Ecole La Rizière 3,ECOLE LA RIZIERE 3,4,PS_liste_04,4,1.2,0.734,Ecole primaire La Rizière,89 RUE DU VIEUX PONT,ENSEIGNEMENT ET FORMATION,Enseignement du premier degré,Ecole élémentaire,166.573975497183,-22.2332233282141,etablissements_publics_nc,30,1710,La Coulée Nord
provinciales_2019,,PS,Province Sud,988,98817,Mont-Dore,MONTDORE,0021,581,346,235,332,9,5,Ecole La Rizière 3,ECOLE LA RIZIERE 3,5,PS_liste_05,4,1.2,0.734,Ecole primaire La Rizière,89 RUE DU VIEUX PONT,ENSEIGNEMENT ET FORMATION,Enseignement du premier degré,Ecole élémentaire,166.573975497183,-22.2332233282141,etablissements_publics_nc,30,1710,La Coulée Nord
provinciales_2019,,PS,Province Sud,988,98817,Mont-Dore,MONTDORE,0021,581,346,235,332,9,5,Ecole La Rizière 3,ECOLE LA RIZIERE 3,6,PS_liste_06,15,4.52,0.734,Ecole primaire La Rizière,89 RUE DU VIEUX PONT,ENSEIGNEMENT ET FORMATION,Enseignement du premier degré,Ecole élémentaire,166.573975497183,-22.2332233282141,etablissements_publics_nc,30,1710,La Coulée Nord
provinciales_2019,,PS,Province Sud,988,98817,Mont-Dore,MONTDORE,0021,581,346,235,332,9,5,Ecole La Rizière 3,ECOLE LA RIZIERE 3,7,PS_liste_07,54,16.27,0.734,Ecole primaire La Rizière,89 RUE DU VIEUX PONT,ENSEIGNEMENT ET FORMATION,Enseignement du premier degré,Ecole élémentaire,166.573975497183,-22.2332233282141,etablissements_publics_nc,30,1710,La Coulée Nord
provinciales_2019,,PS,Province Sud,988,98817,Mont-Dore,MONTDORE,0021,581,346,235,332,9,5,Ecole La Rizière 3,ECOLE LA RIZIERE 3,8,PS_liste_08,7,2.11,0.734,Ecole primaire La Rizière,89 RUE DU VIEUX PONT,ENSEIGNEMENT ET FORMATION,Enseignement du premier degré,Ecole élémentaire,166.573975497183,-22.2332233282141,etablissements_publics_nc,30,1710,La Coulée Nord
provinciales_2019,,PS,Province Sud,988,98817,Mont-Dore,MONTDORE,0021,581,346,235,332,9,5,Ecole La Rizière 3,ECOLE LA RIZIERE 3,9,PS_liste_09,13,3.92,0.734,Ecole primaire La Rizière,89 RUE DU VIEUX PONT,ENSEIGNEMENT ET FORMATION,Enseignement du premier degré,Ecole élémentaire,166.573975497183,-22.2332233282141,etablissements_publics_nc,30,1710,La Coulée Nord
provinciales_2019,,PS,Province Sud,988,98817,Mont-Dore,MONTDORE,0021,581,346,235,332,9,5,Ecole La Rizière 3,ECOLE LA RIZIERE 3,10,PS_liste_10,8,2.41,0.734,Ecole primaire La Rizière,89 RUE DU VIEUX PONT,ENSEIGNEMENT ET FORMATION,Enseignement du premier degré,Ecole élémentaire,166.573975497183,-22.2332233282141,etablissements_publics_nc,30,1710,La Coulée Nord
provinciales_2019,,PS,Province Sud,988,98817,Mont-Dore,MONTDORE,0021,581,346,235,332,9,5,Ecole La Rizière 3,ECOLE LA RIZIERE 3,11,PS_liste_11,72,21.69,0.734,Ecole primaire La Rizière,89 RUE DU VIEUX PONT,ENSEIGNEMENT ET FORMATION,Enseignement du premier degré,Ecole élémentaire,166.573975497183,-22.2332233282141,etablissements_publics_nc,30,1710,La Coulée Nord
provinciales_2019,,PS,Province Sud,988,98817,Mont-Dore,MONTDORE,0022,613,400,213,387,8,5,Groupe scolaire de la Briqueterie 1,GROUPE SCOLAIRE DE LA BRIQUETERIE 1,1,PS_liste_01,9,2.33,0.756,Groupe scolaire La Briquetterie,297 RUE DES ROSEAUX,ENSEIGNEMENT ET FORMATION,Enseignement du premier degré,Groupe scolaire,166.566445622614,-22.2625090934915,etablissements_publics_nc,32,1712,Vallon Dore
provinciales_2019,,PS,Province Sud,988,98817,Mont-Dore,MONTDORE,0022,613,400,213,387,8,5,Groupe scolaire de la Briqueterie 1,GROUPE SCOLAIRE DE LA BRIQUETERIE 1,2,PS_liste_02,11,2.84,0.756,Groupe scolaire La Briquetterie,297 RUE DES ROSEAUX,ENSEIGNEMENT ET FORMATION,Enseignement du premier degré,Groupe scolaire,166.566445622614,-22.2625090934915,etablissements_publics_nc,32,1712,Vallon Dore
provinciales_2019,,PS,Province Sud,988,98817,Mont-Dore,MONTDORE,0022,613,400,213,387,8,5,Groupe scolaire de la Briqueterie 1,GROUPE SCOLAIRE DE LA BRIQUETERIE 1,3,PS_liste_03,114,29.46,0.756,Groupe scolaire La Briquetterie,297 RUE DES ROSEAUX,ENSEIGNEMENT ET FORMATION,Enseignement du premier degré,Groupe scolaire,166.566445622614,-22.2625090934915,etablissements_publics_nc,32,1712,Vallon Dore
provinciales_2019,,PS,Province Sud,988,98817,Mont-Dore,MONTDORE,0022,613,400,213,387,8,5,Groupe scolaire de la Briqueterie 1,GROUPE SCOLAIRE DE LA BRIQUETERIE 1,4,PS_liste_04,1,0.26,0.756,Groupe scolaire La Briquetterie,297 RUE DES ROSEAUX,ENSEIGNEMENT ET FORMATION,Enseignement du premier degré,Groupe scolaire,166.566445622614,-22.2625090934915,etablissements_publics_nc,32,1712,Vallon Dore
provinciales_2019,,PS,Province Sud,988,98817,Mont-Dore,MONTDORE,0022,613,400,213,387,8,5,Groupe scolaire de la Briqueterie 1,GROUPE SCOLAIRE DE LA BRIQUETERIE 1,5,PS_liste_05,6,1.55,0.756,Groupe scolaire La Briquetterie,297 RUE DES ROSEAUX,ENSEIGNEMENT ET FORMATION,Enseignement du premier degré,Groupe scolaire,166.566445622614,-22.2625090934915,etablissements_publics_nc,32,1712,Vallon Dore
provinciales_2019,,PS,Province Sud,988,98817,Mont-Dore,MONTDORE,0022,613,400,213,387,8,5,Groupe scolaire de la Briqueterie 1,GROUPE SCOLAIRE DE LA BRIQUETERIE 1,6,PS_liste_06,52,13.44,0.756,Groupe scolaire La Briquetterie,297 RUE DES ROSEAUX,ENSEIGNEMENT ET FORMATION,Enseignement du premier degré,Groupe scolaire,166.566445622614,-22.2625090934915,etablissements_publics_nc,32,1712,Vallon Dore
provinciales_2019,,PS,Province Sud,988,98817,Mont-Dore,MONTDORE,0022,613,400,213,387,8,5,Groupe scolaire de la Briqueterie 1,GROUPE SCOLAIRE DE LA BRIQUETERIE 1,7,PS_liste_07,74,19.12,0.756,Groupe scolaire La Briquetterie,297 RUE DES ROSEAUX,ENSEIGNEMENT ET FORMATION,Enseignement du premier degré,Groupe scolaire,166.566445622614,-22.2625090934915,etablissements_publics_nc,32,1712,Vallon Dore
provinciales_2019,,PS,Province Sud,988,98817,Mont-Dore,MONTDORE,0022,613,400,213,387,8,5,Groupe scolaire de la Briqueterie 1,GROUPE SCOLAIRE DE LA BRIQUETERIE 1,8,PS_liste_08,8,2.07,0.756,Groupe scolaire La Briquetterie,297 RUE DES ROSEAUX,ENSEIGNEMENT ET FORMATION,Enseignement du premier degré,Groupe scolaire,166.566445622614,-22.2625090934915,etablissements_publics_nc,32,1712,Vallon Dore
provinciales_2019,,PS,Province Sud,988,98817,Mont-Dore,MONTDORE,0022,613,400,213,387,8,5,Groupe scolaire de la Briqueterie 1,GROUPE SCOLAIRE DE LA BRIQUETERIE 1,9,PS_liste_09,14,3.62,0.756,Groupe scolaire La Briquetterie,297 RUE DES ROSEAUX,ENSEIGNEMENT ET FORMATION,Enseignement du premier degré,Groupe scolaire,166.566445622614,-22.2625090934915,etablissements_publics_nc,32,1712,Vallon Dore
provinciales_2019,,PS,Province Sud,988,98817,Mont-Dore,MONTDORE,0022,613,400,213,387,8,5,Groupe scolaire de la Briqueterie 1,GROUPE SCOLAIRE DE LA BRIQUETERIE 1,10,PS_liste_10,10,2.58,0.756,Groupe scolaire La Briquetterie,297 RUE DES ROSEAUX,ENSEIGNEMENT ET FORMATION,Enseignement du premier degré,Groupe scolaire,166.566445622614,-22.2625090934915,etablissements_publics_nc,32,1712,Vallon Dore
provinciales_2019,,PS,Province Sud,988,98817,Mont-Dore,MONTDORE,0022,613,400,213,387,8,5,Groupe scolaire de la Briqueterie 1,GROUPE SCOLAIRE DE LA BRIQUETERIE 1,11,PS_liste_11,88,22.74,0.756,Groupe scolaire La Briquetterie,297 RUE DES ROSEAUX,ENSEIGNEMENT ET FORMATION,Enseignement du premier degré,Groupe scolaire,166.566445622614,-22.2625090934915,etablissements_publics_nc,32,1712,Vallon Dore
provinciales_2019,,PS,Province Sud,988,98817,Mont-Dore,MONTDORE,0023,595,393,202,375,10,8,Groupe scolaire de la Briqueterie 2,GROUPE SCOLAIRE DE LA BRIQUETERIE 2,1,PS_liste_01,2,0.53,0.756,Groupe scolaire La Briquetterie,297 RUE DES ROSEAUX,ENSEIGNEMENT ET FORMATION,Enseignement du premier degré,Groupe scolaire,166.566445622614,-22.2625090934915,etablissements_publics_nc,32,1712,Vallon Dore
provinciales_2019,,PS,Province Sud,988,98817,Mont-Dore,MONTDORE,0023,595,393,202,375,10,8,Groupe scolaire de la Briqueterie 2,GROUPE SCOLAIRE DE LA BRIQUETERIE 2,2,PS_liste_02,22,5.87,0.756,Groupe scolaire La Briquetterie,297 RUE DES ROSEAUX,ENSEIGNEMENT ET FORMATION,Enseignement du premier degré,Groupe scolaire,166.566445622614,-22.2625090934915,etablissements_publics_nc,32,1712,Vallon Dore
provinciales_2019,,PS,Province Sud,988,98817,Mont-Dore,MONTDORE,0023,595,393,202,375,10,8,Groupe scolaire de la Briqueterie 2,GROUPE SCOLAIRE DE LA BRIQUETERIE 2,3,PS_liste_03,187,49.87,0.756,Groupe scolaire La Briquetterie,297 RUE DES ROSEAUX,ENSEIGNEMENT ET FORMATION,Enseignement du premier degré,Groupe scolaire,166.566445622614,-22.2625090934915,etablissements_publics_nc,32,1712,Vallon Dore
provinciales_2019,,PS,Province Sud,988,98817,Mont-Dore,MONTDORE,0023,595,393,202,375,10,8,Groupe scolaire de la Briqueterie 2,GROUPE SCOLAIRE DE LA BRIQUETERIE 2,4,PS_liste_04,4,1.07,0.756,Groupe scolaire La Briquetterie,297 RUE DES ROSEAUX,ENSEIGNEMENT ET FORMATION,Enseignement du premier degré,Groupe scolaire,166.566445622614,-22.2625090934915,etablissements_publics_nc,32,1712,Vallon Dore
provinciales_2019,,PS,Province Sud,988,98817,Mont-Dore,MONTDORE,0023,595,393,202,375,10,8,Groupe scolaire de la Briqueterie 2,GROUPE SCOLAIRE DE LA BRIQUETERIE 2,5,PS_liste_05,3,0.8,0.756,Groupe scolaire La Briquetterie,297 RUE DES ROSEAUX,ENSEIGNEMENT ET FORMATION,Enseignement du premier degré,Groupe scolaire,166.566445622614,-22.2625090934915,etablissements_publics_nc,32,1712,Vallon Dore
provinciales_2019,,PS,Province Sud,988,98817,Mont-Dore,MONTDORE,0023,595,393,202,375,10,8,Groupe scolaire de la Briqueterie 2,GROUPE SCOLAIRE DE LA BRIQUETERIE 2,6,PS_liste_06,32,8.53,0.756,Groupe scolaire La Briquetterie,297 RUE DES ROSEAUX,ENSEIGNEMENT ET FORMATION,Enseignement du premier degré,Groupe scolaire,166.566445622614,-22.2625090934915,etablissements_publics_nc,32,1712,Vallon Dore
provinciales_2019,,PS,Province Sud,988,98817,Mont-Dore,MONTDORE,0023,595,393,202,375,10,8,Groupe scolaire de la Briqueterie 2,GROUPE SCOLAIRE DE LA BRIQUETERIE 2,7,PS_liste_07,24,6.4,0.756,Groupe scolaire La Briquetterie,297 RUE DES ROSEAUX,ENSEIGNEMENT ET FORMATION,Enseignement du premier degré,Groupe scolaire,166.566445622614,-22.2625090934915,etablissements_publics_nc,32,1712,Vallon Dore
provinciales_2019,,PS,Province Sud,988,98817,Mont-Dore,MONTDORE,0023,595,393,202,375,10,8,Groupe scolaire de la Briqueterie 2,GROUPE SCOLAIRE DE LA BRIQUETERIE 2,8,PS_liste_08,22,5.87,0.756,Groupe scolaire La Briquetterie,297 RUE DES ROSEAUX,ENSEIGNEMENT ET FORMATION,Enseignement du premier degré,Groupe scolaire,166.566445622614,-22.2625090934915,etablissements_publics_nc,32,1712,Vallon Dore
provinciales_2019,,PS,Province Sud,988,98817,Mont-Dore,MONTDORE,0023,595,393,202,375,10,8,Groupe scolaire de la Briqueterie 2,GROUPE SCOLAIRE DE LA BRIQUETERIE 2,9,PS_liste_09,11,2.93,0.756,Groupe scolaire La Briquetterie,297 RUE DES ROSEAUX,ENSEIGNEMENT ET FORMATION,Enseignement du premier degré,Groupe scolaire,166.566445622614,-22.2625090934915,etablissements_publics_nc,32,1712,Vallon Dore
provinciales_2019,,PS,Province Sud,988,98817,Mont-Dore,MONTDORE,0023,595,393,202,375,10,8,Groupe scolaire de la Briqueterie 2,GROUPE SCOLAIRE DE LA BRIQUETERIE 2,10,PS_liste_10,7,1.87,0.756,Groupe scolaire La Briquetterie,297 RUE DES ROSEAUX,ENSEIGNEMENT ET FORMATION,Enseignement du premier degré,Groupe scolaire,166.566445622614,-22.2625090934915,etablissements_publics_nc,32,1712,Vallon Dore
provinciales_2019,,PS,Province Sud,988,98817,Mont-Dore,MONTDORE,0023,595,393,202,375,10,8,Groupe scolaire de la Briqueterie 2,GROUPE SCOLAIRE DE LA BRIQUETERIE 2,11,PS_liste_11,61,16.27,0.756,Groupe scolaire La Briquetterie,297 RUE DES ROSEAUX,ENSEIGNEMENT ET FORMATION,Enseignement du premier degré,Groupe scolaire,166.566445622614,-22.2625090934915,etablissements_publics_nc,32,1712,Vallon Dore
provinciales_2019,,PS,Province Sud,988,98817,Mont-Dore,MONTDORE,0024,445,295,150,285,8,2,Mairie 2,MAIRIE 2,1,PS_liste_01,4,1.4,0.98,Mairie du Mont-Dore,4468 AVENUE DES DEUX BAIES,ADMINISTRATION ET ORGANISME,Administrations des collectivités,Administration de la commune de Mont-Dore,166.523259425452,-22.2297495527098,etablissements_publics_nc,27,1707,Boulari
provinciales_2019,,PS,Province Sud,988,98817,Mont-Dore,MONTDORE,0024,445,295,150,285,8,2,Mairie 2,MAIRIE 2,2,PS_liste_02,13,4.56,0.98,Mairie du Mont-Dore,4468 AVENUE DES DEUX BAIES,ADMINISTRATION ET ORGANISME,Administrations des collectivités,Administration de la commune de Mont-Dore,166.523259425452,-22.2297495527098,etablissements_publics_nc,27,1707,Boulari
provinciales_2019,,PS,Province Sud,988,98817,Mont-Dore,MONTDORE,0024,445,295,150,285,8,2,Mairie 2,MAIRIE 2,3,PS_liste_03,147,51.58,0.98,Mairie du Mont-Dore,4468 AVENUE DES DEUX BAIES,ADMINISTRATION ET ORGANISME,Administrations des collectivités,Administration de la commune de Mont-Dore,166.523259425452,-22.2297495527098,etablissements_publics_nc,27,1707,Boulari
provinciales_2019,,PS,Province Sud,988,98817,Mont-Dore,MONTDORE,0024,445,295,150,285,8,2,Mairie 2,MAIRIE 2,4,PS_liste_04,2,0.7,0.98,Mairie du Mont-Dore,4468 AVENUE DES DEUX BAIES,ADMINISTRATION ET ORGANISME,Administrations des collectivités,Administration de la commune de Mont-Dore,166.523259425452,-22.2297495527098,etablissements_publics_nc,27,1707,Boulari
provinciales_2019,,PS,Province Sud,988,98817,Mont-Dore,MONTDORE,0024,445,295,150,285,8,2,Mairie 2,MAIRIE 2,5,PS_liste_05,4,1.4,0.98,Mairie du Mont-Dore,4468 AVENUE DES DEUX BAIES,ADMINISTRATION ET ORGANISME,Administrations des collectivités,Administration de la commune de Mont-Dore,166.523259425452,-22.2297495527098,etablissements_publics_nc,27,1707,Boulari
provinciales_2019,,PS,Province Sud,988,98817,Mont-Dore,MONTDORE,0024,445,295,150,285,8,2,Mairie 2,MAIRIE 2,6,PS_liste_06,20,7.02,0.98,Mairie du Mont-Dore,4468 AVENUE DES DEUX BAIES,ADMINISTRATION ET ORGANISME,Administrations des collectivités,Administration de la commune de Mont-Dore,166.523259425452,-22.2297495527098,etablissements_publics_nc,27,1707,Boulari
provinciales_2019,,PS,Province Sud,988,98817,Mont-Dore,MONTDORE,0024,445,295,150,285,8,2,Mairie 2,MAIRIE 2,7,PS_liste_07,16,5.61,0.98,Mairie du Mont-Dore,4468 AVENUE DES DEUX BAIES,ADMINISTRATION ET ORGANISME,Administrations des collectivités,Administration de la commune de Mont-Dore,166.523259425452,-22.2297495527098,etablissements_publics_nc,27,1707,Boulari
provinciales_2019,,PS,Province Sud,988,98817,Mont-Dore,MONTDORE,0024,445,295,150,285,8,2,Mairie 2,MAIRIE 2,8,PS_liste_08,5,1.75,0.98,Mairie du Mont-Dore,4468 AVENUE DES DEUX BAIES,ADMINISTRATION ET ORGANISME,Administrations des collectivités,Administration de la commune de Mont-Dore,166.523259425452,-22.2297495527098,etablissements_publics_nc,27,1707,Boulari
provinciales_2019,,PS,Province Sud,988,98817,Mont-Dore,MONTDORE,0024,445,295,150,285,8,2,Mairie 2,MAIRIE 2,9,PS_liste_09,10,3.51,0.98,Mairie du Mont-Dore,4468 AVENUE DES DEUX BAIES,ADMINISTRATION ET ORGANISME,Administrations des collectivités,Administration de la commune de Mont-Dore,166.523259425452,-22.2297495527098,etablissements_publics_nc,27,1707,Boulari
provinciales_2019,,PS,Province Sud,988,98817,Mont-Dore,MONTDORE,0024,445,295,150,285,8,2,Mairie 2,MAIRIE 2,10,PS_liste_10,8,2.81,0.98,Mairie du Mont-Dore,4468 AVENUE DES DEUX BAIES,ADMINISTRATION ET ORGANISME,Administrations des collectivités,Administration de la commune de Mont-Dore,166.523259425452,-22.2297495527098,etablissements_publics_nc,27,1707,Boulari
provinciales_2019,,PS,Province Sud,988,98817,Mont-Dore,MONTDORE,0024,445,295,150,285,8,2,Mairie 2,MAIRIE 2,11,PS_liste_11,56,19.65,0.98,Mairie du Mont-Dore,4468 AVENUE DES DEUX BAIES,ADMINISTRATION ET ORGANISME,Administrations des collectivités,Administration de la commune de Mont-Dore,166.523259425452,-22.2297495527098,etablissements_publics_nc,27,1707,Boulari
provinciales_2019,,PS,Province Sud,988,98817,Mont-Dore,MONTDORE,0025,706,488,218,471,6,11,Groupe scolaire de Yahoué,GROUPE SCOLAIRE DE YAHOUE,1,PS_liste_01,8,1.7,1,Groupe scolaire de Yahoué,264 RUE DES OPUI,ENSEIGNEMENT ET FORMATION,Enseignement du premier degré,Groupe scolaire,166.489906860567,-22.2084828348965,etablissements_publics_nc,22,1702,Yahoué Sud
provinciales_2019,,PS,Province Sud,988,98817,Mont-Dore,MONTDORE,0025,706,488,218,471,6,11,Groupe scolaire de Yahoué,GROUPE SCOLAIRE DE YAHOUE,2,PS_liste_02,16,3.4,1,Groupe scolaire de Yahoué,264 RUE DES OPUI,ENSEIGNEMENT ET FORMATION,Enseignement du premier degré,Groupe scolaire,166.489906860567,-22.2084828348965,etablissements_publics_nc,22,1702,Yahoué Sud
provinciales_2019,,PS,Province Sud,988,98817,Mont-Dore,MONTDORE,0025,706,488,218,471,6,11,Groupe scolaire de Yahoué,GROUPE SCOLAIRE DE YAHOUE,3,PS_liste_03,149,31.63,1,Groupe scolaire de Yahoué,264 RUE DES OPUI,ENSEIGNEMENT ET FORMATION,Enseignement du premier degré,Groupe scolaire,166.489906860567,-22.2084828348965,etablissements_publics_nc,22,1702,Yahoué Sud
provinciales_2019,,PS,Province Sud,988,98817,Mont-Dore,MONTDORE,0025,706,488,218,471,6,11,Groupe scolaire de Yahoué,GROUPE SCOLAIRE DE YAHOUE,4,PS_liste_04,12,2.55,1,Groupe scolaire de Yahoué,264 RUE DES OPUI,ENSEIGNEMENT ET FORMATION,Enseignement du premier degré,Groupe scolaire,166.489906860567,-22.2084828348965,etablissements_publics_nc,22,1702,Yahoué Sud
provinciales_2019,,PS,Province Sud,988,98817,Mont-Dore,MONTDORE,0025,706,488,218,471,6,11,Groupe scolaire de Yahoué,GROUPE SCOLAIRE DE YAHOUE,5,PS_liste_05,5,1.06,1,Groupe scolaire de Yahoué,264 RUE DES OPUI,ENSEIGNEMENT ET FORMATION,Enseignement du premier degré,Groupe scolaire,166.489906860567,-22.2084828348965,etablissements_publics_nc,22,1702,Yahoué Sud
provinciales_2019,,PS,Province Sud,988,98817,Mont-Dore,MONTDORE,0025,706,488,218,471,6,11,Groupe scolaire de Yahoué,GROUPE SCOLAIRE DE YAHOUE,6,PS_liste_06,76,16.14,1,Groupe scolaire de Yahoué,264 RUE DES OPUI,ENSEIGNEMENT ET FORMATION,Enseignement du premier degré,Groupe scolaire,166.489906860567,-22.2084828348965,etablissements_publics_nc,22,1702,Yahoué Sud
provinciales_2019,,PS,Province Sud,988,98817,Mont-Dore,MONTDORE,0025,706,488,218,471,6,11,Groupe scolaire de Yahoué,GROUPE SCOLAIRE DE YAHOUE,7,PS_liste_07,59,12.53,1,Groupe scolaire de Yahoué,264 RUE DES OPUI,ENSEIGNEMENT ET FORMATION,Enseignement du premier degré,Groupe scolaire,166.489906860567,-22.2084828348965,etablissements_publics_nc,22,1702,Yahoué Sud
provinciales_2019,,PS,Province Sud,988,98817,Mont-Dore,MONTDORE,0025,706,488,218,471,6,11,Groupe scolaire de Yahoué,GROUPE SCOLAIRE DE YAHOUE,8,PS_liste_08,13,2.76,1,Groupe scolaire de Yahoué,264 RUE DES OPUI,ENSEIGNEMENT ET FORMATION,Enseignement du premier degré,Groupe scolaire,166.489906860567,-22.2084828348965,etablissements_publics_nc,22,1702,Yahoué Sud
provinciales_2019,,PS,Province Sud,988,98817,Mont-Dore,MONTDORE,0025,706,488,218,471,6,11,Groupe scolaire de Yahoué,GROUPE SCOLAIRE DE YAHOUE,9,PS_liste_09,8,1.7,1,Groupe scolaire de Yahoué,264 RUE DES OPUI,ENSEIGNEMENT ET FORMATION,Enseignement du premier degré,Groupe scolaire,166.489906860567,-22.2084828348965,etablissements_publics_nc,22,1702,Yahoué Sud
provinciales_2019,,PS,Province Sud,988,98817,Mont-Dore,MONTDORE,0025,706,488,218,471,6,11,Groupe scolaire de Yahoué,GROUPE SCOLAIRE DE YAHOUE,10,PS_liste_10,50,10.62,1,Groupe scolaire de Yahoué,264 RUE DES OPUI,ENSEIGNEMENT ET FORMATION,Enseignement du premier degré,Groupe scolaire,166.489906860567,-22.2084828348965,etablissements_publics_nc,22,1702,Yahoué Sud
provinciales_2019,,PS,Province Sud,988,98817,Mont-Dore,MONTDORE,0025,706,488,218,471,6,11,Groupe scolaire de Yahoué,GROUPE SCOLAIRE DE YAHOUE,11,PS_liste_11,75,15.92,1,Groupe scolaire de Yahoué,264 RUE DES OPUI,ENSEIGNEMENT ET FORMATION,Enseignement du premier degré,Groupe scolaire,166.489906860567,-22.2084828348965,etablissements_publics_nc,22,1702,Yahoué Sud
provinciales_2019,,PS,Province Sud,988,98818,Nouméa,NOUMEA,0001,561,329,232,321,6,2,Mairie 1,MAIRIE 1,1,PS_liste_01,11,3.43,0.93,Hôtel de Ville de Nouméa,16 RUE DU GENERAL MANGIN,ADMINISTRATION ET ORGANISME,Administrations des collectivités,Administration de la commune de Nouméa,166.439401925184,-22.2714056104229,etablissements_publics_nc,58,1822,Centre ville
provinciales_2019,,PS,Province Sud,988,98818,Nouméa,NOUMEA,0001,561,329,232,321,6,2,Mairie 1,MAIRIE 1,2,PS_liste_02,12,3.74,0.93,Hôtel de Ville de Nouméa,16 RUE DU GENERAL MANGIN,ADMINISTRATION ET ORGANISME,Administrations des collectivités,Administration de la commune de Nouméa,166.439401925184,-22.2714056104229,etablissements_publics_nc,58,1822,Centre ville
provinciales_2019,,PS,Province Sud,988,98818,Nouméa,NOUMEA,0001,561,329,232,321,6,2,Mairie 1,MAIRIE 1,3,PS_liste_03,150,46.73,0.93,Hôtel de Ville de Nouméa,16 RUE DU GENERAL MANGIN,ADMINISTRATION ET ORGANISME,Administrations des collectivités,Administration de la commune de Nouméa,166.439401925184,-22.2714056104229,etablissements_publics_nc,58,1822,Centre ville
provinciales_2019,,PS,Province Sud,988,98818,Nouméa,NOUMEA,0001,561,329,232,321,6,2,Mairie 1,MAIRIE 1,4,PS_liste_04,12,3.74,0.93,Hôtel de Ville de Nouméa,16 RUE DU GENERAL MANGIN,ADMINISTRATION ET ORGANISME,Administrations des collectivités,Administration de la commune de Nouméa,166.439401925184,-22.2714056104229,etablissements_publics_nc,58,1822,Centre ville
provinciales_2019,,PS,Province Sud,988,98818,Nouméa,NOUMEA,0001,561,329,232,321,6,2,Mairie 1,MAIRIE 1,5,PS_liste_05,5,1.56,0.93,Hôtel de Ville de Nouméa,16 RUE DU GENERAL MANGIN,ADMINISTRATION ET ORGANISME,Administrations des collectivités,Administration de la commune de Nouméa,166.439401925184,-22.2714056104229,etablissements_publics_nc,58,1822,Centre ville
provinciales_2019,,PS,Province Sud,988,98818,Nouméa,NOUMEA,0001,561,329,232,321,6,2,Mairie 1,MAIRIE 1,6,PS_liste_06,19,5.92,0.93,Hôtel de Ville de Nouméa,16 RUE DU GENERAL MANGIN,ADMINISTRATION ET ORGANISME,Administrations des collectivités,Administration de la commune de Nouméa,166.439401925184,-22.2714056104229,etablissements_publics_nc,58,1822,Centre ville
provinciales_2019,,PS,Province Sud,988,98818,Nouméa,NOUMEA,0001,561,329,232,321,6,2,Mairie 1,MAIRIE 1,7,PS_liste_07,25,7.79,0.93,Hôtel de Ville de Nouméa,16 RUE DU GENERAL MANGIN,ADMINISTRATION ET ORGANISME,Administrations des collectivités,Administration de la commune de Nouméa,166.439401925184,-22.2714056104229,etablissements_publics_nc,58,1822,Centre ville
provinciales_2019,,PS,Province Sud,988,98818,Nouméa,NOUMEA,0001,561,329,232,321,6,2,Mairie 1,MAIRIE 1,8,PS_liste_08,5,1.56,0.93,Hôtel de Ville de Nouméa,16 RUE DU GENERAL MANGIN,ADMINISTRATION ET ORGANISME,Administrations des collectivités,Administration de la commune de Nouméa,166.439401925184,-22.2714056104229,etablissements_publics_nc,58,1822,Centre ville
provinciales_2019,,PS,Province Sud,988,98818,Nouméa,NOUMEA,0001,561,329,232,321,6,2,Mairie 1,MAIRIE 1,9,PS_liste_09,10,3.12,0.93,Hôtel de Ville de Nouméa,16 RUE DU GENERAL MANGIN,ADMINISTRATION ET ORGANISME,Administrations des collectivités,Administration de la commune de Nouméa,166.439401925184,-22.2714056104229,etablissements_publics_nc,58,1822,Centre ville
provinciales_2019,,PS,Province Sud,988,98818,Nouméa,NOUMEA,0001,561,329,232,321,6,2,Mairie 1,MAIRIE 1,10,PS_liste_10,6,1.87,0.93,Hôtel de Ville de Nouméa,16 RUE DU GENERAL MANGIN,ADMINISTRATION ET ORGANISME,Administrations des collectivités,Administration de la commune de Nouméa,166.439401925184,-22.2714056104229,etablissements_publics_nc,58,1822,Centre ville
provinciales_2019,,PS,Province Sud,988,98818,Nouméa,NOUMEA,0001,561,329,232,321,6,2,Mairie 1,MAIRIE 1,11,PS_liste_11,66,20.56,0.93,Hôtel de Ville de Nouméa,16 RUE DU GENERAL MANGIN,ADMINISTRATION ET ORGANISME,Administrations des collectivités,Administration de la commune de Nouméa,166.439401925184,-22.2714056104229,etablissements_publics_nc,58,1822,Centre ville
provinciales_2019,,PS,Province Sud,988,98818,Nouméa,NOUMEA,0002,871,440,431,432,4,4,Mairie 2,MAIRIE 2,1,PS_liste_01,22,5.09,0.93,Hôtel de Ville de Nouméa,16 RUE DU GENERAL MANGIN,ADMINISTRATION ET ORGANISME,Administrations des collectivités,Administration de la commune de Nouméa,166.439401925184,-22.2714056104229,etablissements_publics_nc,58,1822,Centre ville
provinciales_2019,,PS,Province Sud,988,98818,Nouméa,NOUMEA,0002,871,440,431,432,4,4,Mairie 2,MAIRIE 2,2,PS_liste_02,15,3.47,0.93,Hôtel de Ville de Nouméa,16 RUE DU GENERAL MANGIN,ADMINISTRATION ET ORGANISME,Administrations des collectivités,Administration de la commune de Nouméa,166.439401925184,-22.2714056104229,etablissements_publics_nc,58,1822,Centre ville
provinciales_2019,,PS,Province Sud,988,98818,Nouméa,NOUMEA,0002,871,440,431,432,4,4,Mairie 2,MAIRIE 2,3,PS_liste_03,144,33.33,0.93,Hôtel de Ville de Nouméa,16 RUE DU GENERAL MANGIN,ADMINISTRATION ET ORGANISME,Administrations des collectivités,Administration de la commune de Nouméa,166.439401925184,-22.2714056104229,etablissements_publics_nc,58,1822,Centre ville
provinciales_2019,,PS,Province Sud,988,98818,Nouméa,NOUMEA,0002,871,440,431,432,4,4,Mairie 2,MAIRIE 2,4,PS_liste_04,27,6.25,0.93,Hôtel de Ville de Nouméa,16 RUE DU GENERAL MANGIN,ADMINISTRATION ET ORGANISME,Administrations des collectivités,Administration de la commune de Nouméa,166.439401925184,-22.2714056104229,etablissements_publics_nc,58,1822,Centre ville
provinciales_2019,,PS,Province Sud,988,98818,Nouméa,NOUMEA,0002,871,440,431,432,4,4,Mairie 2,MAIRIE 2,5,PS_liste_05,4,0.93,0.93,Hôtel de Ville de Nouméa,16 RUE DU GENERAL MANGIN,ADMINISTRATION ET ORGANISME,Administrations des collectivités,Administration de la commune de Nouméa,166.439401925184,-22.2714056104229,etablissements_publics_nc,58,1822,Centre ville
provinciales_2019,,PS,Province Sud,988,98818,Nouméa,NOUMEA,0002,871,440,431,432,4,4,Mairie 2,MAIRIE 2,6,PS_liste_06,26,6.02,0.93,Hôtel de Ville de Nouméa,16 RUE DU GENERAL MANGIN,ADMINISTRATION ET ORGANISME,Administrations des collectivités,Administration de la commune de Nouméa,166.439401925184,-22.2714056104229,etablissements_publics_nc,58,1822,Centre ville
provinciales_2019,,PS,Province Sud,988,98818,Nouméa,NOUMEA,0002,871,440,431,432,4,4,Mairie 2,MAIRIE 2,7,PS_liste_07,77,17.82,0.93,Hôtel de Ville de Nouméa,16 RUE DU GENERAL MANGIN,ADMINISTRATION ET ORGANISME,Administrations des collectivités,Administration de la commune de Nouméa,166.439401925184,-22.2714056104229,etablissements_publics_nc,58,1822,Centre ville
provinciales_2019,,PS,Province Sud,988,98818,Nouméa,NOUMEA,0002,871,440,431,432,4,4,Mairie 2,MAIRIE 2,8,PS_liste_08,14,3.24,0.93,Hôtel de Ville de Nouméa,16 RUE DU GENERAL MANGIN,ADMINISTRATION ET ORGANISME,Administrations des collectivités,Administration de la commune de Nouméa,166.439401925184,-22.2714056104229,etablissements_publics_nc,58,1822,Centre ville
provinciales_2019,,PS,Province Sud,988,98818,Nouméa,NOUMEA,0002,871,440,431,432,4,4,Mairie 2,MAIRIE 2,9,PS_liste_09,13,3.01,0.93,Hôtel de Ville de Nouméa,16 RUE DU GENERAL MANGIN,ADMINISTRATION ET ORGANISME,Administrations des collectivités,Administration de la commune de Nouméa,166.439401925184,-22.2714056104229,etablissements_publics_nc,58,1822,Centre ville
provinciales_2019,,PS,Province Sud,988,98818,Nouméa,NOUMEA,0002,871,440,431,432,4,4,Mairie 2,MAIRIE 2,10,PS_liste_10,8,1.85,0.93,Hôtel de Ville de Nouméa,16 RUE DU GENERAL MANGIN,ADMINISTRATION ET ORGANISME,Administrations des collectivités,Administration de la commune de Nouméa,166.439401925184,-22.2714056104229,etablissements_publics_nc,58,1822,Centre ville
provinciales_2019,,PS,Province Sud,988,98818,Nouméa,NOUMEA,0002,871,440,431,432,4,4,Mairie 2,MAIRIE 2,11,PS_liste_11,82,18.98,0.93,Hôtel de Ville de Nouméa,16 RUE DU GENERAL MANGIN,ADMINISTRATION ET ORGANISME,Administrations des collectivités,Administration de la commune de Nouméa,166.439401925184,-22.2714056104229,etablissements_publics_nc,58,1822,Centre ville
provinciales_2019,,PS,Province Sud,988,98818,Nouméa,NOUMEA,0003,666,444,222,435,7,2,Ecole Frédéric Surleau,ECOLE FREDERIC SURLEAU,1,PS_liste_01,3,0.69,0.836,Ecole Frédéric SURLEAU,5 RUE FREDERIC SURLEAU,ENSEIGNEMENT ET FORMATION,Enseignement du premier degré,Ecole élémentaire,166.446180272936,-22.2732842135737,etablissements_publics_nc,58,1822,Centre ville
provinciales_2019,,PS,Province Sud,988,98818,Nouméa,NOUMEA,0003,666,444,222,435,7,2,Ecole Frédéric Surleau,ECOLE FREDERIC SURLEAU,2,PS_liste_02,22,5.06,0.836,Ecole Frédéric SURLEAU,5 RUE FREDERIC SURLEAU,ENSEIGNEMENT ET FORMATION,Enseignement du premier degré,Ecole élémentaire,166.446180272936,-22.2732842135737,etablissements_publics_nc,58,1822,Centre ville
provinciales_2019,,PS,Province Sud,988,98818,Nouméa,NOUMEA,0003,666,444,222,435,7,2,Ecole Frédéric Surleau,ECOLE FREDERIC SURLEAU,3,PS_liste_03,249,57.24,0.836,Ecole Frédéric SURLEAU,5 RUE FREDERIC SURLEAU,ENSEIGNEMENT ET FORMATION,Enseignement du premier degré,Ecole élémentaire,166.446180272936,-22.2732842135737,etablissements_publics_nc,58,1822,Centre ville
provinciales_2019,,PS,Province Sud,988,98818,Nouméa,NOUMEA,0003,666,444,222,435,7,2,Ecole Frédéric Surleau,ECOLE FREDERIC SURLEAU,4,PS_liste_04,3,0.69,0.836,Ecole Frédéric SURLEAU,5 RUE FREDERIC SURLEAU,ENSEIGNEMENT ET FORMATION,Enseignement du premier degré,Ecole élémentaire,166.446180272936,-22.2732842135737,etablissements_publics_nc,58,1822,Centre ville
provinciales_2019,,PS,Province Sud,988,98818,Nouméa,NOUMEA,0003,666,444,222,435,7,2,Ecole Frédéric Surleau,ECOLE FREDERIC SURLEAU,5,PS_liste_05,1,0.23,0.836,Ecole Frédéric SURLEAU,5 RUE FREDERIC SURLEAU,ENSEIGNEMENT ET FORMATION,Enseignement du premier degré,Ecole élémentaire,166.446180272936,-22.2732842135737,etablissements_publics_nc,58,1822,Centre ville
provinciales_2019,,PS,Province Sud,988,98818,Nouméa,NOUMEA,0003,666,444,222,435,7,2,Ecole Frédéric Surleau,ECOLE FREDERIC SURLEAU,6,PS_liste_06,9,2.07,0.836,Ecole Frédéric SURLEAU,5 RUE FREDERIC SURLEAU,ENSEIGNEMENT ET FORMATION,Enseignement du premier degré,Ecole élémentaire,166.446180272936,-22.2732842135737,etablissements_publics_nc,58,1822,Centre ville
provinciales_2019,,PS,Province Sud,988,98818,Nouméa,NOUMEA,0003,666,444,222,435,7,2,Ecole Frédéric Surleau,ECOLE FREDERIC SURLEAU,7,PS_liste_07,35,8.05,0.836,Ecole Frédéric SURLEAU,5 RUE FREDERIC SURLEAU,ENSEIGNEMENT ET FORMATION,Enseignement du premier degré,Ecole élémentaire,166.446180272936,-22.2732842135737,etablissements_publics_nc,58,1822,Centre ville
provinciales_2019,,PS,Province Sud,988,98818,Nouméa,NOUMEA,0003,666,444,222,435,7,2,Ecole Frédéric Surleau,ECOLE FREDERIC SURLEAU,8,PS_liste_08,20,4.6,0.836,Ecole Frédéric SURLEAU,5 RUE FREDERIC SURLEAU,ENSEIGNEMENT ET FORMATION,Enseignement du premier degré,Ecole élémentaire,166.446180272936,-22.2732842135737,etablissements_publics_nc,58,1822,Centre ville
provinciales_2019,,PS,Province Sud,988,98818,Nouméa,NOUMEA,0003,666,444,222,435,7,2,Ecole Frédéric Surleau,ECOLE FREDERIC SURLEAU,9,PS_liste_09,11,2.53,0.836,Ecole Frédéric SURLEAU,5 RUE FREDERIC SURLEAU,ENSEIGNEMENT ET FORMATION,Enseignement du premier degré,Ecole élémentaire,166.446180272936,-22.2732842135737,etablissements_publics_nc,58,1822,Centre ville
provinciales_2019,,PS,Province Sud,988,98818,Nouméa,NOUMEA,0003,666,444,222,435,7,2,Ecole Frédéric Surleau,ECOLE FREDERIC SURLEAU,10,PS_liste_10,4,0.92,0.836,Ecole Frédéric SURLEAU,5 RUE FREDERIC SURLEAU,ENSEIGNEMENT ET FORMATION,Enseignement du premier degré,Ecole élémentaire,166.446180272936,-22.2732842135737,etablissements_publics_nc,58,1822,Centre ville
provinciales_2019,,PS,Province Sud,988,98818,Nouméa,NOUMEA,0003,666,444,222,435,7,2,Ecole Frédéric Surleau,ECOLE FREDERIC SURLEAU,11,PS_liste_11,78,17.93,0.836,Ecole Frédéric SURLEAU,5 RUE FREDERIC SURLEAU,ENSEIGNEMENT ET FORMATION,Enseignement du premier degré,Ecole élémentaire,166.446180272936,-22.2732842135737,etablissements_publics_nc,58,1822,Centre ville
provinciales_2019,,PS,Province Sud,988,98818,Nouméa,NOUMEA,0004,685,488,197,483,4,1,Ecole Marguerite Lefrançois,ECOLE MARGUERITE LEFRANCOIS,1,PS_liste_01,4,0.83,0.821,Ecole Marguerite LEFRANCOIS,8 RUE FRANCOIS ECORCHON,ENSEIGNEMENT ET FORMATION,Enseignement du premier degré,Ecole pré-élémentaire,166.446044574066,-22.2859909097298,etablissements_publics_nc,45,1809,Orphelinat
provinciales_2019,,PS,Province Sud,988,98818,Nouméa,NOUMEA,0004,685,488,197,483,4,1,Ecole Marguerite Lefrançois,ECOLE MARGUERITE LEFRANCOIS,2,PS_liste_02,15,3.11,0.821,Ecole Marguerite LEFRANCOIS,8 RUE FRANCOIS ECORCHON,ENSEIGNEMENT ET FORMATION,Enseignement du premier degré,Ecole pré-élémentaire,166.446044574066,-22.2859909097298,etablissements_publics_nc,45,1809,Orphelinat
provinciales_2019,,PS,Province Sud,988,98818,Nouméa,NOUMEA,0004,685,488,197,483,4,1,Ecole Marguerite Lefrançois,ECOLE MARGUERITE LEFRANCOIS,3,PS_liste_03,342,70.81,0.821,Ecole Marguerite LEFRANCOIS,8 RUE FRANCOIS ECORCHON,ENSEIGNEMENT ET FORMATION,Enseignement du premier degré,Ecole pré-élémentaire,166.446044574066,-22.2859909097298,etablissements_publics_nc,45,1809,Orphelinat
provinciales_2019,,PS,Province Sud,988,98818,Nouméa,NOUMEA,0004,685,488,197,483,4,1,Ecole Marguerite Lefrançois,ECOLE MARGUERITE LEFRANCOIS,4,PS_liste_04,0,0,0.821,Ecole Marguerite LEFRANCOIS,8 RUE FRANCOIS ECORCHON,ENSEIGNEMENT ET FORMATION,Enseignement du premier degré,Ecole pré-élémentaire,166.446044574066,-22.2859909097298,etablissements_publics_nc,45,1809,Orphelinat
provinciales_2019,,PS,Province Sud,988,98818,Nouméa,NOUMEA,0004,685,488,197,483,4,1,Ecole Marguerite Lefrançois,ECOLE MARGUERITE LEFRANCOIS,5,PS_liste_05,3,0.62,0.821,Ecole Marguerite LEFRANCOIS,8 RUE FRANCOIS ECORCHON,ENSEIGNEMENT ET FORMATION,Enseignement du premier degré,Ecole pré-élémentaire,166.446044574066,-22.2859909097298,etablissements_publics_nc,45,1809,Orphelinat
provinciales_2019,,PS,Province Sud,988,98818,Nouméa,NOUMEA,0004,685,488,197,483,4,1,Ecole Marguerite Lefrançois,ECOLE MARGUERITE LEFRANCOIS,6,PS_liste_06,2,0.41,0.821,Ecole Marguerite LEFRANCOIS,8 RUE FRANCOIS ECORCHON,ENSEIGNEMENT ET FORMATION,Enseignement du premier degré,Ecole pré-élémentaire,166.446044574066,-22.2859909097298,etablissements_publics_nc,45,1809,Orphelinat
provinciales_2019,,PS,Province Sud,988,98818,Nouméa,NOUMEA,0004,685,488,197,483,4,1,Ecole Marguerite Lefrançois,ECOLE MARGUERITE LEFRANCOIS,7,PS_liste_07,7,1.45,0.821,Ecole Marguerite LEFRANCOIS,8 RUE FRANCOIS ECORCHON,ENSEIGNEMENT ET FORMATION,Enseignement du premier degré,Ecole pré-élémentaire,166.446044574066,-22.2859909097298,etablissements_publics_nc,45,1809,Orphelinat
provinciales_2019,,PS,Province Sud,988,98818,Nouméa,NOUMEA,0004,685,488,197,483,4,1,Ecole Marguerite Lefrançois,ECOLE MARGUERITE LEFRANCOIS,8,PS_liste_08,12,2.48,0.821,Ecole Marguerite LEFRANCOIS,8 RUE FRANCOIS ECORCHON,ENSEIGNEMENT ET FORMATION,Enseignement du premier degré,Ecole pré-élémentaire,166.446044574066,-22.2859909097298,etablissements_publics_nc,45,1809,Orphelinat
provinciales_2019,,PS,Province Sud,988,98818,Nouméa,NOUMEA,0004,685,488,197,483,4,1,Ecole Marguerite Lefrançois,ECOLE MARGUERITE LEFRANCOIS,9,PS_liste_09,21,4.35,0.821,Ecole Marguerite LEFRANCOIS,8 RUE FRANCOIS ECORCHON,ENSEIGNEMENT ET FORMATION,Enseignement du premier degré,Ecole pré-élémentaire,166.446044574066,-22.2859909097298,etablissements_publics_nc,45,1809,Orphelinat
provinciales_2019,,PS,Province Sud,988,98818,Nouméa,NOUMEA,0004,685,488,197,483,4,1,Ecole Marguerite Lefrançois,ECOLE MARGUERITE LEFRANCOIS,10,PS_liste_10,3,0.62,0.821,Ecole Marguerite LEFRANCOIS,8 RUE FRANCOIS ECORCHON,ENSEIGNEMENT ET FORMATION,Enseignement du premier degré,Ecole pré-élémentaire,166.446044574066,-22.2859909097298,etablissements_publics_nc,45,1809,Orphelinat
provinciales_2019,,PS,Province Sud,988,98818,Nouméa,NOUMEA,0004,685,488,197,483,4,1,Ecole Marguerite Lefrançois,ECOLE MARGUERITE LEFRANCOIS,11,PS_liste_11,74,15.32,0.821,Ecole Marguerite LEFRANCOIS,8 RUE FRANCOIS ECORCHON,ENSEIGNEMENT ET FORMATION,Enseignement du premier degré,Ecole pré-élémentaire,166.446044574066,-22.2859909097298,etablissements_publics_nc,45,1809,Orphelinat
provinciales_2019,,PS,Province Sud,988,98818,Nouméa,NOUMEA,0005,725,554,171,547,5,2,Ecole Yvonne Dupont 1,ECOLE YVONNE DUPONT 1,1,PS_liste_01,0,0,0.98,Parc école Yvonne DUPONT,2 RUE MARCELLIN LACABANNE,PARC ESPACE PUBLIC ET LOISIR,Parcs et espaces verts,Parc,166.442173657352,-22.2926748814035,etablissements_publics_nc,42,1806,Motor Pool - Receiving
provinciales_2019,,PS,Province Sud,988,98818,Nouméa,NOUMEA,0005,725,554,171,547,5,2,Ecole Yvonne Dupont 1,ECOLE YVONNE DUPONT 1,2,PS_liste_02,27,4.94,0.98,Parc école Yvonne DUPONT,2 RUE MARCELLIN LACABANNE,PARC ESPACE PUBLIC ET LOISIR,Parcs et espaces verts,Parc,166.442173657352,-22.2926748814035,etablissements_publics_nc,42,1806,Motor Pool - Receiving
provinciales_2019,,PS,Province Sud,988,98818,Nouméa,NOUMEA,0005,725,554,171,547,5,2,Ecole Yvonne Dupont 1,ECOLE YVONNE DUPONT 1,3,PS_liste_03,379,69.29,0.98,Parc école Yvonne DUPONT,2 RUE MARCELLIN LACABANNE,PARC ESPACE PUBLIC ET LOISIR,Parcs et espaces verts,Parc,166.442173657352,-22.2926748814035,etablissements_publics_nc,42,1806,Motor Pool - Receiving
provinciales_2019,,PS,Province Sud,988,98818,Nouméa,NOUMEA,0005,725,554,171,547,5,2,Ecole Yvonne Dupont 1,ECOLE YVONNE DUPONT 1,4,PS_liste_04,1,0.18,0.98,Parc école Yvonne DUPONT,2 RUE MARCELLIN LACABANNE,PARC ESPACE PUBLIC ET LOISIR,Parcs et espaces verts,Parc,166.442173657352,-22.2926748814035,etablissements_publics_nc,42,1806,Motor Pool - Receiving
provinciales_2019,,PS,Province Sud,988,98818,Nouméa,NOUMEA,0005,725,554,171,547,5,2,Ecole Yvonne Dupont 1,ECOLE YVONNE DUPONT 1,5,PS_liste_05,4,0.73,0.98,Parc école Yvonne DUPONT,2 RUE MARCELLIN LACABANNE,PARC ESPACE PUBLIC ET LOISIR,Parcs et espaces verts,Parc,166.442173657352,-22.2926748814035,etablissements_publics_nc,42,1806,Motor Pool - Receiving
provinciales_2019,,PS,Province Sud,988,98818,Nouméa,NOUMEA,0005,725,554,171,547,5,2,Ecole Yvonne Dupont 1,ECOLE YVONNE DUPONT 1,6,PS_liste_06,4,0.73,0.98,Parc école Yvonne DUPONT,2 RUE MARCELLIN LACABANNE,PARC ESPACE PUBLIC ET LOISIR,Parcs et espaces verts,Parc,166.442173657352,-22.2926748814035,etablissements_publics_nc,42,1806,Motor Pool - Receiving
provinciales_2019,,PS,Province Sud,988,98818,Nouméa,NOUMEA,0005,725,554,171,547,5,2,Ecole Yvonne Dupont 1,ECOLE YVONNE DUPONT 1,7,PS_liste_07,7,1.28,0.98,Parc école Yvonne DUPONT,2 RUE MARCELLIN LACABANNE,PARC ESPACE PUBLIC ET LOISIR,Parcs et espaces verts,Parc,166.442173657352,-22.2926748814035,etablissements_publics_nc,42,1806,Motor Pool - Receiving
provinciales_2019,,PS,Province Sud,988,98818,Nouméa,NOUMEA,0005,725,554,171,547,5,2,Ecole Yvonne Dupont 1,ECOLE YVONNE DUPONT 1,8,PS_liste_08,13,2.38,0.98,Parc école Yvonne DUPONT,2 RUE MARCELLIN LACABANNE,PARC ESPACE PUBLIC ET LOISIR,Parcs et espaces verts,Parc,166.442173657352,-22.2926748814035,etablissements_publics_nc,42,1806,Motor Pool - Receiving
provinciales_2019,,PS,Province Sud,988,98818,Nouméa,NOUMEA,0005,725,554,171,547,5,2,Ecole Yvonne Dupont 1,ECOLE YVONNE DUPONT 1,9,PS_liste_09,14,2.56,0.98,Parc école Yvonne DUPONT,2 RUE MARCELLIN LACABANNE,PARC ESPACE PUBLIC ET LOISIR,Parcs et espaces verts,Parc,166.442173657352,-22.2926748814035,etablissements_publics_nc,42,1806,Motor Pool - Receiving
provinciales_2019,,PS,Province Sud,988,98818,Nouméa,NOUMEA,0005,725,554,171,547,5,2,Ecole Yvonne Dupont 1,ECOLE YVONNE DUPONT 1,10,PS_liste_10,3,0.55,0.98,Parc école Yvonne DUPONT,2 RUE MARCELLIN LACABANNE,PARC ESPACE PUBLIC ET LOISIR,Parcs et espaces verts,Parc,166.442173657352,-22.2926748814035,etablissements_publics_nc,42,1806,Motor Pool - Receiving
provinciales_2019,,PS,Province Sud,988,98818,Nouméa,NOUMEA,0005,725,554,171,547,5,2,Ecole Yvonne Dupont 1,ECOLE YVONNE DUPONT 1,11,PS_liste_11,95,17.37,0.98,Parc école Yvonne DUPONT,2 RUE MARCELLIN LACABANNE,PARC ESPACE PUBLIC ET LOISIR,Parcs et espaces verts,Parc,166.442173657352,-22.2926748814035,etablissements_publics_nc,42,1806,Motor Pool - Receiving
provinciales_2019,,PS,Province Sud,988,98818,Nouméa,NOUMEA,0006,805,540,265,532,6,2,Ecole Eloi Franc 1,ECOLE ELOI FRANC 1,1,PS_liste_01,10,1.88,0.83,Ecole Eloi FRANC,10 RUE PIERRE SAUVAN,ENSEIGNEMENT ET FORMATION,Enseignement du premier degré,Ecole primaire,166.447826467842,-22.2974281428095,etablissements_publics_nc,39,1803,Anse Vata Est
provinciales_2019,,PS,Province Sud,988,98818,Nouméa,NOUMEA,0006,805,540,265,532,6,2,Ecole Eloi Franc 1,ECOLE ELOI FRANC 1,2,PS_liste_02,19,3.57,0.83,Ecole Eloi FRANC,10 RUE PIERRE SAUVAN,ENSEIGNEMENT ET FORMATION,Enseignement du premier degré,Ecole primaire,166.447826467842,-22.2974281428095,etablissements_publics_nc,39,1803,Anse Vata Est
provinciales_2019,,PS,Province Sud,988,98818,Nouméa,NOUMEA,0006,805,540,265,532,6,2,Ecole Eloi Franc 1,ECOLE ELOI FRANC 1,3,PS_liste_03,335,62.97,0.83,Ecole Eloi FRANC,10 RUE PIERRE SAUVAN,ENSEIGNEMENT ET FORMATION,Enseignement du premier degré,Ecole primaire,166.447826467842,-22.2974281428095,etablissements_publics_nc,39,1803,Anse Vata Est
provinciales_2019,,PS,Province Sud,988,98818,Nouméa,NOUMEA,0006,805,540,265,532,6,2,Ecole Eloi Franc 1,ECOLE ELOI FRANC 1,4,PS_liste_04,2,0.38,0.83,Ecole Eloi FRANC,10 RUE PIERRE SAUVAN,ENSEIGNEMENT ET FORMATION,Enseignement du premier degré,Ecole primaire,166.447826467842,-22.2974281428095,etablissements_publics_nc,39,1803,Anse Vata Est
provinciales_2019,,PS,Province Sud,988,98818,Nouméa,NOUMEA,0006,805,540,265,532,6,2,Ecole Eloi Franc 1,ECOLE ELOI FRANC 1,5,PS_liste_05,3,0.56,0.83,Ecole Eloi FRANC,10 RUE PIERRE SAUVAN,ENSEIGNEMENT ET FORMATION,Enseignement du premier degré,Ecole primaire,166.447826467842,-22.2974281428095,etablissements_publics_nc,39,1803,Anse Vata Est
provinciales_2019,,PS,Province Sud,988,98818,Nouméa,NOUMEA,0006,805,540,265,532,6,2,Ecole Eloi Franc 1,ECOLE ELOI FRANC 1,6,PS_liste_06,6,1.13,0.83,Ecole Eloi FRANC,10 RUE PIERRE SAUVAN,ENSEIGNEMENT ET FORMATION,Enseignement du premier degré,Ecole primaire,166.447826467842,-22.2974281428095,etablissements_publics_nc,39,1803,Anse Vata Est
provinciales_2019,,PS,Province Sud,988,98818,Nouméa,NOUMEA,0006,805,540,265,532,6,2,Ecole Eloi Franc 1,ECOLE ELOI FRANC 1,7,PS_liste_07,21,3.95,0.83,Ecole Eloi FRANC,10 RUE PIERRE SAUVAN,ENSEIGNEMENT ET FORMATION,Enseignement du premier degré,Ecole primaire,166.447826467842,-22.2974281428095,etablissements_publics_nc,39,1803,Anse Vata Est
provinciales_2019,,PS,Province Sud,988,98818,Nouméa,NOUMEA,0006,805,540,265,532,6,2,Ecole Eloi Franc 1,ECOLE ELOI FRANC 1,8,PS_liste_08,14,2.63,0.83,Ecole Eloi FRANC,10 RUE PIERRE SAUVAN,ENSEIGNEMENT ET FORMATION,Enseignement du premier degré,Ecole primaire,166.447826467842,-22.2974281428095,etablissements_publics_nc,39,1803,Anse Vata Est
provinciales_2019,,PS,Province Sud,988,98818,Nouméa,NOUMEA,0006,805,540,265,532,6,2,Ecole Eloi Franc 1,ECOLE ELOI FRANC 1,9,PS_liste_09,13,2.44,0.83,Ecole Eloi FRANC,10 RUE PIERRE SAUVAN,ENSEIGNEMENT ET FORMATION,Enseignement du premier degré,Ecole primaire,166.447826467842,-22.2974281428095,etablissements_publics_nc,39,1803,Anse Vata Est
provinciales_2019,,PS,Province Sud,988,98818,Nouméa,NOUMEA,0006,805,540,265,532,6,2,Ecole Eloi Franc 1,ECOLE ELOI FRANC 1,10,PS_liste_10,6,1.13,0.83,Ecole Eloi FRANC,10 RUE PIERRE SAUVAN,ENSEIGNEMENT ET FORMATION,Enseignement du premier degré,Ecole primaire,166.447826467842,-22.2974281428095,etablissements_publics_nc,39,1803,Anse Vata Est
provinciales_2019,,PS,Province Sud,988,98818,Nouméa,NOUMEA,0006,805,540,265,532,6,2,Ecole Eloi Franc 1,ECOLE ELOI FRANC 1,11,PS_liste_11,103,19.36,0.83,Ecole Eloi FRANC,10 RUE PIERRE SAUVAN,ENSEIGNEMENT ET FORMATION,Enseignement du premier degré,Ecole primaire,166.447826467842,-22.2974281428095,etablissements_publics_nc,39,1803,Anse Vata Est
provinciales_2019,,PS,Province Sud,988,98818,Nouméa,NOUMEA,0007,708,499,209,490,7,2,Ecole Eloi Franc 2,ECOLE ELOI FRANC 2,1,PS_liste_01,4,0.82,0.83,Ecole Eloi FRANC,10 RUE PIERRE SAUVAN,ENSEIGNEMENT ET FORMATION,Enseignement du premier degré,Ecole primaire,166.447826467842,-22.2974281428095,etablissements_publics_nc,39,1803,Anse Vata Est
provinciales_2019,,PS,Province Sud,988,98818,Nouméa,NOUMEA,0007,708,499,209,490,7,2,Ecole Eloi Franc 2,ECOLE ELOI FRANC 2,2,PS_liste_02,13,2.65,0.83,Ecole Eloi FRANC,10 RUE PIERRE SAUVAN,ENSEIGNEMENT ET FORMATION,Enseignement du premier degré,Ecole primaire,166.447826467842,-22.2974281428095,etablissements_publics_nc,39,1803,Anse Vata Est
provinciales_2019,,PS,Province Sud,988,98818,Nouméa,NOUMEA,0007,708,499,209,490,7,2,Ecole Eloi Franc 2,ECOLE ELOI FRANC 2,3,PS_liste_03,341,69.59,0.83,Ecole Eloi FRANC,10 RUE PIERRE SAUVAN,ENSEIGNEMENT ET FORMATION,Enseignement du premier degré,Ecole primaire,166.447826467842,-22.2974281428095,etablissements_publics_nc,39,1803,Anse Vata Est
provinciales_2019,,PS,Province Sud,988,98818,Nouméa,NOUMEA,0007,708,499,209,490,7,2,Ecole Eloi Franc 2,ECOLE ELOI FRANC 2,4,PS_liste_04,1,0.2,0.83,Ecole Eloi FRANC,10 RUE PIERRE SAUVAN,ENSEIGNEMENT ET FORMATION,Enseignement du premier degré,Ecole primaire,166.447826467842,-22.2974281428095,etablissements_publics_nc,39,1803,Anse Vata Est
provinciales_2019,,PS,Province Sud,988,98818,Nouméa,NOUMEA,0007,708,499,209,490,7,2,Ecole Eloi Franc 2,ECOLE ELOI FRANC 2,5,PS_liste_05,1,0.2,0.83,Ecole Eloi FRANC,10 RUE PIERRE SAUVAN,ENSEIGNEMENT ET FORMATION,Enseignement du premier degré,Ecole primaire,166.447826467842,-22.2974281428095,etablissements_publics_nc,39,1803,Anse Vata Est
provinciales_2019,,PS,Province Sud,988,98818,Nouméa,NOUMEA,0007,708,499,209,490,7,2,Ecole Eloi Franc 2,ECOLE ELOI FRANC 2,6,PS_liste_06,3,0.61,0.83,Ecole Eloi FRANC,10 RUE PIERRE SAUVAN,ENSEIGNEMENT ET FORMATION,Enseignement du premier degré,Ecole primaire,166.447826467842,-22.2974281428095,etablissements_publics_nc,39,1803,Anse Vata Est
provinciales_2019,,PS,Province Sud,988,98818,Nouméa,NOUMEA,0007,708,499,209,490,7,2,Ecole Eloi Franc 2,ECOLE ELOI FRANC 2,7,PS_liste_07,10,2.04,0.83,Ecole Eloi FRANC,10 RUE PIERRE SAUVAN,ENSEIGNEMENT ET FORMATION,Enseignement du premier degré,Ecole primaire,166.447826467842,-22.2974281428095,etablissements_publics_nc,39,1803,Anse Vata Est
provinciales_2019,,PS,Province Sud,988,98818,Nouméa,NOUMEA,0007,708,499,209,490,7,2,Ecole Eloi Franc 2,ECOLE ELOI FRANC 2,8,PS_liste_08,20,4.08,0.83,Ecole Eloi FRANC,10 RUE PIERRE SAUVAN,ENSEIGNEMENT ET FORMATION,Enseignement du premier degré,Ecole primaire,166.447826467842,-22.2974281428095,etablissements_publics_nc,39,1803,Anse Vata Est
provinciales_2019,,PS,Province Sud,988,98818,Nouméa,NOUMEA,0007,708,499,209,490,7,2,Ecole Eloi Franc 2,ECOLE ELOI FRANC 2,9,PS_liste_09,17,3.47,0.83,Ecole Eloi FRANC,10 RUE PIERRE SAUVAN,ENSEIGNEMENT ET FORMATION,Enseignement du premier degré,Ecole primaire,166.447826467842,-22.2974281428095,etablissements_publics_nc,39,1803,Anse Vata Est
provinciales_2019,,PS,Province Sud,988,98818,Nouméa,NOUMEA,0007,708,499,209,490,7,2,Ecole Eloi Franc 2,ECOLE ELOI FRANC 2,10,PS_liste_10,2,0.41,0.83,Ecole Eloi FRANC,10 RUE PIERRE SAUVAN,ENSEIGNEMENT ET FORMATION,Enseignement du premier degré,Ecole primaire,166.447826467842,-22.2974281428095,etablissements_publics_nc,39,1803,Anse Vata Est
provinciales_2019,,PS,Province Sud,988,98818,Nouméa,NOUMEA,0007,708,499,209,490,7,2,Ecole Eloi Franc 2,ECOLE ELOI FRANC 2,11,PS_liste_11,78,15.92,0.83,Ecole Eloi FRANC,10 RUE PIERRE SAUVAN,ENSEIGNEMENT ET FORMATION,Enseignement du premier degré,Ecole primaire,166.447826467842,-22.2974281428095,etablissements_publics_nc,39,1803,Anse Vata Est
provinciales_2019,,PS,Province Sud,988,98818,Nouméa,NOUMEA,0008,635,468,167,459,6,3,Ecole Fernande Leriche 1,ECOLE FERNANDE LERICHE 1,1,PS_liste_01,4,0.87,0.836,Ecole Fernande LERICHE,13 RUE PIERRE SAUVAN,ENSEIGNEMENT ET FORMATION,Enseignement du premier degré,Ecole élémentaire,166.448431376266,-22.2984740950672,etablissements_publics_nc,39,1803,Anse Vata Est
provinciales_2019,,PS,Province Sud,988,98818,Nouméa,NOUMEA,0008,635,468,167,459,6,3,Ecole Fernande Leriche 1,ECOLE FERNANDE LERICHE 1,2,PS_liste_02,18,3.92,0.836,Ecole Fernande LERICHE,13 RUE PIERRE SAUVAN,ENSEIGNEMENT ET FORMATION,Enseignement du premier degré,Ecole élémentaire,166.448431376266,-22.2984740950672,etablissements_publics_nc,39,1803,Anse Vata Est
provinciales_2019,,PS,Province Sud,988,98818,Nouméa,NOUMEA,0008,635,468,167,459,6,3,Ecole Fernande Leriche 1,ECOLE FERNANDE LERICHE 1,3,PS_liste_03,316,68.85,0.836,Ecole Fernande LERICHE,13 RUE PIERRE SAUVAN,ENSEIGNEMENT ET FORMATION,Enseignement du premier degré,Ecole élémentaire,166.448431376266,-22.2984740950672,etablissements_publics_nc,39,1803,Anse Vata Est
provinciales_2019,,PS,Province Sud,988,98818,Nouméa,NOUMEA,0008,635,468,167,459,6,3,Ecole Fernande Leriche 1,ECOLE FERNANDE LERICHE 1,4,PS_liste_04,1,0.22,0.836,Ecole Fernande LERICHE,13 RUE PIERRE SAUVAN,ENSEIGNEMENT ET FORMATION,Enseignement du premier degré,Ecole élémentaire,166.448431376266,-22.2984740950672,etablissements_publics_nc,39,1803,Anse Vata Est
provinciales_2019,,PS,Province Sud,988,98818,Nouméa,NOUMEA,0008,635,468,167,459,6,3,Ecole Fernande Leriche 1,ECOLE FERNANDE LERICHE 1,5,PS_liste_05,1,0.22,0.836,Ecole Fernande LERICHE,13 RUE PIERRE SAUVAN,ENSEIGNEMENT ET FORMATION,Enseignement du premier degré,Ecole élémentaire,166.448431376266,-22.2984740950672,etablissements_publics_nc,39,1803,Anse Vata Est
provinciales_2019,,PS,Province Sud,988,98818,Nouméa,NOUMEA,0008,635,468,167,459,6,3,Ecole Fernande Leriche 1,ECOLE FERNANDE LERICHE 1,6,PS_liste_06,4,0.87,0.836,Ecole Fernande LERICHE,13 RUE PIERRE SAUVAN,ENSEIGNEMENT ET FORMATION,Enseignement du premier degré,Ecole élémentaire,166.448431376266,-22.2984740950672,etablissements_publics_nc,39,1803,Anse Vata Est
provinciales_2019,,PS,Province Sud,988,98818,Nouméa,NOUMEA,0008,635,468,167,459,6,3,Ecole Fernande Leriche 1,ECOLE FERNANDE LERICHE 1,7,PS_liste_07,4,0.87,0.836,Ecole Fernande LERICHE,13 RUE PIERRE SAUVAN,ENSEIGNEMENT ET FORMATION,Enseignement du premier degré,Ecole élémentaire,166.448431376266,-22.2984740950672,etablissements_publics_nc,39,1803,Anse Vata Est
provinciales_2019,,PS,Province Sud,988,98818,Nouméa,NOUMEA,0008,635,468,167,459,6,3,Ecole Fernande Leriche 1,ECOLE FERNANDE LERICHE 1,8,PS_liste_08,15,3.27,0.836,Ecole Fernande LERICHE,13 RUE PIERRE SAUVAN,ENSEIGNEMENT ET FORMATION,Enseignement du premier degré,Ecole élémentaire,166.448431376266,-22.2984740950672,etablissements_publics_nc,39,1803,Anse Vata Est
provinciales_2019,,PS,Province Sud,988,98818,Nouméa,NOUMEA,0008,635,468,167,459,6,3,Ecole Fernande Leriche 1,ECOLE FERNANDE LERICHE 1,9,PS_liste_09,9,1.96,0.836,Ecole Fernande LERICHE,13 RUE PIERRE SAUVAN,ENSEIGNEMENT ET FORMATION,Enseignement du premier degré,Ecole élémentaire,166.448431376266,-22.2984740950672,etablissements_publics_nc,39,1803,Anse Vata Est
provinciales_2019,,PS,Province Sud,988,98818,Nouméa,NOUMEA,0008,635,468,167,459,6,3,Ecole Fernande Leriche 1,ECOLE FERNANDE LERICHE 1,10,PS_liste_10,0,0,0.836,Ecole Fernande LERICHE,13 RUE PIERRE SAUVAN,ENSEIGNEMENT ET FORMATION,Enseignement du premier degré,Ecole élémentaire,166.448431376266,-22.2984740950672,etablissements_publics_nc,39,1803,Anse Vata Est
provinciales_2019,,PS,Province Sud,988,98818,Nouméa,NOUMEA,0008,635,468,167,459,6,3,Ecole Fernande Leriche 1,ECOLE FERNANDE LERICHE 1,11,PS_liste_11,87,18.95,0.836,Ecole Fernande LERICHE,13 RUE PIERRE SAUVAN,ENSEIGNEMENT ET FORMATION,Enseignement du premier degré,Ecole élémentaire,166.448431376266,-22.2984740950672,etablissements_publics_nc,39,1803,Anse Vata Est
provinciales_2019,,PS,Province Sud,988,98818,Nouméa,NOUMEA,0009,814,587,227,581,2,4,Ecole Fernande Leriche 2,ECOLE FERNANDE LERICHE 2,1,PS_liste_01,1,0.17,0.836,Ecole Fernande LERICHE,13 RUE PIERRE SAUVAN,ENSEIGNEMENT ET FORMATION,Enseignement du premier degré,Ecole élémentaire,166.448431376266,-22.2984740950672,etablissements_publics_nc,39,1803,Anse Vata Est
provinciales_2019,,PS,Province Sud,988,98818,Nouméa,NOUMEA,0009,814,587,227,581,2,4,Ecole Fernande Leriche 2,ECOLE FERNANDE LERICHE 2,2,PS_liste_02,23,3.96,0.836,Ecole Fernande LERICHE,13 RUE PIERRE SAUVAN,ENSEIGNEMENT ET FORMATION,Enseignement du premier degré,Ecole élémentaire,166.448431376266,-22.2984740950672,etablissements_publics_nc,39,1803,Anse Vata Est
provinciales_2019,,PS,Province Sud,988,98818,Nouméa,NOUMEA,0009,814,587,227,581,2,4,Ecole Fernande Leriche 2,ECOLE FERNANDE LERICHE 2,3,PS_liste_03,388,66.78,0.836,Ecole Fernande LERICHE,13 RUE PIERRE SAUVAN,ENSEIGNEMENT ET FORMATION,Enseignement du premier degré,Ecole élémentaire,166.448431376266,-22.2984740950672,etablissements_publics_nc,39,1803,Anse Vata Est
provinciales_2019,,PS,Province Sud,988,98818,Nouméa,NOUMEA,0009,814,587,227,581,2,4,Ecole Fernande Leriche 2,ECOLE FERNANDE LERICHE 2,4,PS_liste_04,0,0,0.836,Ecole Fernande LERICHE,13 RUE PIERRE SAUVAN,ENSEIGNEMENT ET FORMATION,Enseignement du premier degré,Ecole élémentaire,166.448431376266,-22.2984740950672,etablissements_publics_nc,39,1803,Anse Vata Est
provinciales_2019,,PS,Province Sud,988,98818,Nouméa,NOUMEA,0009,814,587,227,581,2,4,Ecole Fernande Leriche 2,ECOLE FERNANDE LERICHE 2,5,PS_liste_05,4,0.69,0.836,Ecole Fernande LERICHE,13 RUE PIERRE SAUVAN,ENSEIGNEMENT ET FORMATION,Enseignement du premier degré,Ecole élémentaire,166.448431376266,-22.2984740950672,etablissements_publics_nc,39,1803,Anse Vata Est
provinciales_2019,,PS,Province Sud,988,98818,Nouméa,NOUMEA,0009,814,587,227,581,2,4,Ecole Fernande Leriche 2,ECOLE FERNANDE LERICHE 2,6,PS_liste_06,3,0.52,0.836,Ecole Fernande LERICHE,13 RUE PIERRE SAUVAN,ENSEIGNEMENT ET FORMATION,Enseignement du premier degré,Ecole élémentaire,166.448431376266,-22.2984740950672,etablissements_publics_nc,39,1803,Anse Vata Est
provinciales_2019,,PS,Province Sud,988,98818,Nouméa,NOUMEA,0009,814,587,227,581,2,4,Ecole Fernande Leriche 2,ECOLE FERNANDE LERICHE 2,7,PS_liste_07,16,2.75,0.836,Ecole Fernande LERICHE,13 RUE PIERRE SAUVAN,ENSEIGNEMENT ET FORMATION,Enseignement du premier degré,Ecole élémentaire,166.448431376266,-22.2984740950672,etablissements_publics_nc,39,1803,Anse Vata Est
provinciales_2019,,PS,Province Sud,988,98818,Nouméa,NOUMEA,0009,814,587,227,581,2,4,Ecole Fernande Leriche 2,ECOLE FERNANDE LERICHE 2,8,PS_liste_08,22,3.79,0.836,Ecole Fernande LERICHE,13 RUE PIERRE SAUVAN,ENSEIGNEMENT ET FORMATION,Enseignement du premier degré,Ecole élémentaire,166.448431376266,-22.2984740950672,etablissements_publics_nc,39,1803,Anse Vata Est
provinciales_2019,,PS,Province Sud,988,98818,Nouméa,NOUMEA,0009,814,587,227,581,2,4,Ecole Fernande Leriche 2,ECOLE FERNANDE LERICHE 2,9,PS_liste_09,12,2.07,0.836,Ecole Fernande LERICHE,13 RUE PIERRE SAUVAN,ENSEIGNEMENT ET FORMATION,Enseignement du premier degré,Ecole élémentaire,166.448431376266,-22.2984740950672,etablissements_publics_nc,39,1803,Anse Vata Est
provinciales_2019,,PS,Province Sud,988,98818,Nouméa,NOUMEA,0009,814,587,227,581,2,4,Ecole Fernande Leriche 2,ECOLE FERNANDE LERICHE 2,10,PS_liste_10,0,0,0.836,Ecole Fernande LERICHE,13 RUE PIERRE SAUVAN,ENSEIGNEMENT ET FORMATION,Enseignement du premier degré,Ecole élémentaire,166.448431376266,-22.2984740950672,etablissements_publics_nc,39,1803,Anse Vata Est
provinciales_2019,,PS,Province Sud,988,98818,Nouméa,NOUMEA,0009,814,587,227,581,2,4,Ecole Fernande Leriche 2,ECOLE FERNANDE LERICHE 2,11,PS_liste_11,112,19.28,0.836,Ecole Fernande LERICHE,13 RUE PIERRE SAUVAN,ENSEIGNEMENT ET FORMATION,Enseignement du premier degré,Ecole élémentaire,166.448431376266,-22.2984740950672,etablissements_publics_nc,39,1803,Anse Vata Est
provinciales_2019,,PS,Province Sud,988,98818,Nouméa,NOUMEA,0010,726,550,176,545,5,0,Ecole Jean Mermoud 1,ECOLE JEAN MERMOUD 1,1,PS_liste_01,0,0,0.85,Ecole Jean MERMOUD,19 RUE MICHEL KAUMA,ENSEIGNEMENT ET FORMATION,Enseignement du premier degré,Ecole primaire,166.454827725543,-22.2956844604928,etablissements_publics_nc,43,1807,N'Géa
provinciales_2019,,PS,Province Sud,988,98818,Nouméa,NOUMEA,0010,726,550,176,545,5,0,Ecole Jean Mermoud 1,ECOLE JEAN MERMOUD 1,2,PS_liste_02,20,3.67,0.85,Ecole Jean MERMOUD,19 RUE MICHEL KAUMA,ENSEIGNEMENT ET FORMATION,Enseignement du premier degré,Ecole primaire,166.454827725543,-22.2956844604928,etablissements_publics_nc,43,1807,N'Géa
provinciales_2019,,PS,Province Sud,988,98818,Nouméa,NOUMEA,0010,726,550,176,545,5,0,Ecole Jean Mermoud 1,ECOLE JEAN MERMOUD 1,3,PS_liste_03,368,67.52,0.85,Ecole Jean MERMOUD,19 RUE MICHEL KAUMA,ENSEIGNEMENT ET FORMATION,Enseignement du premier degré,Ecole primaire,166.454827725543,-22.2956844604928,etablissements_publics_nc,43,1807,N'Géa
provinciales_2019,,PS,Province Sud,988,98818,Nouméa,NOUMEA,0010,726,550,176,545,5,0,Ecole Jean Mermoud 1,ECOLE JEAN MERMOUD 1,4,PS_liste_04,2,0.37,0.85,Ecole Jean MERMOUD,19 RUE MICHEL KAUMA,ENSEIGNEMENT ET FORMATION,Enseignement du premier degré,Ecole primaire,166.454827725543,-22.2956844604928,etablissements_publics_nc,43,1807,N'Géa
provinciales_2019,,PS,Province Sud,988,98818,Nouméa,NOUMEA,0010,726,550,176,545,5,0,Ecole Jean Mermoud 1,ECOLE JEAN MERMOUD 1,5,PS_liste_05,3,0.55,0.85,Ecole Jean MERMOUD,19 RUE MICHEL KAUMA,ENSEIGNEMENT ET FORMATION,Enseignement du premier degré,Ecole primaire,166.454827725543,-22.2956844604928,etablissements_publics_nc,43,1807,N'Géa
provinciales_2019,,PS,Province Sud,988,98818,Nouméa,NOUMEA,0010,726,550,176,545,5,0,Ecole Jean Mermoud 1,ECOLE JEAN MERMOUD 1,6,PS_liste_06,3,0.55,0.85,Ecole Jean MERMOUD,19 RUE MICHEL KAUMA,ENSEIGNEMENT ET FORMATION,Enseignement du premier degré,Ecole primaire,166.454827725543,-22.2956844604928,etablissements_publics_nc,43,1807,N'Géa
provinciales_2019,,PS,Province Sud,988,98818,Nouméa,NOUMEA,0010,726,550,176,545,5,0,Ecole Jean Mermoud 1,ECOLE JEAN MERMOUD 1,7,PS_liste_07,13,2.39,0.85,Ecole Jean MERMOUD,19 RUE MICHEL KAUMA,ENSEIGNEMENT ET FORMATION,Enseignement du premier degré,Ecole primaire,166.454827725543,-22.2956844604928,etablissements_publics_nc,43,1807,N'Géa
provinciales_2019,,PS,Province Sud,988,98818,Nouméa,NOUMEA,0010,726,550,176,545,5,0,Ecole Jean Mermoud 1,ECOLE JEAN MERMOUD 1,8,PS_liste_08,18,3.3,0.85,Ecole Jean MERMOUD,19 RUE MICHEL KAUMA,ENSEIGNEMENT ET FORMATION,Enseignement du premier degré,Ecole primaire,166.454827725543,-22.2956844604928,etablissements_publics_nc,43,1807,N'Géa
provinciales_2019,,PS,Province Sud,988,98818,Nouméa,NOUMEA,0010,726,550,176,545,5,0,Ecole Jean Mermoud 1,ECOLE JEAN MERMOUD 1,9,PS_liste_09,18,3.3,0.85,Ecole Jean MERMOUD,19 RUE MICHEL KAUMA,ENSEIGNEMENT ET FORMATION,Enseignement du premier degré,Ecole primaire,166.454827725543,-22.2956844604928,etablissements_publics_nc,43,1807,N'Géa
provinciales_2019,,PS,Province Sud,988,98818,Nouméa,NOUMEA,0010,726,550,176,545,5,0,Ecole Jean Mermoud 1,ECOLE JEAN MERMOUD 1,10,PS_liste_10,4,0.73,0.85,Ecole Jean MERMOUD,19 RUE MICHEL KAUMA,ENSEIGNEMENT ET FORMATION,Enseignement du premier degré,Ecole primaire,166.454827725543,-22.2956844604928,etablissements_publics_nc,43,1807,N'Géa
provinciales_2019,,PS,Province Sud,988,98818,Nouméa,NOUMEA,0010,726,550,176,545,5,0,Ecole Jean Mermoud 1,ECOLE JEAN MERMOUD 1,11,PS_liste_11,96,17.61,0.85,Ecole Jean MERMOUD,19 RUE MICHEL KAUMA,ENSEIGNEMENT ET FORMATION,Enseignement du premier degré,Ecole primaire,166.454827725543,-22.2956844604928,etablissements_publics_nc,43,1807,N'Géa
provinciales_2019,,PS,Province Sud,988,98818,Nouméa,NOUMEA,0011,820,648,172,642,4,2,Ecole Jean Mermoud 2,ECOLE JEAN MERMOUD 2,1,PS_liste_01,1,0.16,0.85,Ecole Jean MERMOUD,19 RUE MICHEL KAUMA,ENSEIGNEMENT ET FORMATION,Enseignement du premier degré,Ecole primaire,166.454827725543,-22.2956844604928,etablissements_publics_nc,43,1807,N'Géa
provinciales_2019,,PS,Province Sud,988,98818,Nouméa,NOUMEA,0011,820,648,172,642,4,2,Ecole Jean Mermoud 2,ECOLE JEAN MERMOUD 2,2,PS_liste_02,16,2.49,0.85,Ecole Jean MERMOUD,19 RUE MICHEL KAUMA,ENSEIGNEMENT ET FORMATION,Enseignement du premier degré,Ecole primaire,166.454827725543,-22.2956844604928,etablissements_publics_nc,43,1807,N'Géa
provinciales_2019,,PS,Province Sud,988,98818,Nouméa,NOUMEA,0011,820,648,172,642,4,2,Ecole Jean Mermoud 2,ECOLE JEAN MERMOUD 2,3,PS_liste_03,504,78.5,0.85,Ecole Jean MERMOUD,19 RUE MICHEL KAUMA,ENSEIGNEMENT ET FORMATION,Enseignement du premier degré,Ecole primaire,166.454827725543,-22.2956844604928,etablissements_publics_nc,43,1807,N'Géa
provinciales_2019,,PS,Province Sud,988,98818,Nouméa,NOUMEA,0011,820,648,172,642,4,2,Ecole Jean Mermoud 2,ECOLE JEAN MERMOUD 2,4,PS_liste_04,0,0,0.85,Ecole Jean MERMOUD,19 RUE MICHEL KAUMA,ENSEIGNEMENT ET FORMATION,Enseignement du premier degré,Ecole primaire,166.454827725543,-22.2956844604928,etablissements_publics_nc,43,1807,N'Géa
provinciales_2019,,PS,Province Sud,988,98818,Nouméa,NOUMEA,0011,820,648,172,642,4,2,Ecole Jean Mermoud 2,ECOLE JEAN MERMOUD 2,5,PS_liste_05,3,0.47,0.85,Ecole Jean MERMOUD,19 RUE MICHEL KAUMA,ENSEIGNEMENT ET FORMATION,Enseignement du premier degré,Ecole primaire,166.454827725543,-22.2956844604928,etablissements_publics_nc,43,1807,N'Géa
provinciales_2019,,PS,Province Sud,988,98818,Nouméa,NOUMEA,0011,820,648,172,642,4,2,Ecole Jean Mermoud 2,ECOLE JEAN MERMOUD 2,6,PS_liste_06,2,0.31,0.85,Ecole Jean MERMOUD,19 RUE MICHEL KAUMA,ENSEIGNEMENT ET FORMATION,Enseignement du premier degré,Ecole primaire,166.454827725543,-22.2956844604928,etablissements_publics_nc,43,1807,N'Géa
provinciales_2019,,PS,Province Sud,988,98818,Nouméa,NOUMEA,0011,820,648,172,642,4,2,Ecole Jean Mermoud 2,ECOLE JEAN MERMOUD 2,7,PS_liste_07,1,0.16,0.85,Ecole Jean MERMOUD,19 RUE MICHEL KAUMA,ENSEIGNEMENT ET FORMATION,Enseignement du premier degré,Ecole primaire,166.454827725543,-22.2956844604928,etablissements_publics_nc,43,1807,N'Géa
provinciales_2019,,PS,Province Sud,988,98818,Nouméa,NOUMEA,0011,820,648,172,642,4,2,Ecole Jean Mermoud 2,ECOLE JEAN MERMOUD 2,8,PS_liste_08,11,1.71,0.85,Ecole Jean MERMOUD,19 RUE MICHEL KAUMA,ENSEIGNEMENT ET FORMATION,Enseignement du premier degré,Ecole primaire,166.454827725543,-22.2956844604928,etablissements_publics_nc,43,1807,N'Géa
provinciales_2019,,PS,Province Sud,988,98818,Nouméa,NOUMEA,0011,820,648,172,642,4,2,Ecole Jean Mermoud 2,ECOLE JEAN MERMOUD 2,9,PS_liste_09,14,2.18,0.85,Ecole Jean MERMOUD,19 RUE MICHEL KAUMA,ENSEIGNEMENT ET FORMATION,Enseignement du premier degré,Ecole primaire,166.454827725543,-22.2956844604928,etablissements_publics_nc,43,1807,N'Géa
provinciales_2019,,PS,Province Sud,988,98818,Nouméa,NOUMEA,0011,820,648,172,642,4,2,Ecole Jean Mermoud 2,ECOLE JEAN MERMOUD 2,10,PS_liste_10,2,0.31,0.85,Ecole Jean MERMOUD,19 RUE MICHEL KAUMA,ENSEIGNEMENT ET FORMATION,Enseignement du premier degré,Ecole primaire,166.454827725543,-22.2956844604928,etablissements_publics_nc,43,1807,N'Géa
provinciales_2019,,PS,Province Sud,988,98818,Nouméa,NOUMEA,0011,820,648,172,642,4,2,Ecole Jean Mermoud 2,ECOLE JEAN MERMOUD 2,11,PS_liste_11,88,13.71,0.85,Ecole Jean MERMOUD,19 RUE MICHEL KAUMA,ENSEIGNEMENT ET FORMATION,Enseignement du premier degré,Ecole primaire,166.454827725543,-22.2956844604928,etablissements_publics_nc,43,1807,N'Géa
provinciales_2019,,PS,Province Sud,988,98818,Nouméa,NOUMEA,0012,767,539,228,526,10,3,Ecole Ernest Risbec 1,ECOLE ERNEST RISBEC 1,1,PS_liste_01,2,0.38,0.859,Ecole Ernest RISBEC,19 RUE DU COMMANDANT RIVIERE,ENSEIGNEMENT ET FORMATION,Enseignement du premier degré,Ecole primaire,166.451704940929,-22.2838445188063,etablissements_publics_nc,44,1808,Trianon
provinciales_2019,,PS,Province Sud,988,98818,Nouméa,NOUMEA,0012,767,539,228,526,10,3,Ecole Ernest Risbec 1,ECOLE ERNEST RISBEC 1,2,PS_liste_02,20,3.8,0.859,Ecole Ernest RISBEC,19 RUE DU COMMANDANT RIVIERE,ENSEIGNEMENT ET FORMATION,Enseignement du premier degré,Ecole primaire,166.451704940929,-22.2838445188063,etablissements_publics_nc,44,1808,Trianon
provinciales_2019,,PS,Province Sud,988,98818,Nouméa,NOUMEA,0012,767,539,228,526,10,3,Ecole Ernest Risbec 1,ECOLE ERNEST RISBEC 1,3,PS_liste_03,344,65.4,0.859,Ecole Ernest RISBEC,19 RUE DU COMMANDANT RIVIERE,ENSEIGNEMENT ET FORMATION,Enseignement du premier degré,Ecole primaire,166.451704940929,-22.2838445188063,etablissements_publics_nc,44,1808,Trianon
provinciales_2019,,PS,Province Sud,988,98818,Nouméa,NOUMEA,0012,767,539,228,526,10,3,Ecole Ernest Risbec 1,ECOLE ERNEST RISBEC 1,4,PS_liste_04,0,0,0.859,Ecole Ernest RISBEC,19 RUE DU COMMANDANT RIVIERE,ENSEIGNEMENT ET FORMATION,Enseignement du premier degré,Ecole primaire,166.451704940929,-22.2838445188063,etablissements_publics_nc,44,1808,Trianon
provinciales_2019,,PS,Province Sud,988,98818,Nouméa,NOUMEA,0012,767,539,228,526,10,3,Ecole Ernest Risbec 1,ECOLE ERNEST RISBEC 1,5,PS_liste_05,5,0.95,0.859,Ecole Ernest RISBEC,19 RUE DU COMMANDANT RIVIERE,ENSEIGNEMENT ET FORMATION,Enseignement du premier degré,Ecole primaire,166.451704940929,-22.2838445188063,etablissements_publics_nc,44,1808,Trianon
provinciales_2019,,PS,Province Sud,988,98818,Nouméa,NOUMEA,0012,767,539,228,526,10,3,Ecole Ernest Risbec 1,ECOLE ERNEST RISBEC 1,6,PS_liste_06,3,0.57,0.859,Ecole Ernest RISBEC,19 RUE DU COMMANDANT RIVIERE,ENSEIGNEMENT ET FORMATION,Enseignement du premier degré,Ecole primaire,166.451704940929,-22.2838445188063,etablissements_publics_nc,44,1808,Trianon
provinciales_2019,,PS,Province Sud,988,98818,Nouméa,NOUMEA,0012,767,539,228,526,10,3,Ecole Ernest Risbec 1,ECOLE ERNEST RISBEC 1,7,PS_liste_07,10,1.9,0.859,Ecole Ernest RISBEC,19 RUE DU COMMANDANT RIVIERE,ENSEIGNEMENT ET FORMATION,Enseignement du premier degré,Ecole primaire,166.451704940929,-22.2838445188063,etablissements_publics_nc,44,1808,Trianon
provinciales_2019,,PS,Province Sud,988,98818,Nouméa,NOUMEA,0012,767,539,228,526,10,3,Ecole Ernest Risbec 1,ECOLE ERNEST RISBEC 1,8,PS_liste_08,16,3.04,0.859,Ecole Ernest RISBEC,19 RUE DU COMMANDANT RIVIERE,ENSEIGNEMENT ET FORMATION,Enseignement du premier degré,Ecole primaire,166.451704940929,-22.2838445188063,etablissements_publics_nc,44,1808,Trianon
provinciales_2019,,PS,Province Sud,988,98818,Nouméa,NOUMEA,0012,767,539,228,526,10,3,Ecole Ernest Risbec 1,ECOLE ERNEST RISBEC 1,9,PS_liste_09,21,3.99,0.859,Ecole Ernest RISBEC,19 RUE DU COMMANDANT RIVIERE,ENSEIGNEMENT ET FORMATION,Enseignement du premier degré,Ecole primaire,166.451704940929,-22.2838445188063,etablissements_publics_nc,44,1808,Trianon
provinciales_2019,,PS,Province Sud,988,98818,Nouméa,NOUMEA,0012,767,539,228,526,10,3,Ecole Ernest Risbec 1,ECOLE ERNEST RISBEC 1,10,PS_liste_10,7,1.33,0.859,Ecole Ernest RISBEC,19 RUE DU COMMANDANT RIVIERE,ENSEIGNEMENT ET FORMATION,Enseignement du premier degré,Ecole primaire,166.451704940929,-22.2838445188063,etablissements_publics_nc,44,1808,Trianon
provinciales_2019,,PS,Province Sud,988,98818,Nouméa,NOUMEA,0012,767,539,228,526,10,3,Ecole Ernest Risbec 1,ECOLE ERNEST RISBEC 1,11,PS_liste_11,98,18.63,0.859,Ecole Ernest RISBEC,19 RUE DU COMMANDANT RIVIERE,ENSEIGNEMENT ET FORMATION,Enseignement du premier degré,Ecole primaire,166.451704940929,-22.2838445188063,etablissements_publics_nc,44,1808,Trianon
provinciales_2019,,PS,Province Sud,988,98818,Nouméa,NOUMEA,0013,785,537,248,525,9,3,Ecole Ernest Risbec 2,ECOLE ERNEST RISBEC 2,1,PS_liste_01,4,0.76,0.859,Ecole Ernest RISBEC,19 RUE DU COMMANDANT RIVIERE,ENSEIGNEMENT ET FORMATION,Enseignement du premier degré,Ecole primaire,166.451704940929,-22.2838445188063,etablissements_publics_nc,44,1808,Trianon
provinciales_2019,,PS,Province Sud,988,98818,Nouméa,NOUMEA,0013,785,537,248,525,9,3,Ecole Ernest Risbec 2,ECOLE ERNEST RISBEC 2,2,PS_liste_02,31,5.9,0.859,Ecole Ernest RISBEC,19 RUE DU COMMANDANT RIVIERE,ENSEIGNEMENT ET FORMATION,Enseignement du premier degré,Ecole primaire,166.451704940929,-22.2838445188063,etablissements_publics_nc,44,1808,Trianon
provinciales_2019,,PS,Province Sud,988,98818,Nouméa,NOUMEA,0013,785,537,248,525,9,3,Ecole Ernest Risbec 2,ECOLE ERNEST RISBEC 2,3,PS_liste_03,338,64.38,0.859,Ecole Ernest RISBEC,19 RUE DU COMMANDANT RIVIERE,ENSEIGNEMENT ET FORMATION,Enseignement du premier degré,Ecole primaire,166.451704940929,-22.2838445188063,etablissements_publics_nc,44,1808,Trianon
provinciales_2019,,PS,Province Sud,988,98818,Nouméa,NOUMEA,0013,785,537,248,525,9,3,Ecole Ernest Risbec 2,ECOLE ERNEST RISBEC 2,4,PS_liste_04,0,0,0.859,Ecole Ernest RISBEC,19 RUE DU COMMANDANT RIVIERE,ENSEIGNEMENT ET FORMATION,Enseignement du premier degré,Ecole primaire,166.451704940929,-22.2838445188063,etablissements_publics_nc,44,1808,Trianon
provinciales_2019,,PS,Province Sud,988,98818,Nouméa,NOUMEA,0013,785,537,248,525,9,3,Ecole Ernest Risbec 2,ECOLE ERNEST RISBEC 2,5,PS_liste_05,3,0.57,0.859,Ecole Ernest RISBEC,19 RUE DU COMMANDANT RIVIERE,ENSEIGNEMENT ET FORMATION,Enseignement du premier degré,Ecole primaire,166.451704940929,-22.2838445188063,etablissements_publics_nc,44,1808,Trianon
provinciales_2019,,PS,Province Sud,988,98818,Nouméa,NOUMEA,0013,785,537,248,525,9,3,Ecole Ernest Risbec 2,ECOLE ERNEST RISBEC 2,6,PS_liste_06,6,1.14,0.859,Ecole Ernest RISBEC,19 RUE DU COMMANDANT RIVIERE,ENSEIGNEMENT ET FORMATION,Enseignement du premier degré,Ecole primaire,166.451704940929,-22.2838445188063,etablissements_publics_nc,44,1808,Trianon
provinciales_2019,,PS,Province Sud,988,98818,Nouméa,NOUMEA,0013,785,537,248,525,9,3,Ecole Ernest Risbec 2,ECOLE ERNEST RISBEC 2,7,PS_liste_07,15,2.86,0.859,Ecole Ernest RISBEC,19 RUE DU COMMANDANT RIVIERE,ENSEIGNEMENT ET FORMATION,Enseignement du premier degré,Ecole primaire,166.451704940929,-22.2838445188063,etablissements_publics_nc,44,1808,Trianon
provinciales_2019,,PS,Province Sud,988,98818,Nouméa,NOUMEA,0013,785,537,248,525,9,3,Ecole Ernest Risbec 2,ECOLE ERNEST RISBEC 2,8,PS_liste_08,24,4.57,0.859,Ecole Ernest RISBEC,19 RUE DU COMMANDANT RIVIERE,ENSEIGNEMENT ET FORMATION,Enseignement du premier degré,Ecole primaire,166.451704940929,-22.2838445188063,etablissements_publics_nc,44,1808,Trianon
provinciales_2019,,PS,Province Sud,988,98818,Nouméa,NOUMEA,0013,785,537,248,525,9,3,Ecole Ernest Risbec 2,ECOLE ERNEST RISBEC 2,9,PS_liste_09,18,3.43,0.859,Ecole Ernest RISBEC,19 RUE DU COMMANDANT RIVIERE,ENSEIGNEMENT ET FORMATION,Enseignement du premier degré,Ecole primaire,166.451704940929,-22.2838445188063,etablissements_publics_nc,44,1808,Trianon
provinciales_2019,,PS,Province Sud,988,98818,Nouméa,NOUMEA,0013,785,537,248,525,9,3,Ecole Ernest Risbec 2,ECOLE ERNEST RISBEC 2,10,PS_liste_10,4,0.76,0.859,Ecole Ernest RISBEC,19 RUE DU COMMANDANT RIVIERE,ENSEIGNEMENT ET FORMATION,Enseignement du premier degré,Ecole primaire,166.451704940929,-22.2838445188063,etablissements_publics_nc,44,1808,Trianon
provinciales_2019,,PS,Province Sud,988,98818,Nouméa,NOUMEA,0013,785,537,248,525,9,3,Ecole Ernest Risbec 2,ECOLE ERNEST RISBEC 2,11,PS_liste_11,82,15.62,0.859,Ecole Ernest RISBEC,19 RUE DU COMMANDANT RIVIERE,ENSEIGNEMENT ET FORMATION,Enseignement du premier degré,Ecole primaire,166.451704940929,-22.2838445188063,etablissements_publics_nc,44,1808,Trianon
provinciales_2019,,PS,Province Sud,988,98818,Nouméa,NOUMEA,0014,665,463,202,459,3,1,Ecole Paul Boyer 1,ECOLE PAUL BOYER 1,1,PS_liste_01,6,1.31,0.812,Ecole Paul BOYER,10 RUE BOUGAINVILLE,ENSEIGNEMENT ET FORMATION,Enseignement du premier degré,Groupe scolaire,166.452482969153,-22.2781620536236,etablissements_publics_nc,47,1811,Faubourg Blanchot
provinciales_2019,,PS,Province Sud,988,98818,Nouméa,NOUMEA,0014,665,463,202,459,3,1,Ecole Paul Boyer 1,ECOLE PAUL BOYER 1,2,PS_liste_02,26,5.66,0.812,Ecole Paul BOYER,10 RUE BOUGAINVILLE,ENSEIGNEMENT ET FORMATION,Enseignement du premier degré,Groupe scolaire,166.452482969153,-22.2781620536236,etablissements_publics_nc,47,1811,Faubourg Blanchot
provinciales_2019,,PS,Province Sud,988,98818,Nouméa,NOUMEA,0014,665,463,202,459,3,1,Ecole Paul Boyer 1,ECOLE PAUL BOYER 1,3,PS_liste_03,277,60.35,0.812,Ecole Paul BOYER,10 RUE BOUGAINVILLE,ENSEIGNEMENT ET FORMATION,Enseignement du premier degré,Groupe scolaire,166.452482969153,-22.2781620536236,etablissements_publics_nc,47,1811,Faubourg Blanchot
provinciales_2019,,PS,Province Sud,988,98818,Nouméa,NOUMEA,0014,665,463,202,459,3,1,Ecole Paul Boyer 1,ECOLE PAUL BOYER 1,4,PS_liste_04,2,0.44,0.812,Ecole Paul BOYER,10 RUE BOUGAINVILLE,ENSEIGNEMENT ET FORMATION,Enseignement du premier degré,Groupe scolaire,166.452482969153,-22.2781620536236,etablissements_publics_nc,47,1811,Faubourg Blanchot
provinciales_2019,,PS,Province Sud,988,98818,Nouméa,NOUMEA,0014,665,463,202,459,3,1,Ecole Paul Boyer 1,ECOLE PAUL BOYER 1,5,PS_liste_05,2,0.44,0.812,Ecole Paul BOYER,10 RUE BOUGAINVILLE,ENSEIGNEMENT ET FORMATION,Enseignement du premier degré,Groupe scolaire,166.452482969153,-22.2781620536236,etablissements_publics_nc,47,1811,Faubourg Blanchot
provinciales_2019,,PS,Province Sud,988,98818,Nouméa,NOUMEA,0014,665,463,202,459,3,1,Ecole Paul Boyer 1,ECOLE PAUL BOYER 1,6,PS_liste_06,9,1.96,0.812,Ecole Paul BOYER,10 RUE BOUGAINVILLE,ENSEIGNEMENT ET FORMATION,Enseignement du premier degré,Groupe scolaire,166.452482969153,-22.2781620536236,etablissements_publics_nc,47,1811,Faubourg Blanchot
provinciales_2019,,PS,Province Sud,988,98818,Nouméa,NOUMEA,0014,665,463,202,459,3,1,Ecole Paul Boyer 1,ECOLE PAUL BOYER 1,7,PS_liste_07,25,5.45,0.812,Ecole Paul BOYER,10 RUE BOUGAINVILLE,ENSEIGNEMENT ET FORMATION,Enseignement du premier degré,Groupe scolaire,166.452482969153,-22.2781620536236,etablissements_publics_nc,47,1811,Faubourg Blanchot
provinciales_2019,,PS,Province Sud,988,98818,Nouméa,NOUMEA,0014,665,463,202,459,3,1,Ecole Paul Boyer 1,ECOLE PAUL BOYER 1,8,PS_liste_08,20,4.36,0.812,Ecole Paul BOYER,10 RUE BOUGAINVILLE,ENSEIGNEMENT ET FORMATION,Enseignement du premier degré,Groupe scolaire,166.452482969153,-22.2781620536236,etablissements_publics_nc,47,1811,Faubourg Blanchot
provinciales_2019,,PS,Province Sud,988,98818,Nouméa,NOUMEA,0014,665,463,202,459,3,1,Ecole Paul Boyer 1,ECOLE PAUL BOYER 1,9,PS_liste_09,7,1.53,0.812,Ecole Paul BOYER,10 RUE BOUGAINVILLE,ENSEIGNEMENT ET FORMATION,Enseignement du premier degré,Groupe scolaire,166.452482969153,-22.2781620536236,etablissements_publics_nc,47,1811,Faubourg Blanchot
provinciales_2019,,PS,Province Sud,988,98818,Nouméa,NOUMEA,0014,665,463,202,459,3,1,Ecole Paul Boyer 1,ECOLE PAUL BOYER 1,10,PS_liste_10,4,0.87,0.812,Ecole Paul BOYER,10 RUE BOUGAINVILLE,ENSEIGNEMENT ET FORMATION,Enseignement du premier degré,Groupe scolaire,166.452482969153,-22.2781620536236,etablissements_publics_nc,47,1811,Faubourg Blanchot
provinciales_2019,,PS,Province Sud,988,98818,Nouméa,NOUMEA,0014,665,463,202,459,3,1,Ecole Paul Boyer 1,ECOLE PAUL BOYER 1,11,PS_liste_11,81,17.65,0.812,Ecole Paul BOYER,10 RUE BOUGAINVILLE,ENSEIGNEMENT ET FORMATION,Enseignement du premier degré,Groupe scolaire,166.452482969153,-22.2781620536236,etablissements_publics_nc,47,1811,Faubourg Blanchot
provinciales_2019,,PS,Province Sud,988,98818,Nouméa,NOUMEA,0015,744,566,178,557,8,1,Ecole Les Capucines,ECOLE LES CAPUCINES,1,PS_liste_01,2,0.36,0.8,Ecole LES CAPUCINES,41 RUE TARAGNAT,ENSEIGNEMENT ET FORMATION,Enseignement du premier degré,Groupe scolaire,166.457228804171,-22.2753677119578,etablissements_publics_nc,49,1813,Vallée des Colons Sud Ouest
provinciales_2019,,PS,Province Sud,988,98818,Nouméa,NOUMEA,0015,744,566,178,557,8,1,Ecole Les Capucines,ECOLE LES CAPUCINES,2,PS_liste_02,22,3.95,0.8,Ecole LES CAPUCINES,41 RUE TARAGNAT,ENSEIGNEMENT ET FORMATION,Enseignement du premier degré,Groupe scolaire,166.457228804171,-22.2753677119578,etablissements_publics_nc,49,1813,Vallée des Colons Sud Ouest
provinciales_2019,,PS,Province Sud,988,98818,Nouméa,NOUMEA,0015,744,566,178,557,8,1,Ecole Les Capucines,ECOLE LES CAPUCINES,3,PS_liste_03,341,61.22,0.8,Ecole LES CAPUCINES,41 RUE TARAGNAT,ENSEIGNEMENT ET FORMATION,Enseignement du premier degré,Groupe scolaire,166.457228804171,-22.2753677119578,etablissements_publics_nc,49,1813,Vallée des Colons Sud Ouest
provinciales_2019,,PS,Province Sud,988,98818,Nouméa,NOUMEA,0015,744,566,178,557,8,1,Ecole Les Capucines,ECOLE LES CAPUCINES,4,PS_liste_04,8,1.44,0.8,Ecole LES CAPUCINES,41 RUE TARAGNAT,ENSEIGNEMENT ET FORMATION,Enseignement du premier degré,Groupe scolaire,166.457228804171,-22.2753677119578,etablissements_publics_nc,49,1813,Vallée des Colons Sud Ouest
provinciales_2019,,PS,Province Sud,988,98818,Nouméa,NOUMEA,0015,744,566,178,557,8,1,Ecole Les Capucines,ECOLE LES CAPUCINES,5,PS_liste_05,6,1.08,0.8,Ecole LES CAPUCINES,41 RUE TARAGNAT,ENSEIGNEMENT ET FORMATION,Enseignement du premier degré,Groupe scolaire,166.457228804171,-22.2753677119578,etablissements_publics_nc,49,1813,Vallée des Colons Sud Ouest
provinciales_2019,,PS,Province Sud,988,98818,Nouméa,NOUMEA,0015,744,566,178,557,8,1,Ecole Les Capucines,ECOLE LES CAPUCINES,6,PS_liste_06,4,0.72,0.8,Ecole LES CAPUCINES,41 RUE TARAGNAT,ENSEIGNEMENT ET FORMATION,Enseignement du premier degré,Groupe scolaire,166.457228804171,-22.2753677119578,etablissements_publics_nc,49,1813,Vallée des Colons Sud Ouest
provinciales_2019,,PS,Province Sud,988,98818,Nouméa,NOUMEA,0015,744,566,178,557,8,1,Ecole Les Capucines,ECOLE LES CAPUCINES,7,PS_liste_07,22,3.95,0.8,Ecole LES CAPUCINES,41 RUE TARAGNAT,ENSEIGNEMENT ET FORMATION,Enseignement du premier degré,Groupe scolaire,166.457228804171,-22.2753677119578,etablissements_publics_nc,49,1813,Vallée des Colons Sud Ouest
provinciales_2019,,PS,Province Sud,988,98818,Nouméa,NOUMEA,0015,744,566,178,557,8,1,Ecole Les Capucines,ECOLE LES CAPUCINES,8,PS_liste_08,19,3.41,0.8,Ecole LES CAPUCINES,41 RUE TARAGNAT,ENSEIGNEMENT ET FORMATION,Enseignement du premier degré,Groupe scolaire,166.457228804171,-22.2753677119578,etablissements_publics_nc,49,1813,Vallée des Colons Sud Ouest
provinciales_2019,,PS,Province Sud,988,98818,Nouméa,NOUMEA,0015,744,566,178,557,8,1,Ecole Les Capucines,ECOLE LES CAPUCINES,9,PS_liste_09,20,3.59,0.8,Ecole LES CAPUCINES,41 RUE TARAGNAT,ENSEIGNEMENT ET FORMATION,Enseignement du premier degré,Groupe scolaire,166.457228804171,-22.2753677119578,etablissements_publics_nc,49,1813,Vallée des Colons Sud Ouest
provinciales_2019,,PS,Province Sud,988,98818,Nouméa,NOUMEA,0015,744,566,178,557,8,1,Ecole Les Capucines,ECOLE LES CAPUCINES,10,PS_liste_10,2,0.36,0.8,Ecole LES CAPUCINES,41 RUE TARAGNAT,ENSEIGNEMENT ET FORMATION,Enseignement du premier degré,Groupe scolaire,166.457228804171,-22.2753677119578,etablissements_publics_nc,49,1813,Vallée des Colons Sud Ouest
provinciales_2019,,PS,Province Sud,988,98818,Nouméa,NOUMEA,0015,744,566,178,557,8,1,Ecole Les Capucines,ECOLE LES CAPUCINES,11,PS_liste_11,111,19.93,0.8,Ecole LES CAPUCINES,41 RUE TARAGNAT,ENSEIGNEMENT ET FORMATION,Enseignement du premier degré,Groupe scolaire,166.457228804171,-22.2753677119578,etablissements_publics_nc,49,1813,Vallée des Colons Sud Ouest
provinciales_2019,,PS,Province Sud,988,98818,Nouméa,NOUMEA,0016,767,522,245,519,1,2,Ecole Candide Koch 1,ECOLE CANDIDE KOCH 1,1,PS_liste_01,3,0.58,0.833,Ecole Candide KOCH,33 RUE TARAGNAT,ENSEIGNEMENT ET FORMATION,Enseignement du premier degré,Groupe scolaire,166.456450040223,-22.2745660873879,etablissements_publics_nc,49,1813,Vallée des Colons Sud Ouest
provinciales_2019,,PS,Province Sud,988,98818,Nouméa,NOUMEA,0016,767,522,245,519,1,2,Ecole Candide Koch 1,ECOLE CANDIDE KOCH 1,2,PS_liste_02,25,4.82,0.833,Ecole Candide KOCH,33 RUE TARAGNAT,ENSEIGNEMENT ET FORMATION,Enseignement du premier degré,Groupe scolaire,166.456450040223,-22.2745660873879,etablissements_publics_nc,49,1813,Vallée des Colons Sud Ouest
provinciales_2019,,PS,Province Sud,988,98818,Nouméa,NOUMEA,0016,767,522,245,519,1,2,Ecole Candide Koch 1,ECOLE CANDIDE KOCH 1,3,PS_liste_03,309,59.54,0.833,Ecole Candide KOCH,33 RUE TARAGNAT,ENSEIGNEMENT ET FORMATION,Enseignement du premier degré,Groupe scolaire,166.456450040223,-22.2745660873879,etablissements_publics_nc,49,1813,Vallée des Colons Sud Ouest
provinciales_2019,,PS,Province Sud,988,98818,Nouméa,NOUMEA,0016,767,522,245,519,1,2,Ecole Candide Koch 1,ECOLE CANDIDE KOCH 1,4,PS_liste_04,8,1.54,0.833,Ecole Candide KOCH,33 RUE TARAGNAT,ENSEIGNEMENT ET FORMATION,Enseignement du premier degré,Groupe scolaire,166.456450040223,-22.2745660873879,etablissements_publics_nc,49,1813,Vallée des Colons Sud Ouest
provinciales_2019,,PS,Province Sud,988,98818,Nouméa,NOUMEA,0016,767,522,245,519,1,2,Ecole Candide Koch 1,ECOLE CANDIDE KOCH 1,5,PS_liste_05,3,0.58,0.833,Ecole Candide KOCH,33 RUE TARAGNAT,ENSEIGNEMENT ET FORMATION,Enseignement du premier degré,Groupe scolaire,166.456450040223,-22.2745660873879,etablissements_publics_nc,49,1813,Vallée des Colons Sud Ouest
provinciales_2019,,PS,Province Sud,988,98818,Nouméa,NOUMEA,0016,767,522,245,519,1,2,Ecole Candide Koch 1,ECOLE CANDIDE KOCH 1,6,PS_liste_06,5,0.96,0.833,Ecole Candide KOCH,33 RUE TARAGNAT,ENSEIGNEMENT ET FORMATION,Enseignement du premier degré,Groupe scolaire,166.456450040223,-22.2745660873879,etablissements_publics_nc,49,1813,Vallée des Colons Sud Ouest
provinciales_2019,,PS,Province Sud,988,98818,Nouméa,NOUMEA,0016,767,522,245,519,1,2,Ecole Candide Koch 1,ECOLE CANDIDE KOCH 1,7,PS_liste_07,30,5.78,0.833,Ecole Candide KOCH,33 RUE TARAGNAT,ENSEIGNEMENT ET FORMATION,Enseignement du premier degré,Groupe scolaire,166.456450040223,-22.2745660873879,etablissements_publics_nc,49,1813,Vallée des Colons Sud Ouest
provinciales_2019,,PS,Province Sud,988,98818,Nouméa,NOUMEA,0016,767,522,245,519,1,2,Ecole Candide Koch 1,ECOLE CANDIDE KOCH 1,8,PS_liste_08,16,3.08,0.833,Ecole Candide KOCH,33 RUE TARAGNAT,ENSEIGNEMENT ET FORMATION,Enseignement du premier degré,Groupe scolaire,166.456450040223,-22.2745660873879,etablissements_publics_nc,49,1813,Vallée des Colons Sud Ouest
provinciales_2019,,PS,Province Sud,988,98818,Nouméa,NOUMEA,0016,767,522,245,519,1,2,Ecole Candide Koch 1,ECOLE CANDIDE KOCH 1,9,PS_liste_09,14,2.7,0.833,Ecole Candide KOCH,33 RUE TARAGNAT,ENSEIGNEMENT ET FORMATION,Enseignement du premier degré,Groupe scolaire,166.456450040223,-22.2745660873879,etablissements_publics_nc,49,1813,Vallée des Colons Sud Ouest
provinciales_2019,,PS,Province Sud,988,98818,Nouméa,NOUMEA,0016,767,522,245,519,1,2,Ecole Candide Koch 1,ECOLE CANDIDE KOCH 1,10,PS_liste_10,3,0.58,0.833,Ecole Candide KOCH,33 RUE TARAGNAT,ENSEIGNEMENT ET FORMATION,Enseignement du premier degré,Groupe scolaire,166.456450040223,-22.2745660873879,etablissements_publics_nc,49,1813,Vallée des Colons Sud Ouest
provinciales_2019,,PS,Province Sud,988,98818,Nouméa,NOUMEA,0016,767,522,245,519,1,2,Ecole Candide Koch 1,ECOLE CANDIDE KOCH 1,11,PS_liste_11,103,19.85,0.833,Ecole Candide KOCH,33 RUE TARAGNAT,ENSEIGNEMENT ET FORMATION,Enseignement du premier degré,Groupe scolaire,166.456450040223,-22.2745660873879,etablissements_publics_nc,49,1813,Vallée des Colons Sud Ouest
provinciales_2019,,PS,Province Sud,988,98818,Nouméa,NOUMEA,0017,862,617,245,608,7,2,Ecole Candide Koch 2,ECOLE CANDIDE KOCH 2,1,PS_liste_01,2,0.33,0.833,Ecole Candide KOCH,33 RUE TARAGNAT,ENSEIGNEMENT ET FORMATION,Enseignement du premier degré,Groupe scolaire,166.456450040223,-22.2745660873879,etablissements_publics_nc,49,1813,Vallée des Colons Sud Ouest
provinciales_2019,,PS,Province Sud,988,98818,Nouméa,NOUMEA,0017,862,617,245,608,7,2,Ecole Candide Koch 2,ECOLE CANDIDE KOCH 2,2,PS_liste_02,26,4.28,0.833,Ecole Candide KOCH,33 RUE TARAGNAT,ENSEIGNEMENT ET FORMATION,Enseignement du premier degré,Groupe scolaire,166.456450040223,-22.2745660873879,etablissements_publics_nc,49,1813,Vallée des Colons Sud Ouest
provinciales_2019,,PS,Province Sud,988,98818,Nouméa,NOUMEA,0017,862,617,245,608,7,2,Ecole Candide Koch 2,ECOLE CANDIDE KOCH 2,3,PS_liste_03,371,61.02,0.833,Ecole Candide KOCH,33 RUE TARAGNAT,ENSEIGNEMENT ET FORMATION,Enseignement du premier degré,Groupe scolaire,166.456450040223,-22.2745660873879,etablissements_publics_nc,49,1813,Vallée des Colons Sud Ouest
provinciales_2019,,PS,Province Sud,988,98818,Nouméa,NOUMEA,0017,862,617,245,608,7,2,Ecole Candide Koch 2,ECOLE CANDIDE KOCH 2,4,PS_liste_04,6,0.99,0.833,Ecole Candide KOCH,33 RUE TARAGNAT,ENSEIGNEMENT ET FORMATION,Enseignement du premier degré,Groupe scolaire,166.456450040223,-22.2745660873879,etablissements_publics_nc,49,1813,Vallée des Colons Sud Ouest
provinciales_2019,,PS,Province Sud,988,98818,Nouméa,NOUMEA,0017,862,617,245,608,7,2,Ecole Candide Koch 2,ECOLE CANDIDE KOCH 2,5,PS_liste_05,6,0.99,0.833,Ecole Candide KOCH,33 RUE TARAGNAT,ENSEIGNEMENT ET FORMATION,Enseignement du premier degré,Groupe scolaire,166.456450040223,-22.2745660873879,etablissements_publics_nc,49,1813,Vallée des Colons Sud Ouest
provinciales_2019,,PS,Province Sud,988,98818,Nouméa,NOUMEA,0017,862,617,245,608,7,2,Ecole Candide Koch 2,ECOLE CANDIDE KOCH 2,6,PS_liste_06,4,0.66,0.833,Ecole Candide KOCH,33 RUE TARAGNAT,ENSEIGNEMENT ET FORMATION,Enseignement du premier degré,Groupe scolaire,166.456450040223,-22.2745660873879,etablissements_publics_nc,49,1813,Vallée des Colons Sud Ouest
provinciales_2019,,PS,Province Sud,988,98818,Nouméa,NOUMEA,0017,862,617,245,608,7,2,Ecole Candide Koch 2,ECOLE CANDIDE KOCH 2,7,PS_liste_07,11,1.81,0.833,Ecole Candide KOCH,33 RUE TARAGNAT,ENSEIGNEMENT ET FORMATION,Enseignement du premier degré,Groupe scolaire,166.456450040223,-22.2745660873879,etablissements_publics_nc,49,1813,Vallée des Colons Sud Ouest
provinciales_2019,,PS,Province Sud,988,98818,Nouméa,NOUMEA,0017,862,617,245,608,7,2,Ecole Candide Koch 2,ECOLE CANDIDE KOCH 2,8,PS_liste_08,35,5.76,0.833,Ecole Candide KOCH,33 RUE TARAGNAT,ENSEIGNEMENT ET FORMATION,Enseignement du premier degré,Groupe scolaire,166.456450040223,-22.2745660873879,etablissements_publics_nc,49,1813,Vallée des Colons Sud Ouest
provinciales_2019,,PS,Province Sud,988,98818,Nouméa,NOUMEA,0017,862,617,245,608,7,2,Ecole Candide Koch 2,ECOLE CANDIDE KOCH 2,9,PS_liste_09,24,3.95,0.833,Ecole Candide KOCH,33 RUE TARAGNAT,ENSEIGNEMENT ET FORMATION,Enseignement du premier degré,Groupe scolaire,166.456450040223,-22.2745660873879,etablissements_publics_nc,49,1813,Vallée des Colons Sud Ouest
provinciales_2019,,PS,Province Sud,988,98818,Nouméa,NOUMEA,0017,862,617,245,608,7,2,Ecole Candide Koch 2,ECOLE CANDIDE KOCH 2,10,PS_liste_10,4,0.66,0.833,Ecole Candide KOCH,33 RUE TARAGNAT,ENSEIGNEMENT ET FORMATION,Enseignement du premier degré,Groupe scolaire,166.456450040223,-22.2745660873879,etablissements_publics_nc,49,1813,Vallée des Colons Sud Ouest
provinciales_2019,,PS,Province Sud,988,98818,Nouméa,NOUMEA,0017,862,617,245,608,7,2,Ecole Candide Koch 2,ECOLE CANDIDE KOCH 2,11,PS_liste_11,119,19.57,0.833,Ecole Candide KOCH,33 RUE TARAGNAT,ENSEIGNEMENT ET FORMATION,Enseignement du premier degré,Groupe scolaire,166.456450040223,-22.2745660873879,etablissements_publics_nc,49,1813,Vallée des Colons Sud Ouest
provinciales_2019,,PS,Province Sud,988,98818,Nouméa,NOUMEA,0018,766,536,230,522,12,2,Ecole Emily Panné 1,ECOLE EMILY PANNE 1,1,PS_liste_01,3,0.57,0.841,Ecole Emily PANNE,115 RUE AUGUSTE BENEBIG,ENSEIGNEMENT ET FORMATION,Enseignement du premier degré,Ecole primaire,166.454860512437,-22.2689261325801,etablissements_publics_nc,56,1820,Vallée des Colons Nord Est
provinciales_2019,,PS,Province Sud,988,98818,Nouméa,NOUMEA,0018,766,536,230,522,12,2,Ecole Emily Panné 1,ECOLE EMILY PANNE 1,2,PS_liste_02,20,3.83,0.841,Ecole Emily PANNE,115 RUE AUGUSTE BENEBIG,ENSEIGNEMENT ET FORMATION,Enseignement du premier degré,Ecole primaire,166.454860512437,-22.2689261325801,etablissements_publics_nc,56,1820,Vallée des Colons Nord Est
provinciales_2019,,PS,Province Sud,988,98818,Nouméa,NOUMEA,0018,766,536,230,522,12,2,Ecole Emily Panné 1,ECOLE EMILY PANNE 1,3,PS_liste_03,302,57.85,0.841,Ecole Emily PANNE,115 RUE AUGUSTE BENEBIG,ENSEIGNEMENT ET FORMATION,Enseignement du premier degré,Ecole primaire,166.454860512437,-22.2689261325801,etablissements_publics_nc,56,1820,Vallée des Colons Nord Est
provinciales_2019,,PS,Province Sud,988,98818,Nouméa,NOUMEA,0018,766,536,230,522,12,2,Ecole Emily Panné 1,ECOLE EMILY PANNE 1,4,PS_liste_04,5,0.96,0.841,Ecole Emily PANNE,115 RUE AUGUSTE BENEBIG,ENSEIGNEMENT ET FORMATION,Enseignement du premier degré,Ecole primaire,166.454860512437,-22.2689261325801,etablissements_publics_nc,56,1820,Vallée des Colons Nord Est
provinciales_2019,,PS,Province Sud,988,98818,Nouméa,NOUMEA,0018,766,536,230,522,12,2,Ecole Emily Panné 1,ECOLE EMILY PANNE 1,5,PS_liste_05,9,1.72,0.841,Ecole Emily PANNE,115 RUE AUGUSTE BENEBIG,ENSEIGNEMENT ET FORMATION,Enseignement du premier degré,Ecole primaire,166.454860512437,-22.2689261325801,etablissements_publics_nc,56,1820,Vallée des Colons Nord Est
provinciales_2019,,PS,Province Sud,988,98818,Nouméa,NOUMEA,0018,766,536,230,522,12,2,Ecole Emily Panné 1,ECOLE EMILY PANNE 1,6,PS_liste_06,13,2.49,0.841,Ecole Emily PANNE,115 RUE AUGUSTE BENEBIG,ENSEIGNEMENT ET FORMATION,Enseignement du premier degré,Ecole primaire,166.454860512437,-22.2689261325801,etablissements_publics_nc,56,1820,Vallée des Colons Nord Est
provinciales_2019,,PS,Province Sud,988,98818,Nouméa,NOUMEA,0018,766,536,230,522,12,2,Ecole Emily Panné 1,ECOLE EMILY PANNE 1,7,PS_liste_07,20,3.83,0.841,Ecole Emily PANNE,115 RUE AUGUSTE BENEBIG,ENSEIGNEMENT ET FORMATION,Enseignement du premier degré,Ecole primaire,166.454860512437,-22.2689261325801,etablissements_publics_nc,56,1820,Vallée des Colons Nord Est
provinciales_2019,,PS,Province Sud,988,98818,Nouméa,NOUMEA,0018,766,536,230,522,12,2,Ecole Emily Panné 1,ECOLE EMILY PANNE 1,8,PS_liste_08,28,5.36,0.841,Ecole Emily PANNE,115 RUE AUGUSTE BENEBIG,ENSEIGNEMENT ET FORMATION,Enseignement du premier degré,Ecole primaire,166.454860512437,-22.2689261325801,etablissements_publics_nc,56,1820,Vallée des Colons Nord Est
provinciales_2019,,PS,Province Sud,988,98818,Nouméa,NOUMEA,0018,766,536,230,522,12,2,Ecole Emily Panné 1,ECOLE EMILY PANNE 1,9,PS_liste_09,25,4.79,0.841,Ecole Emily PANNE,115 RUE AUGUSTE BENEBIG,ENSEIGNEMENT ET FORMATION,Enseignement du premier degré,Ecole primaire,166.454860512437,-22.2689261325801,etablissements_publics_nc,56,1820,Vallée des Colons Nord Est
provinciales_2019,,PS,Province Sud,988,98818,Nouméa,NOUMEA,0018,766,536,230,522,12,2,Ecole Emily Panné 1,ECOLE EMILY PANNE 1,10,PS_liste_10,5,0.96,0.841,Ecole Emily PANNE,115 RUE AUGUSTE BENEBIG,ENSEIGNEMENT ET FORMATION,Enseignement du premier degré,Ecole primaire,166.454860512437,-22.2689261325801,etablissements_publics_nc,56,1820,Vallée des Colons Nord Est
provinciales_2019,,PS,Province Sud,988,98818,Nouméa,NOUMEA,0018,766,536,230,522,12,2,Ecole Emily Panné 1,ECOLE EMILY PANNE 1,11,PS_liste_11,92,17.62,0.841,Ecole Emily PANNE,115 RUE AUGUSTE BENEBIG,ENSEIGNEMENT ET FORMATION,Enseignement du premier degré,Ecole primaire,166.454860512437,-22.2689261325801,etablissements_publics_nc,56,1820,Vallée des Colons Nord Est
provinciales_2019,,PS,Province Sud,988,98818,Nouméa,NOUMEA,0019,808,528,280,517,8,3,Ecole Emily Panné 2,ECOLE EMILY PANNE 2,1,PS_liste_01,11,2.13,0.841,Ecole Emily PANNE,115 RUE AUGUSTE BENEBIG,ENSEIGNEMENT ET FORMATION,Enseignement du premier degré,Ecole primaire,166.454860512437,-22.2689261325801,etablissements_publics_nc,56,1820,Vallée des Colons Nord Est
provinciales_2019,,PS,Province Sud,988,98818,Nouméa,NOUMEA,0019,808,528,280,517,8,3,Ecole Emily Panné 2,ECOLE EMILY PANNE 2,2,PS_liste_02,25,4.84,0.841,Ecole Emily PANNE,115 RUE AUGUSTE BENEBIG,ENSEIGNEMENT ET FORMATION,Enseignement du premier degré,Ecole primaire,166.454860512437,-22.2689261325801,etablissements_publics_nc,56,1820,Vallée des Colons Nord Est
provinciales_2019,,PS,Province Sud,988,98818,Nouméa,NOUMEA,0019,808,528,280,517,8,3,Ecole Emily Panné 2,ECOLE EMILY PANNE 2,3,PS_liste_03,283,54.74,0.841,Ecole Emily PANNE,115 RUE AUGUSTE BENEBIG,ENSEIGNEMENT ET FORMATION,Enseignement du premier degré,Ecole primaire,166.454860512437,-22.2689261325801,etablissements_publics_nc,56,1820,Vallée des Colons Nord Est
provinciales_2019,,PS,Province Sud,988,98818,Nouméa,NOUMEA,0019,808,528,280,517,8,3,Ecole Emily Panné 2,ECOLE EMILY PANNE 2,4,PS_liste_04,5,0.97,0.841,Ecole Emily PANNE,115 RUE AUGUSTE BENEBIG,ENSEIGNEMENT ET FORMATION,Enseignement du premier degré,Ecole primaire,166.454860512437,-22.2689261325801,etablissements_publics_nc,56,1820,Vallée des Colons Nord Est
provinciales_2019,,PS,Province Sud,988,98818,Nouméa,NOUMEA,0019,808,528,280,517,8,3,Ecole Emily Panné 2,ECOLE EMILY PANNE 2,5,PS_liste_05,2,0.39,0.841,Ecole Emily PANNE,115 RUE AUGUSTE BENEBIG,ENSEIGNEMENT ET FORMATION,Enseignement du premier degré,Ecole primaire,166.454860512437,-22.2689261325801,etablissements_publics_nc,56,1820,Vallée des Colons Nord Est
provinciales_2019,,PS,Province Sud,988,98818,Nouméa,NOUMEA,0019,808,528,280,517,8,3,Ecole Emily Panné 2,ECOLE EMILY PANNE 2,6,PS_liste_06,13,2.51,0.841,Ecole Emily PANNE,115 RUE AUGUSTE BENEBIG,ENSEIGNEMENT ET FORMATION,Enseignement du premier degré,Ecole primaire,166.454860512437,-22.2689261325801,etablissements_publics_nc,56,1820,Vallée des Colons Nord Est
provinciales_2019,,PS,Province Sud,988,98818,Nouméa,NOUMEA,0019,808,528,280,517,8,3,Ecole Emily Panné 2,ECOLE EMILY PANNE 2,7,PS_liste_07,39,7.54,0.841,Ecole Emily PANNE,115 RUE AUGUSTE BENEBIG,ENSEIGNEMENT ET FORMATION,Enseignement du premier degré,Ecole primaire,166.454860512437,-22.2689261325801,etablissements_publics_nc,56,1820,Vallée des Colons Nord Est
provinciales_2019,,PS,Province Sud,988,98818,Nouméa,NOUMEA,0019,808,528,280,517,8,3,Ecole Emily Panné 2,ECOLE EMILY PANNE 2,8,PS_liste_08,24,4.64,0.841,Ecole Emily PANNE,115 RUE AUGUSTE BENEBIG,ENSEIGNEMENT ET FORMATION,Enseignement du premier degré,Ecole primaire,166.454860512437,-22.2689261325801,etablissements_publics_nc,56,1820,Vallée des Colons Nord Est
provinciales_2019,,PS,Province Sud,988,98818,Nouméa,NOUMEA,0019,808,528,280,517,8,3,Ecole Emily Panné 2,ECOLE EMILY PANNE 2,9,PS_liste_09,17,3.29,0.841,Ecole Emily PANNE,115 RUE AUGUSTE BENEBIG,ENSEIGNEMENT ET FORMATION,Enseignement du premier degré,Ecole primaire,166.454860512437,-22.2689261325801,etablissements_publics_nc,56,1820,Vallée des Colons Nord Est
provinciales_2019,,PS,Province Sud,988,98818,Nouméa,NOUMEA,0019,808,528,280,517,8,3,Ecole Emily Panné 2,ECOLE EMILY PANNE 2,10,PS_liste_10,6,1.16,0.841,Ecole Emily PANNE,115 RUE AUGUSTE BENEBIG,ENSEIGNEMENT ET FORMATION,Enseignement du premier degré,Ecole primaire,166.454860512437,-22.2689261325801,etablissements_publics_nc,56,1820,Vallée des Colons Nord Est
provinciales_2019,,PS,Province Sud,988,98818,Nouméa,NOUMEA,0019,808,528,280,517,8,3,Ecole Emily Panné 2,ECOLE EMILY PANNE 2,11,PS_liste_11,92,17.79,0.841,Ecole Emily PANNE,115 RUE AUGUSTE BENEBIG,ENSEIGNEMENT ET FORMATION,Enseignement du premier degré,Ecole primaire,166.454860512437,-22.2689261325801,etablissements_publics_nc,56,1820,Vallée des Colons Nord Est
provinciales_2019,,PS,Province Sud,988,98818,Nouméa,NOUMEA,0020,775,579,196,573,6,0,Ecole Antoinette Charbonneaux,ECOLE ANTOINETTE CHARBONNEAUX,1,PS_liste_01,1,0.17,0.879,Ecole Antoinette CHARBONNEAUX,1 RUE ANDRE ROLLY,ENSEIGNEMENT ET FORMATION,Enseignement du premier degré,Ecole élémentaire,166.46666463723,-22.273716213111,etablissements_publics_nc,52,1816,Magenta Tours
provinciales_2019,,PS,Province Sud,988,98818,Nouméa,NOUMEA,0020,775,579,196,573,6,0,Ecole Antoinette Charbonneaux,ECOLE ANTOINETTE CHARBONNEAUX,2,PS_liste_02,45,7.85,0.879,Ecole Antoinette CHARBONNEAUX,1 RUE ANDRE ROLLY,ENSEIGNEMENT ET FORMATION,Enseignement du premier degré,Ecole élémentaire,166.46666463723,-22.273716213111,etablissements_publics_nc,52,1816,Magenta Tours
provinciales_2019,,PS,Province Sud,988,98818,Nouméa,NOUMEA,0020,775,579,196,573,6,0,Ecole Antoinette Charbonneaux,ECOLE ANTOINETTE CHARBONNEAUX,3,PS_liste_03,369,64.4,0.879,Ecole Antoinette CHARBONNEAUX,1 RUE ANDRE ROLLY,ENSEIGNEMENT ET FORMATION,Enseignement du premier degré,Ecole élémentaire,166.46666463723,-22.273716213111,etablissements_publics_nc,52,1816,Magenta Tours
provinciales_2019,,PS,Province Sud,988,98818,Nouméa,NOUMEA,0020,775,579,196,573,6,0,Ecole Antoinette Charbonneaux,ECOLE ANTOINETTE CHARBONNEAUX,4,PS_liste_04,1,0.17,0.879,Ecole Antoinette CHARBONNEAUX,1 RUE ANDRE ROLLY,ENSEIGNEMENT ET FORMATION,Enseignement du premier degré,Ecole élémentaire,166.46666463723,-22.273716213111,etablissements_publics_nc,52,1816,Magenta Tours
provinciales_2019,,PS,Province Sud,988,98818,Nouméa,NOUMEA,0020,775,579,196,573,6,0,Ecole Antoinette Charbonneaux,ECOLE ANTOINETTE CHARBONNEAUX,5,PS_liste_05,6,1.05,0.879,Ecole Antoinette CHARBONNEAUX,1 RUE ANDRE ROLLY,ENSEIGNEMENT ET FORMATION,Enseignement du premier degré,Ecole élémentaire,166.46666463723,-22.273716213111,etablissements_publics_nc,52,1816,Magenta Tours
provinciales_2019,,PS,Province Sud,988,98818,Nouméa,NOUMEA,0020,775,579,196,573,6,0,Ecole Antoinette Charbonneaux,ECOLE ANTOINETTE CHARBONNEAUX,6,PS_liste_06,3,0.52,0.879,Ecole Antoinette CHARBONNEAUX,1 RUE ANDRE ROLLY,ENSEIGNEMENT ET FORMATION,Enseignement du premier degré,Ecole élémentaire,166.46666463723,-22.273716213111,etablissements_publics_nc,52,1816,Magenta Tours
provinciales_2019,,PS,Province Sud,988,98818,Nouméa,NOUMEA,0020,775,579,196,573,6,0,Ecole Antoinette Charbonneaux,ECOLE ANTOINETTE CHARBONNEAUX,7,PS_liste_07,11,1.92,0.879,Ecole Antoinette CHARBONNEAUX,1 RUE ANDRE ROLLY,ENSEIGNEMENT ET FORMATION,Enseignement du premier degré,Ecole élémentaire,166.46666463723,-22.273716213111,etablissements_publics_nc,52,1816,Magenta Tours
provinciales_2019,,PS,Province Sud,988,98818,Nouméa,NOUMEA,0020,775,579,196,573,6,0,Ecole Antoinette Charbonneaux,ECOLE ANTOINETTE CHARBONNEAUX,8,PS_liste_08,19,3.32,0.879,Ecole Antoinette CHARBONNEAUX,1 RUE ANDRE ROLLY,ENSEIGNEMENT ET FORMATION,Enseignement du premier degré,Ecole élémentaire,166.46666463723,-22.273716213111,etablissements_publics_nc,52,1816,Magenta Tours
provinciales_2019,,PS,Province Sud,988,98818,Nouméa,NOUMEA,0020,775,579,196,573,6,0,Ecole Antoinette Charbonneaux,ECOLE ANTOINETTE CHARBONNEAUX,9,PS_liste_09,20,3.49,0.879,Ecole Antoinette CHARBONNEAUX,1 RUE ANDRE ROLLY,ENSEIGNEMENT ET FORMATION,Enseignement du premier degré,Ecole élémentaire,166.46666463723,-22.273716213111,etablissements_publics_nc,52,1816,Magenta Tours
provinciales_2019,,PS,Province Sud,988,98818,Nouméa,NOUMEA,0020,775,579,196,573,6,0,Ecole Antoinette Charbonneaux,ECOLE ANTOINETTE CHARBONNEAUX,10,PS_liste_10,4,0.7,0.879,Ecole Antoinette CHARBONNEAUX,1 RUE ANDRE ROLLY,ENSEIGNEMENT ET FORMATION,Enseignement du premier degré,Ecole élémentaire,166.46666463723,-22.273716213111,etablissements_publics_nc,52,1816,Magenta Tours
provinciales_2019,,PS,Province Sud,988,98818,Nouméa,NOUMEA,0020,775,579,196,573,6,0,Ecole Antoinette Charbonneaux,ECOLE ANTOINETTE CHARBONNEAUX,11,PS_liste_11,94,16.4,0.879,Ecole Antoinette CHARBONNEAUX,1 RUE ANDRE ROLLY,ENSEIGNEMENT ET FORMATION,Enseignement du premier degré,Ecole élémentaire,166.46666463723,-22.273716213111,etablissements_publics_nc,52,1816,Magenta Tours
provinciales_2019,,PS,Province Sud,988,98818,Nouméa,NOUMEA,0021,815,611,204,598,12,1,Ecole Marie Havet 1,ECOLE MARIE HAVET 1,1,PS_liste_01,0,0,0.841,Ecole Marie HAVET,231 RUE ARNOLD DALY,ENSEIGNEMENT ET FORMATION,Enseignement du premier degré,Ecole primaire,166.471138313555,-22.2828880563017,etablissements_publics_nc,54,1818,Ouémo
provinciales_2019,,PS,Province Sud,988,98818,Nouméa,NOUMEA,0021,815,611,204,598,12,1,Ecole Marie Havet 1,ECOLE MARIE HAVET 1,2,PS_liste_02,14,2.34,0.841,Ecole Marie HAVET,231 RUE ARNOLD DALY,ENSEIGNEMENT ET FORMATION,Enseignement du premier degré,Ecole primaire,166.471138313555,-22.2828880563017,etablissements_publics_nc,54,1818,Ouémo
provinciales_2019,,PS,Province Sud,988,98818,Nouméa,NOUMEA,0021,815,611,204,598,12,1,Ecole Marie Havet 1,ECOLE MARIE HAVET 1,3,PS_liste_03,415,69.4,0.841,Ecole Marie HAVET,231 RUE ARNOLD DALY,ENSEIGNEMENT ET FORMATION,Enseignement du premier degré,Ecole primaire,166.471138313555,-22.2828880563017,etablissements_publics_nc,54,1818,Ouémo
provinciales_2019,,PS,Province Sud,988,98818,Nouméa,NOUMEA,0021,815,611,204,598,12,1,Ecole Marie Havet 1,ECOLE MARIE HAVET 1,4,PS_liste_04,3,0.5,0.841,Ecole Marie HAVET,231 RUE ARNOLD DALY,ENSEIGNEMENT ET FORMATION,Enseignement du premier degré,Ecole primaire,166.471138313555,-22.2828880563017,etablissements_publics_nc,54,1818,Ouémo
provinciales_2019,,PS,Province Sud,988,98818,Nouméa,NOUMEA,0021,815,611,204,598,12,1,Ecole Marie Havet 1,ECOLE MARIE HAVET 1,5,PS_liste_05,2,0.33,0.841,Ecole Marie HAVET,231 RUE ARNOLD DALY,ENSEIGNEMENT ET FORMATION,Enseignement du premier degré,Ecole primaire,166.471138313555,-22.2828880563017,etablissements_publics_nc,54,1818,Ouémo
provinciales_2019,,PS,Province Sud,988,98818,Nouméa,NOUMEA,0021,815,611,204,598,12,1,Ecole Marie Havet 1,ECOLE MARIE HAVET 1,6,PS_liste_06,2,0.33,0.841,Ecole Marie HAVET,231 RUE ARNOLD DALY,ENSEIGNEMENT ET FORMATION,Enseignement du premier degré,Ecole primaire,166.471138313555,-22.2828880563017,etablissements_publics_nc,54,1818,Ouémo
provinciales_2019,,PS,Province Sud,988,98818,Nouméa,NOUMEA,0021,815,611,204,598,12,1,Ecole Marie Havet 1,ECOLE MARIE HAVET 1,7,PS_liste_07,24,4.01,0.841,Ecole Marie HAVET,231 RUE ARNOLD DALY,ENSEIGNEMENT ET FORMATION,Enseignement du premier degré,Ecole primaire,166.471138313555,-22.2828880563017,etablissements_publics_nc,54,1818,Ouémo
provinciales_2019,,PS,Province Sud,988,98818,Nouméa,NOUMEA,0021,815,611,204,598,12,1,Ecole Marie Havet 1,ECOLE MARIE HAVET 1,8,PS_liste_08,19,3.18,0.841,Ecole Marie HAVET,231 RUE ARNOLD DALY,ENSEIGNEMENT ET FORMATION,Enseignement du premier degré,Ecole primaire,166.471138313555,-22.2828880563017,etablissements_publics_nc,54,1818,Ouémo
provinciales_2019,,PS,Province Sud,988,98818,Nouméa,NOUMEA,0021,815,611,204,598,12,1,Ecole Marie Havet 1,ECOLE MARIE HAVET 1,9,PS_liste_09,16,2.68,0.841,Ecole Marie HAVET,231 RUE ARNOLD DALY,ENSEIGNEMENT ET FORMATION,Enseignement du premier degré,Ecole primaire,166.471138313555,-22.2828880563017,etablissements_publics_nc,54,1818,Ouémo
provinciales_2019,,PS,Province Sud,988,98818,Nouméa,NOUMEA,0021,815,611,204,598,12,1,Ecole Marie Havet 1,ECOLE MARIE HAVET 1,10,PS_liste_10,3,0.5,0.841,Ecole Marie HAVET,231 RUE ARNOLD DALY,ENSEIGNEMENT ET FORMATION,Enseignement du premier degré,Ecole primaire,166.471138313555,-22.2828880563017,etablissements_publics_nc,54,1818,Ouémo
provinciales_2019,,PS,Province Sud,988,98818,Nouméa,NOUMEA,0021,815,611,204,598,12,1,Ecole Marie Havet 1,ECOLE MARIE HAVET 1,11,PS_liste_11,100,16.72,0.841,Ecole Marie HAVET,231 RUE ARNOLD DALY,ENSEIGNEMENT ET FORMATION,Enseignement du premier degré,Ecole primaire,166.471138313555,-22.2828880563017,etablissements_publics_nc,54,1818,Ouémo
provinciales_2019,,PS,Province Sud,988,98818,Nouméa,NOUMEA,0022,857,642,215,635,5,2,Ecole Marie Havet 2,ECOLE MARIE HAVET 2,1,PS_liste_01,6,0.94,0.841,Ecole Marie HAVET,231 RUE ARNOLD DALY,ENSEIGNEMENT ET FORMATION,Enseignement du premier degré,Ecole primaire,166.471138313555,-22.2828880563017,etablissements_publics_nc,54,1818,Ouémo
provinciales_2019,,PS,Province Sud,988,98818,Nouméa,NOUMEA,0022,857,642,215,635,5,2,Ecole Marie Havet 2,ECOLE MARIE HAVET 2,2,PS_liste_02,25,3.94,0.841,Ecole Marie HAVET,231 RUE ARNOLD DALY,ENSEIGNEMENT ET FORMATION,Enseignement du premier degré,Ecole primaire,166.471138313555,-22.2828880563017,etablissements_publics_nc,54,1818,Ouémo
provinciales_2019,,PS,Province Sud,988,98818,Nouméa,NOUMEA,0022,857,642,215,635,5,2,Ecole Marie Havet 2,ECOLE MARIE HAVET 2,3,PS_liste_03,418,65.83,0.841,Ecole Marie HAVET,231 RUE ARNOLD DALY,ENSEIGNEMENT ET FORMATION,Enseignement du premier degré,Ecole primaire,166.471138313555,-22.2828880563017,etablissements_publics_nc,54,1818,Ouémo
provinciales_2019,,PS,Province Sud,988,98818,Nouméa,NOUMEA,0022,857,642,215,635,5,2,Ecole Marie Havet 2,ECOLE MARIE HAVET 2,4,PS_liste_04,3,0.47,0.841,Ecole Marie HAVET,231 RUE ARNOLD DALY,ENSEIGNEMENT ET FORMATION,Enseignement du premier degré,Ecole primaire,166.471138313555,-22.2828880563017,etablissements_publics_nc,54,1818,Ouémo
provinciales_2019,,PS,Province Sud,988,98818,Nouméa,NOUMEA,0022,857,642,215,635,5,2,Ecole Marie Havet 2,ECOLE MARIE HAVET 2,5,PS_liste_05,3,0.47,0.841,Ecole Marie HAVET,231 RUE ARNOLD DALY,ENSEIGNEMENT ET FORMATION,Enseignement du premier degré,Ecole primaire,166.471138313555,-22.2828880563017,etablissements_publics_nc,54,1818,Ouémo
provinciales_2019,,PS,Province Sud,988,98818,Nouméa,NOUMEA,0022,857,642,215,635,5,2,Ecole Marie Havet 2,ECOLE MARIE HAVET 2,6,PS_liste_06,5,0.79,0.841,Ecole Marie HAVET,231 RUE ARNOLD DALY,ENSEIGNEMENT ET FORMATION,Enseignement du premier degré,Ecole primaire,166.471138313555,-22.2828880563017,etablissements_publics_nc,54,1818,Ouémo
provinciales_2019,,PS,Province Sud,988,98818,Nouméa,NOUMEA,0022,857,642,215,635,5,2,Ecole Marie Havet 2,ECOLE MARIE HAVET 2,7,PS_liste_07,19,2.99,0.841,Ecole Marie HAVET,231 RUE ARNOLD DALY,ENSEIGNEMENT ET FORMATION,Enseignement du premier degré,Ecole primaire,166.471138313555,-22.2828880563017,etablissements_publics_nc,54,1818,Ouémo
provinciales_2019,,PS,Province Sud,988,98818,Nouméa,NOUMEA,0022,857,642,215,635,5,2,Ecole Marie Havet 2,ECOLE MARIE HAVET 2,8,PS_liste_08,18,2.83,0.841,Ecole Marie HAVET,231 RUE ARNOLD DALY,ENSEIGNEMENT ET FORMATION,Enseignement du premier degré,Ecole primaire,166.471138313555,-22.2828880563017,etablissements_publics_nc,54,1818,Ouémo
provinciales_2019,,PS,Province Sud,988,98818,Nouméa,NOUMEA,0022,857,642,215,635,5,2,Ecole Marie Havet 2,ECOLE MARIE HAVET 2,9,PS_liste_09,24,3.78,0.841,Ecole Marie HAVET,231 RUE ARNOLD DALY,ENSEIGNEMENT ET FORMATION,Enseignement du premier degré,Ecole primaire,166.471138313555,-22.2828880563017,etablissements_publics_nc,54,1818,Ouémo
provinciales_2019,,PS,Province Sud,988,98818,Nouméa,NOUMEA,0022,857,642,215,635,5,2,Ecole Marie Havet 2,ECOLE MARIE HAVET 2,10,PS_liste_10,4,0.63,0.841,Ecole Marie HAVET,231 RUE ARNOLD DALY,ENSEIGNEMENT ET FORMATION,Enseignement du premier degré,Ecole primaire,166.471138313555,-22.2828880563017,etablissements_publics_nc,54,1818,Ouémo
provinciales_2019,,PS,Province Sud,988,98818,Nouméa,NOUMEA,0022,857,642,215,635,5,2,Ecole Marie Havet 2,ECOLE MARIE HAVET 2,11,PS_liste_11,110,17.32,0.841,Ecole Marie HAVET,231 RUE ARNOLD DALY,ENSEIGNEMENT ET FORMATION,Enseignement du premier degré,Ecole primaire,166.471138313555,-22.2828880563017,etablissements_publics_nc,54,1818,Ouémo
provinciales_2019,,PS,Province Sud,988,98818,Nouméa,NOUMEA,0023,818,584,234,569,8,7,Ecole Chistine Boletti 1,ECOLE CHISTINE BOLETTI 1,1,PS_liste_01,3,0.53,0.792,Ecole Christine BOLETTI,10 RUE CHARLES STEINMETZ,ENSEIGNEMENT ET FORMATION,Enseignement du premier degré,Ecole pré-élémentaire,166.465990390657,-22.2661773380247,etablissements_publics_nc,63,1827,Aérodrome Sud
provinciales_2019,,PS,Province Sud,988,98818,Nouméa,NOUMEA,0023,818,584,234,569,8,7,Ecole Chistine Boletti 1,ECOLE CHISTINE BOLETTI 1,2,PS_liste_02,21,3.69,0.792,Ecole Christine BOLETTI,10 RUE CHARLES STEINMETZ,ENSEIGNEMENT ET FORMATION,Enseignement du premier degré,Ecole pré-élémentaire,166.465990390657,-22.2661773380247,etablissements_publics_nc,63,1827,Aérodrome Sud
provinciales_2019,,PS,Province Sud,988,98818,Nouméa,NOUMEA,0023,818,584,234,569,8,7,Ecole Chistine Boletti 1,ECOLE CHISTINE BOLETTI 1,3,PS_liste_03,317,55.71,0.792,Ecole Christine BOLETTI,10 RUE CHARLES STEINMETZ,ENSEIGNEMENT ET FORMATION,Enseignement du premier degré,Ecole pré-élémentaire,166.465990390657,-22.2661773380247,etablissements_publics_nc,63,1827,Aérodrome Sud
provinciales_2019,,PS,Province Sud,988,98818,Nouméa,NOUMEA,0023,818,584,234,569,8,7,Ecole Chistine Boletti 1,ECOLE CHISTINE BOLETTI 1,4,PS_liste_04,2,0.35,0.792,Ecole Christine BOLETTI,10 RUE CHARLES STEINMETZ,ENSEIGNEMENT ET FORMATION,Enseignement du premier degré,Ecole pré-élémentaire,166.465990390657,-22.2661773380247,etablissements_publics_nc,63,1827,Aérodrome Sud
provinciales_2019,,PS,Province Sud,988,98818,Nouméa,NOUMEA,0023,818,584,234,569,8,7,Ecole Chistine Boletti 1,ECOLE CHISTINE BOLETTI 1,5,PS_liste_05,6,1.05,0.792,Ecole Christine BOLETTI,10 RUE CHARLES STEINMETZ,ENSEIGNEMENT ET FORMATION,Enseignement du premier degré,Ecole pré-élémentaire,166.465990390657,-22.2661773380247,etablissements_publics_nc,63,1827,Aérodrome Sud
provinciales_2019,,PS,Province Sud,988,98818,Nouméa,NOUMEA,0023,818,584,234,569,8,7,Ecole Chistine Boletti 1,ECOLE CHISTINE BOLETTI 1,6,PS_liste_06,15,2.64,0.792,Ecole Christine BOLETTI,10 RUE CHARLES STEINMETZ,ENSEIGNEMENT ET FORMATION,Enseignement du premier degré,Ecole pré-élémentaire,166.465990390657,-22.2661773380247,etablissements_publics_nc,63,1827,Aérodrome Sud
provinciales_2019,,PS,Province Sud,988,98818,Nouméa,NOUMEA,0023,818,584,234,569,8,7,Ecole Chistine Boletti 1,ECOLE CHISTINE BOLETTI 1,7,PS_liste_07,22,3.87,0.792,Ecole Christine BOLETTI,10 RUE CHARLES STEINMETZ,ENSEIGNEMENT ET FORMATION,Enseignement du premier degré,Ecole pré-élémentaire,166.465990390657,-22.2661773380247,etablissements_publics_nc,63,1827,Aérodrome Sud
provinciales_2019,,PS,Province Sud,988,98818,Nouméa,NOUMEA,0023,818,584,234,569,8,7,Ecole Chistine Boletti 1,ECOLE CHISTINE BOLETTI 1,8,PS_liste_08,27,4.75,0.792,Ecole Christine BOLETTI,10 RUE CHARLES STEINMETZ,ENSEIGNEMENT ET FORMATION,Enseignement du premier degré,Ecole pré-élémentaire,166.465990390657,-22.2661773380247,etablissements_publics_nc,63,1827,Aérodrome Sud
provinciales_2019,,PS,Province Sud,988,98818,Nouméa,NOUMEA,0023,818,584,234,569,8,7,Ecole Chistine Boletti 1,ECOLE CHISTINE BOLETTI 1,9,PS_liste_09,29,5.1,0.792,Ecole Christine BOLETTI,10 RUE CHARLES STEINMETZ,ENSEIGNEMENT ET FORMATION,Enseignement du premier degré,Ecole pré-élémentaire,166.465990390657,-22.2661773380247,etablissements_publics_nc,63,1827,Aérodrome Sud
provinciales_2019,,PS,Province Sud,988,98818,Nouméa,NOUMEA,0023,818,584,234,569,8,7,Ecole Chistine Boletti 1,ECOLE CHISTINE BOLETTI 1,10,PS_liste_10,7,1.23,0.792,Ecole Christine BOLETTI,10 RUE CHARLES STEINMETZ,ENSEIGNEMENT ET FORMATION,Enseignement du premier degré,Ecole pré-élémentaire,166.465990390657,-22.2661773380247,etablissements_publics_nc,63,1827,Aérodrome Sud
provinciales_2019,,PS,Province Sud,988,98818,Nouméa,NOUMEA,0023,818,584,234,569,8,7,Ecole Chistine Boletti 1,ECOLE CHISTINE BOLETTI 1,11,PS_liste_11,120,21.09,0.792,Ecole Christine BOLETTI,10 RUE CHARLES STEINMETZ,ENSEIGNEMENT ET FORMATION,Enseignement du premier degré,Ecole pré-élémentaire,166.465990390657,-22.2661773380247,etablissements_publics_nc,63,1827,Aérodrome Sud
provinciales_2019,,PS,Province Sud,988,98818,Nouméa,NOUMEA,0024,915,511,404,498,8,5,Ecole Chistine Boletti 2,ECOLE CHISTINE BOLETTI 2,1,PS_liste_01,15,3.01,0.792,Ecole Christine BOLETTI,10 RUE CHARLES STEINMETZ,ENSEIGNEMENT ET FORMATION,Enseignement du premier degré,Ecole pré-élémentaire,166.465990390657,-22.2661773380247,etablissements_publics_nc,63,1827,Aérodrome Sud
provinciales_2019,,PS,Province Sud,988,98818,Nouméa,NOUMEA,0024,915,511,404,498,8,5,Ecole Chistine Boletti 2,ECOLE CHISTINE BOLETTI 2,2,PS_liste_02,18,3.61,0.792,Ecole Christine BOLETTI,10 RUE CHARLES STEINMETZ,ENSEIGNEMENT ET FORMATION,Enseignement du premier degré,Ecole pré-élémentaire,166.465990390657,-22.2661773380247,etablissements_publics_nc,63,1827,Aérodrome Sud
provinciales_2019,,PS,Province Sud,988,98818,Nouméa,NOUMEA,0024,915,511,404,498,8,5,Ecole Chistine Boletti 2,ECOLE CHISTINE BOLETTI 2,3,PS_liste_03,195,39.16,0.792,Ecole Christine BOLETTI,10 RUE CHARLES STEINMETZ,ENSEIGNEMENT ET FORMATION,Enseignement du premier degré,Ecole pré-élémentaire,166.465990390657,-22.2661773380247,etablissements_publics_nc,63,1827,Aérodrome Sud
provinciales_2019,,PS,Province Sud,988,98818,Nouméa,NOUMEA,0024,915,511,404,498,8,5,Ecole Chistine Boletti 2,ECOLE CHISTINE BOLETTI 2,4,PS_liste_04,19,3.82,0.792,Ecole Christine BOLETTI,10 RUE CHARLES STEINMETZ,ENSEIGNEMENT ET FORMATION,Enseignement du premier degré,Ecole pré-élémentaire,166.465990390657,-22.2661773380247,etablissements_publics_nc,63,1827,Aérodrome Sud
provinciales_2019,,PS,Province Sud,988,98818,Nouméa,NOUMEA,0024,915,511,404,498,8,5,Ecole Chistine Boletti 2,ECOLE CHISTINE BOLETTI 2,5,PS_liste_05,3,0.6,0.792,Ecole Christine BOLETTI,10 RUE CHARLES STEINMETZ,ENSEIGNEMENT ET FORMATION,Enseignement du premier degré,Ecole pré-élémentaire,166.465990390657,-22.2661773380247,etablissements_publics_nc,63,1827,Aérodrome Sud
provinciales_2019,,PS,Province Sud,988,98818,Nouméa,NOUMEA,0024,915,511,404,498,8,5,Ecole Chistine Boletti 2,ECOLE CHISTINE BOLETTI 2,6,PS_liste_06,16,3.21,0.792,Ecole Christine BOLETTI,10 RUE CHARLES STEINMETZ,ENSEIGNEMENT ET FORMATION,Enseignement du premier degré,Ecole pré-élémentaire,166.465990390657,-22.2661773380247,etablissements_publics_nc,63,1827,Aérodrome Sud
provinciales_2019,,PS,Province Sud,988,98818,Nouméa,NOUMEA,0024,915,511,404,498,8,5,Ecole Chistine Boletti 2,ECOLE CHISTINE BOLETTI 2,7,PS_liste_07,92,18.47,0.792,Ecole Christine BOLETTI,10 RUE CHARLES STEINMETZ,ENSEIGNEMENT ET FORMATION,Enseignement du premier degré,Ecole pré-élémentaire,166.465990390657,-22.2661773380247,etablissements_publics_nc,63,1827,Aérodrome Sud
provinciales_2019,,PS,Province Sud,988,98818,Nouméa,NOUMEA,0024,915,511,404,498,8,5,Ecole Chistine Boletti 2,ECOLE CHISTINE BOLETTI 2,8,PS_liste_08,16,3.21,0.792,Ecole Christine BOLETTI,10 RUE CHARLES STEINMETZ,ENSEIGNEMENT ET FORMATION,Enseignement du premier degré,Ecole pré-élémentaire,166.465990390657,-22.2661773380247,etablissements_publics_nc,63,1827,Aérodrome Sud
provinciales_2019,,PS,Province Sud,988,98818,Nouméa,NOUMEA,0024,915,511,404,498,8,5,Ecole Chistine Boletti 2,ECOLE CHISTINE BOLETTI 2,9,PS_liste_09,19,3.82,0.792,Ecole Christine BOLETTI,10 RUE CHARLES STEINMETZ,ENSEIGNEMENT ET FORMATION,Enseignement du premier degré,Ecole pré-élémentaire,166.465990390657,-22.2661773380247,etablissements_publics_nc,63,1827,Aérodrome Sud
provinciales_2019,,PS,Province Sud,988,98818,Nouméa,NOUMEA,0024,915,511,404,498,8,5,Ecole Chistine Boletti 2,ECOLE CHISTINE BOLETTI 2,10,PS_liste_10,14,2.81,0.792,Ecole Christine BOLETTI,10 RUE CHARLES STEINMETZ,ENSEIGNEMENT ET FORMATION,Enseignement du premier degré,Ecole pré-élémentaire,166.465990390657,-22.2661773380247,etablissements_publics_nc,63,1827,Aérodrome Sud
provinciales_2019,,PS,Province Sud,988,98818,Nouméa,NOUMEA,0024,915,511,404,498,8,5,Ecole Chistine Boletti 2,ECOLE CHISTINE BOLETTI 2,11,PS_liste_11,91,18.27,0.792,Ecole Christine BOLETTI,10 RUE CHARLES STEINMETZ,ENSEIGNEMENT ET FORMATION,Enseignement du premier degré,Ecole pré-élémentaire,166.465990390657,-22.2661773380247,etablissements_publics_nc,63,1827,Aérodrome Sud
provinciales_2019,,PS,Province Sud,988,98818,Nouméa,NOUMEA,0025,888,648,240,633,14,1,Ecole Michel Cacot 1,ECOLE MICHEL CACOT 1,1,PS_liste_01,3,0.47,0.85,Ecole Michel CACOT,231 RUE ARMAND OHLEN,ENSEIGNEMENT ET FORMATION,Enseignement du premier degré,Ecole primaire,166.463652223431,-22.2662199324801,etablissements_publics_nc,62,1826,Portes de Fer - Sud
provinciales_2019,,PS,Province Sud,988,98818,Nouméa,NOUMEA,0025,888,648,240,633,14,1,Ecole Michel Cacot 1,ECOLE MICHEL CACOT 1,2,PS_liste_02,28,4.42,0.85,Ecole Michel CACOT,231 RUE ARMAND OHLEN,ENSEIGNEMENT ET FORMATION,Enseignement du premier degré,Ecole primaire,166.463652223431,-22.2662199324801,etablissements_publics_nc,62,1826,Portes de Fer - Sud
provinciales_2019,,PS,Province Sud,988,98818,Nouméa,NOUMEA,0025,888,648,240,633,14,1,Ecole Michel Cacot 1,ECOLE MICHEL CACOT 1,3,PS_liste_03,421,66.51,0.85,Ecole Michel CACOT,231 RUE ARMAND OHLEN,ENSEIGNEMENT ET FORMATION,Enseignement du premier degré,Ecole primaire,166.463652223431,-22.2662199324801,etablissements_publics_nc,62,1826,Portes de Fer - Sud
provinciales_2019,,PS,Province Sud,988,98818,Nouméa,NOUMEA,0025,888,648,240,633,14,1,Ecole Michel Cacot 1,ECOLE MICHEL CACOT 1,4,PS_liste_04,1,0.16,0.85,Ecole Michel CACOT,231 RUE ARMAND OHLEN,ENSEIGNEMENT ET FORMATION,Enseignement du premier degré,Ecole primaire,166.463652223431,-22.2662199324801,etablissements_publics_nc,62,1826,Portes de Fer - Sud
provinciales_2019,,PS,Province Sud,988,98818,Nouméa,NOUMEA,0025,888,648,240,633,14,1,Ecole Michel Cacot 1,ECOLE MICHEL CACOT 1,5,PS_liste_05,10,1.58,0.85,Ecole Michel CACOT,231 RUE ARMAND OHLEN,ENSEIGNEMENT ET FORMATION,Enseignement du premier degré,Ecole primaire,166.463652223431,-22.2662199324801,etablissements_publics_nc,62,1826,Portes de Fer - Sud
provinciales_2019,,PS,Province Sud,988,98818,Nouméa,NOUMEA,0025,888,648,240,633,14,1,Ecole Michel Cacot 1,ECOLE MICHEL CACOT 1,6,PS_liste_06,7,1.11,0.85,Ecole Michel CACOT,231 RUE ARMAND OHLEN,ENSEIGNEMENT ET FORMATION,Enseignement du premier degré,Ecole primaire,166.463652223431,-22.2662199324801,etablissements_publics_nc,62,1826,Portes de Fer - Sud
provinciales_2019,,PS,Province Sud,988,98818,Nouméa,NOUMEA,0025,888,648,240,633,14,1,Ecole Michel Cacot 1,ECOLE MICHEL CACOT 1,7,PS_liste_07,30,4.74,0.85,Ecole Michel CACOT,231 RUE ARMAND OHLEN,ENSEIGNEMENT ET FORMATION,Enseignement du premier degré,Ecole primaire,166.463652223431,-22.2662199324801,etablissements_publics_nc,62,1826,Portes de Fer - Sud
provinciales_2019,,PS,Province Sud,988,98818,Nouméa,NOUMEA,0025,888,648,240,633,14,1,Ecole Michel Cacot 1,ECOLE MICHEL CACOT 1,8,PS_liste_08,12,1.9,0.85,Ecole Michel CACOT,231 RUE ARMAND OHLEN,ENSEIGNEMENT ET FORMATION,Enseignement du premier degré,Ecole primaire,166.463652223431,-22.2662199324801,etablissements_publics_nc,62,1826,Portes de Fer - Sud
provinciales_2019,,PS,Province Sud,988,98818,Nouméa,NOUMEA,0025,888,648,240,633,14,1,Ecole Michel Cacot 1,ECOLE MICHEL CACOT 1,9,PS_liste_09,16,2.53,0.85,Ecole Michel CACOT,231 RUE ARMAND OHLEN,ENSEIGNEMENT ET FORMATION,Enseignement du premier degré,Ecole primaire,166.463652223431,-22.2662199324801,etablissements_publics_nc,62,1826,Portes de Fer - Sud
provinciales_2019,,PS,Province Sud,988,98818,Nouméa,NOUMEA,0025,888,648,240,633,14,1,Ecole Michel Cacot 1,ECOLE MICHEL CACOT 1,10,PS_liste_10,4,0.63,0.85,Ecole Michel CACOT,231 RUE ARMAND OHLEN,ENSEIGNEMENT ET FORMATION,Enseignement du premier degré,Ecole primaire,166.463652223431,-22.2662199324801,etablissements_publics_nc,62,1826,Portes de Fer - Sud
provinciales_2019,,PS,Province Sud,988,98818,Nouméa,NOUMEA,0025,888,648,240,633,14,1,Ecole Michel Cacot 1,ECOLE MICHEL CACOT 1,11,PS_liste_11,101,15.96,0.85,Ecole Michel CACOT,231 RUE ARMAND OHLEN,ENSEIGNEMENT ET FORMATION,Enseignement du premier degré,Ecole primaire,166.463652223431,-22.2662199324801,etablissements_publics_nc,62,1826,Portes de Fer - Sud
provinciales_2019,,PS,Province Sud,988,98818,Nouméa,NOUMEA,0026,807,582,225,571,6,5,Ecole Michel Cacot 2,ECOLE MICHEL CACOT 2,1,PS_liste_01,2,0.35,0.85,Ecole Michel CACOT,231 RUE ARMAND OHLEN,ENSEIGNEMENT ET FORMATION,Enseignement du premier degré,Ecole primaire,166.463652223431,-22.2662199324801,etablissements_publics_nc,62,1826,Portes de Fer - Sud
provinciales_2019,,PS,Province Sud,988,98818,Nouméa,NOUMEA,0026,807,582,225,571,6,5,Ecole Michel Cacot 2,ECOLE MICHEL CACOT 2,2,PS_liste_02,20,3.5,0.85,Ecole Michel CACOT,231 RUE ARMAND OHLEN,ENSEIGNEMENT ET FORMATION,Enseignement du premier degré,Ecole primaire,166.463652223431,-22.2662199324801,etablissements_publics_nc,62,1826,Portes de Fer - Sud
provinciales_2019,,PS,Province Sud,988,98818,Nouméa,NOUMEA,0026,807,582,225,571,6,5,Ecole Michel Cacot 2,ECOLE MICHEL CACOT 2,3,PS_liste_03,322,56.39,0.85,Ecole Michel CACOT,231 RUE ARMAND OHLEN,ENSEIGNEMENT ET FORMATION,Enseignement du premier degré,Ecole primaire,166.463652223431,-22.2662199324801,etablissements_publics_nc,62,1826,Portes de Fer - Sud
provinciales_2019,,PS,Province Sud,988,98818,Nouméa,NOUMEA,0026,807,582,225,571,6,5,Ecole Michel Cacot 2,ECOLE MICHEL CACOT 2,4,PS_liste_04,5,0.88,0.85,Ecole Michel CACOT,231 RUE ARMAND OHLEN,ENSEIGNEMENT ET FORMATION,Enseignement du premier degré,Ecole primaire,166.463652223431,-22.2662199324801,etablissements_publics_nc,62,1826,Portes de Fer - Sud
provinciales_2019,,PS,Province Sud,988,98818,Nouméa,NOUMEA,0026,807,582,225,571,6,5,Ecole Michel Cacot 2,ECOLE MICHEL CACOT 2,5,PS_liste_05,9,1.58,0.85,Ecole Michel CACOT,231 RUE ARMAND OHLEN,ENSEIGNEMENT ET FORMATION,Enseignement du premier degré,Ecole primaire,166.463652223431,-22.2662199324801,etablissements_publics_nc,62,1826,Portes de Fer - Sud
provinciales_2019,,PS,Province Sud,988,98818,Nouméa,NOUMEA,0026,807,582,225,571,6,5,Ecole Michel Cacot 2,ECOLE MICHEL CACOT 2,6,PS_liste_06,9,1.58,0.85,Ecole Michel CACOT,231 RUE ARMAND OHLEN,ENSEIGNEMENT ET FORMATION,Enseignement du premier degré,Ecole primaire,166.463652223431,-22.2662199324801,etablissements_publics_nc,62,1826,Portes de Fer - Sud
provinciales_2019,,PS,Province Sud,988,98818,Nouméa,NOUMEA,0026,807,582,225,571,6,5,Ecole Michel Cacot 2,ECOLE MICHEL CACOT 2,7,PS_liste_07,22,3.85,0.85,Ecole Michel CACOT,231 RUE ARMAND OHLEN,ENSEIGNEMENT ET FORMATION,Enseignement du premier degré,Ecole primaire,166.463652223431,-22.2662199324801,etablissements_publics_nc,62,1826,Portes de Fer - Sud
provinciales_2019,,PS,Province Sud,988,98818,Nouméa,NOUMEA,0026,807,582,225,571,6,5,Ecole Michel Cacot 2,ECOLE MICHEL CACOT 2,8,PS_liste_08,29,5.08,0.85,Ecole Michel CACOT,231 RUE ARMAND OHLEN,ENSEIGNEMENT ET FORMATION,Enseignement du premier degré,Ecole primaire,166.463652223431,-22.2662199324801,etablissements_publics_nc,62,1826,Portes de Fer - Sud
provinciales_2019,,PS,Province Sud,988,98818,Nouméa,NOUMEA,0026,807,582,225,571,6,5,Ecole Michel Cacot 2,ECOLE MICHEL CACOT 2,9,PS_liste_09,16,2.8,0.85,Ecole Michel CACOT,231 RUE ARMAND OHLEN,ENSEIGNEMENT ET FORMATION,Enseignement du premier degré,Ecole primaire,166.463652223431,-22.2662199324801,etablissements_publics_nc,62,1826,Portes de Fer - Sud
provinciales_2019,,PS,Province Sud,988,98818,Nouméa,NOUMEA,0026,807,582,225,571,6,5,Ecole Michel Cacot 2,ECOLE MICHEL CACOT 2,10,PS_liste_10,11,1.93,0.85,Ecole Michel CACOT,231 RUE ARMAND OHLEN,ENSEIGNEMENT ET FORMATION,Enseignement du premier degré,Ecole primaire,166.463652223431,-22.2662199324801,etablissements_publics_nc,62,1826,Portes de Fer - Sud
provinciales_2019,,PS,Province Sud,988,98818,Nouméa,NOUMEA,0026,807,582,225,571,6,5,Ecole Michel Cacot 2,ECOLE MICHEL CACOT 2,11,PS_liste_11,126,22.07,0.85,Ecole Michel CACOT,231 RUE ARMAND OHLEN,ENSEIGNEMENT ET FORMATION,Enseignement du premier degré,Ecole primaire,166.463652223431,-22.2662199324801,etablissements_publics_nc,62,1826,Portes de Fer - Sud
provinciales_2019,,PS,Province Sud,988,98818,Nouméa,NOUMEA,0027,847,455,392,436,12,7,Ecole C. T. de Laubarède,ECOLE C T DE LAUBAREDE,1,PS_liste_01,13,2.98,0.933,Ecole primaire Céline TEYSSANDIER DE LAUBAREDE,29 ROUTE DES DEUX VALLEES - RUE JACQUES BARRAU,ENSEIGNEMENT ET FORMATION,Enseignement du premier degré,Ecole primaire,166.445705500987,-22.2640017751327,etablissements_publics_nc,60,1824,Vallée du Tir
provinciales_2019,,PS,Province Sud,988,98818,Nouméa,NOUMEA,0027,847,455,392,436,12,7,Ecole C. T. de Laubarède,ECOLE C T DE LAUBAREDE,2,PS_liste_02,13,2.98,0.933,Ecole primaire Céline TEYSSANDIER DE LAUBAREDE,29 ROUTE DES DEUX VALLEES - RUE JACQUES BARRAU,ENSEIGNEMENT ET FORMATION,Enseignement du premier degré,Ecole primaire,166.445705500987,-22.2640017751327,etablissements_publics_nc,60,1824,Vallée du Tir
provinciales_2019,,PS,Province Sud,988,98818,Nouméa,NOUMEA,0027,847,455,392,436,12,7,Ecole C. T. de Laubarède,ECOLE C T DE LAUBAREDE,3,PS_liste_03,140,32.11,0.933,Ecole primaire Céline TEYSSANDIER DE LAUBAREDE,29 ROUTE DES DEUX VALLEES - RUE JACQUES BARRAU,ENSEIGNEMENT ET FORMATION,Enseignement du premier degré,Ecole primaire,166.445705500987,-22.2640017751327,etablissements_publics_nc,60,1824,Vallée du Tir
provinciales_2019,,PS,Province Sud,988,98818,Nouméa,NOUMEA,0027,847,455,392,436,12,7,Ecole C. T. de Laubarède,ECOLE C T DE LAUBAREDE,4,PS_liste_04,24,5.5,0.933,Ecole primaire Céline TEYSSANDIER DE LAUBAREDE,29 ROUTE DES DEUX VALLEES - RUE JACQUES BARRAU,ENSEIGNEMENT ET FORMATION,Enseignement du premier degré,Ecole primaire,166.445705500987,-22.2640017751327,etablissements_publics_nc,60,1824,Vallée du Tir
provinciales_2019,,PS,Province Sud,988,98818,Nouméa,NOUMEA,0027,847,455,392,436,12,7,Ecole C. T. de Laubarède,ECOLE C T DE LAUBAREDE,5,PS_liste_05,9,2.06,0.933,Ecole primaire Céline TEYSSANDIER DE LAUBAREDE,29 ROUTE DES DEUX VALLEES - RUE JACQUES BARRAU,ENSEIGNEMENT ET FORMATION,Enseignement du premier degré,Ecole primaire,166.445705500987,-22.2640017751327,etablissements_publics_nc,60,1824,Vallée du Tir
provinciales_2019,,PS,Province Sud,988,98818,Nouméa,NOUMEA,0027,847,455,392,436,12,7,Ecole C. T. de Laubarède,ECOLE C T DE LAUBAREDE,6,PS_liste_06,15,3.44,0.933,Ecole primaire Céline TEYSSANDIER DE LAUBAREDE,29 ROUTE DES DEUX VALLEES - RUE JACQUES BARRAU,ENSEIGNEMENT ET FORMATION,Enseignement du premier degré,Ecole primaire,166.445705500987,-22.2640017751327,etablissements_publics_nc,60,1824,Vallée du Tir
provinciales_2019,,PS,Province Sud,988,98818,Nouméa,NOUMEA,0027,847,455,392,436,12,7,Ecole C. T. de Laubarède,ECOLE C T DE LAUBAREDE,7,PS_liste_07,86,19.72,0.933,Ecole primaire Céline TEYSSANDIER DE LAUBAREDE,29 ROUTE DES DEUX VALLEES - RUE JACQUES BARRAU,ENSEIGNEMENT ET FORMATION,Enseignement du premier degré,Ecole primaire,166.445705500987,-22.2640017751327,etablissements_publics_nc,60,1824,Vallée du Tir
provinciales_2019,,PS,Province Sud,988,98818,Nouméa,NOUMEA,0027,847,455,392,436,12,7,Ecole C. T. de Laubarède,ECOLE C T DE LAUBAREDE,8,PS_liste_08,16,3.67,0.933,Ecole primaire Céline TEYSSANDIER DE LAUBAREDE,29 ROUTE DES DEUX VALLEES - RUE JACQUES BARRAU,ENSEIGNEMENT ET FORMATION,Enseignement du premier degré,Ecole primaire,166.445705500987,-22.2640017751327,etablissements_publics_nc,60,1824,Vallée du Tir
provinciales_2019,,PS,Province Sud,988,98818,Nouméa,NOUMEA,0027,847,455,392,436,12,7,Ecole C. T. de Laubarède,ECOLE C T DE LAUBAREDE,9,PS_liste_09,18,4.13,0.933,Ecole primaire Céline TEYSSANDIER DE LAUBAREDE,29 ROUTE DES DEUX VALLEES - RUE JACQUES BARRAU,ENSEIGNEMENT ET FORMATION,Enseignement du premier degré,Ecole primaire,166.445705500987,-22.2640017751327,etablissements_publics_nc,60,1824,Vallée du Tir
provinciales_2019,,PS,Province Sud,988,98818,Nouméa,NOUMEA,0027,847,455,392,436,12,7,Ecole C. T. de Laubarède,ECOLE C T DE LAUBAREDE,10,PS_liste_10,9,2.06,0.933,Ecole primaire Céline TEYSSANDIER DE LAUBAREDE,29 ROUTE DES DEUX VALLEES - RUE JACQUES BARRAU,ENSEIGNEMENT ET FORMATION,Enseignement du premier degré,Ecole primaire,166.445705500987,-22.2640017751327,etablissements_publics_nc,60,1824,Vallée du Tir
provinciales_2019,,PS,Province Sud,988,98818,Nouméa,NOUMEA,0027,847,455,392,436,12,7,Ecole C. T. de Laubarède,ECOLE C T DE LAUBAREDE,11,PS_liste_11,93,21.33,0.933,Ecole primaire Céline TEYSSANDIER DE LAUBAREDE,29 ROUTE DES DEUX VALLEES - RUE JACQUES BARRAU,ENSEIGNEMENT ET FORMATION,Enseignement du premier degré,Ecole primaire,166.445705500987,-22.2640017751327,etablissements_publics_nc,60,1824,Vallée du Tir
provinciales_2019,,PS,Province Sud,988,98818,Nouméa,NOUMEA,0028,946,494,452,474,14,6,Ecole Gustave Mouchet 1,ECOLE GUSTAVE MOUCHET 1,1,PS_liste_01,33,6.96,0.874,Ecole Gustave MOUCHET,8 RUE DES FRERES CHARPENTIER,ENSEIGNEMENT ET FORMATION,Enseignement du premier degré,Ecole primaire,166.454414703061,-22.2504501881193,etablissements_publics_nc,64,1828,Portes de Fer - Nord
provinciales_2019,,PS,Province Sud,988,98818,Nouméa,NOUMEA,0028,946,494,452,474,14,6,Ecole Gustave Mouchet 1,ECOLE GUSTAVE MOUCHET 1,2,PS_liste_02,1,0.21,0.874,Ecole Gustave MOUCHET,8 RUE DES FRERES CHARPENTIER,ENSEIGNEMENT ET FORMATION,Enseignement du premier degré,Ecole primaire,166.454414703061,-22.2504501881193,etablissements_publics_nc,64,1828,Portes de Fer - Nord
provinciales_2019,,PS,Province Sud,988,98818,Nouméa,NOUMEA,0028,946,494,452,474,14,6,Ecole Gustave Mouchet 1,ECOLE GUSTAVE MOUCHET 1,3,PS_liste_03,59,12.45,0.874,Ecole Gustave MOUCHET,8 RUE DES FRERES CHARPENTIER,ENSEIGNEMENT ET FORMATION,Enseignement du premier degré,Ecole primaire,166.454414703061,-22.2504501881193,etablissements_publics_nc,64,1828,Portes de Fer - Nord
provinciales_2019,,PS,Province Sud,988,98818,Nouméa,NOUMEA,0028,946,494,452,474,14,6,Ecole Gustave Mouchet 1,ECOLE GUSTAVE MOUCHET 1,4,PS_liste_04,41,8.65,0.874,Ecole Gustave MOUCHET,8 RUE DES FRERES CHARPENTIER,ENSEIGNEMENT ET FORMATION,Enseignement du premier degré,Ecole primaire,166.454414703061,-22.2504501881193,etablissements_publics_nc,64,1828,Portes de Fer - Nord
provinciales_2019,,PS,Province Sud,988,98818,Nouméa,NOUMEA,0028,946,494,452,474,14,6,Ecole Gustave Mouchet 1,ECOLE GUSTAVE MOUCHET 1,5,PS_liste_05,2,0.42,0.874,Ecole Gustave MOUCHET,8 RUE DES FRERES CHARPENTIER,ENSEIGNEMENT ET FORMATION,Enseignement du premier degré,Ecole primaire,166.454414703061,-22.2504501881193,etablissements_publics_nc,64,1828,Portes de Fer - Nord
provinciales_2019,,PS,Province Sud,988,98818,Nouméa,NOUMEA,0028,946,494,452,474,14,6,Ecole Gustave Mouchet 1,ECOLE GUSTAVE MOUCHET 1,6,PS_liste_06,47,9.92,0.874,Ecole Gustave MOUCHET,8 RUE DES FRERES CHARPENTIER,ENSEIGNEMENT ET FORMATION,Enseignement du premier degré,Ecole primaire,166.454414703061,-22.2504501881193,etablissements_publics_nc,64,1828,Portes de Fer - Nord
provinciales_2019,,PS,Province Sud,988,98818,Nouméa,NOUMEA,0028,946,494,452,474,14,6,Ecole Gustave Mouchet 1,ECOLE GUSTAVE MOUCHET 1,7,PS_liste_07,173,36.5,0.874,Ecole Gustave MOUCHET,8 RUE DES FRERES CHARPENTIER,ENSEIGNEMENT ET FORMATION,Enseignement du premier degré,Ecole primaire,166.454414703061,-22.2504501881193,etablissements_publics_nc,64,1828,Portes de Fer - Nord
provinciales_2019,,PS,Province Sud,988,98818,Nouméa,NOUMEA,0028,946,494,452,474,14,6,Ecole Gustave Mouchet 1,ECOLE GUSTAVE MOUCHET 1,8,PS_liste_08,15,3.16,0.874,Ecole Gustave MOUCHET,8 RUE DES FRERES CHARPENTIER,ENSEIGNEMENT ET FORMATION,Enseignement du premier degré,Ecole primaire,166.454414703061,-22.2504501881193,etablissements_publics_nc,64,1828,Portes de Fer - Nord
provinciales_2019,,PS,Province Sud,988,98818,Nouméa,NOUMEA,0028,946,494,452,474,14,6,Ecole Gustave Mouchet 1,ECOLE GUSTAVE MOUCHET 1,9,PS_liste_09,12,2.53,0.874,Ecole Gustave MOUCHET,8 RUE DES FRERES CHARPENTIER,ENSEIGNEMENT ET FORMATION,Enseignement du premier degré,Ecole primaire,166.454414703061,-22.2504501881193,etablissements_publics_nc,64,1828,Portes de Fer - Nord
provinciales_2019,,PS,Province Sud,988,98818,Nouméa,NOUMEA,0028,946,494,452,474,14,6,Ecole Gustave Mouchet 1,ECOLE GUSTAVE MOUCHET 1,10,PS_liste_10,18,3.8,0.874,Ecole Gustave MOUCHET,8 RUE DES FRERES CHARPENTIER,ENSEIGNEMENT ET FORMATION,Enseignement du premier degré,Ecole primaire,166.454414703061,-22.2504501881193,etablissements_publics_nc,64,1828,Portes de Fer - Nord
provinciales_2019,,PS,Province Sud,988,98818,Nouméa,NOUMEA,0028,946,494,452,474,14,6,Ecole Gustave Mouchet 1,ECOLE GUSTAVE MOUCHET 1,11,PS_liste_11,73,15.4,0.874,Ecole Gustave MOUCHET,8 RUE DES FRERES CHARPENTIER,ENSEIGNEMENT ET FORMATION,Enseignement du premier degré,Ecole primaire,166.454414703061,-22.2504501881193,etablissements_publics_nc,64,1828,Portes de Fer - Nord
provinciales_2019,,PS,Province Sud,988,98818,Nouméa,NOUMEA,0029,821,394,427,381,9,4,Ecole Gustave Mouchet 2,ECOLE GUSTAVE MOUCHET 2,1,PS_liste_01,22,5.77,0.874,Ecole Gustave MOUCHET,8 RUE DES FRERES CHARPENTIER,ENSEIGNEMENT ET FORMATION,Enseignement du premier degré,Ecole primaire,166.454414703061,-22.2504501881193,etablissements_publics_nc,64,1828,Portes de Fer - Nord
provinciales_2019,,PS,Province Sud,988,98818,Nouméa,NOUMEA,0029,821,394,427,381,9,4,Ecole Gustave Mouchet 2,ECOLE GUSTAVE MOUCHET 2,2,PS_liste_02,16,4.2,0.874,Ecole Gustave MOUCHET,8 RUE DES FRERES CHARPENTIER,ENSEIGNEMENT ET FORMATION,Enseignement du premier degré,Ecole primaire,166.454414703061,-22.2504501881193,etablissements_publics_nc,64,1828,Portes de Fer - Nord
provinciales_2019,,PS,Province Sud,988,98818,Nouméa,NOUMEA,0029,821,394,427,381,9,4,Ecole Gustave Mouchet 2,ECOLE GUSTAVE MOUCHET 2,3,PS_liste_03,116,30.45,0.874,Ecole Gustave MOUCHET,8 RUE DES FRERES CHARPENTIER,ENSEIGNEMENT ET FORMATION,Enseignement du premier degré,Ecole primaire,166.454414703061,-22.2504501881193,etablissements_publics_nc,64,1828,Portes de Fer - Nord
provinciales_2019,,PS,Province Sud,988,98818,Nouméa,NOUMEA,0029,821,394,427,381,9,4,Ecole Gustave Mouchet 2,ECOLE GUSTAVE MOUCHET 2,4,PS_liste_04,16,4.2,0.874,Ecole Gustave MOUCHET,8 RUE DES FRERES CHARPENTIER,ENSEIGNEMENT ET FORMATION,Enseignement du premier degré,Ecole primaire,166.454414703061,-22.2504501881193,etablissements_publics_nc,64,1828,Portes de Fer - Nord
provinciales_2019,,PS,Province Sud,988,98818,Nouméa,NOUMEA,0029,821,394,427,381,9,4,Ecole Gustave Mouchet 2,ECOLE GUSTAVE MOUCHET 2,5,PS_liste_05,7,1.84,0.874,Ecole Gustave MOUCHET,8 RUE DES FRERES CHARPENTIER,ENSEIGNEMENT ET FORMATION,Enseignement du premier degré,Ecole primaire,166.454414703061,-22.2504501881193,etablissements_publics_nc,64,1828,Portes de Fer - Nord
provinciales_2019,,PS,Province Sud,988,98818,Nouméa,NOUMEA,0029,821,394,427,381,9,4,Ecole Gustave Mouchet 2,ECOLE GUSTAVE MOUCHET 2,6,PS_liste_06,28,7.35,0.874,Ecole Gustave MOUCHET,8 RUE DES FRERES CHARPENTIER,ENSEIGNEMENT ET FORMATION,Enseignement du premier degré,Ecole primaire,166.454414703061,-22.2504501881193,etablissements_publics_nc,64,1828,Portes de Fer - Nord
provinciales_2019,,PS,Province Sud,988,98818,Nouméa,NOUMEA,0029,821,394,427,381,9,4,Ecole Gustave Mouchet 2,ECOLE GUSTAVE MOUCHET 2,7,PS_liste_07,82,21.52,0.874,Ecole Gustave MOUCHET,8 RUE DES FRERES CHARPENTIER,ENSEIGNEMENT ET FORMATION,Enseignement du premier degré,Ecole primaire,166.454414703061,-22.2504501881193,etablissements_publics_nc,64,1828,Portes de Fer - Nord
provinciales_2019,,PS,Province Sud,988,98818,Nouméa,NOUMEA,0029,821,394,427,381,9,4,Ecole Gustave Mouchet 2,ECOLE GUSTAVE MOUCHET 2,8,PS_liste_08,14,3.67,0.874,Ecole Gustave MOUCHET,8 RUE DES FRERES CHARPENTIER,ENSEIGNEMENT ET FORMATION,Enseignement du premier degré,Ecole primaire,166.454414703061,-22.2504501881193,etablissements_publics_nc,64,1828,Portes de Fer - Nord
provinciales_2019,,PS,Province Sud,988,98818,Nouméa,NOUMEA,0029,821,394,427,381,9,4,Ecole Gustave Mouchet 2,ECOLE GUSTAVE MOUCHET 2,9,PS_liste_09,6,1.57,0.874,Ecole Gustave MOUCHET,8 RUE DES FRERES CHARPENTIER,ENSEIGNEMENT ET FORMATION,Enseignement du premier degré,Ecole primaire,166.454414703061,-22.2504501881193,etablissements_publics_nc,64,1828,Portes de Fer - Nord
provinciales_2019,,PS,Province Sud,988,98818,Nouméa,NOUMEA,0029,821,394,427,381,9,4,Ecole Gustave Mouchet 2,ECOLE GUSTAVE MOUCHET 2,10,PS_liste_10,14,3.67,0.874,Ecole Gustave MOUCHET,8 RUE DES FRERES CHARPENTIER,ENSEIGNEMENT ET FORMATION,Enseignement du premier degré,Ecole primaire,166.454414703061,-22.2504501881193,etablissements_publics_nc,64,1828,Portes de Fer - Nord
provinciales_2019,,PS,Province Sud,988,98818,Nouméa,NOUMEA,0029,821,394,427,381,9,4,Ecole Gustave Mouchet 2,ECOLE GUSTAVE MOUCHET 2,11,PS_liste_11,60,15.75,0.874,Ecole Gustave MOUCHET,8 RUE DES FRERES CHARPENTIER,ENSEIGNEMENT ET FORMATION,Enseignement du premier degré,Ecole primaire,166.454414703061,-22.2504501881193,etablissements_publics_nc,64,1828,Portes de Fer - Nord
provinciales_2019,,PS,Province Sud,988,98818,Nouméa,NOUMEA,0030,1024,657,367,639,13,5,Ecole Mathilde Broquet 1,ECOLE MATHILDE BROQUET 1,1,PS_liste_01,28,4.38,0.836,Ecole Mathilde BROQUET,24 RUE PIERRE ARTIGUE,ENSEIGNEMENT ET FORMATION,Enseignement du premier degré,Ecole élémentaire,166.467549840387,-22.256293239868,etablissements_publics_nc,63,1827,Aérodrome Sud
provinciales_2019,,PS,Province Sud,988,98818,Nouméa,NOUMEA,0030,1024,657,367,639,13,5,Ecole Mathilde Broquet 1,ECOLE MATHILDE BROQUET 1,2,PS_liste_02,24,3.76,0.836,Ecole Mathilde BROQUET,24 RUE PIERRE ARTIGUE,ENSEIGNEMENT ET FORMATION,Enseignement du premier degré,Ecole élémentaire,166.467549840387,-22.256293239868,etablissements_publics_nc,63,1827,Aérodrome Sud
provinciales_2019,,PS,Province Sud,988,98818,Nouméa,NOUMEA,0030,1024,657,367,639,13,5,Ecole Mathilde Broquet 1,ECOLE MATHILDE BROQUET 1,3,PS_liste_03,269,42.1,0.836,Ecole Mathilde BROQUET,24 RUE PIERRE ARTIGUE,ENSEIGNEMENT ET FORMATION,Enseignement du premier degré,Ecole élémentaire,166.467549840387,-22.256293239868,etablissements_publics_nc,63,1827,Aérodrome Sud
provinciales_2019,,PS,Province Sud,988,98818,Nouméa,NOUMEA,0030,1024,657,367,639,13,5,Ecole Mathilde Broquet 1,ECOLE MATHILDE BROQUET 1,4,PS_liste_04,10,1.56,0.836,Ecole Mathilde BROQUET,24 RUE PIERRE ARTIGUE,ENSEIGNEMENT ET FORMATION,Enseignement du premier degré,Ecole élémentaire,166.467549840387,-22.256293239868,etablissements_publics_nc,63,1827,Aérodrome Sud
provinciales_2019,,PS,Province Sud,988,98818,Nouméa,NOUMEA,0030,1024,657,367,639,13,5,Ecole Mathilde Broquet 1,ECOLE MATHILDE BROQUET 1,5,PS_liste_05,8,1.25,0.836,Ecole Mathilde BROQUET,24 RUE PIERRE ARTIGUE,ENSEIGNEMENT ET FORMATION,Enseignement du premier degré,Ecole élémentaire,166.467549840387,-22.256293239868,etablissements_publics_nc,63,1827,Aérodrome Sud
provinciales_2019,,PS,Province Sud,988,98818,Nouméa,NOUMEA,0030,1024,657,367,639,13,5,Ecole Mathilde Broquet 1,ECOLE MATHILDE BROQUET 1,6,PS_liste_06,49,7.67,0.836,Ecole Mathilde BROQUET,24 RUE PIERRE ARTIGUE,ENSEIGNEMENT ET FORMATION,Enseignement du premier degré,Ecole élémentaire,166.467549840387,-22.256293239868,etablissements_publics_nc,63,1827,Aérodrome Sud
provinciales_2019,,PS,Province Sud,988,98818,Nouméa,NOUMEA,0030,1024,657,367,639,13,5,Ecole Mathilde Broquet 1,ECOLE MATHILDE BROQUET 1,7,PS_liste_07,68,10.64,0.836,Ecole Mathilde BROQUET,24 RUE PIERRE ARTIGUE,ENSEIGNEMENT ET FORMATION,Enseignement du premier degré,Ecole élémentaire,166.467549840387,-22.256293239868,etablissements_publics_nc,63,1827,Aérodrome Sud
provinciales_2019,,PS,Province Sud,988,98818,Nouméa,NOUMEA,0030,1024,657,367,639,13,5,Ecole Mathilde Broquet 1,ECOLE MATHILDE BROQUET 1,8,PS_liste_08,18,2.82,0.836,Ecole Mathilde BROQUET,24 RUE PIERRE ARTIGUE,ENSEIGNEMENT ET FORMATION,Enseignement du premier degré,Ecole élémentaire,166.467549840387,-22.256293239868,etablissements_publics_nc,63,1827,Aérodrome Sud
provinciales_2019,,PS,Province Sud,988,98818,Nouméa,NOUMEA,0030,1024,657,367,639,13,5,Ecole Mathilde Broquet 1,ECOLE MATHILDE BROQUET 1,9,PS_liste_09,15,2.35,0.836,Ecole Mathilde BROQUET,24 RUE PIERRE ARTIGUE,ENSEIGNEMENT ET FORMATION,Enseignement du premier degré,Ecole élémentaire,166.467549840387,-22.256293239868,etablissements_publics_nc,63,1827,Aérodrome Sud
provinciales_2019,,PS,Province Sud,988,98818,Nouméa,NOUMEA,0030,1024,657,367,639,13,5,Ecole Mathilde Broquet 1,ECOLE MATHILDE BROQUET 1,10,PS_liste_10,12,1.88,0.836,Ecole Mathilde BROQUET,24 RUE PIERRE ARTIGUE,ENSEIGNEMENT ET FORMATION,Enseignement du premier degré,Ecole élémentaire,166.467549840387,-22.256293239868,etablissements_publics_nc,63,1827,Aérodrome Sud
provinciales_2019,,PS,Province Sud,988,98818,Nouméa,NOUMEA,0030,1024,657,367,639,13,5,Ecole Mathilde Broquet 1,ECOLE MATHILDE BROQUET 1,11,PS_liste_11,138,21.6,0.836,Ecole Mathilde BROQUET,24 RUE PIERRE ARTIGUE,ENSEIGNEMENT ET FORMATION,Enseignement du premier degré,Ecole élémentaire,166.467549840387,-22.256293239868,etablissements_publics_nc,63,1827,Aérodrome Sud
provinciales_2019,,PS,Province Sud,988,98818,Nouméa,NOUMEA,0031,1056,704,352,688,10,6,Ecole Marie Courtot 1,ECOLE MARIE COURTOT 1,1,PS_liste_01,10,1.45,0.859,Ecole Marie COURTOT,234 RUE JACQUES IEKAWE,ENSEIGNEMENT ET FORMATION,Enseignement du premier degré,Ecole primaire,166.470464378859,-22.2425220070829,etablissements_publics_nc,70,1834,PK 6 Nord
provinciales_2019,,PS,Province Sud,988,98818,Nouméa,NOUMEA,0031,1056,704,352,688,10,6,Ecole Marie Courtot 1,ECOLE MARIE COURTOT 1,2,PS_liste_02,31,4.51,0.859,Ecole Marie COURTOT,234 RUE JACQUES IEKAWE,ENSEIGNEMENT ET FORMATION,Enseignement du premier degré,Ecole primaire,166.470464378859,-22.2425220070829,etablissements_publics_nc,70,1834,PK 6 Nord
provinciales_2019,,PS,Province Sud,988,98818,Nouméa,NOUMEA,0031,1056,704,352,688,10,6,Ecole Marie Courtot 1,ECOLE MARIE COURTOT 1,3,PS_liste_03,293,42.59,0.859,Ecole Marie COURTOT,234 RUE JACQUES IEKAWE,ENSEIGNEMENT ET FORMATION,Enseignement du premier degré,Ecole primaire,166.470464378859,-22.2425220070829,etablissements_publics_nc,70,1834,PK 6 Nord
provinciales_2019,,PS,Province Sud,988,98818,Nouméa,NOUMEA,0031,1056,704,352,688,10,6,Ecole Marie Courtot 1,ECOLE MARIE COURTOT 1,4,PS_liste_04,17,2.47,0.859,Ecole Marie COURTOT,234 RUE JACQUES IEKAWE,ENSEIGNEMENT ET FORMATION,Enseignement du premier degré,Ecole primaire,166.470464378859,-22.2425220070829,etablissements_publics_nc,70,1834,PK 6 Nord
provinciales_2019,,PS,Province Sud,988,98818,Nouméa,NOUMEA,0031,1056,704,352,688,10,6,Ecole Marie Courtot 1,ECOLE MARIE COURTOT 1,5,PS_liste_05,14,2.03,0.859,Ecole Marie COURTOT,234 RUE JACQUES IEKAWE,ENSEIGNEMENT ET FORMATION,Enseignement du premier degré,Ecole primaire,166.470464378859,-22.2425220070829,etablissements_publics_nc,70,1834,PK 6 Nord
provinciales_2019,,PS,Province Sud,988,98818,Nouméa,NOUMEA,0031,1056,704,352,688,10,6,Ecole Marie Courtot 1,ECOLE MARIE COURTOT 1,6,PS_liste_06,52,7.56,0.859,Ecole Marie COURTOT,234 RUE JACQUES IEKAWE,ENSEIGNEMENT ET FORMATION,Enseignement du premier degré,Ecole primaire,166.470464378859,-22.2425220070829,etablissements_publics_nc,70,1834,PK 6 Nord
provinciales_2019,,PS,Province Sud,988,98818,Nouméa,NOUMEA,0031,1056,704,352,688,10,6,Ecole Marie Courtot 1,ECOLE MARIE COURTOT 1,7,PS_liste_07,72,10.47,0.859,Ecole Marie COURTOT,234 RUE JACQUES IEKAWE,ENSEIGNEMENT ET FORMATION,Enseignement du premier degré,Ecole primaire,166.470464378859,-22.2425220070829,etablissements_publics_nc,70,1834,PK 6 Nord
provinciales_2019,,PS,Province Sud,988,98818,Nouméa,NOUMEA,0031,1056,704,352,688,10,6,Ecole Marie Courtot 1,ECOLE MARIE COURTOT 1,8,PS_liste_08,26,3.78,0.859,Ecole Marie COURTOT,234 RUE JACQUES IEKAWE,ENSEIGNEMENT ET FORMATION,Enseignement du premier degré,Ecole primaire,166.470464378859,-22.2425220070829,etablissements_publics_nc,70,1834,PK 6 Nord
provinciales_2019,,PS,Province Sud,988,98818,Nouméa,NOUMEA,0031,1056,704,352,688,10,6,Ecole Marie Courtot 1,ECOLE MARIE COURTOT 1,9,PS_liste_09,19,2.76,0.859,Ecole Marie COURTOT,234 RUE JACQUES IEKAWE,ENSEIGNEMENT ET FORMATION,Enseignement du premier degré,Ecole primaire,166.470464378859,-22.2425220070829,etablissements_publics_nc,70,1834,PK 6 Nord
provinciales_2019,,PS,Province Sud,988,98818,Nouméa,NOUMEA,0031,1056,704,352,688,10,6,Ecole Marie Courtot 1,ECOLE MARIE COURTOT 1,10,PS_liste_10,20,2.91,0.859,Ecole Marie COURTOT,234 RUE JACQUES IEKAWE,ENSEIGNEMENT ET FORMATION,Enseignement du premier degré,Ecole primaire,166.470464378859,-22.2425220070829,etablissements_publics_nc,70,1834,PK 6 Nord
provinciales_2019,,PS,Province Sud,988,98818,Nouméa,NOUMEA,0031,1056,704,352,688,10,6,Ecole Marie Courtot 1,ECOLE MARIE COURTOT 1,11,PS_liste_11,134,19.48,0.859,Ecole Marie COURTOT,234 RUE JACQUES IEKAWE,ENSEIGNEMENT ET FORMATION,Enseignement du premier degré,Ecole primaire,166.470464378859,-22.2425220070829,etablissements_publics_nc,70,1834,PK 6 Nord
provinciales_2019,,PS,Province Sud,988,98818,Nouméa,NOUMEA,0032,851,635,216,620,11,4,Ecole Marie Courtot 2,ECOLE MARIE COURTOT 2,1,PS_liste_01,2,0.32,0.859,Ecole Marie COURTOT,234 RUE JACQUES IEKAWE,ENSEIGNEMENT ET FORMATION,Enseignement du premier degré,Ecole primaire,166.470464378859,-22.2425220070829,etablissements_publics_nc,70,1834,PK 6 Nord
provinciales_2019,,PS,Province Sud,988,98818,Nouméa,NOUMEA,0032,851,635,216,620,11,4,Ecole Marie Courtot 2,ECOLE MARIE COURTOT 2,2,PS_liste_02,34,5.48,0.859,Ecole Marie COURTOT,234 RUE JACQUES IEKAWE,ENSEIGNEMENT ET FORMATION,Enseignement du premier degré,Ecole primaire,166.470464378859,-22.2425220070829,etablissements_publics_nc,70,1834,PK 6 Nord
provinciales_2019,,PS,Province Sud,988,98818,Nouméa,NOUMEA,0032,851,635,216,620,11,4,Ecole Marie Courtot 2,ECOLE MARIE COURTOT 2,3,PS_liste_03,408,65.81,0.859,Ecole Marie COURTOT,234 RUE JACQUES IEKAWE,ENSEIGNEMENT ET FORMATION,Enseignement du premier degré,Ecole primaire,166.470464378859,-22.2425220070829,etablissements_publics_nc,70,1834,PK 6 Nord
provinciales_2019,,PS,Province Sud,988,98818,Nouméa,NOUMEA,0032,851,635,216,620,11,4,Ecole Marie Courtot 2,ECOLE MARIE COURTOT 2,4,PS_liste_04,0,0,0.859,Ecole Marie COURTOT,234 RUE JACQUES IEKAWE,ENSEIGNEMENT ET FORMATION,Enseignement du premier degré,Ecole primaire,166.470464378859,-22.2425220070829,etablissements_publics_nc,70,1834,PK 6 Nord
provinciales_2019,,PS,Province Sud,988,98818,Nouméa,NOUMEA,0032,851,635,216,620,11,4,Ecole Marie Courtot 2,ECOLE MARIE COURTOT 2,5,PS_liste_05,5,0.81,0.859,Ecole Marie COURTOT,234 RUE JACQUES IEKAWE,ENSEIGNEMENT ET FORMATION,Enseignement du premier degré,Ecole primaire,166.470464378859,-22.2425220070829,etablissements_publics_nc,70,1834,PK 6 Nord
provinciales_2019,,PS,Province Sud,988,98818,Nouméa,NOUMEA,0032,851,635,216,620,11,4,Ecole Marie Courtot 2,ECOLE MARIE COURTOT 2,6,PS_liste_06,4,0.65,0.859,Ecole Marie COURTOT,234 RUE JACQUES IEKAWE,ENSEIGNEMENT ET FORMATION,Enseignement du premier degré,Ecole primaire,166.470464378859,-22.2425220070829,etablissements_publics_nc,70,1834,PK 6 Nord
provinciales_2019,,PS,Province Sud,988,98818,Nouméa,NOUMEA,0032,851,635,216,620,11,4,Ecole Marie Courtot 2,ECOLE MARIE COURTOT 2,7,PS_liste_07,14,2.26,0.859,Ecole Marie COURTOT,234 RUE JACQUES IEKAWE,ENSEIGNEMENT ET FORMATION,Enseignement du premier degré,Ecole primaire,166.470464378859,-22.2425220070829,etablissements_publics_nc,70,1834,PK 6 Nord
provinciales_2019,,PS,Province Sud,988,98818,Nouméa,NOUMEA,0032,851,635,216,620,11,4,Ecole Marie Courtot 2,ECOLE MARIE COURTOT 2,8,PS_liste_08,18,2.9,0.859,Ecole Marie COURTOT,234 RUE JACQUES IEKAWE,ENSEIGNEMENT ET FORMATION,Enseignement du premier degré,Ecole primaire,166.470464378859,-22.2425220070829,etablissements_publics_nc,70,1834,PK 6 Nord
provinciales_2019,,PS,Province Sud,988,98818,Nouméa,NOUMEA,0032,851,635,216,620,11,4,Ecole Marie Courtot 2,ECOLE MARIE COURTOT 2,9,PS_liste_09,18,2.9,0.859,Ecole Marie COURTOT,234 RUE JACQUES IEKAWE,ENSEIGNEMENT ET FORMATION,Enseignement du premier degré,Ecole primaire,166.470464378859,-22.2425220070829,etablissements_publics_nc,70,1834,PK 6 Nord
provinciales_2019,,PS,Province Sud,988,98818,Nouméa,NOUMEA,0032,851,635,216,620,11,4,Ecole Marie Courtot 2,ECOLE MARIE COURTOT 2,10,PS_liste_10,8,1.29,0.859,Ecole Marie COURTOT,234 RUE JACQUES IEKAWE,ENSEIGNEMENT ET FORMATION,Enseignement du premier degré,Ecole primaire,166.470464378859,-22.2425220070829,etablissements_publics_nc,70,1834,PK 6 Nord
provinciales_2019,,PS,Province Sud,988,98818,Nouméa,NOUMEA,0032,851,635,216,620,11,4,Ecole Marie Courtot 2,ECOLE MARIE COURTOT 2,11,PS_liste_11,109,17.58,0.859,Ecole Marie COURTOT,234 RUE JACQUES IEKAWE,ENSEIGNEMENT ET FORMATION,Enseignement du premier degré,Ecole primaire,166.470464378859,-22.2425220070829,etablissements_publics_nc,70,1834,PK 6 Nord
provinciales_2019,,PS,Province Sud,988,98818,Nouméa,NOUMEA,0033,926,569,357,546,17,6,Ecole Suzanne Berton,ECOLE SUZANNE BERTON,1,PS_liste_01,22,4.03,0.833,Ecole Robert BURCK,3 RUE DU CAPITAINE VIDAL,ENSEIGNEMENT ET FORMATION,Enseignement du premier degré,Groupe scolaire,166.463601949873,-22.2382604330193,etablissements_publics_nc,69,1833,Riviére Salée Sud
provinciales_2019,,PS,Province Sud,988,98818,Nouméa,NOUMEA,0033,926,569,357,546,17,6,Ecole Suzanne Berton,ECOLE SUZANNE BERTON,2,PS_liste_02,20,3.66,0.833,Ecole Robert BURCK,3 RUE DU CAPITAINE VIDAL,ENSEIGNEMENT ET FORMATION,Enseignement du premier degré,Groupe scolaire,166.463601949873,-22.2382604330193,etablissements_publics_nc,69,1833,Riviére Salée Sud
provinciales_2019,,PS,Province Sud,988,98818,Nouméa,NOUMEA,0033,926,569,357,546,17,6,Ecole Suzanne Berton,ECOLE SUZANNE BERTON,3,PS_liste_03,114,20.88,0.833,Ecole Robert BURCK,3 RUE DU CAPITAINE VIDAL,ENSEIGNEMENT ET FORMATION,Enseignement du premier degré,Groupe scolaire,166.463601949873,-22.2382604330193,etablissements_publics_nc,69,1833,Riviére Salée Sud
provinciales_2019,,PS,Province Sud,988,98818,Nouméa,NOUMEA,0033,926,569,357,546,17,6,Ecole Suzanne Berton,ECOLE SUZANNE BERTON,4,PS_liste_04,28,5.13,0.833,Ecole Robert BURCK,3 RUE DU CAPITAINE VIDAL,ENSEIGNEMENT ET FORMATION,Enseignement du premier degré,Groupe scolaire,166.463601949873,-22.2382604330193,etablissements_publics_nc,69,1833,Riviére Salée Sud
provinciales_2019,,PS,Province Sud,988,98818,Nouméa,NOUMEA,0033,926,569,357,546,17,6,Ecole Suzanne Berton,ECOLE SUZANNE BERTON,5,PS_liste_05,9,1.65,0.833,Ecole Robert BURCK,3 RUE DU CAPITAINE VIDAL,ENSEIGNEMENT ET FORMATION,Enseignement du premier degré,Groupe scolaire,166.463601949873,-22.2382604330193,etablissements_publics_nc,69,1833,Riviére Salée Sud
provinciales_2019,,PS,Province Sud,988,98818,Nouméa,NOUMEA,0033,926,569,357,546,17,6,Ecole Suzanne Berton,ECOLE SUZANNE BERTON,6,PS_liste_06,89,16.3,0.833,Ecole Robert BURCK,3 RUE DU CAPITAINE VIDAL,ENSEIGNEMENT ET FORMATION,Enseignement du premier degré,Groupe scolaire,166.463601949873,-22.2382604330193,etablissements_publics_nc,69,1833,Riviére Salée Sud
provinciales_2019,,PS,Province Sud,988,98818,Nouméa,NOUMEA,0033,926,569,357,546,17,6,Ecole Suzanne Berton,ECOLE SUZANNE BERTON,7,PS_liste_07,101,18.5,0.833,Ecole Robert BURCK,3 RUE DU CAPITAINE VIDAL,ENSEIGNEMENT ET FORMATION,Enseignement du premier degré,Groupe scolaire,166.463601949873,-22.2382604330193,etablissements_publics_nc,69,1833,Riviére Salée Sud
provinciales_2019,,PS,Province Sud,988,98818,Nouméa,NOUMEA,0033,926,569,357,546,17,6,Ecole Suzanne Berton,ECOLE SUZANNE BERTON,8,PS_liste_08,13,2.38,0.833,Ecole Robert BURCK,3 RUE DU CAPITAINE VIDAL,ENSEIGNEMENT ET FORMATION,Enseignement du premier degré,Groupe scolaire,166.463601949873,-22.2382604330193,etablissements_publics_nc,69,1833,Riviére Salée Sud
provinciales_2019,,PS,Province Sud,988,98818,Nouméa,NOUMEA,0033,926,569,357,546,17,6,Ecole Suzanne Berton,ECOLE SUZANNE BERTON,9,PS_liste_09,16,2.93,0.833,Ecole Robert BURCK,3 RUE DU CAPITAINE VIDAL,ENSEIGNEMENT ET FORMATION,Enseignement du premier degré,Groupe scolaire,166.463601949873,-22.2382604330193,etablissements_publics_nc,69,1833,Riviére Salée Sud
provinciales_2019,,PS,Province Sud,988,98818,Nouméa,NOUMEA,0033,926,569,357,546,17,6,Ecole Suzanne Berton,ECOLE SUZANNE BERTON,10,PS_liste_10,12,2.2,0.833,Ecole Robert BURCK,3 RUE DU CAPITAINE VIDAL,ENSEIGNEMENT ET FORMATION,Enseignement du premier degré,Groupe scolaire,166.463601949873,-22.2382604330193,etablissements_publics_nc,69,1833,Riviére Salée Sud
provinciales_2019,,PS,Province Sud,988,98818,Nouméa,NOUMEA,0033,926,569,357,546,17,6,Ecole Suzanne Berton,ECOLE SUZANNE BERTON,11,PS_liste_11,122,22.34,0.833,Ecole Robert BURCK,3 RUE DU CAPITAINE VIDAL,ENSEIGNEMENT ET FORMATION,Enseignement du premier degré,Groupe scolaire,166.463601949873,-22.2382604330193,etablissements_publics_nc,69,1833,Riviére Salée Sud
provinciales_2019,,PS,Province Sud,988,98818,Nouméa,NOUMEA,0034,866,587,279,572,12,3,Ecole Les Roses,ECOLE LES ROSES,1,PS_liste_01,22,3.85,0.633,Ecole FILANTE,8 RUE MARCELLIN LACABANNE,ENSEIGNEMENT ET FORMATION,Enseignement du premier degré,Autre structure scolaire,166.443135087106,-22.2929071476207,etablissements_publics_nc,42,1806,Motor Pool - Receiving
provinciales_2019,,PS,Province Sud,988,98818,Nouméa,NOUMEA,0034,866,587,279,572,12,3,Ecole Les Roses,ECOLE LES ROSES,2,PS_liste_02,24,4.2,0.633,Ecole FILANTE,8 RUE MARCELLIN LACABANNE,ENSEIGNEMENT ET FORMATION,Enseignement du premier degré,Autre structure scolaire,166.443135087106,-22.2929071476207,etablissements_publics_nc,42,1806,Motor Pool - Receiving
provinciales_2019,,PS,Province Sud,988,98818,Nouméa,NOUMEA,0034,866,587,279,572,12,3,Ecole Les Roses,ECOLE LES ROSES,3,PS_liste_03,221,38.64,0.633,Ecole FILANTE,8 RUE MARCELLIN LACABANNE,ENSEIGNEMENT ET FORMATION,Enseignement du premier degré,Autre structure scolaire,166.443135087106,-22.2929071476207,etablissements_publics_nc,42,1806,Motor Pool - Receiving
provinciales_2019,,PS,Province Sud,988,98818,Nouméa,NOUMEA,0034,866,587,279,572,12,3,Ecole Les Roses,ECOLE LES ROSES,4,PS_liste_04,21,3.67,0.633,Ecole FILANTE,8 RUE MARCELLIN LACABANNE,ENSEIGNEMENT ET FORMATION,Enseignement du premier degré,Autre structure scolaire,166.443135087106,-22.2929071476207,etablissements_publics_nc,42,1806,Motor Pool - Receiving
provinciales_2019,,PS,Province Sud,988,98818,Nouméa,NOUMEA,0034,866,587,279,572,12,3,Ecole Les Roses,ECOLE LES ROSES,5,PS_liste_05,12,2.1,0.633,Ecole FILANTE,8 RUE MARCELLIN LACABANNE,ENSEIGNEMENT ET FORMATION,Enseignement du premier degré,Autre structure scolaire,166.443135087106,-22.2929071476207,etablissements_publics_nc,42,1806,Motor Pool - Receiving
provinciales_2019,,PS,Province Sud,988,98818,Nouméa,NOUMEA,0034,866,587,279,572,12,3,Ecole Les Roses,ECOLE LES ROSES,6,PS_liste_06,63,11.01,0.633,Ecole FILANTE,8 RUE MARCELLIN LACABANNE,ENSEIGNEMENT ET FORMATION,Enseignement du premier degré,Autre structure scolaire,166.443135087106,-22.2929071476207,etablissements_publics_nc,42,1806,Motor Pool - Receiving
provinciales_2019,,PS,Province Sud,988,98818,Nouméa,NOUMEA,0034,866,587,279,572,12,3,Ecole Les Roses,ECOLE LES ROSES,7,PS_liste_07,62,10.84,0.633,Ecole FILANTE,8 RUE MARCELLIN LACABANNE,ENSEIGNEMENT ET FORMATION,Enseignement du premier degré,Autre structure scolaire,166.443135087106,-22.2929071476207,etablissements_publics_nc,42,1806,Motor Pool - Receiving
provinciales_2019,,PS,Province Sud,988,98818,Nouméa,NOUMEA,0034,866,587,279,572,12,3,Ecole Les Roses,ECOLE LES ROSES,8,PS_liste_08,16,2.8,0.633,Ecole FILANTE,8 RUE MARCELLIN LACABANNE,ENSEIGNEMENT ET FORMATION,Enseignement du premier degré,Autre structure scolaire,166.443135087106,-22.2929071476207,etablissements_publics_nc,42,1806,Motor Pool - Receiving
provinciales_2019,,PS,Province Sud,988,98818,Nouméa,NOUMEA,0034,866,587,279,572,12,3,Ecole Les Roses,ECOLE LES ROSES,9,PS_liste_09,16,2.8,0.633,Ecole FILANTE,8 RUE MARCELLIN LACABANNE,ENSEIGNEMENT ET FORMATION,Enseignement du premier degré,Autre structure scolaire,166.443135087106,-22.2929071476207,etablissements_publics_nc,42,1806,Motor Pool - Receiving
provinciales_2019,,PS,Province Sud,988,98818,Nouméa,NOUMEA,0034,866,587,279,572,12,3,Ecole Les Roses,ECOLE LES ROSES,10,PS_liste_10,13,2.27,0.633,Ecole FILANTE,8 RUE MARCELLIN LACABANNE,ENSEIGNEMENT ET FORMATION,Enseignement du premier degré,Autre structure scolaire,166.443135087106,-22.2929071476207,etablissements_publics_nc,42,1806,Motor Pool - Receiving
provinciales_2019,,PS,Province Sud,988,98818,Nouméa,NOUMEA,0034,866,587,279,572,12,3,Ecole Les Roses,ECOLE LES ROSES,11,PS_liste_11,102,17.83,0.633,Ecole FILANTE,8 RUE MARCELLIN LACABANNE,ENSEIGNEMENT ET FORMATION,Enseignement du premier degré,Autre structure scolaire,166.443135087106,-22.2929071476207,etablissements_publics_nc,42,1806,Motor Pool - Receiving
provinciales_2019,,PS,Province Sud,988,98818,Nouméa,NOUMEA,0035,845,547,298,531,15,1,Ecole Les Oeillets,ECOLE LES OEILLETS,1,PS_liste_01,16,3.01,0.77,Ecole FILANTE,8 RUE MARCELLIN LACABANNE,ENSEIGNEMENT ET FORMATION,Enseignement du premier degré,Autre structure scolaire,166.443135087106,-22.2929071476207,etablissements_publics_nc,42,1806,Motor Pool - Receiving
provinciales_2019,,PS,Province Sud,988,98818,Nouméa,NOUMEA,0035,845,547,298,531,15,1,Ecole Les Oeillets,ECOLE LES OEILLETS,2,PS_liste_02,14,2.64,0.77,Ecole FILANTE,8 RUE MARCELLIN LACABANNE,ENSEIGNEMENT ET FORMATION,Enseignement du premier degré,Autre structure scolaire,166.443135087106,-22.2929071476207,etablissements_publics_nc,42,1806,Motor Pool - Receiving
provinciales_2019,,PS,Province Sud,988,98818,Nouméa,NOUMEA,0035,845,547,298,531,15,1,Ecole Les Oeillets,ECOLE LES OEILLETS,3,PS_liste_03,193,36.35,0.77,Ecole FILANTE,8 RUE MARCELLIN LACABANNE,ENSEIGNEMENT ET FORMATION,Enseignement du premier degré,Autre structure scolaire,166.443135087106,-22.2929071476207,etablissements_publics_nc,42,1806,Motor Pool - Receiving
provinciales_2019,,PS,Province Sud,988,98818,Nouméa,NOUMEA,0035,845,547,298,531,15,1,Ecole Les Oeillets,ECOLE LES OEILLETS,4,PS_liste_04,17,3.2,0.77,Ecole FILANTE,8 RUE MARCELLIN LACABANNE,ENSEIGNEMENT ET FORMATION,Enseignement du premier degré,Autre structure scolaire,166.443135087106,-22.2929071476207,etablissements_publics_nc,42,1806,Motor Pool - Receiving
provinciales_2019,,PS,Province Sud,988,98818,Nouméa,NOUMEA,0035,845,547,298,531,15,1,Ecole Les Oeillets,ECOLE LES OEILLETS,5,PS_liste_05,4,0.75,0.77,Ecole FILANTE,8 RUE MARCELLIN LACABANNE,ENSEIGNEMENT ET FORMATION,Enseignement du premier degré,Autre structure scolaire,166.443135087106,-22.2929071476207,etablissements_publics_nc,42,1806,Motor Pool - Receiving
provinciales_2019,,PS,Province Sud,988,98818,Nouméa,NOUMEA,0035,845,547,298,531,15,1,Ecole Les Oeillets,ECOLE LES OEILLETS,6,PS_liste_06,67,12.62,0.77,Ecole FILANTE,8 RUE MARCELLIN LACABANNE,ENSEIGNEMENT ET FORMATION,Enseignement du premier degré,Autre structure scolaire,166.443135087106,-22.2929071476207,etablissements_publics_nc,42,1806,Motor Pool - Receiving
provinciales_2019,,PS,Province Sud,988,98818,Nouméa,NOUMEA,0035,845,547,298,531,15,1,Ecole Les Oeillets,ECOLE LES OEILLETS,7,PS_liste_07,76,14.31,0.77,Ecole FILANTE,8 RUE MARCELLIN LACABANNE,ENSEIGNEMENT ET FORMATION,Enseignement du premier degré,Autre structure scolaire,166.443135087106,-22.2929071476207,etablissements_publics_nc,42,1806,Motor Pool - Receiving
provinciales_2019,,PS,Province Sud,988,98818,Nouméa,NOUMEA,0035,845,547,298,531,15,1,Ecole Les Oeillets,ECOLE LES OEILLETS,8,PS_liste_08,12,2.26,0.77,Ecole FILANTE,8 RUE MARCELLIN LACABANNE,ENSEIGNEMENT ET FORMATION,Enseignement du premier degré,Autre structure scolaire,166.443135087106,-22.2929071476207,etablissements_publics_nc,42,1806,Motor Pool - Receiving
provinciales_2019,,PS,Province Sud,988,98818,Nouméa,NOUMEA,0035,845,547,298,531,15,1,Ecole Les Oeillets,ECOLE LES OEILLETS,9,PS_liste_09,20,3.77,0.77,Ecole FILANTE,8 RUE MARCELLIN LACABANNE,ENSEIGNEMENT ET FORMATION,Enseignement du premier degré,Autre structure scolaire,166.443135087106,-22.2929071476207,etablissements_publics_nc,42,1806,Motor Pool - Receiving
provinciales_2019,,PS,Province Sud,988,98818,Nouméa,NOUMEA,0035,845,547,298,531,15,1,Ecole Les Oeillets,ECOLE LES OEILLETS,10,PS_liste_10,5,0.94,0.77,Ecole FILANTE,8 RUE MARCELLIN LACABANNE,ENSEIGNEMENT ET FORMATION,Enseignement du premier degré,Autre structure scolaire,166.443135087106,-22.2929071476207,etablissements_publics_nc,42,1806,Motor Pool - Receiving
provinciales_2019,,PS,Province Sud,988,98818,Nouméa,NOUMEA,0035,845,547,298,531,15,1,Ecole Les Oeillets,ECOLE LES OEILLETS,11,PS_liste_11,107,20.15,0.77,Ecole FILANTE,8 RUE MARCELLIN LACABANNE,ENSEIGNEMENT ET FORMATION,Enseignement du premier degré,Autre structure scolaire,166.443135087106,-22.2929071476207,etablissements_publics_nc,42,1806,Motor Pool - Receiving
provinciales_2019,,PS,Province Sud,988,98818,Nouméa,NOUMEA,0036,828,546,282,523,17,6,Ecole Jacques Trouillot,ECOLE JACQUES TROUILLOT,1,PS_liste_01,23,4.4,0.886,Ecole Jacques TROUILLOT,15 RUE NOELAT,ENSEIGNEMENT ET FORMATION,Enseignement du premier degré,Ecole primaire,166.471000599479,-22.2283599819501,etablissements_publics_nc,74,1838,Riviére Salée Nord Est
provinciales_2019,,PS,Province Sud,988,98818,Nouméa,NOUMEA,0036,828,546,282,523,17,6,Ecole Jacques Trouillot,ECOLE JACQUES TROUILLOT,2,PS_liste_02,18,3.44,0.886,Ecole Jacques TROUILLOT,15 RUE NOELAT,ENSEIGNEMENT ET FORMATION,Enseignement du premier degré,Ecole primaire,166.471000599479,-22.2283599819501,etablissements_publics_nc,74,1838,Riviére Salée Nord Est
provinciales_2019,,PS,Province Sud,988,98818,Nouméa,NOUMEA,0036,828,546,282,523,17,6,Ecole Jacques Trouillot,ECOLE JACQUES TROUILLOT,3,PS_liste_03,173,33.08,0.886,Ecole Jacques TROUILLOT,15 RUE NOELAT,ENSEIGNEMENT ET FORMATION,Enseignement du premier degré,Ecole primaire,166.471000599479,-22.2283599819501,etablissements_publics_nc,74,1838,Riviére Salée Nord Est
provinciales_2019,,PS,Province Sud,988,98818,Nouméa,NOUMEA,0036,828,546,282,523,17,6,Ecole Jacques Trouillot,ECOLE JACQUES TROUILLOT,4,PS_liste_04,10,1.91,0.886,Ecole Jacques TROUILLOT,15 RUE NOELAT,ENSEIGNEMENT ET FORMATION,Enseignement du premier degré,Ecole primaire,166.471000599479,-22.2283599819501,etablissements_publics_nc,74,1838,Riviére Salée Nord Est
provinciales_2019,,PS,Province Sud,988,98818,Nouméa,NOUMEA,0036,828,546,282,523,17,6,Ecole Jacques Trouillot,ECOLE JACQUES TROUILLOT,5,PS_liste_05,10,1.91,0.886,Ecole Jacques TROUILLOT,15 RUE NOELAT,ENSEIGNEMENT ET FORMATION,Enseignement du premier degré,Ecole primaire,166.471000599479,-22.2283599819501,etablissements_publics_nc,74,1838,Riviére Salée Nord Est
provinciales_2019,,PS,Province Sud,988,98818,Nouméa,NOUMEA,0036,828,546,282,523,17,6,Ecole Jacques Trouillot,ECOLE JACQUES TROUILLOT,6,PS_liste_06,51,9.75,0.886,Ecole Jacques TROUILLOT,15 RUE NOELAT,ENSEIGNEMENT ET FORMATION,Enseignement du premier degré,Ecole primaire,166.471000599479,-22.2283599819501,etablissements_publics_nc,74,1838,Riviére Salée Nord Est
provinciales_2019,,PS,Province Sud,988,98818,Nouméa,NOUMEA,0036,828,546,282,523,17,6,Ecole Jacques Trouillot,ECOLE JACQUES TROUILLOT,7,PS_liste_07,106,20.27,0.886,Ecole Jacques TROUILLOT,15 RUE NOELAT,ENSEIGNEMENT ET FORMATION,Enseignement du premier degré,Ecole primaire,166.471000599479,-22.2283599819501,etablissements_publics_nc,74,1838,Riviére Salée Nord Est
provinciales_2019,,PS,Province Sud,988,98818,Nouméa,NOUMEA,0036,828,546,282,523,17,6,Ecole Jacques Trouillot,ECOLE JACQUES TROUILLOT,8,PS_liste_08,15,2.87,0.886,Ecole Jacques TROUILLOT,15 RUE NOELAT,ENSEIGNEMENT ET FORMATION,Enseignement du premier degré,Ecole primaire,166.471000599479,-22.2283599819501,etablissements_publics_nc,74,1838,Riviére Salée Nord Est
provinciales_2019,,PS,Province Sud,988,98818,Nouméa,NOUMEA,0036,828,546,282,523,17,6,Ecole Jacques Trouillot,ECOLE JACQUES TROUILLOT,9,PS_liste_09,13,2.49,0.886,Ecole Jacques TROUILLOT,15 RUE NOELAT,ENSEIGNEMENT ET FORMATION,Enseignement du premier degré,Ecole primaire,166.471000599479,-22.2283599819501,etablissements_publics_nc,74,1838,Riviére Salée Nord Est
provinciales_2019,,PS,Province Sud,988,98818,Nouméa,NOUMEA,0036,828,546,282,523,17,6,Ecole Jacques Trouillot,ECOLE JACQUES TROUILLOT,10,PS_liste_10,7,1.34,0.886,Ecole Jacques TROUILLOT,15 RUE NOELAT,ENSEIGNEMENT ET FORMATION,Enseignement du premier degré,Ecole primaire,166.471000599479,-22.2283599819501,etablissements_publics_nc,74,1838,Riviére Salée Nord Est
provinciales_2019,,PS,Province Sud,988,98818,Nouméa,NOUMEA,0036,828,546,282,523,17,6,Ecole Jacques Trouillot,ECOLE JACQUES TROUILLOT,11,PS_liste_11,97,18.55,0.886,Ecole Jacques TROUILLOT,15 RUE NOELAT,ENSEIGNEMENT ET FORMATION,Enseignement du premier degré,Ecole primaire,166.471000599479,-22.2283599819501,etablissements_publics_nc,74,1838,Riviére Salée Nord Est
provinciales_2019,,PS,Province Sud,988,98818,Nouméa,NOUMEA,0037,1076,590,486,566,21,3,Ecole Mauricette Devambez 1,ECOLE MAURICETTE DEVAMBEZ 1,1,PS_liste_01,30,5.3,0.627,Ecole Michel AMIOT,12 RUE DE PRONY,ENSEIGNEMENT ET FORMATION,Enseignement du premier degré,Ecole primaire,166.468616034294,-22.2680303864914,etablissements_publics_nc,53,1817,Magenta Est
provinciales_2019,,PS,Province Sud,988,98818,Nouméa,NOUMEA,0037,1076,590,486,566,21,3,Ecole Mauricette Devambez 1,ECOLE MAURICETTE DEVAMBEZ 1,2,PS_liste_02,11,1.94,0.627,Ecole Michel AMIOT,12 RUE DE PRONY,ENSEIGNEMENT ET FORMATION,Enseignement du premier degré,Ecole primaire,166.468616034294,-22.2680303864914,etablissements_publics_nc,53,1817,Magenta Est
provinciales_2019,,PS,Province Sud,988,98818,Nouméa,NOUMEA,0037,1076,590,486,566,21,3,Ecole Mauricette Devambez 1,ECOLE MAURICETTE DEVAMBEZ 1,3,PS_liste_03,77,13.6,0.627,Ecole Michel AMIOT,12 RUE DE PRONY,ENSEIGNEMENT ET FORMATION,Enseignement du premier degré,Ecole primaire,166.468616034294,-22.2680303864914,etablissements_publics_nc,53,1817,Magenta Est
provinciales_2019,,PS,Province Sud,988,98818,Nouméa,NOUMEA,0037,1076,590,486,566,21,3,Ecole Mauricette Devambez 1,ECOLE MAURICETTE DEVAMBEZ 1,4,PS_liste_04,23,4.06,0.627,Ecole Michel AMIOT,12 RUE DE PRONY,ENSEIGNEMENT ET FORMATION,Enseignement du premier degré,Ecole primaire,166.468616034294,-22.2680303864914,etablissements_publics_nc,53,1817,Magenta Est
provinciales_2019,,PS,Province Sud,988,98818,Nouméa,NOUMEA,0037,1076,590,486,566,21,3,Ecole Mauricette Devambez 1,ECOLE MAURICETTE DEVAMBEZ 1,5,PS_liste_05,11,1.94,0.627,Ecole Michel AMIOT,12 RUE DE PRONY,ENSEIGNEMENT ET FORMATION,Enseignement du premier degré,Ecole primaire,166.468616034294,-22.2680303864914,etablissements_publics_nc,53,1817,Magenta Est
provinciales_2019,,PS,Province Sud,988,98818,Nouméa,NOUMEA,0037,1076,590,486,566,21,3,Ecole Mauricette Devambez 1,ECOLE MAURICETTE DEVAMBEZ 1,6,PS_liste_06,110,19.43,0.627,Ecole Michel AMIOT,12 RUE DE PRONY,ENSEIGNEMENT ET FORMATION,Enseignement du premier degré,Ecole primaire,166.468616034294,-22.2680303864914,etablissements_publics_nc,53,1817,Magenta Est
provinciales_2019,,PS,Province Sud,988,98818,Nouméa,NOUMEA,0037,1076,590,486,566,21,3,Ecole Mauricette Devambez 1,ECOLE MAURICETTE DEVAMBEZ 1,7,PS_liste_07,139,24.56,0.627,Ecole Michel AMIOT,12 RUE DE PRONY,ENSEIGNEMENT ET FORMATION,Enseignement du premier degré,Ecole primaire,166.468616034294,-22.2680303864914,etablissements_publics_nc,53,1817,Magenta Est
provinciales_2019,,PS,Province Sud,988,98818,Nouméa,NOUMEA,0037,1076,590,486,566,21,3,Ecole Mauricette Devambez 1,ECOLE MAURICETTE DEVAMBEZ 1,8,PS_liste_08,10,1.77,0.627,Ecole Michel AMIOT,12 RUE DE PRONY,ENSEIGNEMENT ET FORMATION,Enseignement du premier degré,Ecole primaire,166.468616034294,-22.2680303864914,etablissements_publics_nc,53,1817,Magenta Est
provinciales_2019,,PS,Province Sud,988,98818,Nouméa,NOUMEA,0037,1076,590,486,566,21,3,Ecole Mauricette Devambez 1,ECOLE MAURICETTE DEVAMBEZ 1,9,PS_liste_09,19,3.36,0.627,Ecole Michel AMIOT,12 RUE DE PRONY,ENSEIGNEMENT ET FORMATION,Enseignement du premier degré,Ecole primaire,166.468616034294,-22.2680303864914,etablissements_publics_nc,53,1817,Magenta Est
provinciales_2019,,PS,Province Sud,988,98818,Nouméa,NOUMEA,0037,1076,590,486,566,21,3,Ecole Mauricette Devambez 1,ECOLE MAURICETTE DEVAMBEZ 1,10,PS_liste_10,37,6.54,0.627,Ecole Michel AMIOT,12 RUE DE PRONY,ENSEIGNEMENT ET FORMATION,Enseignement du premier degré,Ecole primaire,166.468616034294,-22.2680303864914,etablissements_publics_nc,53,1817,Magenta Est
provinciales_2019,,PS,Province Sud,988,98818,Nouméa,NOUMEA,0037,1076,590,486,566,21,3,Ecole Mauricette Devambez 1,ECOLE MAURICETTE DEVAMBEZ 1,11,PS_liste_11,99,17.49,0.627,Ecole Michel AMIOT,12 RUE DE PRONY,ENSEIGNEMENT ET FORMATION,Enseignement du premier degré,Ecole primaire,166.468616034294,-22.2680303864914,etablissements_publics_nc,53,1817,Magenta Est
provinciales_2019,,PS,Province Sud,988,98818,Nouméa,NOUMEA,0038,1021,665,356,650,7,8,Ecole Mauricette Devambez 2,ECOLE MAURICETTE DEVAMBEZ 2,1,PS_liste_01,15,2.31,0.627,Ecole Michel AMIOT,12 RUE DE PRONY,ENSEIGNEMENT ET FORMATION,Enseignement du premier degré,Ecole primaire,166.468616034294,-22.2680303864914,etablissements_publics_nc,53,1817,Magenta Est
provinciales_2019,,PS,Province Sud,988,98818,Nouméa,NOUMEA,0038,1021,665,356,650,7,8,Ecole Mauricette Devambez 2,ECOLE MAURICETTE DEVAMBEZ 2,2,PS_liste_02,17,2.62,0.627,Ecole Michel AMIOT,12 RUE DE PRONY,ENSEIGNEMENT ET FORMATION,Enseignement du premier degré,Ecole primaire,166.468616034294,-22.2680303864914,etablissements_publics_nc,53,1817,Magenta Est
provinciales_2019,,PS,Province Sud,988,98818,Nouméa,NOUMEA,0038,1021,665,356,650,7,8,Ecole Mauricette Devambez 2,ECOLE MAURICETTE DEVAMBEZ 2,3,PS_liste_03,295,45.38,0.627,Ecole Michel AMIOT,12 RUE DE PRONY,ENSEIGNEMENT ET FORMATION,Enseignement du premier degré,Ecole primaire,166.468616034294,-22.2680303864914,etablissements_publics_nc,53,1817,Magenta Est
provinciales_2019,,PS,Province Sud,988,98818,Nouméa,NOUMEA,0038,1021,665,356,650,7,8,Ecole Mauricette Devambez 2,ECOLE MAURICETTE DEVAMBEZ 2,4,PS_liste_04,9,1.38,0.627,Ecole Michel AMIOT,12 RUE DE PRONY,ENSEIGNEMENT ET FORMATION,Enseignement du premier degré,Ecole primaire,166.468616034294,-22.2680303864914,etablissements_publics_nc,53,1817,Magenta Est
provinciales_2019,,PS,Province Sud,988,98818,Nouméa,NOUMEA,0038,1021,665,356,650,7,8,Ecole Mauricette Devambez 2,ECOLE MAURICETTE DEVAMBEZ 2,5,PS_liste_05,14,2.15,0.627,Ecole Michel AMIOT,12 RUE DE PRONY,ENSEIGNEMENT ET FORMATION,Enseignement du premier degré,Ecole primaire,166.468616034294,-22.2680303864914,etablissements_publics_nc,53,1817,Magenta Est
provinciales_2019,,PS,Province Sud,988,98818,Nouméa,NOUMEA,0038,1021,665,356,650,7,8,Ecole Mauricette Devambez 2,ECOLE MAURICETTE DEVAMBEZ 2,6,PS_liste_06,37,5.69,0.627,Ecole Michel AMIOT,12 RUE DE PRONY,ENSEIGNEMENT ET FORMATION,Enseignement du premier degré,Ecole primaire,166.468616034294,-22.2680303864914,etablissements_publics_nc,53,1817,Magenta Est
provinciales_2019,,PS,Province Sud,988,98818,Nouméa,NOUMEA,0038,1021,665,356,650,7,8,Ecole Mauricette Devambez 2,ECOLE MAURICETTE DEVAMBEZ 2,7,PS_liste_07,88,13.54,0.627,Ecole Michel AMIOT,12 RUE DE PRONY,ENSEIGNEMENT ET FORMATION,Enseignement du premier degré,Ecole primaire,166.468616034294,-22.2680303864914,etablissements_publics_nc,53,1817,Magenta Est
provinciales_2019,,PS,Province Sud,988,98818,Nouméa,NOUMEA,0038,1021,665,356,650,7,8,Ecole Mauricette Devambez 2,ECOLE MAURICETTE DEVAMBEZ 2,8,PS_liste_08,18,2.77,0.627,Ecole Michel AMIOT,12 RUE DE PRONY,ENSEIGNEMENT ET FORMATION,Enseignement du premier degré,Ecole primaire,166.468616034294,-22.2680303864914,etablissements_publics_nc,53,1817,Magenta Est
provinciales_2019,,PS,Province Sud,988,98818,Nouméa,NOUMEA,0038,1021,665,356,650,7,8,Ecole Mauricette Devambez 2,ECOLE MAURICETTE DEVAMBEZ 2,9,PS_liste_09,14,2.15,0.627,Ecole Michel AMIOT,12 RUE DE PRONY,ENSEIGNEMENT ET FORMATION,Enseignement du premier degré,Ecole primaire,166.468616034294,-22.2680303864914,etablissements_publics_nc,53,1817,Magenta Est
provinciales_2019,,PS,Province Sud,988,98818,Nouméa,NOUMEA,0038,1021,665,356,650,7,8,Ecole Mauricette Devambez 2,ECOLE MAURICETTE DEVAMBEZ 2,10,PS_liste_10,13,2,0.627,Ecole Michel AMIOT,12 RUE DE PRONY,ENSEIGNEMENT ET FORMATION,Enseignement du premier degré,Ecole primaire,166.468616034294,-22.2680303864914,etablissements_publics_nc,53,1817,Magenta Est
provinciales_2019,,PS,Province Sud,988,98818,Nouméa,NOUMEA,0038,1021,665,356,650,7,8,Ecole Mauricette Devambez 2,ECOLE MAURICETTE DEVAMBEZ 2,11,PS_liste_11,130,20,0.627,Ecole Michel AMIOT,12 RUE DE PRONY,ENSEIGNEMENT ET FORMATION,Enseignement du premier degré,Ecole primaire,166.468616034294,-22.2680303864914,etablissements_publics_nc,53,1817,Magenta Est
provinciales_2019,,PS,Province Sud,988,98818,Nouméa,NOUMEA,0039,698,369,329,354,10,5,Ecole Adrienne Lomont 1,ECOLE ADRIENNE LOMONT 1,1,PS_liste_01,13,3.67,0.874,Ecole Adrienne LOMONT,10B RUE DU MARECHAL LYAUTEY,ENSEIGNEMENT ET FORMATION,Enseignement du premier degré,Ecole primaire,166.484157216578,-22.2206462260252,etablissements_publics_nc,76,1840,Normandie Nord
provinciales_2019,,PS,Province Sud,988,98818,Nouméa,NOUMEA,0039,698,369,329,354,10,5,Ecole Adrienne Lomont 1,ECOLE ADRIENNE LOMONT 1,2,PS_liste_02,7,1.98,0.874,Ecole Adrienne LOMONT,10B RUE DU MARECHAL LYAUTEY,ENSEIGNEMENT ET FORMATION,Enseignement du premier degré,Ecole primaire,166.484157216578,-22.2206462260252,etablissements_publics_nc,76,1840,Normandie Nord
provinciales_2019,,PS,Province Sud,988,98818,Nouméa,NOUMEA,0039,698,369,329,354,10,5,Ecole Adrienne Lomont 1,ECOLE ADRIENNE LOMONT 1,3,PS_liste_03,111,31.36,0.874,Ecole Adrienne LOMONT,10B RUE DU MARECHAL LYAUTEY,ENSEIGNEMENT ET FORMATION,Enseignement du premier degré,Ecole primaire,166.484157216578,-22.2206462260252,etablissements_publics_nc,76,1840,Normandie Nord
provinciales_2019,,PS,Province Sud,988,98818,Nouméa,NOUMEA,0039,698,369,329,354,10,5,Ecole Adrienne Lomont 1,ECOLE ADRIENNE LOMONT 1,4,PS_liste_04,10,2.82,0.874,Ecole Adrienne LOMONT,10B RUE DU MARECHAL LYAUTEY,ENSEIGNEMENT ET FORMATION,Enseignement du premier degré,Ecole primaire,166.484157216578,-22.2206462260252,etablissements_publics_nc,76,1840,Normandie Nord
provinciales_2019,,PS,Province Sud,988,98818,Nouméa,NOUMEA,0039,698,369,329,354,10,5,Ecole Adrienne Lomont 1,ECOLE ADRIENNE LOMONT 1,5,PS_liste_05,6,1.69,0.874,Ecole Adrienne LOMONT,10B RUE DU MARECHAL LYAUTEY,ENSEIGNEMENT ET FORMATION,Enseignement du premier degré,Ecole primaire,166.484157216578,-22.2206462260252,etablissements_publics_nc,76,1840,Normandie Nord
provinciales_2019,,PS,Province Sud,988,98818,Nouméa,NOUMEA,0039,698,369,329,354,10,5,Ecole Adrienne Lomont 1,ECOLE ADRIENNE LOMONT 1,6,PS_liste_06,67,18.93,0.874,Ecole Adrienne LOMONT,10B RUE DU MARECHAL LYAUTEY,ENSEIGNEMENT ET FORMATION,Enseignement du premier degré,Ecole primaire,166.484157216578,-22.2206462260252,etablissements_publics_nc,76,1840,Normandie Nord
provinciales_2019,,PS,Province Sud,988,98818,Nouméa,NOUMEA,0039,698,369,329,354,10,5,Ecole Adrienne Lomont 1,ECOLE ADRIENNE LOMONT 1,7,PS_liste_07,47,13.28,0.874,Ecole Adrienne LOMONT,10B RUE DU MARECHAL LYAUTEY,ENSEIGNEMENT ET FORMATION,Enseignement du premier degré,Ecole primaire,166.484157216578,-22.2206462260252,etablissements_publics_nc,76,1840,Normandie Nord
provinciales_2019,,PS,Province Sud,988,98818,Nouméa,NOUMEA,0039,698,369,329,354,10,5,Ecole Adrienne Lomont 1,ECOLE ADRIENNE LOMONT 1,8,PS_liste_08,2,0.56,0.874,Ecole Adrienne LOMONT,10B RUE DU MARECHAL LYAUTEY,ENSEIGNEMENT ET FORMATION,Enseignement du premier degré,Ecole primaire,166.484157216578,-22.2206462260252,etablissements_publics_nc,76,1840,Normandie Nord
provinciales_2019,,PS,Province Sud,988,98818,Nouméa,NOUMEA,0039,698,369,329,354,10,5,Ecole Adrienne Lomont 1,ECOLE ADRIENNE LOMONT 1,9,PS_liste_09,15,4.24,0.874,Ecole Adrienne LOMONT,10B RUE DU MARECHAL LYAUTEY,ENSEIGNEMENT ET FORMATION,Enseignement du premier degré,Ecole primaire,166.484157216578,-22.2206462260252,etablissements_publics_nc,76,1840,Normandie Nord
provinciales_2019,,PS,Province Sud,988,98818,Nouméa,NOUMEA,0039,698,369,329,354,10,5,Ecole Adrienne Lomont 1,ECOLE ADRIENNE LOMONT 1,10,PS_liste_10,9,2.54,0.874,Ecole Adrienne LOMONT,10B RUE DU MARECHAL LYAUTEY,ENSEIGNEMENT ET FORMATION,Enseignement du premier degré,Ecole primaire,166.484157216578,-22.2206462260252,etablissements_publics_nc,76,1840,Normandie Nord
provinciales_2019,,PS,Province Sud,988,98818,Nouméa,NOUMEA,0039,698,369,329,354,10,5,Ecole Adrienne Lomont 1,ECOLE ADRIENNE LOMONT 1,11,PS_liste_11,67,18.93,0.874,Ecole Adrienne LOMONT,10B RUE DU MARECHAL LYAUTEY,ENSEIGNEMENT ET FORMATION,Enseignement du premier degré,Ecole primaire,166.484157216578,-22.2206462260252,etablissements_publics_nc,76,1840,Normandie Nord
provinciales_2019,,PS,Province Sud,988,98818,Nouméa,NOUMEA,0040,1167,755,412,730,17,8,Ecole Adrienne Lomont 2,ECOLE ADRIENNE LOMONT 2,1,PS_liste_01,17,2.33,0.874,Ecole Adrienne LOMONT,10B RUE DU MARECHAL LYAUTEY,ENSEIGNEMENT ET FORMATION,Enseignement du premier degré,Ecole primaire,166.484157216578,-22.2206462260252,etablissements_publics_nc,76,1840,Normandie Nord
provinciales_2019,,PS,Province Sud,988,98818,Nouméa,NOUMEA,0040,1167,755,412,730,17,8,Ecole Adrienne Lomont 2,ECOLE ADRIENNE LOMONT 2,2,PS_liste_02,37,5.07,0.874,Ecole Adrienne LOMONT,10B RUE DU MARECHAL LYAUTEY,ENSEIGNEMENT ET FORMATION,Enseignement du premier degré,Ecole primaire,166.484157216578,-22.2206462260252,etablissements_publics_nc,76,1840,Normandie Nord
provinciales_2019,,PS,Province Sud,988,98818,Nouméa,NOUMEA,0040,1167,755,412,730,17,8,Ecole Adrienne Lomont 2,ECOLE ADRIENNE LOMONT 2,3,PS_liste_03,288,39.45,0.874,Ecole Adrienne LOMONT,10B RUE DU MARECHAL LYAUTEY,ENSEIGNEMENT ET FORMATION,Enseignement du premier degré,Ecole primaire,166.484157216578,-22.2206462260252,etablissements_publics_nc,76,1840,Normandie Nord
provinciales_2019,,PS,Province Sud,988,98818,Nouméa,NOUMEA,0040,1167,755,412,730,17,8,Ecole Adrienne Lomont 2,ECOLE ADRIENNE LOMONT 2,4,PS_liste_04,10,1.37,0.874,Ecole Adrienne LOMONT,10B RUE DU MARECHAL LYAUTEY,ENSEIGNEMENT ET FORMATION,Enseignement du premier degré,Ecole primaire,166.484157216578,-22.2206462260252,etablissements_publics_nc,76,1840,Normandie Nord
provinciales_2019,,PS,Province Sud,988,98818,Nouméa,NOUMEA,0040,1167,755,412,730,17,8,Ecole Adrienne Lomont 2,ECOLE ADRIENNE LOMONT 2,5,PS_liste_05,5,0.68,0.874,Ecole Adrienne LOMONT,10B RUE DU MARECHAL LYAUTEY,ENSEIGNEMENT ET FORMATION,Enseignement du premier degré,Ecole primaire,166.484157216578,-22.2206462260252,etablissements_publics_nc,76,1840,Normandie Nord
provinciales_2019,,PS,Province Sud,988,98818,Nouméa,NOUMEA,0040,1167,755,412,730,17,8,Ecole Adrienne Lomont 2,ECOLE ADRIENNE LOMONT 2,6,PS_liste_06,80,10.96,0.874,Ecole Adrienne LOMONT,10B RUE DU MARECHAL LYAUTEY,ENSEIGNEMENT ET FORMATION,Enseignement du premier degré,Ecole primaire,166.484157216578,-22.2206462260252,etablissements_publics_nc,76,1840,Normandie Nord
provinciales_2019,,PS,Province Sud,988,98818,Nouméa,NOUMEA,0040,1167,755,412,730,17,8,Ecole Adrienne Lomont 2,ECOLE ADRIENNE LOMONT 2,7,PS_liste_07,89,12.19,0.874,Ecole Adrienne LOMONT,10B RUE DU MARECHAL LYAUTEY,ENSEIGNEMENT ET FORMATION,Enseignement du premier degré,Ecole primaire,166.484157216578,-22.2206462260252,etablissements_publics_nc,76,1840,Normandie Nord
provinciales_2019,,PS,Province Sud,988,98818,Nouméa,NOUMEA,0040,1167,755,412,730,17,8,Ecole Adrienne Lomont 2,ECOLE ADRIENNE LOMONT 2,8,PS_liste_08,24,3.29,0.874,Ecole Adrienne LOMONT,10B RUE DU MARECHAL LYAUTEY,ENSEIGNEMENT ET FORMATION,Enseignement du premier degré,Ecole primaire,166.484157216578,-22.2206462260252,etablissements_publics_nc,76,1840,Normandie Nord
provinciales_2019,,PS,Province Sud,988,98818,Nouméa,NOUMEA,0040,1167,755,412,730,17,8,Ecole Adrienne Lomont 2,ECOLE ADRIENNE LOMONT 2,9,PS_liste_09,17,2.33,0.874,Ecole Adrienne LOMONT,10B RUE DU MARECHAL LYAUTEY,ENSEIGNEMENT ET FORMATION,Enseignement du premier degré,Ecole primaire,166.484157216578,-22.2206462260252,etablissements_publics_nc,76,1840,Normandie Nord
provinciales_2019,,PS,Province Sud,988,98818,Nouméa,NOUMEA,0040,1167,755,412,730,17,8,Ecole Adrienne Lomont 2,ECOLE ADRIENNE LOMONT 2,10,PS_liste_10,35,4.79,0.874,Ecole Adrienne LOMONT,10B RUE DU MARECHAL LYAUTEY,ENSEIGNEMENT ET FORMATION,Enseignement du premier degré,Ecole primaire,166.484157216578,-22.2206462260252,etablissements_publics_nc,76,1840,Normandie Nord
provinciales_2019,,PS,Province Sud,988,98818,Nouméa,NOUMEA,0040,1167,755,412,730,17,8,Ecole Adrienne Lomont 2,ECOLE ADRIENNE LOMONT 2,11,PS_liste_11,128,17.53,0.874,Ecole Adrienne LOMONT,10B RUE DU MARECHAL LYAUTEY,ENSEIGNEMENT ET FORMATION,Enseignement du premier degré,Ecole primaire,166.484157216578,-22.2206462260252,etablissements_publics_nc,76,1840,Normandie Nord
provinciales_2019,,PS,Province Sud,988,98818,Nouméa,NOUMEA,0041,943,593,350,568,18,7,Ecole Gustave Lods 1,ECOLE GUSTAVE LODS 1,1,PS_liste_01,14,2.46,0.85,Ecole Gustave LODS,63 RUE VARIN,ENSEIGNEMENT ET FORMATION,Enseignement du premier degré,Ecole primaire,166.435430928496,-22.2381371662114,etablissements_publics_nc,79,1843,Logicoop
provinciales_2019,,PS,Province Sud,988,98818,Nouméa,NOUMEA,0041,943,593,350,568,18,7,Ecole Gustave Lods 1,ECOLE GUSTAVE LODS 1,2,PS_liste_02,17,2.99,0.85,Ecole Gustave LODS,63 RUE VARIN,ENSEIGNEMENT ET FORMATION,Enseignement du premier degré,Ecole primaire,166.435430928496,-22.2381371662114,etablissements_publics_nc,79,1843,Logicoop
provinciales_2019,,PS,Province Sud,988,98818,Nouméa,NOUMEA,0041,943,593,350,568,18,7,Ecole Gustave Lods 1,ECOLE GUSTAVE LODS 1,3,PS_liste_03,168,29.58,0.85,Ecole Gustave LODS,63 RUE VARIN,ENSEIGNEMENT ET FORMATION,Enseignement du premier degré,Ecole primaire,166.435430928496,-22.2381371662114,etablissements_publics_nc,79,1843,Logicoop
provinciales_2019,,PS,Province Sud,988,98818,Nouméa,NOUMEA,0041,943,593,350,568,18,7,Ecole Gustave Lods 1,ECOLE GUSTAVE LODS 1,4,PS_liste_04,7,1.23,0.85,Ecole Gustave LODS,63 RUE VARIN,ENSEIGNEMENT ET FORMATION,Enseignement du premier degré,Ecole primaire,166.435430928496,-22.2381371662114,etablissements_publics_nc,79,1843,Logicoop
provinciales_2019,,PS,Province Sud,988,98818,Nouméa,NOUMEA,0041,943,593,350,568,18,7,Ecole Gustave Lods 1,ECOLE GUSTAVE LODS 1,5,PS_liste_05,29,5.11,0.85,Ecole Gustave LODS,63 RUE VARIN,ENSEIGNEMENT ET FORMATION,Enseignement du premier degré,Ecole primaire,166.435430928496,-22.2381371662114,etablissements_publics_nc,79,1843,Logicoop
provinciales_2019,,PS,Province Sud,988,98818,Nouméa,NOUMEA,0041,943,593,350,568,18,7,Ecole Gustave Lods 1,ECOLE GUSTAVE LODS 1,6,PS_liste_06,104,18.31,0.85,Ecole Gustave LODS,63 RUE VARIN,ENSEIGNEMENT ET FORMATION,Enseignement du premier degré,Ecole primaire,166.435430928496,-22.2381371662114,etablissements_publics_nc,79,1843,Logicoop
provinciales_2019,,PS,Province Sud,988,98818,Nouméa,NOUMEA,0041,943,593,350,568,18,7,Ecole Gustave Lods 1,ECOLE GUSTAVE LODS 1,7,PS_liste_07,64,11.27,0.85,Ecole Gustave LODS,63 RUE VARIN,ENSEIGNEMENT ET FORMATION,Enseignement du premier degré,Ecole primaire,166.435430928496,-22.2381371662114,etablissements_publics_nc,79,1843,Logicoop
provinciales_2019,,PS,Province Sud,988,98818,Nouméa,NOUMEA,0041,943,593,350,568,18,7,Ecole Gustave Lods 1,ECOLE GUSTAVE LODS 1,8,PS_liste_08,8,1.41,0.85,Ecole Gustave LODS,63 RUE VARIN,ENSEIGNEMENT ET FORMATION,Enseignement du premier degré,Ecole primaire,166.435430928496,-22.2381371662114,etablissements_publics_nc,79,1843,Logicoop
provinciales_2019,,PS,Province Sud,988,98818,Nouméa,NOUMEA,0041,943,593,350,568,18,7,Ecole Gustave Lods 1,ECOLE GUSTAVE LODS 1,9,PS_liste_09,7,1.23,0.85,Ecole Gustave LODS,63 RUE VARIN,ENSEIGNEMENT ET FORMATION,Enseignement du premier degré,Ecole primaire,166.435430928496,-22.2381371662114,etablissements_publics_nc,79,1843,Logicoop
provinciales_2019,,PS,Province Sud,988,98818,Nouméa,NOUMEA,0041,943,593,350,568,18,7,Ecole Gustave Lods 1,ECOLE GUSTAVE LODS 1,10,PS_liste_10,29,5.11,0.85,Ecole Gustave LODS,63 RUE VARIN,ENSEIGNEMENT ET FORMATION,Enseignement du premier degré,Ecole primaire,166.435430928496,-22.2381371662114,etablissements_publics_nc,79,1843,Logicoop
provinciales_2019,,PS,Province Sud,988,98818,Nouméa,NOUMEA,0041,943,593,350,568,18,7,Ecole Gustave Lods 1,ECOLE GUSTAVE LODS 1,11,PS_liste_11,121,21.3,0.85,Ecole Gustave LODS,63 RUE VARIN,ENSEIGNEMENT ET FORMATION,Enseignement du premier degré,Ecole primaire,166.435430928496,-22.2381371662114,etablissements_publics_nc,79,1843,Logicoop
provinciales_2019,,PS,Province Sud,988,98818,Nouméa,NOUMEA,0042,1110,635,475,614,10,11,Ecole Gustave Lods 2,ECOLE GUSTAVE LODS 2,1,PS_liste_01,10,1.63,0.85,Ecole Gustave LODS,63 RUE VARIN,ENSEIGNEMENT ET FORMATION,Enseignement du premier degré,Ecole primaire,166.435430928496,-22.2381371662114,etablissements_publics_nc,79,1843,Logicoop
provinciales_2019,,PS,Province Sud,988,98818,Nouméa,NOUMEA,0042,1110,635,475,614,10,11,Ecole Gustave Lods 2,ECOLE GUSTAVE LODS 2,2,PS_liste_02,25,4.07,0.85,Ecole Gustave LODS,63 RUE VARIN,ENSEIGNEMENT ET FORMATION,Enseignement du premier degré,Ecole primaire,166.435430928496,-22.2381371662114,etablissements_publics_nc,79,1843,Logicoop
provinciales_2019,,PS,Province Sud,988,98818,Nouméa,NOUMEA,0042,1110,635,475,614,10,11,Ecole Gustave Lods 2,ECOLE GUSTAVE LODS 2,3,PS_liste_03,218,35.5,0.85,Ecole Gustave LODS,63 RUE VARIN,ENSEIGNEMENT ET FORMATION,Enseignement du premier degré,Ecole primaire,166.435430928496,-22.2381371662114,etablissements_publics_nc,79,1843,Logicoop
provinciales_2019,,PS,Province Sud,988,98818,Nouméa,NOUMEA,0042,1110,635,475,614,10,11,Ecole Gustave Lods 2,ECOLE GUSTAVE LODS 2,4,PS_liste_04,24,3.91,0.85,Ecole Gustave LODS,63 RUE VARIN,ENSEIGNEMENT ET FORMATION,Enseignement du premier degré,Ecole primaire,166.435430928496,-22.2381371662114,etablissements_publics_nc,79,1843,Logicoop
provinciales_2019,,PS,Province Sud,988,98818,Nouméa,NOUMEA,0042,1110,635,475,614,10,11,Ecole Gustave Lods 2,ECOLE GUSTAVE LODS 2,5,PS_liste_05,15,2.44,0.85,Ecole Gustave LODS,63 RUE VARIN,ENSEIGNEMENT ET FORMATION,Enseignement du premier degré,Ecole primaire,166.435430928496,-22.2381371662114,etablissements_publics_nc,79,1843,Logicoop
provinciales_2019,,PS,Province Sud,988,98818,Nouméa,NOUMEA,0042,1110,635,475,614,10,11,Ecole Gustave Lods 2,ECOLE GUSTAVE LODS 2,6,PS_liste_06,70,11.4,0.85,Ecole Gustave LODS,63 RUE VARIN,ENSEIGNEMENT ET FORMATION,Enseignement du premier degré,Ecole primaire,166.435430928496,-22.2381371662114,etablissements_publics_nc,79,1843,Logicoop
provinciales_2019,,PS,Province Sud,988,98818,Nouméa,NOUMEA,0042,1110,635,475,614,10,11,Ecole Gustave Lods 2,ECOLE GUSTAVE LODS 2,7,PS_liste_07,83,13.52,0.85,Ecole Gustave LODS,63 RUE VARIN,ENSEIGNEMENT ET FORMATION,Enseignement du premier degré,Ecole primaire,166.435430928496,-22.2381371662114,etablissements_publics_nc,79,1843,Logicoop
provinciales_2019,,PS,Province Sud,988,98818,Nouméa,NOUMEA,0042,1110,635,475,614,10,11,Ecole Gustave Lods 2,ECOLE GUSTAVE LODS 2,8,PS_liste_08,14,2.28,0.85,Ecole Gustave LODS,63 RUE VARIN,ENSEIGNEMENT ET FORMATION,Enseignement du premier degré,Ecole primaire,166.435430928496,-22.2381371662114,etablissements_publics_nc,79,1843,Logicoop
provinciales_2019,,PS,Province Sud,988,98818,Nouméa,NOUMEA,0042,1110,635,475,614,10,11,Ecole Gustave Lods 2,ECOLE GUSTAVE LODS 2,9,PS_liste_09,12,1.95,0.85,Ecole Gustave LODS,63 RUE VARIN,ENSEIGNEMENT ET FORMATION,Enseignement du premier degré,Ecole primaire,166.435430928496,-22.2381371662114,etablissements_publics_nc,79,1843,Logicoop
provinciales_2019,,PS,Province Sud,988,98818,Nouméa,NOUMEA,0042,1110,635,475,614,10,11,Ecole Gustave Lods 2,ECOLE GUSTAVE LODS 2,10,PS_liste_10,17,2.77,0.85,Ecole Gustave LODS,63 RUE VARIN,ENSEIGNEMENT ET FORMATION,Enseignement du premier degré,Ecole primaire,166.435430928496,-22.2381371662114,etablissements_publics_nc,79,1843,Logicoop
provinciales_2019,,PS,Province Sud,988,98818,Nouméa,NOUMEA,0042,1110,635,475,614,10,11,Ecole Gustave Lods 2,ECOLE GUSTAVE LODS 2,11,PS_liste_11,126,20.52,0.85,Ecole Gustave LODS,63 RUE VARIN,ENSEIGNEMENT ET FORMATION,Enseignement du premier degré,Ecole primaire,166.435430928496,-22.2381371662114,etablissements_publics_nc,79,1843,Logicoop
provinciales_2019,,PS,Province Sud,988,98818,Nouméa,NOUMEA,0043,1486,820,666,796,20,4,Ecole Daniel Talon,ECOLE DANIEL TALON,1,PS_liste_01,25,3.14,0.8,Ecole Daniel TALON,5 RUE PIERRE ISSAMATRO,ENSEIGNEMENT ET FORMATION,Enseignement du premier degré,Ecole élémentaire,166.429735177846,-22.2343498153878,etablissements_publics_nc,79,1843,Logicoop
provinciales_2019,,PS,Province Sud,988,98818,Nouméa,NOUMEA,0043,1486,820,666,796,20,4,Ecole Daniel Talon,ECOLE DANIEL TALON,2,PS_liste_02,27,3.39,0.8,Ecole Daniel TALON,5 RUE PIERRE ISSAMATRO,ENSEIGNEMENT ET FORMATION,Enseignement du premier degré,Ecole élémentaire,166.429735177846,-22.2343498153878,etablissements_publics_nc,79,1843,Logicoop
provinciales_2019,,PS,Province Sud,988,98818,Nouméa,NOUMEA,0043,1486,820,666,796,20,4,Ecole Daniel Talon,ECOLE DANIEL TALON,3,PS_liste_03,156,19.6,0.8,Ecole Daniel TALON,5 RUE PIERRE ISSAMATRO,ENSEIGNEMENT ET FORMATION,Enseignement du premier degré,Ecole élémentaire,166.429735177846,-22.2343498153878,etablissements_publics_nc,79,1843,Logicoop
provinciales_2019,,PS,Province Sud,988,98818,Nouméa,NOUMEA,0043,1486,820,666,796,20,4,Ecole Daniel Talon,ECOLE DANIEL TALON,4,PS_liste_04,36,4.52,0.8,Ecole Daniel TALON,5 RUE PIERRE ISSAMATRO,ENSEIGNEMENT ET FORMATION,Enseignement du premier degré,Ecole élémentaire,166.429735177846,-22.2343498153878,etablissements_publics_nc,79,1843,Logicoop
provinciales_2019,,PS,Province Sud,988,98818,Nouméa,NOUMEA,0043,1486,820,666,796,20,4,Ecole Daniel Talon,ECOLE DANIEL TALON,5,PS_liste_05,4,0.5,0.8,Ecole Daniel TALON,5 RUE PIERRE ISSAMATRO,ENSEIGNEMENT ET FORMATION,Enseignement du premier degré,Ecole élémentaire,166.429735177846,-22.2343498153878,etablissements_publics_nc,79,1843,Logicoop
provinciales_2019,,PS,Province Sud,988,98818,Nouméa,NOUMEA,0043,1486,820,666,796,20,4,Ecole Daniel Talon,ECOLE DANIEL TALON,6,PS_liste_06,152,19.1,0.8,Ecole Daniel TALON,5 RUE PIERRE ISSAMATRO,ENSEIGNEMENT ET FORMATION,Enseignement du premier degré,Ecole élémentaire,166.429735177846,-22.2343498153878,etablissements_publics_nc,79,1843,Logicoop
provinciales_2019,,PS,Province Sud,988,98818,Nouméa,NOUMEA,0043,1486,820,666,796,20,4,Ecole Daniel Talon,ECOLE DANIEL TALON,7,PS_liste_07,170,21.36,0.8,Ecole Daniel TALON,5 RUE PIERRE ISSAMATRO,ENSEIGNEMENT ET FORMATION,Enseignement du premier degré,Ecole élémentaire,166.429735177846,-22.2343498153878,etablissements_publics_nc,79,1843,Logicoop
provinciales_2019,,PS,Province Sud,988,98818,Nouméa,NOUMEA,0043,1486,820,666,796,20,4,Ecole Daniel Talon,ECOLE DANIEL TALON,8,PS_liste_08,15,1.88,0.8,Ecole Daniel TALON,5 RUE PIERRE ISSAMATRO,ENSEIGNEMENT ET FORMATION,Enseignement du premier degré,Ecole élémentaire,166.429735177846,-22.2343498153878,etablissements_publics_nc,79,1843,Logicoop
provinciales_2019,,PS,Province Sud,988,98818,Nouméa,NOUMEA,0043,1486,820,666,796,20,4,Ecole Daniel Talon,ECOLE DANIEL TALON,9,PS_liste_09,20,2.51,0.8,Ecole Daniel TALON,5 RUE PIERRE ISSAMATRO,ENSEIGNEMENT ET FORMATION,Enseignement du premier degré,Ecole élémentaire,166.429735177846,-22.2343498153878,etablissements_publics_nc,79,1843,Logicoop
provinciales_2019,,PS,Province Sud,988,98818,Nouméa,NOUMEA,0043,1486,820,666,796,20,4,Ecole Daniel Talon,ECOLE DANIEL TALON,10,PS_liste_10,24,3.02,0.8,Ecole Daniel TALON,5 RUE PIERRE ISSAMATRO,ENSEIGNEMENT ET FORMATION,Enseignement du premier degré,Ecole élémentaire,166.429735177846,-22.2343498153878,etablissements_publics_nc,79,1843,Logicoop
provinciales_2019,,PS,Province Sud,988,98818,Nouméa,NOUMEA,0043,1486,820,666,796,20,4,Ecole Daniel Talon,ECOLE DANIEL TALON,11,PS_liste_11,167,20.98,0.8,Ecole Daniel TALON,5 RUE PIERRE ISSAMATRO,ENSEIGNEMENT ET FORMATION,Enseignement du premier degré,Ecole élémentaire,166.429735177846,-22.2343498153878,etablissements_publics_nc,79,1843,Logicoop
provinciales_2019,,PS,Province Sud,988,98818,Nouméa,NOUMEA,0044,946,502,444,494,5,3,Ecole Louise Vergès,ECOLE LOUISE VERGES,1,PS_liste_01,23,4.66,0.615,Ecole Serge LAIGLE,7 RUE GEORGES LEQUES,ENSEIGNEMENT ET FORMATION,Enseignement du premier degré,Ecole primaire,166.486016745804,-22.2343408388225,etablissements_publics_nc,71,1835,Tina
provinciales_2019,,PS,Province Sud,988,98818,Nouméa,NOUMEA,0044,946,502,444,494,5,3,Ecole Louise Vergès,ECOLE LOUISE VERGES,2,PS_liste_02,4,0.81,0.615,Ecole Serge LAIGLE,7 RUE GEORGES LEQUES,ENSEIGNEMENT ET FORMATION,Enseignement du premier degré,Ecole primaire,166.486016745804,-22.2343408388225,etablissements_publics_nc,71,1835,Tina
provinciales_2019,,PS,Province Sud,988,98818,Nouméa,NOUMEA,0044,946,502,444,494,5,3,Ecole Louise Vergès,ECOLE LOUISE VERGES,3,PS_liste_03,33,6.68,0.615,Ecole Serge LAIGLE,7 RUE GEORGES LEQUES,ENSEIGNEMENT ET FORMATION,Enseignement du premier degré,Ecole primaire,166.486016745804,-22.2343408388225,etablissements_publics_nc,71,1835,Tina
provinciales_2019,,PS,Province Sud,988,98818,Nouméa,NOUMEA,0044,946,502,444,494,5,3,Ecole Louise Vergès,ECOLE LOUISE VERGES,4,PS_liste_04,40,8.1,0.615,Ecole Serge LAIGLE,7 RUE GEORGES LEQUES,ENSEIGNEMENT ET FORMATION,Enseignement du premier degré,Ecole primaire,166.486016745804,-22.2343408388225,etablissements_publics_nc,71,1835,Tina
provinciales_2019,,PS,Province Sud,988,98818,Nouméa,NOUMEA,0044,946,502,444,494,5,3,Ecole Louise Vergès,ECOLE LOUISE VERGES,5,PS_liste_05,3,0.61,0.615,Ecole Serge LAIGLE,7 RUE GEORGES LEQUES,ENSEIGNEMENT ET FORMATION,Enseignement du premier degré,Ecole primaire,166.486016745804,-22.2343408388225,etablissements_publics_nc,71,1835,Tina
provinciales_2019,,PS,Province Sud,988,98818,Nouméa,NOUMEA,0044,946,502,444,494,5,3,Ecole Louise Vergès,ECOLE LOUISE VERGES,6,PS_liste_06,91,18.42,0.615,Ecole Serge LAIGLE,7 RUE GEORGES LEQUES,ENSEIGNEMENT ET FORMATION,Enseignement du premier degré,Ecole primaire,166.486016745804,-22.2343408388225,etablissements_publics_nc,71,1835,Tina
provinciales_2019,,PS,Province Sud,988,98818,Nouméa,NOUMEA,0044,946,502,444,494,5,3,Ecole Louise Vergès,ECOLE LOUISE VERGES,7,PS_liste_07,159,32.19,0.615,Ecole Serge LAIGLE,7 RUE GEORGES LEQUES,ENSEIGNEMENT ET FORMATION,Enseignement du premier degré,Ecole primaire,166.486016745804,-22.2343408388225,etablissements_publics_nc,71,1835,Tina
provinciales_2019,,PS,Province Sud,988,98818,Nouméa,NOUMEA,0044,946,502,444,494,5,3,Ecole Louise Vergès,ECOLE LOUISE VERGES,8,PS_liste_08,3,0.61,0.615,Ecole Serge LAIGLE,7 RUE GEORGES LEQUES,ENSEIGNEMENT ET FORMATION,Enseignement du premier degré,Ecole primaire,166.486016745804,-22.2343408388225,etablissements_publics_nc,71,1835,Tina
provinciales_2019,,PS,Province Sud,988,98818,Nouméa,NOUMEA,0044,946,502,444,494,5,3,Ecole Louise Vergès,ECOLE LOUISE VERGES,9,PS_liste_09,10,2.02,0.615,Ecole Serge LAIGLE,7 RUE GEORGES LEQUES,ENSEIGNEMENT ET FORMATION,Enseignement du premier degré,Ecole primaire,166.486016745804,-22.2343408388225,etablissements_publics_nc,71,1835,Tina
provinciales_2019,,PS,Province Sud,988,98818,Nouméa,NOUMEA,0044,946,502,444,494,5,3,Ecole Louise Vergès,ECOLE LOUISE VERGES,10,PS_liste_10,15,3.04,0.615,Ecole Serge LAIGLE,7 RUE GEORGES LEQUES,ENSEIGNEMENT ET FORMATION,Enseignement du premier degré,Ecole primaire,166.486016745804,-22.2343408388225,etablissements_publics_nc,71,1835,Tina
provinciales_2019,,PS,Province Sud,988,98818,Nouméa,NOUMEA,0044,946,502,444,494,5,3,Ecole Louise Vergès,ECOLE LOUISE VERGES,11,PS_liste_11,113,22.87,0.615,Ecole Serge LAIGLE,7 RUE GEORGES LEQUES,ENSEIGNEMENT ET FORMATION,Enseignement du premier degré,Ecole primaire,166.486016745804,-22.2343408388225,etablissements_publics_nc,71,1835,Tina
provinciales_2019,,PS,Province Sud,988,98818,Nouméa,NOUMEA,0045,1168,739,429,728,11,0,Ecole Mathilde Broquet 2,ECOLE MATHILDE BROQUET 2,1,PS_liste_01,9,1.24,0.836,Ecole Mathilde BROQUET,24 RUE PIERRE ARTIGUE,ENSEIGNEMENT ET FORMATION,Enseignement du premier degré,Ecole élémentaire,166.467549840387,-22.256293239868,etablissements_publics_nc,63,1827,Aérodrome Sud
provinciales_2019,,PS,Province Sud,988,98818,Nouméa,NOUMEA,0045,1168,739,429,728,11,0,Ecole Mathilde Broquet 2,ECOLE MATHILDE BROQUET 2,2,PS_liste_02,22,3.02,0.836,Ecole Mathilde BROQUET,24 RUE PIERRE ARTIGUE,ENSEIGNEMENT ET FORMATION,Enseignement du premier degré,Ecole élémentaire,166.467549840387,-22.256293239868,etablissements_publics_nc,63,1827,Aérodrome Sud
provinciales_2019,,PS,Province Sud,988,98818,Nouméa,NOUMEA,0045,1168,739,429,728,11,0,Ecole Mathilde Broquet 2,ECOLE MATHILDE BROQUET 2,3,PS_liste_03,386,53.02,0.836,Ecole Mathilde BROQUET,24 RUE PIERRE ARTIGUE,ENSEIGNEMENT ET FORMATION,Enseignement du premier degré,Ecole élémentaire,166.467549840387,-22.256293239868,etablissements_publics_nc,63,1827,Aérodrome Sud
provinciales_2019,,PS,Province Sud,988,98818,Nouméa,NOUMEA,0045,1168,739,429,728,11,0,Ecole Mathilde Broquet 2,ECOLE MATHILDE BROQUET 2,4,PS_liste_04,18,2.47,0.836,Ecole Mathilde BROQUET,24 RUE PIERRE ARTIGUE,ENSEIGNEMENT ET FORMATION,Enseignement du premier degré,Ecole élémentaire,166.467549840387,-22.256293239868,etablissements_publics_nc,63,1827,Aérodrome Sud
provinciales_2019,,PS,Province Sud,988,98818,Nouméa,NOUMEA,0045,1168,739,429,728,11,0,Ecole Mathilde Broquet 2,ECOLE MATHILDE BROQUET 2,5,PS_liste_05,9,1.24,0.836,Ecole Mathilde BROQUET,24 RUE PIERRE ARTIGUE,ENSEIGNEMENT ET FORMATION,Enseignement du premier degré,Ecole élémentaire,166.467549840387,-22.256293239868,etablissements_publics_nc,63,1827,Aérodrome Sud
provinciales_2019,,PS,Province Sud,988,98818,Nouméa,NOUMEA,0045,1168,739,429,728,11,0,Ecole Mathilde Broquet 2,ECOLE MATHILDE BROQUET 2,6,PS_liste_06,36,4.95,0.836,Ecole Mathilde BROQUET,24 RUE PIERRE ARTIGUE,ENSEIGNEMENT ET FORMATION,Enseignement du premier degré,Ecole élémentaire,166.467549840387,-22.256293239868,etablissements_publics_nc,63,1827,Aérodrome Sud
provinciales_2019,,PS,Province Sud,988,98818,Nouméa,NOUMEA,0045,1168,739,429,728,11,0,Ecole Mathilde Broquet 2,ECOLE MATHILDE BROQUET 2,7,PS_liste_07,85,11.68,0.836,Ecole Mathilde BROQUET,24 RUE PIERRE ARTIGUE,ENSEIGNEMENT ET FORMATION,Enseignement du premier degré,Ecole élémentaire,166.467549840387,-22.256293239868,etablissements_publics_nc,63,1827,Aérodrome Sud
provinciales_2019,,PS,Province Sud,988,98818,Nouméa,NOUMEA,0045,1168,739,429,728,11,0,Ecole Mathilde Broquet 2,ECOLE MATHILDE BROQUET 2,8,PS_liste_08,24,3.3,0.836,Ecole Mathilde BROQUET,24 RUE PIERRE ARTIGUE,ENSEIGNEMENT ET FORMATION,Enseignement du premier degré,Ecole élémentaire,166.467549840387,-22.256293239868,etablissements_publics_nc,63,1827,Aérodrome Sud
provinciales_2019,,PS,Province Sud,988,98818,Nouméa,NOUMEA,0045,1168,739,429,728,11,0,Ecole Mathilde Broquet 2,ECOLE MATHILDE BROQUET 2,9,PS_liste_09,14,1.92,0.836,Ecole Mathilde BROQUET,24 RUE PIERRE ARTIGUE,ENSEIGNEMENT ET FORMATION,Enseignement du premier degré,Ecole élémentaire,166.467549840387,-22.256293239868,etablissements_publics_nc,63,1827,Aérodrome Sud
provinciales_2019,,PS,Province Sud,988,98818,Nouméa,NOUMEA,0045,1168,739,429,728,11,0,Ecole Mathilde Broquet 2,ECOLE MATHILDE BROQUET 2,10,PS_liste_10,10,1.37,0.836,Ecole Mathilde BROQUET,24 RUE PIERRE ARTIGUE,ENSEIGNEMENT ET FORMATION,Enseignement du premier degré,Ecole élémentaire,166.467549840387,-22.256293239868,etablissements_publics_nc,63,1827,Aérodrome Sud
provinciales_2019,,PS,Province Sud,988,98818,Nouméa,NOUMEA,0045,1168,739,429,728,11,0,Ecole Mathilde Broquet 2,ECOLE MATHILDE BROQUET 2,11,PS_liste_11,115,15.8,0.836,Ecole Mathilde BROQUET,24 RUE PIERRE ARTIGUE,ENSEIGNEMENT ET FORMATION,Enseignement du premier degré,Ecole élémentaire,166.467549840387,-22.256293239868,etablissements_publics_nc,63,1827,Aérodrome Sud
provinciales_2019,,PS,Province Sud,988,98818,Nouméa,NOUMEA,0046,546,413,133,410,2,1,Ecole Yvonne Dupont 2,ECOLE YVONNE DUPONT 2,1,PS_liste_01,0,0,0.98,Parc école Yvonne DUPONT,2 RUE MARCELLIN LACABANNE,PARC ESPACE PUBLIC ET LOISIR,Parcs et espaces verts,Parc,166.442173657352,-22.2926748814035,etablissements_publics_nc,42,1806,Motor Pool - Receiving
provinciales_2019,,PS,Province Sud,988,98818,Nouméa,NOUMEA,0046,546,413,133,410,2,1,Ecole Yvonne Dupont 2,ECOLE YVONNE DUPONT 2,2,PS_liste_02,22,5.37,0.98,Parc école Yvonne DUPONT,2 RUE MARCELLIN LACABANNE,PARC ESPACE PUBLIC ET LOISIR,Parcs et espaces verts,Parc,166.442173657352,-22.2926748814035,etablissements_publics_nc,42,1806,Motor Pool - Receiving
provinciales_2019,,PS,Province Sud,988,98818,Nouméa,NOUMEA,0046,546,413,133,410,2,1,Ecole Yvonne Dupont 2,ECOLE YVONNE DUPONT 2,3,PS_liste_03,264,64.39,0.98,Parc école Yvonne DUPONT,2 RUE MARCELLIN LACABANNE,PARC ESPACE PUBLIC ET LOISIR,Parcs et espaces verts,Parc,166.442173657352,-22.2926748814035,etablissements_publics_nc,42,1806,Motor Pool - Receiving
provinciales_2019,,PS,Province Sud,988,98818,Nouméa,NOUMEA,0046,546,413,133,410,2,1,Ecole Yvonne Dupont 2,ECOLE YVONNE DUPONT 2,4,PS_liste_04,0,0,0.98,Parc école Yvonne DUPONT,2 RUE MARCELLIN LACABANNE,PARC ESPACE PUBLIC ET LOISIR,Parcs et espaces verts,Parc,166.442173657352,-22.2926748814035,etablissements_publics_nc,42,1806,Motor Pool - Receiving
provinciales_2019,,PS,Province Sud,988,98818,Nouméa,NOUMEA,0046,546,413,133,410,2,1,Ecole Yvonne Dupont 2,ECOLE YVONNE DUPONT 2,5,PS_liste_05,3,0.73,0.98,Parc école Yvonne DUPONT,2 RUE MARCELLIN LACABANNE,PARC ESPACE PUBLIC ET LOISIR,Parcs et espaces verts,Parc,166.442173657352,-22.2926748814035,etablissements_publics_nc,42,1806,Motor Pool - Receiving
provinciales_2019,,PS,Province Sud,988,98818,Nouméa,NOUMEA,0046,546,413,133,410,2,1,Ecole Yvonne Dupont 2,ECOLE YVONNE DUPONT 2,6,PS_liste_06,5,1.22,0.98,Parc école Yvonne DUPONT,2 RUE MARCELLIN LACABANNE,PARC ESPACE PUBLIC ET LOISIR,Parcs et espaces verts,Parc,166.442173657352,-22.2926748814035,etablissements_publics_nc,42,1806,Motor Pool - Receiving
provinciales_2019,,PS,Province Sud,988,98818,Nouméa,NOUMEA,0046,546,413,133,410,2,1,Ecole Yvonne Dupont 2,ECOLE YVONNE DUPONT 2,7,PS_liste_07,3,0.73,0.98,Parc école Yvonne DUPONT,2 RUE MARCELLIN LACABANNE,PARC ESPACE PUBLIC ET LOISIR,Parcs et espaces verts,Parc,166.442173657352,-22.2926748814035,etablissements_publics_nc,42,1806,Motor Pool - Receiving
provinciales_2019,,PS,Province Sud,988,98818,Nouméa,NOUMEA,0046,546,413,133,410,2,1,Ecole Yvonne Dupont 2,ECOLE YVONNE DUPONT 2,8,PS_liste_08,15,3.66,0.98,Parc école Yvonne DUPONT,2 RUE MARCELLIN LACABANNE,PARC ESPACE PUBLIC ET LOISIR,Parcs et espaces verts,Parc,166.442173657352,-22.2926748814035,etablissements_publics_nc,42,1806,Motor Pool - Receiving
provinciales_2019,,PS,Province Sud,988,98818,Nouméa,NOUMEA,0046,546,413,133,410,2,1,Ecole Yvonne Dupont 2,ECOLE YVONNE DUPONT 2,9,PS_liste_09,8,1.95,0.98,Parc école Yvonne DUPONT,2 RUE MARCELLIN LACABANNE,PARC ESPACE PUBLIC ET LOISIR,Parcs et espaces verts,Parc,166.442173657352,-22.2926748814035,etablissements_publics_nc,42,1806,Motor Pool - Receiving
provinciales_2019,,PS,Province Sud,988,98818,Nouméa,NOUMEA,0046,546,413,133,410,2,1,Ecole Yvonne Dupont 2,ECOLE YVONNE DUPONT 2,10,PS_liste_10,2,0.49,0.98,Parc école Yvonne DUPONT,2 RUE MARCELLIN LACABANNE,PARC ESPACE PUBLIC ET LOISIR,Parcs et espaces verts,Parc,166.442173657352,-22.2926748814035,etablissements_publics_nc,42,1806,Motor Pool - Receiving
provinciales_2019,,PS,Province Sud,988,98818,Nouméa,NOUMEA,0046,546,413,133,410,2,1,Ecole Yvonne Dupont 2,ECOLE YVONNE DUPONT 2,11,PS_liste_11,88,21.46,0.98,Parc école Yvonne DUPONT,2 RUE MARCELLIN LACABANNE,PARC ESPACE PUBLIC ET LOISIR,Parcs et espaces verts,Parc,166.442173657352,-22.2926748814035,etablissements_publics_nc,42,1806,Motor Pool - Receiving
provinciales_2019,,PS,Province Sud,988,98818,Nouméa,NOUMEA,0047,737,529,208,522,5,2,Ecole Paul Boyer 2,ECOLE PAUL BOYER 2,1,PS_liste_01,0,0,0.812,Ecole Paul BOYER,10 RUE BOUGAINVILLE,ENSEIGNEMENT ET FORMATION,Enseignement du premier degré,Groupe scolaire,166.452482969153,-22.2781620536236,etablissements_publics_nc,47,1811,Faubourg Blanchot
provinciales_2019,,PS,Province Sud,988,98818,Nouméa,NOUMEA,0047,737,529,208,522,5,2,Ecole Paul Boyer 2,ECOLE PAUL BOYER 2,2,PS_liste_02,26,4.98,0.812,Ecole Paul BOYER,10 RUE BOUGAINVILLE,ENSEIGNEMENT ET FORMATION,Enseignement du premier degré,Groupe scolaire,166.452482969153,-22.2781620536236,etablissements_publics_nc,47,1811,Faubourg Blanchot
provinciales_2019,,PS,Province Sud,988,98818,Nouméa,NOUMEA,0047,737,529,208,522,5,2,Ecole Paul Boyer 2,ECOLE PAUL BOYER 2,3,PS_liste_03,340,65.13,0.812,Ecole Paul BOYER,10 RUE BOUGAINVILLE,ENSEIGNEMENT ET FORMATION,Enseignement du premier degré,Groupe scolaire,166.452482969153,-22.2781620536236,etablissements_publics_nc,47,1811,Faubourg Blanchot
provinciales_2019,,PS,Province Sud,988,98818,Nouméa,NOUMEA,0047,737,529,208,522,5,2,Ecole Paul Boyer 2,ECOLE PAUL BOYER 2,4,PS_liste_04,0,0,0.812,Ecole Paul BOYER,10 RUE BOUGAINVILLE,ENSEIGNEMENT ET FORMATION,Enseignement du premier degré,Groupe scolaire,166.452482969153,-22.2781620536236,etablissements_publics_nc,47,1811,Faubourg Blanchot
provinciales_2019,,PS,Province Sud,988,98818,Nouméa,NOUMEA,0047,737,529,208,522,5,2,Ecole Paul Boyer 2,ECOLE PAUL BOYER 2,5,PS_liste_05,4,0.77,0.812,Ecole Paul BOYER,10 RUE BOUGAINVILLE,ENSEIGNEMENT ET FORMATION,Enseignement du premier degré,Groupe scolaire,166.452482969153,-22.2781620536236,etablissements_publics_nc,47,1811,Faubourg Blanchot
provinciales_2019,,PS,Province Sud,988,98818,Nouméa,NOUMEA,0047,737,529,208,522,5,2,Ecole Paul Boyer 2,ECOLE PAUL BOYER 2,6,PS_liste_06,6,1.15,0.812,Ecole Paul BOYER,10 RUE BOUGAINVILLE,ENSEIGNEMENT ET FORMATION,Enseignement du premier degré,Groupe scolaire,166.452482969153,-22.2781620536236,etablissements_publics_nc,47,1811,Faubourg Blanchot
provinciales_2019,,PS,Province Sud,988,98818,Nouméa,NOUMEA,0047,737,529,208,522,5,2,Ecole Paul Boyer 2,ECOLE PAUL BOYER 2,7,PS_liste_07,10,1.92,0.812,Ecole Paul BOYER,10 RUE BOUGAINVILLE,ENSEIGNEMENT ET FORMATION,Enseignement du premier degré,Groupe scolaire,166.452482969153,-22.2781620536236,etablissements_publics_nc,47,1811,Faubourg Blanchot
provinciales_2019,,PS,Province Sud,988,98818,Nouméa,NOUMEA,0047,737,529,208,522,5,2,Ecole Paul Boyer 2,ECOLE PAUL BOYER 2,8,PS_liste_08,25,4.79,0.812,Ecole Paul BOYER,10 RUE BOUGAINVILLE,ENSEIGNEMENT ET FORMATION,Enseignement du premier degré,Groupe scolaire,166.452482969153,-22.2781620536236,etablissements_publics_nc,47,1811,Faubourg Blanchot
provinciales_2019,,PS,Province Sud,988,98818,Nouméa,NOUMEA,0047,737,529,208,522,5,2,Ecole Paul Boyer 2,ECOLE PAUL BOYER 2,9,PS_liste_09,17,3.26,0.812,Ecole Paul BOYER,10 RUE BOUGAINVILLE,ENSEIGNEMENT ET FORMATION,Enseignement du premier degré,Groupe scolaire,166.452482969153,-22.2781620536236,etablissements_publics_nc,47,1811,Faubourg Blanchot
provinciales_2019,,PS,Province Sud,988,98818,Nouméa,NOUMEA,0047,737,529,208,522,5,2,Ecole Paul Boyer 2,ECOLE PAUL BOYER 2,10,PS_liste_10,4,0.77,0.812,Ecole Paul BOYER,10 RUE BOUGAINVILLE,ENSEIGNEMENT ET FORMATION,Enseignement du premier degré,Groupe scolaire,166.452482969153,-22.2781620536236,etablissements_publics_nc,47,1811,Faubourg Blanchot
provinciales_2019,,PS,Province Sud,988,98818,Nouméa,NOUMEA,0047,737,529,208,522,5,2,Ecole Paul Boyer 2,ECOLE PAUL BOYER 2,11,PS_liste_11,90,17.24,0.812,Ecole Paul BOYER,10 RUE BOUGAINVILLE,ENSEIGNEMENT ET FORMATION,Enseignement du premier degré,Groupe scolaire,166.452482969153,-22.2781620536236,etablissements_publics_nc,47,1811,Faubourg Blanchot
provinciales_2019,,PS,Province Sud,988,98818,Nouméa,NOUMEA,0048,844,504,340,485,17,2,Ecole Marguerite Arsapin,ECOLE MARGUERITE ARSAPIN,1,PS_liste_01,18,3.71,0.74,Ecole Marguerite CARLIER,14 RUE DE BOUGAINVILLE,ENSEIGNEMENT ET FORMATION,Enseignement du premier degré,Groupe scolaire,166.454280714904,-22.2790060967446,etablissements_publics_nc,47,1811,Faubourg Blanchot
provinciales_2019,,PS,Province Sud,988,98818,Nouméa,NOUMEA,0048,844,504,340,485,17,2,Ecole Marguerite Arsapin,ECOLE MARGUERITE ARSAPIN,2,PS_liste_02,19,3.92,0.74,Ecole Marguerite CARLIER,14 RUE DE BOUGAINVILLE,ENSEIGNEMENT ET FORMATION,Enseignement du premier degré,Groupe scolaire,166.454280714904,-22.2790060967446,etablissements_publics_nc,47,1811,Faubourg Blanchot
provinciales_2019,,PS,Province Sud,988,98818,Nouméa,NOUMEA,0048,844,504,340,485,17,2,Ecole Marguerite Arsapin,ECOLE MARGUERITE ARSAPIN,3,PS_liste_03,148,30.52,0.74,Ecole Marguerite CARLIER,14 RUE DE BOUGAINVILLE,ENSEIGNEMENT ET FORMATION,Enseignement du premier degré,Groupe scolaire,166.454280714904,-22.2790060967446,etablissements_publics_nc,47,1811,Faubourg Blanchot
provinciales_2019,,PS,Province Sud,988,98818,Nouméa,NOUMEA,0048,844,504,340,485,17,2,Ecole Marguerite Arsapin,ECOLE MARGUERITE ARSAPIN,4,PS_liste_04,13,2.68,0.74,Ecole Marguerite CARLIER,14 RUE DE BOUGAINVILLE,ENSEIGNEMENT ET FORMATION,Enseignement du premier degré,Groupe scolaire,166.454280714904,-22.2790060967446,etablissements_publics_nc,47,1811,Faubourg Blanchot
provinciales_2019,,PS,Province Sud,988,98818,Nouméa,NOUMEA,0048,844,504,340,485,17,2,Ecole Marguerite Arsapin,ECOLE MARGUERITE ARSAPIN,5,PS_liste_05,6,1.24,0.74,Ecole Marguerite CARLIER,14 RUE DE BOUGAINVILLE,ENSEIGNEMENT ET FORMATION,Enseignement du premier degré,Groupe scolaire,166.454280714904,-22.2790060967446,etablissements_publics_nc,47,1811,Faubourg Blanchot
provinciales_2019,,PS,Province Sud,988,98818,Nouméa,NOUMEA,0048,844,504,340,485,17,2,Ecole Marguerite Arsapin,ECOLE MARGUERITE ARSAPIN,6,PS_liste_06,78,16.08,0.74,Ecole Marguerite CARLIER,14 RUE DE BOUGAINVILLE,ENSEIGNEMENT ET FORMATION,Enseignement du premier degré,Groupe scolaire,166.454280714904,-22.2790060967446,etablissements_publics_nc,47,1811,Faubourg Blanchot
provinciales_2019,,PS,Province Sud,988,98818,Nouméa,NOUMEA,0048,844,504,340,485,17,2,Ecole Marguerite Arsapin,ECOLE MARGUERITE ARSAPIN,7,PS_liste_07,57,11.75,0.74,Ecole Marguerite CARLIER,14 RUE DE BOUGAINVILLE,ENSEIGNEMENT ET FORMATION,Enseignement du premier degré,Groupe scolaire,166.454280714904,-22.2790060967446,etablissements_publics_nc,47,1811,Faubourg Blanchot
provinciales_2019,,PS,Province Sud,988,98818,Nouméa,NOUMEA,0048,844,504,340,485,17,2,Ecole Marguerite Arsapin,ECOLE MARGUERITE ARSAPIN,8,PS_liste_08,6,1.24,0.74,Ecole Marguerite CARLIER,14 RUE DE BOUGAINVILLE,ENSEIGNEMENT ET FORMATION,Enseignement du premier degré,Groupe scolaire,166.454280714904,-22.2790060967446,etablissements_publics_nc,47,1811,Faubourg Blanchot
provinciales_2019,,PS,Province Sud,988,98818,Nouméa,NOUMEA,0048,844,504,340,485,17,2,Ecole Marguerite Arsapin,ECOLE MARGUERITE ARSAPIN,9,PS_liste_09,12,2.47,0.74,Ecole Marguerite CARLIER,14 RUE DE BOUGAINVILLE,ENSEIGNEMENT ET FORMATION,Enseignement du premier degré,Groupe scolaire,166.454280714904,-22.2790060967446,etablissements_publics_nc,47,1811,Faubourg Blanchot
provinciales_2019,,PS,Province Sud,988,98818,Nouméa,NOUMEA,0048,844,504,340,485,17,2,Ecole Marguerite Arsapin,ECOLE MARGUERITE ARSAPIN,10,PS_liste_10,14,2.89,0.74,Ecole Marguerite CARLIER,14 RUE DE BOUGAINVILLE,ENSEIGNEMENT ET FORMATION,Enseignement du premier degré,Groupe scolaire,166.454280714904,-22.2790060967446,etablissements_publics_nc,47,1811,Faubourg Blanchot
provinciales_2019,,PS,Province Sud,988,98818,Nouméa,NOUMEA,0048,844,504,340,485,17,2,Ecole Marguerite Arsapin,ECOLE MARGUERITE ARSAPIN,11,PS_liste_11,114,23.51,0.74,Ecole Marguerite CARLIER,14 RUE DE BOUGAINVILLE,ENSEIGNEMENT ET FORMATION,Enseignement du premier degré,Groupe scolaire,166.454280714904,-22.2790060967446,etablissements_publics_nc,47,1811,Faubourg Blanchot
provinciales_2019,,PS,Province Sud,988,98818,Nouméa,NOUMEA,0049,835,609,226,598,7,4,Ecole Les Pervenches,ECOLE LES PERVENCHES,1,PS_liste_01,9,1.51,0.717,Ecole LES PERVENCHES,4 RUE PIERRE ARTIGUE,ENSEIGNEMENT ET FORMATION,Enseignement du premier degré,Ecole pré-élémentaire,166.463935144665,-22.2575766179093,etablissements_publics_nc,62,1826,Portes de Fer - Sud
provinciales_2019,,PS,Province Sud,988,98818,Nouméa,NOUMEA,0049,835,609,226,598,7,4,Ecole Les Pervenches,ECOLE LES PERVENCHES,2,PS_liste_02,40,6.69,0.717,Ecole LES PERVENCHES,4 RUE PIERRE ARTIGUE,ENSEIGNEMENT ET FORMATION,Enseignement du premier degré,Ecole pré-élémentaire,166.463935144665,-22.2575766179093,etablissements_publics_nc,62,1826,Portes de Fer - Sud
provinciales_2019,,PS,Province Sud,988,98818,Nouméa,NOUMEA,0049,835,609,226,598,7,4,Ecole Les Pervenches,ECOLE LES PERVENCHES,3,PS_liste_03,359,60.03,0.717,Ecole LES PERVENCHES,4 RUE PIERRE ARTIGUE,ENSEIGNEMENT ET FORMATION,Enseignement du premier degré,Ecole pré-élémentaire,166.463935144665,-22.2575766179093,etablissements_publics_nc,62,1826,Portes de Fer - Sud
provinciales_2019,,PS,Province Sud,988,98818,Nouméa,NOUMEA,0049,835,609,226,598,7,4,Ecole Les Pervenches,ECOLE LES PERVENCHES,4,PS_liste_04,3,0.5,0.717,Ecole LES PERVENCHES,4 RUE PIERRE ARTIGUE,ENSEIGNEMENT ET FORMATION,Enseignement du premier degré,Ecole pré-élémentaire,166.463935144665,-22.2575766179093,etablissements_publics_nc,62,1826,Portes de Fer - Sud
provinciales_2019,,PS,Province Sud,988,98818,Nouméa,NOUMEA,0049,835,609,226,598,7,4,Ecole Les Pervenches,ECOLE LES PERVENCHES,5,PS_liste_05,13,2.17,0.717,Ecole LES PERVENCHES,4 RUE PIERRE ARTIGUE,ENSEIGNEMENT ET FORMATION,Enseignement du premier degré,Ecole pré-élémentaire,166.463935144665,-22.2575766179093,etablissements_publics_nc,62,1826,Portes de Fer - Sud
provinciales_2019,,PS,Province Sud,988,98818,Nouméa,NOUMEA,0049,835,609,226,598,7,4,Ecole Les Pervenches,ECOLE LES PERVENCHES,6,PS_liste_06,18,3.01,0.717,Ecole LES PERVENCHES,4 RUE PIERRE ARTIGUE,ENSEIGNEMENT ET FORMATION,Enseignement du premier degré,Ecole pré-élémentaire,166.463935144665,-22.2575766179093,etablissements_publics_nc,62,1826,Portes de Fer - Sud
provinciales_2019,,PS,Province Sud,988,98818,Nouméa,NOUMEA,0049,835,609,226,598,7,4,Ecole Les Pervenches,ECOLE LES PERVENCHES,7,PS_liste_07,18,3.01,0.717,Ecole LES PERVENCHES,4 RUE PIERRE ARTIGUE,ENSEIGNEMENT ET FORMATION,Enseignement du premier degré,Ecole pré-élémentaire,166.463935144665,-22.2575766179093,etablissements_publics_nc,62,1826,Portes de Fer - Sud
provinciales_2019,,PS,Province Sud,988,98818,Nouméa,NOUMEA,0049,835,609,226,598,7,4,Ecole Les Pervenches,ECOLE LES PERVENCHES,8,PS_liste_08,29,4.85,0.717,Ecole LES PERVENCHES,4 RUE PIERRE ARTIGUE,ENSEIGNEMENT ET FORMATION,Enseignement du premier degré,Ecole pré-élémentaire,166.463935144665,-22.2575766179093,etablissements_publics_nc,62,1826,Portes de Fer - Sud
provinciales_2019,,PS,Province Sud,988,98818,Nouméa,NOUMEA,0049,835,609,226,598,7,4,Ecole Les Pervenches,ECOLE LES PERVENCHES,9,PS_liste_09,24,4.01,0.717,Ecole LES PERVENCHES,4 RUE PIERRE ARTIGUE,ENSEIGNEMENT ET FORMATION,Enseignement du premier degré,Ecole pré-élémentaire,166.463935144665,-22.2575766179093,etablissements_publics_nc,62,1826,Portes de Fer - Sud
provinciales_2019,,PS,Province Sud,988,98818,Nouméa,NOUMEA,0049,835,609,226,598,7,4,Ecole Les Pervenches,ECOLE LES PERVENCHES,10,PS_liste_10,4,0.67,0.717,Ecole LES PERVENCHES,4 RUE PIERRE ARTIGUE,ENSEIGNEMENT ET FORMATION,Enseignement du premier degré,Ecole pré-élémentaire,166.463935144665,-22.2575766179093,etablissements_publics_nc,62,1826,Portes de Fer - Sud
provinciales_2019,,PS,Province Sud,988,98818,Nouméa,NOUMEA,0049,835,609,226,598,7,4,Ecole Les Pervenches,ECOLE LES PERVENCHES,11,PS_liste_11,81,13.55,0.717,Ecole LES PERVENCHES,4 RUE PIERRE ARTIGUE,ENSEIGNEMENT ET FORMATION,Enseignement du premier degré,Ecole pré-élémentaire,166.463935144665,-22.2575766179093,etablissements_publics_nc,62,1826,Portes de Fer - Sud
provinciales_2019,,PS,Province Sud,988,98818,Nouméa,NOUMEA,0050,1220,664,556,639,19,6,Ecole Albert Perraud,ECOLE ALBERT PERRAUD,1,PS_liste_01,24,3.76,0.866,Ecole Albert PERRAUD,1 RUE HENRI BAUDOEUF,ENSEIGNEMENT ET FORMATION,Enseignement du premier degré,Ecole primaire,166.467888234029,-22.2619636836771,etablissements_publics_nc,63,1827,Aérodrome Sud
provinciales_2019,,PS,Province Sud,988,98818,Nouméa,NOUMEA,0050,1220,664,556,639,19,6,Ecole Albert Perraud,ECOLE ALBERT PERRAUD,2,PS_liste_02,15,2.35,0.866,Ecole Albert PERRAUD,1 RUE HENRI BAUDOEUF,ENSEIGNEMENT ET FORMATION,Enseignement du premier degré,Ecole primaire,166.467888234029,-22.2619636836771,etablissements_publics_nc,63,1827,Aérodrome Sud
provinciales_2019,,PS,Province Sud,988,98818,Nouméa,NOUMEA,0050,1220,664,556,639,19,6,Ecole Albert Perraud,ECOLE ALBERT PERRAUD,3,PS_liste_03,154,24.1,0.866,Ecole Albert PERRAUD,1 RUE HENRI BAUDOEUF,ENSEIGNEMENT ET FORMATION,Enseignement du premier degré,Ecole primaire,166.467888234029,-22.2619636836771,etablissements_publics_nc,63,1827,Aérodrome Sud
provinciales_2019,,PS,Province Sud,988,98818,Nouméa,NOUMEA,0050,1220,664,556,639,19,6,Ecole Albert Perraud,ECOLE ALBERT PERRAUD,4,PS_liste_04,31,4.85,0.866,Ecole Albert PERRAUD,1 RUE HENRI BAUDOEUF,ENSEIGNEMENT ET FORMATION,Enseignement du premier degré,Ecole primaire,166.467888234029,-22.2619636836771,etablissements_publics_nc,63,1827,Aérodrome Sud
provinciales_2019,,PS,Province Sud,988,98818,Nouméa,NOUMEA,0050,1220,664,556,639,19,6,Ecole Albert Perraud,ECOLE ALBERT PERRAUD,5,PS_liste_05,6,0.94,0.866,Ecole Albert PERRAUD,1 RUE HENRI BAUDOEUF,ENSEIGNEMENT ET FORMATION,Enseignement du premier degré,Ecole primaire,166.467888234029,-22.2619636836771,etablissements_publics_nc,63,1827,Aérodrome Sud
provinciales_2019,,PS,Province Sud,988,98818,Nouméa,NOUMEA,0050,1220,664,556,639,19,6,Ecole Albert Perraud,ECOLE ALBERT PERRAUD,6,PS_liste_06,55,8.61,0.866,Ecole Albert PERRAUD,1 RUE HENRI BAUDOEUF,ENSEIGNEMENT ET FORMATION,Enseignement du premier degré,Ecole primaire,166.467888234029,-22.2619636836771,etablissements_publics_nc,63,1827,Aérodrome Sud
provinciales_2019,,PS,Province Sud,988,98818,Nouméa,NOUMEA,0050,1220,664,556,639,19,6,Ecole Albert Perraud,ECOLE ALBERT PERRAUD,7,PS_liste_07,153,23.94,0.866,Ecole Albert PERRAUD,1 RUE HENRI BAUDOEUF,ENSEIGNEMENT ET FORMATION,Enseignement du premier degré,Ecole primaire,166.467888234029,-22.2619636836771,etablissements_publics_nc,63,1827,Aérodrome Sud
provinciales_2019,,PS,Province Sud,988,98818,Nouméa,NOUMEA,0050,1220,664,556,639,19,6,Ecole Albert Perraud,ECOLE ALBERT PERRAUD,8,PS_liste_08,21,3.29,0.866,Ecole Albert PERRAUD,1 RUE HENRI BAUDOEUF,ENSEIGNEMENT ET FORMATION,Enseignement du premier degré,Ecole primaire,166.467888234029,-22.2619636836771,etablissements_publics_nc,63,1827,Aérodrome Sud
provinciales_2019,,PS,Province Sud,988,98818,Nouméa,NOUMEA,0050,1220,664,556,639,19,6,Ecole Albert Perraud,ECOLE ALBERT PERRAUD,9,PS_liste_09,20,3.13,0.866,Ecole Albert PERRAUD,1 RUE HENRI BAUDOEUF,ENSEIGNEMENT ET FORMATION,Enseignement du premier degré,Ecole primaire,166.467888234029,-22.2619636836771,etablissements_publics_nc,63,1827,Aérodrome Sud
provinciales_2019,,PS,Province Sud,988,98818,Nouméa,NOUMEA,0050,1220,664,556,639,19,6,Ecole Albert Perraud,ECOLE ALBERT PERRAUD,10,PS_liste_10,21,3.29,0.866,Ecole Albert PERRAUD,1 RUE HENRI BAUDOEUF,ENSEIGNEMENT ET FORMATION,Enseignement du premier degré,Ecole primaire,166.467888234029,-22.2619636836771,etablissements_publics_nc,63,1827,Aérodrome Sud
provinciales_2019,,PS,Province Sud,988,98818,Nouméa,NOUMEA,0050,1220,664,556,639,19,6,Ecole Albert Perraud,ECOLE ALBERT PERRAUD,11,PS_liste_11,139,21.75,0.866,Ecole Albert PERRAUD,1 RUE HENRI BAUDOEUF,ENSEIGNEMENT ET FORMATION,Enseignement du premier degré,Ecole primaire,166.467888234029,-22.2619636836771,etablissements_publics_nc,63,1827,Aérodrome Sud
provinciales_2019,,PS,Province Sud,988,98818,Nouméa,NOUMEA,0051,929,656,273,643,8,5,Ecole Michel Amiot,ECOLE MICHEL AMIOT,1,PS_liste_01,7,1.09,0.85,Ecole Michel AMIOT,12 RUE DE PRONY,ENSEIGNEMENT ET FORMATION,Enseignement du premier degré,Ecole primaire,166.468616034294,-22.2680303864914,etablissements_publics_nc,53,1817,Magenta Est
provinciales_2019,,PS,Province Sud,988,98818,Nouméa,NOUMEA,0051,929,656,273,643,8,5,Ecole Michel Amiot,ECOLE MICHEL AMIOT,2,PS_liste_02,25,3.89,0.85,Ecole Michel AMIOT,12 RUE DE PRONY,ENSEIGNEMENT ET FORMATION,Enseignement du premier degré,Ecole primaire,166.468616034294,-22.2680303864914,etablissements_publics_nc,53,1817,Magenta Est
provinciales_2019,,PS,Province Sud,988,98818,Nouméa,NOUMEA,0051,929,656,273,643,8,5,Ecole Michel Amiot,ECOLE MICHEL AMIOT,3,PS_liste_03,373,58.01,0.85,Ecole Michel AMIOT,12 RUE DE PRONY,ENSEIGNEMENT ET FORMATION,Enseignement du premier degré,Ecole primaire,166.468616034294,-22.2680303864914,etablissements_publics_nc,53,1817,Magenta Est
provinciales_2019,,PS,Province Sud,988,98818,Nouméa,NOUMEA,0051,929,656,273,643,8,5,Ecole Michel Amiot,ECOLE MICHEL AMIOT,4,PS_liste_04,5,0.78,0.85,Ecole Michel AMIOT,12 RUE DE PRONY,ENSEIGNEMENT ET FORMATION,Enseignement du premier degré,Ecole primaire,166.468616034294,-22.2680303864914,etablissements_publics_nc,53,1817,Magenta Est
provinciales_2019,,PS,Province Sud,988,98818,Nouméa,NOUMEA,0051,929,656,273,643,8,5,Ecole Michel Amiot,ECOLE MICHEL AMIOT,5,PS_liste_05,3,0.47,0.85,Ecole Michel AMIOT,12 RUE DE PRONY,ENSEIGNEMENT ET FORMATION,Enseignement du premier degré,Ecole primaire,166.468616034294,-22.2680303864914,etablissements_publics_nc,53,1817,Magenta Est
provinciales_2019,,PS,Province Sud,988,98818,Nouméa,NOUMEA,0051,929,656,273,643,8,5,Ecole Michel Amiot,ECOLE MICHEL AMIOT,6,PS_liste_06,25,3.89,0.85,Ecole Michel AMIOT,12 RUE DE PRONY,ENSEIGNEMENT ET FORMATION,Enseignement du premier degré,Ecole primaire,166.468616034294,-22.2680303864914,etablissements_publics_nc,53,1817,Magenta Est
provinciales_2019,,PS,Province Sud,988,98818,Nouméa,NOUMEA,0051,929,656,273,643,8,5,Ecole Michel Amiot,ECOLE MICHEL AMIOT,7,PS_liste_07,38,5.91,0.85,Ecole Michel AMIOT,12 RUE DE PRONY,ENSEIGNEMENT ET FORMATION,Enseignement du premier degré,Ecole primaire,166.468616034294,-22.2680303864914,etablissements_publics_nc,53,1817,Magenta Est
provinciales_2019,,PS,Province Sud,988,98818,Nouméa,NOUMEA,0051,929,656,273,643,8,5,Ecole Michel Amiot,ECOLE MICHEL AMIOT,8,PS_liste_08,34,5.29,0.85,Ecole Michel AMIOT,12 RUE DE PRONY,ENSEIGNEMENT ET FORMATION,Enseignement du premier degré,Ecole primaire,166.468616034294,-22.2680303864914,etablissements_publics_nc,53,1817,Magenta Est
provinciales_2019,,PS,Province Sud,988,98818,Nouméa,NOUMEA,0051,929,656,273,643,8,5,Ecole Michel Amiot,ECOLE MICHEL AMIOT,9,PS_liste_09,23,3.58,0.85,Ecole Michel AMIOT,12 RUE DE PRONY,ENSEIGNEMENT ET FORMATION,Enseignement du premier degré,Ecole primaire,166.468616034294,-22.2680303864914,etablissements_publics_nc,53,1817,Magenta Est
provinciales_2019,,PS,Province Sud,988,98818,Nouméa,NOUMEA,0051,929,656,273,643,8,5,Ecole Michel Amiot,ECOLE MICHEL AMIOT,10,PS_liste_10,9,1.4,0.85,Ecole Michel AMIOT,12 RUE DE PRONY,ENSEIGNEMENT ET FORMATION,Enseignement du premier degré,Ecole primaire,166.468616034294,-22.2680303864914,etablissements_publics_nc,53,1817,Magenta Est
provinciales_2019,,PS,Province Sud,988,98818,Nouméa,NOUMEA,0051,929,656,273,643,8,5,Ecole Michel Amiot,ECOLE MICHEL AMIOT,11,PS_liste_11,101,15.71,0.85,Ecole Michel AMIOT,12 RUE DE PRONY,ENSEIGNEMENT ET FORMATION,Enseignement du premier degré,Ecole primaire,166.468616034294,-22.2680303864914,etablissements_publics_nc,53,1817,Magenta Est
provinciales_2019,,PS,Province Sud,988,98818,Nouméa,NOUMEA,0052,575,402,173,397,5,0,Ecole Charles Bichon,ECOLE CHARLES BICHON,1,PS_liste_01,2,0.5,0.819,Ecole Charles BICHON,82 AVENUE DU GENERAL DE GAULLE,ENSEIGNEMENT ET FORMATION,Enseignement du premier degré,Ecole élémentaire,166.443767790723,-22.2808132680625,etablissements_publics_nc,45,1809,Orphelinat
provinciales_2019,,PS,Province Sud,988,98818,Nouméa,NOUMEA,0052,575,402,173,397,5,0,Ecole Charles Bichon,ECOLE CHARLES BICHON,2,PS_liste_02,19,4.79,0.819,Ecole Charles BICHON,82 AVENUE DU GENERAL DE GAULLE,ENSEIGNEMENT ET FORMATION,Enseignement du premier degré,Ecole élémentaire,166.443767790723,-22.2808132680625,etablissements_publics_nc,45,1809,Orphelinat
provinciales_2019,,PS,Province Sud,988,98818,Nouméa,NOUMEA,0052,575,402,173,397,5,0,Ecole Charles Bichon,ECOLE CHARLES BICHON,3,PS_liste_03,236,59.45,0.819,Ecole Charles BICHON,82 AVENUE DU GENERAL DE GAULLE,ENSEIGNEMENT ET FORMATION,Enseignement du premier degré,Ecole élémentaire,166.443767790723,-22.2808132680625,etablissements_publics_nc,45,1809,Orphelinat
provinciales_2019,,PS,Province Sud,988,98818,Nouméa,NOUMEA,0052,575,402,173,397,5,0,Ecole Charles Bichon,ECOLE CHARLES BICHON,4,PS_liste_04,2,0.5,0.819,Ecole Charles BICHON,82 AVENUE DU GENERAL DE GAULLE,ENSEIGNEMENT ET FORMATION,Enseignement du premier degré,Ecole élémentaire,166.443767790723,-22.2808132680625,etablissements_publics_nc,45,1809,Orphelinat
provinciales_2019,,PS,Province Sud,988,98818,Nouméa,NOUMEA,0052,575,402,173,397,5,0,Ecole Charles Bichon,ECOLE CHARLES BICHON,5,PS_liste_05,5,1.26,0.819,Ecole Charles BICHON,82 AVENUE DU GENERAL DE GAULLE,ENSEIGNEMENT ET FORMATION,Enseignement du premier degré,Ecole élémentaire,166.443767790723,-22.2808132680625,etablissements_publics_nc,45,1809,Orphelinat
provinciales_2019,,PS,Province Sud,988,98818,Nouméa,NOUMEA,0052,575,402,173,397,5,0,Ecole Charles Bichon,ECOLE CHARLES BICHON,6,PS_liste_06,2,0.5,0.819,Ecole Charles BICHON,82 AVENUE DU GENERAL DE GAULLE,ENSEIGNEMENT ET FORMATION,Enseignement du premier degré,Ecole élémentaire,166.443767790723,-22.2808132680625,etablissements_publics_nc,45,1809,Orphelinat
provinciales_2019,,PS,Province Sud,988,98818,Nouméa,NOUMEA,0052,575,402,173,397,5,0,Ecole Charles Bichon,ECOLE CHARLES BICHON,7,PS_liste_07,12,3.02,0.819,Ecole Charles BICHON,82 AVENUE DU GENERAL DE GAULLE,ENSEIGNEMENT ET FORMATION,Enseignement du premier degré,Ecole élémentaire,166.443767790723,-22.2808132680625,etablissements_publics_nc,45,1809,Orphelinat
provinciales_2019,,PS,Province Sud,988,98818,Nouméa,NOUMEA,0052,575,402,173,397,5,0,Ecole Charles Bichon,ECOLE CHARLES BICHON,8,PS_liste_08,23,5.79,0.819,Ecole Charles BICHON,82 AVENUE DU GENERAL DE GAULLE,ENSEIGNEMENT ET FORMATION,Enseignement du premier degré,Ecole élémentaire,166.443767790723,-22.2808132680625,etablissements_publics_nc,45,1809,Orphelinat
provinciales_2019,,PS,Province Sud,988,98818,Nouméa,NOUMEA,0052,575,402,173,397,5,0,Ecole Charles Bichon,ECOLE CHARLES BICHON,9,PS_liste_09,11,2.77,0.819,Ecole Charles BICHON,82 AVENUE DU GENERAL DE GAULLE,ENSEIGNEMENT ET FORMATION,Enseignement du premier degré,Ecole élémentaire,166.443767790723,-22.2808132680625,etablissements_publics_nc,45,1809,Orphelinat
provinciales_2019,,PS,Province Sud,988,98818,Nouméa,NOUMEA,0052,575,402,173,397,5,0,Ecole Charles Bichon,ECOLE CHARLES BICHON,10,PS_liste_10,2,0.5,0.819,Ecole Charles BICHON,82 AVENUE DU GENERAL DE GAULLE,ENSEIGNEMENT ET FORMATION,Enseignement du premier degré,Ecole élémentaire,166.443767790723,-22.2808132680625,etablissements_publics_nc,45,1809,Orphelinat
provinciales_2019,,PS,Province Sud,988,98818,Nouméa,NOUMEA,0052,575,402,173,397,5,0,Ecole Charles Bichon,ECOLE CHARLES BICHON,11,PS_liste_11,83,20.91,0.819,Ecole Charles BICHON,82 AVENUE DU GENERAL DE GAULLE,ENSEIGNEMENT ET FORMATION,Enseignement du premier degré,Ecole élémentaire,166.443767790723,-22.2808132680625,etablissements_publics_nc,45,1809,Orphelinat
provinciales_2019,,PS,Province Sud,988,98818,Nouméa,NOUMEA,0053,682,496,186,493,1,2,Ecole Les Lys,ECOLE LES LYS,1,PS_liste_01,3,0.61,0.686,Ecole FILANTE,8 RUE MARCELLIN LACABANNE,ENSEIGNEMENT ET FORMATION,Enseignement du premier degré,Autre structure scolaire,166.443135087106,-22.2929071476207,etablissements_publics_nc,42,1806,Motor Pool - Receiving
provinciales_2019,,PS,Province Sud,988,98818,Nouméa,NOUMEA,0053,682,496,186,493,1,2,Ecole Les Lys,ECOLE LES LYS,2,PS_liste_02,21,4.26,0.686,Ecole FILANTE,8 RUE MARCELLIN LACABANNE,ENSEIGNEMENT ET FORMATION,Enseignement du premier degré,Autre structure scolaire,166.443135087106,-22.2929071476207,etablissements_publics_nc,42,1806,Motor Pool - Receiving
provinciales_2019,,PS,Province Sud,988,98818,Nouméa,NOUMEA,0053,682,496,186,493,1,2,Ecole Les Lys,ECOLE LES LYS,3,PS_liste_03,328,66.53,0.686,Ecole FILANTE,8 RUE MARCELLIN LACABANNE,ENSEIGNEMENT ET FORMATION,Enseignement du premier degré,Autre structure scolaire,166.443135087106,-22.2929071476207,etablissements_publics_nc,42,1806,Motor Pool - Receiving
provinciales_2019,,PS,Province Sud,988,98818,Nouméa,NOUMEA,0053,682,496,186,493,1,2,Ecole Les Lys,ECOLE LES LYS,4,PS_liste_04,4,0.81,0.686,Ecole FILANTE,8 RUE MARCELLIN LACABANNE,ENSEIGNEMENT ET FORMATION,Enseignement du premier degré,Autre structure scolaire,166.443135087106,-22.2929071476207,etablissements_publics_nc,42,1806,Motor Pool - Receiving
provinciales_2019,,PS,Province Sud,988,98818,Nouméa,NOUMEA,0053,682,496,186,493,1,2,Ecole Les Lys,ECOLE LES LYS,5,PS_liste_05,1,0.2,0.686,Ecole FILANTE,8 RUE MARCELLIN LACABANNE,ENSEIGNEMENT ET FORMATION,Enseignement du premier degré,Autre structure scolaire,166.443135087106,-22.2929071476207,etablissements_publics_nc,42,1806,Motor Pool - Receiving
provinciales_2019,,PS,Province Sud,988,98818,Nouméa,NOUMEA,0053,682,496,186,493,1,2,Ecole Les Lys,ECOLE LES LYS,6,PS_liste_06,2,0.41,0.686,Ecole FILANTE,8 RUE MARCELLIN LACABANNE,ENSEIGNEMENT ET FORMATION,Enseignement du premier degré,Autre structure scolaire,166.443135087106,-22.2929071476207,etablissements_publics_nc,42,1806,Motor Pool - Receiving
provinciales_2019,,PS,Province Sud,988,98818,Nouméa,NOUMEA,0053,682,496,186,493,1,2,Ecole Les Lys,ECOLE LES LYS,7,PS_liste_07,14,2.84,0.686,Ecole FILANTE,8 RUE MARCELLIN LACABANNE,ENSEIGNEMENT ET FORMATION,Enseignement du premier degré,Autre structure scolaire,166.443135087106,-22.2929071476207,etablissements_publics_nc,42,1806,Motor Pool - Receiving
provinciales_2019,,PS,Province Sud,988,98818,Nouméa,NOUMEA,0053,682,496,186,493,1,2,Ecole Les Lys,ECOLE LES LYS,8,PS_liste_08,19,3.85,0.686,Ecole FILANTE,8 RUE MARCELLIN LACABANNE,ENSEIGNEMENT ET FORMATION,Enseignement du premier degré,Autre structure scolaire,166.443135087106,-22.2929071476207,etablissements_publics_nc,42,1806,Motor Pool - Receiving
provinciales_2019,,PS,Province Sud,988,98818,Nouméa,NOUMEA,0053,682,496,186,493,1,2,Ecole Les Lys,ECOLE LES LYS,9,PS_liste_09,17,3.45,0.686,Ecole FILANTE,8 RUE MARCELLIN LACABANNE,ENSEIGNEMENT ET FORMATION,Enseignement du premier degré,Autre structure scolaire,166.443135087106,-22.2929071476207,etablissements_publics_nc,42,1806,Motor Pool - Receiving
provinciales_2019,,PS,Province Sud,988,98818,Nouméa,NOUMEA,0053,682,496,186,493,1,2,Ecole Les Lys,ECOLE LES LYS,10,PS_liste_10,0,0,0.686,Ecole FILANTE,8 RUE MARCELLIN LACABANNE,ENSEIGNEMENT ET FORMATION,Enseignement du premier degré,Autre structure scolaire,166.443135087106,-22.2929071476207,etablissements_publics_nc,42,1806,Motor Pool - Receiving
provinciales_2019,,PS,Province Sud,988,98818,Nouméa,NOUMEA,0053,682,496,186,493,1,2,Ecole Les Lys,ECOLE LES LYS,11,PS_liste_11,84,17.04,0.686,Ecole FILANTE,8 RUE MARCELLIN LACABANNE,ENSEIGNEMENT ET FORMATION,Enseignement du premier degré,Autre structure scolaire,166.443135087106,-22.2929071476207,etablissements_publics_nc,42,1806,Motor Pool - Receiving
provinciales_2019,,PS,Province Sud,988,98818,Nouméa,NOUMEA,0054,938,577,361,562,6,9,Ecole Le petit poucet,ECOLE LE PETIT POUCET,1,PS_liste_01,4,0.71,0.762,Espace vert petit poucet,1 RUE DURMONT-D'URVILLE,PARC ESPACE PUBLIC ET LOISIR,Parcs et espaces verts,Espace vert,166.446452105063,-22.2638462676659,etablissements_publics_nc,60,1824,Vallée du Tir
provinciales_2019,,PS,Province Sud,988,98818,Nouméa,NOUMEA,0054,938,577,361,562,6,9,Ecole Le petit poucet,ECOLE LE PETIT POUCET,2,PS_liste_02,17,3.02,0.762,Espace vert petit poucet,1 RUE DURMONT-D'URVILLE,PARC ESPACE PUBLIC ET LOISIR,Parcs et espaces verts,Espace vert,166.446452105063,-22.2638462676659,etablissements_publics_nc,60,1824,Vallée du Tir
provinciales_2019,,PS,Province Sud,988,98818,Nouméa,NOUMEA,0054,938,577,361,562,6,9,Ecole Le petit poucet,ECOLE LE PETIT POUCET,3,PS_liste_03,252,44.84,0.762,Espace vert petit poucet,1 RUE DURMONT-D'URVILLE,PARC ESPACE PUBLIC ET LOISIR,Parcs et espaces verts,Espace vert,166.446452105063,-22.2638462676659,etablissements_publics_nc,60,1824,Vallée du Tir
provinciales_2019,,PS,Province Sud,988,98818,Nouméa,NOUMEA,0054,938,577,361,562,6,9,Ecole Le petit poucet,ECOLE LE PETIT POUCET,4,PS_liste_04,15,2.67,0.762,Espace vert petit poucet,1 RUE DURMONT-D'URVILLE,PARC ESPACE PUBLIC ET LOISIR,Parcs et espaces verts,Espace vert,166.446452105063,-22.2638462676659,etablissements_publics_nc,60,1824,Vallée du Tir
provinciales_2019,,PS,Province Sud,988,98818,Nouméa,NOUMEA,0054,938,577,361,562,6,9,Ecole Le petit poucet,ECOLE LE PETIT POUCET,5,PS_liste_05,6,1.07,0.762,Espace vert petit poucet,1 RUE DURMONT-D'URVILLE,PARC ESPACE PUBLIC ET LOISIR,Parcs et espaces verts,Espace vert,166.446452105063,-22.2638462676659,etablissements_publics_nc,60,1824,Vallée du Tir
provinciales_2019,,PS,Province Sud,988,98818,Nouméa,NOUMEA,0054,938,577,361,562,6,9,Ecole Le petit poucet,ECOLE LE PETIT POUCET,6,PS_liste_06,50,8.9,0.762,Espace vert petit poucet,1 RUE DURMONT-D'URVILLE,PARC ESPACE PUBLIC ET LOISIR,Parcs et espaces verts,Espace vert,166.446452105063,-22.2638462676659,etablissements_publics_nc,60,1824,Vallée du Tir
provinciales_2019,,PS,Province Sud,988,98818,Nouméa,NOUMEA,0054,938,577,361,562,6,9,Ecole Le petit poucet,ECOLE LE PETIT POUCET,7,PS_liste_07,45,8.01,0.762,Espace vert petit poucet,1 RUE DURMONT-D'URVILLE,PARC ESPACE PUBLIC ET LOISIR,Parcs et espaces verts,Espace vert,166.446452105063,-22.2638462676659,etablissements_publics_nc,60,1824,Vallée du Tir
provinciales_2019,,PS,Province Sud,988,98818,Nouméa,NOUMEA,0054,938,577,361,562,6,9,Ecole Le petit poucet,ECOLE LE PETIT POUCET,8,PS_liste_08,23,4.09,0.762,Espace vert petit poucet,1 RUE DURMONT-D'URVILLE,PARC ESPACE PUBLIC ET LOISIR,Parcs et espaces verts,Espace vert,166.446452105063,-22.2638462676659,etablissements_publics_nc,60,1824,Vallée du Tir
provinciales_2019,,PS,Province Sud,988,98818,Nouméa,NOUMEA,0054,938,577,361,562,6,9,Ecole Le petit poucet,ECOLE LE PETIT POUCET,9,PS_liste_09,18,3.2,0.762,Espace vert petit poucet,1 RUE DURMONT-D'URVILLE,PARC ESPACE PUBLIC ET LOISIR,Parcs et espaces verts,Espace vert,166.446452105063,-22.2638462676659,etablissements_publics_nc,60,1824,Vallée du Tir
provinciales_2019,,PS,Province Sud,988,98818,Nouméa,NOUMEA,0054,938,577,361,562,6,9,Ecole Le petit poucet,ECOLE LE PETIT POUCET,10,PS_liste_10,15,2.67,0.762,Espace vert petit poucet,1 RUE DURMONT-D'URVILLE,PARC ESPACE PUBLIC ET LOISIR,Parcs et espaces verts,Espace vert,166.446452105063,-22.2638462676659,etablissements_publics_nc,60,1824,Vallée du Tir
provinciales_2019,,PS,Province Sud,988,98818,Nouméa,NOUMEA,0054,938,577,361,562,6,9,Ecole Le petit poucet,ECOLE LE PETIT POUCET,11,PS_liste_11,117,20.82,0.762,Espace vert petit poucet,1 RUE DURMONT-D'URVILLE,PARC ESPACE PUBLIC ET LOISIR,Parcs et espaces verts,Espace vert,166.446452105063,-22.2638462676659,etablissements_publics_nc,60,1824,Vallée du Tir
provinciales_2019,,PS,Province Sud,988,98818,Nouméa,NOUMEA,0055,934,714,220,702,8,4,Ecole Serge Laigle,ECOLE SERGE LAIGLE,1,PS_liste_01,4,0.57,0.85,Ecole Serge LAIGLE,7 RUE GEORGES LEQUES,ENSEIGNEMENT ET FORMATION,Enseignement du premier degré,Ecole primaire,166.486016745804,-22.2343408388225,etablissements_publics_nc,71,1835,Tina
provinciales_2019,,PS,Province Sud,988,98818,Nouméa,NOUMEA,0055,934,714,220,702,8,4,Ecole Serge Laigle,ECOLE SERGE LAIGLE,2,PS_liste_02,34,4.84,0.85,Ecole Serge LAIGLE,7 RUE GEORGES LEQUES,ENSEIGNEMENT ET FORMATION,Enseignement du premier degré,Ecole primaire,166.486016745804,-22.2343408388225,etablissements_publics_nc,71,1835,Tina
provinciales_2019,,PS,Province Sud,988,98818,Nouméa,NOUMEA,0055,934,714,220,702,8,4,Ecole Serge Laigle,ECOLE SERGE LAIGLE,3,PS_liste_03,431,61.4,0.85,Ecole Serge LAIGLE,7 RUE GEORGES LEQUES,ENSEIGNEMENT ET FORMATION,Enseignement du premier degré,Ecole primaire,166.486016745804,-22.2343408388225,etablissements_publics_nc,71,1835,Tina
provinciales_2019,,PS,Province Sud,988,98818,Nouméa,NOUMEA,0055,934,714,220,702,8,4,Ecole Serge Laigle,ECOLE SERGE LAIGLE,4,PS_liste_04,2,0.28,0.85,Ecole Serge LAIGLE,7 RUE GEORGES LEQUES,ENSEIGNEMENT ET FORMATION,Enseignement du premier degré,Ecole primaire,166.486016745804,-22.2343408388225,etablissements_publics_nc,71,1835,Tina
provinciales_2019,,PS,Province Sud,988,98818,Nouméa,NOUMEA,0055,934,714,220,702,8,4,Ecole Serge Laigle,ECOLE SERGE LAIGLE,5,PS_liste_05,7,1,0.85,Ecole Serge LAIGLE,7 RUE GEORGES LEQUES,ENSEIGNEMENT ET FORMATION,Enseignement du premier degré,Ecole primaire,166.486016745804,-22.2343408388225,etablissements_publics_nc,71,1835,Tina
provinciales_2019,,PS,Province Sud,988,98818,Nouméa,NOUMEA,0055,934,714,220,702,8,4,Ecole Serge Laigle,ECOLE SERGE LAIGLE,6,PS_liste_06,16,2.28,0.85,Ecole Serge LAIGLE,7 RUE GEORGES LEQUES,ENSEIGNEMENT ET FORMATION,Enseignement du premier degré,Ecole primaire,166.486016745804,-22.2343408388225,etablissements_publics_nc,71,1835,Tina
provinciales_2019,,PS,Province Sud,988,98818,Nouméa,NOUMEA,0055,934,714,220,702,8,4,Ecole Serge Laigle,ECOLE SERGE LAIGLE,7,PS_liste_07,6,0.85,0.85,Ecole Serge LAIGLE,7 RUE GEORGES LEQUES,ENSEIGNEMENT ET FORMATION,Enseignement du premier degré,Ecole primaire,166.486016745804,-22.2343408388225,etablissements_publics_nc,71,1835,Tina
provinciales_2019,,PS,Province Sud,988,98818,Nouméa,NOUMEA,0055,934,714,220,702,8,4,Ecole Serge Laigle,ECOLE SERGE LAIGLE,8,PS_liste_08,27,3.85,0.85,Ecole Serge LAIGLE,7 RUE GEORGES LEQUES,ENSEIGNEMENT ET FORMATION,Enseignement du premier degré,Ecole primaire,166.486016745804,-22.2343408388225,etablissements_publics_nc,71,1835,Tina
provinciales_2019,,PS,Province Sud,988,98818,Nouméa,NOUMEA,0055,934,714,220,702,8,4,Ecole Serge Laigle,ECOLE SERGE LAIGLE,9,PS_liste_09,39,5.56,0.85,Ecole Serge LAIGLE,7 RUE GEORGES LEQUES,ENSEIGNEMENT ET FORMATION,Enseignement du premier degré,Ecole primaire,166.486016745804,-22.2343408388225,etablissements_publics_nc,71,1835,Tina
provinciales_2019,,PS,Province Sud,988,98818,Nouméa,NOUMEA,0055,934,714,220,702,8,4,Ecole Serge Laigle,ECOLE SERGE LAIGLE,10,PS_liste_10,3,0.43,0.85,Ecole Serge LAIGLE,7 RUE GEORGES LEQUES,ENSEIGNEMENT ET FORMATION,Enseignement du premier degré,Ecole primaire,166.486016745804,-22.2343408388225,etablissements_publics_nc,71,1835,Tina
provinciales_2019,,PS,Province Sud,988,98818,Nouméa,NOUMEA,0055,934,714,220,702,8,4,Ecole Serge Laigle,ECOLE SERGE LAIGLE,11,PS_liste_11,133,18.95,0.85,Ecole Serge LAIGLE,7 RUE GEORGES LEQUES,ENSEIGNEMENT ET FORMATION,Enseignement du premier degré,Ecole primaire,166.486016745804,-22.2343408388225,etablissements_publics_nc,71,1835,Tina
provinciales_2019,,PS,Province Sud,988,98818,Nouméa,NOUMEA,0056,1168,807,361,788,19,0,Ecole Guy Champmoreau,ECOLE GUY CHAMPMOREAU,1,PS_liste_01,11,1.4,0.874,Ecole Guy CHAMPMOREAU,17 RUE PASCAL SIHAZE,ENSEIGNEMENT ET FORMATION,Enseignement du premier degré,Ecole primaire,166.452313565802,-22.2892161943525,etablissements_publics_nc,43,1807,N'Géa
provinciales_2019,,PS,Province Sud,988,98818,Nouméa,NOUMEA,0056,1168,807,361,788,19,0,Ecole Guy Champmoreau,ECOLE GUY CHAMPMOREAU,2,PS_liste_02,32,4.06,0.874,Ecole Guy CHAMPMOREAU,17 RUE PASCAL SIHAZE,ENSEIGNEMENT ET FORMATION,Enseignement du premier degré,Ecole primaire,166.452313565802,-22.2892161943525,etablissements_publics_nc,43,1807,N'Géa
provinciales_2019,,PS,Province Sud,988,98818,Nouméa,NOUMEA,0056,1168,807,361,788,19,0,Ecole Guy Champmoreau,ECOLE GUY CHAMPMOREAU,3,PS_liste_03,438,55.58,0.874,Ecole Guy CHAMPMOREAU,17 RUE PASCAL SIHAZE,ENSEIGNEMENT ET FORMATION,Enseignement du premier degré,Ecole primaire,166.452313565802,-22.2892161943525,etablissements_publics_nc,43,1807,N'Géa
provinciales_2019,,PS,Province Sud,988,98818,Nouméa,NOUMEA,0056,1168,807,361,788,19,0,Ecole Guy Champmoreau,ECOLE GUY CHAMPMOREAU,4,PS_liste_04,8,1.02,0.874,Ecole Guy CHAMPMOREAU,17 RUE PASCAL SIHAZE,ENSEIGNEMENT ET FORMATION,Enseignement du premier degré,Ecole primaire,166.452313565802,-22.2892161943525,etablissements_publics_nc,43,1807,N'Géa
provinciales_2019,,PS,Province Sud,988,98818,Nouméa,NOUMEA,0056,1168,807,361,788,19,0,Ecole Guy Champmoreau,ECOLE GUY CHAMPMOREAU,5,PS_liste_05,8,1.02,0.874,Ecole Guy CHAMPMOREAU,17 RUE PASCAL SIHAZE,ENSEIGNEMENT ET FORMATION,Enseignement du premier degré,Ecole primaire,166.452313565802,-22.2892161943525,etablissements_publics_nc,43,1807,N'Géa
provinciales_2019,,PS,Province Sud,988,98818,Nouméa,NOUMEA,0056,1168,807,361,788,19,0,Ecole Guy Champmoreau,ECOLE GUY CHAMPMOREAU,6,PS_liste_06,33,4.19,0.874,Ecole Guy CHAMPMOREAU,17 RUE PASCAL SIHAZE,ENSEIGNEMENT ET FORMATION,Enseignement du premier degré,Ecole primaire,166.452313565802,-22.2892161943525,etablissements_publics_nc,43,1807,N'Géa
provinciales_2019,,PS,Province Sud,988,98818,Nouméa,NOUMEA,0056,1168,807,361,788,19,0,Ecole Guy Champmoreau,ECOLE GUY CHAMPMOREAU,7,PS_liste_07,65,8.25,0.874,Ecole Guy CHAMPMOREAU,17 RUE PASCAL SIHAZE,ENSEIGNEMENT ET FORMATION,Enseignement du premier degré,Ecole primaire,166.452313565802,-22.2892161943525,etablissements_publics_nc,43,1807,N'Géa
provinciales_2019,,PS,Province Sud,988,98818,Nouméa,NOUMEA,0056,1168,807,361,788,19,0,Ecole Guy Champmoreau,ECOLE GUY CHAMPMOREAU,8,PS_liste_08,25,3.17,0.874,Ecole Guy CHAMPMOREAU,17 RUE PASCAL SIHAZE,ENSEIGNEMENT ET FORMATION,Enseignement du premier degré,Ecole primaire,166.452313565802,-22.2892161943525,etablissements_publics_nc,43,1807,N'Géa
provinciales_2019,,PS,Province Sud,988,98818,Nouméa,NOUMEA,0056,1168,807,361,788,19,0,Ecole Guy Champmoreau,ECOLE GUY CHAMPMOREAU,9,PS_liste_09,13,1.65,0.874,Ecole Guy CHAMPMOREAU,17 RUE PASCAL SIHAZE,ENSEIGNEMENT ET FORMATION,Enseignement du premier degré,Ecole primaire,166.452313565802,-22.2892161943525,etablissements_publics_nc,43,1807,N'Géa
provinciales_2019,,PS,Province Sud,988,98818,Nouméa,NOUMEA,0056,1168,807,361,788,19,0,Ecole Guy Champmoreau,ECOLE GUY CHAMPMOREAU,10,PS_liste_10,10,1.27,0.874,Ecole Guy CHAMPMOREAU,17 RUE PASCAL SIHAZE,ENSEIGNEMENT ET FORMATION,Enseignement du premier degré,Ecole primaire,166.452313565802,-22.2892161943525,etablissements_publics_nc,43,1807,N'Géa
provinciales_2019,,PS,Province Sud,988,98818,Nouméa,NOUMEA,0056,1168,807,361,788,19,0,Ecole Guy Champmoreau,ECOLE GUY CHAMPMOREAU,11,PS_liste_11,145,18.4,0.874,Ecole Guy CHAMPMOREAU,17 RUE PASCAL SIHAZE,ENSEIGNEMENT ET FORMATION,Enseignement du premier degré,Ecole primaire,166.452313565802,-22.2892161943525,etablissements_publics_nc,43,1807,N'Géa
provinciales_2019,,PS,Province Sud,988,98818,Nouméa,NOUMEA,0057,108,19,89,18,0,1,Mairie 3,MAIRIE 3,1,PS_liste_01,0,0,0.93,Hôtel de Ville de Nouméa,16 RUE DU GENERAL MANGIN,ADMINISTRATION ET ORGANISME,Administrations des collectivités,Administration de la commune de Nouméa,166.439401925184,-22.2714056104229,etablissements_publics_nc,58,1822,Centre ville
provinciales_2019,,PS,Province Sud,988,98818,Nouméa,NOUMEA,0057,108,19,89,18,0,1,Mairie 3,MAIRIE 3,2,PS_liste_02,1,5.56,0.93,Hôtel de Ville de Nouméa,16 RUE DU GENERAL MANGIN,ADMINISTRATION ET ORGANISME,Administrations des collectivités,Administration de la commune de Nouméa,166.439401925184,-22.2714056104229,etablissements_publics_nc,58,1822,Centre ville
provinciales_2019,,PS,Province Sud,988,98818,Nouméa,NOUMEA,0057,108,19,89,18,0,1,Mairie 3,MAIRIE 3,3,PS_liste_03,10,55.56,0.93,Hôtel de Ville de Nouméa,16 RUE DU GENERAL MANGIN,ADMINISTRATION ET ORGANISME,Administrations des collectivités,Administration de la commune de Nouméa,166.439401925184,-22.2714056104229,etablissements_publics_nc,58,1822,Centre ville
provinciales_2019,,PS,Province Sud,988,98818,Nouméa,NOUMEA,0057,108,19,89,18,0,1,Mairie 3,MAIRIE 3,4,PS_liste_04,0,0,0.93,Hôtel de Ville de Nouméa,16 RUE DU GENERAL MANGIN,ADMINISTRATION ET ORGANISME,Administrations des collectivités,Administration de la commune de Nouméa,166.439401925184,-22.2714056104229,etablissements_publics_nc,58,1822,Centre ville
provinciales_2019,,PS,Province Sud,988,98818,Nouméa,NOUMEA,0057,108,19,89,18,0,1,Mairie 3,MAIRIE 3,5,PS_liste_05,0,0,0.93,Hôtel de Ville de Nouméa,16 RUE DU GENERAL MANGIN,ADMINISTRATION ET ORGANISME,Administrations des collectivités,Administration de la commune de Nouméa,166.439401925184,-22.2714056104229,etablissements_publics_nc,58,1822,Centre ville
provinciales_2019,,PS,Province Sud,988,98818,Nouméa,NOUMEA,0057,108,19,89,18,0,1,Mairie 3,MAIRIE 3,6,PS_liste_06,3,16.67,0.93,Hôtel de Ville de Nouméa,16 RUE DU GENERAL MANGIN,ADMINISTRATION ET ORGANISME,Administrations des collectivités,Administration de la commune de Nouméa,166.439401925184,-22.2714056104229,etablissements_publics_nc,58,1822,Centre ville
provinciales_2019,,PS,Province Sud,988,98818,Nouméa,NOUMEA,0057,108,19,89,18,0,1,Mairie 3,MAIRIE 3,7,PS_liste_07,1,5.56,0.93,Hôtel de Ville de Nouméa,16 RUE DU GENERAL MANGIN,ADMINISTRATION ET ORGANISME,Administrations des collectivités,Administration de la commune de Nouméa,166.439401925184,-22.2714056104229,etablissements_publics_nc,58,1822,Centre ville
provinciales_2019,,PS,Province Sud,988,98818,Nouméa,NOUMEA,0057,108,19,89,18,0,1,Mairie 3,MAIRIE 3,8,PS_liste_08,1,5.56,0.93,Hôtel de Ville de Nouméa,16 RUE DU GENERAL MANGIN,ADMINISTRATION ET ORGANISME,Administrations des collectivités,Administration de la commune de Nouméa,166.439401925184,-22.2714056104229,etablissements_publics_nc,58,1822,Centre ville
provinciales_2019,,PS,Province Sud,988,98818,Nouméa,NOUMEA,0057,108,19,89,18,0,1,Mairie 3,MAIRIE 3,9,PS_liste_09,0,0,0.93,Hôtel de Ville de Nouméa,16 RUE DU GENERAL MANGIN,ADMINISTRATION ET ORGANISME,Administrations des collectivités,Administration de la commune de Nouméa,166.439401925184,-22.2714056104229,etablissements_publics_nc,58,1822,Centre ville
provinciales_2019,,PS,Province Sud,988,98818,Nouméa,NOUMEA,0057,108,19,89,18,0,1,Mairie 3,MAIRIE 3,10,PS_liste_10,0,0,0.93,Hôtel de Ville de Nouméa,16 RUE DU GENERAL MANGIN,ADMINISTRATION ET ORGANISME,Administrations des collectivités,Administration de la commune de Nouméa,166.439401925184,-22.2714056104229,etablissements_publics_nc,58,1822,Centre ville
provinciales_2019,,PS,Province Sud,988,98818,Nouméa,NOUMEA,0057,108,19,89,18,0,1,Mairie 3,MAIRIE 3,11,PS_liste_11,2,11.11,0.93,Hôtel de Ville de Nouméa,16 RUE DU GENERAL MANGIN,ADMINISTRATION ET ORGANISME,Administrations des collectivités,Administration de la commune de Nouméa,166.439401925184,-22.2714056104229,etablissements_publics_nc,58,1822,Centre ville
provinciales_2019,,PS,Province Sud,988,98821,Païta,PAITA,0001,457,312,145,304,6,2,Dock Socioculturel 1,DOCK SOCIOCULTUREL 1,1,PS_liste_01,6,1.97,0.973,Dock socioculturel,AVENUE JAMES PADDON,CULTUREL ET SOCIO EDUCATIF,Equipements culturels,Centre culturel maison culturelle et centre d'art,166.366370328351,-22.1294955354086,etablissements_publics_nc,91,2101,Paita centre
provinciales_2019,,PS,Province Sud,988,98821,Païta,PAITA,0001,457,312,145,304,6,2,Dock Socioculturel 1,DOCK SOCIOCULTUREL 1,2,PS_liste_02,4,1.32,0.973,Dock socioculturel,AVENUE JAMES PADDON,CULTUREL ET SOCIO EDUCATIF,Equipements culturels,Centre culturel maison culturelle et centre d'art,166.366370328351,-22.1294955354086,etablissements_publics_nc,91,2101,Paita centre
provinciales_2019,,PS,Province Sud,988,98821,Païta,PAITA,0001,457,312,145,304,6,2,Dock Socioculturel 1,DOCK SOCIOCULTUREL 1,3,PS_liste_03,85,27.96,0.973,Dock socioculturel,AVENUE JAMES PADDON,CULTUREL ET SOCIO EDUCATIF,Equipements culturels,Centre culturel maison culturelle et centre d'art,166.366370328351,-22.1294955354086,etablissements_publics_nc,91,2101,Paita centre
provinciales_2019,,PS,Province Sud,988,98821,Païta,PAITA,0001,457,312,145,304,6,2,Dock Socioculturel 1,DOCK SOCIOCULTUREL 1,4,PS_liste_04,7,2.3,0.973,Dock socioculturel,AVENUE JAMES PADDON,CULTUREL ET SOCIO EDUCATIF,Equipements culturels,Centre culturel maison culturelle et centre d'art,166.366370328351,-22.1294955354086,etablissements_publics_nc,91,2101,Paita centre
provinciales_2019,,PS,Province Sud,988,98821,Païta,PAITA,0001,457,312,145,304,6,2,Dock Socioculturel 1,DOCK SOCIOCULTUREL 1,5,PS_liste_05,4,1.32,0.973,Dock socioculturel,AVENUE JAMES PADDON,CULTUREL ET SOCIO EDUCATIF,Equipements culturels,Centre culturel maison culturelle et centre d'art,166.366370328351,-22.1294955354086,etablissements_publics_nc,91,2101,Paita centre
provinciales_2019,,PS,Province Sud,988,98821,Païta,PAITA,0001,457,312,145,304,6,2,Dock Socioculturel 1,DOCK SOCIOCULTUREL 1,6,PS_liste_06,64,21.05,0.973,Dock socioculturel,AVENUE JAMES PADDON,CULTUREL ET SOCIO EDUCATIF,Equipements culturels,Centre culturel maison culturelle et centre d'art,166.366370328351,-22.1294955354086,etablissements_publics_nc,91,2101,Paita centre
provinciales_2019,,PS,Province Sud,988,98821,Païta,PAITA,0001,457,312,145,304,6,2,Dock Socioculturel 1,DOCK SOCIOCULTUREL 1,7,PS_liste_07,56,18.42,0.973,Dock socioculturel,AVENUE JAMES PADDON,CULTUREL ET SOCIO EDUCATIF,Equipements culturels,Centre culturel maison culturelle et centre d'art,166.366370328351,-22.1294955354086,etablissements_publics_nc,91,2101,Paita centre
provinciales_2019,,PS,Province Sud,988,98821,Païta,PAITA,0001,457,312,145,304,6,2,Dock Socioculturel 1,DOCK SOCIOCULTUREL 1,8,PS_liste_08,6,1.97,0.973,Dock socioculturel,AVENUE JAMES PADDON,CULTUREL ET SOCIO EDUCATIF,Equipements culturels,Centre culturel maison culturelle et centre d'art,166.366370328351,-22.1294955354086,etablissements_publics_nc,91,2101,Paita centre
provinciales_2019,,PS,Province Sud,988,98821,Païta,PAITA,0001,457,312,145,304,6,2,Dock Socioculturel 1,DOCK SOCIOCULTUREL 1,9,PS_liste_09,12,3.95,0.973,Dock socioculturel,AVENUE JAMES PADDON,CULTUREL ET SOCIO EDUCATIF,Equipements culturels,Centre culturel maison culturelle et centre d'art,166.366370328351,-22.1294955354086,etablissements_publics_nc,91,2101,Paita centre
provinciales_2019,,PS,Province Sud,988,98821,Païta,PAITA,0001,457,312,145,304,6,2,Dock Socioculturel 1,DOCK SOCIOCULTUREL 1,10,PS_liste_10,7,2.3,0.973,Dock socioculturel,AVENUE JAMES PADDON,CULTUREL ET SOCIO EDUCATIF,Equipements culturels,Centre culturel maison culturelle et centre d'art,166.366370328351,-22.1294955354086,etablissements_publics_nc,91,2101,Paita centre
provinciales_2019,,PS,Province Sud,988,98821,Païta,PAITA,0001,457,312,145,304,6,2,Dock Socioculturel 1,DOCK SOCIOCULTUREL 1,11,PS_liste_11,53,17.43,0.973,Dock socioculturel,AVENUE JAMES PADDON,CULTUREL ET SOCIO EDUCATIF,Equipements culturels,Centre culturel maison culturelle et centre d'art,166.366370328351,-22.1294955354086,etablissements_publics_nc,91,2101,Paita centre
provinciales_2019,,PS,Province Sud,988,98821,Païta,PAITA,0002,618,437,181,431,5,1,Dock Socioculturel 2,DOCK SOCIOCULTUREL 2,1,PS_liste_01,3,0.7,0.973,Dock socioculturel,AVENUE JAMES PADDON,CULTUREL ET SOCIO EDUCATIF,Equipements culturels,Centre culturel maison culturelle et centre d'art,166.366370328351,-22.1294955354086,etablissements_publics_nc,91,2101,Paita centre
provinciales_2019,,PS,Province Sud,988,98821,Païta,PAITA,0002,618,437,181,431,5,1,Dock Socioculturel 2,DOCK SOCIOCULTUREL 2,2,PS_liste_02,5,1.16,0.973,Dock socioculturel,AVENUE JAMES PADDON,CULTUREL ET SOCIO EDUCATIF,Equipements culturels,Centre culturel maison culturelle et centre d'art,166.366370328351,-22.1294955354086,etablissements_publics_nc,91,2101,Paita centre
provinciales_2019,,PS,Province Sud,988,98821,Païta,PAITA,0002,618,437,181,431,5,1,Dock Socioculturel 2,DOCK SOCIOCULTUREL 2,3,PS_liste_03,69,16.01,0.973,Dock socioculturel,AVENUE JAMES PADDON,CULTUREL ET SOCIO EDUCATIF,Equipements culturels,Centre culturel maison culturelle et centre d'art,166.366370328351,-22.1294955354086,etablissements_publics_nc,91,2101,Paita centre
provinciales_2019,,PS,Province Sud,988,98821,Païta,PAITA,0002,618,437,181,431,5,1,Dock Socioculturel 2,DOCK SOCIOCULTUREL 2,4,PS_liste_04,5,1.16,0.973,Dock socioculturel,AVENUE JAMES PADDON,CULTUREL ET SOCIO EDUCATIF,Equipements culturels,Centre culturel maison culturelle et centre d'art,166.366370328351,-22.1294955354086,etablissements_publics_nc,91,2101,Paita centre
provinciales_2019,,PS,Province Sud,988,98821,Païta,PAITA,0002,618,437,181,431,5,1,Dock Socioculturel 2,DOCK SOCIOCULTUREL 2,5,PS_liste_05,30,6.96,0.973,Dock socioculturel,AVENUE JAMES PADDON,CULTUREL ET SOCIO EDUCATIF,Equipements culturels,Centre culturel maison culturelle et centre d'art,166.366370328351,-22.1294955354086,etablissements_publics_nc,91,2101,Paita centre
provinciales_2019,,PS,Province Sud,988,98821,Païta,PAITA,0002,618,437,181,431,5,1,Dock Socioculturel 2,DOCK SOCIOCULTUREL 2,6,PS_liste_06,195,45.24,0.973,Dock socioculturel,AVENUE JAMES PADDON,CULTUREL ET SOCIO EDUCATIF,Equipements culturels,Centre culturel maison culturelle et centre d'art,166.366370328351,-22.1294955354086,etablissements_publics_nc,91,2101,Paita centre
provinciales_2019,,PS,Province Sud,988,98821,Païta,PAITA,0002,618,437,181,431,5,1,Dock Socioculturel 2,DOCK SOCIOCULTUREL 2,7,PS_liste_07,33,7.66,0.973,Dock socioculturel,AVENUE JAMES PADDON,CULTUREL ET SOCIO EDUCATIF,Equipements culturels,Centre culturel maison culturelle et centre d'art,166.366370328351,-22.1294955354086,etablissements_publics_nc,91,2101,Paita centre
provinciales_2019,,PS,Province Sud,988,98821,Païta,PAITA,0002,618,437,181,431,5,1,Dock Socioculturel 2,DOCK SOCIOCULTUREL 2,8,PS_liste_08,11,2.55,0.973,Dock socioculturel,AVENUE JAMES PADDON,CULTUREL ET SOCIO EDUCATIF,Equipements culturels,Centre culturel maison culturelle et centre d'art,166.366370328351,-22.1294955354086,etablissements_publics_nc,91,2101,Paita centre
provinciales_2019,,PS,Province Sud,988,98821,Païta,PAITA,0002,618,437,181,431,5,1,Dock Socioculturel 2,DOCK SOCIOCULTUREL 2,9,PS_liste_09,9,2.09,0.973,Dock socioculturel,AVENUE JAMES PADDON,CULTUREL ET SOCIO EDUCATIF,Equipements culturels,Centre culturel maison culturelle et centre d'art,166.366370328351,-22.1294955354086,etablissements_publics_nc,91,2101,Paita centre
provinciales_2019,,PS,Province Sud,988,98821,Païta,PAITA,0002,618,437,181,431,5,1,Dock Socioculturel 2,DOCK SOCIOCULTUREL 2,10,PS_liste_10,21,4.87,0.973,Dock socioculturel,AVENUE JAMES PADDON,CULTUREL ET SOCIO EDUCATIF,Equipements culturels,Centre culturel maison culturelle et centre d'art,166.366370328351,-22.1294955354086,etablissements_publics_nc,91,2101,Paita centre
provinciales_2019,,PS,Province Sud,988,98821,Païta,PAITA,0002,618,437,181,431,5,1,Dock Socioculturel 2,DOCK SOCIOCULTUREL 2,11,PS_liste_11,50,11.6,0.973,Dock socioculturel,AVENUE JAMES PADDON,CULTUREL ET SOCIO EDUCATIF,Equipements culturels,Centre culturel maison culturelle et centre d'art,166.366370328351,-22.1294955354086,etablissements_publics_nc,91,2101,Paita centre
provinciales_2019,,PS,Province Sud,988,98821,Païta,PAITA,0003,640,433,207,425,6,2,Dock Socioculturel 3,DOCK SOCIOCULTUREL 3,1,PS_liste_01,7,1.65,0.973,Dock socioculturel,AVENUE JAMES PADDON,CULTUREL ET SOCIO EDUCATIF,Equipements culturels,Centre culturel maison culturelle et centre d'art,166.366370328351,-22.1294955354086,etablissements_publics_nc,91,2101,Paita centre
provinciales_2019,,PS,Province Sud,988,98821,Païta,PAITA,0003,640,433,207,425,6,2,Dock Socioculturel 3,DOCK SOCIOCULTUREL 3,2,PS_liste_02,20,4.71,0.973,Dock socioculturel,AVENUE JAMES PADDON,CULTUREL ET SOCIO EDUCATIF,Equipements culturels,Centre culturel maison culturelle et centre d'art,166.366370328351,-22.1294955354086,etablissements_publics_nc,91,2101,Paita centre
provinciales_2019,,PS,Province Sud,988,98821,Païta,PAITA,0003,640,433,207,425,6,2,Dock Socioculturel 3,DOCK SOCIOCULTUREL 3,3,PS_liste_03,136,32,0.973,Dock socioculturel,AVENUE JAMES PADDON,CULTUREL ET SOCIO EDUCATIF,Equipements culturels,Centre culturel maison culturelle et centre d'art,166.366370328351,-22.1294955354086,etablissements_publics_nc,91,2101,Paita centre
provinciales_2019,,PS,Province Sud,988,98821,Païta,PAITA,0003,640,433,207,425,6,2,Dock Socioculturel 3,DOCK SOCIOCULTUREL 3,4,PS_liste_04,8,1.88,0.973,Dock socioculturel,AVENUE JAMES PADDON,CULTUREL ET SOCIO EDUCATIF,Equipements culturels,Centre culturel maison culturelle et centre d'art,166.366370328351,-22.1294955354086,etablissements_publics_nc,91,2101,Paita centre
provinciales_2019,,PS,Province Sud,988,98821,Païta,PAITA,0003,640,433,207,425,6,2,Dock Socioculturel 3,DOCK SOCIOCULTUREL 3,5,PS_liste_05,3,0.71,0.973,Dock socioculturel,AVENUE JAMES PADDON,CULTUREL ET SOCIO EDUCATIF,Equipements culturels,Centre culturel maison culturelle et centre d'art,166.366370328351,-22.1294955354086,etablissements_publics_nc,91,2101,Paita centre
provinciales_2019,,PS,Province Sud,988,98821,Païta,PAITA,0003,640,433,207,425,6,2,Dock Socioculturel 3,DOCK SOCIOCULTUREL 3,6,PS_liste_06,74,17.41,0.973,Dock socioculturel,AVENUE JAMES PADDON,CULTUREL ET SOCIO EDUCATIF,Equipements culturels,Centre culturel maison culturelle et centre d'art,166.366370328351,-22.1294955354086,etablissements_publics_nc,91,2101,Paita centre
provinciales_2019,,PS,Province Sud,988,98821,Païta,PAITA,0003,640,433,207,425,6,2,Dock Socioculturel 3,DOCK SOCIOCULTUREL 3,7,PS_liste_07,54,12.71,0.973,Dock socioculturel,AVENUE JAMES PADDON,CULTUREL ET SOCIO EDUCATIF,Equipements culturels,Centre culturel maison culturelle et centre d'art,166.366370328351,-22.1294955354086,etablissements_publics_nc,91,2101,Paita centre
provinciales_2019,,PS,Province Sud,988,98821,Païta,PAITA,0003,640,433,207,425,6,2,Dock Socioculturel 3,DOCK SOCIOCULTUREL 3,8,PS_liste_08,13,3.06,0.973,Dock socioculturel,AVENUE JAMES PADDON,CULTUREL ET SOCIO EDUCATIF,Equipements culturels,Centre culturel maison culturelle et centre d'art,166.366370328351,-22.1294955354086,etablissements_publics_nc,91,2101,Paita centre
provinciales_2019,,PS,Province Sud,988,98821,Païta,PAITA,0003,640,433,207,425,6,2,Dock Socioculturel 3,DOCK SOCIOCULTUREL 3,9,PS_liste_09,16,3.76,0.973,Dock socioculturel,AVENUE JAMES PADDON,CULTUREL ET SOCIO EDUCATIF,Equipements culturels,Centre culturel maison culturelle et centre d'art,166.366370328351,-22.1294955354086,etablissements_publics_nc,91,2101,Paita centre
provinciales_2019,,PS,Province Sud,988,98821,Païta,PAITA,0003,640,433,207,425,6,2,Dock Socioculturel 3,DOCK SOCIOCULTUREL 3,10,PS_liste_10,20,4.71,0.973,Dock socioculturel,AVENUE JAMES PADDON,CULTUREL ET SOCIO EDUCATIF,Equipements culturels,Centre culturel maison culturelle et centre d'art,166.366370328351,-22.1294955354086,etablissements_publics_nc,91,2101,Paita centre
provinciales_2019,,PS,Province Sud,988,98821,Païta,PAITA,0003,640,433,207,425,6,2,Dock Socioculturel 3,DOCK SOCIOCULTUREL 3,11,PS_liste_11,74,17.41,0.973,Dock socioculturel,AVENUE JAMES PADDON,CULTUREL ET SOCIO EDUCATIF,Equipements culturels,Centre culturel maison culturelle et centre d'art,166.366370328351,-22.1294955354086,etablissements_publics_nc,91,2101,Paita centre
provinciales_2019,,PS,Province Sud,988,98821,Païta,PAITA,0004,345,242,103,233,6,3,Dock Socioculturel 4,DOCK SOCIOCULTUREL 4,1,PS_liste_01,2,0.86,0.973,Dock socioculturel,AVENUE JAMES PADDON,CULTUREL ET SOCIO EDUCATIF,Equipements culturels,Centre culturel maison culturelle et centre d'art,166.366370328351,-22.1294955354086,etablissements_publics_nc,91,2101,Paita centre
provinciales_2019,,PS,Province Sud,988,98821,Païta,PAITA,0004,345,242,103,233,6,3,Dock Socioculturel 4,DOCK SOCIOCULTUREL 4,2,PS_liste_02,12,5.15,0.973,Dock socioculturel,AVENUE JAMES PADDON,CULTUREL ET SOCIO EDUCATIF,Equipements culturels,Centre culturel maison culturelle et centre d'art,166.366370328351,-22.1294955354086,etablissements_publics_nc,91,2101,Paita centre
provinciales_2019,,PS,Province Sud,988,98821,Païta,PAITA,0004,345,242,103,233,6,3,Dock Socioculturel 4,DOCK SOCIOCULTUREL 4,3,PS_liste_03,117,50.21,0.973,Dock socioculturel,AVENUE JAMES PADDON,CULTUREL ET SOCIO EDUCATIF,Equipements culturels,Centre culturel maison culturelle et centre d'art,166.366370328351,-22.1294955354086,etablissements_publics_nc,91,2101,Paita centre
provinciales_2019,,PS,Province Sud,988,98821,Païta,PAITA,0004,345,242,103,233,6,3,Dock Socioculturel 4,DOCK SOCIOCULTUREL 4,4,PS_liste_04,3,1.29,0.973,Dock socioculturel,AVENUE JAMES PADDON,CULTUREL ET SOCIO EDUCATIF,Equipements culturels,Centre culturel maison culturelle et centre d'art,166.366370328351,-22.1294955354086,etablissements_publics_nc,91,2101,Paita centre
provinciales_2019,,PS,Province Sud,988,98821,Païta,PAITA,0004,345,242,103,233,6,3,Dock Socioculturel 4,DOCK SOCIOCULTUREL 4,5,PS_liste_05,3,1.29,0.973,Dock socioculturel,AVENUE JAMES PADDON,CULTUREL ET SOCIO EDUCATIF,Equipements culturels,Centre culturel maison culturelle et centre d'art,166.366370328351,-22.1294955354086,etablissements_publics_nc,91,2101,Paita centre
provinciales_2019,,PS,Province Sud,988,98821,Païta,PAITA,0004,345,242,103,233,6,3,Dock Socioculturel 4,DOCK SOCIOCULTUREL 4,6,PS_liste_06,30,12.88,0.973,Dock socioculturel,AVENUE JAMES PADDON,CULTUREL ET SOCIO EDUCATIF,Equipements culturels,Centre culturel maison culturelle et centre d'art,166.366370328351,-22.1294955354086,etablissements_publics_nc,91,2101,Paita centre
provinciales_2019,,PS,Province Sud,988,98821,Païta,PAITA,0004,345,242,103,233,6,3,Dock Socioculturel 4,DOCK SOCIOCULTUREL 4,7,PS_liste_07,20,8.58,0.973,Dock socioculturel,AVENUE JAMES PADDON,CULTUREL ET SOCIO EDUCATIF,Equipements culturels,Centre culturel maison culturelle et centre d'art,166.366370328351,-22.1294955354086,etablissements_publics_nc,91,2101,Paita centre
provinciales_2019,,PS,Province Sud,988,98821,Païta,PAITA,0004,345,242,103,233,6,3,Dock Socioculturel 4,DOCK SOCIOCULTUREL 4,8,PS_liste_08,9,3.86,0.973,Dock socioculturel,AVENUE JAMES PADDON,CULTUREL ET SOCIO EDUCATIF,Equipements culturels,Centre culturel maison culturelle et centre d'art,166.366370328351,-22.1294955354086,etablissements_publics_nc,91,2101,Paita centre
provinciales_2019,,PS,Province Sud,988,98821,Païta,PAITA,0004,345,242,103,233,6,3,Dock Socioculturel 4,DOCK SOCIOCULTUREL 4,9,PS_liste_09,1,0.43,0.973,Dock socioculturel,AVENUE JAMES PADDON,CULTUREL ET SOCIO EDUCATIF,Equipements culturels,Centre culturel maison culturelle et centre d'art,166.366370328351,-22.1294955354086,etablissements_publics_nc,91,2101,Paita centre
provinciales_2019,,PS,Province Sud,988,98821,Païta,PAITA,0004,345,242,103,233,6,3,Dock Socioculturel 4,DOCK SOCIOCULTUREL 4,10,PS_liste_10,2,0.86,0.973,Dock socioculturel,AVENUE JAMES PADDON,CULTUREL ET SOCIO EDUCATIF,Equipements culturels,Centre culturel maison culturelle et centre d'art,166.366370328351,-22.1294955354086,etablissements_publics_nc,91,2101,Paita centre
provinciales_2019,,PS,Province Sud,988,98821,Païta,PAITA,0004,345,242,103,233,6,3,Dock Socioculturel 4,DOCK SOCIOCULTUREL 4,11,PS_liste_11,34,14.59,0.973,Dock socioculturel,AVENUE JAMES PADDON,CULTUREL ET SOCIO EDUCATIF,Equipements culturels,Centre culturel maison culturelle et centre d'art,166.366370328351,-22.1294955354086,etablissements_publics_nc,91,2101,Paita centre
provinciales_2019,,PS,Province Sud,988,98821,Païta,PAITA,0005,712,506,206,486,16,4,Dock Socioculturel 5,DOCK SOCIOCULTUREL 5,1,PS_liste_01,7,1.44,0.973,Dock socioculturel,AVENUE JAMES PADDON,CULTUREL ET SOCIO EDUCATIF,Equipements culturels,Centre culturel maison culturelle et centre d'art,166.366370328351,-22.1294955354086,etablissements_publics_nc,91,2101,Paita centre
provinciales_2019,,PS,Province Sud,988,98821,Païta,PAITA,0005,712,506,206,486,16,4,Dock Socioculturel 5,DOCK SOCIOCULTUREL 5,2,PS_liste_02,17,3.5,0.973,Dock socioculturel,AVENUE JAMES PADDON,CULTUREL ET SOCIO EDUCATIF,Equipements culturels,Centre culturel maison culturelle et centre d'art,166.366370328351,-22.1294955354086,etablissements_publics_nc,91,2101,Paita centre
provinciales_2019,,PS,Province Sud,988,98821,Païta,PAITA,0005,712,506,206,486,16,4,Dock Socioculturel 5,DOCK SOCIOCULTUREL 5,3,PS_liste_03,196,40.33,0.973,Dock socioculturel,AVENUE JAMES PADDON,CULTUREL ET SOCIO EDUCATIF,Equipements culturels,Centre culturel maison culturelle et centre d'art,166.366370328351,-22.1294955354086,etablissements_publics_nc,91,2101,Paita centre
provinciales_2019,,PS,Province Sud,988,98821,Païta,PAITA,0005,712,506,206,486,16,4,Dock Socioculturel 5,DOCK SOCIOCULTUREL 5,4,PS_liste_04,3,0.62,0.973,Dock socioculturel,AVENUE JAMES PADDON,CULTUREL ET SOCIO EDUCATIF,Equipements culturels,Centre culturel maison culturelle et centre d'art,166.366370328351,-22.1294955354086,etablissements_publics_nc,91,2101,Paita centre
provinciales_2019,,PS,Province Sud,988,98821,Païta,PAITA,0005,712,506,206,486,16,4,Dock Socioculturel 5,DOCK SOCIOCULTUREL 5,5,PS_liste_05,3,0.62,0.973,Dock socioculturel,AVENUE JAMES PADDON,CULTUREL ET SOCIO EDUCATIF,Equipements culturels,Centre culturel maison culturelle et centre d'art,166.366370328351,-22.1294955354086,etablissements_publics_nc,91,2101,Paita centre
provinciales_2019,,PS,Province Sud,988,98821,Païta,PAITA,0005,712,506,206,486,16,4,Dock Socioculturel 5,DOCK SOCIOCULTUREL 5,6,PS_liste_06,106,21.81,0.973,Dock socioculturel,AVENUE JAMES PADDON,CULTUREL ET SOCIO EDUCATIF,Equipements culturels,Centre culturel maison culturelle et centre d'art,166.366370328351,-22.1294955354086,etablissements_publics_nc,91,2101,Paita centre
provinciales_2019,,PS,Province Sud,988,98821,Païta,PAITA,0005,712,506,206,486,16,4,Dock Socioculturel 5,DOCK SOCIOCULTUREL 5,7,PS_liste_07,46,9.47,0.973,Dock socioculturel,AVENUE JAMES PADDON,CULTUREL ET SOCIO EDUCATIF,Equipements culturels,Centre culturel maison culturelle et centre d'art,166.366370328351,-22.1294955354086,etablissements_publics_nc,91,2101,Paita centre
provinciales_2019,,PS,Province Sud,988,98821,Païta,PAITA,0005,712,506,206,486,16,4,Dock Socioculturel 5,DOCK SOCIOCULTUREL 5,8,PS_liste_08,9,1.85,0.973,Dock socioculturel,AVENUE JAMES PADDON,CULTUREL ET SOCIO EDUCATIF,Equipements culturels,Centre culturel maison culturelle et centre d'art,166.366370328351,-22.1294955354086,etablissements_publics_nc,91,2101,Paita centre
provinciales_2019,,PS,Province Sud,988,98821,Païta,PAITA,0005,712,506,206,486,16,4,Dock Socioculturel 5,DOCK SOCIOCULTUREL 5,9,PS_liste_09,15,3.09,0.973,Dock socioculturel,AVENUE JAMES PADDON,CULTUREL ET SOCIO EDUCATIF,Equipements culturels,Centre culturel maison culturelle et centre d'art,166.366370328351,-22.1294955354086,etablissements_publics_nc,91,2101,Paita centre
provinciales_2019,,PS,Province Sud,988,98821,Païta,PAITA,0005,712,506,206,486,16,4,Dock Socioculturel 5,DOCK SOCIOCULTUREL 5,10,PS_liste_10,7,1.44,0.973,Dock socioculturel,AVENUE JAMES PADDON,CULTUREL ET SOCIO EDUCATIF,Equipements culturels,Centre culturel maison culturelle et centre d'art,166.366370328351,-22.1294955354086,etablissements_publics_nc,91,2101,Paita centre
provinciales_2019,,PS,Province Sud,988,98821,Païta,PAITA,0005,712,506,206,486,16,4,Dock Socioculturel 5,DOCK SOCIOCULTUREL 5,11,PS_liste_11,77,15.84,0.973,Dock socioculturel,AVENUE JAMES PADDON,CULTUREL ET SOCIO EDUCATIF,Equipements culturels,Centre culturel maison culturelle et centre d'art,166.366370328351,-22.1294955354086,etablissements_publics_nc,91,2101,Paita centre
provinciales_2019,,PS,Province Sud,988,98821,Païta,PAITA,0006,702,430,272,425,4,1,Mairie,MAIRIE,1,PS_liste_01,17,4,0.98,Mairie de Païta,,ADMINISTRATION ET ORGANISME,Administrations des collectivités,Administration de la commune de Païta,166.361658608639,-22.1291986951984,etablissements_publics_nc,91,2101,Paita centre
provinciales_2019,,PS,Province Sud,988,98821,Païta,PAITA,0006,702,430,272,425,4,1,Mairie,MAIRIE,2,PS_liste_02,8,1.88,0.98,Mairie de Païta,,ADMINISTRATION ET ORGANISME,Administrations des collectivités,Administration de la commune de Païta,166.361658608639,-22.1291986951984,etablissements_publics_nc,91,2101,Paita centre
provinciales_2019,,PS,Province Sud,988,98821,Païta,PAITA,0006,702,430,272,425,4,1,Mairie,MAIRIE,3,PS_liste_03,153,36,0.98,Mairie de Païta,,ADMINISTRATION ET ORGANISME,Administrations des collectivités,Administration de la commune de Païta,166.361658608639,-22.1291986951984,etablissements_publics_nc,91,2101,Paita centre
provinciales_2019,,PS,Province Sud,988,98821,Païta,PAITA,0006,702,430,272,425,4,1,Mairie,MAIRIE,4,PS_liste_04,22,5.18,0.98,Mairie de Païta,,ADMINISTRATION ET ORGANISME,Administrations des collectivités,Administration de la commune de Païta,166.361658608639,-22.1291986951984,etablissements_publics_nc,91,2101,Paita centre
provinciales_2019,,PS,Province Sud,988,98821,Païta,PAITA,0006,702,430,272,425,4,1,Mairie,MAIRIE,5,PS_liste_05,3,0.71,0.98,Mairie de Païta,,ADMINISTRATION ET ORGANISME,Administrations des collectivités,Administration de la commune de Païta,166.361658608639,-22.1291986951984,etablissements_publics_nc,91,2101,Paita centre
provinciales_2019,,PS,Province Sud,988,98821,Païta,PAITA,0006,702,430,272,425,4,1,Mairie,MAIRIE,6,PS_liste_06,17,4,0.98,Mairie de Païta,,ADMINISTRATION ET ORGANISME,Administrations des collectivités,Administration de la commune de Païta,166.361658608639,-22.1291986951984,etablissements_publics_nc,91,2101,Paita centre
provinciales_2019,,PS,Province Sud,988,98821,Païta,PAITA,0006,702,430,272,425,4,1,Mairie,MAIRIE,7,PS_liste_07,158,37.18,0.98,Mairie de Païta,,ADMINISTRATION ET ORGANISME,Administrations des collectivités,Administration de la commune de Païta,166.361658608639,-22.1291986951984,etablissements_publics_nc,91,2101,Paita centre
provinciales_2019,,PS,Province Sud,988,98821,Païta,PAITA,0006,702,430,272,425,4,1,Mairie,MAIRIE,8,PS_liste_08,9,2.12,0.98,Mairie de Païta,,ADMINISTRATION ET ORGANISME,Administrations des collectivités,Administration de la commune de Païta,166.361658608639,-22.1291986951984,etablissements_publics_nc,91,2101,Paita centre
provinciales_2019,,PS,Province Sud,988,98821,Païta,PAITA,0006,702,430,272,425,4,1,Mairie,MAIRIE,9,PS_liste_09,7,1.65,0.98,Mairie de Païta,,ADMINISTRATION ET ORGANISME,Administrations des collectivités,Administration de la commune de Païta,166.361658608639,-22.1291986951984,etablissements_publics_nc,91,2101,Paita centre
provinciales_2019,,PS,Province Sud,988,98821,Païta,PAITA,0006,702,430,272,425,4,1,Mairie,MAIRIE,10,PS_liste_10,5,1.18,0.98,Mairie de Païta,,ADMINISTRATION ET ORGANISME,Administrations des collectivités,Administration de la commune de Païta,166.361658608639,-22.1291986951984,etablissements_publics_nc,91,2101,Paita centre
provinciales_2019,,PS,Province Sud,988,98821,Païta,PAITA,0006,702,430,272,425,4,1,Mairie,MAIRIE,11,PS_liste_11,26,6.12,0.98,Mairie de Païta,,ADMINISTRATION ET ORGANISME,Administrations des collectivités,Administration de la commune de Païta,166.361658608639,-22.1291986951984,etablissements_publics_nc,91,2101,Paita centre
provinciales_2019,,PS,Province Sud,988,98821,Païta,PAITA,0007,731,494,237,478,12,4,Ecole Vi Vete,ECOLE VI VETE,1,PS_liste_01,6,1.26,0.669,Ecole maternelle Vi-Vete,,ENSEIGNEMENT ET FORMATION,Enseignement du premier degré,Ecole pré-élémentaire,166.356291724406,-22.134484419519,etablissements_publics_nc,91,2101,Paita centre
provinciales_2019,,PS,Province Sud,988,98821,Païta,PAITA,0007,731,494,237,478,12,4,Ecole Vi Vete,ECOLE VI VETE,2,PS_liste_02,10,2.09,0.669,Ecole maternelle Vi-Vete,,ENSEIGNEMENT ET FORMATION,Enseignement du premier degré,Ecole pré-élémentaire,166.356291724406,-22.134484419519,etablissements_publics_nc,91,2101,Paita centre
provinciales_2019,,PS,Province Sud,988,98821,Païta,PAITA,0007,731,494,237,478,12,4,Ecole Vi Vete,ECOLE VI VETE,3,PS_liste_03,105,21.97,0.669,Ecole maternelle Vi-Vete,,ENSEIGNEMENT ET FORMATION,Enseignement du premier degré,Ecole pré-élémentaire,166.356291724406,-22.134484419519,etablissements_publics_nc,91,2101,Paita centre
provinciales_2019,,PS,Province Sud,988,98821,Païta,PAITA,0007,731,494,237,478,12,4,Ecole Vi Vete,ECOLE VI VETE,4,PS_liste_04,5,1.05,0.669,Ecole maternelle Vi-Vete,,ENSEIGNEMENT ET FORMATION,Enseignement du premier degré,Ecole pré-élémentaire,166.356291724406,-22.134484419519,etablissements_publics_nc,91,2101,Paita centre
provinciales_2019,,PS,Province Sud,988,98821,Païta,PAITA,0007,731,494,237,478,12,4,Ecole Vi Vete,ECOLE VI VETE,5,PS_liste_05,10,2.09,0.669,Ecole maternelle Vi-Vete,,ENSEIGNEMENT ET FORMATION,Enseignement du premier degré,Ecole pré-élémentaire,166.356291724406,-22.134484419519,etablissements_publics_nc,91,2101,Paita centre
provinciales_2019,,PS,Province Sud,988,98821,Païta,PAITA,0007,731,494,237,478,12,4,Ecole Vi Vete,ECOLE VI VETE,6,PS_liste_06,189,39.54,0.669,Ecole maternelle Vi-Vete,,ENSEIGNEMENT ET FORMATION,Enseignement du premier degré,Ecole pré-élémentaire,166.356291724406,-22.134484419519,etablissements_publics_nc,91,2101,Paita centre
provinciales_2019,,PS,Province Sud,988,98821,Païta,PAITA,0007,731,494,237,478,12,4,Ecole Vi Vete,ECOLE VI VETE,7,PS_liste_07,57,11.92,0.669,Ecole maternelle Vi-Vete,,ENSEIGNEMENT ET FORMATION,Enseignement du premier degré,Ecole pré-élémentaire,166.356291724406,-22.134484419519,etablissements_publics_nc,91,2101,Paita centre
provinciales_2019,,PS,Province Sud,988,98821,Païta,PAITA,0007,731,494,237,478,12,4,Ecole Vi Vete,ECOLE VI VETE,8,PS_liste_08,10,2.09,0.669,Ecole maternelle Vi-Vete,,ENSEIGNEMENT ET FORMATION,Enseignement du premier degré,Ecole pré-élémentaire,166.356291724406,-22.134484419519,etablissements_publics_nc,91,2101,Paita centre
provinciales_2019,,PS,Province Sud,988,98821,Païta,PAITA,0007,731,494,237,478,12,4,Ecole Vi Vete,ECOLE VI VETE,9,PS_liste_09,8,1.67,0.669,Ecole maternelle Vi-Vete,,ENSEIGNEMENT ET FORMATION,Enseignement du premier degré,Ecole pré-élémentaire,166.356291724406,-22.134484419519,etablissements_publics_nc,91,2101,Paita centre
provinciales_2019,,PS,Province Sud,988,98821,Païta,PAITA,0007,731,494,237,478,12,4,Ecole Vi Vete,ECOLE VI VETE,10,PS_liste_10,20,4.18,0.669,Ecole maternelle Vi-Vete,,ENSEIGNEMENT ET FORMATION,Enseignement du premier degré,Ecole pré-élémentaire,166.356291724406,-22.134484419519,etablissements_publics_nc,91,2101,Paita centre
provinciales_2019,,PS,Province Sud,988,98821,Païta,PAITA,0007,731,494,237,478,12,4,Ecole Vi Vete,ECOLE VI VETE,11,PS_liste_11,58,12.13,0.669,Ecole maternelle Vi-Vete,,ENSEIGNEMENT ET FORMATION,Enseignement du premier degré,Ecole pré-élémentaire,166.356291724406,-22.134484419519,etablissements_publics_nc,91,2101,Paita centre
provinciales_2019,,PS,Province Sud,988,98821,Païta,PAITA,0008,700,476,224,469,7,0,Ecole James Paddon,ECOLE JAMES PADDON,1,PS_liste_01,4,0.85,0.8,Ecole James Paddon,,ENSEIGNEMENT ET FORMATION,Enseignement du premier degré,Ecole élémentaire,166.359353160601,-22.1337644237458,etablissements_publics_nc,91,2101,Paita centre
provinciales_2019,,PS,Province Sud,988,98821,Païta,PAITA,0008,700,476,224,469,7,0,Ecole James Paddon,ECOLE JAMES PADDON,2,PS_liste_02,16,3.41,0.8,Ecole James Paddon,,ENSEIGNEMENT ET FORMATION,Enseignement du premier degré,Ecole élémentaire,166.359353160601,-22.1337644237458,etablissements_publics_nc,91,2101,Paita centre
provinciales_2019,,PS,Province Sud,988,98821,Païta,PAITA,0008,700,476,224,469,7,0,Ecole James Paddon,ECOLE JAMES PADDON,3,PS_liste_03,219,46.7,0.8,Ecole James Paddon,,ENSEIGNEMENT ET FORMATION,Enseignement du premier degré,Ecole élémentaire,166.359353160601,-22.1337644237458,etablissements_publics_nc,91,2101,Paita centre
provinciales_2019,,PS,Province Sud,988,98821,Païta,PAITA,0008,700,476,224,469,7,0,Ecole James Paddon,ECOLE JAMES PADDON,4,PS_liste_04,10,2.13,0.8,Ecole James Paddon,,ENSEIGNEMENT ET FORMATION,Enseignement du premier degré,Ecole élémentaire,166.359353160601,-22.1337644237458,etablissements_publics_nc,91,2101,Paita centre
provinciales_2019,,PS,Province Sud,988,98821,Païta,PAITA,0008,700,476,224,469,7,0,Ecole James Paddon,ECOLE JAMES PADDON,5,PS_liste_05,3,0.64,0.8,Ecole James Paddon,,ENSEIGNEMENT ET FORMATION,Enseignement du premier degré,Ecole élémentaire,166.359353160601,-22.1337644237458,etablissements_publics_nc,91,2101,Paita centre
provinciales_2019,,PS,Province Sud,988,98821,Païta,PAITA,0008,700,476,224,469,7,0,Ecole James Paddon,ECOLE JAMES PADDON,6,PS_liste_06,96,20.47,0.8,Ecole James Paddon,,ENSEIGNEMENT ET FORMATION,Enseignement du premier degré,Ecole élémentaire,166.359353160601,-22.1337644237458,etablissements_publics_nc,91,2101,Paita centre
provinciales_2019,,PS,Province Sud,988,98821,Païta,PAITA,0008,700,476,224,469,7,0,Ecole James Paddon,ECOLE JAMES PADDON,7,PS_liste_07,33,7.04,0.8,Ecole James Paddon,,ENSEIGNEMENT ET FORMATION,Enseignement du premier degré,Ecole élémentaire,166.359353160601,-22.1337644237458,etablissements_publics_nc,91,2101,Paita centre
provinciales_2019,,PS,Province Sud,988,98821,Païta,PAITA,0008,700,476,224,469,7,0,Ecole James Paddon,ECOLE JAMES PADDON,8,PS_liste_08,9,1.92,0.8,Ecole James Paddon,,ENSEIGNEMENT ET FORMATION,Enseignement du premier degré,Ecole élémentaire,166.359353160601,-22.1337644237458,etablissements_publics_nc,91,2101,Paita centre
provinciales_2019,,PS,Province Sud,988,98821,Païta,PAITA,0008,700,476,224,469,7,0,Ecole James Paddon,ECOLE JAMES PADDON,9,PS_liste_09,9,1.92,0.8,Ecole James Paddon,,ENSEIGNEMENT ET FORMATION,Enseignement du premier degré,Ecole élémentaire,166.359353160601,-22.1337644237458,etablissements_publics_nc,91,2101,Paita centre
provinciales_2019,,PS,Province Sud,988,98821,Païta,PAITA,0008,700,476,224,469,7,0,Ecole James Paddon,ECOLE JAMES PADDON,10,PS_liste_10,13,2.77,0.8,Ecole James Paddon,,ENSEIGNEMENT ET FORMATION,Enseignement du premier degré,Ecole élémentaire,166.359353160601,-22.1337644237458,etablissements_publics_nc,91,2101,Paita centre
provinciales_2019,,PS,Province Sud,988,98821,Païta,PAITA,0008,700,476,224,469,7,0,Ecole James Paddon,ECOLE JAMES PADDON,11,PS_liste_11,57,12.15,0.8,Ecole James Paddon,,ENSEIGNEMENT ET FORMATION,Enseignement du premier degré,Ecole élémentaire,166.359353160601,-22.1337644237458,etablissements_publics_nc,91,2101,Paita centre
provinciales_2019,,PS,Province Sud,988,98821,Païta,PAITA,0009,698,404,294,383,18,3,Ecole Élémentaire Les Scheffleras - 1,ECOLE ELEMENTAIRE LES SCHEFFLERAS 1,1,PS_liste_01,14,3.66,1,Ecole Scheffleras,,ENSEIGNEMENT ET FORMATION,Enseignement du premier degré,Ecole élémentaire,166.36989887391,-22.1257398247667,etablissements_publics_nc,92,2102,Scheffleras
provinciales_2019,,PS,Province Sud,988,98821,Païta,PAITA,0009,698,404,294,383,18,3,Ecole Élémentaire Les Scheffleras - 1,ECOLE ELEMENTAIRE LES SCHEFFLERAS 1,2,PS_liste_02,14,3.66,1,Ecole Scheffleras,,ENSEIGNEMENT ET FORMATION,Enseignement du premier degré,Ecole élémentaire,166.36989887391,-22.1257398247667,etablissements_publics_nc,92,2102,Scheffleras
provinciales_2019,,PS,Province Sud,988,98821,Païta,PAITA,0009,698,404,294,383,18,3,Ecole Élémentaire Les Scheffleras - 1,ECOLE ELEMENTAIRE LES SCHEFFLERAS 1,3,PS_liste_03,62,16.19,1,Ecole Scheffleras,,ENSEIGNEMENT ET FORMATION,Enseignement du premier degré,Ecole élémentaire,166.36989887391,-22.1257398247667,etablissements_publics_nc,92,2102,Scheffleras
provinciales_2019,,PS,Province Sud,988,98821,Païta,PAITA,0009,698,404,294,383,18,3,Ecole Élémentaire Les Scheffleras - 1,ECOLE ELEMENTAIRE LES SCHEFFLERAS 1,4,PS_liste_04,6,1.57,1,Ecole Scheffleras,,ENSEIGNEMENT ET FORMATION,Enseignement du premier degré,Ecole élémentaire,166.36989887391,-22.1257398247667,etablissements_publics_nc,92,2102,Scheffleras
provinciales_2019,,PS,Province Sud,988,98821,Païta,PAITA,0009,698,404,294,383,18,3,Ecole Élémentaire Les Scheffleras - 1,ECOLE ELEMENTAIRE LES SCHEFFLERAS 1,5,PS_liste_05,4,1.04,1,Ecole Scheffleras,,ENSEIGNEMENT ET FORMATION,Enseignement du premier degré,Ecole élémentaire,166.36989887391,-22.1257398247667,etablissements_publics_nc,92,2102,Scheffleras
provinciales_2019,,PS,Province Sud,988,98821,Païta,PAITA,0009,698,404,294,383,18,3,Ecole Élémentaire Les Scheffleras - 1,ECOLE ELEMENTAIRE LES SCHEFFLERAS 1,6,PS_liste_06,111,28.98,1,Ecole Scheffleras,,ENSEIGNEMENT ET FORMATION,Enseignement du premier degré,Ecole élémentaire,166.36989887391,-22.1257398247667,etablissements_publics_nc,92,2102,Scheffleras
provinciales_2019,,PS,Province Sud,988,98821,Païta,PAITA,0009,698,404,294,383,18,3,Ecole Élémentaire Les Scheffleras - 1,ECOLE ELEMENTAIRE LES SCHEFFLERAS 1,7,PS_liste_07,69,18.02,1,Ecole Scheffleras,,ENSEIGNEMENT ET FORMATION,Enseignement du premier degré,Ecole élémentaire,166.36989887391,-22.1257398247667,etablissements_publics_nc,92,2102,Scheffleras
provinciales_2019,,PS,Province Sud,988,98821,Païta,PAITA,0009,698,404,294,383,18,3,Ecole Élémentaire Les Scheffleras - 1,ECOLE ELEMENTAIRE LES SCHEFFLERAS 1,8,PS_liste_08,6,1.57,1,Ecole Scheffleras,,ENSEIGNEMENT ET FORMATION,Enseignement du premier degré,Ecole élémentaire,166.36989887391,-22.1257398247667,etablissements_publics_nc,92,2102,Scheffleras
provinciales_2019,,PS,Province Sud,988,98821,Païta,PAITA,0009,698,404,294,383,18,3,Ecole Élémentaire Les Scheffleras - 1,ECOLE ELEMENTAIRE LES SCHEFFLERAS 1,9,PS_liste_09,7,1.83,1,Ecole Scheffleras,,ENSEIGNEMENT ET FORMATION,Enseignement du premier degré,Ecole élémentaire,166.36989887391,-22.1257398247667,etablissements_publics_nc,92,2102,Scheffleras
provinciales_2019,,PS,Province Sud,988,98821,Païta,PAITA,0009,698,404,294,383,18,3,Ecole Élémentaire Les Scheffleras - 1,ECOLE ELEMENTAIRE LES SCHEFFLERAS 1,10,PS_liste_10,16,4.18,1,Ecole Scheffleras,,ENSEIGNEMENT ET FORMATION,Enseignement du premier degré,Ecole élémentaire,166.36989887391,-22.1257398247667,etablissements_publics_nc,92,2102,Scheffleras
provinciales_2019,,PS,Province Sud,988,98821,Païta,PAITA,0009,698,404,294,383,18,3,Ecole Élémentaire Les Scheffleras - 1,ECOLE ELEMENTAIRE LES SCHEFFLERAS 1,11,PS_liste_11,74,19.32,1,Ecole Scheffleras,,ENSEIGNEMENT ET FORMATION,Enseignement du premier degré,Ecole élémentaire,166.36989887391,-22.1257398247667,etablissements_publics_nc,92,2102,Scheffleras
provinciales_2019,,PS,Province Sud,988,98821,Païta,PAITA,0010,734,480,254,461,16,3,Ecole Élémentaire Les Scheffleras - 2,ECOLE ELEMENTAIRE LES SCHEFFLERAS 2,1,PS_liste_01,13,2.82,1,Ecole Scheffleras,,ENSEIGNEMENT ET FORMATION,Enseignement du premier degré,Ecole élémentaire,166.36989887391,-22.1257398247667,etablissements_publics_nc,92,2102,Scheffleras
provinciales_2019,,PS,Province Sud,988,98821,Païta,PAITA,0010,734,480,254,461,16,3,Ecole Élémentaire Les Scheffleras - 2,ECOLE ELEMENTAIRE LES SCHEFFLERAS 2,2,PS_liste_02,25,5.42,1,Ecole Scheffleras,,ENSEIGNEMENT ET FORMATION,Enseignement du premier degré,Ecole élémentaire,166.36989887391,-22.1257398247667,etablissements_publics_nc,92,2102,Scheffleras
provinciales_2019,,PS,Province Sud,988,98821,Païta,PAITA,0010,734,480,254,461,16,3,Ecole Élémentaire Les Scheffleras - 2,ECOLE ELEMENTAIRE LES SCHEFFLERAS 2,3,PS_liste_03,115,24.95,1,Ecole Scheffleras,,ENSEIGNEMENT ET FORMATION,Enseignement du premier degré,Ecole élémentaire,166.36989887391,-22.1257398247667,etablissements_publics_nc,92,2102,Scheffleras
provinciales_2019,,PS,Province Sud,988,98821,Païta,PAITA,0010,734,480,254,461,16,3,Ecole Élémentaire Les Scheffleras - 2,ECOLE ELEMENTAIRE LES SCHEFFLERAS 2,4,PS_liste_04,9,1.95,1,Ecole Scheffleras,,ENSEIGNEMENT ET FORMATION,Enseignement du premier degré,Ecole élémentaire,166.36989887391,-22.1257398247667,etablissements_publics_nc,92,2102,Scheffleras
provinciales_2019,,PS,Province Sud,988,98821,Païta,PAITA,0010,734,480,254,461,16,3,Ecole Élémentaire Les Scheffleras - 2,ECOLE ELEMENTAIRE LES SCHEFFLERAS 2,5,PS_liste_05,4,0.87,1,Ecole Scheffleras,,ENSEIGNEMENT ET FORMATION,Enseignement du premier degré,Ecole élémentaire,166.36989887391,-22.1257398247667,etablissements_publics_nc,92,2102,Scheffleras
provinciales_2019,,PS,Province Sud,988,98821,Païta,PAITA,0010,734,480,254,461,16,3,Ecole Élémentaire Les Scheffleras - 2,ECOLE ELEMENTAIRE LES SCHEFFLERAS 2,6,PS_liste_06,111,24.08,1,Ecole Scheffleras,,ENSEIGNEMENT ET FORMATION,Enseignement du premier degré,Ecole élémentaire,166.36989887391,-22.1257398247667,etablissements_publics_nc,92,2102,Scheffleras
provinciales_2019,,PS,Province Sud,988,98821,Païta,PAITA,0010,734,480,254,461,16,3,Ecole Élémentaire Les Scheffleras - 2,ECOLE ELEMENTAIRE LES SCHEFFLERAS 2,7,PS_liste_07,75,16.27,1,Ecole Scheffleras,,ENSEIGNEMENT ET FORMATION,Enseignement du premier degré,Ecole élémentaire,166.36989887391,-22.1257398247667,etablissements_publics_nc,92,2102,Scheffleras
provinciales_2019,,PS,Province Sud,988,98821,Païta,PAITA,0010,734,480,254,461,16,3,Ecole Élémentaire Les Scheffleras - 2,ECOLE ELEMENTAIRE LES SCHEFFLERAS 2,8,PS_liste_08,10,2.17,1,Ecole Scheffleras,,ENSEIGNEMENT ET FORMATION,Enseignement du premier degré,Ecole élémentaire,166.36989887391,-22.1257398247667,etablissements_publics_nc,92,2102,Scheffleras
provinciales_2019,,PS,Province Sud,988,98821,Païta,PAITA,0010,734,480,254,461,16,3,Ecole Élémentaire Les Scheffleras - 2,ECOLE ELEMENTAIRE LES SCHEFFLERAS 2,9,PS_liste_09,10,2.17,1,Ecole Scheffleras,,ENSEIGNEMENT ET FORMATION,Enseignement du premier degré,Ecole élémentaire,166.36989887391,-22.1257398247667,etablissements_publics_nc,92,2102,Scheffleras
provinciales_2019,,PS,Province Sud,988,98821,Païta,PAITA,0010,734,480,254,461,16,3,Ecole Élémentaire Les Scheffleras - 2,ECOLE ELEMENTAIRE LES SCHEFFLERAS 2,10,PS_liste_10,20,4.34,1,Ecole Scheffleras,,ENSEIGNEMENT ET FORMATION,Enseignement du premier degré,Ecole élémentaire,166.36989887391,-22.1257398247667,etablissements_publics_nc,92,2102,Scheffleras
provinciales_2019,,PS,Province Sud,988,98821,Païta,PAITA,0010,734,480,254,461,16,3,Ecole Élémentaire Les Scheffleras - 2,ECOLE ELEMENTAIRE LES SCHEFFLERAS 2,11,PS_liste_11,69,14.97,1,Ecole Scheffleras,,ENSEIGNEMENT ET FORMATION,Enseignement du premier degré,Ecole élémentaire,166.36989887391,-22.1257398247667,etablissements_publics_nc,92,2102,Scheffleras
provinciales_2019,,PS,Province Sud,988,98821,Païta,PAITA,0011,721,504,217,494,6,4,Ecole Maternelle Les Scheffleras - 1,ECOLE MATERNELLE LES SCHEFFLERAS 1,1,PS_liste_01,1,0.2,0.787,Ecole Scheffleras,,ENSEIGNEMENT ET FORMATION,Enseignement du premier degré,Ecole élémentaire,166.36989887391,-22.1257398247667,etablissements_publics_nc,92,2102,Scheffleras
provinciales_2019,,PS,Province Sud,988,98821,Païta,PAITA,0011,721,504,217,494,6,4,Ecole Maternelle Les Scheffleras - 1,ECOLE MATERNELLE LES SCHEFFLERAS 1,2,PS_liste_02,18,3.64,0.787,Ecole Scheffleras,,ENSEIGNEMENT ET FORMATION,Enseignement du premier degré,Ecole élémentaire,166.36989887391,-22.1257398247667,etablissements_publics_nc,92,2102,Scheffleras
provinciales_2019,,PS,Province Sud,988,98821,Païta,PAITA,0011,721,504,217,494,6,4,Ecole Maternelle Les Scheffleras - 1,ECOLE MATERNELLE LES SCHEFFLERAS 1,3,PS_liste_03,126,25.51,0.787,Ecole Scheffleras,,ENSEIGNEMENT ET FORMATION,Enseignement du premier degré,Ecole élémentaire,166.36989887391,-22.1257398247667,etablissements_publics_nc,92,2102,Scheffleras
provinciales_2019,,PS,Province Sud,988,98821,Païta,PAITA,0011,721,504,217,494,6,4,Ecole Maternelle Les Scheffleras - 1,ECOLE MATERNELLE LES SCHEFFLERAS 1,4,PS_liste_04,12,2.43,0.787,Ecole Scheffleras,,ENSEIGNEMENT ET FORMATION,Enseignement du premier degré,Ecole élémentaire,166.36989887391,-22.1257398247667,etablissements_publics_nc,92,2102,Scheffleras
provinciales_2019,,PS,Province Sud,988,98821,Païta,PAITA,0011,721,504,217,494,6,4,Ecole Maternelle Les Scheffleras - 1,ECOLE MATERNELLE LES SCHEFFLERAS 1,5,PS_liste_05,7,1.42,0.787,Ecole Scheffleras,,ENSEIGNEMENT ET FORMATION,Enseignement du premier degré,Ecole élémentaire,166.36989887391,-22.1257398247667,etablissements_publics_nc,92,2102,Scheffleras
provinciales_2019,,PS,Province Sud,988,98821,Païta,PAITA,0011,721,504,217,494,6,4,Ecole Maternelle Les Scheffleras - 1,ECOLE MATERNELLE LES SCHEFFLERAS 1,6,PS_liste_06,145,29.35,0.787,Ecole Scheffleras,,ENSEIGNEMENT ET FORMATION,Enseignement du premier degré,Ecole élémentaire,166.36989887391,-22.1257398247667,etablissements_publics_nc,92,2102,Scheffleras
provinciales_2019,,PS,Province Sud,988,98821,Païta,PAITA,0011,721,504,217,494,6,4,Ecole Maternelle Les Scheffleras - 1,ECOLE MATERNELLE LES SCHEFFLERAS 1,7,PS_liste_07,64,12.96,0.787,Ecole Scheffleras,,ENSEIGNEMENT ET FORMATION,Enseignement du premier degré,Ecole élémentaire,166.36989887391,-22.1257398247667,etablissements_publics_nc,92,2102,Scheffleras
provinciales_2019,,PS,Province Sud,988,98821,Païta,PAITA,0011,721,504,217,494,6,4,Ecole Maternelle Les Scheffleras - 1,ECOLE MATERNELLE LES SCHEFFLERAS 1,8,PS_liste_08,11,2.23,0.787,Ecole Scheffleras,,ENSEIGNEMENT ET FORMATION,Enseignement du premier degré,Ecole élémentaire,166.36989887391,-22.1257398247667,etablissements_publics_nc,92,2102,Scheffleras
provinciales_2019,,PS,Province Sud,988,98821,Païta,PAITA,0011,721,504,217,494,6,4,Ecole Maternelle Les Scheffleras - 1,ECOLE MATERNELLE LES SCHEFFLERAS 1,9,PS_liste_09,17,3.44,0.787,Ecole Scheffleras,,ENSEIGNEMENT ET FORMATION,Enseignement du premier degré,Ecole élémentaire,166.36989887391,-22.1257398247667,etablissements_publics_nc,92,2102,Scheffleras
provinciales_2019,,PS,Province Sud,988,98821,Païta,PAITA,0011,721,504,217,494,6,4,Ecole Maternelle Les Scheffleras - 1,ECOLE MATERNELLE LES SCHEFFLERAS 1,10,PS_liste_10,13,2.63,0.787,Ecole Scheffleras,,ENSEIGNEMENT ET FORMATION,Enseignement du premier degré,Ecole élémentaire,166.36989887391,-22.1257398247667,etablissements_publics_nc,92,2102,Scheffleras
provinciales_2019,,PS,Province Sud,988,98821,Païta,PAITA,0011,721,504,217,494,6,4,Ecole Maternelle Les Scheffleras - 1,ECOLE MATERNELLE LES SCHEFFLERAS 1,11,PS_liste_11,80,16.19,0.787,Ecole Scheffleras,,ENSEIGNEMENT ET FORMATION,Enseignement du premier degré,Ecole élémentaire,166.36989887391,-22.1257398247667,etablissements_publics_nc,92,2102,Scheffleras
provinciales_2019,,PS,Province Sud,988,98821,Païta,PAITA,0012,557,392,165,382,8,2,Ecole Maternelle Les Scheffleras - 2,ECOLE MATERNELLE LES SCHEFFLERAS 2,1,PS_liste_01,3,0.79,0.787,Ecole Scheffleras,,ENSEIGNEMENT ET FORMATION,Enseignement du premier degré,Ecole élémentaire,166.36989887391,-22.1257398247667,etablissements_publics_nc,92,2102,Scheffleras
provinciales_2019,,PS,Province Sud,988,98821,Païta,PAITA,0012,557,392,165,382,8,2,Ecole Maternelle Les Scheffleras - 2,ECOLE MATERNELLE LES SCHEFFLERAS 2,2,PS_liste_02,29,7.59,0.787,Ecole Scheffleras,,ENSEIGNEMENT ET FORMATION,Enseignement du premier degré,Ecole élémentaire,166.36989887391,-22.1257398247667,etablissements_publics_nc,92,2102,Scheffleras
provinciales_2019,,PS,Province Sud,988,98821,Païta,PAITA,0012,557,392,165,382,8,2,Ecole Maternelle Les Scheffleras - 2,ECOLE MATERNELLE LES SCHEFFLERAS 2,3,PS_liste_03,171,44.76,0.787,Ecole Scheffleras,,ENSEIGNEMENT ET FORMATION,Enseignement du premier degré,Ecole élémentaire,166.36989887391,-22.1257398247667,etablissements_publics_nc,92,2102,Scheffleras
provinciales_2019,,PS,Province Sud,988,98821,Païta,PAITA,0012,557,392,165,382,8,2,Ecole Maternelle Les Scheffleras - 2,ECOLE MATERNELLE LES SCHEFFLERAS 2,4,PS_liste_04,4,1.05,0.787,Ecole Scheffleras,,ENSEIGNEMENT ET FORMATION,Enseignement du premier degré,Ecole élémentaire,166.36989887391,-22.1257398247667,etablissements_publics_nc,92,2102,Scheffleras
provinciales_2019,,PS,Province Sud,988,98821,Païta,PAITA,0012,557,392,165,382,8,2,Ecole Maternelle Les Scheffleras - 2,ECOLE MATERNELLE LES SCHEFFLERAS 2,5,PS_liste_05,6,1.57,0.787,Ecole Scheffleras,,ENSEIGNEMENT ET FORMATION,Enseignement du premier degré,Ecole élémentaire,166.36989887391,-22.1257398247667,etablissements_publics_nc,92,2102,Scheffleras
provinciales_2019,,PS,Province Sud,988,98821,Païta,PAITA,0012,557,392,165,382,8,2,Ecole Maternelle Les Scheffleras - 2,ECOLE MATERNELLE LES SCHEFFLERAS 2,6,PS_liste_06,9,2.36,0.787,Ecole Scheffleras,,ENSEIGNEMENT ET FORMATION,Enseignement du premier degré,Ecole élémentaire,166.36989887391,-22.1257398247667,etablissements_publics_nc,92,2102,Scheffleras
provinciales_2019,,PS,Province Sud,988,98821,Païta,PAITA,0012,557,392,165,382,8,2,Ecole Maternelle Les Scheffleras - 2,ECOLE MATERNELLE LES SCHEFFLERAS 2,7,PS_liste_07,47,12.3,0.787,Ecole Scheffleras,,ENSEIGNEMENT ET FORMATION,Enseignement du premier degré,Ecole élémentaire,166.36989887391,-22.1257398247667,etablissements_publics_nc,92,2102,Scheffleras
provinciales_2019,,PS,Province Sud,988,98821,Païta,PAITA,0012,557,392,165,382,8,2,Ecole Maternelle Les Scheffleras - 2,ECOLE MATERNELLE LES SCHEFFLERAS 2,8,PS_liste_08,15,3.93,0.787,Ecole Scheffleras,,ENSEIGNEMENT ET FORMATION,Enseignement du premier degré,Ecole élémentaire,166.36989887391,-22.1257398247667,etablissements_publics_nc,92,2102,Scheffleras
provinciales_2019,,PS,Province Sud,988,98821,Païta,PAITA,0012,557,392,165,382,8,2,Ecole Maternelle Les Scheffleras - 2,ECOLE MATERNELLE LES SCHEFFLERAS 2,9,PS_liste_09,13,3.4,0.787,Ecole Scheffleras,,ENSEIGNEMENT ET FORMATION,Enseignement du premier degré,Ecole élémentaire,166.36989887391,-22.1257398247667,etablissements_publics_nc,92,2102,Scheffleras
provinciales_2019,,PS,Province Sud,988,98821,Païta,PAITA,0012,557,392,165,382,8,2,Ecole Maternelle Les Scheffleras - 2,ECOLE MATERNELLE LES SCHEFFLERAS 2,10,PS_liste_10,7,1.83,0.787,Ecole Scheffleras,,ENSEIGNEMENT ET FORMATION,Enseignement du premier degré,Ecole élémentaire,166.36989887391,-22.1257398247667,etablissements_publics_nc,92,2102,Scheffleras
provinciales_2019,,PS,Province Sud,988,98821,Païta,PAITA,0012,557,392,165,382,8,2,Ecole Maternelle Les Scheffleras - 2,ECOLE MATERNELLE LES SCHEFFLERAS 2,11,PS_liste_11,78,20.42,0.787,Ecole Scheffleras,,ENSEIGNEMENT ET FORMATION,Enseignement du premier degré,Ecole élémentaire,166.36989887391,-22.1257398247667,etablissements_publics_nc,92,2102,Scheffleras
provinciales_2019,,PS,Province Sud,988,98821,Païta,PAITA,0013,738,479,259,458,17,4,Ecole primaire Jean Ounou COTTIN 1,ECOLE PRIMAIRE JEAN OUNOU COTTIN 1,1,PS_liste_01,8,1.75,0.8,Groupe scolaire Jean Ounou COTTIN,,ENSEIGNEMENT ET FORMATION,Enseignement du premier degré,Groupe scolaire,166.265966445473,-22.0605318544913,etablissements_publics_nc,96,2106,Tamoa Bangou Saint Laurent
provinciales_2019,,PS,Province Sud,988,98821,Païta,PAITA,0013,738,479,259,458,17,4,Ecole primaire Jean Ounou COTTIN 1,ECOLE PRIMAIRE JEAN OUNOU COTTIN 1,2,PS_liste_02,45,9.83,0.8,Groupe scolaire Jean Ounou COTTIN,,ENSEIGNEMENT ET FORMATION,Enseignement du premier degré,Groupe scolaire,166.265966445473,-22.0605318544913,etablissements_publics_nc,96,2106,Tamoa Bangou Saint Laurent
provinciales_2019,,PS,Province Sud,988,98821,Païta,PAITA,0013,738,479,259,458,17,4,Ecole primaire Jean Ounou COTTIN 1,ECOLE PRIMAIRE JEAN OUNOU COTTIN 1,3,PS_liste_03,173,37.77,0.8,Groupe scolaire Jean Ounou COTTIN,,ENSEIGNEMENT ET FORMATION,Enseignement du premier degré,Groupe scolaire,166.265966445473,-22.0605318544913,etablissements_publics_nc,96,2106,Tamoa Bangou Saint Laurent
provinciales_2019,,PS,Province Sud,988,98821,Païta,PAITA,0013,738,479,259,458,17,4,Ecole primaire Jean Ounou COTTIN 1,ECOLE PRIMAIRE JEAN OUNOU COTTIN 1,4,PS_liste_04,6,1.31,0.8,Groupe scolaire Jean Ounou COTTIN,,ENSEIGNEMENT ET FORMATION,Enseignement du premier degré,Groupe scolaire,166.265966445473,-22.0605318544913,etablissements_publics_nc,96,2106,Tamoa Bangou Saint Laurent
provinciales_2019,,PS,Province Sud,988,98821,Païta,PAITA,0013,738,479,259,458,17,4,Ecole primaire Jean Ounou COTTIN 1,ECOLE PRIMAIRE JEAN OUNOU COTTIN 1,5,PS_liste_05,13,2.84,0.8,Groupe scolaire Jean Ounou COTTIN,,ENSEIGNEMENT ET FORMATION,Enseignement du premier degré,Groupe scolaire,166.265966445473,-22.0605318544913,etablissements_publics_nc,96,2106,Tamoa Bangou Saint Laurent
provinciales_2019,,PS,Province Sud,988,98821,Païta,PAITA,0013,738,479,259,458,17,4,Ecole primaire Jean Ounou COTTIN 1,ECOLE PRIMAIRE JEAN OUNOU COTTIN 1,6,PS_liste_06,18,3.93,0.8,Groupe scolaire Jean Ounou COTTIN,,ENSEIGNEMENT ET FORMATION,Enseignement du premier degré,Groupe scolaire,166.265966445473,-22.0605318544913,etablissements_publics_nc,96,2106,Tamoa Bangou Saint Laurent
provinciales_2019,,PS,Province Sud,988,98821,Païta,PAITA,0013,738,479,259,458,17,4,Ecole primaire Jean Ounou COTTIN 1,ECOLE PRIMAIRE JEAN OUNOU COTTIN 1,7,PS_liste_07,74,16.16,0.8,Groupe scolaire Jean Ounou COTTIN,,ENSEIGNEMENT ET FORMATION,Enseignement du premier degré,Groupe scolaire,166.265966445473,-22.0605318544913,etablissements_publics_nc,96,2106,Tamoa Bangou Saint Laurent
provinciales_2019,,PS,Province Sud,988,98821,Païta,PAITA,0013,738,479,259,458,17,4,Ecole primaire Jean Ounou COTTIN 1,ECOLE PRIMAIRE JEAN OUNOU COTTIN 1,8,PS_liste_08,8,1.75,0.8,Groupe scolaire Jean Ounou COTTIN,,ENSEIGNEMENT ET FORMATION,Enseignement du premier degré,Groupe scolaire,166.265966445473,-22.0605318544913,etablissements_publics_nc,96,2106,Tamoa Bangou Saint Laurent
provinciales_2019,,PS,Province Sud,988,98821,Païta,PAITA,0013,738,479,259,458,17,4,Ecole primaire Jean Ounou COTTIN 1,ECOLE PRIMAIRE JEAN OUNOU COTTIN 1,9,PS_liste_09,17,3.71,0.8,Groupe scolaire Jean Ounou COTTIN,,ENSEIGNEMENT ET FORMATION,Enseignement du premier degré,Groupe scolaire,166.265966445473,-22.0605318544913,etablissements_publics_nc,96,2106,Tamoa Bangou Saint Laurent
provinciales_2019,,PS,Province Sud,988,98821,Païta,PAITA,0013,738,479,259,458,17,4,Ecole primaire Jean Ounou COTTIN 1,ECOLE PRIMAIRE JEAN OUNOU COTTIN 1,10,PS_liste_10,15,3.28,0.8,Groupe scolaire Jean Ounou COTTIN,,ENSEIGNEMENT ET FORMATION,Enseignement du premier degré,Groupe scolaire,166.265966445473,-22.0605318544913,etablissements_publics_nc,96,2106,Tamoa Bangou Saint Laurent
provinciales_2019,,PS,Province Sud,988,98821,Païta,PAITA,0013,738,479,259,458,17,4,Ecole primaire Jean Ounou COTTIN 1,ECOLE PRIMAIRE JEAN OUNOU COTTIN 1,11,PS_liste_11,81,17.69,0.8,Groupe scolaire Jean Ounou COTTIN,,ENSEIGNEMENT ET FORMATION,Enseignement du premier degré,Groupe scolaire,166.265966445473,-22.0605318544913,etablissements_publics_nc,96,2106,Tamoa Bangou Saint Laurent
provinciales_2019,,PS,Province Sud,988,98821,Païta,PAITA,0014,761,492,269,482,9,1,Ecole primaire Jean Ounou COTTIN 2,ECOLE PRIMAIRE JEAN OUNOU COTTIN 2,1,PS_liste_01,9,1.87,0.8,Groupe scolaire Jean Ounou COTTIN,,ENSEIGNEMENT ET FORMATION,Enseignement du premier degré,Groupe scolaire,166.265966445473,-22.0605318544913,etablissements_publics_nc,96,2106,Tamoa Bangou Saint Laurent
provinciales_2019,,PS,Province Sud,988,98821,Païta,PAITA,0014,761,492,269,482,9,1,Ecole primaire Jean Ounou COTTIN 2,ECOLE PRIMAIRE JEAN OUNOU COTTIN 2,2,PS_liste_02,11,2.28,0.8,Groupe scolaire Jean Ounou COTTIN,,ENSEIGNEMENT ET FORMATION,Enseignement du premier degré,Groupe scolaire,166.265966445473,-22.0605318544913,etablissements_publics_nc,96,2106,Tamoa Bangou Saint Laurent
provinciales_2019,,PS,Province Sud,988,98821,Païta,PAITA,0014,761,492,269,482,9,1,Ecole primaire Jean Ounou COTTIN 2,ECOLE PRIMAIRE JEAN OUNOU COTTIN 2,3,PS_liste_03,85,17.63,0.8,Groupe scolaire Jean Ounou COTTIN,,ENSEIGNEMENT ET FORMATION,Enseignement du premier degré,Groupe scolaire,166.265966445473,-22.0605318544913,etablissements_publics_nc,96,2106,Tamoa Bangou Saint Laurent
provinciales_2019,,PS,Province Sud,988,98821,Païta,PAITA,0014,761,492,269,482,9,1,Ecole primaire Jean Ounou COTTIN 2,ECOLE PRIMAIRE JEAN OUNOU COTTIN 2,4,PS_liste_04,26,5.39,0.8,Groupe scolaire Jean Ounou COTTIN,,ENSEIGNEMENT ET FORMATION,Enseignement du premier degré,Groupe scolaire,166.265966445473,-22.0605318544913,etablissements_publics_nc,96,2106,Tamoa Bangou Saint Laurent
provinciales_2019,,PS,Province Sud,988,98821,Païta,PAITA,0014,761,492,269,482,9,1,Ecole primaire Jean Ounou COTTIN 2,ECOLE PRIMAIRE JEAN OUNOU COTTIN 2,5,PS_liste_05,8,1.66,0.8,Groupe scolaire Jean Ounou COTTIN,,ENSEIGNEMENT ET FORMATION,Enseignement du premier degré,Groupe scolaire,166.265966445473,-22.0605318544913,etablissements_publics_nc,96,2106,Tamoa Bangou Saint Laurent
provinciales_2019,,PS,Province Sud,988,98821,Païta,PAITA,0014,761,492,269,482,9,1,Ecole primaire Jean Ounou COTTIN 2,ECOLE PRIMAIRE JEAN OUNOU COTTIN 2,6,PS_liste_06,10,2.07,0.8,Groupe scolaire Jean Ounou COTTIN,,ENSEIGNEMENT ET FORMATION,Enseignement du premier degré,Groupe scolaire,166.265966445473,-22.0605318544913,etablissements_publics_nc,96,2106,Tamoa Bangou Saint Laurent
provinciales_2019,,PS,Province Sud,988,98821,Païta,PAITA,0014,761,492,269,482,9,1,Ecole primaire Jean Ounou COTTIN 2,ECOLE PRIMAIRE JEAN OUNOU COTTIN 2,7,PS_liste_07,259,53.73,0.8,Groupe scolaire Jean Ounou COTTIN,,ENSEIGNEMENT ET FORMATION,Enseignement du premier degré,Groupe scolaire,166.265966445473,-22.0605318544913,etablissements_publics_nc,96,2106,Tamoa Bangou Saint Laurent
provinciales_2019,,PS,Province Sud,988,98821,Païta,PAITA,0014,761,492,269,482,9,1,Ecole primaire Jean Ounou COTTIN 2,ECOLE PRIMAIRE JEAN OUNOU COTTIN 2,8,PS_liste_08,6,1.24,0.8,Groupe scolaire Jean Ounou COTTIN,,ENSEIGNEMENT ET FORMATION,Enseignement du premier degré,Groupe scolaire,166.265966445473,-22.0605318544913,etablissements_publics_nc,96,2106,Tamoa Bangou Saint Laurent
provinciales_2019,,PS,Province Sud,988,98821,Païta,PAITA,0014,761,492,269,482,9,1,Ecole primaire Jean Ounou COTTIN 2,ECOLE PRIMAIRE JEAN OUNOU COTTIN 2,9,PS_liste_09,8,1.66,0.8,Groupe scolaire Jean Ounou COTTIN,,ENSEIGNEMENT ET FORMATION,Enseignement du premier degré,Groupe scolaire,166.265966445473,-22.0605318544913,etablissements_publics_nc,96,2106,Tamoa Bangou Saint Laurent
provinciales_2019,,PS,Province Sud,988,98821,Païta,PAITA,0014,761,492,269,482,9,1,Ecole primaire Jean Ounou COTTIN 2,ECOLE PRIMAIRE JEAN OUNOU COTTIN 2,10,PS_liste_10,4,0.83,0.8,Groupe scolaire Jean Ounou COTTIN,,ENSEIGNEMENT ET FORMATION,Enseignement du premier degré,Groupe scolaire,166.265966445473,-22.0605318544913,etablissements_publics_nc,96,2106,Tamoa Bangou Saint Laurent
provinciales_2019,,PS,Province Sud,988,98821,Païta,PAITA,0014,761,492,269,482,9,1,Ecole primaire Jean Ounou COTTIN 2,ECOLE PRIMAIRE JEAN OUNOU COTTIN 2,11,PS_liste_11,56,11.62,0.8,Groupe scolaire Jean Ounou COTTIN,,ENSEIGNEMENT ET FORMATION,Enseignement du premier degré,Groupe scolaire,166.265966445473,-22.0605318544913,etablissements_publics_nc,96,2106,Tamoa Bangou Saint Laurent
provinciales_2019,,PS,Province Sud,988,98821,Païta,PAITA,0015,556,388,168,377,9,2,Tontouta,TONTOUTA,1,PS_liste_01,3,0.8,0.83,Mairie annexe de Païta,,ADMINISTRATION ET ORGANISME,Administrations des collectivités,Administration de la commune de Païta,166.22014428712,-22.0130384994051,etablissements_publics_nc,97,2107,Tontouta Tiaré
provinciales_2019,,PS,Province Sud,988,98821,Païta,PAITA,0015,556,388,168,377,9,2,Tontouta,TONTOUTA,2,PS_liste_02,18,4.77,0.83,Mairie annexe de Païta,,ADMINISTRATION ET ORGANISME,Administrations des collectivités,Administration de la commune de Païta,166.22014428712,-22.0130384994051,etablissements_publics_nc,97,2107,Tontouta Tiaré
provinciales_2019,,PS,Province Sud,988,98821,Païta,PAITA,0015,556,388,168,377,9,2,Tontouta,TONTOUTA,3,PS_liste_03,142,37.67,0.83,Mairie annexe de Païta,,ADMINISTRATION ET ORGANISME,Administrations des collectivités,Administration de la commune de Païta,166.22014428712,-22.0130384994051,etablissements_publics_nc,97,2107,Tontouta Tiaré
provinciales_2019,,PS,Province Sud,988,98821,Païta,PAITA,0015,556,388,168,377,9,2,Tontouta,TONTOUTA,4,PS_liste_04,8,2.12,0.83,Mairie annexe de Païta,,ADMINISTRATION ET ORGANISME,Administrations des collectivités,Administration de la commune de Païta,166.22014428712,-22.0130384994051,etablissements_publics_nc,97,2107,Tontouta Tiaré
provinciales_2019,,PS,Province Sud,988,98821,Païta,PAITA,0015,556,388,168,377,9,2,Tontouta,TONTOUTA,5,PS_liste_05,10,2.65,0.83,Mairie annexe de Païta,,ADMINISTRATION ET ORGANISME,Administrations des collectivités,Administration de la commune de Païta,166.22014428712,-22.0130384994051,etablissements_publics_nc,97,2107,Tontouta Tiaré
provinciales_2019,,PS,Province Sud,988,98821,Païta,PAITA,0015,556,388,168,377,9,2,Tontouta,TONTOUTA,6,PS_liste_06,32,8.49,0.83,Mairie annexe de Païta,,ADMINISTRATION ET ORGANISME,Administrations des collectivités,Administration de la commune de Païta,166.22014428712,-22.0130384994051,etablissements_publics_nc,97,2107,Tontouta Tiaré
provinciales_2019,,PS,Province Sud,988,98821,Païta,PAITA,0015,556,388,168,377,9,2,Tontouta,TONTOUTA,7,PS_liste_07,29,7.69,0.83,Mairie annexe de Païta,,ADMINISTRATION ET ORGANISME,Administrations des collectivités,Administration de la commune de Païta,166.22014428712,-22.0130384994051,etablissements_publics_nc,97,2107,Tontouta Tiaré
provinciales_2019,,PS,Province Sud,988,98821,Païta,PAITA,0015,556,388,168,377,9,2,Tontouta,TONTOUTA,8,PS_liste_08,15,3.98,0.83,Mairie annexe de Païta,,ADMINISTRATION ET ORGANISME,Administrations des collectivités,Administration de la commune de Païta,166.22014428712,-22.0130384994051,etablissements_publics_nc,97,2107,Tontouta Tiaré
provinciales_2019,,PS,Province Sud,988,98821,Païta,PAITA,0015,556,388,168,377,9,2,Tontouta,TONTOUTA,9,PS_liste_09,5,1.33,0.83,Mairie annexe de Païta,,ADMINISTRATION ET ORGANISME,Administrations des collectivités,Administration de la commune de Païta,166.22014428712,-22.0130384994051,etablissements_publics_nc,97,2107,Tontouta Tiaré
provinciales_2019,,PS,Province Sud,988,98821,Païta,PAITA,0015,556,388,168,377,9,2,Tontouta,TONTOUTA,10,PS_liste_10,6,1.59,0.83,Mairie annexe de Païta,,ADMINISTRATION ET ORGANISME,Administrations des collectivités,Administration de la commune de Païta,166.22014428712,-22.0130384994051,etablissements_publics_nc,97,2107,Tontouta Tiaré
provinciales_2019,,PS,Province Sud,988,98821,Païta,PAITA,0015,556,388,168,377,9,2,Tontouta,TONTOUTA,11,PS_liste_11,109,28.91,0.83,Mairie annexe de Païta,,ADMINISTRATION ET ORGANISME,Administrations des collectivités,Administration de la commune de Païta,166.22014428712,-22.0130384994051,etablissements_publics_nc,97,2107,Tontouta Tiaré
provinciales_2019,,PS,Province Sud,988,98821,Païta,PAITA,0016,471,389,82,380,8,1,Ecole Robert ABEL 1,ECOLE ROBERT ABEL 1,1,PS_liste_01,0,0,0.8,Ecole Robert ABEL,,ENSEIGNEMENT ET FORMATION,Enseignement du premier degré,Ecole primaire,166.379189029935,-22.1384982889128,etablissements_publics_nc,93,2103,Nogouta-Les 3 Vallées
provinciales_2019,,PS,Province Sud,988,98821,Païta,PAITA,0016,471,389,82,380,8,1,Ecole Robert ABEL 1,ECOLE ROBERT ABEL 1,2,PS_liste_02,20,5.26,0.8,Ecole Robert ABEL,,ENSEIGNEMENT ET FORMATION,Enseignement du premier degré,Ecole primaire,166.379189029935,-22.1384982889128,etablissements_publics_nc,93,2103,Nogouta-Les 3 Vallées
provinciales_2019,,PS,Province Sud,988,98821,Païta,PAITA,0016,471,389,82,380,8,1,Ecole Robert ABEL 1,ECOLE ROBERT ABEL 1,3,PS_liste_03,245,64.47,0.8,Ecole Robert ABEL,,ENSEIGNEMENT ET FORMATION,Enseignement du premier degré,Ecole primaire,166.379189029935,-22.1384982889128,etablissements_publics_nc,93,2103,Nogouta-Les 3 Vallées
provinciales_2019,,PS,Province Sud,988,98821,Païta,PAITA,0016,471,389,82,380,8,1,Ecole Robert ABEL 1,ECOLE ROBERT ABEL 1,4,PS_liste_04,0,0,0.8,Ecole Robert ABEL,,ENSEIGNEMENT ET FORMATION,Enseignement du premier degré,Ecole primaire,166.379189029935,-22.1384982889128,etablissements_publics_nc,93,2103,Nogouta-Les 3 Vallées
provinciales_2019,,PS,Province Sud,988,98821,Païta,PAITA,0016,471,389,82,380,8,1,Ecole Robert ABEL 1,ECOLE ROBERT ABEL 1,5,PS_liste_05,9,2.37,0.8,Ecole Robert ABEL,,ENSEIGNEMENT ET FORMATION,Enseignement du premier degré,Ecole primaire,166.379189029935,-22.1384982889128,etablissements_publics_nc,93,2103,Nogouta-Les 3 Vallées
provinciales_2019,,PS,Province Sud,988,98821,Païta,PAITA,0016,471,389,82,380,8,1,Ecole Robert ABEL 1,ECOLE ROBERT ABEL 1,6,PS_liste_06,14,3.68,0.8,Ecole Robert ABEL,,ENSEIGNEMENT ET FORMATION,Enseignement du premier degré,Ecole primaire,166.379189029935,-22.1384982889128,etablissements_publics_nc,93,2103,Nogouta-Les 3 Vallées
provinciales_2019,,PS,Province Sud,988,98821,Païta,PAITA,0016,471,389,82,380,8,1,Ecole Robert ABEL 1,ECOLE ROBERT ABEL 1,7,PS_liste_07,13,3.42,0.8,Ecole Robert ABEL,,ENSEIGNEMENT ET FORMATION,Enseignement du premier degré,Ecole primaire,166.379189029935,-22.1384982889128,etablissements_publics_nc,93,2103,Nogouta-Les 3 Vallées
provinciales_2019,,PS,Province Sud,988,98821,Païta,PAITA,0016,471,389,82,380,8,1,Ecole Robert ABEL 1,ECOLE ROBERT ABEL 1,8,PS_liste_08,13,3.42,0.8,Ecole Robert ABEL,,ENSEIGNEMENT ET FORMATION,Enseignement du premier degré,Ecole primaire,166.379189029935,-22.1384982889128,etablissements_publics_nc,93,2103,Nogouta-Les 3 Vallées
provinciales_2019,,PS,Province Sud,988,98821,Païta,PAITA,0016,471,389,82,380,8,1,Ecole Robert ABEL 1,ECOLE ROBERT ABEL 1,9,PS_liste_09,8,2.11,0.8,Ecole Robert ABEL,,ENSEIGNEMENT ET FORMATION,Enseignement du premier degré,Ecole primaire,166.379189029935,-22.1384982889128,etablissements_publics_nc,93,2103,Nogouta-Les 3 Vallées
provinciales_2019,,PS,Province Sud,988,98821,Païta,PAITA,0016,471,389,82,380,8,1,Ecole Robert ABEL 1,ECOLE ROBERT ABEL 1,10,PS_liste_10,0,0,0.8,Ecole Robert ABEL,,ENSEIGNEMENT ET FORMATION,Enseignement du premier degré,Ecole primaire,166.379189029935,-22.1384982889128,etablissements_publics_nc,93,2103,Nogouta-Les 3 Vallées
provinciales_2019,,PS,Province Sud,988,98821,Païta,PAITA,0016,471,389,82,380,8,1,Ecole Robert ABEL 1,ECOLE ROBERT ABEL 1,11,PS_liste_11,58,15.26,0.8,Ecole Robert ABEL,,ENSEIGNEMENT ET FORMATION,Enseignement du premier degré,Ecole primaire,166.379189029935,-22.1384982889128,etablissements_publics_nc,93,2103,Nogouta-Les 3 Vallées
provinciales_2019,,PS,Province Sud,988,98821,Païta,PAITA,0017,553,357,196,347,7,3,Ecole Robert ABEL 2,ECOLE ROBERT ABEL 2,1,PS_liste_01,4,1.15,0.8,Ecole Robert ABEL,,ENSEIGNEMENT ET FORMATION,Enseignement du premier degré,Ecole primaire,166.379189029935,-22.1384982889128,etablissements_publics_nc,93,2103,Nogouta-Les 3 Vallées
provinciales_2019,,PS,Province Sud,988,98821,Païta,PAITA,0017,553,357,196,347,7,3,Ecole Robert ABEL 2,ECOLE ROBERT ABEL 2,2,PS_liste_02,13,3.75,0.8,Ecole Robert ABEL,,ENSEIGNEMENT ET FORMATION,Enseignement du premier degré,Ecole primaire,166.379189029935,-22.1384982889128,etablissements_publics_nc,93,2103,Nogouta-Les 3 Vallées
provinciales_2019,,PS,Province Sud,988,98821,Païta,PAITA,0017,553,357,196,347,7,3,Ecole Robert ABEL 2,ECOLE ROBERT ABEL 2,3,PS_liste_03,115,33.14,0.8,Ecole Robert ABEL,,ENSEIGNEMENT ET FORMATION,Enseignement du premier degré,Ecole primaire,166.379189029935,-22.1384982889128,etablissements_publics_nc,93,2103,Nogouta-Les 3 Vallées
provinciales_2019,,PS,Province Sud,988,98821,Païta,PAITA,0017,553,357,196,347,7,3,Ecole Robert ABEL 2,ECOLE ROBERT ABEL 2,4,PS_liste_04,4,1.15,0.8,Ecole Robert ABEL,,ENSEIGNEMENT ET FORMATION,Enseignement du premier degré,Ecole primaire,166.379189029935,-22.1384982889128,etablissements_publics_nc,93,2103,Nogouta-Les 3 Vallées
provinciales_2019,,PS,Province Sud,988,98821,Païta,PAITA,0017,553,357,196,347,7,3,Ecole Robert ABEL 2,ECOLE ROBERT ABEL 2,5,PS_liste_05,6,1.73,0.8,Ecole Robert ABEL,,ENSEIGNEMENT ET FORMATION,Enseignement du premier degré,Ecole primaire,166.379189029935,-22.1384982889128,etablissements_publics_nc,93,2103,Nogouta-Les 3 Vallées
provinciales_2019,,PS,Province Sud,988,98821,Païta,PAITA,0017,553,357,196,347,7,3,Ecole Robert ABEL 2,ECOLE ROBERT ABEL 2,6,PS_liste_06,107,30.84,0.8,Ecole Robert ABEL,,ENSEIGNEMENT ET FORMATION,Enseignement du premier degré,Ecole primaire,166.379189029935,-22.1384982889128,etablissements_publics_nc,93,2103,Nogouta-Les 3 Vallées
provinciales_2019,,PS,Province Sud,988,98821,Païta,PAITA,0017,553,357,196,347,7,3,Ecole Robert ABEL 2,ECOLE ROBERT ABEL 2,7,PS_liste_07,34,9.8,0.8,Ecole Robert ABEL,,ENSEIGNEMENT ET FORMATION,Enseignement du premier degré,Ecole primaire,166.379189029935,-22.1384982889128,etablissements_publics_nc,93,2103,Nogouta-Les 3 Vallées
provinciales_2019,,PS,Province Sud,988,98821,Païta,PAITA,0017,553,357,196,347,7,3,Ecole Robert ABEL 2,ECOLE ROBERT ABEL 2,8,PS_liste_08,4,1.15,0.8,Ecole Robert ABEL,,ENSEIGNEMENT ET FORMATION,Enseignement du premier degré,Ecole primaire,166.379189029935,-22.1384982889128,etablissements_publics_nc,93,2103,Nogouta-Les 3 Vallées
provinciales_2019,,PS,Province Sud,988,98821,Païta,PAITA,0017,553,357,196,347,7,3,Ecole Robert ABEL 2,ECOLE ROBERT ABEL 2,9,PS_liste_09,6,1.73,0.8,Ecole Robert ABEL,,ENSEIGNEMENT ET FORMATION,Enseignement du premier degré,Ecole primaire,166.379189029935,-22.1384982889128,etablissements_publics_nc,93,2103,Nogouta-Les 3 Vallées
provinciales_2019,,PS,Province Sud,988,98821,Païta,PAITA,0017,553,357,196,347,7,3,Ecole Robert ABEL 2,ECOLE ROBERT ABEL 2,10,PS_liste_10,7,2.02,0.8,Ecole Robert ABEL,,ENSEIGNEMENT ET FORMATION,Enseignement du premier degré,Ecole primaire,166.379189029935,-22.1384982889128,etablissements_publics_nc,93,2103,Nogouta-Les 3 Vallées
provinciales_2019,,PS,Province Sud,988,98821,Païta,PAITA,0017,553,357,196,347,7,3,Ecole Robert ABEL 2,ECOLE ROBERT ABEL 2,11,PS_liste_11,47,13.54,0.8,Ecole Robert ABEL,,ENSEIGNEMENT ET FORMATION,Enseignement du premier degré,Ecole primaire,166.379189029935,-22.1384982889128,etablissements_publics_nc,93,2103,Nogouta-Les 3 Vallées
provinciales_2019,,PS,Province Sud,988,98827,Poya Sud,POYA,0005,164,133,31,131,2,0,Mairie 2,MAIRIE 2,1,PS_liste_01,0,0,0.99,Moindah,Poya,ARRETE_MANUAL,LDH,,165.2454695470807,-21.4084575263513,arrete_manual_tribus,118,2706,Poya Sud
provinciales_2019,,PS,Province Sud,988,98827,Poya Sud,POYA,0005,164,133,31,131,2,0,Mairie 2,MAIRIE 2,2,PS_liste_02,11,8.4,0.99,Moindah,Poya,ARRETE_MANUAL,LDH,,165.2454695470807,-21.4084575263513,arrete_manual_tribus,118,2706,Poya Sud
provinciales_2019,,PS,Province Sud,988,98827,Poya Sud,POYA,0005,164,133,31,131,2,0,Mairie 2,MAIRIE 2,3,PS_liste_03,70,53.44,0.99,Moindah,Poya,ARRETE_MANUAL,LDH,,165.2454695470807,-21.4084575263513,arrete_manual_tribus,118,2706,Poya Sud
provinciales_2019,,PS,Province Sud,988,98827,Poya Sud,POYA,0005,164,133,31,131,2,0,Mairie 2,MAIRIE 2,4,PS_liste_04,2,1.53,0.99,Moindah,Poya,ARRETE_MANUAL,LDH,,165.2454695470807,-21.4084575263513,arrete_manual_tribus,118,2706,Poya Sud
provinciales_2019,,PS,Province Sud,988,98827,Poya Sud,POYA,0005,164,133,31,131,2,0,Mairie 2,MAIRIE 2,5,PS_liste_05,1,0.76,0.99,Moindah,Poya,ARRETE_MANUAL,LDH,,165.2454695470807,-21.4084575263513,arrete_manual_tribus,118,2706,Poya Sud
provinciales_2019,,PS,Province Sud,988,98827,Poya Sud,POYA,0005,164,133,31,131,2,0,Mairie 2,MAIRIE 2,6,PS_liste_06,0,0,0.99,Moindah,Poya,ARRETE_MANUAL,LDH,,165.2454695470807,-21.4084575263513,arrete_manual_tribus,118,2706,Poya Sud
provinciales_2019,,PS,Province Sud,988,98827,Poya Sud,POYA,0005,164,133,31,131,2,0,Mairie 2,MAIRIE 2,7,PS_liste_07,1,0.76,0.99,Moindah,Poya,ARRETE_MANUAL,LDH,,165.2454695470807,-21.4084575263513,arrete_manual_tribus,118,2706,Poya Sud
provinciales_2019,,PS,Province Sud,988,98827,Poya Sud,POYA,0005,164,133,31,131,2,0,Mairie 2,MAIRIE 2,8,PS_liste_08,3,2.29,0.99,Moindah,Poya,ARRETE_MANUAL,LDH,,165.2454695470807,-21.4084575263513,arrete_manual_tribus,118,2706,Poya Sud
provinciales_2019,,PS,Province Sud,988,98827,Poya Sud,POYA,0005,164,133,31,131,2,0,Mairie 2,MAIRIE 2,9,PS_liste_09,0,0,0.99,Moindah,Poya,ARRETE_MANUAL,LDH,,165.2454695470807,-21.4084575263513,arrete_manual_tribus,118,2706,Poya Sud
provinciales_2019,,PS,Province Sud,988,98827,Poya Sud,POYA,0005,164,133,31,131,2,0,Mairie 2,MAIRIE 2,10,PS_liste_10,0,0,0.99,Moindah,Poya,ARRETE_MANUAL,LDH,,165.2454695470807,-21.4084575263513,arrete_manual_tribus,118,2706,Poya Sud
provinciales_2019,,PS,Province Sud,988,98827,Poya Sud,POYA,0005,164,133,31,131,2,0,Mairie 2,MAIRIE 2,11,PS_liste_11,43,32.82,0.99,Moindah,Poya,ARRETE_MANUAL,LDH,,165.2454695470807,-21.4084575263513,arrete_manual_tribus,118,2706,Poya Sud
provinciales_2019,,PS,Province Sud,988,98828,Sarraméa,SARRAMEA,0001,502,365,137,358,5,2,Mairie,MAIRIE,1,PS_liste_01,8,2.23,0.7,SARRAMEA,Sarraméa,LIEU_DIT_NC,VILLE,Chara Méa,165.85386596919105,-21.642344787633757,tribus_villages_nc,119,2801,Sarraméa
provinciales_2019,,PS,Province Sud,988,98828,Sarraméa,SARRAMEA,0001,502,365,137,358,5,2,Mairie,MAIRIE,2,PS_liste_02,1,0.28,0.7,SARRAMEA,Sarraméa,LIEU_DIT_NC,VILLE,Chara Méa,165.85386596919105,-21.642344787633757,tribus_villages_nc,119,2801,Sarraméa
provinciales_2019,,PS,Province Sud,988,98828,Sarraméa,SARRAMEA,0001,502,365,137,358,5,2,Mairie,MAIRIE,3,PS_liste_03,29,8.1,0.7,SARRAMEA,Sarraméa,LIEU_DIT_NC,VILLE,Chara Méa,165.85386596919105,-21.642344787633757,tribus_villages_nc,119,2801,Sarraméa
provinciales_2019,,PS,Province Sud,988,98828,Sarraméa,SARRAMEA,0001,502,365,137,358,5,2,Mairie,MAIRIE,4,PS_liste_04,20,5.59,0.7,SARRAMEA,Sarraméa,LIEU_DIT_NC,VILLE,Chara Méa,165.85386596919105,-21.642344787633757,tribus_villages_nc,119,2801,Sarraméa
provinciales_2019,,PS,Province Sud,988,98828,Sarraméa,SARRAMEA,0001,502,365,137,358,5,2,Mairie,MAIRIE,5,PS_liste_05,1,0.28,0.7,SARRAMEA,Sarraméa,LIEU_DIT_NC,VILLE,Chara Méa,165.85386596919105,-21.642344787633757,tribus_villages_nc,119,2801,Sarraméa
provinciales_2019,,PS,Province Sud,988,98828,Sarraméa,SARRAMEA,0001,502,365,137,358,5,2,Mairie,MAIRIE,6,PS_liste_06,7,1.96,0.7,SARRAMEA,Sarraméa,LIEU_DIT_NC,VILLE,Chara Méa,165.85386596919105,-21.642344787633757,tribus_villages_nc,119,2801,Sarraméa
provinciales_2019,,PS,Province Sud,988,98828,Sarraméa,SARRAMEA,0001,502,365,137,358,5,2,Mairie,MAIRIE,7,PS_liste_07,229,63.97,0.7,SARRAMEA,Sarraméa,LIEU_DIT_NC,VILLE,Chara Méa,165.85386596919105,-21.642344787633757,tribus_villages_nc,119,2801,Sarraméa
provinciales_2019,,PS,Province Sud,988,98828,Sarraméa,SARRAMEA,0001,502,365,137,358,5,2,Mairie,MAIRIE,8,PS_liste_08,7,1.96,0.7,SARRAMEA,Sarraméa,LIEU_DIT_NC,VILLE,Chara Méa,165.85386596919105,-21.642344787633757,tribus_villages_nc,119,2801,Sarraméa
provinciales_2019,,PS,Province Sud,988,98828,Sarraméa,SARRAMEA,0001,502,365,137,358,5,2,Mairie,MAIRIE,9,PS_liste_09,6,1.68,0.7,SARRAMEA,Sarraméa,LIEU_DIT_NC,VILLE,Chara Méa,165.85386596919105,-21.642344787633757,tribus_villages_nc,119,2801,Sarraméa
provinciales_2019,,PS,Province Sud,988,98828,Sarraméa,SARRAMEA,0001,502,365,137,358,5,2,Mairie,MAIRIE,10,PS_liste_10,3,0.84,0.7,SARRAMEA,Sarraméa,LIEU_DIT_NC,VILLE,Chara Méa,165.85386596919105,-21.642344787633757,tribus_villages_nc,119,2801,Sarraméa
provinciales_2019,,PS,Province Sud,988,98828,Sarraméa,SARRAMEA,0001,502,365,137,358,5,2,Mairie,MAIRIE,11,PS_liste_11,47,13.13,0.7,SARRAMEA,Sarraméa,LIEU_DIT_NC,VILLE,Chara Méa,165.85386596919105,-21.642344787633757,tribus_villages_nc,119,2801,Sarraméa
provinciales_2019,,PS,Province Sud,988,98829,Thio,THIO,0001,784,489,295,478,5,6,Mairie 1,MAIRIE 1,1,PS_liste_01,13,2.72,0.7,THIO,Thio,LIEU_DIT_NC,VILLE,Cö,166.21553174553168,-21.610374938390603,tribus_villages_nc,120,2901,Thio village
provinciales_2019,,PS,Province Sud,988,98829,Thio,THIO,0001,784,489,295,478,5,6,Mairie 1,MAIRIE 1,2,PS_liste_02,2,0.42,0.7,THIO,Thio,LIEU_DIT_NC,VILLE,Cö,166.21553174553168,-21.610374938390603,tribus_villages_nc,120,2901,Thio village
provinciales_2019,,PS,Province Sud,988,98829,Thio,THIO,0001,784,489,295,478,5,6,Mairie 1,MAIRIE 1,3,PS_liste_03,52,10.88,0.7,THIO,Thio,LIEU_DIT_NC,VILLE,Cö,166.21553174553168,-21.610374938390603,tribus_villages_nc,120,2901,Thio village
provinciales_2019,,PS,Province Sud,988,98829,Thio,THIO,0001,784,489,295,478,5,6,Mairie 1,MAIRIE 1,4,PS_liste_04,7,1.46,0.7,THIO,Thio,LIEU_DIT_NC,VILLE,Cö,166.21553174553168,-21.610374938390603,tribus_villages_nc,120,2901,Thio village
provinciales_2019,,PS,Province Sud,988,98829,Thio,THIO,0001,784,489,295,478,5,6,Mairie 1,MAIRIE 1,5,PS_liste_05,1,0.21,0.7,THIO,Thio,LIEU_DIT_NC,VILLE,Cö,166.21553174553168,-21.610374938390603,tribus_villages_nc,120,2901,Thio village
provinciales_2019,,PS,Province Sud,988,98829,Thio,THIO,0001,784,489,295,478,5,6,Mairie 1,MAIRIE 1,6,PS_liste_06,50,10.46,0.7,THIO,Thio,LIEU_DIT_NC,VILLE,Cö,166.21553174553168,-21.610374938390603,tribus_villages_nc,120,2901,Thio village
provinciales_2019,,PS,Province Sud,988,98829,Thio,THIO,0001,784,489,295,478,5,6,Mairie 1,MAIRIE 1,7,PS_liste_07,277,57.95,0.7,THIO,Thio,LIEU_DIT_NC,VILLE,Cö,166.21553174553168,-21.610374938390603,tribus_villages_nc,120,2901,Thio village
provinciales_2019,,PS,Province Sud,988,98829,Thio,THIO,0001,784,489,295,478,5,6,Mairie 1,MAIRIE 1,8,PS_liste_08,8,1.67,0.7,THIO,Thio,LIEU_DIT_NC,VILLE,Cö,166.21553174553168,-21.610374938390603,tribus_villages_nc,120,2901,Thio village
provinciales_2019,,PS,Province Sud,988,98829,Thio,THIO,0001,784,489,295,478,5,6,Mairie 1,MAIRIE 1,9,PS_liste_09,12,2.51,0.7,THIO,Thio,LIEU_DIT_NC,VILLE,Cö,166.21553174553168,-21.610374938390603,tribus_villages_nc,120,2901,Thio village
provinciales_2019,,PS,Province Sud,988,98829,Thio,THIO,0001,784,489,295,478,5,6,Mairie 1,MAIRIE 1,10,PS_liste_10,8,1.67,0.7,THIO,Thio,LIEU_DIT_NC,VILLE,Cö,166.21553174553168,-21.610374938390603,tribus_villages_nc,120,2901,Thio village
provinciales_2019,,PS,Province Sud,988,98829,Thio,THIO,0001,784,489,295,478,5,6,Mairie 1,MAIRIE 1,11,PS_liste_11,48,10.04,0.7,THIO,Thio,LIEU_DIT_NC,VILLE,Cö,166.21553174553168,-21.610374938390603,tribus_villages_nc,120,2901,Thio village
provinciales_2019,,PS,Province Sud,988,98829,Thio,THIO,0002,560,319,241,316,1,2,Mairie 2,MAIRIE 2,1,PS_liste_01,2,0.63,0.7,THIO,Thio,LIEU_DIT_NC,VILLE,Cö,166.21553174553168,-21.610374938390603,tribus_villages_nc,120,2901,Thio village
provinciales_2019,,PS,Province Sud,988,98829,Thio,THIO,0002,560,319,241,316,1,2,Mairie 2,MAIRIE 2,2,PS_liste_02,0,0,0.7,THIO,Thio,LIEU_DIT_NC,VILLE,Cö,166.21553174553168,-21.610374938390603,tribus_villages_nc,120,2901,Thio village
provinciales_2019,,PS,Province Sud,988,98829,Thio,THIO,0002,560,319,241,316,1,2,Mairie 2,MAIRIE 2,3,PS_liste_03,5,1.58,0.7,THIO,Thio,LIEU_DIT_NC,VILLE,Cö,166.21553174553168,-21.610374938390603,tribus_villages_nc,120,2901,Thio village
provinciales_2019,,PS,Province Sud,988,98829,Thio,THIO,0002,560,319,241,316,1,2,Mairie 2,MAIRIE 2,4,PS_liste_04,27,8.54,0.7,THIO,Thio,LIEU_DIT_NC,VILLE,Cö,166.21553174553168,-21.610374938390603,tribus_villages_nc,120,2901,Thio village
provinciales_2019,,PS,Province Sud,988,98829,Thio,THIO,0002,560,319,241,316,1,2,Mairie 2,MAIRIE 2,5,PS_liste_05,0,0,0.7,THIO,Thio,LIEU_DIT_NC,VILLE,Cö,166.21553174553168,-21.610374938390603,tribus_villages_nc,120,2901,Thio village
provinciales_2019,,PS,Province Sud,988,98829,Thio,THIO,0002,560,319,241,316,1,2,Mairie 2,MAIRIE 2,6,PS_liste_06,12,3.8,0.7,THIO,Thio,LIEU_DIT_NC,VILLE,Cö,166.21553174553168,-21.610374938390603,tribus_villages_nc,120,2901,Thio village
provinciales_2019,,PS,Province Sud,988,98829,Thio,THIO,0002,560,319,241,316,1,2,Mairie 2,MAIRIE 2,7,PS_liste_07,237,75,0.7,THIO,Thio,LIEU_DIT_NC,VILLE,Cö,166.21553174553168,-21.610374938390603,tribus_villages_nc,120,2901,Thio village
provinciales_2019,,PS,Province Sud,988,98829,Thio,THIO,0002,560,319,241,316,1,2,Mairie 2,MAIRIE 2,8,PS_liste_08,8,2.53,0.7,THIO,Thio,LIEU_DIT_NC,VILLE,Cö,166.21553174553168,-21.610374938390603,tribus_villages_nc,120,2901,Thio village
provinciales_2019,,PS,Province Sud,988,98829,Thio,THIO,0002,560,319,241,316,1,2,Mairie 2,MAIRIE 2,9,PS_liste_09,3,0.95,0.7,THIO,Thio,LIEU_DIT_NC,VILLE,Cö,166.21553174553168,-21.610374938390603,tribus_villages_nc,120,2901,Thio village
provinciales_2019,,PS,Province Sud,988,98829,Thio,THIO,0002,560,319,241,316,1,2,Mairie 2,MAIRIE 2,10,PS_liste_10,4,1.27,0.7,THIO,Thio,LIEU_DIT_NC,VILLE,Cö,166.21553174553168,-21.610374938390603,tribus_villages_nc,120,2901,Thio village
provinciales_2019,,PS,Province Sud,988,98829,Thio,THIO,0002,560,319,241,316,1,2,Mairie 2,MAIRIE 2,11,PS_liste_11,18,5.7,0.7,THIO,Thio,LIEU_DIT_NC,VILLE,Cö,166.21553174553168,-21.610374938390603,tribus_villages_nc,120,2901,Thio village
provinciales_2019,,PS,Province Sud,988,98829,Thio,THIO,0003,305,167,138,164,0,3,Grand Borendy,GRAND BORENDY,1,PS_liste_01,3,1.83,1,Grand Borindi,Thio,LIEU_DIT_NC,TRIBU,Xöwi,166.45075740277505,-21.738718340168145,tribus_villages_nc,121,2902,Ouindo Borendy
provinciales_2019,,PS,Province Sud,988,98829,Thio,THIO,0003,305,167,138,164,0,3,Grand Borendy,GRAND BORENDY,2,PS_liste_02,0,0,1,Grand Borindi,Thio,LIEU_DIT_NC,TRIBU,Xöwi,166.45075740277505,-21.738718340168145,tribus_villages_nc,121,2902,Ouindo Borendy
provinciales_2019,,PS,Province Sud,988,98829,Thio,THIO,0003,305,167,138,164,0,3,Grand Borendy,GRAND BORENDY,3,PS_liste_03,0,0,1,Grand Borindi,Thio,LIEU_DIT_NC,TRIBU,Xöwi,166.45075740277505,-21.738718340168145,tribus_villages_nc,121,2902,Ouindo Borendy
provinciales_2019,,PS,Province Sud,988,98829,Thio,THIO,0003,305,167,138,164,0,3,Grand Borendy,GRAND BORENDY,4,PS_liste_04,37,22.56,1,Grand Borindi,Thio,LIEU_DIT_NC,TRIBU,Xöwi,166.45075740277505,-21.738718340168145,tribus_villages_nc,121,2902,Ouindo Borendy
provinciales_2019,,PS,Province Sud,988,98829,Thio,THIO,0003,305,167,138,164,0,3,Grand Borendy,GRAND BORENDY,5,PS_liste_05,0,0,1,Grand Borindi,Thio,LIEU_DIT_NC,TRIBU,Xöwi,166.45075740277505,-21.738718340168145,tribus_villages_nc,121,2902,Ouindo Borendy
provinciales_2019,,PS,Province Sud,988,98829,Thio,THIO,0003,305,167,138,164,0,3,Grand Borendy,GRAND BORENDY,6,PS_liste_06,1,0.61,1,Grand Borindi,Thio,LIEU_DIT_NC,TRIBU,Xöwi,166.45075740277505,-21.738718340168145,tribus_villages_nc,121,2902,Ouindo Borendy
provinciales_2019,,PS,Province Sud,988,98829,Thio,THIO,0003,305,167,138,164,0,3,Grand Borendy,GRAND BORENDY,7,PS_liste_07,117,71.34,1,Grand Borindi,Thio,LIEU_DIT_NC,TRIBU,Xöwi,166.45075740277505,-21.738718340168145,tribus_villages_nc,121,2902,Ouindo Borendy
provinciales_2019,,PS,Province Sud,988,98829,Thio,THIO,0003,305,167,138,164,0,3,Grand Borendy,GRAND BORENDY,8,PS_liste_08,2,1.22,1,Grand Borindi,Thio,LIEU_DIT_NC,TRIBU,Xöwi,166.45075740277505,-21.738718340168145,tribus_villages_nc,121,2902,Ouindo Borendy
provinciales_2019,,PS,Province Sud,988,98829,Thio,THIO,0003,305,167,138,164,0,3,Grand Borendy,GRAND BORENDY,9,PS_liste_09,0,0,1,Grand Borindi,Thio,LIEU_DIT_NC,TRIBU,Xöwi,166.45075740277505,-21.738718340168145,tribus_villages_nc,121,2902,Ouindo Borendy
provinciales_2019,,PS,Province Sud,988,98829,Thio,THIO,0003,305,167,138,164,0,3,Grand Borendy,GRAND BORENDY,10,PS_liste_10,2,1.22,1,Grand Borindi,Thio,LIEU_DIT_NC,TRIBU,Xöwi,166.45075740277505,-21.738718340168145,tribus_villages_nc,121,2902,Ouindo Borendy
provinciales_2019,,PS,Province Sud,988,98829,Thio,THIO,0003,305,167,138,164,0,3,Grand Borendy,GRAND BORENDY,11,PS_liste_11,2,1.22,1,Grand Borindi,Thio,LIEU_DIT_NC,TRIBU,Xöwi,166.45075740277505,-21.738718340168145,tribus_villages_nc,121,2902,Ouindo Borendy
provinciales_2019,,PS,Province Sud,988,98829,Thio,THIO,0004,442,251,191,248,3,0,Saint-Pierre,SAINT PIERRE,1,PS_liste_01,7,2.82,1,St Pierre,Thio,LIEU_DIT_NC,TRIBU,Pwimuru,166.14983539215794,-21.67410856554519,tribus_villages_nc,121,2902,Ouindo Borendy
provinciales_2019,,PS,Province Sud,988,98829,Thio,THIO,0004,442,251,191,248,3,0,Saint-Pierre,SAINT PIERRE,2,PS_liste_02,0,0,1,St Pierre,Thio,LIEU_DIT_NC,TRIBU,Pwimuru,166.14983539215794,-21.67410856554519,tribus_villages_nc,121,2902,Ouindo Borendy
provinciales_2019,,PS,Province Sud,988,98829,Thio,THIO,0004,442,251,191,248,3,0,Saint-Pierre,SAINT PIERRE,3,PS_liste_03,2,0.81,1,St Pierre,Thio,LIEU_DIT_NC,TRIBU,Pwimuru,166.14983539215794,-21.67410856554519,tribus_villages_nc,121,2902,Ouindo Borendy
provinciales_2019,,PS,Province Sud,988,98829,Thio,THIO,0004,442,251,191,248,3,0,Saint-Pierre,SAINT PIERRE,4,PS_liste_04,11,4.44,1,St Pierre,Thio,LIEU_DIT_NC,TRIBU,Pwimuru,166.14983539215794,-21.67410856554519,tribus_villages_nc,121,2902,Ouindo Borendy
provinciales_2019,,PS,Province Sud,988,98829,Thio,THIO,0004,442,251,191,248,3,0,Saint-Pierre,SAINT PIERRE,5,PS_liste_05,0,0,1,St Pierre,Thio,LIEU_DIT_NC,TRIBU,Pwimuru,166.14983539215794,-21.67410856554519,tribus_villages_nc,121,2902,Ouindo Borendy
provinciales_2019,,PS,Province Sud,988,98829,Thio,THIO,0004,442,251,191,248,3,0,Saint-Pierre,SAINT PIERRE,6,PS_liste_06,1,0.4,1,St Pierre,Thio,LIEU_DIT_NC,TRIBU,Pwimuru,166.14983539215794,-21.67410856554519,tribus_villages_nc,121,2902,Ouindo Borendy
provinciales_2019,,PS,Province Sud,988,98829,Thio,THIO,0004,442,251,191,248,3,0,Saint-Pierre,SAINT PIERRE,7,PS_liste_07,204,82.26,1,St Pierre,Thio,LIEU_DIT_NC,TRIBU,Pwimuru,166.14983539215794,-21.67410856554519,tribus_villages_nc,121,2902,Ouindo Borendy
provinciales_2019,,PS,Province Sud,988,98829,Thio,THIO,0004,442,251,191,248,3,0,Saint-Pierre,SAINT PIERRE,8,PS_liste_08,11,4.44,1,St Pierre,Thio,LIEU_DIT_NC,TRIBU,Pwimuru,166.14983539215794,-21.67410856554519,tribus_villages_nc,121,2902,Ouindo Borendy
provinciales_2019,,PS,Province Sud,988,98829,Thio,THIO,0004,442,251,191,248,3,0,Saint-Pierre,SAINT PIERRE,9,PS_liste_09,4,1.61,1,St Pierre,Thio,LIEU_DIT_NC,TRIBU,Pwimuru,166.14983539215794,-21.67410856554519,tribus_villages_nc,121,2902,Ouindo Borendy
provinciales_2019,,PS,Province Sud,988,98829,Thio,THIO,0004,442,251,191,248,3,0,Saint-Pierre,SAINT PIERRE,10,PS_liste_10,2,0.81,1,St Pierre,Thio,LIEU_DIT_NC,TRIBU,Pwimuru,166.14983539215794,-21.67410856554519,tribus_villages_nc,121,2902,Ouindo Borendy
provinciales_2019,,PS,Province Sud,988,98829,Thio,THIO,0004,442,251,191,248,3,0,Saint-Pierre,SAINT PIERRE,11,PS_liste_11,6,2.42,1,St Pierre,Thio,LIEU_DIT_NC,TRIBU,Pwimuru,166.14983539215794,-21.67410856554519,tribus_villages_nc,121,2902,Ouindo Borendy
provinciales_2019,,PS,Province Sud,988,98832,Yaté,YATE,0001,274,197,77,195,1,1,Mairie,MAIRIE,1,PS_liste_01,4,2.05,0.7,YATE,Yaté,LIEU_DIT_NC,VILLE,,166.94326054599946,-22.16058963447543,tribus_villages_nc,132,3201,Waho Touaourou Goro
provinciales_2019,,PS,Province Sud,988,98832,Yaté,YATE,0001,274,197,77,195,1,1,Mairie,MAIRIE,2,PS_liste_02,1,0.51,0.7,YATE,Yaté,LIEU_DIT_NC,VILLE,,166.94326054599946,-22.16058963447543,tribus_villages_nc,132,3201,Waho Touaourou Goro
provinciales_2019,,PS,Province Sud,988,98832,Yaté,YATE,0001,274,197,77,195,1,1,Mairie,MAIRIE,3,PS_liste_03,8,4.1,0.7,YATE,Yaté,LIEU_DIT_NC,VILLE,,166.94326054599946,-22.16058963447543,tribus_villages_nc,132,3201,Waho Touaourou Goro
provinciales_2019,,PS,Province Sud,988,98832,Yaté,YATE,0001,274,197,77,195,1,1,Mairie,MAIRIE,4,PS_liste_04,2,1.03,0.7,YATE,Yaté,LIEU_DIT_NC,VILLE,,166.94326054599946,-22.16058963447543,tribus_villages_nc,132,3201,Waho Touaourou Goro
provinciales_2019,,PS,Province Sud,988,98832,Yaté,YATE,0001,274,197,77,195,1,1,Mairie,MAIRIE,5,PS_liste_05,1,0.51,0.7,YATE,Yaté,LIEU_DIT_NC,VILLE,,166.94326054599946,-22.16058963447543,tribus_villages_nc,132,3201,Waho Touaourou Goro
provinciales_2019,,PS,Province Sud,988,98832,Yaté,YATE,0001,274,197,77,195,1,1,Mairie,MAIRIE,6,PS_liste_06,0,0,0.7,YATE,Yaté,LIEU_DIT_NC,VILLE,,166.94326054599946,-22.16058963447543,tribus_villages_nc,132,3201,Waho Touaourou Goro
provinciales_2019,,PS,Province Sud,988,98832,Yaté,YATE,0001,274,197,77,195,1,1,Mairie,MAIRIE,7,PS_liste_07,143,73.33,0.7,YATE,Yaté,LIEU_DIT_NC,VILLE,,166.94326054599946,-22.16058963447543,tribus_villages_nc,132,3201,Waho Touaourou Goro
provinciales_2019,,PS,Province Sud,988,98832,Yaté,YATE,0001,274,197,77,195,1,1,Mairie,MAIRIE,8,PS_liste_08,0,0,0.7,YATE,Yaté,LIEU_DIT_NC,VILLE,,166.94326054599946,-22.16058963447543,tribus_villages_nc,132,3201,Waho Touaourou Goro
provinciales_2019,,PS,Province Sud,988,98832,Yaté,YATE,0001,274,197,77,195,1,1,Mairie,MAIRIE,9,PS_liste_09,0,0,0.7,YATE,Yaté,LIEU_DIT_NC,VILLE,,166.94326054599946,-22.16058963447543,tribus_villages_nc,132,3201,Waho Touaourou Goro
provinciales_2019,,PS,Province Sud,988,98832,Yaté,YATE,0001,274,197,77,195,1,1,Mairie,MAIRIE,10,PS_liste_10,2,1.03,0.7,YATE,Yaté,LIEU_DIT_NC,VILLE,,166.94326054599946,-22.16058963447543,tribus_villages_nc,132,3201,Waho Touaourou Goro
provinciales_2019,,PS,Province Sud,988,98832,Yaté,YATE,0001,274,197,77,195,1,1,Mairie,MAIRIE,11,PS_liste_11,34,17.44,0.7,YATE,Yaté,LIEU_DIT_NC,VILLE,,166.94326054599946,-22.16058963447543,tribus_villages_nc,132,3201,Waho Touaourou Goro
provinciales_2019,,PS,Province Sud,988,98832,Yaté,YATE,0002,461,305,156,302,0,3,Touaourou,TOUAOUROU,1,PS_liste_01,5,1.66,1,Touaourou,Yaté,LIEU_DIT_NC,TRIBU,,166.97497872151834,-22.190244269832505,tribus_villages_nc,132,3201,Waho Touaourou Goro
provinciales_2019,,PS,Province Sud,988,98832,Yaté,YATE,0002,461,305,156,302,0,3,Touaourou,TOUAOUROU,2,PS_liste_02,1,0.33,1,Touaourou,Yaté,LIEU_DIT_NC,TRIBU,,166.97497872151834,-22.190244269832505,tribus_villages_nc,132,3201,Waho Touaourou Goro
provinciales_2019,,PS,Province Sud,988,98832,Yaté,YATE,0002,461,305,156,302,0,3,Touaourou,TOUAOUROU,3,PS_liste_03,5,1.66,1,Touaourou,Yaté,LIEU_DIT_NC,TRIBU,,166.97497872151834,-22.190244269832505,tribus_villages_nc,132,3201,Waho Touaourou Goro
provinciales_2019,,PS,Province Sud,988,98832,Yaté,YATE,0002,461,305,156,302,0,3,Touaourou,TOUAOUROU,4,PS_liste_04,4,1.32,1,Touaourou,Yaté,LIEU_DIT_NC,TRIBU,,166.97497872151834,-22.190244269832505,tribus_villages_nc,132,3201,Waho Touaourou Goro
provinciales_2019,,PS,Province Sud,988,98832,Yaté,YATE,0002,461,305,156,302,0,3,Touaourou,TOUAOUROU,5,PS_liste_05,0,0,1,Touaourou,Yaté,LIEU_DIT_NC,TRIBU,,166.97497872151834,-22.190244269832505,tribus_villages_nc,132,3201,Waho Touaourou Goro
provinciales_2019,,PS,Province Sud,988,98832,Yaté,YATE,0002,461,305,156,302,0,3,Touaourou,TOUAOUROU,6,PS_liste_06,0,0,1,Touaourou,Yaté,LIEU_DIT_NC,TRIBU,,166.97497872151834,-22.190244269832505,tribus_villages_nc,132,3201,Waho Touaourou Goro
provinciales_2019,,PS,Province Sud,988,98832,Yaté,YATE,0002,461,305,156,302,0,3,Touaourou,TOUAOUROU,7,PS_liste_07,263,87.09,1,Touaourou,Yaté,LIEU_DIT_NC,TRIBU,,166.97497872151834,-22.190244269832505,tribus_villages_nc,132,3201,Waho Touaourou Goro
provinciales_2019,,PS,Province Sud,988,98832,Yaté,YATE,0002,461,305,156,302,0,3,Touaourou,TOUAOUROU,8,PS_liste_08,1,0.33,1,Touaourou,Yaté,LIEU_DIT_NC,TRIBU,,166.97497872151834,-22.190244269832505,tribus_villages_nc,132,3201,Waho Touaourou Goro
provinciales_2019,,PS,Province Sud,988,98832,Yaté,YATE,0002,461,305,156,302,0,3,Touaourou,TOUAOUROU,9,PS_liste_09,3,0.99,1,Touaourou,Yaté,LIEU_DIT_NC,TRIBU,,166.97497872151834,-22.190244269832505,tribus_villages_nc,132,3201,Waho Touaourou Goro
provinciales_2019,,PS,Province Sud,988,98832,Yaté,YATE,0002,461,305,156,302,0,3,Touaourou,TOUAOUROU,10,PS_liste_10,1,0.33,1,Touaourou,Yaté,LIEU_DIT_NC,TRIBU,,166.97497872151834,-22.190244269832505,tribus_villages_nc,132,3201,Waho Touaourou Goro
provinciales_2019,,PS,Province Sud,988,98832,Yaté,YATE,0002,461,305,156,302,0,3,Touaourou,TOUAOUROU,11,PS_liste_11,19,6.29,1,Touaourou,Yaté,LIEU_DIT_NC,TRIBU,,166.97497872151834,-22.190244269832505,tribus_villages_nc,132,3201,Waho Touaourou Goro
provinciales_2019,,PS,Province Sud,988,98832,Yaté,YATE,0003,219,159,60,158,1,0,Goro,GORO,1,PS_liste_01,2,1.27,1,Goro,Yaté,LIEU_DIT_NC,TRIBU,Xéré,167.0163659290303,-22.286011229502463,tribus_villages_nc,132,3201,Waho Touaourou Goro
provinciales_2019,,PS,Province Sud,988,98832,Yaté,YATE,0003,219,159,60,158,1,0,Goro,GORO,2,PS_liste_02,1,0.63,1,Goro,Yaté,LIEU_DIT_NC,TRIBU,Xéré,167.0163659290303,-22.286011229502463,tribus_villages_nc,132,3201,Waho Touaourou Goro
provinciales_2019,,PS,Province Sud,988,98832,Yaté,YATE,0003,219,159,60,158,1,0,Goro,GORO,3,PS_liste_03,5,3.16,1,Goro,Yaté,LIEU_DIT_NC,TRIBU,Xéré,167.0163659290303,-22.286011229502463,tribus_villages_nc,132,3201,Waho Touaourou Goro
provinciales_2019,,PS,Province Sud,988,98832,Yaté,YATE,0003,219,159,60,158,1,0,Goro,GORO,4,PS_liste_04,3,1.9,1,Goro,Yaté,LIEU_DIT_NC,TRIBU,Xéré,167.0163659290303,-22.286011229502463,tribus_villages_nc,132,3201,Waho Touaourou Goro
provinciales_2019,,PS,Province Sud,988,98832,Yaté,YATE,0003,219,159,60,158,1,0,Goro,GORO,5,PS_liste_05,0,0,1,Goro,Yaté,LIEU_DIT_NC,TRIBU,Xéré,167.0163659290303,-22.286011229502463,tribus_villages_nc,132,3201,Waho Touaourou Goro
provinciales_2019,,PS,Province Sud,988,98832,Yaté,YATE,0003,219,159,60,158,1,0,Goro,GORO,6,PS_liste_06,0,0,1,Goro,Yaté,LIEU_DIT_NC,TRIBU,Xéré,167.0163659290303,-22.286011229502463,tribus_villages_nc,132,3201,Waho Touaourou Goro
provinciales_2019,,PS,Province Sud,988,98832,Yaté,YATE,0003,219,159,60,158,1,0,Goro,GORO,7,PS_liste_07,115,72.78,1,Goro,Yaté,LIEU_DIT_NC,TRIBU,Xéré,167.0163659290303,-22.286011229502463,tribus_villages_nc,132,3201,Waho Touaourou Goro
provinciales_2019,,PS,Province Sud,988,98832,Yaté,YATE,0003,219,159,60,158,1,0,Goro,GORO,8,PS_liste_08,1,0.63,1,Goro,Yaté,LIEU_DIT_NC,TRIBU,Xéré,167.0163659290303,-22.286011229502463,tribus_villages_nc,132,3201,Waho Touaourou Goro
provinciales_2019,,PS,Province Sud,988,98832,Yaté,YATE,0003,219,159,60,158,1,0,Goro,GORO,9,PS_liste_09,1,0.63,1,Goro,Yaté,LIEU_DIT_NC,TRIBU,Xéré,167.0163659290303,-22.286011229502463,tribus_villages_nc,132,3201,Waho Touaourou Goro
provinciales_2019,,PS,Province Sud,988,98832,Yaté,YATE,0003,219,159,60,158,1,0,Goro,GORO,10,PS_liste_10,0,0,1,Goro,Yaté,LIEU_DIT_NC,TRIBU,Xéré,167.0163659290303,-22.286011229502463,tribus_villages_nc,132,3201,Waho Touaourou Goro
provinciales_2019,,PS,Province Sud,988,98832,Yaté,YATE,0003,219,159,60,158,1,0,Goro,GORO,11,PS_liste_11,30,18.99,1,Goro,Yaté,LIEU_DIT_NC,TRIBU,Xéré,167.0163659290303,-22.286011229502463,tribus_villages_nc,132,3201,Waho Touaourou Goro
provinciales_2019,,PS,Province Sud,988,98832,Yaté,YATE,0004,750,542,208,538,2,2,Unia,UNIA,1,PS_liste_01,18,3.35,1,Unia,Yaté,LIEU_DIT_NC,TRIBU,,166.89998901288348,-22.06107261844911,tribus_villages_nc,133,3202,Unia Ouinné
provinciales_2019,,PS,Province Sud,988,98832,Yaté,YATE,0004,750,542,208,538,2,2,Unia,UNIA,2,PS_liste_02,2,0.37,1,Unia,Yaté,LIEU_DIT_NC,TRIBU,,166.89998901288348,-22.06107261844911,tribus_villages_nc,133,3202,Unia Ouinné
provinciales_2019,,PS,Province Sud,988,98832,Yaté,YATE,0004,750,542,208,538,2,2,Unia,UNIA,3,PS_liste_03,8,1.49,1,Unia,Yaté,LIEU_DIT_NC,TRIBU,,166.89998901288348,-22.06107261844911,tribus_villages_nc,133,3202,Unia Ouinné
provinciales_2019,,PS,Province Sud,988,98832,Yaté,YATE,0004,750,542,208,538,2,2,Unia,UNIA,4,PS_liste_04,9,1.67,1,Unia,Yaté,LIEU_DIT_NC,TRIBU,,166.89998901288348,-22.06107261844911,tribus_villages_nc,133,3202,Unia Ouinné
provinciales_2019,,PS,Province Sud,988,98832,Yaté,YATE,0004,750,542,208,538,2,2,Unia,UNIA,5,PS_liste_05,0,0,1,Unia,Yaté,LIEU_DIT_NC,TRIBU,,166.89998901288348,-22.06107261844911,tribus_villages_nc,133,3202,Unia Ouinné
provinciales_2019,,PS,Province Sud,988,98832,Yaté,YATE,0004,750,542,208,538,2,2,Unia,UNIA,6,PS_liste_06,0,0,1,Unia,Yaté,LIEU_DIT_NC,TRIBU,,166.89998901288348,-22.06107261844911,tribus_villages_nc,133,3202,Unia Ouinné
provinciales_2019,,PS,Province Sud,988,98832,Yaté,YATE,0004,750,542,208,538,2,2,Unia,UNIA,7,PS_liste_07,473,87.92,1,Unia,Yaté,LIEU_DIT_NC,TRIBU,,166.89998901288348,-22.06107261844911,tribus_villages_nc,133,3202,Unia Ouinné
provinciales_2019,,PS,Province Sud,988,98832,Yaté,YATE,0004,750,542,208,538,2,2,Unia,UNIA,8,PS_liste_08,3,0.56,1,Unia,Yaté,LIEU_DIT_NC,TRIBU,,166.89998901288348,-22.06107261844911,tribus_villages_nc,133,3202,Unia Ouinné
provinciales_2019,,PS,Province Sud,988,98832,Yaté,YATE,0004,750,542,208,538,2,2,Unia,UNIA,9,PS_liste_09,6,1.12,1,Unia,Yaté,LIEU_DIT_NC,TRIBU,,166.89998901288348,-22.06107261844911,tribus_villages_nc,133,3202,Unia Ouinné
provinciales_2019,,PS,Province Sud,988,98832,Yaté,YATE,0004,750,542,208,538,2,2,Unia,UNIA,10,PS_liste_10,2,0.37,1,Unia,Yaté,LIEU_DIT_NC,TRIBU,,166.89998901288348,-22.06107261844911,tribus_villages_nc,133,3202,Unia Ouinné
provinciales_2019,,PS,Province Sud,988,98832,Yaté,YATE,0004,750,542,208,538,2,2,Unia,UNIA,11,PS_liste_11,17,3.16,1,Unia,Yaté,LIEU_DIT_NC,TRIBU,,166.89998901288348,-22.06107261844911,tribus_villages_nc,133,3202,Unia Ouinné
