GEO_PICT,signal,TIME_PERIOD,OBS_VALUE
AS,sea,1850,0
AS,sea,1851,-0.3
AS,sea,1852,0
AS,sea,1853,0.4
AS,sea,1854,0.2
AS,sea,1855,-0.3
AS,sea,1856,-0.1
AS,sea,1857,-0.5
AS,sea,1858,-0.2
AS,sea,1859,0.2
AS,sea,1860,-0.2
AS,sea,1861,-0.5
AS,sea,1862,-0.4
AS,sea,1863,-0.4
AS,sea,1864,-0.2
AS,sea,1865,-0.2
AS,sea,1866,-0.3
AS,sea,1867,-0.2
AS,sea,1868,-0.1
AS,sea,1869,-0.1
AS,sea,1870,-0.2
AS,sea,1871,0.1
AS,sea,1872,0.1
AS,sea,1873,-0.4
AS,sea,1874,0
AS,sea,1875,-0.1
AS,sea,1876,-0.1
AS,sea,1877,-0.2
AS,sea,1878,-0.2
AS,sea,1879,-0.2
AS,sea,1880,-0.2
AS,sea,1881,0.1
AS,sea,1882,0.1
AS,sea,1883,-0.4
AS,sea,1884,-0.4
AS,sea,1885,-0.6
AS,sea,1886,-0.5
AS,sea,1887,-0.4
AS,sea,1888,-0.2
AS,sea,1889,-0.1
AS,sea,1890,-0.5
AS,sea,1891,-0.4
AS,sea,1892,-0.3
AS,sea,1893,-0.7
AS,sea,1894,-0.3
AS,sea,1895,-0.2
AS,sea,1896,-0.4
AS,sea,1897,-0.2
AS,sea,1898,-0.2
AS,sea,1899,-0.1
AS,sea,1900,0.1
AS,sea,1901,0.2
AS,sea,1902,-0.4
AS,sea,1903,-0.2
AS,sea,1904,-0.6
AS,sea,1905,-0.5
AS,sea,1906,-0.1
AS,sea,1907,-0.4
AS,sea,1908,-0.5
AS,sea,1909,-0.7
AS,sea,1910,-0.7
AS,sea,1911,-0.6
AS,sea,1912,-0.3
AS,sea,1913,-0.5
AS,sea,1914,-0.3
AS,sea,1915,-0.1
AS,sea,1916,-0.2
AS,sea,1917,-0.8
AS,sea,1918,-0.5
AS,sea,1919,-0.8
AS,sea,1920,-0.5
AS,sea,1921,-0.4
AS,sea,1922,-0.1
AS,sea,1923,-0.4
AS,sea,1924,-0.1
AS,sea,1925,-0.3
AS,sea,1926,-0.3
AS,sea,1927,-0.3
AS,sea,1928,-0.2
AS,sea,1929,-0.3
AS,sea,1930,-0.4
AS,sea,1931,-0.3
AS,sea,1932,-0.1
AS,sea,1933,-0.5
AS,sea,1934,-0.4
AS,sea,1935,-0.4
AS,sea,1936,-0.2
AS,sea,1937,-0.3
AS,sea,1938,-0.4
AS,sea,1939,-0.5
AS,sea,1940,-0.1
AS,sea,1941,0.1
AS,sea,1942,0.1
AS,sea,1943,0.1
AS,sea,1944,0.2
AS,sea,1945,0.1
AS,sea,1946,0.2
AS,sea,1947,0.2
AS,sea,1948,-0.2
AS,sea,1949,-0.2
AS,sea,1950,-0.2
AS,sea,1951,-0.1
AS,sea,1952,0.2
AS,sea,1953,0.1
AS,sea,1954,0
AS,sea,1955,-0.3
AS,sea,1956,-0.3
AS,sea,1957,-0.1
AS,sea,1958,0
AS,sea,1959,0.1
AS,sea,1960,0
AS,sea,1961,0
AS,sea,1962,-0.1
AS,sea,1963,0
AS,sea,1964,-0.1
AS,sea,1965,-0.3
AS,sea,1966,0
AS,sea,1967,-0.2
AS,sea,1968,0
AS,sea,1969,0.2
AS,sea,1970,0.1
AS,sea,1971,-0.2
AS,sea,1972,-0.2
AS,sea,1973,0.2
AS,sea,1974,-0.3
AS,sea,1975,-0.3
AS,sea,1976,-0.3
AS,sea,1977,-0.1
AS,sea,1978,0
AS,sea,1979,-0.1
AS,sea,1980,0.1
AS,sea,1981,-0.1
AS,sea,1982,0
AS,sea,1983,-0.3
AS,sea,1984,0
AS,sea,1985,-0.2
AS,sea,1986,-0.1
AS,sea,1987,-0.1
AS,sea,1988,0.1
AS,sea,1989,-0.1
AS,sea,1990,0
AS,sea,1991,0.3
AS,sea,1992,0.2
AS,sea,1993,0.1
AS,sea,1994,0.2
AS,sea,1995,0.3
AS,sea,1996,0.2
AS,sea,1997,-0.1
AS,sea,1998,-0.2
AS,sea,1999,0.1
AS,sea,2000,0.3
AS,sea,2001,0.2
AS,sea,2002,0.4
AS,sea,2003,0.5
AS,sea,2004,0.6
AS,sea,2005,0.6
AS,sea,2006,0.5
AS,sea,2007,0.5
AS,sea,2008,0.1
AS,sea,2009,0.4
AS,sea,2010,0.5
AS,sea,2011,0.1
AS,sea,2012,0.4
AS,sea,2013,0.5
AS,sea,2014,0.6
AS,sea,2015,0.3
AS,sea,2016,0.6
AS,sea,2017,0.7
AS,sea,2018,0.6
AS,sea,2019,0.7
AS,sea,2020,0.7
AS,sea,2021,0.4
AS,sea,2022,0.4
AS,sea,2023,0.5
AS,sea,2024,0.7
AS,sea,2025,0.5
FM,sea,1850,0
FM,sea,1851,0.1
FM,sea,1852,0
FM,sea,1853,-0.1
FM,sea,1854,-0.2
FM,sea,1855,-0.4
FM,sea,1856,-0.3
FM,sea,1857,0
FM,sea,1858,-0.5
FM,sea,1859,0.1
FM,sea,1860,-0.3
FM,sea,1861,-0.8
FM,sea,1862,-0.4
FM,sea,1863,-0.2
FM,sea,1864,0
FM,sea,1865,0
FM,sea,1866,0
FM,sea,1867,-0.2
FM,sea,1868,-0.2
FM,sea,1869,0.2
FM,sea,1870,-0.1
FM,sea,1871,-0.2
FM,sea,1872,-0.1
FM,sea,1873,0
FM,sea,1874,-0.1
FM,sea,1875,-0.3
FM,sea,1876,-0.1
FM,sea,1877,-0.2
FM,sea,1878,0
FM,sea,1879,-0.2
FM,sea,1880,-0.4
FM,sea,1881,0.1
FM,sea,1882,0.1
FM,sea,1883,-0.4
FM,sea,1884,-0.6
FM,sea,1885,-0.6
FM,sea,1886,-0.3
FM,sea,1887,0
FM,sea,1888,-0.2
FM,sea,1889,-0.1
FM,sea,1890,0.1
FM,sea,1891,0.3
FM,sea,1892,0.1
FM,sea,1893,0
FM,sea,1894,0
FM,sea,1895,0
FM,sea,1896,-0.1
FM,sea,1897,0.2
FM,sea,1898,-0.1
FM,sea,1899,-0.3
FM,sea,1900,0
FM,sea,1901,-0.1
FM,sea,1902,-0.5
FM,sea,1903,-0.5
FM,sea,1904,-0.6
FM,sea,1905,-0.7
FM,sea,1906,-0.6
FM,sea,1907,-0.3
FM,sea,1908,-0.4
FM,sea,1909,-0.5
FM,sea,1910,-0.4
FM,sea,1911,-0.7
FM,sea,1912,-0.7
FM,sea,1913,-0.7
FM,sea,1914,-0.6
FM,sea,1915,-0.4
FM,sea,1916,-0.4
FM,sea,1917,-0.8
FM,sea,1918,-0.8
FM,sea,1919,-1
FM,sea,1920,-0.7
FM,sea,1921,-0.2
FM,sea,1922,-0.1
FM,sea,1923,-0.4
FM,sea,1924,-0.3
FM,sea,1925,-0.2
FM,sea,1926,-0.3
FM,sea,1927,-0.3
FM,sea,1928,-0.4
FM,sea,1929,-0.4
FM,sea,1930,-0.5
FM,sea,1931,-0.3
FM,sea,1932,-0.5
FM,sea,1933,-0.5
FM,sea,1934,-0.4
FM,sea,1935,-0.4
FM,sea,1936,-0.4
FM,sea,1937,-0.3
FM,sea,1938,-0.4
FM,sea,1939,-0.3
FM,sea,1940,-0.4
FM,sea,1941,-0.3
FM,sea,1942,-0.3
FM,sea,1943,0.3
FM,sea,1944,0.2
FM,sea,1945,0.2
FM,sea,1946,0.2
FM,sea,1947,-0.1
FM,sea,1948,-0.3
FM,sea,1949,-0.4
FM,sea,1950,-0.2
FM,sea,1951,-0.2
FM,sea,1952,-0.3
FM,sea,1953,-0.2
FM,sea,1954,-0.2
FM,sea,1955,-0.4
FM,sea,1956,-0.2
FM,sea,1957,-0.3
FM,sea,1958,-0.4
FM,sea,1959,-0.3
FM,sea,1960,-0.2
FM,sea,1961,-0.2
FM,sea,1962,-0.1
FM,sea,1963,0
FM,sea,1964,-0.1
FM,sea,1965,-0.4
FM,sea,1966,-0.3
FM,sea,1967,-0.2
FM,sea,1968,-0.1
FM,sea,1969,0
FM,sea,1970,0
FM,sea,1971,-0.2
FM,sea,1972,-0.5
FM,sea,1973,-0.2
FM,sea,1974,-0.2
FM,sea,1975,-0.3
FM,sea,1976,-0.3
FM,sea,1977,-0.2
FM,sea,1978,-0.1
FM,sea,1979,-0.1
FM,sea,1980,-0.1
FM,sea,1981,0.1
FM,sea,1982,-0.1
FM,sea,1983,-0.2
FM,sea,1984,0.1
FM,sea,1985,0
FM,sea,1986,0
FM,sea,1987,-0.1
FM,sea,1988,0.2
FM,sea,1989,0.1
FM,sea,1990,0
FM,sea,1991,-0.1
FM,sea,1992,-0.3
FM,sea,1993,-0.4
FM,sea,1994,0
FM,sea,1995,0.3
FM,sea,1996,0.4
FM,sea,1997,0
FM,sea,1998,0.1
FM,sea,1999,0.2
FM,sea,2000,0.2
FM,sea,2001,0.4
FM,sea,2002,0.3
FM,sea,2003,0.4
FM,sea,2004,0.3
FM,sea,2005,0.3
FM,sea,2006,0.3
FM,sea,2007,0.4
FM,sea,2008,0.3
FM,sea,2009,0.4
FM,sea,2010,0.4
FM,sea,2011,0.4
FM,sea,2012,0.4
FM,sea,2013,0.5
FM,sea,2014,0.6
FM,sea,2015,0.3
FM,sea,2016,0.6
FM,sea,2017,0.7
FM,sea,2018,0.6
FM,sea,2019,0.5
FM,sea,2020,0.7
FM,sea,2021,0.7
FM,sea,2022,0.6
FM,sea,2023,0.7
FM,sea,2024,0.8
FM,sea,2025,0.9
WS,sea,1850,0.1
WS,sea,1851,-0.3
WS,sea,1852,0
WS,sea,1853,0.3
WS,sea,1854,0.1
WS,sea,1855,-0.2
WS,sea,1856,-0.2
WS,sea,1857,-0.5
WS,sea,1858,-0.2
WS,sea,1859,0.1
WS,sea,1860,-0.3
WS,sea,1861,-0.5
WS,sea,1862,-0.4
WS,sea,1863,-0.4
WS,sea,1864,-0.3
WS,sea,1865,-0.3
WS,sea,1866,-0.3
WS,sea,1867,-0.2
WS,sea,1868,-0.2
WS,sea,1869,-0.1
WS,sea,1870,-0.4
WS,sea,1871,-0.1
WS,sea,1872,-0.1
WS,sea,1873,-0.4
WS,sea,1874,-0.1
WS,sea,1875,-0.2
WS,sea,1876,-0.2
WS,sea,1877,-0.2
WS,sea,1878,-0.2
WS,sea,1879,-0.3
WS,sea,1880,-0.3
WS,sea,1881,0.1
WS,sea,1882,0
WS,sea,1883,-0.4
WS,sea,1884,-0.4
WS,sea,1885,-0.5
WS,sea,1886,-0.4
WS,sea,1887,-0.4
WS,sea,1888,-0.2
WS,sea,1889,-0.2
WS,sea,1890,-0.5
WS,sea,1891,-0.4
WS,sea,1892,-0.3
WS,sea,1893,-0.7
WS,sea,1894,-0.3
WS,sea,1895,-0.2
WS,sea,1896,-0.3
WS,sea,1897,-0.2
WS,sea,1898,-0.3
WS,sea,1899,-0.2
WS,sea,1900,0.2
WS,sea,1901,0.1
WS,sea,1902,-0.4
WS,sea,1903,-0.2
WS,sea,1904,-0.6
WS,sea,1905,-0.4
WS,sea,1906,-0.3
WS,sea,1907,-0.4
WS,sea,1908,-0.5
WS,sea,1909,-0.8
WS,sea,1910,-0.9
WS,sea,1911,-0.6
WS,sea,1912,-0.3
WS,sea,1913,-0.5
WS,sea,1914,-0.3
WS,sea,1915,-0.2
WS,sea,1916,-0.5
WS,sea,1917,-1
WS,sea,1918,-0.6
WS,sea,1919,-0.9
WS,sea,1920,-0.5
WS,sea,1921,-0.5
WS,sea,1922,-0.2
WS,sea,1923,-0.4
WS,sea,1924,-0.2
WS,sea,1925,-0.3
WS,sea,1926,-0.2
WS,sea,1927,-0.3
WS,sea,1928,-0.3
WS,sea,1929,-0.3
WS,sea,1930,-0.3
WS,sea,1931,-0.3
WS,sea,1932,-0.2
WS,sea,1933,-0.6
WS,sea,1934,-0.4
WS,sea,1935,-0.4
WS,sea,1936,-0.3
WS,sea,1937,-0.3
WS,sea,1938,-0.4
WS,sea,1939,-0.6
WS,sea,1940,-0.1
WS,sea,1941,0.1
WS,sea,1942,0
WS,sea,1943,0
WS,sea,1944,0.1
WS,sea,1945,0.1
WS,sea,1946,0.2
WS,sea,1947,0.1
WS,sea,1948,-0.2
WS,sea,1949,-0.2
WS,sea,1950,-0.3
WS,sea,1951,-0.1
WS,sea,1952,0.1
WS,sea,1953,0.1
WS,sea,1954,-0.1
WS,sea,1955,-0.4
WS,sea,1956,-0.4
WS,sea,1957,-0.2
WS,sea,1958,0
WS,sea,1959,0.1
WS,sea,1960,-0.1
WS,sea,1961,0
WS,sea,1962,-0.1
WS,sea,1963,0
WS,sea,1964,-0.2
WS,sea,1965,-0.3
WS,sea,1966,0
WS,sea,1967,-0.3
WS,sea,1968,-0.1
WS,sea,1969,0.2
WS,sea,1970,0
WS,sea,1971,-0.3
WS,sea,1972,-0.2
WS,sea,1973,0.1
WS,sea,1974,-0.4
WS,sea,1975,-0.4
WS,sea,1976,-0.4
WS,sea,1977,0
WS,sea,1978,0
WS,sea,1979,0
WS,sea,1980,0.2
WS,sea,1981,-0.1
WS,sea,1982,0
WS,sea,1983,-0.2
WS,sea,1984,0
WS,sea,1985,-0.2
WS,sea,1986,0
WS,sea,1987,0
WS,sea,1988,0.1
WS,sea,1989,-0.2
WS,sea,1990,0.1
WS,sea,1991,0.4
WS,sea,1992,0.2
WS,sea,1993,0.1
WS,sea,1994,0.3
WS,sea,1995,0.3
WS,sea,1996,0.1
WS,sea,1997,-0.1
WS,sea,1998,-0.2
WS,sea,1999,0
WS,sea,2000,0.2
WS,sea,2001,0.2
WS,sea,2002,0.4
WS,sea,2003,0.5
WS,sea,2004,0.5
WS,sea,2005,0.6
WS,sea,2006,0.5
WS,sea,2007,0.5
WS,sea,2008,0.1
WS,sea,2009,0.4
WS,sea,2010,0.4
WS,sea,2011,0
WS,sea,2012,0.4
WS,sea,2013,0.5
WS,sea,2014,0.6
WS,sea,2015,0.5
WS,sea,2016,0.6
WS,sea,2017,0.6
WS,sea,2018,0.6
WS,sea,2019,0.7
WS,sea,2020,0.6
WS,sea,2021,0.4
WS,sea,2022,0.3
WS,sea,2023,0.6
WS,sea,2024,0.8
WS,sea,2025,0.5
PG,sea,1850,0
PG,sea,1851,0.3
PG,sea,1852,0.1
PG,sea,1853,0
PG,sea,1854,-0.3
PG,sea,1855,-0.5
PG,sea,1856,-0.4
PG,sea,1857,0
PG,sea,1858,-0.4
PG,sea,1859,0.1
PG,sea,1860,-0.3
PG,sea,1861,-1
PG,sea,1862,-0.4
PG,sea,1863,-0.2
PG,sea,1864,0.2
PG,sea,1865,0
PG,sea,1866,0
PG,sea,1867,-0.2
PG,sea,1868,-0.3
PG,sea,1869,0.2
PG,sea,1870,-0.1
PG,sea,1871,-0.1
PG,sea,1872,-0.1
PG,sea,1873,-0.1
PG,sea,1874,0.1
PG,sea,1875,-0.1
PG,sea,1876,-0.1
PG,sea,1877,-0.3
PG,sea,1878,0.2
PG,sea,1879,-0.1
PG,sea,1880,-0.2
PG,sea,1881,0.2
PG,sea,1882,0.1
PG,sea,1883,-0.5
PG,sea,1884,-0.7
PG,sea,1885,-0.9
PG,sea,1886,-0.4
PG,sea,1887,-0.2
PG,sea,1888,-0.5
PG,sea,1889,-0.1
PG,sea,1890,0
PG,sea,1891,0
PG,sea,1892,0
PG,sea,1893,0
PG,sea,1894,-0.2
PG,sea,1895,-0.3
PG,sea,1896,-0.3
PG,sea,1897,0
PG,sea,1898,-0.4
PG,sea,1899,-0.5
PG,sea,1900,0
PG,sea,1901,-0.5
PG,sea,1902,-1.1
PG,sea,1903,-0.8
PG,sea,1904,-0.9
PG,sea,1905,-1
PG,sea,1906,-0.7
PG,sea,1907,-0.3
PG,sea,1908,-0.3
PG,sea,1909,-0.4
PG,sea,1910,-0.3
PG,sea,1911,-0.9
PG,sea,1912,-0.7
PG,sea,1913,-0.7
PG,sea,1914,-0.8
PG,sea,1915,-0.5
PG,sea,1916,-0.3
PG,sea,1917,-0.8
PG,sea,1918,-0.9
PG,sea,1919,-1.2
PG,sea,1920,-0.8
PG,sea,1921,-0.2
PG,sea,1922,-0.2
PG,sea,1923,-0.5
PG,sea,1924,-0.3
PG,sea,1925,-0.5
PG,sea,1926,-0.5
PG,sea,1927,-0.4
PG,sea,1928,-0.4
PG,sea,1929,-0.6
PG,sea,1930,-0.6
PG,sea,1931,-0.3
PG,sea,1932,-0.6
PG,sea,1933,-0.4
PG,sea,1934,-0.4
PG,sea,1935,-0.5
PG,sea,1936,-0.4
PG,sea,1937,-0.4
PG,sea,1938,-0.3
PG,sea,1939,-0.5
PG,sea,1940,-0.6
PG,sea,1941,-0.6
PG,sea,1942,-0.2
PG,sea,1943,0.3
PG,sea,1944,0.1
PG,sea,1945,0.2
PG,sea,1946,-0.2
PG,sea,1947,-0.5
PG,sea,1948,-0.6
PG,sea,1949,-0.8
PG,sea,1950,-0.3
PG,sea,1951,-0.5
PG,sea,1952,-0.5
PG,sea,1953,-0.5
PG,sea,1954,-0.4
PG,sea,1955,-0.5
PG,sea,1956,-0.1
PG,sea,1957,-0.5
PG,sea,1958,-0.5
PG,sea,1959,-0.5
PG,sea,1960,-0.3
PG,sea,1961,-0.3
PG,sea,1962,0
PG,sea,1963,-0.1
PG,sea,1964,-0.1
PG,sea,1965,-0.8
PG,sea,1966,-0.5
PG,sea,1967,-0.3
PG,sea,1968,-0.1
PG,sea,1969,0
PG,sea,1970,0.1
PG,sea,1971,-0.1
PG,sea,1972,-0.5
PG,sea,1973,0
PG,sea,1974,-0.1
PG,sea,1975,-0.2
PG,sea,1976,-0.3
PG,sea,1977,-0.2
PG,sea,1978,0
PG,sea,1979,-0.1
PG,sea,1980,-0.2
PG,sea,1981,0.1
PG,sea,1982,-0.4
PG,sea,1983,-0.2
PG,sea,1984,0
PG,sea,1985,0
PG,sea,1986,0
PG,sea,1987,-0.3
PG,sea,1988,0.2
PG,sea,1989,0.2
PG,sea,1990,0
PG,sea,1991,-0.1
PG,sea,1992,-0.4
PG,sea,1993,-0.6
PG,sea,1994,-0.1
PG,sea,1995,0.3
PG,sea,1996,0.5
PG,sea,1997,-0.2
PG,sea,1998,0.4
PG,sea,1999,0.2
PG,sea,2000,0.3
PG,sea,2001,0.4
PG,sea,2002,0.3
PG,sea,2003,0.4
PG,sea,2004,0.3
PG,sea,2005,0.4
PG,sea,2006,0.2
PG,sea,2007,0.5
PG,sea,2008,0.3
PG,sea,2009,0.4
PG,sea,2010,0.6
PG,sea,2011,0.4
PG,sea,2012,0.3
PG,sea,2013,0.4
PG,sea,2014,0.3
PG,sea,2015,0.1
PG,sea,2016,0.7
PG,sea,2017,0.7
PG,sea,2018,0.5
PG,sea,2019,0.3
PG,sea,2020,0.8
PG,sea,2021,0.6
PG,sea,2022,0.8
PG,sea,2023,0.6
PG,sea,2024,0.9
PG,sea,2025,1.1
PW,sea,1850,0
PW,sea,1851,0.1
PW,sea,1852,0.1
PW,sea,1853,0.1
PW,sea,1854,0.2
PW,sea,1855,-0.5
PW,sea,1856,0
PW,sea,1857,-0.1
PW,sea,1858,-0.6
PW,sea,1859,0.1
PW,sea,1860,-0.1
PW,sea,1861,-0.7
PW,sea,1862,-0.7
PW,sea,1863,-0.1
PW,sea,1864,-0.1
PW,sea,1865,0
PW,sea,1866,0
PW,sea,1867,-0.2
PW,sea,1868,-0.2
PW,sea,1869,0.3
PW,sea,1870,0.2
PW,sea,1871,-0.1
PW,sea,1872,0.1
PW,sea,1873,0.2
PW,sea,1874,0
PW,sea,1875,-0.2
PW,sea,1876,0
PW,sea,1877,0
PW,sea,1878,0.4
PW,sea,1879,0.1
PW,sea,1880,-0.2
PW,sea,1881,-0.1
PW,sea,1882,0
PW,sea,1883,-0.6
PW,sea,1884,-0.9
PW,sea,1885,-0.5
PW,sea,1886,-0.1
PW,sea,1887,0.1
PW,sea,1888,-0.1
PW,sea,1889,0.3
PW,sea,1890,0.2
PW,sea,1891,0.2
PW,sea,1892,0.1
PW,sea,1893,-0.1
PW,sea,1894,-0.2
PW,sea,1895,-0.1
PW,sea,1896,-0.3
PW,sea,1897,0.3
PW,sea,1898,-0.1
PW,sea,1899,-0.4
PW,sea,1900,0
PW,sea,1901,-0.4
PW,sea,1902,-0.6
PW,sea,1903,-0.5
PW,sea,1904,-0.7
PW,sea,1905,-0.8
PW,sea,1906,-0.5
PW,sea,1907,-0.5
PW,sea,1908,-0.3
PW,sea,1909,-0.4
PW,sea,1910,-0.3
PW,sea,1911,-0.7
PW,sea,1912,-0.8
PW,sea,1913,-0.8
PW,sea,1914,-0.6
PW,sea,1915,-0.3
PW,sea,1916,-0.3
PW,sea,1917,-0.3
PW,sea,1918,-1
PW,sea,1919,-0.8
PW,sea,1920,-0.7
PW,sea,1921,-0.1
PW,sea,1922,-0.2
PW,sea,1923,-0.5
PW,sea,1924,-0.4
PW,sea,1925,-0.3
PW,sea,1926,-0.5
PW,sea,1927,-0.2
PW,sea,1928,-0.4
PW,sea,1929,-0.6
PW,sea,1930,-0.6
PW,sea,1931,-0.3
PW,sea,1932,-0.5
PW,sea,1933,-0.4
PW,sea,1934,-0.4
PW,sea,1935,-0.6
PW,sea,1936,-0.5
PW,sea,1937,-0.3
PW,sea,1938,-0.3
PW,sea,1939,-0.3
PW,sea,1940,-0.5
PW,sea,1941,-0.4
PW,sea,1942,-0.2
PW,sea,1943,0
PW,sea,1944,0.1
PW,sea,1945,0.3
PW,sea,1946,0.1
PW,sea,1947,-0.2
PW,sea,1948,-0.4
PW,sea,1949,-0.5
PW,sea,1950,-0.2
PW,sea,1951,-0.3
PW,sea,1952,-0.4
PW,sea,1953,-0.2
PW,sea,1954,-0.1
PW,sea,1955,-0.3
PW,sea,1956,-0.3
PW,sea,1957,-0.2
PW,sea,1958,-0.5
PW,sea,1959,-0.4
PW,sea,1960,-0.1
PW,sea,1961,-0.3
PW,sea,1962,-0.3
PW,sea,1963,-0.3
PW,sea,1964,-0.1
PW,sea,1965,-0.5
PW,sea,1966,-0.4
PW,sea,1967,-0.5
PW,sea,1968,-0.3
PW,sea,1969,-0.2
PW,sea,1970,0
PW,sea,1971,-0.2
PW,sea,1972,-0.4
PW,sea,1973,-0.1
PW,sea,1974,-0.2
PW,sea,1975,-0.2
PW,sea,1976,-0.4
PW,sea,1977,-0.3
PW,sea,1978,-0.1
PW,sea,1979,-0.2
PW,sea,1980,-0.3
PW,sea,1981,0.1
PW,sea,1982,-0.2
PW,sea,1983,-0.2
PW,sea,1984,0
PW,sea,1985,0
PW,sea,1986,-0.1
PW,sea,1987,-0.1
PW,sea,1988,0.3
PW,sea,1989,0.2
PW,sea,1990,-0.2
PW,sea,1991,-0.4
PW,sea,1992,-0.3
PW,sea,1993,-0.4
PW,sea,1994,-0.1
PW,sea,1995,0.2
PW,sea,1996,0.3
PW,sea,1997,0
PW,sea,1998,0.4
PW,sea,1999,0.3
PW,sea,2000,0.3
PW,sea,2001,0.3
PW,sea,2002,0.1
PW,sea,2003,0.1
PW,sea,2004,0
PW,sea,2005,0.2
PW,sea,2006,0.1
PW,sea,2007,0.2
PW,sea,2008,0.2
PW,sea,2009,0.3
PW,sea,2010,0.6
PW,sea,2011,0.4
PW,sea,2012,0.4
PW,sea,2013,0.6
PW,sea,2014,0.5
PW,sea,2015,0.2
PW,sea,2016,0.6
PW,sea,2017,0.7
PW,sea,2018,0.5
PW,sea,2019,0.3
PW,sea,2020,0.7
PW,sea,2021,0.8
PW,sea,2022,0.8
PW,sea,2023,0.7
PW,sea,2024,0.8
PW,sea,2025,0.9
NU,sea,1850,-0.2
NU,sea,1851,-0.4
NU,sea,1852,0
NU,sea,1853,0.6
NU,sea,1854,0.3
NU,sea,1855,-0.2
NU,sea,1856,-0.1
NU,sea,1857,-0.2
NU,sea,1858,-0.2
NU,sea,1859,0.3
NU,sea,1860,0.1
NU,sea,1861,-0.1
NU,sea,1862,-0.1
NU,sea,1863,-0.1
NU,sea,1864,0.1
NU,sea,1865,0
NU,sea,1866,0
NU,sea,1867,0.1
NU,sea,1868,0.2
NU,sea,1869,0.1
NU,sea,1870,0.2
NU,sea,1871,0.5
NU,sea,1872,0.4
NU,sea,1873,0
NU,sea,1874,0.4
NU,sea,1875,0.4
NU,sea,1876,0.3
NU,sea,1877,-0.3
NU,sea,1878,-0.2
NU,sea,1879,0.3
NU,sea,1880,0.1
NU,sea,1881,0
NU,sea,1882,0.2
NU,sea,1883,-0.4
NU,sea,1884,-0.7
NU,sea,1885,-0.9
NU,sea,1886,-0.5
NU,sea,1887,-0.3
NU,sea,1888,-0.6
NU,sea,1889,-0.2
NU,sea,1890,-0.1
NU,sea,1891,-0.3
NU,sea,1892,-0.2
NU,sea,1893,-0.2
NU,sea,1894,-0.2
NU,sea,1895,-0.1
NU,sea,1896,-0.6
NU,sea,1897,-0.5
NU,sea,1898,0.1
NU,sea,1899,0
NU,sea,1900,-0.5
NU,sea,1901,0.3
NU,sea,1902,-0.8
NU,sea,1903,-0.4
NU,sea,1904,-0.5
NU,sea,1905,-1
NU,sea,1906,-0.1
NU,sea,1907,-0.6
NU,sea,1908,-0.6
NU,sea,1909,-0.6
NU,sea,1910,-0.3
NU,sea,1911,-0.5
NU,sea,1912,-0.5
NU,sea,1913,-0.5
NU,sea,1914,-0.4
NU,sea,1915,-0.1
NU,sea,1916,0.3
NU,sea,1917,-0.1
NU,sea,1918,-0.4
NU,sea,1919,-0.9
NU,sea,1920,-0.5
NU,sea,1921,-0.5
NU,sea,1922,-0.1
NU,sea,1923,-0.4
NU,sea,1924,0
NU,sea,1925,-0.3
NU,sea,1926,-0.6
NU,sea,1927,-0.2
NU,sea,1928,-0.4
NU,sea,1929,-0.4
NU,sea,1930,-0.7
NU,sea,1931,-0.6
NU,sea,1932,-0.2
NU,sea,1933,-0.5
NU,sea,1934,-0.4
NU,sea,1935,-0.3
NU,sea,1936,-0.2
NU,sea,1937,-0.2
NU,sea,1938,-0.1
NU,sea,1939,-0.4
NU,sea,1940,-0.5
NU,sea,1941,-0.2
NU,sea,1942,0.1
NU,sea,1943,0.5
NU,sea,1944,0.4
NU,sea,1945,0.1
NU,sea,1946,0.2
NU,sea,1947,0.1
NU,sea,1948,-0.3
NU,sea,1949,-0.1
NU,sea,1950,0.2
NU,sea,1951,0
NU,sea,1952,0.3
NU,sea,1953,0.1
NU,sea,1954,0
NU,sea,1955,0
NU,sea,1956,0.1
NU,sea,1957,-0.2
NU,sea,1958,-0.3
NU,sea,1959,-0.1
NU,sea,1960,0
NU,sea,1961,0.1
NU,sea,1962,-0.1
NU,sea,1963,-0.1
NU,sea,1964,0
NU,sea,1965,-0.4
NU,sea,1966,-0.3
NU,sea,1967,-0.1
NU,sea,1968,0.2
NU,sea,1969,-0.1
NU,sea,1970,0.2
NU,sea,1971,0.2
NU,sea,1972,-0.1
NU,sea,1973,0.5
NU,sea,1974,0.3
NU,sea,1975,0.1
NU,sea,1976,0
NU,sea,1977,-0.4
NU,sea,1978,-0.2
NU,sea,1979,-0.2
NU,sea,1980,0
NU,sea,1981,-0.1
NU,sea,1982,-0.1
NU,sea,1983,-0.3
NU,sea,1984,0
NU,sea,1985,-0.2
NU,sea,1986,-0.4
NU,sea,1987,-0.5
NU,sea,1988,0.4
NU,sea,1989,0.1
NU,sea,1990,0
NU,sea,1991,0.1
NU,sea,1992,0.1
NU,sea,1993,-0.2
NU,sea,1994,-0.1
NU,sea,1995,0.2
NU,sea,1996,0.3
NU,sea,1997,-0.2
NU,sea,1998,-0.2
NU,sea,1999,0.5
NU,sea,2000,0.6
NU,sea,2001,0.2
NU,sea,2002,0.4
NU,sea,2003,0.4
NU,sea,2004,0.6
NU,sea,2005,0.5
NU,sea,2006,0.5
NU,sea,2007,0.5
NU,sea,2008,0.5
NU,sea,2009,0.4
NU,sea,2010,0.7
NU,sea,2011,0.8
NU,sea,2012,0.4
NU,sea,2013,0.6
NU,sea,2014,0.5
NU,sea,2015,0
NU,sea,2016,0.4
NU,sea,2017,0.7
NU,sea,2018,0.6
NU,sea,2019,0.6
NU,sea,2020,0.7
NU,sea,2021,0.8
NU,sea,2022,0.9
NU,sea,2023,0.5
NU,sea,2024,0.6
NU,sea,2025,0.5
TV,sea,1850,0
TV,sea,1851,-0.4
TV,sea,1852,-0.1
TV,sea,1853,0
TV,sea,1854,0
TV,sea,1855,-0.1
TV,sea,1856,-0.3
TV,sea,1857,-0.5
TV,sea,1858,-0.2
TV,sea,1859,0.2
TV,sea,1860,-0.2
TV,sea,1861,-0.3
TV,sea,1862,-0.1
TV,sea,1863,-0.1
TV,sea,1864,-0.1
TV,sea,1865,-0.1
TV,sea,1866,-0.1
TV,sea,1867,-0.1
TV,sea,1868,0
TV,sea,1869,0.1
TV,sea,1870,-0.3
TV,sea,1871,0
TV,sea,1872,0
TV,sea,1873,-0.4
TV,sea,1874,-0.1
TV,sea,1875,-0.2
TV,sea,1876,-0.2
TV,sea,1877,-0.1
TV,sea,1878,-0.1
TV,sea,1879,-0.4
TV,sea,1880,-0.4
TV,sea,1881,0.2
TV,sea,1882,0.3
TV,sea,1883,-0.2
TV,sea,1884,-0.2
TV,sea,1885,-0.3
TV,sea,1886,-0.5
TV,sea,1887,-0.5
TV,sea,1888,-0.1
TV,sea,1889,-0.3
TV,sea,1890,-0.6
TV,sea,1891,-0.3
TV,sea,1892,-0.2
TV,sea,1893,-0.5
TV,sea,1894,-0.3
TV,sea,1895,-0.2
TV,sea,1896,-0.3
TV,sea,1897,-0.1
TV,sea,1898,-0.4
TV,sea,1899,-0.2
TV,sea,1900,0.1
TV,sea,1901,0
TV,sea,1902,-0.3
TV,sea,1903,-0.3
TV,sea,1904,-0.6
TV,sea,1905,-0.3
TV,sea,1906,-0.4
TV,sea,1907,-0.4
TV,sea,1908,-0.7
TV,sea,1909,-0.9
TV,sea,1910,-1.1
TV,sea,1911,-0.7
TV,sea,1912,-0.4
TV,sea,1913,-0.6
TV,sea,1914,-0.3
TV,sea,1915,-0.3
TV,sea,1916,-1
TV,sea,1917,-1.6
TV,sea,1918,-0.6
TV,sea,1919,-0.9
TV,sea,1920,-0.5
TV,sea,1921,-0.5
TV,sea,1922,-0.4
TV,sea,1923,-0.3
TV,sea,1924,-0.4
TV,sea,1925,-0.5
TV,sea,1926,-0.3
TV,sea,1927,-0.6
TV,sea,1928,-0.3
TV,sea,1929,-0.3
TV,sea,1930,-0.2
TV,sea,1931,-0.2
TV,sea,1932,-0.3
TV,sea,1933,-0.7
TV,sea,1934,-0.7
TV,sea,1935,-0.4
TV,sea,1936,-0.4
TV,sea,1937,-0.4
TV,sea,1938,-0.6
TV,sea,1939,-0.5
TV,sea,1940,0.1
TV,sea,1941,0.3
TV,sea,1942,0
TV,sea,1943,-0.2
TV,sea,1944,0.1
TV,sea,1945,0
TV,sea,1946,0.1
TV,sea,1947,0
TV,sea,1948,-0.4
TV,sea,1949,-0.5
TV,sea,1950,-0.7
TV,sea,1951,-0.2
TV,sea,1952,-0.2
TV,sea,1953,-0.1
TV,sea,1954,-0.4
TV,sea,1955,-0.7
TV,sea,1956,-0.6
TV,sea,1957,-0.4
TV,sea,1958,0
TV,sea,1959,-0.2
TV,sea,1960,-0.3
TV,sea,1961,-0.4
TV,sea,1962,-0.4
TV,sea,1963,-0.3
TV,sea,1964,-0.6
TV,sea,1965,-0.4
TV,sea,1966,0
TV,sea,1967,-0.4
TV,sea,1968,-0.3
TV,sea,1969,0.3
TV,sea,1970,-0.2
TV,sea,1971,-0.6
TV,sea,1972,-0.1
TV,sea,1973,-0.2
TV,sea,1974,-0.6
TV,sea,1975,-0.7
TV,sea,1976,-0.4
TV,sea,1977,0.1
TV,sea,1978,0
TV,sea,1979,0.1
TV,sea,1980,0.2
TV,sea,1981,-0.1
TV,sea,1982,0.1
TV,sea,1983,-0.2
TV,sea,1984,-0.2
TV,sea,1985,-0.2
TV,sea,1986,0
TV,sea,1987,0.1
TV,sea,1988,0
TV,sea,1989,-0.3
TV,sea,1990,0.3
TV,sea,1991,0.4
TV,sea,1992,0.2
TV,sea,1993,0.1
TV,sea,1994,0.3
TV,sea,1995,0.4
TV,sea,1996,0.1
TV,sea,1997,0.2
TV,sea,1998,-0.2
TV,sea,1999,-0.3
TV,sea,2000,-0.1
TV,sea,2001,0.2
TV,sea,2002,0.5
TV,sea,2003,0.6
TV,sea,2004,0.6
TV,sea,2005,0.5
TV,sea,2006,0.4
TV,sea,2007,0.4
TV,sea,2008,-0.2
TV,sea,2009,0.4
TV,sea,2010,0.2
TV,sea,2011,-0.2
TV,sea,2012,0.3
TV,sea,2013,0.4
TV,sea,2014,0.6
TV,sea,2015,0.6
TV,sea,2016,0.7
TV,sea,2017,0.5
TV,sea,2018,0.6
TV,sea,2019,0.8
TV,sea,2020,0.6
TV,sea,2021,0.2
TV,sea,2022,-0.1
TV,sea,2023,0.6
TV,sea,2024,0.9
TV,sea,2025,0.4
KI,sea,1850,-0.2
KI,sea,1851,-0.5
KI,sea,1852,-0.2
KI,sea,1853,-0.1
KI,sea,1854,-0.1
KI,sea,1855,0.1
KI,sea,1856,-0.6
KI,sea,1857,-0.8
KI,sea,1858,-0.2
KI,sea,1859,0.1
KI,sea,1860,-0.5
KI,sea,1861,-0.8
KI,sea,1862,-0.8
KI,sea,1863,-0.6
KI,sea,1864,-0.5
KI,sea,1865,-0.4
KI,sea,1866,-0.5
KI,sea,1867,-0.5
KI,sea,1868,-0.5
KI,sea,1869,-0.6
KI,sea,1870,-1.1
KI,sea,1871,-0.5
KI,sea,1872,-0.6
KI,sea,1873,-0.8
KI,sea,1874,-0.7
KI,sea,1875,-0.6
KI,sea,1876,-0.5
KI,sea,1877,0.4
KI,sea,1878,0
KI,sea,1879,-0.8
KI,sea,1880,-0.4
KI,sea,1881,0.1
KI,sea,1882,0
KI,sea,1883,-0.2
KI,sea,1884,-0.1
KI,sea,1885,0
KI,sea,1886,-0.8
KI,sea,1887,-1
KI,sea,1888,0.4
KI,sea,1889,-0.2
KI,sea,1890,-1
KI,sea,1891,-0.3
KI,sea,1892,-0.6
KI,sea,1893,-0.9
KI,sea,1894,-0.7
KI,sea,1895,-0.3
KI,sea,1896,0.2
KI,sea,1897,0
KI,sea,1898,-0.7
KI,sea,1899,-0.3
KI,sea,1900,0.5
KI,sea,1901,0
KI,sea,1902,0.4
KI,sea,1903,-0.1
KI,sea,1904,-0.7
KI,sea,1905,0.4
KI,sea,1906,-0.3
KI,sea,1907,-0.3
KI,sea,1908,-0.7
KI,sea,1909,-1.1
KI,sea,1910,-1.3
KI,sea,1911,-0.5
KI,sea,1912,-0.1
KI,sea,1913,-0.3
KI,sea,1914,0.2
KI,sea,1915,-0.1
KI,sea,1916,-1.2
KI,sea,1917,-2
KI,sea,1918,-0.3
KI,sea,1919,-0.5
KI,sea,1920,-0.2
KI,sea,1921,-0.7
KI,sea,1922,-0.6
KI,sea,1923,-0.3
KI,sea,1924,-0.6
KI,sea,1925,-0.5
KI,sea,1926,-0.1
KI,sea,1927,-0.6
KI,sea,1928,-0.4
KI,sea,1929,-0.3
KI,sea,1930,0.1
KI,sea,1931,-0.1
KI,sea,1932,-0.4
KI,sea,1933,-1
KI,sea,1934,-0.8
KI,sea,1935,-0.6
KI,sea,1936,-0.5
KI,sea,1937,-0.5
KI,sea,1938,-1.2
KI,sea,1939,-0.7
KI,sea,1940,0.5
KI,sea,1941,0.8
KI,sea,1942,-0.2
KI,sea,1943,-0.6
KI,sea,1944,-0.1
KI,sea,1945,-0.4
KI,sea,1946,-0.2
KI,sea,1947,-0.1
KI,sea,1948,-0.4
KI,sea,1949,-0.5
KI,sea,1950,-1.1
KI,sea,1951,-0.1
KI,sea,1952,-0.1
KI,sea,1953,0.2
KI,sea,1954,-0.5
KI,sea,1955,-1
KI,sea,1956,-0.9
KI,sea,1957,0.1
KI,sea,1958,0.5
KI,sea,1959,0
KI,sea,1960,-0.3
KI,sea,1961,-0.4
KI,sea,1962,-0.5
KI,sea,1963,0
KI,sea,1964,-0.7
KI,sea,1965,0.1
KI,sea,1966,0.3
KI,sea,1967,-0.3
KI,sea,1968,-0.1
KI,sea,1969,0.6
KI,sea,1970,-0.3
KI,sea,1971,-1
KI,sea,1972,0.2
KI,sea,1973,-0.4
KI,sea,1974,-1
KI,sea,1975,-1.2
KI,sea,1976,-0.5
KI,sea,1977,0.2
KI,sea,1978,-0.1
KI,sea,1979,0.1
KI,sea,1980,0.2
KI,sea,1981,-0.3
KI,sea,1982,0.5
KI,sea,1983,0
KI,sea,1984,-0.4
KI,sea,1985,-0.4
KI,sea,1986,0.1
KI,sea,1987,0.7
KI,sea,1988,-0.3
KI,sea,1989,-0.6
KI,sea,1990,0.3
KI,sea,1991,0.7
KI,sea,1992,0.5
KI,sea,1993,0.4
KI,sea,1994,0.6
KI,sea,1995,0.3
KI,sea,1996,-0.2
KI,sea,1997,0.6
KI,sea,1998,-0.1
KI,sea,1999,-0.8
KI,sea,2000,-0.7
KI,sea,2001,0
KI,sea,2002,0.7
KI,sea,2003,0.6
KI,sea,2004,0.6
KI,sea,2005,0.4
KI,sea,2006,0.4
KI,sea,2007,0.1
KI,sea,2008,-0.6
KI,sea,2009,0.4
KI,sea,2010,-0.1
KI,sea,2011,-0.7
KI,sea,2012,0
KI,sea,2013,0.1
KI,sea,2014,0.5
KI,sea,2015,1.1
KI,sea,2016,0.7
KI,sea,2017,0.2
KI,sea,2018,0.4
KI,sea,2019,0.8
KI,sea,2020,0.2
KI,sea,2021,-0.3
KI,sea,2022,-0.6
KI,sea,2023,0.7
KI,sea,2024,0.8
KI,sea,2025,0.1
NR,sea,1850,0.3
NR,sea,1851,-0.2
NR,sea,1852,0.2
NR,sea,1853,0.2
NR,sea,1854,0.1
NR,sea,1855,0.1
NR,sea,1856,-0.2
NR,sea,1857,-0.1
NR,sea,1858,0
NR,sea,1859,0.4
NR,sea,1860,-0.2
NR,sea,1861,-0.5
NR,sea,1862,-0.1
NR,sea,1863,-0.1
NR,sea,1864,0
NR,sea,1865,0.1
NR,sea,1866,0
NR,sea,1867,-0.2
NR,sea,1868,-0.2
NR,sea,1869,-0.1
NR,sea,1870,-0.7
NR,sea,1871,-0.2
NR,sea,1872,-0.2
NR,sea,1873,-0.4
NR,sea,1874,-0.1
NR,sea,1875,-0.2
NR,sea,1876,-0.3
NR,sea,1877,-0.4
NR,sea,1878,-0.4
NR,sea,1879,-0.7
NR,sea,1880,-0.3
NR,sea,1881,0.3
NR,sea,1882,0.6
NR,sea,1883,0
NR,sea,1884,0
NR,sea,1885,-0.3
NR,sea,1886,-0.4
NR,sea,1887,-0.5
NR,sea,1888,-0.1
NR,sea,1889,-0.6
NR,sea,1890,-0.3
NR,sea,1891,0.1
NR,sea,1892,0
NR,sea,1893,-0.2
NR,sea,1894,-0.1
NR,sea,1895,-0.1
NR,sea,1896,-0.3
NR,sea,1897,-0.2
NR,sea,1898,-0.5
NR,sea,1899,-0.1
NR,sea,1900,0.2
NR,sea,1901,0
NR,sea,1902,-0.5
NR,sea,1903,-0.2
NR,sea,1904,-0.4
NR,sea,1905,-0.3
NR,sea,1906,-0.6
NR,sea,1907,-0.2
NR,sea,1908,-0.7
NR,sea,1909,-0.7
NR,sea,1910,-1.2
NR,sea,1911,-0.7
NR,sea,1912,-0.4
NR,sea,1913,-0.5
NR,sea,1914,-0.1
NR,sea,1915,-0.4
NR,sea,1916,-1.2
NR,sea,1917,-2
NR,sea,1918,-0.5
NR,sea,1919,-1.1
NR,sea,1920,-0.5
NR,sea,1921,-0.5
NR,sea,1922,-0.3
NR,sea,1923,-0.2
NR,sea,1924,-0.4
NR,sea,1925,-0.6
NR,sea,1926,-0.4
NR,sea,1927,-0.8
NR,sea,1928,-0.4
NR,sea,1929,-0.2
NR,sea,1930,-0.2
NR,sea,1931,-0.2
NR,sea,1932,-0.4
NR,sea,1933,-0.9
NR,sea,1934,-0.9
NR,sea,1935,-0.4
NR,sea,1936,-0.4
NR,sea,1937,-0.5
NR,sea,1938,-0.7
NR,sea,1939,-0.4
NR,sea,1940,0
NR,sea,1941,0.1
NR,sea,1942,0
NR,sea,1943,-0.3
NR,sea,1944,0.1
NR,sea,1945,-0.2
NR,sea,1946,0.2
NR,sea,1947,-0.1
NR,sea,1948,-0.7
NR,sea,1949,-0.9
NR,sea,1950,-0.8
NR,sea,1951,-0.2
NR,sea,1952,-0.4
NR,sea,1953,-0.4
NR,sea,1954,-0.6
NR,sea,1955,-0.8
NR,sea,1956,-0.5
NR,sea,1957,-0.5
NR,sea,1958,0
NR,sea,1959,-0.2
NR,sea,1960,-0.4
NR,sea,1961,-0.4
NR,sea,1962,-0.3
NR,sea,1963,-0.2
NR,sea,1964,-0.7
NR,sea,1965,-0.5
NR,sea,1966,0
NR,sea,1967,-0.2
NR,sea,1968,-0.1
NR,sea,1969,0.5
NR,sea,1970,-0.3
NR,sea,1971,-0.8
NR,sea,1972,-0.2
NR,sea,1973,-0.4
NR,sea,1974,-0.6
NR,sea,1975,-1
NR,sea,1976,-0.4
NR,sea,1977,0
NR,sea,1978,0
NR,sea,1979,0.2
NR,sea,1980,0.3
NR,sea,1981,0.1
NR,sea,1982,0.2
NR,sea,1983,-0.2
NR,sea,1984,-0.3
NR,sea,1985,-0.2
NR,sea,1986,0.2
NR,sea,1987,0.1
NR,sea,1988,-0.1
NR,sea,1989,-0.3
NR,sea,1990,0.4
NR,sea,1991,0.5
NR,sea,1992,0.1
NR,sea,1993,0.1
NR,sea,1994,0.3
NR,sea,1995,0.4
NR,sea,1996,0.1
NR,sea,1997,0.2
NR,sea,1998,-0.4
NR,sea,1999,-0.5
NR,sea,2000,-0.4
NR,sea,2001,0.2
NR,sea,2002,0.6
NR,sea,2003,0.7
NR,sea,2004,0.7
NR,sea,2005,0.7
NR,sea,2006,0.5
NR,sea,2007,0.4
NR,sea,2008,-0.4
NR,sea,2009,0.4
NR,sea,2010,0
NR,sea,2011,-0.3
NR,sea,2012,0.1
NR,sea,2013,0.3
NR,sea,2014,0.8
NR,sea,2015,0.7
NR,sea,2016,0.6
NR,sea,2017,0.5
NR,sea,2018,0.8
NR,sea,2019,0.9
NR,sea,2020,0.6
NR,sea,2021,0.1
NR,sea,2022,-0.2
NR,sea,2023,0.7
NR,sea,2024,1
NR,sea,2025,0.3
CK,sea,1850,-0.2
CK,sea,1851,-0.3
CK,sea,1852,-0.1
CK,sea,1853,0.4
CK,sea,1854,0.3
CK,sea,1855,-0.2
CK,sea,1856,-0.2
CK,sea,1857,-0.6
CK,sea,1858,-0.1
CK,sea,1859,0.2
CK,sea,1860,-0.1
CK,sea,1861,-0.5
CK,sea,1862,-0.5
CK,sea,1863,-0.5
CK,sea,1864,-0.2
CK,sea,1865,-0.2
CK,sea,1866,-0.2
CK,sea,1867,-0.3
CK,sea,1868,-0.1
CK,sea,1869,-0.2
CK,sea,1870,-0.3
CK,sea,1871,0
CK,sea,1872,0
CK,sea,1873,-0.4
CK,sea,1874,-0.1
CK,sea,1875,-0.1
CK,sea,1876,0
CK,sea,1877,0
CK,sea,1878,-0.1
CK,sea,1879,-0.2
CK,sea,1880,-0.2
CK,sea,1881,0
CK,sea,1882,0
CK,sea,1883,-0.4
CK,sea,1884,-0.5
CK,sea,1885,-0.6
CK,sea,1886,-0.6
CK,sea,1887,-0.5
CK,sea,1888,-0.2
CK,sea,1889,0
CK,sea,1890,-0.6
CK,sea,1891,-0.4
CK,sea,1892,-0.3
CK,sea,1893,-0.6
CK,sea,1894,-0.2
CK,sea,1895,-0.1
CK,sea,1896,-0.3
CK,sea,1897,-0.1
CK,sea,1898,-0.2
CK,sea,1899,0
CK,sea,1900,0.2
CK,sea,1901,0.5
CK,sea,1902,-0.2
CK,sea,1903,-0.1
CK,sea,1904,-0.6
CK,sea,1905,-0.4
CK,sea,1906,0
CK,sea,1907,-0.4
CK,sea,1908,-0.4
CK,sea,1909,-0.8
CK,sea,1910,-0.7
CK,sea,1911,-0.6
CK,sea,1912,-0.3
CK,sea,1913,-0.4
CK,sea,1914,-0.2
CK,sea,1915,0
CK,sea,1916,-0.1
CK,sea,1917,-0.8
CK,sea,1918,-0.4
CK,sea,1919,-0.6
CK,sea,1920,-0.2
CK,sea,1921,-0.4
CK,sea,1922,-0.1
CK,sea,1923,-0.4
CK,sea,1924,-0.2
CK,sea,1925,-0.4
CK,sea,1926,-0.2
CK,sea,1927,-0.2
CK,sea,1928,-0.2
CK,sea,1929,-0.3
CK,sea,1930,-0.3
CK,sea,1931,-0.2
CK,sea,1932,-0.1
CK,sea,1933,-0.6
CK,sea,1934,-0.4
CK,sea,1935,-0.4
CK,sea,1936,-0.4
CK,sea,1937,-0.3
CK,sea,1938,-0.5
CK,sea,1939,-0.6
CK,sea,1940,0
CK,sea,1941,0.1
CK,sea,1942,0.2
CK,sea,1943,0.1
CK,sea,1944,0.3
CK,sea,1945,0.1
CK,sea,1946,0.2
CK,sea,1947,0.1
CK,sea,1948,-0.2
CK,sea,1949,0
CK,sea,1950,-0.2
CK,sea,1951,0
CK,sea,1952,0.3
CK,sea,1953,0.2
CK,sea,1954,0
CK,sea,1955,-0.4
CK,sea,1956,-0.4
CK,sea,1957,-0.1
CK,sea,1958,0
CK,sea,1959,0.1
CK,sea,1960,0
CK,sea,1961,0
CK,sea,1962,-0.3
CK,sea,1963,0
CK,sea,1964,-0.1
CK,sea,1965,-0.2
CK,sea,1966,0
CK,sea,1967,-0.2
CK,sea,1968,0
CK,sea,1969,0.2
CK,sea,1970,0.1
CK,sea,1971,-0.3
CK,sea,1972,-0.1
CK,sea,1973,0.3
CK,sea,1974,-0.4
CK,sea,1975,-0.4
CK,sea,1976,-0.4
CK,sea,1977,-0.1
CK,sea,1978,-0.2
CK,sea,1979,-0.2
CK,sea,1980,0
CK,sea,1981,-0.3
CK,sea,1982,0
CK,sea,1983,-0.3
CK,sea,1984,-0.1
CK,sea,1985,-0.3
CK,sea,1986,-0.2
CK,sea,1987,0
CK,sea,1988,0.2
CK,sea,1989,-0.2
CK,sea,1990,0
CK,sea,1991,0.3
CK,sea,1992,0.3
CK,sea,1993,0.1
CK,sea,1994,0.2
CK,sea,1995,0.3
CK,sea,1996,0.1
CK,sea,1997,0
CK,sea,1998,0
CK,sea,1999,0.1
CK,sea,2000,0.2
CK,sea,2001,0.2
CK,sea,2002,0.4
CK,sea,2003,0.5
CK,sea,2004,0.6
CK,sea,2005,0.5
CK,sea,2006,0.5
CK,sea,2007,0.5
CK,sea,2008,0.1
CK,sea,2009,0.5
CK,sea,2010,0.6
CK,sea,2011,0.1
CK,sea,2012,0.3
CK,sea,2013,0.5
CK,sea,2014,0.5
CK,sea,2015,0.4
CK,sea,2016,0.6
CK,sea,2017,0.6
CK,sea,2018,0.4
CK,sea,2019,0.7
CK,sea,2020,0.6
CK,sea,2021,0.4
CK,sea,2022,0.2
CK,sea,2023,0.5
CK,sea,2024,0.7
CK,sea,2025,0.5
MP,sea,1850,-0.4
MP,sea,1851,0.2
MP,sea,1852,0.1
MP,sea,1853,-0.1
MP,sea,1854,0.1
MP,sea,1855,-0.6
MP,sea,1856,-0.2
MP,sea,1857,-0.2
MP,sea,1858,-0.5
MP,sea,1859,0.1
MP,sea,1860,-0.3
MP,sea,1861,-0.5
MP,sea,1862,-0.6
MP,sea,1863,-0.4
MP,sea,1864,-0.5
MP,sea,1865,0
MP,sea,1866,-0.1
MP,sea,1867,-0.3
MP,sea,1868,-0.3
MP,sea,1869,0.4
MP,sea,1870,0.5
MP,sea,1871,-0.1
MP,sea,1872,0.1
MP,sea,1873,0
MP,sea,1874,-0.3
MP,sea,1875,-0.1
MP,sea,1876,0.1
MP,sea,1877,0
MP,sea,1878,0.6
MP,sea,1879,0.3
MP,sea,1880,-0.8
MP,sea,1881,-0.1
MP,sea,1882,-0.1
MP,sea,1883,-0.7
MP,sea,1884,-0.3
MP,sea,1885,-0.8
MP,sea,1886,-0.5
MP,sea,1887,0
MP,sea,1888,0.1
MP,sea,1889,0.2
MP,sea,1890,0
MP,sea,1891,0
MP,sea,1892,0.3
MP,sea,1893,-0.2
MP,sea,1894,0
MP,sea,1895,0.2
MP,sea,1896,0.4
MP,sea,1897,0.6
MP,sea,1898,0.2
MP,sea,1899,-0.5
MP,sea,1900,0
MP,sea,1901,-0.1
MP,sea,1902,-0.2
MP,sea,1903,-0.6
MP,sea,1904,-0.5
MP,sea,1905,-0.3
MP,sea,1906,-0.2
MP,sea,1907,-0.6
MP,sea,1908,-0.3
MP,sea,1909,-0.3
MP,sea,1910,-0.1
MP,sea,1911,-0.5
MP,sea,1912,-0.4
MP,sea,1913,-0.5
MP,sea,1914,-0.6
MP,sea,1915,-0.4
MP,sea,1916,-0.3
MP,sea,1917,-0.5
MP,sea,1918,-0.7
MP,sea,1919,-0.5
MP,sea,1920,-0.7
MP,sea,1921,-0.2
MP,sea,1922,-0.4
MP,sea,1923,-0.7
MP,sea,1924,-0.3
MP,sea,1925,-0.4
MP,sea,1926,-0.3
MP,sea,1927,-0.3
MP,sea,1928,-0.7
MP,sea,1929,-0.4
MP,sea,1930,-0.4
MP,sea,1931,-0.1
MP,sea,1932,-0.4
MP,sea,1933,-0.4
MP,sea,1934,-0.5
MP,sea,1935,-0.4
MP,sea,1936,-0.4
MP,sea,1937,-0.3
MP,sea,1938,-0.2
MP,sea,1939,-0.4
MP,sea,1940,-0.4
MP,sea,1941,0
MP,sea,1942,-0.1
MP,sea,1943,0.1
MP,sea,1944,0.1
MP,sea,1945,0.3
MP,sea,1946,0.3
MP,sea,1947,0
MP,sea,1948,-0.2
MP,sea,1949,-0.1
MP,sea,1950,-0.1
MP,sea,1951,0.1
MP,sea,1952,0.1
MP,sea,1953,0.1
MP,sea,1954,0.1
MP,sea,1955,-0.1
MP,sea,1956,-0.3
MP,sea,1957,-0.3
MP,sea,1958,-0.3
MP,sea,1959,-0.2
MP,sea,1960,0
MP,sea,1961,0
MP,sea,1962,-0.2
MP,sea,1963,-0.3
MP,sea,1964,-0.1
MP,sea,1965,-0.4
MP,sea,1966,-0.1
MP,sea,1967,-0.2
MP,sea,1968,-0.3
MP,sea,1969,0.1
MP,sea,1970,0.1
MP,sea,1971,0
MP,sea,1972,-0.6
MP,sea,1973,-0.1
MP,sea,1974,-0.2
MP,sea,1975,0
MP,sea,1976,-0.1
MP,sea,1977,-0.1
MP,sea,1978,-0.2
MP,sea,1979,-0.2
MP,sea,1980,0
MP,sea,1981,0.1
MP,sea,1982,-0.2
MP,sea,1983,-0.1
MP,sea,1984,0
MP,sea,1985,-0.1
MP,sea,1986,-0.1
MP,sea,1987,0
MP,sea,1988,0.5
MP,sea,1989,0.1
MP,sea,1990,-0.2
MP,sea,1991,-0.1
MP,sea,1992,-0.3
MP,sea,1993,-0.3
MP,sea,1994,-0.1
MP,sea,1995,0
MP,sea,1996,0.1
MP,sea,1997,0
MP,sea,1998,0.4
MP,sea,1999,0.7
MP,sea,2000,0.4
MP,sea,2001,0.6
MP,sea,2002,0.3
MP,sea,2003,0.3
MP,sea,2004,0.1
MP,sea,2005,0.2
MP,sea,2006,0.1
MP,sea,2007,0.4
MP,sea,2008,0.6
MP,sea,2009,0.4
MP,sea,2010,0.2
MP,sea,2011,0.2
MP,sea,2012,0.2
MP,sea,2013,0.4
MP,sea,2014,0.3
MP,sea,2015,0.2
MP,sea,2016,0.6
MP,sea,2017,0.8
MP,sea,2018,0.7
MP,sea,2019,0.7
MP,sea,2020,0.8
MP,sea,2021,0.8
MP,sea,2022,0.7
MP,sea,2023,0.5
MP,sea,2024,0.7
MP,sea,2025,0.9
FJ,sea,1850,-0.2
FJ,sea,1851,-0.1
FJ,sea,1852,-0.2
FJ,sea,1853,-0.1
FJ,sea,1854,-0.4
FJ,sea,1855,-0.4
FJ,sea,1856,-0.5
FJ,sea,1857,0.1
FJ,sea,1858,-0.2
FJ,sea,1859,0
FJ,sea,1860,0
FJ,sea,1861,-0.1
FJ,sea,1862,-0.1
FJ,sea,1863,0.1
FJ,sea,1864,0.1
FJ,sea,1865,0
FJ,sea,1866,0
FJ,sea,1867,0.1
FJ,sea,1868,0
FJ,sea,1869,0
FJ,sea,1870,0.2
FJ,sea,1871,0.1
FJ,sea,1872,0.2
FJ,sea,1873,0.1
FJ,sea,1874,0.1
FJ,sea,1875,0
FJ,sea,1876,0
FJ,sea,1877,-0.4
FJ,sea,1878,-0.1
FJ,sea,1879,0.3
FJ,sea,1880,0.1
FJ,sea,1881,-0.1
FJ,sea,1882,0
FJ,sea,1883,-0.5
FJ,sea,1884,-0.8
FJ,sea,1885,-1
FJ,sea,1886,-0.7
FJ,sea,1887,-0.5
FJ,sea,1888,-0.7
FJ,sea,1889,-0.3
FJ,sea,1890,-0.2
FJ,sea,1891,-0.3
FJ,sea,1892,-0.4
FJ,sea,1893,0.1
FJ,sea,1894,-0.4
FJ,sea,1895,-0.3
FJ,sea,1896,-0.4
FJ,sea,1897,-0.4
FJ,sea,1898,-0.1
FJ,sea,1899,-0.2
FJ,sea,1900,-0.6
FJ,sea,1901,-0.4
FJ,sea,1902,-1
FJ,sea,1903,-0.8
FJ,sea,1904,-0.7
FJ,sea,1905,-1.1
FJ,sea,1906,-0.6
FJ,sea,1907,-0.6
FJ,sea,1908,-0.6
FJ,sea,1909,-0.6
FJ,sea,1910,-0.3
FJ,sea,1911,-0.6
FJ,sea,1912,-0.7
FJ,sea,1913,-0.8
FJ,sea,1914,-0.8
FJ,sea,1915,-0.4
FJ,sea,1916,0
FJ,sea,1917,-0.2
FJ,sea,1918,-0.5
FJ,sea,1919,-0.9
FJ,sea,1920,-0.5
FJ,sea,1921,-0.6
FJ,sea,1922,-0.3
FJ,sea,1923,-0.5
FJ,sea,1924,-0.1
FJ,sea,1925,-0.5
FJ,sea,1926,-0.6
FJ,sea,1927,-0.3
FJ,sea,1928,-0.5
FJ,sea,1929,-0.5
FJ,sea,1930,-0.8
FJ,sea,1931,-0.7
FJ,sea,1932,-0.5
FJ,sea,1933,-0.4
FJ,sea,1934,-0.7
FJ,sea,1935,-0.3
FJ,sea,1936,-0.3
FJ,sea,1937,-0.3
FJ,sea,1938,-0.2
FJ,sea,1939,-0.5
FJ,sea,1940,-0.7
FJ,sea,1941,-0.5
FJ,sea,1942,-0.3
FJ,sea,1943,0.2
FJ,sea,1944,0.2
FJ,sea,1945,0
FJ,sea,1946,-0.3
FJ,sea,1947,-0.2
FJ,sea,1948,-0.2
FJ,sea,1949,-0.2
FJ,sea,1950,0
FJ,sea,1951,-0.2
FJ,sea,1952,0
FJ,sea,1953,-0.1
FJ,sea,1954,-0.3
FJ,sea,1955,-0.1
FJ,sea,1956,0.1
FJ,sea,1957,-0.3
FJ,sea,1958,-0.3
FJ,sea,1959,-0.3
FJ,sea,1960,-0.1
FJ,sea,1961,-0.1
FJ,sea,1962,-0.1
FJ,sea,1963,-0.2
FJ,sea,1964,-0.1
FJ,sea,1965,-0.6
FJ,sea,1966,-0.4
FJ,sea,1967,-0.2
FJ,sea,1968,-0.1
FJ,sea,1969,-0.3
FJ,sea,1970,0
FJ,sea,1971,0.1
FJ,sea,1972,-0.2
FJ,sea,1973,0.2
FJ,sea,1974,0.3
FJ,sea,1975,0.2
FJ,sea,1976,0
FJ,sea,1977,-0.4
FJ,sea,1978,-0.3
FJ,sea,1979,-0.1
FJ,sea,1980,-0.1
FJ,sea,1981,-0.1
FJ,sea,1982,-0.3
FJ,sea,1983,-0.3
FJ,sea,1984,0.1
FJ,sea,1985,-0.1
FJ,sea,1986,-0.3
FJ,sea,1987,-0.4
FJ,sea,1988,0.4
FJ,sea,1989,0.1
FJ,sea,1990,0.1
FJ,sea,1991,-0.2
FJ,sea,1992,-0.2
FJ,sea,1993,-0.4
FJ,sea,1994,-0.4
FJ,sea,1995,0.1
FJ,sea,1996,0.2
FJ,sea,1997,-0.2
FJ,sea,1998,0.1
FJ,sea,1999,0.3
FJ,sea,2000,0.4
FJ,sea,2001,0.3
FJ,sea,2002,0.3
FJ,sea,2003,0.2
FJ,sea,2004,0.2
FJ,sea,2005,0.3
FJ,sea,2006,0.2
FJ,sea,2007,0.4
FJ,sea,2008,0.5
FJ,sea,2009,0.2
FJ,sea,2010,0.4
FJ,sea,2011,0.6
FJ,sea,2012,0.3
FJ,sea,2013,0.5
FJ,sea,2014,0.4
FJ,sea,2015,-0.1
FJ,sea,2016,0.5
FJ,sea,2017,0.5
FJ,sea,2018,0.4
FJ,sea,2019,0.4
FJ,sea,2020,0.5
FJ,sea,2021,0.7
FJ,sea,2022,1.1
FJ,sea,2023,0.5
FJ,sea,2024,0.6
FJ,sea,2025,0.7
MH,sea,1850,-0.2
MH,sea,1851,-0.3
MH,sea,1852,0.1
MH,sea,1853,-0.1
MH,sea,1854,-0.2
MH,sea,1855,-0.1
MH,sea,1856,-0.2
MH,sea,1857,0
MH,sea,1858,-0.3
MH,sea,1859,0.1
MH,sea,1860,-0.2
MH,sea,1861,-0.5
MH,sea,1862,-0.1
MH,sea,1863,-0.1
MH,sea,1864,-0.1
MH,sea,1865,-0.2
MH,sea,1866,-0.1
MH,sea,1867,-0.1
MH,sea,1868,-0.1
MH,sea,1869,-0.1
MH,sea,1870,-0.6
MH,sea,1871,-0.3
MH,sea,1872,-0.4
MH,sea,1873,-0.3
MH,sea,1874,-0.1
MH,sea,1875,-0.4
MH,sea,1876,-0.4
MH,sea,1877,-0.3
MH,sea,1878,-0.4
MH,sea,1879,-0.3
MH,sea,1880,-0.6
MH,sea,1881,0
MH,sea,1882,0.2
MH,sea,1883,-0.1
MH,sea,1884,-0.2
MH,sea,1885,-0.5
MH,sea,1886,-0.4
MH,sea,1887,-0.2
MH,sea,1888,-0.3
MH,sea,1889,-0.6
MH,sea,1890,-0.3
MH,sea,1891,0
MH,sea,1892,-0.1
MH,sea,1893,-0.3
MH,sea,1894,-0.2
MH,sea,1895,-0.2
MH,sea,1896,-0.3
MH,sea,1897,-0.2
MH,sea,1898,-0.3
MH,sea,1899,-0.4
MH,sea,1900,-0.2
MH,sea,1901,0.1
MH,sea,1902,-0.5
MH,sea,1903,-0.5
MH,sea,1904,-0.5
MH,sea,1905,-0.5
MH,sea,1906,-0.5
MH,sea,1907,-0.2
MH,sea,1908,-0.6
MH,sea,1909,-0.5
MH,sea,1910,-0.7
MH,sea,1911,-0.6
MH,sea,1912,-0.6
MH,sea,1913,-0.6
MH,sea,1914,-0.5
MH,sea,1915,-0.6
MH,sea,1916,-1
MH,sea,1917,-1.2
MH,sea,1918,-0.5
MH,sea,1919,-0.9
MH,sea,1920,-0.5
MH,sea,1921,-0.3
MH,sea,1922,-0.3
MH,sea,1923,-0.4
MH,sea,1924,-0.3
MH,sea,1925,-0.4
MH,sea,1926,-0.2
MH,sea,1927,-0.4
MH,sea,1928,-0.4
MH,sea,1929,-0.2
MH,sea,1930,-0.4
MH,sea,1931,-0.3
MH,sea,1932,-0.4
MH,sea,1933,-0.6
MH,sea,1934,-0.3
MH,sea,1935,-0.3
MH,sea,1936,-0.4
MH,sea,1937,-0.4
MH,sea,1938,-0.3
MH,sea,1939,-0.3
MH,sea,1940,0
MH,sea,1941,0
MH,sea,1942,-0.2
MH,sea,1943,0.2
MH,sea,1944,0.2
MH,sea,1945,0.1
MH,sea,1946,0.1
MH,sea,1947,0
MH,sea,1948,-0.3
MH,sea,1949,-0.5
MH,sea,1950,-0.3
MH,sea,1951,0
MH,sea,1952,-0.2
MH,sea,1953,0
MH,sea,1954,-0.2
MH,sea,1955,-0.4
MH,sea,1956,-0.1
MH,sea,1957,-0.1
MH,sea,1958,0
MH,sea,1959,0
MH,sea,1960,0
MH,sea,1961,0
MH,sea,1962,0.2
MH,sea,1963,0.3
MH,sea,1964,-0.2
MH,sea,1965,-0.2
MH,sea,1966,0.1
MH,sea,1967,0.1
MH,sea,1968,0.1
MH,sea,1969,0.2
MH,sea,1970,-0.1
MH,sea,1971,-0.3
MH,sea,1972,-0.3
MH,sea,1973,-0.3
MH,sea,1974,-0.1
MH,sea,1975,-0.5
MH,sea,1976,-0.3
MH,sea,1977,-0.1
MH,sea,1978,-0.1
MH,sea,1979,0
MH,sea,1980,0.1
MH,sea,1981,0.2
MH,sea,1982,0
MH,sea,1983,-0.3
MH,sea,1984,0.1
MH,sea,1985,0
MH,sea,1986,0.1
MH,sea,1987,-0.1
MH,sea,1988,0.1
MH,sea,1989,0
MH,sea,1990,0.3
MH,sea,1991,0.2
MH,sea,1992,-0.1
MH,sea,1993,-0.2
MH,sea,1994,0.1
MH,sea,1995,0.2
MH,sea,1996,0.3
MH,sea,1997,0.1
MH,sea,1998,-0.3
MH,sea,1999,-0.1
MH,sea,2000,0.1
MH,sea,2001,0.3
MH,sea,2002,0.4
MH,sea,2003,0.5
MH,sea,2004,0.6
MH,sea,2005,0.5
MH,sea,2006,0.4
MH,sea,2007,0.4
MH,sea,2008,0
MH,sea,2009,0.4
MH,sea,2010,0
MH,sea,2011,0.3
MH,sea,2012,0.3
MH,sea,2013,0.4
MH,sea,2014,0.7
MH,sea,2015,0.5
MH,sea,2016,0.4
MH,sea,2017,0.6
MH,sea,2018,0.6
MH,sea,2019,0.6
MH,sea,2020,0.5
MH,sea,2021,0.4
MH,sea,2022,0.3
MH,sea,2023,0.6
MH,sea,2024,0.7
MH,sea,2025,0.6
WF,sea,1850,0
WF,sea,1851,-0.4
WF,sea,1852,-0.1
WF,sea,1853,0.1
WF,sea,1854,0
WF,sea,1855,-0.3
WF,sea,1856,-0.3
WF,sea,1857,-0.4
WF,sea,1858,-0.2
WF,sea,1859,0.1
WF,sea,1860,-0.2
WF,sea,1861,-0.4
WF,sea,1862,-0.3
WF,sea,1863,-0.3
WF,sea,1864,-0.2
WF,sea,1865,-0.2
WF,sea,1866,-0.2
WF,sea,1867,-0.1
WF,sea,1868,-0.1
WF,sea,1869,0
WF,sea,1870,-0.2
WF,sea,1871,0
WF,sea,1872,0
WF,sea,1873,-0.3
WF,sea,1874,0
WF,sea,1875,-0.1
WF,sea,1876,-0.1
WF,sea,1877,-0.2
WF,sea,1878,-0.2
WF,sea,1879,-0.2
WF,sea,1880,-0.2
WF,sea,1881,0.2
WF,sea,1882,0.1
WF,sea,1883,-0.3
WF,sea,1884,-0.3
WF,sea,1885,-0.5
WF,sea,1886,-0.5
WF,sea,1887,-0.3
WF,sea,1888,-0.3
WF,sea,1889,-0.3
WF,sea,1890,-0.5
WF,sea,1891,-0.4
WF,sea,1892,-0.3
WF,sea,1893,-0.6
WF,sea,1894,-0.4
WF,sea,1895,-0.2
WF,sea,1896,-0.4
WF,sea,1897,-0.3
WF,sea,1898,-0.3
WF,sea,1899,-0.2
WF,sea,1900,-0.1
WF,sea,1901,-0.1
WF,sea,1902,-0.6
WF,sea,1903,-0.4
WF,sea,1904,-0.6
WF,sea,1905,-0.5
WF,sea,1906,-0.4
WF,sea,1907,-0.5
WF,sea,1908,-0.6
WF,sea,1909,-0.7
WF,sea,1910,-0.8
WF,sea,1911,-0.6
WF,sea,1912,-0.4
WF,sea,1913,-0.6
WF,sea,1914,-0.4
WF,sea,1915,-0.3
WF,sea,1916,-0.5
WF,sea,1917,-0.9
WF,sea,1918,-0.6
WF,sea,1919,-1
WF,sea,1920,-0.6
WF,sea,1921,-0.5
WF,sea,1922,-0.2
WF,sea,1923,-0.4
WF,sea,1924,-0.2
WF,sea,1925,-0.3
WF,sea,1926,-0.4
WF,sea,1927,-0.4
WF,sea,1928,-0.3
WF,sea,1929,-0.3
WF,sea,1930,-0.4
WF,sea,1931,-0.4
WF,sea,1932,-0.3
WF,sea,1933,-0.6
WF,sea,1934,-0.4
WF,sea,1935,-0.4
WF,sea,1936,-0.2
WF,sea,1937,-0.3
WF,sea,1938,-0.4
WF,sea,1939,-0.5
WF,sea,1940,-0.2
WF,sea,1941,0
WF,sea,1942,0
WF,sea,1943,0
WF,sea,1944,0.1
WF,sea,1945,0
WF,sea,1946,0.1
WF,sea,1947,0.1
WF,sea,1948,-0.2
WF,sea,1949,-0.3
WF,sea,1950,-0.3
WF,sea,1951,-0.1
WF,sea,1952,0
WF,sea,1953,0
WF,sea,1954,-0.2
WF,sea,1955,-0.4
WF,sea,1956,-0.3
WF,sea,1957,-0.2
WF,sea,1958,-0.1
WF,sea,1959,-0.1
WF,sea,1960,-0.1
WF,sea,1961,-0.1
WF,sea,1962,-0.1
WF,sea,1963,-0.1
WF,sea,1964,-0.2
WF,sea,1965,-0.3
WF,sea,1966,-0.1
WF,sea,1967,-0.3
WF,sea,1968,-0.1
WF,sea,1969,0.2
WF,sea,1970,0
WF,sea,1971,-0.2
WF,sea,1972,-0.1
WF,sea,1973,0
WF,sea,1974,-0.2
WF,sea,1975,-0.3
WF,sea,1976,-0.3
WF,sea,1977,-0.1
WF,sea,1978,0
WF,sea,1979,0
WF,sea,1980,0.1
WF,sea,1981,-0.1
WF,sea,1982,0
WF,sea,1983,-0.3
WF,sea,1984,0
WF,sea,1985,-0.2
WF,sea,1986,-0.1
WF,sea,1987,-0.1
WF,sea,1988,0
WF,sea,1989,-0.1
WF,sea,1990,0.1
WF,sea,1991,0.3
WF,sea,1992,0.1
WF,sea,1993,0
WF,sea,1994,0.2
WF,sea,1995,0.3
WF,sea,1996,0.1
WF,sea,1997,-0.1
WF,sea,1998,-0.2
WF,sea,1999,0.1
WF,sea,2000,0.3
WF,sea,2001,0.3
WF,sea,2002,0.4
WF,sea,2003,0.5
WF,sea,2004,0.5
WF,sea,2005,0.5
WF,sea,2006,0.4
WF,sea,2007,0.5
WF,sea,2008,0.2
WF,sea,2009,0.4
WF,sea,2010,0.4
WF,sea,2011,0.2
WF,sea,2012,0.4
WF,sea,2013,0.5
WF,sea,2014,0.6
WF,sea,2015,0.4
WF,sea,2016,0.6
WF,sea,2017,0.6
WF,sea,2018,0.5
WF,sea,2019,0.7
WF,sea,2020,0.6
WF,sea,2021,0.4
WF,sea,2022,0.4
WF,sea,2023,0.6
WF,sea,2024,0.7
WF,sea,2025,0.5
TK,sea,1850,-0.1
TK,sea,1851,-0.3
TK,sea,1852,-0.1
TK,sea,1853,0
TK,sea,1854,0
TK,sea,1855,-0.1
TK,sea,1856,-0.3
TK,sea,1857,-0.7
TK,sea,1858,-0.2
TK,sea,1859,0.1
TK,sea,1860,-0.4
TK,sea,1861,-0.6
TK,sea,1862,-0.6
TK,sea,1863,-0.5
TK,sea,1864,-0.3
TK,sea,1865,-0.4
TK,sea,1866,-0.4
TK,sea,1867,-0.4
TK,sea,1868,-0.4
TK,sea,1869,-0.3
TK,sea,1870,-0.7
TK,sea,1871,-0.3
TK,sea,1872,-0.3
TK,sea,1873,-0.6
TK,sea,1874,-0.4
TK,sea,1875,-0.4
TK,sea,1876,-0.3
TK,sea,1877,0.2
TK,sea,1878,0
TK,sea,1879,-0.6
TK,sea,1880,-0.4
TK,sea,1881,0.1
TK,sea,1882,0
TK,sea,1883,-0.3
TK,sea,1884,-0.3
TK,sea,1885,-0.3
TK,sea,1886,-0.6
TK,sea,1887,-0.8
TK,sea,1888,0.1
TK,sea,1889,0
TK,sea,1890,-0.9
TK,sea,1891,-0.4
TK,sea,1892,-0.4
TK,sea,1893,-0.8
TK,sea,1894,-0.5
TK,sea,1895,-0.3
TK,sea,1896,-0.1
TK,sea,1897,0
TK,sea,1898,-0.5
TK,sea,1899,-0.3
TK,sea,1900,0.4
TK,sea,1901,0.1
TK,sea,1902,0
TK,sea,1903,-0.1
TK,sea,1904,-0.8
TK,sea,1905,0
TK,sea,1906,-0.3
TK,sea,1907,-0.4
TK,sea,1908,-0.6
TK,sea,1909,-1
TK,sea,1910,-1.1
TK,sea,1911,-0.7
TK,sea,1912,-0.2
TK,sea,1913,-0.5
TK,sea,1914,-0.2
TK,sea,1915,-0.1
TK,sea,1916,-0.9
TK,sea,1917,-1.6
TK,sea,1918,-0.5
TK,sea,1919,-0.6
TK,sea,1920,-0.3
TK,sea,1921,-0.7
TK,sea,1922,-0.4
TK,sea,1923,-0.4
TK,sea,1924,-0.4
TK,sea,1925,-0.4
TK,sea,1926,0
TK,sea,1927,-0.5
TK,sea,1928,-0.3
TK,sea,1929,-0.3
TK,sea,1930,-0.1
TK,sea,1931,-0.1
TK,sea,1932,-0.3
TK,sea,1933,-0.7
TK,sea,1934,-0.6
TK,sea,1935,-0.5
TK,sea,1936,-0.4
TK,sea,1937,-0.4
TK,sea,1938,-0.8
TK,sea,1939,-0.7
TK,sea,1940,0.2
TK,sea,1941,0.5
TK,sea,1942,0
TK,sea,1943,-0.4
TK,sea,1944,0
TK,sea,1945,-0.1
TK,sea,1946,0
TK,sea,1947,0
TK,sea,1948,-0.3
TK,sea,1949,-0.3
TK,sea,1950,-0.8
TK,sea,1951,-0.2
TK,sea,1952,0
TK,sea,1953,0.1
TK,sea,1954,-0.3
TK,sea,1955,-0.8
TK,sea,1956,-0.8
TK,sea,1957,-0.1
TK,sea,1958,0.3
TK,sea,1959,0.1
TK,sea,1960,-0.2
TK,sea,1961,-0.2
TK,sea,1962,-0.3
TK,sea,1963,-0.1
TK,sea,1964,-0.4
TK,sea,1965,-0.1
TK,sea,1966,0.2
TK,sea,1967,-0.3
TK,sea,1968,-0.1
TK,sea,1969,0.4
TK,sea,1970,-0.1
TK,sea,1971,-0.7
TK,sea,1972,0
TK,sea,1973,-0.1
TK,sea,1974,-0.7
TK,sea,1975,-0.7
TK,sea,1976,-0.5
TK,sea,1977,0.2
TK,sea,1978,0
TK,sea,1979,0
TK,sea,1980,0.2
TK,sea,1981,-0.2
TK,sea,1982,0.1
TK,sea,1983,-0.1
TK,sea,1984,-0.2
TK,sea,1985,-0.3
TK,sea,1986,0.1
TK,sea,1987,0.4
TK,sea,1988,0
TK,sea,1989,-0.4
TK,sea,1990,0.2
TK,sea,1991,0.5
TK,sea,1992,0.4
TK,sea,1993,0.3
TK,sea,1994,0.5
TK,sea,1995,0.4
TK,sea,1996,0
TK,sea,1997,0.2
TK,sea,1998,-0.1
TK,sea,1999,-0.4
TK,sea,2000,-0.3
TK,sea,2001,0.1
TK,sea,2002,0.5
TK,sea,2003,0.6
TK,sea,2004,0.5
TK,sea,2005,0.4
TK,sea,2006,0.4
TK,sea,2007,0.3
TK,sea,2008,-0.3
TK,sea,2009,0.5
TK,sea,2010,0.2
TK,sea,2011,-0.4
TK,sea,2012,0.2
TK,sea,2013,0.3
TK,sea,2014,0.5
TK,sea,2015,0.8
TK,sea,2016,0.7
TK,sea,2017,0.5
TK,sea,2018,0.5
TK,sea,2019,0.8
TK,sea,2020,0.5
TK,sea,2021,0
TK,sea,2022,-0.2
TK,sea,2023,0.6
TK,sea,2024,0.8
TK,sea,2025,0.4
SB,sea,1850,0
SB,sea,1851,0.1
SB,sea,1852,0
SB,sea,1853,-0.2
SB,sea,1854,-0.4
SB,sea,1855,-0.4
SB,sea,1856,-0.6
SB,sea,1857,0
SB,sea,1858,-0.2
SB,sea,1859,0
SB,sea,1860,-0.4
SB,sea,1861,-0.9
SB,sea,1862,-0.3
SB,sea,1863,-0.2
SB,sea,1864,-0.1
SB,sea,1865,-0.2
SB,sea,1866,0
SB,sea,1867,-0.1
SB,sea,1868,-0.2
SB,sea,1869,0.2
SB,sea,1870,-0.1
SB,sea,1871,-0.1
SB,sea,1872,-0.1
SB,sea,1873,-0.2
SB,sea,1874,0
SB,sea,1875,-0.2
SB,sea,1876,-0.2
SB,sea,1877,-0.4
SB,sea,1878,-0.2
SB,sea,1879,-0.2
SB,sea,1880,-0.3
SB,sea,1881,0.2
SB,sea,1882,0.2
SB,sea,1883,-0.3
SB,sea,1884,-0.6
SB,sea,1885,-0.9
SB,sea,1886,-0.6
SB,sea,1887,-0.1
SB,sea,1888,-0.4
SB,sea,1889,-0.3
SB,sea,1890,-0.1
SB,sea,1891,0
SB,sea,1892,0
SB,sea,1893,-0.1
SB,sea,1894,-0.4
SB,sea,1895,-0.3
SB,sea,1896,-0.3
SB,sea,1897,-0.1
SB,sea,1898,-0.3
SB,sea,1899,-0.2
SB,sea,1900,-0.1
SB,sea,1901,-0.3
SB,sea,1902,-0.9
SB,sea,1903,-0.8
SB,sea,1904,-0.7
SB,sea,1905,-0.8
SB,sea,1906,-0.7
SB,sea,1907,-0.3
SB,sea,1908,-0.4
SB,sea,1909,-0.5
SB,sea,1910,-0.5
SB,sea,1911,-0.7
SB,sea,1912,-0.7
SB,sea,1913,-0.7
SB,sea,1914,-0.7
SB,sea,1915,-0.5
SB,sea,1916,-0.4
SB,sea,1917,-0.9
SB,sea,1918,-0.8
SB,sea,1919,-1.3
SB,sea,1920,-0.8
SB,sea,1921,-0.2
SB,sea,1922,-0.2
SB,sea,1923,-0.4
SB,sea,1924,-0.3
SB,sea,1925,-0.5
SB,sea,1926,-0.5
SB,sea,1927,-0.5
SB,sea,1928,-0.4
SB,sea,1929,-0.4
SB,sea,1930,-0.6
SB,sea,1931,-0.4
SB,sea,1932,-0.5
SB,sea,1933,-0.4
SB,sea,1934,-0.5
SB,sea,1935,-0.4
SB,sea,1936,-0.3
SB,sea,1937,-0.4
SB,sea,1938,-0.3
SB,sea,1939,-0.5
SB,sea,1940,-0.5
SB,sea,1941,-0.5
SB,sea,1942,-0.2
SB,sea,1943,0.4
SB,sea,1944,0.2
SB,sea,1945,0.2
SB,sea,1946,-0.2
SB,sea,1947,-0.3
SB,sea,1948,-0.4
SB,sea,1949,-0.6
SB,sea,1950,-0.3
SB,sea,1951,-0.4
SB,sea,1952,-0.4
SB,sea,1953,-0.4
SB,sea,1954,-0.4
SB,sea,1955,-0.4
SB,sea,1956,-0.1
SB,sea,1957,-0.5
SB,sea,1958,-0.4
SB,sea,1959,-0.4
SB,sea,1960,-0.3
SB,sea,1961,-0.3
SB,sea,1962,-0.1
SB,sea,1963,-0.1
SB,sea,1964,-0.3
SB,sea,1965,-0.8
SB,sea,1966,-0.5
SB,sea,1967,-0.3
SB,sea,1968,-0.2
SB,sea,1969,0
SB,sea,1970,0
SB,sea,1971,-0.1
SB,sea,1972,-0.4
SB,sea,1973,0
SB,sea,1974,0
SB,sea,1975,-0.2
SB,sea,1976,-0.3
SB,sea,1977,-0.2
SB,sea,1978,-0.1
SB,sea,1979,-0.1
SB,sea,1980,-0.1
SB,sea,1981,0.1
SB,sea,1982,-0.2
SB,sea,1983,-0.3
SB,sea,1984,0
SB,sea,1985,0
SB,sea,1986,-0.1
SB,sea,1987,-0.3
SB,sea,1988,0.2
SB,sea,1989,0.2
SB,sea,1990,0.2
SB,sea,1991,0.1
SB,sea,1992,-0.3
SB,sea,1993,-0.5
SB,sea,1994,-0.1
SB,sea,1995,0.3
SB,sea,1996,0.3
SB,sea,1997,-0.1
SB,sea,1998,0.2
SB,sea,1999,0.2
SB,sea,2000,0.3
SB,sea,2001,0.4
SB,sea,2002,0.3
SB,sea,2003,0.5
SB,sea,2004,0.3
SB,sea,2005,0.5
SB,sea,2006,0.3
SB,sea,2007,0.6
SB,sea,2008,0.3
SB,sea,2009,0.4
SB,sea,2010,0.4
SB,sea,2011,0.4
SB,sea,2012,0.3
SB,sea,2013,0.4
SB,sea,2014,0.5
SB,sea,2015,0.1
SB,sea,2016,0.7
SB,sea,2017,0.7
SB,sea,2018,0.6
SB,sea,2019,0.5
SB,sea,2020,0.8
SB,sea,2021,0.6
SB,sea,2022,0.7
SB,sea,2023,0.6
SB,sea,2024,0.9
SB,sea,2025,0.9
PF,sea,1850,-0.5
PF,sea,1851,-0.3
PF,sea,1852,-0.3
PF,sea,1853,-0.1
PF,sea,1854,0.1
PF,sea,1855,-0.3
PF,sea,1856,-0.3
PF,sea,1857,-0.4
PF,sea,1858,-0.1
PF,sea,1859,-0.1
PF,sea,1860,-0.2
PF,sea,1861,-0.4
PF,sea,1862,-0.5
PF,sea,1863,-0.4
PF,sea,1864,-0.3
PF,sea,1865,-0.3
PF,sea,1866,-0.3
PF,sea,1867,-0.4
PF,sea,1868,-0.2
PF,sea,1869,-0.5
PF,sea,1870,-0.4
PF,sea,1871,-0.2
PF,sea,1872,-0.4
PF,sea,1873,-0.7
PF,sea,1874,-0.5
PF,sea,1875,-0.6
PF,sea,1876,-0.5
PF,sea,1877,-0.3
PF,sea,1878,-0.3
PF,sea,1879,-0.4
PF,sea,1880,-0.3
PF,sea,1881,-0.3
PF,sea,1882,-0.2
PF,sea,1883,-0.5
PF,sea,1884,-0.5
PF,sea,1885,-0.7
PF,sea,1886,-0.6
PF,sea,1887,-0.3
PF,sea,1888,-0.3
PF,sea,1889,-0.1
PF,sea,1890,-0.9
PF,sea,1891,-0.5
PF,sea,1892,-0.2
PF,sea,1893,-0.5
PF,sea,1894,-0.2
PF,sea,1895,-0.3
PF,sea,1896,-0.1
PF,sea,1897,0.1
PF,sea,1898,-0.2
PF,sea,1899,0.1
PF,sea,1900,0.1
PF,sea,1901,0.4
PF,sea,1902,0
PF,sea,1903,-0.2
PF,sea,1904,-0.6
PF,sea,1905,-0.4
PF,sea,1906,-0.1
PF,sea,1907,-0.4
PF,sea,1908,-0.3
PF,sea,1909,-0.8
PF,sea,1910,-0.8
PF,sea,1911,-0.6
PF,sea,1912,-0.5
PF,sea,1913,-0.4
PF,sea,1914,-0.6
PF,sea,1915,-0.2
PF,sea,1916,-0.2
PF,sea,1917,-0.8
PF,sea,1918,-0.3
PF,sea,1919,-0.3
PF,sea,1920,-0.1
PF,sea,1921,-0.5
PF,sea,1922,-0.3
PF,sea,1923,-0.5
PF,sea,1924,-0.5
PF,sea,1925,-0.5
PF,sea,1926,-0.2
PF,sea,1927,-0.2
PF,sea,1928,-0.3
PF,sea,1929,-0.3
PF,sea,1930,-0.3
PF,sea,1931,-0.2
PF,sea,1932,-0.2
PF,sea,1933,-0.3
PF,sea,1934,-0.4
PF,sea,1935,-0.3
PF,sea,1936,-0.6
PF,sea,1937,-0.4
PF,sea,1938,-0.5
PF,sea,1939,-0.4
PF,sea,1940,0
PF,sea,1941,-0.1
PF,sea,1942,-0.1
PF,sea,1943,0
PF,sea,1944,0.2
PF,sea,1945,0.2
PF,sea,1946,-0.2
PF,sea,1947,-0.1
PF,sea,1948,-0.2
PF,sea,1949,0
PF,sea,1950,-0.4
PF,sea,1951,-0.2
PF,sea,1952,0.1
PF,sea,1953,0
PF,sea,1954,-0.2
PF,sea,1955,-0.5
PF,sea,1956,-0.4
PF,sea,1957,-0.1
PF,sea,1958,-0.2
PF,sea,1959,-0.2
PF,sea,1960,-0.1
PF,sea,1961,-0.2
PF,sea,1962,-0.5
PF,sea,1963,-0.2
PF,sea,1964,-0.2
PF,sea,1965,-0.2
PF,sea,1966,-0.2
PF,sea,1967,-0.3
PF,sea,1968,-0.4
PF,sea,1969,0
PF,sea,1970,-0.1
PF,sea,1971,-0.4
PF,sea,1972,-0.2
PF,sea,1973,0.1
PF,sea,1974,-0.5
PF,sea,1975,-0.6
PF,sea,1976,-0.5
PF,sea,1977,-0.2
PF,sea,1978,-0.3
PF,sea,1979,-0.4
PF,sea,1980,-0.1
PF,sea,1981,-0.3
PF,sea,1982,0
PF,sea,1983,-0.1
PF,sea,1984,0
PF,sea,1985,-0.1
PF,sea,1986,-0.1
PF,sea,1987,0.1
PF,sea,1988,0.2
PF,sea,1989,0
PF,sea,1990,-0.1
PF,sea,1991,0.2
PF,sea,1992,0.1
PF,sea,1993,-0.1
PF,sea,1994,0.2
PF,sea,1995,0.2
PF,sea,1996,0
PF,sea,1997,0.1
PF,sea,1998,0.2
PF,sea,1999,0.2
PF,sea,2000,0.2
PF,sea,2001,0.2
PF,sea,2002,0.4
PF,sea,2003,0.4
PF,sea,2004,0.4
PF,sea,2005,0.2
PF,sea,2006,0.4
PF,sea,2007,0.4
PF,sea,2008,0.2
PF,sea,2009,0.4
PF,sea,2010,0.3
PF,sea,2011,0
PF,sea,2012,0.3
PF,sea,2013,0.2
PF,sea,2014,0.1
PF,sea,2015,0.2
PF,sea,2016,0.7
PF,sea,2017,0.5
PF,sea,2018,0.3
PF,sea,2019,0.4
PF,sea,2020,0.5
PF,sea,2021,0.4
PF,sea,2022,0.1
PF,sea,2023,0.5
PF,sea,2024,0.4
PF,sea,2025,0.6
TO,sea,1850,-0.2
TO,sea,1851,-0.3
TO,sea,1852,-0.1
TO,sea,1853,0.3
TO,sea,1854,0
TO,sea,1855,-0.3
TO,sea,1856,-0.3
TO,sea,1857,0
TO,sea,1858,-0.2
TO,sea,1859,0.2
TO,sea,1860,0.1
TO,sea,1861,0.1
TO,sea,1862,0
TO,sea,1863,0.1
TO,sea,1864,0.1
TO,sea,1865,0.1
TO,sea,1866,0
TO,sea,1867,0.2
TO,sea,1868,0.1
TO,sea,1869,0.1
TO,sea,1870,0.2
TO,sea,1871,0.4
TO,sea,1872,0.3
TO,sea,1873,0.1
TO,sea,1874,0.2
TO,sea,1875,0.2
TO,sea,1876,0.2
TO,sea,1877,-0.3
TO,sea,1878,-0.1
TO,sea,1879,0.4
TO,sea,1880,0.2
TO,sea,1881,-0.1
TO,sea,1882,0.1
TO,sea,1883,-0.5
TO,sea,1884,-0.8
TO,sea,1885,-1
TO,sea,1886,-0.6
TO,sea,1887,-0.4
TO,sea,1888,-0.7
TO,sea,1889,-0.2
TO,sea,1890,-0.2
TO,sea,1891,-0.4
TO,sea,1892,-0.3
TO,sea,1893,0
TO,sea,1894,-0.3
TO,sea,1895,-0.2
TO,sea,1896,-0.5
TO,sea,1897,-0.5
TO,sea,1898,0
TO,sea,1899,-0.2
TO,sea,1900,-0.7
TO,sea,1901,-0.1
TO,sea,1902,-0.9
TO,sea,1903,-0.7
TO,sea,1904,-0.6
TO,sea,1905,-1.1
TO,sea,1906,-0.3
TO,sea,1907,-0.7
TO,sea,1908,-0.6
TO,sea,1909,-0.6
TO,sea,1910,-0.3
TO,sea,1911,-0.5
TO,sea,1912,-0.6
TO,sea,1913,-0.7
TO,sea,1914,-0.6
TO,sea,1915,-0.2
TO,sea,1916,0.2
TO,sea,1917,0
TO,sea,1918,-0.4
TO,sea,1919,-0.9
TO,sea,1920,-0.5
TO,sea,1921,-0.6
TO,sea,1922,-0.2
TO,sea,1923,-0.5
TO,sea,1924,-0.1
TO,sea,1925,-0.4
TO,sea,1926,-0.6
TO,sea,1927,-0.2
TO,sea,1928,-0.5
TO,sea,1929,-0.4
TO,sea,1930,-0.8
TO,sea,1931,-0.7
TO,sea,1932,-0.4
TO,sea,1933,-0.4
TO,sea,1934,-0.6
TO,sea,1935,-0.3
TO,sea,1936,-0.3
TO,sea,1937,-0.3
TO,sea,1938,-0.2
TO,sea,1939,-0.5
TO,sea,1940,-0.6
TO,sea,1941,-0.4
TO,sea,1942,-0.1
TO,sea,1943,0.3
TO,sea,1944,0.2
TO,sea,1945,0
TO,sea,1946,-0.1
TO,sea,1947,0
TO,sea,1948,-0.2
TO,sea,1949,-0.1
TO,sea,1950,0.1
TO,sea,1951,-0.1
TO,sea,1952,0.2
TO,sea,1953,0
TO,sea,1954,-0.1
TO,sea,1955,0
TO,sea,1956,0.1
TO,sea,1957,-0.2
TO,sea,1958,-0.3
TO,sea,1959,-0.2
TO,sea,1960,-0.1
TO,sea,1961,0.1
TO,sea,1962,-0.1
TO,sea,1963,-0.2
TO,sea,1964,0
TO,sea,1965,-0.5
TO,sea,1966,-0.3
TO,sea,1967,-0.2
TO,sea,1968,0.1
TO,sea,1969,-0.2
TO,sea,1970,0.1
TO,sea,1971,0.2
TO,sea,1972,-0.1
TO,sea,1973,0.4
TO,sea,1974,0.4
TO,sea,1975,0.3
TO,sea,1976,0
TO,sea,1977,-0.4
TO,sea,1978,-0.3
TO,sea,1979,-0.2
TO,sea,1980,0
TO,sea,1981,-0.1
TO,sea,1982,-0.2
TO,sea,1983,-0.3
TO,sea,1984,0.1
TO,sea,1985,-0.1
TO,sea,1986,-0.4
TO,sea,1987,-0.5
TO,sea,1988,0.4
TO,sea,1989,0.1
TO,sea,1990,0
TO,sea,1991,-0.1
TO,sea,1992,0
TO,sea,1993,-0.3
TO,sea,1994,-0.3
TO,sea,1995,0.2
TO,sea,1996,0.3
TO,sea,1997,-0.2
TO,sea,1998,0
TO,sea,1999,0.4
TO,sea,2000,0.5
TO,sea,2001,0.2
TO,sea,2002,0.3
TO,sea,2003,0.3
TO,sea,2004,0.4
TO,sea,2005,0.4
TO,sea,2006,0.3
TO,sea,2007,0.4
TO,sea,2008,0.6
TO,sea,2009,0.3
TO,sea,2010,0.6
TO,sea,2011,0.8
TO,sea,2012,0.4
TO,sea,2013,0.6
TO,sea,2014,0.4
TO,sea,2015,-0.1
TO,sea,2016,0.4
TO,sea,2017,0.6
TO,sea,2018,0.5
TO,sea,2019,0.5
TO,sea,2020,0.7
TO,sea,2021,0.8
TO,sea,2022,1.1
TO,sea,2023,0.5
TO,sea,2024,0.6
TO,sea,2025,0.6
VU,sea,1850,-0.3
VU,sea,1851,0.1
VU,sea,1852,-0.2
VU,sea,1853,-0.4
VU,sea,1854,-0.8
VU,sea,1855,-0.6
VU,sea,1856,-0.8
VU,sea,1857,0
VU,sea,1858,-0.4
VU,sea,1859,-0.2
VU,sea,1860,-0.4
VU,sea,1861,-0.5
VU,sea,1862,-0.2
VU,sea,1863,0
VU,sea,1864,0.1
VU,sea,1865,-0.1
VU,sea,1866,0
VU,sea,1867,0
VU,sea,1868,-0.2
VU,sea,1869,0
VU,sea,1870,0.1
VU,sea,1871,-0.2
VU,sea,1872,0
VU,sea,1873,0
VU,sea,1874,0
VU,sea,1875,-0.1
VU,sea,1876,-0.2
VU,sea,1877,-0.5
VU,sea,1878,-0.2
VU,sea,1879,0.1
VU,sea,1880,-0.1
VU,sea,1881,-0.1
VU,sea,1882,0
VU,sea,1883,-0.4
VU,sea,1884,-0.8
VU,sea,1885,-1
VU,sea,1886,-0.7
VU,sea,1887,-0.4
VU,sea,1888,-0.8
VU,sea,1889,-0.3
VU,sea,1890,-0.1
VU,sea,1891,-0.1
VU,sea,1892,-0.3
VU,sea,1893,0.3
VU,sea,1894,-0.4
VU,sea,1895,-0.4
VU,sea,1896,-0.3
VU,sea,1897,-0.2
VU,sea,1898,-0.2
VU,sea,1899,-0.3
VU,sea,1900,-0.4
VU,sea,1901,-0.6
VU,sea,1902,-1
VU,sea,1903,-0.9
VU,sea,1904,-0.7
VU,sea,1905,-1
VU,sea,1906,-0.7
VU,sea,1907,-0.4
VU,sea,1908,-0.5
VU,sea,1909,-0.4
VU,sea,1910,-0.2
VU,sea,1911,-0.6
VU,sea,1912,-0.7
VU,sea,1913,-0.9
VU,sea,1914,-0.9
VU,sea,1915,-0.5
VU,sea,1916,-0.1
VU,sea,1917,-0.2
VU,sea,1918,-0.6
VU,sea,1919,-0.9
VU,sea,1920,-0.6
VU,sea,1921,-0.5
VU,sea,1922,-0.3
VU,sea,1923,-0.5
VU,sea,1924,-0.2
VU,sea,1925,-0.5
VU,sea,1926,-0.6
VU,sea,1927,-0.4
VU,sea,1928,-0.5
VU,sea,1929,-0.6
VU,sea,1930,-0.9
VU,sea,1931,-0.7
VU,sea,1932,-0.7
VU,sea,1933,-0.4
VU,sea,1934,-0.7
VU,sea,1935,-0.3
VU,sea,1936,-0.4
VU,sea,1937,-0.4
VU,sea,1938,-0.1
VU,sea,1939,-0.5
VU,sea,1940,-0.8
VU,sea,1941,-0.6
VU,sea,1942,-0.4
VU,sea,1943,0.3
VU,sea,1944,0.1
VU,sea,1945,0
VU,sea,1946,-0.4
VU,sea,1947,-0.4
VU,sea,1948,-0.3
VU,sea,1949,-0.4
VU,sea,1950,-0.1
VU,sea,1951,-0.3
VU,sea,1952,-0.2
VU,sea,1953,-0.3
VU,sea,1954,-0.4
VU,sea,1955,-0.2
VU,sea,1956,0.1
VU,sea,1957,-0.4
VU,sea,1958,-0.4
VU,sea,1959,-0.4
VU,sea,1960,-0.2
VU,sea,1961,-0.2
VU,sea,1962,0
VU,sea,1963,-0.3
VU,sea,1964,-0.2
VU,sea,1965,-0.8
VU,sea,1966,-0.6
VU,sea,1967,-0.3
VU,sea,1968,-0.2
VU,sea,1969,-0.3
VU,sea,1970,0
VU,sea,1971,0.1
VU,sea,1972,-0.3
VU,sea,1973,0.1
VU,sea,1974,0.3
VU,sea,1975,0.2
VU,sea,1976,-0.1
VU,sea,1977,-0.4
VU,sea,1978,-0.3
VU,sea,1979,-0.1
VU,sea,1980,-0.2
VU,sea,1981,0
VU,sea,1982,-0.3
VU,sea,1983,-0.3
VU,sea,1984,0.1
VU,sea,1985,0
VU,sea,1986,-0.2
VU,sea,1987,-0.4
VU,sea,1988,0.3
VU,sea,1989,0.2
VU,sea,1990,0.2
VU,sea,1991,-0.3
VU,sea,1992,-0.4
VU,sea,1993,-0.6
VU,sea,1994,-0.5
VU,sea,1995,0.1
VU,sea,1996,0.2
VU,sea,1997,-0.2
VU,sea,1998,0.4
VU,sea,1999,0.4
VU,sea,2000,0.3
VU,sea,2001,0.4
VU,sea,2002,0.2
VU,sea,2003,0.2
VU,sea,2004,0.1
VU,sea,2005,0.3
VU,sea,2006,0.1
VU,sea,2007,0.4
VU,sea,2008,0.5
VU,sea,2009,0.2
VU,sea,2010,0.4
VU,sea,2011,0.5
VU,sea,2012,0.3
VU,sea,2013,0.4
VU,sea,2014,0.3
VU,sea,2015,-0.1
VU,sea,2016,0.6
VU,sea,2017,0.5
VU,sea,2018,0.4
VU,sea,2019,0.3
VU,sea,2020,0.5
VU,sea,2021,0.6
VU,sea,2022,1.1
VU,sea,2023,0.5
VU,sea,2024,0.7
VU,sea,2025,0.8
NC,sea,1850,-0.6
NC,sea,1851,0.3
NC,sea,1852,-0.3
NC,sea,1853,-0.5
NC,sea,1854,-0.8
NC,sea,1855,-0.8
NC,sea,1856,-1
NC,sea,1857,-0.4
NC,sea,1858,-0.7
NC,sea,1859,-0.1
NC,sea,1860,-0.5
NC,sea,1861,-0.8
NC,sea,1862,-0.5
NC,sea,1863,0
NC,sea,1864,0.4
NC,sea,1865,0.1
NC,sea,1866,0
NC,sea,1867,-0.2
NC,sea,1868,-0.4
NC,sea,1869,0
NC,sea,1870,0.1
NC,sea,1871,-0.2
NC,sea,1872,-0.1
NC,sea,1873,-0.2
NC,sea,1874,0
NC,sea,1875,0
NC,sea,1876,0
NC,sea,1877,-0.3
NC,sea,1878,0.2
NC,sea,1879,0.1
NC,sea,1880,-0.2
NC,sea,1881,-0.4
NC,sea,1882,-0.2
NC,sea,1883,-0.6
NC,sea,1884,-0.9
NC,sea,1885,-1
NC,sea,1886,-0.5
NC,sea,1887,-0.6
NC,sea,1888,-1
NC,sea,1889,-0.3
NC,sea,1890,-0.2
NC,sea,1891,-0.3
NC,sea,1892,-0.2
NC,sea,1893,0.6
NC,sea,1894,-0.3
NC,sea,1895,-0.5
NC,sea,1896,-0.3
NC,sea,1897,-0.1
NC,sea,1898,-0.4
NC,sea,1899,-0.7
NC,sea,1900,-0.3
NC,sea,1901,-0.8
NC,sea,1902,-1.2
NC,sea,1903,-0.9
NC,sea,1904,-1
NC,sea,1905,-1.1
NC,sea,1906,-0.8
NC,sea,1907,-0.4
NC,sea,1908,-0.6
NC,sea,1909,-0.5
NC,sea,1910,-0.4
NC,sea,1911,-0.9
NC,sea,1912,-0.8
NC,sea,1913,-0.9
NC,sea,1914,-0.9
NC,sea,1915,-0.6
NC,sea,1916,-0.2
NC,sea,1917,-0.4
NC,sea,1918,-0.7
NC,sea,1919,-0.7
NC,sea,1920,-0.7
NC,sea,1921,-0.6
NC,sea,1922,-0.6
NC,sea,1923,-0.7
NC,sea,1924,-0.3
NC,sea,1925,-0.9
NC,sea,1926,-0.6
NC,sea,1927,-0.6
NC,sea,1928,-0.7
NC,sea,1929,-0.7
NC,sea,1930,-1
NC,sea,1931,-0.6
NC,sea,1932,-0.8
NC,sea,1933,-0.5
NC,sea,1934,-0.9
NC,sea,1935,-0.5
NC,sea,1936,-0.7
NC,sea,1937,-0.7
NC,sea,1938,-0.2
NC,sea,1939,-0.7
NC,sea,1940,-0.8
NC,sea,1941,-0.6
NC,sea,1942,-0.3
NC,sea,1943,0
NC,sea,1944,-0.1
NC,sea,1945,-0.1
NC,sea,1946,-0.4
NC,sea,1947,-0.6
NC,sea,1948,-0.4
NC,sea,1949,-0.6
NC,sea,1950,-0.2
NC,sea,1951,-0.5
NC,sea,1952,-0.3
NC,sea,1953,-0.3
NC,sea,1954,-0.5
NC,sea,1955,-0.3
NC,sea,1956,0
NC,sea,1957,-0.4
NC,sea,1958,-0.2
NC,sea,1959,-0.4
NC,sea,1960,-0.3
NC,sea,1961,-0.5
NC,sea,1962,-0.2
NC,sea,1963,-0.5
NC,sea,1964,-0.2
NC,sea,1965,-0.8
NC,sea,1966,-0.8
NC,sea,1967,-0.4
NC,sea,1968,-0.3
NC,sea,1969,-0.3
NC,sea,1970,0.1
NC,sea,1971,0.1
NC,sea,1972,-0.4
NC,sea,1973,0.4
NC,sea,1974,0.1
NC,sea,1975,0.2
NC,sea,1976,-0.1
NC,sea,1977,-0.4
NC,sea,1978,-0.3
NC,sea,1979,-0.1
NC,sea,1980,-0.2
NC,sea,1981,0
NC,sea,1982,-0.5
NC,sea,1983,-0.1
NC,sea,1984,-0.1
NC,sea,1985,-0.1
NC,sea,1986,-0.1
NC,sea,1987,-0.2
NC,sea,1988,0.4
NC,sea,1989,0.1
NC,sea,1990,0.1
NC,sea,1991,-0.4
NC,sea,1992,-0.4
NC,sea,1993,-0.5
NC,sea,1994,-0.6
NC,sea,1995,0.1
NC,sea,1996,0.2
NC,sea,1997,-0.1
NC,sea,1998,0.8
NC,sea,1999,0.2
NC,sea,2000,0
NC,sea,2001,0.3
NC,sea,2002,0.2
NC,sea,2003,0.2
NC,sea,2004,0.1
NC,sea,2005,0.2
NC,sea,2006,0
NC,sea,2007,0.1
NC,sea,2008,0.3
NC,sea,2009,0.2
NC,sea,2010,0.4
NC,sea,2011,0.3
NC,sea,2012,0
NC,sea,2013,0.2
NC,sea,2014,0.1
NC,sea,2015,0
NC,sea,2016,0.7
NC,sea,2017,0.5
NC,sea,2018,0.3
NC,sea,2019,0.2
NC,sea,2020,0.5
NC,sea,2021,0.4
NC,sea,2022,0.9
NC,sea,2023,0.4
NC,sea,2024,0.7
NC,sea,2025,0.8
GU,sea,1850,-0.2
GU,sea,1851,0.1
GU,sea,1852,0
GU,sea,1853,-0.2
GU,sea,1854,-0.2
GU,sea,1855,-0.6
GU,sea,1856,-0.3
GU,sea,1857,-0.1
GU,sea,1858,-0.6
GU,sea,1859,0
GU,sea,1860,-0.4
GU,sea,1861,-0.7
GU,sea,1862,-0.6
GU,sea,1863,-0.3
GU,sea,1864,-0.2
GU,sea,1865,-0.1
GU,sea,1866,0
GU,sea,1867,-0.2
GU,sea,1868,-0.2
GU,sea,1869,0.1
GU,sea,1870,0.1
GU,sea,1871,-0.2
GU,sea,1872,0
GU,sea,1873,0
GU,sea,1874,-0.1
GU,sea,1875,-0.2
GU,sea,1876,0
GU,sea,1877,-0.1
GU,sea,1878,0.2
GU,sea,1879,-0.1
GU,sea,1880,-0.6
GU,sea,1881,-0.1
GU,sea,1882,-0.1
GU,sea,1883,-0.5
GU,sea,1884,-0.6
GU,sea,1885,-0.7
GU,sea,1886,-0.4
GU,sea,1887,0.1
GU,sea,1888,-0.2
GU,sea,1889,0
GU,sea,1890,0.1
GU,sea,1891,0.3
GU,sea,1892,0.2
GU,sea,1893,0
GU,sea,1894,0
GU,sea,1895,0
GU,sea,1896,0
GU,sea,1897,0.4
GU,sea,1898,0
GU,sea,1899,-0.4
GU,sea,1900,-0.1
GU,sea,1901,0
GU,sea,1902,-0.4
GU,sea,1903,-0.7
GU,sea,1904,-0.6
GU,sea,1905,-0.7
GU,sea,1906,-0.5
GU,sea,1907,-0.4
GU,sea,1908,-0.3
GU,sea,1909,-0.4
GU,sea,1910,-0.2
GU,sea,1911,-0.6
GU,sea,1912,-0.7
GU,sea,1913,-0.7
GU,sea,1914,-0.7
GU,sea,1915,-0.5
GU,sea,1916,-0.4
GU,sea,1917,-0.5
GU,sea,1918,-0.8
GU,sea,1919,-0.9
GU,sea,1920,-0.8
GU,sea,1921,-0.1
GU,sea,1922,-0.2
GU,sea,1923,-0.6
GU,sea,1924,-0.4
GU,sea,1925,-0.2
GU,sea,1926,-0.3
GU,sea,1927,-0.1
GU,sea,1928,-0.4
GU,sea,1929,-0.4
GU,sea,1930,-0.6
GU,sea,1931,-0.3
GU,sea,1932,-0.5
GU,sea,1933,-0.4
GU,sea,1934,-0.3
GU,sea,1935,-0.4
GU,sea,1936,-0.4
GU,sea,1937,-0.3
GU,sea,1938,-0.2
GU,sea,1939,-0.3
GU,sea,1940,-0.4
GU,sea,1941,-0.3
GU,sea,1942,-0.4
GU,sea,1943,0.2
GU,sea,1944,0.2
GU,sea,1945,0.4
GU,sea,1946,0.3
GU,sea,1947,0
GU,sea,1948,-0.1
GU,sea,1949,-0.2
GU,sea,1950,-0.1
GU,sea,1951,0
GU,sea,1952,-0.2
GU,sea,1953,-0.1
GU,sea,1954,-0.2
GU,sea,1955,-0.3
GU,sea,1956,-0.3
GU,sea,1957,-0.3
GU,sea,1958,-0.5
GU,sea,1959,-0.3
GU,sea,1960,-0.1
GU,sea,1961,-0.1
GU,sea,1962,-0.2
GU,sea,1963,-0.1
GU,sea,1964,-0.1
GU,sea,1965,-0.4
GU,sea,1966,-0.3
GU,sea,1967,-0.2
GU,sea,1968,-0.2
GU,sea,1969,-0.1
GU,sea,1970,0
GU,sea,1971,0
GU,sea,1972,-0.6
GU,sea,1973,-0.2
GU,sea,1974,-0.1
GU,sea,1975,-0.2
GU,sea,1976,-0.2
GU,sea,1977,-0.2
GU,sea,1978,-0.2
GU,sea,1979,-0.2
GU,sea,1980,-0.2
GU,sea,1981,0.1
GU,sea,1982,-0.2
GU,sea,1983,-0.2
GU,sea,1984,0.2
GU,sea,1985,0
GU,sea,1986,0
GU,sea,1987,-0.1
GU,sea,1988,0.3
GU,sea,1989,0.2
GU,sea,1990,-0.1
GU,sea,1991,-0.2
GU,sea,1992,-0.4
GU,sea,1993,-0.4
GU,sea,1994,0
GU,sea,1995,0.2
GU,sea,1996,0.4
GU,sea,1997,0.1
GU,sea,1998,0.1
GU,sea,1999,0.4
GU,sea,2000,0.4
GU,sea,2001,0.5
GU,sea,2002,0.3
GU,sea,2003,0.3
GU,sea,2004,0.2
GU,sea,2005,0.2
GU,sea,2006,0.2
GU,sea,2007,0.4
GU,sea,2008,0.5
GU,sea,2009,0.4
GU,sea,2010,0.3
GU,sea,2011,0.5
GU,sea,2012,0.4
GU,sea,2013,0.5
GU,sea,2014,0.5
GU,sea,2015,0.2
GU,sea,2016,0.4
GU,sea,2017,0.8
GU,sea,2018,0.6
GU,sea,2019,0.6
GU,sea,2020,0.7
GU,sea,2021,0.8
GU,sea,2022,0.7
GU,sea,2023,0.6
GU,sea,2024,0.6
GU,sea,2025,0.9
WF,land,1850,0
WF,land,1851,-0.4
WF,land,1852,-0.1
WF,land,1853,0.1
WF,land,1854,-0.1
WF,land,1855,-0.3
WF,land,1856,-0.3
WF,land,1857,-0.4
WF,land,1858,-0.2
WF,land,1859,0.1
WF,land,1860,-0.2
WF,land,1861,-0.5
WF,land,1862,-0.3
WF,land,1863,-0.3
WF,land,1864,-0.2
WF,land,1865,-0.2
WF,land,1866,-0.2
WF,land,1867,-0.1
WF,land,1868,-0.1
WF,land,1869,0
WF,land,1870,-0.2
WF,land,1871,0.1
WF,land,1872,0
WF,land,1873,-0.3
WF,land,1874,0
WF,land,1875,-0.2
WF,land,1876,-0.1
WF,land,1877,-0.2
WF,land,1878,-0.2
WF,land,1879,-0.2
WF,land,1880,-0.2
WF,land,1881,0.2
WF,land,1882,0.1
WF,land,1883,-0.3
WF,land,1884,-0.3
WF,land,1885,-0.5
WF,land,1886,-0.5
WF,land,1887,-0.3
WF,land,1888,-0.3
WF,land,1889,-0.3
WF,land,1890,-0.5
WF,land,1891,-0.4
WF,land,1892,-0.3
WF,land,1893,-0.6
WF,land,1894,-0.4
WF,land,1895,-0.2
WF,land,1896,-0.4
WF,land,1897,-0.3
WF,land,1898,-0.3
WF,land,1899,-0.2
WF,land,1900,-0.1
WF,land,1901,-0.1
WF,land,1902,-0.6
WF,land,1903,-0.4
WF,land,1904,-0.6
WF,land,1905,-0.5
WF,land,1906,-0.4
WF,land,1907,-0.5
WF,land,1908,-0.6
WF,land,1909,-0.7
WF,land,1910,-0.8
WF,land,1911,-0.6
WF,land,1912,-0.5
WF,land,1913,-0.6
WF,land,1914,-0.4
WF,land,1915,-0.3
WF,land,1916,-0.5
WF,land,1917,-0.9
WF,land,1918,-0.6
WF,land,1919,-1
WF,land,1920,-0.6
WF,land,1921,-0.5
WF,land,1922,-0.2
WF,land,1923,-0.4
WF,land,1924,-0.2
WF,land,1925,-0.3
WF,land,1926,-0.4
WF,land,1927,-0.4
WF,land,1928,-0.3
WF,land,1929,-0.3
WF,land,1930,-0.4
WF,land,1931,-0.4
WF,land,1932,-0.3
WF,land,1933,-0.6
WF,land,1934,-0.4
WF,land,1935,-0.4
WF,land,1936,-0.2
WF,land,1937,-0.3
WF,land,1938,-0.4
WF,land,1939,-0.5
WF,land,1940,-0.2
WF,land,1941,0
WF,land,1942,0
WF,land,1943,0
WF,land,1944,0.1
WF,land,1945,0
WF,land,1946,0.1
WF,land,1947,0.1
WF,land,1948,-0.2
WF,land,1949,-0.3
WF,land,1950,-0.3
WF,land,1951,-0.1
WF,land,1952,0
WF,land,1953,0
WF,land,1954,-0.2
WF,land,1955,-0.4
WF,land,1956,-0.3
WF,land,1957,-0.2
WF,land,1958,-0.1
WF,land,1959,-0.1
WF,land,1960,-0.1
WF,land,1961,-0.1
WF,land,1962,-0.1
WF,land,1963,-0.1
WF,land,1964,-0.2
WF,land,1965,-0.4
WF,land,1966,-0.1
WF,land,1967,-0.3
WF,land,1968,-0.1
WF,land,1969,0.2
WF,land,1970,0
WF,land,1971,-0.2
WF,land,1972,-0.1
WF,land,1973,0
WF,land,1974,-0.2
WF,land,1975,-0.3
WF,land,1976,-0.3
WF,land,1977,-0.1
WF,land,1978,0
WF,land,1979,0
WF,land,1980,0.1
WF,land,1981,-0.1
WF,land,1982,0
WF,land,1983,-0.3
WF,land,1984,0
WF,land,1985,-0.2
WF,land,1986,-0.1
WF,land,1987,-0.1
WF,land,1988,0
WF,land,1989,-0.1
WF,land,1990,0.1
WF,land,1991,0.3
WF,land,1992,0.1
WF,land,1993,0
WF,land,1994,0.2
WF,land,1995,0.3
WF,land,1996,0.1
WF,land,1997,0
WF,land,1998,-0.2
WF,land,1999,0.1
WF,land,2000,0.3
WF,land,2001,0.3
WF,land,2002,0.4
WF,land,2003,0.5
WF,land,2004,0.5
WF,land,2005,0.5
WF,land,2006,0.4
WF,land,2007,0.5
WF,land,2008,0.2
WF,land,2009,0.4
WF,land,2010,0.4
WF,land,2011,0.2
WF,land,2012,0.4
WF,land,2013,0.5
WF,land,2014,0.6
WF,land,2015,0.4
WF,land,2016,0.6
WF,land,2017,0.6
WF,land,2018,0.5
WF,land,2019,0.7
WF,land,2020,0.6
WF,land,2021,0.4
WF,land,2022,0.4
WF,land,2023,0.6
WF,land,2024,0.7
WF,land,2025,0.5
SB,land,1850,0.1
SB,land,1851,0.2
SB,land,1852,0.1
SB,land,1853,-0.2
SB,land,1854,-0.4
SB,land,1855,-0.4
SB,land,1856,-0.6
SB,land,1857,0.1
SB,land,1858,-0.2
SB,land,1859,0
SB,land,1860,-0.4
SB,land,1861,-1.1
SB,land,1862,-0.4
SB,land,1863,-0.3
SB,land,1864,-0.2
SB,land,1865,-0.2
SB,land,1866,0
SB,land,1867,-0.1
SB,land,1868,-0.2
SB,land,1869,0.2
SB,land,1870,-0.1
SB,land,1871,-0.2
SB,land,1872,-0.1
SB,land,1873,-0.1
SB,land,1874,0.1
SB,land,1875,-0.1
SB,land,1876,-0.2
SB,land,1877,-0.4
SB,land,1878,-0.1
SB,land,1879,-0.2
SB,land,1880,-0.4
SB,land,1881,0.3
SB,land,1882,0.2
SB,land,1883,-0.4
SB,land,1884,-0.6
SB,land,1885,-1
SB,land,1886,-0.7
SB,land,1887,-0.1
SB,land,1888,-0.4
SB,land,1889,-0.3
SB,land,1890,0
SB,land,1891,0.1
SB,land,1892,0
SB,land,1893,-0.1
SB,land,1894,-0.4
SB,land,1895,-0.3
SB,land,1896,-0.3
SB,land,1897,0
SB,land,1898,-0.3
SB,land,1899,-0.3
SB,land,1900,-0.1
SB,land,1901,-0.4
SB,land,1902,-1
SB,land,1903,-0.9
SB,land,1904,-0.7
SB,land,1905,-0.9
SB,land,1906,-0.7
SB,land,1907,-0.2
SB,land,1908,-0.3
SB,land,1909,-0.4
SB,land,1910,-0.3
SB,land,1911,-0.8
SB,land,1912,-0.7
SB,land,1913,-0.7
SB,land,1914,-0.8
SB,land,1915,-0.5
SB,land,1916,-0.3
SB,land,1917,-0.9
SB,land,1918,-0.9
SB,land,1919,-1.4
SB,land,1920,-0.9
SB,land,1921,-0.2
SB,land,1922,-0.1
SB,land,1923,-0.5
SB,land,1924,-0.3
SB,land,1925,-0.5
SB,land,1926,-0.6
SB,land,1927,-0.5
SB,land,1928,-0.4
SB,land,1929,-0.4
SB,land,1930,-0.6
SB,land,1931,-0.4
SB,land,1932,-0.5
SB,land,1933,-0.4
SB,land,1934,-0.4
SB,land,1935,-0.4
SB,land,1936,-0.3
SB,land,1937,-0.3
SB,land,1938,-0.2
SB,land,1939,-0.4
SB,land,1940,-0.6
SB,land,1941,-0.6
SB,land,1942,-0.2
SB,land,1943,0.6
SB,land,1944,0.3
SB,land,1945,0.3
SB,land,1946,-0.2
SB,land,1947,-0.3
SB,land,1948,-0.4
SB,land,1949,-0.7
SB,land,1950,-0.3
SB,land,1951,-0.4
SB,land,1952,-0.4
SB,land,1953,-0.5
SB,land,1954,-0.4
SB,land,1955,-0.4
SB,land,1956,-0.1
SB,land,1957,-0.5
SB,land,1958,-0.5
SB,land,1959,-0.5
SB,land,1960,-0.3
SB,land,1961,-0.3
SB,land,1962,0
SB,land,1963,-0.1
SB,land,1964,-0.3
SB,land,1965,-0.9
SB,land,1966,-0.6
SB,land,1967,-0.3
SB,land,1968,-0.1
SB,land,1969,0.1
SB,land,1970,0.1
SB,land,1971,-0.1
SB,land,1972,-0.5
SB,land,1973,0
SB,land,1974,0
SB,land,1975,-0.2
SB,land,1976,-0.3
SB,land,1977,-0.2
SB,land,1978,-0.1
SB,land,1979,-0.1
SB,land,1980,-0.1
SB,land,1981,0.1
SB,land,1982,-0.3
SB,land,1983,-0.3
SB,land,1984,0
SB,land,1985,0.1
SB,land,1986,-0.1
SB,land,1987,-0.3
SB,land,1988,0.2
SB,land,1989,0.2
SB,land,1990,0.1
SB,land,1991,0.1
SB,land,1992,-0.4
SB,land,1993,-0.7
SB,land,1994,-0.2
SB,land,1995,0.4
SB,land,1996,0.4
SB,land,1997,-0.2
SB,land,1998,0.3
SB,land,1999,0.3
SB,land,2000,0.4
SB,land,2001,0.4
SB,land,2002,0.3
SB,land,2003,0.5
SB,land,2004,0.3
SB,land,2005,0.5
SB,land,2006,0.3
SB,land,2007,0.6
SB,land,2008,0.3
SB,land,2009,0.4
SB,land,2010,0.5
SB,land,2011,0.5
SB,land,2012,0.3
SB,land,2013,0.4
SB,land,2014,0.5
SB,land,2015,0.1
SB,land,2016,0.7
SB,land,2017,0.8
SB,land,2018,0.6
SB,land,2019,0.5
SB,land,2020,0.8
SB,land,2021,0.6
SB,land,2022,0.8
SB,land,2023,0.6
SB,land,2024,0.9
SB,land,2025,1
CK,land,1850,-0.2
CK,land,1851,-0.3
CK,land,1852,-0.1
CK,land,1853,0.4
CK,land,1854,0.3
CK,land,1855,-0.2
CK,land,1856,-0.2
CK,land,1857,-0.6
CK,land,1858,-0.1
CK,land,1859,0.2
CK,land,1860,-0.1
CK,land,1861,-0.5
CK,land,1862,-0.4
CK,land,1863,-0.5
CK,land,1864,-0.2
CK,land,1865,-0.2
CK,land,1866,-0.2
CK,land,1867,-0.3
CK,land,1868,-0.1
CK,land,1869,-0.2
CK,land,1870,-0.3
CK,land,1871,0.1
CK,land,1872,0
CK,land,1873,-0.4
CK,land,1874,-0.1
CK,land,1875,-0.1
CK,land,1876,0
CK,land,1877,0
CK,land,1878,-0.1
CK,land,1879,-0.2
CK,land,1880,-0.2
CK,land,1881,0
CK,land,1882,0
CK,land,1883,-0.4
CK,land,1884,-0.6
CK,land,1885,-0.6
CK,land,1886,-0.6
CK,land,1887,-0.5
CK,land,1888,-0.3
CK,land,1889,0
CK,land,1890,-0.6
CK,land,1891,-0.4
CK,land,1892,-0.2
CK,land,1893,-0.6
CK,land,1894,-0.2
CK,land,1895,-0.1
CK,land,1896,-0.3
CK,land,1897,-0.1
CK,land,1898,-0.1
CK,land,1899,0
CK,land,1900,0.1
CK,land,1901,0.6
CK,land,1902,-0.2
CK,land,1903,0
CK,land,1904,-0.6
CK,land,1905,-0.4
CK,land,1906,0
CK,land,1907,-0.4
CK,land,1908,-0.4
CK,land,1909,-0.8
CK,land,1910,-0.7
CK,land,1911,-0.6
CK,land,1912,-0.3
CK,land,1913,-0.4
CK,land,1914,-0.3
CK,land,1915,0
CK,land,1916,-0.1
CK,land,1917,-0.8
CK,land,1918,-0.4
CK,land,1919,-0.6
CK,land,1920,-0.2
CK,land,1921,-0.4
CK,land,1922,-0.1
CK,land,1923,-0.4
CK,land,1924,-0.2
CK,land,1925,-0.4
CK,land,1926,-0.2
CK,land,1927,-0.2
CK,land,1928,-0.2
CK,land,1929,-0.3
CK,land,1930,-0.3
CK,land,1931,-0.2
CK,land,1932,-0.1
CK,land,1933,-0.6
CK,land,1934,-0.4
CK,land,1935,-0.4
CK,land,1936,-0.4
CK,land,1937,-0.3
CK,land,1938,-0.5
CK,land,1939,-0.5
CK,land,1940,0
CK,land,1941,0.1
CK,land,1942,0.2
CK,land,1943,0.1
CK,land,1944,0.3
CK,land,1945,0.2
CK,land,1946,0.2
CK,land,1947,0.1
CK,land,1948,-0.2
CK,land,1949,0
CK,land,1950,-0.2
CK,land,1951,0
CK,land,1952,0.3
CK,land,1953,0.2
CK,land,1954,0
CK,land,1955,-0.3
CK,land,1956,-0.4
CK,land,1957,-0.1
CK,land,1958,0
CK,land,1959,0.1
CK,land,1960,0
CK,land,1961,0
CK,land,1962,-0.3
CK,land,1963,0
CK,land,1964,-0.1
CK,land,1965,-0.2
CK,land,1966,0
CK,land,1967,-0.2
CK,land,1968,-0.1
CK,land,1969,0.2
CK,land,1970,0.1
CK,land,1971,-0.3
CK,land,1972,-0.1
CK,land,1973,0.3
CK,land,1974,-0.3
CK,land,1975,-0.4
CK,land,1976,-0.4
CK,land,1977,-0.1
CK,land,1978,-0.2
CK,land,1979,-0.3
CK,land,1980,0
CK,land,1981,-0.2
CK,land,1982,0
CK,land,1983,-0.3
CK,land,1984,-0.1
CK,land,1985,-0.3
CK,land,1986,-0.2
CK,land,1987,0
CK,land,1988,0.2
CK,land,1989,-0.1
CK,land,1990,-0.1
CK,land,1991,0.3
CK,land,1992,0.3
CK,land,1993,0.1
CK,land,1994,0.2
CK,land,1995,0.2
CK,land,1996,0.1
CK,land,1997,0
CK,land,1998,0
CK,land,1999,0.2
CK,land,2000,0.2
CK,land,2001,0.2
CK,land,2002,0.4
CK,land,2003,0.5
CK,land,2004,0.6
CK,land,2005,0.5
CK,land,2006,0.5
CK,land,2007,0.5
CK,land,2008,0.2
CK,land,2009,0.5
CK,land,2010,0.6
CK,land,2011,0.1
CK,land,2012,0.3
CK,land,2013,0.4
CK,land,2014,0.5
CK,land,2015,0.4
CK,land,2016,0.6
CK,land,2017,0.6
CK,land,2018,0.4
CK,land,2019,0.6
CK,land,2020,0.6
CK,land,2021,0.5
CK,land,2022,0.2
CK,land,2023,0.5
CK,land,2024,0.6
CK,land,2025,0.5
TK,land,1850,0
TK,land,1851,-0.3
TK,land,1852,-0.1
TK,land,1853,0
TK,land,1854,0
TK,land,1855,-0.1
TK,land,1856,-0.3
TK,land,1857,-0.7
TK,land,1858,-0.2
TK,land,1859,0.1
TK,land,1860,-0.4
TK,land,1861,-0.6
TK,land,1862,-0.6
TK,land,1863,-0.5
TK,land,1864,-0.4
TK,land,1865,-0.4
TK,land,1866,-0.4
TK,land,1867,-0.4
TK,land,1868,-0.4
TK,land,1869,-0.4
TK,land,1870,-0.7
TK,land,1871,-0.4
TK,land,1872,-0.3
TK,land,1873,-0.6
TK,land,1874,-0.4
TK,land,1875,-0.5
TK,land,1876,-0.3
TK,land,1877,0.1
TK,land,1878,-0.1
TK,land,1879,-0.6
TK,land,1880,-0.5
TK,land,1881,0
TK,land,1882,-0.1
TK,land,1883,-0.4
TK,land,1884,-0.3
TK,land,1885,-0.3
TK,land,1886,-0.6
TK,land,1887,-0.8
TK,land,1888,0.1
TK,land,1889,-0.1
TK,land,1890,-0.9
TK,land,1891,-0.5
TK,land,1892,-0.4
TK,land,1893,-0.8
TK,land,1894,-0.5
TK,land,1895,-0.3
TK,land,1896,-0.1
TK,land,1897,0
TK,land,1898,-0.5
TK,land,1899,-0.3
TK,land,1900,0.4
TK,land,1901,0.1
TK,land,1902,0
TK,land,1903,-0.1
TK,land,1904,-0.8
TK,land,1905,0
TK,land,1906,-0.3
TK,land,1907,-0.4
TK,land,1908,-0.6
TK,land,1909,-1
TK,land,1910,-1.1
TK,land,1911,-0.7
TK,land,1912,-0.2
TK,land,1913,-0.5
TK,land,1914,-0.2
TK,land,1915,-0.1
TK,land,1916,-0.9
TK,land,1917,-1.7
TK,land,1918,-0.5
TK,land,1919,-0.6
TK,land,1920,-0.3
TK,land,1921,-0.7
TK,land,1922,-0.4
TK,land,1923,-0.4
TK,land,1924,-0.4
TK,land,1925,-0.5
TK,land,1926,0
TK,land,1927,-0.5
TK,land,1928,-0.3
TK,land,1929,-0.3
TK,land,1930,-0.1
TK,land,1931,-0.1
TK,land,1932,-0.3
TK,land,1933,-0.7
TK,land,1934,-0.6
TK,land,1935,-0.5
TK,land,1936,-0.4
TK,land,1937,-0.4
TK,land,1938,-0.8
TK,land,1939,-0.7
TK,land,1940,0.3
TK,land,1941,0.5
TK,land,1942,0
TK,land,1943,-0.4
TK,land,1944,0
TK,land,1945,-0.2
TK,land,1946,0
TK,land,1947,0
TK,land,1948,-0.3
TK,land,1949,-0.3
TK,land,1950,-0.8
TK,land,1951,-0.2
TK,land,1952,0
TK,land,1953,0.1
TK,land,1954,-0.3
TK,land,1955,-0.8
TK,land,1956,-0.8
TK,land,1957,-0.1
TK,land,1958,0.3
TK,land,1959,0.1
TK,land,1960,-0.2
TK,land,1961,-0.3
TK,land,1962,-0.3
TK,land,1963,-0.1
TK,land,1964,-0.4
TK,land,1965,-0.1
TK,land,1966,0.2
TK,land,1967,-0.3
TK,land,1968,-0.1
TK,land,1969,0.4
TK,land,1970,-0.1
TK,land,1971,-0.7
TK,land,1972,0
TK,land,1973,-0.1
TK,land,1974,-0.8
TK,land,1975,-0.7
TK,land,1976,-0.5
TK,land,1977,0.2
TK,land,1978,0
TK,land,1979,0
TK,land,1980,0.2
TK,land,1981,-0.2
TK,land,1982,0.2
TK,land,1983,-0.1
TK,land,1984,-0.2
TK,land,1985,-0.3
TK,land,1986,0.1
TK,land,1987,0.5
TK,land,1988,0
TK,land,1989,-0.4
TK,land,1990,0.2
TK,land,1991,0.5
TK,land,1992,0.4
TK,land,1993,0.3
TK,land,1994,0.5
TK,land,1995,0.4
TK,land,1996,0
TK,land,1997,0.2
TK,land,1998,-0.1
TK,land,1999,-0.4
TK,land,2000,-0.3
TK,land,2001,0.1
TK,land,2002,0.5
TK,land,2003,0.6
TK,land,2004,0.5
TK,land,2005,0.4
TK,land,2006,0.4
TK,land,2007,0.3
TK,land,2008,-0.3
TK,land,2009,0.5
TK,land,2010,0.2
TK,land,2011,-0.4
TK,land,2012,0.2
TK,land,2013,0.3
TK,land,2014,0.5
TK,land,2015,0.9
TK,land,2016,0.7
TK,land,2017,0.5
TK,land,2018,0.5
TK,land,2019,0.8
TK,land,2020,0.5
TK,land,2021,0
TK,land,2022,-0.2
TK,land,2023,0.6
TK,land,2024,0.8
TK,land,2025,0.4
FJ,land,1850,-0.1
FJ,land,1851,-0.2
FJ,land,1852,-0.2
FJ,land,1853,-0.1
FJ,land,1854,-0.4
FJ,land,1855,-0.4
FJ,land,1856,-0.5
FJ,land,1857,0.1
FJ,land,1858,-0.2
FJ,land,1859,0
FJ,land,1860,0
FJ,land,1861,-0.1
FJ,land,1862,-0.1
FJ,land,1863,0
FJ,land,1864,0
FJ,land,1865,-0.1
FJ,land,1866,0
FJ,land,1867,0.1
FJ,land,1868,0
FJ,land,1869,0
FJ,land,1870,0.1
FJ,land,1871,0.1
FJ,land,1872,0.2
FJ,land,1873,0.1
FJ,land,1874,0.1
FJ,land,1875,0
FJ,land,1876,-0.1
FJ,land,1877,-0.5
FJ,land,1878,-0.3
FJ,land,1879,0.2
FJ,land,1880,0
FJ,land,1881,-0.1
FJ,land,1882,0
FJ,land,1883,-0.5
FJ,land,1884,-0.8
FJ,land,1885,-1.1
FJ,land,1886,-0.7
FJ,land,1887,-0.5
FJ,land,1888,-0.8
FJ,land,1889,-0.4
FJ,land,1890,-0.3
FJ,land,1891,-0.3
FJ,land,1892,-0.4
FJ,land,1893,0
FJ,land,1894,-0.5
FJ,land,1895,-0.4
FJ,land,1896,-0.5
FJ,land,1897,-0.5
FJ,land,1898,-0.1
FJ,land,1899,-0.2
FJ,land,1900,-0.7
FJ,land,1901,-0.4
FJ,land,1902,-1
FJ,land,1903,-0.8
FJ,land,1904,-0.6
FJ,land,1905,-1.1
FJ,land,1906,-0.6
FJ,land,1907,-0.6
FJ,land,1908,-0.5
FJ,land,1909,-0.5
FJ,land,1910,-0.3
FJ,land,1911,-0.5
FJ,land,1912,-0.7
FJ,land,1913,-0.8
FJ,land,1914,-0.8
FJ,land,1915,-0.5
FJ,land,1916,0
FJ,land,1917,-0.1
FJ,land,1918,-0.5
FJ,land,1919,-0.9
FJ,land,1920,-0.5
FJ,land,1921,-0.6
FJ,land,1922,-0.2
FJ,land,1923,-0.5
FJ,land,1924,-0.1
FJ,land,1925,-0.4
FJ,land,1926,-0.7
FJ,land,1927,-0.2
FJ,land,1928,-0.5
FJ,land,1929,-0.5
FJ,land,1930,-0.8
FJ,land,1931,-0.7
FJ,land,1932,-0.4
FJ,land,1933,-0.4
FJ,land,1934,-0.5
FJ,land,1935,-0.3
FJ,land,1936,-0.3
FJ,land,1937,-0.2
FJ,land,1938,-0.2
FJ,land,1939,-0.5
FJ,land,1940,-0.7
FJ,land,1941,-0.6
FJ,land,1942,-0.3
FJ,land,1943,0.3
FJ,land,1944,0.1
FJ,land,1945,0
FJ,land,1946,-0.3
FJ,land,1947,-0.1
FJ,land,1948,-0.2
FJ,land,1949,-0.1
FJ,land,1950,0
FJ,land,1951,-0.1
FJ,land,1952,0
FJ,land,1953,-0.1
FJ,land,1954,-0.2
FJ,land,1955,-0.1
FJ,land,1956,0.2
FJ,land,1957,-0.3
FJ,land,1958,-0.4
FJ,land,1959,-0.3
FJ,land,1960,-0.1
FJ,land,1961,0
FJ,land,1962,-0.1
FJ,land,1963,-0.2
FJ,land,1964,-0.1
FJ,land,1965,-0.6
FJ,land,1966,-0.4
FJ,land,1967,-0.2
FJ,land,1968,-0.1
FJ,land,1969,-0.3
FJ,land,1970,0.1
FJ,land,1971,0.1
FJ,land,1972,-0.2
FJ,land,1973,0.2
FJ,land,1974,0.3
FJ,land,1975,0.2
FJ,land,1976,0
FJ,land,1977,-0.4
FJ,land,1978,-0.3
FJ,land,1979,-0.1
FJ,land,1980,-0.1
FJ,land,1981,-0.1
FJ,land,1982,-0.3
FJ,land,1983,-0.4
FJ,land,1984,0.2
FJ,land,1985,0
FJ,land,1986,-0.4
FJ,land,1987,-0.4
FJ,land,1988,0.3
FJ,land,1989,0.2
FJ,land,1990,0.1
FJ,land,1991,-0.1
FJ,land,1992,-0.2
FJ,land,1993,-0.5
FJ,land,1994,-0.4
FJ,land,1995,0.2
FJ,land,1996,0.3
FJ,land,1997,-0.2
FJ,land,1998,0
FJ,land,1999,0.4
FJ,land,2000,0.5
FJ,land,2001,0.4
FJ,land,2002,0.3
FJ,land,2003,0.2
FJ,land,2004,0.2
FJ,land,2005,0.3
FJ,land,2006,0.2
FJ,land,2007,0.4
FJ,land,2008,0.6
FJ,land,2009,0.1
FJ,land,2010,0.4
FJ,land,2011,0.6
FJ,land,2012,0.4
FJ,land,2013,0.6
FJ,land,2014,0.4
FJ,land,2015,-0.2
FJ,land,2016,0.4
FJ,land,2017,0.5
FJ,land,2018,0.5
FJ,land,2019,0.4
FJ,land,2020,0.6
FJ,land,2021,0.7
FJ,land,2022,1.1
FJ,land,2023,0.6
FJ,land,2024,0.6
FJ,land,2025,0.7
NC,land,1850,-0.6
NC,land,1851,0.2
NC,land,1852,-0.4
NC,land,1853,-0.6
NC,land,1854,-0.9
NC,land,1855,-0.8
NC,land,1856,-1.1
NC,land,1857,-0.3
NC,land,1858,-0.7
NC,land,1859,-0.2
NC,land,1860,-0.4
NC,land,1861,-0.6
NC,land,1862,-0.5
NC,land,1863,0.1
NC,land,1864,0.4
NC,land,1865,0.1
NC,land,1866,0
NC,land,1867,-0.1
NC,land,1868,-0.4
NC,land,1869,-0.1
NC,land,1870,0.1
NC,land,1871,-0.2
NC,land,1872,-0.1
NC,land,1873,-0.1
NC,land,1874,0
NC,land,1875,0
NC,land,1876,-0.1
NC,land,1877,-0.3
NC,land,1878,0.1
NC,land,1879,0.2
NC,land,1880,-0.2
NC,land,1881,-0.6
NC,land,1882,-0.3
NC,land,1883,-0.6
NC,land,1884,-1.1
NC,land,1885,-1.1
NC,land,1886,-0.5
NC,land,1887,-0.7
NC,land,1888,-1
NC,land,1889,-0.3
NC,land,1890,-0.2
NC,land,1891,-0.3
NC,land,1892,-0.4
NC,land,1893,0.6
NC,land,1894,-0.3
NC,land,1895,-0.5
NC,land,1896,-0.3
NC,land,1897,-0.2
NC,land,1898,-0.3
NC,land,1899,-0.8
NC,land,1900,-0.5
NC,land,1901,-0.9
NC,land,1902,-1.1
NC,land,1903,-0.9
NC,land,1904,-1
NC,land,1905,-1.2
NC,land,1906,-0.8
NC,land,1907,-0.4
NC,land,1908,-0.6
NC,land,1909,-0.5
NC,land,1910,-0.3
NC,land,1911,-0.7
NC,land,1912,-0.8
NC,land,1913,-0.9
NC,land,1914,-0.9
NC,land,1915,-0.5
NC,land,1916,-0.1
NC,land,1917,-0.3
NC,land,1918,-0.7
NC,land,1919,-0.6
NC,land,1920,-0.6
NC,land,1921,-0.7
NC,land,1922,-0.7
NC,land,1923,-0.7
NC,land,1924,-0.2
NC,land,1925,-0.9
NC,land,1926,-0.6
NC,land,1927,-0.5
NC,land,1928,-0.7
NC,land,1929,-0.7
NC,land,1930,-1.1
NC,land,1931,-0.7
NC,land,1932,-0.8
NC,land,1933,-0.4
NC,land,1934,-1
NC,land,1935,-0.5
NC,land,1936,-0.7
NC,land,1937,-0.7
NC,land,1938,-0.2
NC,land,1939,-0.7
NC,land,1940,-0.8
NC,land,1941,-0.6
NC,land,1942,-0.3
NC,land,1943,0
NC,land,1944,-0.1
NC,land,1945,-0.2
NC,land,1946,-0.5
NC,land,1947,-0.6
NC,land,1948,-0.4
NC,land,1949,-0.4
NC,land,1950,-0.2
NC,land,1951,-0.5
NC,land,1952,-0.2
NC,land,1953,-0.2
NC,land,1954,-0.5
NC,land,1955,-0.2
NC,land,1956,0.1
NC,land,1957,-0.4
NC,land,1958,-0.1
NC,land,1959,-0.4
NC,land,1960,-0.3
NC,land,1961,-0.5
NC,land,1962,-0.2
NC,land,1963,-0.5
NC,land,1964,-0.2
NC,land,1965,-0.8
NC,land,1966,-0.7
NC,land,1967,-0.3
NC,land,1968,-0.3
NC,land,1969,-0.5
NC,land,1970,0.1
NC,land,1971,0.1
NC,land,1972,-0.3
NC,land,1973,0.4
NC,land,1974,0.2
NC,land,1975,0.3
NC,land,1976,0
NC,land,1977,-0.5
NC,land,1978,-0.4
NC,land,1979,-0.2
NC,land,1980,-0.2
NC,land,1981,-0.1
NC,land,1982,-0.5
NC,land,1983,-0.1
NC,land,1984,0
NC,land,1985,-0.1
NC,land,1986,-0.1
NC,land,1987,-0.2
NC,land,1988,0.5
NC,land,1989,0.1
NC,land,1990,0.2
NC,land,1991,-0.5
NC,land,1992,-0.4
NC,land,1993,-0.5
NC,land,1994,-0.7
NC,land,1995,0
NC,land,1996,0.1
NC,land,1997,-0.1
NC,land,1998,0.9
NC,land,1999,0.2
NC,land,2000,-0.1
NC,land,2001,0.3
NC,land,2002,0.2
NC,land,2003,0.1
NC,land,2004,0.1
NC,land,2005,0.2
NC,land,2006,-0.1
NC,land,2007,0.1
NC,land,2008,0.4
NC,land,2009,0.1
NC,land,2010,0.4
NC,land,2011,0.4
NC,land,2012,0
NC,land,2013,0.2
NC,land,2014,0.1
NC,land,2015,0
NC,land,2016,0.7
NC,land,2017,0.5
NC,land,2018,0.3
NC,land,2019,0.2
NC,land,2020,0.4
NC,land,2021,0.4
NC,land,2022,1.1
NC,land,2023,0.3
NC,land,2024,0.6
NC,land,2025,0.7
MH,land,1850,-0.1
MH,land,1851,-0.4
MH,land,1852,0
MH,land,1853,-0.1
MH,land,1854,-0.1
MH,land,1855,-0.1
MH,land,1856,-0.3
MH,land,1857,-0.1
MH,land,1858,-0.3
MH,land,1859,0.1
MH,land,1860,-0.2
MH,land,1861,-0.4
MH,land,1862,0
MH,land,1863,0
MH,land,1864,0
MH,land,1865,-0.1
MH,land,1866,-0.1
MH,land,1867,-0.2
MH,land,1868,-0.2
MH,land,1869,-0.1
MH,land,1870,-0.7
MH,land,1871,-0.4
MH,land,1872,-0.5
MH,land,1873,-0.5
MH,land,1874,-0.3
MH,land,1875,-0.6
MH,land,1876,-0.6
MH,land,1877,-0.4
MH,land,1878,-0.5
MH,land,1879,-0.6
MH,land,1880,-0.5
MH,land,1881,-0.1
MH,land,1882,0.1
MH,land,1883,-0.1
MH,land,1884,-0.2
MH,land,1885,-0.4
MH,land,1886,-0.4
MH,land,1887,-0.5
MH,land,1888,-0.4
MH,land,1889,-0.6
MH,land,1890,-0.4
MH,land,1891,-0.1
MH,land,1892,-0.3
MH,land,1893,-0.2
MH,land,1894,-0.2
MH,land,1895,-0.2
MH,land,1896,-0.4
MH,land,1897,-0.3
MH,land,1898,-0.5
MH,land,1899,-0.3
MH,land,1900,-0.2
MH,land,1901,-0.1
MH,land,1902,-0.5
MH,land,1903,-0.3
MH,land,1904,-0.4
MH,land,1905,-0.4
MH,land,1906,-0.5
MH,land,1907,-0.2
MH,land,1908,-0.7
MH,land,1909,-0.6
MH,land,1910,-0.8
MH,land,1911,-0.6
MH,land,1912,-0.6
MH,land,1913,-0.7
MH,land,1914,-0.5
MH,land,1915,-0.6
MH,land,1916,-1.1
MH,land,1917,-1.4
MH,land,1918,-0.5
MH,land,1919,-0.9
MH,land,1920,-0.5
MH,land,1921,-0.4
MH,land,1922,-0.4
MH,land,1923,-0.3
MH,land,1924,-0.3
MH,land,1925,-0.5
MH,land,1926,-0.3
MH,land,1927,-0.5
MH,land,1928,-0.3
MH,land,1929,-0.2
MH,land,1930,-0.3
MH,land,1931,-0.4
MH,land,1932,-0.5
MH,land,1933,-0.7
MH,land,1934,-0.5
MH,land,1935,-0.3
MH,land,1936,-0.3
MH,land,1937,-0.4
MH,land,1938,-0.5
MH,land,1939,-0.3
MH,land,1940,0
MH,land,1941,0.1
MH,land,1942,-0.1
MH,land,1943,0
MH,land,1944,0.1
MH,land,1945,0
MH,land,1946,0.2
MH,land,1947,0.1
MH,land,1948,-0.4
MH,land,1949,-0.6
MH,land,1950,-0.4
MH,land,1951,-0.1
MH,land,1952,-0.3
MH,land,1953,-0.2
MH,land,1954,-0.3
MH,land,1955,-0.4
MH,land,1956,-0.1
MH,land,1957,-0.1
MH,land,1958,0.1
MH,land,1959,0
MH,land,1960,-0.1
MH,land,1961,-0.1
MH,land,1962,0.1
MH,land,1963,0.2
MH,land,1964,-0.2
MH,land,1965,-0.1
MH,land,1966,0.2
MH,land,1967,0.1
MH,land,1968,0.2
MH,land,1969,0.2
MH,land,1970,-0.2
MH,land,1971,-0.5
MH,land,1972,-0.2
MH,land,1973,-0.3
MH,land,1974,-0.3
MH,land,1975,-0.7
MH,land,1976,-0.3
MH,land,1977,-0.1
MH,land,1978,0
MH,land,1979,0.1
MH,land,1980,0.2
MH,land,1981,0.1
MH,land,1982,0.1
MH,land,1983,-0.2
MH,land,1984,-0.1
MH,land,1985,0
MH,land,1986,0.2
MH,land,1987,0
MH,land,1988,0
MH,land,1989,-0.1
MH,land,1990,0.4
MH,land,1991,0.3
MH,land,1992,0.1
MH,land,1993,0
MH,land,1994,0.2
MH,land,1995,0.3
MH,land,1996,0.3
MH,land,1997,0.3
MH,land,1998,-0.3
MH,land,1999,-0.3
MH,land,2000,-0.1
MH,land,2001,0.2
MH,land,2002,0.4
MH,land,2003,0.5
MH,land,2004,0.6
MH,land,2005,0.5
MH,land,2006,0.4
MH,land,2007,0.3
MH,land,2008,-0.2
MH,land,2009,0.4
MH,land,2010,0
MH,land,2011,0.2
MH,land,2012,0.2
MH,land,2013,0.4
MH,land,2014,0.7
MH,land,2015,0.7
MH,land,2016,0.5
MH,land,2017,0.6
MH,land,2018,0.7
MH,land,2019,0.7
MH,land,2020,0.5
MH,land,2021,0.3
MH,land,2022,0.2
MH,land,2023,0.6
MH,land,2024,0.8
MH,land,2025,0.4
PN,land,1850,0.1
PN,land,1851,-0.2
PN,land,1852,-0.1
PN,land,1853,-0.1
PN,land,1854,0.2
PN,land,1855,-0.4
PN,land,1856,0
PN,land,1857,0.2
PN,land,1858,-0.2
PN,land,1859,-0.3
PN,land,1860,-0.1
PN,land,1861,-0.2
PN,land,1862,-0.1
PN,land,1863,-0.2
PN,land,1864,-0.2
PN,land,1865,-0.2
PN,land,1866,-0.2
PN,land,1867,-0.2
PN,land,1868,0.1
PN,land,1869,-0.4
PN,land,1870,0.3
PN,land,1871,0.1
PN,land,1872,-0.5
PN,land,1873,-0.5
PN,land,1874,-0.3
PN,land,1875,-0.6
PN,land,1876,-0.6
PN,land,1877,-0.6
PN,land,1878,-0.4
PN,land,1879,-0.3
PN,land,1880,0.1
PN,land,1881,-0.1
PN,land,1882,0
PN,land,1883,-0.2
PN,land,1884,-0.2
PN,land,1885,-0.7
PN,land,1886,-0.5
PN,land,1887,0.1
PN,land,1888,-0.5
PN,land,1889,-0.4
PN,land,1890,-0.6
PN,land,1891,-0.5
PN,land,1892,-0.1
PN,land,1893,-0.1
PN,land,1894,-0.3
PN,land,1895,-0.3
PN,land,1896,-0.1
PN,land,1897,-0.1
PN,land,1898,-0.2
PN,land,1899,0.4
PN,land,1900,-0.1
PN,land,1901,-0.3
PN,land,1902,-0.1
PN,land,1903,-0.2
PN,land,1904,-0.4
PN,land,1905,-0.6
PN,land,1906,-0.4
PN,land,1907,-0.1
PN,land,1908,-0.2
PN,land,1909,-0.7
PN,land,1910,-0.7
PN,land,1911,-0.5
PN,land,1912,-0.8
PN,land,1913,-0.8
PN,land,1914,-0.9
PN,land,1915,-0.8
PN,land,1916,-0.2
PN,land,1917,-0.8
PN,land,1918,-0.1
PN,land,1919,-0.3
PN,land,1920,-0.2
PN,land,1921,-0.6
PN,land,1922,-0.4
PN,land,1923,-0.6
PN,land,1924,-0.8
PN,land,1925,-0.4
PN,land,1926,-0.4
PN,land,1927,-0.3
PN,land,1928,-0.3
PN,land,1929,-0.4
PN,land,1930,-0.4
PN,land,1931,-0.5
PN,land,1932,-0.2
PN,land,1933,0.1
PN,land,1934,-0.2
PN,land,1935,0
PN,land,1936,-0.4
PN,land,1937,-0.3
PN,land,1938,-0.4
PN,land,1939,0
PN,land,1940,-0.3
PN,land,1941,-0.3
PN,land,1942,-0.3
PN,land,1943,-0.2
PN,land,1944,0.1
PN,land,1945,-0.1
PN,land,1946,-0.3
PN,land,1947,-0.1
PN,land,1948,-0.3
PN,land,1949,-0.3
PN,land,1950,-0.3
PN,land,1951,-0.3
PN,land,1952,-0.2
PN,land,1953,-0.1
PN,land,1954,-0.3
PN,land,1955,-0.3
PN,land,1956,-0.2
PN,land,1957,0
PN,land,1958,-0.5
PN,land,1959,-0.4
PN,land,1960,-0.2
PN,land,1961,-0.1
PN,land,1962,-0.4
PN,land,1963,-0.5
PN,land,1964,-0.3
PN,land,1965,-0.3
PN,land,1966,-0.5
PN,land,1967,-0.2
PN,land,1968,-0.5
PN,land,1969,-0.3
PN,land,1970,-0.2
PN,land,1971,-0.1
PN,land,1972,-0.2
PN,land,1973,-0.1
PN,land,1974,-0.3
PN,land,1975,-0.3
PN,land,1976,-0.4
PN,land,1977,-0.5
PN,land,1978,-0.4
PN,land,1979,-0.5
PN,land,1980,-0.1
PN,land,1981,-0.1
PN,land,1982,0
PN,land,1983,-0.5
PN,land,1984,0.2
PN,land,1985,0.1
PN,land,1986,-0.1
PN,land,1987,0
PN,land,1988,-0.2
PN,land,1989,0
PN,land,1990,0.1
PN,land,1991,-0.1
PN,land,1992,-0.1
PN,land,1993,-0.4
PN,land,1994,0
PN,land,1995,0.3
PN,land,1996,-0.1
PN,land,1997,0.1
PN,land,1998,-0.2
PN,land,1999,0.4
PN,land,2000,0.3
PN,land,2001,0.5
PN,land,2002,0.8
PN,land,2003,0.1
PN,land,2004,0
PN,land,2005,0.1
PN,land,2006,0.4
PN,land,2007,0.2
PN,land,2008,0
PN,land,2009,0.1
PN,land,2010,0.1
PN,land,2011,0.1
PN,land,2012,0.1
PN,land,2013,0
PN,land,2014,-0.1
PN,land,2015,0
PN,land,2016,0.2
PN,land,2017,0.5
PN,land,2018,0.5
PN,land,2019,0.1
PN,land,2020,0.2
PN,land,2021,0.3
PN,land,2022,0.3
PN,land,2023,0.3
PN,land,2024,-0.1
PN,land,2025,0.6
PF,land,1850,-0.6
PF,land,1851,-0.3
PF,land,1852,-0.4
PF,land,1853,0
PF,land,1854,0.1
PF,land,1855,-0.2
PF,land,1856,-0.3
PF,land,1857,-0.7
PF,land,1858,0
PF,land,1859,0
PF,land,1860,-0.3
PF,land,1861,-0.7
PF,land,1862,-0.8
PF,land,1863,-0.6
PF,land,1864,-0.4
PF,land,1865,-0.4
PF,land,1866,-0.4
PF,land,1867,-0.5
PF,land,1868,-0.4
PF,land,1869,-0.6
PF,land,1870,-0.6
PF,land,1871,-0.4
PF,land,1872,-0.5
PF,land,1873,-1.1
PF,land,1874,-0.9
PF,land,1875,-0.8
PF,land,1876,-0.7
PF,land,1877,0
PF,land,1878,-0.1
PF,land,1879,-0.6
PF,land,1880,-0.4
PF,land,1881,-0.1
PF,land,1882,-0.2
PF,land,1883,-0.5
PF,land,1884,-0.5
PF,land,1885,-0.5
PF,land,1886,-0.8
PF,land,1887,-0.6
PF,land,1888,0.1
PF,land,1889,0.1
PF,land,1890,-1.3
PF,land,1891,-0.7
PF,land,1892,-0.5
PF,land,1893,-1.1
PF,land,1894,-0.4
PF,land,1895,-0.3
PF,land,1896,0.2
PF,land,1897,0.4
PF,land,1898,-0.2
PF,land,1899,0
PF,land,1900,0.6
PF,land,1901,0.5
PF,land,1902,0.4
PF,land,1903,0
PF,land,1904,-0.7
PF,land,1905,0
PF,land,1906,0.1
PF,land,1907,-0.4
PF,land,1908,-0.3
PF,land,1909,-1.1
PF,land,1910,-1.1
PF,land,1911,-0.7
PF,land,1912,-0.3
PF,land,1913,-0.3
PF,land,1914,-0.3
PF,land,1915,0.1
PF,land,1916,-0.4
PF,land,1917,-1.2
PF,land,1918,-0.5
PF,land,1919,-0.2
PF,land,1920,0
PF,land,1921,-0.6
PF,land,1922,-0.4
PF,land,1923,-0.5
PF,land,1924,-0.5
PF,land,1925,-0.5
PF,land,1926,0
PF,land,1927,-0.3
PF,land,1928,-0.3
PF,land,1929,-0.3
PF,land,1930,-0.1
PF,land,1931,0.1
PF,land,1932,0
PF,land,1933,-0.5
PF,land,1934,-0.5
PF,land,1935,-0.5
PF,land,1936,-0.6
PF,land,1937,-0.4
PF,land,1938,-0.7
PF,land,1939,-0.7
PF,land,1940,0.3
PF,land,1941,0.2
PF,land,1942,-0.1
PF,land,1943,-0.2
PF,land,1944,0.2
PF,land,1945,0.2
PF,land,1946,-0.2
PF,land,1947,-0.1
PF,land,1948,0
PF,land,1949,0.2
PF,land,1950,-0.6
PF,land,1951,-0.2
PF,land,1952,0.2
PF,land,1953,0.2
PF,land,1954,-0.2
PF,land,1955,-0.8
PF,land,1956,-0.8
PF,land,1957,0
PF,land,1958,0.1
PF,land,1959,0
PF,land,1960,0
PF,land,1961,-0.2
PF,land,1962,-0.4
PF,land,1963,-0.1
PF,land,1964,-0.3
PF,land,1965,-0.1
PF,land,1966,0
PF,land,1967,-0.5
PF,land,1968,-0.5
PF,land,1969,0.2
PF,land,1970,-0.2
PF,land,1971,-0.8
PF,land,1972,-0.2
PF,land,1973,0.1
PF,land,1974,-0.9
PF,land,1975,-0.8
PF,land,1976,-0.7
PF,land,1977,0.1
PF,land,1978,-0.2
PF,land,1979,-0.2
PF,land,1980,0
PF,land,1981,-0.4
PF,land,1982,0.2
PF,land,1983,0
PF,land,1984,0.1
PF,land,1985,-0.2
PF,land,1986,-0.1
PF,land,1987,0.4
PF,land,1988,0.1
PF,land,1989,-0.3
PF,land,1990,-0.1
PF,land,1991,0.4
PF,land,1992,0.3
PF,land,1993,0.2
PF,land,1994,0.4
PF,land,1995,0.2
PF,land,1996,-0.1
PF,land,1997,0.1
PF,land,1998,0.3
PF,land,1999,0.1
PF,land,2000,0
PF,land,2001,0.2
PF,land,2002,0.4
PF,land,2003,0.5
PF,land,2004,0.4
PF,land,2005,0.4
PF,land,2006,0.4
PF,land,2007,0.4
PF,land,2008,-0.1
PF,land,2009,0.4
PF,land,2010,0.3
PF,land,2011,-0.5
PF,land,2012,0.4
PF,land,2013,0.3
PF,land,2014,0.2
PF,land,2015,0.4
PF,land,2016,0.9
PF,land,2017,0.6
PF,land,2018,0.2
PF,land,2019,0.6
PF,land,2020,0.5
PF,land,2021,0.1
PF,land,2022,-0.3
PF,land,2023,0.5
PF,land,2024,0.7
PF,land,2025,0.5
MP,land,1850,-0.4
MP,land,1851,0.2
MP,land,1852,0.1
MP,land,1853,-0.2
MP,land,1854,-0.1
MP,land,1855,-0.6
MP,land,1856,-0.3
MP,land,1857,-0.1
MP,land,1858,-0.5
MP,land,1859,0.1
MP,land,1860,-0.3
MP,land,1861,-0.6
MP,land,1862,-0.6
MP,land,1863,-0.4
MP,land,1864,-0.4
MP,land,1865,-0.1
MP,land,1866,-0.1
MP,land,1867,-0.3
MP,land,1868,-0.3
MP,land,1869,0.2
MP,land,1870,0.3
MP,land,1871,-0.2
MP,land,1872,0
MP,land,1873,0
MP,land,1874,-0.2
MP,land,1875,-0.1
MP,land,1876,0.1
MP,land,1877,-0.1
MP,land,1878,0.4
MP,land,1879,0.1
MP,land,1880,-0.8
MP,land,1881,-0.1
MP,land,1882,-0.1
MP,land,1883,-0.6
MP,land,1884,-0.4
MP,land,1885,-0.8
MP,land,1886,-0.4
MP,land,1887,0.1
MP,land,1888,0
MP,land,1889,0.1
MP,land,1890,0.1
MP,land,1891,0.1
MP,land,1892,0.3
MP,land,1893,-0.2
MP,land,1894,0
MP,land,1895,0.1
MP,land,1896,0.3
MP,land,1897,0.6
MP,land,1898,0.2
MP,land,1899,-0.5
MP,land,1900,-0.1
MP,land,1901,0
MP,land,1902,-0.3
MP,land,1903,-0.7
MP,land,1904,-0.6
MP,land,1905,-0.5
MP,land,1906,-0.3
MP,land,1907,-0.5
MP,land,1908,-0.3
MP,land,1909,-0.4
MP,land,1910,-0.2
MP,land,1911,-0.6
MP,land,1912,-0.6
MP,land,1913,-0.6
MP,land,1914,-0.7
MP,land,1915,-0.5
MP,land,1916,-0.4
MP,land,1917,-0.5
MP,land,1918,-0.7
MP,land,1919,-0.6
MP,land,1920,-0.8
MP,land,1921,-0.2
MP,land,1922,-0.3
MP,land,1923,-0.7
MP,land,1924,-0.3
MP,land,1925,-0.4
MP,land,1926,-0.3
MP,land,1927,-0.2
MP,land,1928,-0.6
MP,land,1929,-0.4
MP,land,1930,-0.5
MP,land,1931,-0.2
MP,land,1932,-0.5
MP,land,1933,-0.4
MP,land,1934,-0.4
MP,land,1935,-0.4
MP,land,1936,-0.4
MP,land,1937,-0.3
MP,land,1938,-0.2
MP,land,1939,-0.3
MP,land,1940,-0.4
MP,land,1941,0
MP,land,1942,-0.2
MP,land,1943,0.1
MP,land,1944,0.2
MP,land,1945,0.4
MP,land,1946,0.3
MP,land,1947,0
MP,land,1948,-0.1
MP,land,1949,-0.1
MP,land,1950,0
MP,land,1951,0.1
MP,land,1952,0
MP,land,1953,0
MP,land,1954,0
MP,land,1955,-0.2
MP,land,1956,-0.3
MP,land,1957,-0.3
MP,land,1958,-0.3
MP,land,1959,-0.2
MP,land,1960,0
MP,land,1961,0
MP,land,1962,-0.2
MP,land,1963,-0.2
MP,land,1964,-0.1
MP,land,1965,-0.4
MP,land,1966,-0.1
MP,land,1967,-0.1
MP,land,1968,-0.2
MP,land,1969,0
MP,land,1970,0.1
MP,land,1971,0
MP,land,1972,-0.6
MP,land,1973,-0.1
MP,land,1974,-0.1
MP,land,1975,0
MP,land,1976,-0.1
MP,land,1977,-0.2
MP,land,1978,-0.1
MP,land,1979,-0.2
MP,land,1980,-0.1
MP,land,1981,0.1
MP,land,1982,-0.2
MP,land,1983,-0.2
MP,land,1984,0.1
MP,land,1985,-0.1
MP,land,1986,-0.1
MP,land,1987,0
MP,land,1988,0.5
MP,land,1989,0.1
MP,land,1990,-0.2
MP,land,1991,-0.2
MP,land,1992,-0.3
MP,land,1993,-0.3
MP,land,1994,-0.1
MP,land,1995,0
MP,land,1996,0.3
MP,land,1997,0
MP,land,1998,0.2
MP,land,1999,0.6
MP,land,2000,0.4
MP,land,2001,0.6
MP,land,2002,0.3
MP,land,2003,0.3
MP,land,2004,0.1
MP,land,2005,0.2
MP,land,2006,0.1
MP,land,2007,0.4
MP,land,2008,0.6
MP,land,2009,0.4
MP,land,2010,0.2
MP,land,2011,0.3
MP,land,2012,0.2
MP,land,2013,0.4
MP,land,2014,0.4
MP,land,2015,0.2
MP,land,2016,0.5
MP,land,2017,0.8
MP,land,2018,0.6
MP,land,2019,0.7
MP,land,2020,0.8
MP,land,2021,0.8
MP,land,2022,0.7
MP,land,2023,0.6
MP,land,2024,0.6
MP,land,2025,0.9
GU,land,1850,-0.2
GU,land,1851,0.1
GU,land,1852,0
GU,land,1853,-0.2
GU,land,1854,-0.2
GU,land,1855,-0.6
GU,land,1856,-0.3
GU,land,1857,-0.1
GU,land,1858,-0.6
GU,land,1859,0
GU,land,1860,-0.4
GU,land,1861,-0.7
GU,land,1862,-0.6
GU,land,1863,-0.3
GU,land,1864,-0.2
GU,land,1865,-0.1
GU,land,1866,0
GU,land,1867,-0.2
GU,land,1868,-0.2
GU,land,1869,0.1
GU,land,1870,0.1
GU,land,1871,-0.1
GU,land,1872,0
GU,land,1873,0.1
GU,land,1874,-0.1
GU,land,1875,-0.2
GU,land,1876,0.1
GU,land,1877,-0.1
GU,land,1878,0.2
GU,land,1879,-0.1
GU,land,1880,-0.5
GU,land,1881,-0.1
GU,land,1882,-0.2
GU,land,1883,-0.5
GU,land,1884,-0.7
GU,land,1885,-0.7
GU,land,1886,-0.4
GU,land,1887,0
GU,land,1888,-0.2
GU,land,1889,0
GU,land,1890,0
GU,land,1891,0.3
GU,land,1892,0.2
GU,land,1893,0
GU,land,1894,-0.1
GU,land,1895,0
GU,land,1896,-0.1
GU,land,1897,0.3
GU,land,1898,0
GU,land,1899,-0.4
GU,land,1900,-0.1
GU,land,1901,-0.1
GU,land,1902,-0.4
GU,land,1903,-0.7
GU,land,1904,-0.6
GU,land,1905,-0.7
GU,land,1906,-0.5
GU,land,1907,-0.4
GU,land,1908,-0.3
GU,land,1909,-0.4
GU,land,1910,-0.2
GU,land,1911,-0.6
GU,land,1912,-0.7
GU,land,1913,-0.7
GU,land,1914,-0.7
GU,land,1915,-0.5
GU,land,1916,-0.4
GU,land,1917,-0.4
GU,land,1918,-0.8
GU,land,1919,-0.9
GU,land,1920,-0.8
GU,land,1921,-0.1
GU,land,1922,-0.2
GU,land,1923,-0.6
GU,land,1924,-0.4
GU,land,1925,-0.2
GU,land,1926,-0.3
GU,land,1927,-0.1
GU,land,1928,-0.4
GU,land,1929,-0.4
GU,land,1930,-0.6
GU,land,1931,-0.3
GU,land,1932,-0.5
GU,land,1933,-0.4
GU,land,1934,-0.3
GU,land,1935,-0.4
GU,land,1936,-0.4
GU,land,1937,-0.3
GU,land,1938,-0.2
GU,land,1939,-0.2
GU,land,1940,-0.4
GU,land,1941,-0.4
GU,land,1942,-0.4
GU,land,1943,0.2
GU,land,1944,0.2
GU,land,1945,0.3
GU,land,1946,0.2
GU,land,1947,0
GU,land,1948,-0.2
GU,land,1949,-0.2
GU,land,1950,-0.1
GU,land,1951,-0.1
GU,land,1952,-0.2
GU,land,1953,-0.1
GU,land,1954,-0.2
GU,land,1955,-0.3
GU,land,1956,-0.3
GU,land,1957,-0.3
GU,land,1958,-0.5
GU,land,1959,-0.3
GU,land,1960,-0.1
GU,land,1961,-0.2
GU,land,1962,-0.2
GU,land,1963,-0.2
GU,land,1964,-0.1
GU,land,1965,-0.4
GU,land,1966,-0.3
GU,land,1967,-0.3
GU,land,1968,-0.2
GU,land,1969,-0.1
GU,land,1970,0
GU,land,1971,0
GU,land,1972,-0.6
GU,land,1973,-0.2
GU,land,1974,-0.1
GU,land,1975,-0.1
GU,land,1976,-0.2
GU,land,1977,-0.2
GU,land,1978,-0.2
GU,land,1979,-0.2
GU,land,1980,-0.2
GU,land,1981,0.1
GU,land,1982,-0.1
GU,land,1983,-0.2
GU,land,1984,0.2
GU,land,1985,0
GU,land,1986,0
GU,land,1987,-0.1
GU,land,1988,0.3
GU,land,1989,0.2
GU,land,1990,-0.1
GU,land,1991,-0.2
GU,land,1992,-0.4
GU,land,1993,-0.3
GU,land,1994,0
GU,land,1995,0.2
GU,land,1996,0.4
GU,land,1997,0
GU,land,1998,0.2
GU,land,1999,0.4
GU,land,2000,0.4
GU,land,2001,0.5
GU,land,2002,0.3
GU,land,2003,0.3
GU,land,2004,0.1
GU,land,2005,0.2
GU,land,2006,0.1
GU,land,2007,0.4
GU,land,2008,0.5
GU,land,2009,0.4
GU,land,2010,0.3
GU,land,2011,0.5
GU,land,2012,0.4
GU,land,2013,0.5
GU,land,2014,0.5
GU,land,2015,0.2
GU,land,2016,0.4
GU,land,2017,0.8
GU,land,2018,0.6
GU,land,2019,0.6
GU,land,2020,0.7
GU,land,2021,0.8
GU,land,2022,0.7
GU,land,2023,0.7
GU,land,2024,0.6
GU,land,2025,0.9
PW,land,1850,0
PW,land,1851,0
PW,land,1852,0
PW,land,1853,0.1
PW,land,1854,0.2
PW,land,1855,-0.5
PW,land,1856,0
PW,land,1857,-0.1
PW,land,1858,-0.6
PW,land,1859,0.1
PW,land,1860,-0.1
PW,land,1861,-0.6
PW,land,1862,-0.7
PW,land,1863,-0.1
PW,land,1864,-0.1
PW,land,1865,0
PW,land,1866,-0.1
PW,land,1867,-0.2
PW,land,1868,-0.2
PW,land,1869,0.3
PW,land,1870,0.2
PW,land,1871,-0.1
PW,land,1872,0.1
PW,land,1873,0.3
PW,land,1874,0
PW,land,1875,-0.2
PW,land,1876,0
PW,land,1877,0
PW,land,1878,0.4
PW,land,1879,0
PW,land,1880,-0.2
PW,land,1881,-0.1
PW,land,1882,-0.1
PW,land,1883,-0.6
PW,land,1884,-1
PW,land,1885,-0.5
PW,land,1886,-0.2
PW,land,1887,0.1
PW,land,1888,0
PW,land,1889,0.3
PW,land,1890,0.1
PW,land,1891,0.2
PW,land,1892,0
PW,land,1893,-0.1
PW,land,1894,-0.2
PW,land,1895,-0.1
PW,land,1896,-0.3
PW,land,1897,0.3
PW,land,1898,-0.1
PW,land,1899,-0.4
PW,land,1900,-0.1
PW,land,1901,-0.4
PW,land,1902,-0.6
PW,land,1903,-0.5
PW,land,1904,-0.7
PW,land,1905,-0.8
PW,land,1906,-0.4
PW,land,1907,-0.5
PW,land,1908,-0.3
PW,land,1909,-0.4
PW,land,1910,-0.3
PW,land,1911,-0.6
PW,land,1912,-0.7
PW,land,1913,-0.8
PW,land,1914,-0.6
PW,land,1915,-0.3
PW,land,1916,-0.2
PW,land,1917,-0.3
PW,land,1918,-1
PW,land,1919,-0.7
PW,land,1920,-0.7
PW,land,1921,-0.1
PW,land,1922,-0.2
PW,land,1923,-0.5
PW,land,1924,-0.4
PW,land,1925,-0.3
PW,land,1926,-0.4
PW,land,1927,-0.2
PW,land,1928,-0.4
PW,land,1929,-0.6
PW,land,1930,-0.5
PW,land,1931,-0.3
PW,land,1932,-0.5
PW,land,1933,-0.4
PW,land,1934,-0.5
PW,land,1935,-0.6
PW,land,1936,-0.5
PW,land,1937,-0.3
PW,land,1938,-0.3
PW,land,1939,-0.3
PW,land,1940,-0.4
PW,land,1941,-0.3
PW,land,1942,-0.2
PW,land,1943,0.1
PW,land,1944,0.1
PW,land,1945,0.3
PW,land,1946,0.2
PW,land,1947,-0.1
PW,land,1948,-0.3
PW,land,1949,-0.4
PW,land,1950,-0.2
PW,land,1951,-0.3
PW,land,1952,-0.4
PW,land,1953,-0.2
PW,land,1954,-0.1
PW,land,1955,-0.3
PW,land,1956,-0.3
PW,land,1957,-0.2
PW,land,1958,-0.5
PW,land,1959,-0.4
PW,land,1960,-0.1
PW,land,1961,-0.3
PW,land,1962,-0.3
PW,land,1963,-0.4
PW,land,1964,-0.1
PW,land,1965,-0.5
PW,land,1966,-0.4
PW,land,1967,-0.5
PW,land,1968,-0.3
PW,land,1969,-0.2
PW,land,1970,0
PW,land,1971,-0.2
PW,land,1972,-0.4
PW,land,1973,-0.1
PW,land,1974,-0.2
PW,land,1975,-0.2
PW,land,1976,-0.4
PW,land,1977,-0.2
PW,land,1978,-0.1
PW,land,1979,-0.2
PW,land,1980,-0.3
PW,land,1981,0.1
PW,land,1982,-0.1
PW,land,1983,-0.1
PW,land,1984,0
PW,land,1985,0
PW,land,1986,-0.1
PW,land,1987,-0.1
PW,land,1988,0.3
PW,land,1989,0.2
PW,land,1990,-0.2
PW,land,1991,-0.4
PW,land,1992,-0.2
PW,land,1993,-0.3
PW,land,1994,-0.1
PW,land,1995,0.2
PW,land,1996,0.3
PW,land,1997,0
PW,land,1998,0.4
PW,land,1999,0.3
PW,land,2000,0.3
PW,land,2001,0.3
PW,land,2002,0.1
PW,land,2003,0.1
PW,land,2004,0
PW,land,2005,0.2
PW,land,2006,0.2
PW,land,2007,0.2
PW,land,2008,0.2
PW,land,2009,0.3
PW,land,2010,0.7
PW,land,2011,0.4
PW,land,2012,0.4
PW,land,2013,0.6
PW,land,2014,0.5
PW,land,2015,0.2
PW,land,2016,0.6
PW,land,2017,0.7
PW,land,2018,0.5
PW,land,2019,0.3
PW,land,2020,0.8
PW,land,2021,0.8
PW,land,2022,0.8
PW,land,2023,0.8
PW,land,2024,0.9
PW,land,2025,0.9
VU,land,1850,-0.4
VU,land,1851,0
VU,land,1852,-0.3
VU,land,1853,-0.6
VU,land,1854,-0.9
VU,land,1855,-0.7
VU,land,1856,-1
VU,land,1857,-0.1
VU,land,1858,-0.5
VU,land,1859,-0.3
VU,land,1860,-0.5
VU,land,1861,-0.6
VU,land,1862,-0.3
VU,land,1863,0
VU,land,1864,0.1
VU,land,1865,-0.1
VU,land,1866,0
VU,land,1867,0
VU,land,1868,-0.3
VU,land,1869,0
VU,land,1870,0
VU,land,1871,-0.2
VU,land,1872,-0.1
VU,land,1873,-0.1
VU,land,1874,-0.1
VU,land,1875,0
VU,land,1876,-0.2
VU,land,1877,-0.5
VU,land,1878,-0.2
VU,land,1879,0.1
VU,land,1880,-0.1
VU,land,1881,-0.2
VU,land,1882,-0.1
VU,land,1883,-0.4
VU,land,1884,-0.9
VU,land,1885,-1.1
VU,land,1886,-0.7
VU,land,1887,-0.4
VU,land,1888,-0.9
VU,land,1889,-0.4
VU,land,1890,-0.1
VU,land,1891,-0.2
VU,land,1892,-0.3
VU,land,1893,0.4
VU,land,1894,-0.4
VU,land,1895,-0.4
VU,land,1896,-0.3
VU,land,1897,-0.2
VU,land,1898,-0.2
VU,land,1899,-0.4
VU,land,1900,-0.4
VU,land,1901,-0.7
VU,land,1902,-1
VU,land,1903,-0.9
VU,land,1904,-0.7
VU,land,1905,-1.1
VU,land,1906,-0.8
VU,land,1907,-0.4
VU,land,1908,-0.4
VU,land,1909,-0.4
VU,land,1910,-0.2
VU,land,1911,-0.6
VU,land,1912,-0.7
VU,land,1913,-0.9
VU,land,1914,-0.9
VU,land,1915,-0.5
VU,land,1916,0
VU,land,1917,-0.2
VU,land,1918,-0.6
VU,land,1919,-0.9
VU,land,1920,-0.6
VU,land,1921,-0.5
VU,land,1922,-0.4
VU,land,1923,-0.6
VU,land,1924,-0.1
VU,land,1925,-0.6
VU,land,1926,-0.6
VU,land,1927,-0.4
VU,land,1928,-0.5
VU,land,1929,-0.6
VU,land,1930,-0.9
VU,land,1931,-0.7
VU,land,1932,-0.7
VU,land,1933,-0.3
VU,land,1934,-0.7
VU,land,1935,-0.4
VU,land,1936,-0.4
VU,land,1937,-0.4
VU,land,1938,-0.1
VU,land,1939,-0.5
VU,land,1940,-0.8
VU,land,1941,-0.7
VU,land,1942,-0.4
VU,land,1943,0.3
VU,land,1944,0
VU,land,1945,0
VU,land,1946,-0.5
VU,land,1947,-0.4
VU,land,1948,-0.3
VU,land,1949,-0.4
VU,land,1950,-0.1
VU,land,1951,-0.3
VU,land,1952,-0.2
VU,land,1953,-0.3
VU,land,1954,-0.4
VU,land,1955,-0.2
VU,land,1956,0.2
VU,land,1957,-0.4
VU,land,1958,-0.4
VU,land,1959,-0.4
VU,land,1960,-0.2
VU,land,1961,-0.2
VU,land,1962,0
VU,land,1963,-0.3
VU,land,1964,-0.2
VU,land,1965,-0.8
VU,land,1966,-0.7
VU,land,1967,-0.3
VU,land,1968,-0.2
VU,land,1969,-0.3
VU,land,1970,0.1
VU,land,1971,0.2
VU,land,1972,-0.3
VU,land,1973,0.2
VU,land,1974,0.3
VU,land,1975,0.2
VU,land,1976,0
VU,land,1977,-0.4
VU,land,1978,-0.3
VU,land,1979,-0.1
VU,land,1980,-0.2
VU,land,1981,0
VU,land,1982,-0.4
VU,land,1983,-0.3
VU,land,1984,0.1
VU,land,1985,0.1
VU,land,1986,-0.2
VU,land,1987,-0.4
VU,land,1988,0.4
VU,land,1989,0.2
VU,land,1990,0.2
VU,land,1991,-0.3
VU,land,1992,-0.4
VU,land,1993,-0.7
VU,land,1994,-0.5
VU,land,1995,0.1
VU,land,1996,0.2
VU,land,1997,-0.2
VU,land,1998,0.5
VU,land,1999,0.4
VU,land,2000,0.3
VU,land,2001,0.4
VU,land,2002,0.2
VU,land,2003,0.2
VU,land,2004,0
VU,land,2005,0.3
VU,land,2006,0.1
VU,land,2007,0.4
VU,land,2008,0.5
VU,land,2009,0.1
VU,land,2010,0.4
VU,land,2011,0.5
VU,land,2012,0.2
VU,land,2013,0.4
VU,land,2014,0.2
VU,land,2015,-0.1
VU,land,2016,0.6
VU,land,2017,0.5
VU,land,2018,0.4
VU,land,2019,0.2
VU,land,2020,0.5
VU,land,2021,0.6
VU,land,2022,1.2
VU,land,2023,0.5
VU,land,2024,0.7
VU,land,2025,0.9
TO,land,1850,-0.2
TO,land,1851,-0.3
TO,land,1852,-0.1
TO,land,1853,0.4
TO,land,1854,0.1
TO,land,1855,-0.2
TO,land,1856,-0.2
TO,land,1857,0
TO,land,1858,-0.1
TO,land,1859,0.2
TO,land,1860,0.1
TO,land,1861,0
TO,land,1862,-0.1
TO,land,1863,0
TO,land,1864,0.1
TO,land,1865,0
TO,land,1866,0
TO,land,1867,0.2
TO,land,1868,0.1
TO,land,1869,0.1
TO,land,1870,0.2
TO,land,1871,0.4
TO,land,1872,0.3
TO,land,1873,0
TO,land,1874,0.3
TO,land,1875,0.2
TO,land,1876,0.2
TO,land,1877,-0.4
TO,land,1878,-0.2
TO,land,1879,0.3
TO,land,1880,0.1
TO,land,1881,0
TO,land,1882,0.1
TO,land,1883,-0.5
TO,land,1884,-0.7
TO,land,1885,-1
TO,land,1886,-0.6
TO,land,1887,-0.4
TO,land,1888,-0.7
TO,land,1889,-0.2
TO,land,1890,-0.2
TO,land,1891,-0.4
TO,land,1892,-0.3
TO,land,1893,-0.1
TO,land,1894,-0.3
TO,land,1895,-0.2
TO,land,1896,-0.6
TO,land,1897,-0.5
TO,land,1898,0
TO,land,1899,-0.1
TO,land,1900,-0.6
TO,land,1901,0
TO,land,1902,-0.9
TO,land,1903,-0.6
TO,land,1904,-0.6
TO,land,1905,-1
TO,land,1906,-0.3
TO,land,1907,-0.6
TO,land,1908,-0.6
TO,land,1909,-0.5
TO,land,1910,-0.3
TO,land,1911,-0.5
TO,land,1912,-0.6
TO,land,1913,-0.7
TO,land,1914,-0.5
TO,land,1915,-0.2
TO,land,1916,0.2
TO,land,1917,0
TO,land,1918,-0.4
TO,land,1919,-0.9
TO,land,1920,-0.5
TO,land,1921,-0.6
TO,land,1922,-0.2
TO,land,1923,-0.5
TO,land,1924,-0.1
TO,land,1925,-0.4
TO,land,1926,-0.6
TO,land,1927,-0.2
TO,land,1928,-0.5
TO,land,1929,-0.4
TO,land,1930,-0.8
TO,land,1931,-0.7
TO,land,1932,-0.3
TO,land,1933,-0.4
TO,land,1934,-0.5
TO,land,1935,-0.3
TO,land,1936,-0.2
TO,land,1937,-0.2
TO,land,1938,-0.2
TO,land,1939,-0.5
TO,land,1940,-0.6
TO,land,1941,-0.4
TO,land,1942,-0.1
TO,land,1943,0.3
TO,land,1944,0.3
TO,land,1945,0.1
TO,land,1946,0
TO,land,1947,0
TO,land,1948,-0.2
TO,land,1949,-0.1
TO,land,1950,0.1
TO,land,1951,-0.1
TO,land,1952,0.3
TO,land,1953,0.1
TO,land,1954,-0.1
TO,land,1955,0
TO,land,1956,0.1
TO,land,1957,-0.2
TO,land,1958,-0.3
TO,land,1959,-0.1
TO,land,1960,0
TO,land,1961,0.1
TO,land,1962,-0.1
TO,land,1963,-0.2
TO,land,1964,0
TO,land,1965,-0.4
TO,land,1966,-0.3
TO,land,1967,-0.2
TO,land,1968,0.1
TO,land,1969,-0.2
TO,land,1970,0.2
TO,land,1971,0.2
TO,land,1972,-0.1
TO,land,1973,0.4
TO,land,1974,0.3
TO,land,1975,0.2
TO,land,1976,0
TO,land,1977,-0.4
TO,land,1978,-0.3
TO,land,1979,-0.2
TO,land,1980,0
TO,land,1981,-0.1
TO,land,1982,-0.2
TO,land,1983,-0.3
TO,land,1984,0.1
TO,land,1985,-0.1
TO,land,1986,-0.4
TO,land,1987,-0.5
TO,land,1988,0.4
TO,land,1989,0.1
TO,land,1990,0
TO,land,1991,0
TO,land,1992,0
TO,land,1993,-0.3
TO,land,1994,-0.3
TO,land,1995,0.2
TO,land,1996,0.3
TO,land,1997,-0.2
TO,land,1998,-0.1
TO,land,1999,0.4
TO,land,2000,0.5
TO,land,2001,0.2
TO,land,2002,0.3
TO,land,2003,0.3
TO,land,2004,0.4
TO,land,2005,0.4
TO,land,2006,0.4
TO,land,2007,0.4
TO,land,2008,0.5
TO,land,2009,0.3
TO,land,2010,0.6
TO,land,2011,0.7
TO,land,2012,0.4
TO,land,2013,0.6
TO,land,2014,0.5
TO,land,2015,-0.1
TO,land,2016,0.4
TO,land,2017,0.6
TO,land,2018,0.5
TO,land,2019,0.5
TO,land,2020,0.7
TO,land,2021,0.8
TO,land,2022,1.1
TO,land,2023,0.5
TO,land,2024,0.6
TO,land,2025,0.6
FM,land,1850,0
FM,land,1851,0.1
FM,land,1852,0
FM,land,1853,-0.1
FM,land,1854,-0.2
FM,land,1855,-0.4
FM,land,1856,-0.2
FM,land,1857,0
FM,land,1858,-0.5
FM,land,1859,0.1
FM,land,1860,-0.3
FM,land,1861,-0.8
FM,land,1862,-0.5
FM,land,1863,-0.2
FM,land,1864,-0.1
FM,land,1865,0
FM,land,1866,0
FM,land,1867,-0.2
FM,land,1868,-0.2
FM,land,1869,0.2
FM,land,1870,0
FM,land,1871,-0.2
FM,land,1872,-0.1
FM,land,1873,0
FM,land,1874,-0.1
FM,land,1875,-0.3
FM,land,1876,-0.1
FM,land,1877,-0.2
FM,land,1878,0
FM,land,1879,-0.2
FM,land,1880,-0.4
FM,land,1881,-0.1
FM,land,1882,0
FM,land,1883,-0.4
FM,land,1884,-0.7
FM,land,1885,-0.5
FM,land,1886,-0.3
FM,land,1887,0.1
FM,land,1888,-0.1
FM,land,1889,0
FM,land,1890,0.1
FM,land,1891,0.4
FM,land,1892,0.2
FM,land,1893,0.1
FM,land,1894,0
FM,land,1895,0.1
FM,land,1896,-0.1
FM,land,1897,0.3
FM,land,1898,-0.1
FM,land,1899,-0.3
FM,land,1900,0
FM,land,1901,-0.1
FM,land,1902,-0.4
FM,land,1903,-0.5
FM,land,1904,-0.6
FM,land,1905,-0.7
FM,land,1906,-0.5
FM,land,1907,-0.4
FM,land,1908,-0.4
FM,land,1909,-0.4
FM,land,1910,-0.4
FM,land,1911,-0.7
FM,land,1912,-0.7
FM,land,1913,-0.7
FM,land,1914,-0.6
FM,land,1915,-0.4
FM,land,1916,-0.3
FM,land,1917,-0.6
FM,land,1918,-0.8
FM,land,1919,-0.9
FM,land,1920,-0.7
FM,land,1921,-0.1
FM,land,1922,-0.2
FM,land,1923,-0.4
FM,land,1924,-0.3
FM,land,1925,-0.2
FM,land,1926,-0.3
FM,land,1927,-0.2
FM,land,1928,-0.3
FM,land,1929,-0.4
FM,land,1930,-0.5
FM,land,1931,-0.3
FM,land,1932,-0.4
FM,land,1933,-0.4
FM,land,1934,-0.3
FM,land,1935,-0.4
FM,land,1936,-0.4
FM,land,1937,-0.3
FM,land,1938,-0.3
FM,land,1939,-0.3
FM,land,1940,-0.4
FM,land,1941,-0.3
FM,land,1942,-0.3
FM,land,1943,0.3
FM,land,1944,0.2
FM,land,1945,0.3
FM,land,1946,0.2
FM,land,1947,-0.1
FM,land,1948,-0.2
FM,land,1949,-0.4
FM,land,1950,-0.1
FM,land,1951,-0.2
FM,land,1952,-0.3
FM,land,1953,-0.2
FM,land,1954,-0.2
FM,land,1955,-0.4
FM,land,1956,-0.2
FM,land,1957,-0.2
FM,land,1958,-0.4
FM,land,1959,-0.3
FM,land,1960,-0.1
FM,land,1961,-0.2
FM,land,1962,-0.1
FM,land,1963,0
FM,land,1964,0
FM,land,1965,-0.4
FM,land,1966,-0.3
FM,land,1967,-0.2
FM,land,1968,-0.1
FM,land,1969,-0.1
FM,land,1970,0
FM,land,1971,-0.1
FM,land,1972,-0.5
FM,land,1973,-0.2
FM,land,1974,-0.2
FM,land,1975,-0.3
FM,land,1976,-0.3
FM,land,1977,-0.2
FM,land,1978,-0.1
FM,land,1979,-0.2
FM,land,1980,-0.2
FM,land,1981,0.1
FM,land,1982,-0.1
FM,land,1983,-0.2
FM,land,1984,0.1
FM,land,1985,0
FM,land,1986,0
FM,land,1987,-0.1
FM,land,1988,0.2
FM,land,1989,0.1
FM,land,1990,0
FM,land,1991,-0.2
FM,land,1992,-0.3
FM,land,1993,-0.4
FM,land,1994,0
FM,land,1995,0.3
FM,land,1996,0.4
FM,land,1997,0
FM,land,1998,0.2
FM,land,1999,0.2
FM,land,2000,0.3
FM,land,2001,0.4
FM,land,2002,0.2
FM,land,2003,0.3
FM,land,2004,0.2
FM,land,2005,0.3
FM,land,2006,0.3
FM,land,2007,0.4
FM,land,2008,0.3
FM,land,2009,0.4
FM,land,2010,0.5
FM,land,2011,0.5
FM,land,2012,0.4
FM,land,2013,0.5
FM,land,2014,0.6
FM,land,2015,0.3
FM,land,2016,0.6
FM,land,2017,0.8
FM,land,2018,0.6
FM,land,2019,0.5
FM,land,2020,0.8
FM,land,2021,0.8
FM,land,2022,0.7
FM,land,2023,0.7
FM,land,2024,0.8
FM,land,2025,0.9
AS,land,1850,0.1
AS,land,1851,-0.3
AS,land,1852,0
AS,land,1853,0.3
AS,land,1854,0.1
AS,land,1855,-0.2
AS,land,1856,-0.2
AS,land,1857,-0.5
AS,land,1858,-0.2
AS,land,1859,0.1
AS,land,1860,-0.3
AS,land,1861,-0.6
AS,land,1862,-0.4
AS,land,1863,-0.4
AS,land,1864,-0.3
AS,land,1865,-0.3
AS,land,1866,-0.3
AS,land,1867,-0.2
AS,land,1868,-0.2
AS,land,1869,-0.1
AS,land,1870,-0.4
AS,land,1871,-0.1
AS,land,1872,-0.1
AS,land,1873,-0.5
AS,land,1874,-0.1
AS,land,1875,-0.2
AS,land,1876,-0.2
AS,land,1877,-0.2
AS,land,1878,-0.2
AS,land,1879,-0.4
AS,land,1880,-0.3
AS,land,1881,0.1
AS,land,1882,0
AS,land,1883,-0.4
AS,land,1884,-0.4
AS,land,1885,-0.5
AS,land,1886,-0.4
AS,land,1887,-0.4
AS,land,1888,-0.1
AS,land,1889,-0.2
AS,land,1890,-0.5
AS,land,1891,-0.4
AS,land,1892,-0.3
AS,land,1893,-0.7
AS,land,1894,-0.3
AS,land,1895,-0.2
AS,land,1896,-0.3
AS,land,1897,-0.2
AS,land,1898,-0.3
AS,land,1899,-0.2
AS,land,1900,0.2
AS,land,1901,0.1
AS,land,1902,-0.4
AS,land,1903,-0.2
AS,land,1904,-0.6
AS,land,1905,-0.4
AS,land,1906,-0.3
AS,land,1907,-0.4
AS,land,1908,-0.5
AS,land,1909,-0.8
AS,land,1910,-0.9
AS,land,1911,-0.6
AS,land,1912,-0.3
AS,land,1913,-0.5
AS,land,1914,-0.3
AS,land,1915,-0.2
AS,land,1916,-0.5
AS,land,1917,-1.1
AS,land,1918,-0.6
AS,land,1919,-0.8
AS,land,1920,-0.5
AS,land,1921,-0.5
AS,land,1922,-0.2
AS,land,1923,-0.4
AS,land,1924,-0.2
AS,land,1925,-0.3
AS,land,1926,-0.2
AS,land,1927,-0.4
AS,land,1928,-0.3
AS,land,1929,-0.3
AS,land,1930,-0.3
AS,land,1931,-0.2
AS,land,1932,-0.2
AS,land,1933,-0.6
AS,land,1934,-0.4
AS,land,1935,-0.4
AS,land,1936,-0.3
AS,land,1937,-0.3
AS,land,1938,-0.4
AS,land,1939,-0.6
AS,land,1940,0
AS,land,1941,0.1
AS,land,1942,0
AS,land,1943,-0.1
AS,land,1944,0.1
AS,land,1945,0.1
AS,land,1946,0.2
AS,land,1947,0.1
AS,land,1948,-0.2
AS,land,1949,-0.2
AS,land,1950,-0.4
AS,land,1951,-0.1
AS,land,1952,0
AS,land,1953,0.1
AS,land,1954,-0.1
AS,land,1955,-0.4
AS,land,1956,-0.4
AS,land,1957,-0.2
AS,land,1958,0
AS,land,1959,0.1
AS,land,1960,-0.1
AS,land,1961,0
AS,land,1962,-0.1
AS,land,1963,0
AS,land,1964,-0.2
AS,land,1965,-0.3
AS,land,1966,0.1
AS,land,1967,-0.3
AS,land,1968,-0.1
AS,land,1969,0.3
AS,land,1970,0
AS,land,1971,-0.3
AS,land,1972,-0.2
AS,land,1973,0
AS,land,1974,-0.4
AS,land,1975,-0.4
AS,land,1976,-0.4
AS,land,1977,0
AS,land,1978,0
AS,land,1979,0
AS,land,1980,0.2
AS,land,1981,-0.1
AS,land,1982,0
AS,land,1983,-0.2
AS,land,1984,0
AS,land,1985,-0.2
AS,land,1986,0
AS,land,1987,0
AS,land,1988,0.1
AS,land,1989,-0.2
AS,land,1990,0.1
AS,land,1991,0.4
AS,land,1992,0.2
AS,land,1993,0.1
AS,land,1994,0.3
AS,land,1995,0.3
AS,land,1996,0.1
AS,land,1997,-0.1
AS,land,1998,-0.2
AS,land,1999,0
AS,land,2000,0.2
AS,land,2001,0.2
AS,land,2002,0.4
AS,land,2003,0.5
AS,land,2004,0.5
AS,land,2005,0.6
AS,land,2006,0.5
AS,land,2007,0.5
AS,land,2008,0
AS,land,2009,0.4
AS,land,2010,0.4
AS,land,2011,0
AS,land,2012,0.4
AS,land,2013,0.5
AS,land,2014,0.6
AS,land,2015,0.5
AS,land,2016,0.6
AS,land,2017,0.6
AS,land,2018,0.6
AS,land,2019,0.7
AS,land,2020,0.6
AS,land,2021,0.3
AS,land,2022,0.2
AS,land,2023,0.6
AS,land,2024,0.8
AS,land,2025,0.5
NU,land,1850,-0.1
NU,land,1851,-0.4
NU,land,1852,0
NU,land,1853,0.7
NU,land,1854,0.4
NU,land,1855,-0.2
NU,land,1856,0
NU,land,1857,-0.3
NU,land,1858,-0.2
NU,land,1859,0.2
NU,land,1860,0
NU,land,1861,-0.4
NU,land,1862,-0.2
NU,land,1863,-0.3
NU,land,1864,0
NU,land,1865,0
NU,land,1866,-0.1
NU,land,1867,0
NU,land,1868,0.2
NU,land,1869,0.1
NU,land,1870,0.1
NU,land,1871,0.4
NU,land,1872,0.3
NU,land,1873,-0.1
NU,land,1874,0.3
NU,land,1875,0.2
NU,land,1876,0.2
NU,land,1877,-0.3
NU,land,1878,-0.2
NU,land,1879,0.1
NU,land,1880,0.1
NU,land,1881,0.1
NU,land,1882,0.2
NU,land,1883,-0.4
NU,land,1884,-0.5
NU,land,1885,-0.8
NU,land,1886,-0.5
NU,land,1887,-0.3
NU,land,1888,-0.5
NU,land,1889,-0.2
NU,land,1890,-0.2
NU,land,1891,-0.4
NU,land,1892,-0.2
NU,land,1893,-0.5
NU,land,1894,-0.2
NU,land,1895,-0.1
NU,land,1896,-0.6
NU,land,1897,-0.4
NU,land,1898,0
NU,land,1899,0.1
NU,land,1900,-0.1
NU,land,1901,0.4
NU,land,1902,-0.7
NU,land,1903,-0.2
NU,land,1904,-0.4
NU,land,1905,-0.7
NU,land,1906,0
NU,land,1907,-0.5
NU,land,1908,-0.5
NU,land,1909,-0.6
NU,land,1910,-0.5
NU,land,1911,-0.5
NU,land,1912,-0.4
NU,land,1913,-0.5
NU,land,1914,-0.2
NU,land,1915,-0.1
NU,land,1916,0.2
NU,land,1917,-0.3
NU,land,1918,-0.4
NU,land,1919,-0.9
NU,land,1920,-0.5
NU,land,1921,-0.4
NU,land,1922,0
NU,land,1923,-0.4
NU,land,1924,0
NU,land,1925,-0.3
NU,land,1926,-0.5
NU,land,1927,-0.2
NU,land,1928,-0.3
NU,land,1929,-0.3
NU,land,1930,-0.6
NU,land,1931,-0.5
NU,land,1932,-0.1
NU,land,1933,-0.5
NU,land,1934,-0.4
NU,land,1935,-0.4
NU,land,1936,-0.2
NU,land,1937,-0.3
NU,land,1938,-0.2
NU,land,1939,-0.4
NU,land,1940,-0.3
NU,land,1941,-0.1
NU,land,1942,0.3
NU,land,1943,0.5
NU,land,1944,0.4
NU,land,1945,0.2
NU,land,1946,0.3
NU,land,1947,0.2
NU,land,1948,-0.2
NU,land,1949,-0.1
NU,land,1950,0.2
NU,land,1951,0
NU,land,1952,0.3
NU,land,1953,0.1
NU,land,1954,0.1
NU,land,1955,-0.1
NU,land,1956,0
NU,land,1957,-0.2
NU,land,1958,-0.2
NU,land,1959,0.1
NU,land,1960,0
NU,land,1961,0.2
NU,land,1962,-0.1
NU,land,1963,0
NU,land,1964,0
NU,land,1965,-0.3
NU,land,1966,-0.1
NU,land,1967,-0.2
NU,land,1968,0.2
NU,land,1969,0.1
NU,land,1970,0.2
NU,land,1971,0.1
NU,land,1972,-0.1
NU,land,1973,0.4
NU,land,1974,0.1
NU,land,1975,0
NU,land,1976,-0.2
NU,land,1977,-0.3
NU,land,1978,-0.1
NU,land,1979,-0.1
NU,land,1980,0.1
NU,land,1981,-0.1
NU,land,1982,-0.1
NU,land,1983,-0.3
NU,land,1984,0
NU,land,1985,-0.2
NU,land,1986,-0.3
NU,land,1987,-0.4
NU,land,1988,0.3
NU,land,1989,0
NU,land,1990,0
NU,land,1991,0.3
NU,land,1992,0.2
NU,land,1993,0
NU,land,1994,0.1
NU,land,1995,0.3
NU,land,1996,0.3
NU,land,1997,-0.2
NU,land,1998,-0.3
NU,land,1999,0.4
NU,land,2000,0.5
NU,land,2001,0.2
NU,land,2002,0.4
NU,land,2003,0.4
NU,land,2004,0.6
NU,land,2005,0.6
NU,land,2006,0.5
NU,land,2007,0.5
NU,land,2008,0.3
NU,land,2009,0.4
NU,land,2010,0.7
NU,land,2011,0.5
NU,land,2012,0.4
NU,land,2013,0.6
NU,land,2014,0.6
NU,land,2015,0.1
NU,land,2016,0.4
NU,land,2017,0.8
NU,land,2018,0.6
NU,land,2019,0.7
NU,land,2020,0.7
NU,land,2021,0.7
NU,land,2022,0.7
NU,land,2023,0.5
NU,land,2024,0.6
NU,land,2025,0.5
NR,land,1850,0.3
NR,land,1851,-0.2
NR,land,1852,0.2
NR,land,1853,0.2
NR,land,1854,0.3
NR,land,1855,0.2
NR,land,1856,-0.1
NR,land,1857,-0.2
NR,land,1858,0
NR,land,1859,0.4
NR,land,1860,-0.1
NR,land,1861,-0.4
NR,land,1862,-0.1
NR,land,1863,-0.1
NR,land,1864,0
NR,land,1865,0
NR,land,1866,0
NR,land,1867,-0.2
NR,land,1868,-0.1
NR,land,1869,-0.1
NR,land,1870,-0.7
NR,land,1871,-0.2
NR,land,1872,-0.2
NR,land,1873,-0.5
NR,land,1874,-0.1
NR,land,1875,-0.2
NR,land,1876,-0.3
NR,land,1877,-0.4
NR,land,1878,-0.4
NR,land,1879,-0.7
NR,land,1880,-0.4
NR,land,1881,0.2
NR,land,1882,0.5
NR,land,1883,-0.1
NR,land,1884,0
NR,land,1885,-0.3
NR,land,1886,-0.4
NR,land,1887,-0.5
NR,land,1888,0
NR,land,1889,-0.5
NR,land,1890,-0.3
NR,land,1891,0
NR,land,1892,0.1
NR,land,1893,-0.2
NR,land,1894,-0.1
NR,land,1895,-0.1
NR,land,1896,-0.2
NR,land,1897,-0.1
NR,land,1898,-0.4
NR,land,1899,-0.1
NR,land,1900,0.3
NR,land,1901,0.1
NR,land,1902,-0.4
NR,land,1903,-0.2
NR,land,1904,-0.5
NR,land,1905,-0.3
NR,land,1906,-0.6
NR,land,1907,-0.3
NR,land,1908,-0.8
NR,land,1909,-0.8
NR,land,1910,-1.3
NR,land,1911,-0.7
NR,land,1912,-0.4
NR,land,1913,-0.5
NR,land,1914,-0.2
NR,land,1915,-0.5
NR,land,1916,-1.3
NR,land,1917,-2
NR,land,1918,-0.6
NR,land,1919,-1.1
NR,land,1920,-0.4
NR,land,1921,-0.5
NR,land,1922,-0.4
NR,land,1923,-0.2
NR,land,1924,-0.4
NR,land,1925,-0.7
NR,land,1926,-0.4
NR,land,1927,-0.8
NR,land,1928,-0.3
NR,land,1929,-0.2
NR,land,1930,-0.2
NR,land,1931,-0.2
NR,land,1932,-0.3
NR,land,1933,-0.9
NR,land,1934,-0.9
NR,land,1935,-0.4
NR,land,1936,-0.4
NR,land,1937,-0.5
NR,land,1938,-0.7
NR,land,1939,-0.4
NR,land,1940,0
NR,land,1941,0.2
NR,land,1942,0
NR,land,1943,-0.3
NR,land,1944,0.1
NR,land,1945,-0.2
NR,land,1946,0.1
NR,land,1947,-0.1
NR,land,1948,-0.8
NR,land,1949,-0.9
NR,land,1950,-0.9
NR,land,1951,-0.3
NR,land,1952,-0.4
NR,land,1953,-0.4
NR,land,1954,-0.6
NR,land,1955,-0.9
NR,land,1956,-0.6
NR,land,1957,-0.6
NR,land,1958,0
NR,land,1959,-0.2
NR,land,1960,-0.4
NR,land,1961,-0.5
NR,land,1962,-0.4
NR,land,1963,-0.3
NR,land,1964,-0.9
NR,land,1965,-0.6
NR,land,1966,0
NR,land,1967,-0.3
NR,land,1968,-0.2
NR,land,1969,0.5
NR,land,1970,-0.3
NR,land,1971,-0.8
NR,land,1972,-0.2
NR,land,1973,-0.4
NR,land,1974,-0.7
NR,land,1975,-1
NR,land,1976,-0.4
NR,land,1977,0.1
NR,land,1978,0.1
NR,land,1979,0.2
NR,land,1980,0.4
NR,land,1981,0
NR,land,1982,0.3
NR,land,1983,-0.2
NR,land,1984,-0.3
NR,land,1985,-0.3
NR,land,1986,0.2
NR,land,1987,0.1
NR,land,1988,-0.1
NR,land,1989,-0.3
NR,land,1990,0.4
NR,land,1991,0.5
NR,land,1992,0.1
NR,land,1993,0.1
NR,land,1994,0.3
NR,land,1995,0.4
NR,land,1996,0.1
NR,land,1997,0.2
NR,land,1998,-0.4
NR,land,1999,-0.6
NR,land,2000,-0.4
NR,land,2001,0.2
NR,land,2002,0.6
NR,land,2003,0.8
NR,land,2004,0.7
NR,land,2005,0.7
NR,land,2006,0.5
NR,land,2007,0.4
NR,land,2008,-0.5
NR,land,2009,0.5
NR,land,2010,0
NR,land,2011,-0.4
NR,land,2012,0.1
NR,land,2013,0.3
NR,land,2014,0.8
NR,land,2015,0.7
NR,land,2016,0.7
NR,land,2017,0.5
NR,land,2018,0.8
NR,land,2019,0.9
NR,land,2020,0.6
NR,land,2021,0
NR,land,2022,-0.2
NR,land,2023,0.7
NR,land,2024,1.1
NR,land,2025,0.3
KI,land,1850,0.1
KI,land,1851,-0.5
KI,land,1852,-0.1
KI,land,1853,0
KI,land,1854,0
KI,land,1855,0.2
KI,land,1856,-0.4
KI,land,1857,-0.6
KI,land,1858,-0.1
KI,land,1859,0.2
KI,land,1860,-0.4
KI,land,1861,-0.5
KI,land,1862,-0.4
KI,land,1863,-0.4
KI,land,1864,-0.3
KI,land,1865,-0.3
KI,land,1866,-0.3
KI,land,1867,-0.4
KI,land,1868,-0.4
KI,land,1869,-0.5
KI,land,1870,-1
KI,land,1871,-0.3
KI,land,1872,-0.5
KI,land,1873,-0.6
KI,land,1874,-0.5
KI,land,1875,-0.4
KI,land,1876,-0.4
KI,land,1877,0.2
KI,land,1878,-0.2
KI,land,1879,-0.9
KI,land,1880,-0.4
KI,land,1881,0.1
KI,land,1882,0.3
KI,land,1883,0
KI,land,1884,0.1
KI,land,1885,0
KI,land,1886,-0.7
KI,land,1887,-1
KI,land,1888,0.2
KI,land,1889,-0.5
KI,land,1890,-0.8
KI,land,1891,-0.2
KI,land,1892,-0.5
KI,land,1893,-0.6
KI,land,1894,-0.5
KI,land,1895,-0.2
KI,land,1896,0
KI,land,1897,-0.2
KI,land,1898,-0.7
KI,land,1899,-0.2
KI,land,1900,0.4
KI,land,1901,-0.1
KI,land,1902,0.1
KI,land,1903,-0.1
KI,land,1904,-0.6
KI,land,1905,0.2
KI,land,1906,-0.5
KI,land,1907,-0.3
KI,land,1908,-0.9
KI,land,1909,-1
KI,land,1910,-1.4
KI,land,1911,-0.6
KI,land,1912,-0.1
KI,land,1913,-0.4
KI,land,1914,0.2
KI,land,1915,-0.2
KI,land,1916,-1.5
KI,land,1917,-2.3
KI,land,1918,-0.3
KI,land,1919,-0.7
KI,land,1920,-0.3
KI,land,1921,-0.7
KI,land,1922,-0.6
KI,land,1923,-0.3
KI,land,1924,-0.6
KI,land,1925,-0.6
KI,land,1926,-0.2
KI,land,1927,-0.8
KI,land,1928,-0.4
KI,land,1929,-0.3
KI,land,1930,0.1
KI,land,1931,-0.2
KI,land,1932,-0.5
KI,land,1933,-1.1
KI,land,1934,-0.9
KI,land,1935,-0.5
KI,land,1936,-0.4
KI,land,1937,-0.5
KI,land,1938,-1.1
KI,land,1939,-0.6
KI,land,1940,0.4
KI,land,1941,0.7
KI,land,1942,-0.1
KI,land,1943,-0.7
KI,land,1944,-0.1
KI,land,1945,-0.5
KI,land,1946,0
KI,land,1947,0
KI,land,1948,-0.6
KI,land,1949,-0.8
KI,land,1950,-1.1
KI,land,1951,-0.1
KI,land,1952,-0.2
KI,land,1953,0
KI,land,1954,-0.6
KI,land,1955,-1
KI,land,1956,-0.8
KI,land,1957,-0.1
KI,land,1958,0.4
KI,land,1959,-0.1
KI,land,1960,-0.4
KI,land,1961,-0.4
KI,land,1962,-0.5
KI,land,1963,-0.2
KI,land,1964,-0.8
KI,land,1965,-0.1
KI,land,1966,0.3
KI,land,1967,-0.2
KI,land,1968,-0.1
KI,land,1969,0.6
KI,land,1970,-0.3
KI,land,1971,-1
KI,land,1972,0.2
KI,land,1973,-0.5
KI,land,1974,-0.9
KI,land,1975,-1.2
KI,land,1976,-0.5
KI,land,1977,0.2
KI,land,1978,0
KI,land,1979,0.2
KI,land,1980,0.4
KI,land,1981,-0.1
KI,land,1982,0.5
KI,land,1983,0
KI,land,1984,-0.5
KI,land,1985,-0.4
KI,land,1986,0.2
KI,land,1987,0.6
KI,land,1988,-0.4
KI,land,1989,-0.6
KI,land,1990,0.5
KI,land,1991,0.7
KI,land,1992,0.5
KI,land,1993,0.4
KI,land,1994,0.6
KI,land,1995,0.4
KI,land,1996,-0.1
KI,land,1997,0.6
KI,land,1998,-0.3
KI,land,1999,-0.9
KI,land,2000,-0.7
KI,land,2001,0
KI,land,2002,0.7
KI,land,2003,0.6
KI,land,2004,0.7
KI,land,2005,0.5
KI,land,2006,0.4
KI,land,2007,0.1
KI,land,2008,-0.8
KI,land,2009,0.4
KI,land,2010,-0.2
KI,land,2011,-0.6
KI,land,2012,0
KI,land,2013,0.1
KI,land,2014,0.7
KI,land,2015,1.2
KI,land,2016,0.7
KI,land,2017,0.3
KI,land,2018,0.6
KI,land,2019,0.9
KI,land,2020,0.3
KI,land,2021,-0.2
KI,land,2022,-0.6
KI,land,2023,0.7
KI,land,2024,0.9
KI,land,2025,0
TV,land,1850,0
TV,land,1851,-0.4
TV,land,1852,-0.1
TV,land,1853,-0.1
TV,land,1854,0
TV,land,1855,-0.2
TV,land,1856,-0.3
TV,land,1857,-0.5
TV,land,1858,-0.2
TV,land,1859,0.2
TV,land,1860,-0.2
TV,land,1861,-0.2
TV,land,1862,-0.1
TV,land,1863,0
TV,land,1864,0
TV,land,1865,0
TV,land,1866,0
TV,land,1867,0
TV,land,1868,0.1
TV,land,1869,0.2
TV,land,1870,-0.2
TV,land,1871,0
TV,land,1872,0
TV,land,1873,-0.3
TV,land,1874,-0.1
TV,land,1875,-0.3
TV,land,1876,-0.3
TV,land,1877,-0.2
TV,land,1878,-0.2
TV,land,1879,-0.5
TV,land,1880,-0.5
TV,land,1881,0.1
TV,land,1882,0.2
TV,land,1883,-0.3
TV,land,1884,-0.4
TV,land,1885,-0.4
TV,land,1886,-0.5
TV,land,1887,-0.5
TV,land,1888,-0.1
TV,land,1889,-0.4
TV,land,1890,-0.7
TV,land,1891,-0.4
TV,land,1892,-0.2
TV,land,1893,-0.6
TV,land,1894,-0.3
TV,land,1895,-0.3
TV,land,1896,-0.3
TV,land,1897,-0.1
TV,land,1898,-0.4
TV,land,1899,-0.3
TV,land,1900,0.1
TV,land,1901,0
TV,land,1902,-0.4
TV,land,1903,-0.3
TV,land,1904,-0.7
TV,land,1905,-0.3
TV,land,1906,-0.5
TV,land,1907,-0.4
TV,land,1908,-0.6
TV,land,1909,-0.8
TV,land,1910,-1.1
TV,land,1911,-0.7
TV,land,1912,-0.4
TV,land,1913,-0.6
TV,land,1914,-0.4
TV,land,1915,-0.3
TV,land,1916,-1
TV,land,1917,-1.5
TV,land,1918,-0.6
TV,land,1919,-0.9
TV,land,1920,-0.5
TV,land,1921,-0.5
TV,land,1922,-0.4
TV,land,1923,-0.4
TV,land,1924,-0.4
TV,land,1925,-0.5
TV,land,1926,-0.3
TV,land,1927,-0.6
TV,land,1928,-0.3
TV,land,1929,-0.3
TV,land,1930,-0.2
TV,land,1931,-0.2
TV,land,1932,-0.3
TV,land,1933,-0.7
TV,land,1934,-0.6
TV,land,1935,-0.4
TV,land,1936,-0.4
TV,land,1937,-0.4
TV,land,1938,-0.6
TV,land,1939,-0.5
TV,land,1940,0.1
TV,land,1941,0.3
TV,land,1942,0
TV,land,1943,-0.1
TV,land,1944,0.1
TV,land,1945,0
TV,land,1946,0.2
TV,land,1947,0
TV,land,1948,-0.3
TV,land,1949,-0.4
TV,land,1950,-0.7
TV,land,1951,-0.2
TV,land,1952,-0.2
TV,land,1953,-0.2
TV,land,1954,-0.5
TV,land,1955,-0.7
TV,land,1956,-0.6
TV,land,1957,-0.4
TV,land,1958,-0.1
TV,land,1959,-0.2
TV,land,1960,-0.3
TV,land,1961,-0.4
TV,land,1962,-0.4
TV,land,1963,-0.3
TV,land,1964,-0.6
TV,land,1965,-0.5
TV,land,1966,-0.1
TV,land,1967,-0.4
TV,land,1968,-0.3
TV,land,1969,0.3
TV,land,1970,-0.2
TV,land,1971,-0.6
TV,land,1972,-0.1
TV,land,1973,-0.2
TV,land,1974,-0.5
TV,land,1975,-0.7
TV,land,1976,-0.4
TV,land,1977,0.1
TV,land,1978,0
TV,land,1979,0.1
TV,land,1980,0.2
TV,land,1981,-0.1
TV,land,1982,0.1
TV,land,1983,-0.2
TV,land,1984,-0.1
TV,land,1985,-0.2
TV,land,1986,0
TV,land,1987,0.1
TV,land,1988,0
TV,land,1989,-0.2
TV,land,1990,0.3
TV,land,1991,0.4
TV,land,1992,0.2
TV,land,1993,0.1
TV,land,1994,0.3
TV,land,1995,0.4
TV,land,1996,0.1
TV,land,1997,0.1
TV,land,1998,-0.1
TV,land,1999,-0.2
TV,land,2000,-0.1
TV,land,2001,0.2
TV,land,2002,0.5
TV,land,2003,0.6
TV,land,2004,0.6
TV,land,2005,0.5
TV,land,2006,0.5
TV,land,2007,0.4
TV,land,2008,-0.1
TV,land,2009,0.4
TV,land,2010,0.2
TV,land,2011,-0.2
TV,land,2012,0.3
TV,land,2013,0.4
TV,land,2014,0.6
TV,land,2015,0.6
TV,land,2016,0.7
TV,land,2017,0.5
TV,land,2018,0.6
TV,land,2019,0.8
TV,land,2020,0.6
TV,land,2021,0.2
TV,land,2022,0
TV,land,2023,0.7
TV,land,2024,0.9
TV,land,2025,0.5
PG,land,1850,-0.1
PG,land,1851,0.3
PG,land,1852,0.1
PG,land,1853,0.1
PG,land,1854,-0.2
PG,land,1855,-0.5
PG,land,1856,-0.4
PG,land,1857,-0.3
PG,land,1858,-0.5
PG,land,1859,-0.1
PG,land,1860,-0.4
PG,land,1861,-0.9
PG,land,1862,-0.5
PG,land,1863,-0.3
PG,land,1864,0
PG,land,1865,-0.2
PG,land,1866,-0.3
PG,land,1867,-0.4
PG,land,1868,-0.5
PG,land,1869,0
PG,land,1870,-0.2
PG,land,1871,-0.3
PG,land,1872,-0.2
PG,land,1873,-0.3
PG,land,1874,0
PG,land,1875,-0.1
PG,land,1876,-0.1
PG,land,1877,-0.3
PG,land,1878,0.3
PG,land,1879,-0.1
PG,land,1880,-0.2
PG,land,1881,-0.1
PG,land,1882,-0.1
PG,land,1883,-0.5
PG,land,1884,-0.7
PG,land,1885,-0.8
PG,land,1886,-0.3
PG,land,1887,-0.3
PG,land,1888,-0.7
PG,land,1889,-0.1
PG,land,1890,-0.2
PG,land,1891,-0.4
PG,land,1892,-0.2
PG,land,1893,-0.1
PG,land,1894,-0.3
PG,land,1895,-0.4
PG,land,1896,-0.4
PG,land,1897,-0.1
PG,land,1898,-0.5
PG,land,1899,-0.7
PG,land,1900,-0.1
PG,land,1901,-0.5
PG,land,1902,-1
PG,land,1903,-0.7
PG,land,1904,-0.9
PG,land,1905,-0.9
PG,land,1906,-0.5
PG,land,1907,-0.4
PG,land,1908,-0.4
PG,land,1909,-0.3
PG,land,1910,-0.3
PG,land,1911,-0.9
PG,land,1912,-0.6
PG,land,1913,-0.7
PG,land,1914,-0.8
PG,land,1915,-0.4
PG,land,1916,-0.3
PG,land,1917,-0.7
PG,land,1918,-0.9
PG,land,1919,-1
PG,land,1920,-0.7
PG,land,1921,-0.3
PG,land,1922,-0.4
PG,land,1923,-0.7
PG,land,1924,-0.4
PG,land,1925,-0.7
PG,land,1926,-0.4
PG,land,1927,-0.4
PG,land,1928,-0.4
PG,land,1929,-0.6
PG,land,1930,-0.6
PG,land,1931,-0.3
PG,land,1932,-0.6
PG,land,1933,-0.3
PG,land,1934,-0.3
PG,land,1935,-0.4
PG,land,1936,-0.4
PG,land,1937,-0.5
PG,land,1938,-0.3
PG,land,1939,-0.5
PG,land,1940,-0.6
PG,land,1941,-0.5
PG,land,1942,-0.2
PG,land,1943,-0.1
PG,land,1944,-0.2
PG,land,1945,-0.1
PG,land,1946,-0.4
PG,land,1947,-0.5
PG,land,1948,-0.6
PG,land,1949,-0.8
PG,land,1950,-0.3
PG,land,1951,-0.5
PG,land,1952,-0.4
PG,land,1953,-0.5
PG,land,1954,-0.4
PG,land,1955,-0.4
PG,land,1956,-0.1
PG,land,1957,-0.4
PG,land,1958,-0.2
PG,land,1959,-0.4
PG,land,1960,-0.3
PG,land,1961,-0.4
PG,land,1962,0
PG,land,1963,-0.2
PG,land,1964,-0.1
PG,land,1965,-0.8
PG,land,1966,-0.5
PG,land,1967,-0.5
PG,land,1968,-0.2
PG,land,1969,-0.1
PG,land,1970,0.1
PG,land,1971,-0.1
PG,land,1972,-0.5
PG,land,1973,0.1
PG,land,1974,-0.2
PG,land,1975,-0.1
PG,land,1976,-0.3
PG,land,1977,-0.3
PG,land,1978,0
PG,land,1979,-0.1
PG,land,1980,-0.2
PG,land,1981,0.1
PG,land,1982,-0.5
PG,land,1983,0
PG,land,1984,-0.1
PG,land,1985,0
PG,land,1986,0
PG,land,1987,-0.1
PG,land,1988,0.3
PG,land,1989,0.2
PG,land,1990,0
PG,land,1991,-0.1
PG,land,1992,-0.2
PG,land,1993,-0.4
PG,land,1994,-0.2
PG,land,1995,0.2
PG,land,1996,0.4
PG,land,1997,-0.2
PG,land,1998,0.6
PG,land,1999,0.2
PG,land,2000,0.2
PG,land,2001,0.3
PG,land,2002,0.3
PG,land,2003,0.3
PG,land,2004,0.1
PG,land,2005,0.3
PG,land,2006,0.1
PG,land,2007,0.3
PG,land,2008,0.2
PG,land,2009,0.4
PG,land,2010,0.7
PG,land,2011,0.3
PG,land,2012,0.2
PG,land,2013,0.4
PG,land,2014,0.2
PG,land,2015,0.2
PG,land,2016,0.8
PG,land,2017,0.7
PG,land,2018,0.5
PG,land,2019,0.2
PG,land,2020,0.7
PG,land,2021,0.7
PG,land,2022,0.9
PG,land,2023,0.6
PG,land,2024,1
PG,land,2025,1.1
WS,land,1850,0.1
WS,land,1851,-0.3
WS,land,1852,0
WS,land,1853,0.3
WS,land,1854,0.1
WS,land,1855,-0.2
WS,land,1856,-0.2
WS,land,1857,-0.5
WS,land,1858,-0.2
WS,land,1859,0.1
WS,land,1860,-0.3
WS,land,1861,-0.6
WS,land,1862,-0.4
WS,land,1863,-0.4
WS,land,1864,-0.3
WS,land,1865,-0.3
WS,land,1866,-0.3
WS,land,1867,-0.2
WS,land,1868,-0.2
WS,land,1869,-0.1
WS,land,1870,-0.4
WS,land,1871,-0.1
WS,land,1872,-0.1
WS,land,1873,-0.5
WS,land,1874,-0.1
WS,land,1875,-0.2
WS,land,1876,-0.2
WS,land,1877,-0.2
WS,land,1878,-0.2
WS,land,1879,-0.4
WS,land,1880,-0.3
WS,land,1881,0.1
WS,land,1882,0
WS,land,1883,-0.4
WS,land,1884,-0.4
WS,land,1885,-0.5
WS,land,1886,-0.4
WS,land,1887,-0.4
WS,land,1888,-0.1
WS,land,1889,-0.2
WS,land,1890,-0.5
WS,land,1891,-0.4
WS,land,1892,-0.3
WS,land,1893,-0.7
WS,land,1894,-0.3
WS,land,1895,-0.2
WS,land,1896,-0.3
WS,land,1897,-0.2
WS,land,1898,-0.3
WS,land,1899,-0.2
WS,land,1900,0.2
WS,land,1901,0.1
WS,land,1902,-0.4
WS,land,1903,-0.2
WS,land,1904,-0.6
WS,land,1905,-0.4
WS,land,1906,-0.3
WS,land,1907,-0.4
WS,land,1908,-0.5
WS,land,1909,-0.8
WS,land,1910,-0.9
WS,land,1911,-0.6
WS,land,1912,-0.3
WS,land,1913,-0.5
WS,land,1914,-0.3
WS,land,1915,-0.2
WS,land,1916,-0.5
WS,land,1917,-1.1
WS,land,1918,-0.6
WS,land,1919,-0.8
WS,land,1920,-0.5
WS,land,1921,-0.5
WS,land,1922,-0.2
WS,land,1923,-0.4
WS,land,1924,-0.2
WS,land,1925,-0.3
WS,land,1926,-0.2
WS,land,1927,-0.4
WS,land,1928,-0.3
WS,land,1929,-0.3
WS,land,1930,-0.3
WS,land,1931,-0.2
WS,land,1932,-0.2
WS,land,1933,-0.6
WS,land,1934,-0.4
WS,land,1935,-0.4
WS,land,1936,-0.3
WS,land,1937,-0.3
WS,land,1938,-0.4
WS,land,1939,-0.6
WS,land,1940,0
WS,land,1941,0.1
WS,land,1942,0
WS,land,1943,-0.1
WS,land,1944,0.1
WS,land,1945,0.1
WS,land,1946,0.2
WS,land,1947,0.1
WS,land,1948,-0.2
WS,land,1949,-0.2
WS,land,1950,-0.4
WS,land,1951,-0.1
WS,land,1952,0
WS,land,1953,0.1
WS,land,1954,-0.1
WS,land,1955,-0.4
WS,land,1956,-0.4
WS,land,1957,-0.2
WS,land,1958,0
WS,land,1959,0.1
WS,land,1960,-0.1
WS,land,1961,0
WS,land,1962,-0.1
WS,land,1963,0
WS,land,1964,-0.2
WS,land,1965,-0.3
WS,land,1966,0.1
WS,land,1967,-0.3
WS,land,1968,-0.1
WS,land,1969,0.3
WS,land,1970,0
WS,land,1971,-0.3
WS,land,1972,-0.2
WS,land,1973,0
WS,land,1974,-0.4
WS,land,1975,-0.4
WS,land,1976,-0.4
WS,land,1977,0
WS,land,1978,0
WS,land,1979,0
WS,land,1980,0.2
WS,land,1981,-0.1
WS,land,1982,0
WS,land,1983,-0.2
WS,land,1984,0
WS,land,1985,-0.2
WS,land,1986,0
WS,land,1987,0
WS,land,1988,0.1
WS,land,1989,-0.2
WS,land,1990,0.1
WS,land,1991,0.4
WS,land,1992,0.2
WS,land,1993,0.1
WS,land,1994,0.3
WS,land,1995,0.3
WS,land,1996,0.1
WS,land,1997,-0.1
WS,land,1998,-0.2
WS,land,1999,0
WS,land,2000,0.2
WS,land,2001,0.2
WS,land,2002,0.4
WS,land,2003,0.5
WS,land,2004,0.5
WS,land,2005,0.6
WS,land,2006,0.5
WS,land,2007,0.5
WS,land,2008,0
WS,land,2009,0.4
WS,land,2010,0.4
WS,land,2011,0
WS,land,2012,0.4
WS,land,2013,0.5
WS,land,2014,0.6
WS,land,2015,0.5
WS,land,2016,0.6
WS,land,2017,0.6
WS,land,2018,0.6
WS,land,2019,0.7
WS,land,2020,0.6
WS,land,2021,0.3
WS,land,2022,0.2
WS,land,2023,0.6
WS,land,2024,0.8
WS,land,2025,0.5
TK,rain,1979,-14.2
TK,rain,1980,-8.3
TK,rain,1981,6.1
TK,rain,1982,-5.5
TK,rain,1983,14.7
TK,rain,1984,0.6
TK,rain,1985,-6.8
TK,rain,1986,1.7
TK,rain,1987,35.4
TK,rain,1988,-6.3
TK,rain,1989,-9.9
TK,rain,1990,0.7
TK,rain,1991,-13.9
TK,rain,1992,8.1
TK,rain,1993,10.5
TK,rain,1994,8.5
TK,rain,1995,12.4
TK,rain,1996,-19.6
TK,rain,1997,21
TK,rain,1998,19.1
TK,rain,1999,-31.9
TK,rain,2000,-32.1
TK,rain,2001,9.1
TK,rain,2002,-3.1
TK,rain,2003,16.3
TK,rain,2004,9.6
TK,rain,2005,5
TK,rain,2006,-4.7
TK,rain,2007,19.3
TK,rain,2008,-31.2
TK,rain,2009,-24.9
TK,rain,2010,-3.8
TK,rain,2011,-38.3
TK,rain,2012,-4.8
TK,rain,2013,20.1
TK,rain,2014,9.2
TK,rain,2015,22.4
TK,rain,2016,10
TK,rain,2017,-5.9
TK,rain,2018,-16.7
TK,rain,2019,18.3
TK,rain,2020,12.2
TK,rain,2021,-38.8
TK,rain,2022,-30.8
TK,rain,2023,-9.6
TK,rain,2024,11
TK,rain,2025,-5.6
MH,rain,1979,-2.2
MH,rain,1980,-1.7
MH,rain,1981,-5.5
MH,rain,1982,3
MH,rain,1983,-24.6
MH,rain,1984,-25.9
MH,rain,1985,-5.2
MH,rain,1986,10.9
MH,rain,1987,2.7
MH,rain,1988,-15.7
MH,rain,1989,3.4
MH,rain,1990,9.1
MH,rain,1991,12.1
MH,rain,1992,-11
MH,rain,1993,5.6
MH,rain,1994,0.3
MH,rain,1995,3.7
MH,rain,1996,3.2
MH,rain,1997,20.7
MH,rain,1998,-20.2
MH,rain,1999,-10.9
MH,rain,2000,-1.7
MH,rain,2001,-7.3
MH,rain,2002,13.5
MH,rain,2003,3.7
MH,rain,2004,9.1
MH,rain,2005,-6.5
MH,rain,2006,-1.7
MH,rain,2007,-8
MH,rain,2008,-16.4
MH,rain,2009,-6.4
MH,rain,2010,-6.4
MH,rain,2011,2.8
MH,rain,2012,-15.3
MH,rain,2013,-5.2
MH,rain,2014,2.2
MH,rain,2015,17.9
MH,rain,2016,-6.5
MH,rain,2017,-3.2
MH,rain,2018,17.2
MH,rain,2019,7
MH,rain,2020,8
MH,rain,2021,-2.1
MH,rain,2022,8.1
MH,rain,2023,8.9
MH,rain,2024,3
MH,rain,2025,-4.3
WF,rain,1979,-19.2
WF,rain,1980,-12.8
WF,rain,1981,-9.4
WF,rain,1982,-1.8
WF,rain,1983,-24.8
WF,rain,1984,-5.2
WF,rain,1985,-7.3
WF,rain,1986,-5.7
WF,rain,1987,-22.4
WF,rain,1988,8.8
WF,rain,1989,-16.9
WF,rain,1990,0.8
WF,rain,1991,-5.9
WF,rain,1992,-5.8
WF,rain,1993,2.6
WF,rain,1994,-7.6
WF,rain,1995,2.3
WF,rain,1996,-10
WF,rain,1997,4.7
WF,rain,1998,-20.5
WF,rain,1999,6.6
WF,rain,2000,-5.5
WF,rain,2001,-10.4
WF,rain,2002,-5.3
WF,rain,2003,-7.8
WF,rain,2004,-0.4
WF,rain,2005,-3.8
WF,rain,2006,16.8
WF,rain,2007,8.4
WF,rain,2008,-8.7
WF,rain,2009,2.4
WF,rain,2010,-2.6
WF,rain,2011,-11.6
WF,rain,2012,-3.4
WF,rain,2013,13.9
WF,rain,2014,-5.1
WF,rain,2015,-14.9
WF,rain,2016,-5.2
WF,rain,2017,14.8
WF,rain,2018,8
WF,rain,2019,37.7
WF,rain,2020,16.1
WF,rain,2021,3.3
WF,rain,2022,-10.9
WF,rain,2023,-3.1
WF,rain,2024,-3.4
WF,rain,2025,13.8
SB,rain,1979,5.5
SB,rain,1980,6.8
SB,rain,1981,-6.7
SB,rain,1982,7.5
SB,rain,1983,-2.8
SB,rain,1984,1.5
SB,rain,1985,7.4
SB,rain,1986,-0.5
SB,rain,1987,-22
SB,rain,1988,1.7
SB,rain,1989,-11
SB,rain,1990,-7.9
SB,rain,1991,-3.3
SB,rain,1992,-18.9
SB,rain,1993,-20.4
SB,rain,1994,-8.4
SB,rain,1995,-12
SB,rain,1996,5.1
SB,rain,1997,-28
SB,rain,1998,-2.3
SB,rain,1999,-5.1
SB,rain,2000,4.4
SB,rain,2001,-0.7
SB,rain,2002,1.4
SB,rain,2003,-10.5
SB,rain,2004,3.5
SB,rain,2005,-10.3
SB,rain,2006,8.7
SB,rain,2007,-6.2
SB,rain,2008,-8.4
SB,rain,2009,8
SB,rain,2010,-3.9
SB,rain,2011,-4.3
SB,rain,2012,18.1
SB,rain,2013,7.5
SB,rain,2014,12.2
SB,rain,2015,13.2
SB,rain,2016,-1.5
SB,rain,2017,12
SB,rain,2018,14.8
SB,rain,2019,21.5
SB,rain,2020,13.8
SB,rain,2021,10.3
SB,rain,2022,-3.2
SB,rain,2023,24.4
SB,rain,2024,18
SB,rain,2025,6.1
MP,rain,1979,-7.6
MP,rain,1980,-5.9
MP,rain,1981,-5.9
MP,rain,1982,-6
MP,rain,1983,-20.3
MP,rain,1984,1.1
MP,rain,1985,-2.2
MP,rain,1986,3.4
MP,rain,1987,-10.8
MP,rain,1988,-16.5
MP,rain,1989,15
MP,rain,1990,17.7
MP,rain,1991,17
MP,rain,1992,-2.6
MP,rain,1993,-18.2
MP,rain,1994,3.6
MP,rain,1995,-6.8
MP,rain,1996,5.5
MP,rain,1997,3.6
MP,rain,1998,-27
MP,rain,1999,-11.3
MP,rain,2000,-13.2
MP,rain,2001,-2.1
MP,rain,2002,11.9
MP,rain,2003,3.6
MP,rain,2004,25.3
MP,rain,2005,6.1
MP,rain,2006,8.3
MP,rain,2007,2.5
MP,rain,2008,-18.6
MP,rain,2009,6.2
MP,rain,2010,-14.8
MP,rain,2011,6.1
MP,rain,2012,-3.8
MP,rain,2013,-7.9
MP,rain,2014,14.9
MP,rain,2015,17.1
MP,rain,2016,-4.2
MP,rain,2017,-7.5
MP,rain,2018,15.3
MP,rain,2019,3.4
MP,rain,2020,-12.4
MP,rain,2021,-8.9
MP,rain,2022,-2.5
MP,rain,2023,14
MP,rain,2024,0.2
MP,rain,2025,-12.8
PN,rain,1979,6.8
PN,rain,1980,-2.1
PN,rain,1981,-6.4
PN,rain,1982,0.3
PN,rain,1983,-6.2
PN,rain,1984,4.1
PN,rain,1985,3
PN,rain,1986,-1.6
PN,rain,1987,7.5
PN,rain,1988,-13.4
PN,rain,1989,-4
PN,rain,1990,2.7
PN,rain,1991,5.4
PN,rain,1992,12.7
PN,rain,1993,3.5
PN,rain,1994,15
PN,rain,1995,1.4
PN,rain,1996,-7.2
PN,rain,1997,-3
PN,rain,1998,-3.5
PN,rain,1999,-9.8
PN,rain,2000,-8.5
PN,rain,2001,3.7
PN,rain,2002,3.6
PN,rain,2003,7.6
PN,rain,2004,10.6
PN,rain,2005,11.8
PN,rain,2006,-11.9
PN,rain,2007,2
PN,rain,2008,-12.5
PN,rain,2009,-2.9
PN,rain,2010,-9.8
PN,rain,2011,-28.3
PN,rain,2012,24.2
PN,rain,2013,3
PN,rain,2014,-5.7
PN,rain,2015,-5.3
PN,rain,2016,6.4
PN,rain,2017,-3.5
PN,rain,2018,-10.5
PN,rain,2019,23.9
PN,rain,2020,-12.3
PN,rain,2021,-12.2
PN,rain,2022,-10.9
PN,rain,2023,0.6
PN,rain,2024,-5.1
PN,rain,2025,-7.6
VU,rain,1979,2.5
VU,rain,1980,-3.3
VU,rain,1981,-2.8
VU,rain,1982,-0.6
VU,rain,1983,-21.6
VU,rain,1984,8.3
VU,rain,1985,12.2
VU,rain,1986,-0.9
VU,rain,1987,-15.2
VU,rain,1988,29.9
VU,rain,1989,9.2
VU,rain,1990,-9.3
VU,rain,1991,-9.9
VU,rain,1992,-11.6
VU,rain,1993,-24.3
VU,rain,1994,-11.7
VU,rain,1995,-18.3
VU,rain,1996,4.5
VU,rain,1997,-16.9
VU,rain,1998,0.9
VU,rain,1999,22.6
VU,rain,2000,23.6
VU,rain,2001,1.8
VU,rain,2002,8.6
VU,rain,2003,-7.6
VU,rain,2004,-13.6
VU,rain,2005,-3.5
VU,rain,2006,-7.3
VU,rain,2007,7.2
VU,rain,2008,7.4
VU,rain,2009,5.9
VU,rain,2010,1.1
VU,rain,2011,17.7
VU,rain,2012,17.7
VU,rain,2013,9
VU,rain,2014,0.4
VU,rain,2015,-3.4
VU,rain,2016,-13.3
VU,rain,2017,1.7
VU,rain,2018,-0.3
VU,rain,2019,-2.4
VU,rain,2020,14.1
VU,rain,2021,11.9
VU,rain,2022,33.7
VU,rain,2023,8.7
VU,rain,2024,8
VU,rain,2025,-0.3
GU,rain,1979,-9.5
GU,rain,1980,-6.5
GU,rain,1981,-9.3
GU,rain,1982,-6.1
GU,rain,1983,-20.8
GU,rain,1984,2.4
GU,rain,1985,-2.2
GU,rain,1986,1.7
GU,rain,1987,-11
GU,rain,1988,-18.5
GU,rain,1989,1.2
GU,rain,1990,13.2
GU,rain,1991,7
GU,rain,1992,-5
GU,rain,1993,-15
GU,rain,1994,0.3
GU,rain,1995,-8.1
GU,rain,1996,3.7
GU,rain,1997,16.1
GU,rain,1998,-27
GU,rain,1999,-8.6
GU,rain,2000,-8.2
GU,rain,2001,-3.9
GU,rain,2002,8.9
GU,rain,2003,4.6
GU,rain,2004,18.3
GU,rain,2005,4.1
GU,rain,2006,8.8
GU,rain,2007,2.5
GU,rain,2008,-15.5
GU,rain,2009,11.2
GU,rain,2010,-13.6
GU,rain,2011,6.6
GU,rain,2012,4.8
GU,rain,2013,-5.5
GU,rain,2014,5
GU,rain,2015,15.2
GU,rain,2016,-8.2
GU,rain,2017,-0.7
GU,rain,2018,8.5
GU,rain,2019,6.2
GU,rain,2020,-12.4
GU,rain,2021,-5.4
GU,rain,2022,-1.3
GU,rain,2023,15.2
GU,rain,2024,-8.3
GU,rain,2025,-3.1
PF,rain,1979,4.7
PF,rain,1980,-3.3
PF,rain,1981,2.5
PF,rain,1982,-7
PF,rain,1983,1.7
PF,rain,1984,6.9
PF,rain,1985,4.4
PF,rain,1986,-0.8
PF,rain,1987,2.1
PF,rain,1988,-5.7
PF,rain,1989,-3.6
PF,rain,1990,-6
PF,rain,1991,-3.3
PF,rain,1992,4.5
PF,rain,1993,-0.6
PF,rain,1994,1.6
PF,rain,1995,7.8
PF,rain,1996,-5.2
PF,rain,1997,2.3
PF,rain,1998,20
PF,rain,1999,-9.3
PF,rain,2000,-2
PF,rain,2001,4.3
PF,rain,2002,-7
PF,rain,2003,6.8
PF,rain,2004,5.4
PF,rain,2005,-2.9
PF,rain,2006,-2.3
PF,rain,2007,3.1
PF,rain,2008,-14.6
PF,rain,2009,-5.2
PF,rain,2010,1.9
PF,rain,2011,-20.4
PF,rain,2012,-1.5
PF,rain,2013,1.5
PF,rain,2014,8.5
PF,rain,2015,-7.2
PF,rain,2016,9.7
PF,rain,2017,1.1
PF,rain,2018,-5.2
PF,rain,2019,14.6
PF,rain,2020,-6.5
PF,rain,2021,-14.9
PF,rain,2022,-9.6
PF,rain,2023,-1.3
PF,rain,2024,-0.4
PF,rain,2025,5.3
TO,rain,1979,-19.5
TO,rain,1980,-16.5
TO,rain,1981,-14.8
TO,rain,1982,-2.2
TO,rain,1983,-26
TO,rain,1984,-9.2
TO,rain,1985,-12.7
TO,rain,1986,-13.4
TO,rain,1987,-26.3
TO,rain,1988,3
TO,rain,1989,-10.7
TO,rain,1990,-3.6
TO,rain,1991,-8
TO,rain,1992,-10.5
TO,rain,1993,0.1
TO,rain,1994,-16.1
TO,rain,1995,-3.2
TO,rain,1996,-4.2
TO,rain,1997,-3.4
TO,rain,1998,-21.8
TO,rain,1999,12.7
TO,rain,2000,3.9
TO,rain,2001,-8
TO,rain,2002,-5.3
TO,rain,2003,-17
TO,rain,2004,-3.5
TO,rain,2005,4.9
TO,rain,2006,3.5
TO,rain,2007,7.6
TO,rain,2008,3.5
TO,rain,2009,1.3
TO,rain,2010,-2.8
TO,rain,2011,5.3
TO,rain,2012,8.1
TO,rain,2013,8.5
TO,rain,2014,1.1
TO,rain,2015,-21.5
TO,rain,2016,-4.3
TO,rain,2017,16.9
TO,rain,2018,7.8
TO,rain,2019,37
TO,rain,2020,7.3
TO,rain,2021,3.2
TO,rain,2022,1.4
TO,rain,2023,-10.9
TO,rain,2024,-2
TO,rain,2025,16.3
NC,rain,1979,-4.4
NC,rain,1980,-0.5
NC,rain,1981,9.1
NC,rain,1982,8.3
NC,rain,1983,-3.1
NC,rain,1984,16.2
NC,rain,1985,13.9
NC,rain,1986,8.9
NC,rain,1987,-14.8
NC,rain,1988,35.8
NC,rain,1989,37.3
NC,rain,1990,25.8
NC,rain,1991,-7.4
NC,rain,1992,6.3
NC,rain,1993,-10.2
NC,rain,1994,-12.7
NC,rain,1995,-0.5
NC,rain,1996,23.4
NC,rain,1997,-0.9
NC,rain,1998,11.3
NC,rain,1999,34.2
NC,rain,2000,9.9
NC,rain,2001,2
NC,rain,2002,8.4
NC,rain,2003,0.7
NC,rain,2004,-4
NC,rain,2005,1.1
NC,rain,2006,1.8
NC,rain,2007,5.3
NC,rain,2008,32.4
NC,rain,2009,9.7
NC,rain,2010,-10.8
NC,rain,2011,3.1
NC,rain,2012,-4.1
NC,rain,2013,-6.1
NC,rain,2014,-12.8
NC,rain,2015,-12.3
NC,rain,2016,-16
NC,rain,2017,-18.5
NC,rain,2018,-9.6
NC,rain,2019,-15.3
NC,rain,2020,-8.3
NC,rain,2021,3.5
NC,rain,2022,14.5
NC,rain,2023,-8.5
NC,rain,2024,-9.3
NC,rain,2025,-6.6
FM,rain,1979,7
FM,rain,1980,0.4
FM,rain,1981,-6.3
FM,rain,1982,-2.5
FM,rain,1983,-44.4
FM,rain,1984,-26.4
FM,rain,1985,-6.3
FM,rain,1986,19.5
FM,rain,1987,-1.1
FM,rain,1988,-11
FM,rain,1989,13.3
FM,rain,1990,5.4
FM,rain,1991,-10.9
FM,rain,1992,-33.4
FM,rain,1993,18.7
FM,rain,1994,-9.8
FM,rain,1995,-12.3
FM,rain,1996,-1.8
FM,rain,1997,-13.2
FM,rain,1998,-39.4
FM,rain,1999,15.2
FM,rain,2000,8.8
FM,rain,2001,0.9
FM,rain,2002,6.2
FM,rain,2003,-3.1
FM,rain,2004,8.6
FM,rain,2005,9.1
FM,rain,2006,4.8
FM,rain,2007,0.9
FM,rain,2008,-1.8
FM,rain,2009,8.9
FM,rain,2010,-7.8
FM,rain,2011,16.9
FM,rain,2012,1
FM,rain,2013,-2.4
FM,rain,2014,14.9
FM,rain,2015,-11.8
FM,rain,2016,-12.3
FM,rain,2017,5
FM,rain,2018,-0.4
FM,rain,2019,34.7
FM,rain,2020,5.6
FM,rain,2021,20.1
FM,rain,2022,4.6
FM,rain,2023,23.4
FM,rain,2024,8.7
FM,rain,2025,5.7
NU,rain,1979,-18.1
NU,rain,1980,-12.6
NU,rain,1981,-6
NU,rain,1982,-6.8
NU,rain,1983,-24.1
NU,rain,1984,-5.9
NU,rain,1985,-4.5
NU,rain,1986,-13.7
NU,rain,1987,-18.2
NU,rain,1988,20.8
NU,rain,1989,2
NU,rain,1990,-8.8
NU,rain,1991,-6.7
NU,rain,1992,-12.7
NU,rain,1993,-8.5
NU,rain,1994,-7.6
NU,rain,1995,-3
NU,rain,1996,5.3
NU,rain,1997,-23
NU,rain,1998,-23.5
NU,rain,1999,5.5
NU,rain,2000,0.8
NU,rain,2001,-7.9
NU,rain,2002,-18.7
NU,rain,2003,-6.6
NU,rain,2004,-5.4
NU,rain,2005,14.8
NU,rain,2006,16.5
NU,rain,2007,18.5
NU,rain,2008,19.7
NU,rain,2009,-1.6
NU,rain,2010,4.1
NU,rain,2011,-0.7
NU,rain,2012,6.7
NU,rain,2013,-1
NU,rain,2014,-11
NU,rain,2015,-10.4
NU,rain,2016,2
NU,rain,2017,13.6
NU,rain,2018,7.2
NU,rain,2019,20.7
NU,rain,2020,12.7
NU,rain,2021,-5.1
NU,rain,2022,-1.8
NU,rain,2023,5
NU,rain,2024,1.8
NU,rain,2025,11.6
PG,rain,1979,-11.1
PG,rain,1980,-2.8
PG,rain,1981,5.9
PG,rain,1982,-17.7
PG,rain,1983,13.1
PG,rain,1984,4.5
PG,rain,1985,10
PG,rain,1986,0.5
PG,rain,1987,-10
PG,rain,1988,11.8
PG,rain,1989,3.4
PG,rain,1990,3.2
PG,rain,1991,-8.1
PG,rain,1992,-14.3
PG,rain,1993,-18.7
PG,rain,1994,-10.2
PG,rain,1995,5
PG,rain,1996,-2.8
PG,rain,1997,-26.7
PG,rain,1998,12.3
PG,rain,1999,7.4
PG,rain,2000,5.5
PG,rain,2001,6
PG,rain,2002,-5.4
PG,rain,2003,1.2
PG,rain,2004,-9.2
PG,rain,2005,5.2
PG,rain,2006,1.3
PG,rain,2007,4.9
PG,rain,2008,9.6
PG,rain,2009,5.3
PG,rain,2010,10.1
PG,rain,2011,5.2
PG,rain,2012,7.6
PG,rain,2013,6.8
PG,rain,2014,-2.1
PG,rain,2015,-20.2
PG,rain,2016,1.2
PG,rain,2017,7
PG,rain,2018,-3.4
PG,rain,2019,22
PG,rain,2020,-2.4
PG,rain,2021,3.2
PG,rain,2022,-6.4
PG,rain,2023,0.2
PG,rain,2024,2.8
PG,rain,2025,11.5
PW,rain,1979,-17.6
PW,rain,1980,-12.2
PW,rain,1981,-10.4
PW,rain,1982,-23.1
PW,rain,1983,-29.4
PW,rain,1984,14.3
PW,rain,1985,13.9
PW,rain,1986,-3.9
PW,rain,1987,-18.5
PW,rain,1988,-3
PW,rain,1989,-10.6
PW,rain,1990,-14.5
PW,rain,1991,-12.6
PW,rain,1992,-19.2
PW,rain,1993,5.2
PW,rain,1994,3.3
PW,rain,1995,3.3
PW,rain,1996,2.7
PW,rain,1997,-25.4
PW,rain,1998,-22.5
PW,rain,1999,17.2
PW,rain,2000,19.8
PW,rain,2001,13.6
PW,rain,2002,-11.7
PW,rain,2003,-1.2
PW,rain,2004,-6.6
PW,rain,2005,7.6
PW,rain,2006,1.5
PW,rain,2007,-8.8
PW,rain,2008,-1.1
PW,rain,2009,20.5
PW,rain,2010,-20.3
PW,rain,2011,31.6
PW,rain,2012,13.5
PW,rain,2013,0.6
PW,rain,2014,21.1
PW,rain,2015,-25
PW,rain,2016,-6.3
PW,rain,2017,15.6
PW,rain,2018,-8.4
PW,rain,2019,-9.1
PW,rain,2020,1
PW,rain,2021,15.3
PW,rain,2022,9.3
PW,rain,2023,7.9
PW,rain,2024,-0.7
PW,rain,2025,9.7
WS,rain,1979,-19.5
WS,rain,1980,-8.4
WS,rain,1981,0.2
WS,rain,1982,-9.8
WS,rain,1983,-19.6
WS,rain,1984,0.9
WS,rain,1985,-7.5
WS,rain,1986,-5.5
WS,rain,1987,-8.2
WS,rain,1988,10.4
WS,rain,1989,-17.3
WS,rain,1990,2.8
WS,rain,1991,-8
WS,rain,1992,-4.8
WS,rain,1993,3.3
WS,rain,1994,3.9
WS,rain,1995,3
WS,rain,1996,-6.7
WS,rain,1997,1.1
WS,rain,1998,-21.2
WS,rain,1999,0
WS,rain,2000,-2.8
WS,rain,2001,1.2
WS,rain,2002,-2.4
WS,rain,2003,-5.6
WS,rain,2004,-7
WS,rain,2005,-5.1
WS,rain,2006,14.9
WS,rain,2007,6.3
WS,rain,2008,-11.1
WS,rain,2009,-9.4
WS,rain,2010,-1.9
WS,rain,2011,-11.1
WS,rain,2012,-6.9
WS,rain,2013,7.6
WS,rain,2014,0
WS,rain,2015,0.7
WS,rain,2016,0.3
WS,rain,2017,12.6
WS,rain,2018,1.3
WS,rain,2019,20.4
WS,rain,2020,27.3
WS,rain,2021,-18.1
WS,rain,2022,-20.7
WS,rain,2023,-3.2
WS,rain,2024,-1.8
WS,rain,2025,13.9
AS,rain,1979,-16.4
AS,rain,1980,-10.2
AS,rain,1981,0.7
AS,rain,1982,-13.2
AS,rain,1983,-16.6
AS,rain,1984,2.5
AS,rain,1985,-7.7
AS,rain,1986,-5.5
AS,rain,1987,-4
AS,rain,1988,9.4
AS,rain,1989,-13.5
AS,rain,1990,-0.3
AS,rain,1991,-11.1
AS,rain,1992,-9.2
AS,rain,1993,2.1
AS,rain,1994,6.7
AS,rain,1995,8.6
AS,rain,1996,-5.2
AS,rain,1997,0.8
AS,rain,1998,-18.9
AS,rain,1999,-4.6
AS,rain,2000,-8.3
AS,rain,2001,0.6
AS,rain,2002,-6.9
AS,rain,2003,2.5
AS,rain,2004,-7
AS,rain,2005,-0.3
AS,rain,2006,11.3
AS,rain,2007,10.7
AS,rain,2008,-10.9
AS,rain,2009,-11.1
AS,rain,2010,1.6
AS,rain,2011,-11.2
AS,rain,2012,-7.9
AS,rain,2013,4.9
AS,rain,2014,1
AS,rain,2015,5.7
AS,rain,2016,5.2
AS,rain,2017,8.2
AS,rain,2018,0.8
AS,rain,2019,21.2
AS,rain,2020,20.8
AS,rain,2021,-24.7
AS,rain,2022,-22.5
AS,rain,2023,-3.2
AS,rain,2024,2.9
AS,rain,2025,11.7
TV,rain,1979,-6.4
TV,rain,1980,-1.6
TV,rain,1981,-7.6
TV,rain,1982,4.3
TV,rain,1983,14.1
TV,rain,1984,-4.9
TV,rain,1985,-5.8
TV,rain,1986,-0.5
TV,rain,1987,37.3
TV,rain,1988,2.7
TV,rain,1989,-15.3
TV,rain,1990,-2.3
TV,rain,1991,-1.6
TV,rain,1992,10.7
TV,rain,1993,24.6
TV,rain,1994,10.2
TV,rain,1995,8.5
TV,rain,1996,-13.2
TV,rain,1997,21.7
TV,rain,1998,25.5
TV,rain,1999,-35.6
TV,rain,2000,-34.5
TV,rain,2001,-12.8
TV,rain,2002,6.8
TV,rain,2003,7.3
TV,rain,2004,2.3
TV,rain,2005,-1.7
TV,rain,2006,-2.7
TV,rain,2007,3.7
TV,rain,2008,-29.7
TV,rain,2009,-4.3
TV,rain,2010,-8
TV,rain,2011,-41.5
TV,rain,2012,-8
TV,rain,2013,8.5
TV,rain,2014,-3.7
TV,rain,2015,29.4
TV,rain,2016,5.9
TV,rain,2017,-1.6
TV,rain,2018,-9
TV,rain,2019,37.7
TV,rain,2020,5.2
TV,rain,2021,-15.2
TV,rain,2022,-35.8
TV,rain,2023,-12
TV,rain,2024,4.5
TV,rain,2025,-15.6
CK,rain,1979,-7.4
CK,rain,1980,-4.7
CK,rain,1981,5.5
CK,rain,1982,-18.8
CK,rain,1983,-11.2
CK,rain,1984,6.8
CK,rain,1985,0.1
CK,rain,1986,-6.3
CK,rain,1987,0.5
CK,rain,1988,22.2
CK,rain,1989,-11.6
CK,rain,1990,-4.7
CK,rain,1991,-9.9
CK,rain,1992,-6
CK,rain,1993,0.5
CK,rain,1994,-1.4
CK,rain,1995,6.7
CK,rain,1996,2.3
CK,rain,1997,-4.1
CK,rain,1998,-5.8
CK,rain,1999,1.3
CK,rain,2000,-13.9
CK,rain,2001,3.6
CK,rain,2002,-8.3
CK,rain,2003,12.4
CK,rain,2004,2
CK,rain,2005,12.4
CK,rain,2006,3.5
CK,rain,2007,4
CK,rain,2008,-7.3
CK,rain,2009,-3.8
CK,rain,2010,0.7
CK,rain,2011,-14.2
CK,rain,2012,-1.1
CK,rain,2013,-3.4
CK,rain,2014,3.1
CK,rain,2015,-5.9
CK,rain,2016,11.1
CK,rain,2017,-0.6
CK,rain,2018,1.1
CK,rain,2019,21.2
CK,rain,2020,-0.1
CK,rain,2021,-13.8
CK,rain,2022,-8.1
CK,rain,2023,-5.2
CK,rain,2024,3.7
CK,rain,2025,-7.2
FJ,rain,1979,4.7
FJ,rain,1980,11.9
FJ,rain,1981,4.7
FJ,rain,1982,7.7
FJ,rain,1983,-11.1
FJ,rain,1984,3.6
FJ,rain,1985,12.7
FJ,rain,1986,8.6
FJ,rain,1987,-21.8
FJ,rain,1988,6.5
FJ,rain,1989,6.2
FJ,rain,1990,0.2
FJ,rain,1991,-9.4
FJ,rain,1992,-15.3
FJ,rain,1993,-4.6
FJ,rain,1994,-9.7
FJ,rain,1995,-10.9
FJ,rain,1996,10.3
FJ,rain,1997,8.9
FJ,rain,1998,-24.2
FJ,rain,1999,19.6
FJ,rain,2000,21.7
FJ,rain,2001,-1.8
FJ,rain,2002,-0.1
FJ,rain,2003,-17.8
FJ,rain,2004,-10
FJ,rain,2005,-5.1
FJ,rain,2006,-10.9
FJ,rain,2007,10.9
FJ,rain,2008,5.4
FJ,rain,2009,14.4
FJ,rain,2010,0.2
FJ,rain,2011,10.5
FJ,rain,2012,23.9
FJ,rain,2013,8.1
FJ,rain,2014,-14.4
FJ,rain,2015,-21
FJ,rain,2016,-0.7
FJ,rain,2017,-2.1
FJ,rain,2018,1.8
FJ,rain,2019,19.9
FJ,rain,2020,2.1
FJ,rain,2021,8.1
FJ,rain,2022,12.7
FJ,rain,2023,-3.3
FJ,rain,2024,16.6
FJ,rain,2025,1.3
NR,rain,1979,21.6
NR,rain,1980,25.5
NR,rain,1981,4.5
NR,rain,1982,16.2
NR,rain,1983,-13.5
NR,rain,1984,-31.8
NR,rain,1985,-11.1
NR,rain,1986,18.2
NR,rain,1987,37.9
NR,rain,1988,-25.4
NR,rain,1989,-34.2
NR,rain,1990,27.4
NR,rain,1991,26.5
NR,rain,1992,40.5
NR,rain,1993,53.6
NR,rain,1994,7.8
NR,rain,1995,-14.3
NR,rain,1996,-43.3
NR,rain,1997,28.9
NR,rain,1998,-30.2
NR,rain,1999,-54.4
NR,rain,2000,-44.2
NR,rain,2001,-1.4
NR,rain,2002,46.1
NR,rain,2003,9.4
NR,rain,2004,26.4
NR,rain,2005,10
NR,rain,2006,-4.1
NR,rain,2007,-11.8
NR,rain,2008,-49.1
NR,rain,2009,3.6
NR,rain,2010,-6.8
NR,rain,2011,-42.4
NR,rain,2012,-9.6
NR,rain,2013,-17.5
NR,rain,2014,22.7
NR,rain,2015,49.5
NR,rain,2016,-5
NR,rain,2017,-22.2
NR,rain,2018,-9.7
NR,rain,2019,66.6
NR,rain,2020,-25.3
NR,rain,2021,-41.1
NR,rain,2022,-48
NR,rain,2023,11.1
NR,rain,2024,-13.5
NR,rain,2025,-41.8
KI,rain,1979,2.6
KI,rain,1980,1.5
KI,rain,1981,-2.8
KI,rain,1982,19.2
KI,rain,1983,11.1
KI,rain,1984,-19.9
KI,rain,1985,-12.6
KI,rain,1986,-0.4
KI,rain,1987,41.9
KI,rain,1988,-14
KI,rain,1989,-19.7
KI,rain,1990,10.4
KI,rain,1991,15.3
KI,rain,1992,37.3
KI,rain,1993,19.9
KI,rain,1994,1.5
KI,rain,1995,-18.4
KI,rain,1996,-25.2
KI,rain,1997,40.4
KI,rain,1998,-16.9
KI,rain,1999,-29.7
KI,rain,2000,-26.1
KI,rain,2001,-12.9
KI,rain,2002,25.4
KI,rain,2003,5
KI,rain,2004,-1.5
KI,rain,2005,-2.6
KI,rain,2006,-0.3
KI,rain,2007,-6.8
KI,rain,2008,-22.2
KI,rain,2009,2.9
KI,rain,2010,18.5
KI,rain,2011,-20.2
KI,rain,2012,-8.7
KI,rain,2013,-15
KI,rain,2014,4.9
KI,rain,2015,50.3
KI,rain,2016,13
KI,rain,2017,-24
KI,rain,2018,-20.1
KI,rain,2019,27.3
KI,rain,2020,-10.9
KI,rain,2021,-20.9
KI,rain,2022,-28
KI,rain,2023,16.7
KI,rain,2024,-4.6
KI,rain,2025,-22.3
