{
"type": "FeatureCollection",
"name": "nc_bureaux_reference_geolocalises",
"crs": { "type": "name", "properties": { "name": "urn:ogc:def:crs:OGC:1.3:CRS84" } },
"features": [
{ "type": "Feature", "properties": { "code_departement": 988.0, "code_commune": 98801.0, "commune": "Belep", "commune_norm": "BELEP", "code_bv": "0001", "bureau_nom": "Mairie", "bureau_nom_norm": "MAIRIE", "match_score": 0.7, "etablissement_nom": "Waala", "etablissement_adresse": "Belep", "etablissement_theme1": "LIEU_DIT_NC", "etablissement_theme2": "VILLE", "etablissement_theme3": null, "longitude": 163.64801105966379, "latitude": -19.712032770914679, "geo_source": "tribus_villages_nc", "iris_id": 3, "iris_codgeo": "101", "iris_libgeo": "Bélep" }, "geometry": { "type": "Point", "coordinates": [ 163.648011059663787, -19.712032770914679 ] } },
{ "type": "Feature", "properties": { "code_departement": 988.0, "code_commune": 98802.0, "commune": "Bouloupari", "commune_norm": "BOULOUPARI", "code_bv": "0001", "bureau_nom": "Mairie", "bureau_nom_norm": "MAIRIE", "match_score": 0.98, "etablissement_nom": "Mairie de Boulouparis", "etablissement_adresse": null, "etablissement_theme1": "ADMINISTRATION ET ORGANISME", "etablissement_theme2": "Administrations des collectivités", "etablissement_theme3": "Administration de la commune de Boulouparis", "longitude": 166.047711423762, "latitude": -21.865417554159201, "geo_source": "etablissements_publics_nc", "iris_id": 88, "iris_codgeo": "201", "iris_libgeo": "Boulouparis village" }, "geometry": { "type": "Point", "coordinates": [ 166.047711423761996, -21.865417554159201 ] } },
{ "type": "Feature", "properties": { "code_departement": 988.0, "code_commune": 98802.0, "commune": "Bouloupari", "commune_norm": "BOULOUPARI", "code_bv": "0002", "bureau_nom": "Centre Culturel", "bureau_nom_norm": "CENTRE CULTUREL", "match_score": 0.833, "etablissement_nom": "Centre Socioculturel", "etablissement_adresse": null, "etablissement_theme1": "CULTUREL ET SOCIO EDUCATIF", "etablissement_theme2": "Equipements socio-éducatifs et socio-culturels", "etablissement_theme3": "Foyer socio culturel", "longitude": 166.04903701584499, "latitude": -21.865435235001499, "geo_source": "etablissements_publics_nc", "iris_id": 88, "iris_codgeo": "201", "iris_libgeo": "Boulouparis village" }, "geometry": { "type": "Point", "coordinates": [ 166.049037015844988, -21.865435235001499 ] } },
{ "type": "Feature", "properties": { "code_departement": 988.0, "code_commune": 98802.0, "commune": "Bouloupari", "commune_norm": "BOULOUPARI", "code_bv": "0003", "bureau_nom": "Mairie (Maison des associations)", "bureau_nom_norm": "MAIRIE MAISON ASSOCIATIONS", "match_score": 0.93, "etablissement_nom": "Maison des Associations", "etablissement_adresse": null, "etablissement_theme1": "CULTUREL ET SOCIO EDUCATIF", "etablissement_theme2": "Equipements socio-éducatifs et socio-culturels", "etablissement_theme3": "Autre équipement socio-éducatif et socio-culturel", "longitude": 166.047082551458, "latitude": -21.8655893376649, "geo_source": "etablissements_publics_nc", "iris_id": 88, "iris_codgeo": "201", "iris_libgeo": "Boulouparis village" }, "geometry": { "type": "Point", "coordinates": [ 166.047082551458004, -21.8655893376649 ] } },
{ "type": "Feature", "properties": { "code_departement": 988.0, "code_commune": 98802.0, "commune": "Bouloupari", "commune_norm": "BOULOUPARI", "code_bv": "0004", "bureau_nom": "Centre culturel", "bureau_nom_norm": "CENTRE CULTUREL", "match_score": 0.833, "etablissement_nom": "Centre Socioculturel", "etablissement_adresse": null, "etablissement_theme1": "CULTUREL ET SOCIO EDUCATIF", "etablissement_theme2": "Equipements socio-éducatifs et socio-culturels", "etablissement_theme3": "Foyer socio culturel", "longitude": 166.04903701584499, "latitude": -21.865435235001499, "geo_source": "etablissements_publics_nc", "iris_id": 88, "iris_codgeo": "201", "iris_libgeo": "Boulouparis village" }, "geometry": { "type": "Point", "coordinates": [ 166.049037015844988, -21.865435235001499 ] } },
{ "type": "Feature", "properties": { "code_departement": 988.0, "code_commune": 98803.0, "commune": "Bourail", "commune_norm": "BOURAIL", "code_bv": "0001", "bureau_nom": "Mairie", "bureau_nom_norm": "MAIRIE", "match_score": 0.98, "etablissement_nom": "Mairie de Bourail", "etablissement_adresse": null, "etablissement_theme1": "ADMINISTRATION ET ORGANISME", "etablissement_theme2": "Administrations des collectivités", "etablissement_theme3": "Administration de la commune de Bourail", "longitude": 165.497503614793, "latitude": -21.568044420300399, "geo_source": "etablissements_publics_nc", "iris_id": 125, "iris_codgeo": "301", "iris_libgeo": "Bourail village" }, "geometry": { "type": "Point", "coordinates": [ 165.497503614793004, -21.568044420300399 ] } },
{ "type": "Feature", "properties": { "code_departement": 988.0, "code_commune": 98803.0, "commune": "Bourail", "commune_norm": "BOURAIL", "code_bv": "0002", "bureau_nom": "Pothé", "bureau_nom_norm": "POTHE", "match_score": 0.93, "etablissement_nom": "Ecole de Pothé", "etablissement_adresse": null, "etablissement_theme1": "ENSEIGNEMENT ET FORMATION", "etablissement_theme2": "Enseignement du premier degré", "etablissement_theme3": "Ecole pré-élémentaire", "longitude": 165.49190084729901, "latitude": -21.454733048100501, "geo_source": "etablissements_publics_nc", "iris_id": 128, "iris_codgeo": "305", "iris_libgeo": "Ny" }, "geometry": { "type": "Point", "coordinates": [ 165.491900847299007, -21.454733048100501 ] } },
{ "type": "Feature", "properties": { "code_departement": 988.0, "code_commune": 98803.0, "commune": "Bourail", "commune_norm": "BOURAIL", "code_bv": "0003", "bureau_nom": "Colisée", "bureau_nom_norm": "COLISEE", "match_score": 0.93, "etablissement_nom": "Le Colisée - Salle de spectacle", "etablissement_adresse": null, "etablissement_theme1": "CULTUREL ET SOCIO EDUCATIF", "etablissement_theme2": "Equipements culturels", "etablissement_theme3": "Salle de concert", "longitude": 165.49385205690999, "latitude": -21.565694004700699, "geo_source": "etablissements_publics_nc", "iris_id": 125, "iris_codgeo": "301", "iris_libgeo": "Bourail village" }, "geometry": { "type": "Point", "coordinates": [ 165.493852056909986, -21.565694004700699 ] } },
{ "type": "Feature", "properties": { "code_departement": 988.0, "code_commune": 98803.0, "commune": "Bourail", "commune_norm": "BOURAIL", "code_bv": "0004", "bureau_nom": "École Les Lys d’Eau", "bureau_nom_norm": "ECOLE LYS D EAU", "match_score": 0.85, "etablissement_nom": "Ecole primaire Les Lys d'Eau", "etablissement_adresse": null, "etablissement_theme1": "ENSEIGNEMENT ET FORMATION", "etablissement_theme2": "Enseignement du premier degré", "etablissement_theme3": "Ecole primaire", "longitude": 165.49748641874999, "latitude": -21.573048325245502, "geo_source": "etablissements_publics_nc", "iris_id": 125, "iris_codgeo": "301", "iris_libgeo": "Bourail village" }, "geometry": { "type": "Point", "coordinates": [ 165.497486418749986, -21.573048325245502 ] } },
{ "type": "Feature", "properties": { "code_departement": 988.0, "code_commune": 98803.0, "commune": "Bourail", "commune_norm": "BOURAIL", "code_bv": "0005", "bureau_nom": "École Louise Michel", "bureau_nom_norm": "ECOLE LOUISE MICHEL", "match_score": 0.859, "etablissement_nom": "Ecole primaire Louise Michel", "etablissement_adresse": null, "etablissement_theme1": "ENSEIGNEMENT ET FORMATION", "etablissement_theme2": "Enseignement du premier degré", "etablissement_theme3": "Ecole primaire", "longitude": 165.497379452405, "latitude": -21.570455701570001, "geo_source": "etablissements_publics_nc", "iris_id": 125, "iris_codgeo": "301", "iris_libgeo": "Bourail village" }, "geometry": { "type": "Point", "coordinates": [ 165.497379452404999, -21.570455701570001 ] } },
{ "type": "Feature", "properties": { "code_departement": 988.0, "code_commune": 98804.0, "commune": "Canala", "commune_norm": "CANALA", "code_bv": "0001", "bureau_nom": "Mairie", "bureau_nom_norm": "MAIRIE", "match_score": 0.7, "etablissement_nom": "CANALA", "etablissement_adresse": "Canala", "etablissement_theme1": "LIEU_DIT_NC", "etablissement_theme2": "VILLE", "etablissement_theme3": "Xârâcùù", "longitude": 165.96392757417755, "latitude": -21.522084905801098, "geo_source": "tribus_villages_nc", "iris_id": 136, "iris_codgeo": "401", "iris_libgeo": "Canala village" }, "geometry": { "type": "Point", "coordinates": [ 165.963927574177546, -21.522084905801098 ] } },
{ "type": "Feature", "properties": { "code_departement": 988.0, "code_commune": 98804.0, "commune": "Canala", "commune_norm": "CANALA", "code_bv": "0002", "bureau_nom": "Nakéty", "bureau_nom_norm": "NAKETY", "match_score": 1.0, "etablissement_nom": "Nakéty", "etablissement_adresse": "Canala", "etablissement_theme1": "LIEU_DIT_NC", "etablissement_theme2": "TRIBU", "etablissement_theme3": "Nèkètè", "longitude": 166.04631481753384, "latitude": -21.542225440583419, "geo_source": "tribus_villages_nc", "iris_id": 137, "iris_codgeo": "403", "iris_libgeo": "Gélima - Nakéty" }, "geometry": { "type": "Point", "coordinates": [ 166.04631481753384, -21.542225440583419 ] } },
{ "type": "Feature", "properties": { "code_departement": 988.0, "code_commune": 98804.0, "commune": "Canala", "commune_norm": "CANALA", "code_bv": "0003", "bureau_nom": "Nanon", "bureau_nom_norm": "NANON", "match_score": 0.95, "etablissement_nom": "Nanon-Kénérou", "etablissement_adresse": "Canala", "etablissement_theme1": "LIEU_DIT_NC", "etablissement_theme2": "TRIBU", "etablissement_theme3": "Nèno - Kénéru", "longitude": 165.88480729759476, "latitude": -21.546697208816735, "geo_source": "tribus_villages_nc", "iris_id": 136, "iris_codgeo": "401", "iris_libgeo": "Canala village" }, "geometry": { "type": "Point", "coordinates": [ 165.884807297594762, -21.546697208816735 ] } },
{ "type": "Feature", "properties": { "code_departement": 988.0, "code_commune": 98804.0, "commune": "Canala", "commune_norm": "CANALA", "code_bv": "0004", "bureau_nom": "Méhoué", "bureau_nom_norm": "MEHOUE", "match_score": 1.0, "etablissement_nom": "Méhoué", "etablissement_adresse": "Canala", "etablissement_theme1": "LIEU_DIT_NC", "etablissement_theme2": "TRIBU", "etablissement_theme3": "Mèèwéé", "longitude": 165.9494172177474, "latitude": -21.519584864525211, "geo_source": "tribus_villages_nc", "iris_id": 136, "iris_codgeo": "401", "iris_libgeo": "Canala village" }, "geometry": { "type": "Point", "coordinates": [ 165.949417217747396, -21.519584864525211 ] } },
{ "type": "Feature", "properties": { "code_departement": 988.0, "code_commune": 98804.0, "commune": "Canala", "commune_norm": "CANALA", "code_bv": "0005", "bureau_nom": "Gélima", "bureau_nom_norm": "GELIMA", "match_score": 1.0, "etablissement_nom": "Gélima", "etablissement_adresse": "Canala", "etablissement_theme1": "LIEU_DIT_NC", "etablissement_theme2": "TRIBU", "etablissement_theme3": "Jari Mwâ", "longitude": 165.98151543430086, "latitude": -21.534392845846163, "geo_source": "tribus_villages_nc", "iris_id": 137, "iris_codgeo": "403", "iris_libgeo": "Gélima - Nakéty" }, "geometry": { "type": "Point", "coordinates": [ 165.98151543430086, -21.534392845846163 ] } },
{ "type": "Feature", "properties": { "code_departement": 988.0, "code_commune": 98804.0, "commune": "Canala", "commune_norm": "CANALA", "code_bv": "0006", "bureau_nom": "Mérénémé", "bureau_nom_norm": "MERENEME", "match_score": 1.0, "etablissement_nom": "Mérénémé", "etablissement_adresse": "Canala", "etablissement_theme1": "LIEU_DIT_NC", "etablissement_theme2": "TRIBU", "etablissement_theme3": null, "longitude": 165.92818615112122, "latitude": -21.514857403632252, "geo_source": "tribus_villages_nc", "iris_id": 136, "iris_codgeo": "401", "iris_libgeo": "Canala village" }, "geometry": { "type": "Point", "coordinates": [ 165.928186151121224, -21.514857403632252 ] } },
{ "type": "Feature", "properties": { "code_departement": 988.0, "code_commune": 98804.0, "commune": "Canala", "commune_norm": "CANALA", "code_bv": "0007", "bureau_nom": "Tenda Koumendi", "bureau_nom_norm": "TENDA KOUMENDI", "match_score": 1.0, "etablissement_nom": "Tenda", "etablissement_adresse": "Canala", "etablissement_theme1": "LIEU_DIT_NC", "etablissement_theme2": "TRIBU", "etablissement_theme3": "Tèda Nèxinyi", "longitude": 166.03563428874068, "latitude": -21.545648677139223, "geo_source": "tribus_villages_nc", "iris_id": 137, "iris_codgeo": "403", "iris_libgeo": "Gélima - Nakéty" }, "geometry": { "type": "Point", "coordinates": [ 166.035634288740681, -21.545648677139223 ] } },
{ "type": "Feature", "properties": { "code_departement": 988.0, "code_commune": 98805.0, "commune": "Dumbéa", "commune_norm": "DUMBEA", "code_bv": "0001", "bureau_nom": "Hôtel de Ville 1", "bureau_nom_norm": "MAIRIE", "match_score": 0.93, "etablissement_nom": "Mairie du Nord de Dumbéa", "etablissement_adresse": "777 ROUTE TERRITORIALE N°1", "etablissement_theme1": "ADMINISTRATION ET ORGANISME", "etablissement_theme2": "Administrations des collectivités", "etablissement_theme3": "Administration de la commune de Dumbéa", "longitude": 166.45750106583901, "latitude": -22.167546041782199, "geo_source": "etablissements_publics_nc", "iris_id": 149, "iris_codgeo": "512", "iris_libgeo": "Plaine de Koé" }, "geometry": { "type": "Point", "coordinates": [ 166.457501065839011, -22.167546041782199 ] } },
{ "type": "Feature", "properties": { "code_departement": 988.0, "code_commune": 98805.0, "commune": "Dumbéa", "commune_norm": "DUMBEA", "code_bv": "0002", "bureau_nom": "Hôtel de ville 2", "bureau_nom_norm": "MAIRIE", "match_score": 0.93, "etablissement_nom": "Mairie du Nord de Dumbéa", "etablissement_adresse": "777 ROUTE TERRITORIALE N°1", "etablissement_theme1": "ADMINISTRATION ET ORGANISME", "etablissement_theme2": "Administrations des collectivités", "etablissement_theme3": "Administration de la commune de Dumbéa", "longitude": 166.45750106583901, "latitude": -22.167546041782199, "geo_source": "etablissements_publics_nc", "iris_id": 149, "iris_codgeo": "512", "iris_libgeo": "Plaine de Koé" }, "geometry": { "type": "Point", "coordinates": [ 166.457501065839011, -22.167546041782199 ] } },
{ "type": "Feature", "properties": { "code_departement": 988.0, "code_commune": 98805.0, "commune": "Dumbéa", "commune_norm": "DUMBEA", "code_bv": "0003", "bureau_nom": "Hôtel de ville 3", "bureau_nom_norm": "MAIRIE", "match_score": 0.93, "etablissement_nom": "Mairie du Nord de Dumbéa", "etablissement_adresse": "777 ROUTE TERRITORIALE N°1", "etablissement_theme1": "ADMINISTRATION ET ORGANISME", "etablissement_theme2": "Administrations des collectivités", "etablissement_theme3": "Administration de la commune de Dumbéa", "longitude": 166.45750106583901, "latitude": -22.167546041782199, "geo_source": "etablissements_publics_nc", "iris_id": 149, "iris_codgeo": "512", "iris_libgeo": "Plaine de Koé" }, "geometry": { "type": "Point", "coordinates": [ 166.457501065839011, -22.167546041782199 ] } },
{ "type": "Feature", "properties": { "code_departement": 988.0, "code_commune": 98805.0, "commune": "Dumbéa", "commune_norm": "DUMBEA", "code_bv": "0004", "bureau_nom": "Ecole primaire Mainguet 1", "bureau_nom_norm": "ECOLE PRIMAIRE MAINGUET", "match_score": 0.952, "etablissement_nom": "Ecole primaire Jack Mainguet", "etablissement_adresse": "73 RUE JEAN FRANCOIS LAPEROUSE", "etablissement_theme1": "ENSEIGNEMENT ET FORMATION", "etablissement_theme2": "Enseignement du premier degré", "etablissement_theme3": "Ecole primaire", "longitude": 166.47458430592201, "latitude": -22.2148395317313, "geo_source": "etablissements_publics_nc", "iris_id": 138, "iris_codgeo": "501", "iris_libgeo": "Coeur de ville urbain" }, "geometry": { "type": "Point", "coordinates": [ 166.474584305922008, -22.2148395317313 ] } },
{ "type": "Feature", "properties": { "code_departement": 988.0, "code_commune": 98805.0, "commune": "Dumbéa", "commune_norm": "DUMBEA", "code_bv": "0005", "bureau_nom": "Ecole primaire Mainguet 2", "bureau_nom_norm": "ECOLE PRIMAIRE MAINGUET", "match_score": 0.952, "etablissement_nom": "Ecole primaire Jack Mainguet", "etablissement_adresse": "73 RUE JEAN FRANCOIS LAPEROUSE", "etablissement_theme1": "ENSEIGNEMENT ET FORMATION", "etablissement_theme2": "Enseignement du premier degré", "etablissement_theme3": "Ecole primaire", "longitude": 166.47458430592201, "latitude": -22.2148395317313, "geo_source": "etablissements_publics_nc", "iris_id": 138, "iris_codgeo": "501", "iris_libgeo": "Coeur de ville urbain" }, "geometry": { "type": "Point", "coordinates": [ 166.474584305922008, -22.2148395317313 ] } },
{ "type": "Feature", "properties": { "code_departement": 988.0, "code_commune": 98805.0, "commune": "Dumbéa", "commune_norm": "DUMBEA", "code_bv": "0006", "bureau_nom": "Maison de la jeunesse 1", "bureau_nom_norm": "MAISON JEUNESSE", "match_score": 1.0, "etablissement_nom": "Maison de la jeunesse", "etablissement_adresse": "26 AVENUE D'AUTEUIL", "etablissement_theme1": "CULTUREL ET SOCIO EDUCATIF", "etablissement_theme2": "Equipements culturels", "etablissement_theme3": "Centre culturel maison culturelle et centre d'art", "longitude": 166.474913290828, "latitude": -22.2056811434969, "geo_source": "etablissements_publics_nc", "iris_id": 144, "iris_codgeo": "507", "iris_libgeo": "Jacarandas II" }, "geometry": { "type": "Point", "coordinates": [ 166.474913290827999, -22.2056811434969 ] } },
{ "type": "Feature", "properties": { "code_departement": 988.0, "code_commune": 98805.0, "commune": "Dumbéa", "commune_norm": "DUMBEA", "code_bv": "0007", "bureau_nom": "Maison de la jeunesse 2", "bureau_nom_norm": "MAISON JEUNESSE", "match_score": 1.0, "etablissement_nom": "Maison de la jeunesse", "etablissement_adresse": "26 AVENUE D'AUTEUIL", "etablissement_theme1": "CULTUREL ET SOCIO EDUCATIF", "etablissement_theme2": "Equipements culturels", "etablissement_theme3": "Centre culturel maison culturelle et centre d'art", "longitude": 166.474913290828, "latitude": -22.2056811434969, "geo_source": "etablissements_publics_nc", "iris_id": 144, "iris_codgeo": "507", "iris_libgeo": "Jacarandas II" }, "geometry": { "type": "Point", "coordinates": [ 166.474913290827999, -22.2056811434969 ] } },
{ "type": "Feature", "properties": { "code_departement": 988.0, "code_commune": 98805.0, "commune": "Dumbéa", "commune_norm": "DUMBEA", "code_bv": "0008", "bureau_nom": "Centre culturel de Dumbéa 1", "bureau_nom_norm": "CENTRE CULTUREL DUMBEA", "match_score": 1.0, "etablissement_nom": "Centre culturel de Dumbéa", "etablissement_adresse": "56 AVENUE D'AUTEUIL", "etablissement_theme1": "CULTUREL ET SOCIO EDUCATIF", "etablissement_theme2": "Equipements culturels", "etablissement_theme3": "Centre culturel maison culturelle et centre d'art", "longitude": 166.47412614192399, "latitude": -22.208175933708102, "geo_source": "etablissements_publics_nc", "iris_id": 140, "iris_codgeo": "503", "iris_libgeo": "Koutio Secal" }, "geometry": { "type": "Point", "coordinates": [ 166.474126141923989, -22.208175933708102 ] } },
{ "type": "Feature", "properties": { "code_departement": 988.0, "code_commune": 98805.0, "commune": "Dumbéa", "commune_norm": "DUMBEA", "code_bv": "0009", "bureau_nom": "Centre culturel de Dumbéa 2", "bureau_nom_norm": "CENTRE CULTUREL DUMBEA", "match_score": 1.0, "etablissement_nom": "Centre culturel de Dumbéa", "etablissement_adresse": "56 AVENUE D'AUTEUIL", "etablissement_theme1": "CULTUREL ET SOCIO EDUCATIF", "etablissement_theme2": "Equipements culturels", "etablissement_theme3": "Centre culturel maison culturelle et centre d'art", "longitude": 166.47412614192399, "latitude": -22.208175933708102, "geo_source": "etablissements_publics_nc", "iris_id": 140, "iris_codgeo": "503", "iris_libgeo": "Koutio Secal" }, "geometry": { "type": "Point", "coordinates": [ 166.474126141923989, -22.208175933708102 ] } },
{ "type": "Feature", "properties": { "code_departement": 988.0, "code_commune": 98805.0, "commune": "Dumbéa", "commune_norm": "DUMBEA", "code_bv": "0010", "bureau_nom": "Centre culturel de Dumbéa 3", "bureau_nom_norm": "CENTRE CULTUREL DUMBEA", "match_score": 1.0, "etablissement_nom": "Centre culturel de Dumbéa", "etablissement_adresse": "56 AVENUE D'AUTEUIL", "etablissement_theme1": "CULTUREL ET SOCIO EDUCATIF", "etablissement_theme2": "Equipements culturels", "etablissement_theme3": "Centre culturel maison culturelle et centre d'art", "longitude": 166.47412614192399, "latitude": -22.208175933708102, "geo_source": "etablissements_publics_nc", "iris_id": 140, "iris_codgeo": "503", "iris_libgeo": "Koutio Secal" }, "geometry": { "type": "Point", "coordinates": [ 166.474126141923989, -22.208175933708102 ] } },
{ "type": "Feature", "properties": { "code_departement": 988.0, "code_commune": 98805.0, "commune": "Dumbéa", "commune_norm": "DUMBEA", "code_bv": "0011", "bureau_nom": "Ecole primaire Gustave Clain 1", "bureau_nom_norm": "ECOLE PRIMAIRE GUSTAVE CLAIN", "match_score": 0.897, "etablissement_nom": "Ecole élémentaire Gustave Clain", "etablissement_adresse": "49 RUE JACQUES MONOD", "etablissement_theme1": "ENSEIGNEMENT ET FORMATION", "etablissement_theme2": "Enseignement du premier degré", "etablissement_theme3": "Ecole élémentaire", "longitude": 166.460870510376, "latitude": -22.2089353285944, "geo_source": "etablissements_publics_nc", "iris_id": 141, "iris_codgeo": "504", "iris_libgeo": "Koutio érudits" }, "geometry": { "type": "Point", "coordinates": [ 166.460870510375997, -22.2089353285944 ] } },
{ "type": "Feature", "properties": { "code_departement": 988.0, "code_commune": 98805.0, "commune": "Dumbéa", "commune_norm": "DUMBEA", "code_bv": "0012", "bureau_nom": "Ecole primaire Gustave Clain 2", "bureau_nom_norm": "ECOLE PRIMAIRE GUSTAVE CLAIN", "match_score": 0.897, "etablissement_nom": "Ecole élémentaire Gustave Clain", "etablissement_adresse": "49 RUE JACQUES MONOD", "etablissement_theme1": "ENSEIGNEMENT ET FORMATION", "etablissement_theme2": "Enseignement du premier degré", "etablissement_theme3": "Ecole élémentaire", "longitude": 166.460870510376, "latitude": -22.2089353285944, "geo_source": "etablissements_publics_nc", "iris_id": 141, "iris_codgeo": "504", "iris_libgeo": "Koutio érudits" }, "geometry": { "type": "Point", "coordinates": [ 166.460870510375997, -22.2089353285944 ] } },
{ "type": "Feature", "properties": { "code_departement": 988.0, "code_commune": 98805.0, "commune": "Dumbéa", "commune_norm": "DUMBEA", "code_bv": "0013", "bureau_nom": "Ecole maternelle l'Oasis 1", "bureau_nom_norm": "ECOLE MATERNELLE L OASIS", "match_score": 0.729, "etablissement_nom": "Ecole maternelle L'Oasis", "etablissement_adresse": "39 RUE JACQUES MONOD", "etablissement_theme1": "ENSEIGNEMENT ET FORMATION", "etablissement_theme2": "Enseignement du premier degré", "etablissement_theme3": "Ecole pré-élémentaire", "longitude": 166.46146095124601, "latitude": -22.208563434619599, "geo_source": "etablissements_publics_nc", "iris_id": 141, "iris_codgeo": "504", "iris_libgeo": "Koutio érudits" }, "geometry": { "type": "Point", "coordinates": [ 166.461460951246011, -22.208563434619599 ] } },
{ "type": "Feature", "properties": { "code_departement": 988.0, "code_commune": 98805.0, "commune": "Dumbéa", "commune_norm": "DUMBEA", "code_bv": "0014", "bureau_nom": "Ecole maternelle l'Oasis 2", "bureau_nom_norm": "ECOLE MATERNELLE L OASIS", "match_score": 0.729, "etablissement_nom": "Ecole maternelle L'Oasis", "etablissement_adresse": "39 RUE JACQUES MONOD", "etablissement_theme1": "ENSEIGNEMENT ET FORMATION", "etablissement_theme2": "Enseignement du premier degré", "etablissement_theme3": "Ecole pré-élémentaire", "longitude": 166.46146095124601, "latitude": -22.208563434619599, "geo_source": "etablissements_publics_nc", "iris_id": 141, "iris_codgeo": "504", "iris_libgeo": "Koutio érudits" }, "geometry": { "type": "Point", "coordinates": [ 166.461460951246011, -22.208563434619599 ] } },
{ "type": "Feature", "properties": { "code_departement": 988.0, "code_commune": 98805.0, "commune": "Dumbéa", "commune_norm": "DUMBEA", "code_bv": "0015", "bureau_nom": "Groupe scolaire Michelle Delacharlerie-Rolly 1", "bureau_nom_norm": "GROUPE SCOLAIRE MICHELLE DELACHARLERIE ROLLY", "match_score": 1.0, "etablissement_nom": "Groupe scolaire Michelle Delacharlerie-Rolly", "etablissement_adresse": "103 BOULEVARD DU RAIL CALEDONIEN", "etablissement_theme1": "ENSEIGNEMENT ET FORMATION", "etablissement_theme2": "Enseignement du premier degré", "etablissement_theme3": "Groupe scolaire", "longitude": 166.445998676866, "latitude": -22.201380396171501, "geo_source": "etablissements_publics_nc", "iris_id": 147, "iris_codgeo": "510", "iris_libgeo": "Dumbéa/mer Ouest" }, "geometry": { "type": "Point", "coordinates": [ 166.445998676865997, -22.201380396171501 ] } },
{ "type": "Feature", "properties": { "code_departement": 988.0, "code_commune": 98805.0, "commune": "Dumbéa", "commune_norm": "DUMBEA", "code_bv": "0016", "bureau_nom": "Groupe scolaire Michelle Delacharlerie-Rolly 2", "bureau_nom_norm": "GROUPE SCOLAIRE MICHELLE DELACHARLERIE ROLLY", "match_score": 1.0, "etablissement_nom": "Groupe scolaire Michelle Delacharlerie-Rolly", "etablissement_adresse": "103 BOULEVARD DU RAIL CALEDONIEN", "etablissement_theme1": "ENSEIGNEMENT ET FORMATION", "etablissement_theme2": "Enseignement du premier degré", "etablissement_theme3": "Groupe scolaire", "longitude": 166.445998676866, "latitude": -22.201380396171501, "geo_source": "etablissements_publics_nc", "iris_id": 147, "iris_codgeo": "510", "iris_libgeo": "Dumbéa/mer Ouest" }, "geometry": { "type": "Point", "coordinates": [ 166.445998676865997, -22.201380396171501 ] } },
{ "type": "Feature", "properties": { "code_departement": 988.0, "code_commune": 98805.0, "commune": "Dumbéa", "commune_norm": "DUMBEA", "code_bv": "0017", "bureau_nom": "Groupe scolaire Renée Fong 1", "bureau_nom_norm": "GROUPE SCOLAIRE RENEE FONG", "match_score": 1.0, "etablissement_nom": "Groupe scolaire Renée FONG", "etablissement_adresse": "2 BIS ALLEE JEAN-LOUIS MARIE", "etablissement_theme1": "ENSEIGNEMENT ET FORMATION", "etablissement_theme2": "Enseignement du premier degré", "etablissement_theme3": "Groupe scolaire", "longitude": 166.44418672501999, "latitude": -22.192372203396001, "geo_source": "etablissements_publics_nc", "iris_id": 148, "iris_codgeo": "511", "iris_libgeo": "Dumbea/mer Est - Plaine Adam" }, "geometry": { "type": "Point", "coordinates": [ 166.444186725019989, -22.192372203396001 ] } },
{ "type": "Feature", "properties": { "code_departement": 988.0, "code_commune": 98805.0, "commune": "Dumbéa", "commune_norm": "DUMBEA", "code_bv": "0018", "bureau_nom": "Groupe scolaire Renée Fong 2", "bureau_nom_norm": "GROUPE SCOLAIRE RENEE FONG", "match_score": 1.0, "etablissement_nom": "Groupe scolaire Renée FONG", "etablissement_adresse": "2 BIS ALLEE JEAN-LOUIS MARIE", "etablissement_theme1": "ENSEIGNEMENT ET FORMATION", "etablissement_theme2": "Enseignement du premier degré", "etablissement_theme3": "Groupe scolaire", "longitude": 166.44418672501999, "latitude": -22.192372203396001, "geo_source": "etablissements_publics_nc", "iris_id": 148, "iris_codgeo": "511", "iris_libgeo": "Dumbea/mer Est - Plaine Adam" }, "geometry": { "type": "Point", "coordinates": [ 166.444186725019989, -22.192372203396001 ] } },
{ "type": "Feature", "properties": { "code_departement": 988.0, "code_commune": 98805.0, "commune": "Dumbéa", "commune_norm": "DUMBEA", "code_bv": "0019", "bureau_nom": "Mairie du Nord 1", "bureau_nom_norm": "MAIRIE NORD", "match_score": 0.98, "etablissement_nom": "Mairie du Nord de Dumbéa", "etablissement_adresse": "777 ROUTE TERRITORIALE N°1", "etablissement_theme1": "ADMINISTRATION ET ORGANISME", "etablissement_theme2": "Administrations des collectivités", "etablissement_theme3": "Administration de la commune de Dumbéa", "longitude": 166.45750106583901, "latitude": -22.167546041782199, "geo_source": "etablissements_publics_nc", "iris_id": 149, "iris_codgeo": "512", "iris_libgeo": "Plaine de Koé" }, "geometry": { "type": "Point", "coordinates": [ 166.457501065839011, -22.167546041782199 ] } },
{ "type": "Feature", "properties": { "code_departement": 988.0, "code_commune": 98805.0, "commune": "Dumbéa", "commune_norm": "DUMBEA", "code_bv": "0020", "bureau_nom": "Mairie du Nord 2", "bureau_nom_norm": "MAIRIE NORD", "match_score": 0.98, "etablissement_nom": "Mairie du Nord de Dumbéa", "etablissement_adresse": "777 ROUTE TERRITORIALE N°1", "etablissement_theme1": "ADMINISTRATION ET ORGANISME", "etablissement_theme2": "Administrations des collectivités", "etablissement_theme3": "Administration de la commune de Dumbéa", "longitude": 166.45750106583901, "latitude": -22.167546041782199, "geo_source": "etablissements_publics_nc", "iris_id": 149, "iris_codgeo": "512", "iris_libgeo": "Plaine de Koé" }, "geometry": { "type": "Point", "coordinates": [ 166.457501065839011, -22.167546041782199 ] } },
{ "type": "Feature", "properties": { "code_departement": 988.0, "code_commune": 98805.0, "commune": "Dumbéa", "commune_norm": "DUMBEA", "code_bv": "0021", "bureau_nom": "Mairie du Nord 3", "bureau_nom_norm": "MAIRIE NORD", "match_score": 0.98, "etablissement_nom": "Mairie du Nord de Dumbéa", "etablissement_adresse": "777 ROUTE TERRITORIALE N°1", "etablissement_theme1": "ADMINISTRATION ET ORGANISME", "etablissement_theme2": "Administrations des collectivités", "etablissement_theme3": "Administration de la commune de Dumbéa", "longitude": 166.45750106583901, "latitude": -22.167546041782199, "geo_source": "etablissements_publics_nc", "iris_id": 149, "iris_codgeo": "512", "iris_libgeo": "Plaine de Koé" }, "geometry": { "type": "Point", "coordinates": [ 166.457501065839011, -22.167546041782199 ] } },
{ "type": "Feature", "properties": { "code_departement": 988.0, "code_commune": 98805.0, "commune": "Dumbéa", "commune_norm": "DUMBEA", "code_bv": "0022", "bureau_nom": "Ecole primaire Paul Duboisé 1", "bureau_nom_norm": "ECOLE PRIMAIRE PAUL DUBOISE", "match_score": 0.892, "etablissement_nom": "Ecole élémentaire Paul Duboise", "etablissement_adresse": "42 RUE DE L'ENTREE", "etablissement_theme1": "ENSEIGNEMENT ET FORMATION", "etablissement_theme2": "Enseignement du premier degré", "etablissement_theme3": "Ecole élémentaire", "longitude": 166.43484649083601, "latitude": -22.139934717158798, "geo_source": "etablissements_publics_nc", "iris_id": 152, "iris_codgeo": "515", "iris_libgeo": "Katiramona Sud" }, "geometry": { "type": "Point", "coordinates": [ 166.434846490836009, -22.139934717158798 ] } },
{ "type": "Feature", "properties": { "code_departement": 988.0, "code_commune": 98805.0, "commune": "Dumbéa", "commune_norm": "DUMBEA", "code_bv": "0023", "bureau_nom": "Ecole primaire Paul Duboisé 2", "bureau_nom_norm": "ECOLE PRIMAIRE PAUL DUBOISE", "match_score": 0.892, "etablissement_nom": "Ecole élémentaire Paul Duboise", "etablissement_adresse": "42 RUE DE L'ENTREE", "etablissement_theme1": "ENSEIGNEMENT ET FORMATION", "etablissement_theme2": "Enseignement du premier degré", "etablissement_theme3": "Ecole élémentaire", "longitude": 166.43484649083601, "latitude": -22.139934717158798, "geo_source": "etablissements_publics_nc", "iris_id": 152, "iris_codgeo": "515", "iris_libgeo": "Katiramona Sud" }, "geometry": { "type": "Point", "coordinates": [ 166.434846490836009, -22.139934717158798 ] } },
{ "type": "Feature", "properties": { "code_departement": 988.0, "code_commune": 98805.0, "commune": "Dumbéa", "commune_norm": "DUMBEA", "code_bv": "0024", "bureau_nom": "Ecole maternelle les Colibris", "bureau_nom_norm": "ECOLE MATERNELLE COLIBRIS", "match_score": 0.741, "etablissement_nom": "Ecole maternelle Les Colibris", "etablissement_adresse": "42 RUE DE L'ENTREE", "etablissement_theme1": "ENSEIGNEMENT ET FORMATION", "etablissement_theme2": "Enseignement du premier degré", "etablissement_theme3": "Ecole pré-élémentaire", "longitude": 166.43604716912401, "latitude": -22.139471008839202, "geo_source": "etablissements_publics_nc", "iris_id": 152, "iris_codgeo": "515", "iris_libgeo": "Katiramona Sud" }, "geometry": { "type": "Point", "coordinates": [ 166.436047169124009, -22.139471008839202 ] } },
{ "type": "Feature", "properties": { "code_departement": 988.0, "code_commune": 98805.0, "commune": "Dumbéa", "commune_norm": "DUMBEA", "code_bv": "0025", "bureau_nom": null, "bureau_nom_norm": null, "match_score": null, "etablissement_nom": "Ecole maternelle Les Colibris", "etablissement_adresse": "42 RUE DE L'ENTREE", "etablissement_theme1": "ENSEIGNEMENT ET FORMATION", "etablissement_theme2": "Enseignement du premier degré", "etablissement_theme3": "Ecole pré-élémentaire", "longitude": 166.43604716912401, "latitude": -22.139471008839202, "geo_source": "arrete_manual_etablissements", "iris_id": 152, "iris_codgeo": "515", "iris_libgeo": "Katiramona Sud" }, "geometry": { "type": "Point", "coordinates": [ 166.436047169124009, -22.139471008839202 ] } },
{ "type": "Feature", "properties": { "code_departement": 988.0, "code_commune": 98805.0, "commune": "Dumbéa", "commune_norm": "DUMBEA", "code_bv": "0026", "bureau_nom": null, "bureau_nom_norm": null, "match_score": null, "etablissement_nom": "Groupe Scolaire Frédéric-Louis Dorbritz", "etablissement_adresse": "39 RUE DE BRETAGNE", "etablissement_theme1": "ENSEIGNEMENT ET FORMATION", "etablissement_theme2": "Enseignement du premier degré", "etablissement_theme3": "Groupe scolaire", "longitude": 166.43753086508801, "latitude": -22.194493922625298, "geo_source": "arrete_manual_etablissements", "iris_id": 147, "iris_codgeo": "510", "iris_libgeo": "Dumbéa/mer Ouest" }, "geometry": { "type": "Point", "coordinates": [ 166.437530865088007, -22.194493922625298 ] } },
{ "type": "Feature", "properties": { "code_departement": 988.0, "code_commune": 98806.0, "commune": "Farino", "commune_norm": "FARINO", "code_bv": "0001", "bureau_nom": "Mairie", "bureau_nom_norm": "MAIRIE", "match_score": 0.7, "etablissement_nom": "FARINO", "etablissement_adresse": "Farino", "etablissement_theme1": "LIEU_DIT_NC", "etablissement_theme2": "VILLE", "etablissement_theme3": "Farinö", "longitude": 165.77595416144513, "latitude": -21.666848976720875, "geo_source": "tribus_villages_nc", "iris_id": 154, "iris_codgeo": "601", "iris_libgeo": "Farino" }, "geometry": { "type": "Point", "coordinates": [ 165.775954161445128, -21.666848976720875 ] } },
{ "type": "Feature", "properties": { "code_departement": 988.0, "code_commune": 98807.0, "commune": "Hienghène", "commune_norm": "HIENGHENE", "code_bv": "0001", "bureau_nom": "Mairie", "bureau_nom_norm": "MAIRIE", "match_score": 0.7, "etablissement_nom": "HIENGHENE", "etablissement_adresse": "Hienghène", "etablissement_theme1": "LIEU_DIT_NC", "etablissement_theme2": "VILLE", "etablissement_theme3": null, "longitude": 164.94565765433836, "latitude": -20.688834938182335, "geo_source": "tribus_villages_nc", "iris_id": 155, "iris_codgeo": "701", "iris_libgeo": "Hienghéne littoral" }, "geometry": { "type": "Point", "coordinates": [ 164.945657654338362, -20.688834938182335 ] } },
{ "type": "Feature", "properties": { "code_departement": 988.0, "code_commune": 98807.0, "commune": "Hienghène", "commune_norm": "HIENGHENE", "code_bv": "0002", "bureau_nom": "Tendo", "bureau_nom_norm": "TENDO", "match_score": 1.0, "etablissement_nom": "Tendo", "etablissement_adresse": "Hienghène", "etablissement_theme1": "LIEU_DIT_NC", "etablissement_theme2": "TRIBU", "etablissement_theme3": "Tnèdo", "longitude": 164.8162801367713, "latitude": -20.712732593363871, "geo_source": "tribus_villages_nc", "iris_id": 156, "iris_codgeo": "704", "iris_libgeo": "Tiendanite Ouayaguette" }, "geometry": { "type": "Point", "coordinates": [ 164.816280136771297, -20.712732593363871 ] } },
{ "type": "Feature", "properties": { "code_departement": 988.0, "code_commune": 98807.0, "commune": "Hienghène", "commune_norm": "HIENGHENE", "code_bv": "0003", "bureau_nom": "Bas-Coulna", "bureau_nom_norm": "BAS COULNA", "match_score": 1.0, "etablissement_nom": "Bas-Coulna", "etablissement_adresse": "Hienghène", "etablissement_theme1": "LIEU_DIT_NC", "etablissement_theme2": "TRIBU", "etablissement_theme3": "Wan Déuc", "longitude": 164.78261362354763, "latitude": -20.687835024386533, "geo_source": "tribus_villages_nc", "iris_id": 156, "iris_codgeo": "704", "iris_libgeo": "Tiendanite Ouayaguette" }, "geometry": { "type": "Point", "coordinates": [ 164.782613623547633, -20.687835024386533 ] } },
{ "type": "Feature", "properties": { "code_departement": 988.0, "code_commune": 98807.0, "commune": "Hienghène", "commune_norm": "HIENGHENE", "code_bv": "0004", "bureau_nom": "Haut-Coulna", "bureau_nom_norm": "HAUT COULNA", "match_score": 1.0, "etablissement_nom": "Haut-Coulna", "etablissement_adresse": "Hienghène", "etablissement_theme1": "LIEU_DIT_NC", "etablissement_theme2": "TRIBU", "etablissement_theme3": "Paana", "longitude": 164.7358564404401, "latitude": -20.63480876362534, "geo_source": "tribus_villages_nc", "iris_id": 156, "iris_codgeo": "704", "iris_libgeo": "Tiendanite Ouayaguette" }, "geometry": { "type": "Point", "coordinates": [ 164.735856440440102, -20.63480876362534 ] } },
{ "type": "Feature", "properties": { "code_departement": 988.0, "code_commune": 98807.0, "commune": "Hienghène", "commune_norm": "HIENGHENE", "code_bv": "0005", "bureau_nom": "Ouayaguette", "bureau_nom_norm": "OUAYAGUETTE", "match_score": 1.0, "etablissement_nom": "Ouayaguette", "etablissement_adresse": "Hienghène", "etablissement_theme1": "LIEU_DIT_NC", "etablissement_theme2": "TRIBU", "etablissement_theme3": "Wébia", "longitude": 164.6835205195477, "latitude": -20.659220188803257, "geo_source": "tribus_villages_nc", "iris_id": 156, "iris_codgeo": "704", "iris_libgeo": "Tiendanite Ouayaguette" }, "geometry": { "type": "Point", "coordinates": [ 164.683520519547699, -20.659220188803257 ] } },
{ "type": "Feature", "properties": { "code_departement": 988.0, "code_commune": 98807.0, "commune": "Hienghène", "commune_norm": "HIENGHENE", "code_bv": "0006", "bureau_nom": "Ouaième", "bureau_nom_norm": "OUAIEME", "match_score": 1.0, "etablissement_nom": "Ouaïème", "etablissement_adresse": "Hienghène", "etablissement_theme1": "LIEU_DIT_NC", "etablissement_theme2": "TRIBU", "etablissement_theme3": "Wâyém", "longitude": 164.84911233352278, "latitude": -20.61488125992091, "geo_source": "tribus_villages_nc", "iris_id": 155, "iris_codgeo": "701", "iris_libgeo": "Hienghéne littoral" }, "geometry": { "type": "Point", "coordinates": [ 164.849112333522783, -20.61488125992091 ] } },
{ "type": "Feature", "properties": { "code_departement": 988.0, "code_commune": 98807.0, "commune": "Hienghène", "commune_norm": "HIENGHENE", "code_bv": "0007", "bureau_nom": "Oué-Hawa", "bureau_nom_norm": "OUE HAWA", "match_score": 0.875, "etablissement_nom": "Oué-Hava", "etablissement_adresse": "Hienghène", "etablissement_theme1": "LIEU_DIT_NC", "etablissement_theme2": "TRIBU", "etablissement_theme3": "Wé Hava", "longitude": 165.03458545186362, "latitude": -20.765966185987494, "geo_source": "tribus_villages_nc", "iris_id": 156, "iris_codgeo": "704", "iris_libgeo": "Tiendanite Ouayaguette" }, "geometry": { "type": "Point", "coordinates": [ 165.03458545186362, -20.765966185987494 ] } },
{ "type": "Feature", "properties": { "code_departement": 988.0, "code_commune": 98807.0, "commune": "Hienghène", "commune_norm": "HIENGHENE", "code_bv": "0008", "bureau_nom": "Tiendanite", "bureau_nom_norm": "TIENDANITE", "match_score": 1.0, "etablissement_nom": "Tiendanite", "etablissement_adresse": "Hienghène", "etablissement_theme1": "LIEU_DIT_NC", "etablissement_theme2": "TRIBU", "etablissement_theme3": "Tândanit", "longitude": 164.89886872366239, "latitude": -20.758184415714261, "geo_source": "tribus_villages_nc", "iris_id": 156, "iris_codgeo": "704", "iris_libgeo": "Tiendanite Ouayaguette" }, "geometry": { "type": "Point", "coordinates": [ 164.898868723662389, -20.758184415714261 ] } },
{ "type": "Feature", "properties": { "code_departement": 988.0, "code_commune": 98807.0, "commune": "Hienghène", "commune_norm": "HIENGHENE", "code_bv": "0009", "bureau_nom": "Ouaré", "bureau_nom_norm": "OUARE", "match_score": 1.0, "etablissement_nom": "Ouaré", "etablissement_adresse": "Hienghène", "etablissement_theme1": "LIEU_DIT_NC", "etablissement_theme2": "TRIBU", "etablissement_theme3": "Waré", "longitude": 164.93523458965643, "latitude": -20.673024668353836, "geo_source": "tribus_villages_nc", "iris_id": 155, "iris_codgeo": "701", "iris_libgeo": "Hienghéne littoral" }, "geometry": { "type": "Point", "coordinates": [ 164.935234589656432, -20.673024668353836 ] } },
{ "type": "Feature", "properties": { "code_departement": 988.0, "code_commune": 98807.0, "commune": "Hienghène", "commune_norm": "HIENGHENE", "code_bv": "0010", "bureau_nom": "Léwarap", "bureau_nom_norm": "LEWARAP", "match_score": 1.0, "etablissement_nom": "Lewarap", "etablissement_adresse": "Hienghène", "etablissement_theme1": "LIEU_DIT_NC", "etablissement_theme2": "TRIBU", "etablissement_theme3": "Wérap", "longitude": 164.92837654735197, "latitude": -20.722390044785012, "geo_source": "tribus_villages_nc", "iris_id": 155, "iris_codgeo": "701", "iris_libgeo": "Hienghéne littoral" }, "geometry": { "type": "Point", "coordinates": [ 164.928376547351974, -20.722390044785012 ] } },
{ "type": "Feature", "properties": { "code_departement": 988.0, "code_commune": 98808.0, "commune": "Houaïlou", "commune_norm": "HOUAILOU", "code_bv": "0001", "bureau_nom": "Mairie", "bureau_nom_norm": "MAIRIE", "match_score": 0.7, "etablissement_nom": "HOUAÏLOU", "etablissement_adresse": "Houaïlou", "etablissement_theme1": "LIEU_DIT_NC", "etablissement_theme2": "VILLE", "etablissement_theme3": "Waa wi Luu", "longitude": 165.62609199092171, "latitude": -21.278284372962112, "geo_source": "tribus_villages_nc", "iris_id": 157, "iris_codgeo": "801", "iris_libgeo": "Houailou village" }, "geometry": { "type": "Point", "coordinates": [ 165.626091990921708, -21.278284372962112 ] } },
{ "type": "Feature", "properties": { "code_departement": 988.0, "code_commune": 98808.0, "commune": "Houaïlou", "commune_norm": "HOUAILOU", "code_bv": "0002", "bureau_nom": "Warai", "bureau_nom_norm": "WARAI", "match_score": 0.95, "etablissement_nom": "Kua", "etablissement_adresse": "Houaïlou", "etablissement_theme1": "LIEU_DIT_NC", "etablissement_theme2": "TRIBU", "etablissement_theme3": "Wa'", "longitude": 165.76989808558005, "latitude": -21.331248214356791, "geo_source": "tribus_villages_nc", "iris_id": 160, "iris_codgeo": "807", "iris_libgeo": "Boréaré - Coula - Karagreu" }, "geometry": { "type": "Point", "coordinates": [ 165.769898085580053, -21.331248214356791 ] } },
{ "type": "Feature", "properties": { "code_departement": 988.0, "code_commune": 98808.0, "commune": "Houaïlou", "commune_norm": "HOUAILOU", "code_bv": "0003", "bureau_nom": "Bâ", "bureau_nom_norm": "BA", "match_score": 1.0, "etablissement_nom": "Bâ", "etablissement_adresse": "Houaïlou", "etablissement_theme1": "LIEU_DIT_NC", "etablissement_theme2": "TRIBU", "etablissement_theme3": "Bwa", "longitude": 165.55842620966266, "latitude": -21.19827944865936, "geo_source": "tribus_villages_nc", "iris_id": 158, "iris_codgeo": "803", "iris_libgeo": "Warai" }, "geometry": { "type": "Point", "coordinates": [ 165.558426209662656, -21.19827944865936 ] } },
{ "type": "Feature", "properties": { "code_departement": 988.0, "code_commune": 98808.0, "commune": "Houaïlou", "commune_norm": "HOUAILOU", "code_bv": "0004", "bureau_nom": "Nessakoéa", "bureau_nom_norm": "NESSAKOEA", "match_score": 0.842, "etablissement_nom": "Nessa Kouya", "etablissement_adresse": "Houaïlou", "etablissement_theme1": "LIEU_DIT_NC", "etablissement_theme2": "TRIBU", "etablissement_theme3": "Nérhexa i Kwéaa", "longitude": 165.5267547278778, "latitude": -21.284219393735711, "geo_source": "tribus_villages_nc", "iris_id": 159, "iris_codgeo": "805", "iris_libgeo": "Nédivin - Bas Nindien" }, "geometry": { "type": "Point", "coordinates": [ 165.526754727877801, -21.284219393735711 ] } },
{ "type": "Feature", "properties": { "code_departement": 988.0, "code_commune": 98808.0, "commune": "Houaïlou", "commune_norm": "HOUAILOU", "code_bv": "0005", "bureau_nom": "Poro", "bureau_nom_norm": "PORO", "match_score": 1.0, "etablissement_nom": "Poro", "etablissement_adresse": "Houaïlou", "etablissement_theme1": "LIEU_DIT_NC", "etablissement_theme2": "LDH", "etablissement_theme3": "Pô Ro", "longitude": 165.70953015747588, "latitude": -21.302625116341769, "geo_source": "tribus_villages_nc", "iris_id": 157, "iris_codgeo": "801", "iris_libgeo": "Houailou village" }, "geometry": { "type": "Point", "coordinates": [ 165.709530157475882, -21.302625116341769 ] } },
{ "type": "Feature", "properties": { "code_departement": 988.0, "code_commune": 98808.0, "commune": "Houaïlou", "commune_norm": "HOUAILOU", "code_bv": "0006", "bureau_nom": "Coula", "bureau_nom_norm": "COULA", "match_score": 1.0, "etablissement_nom": "Coula", "etablissement_adresse": "Houaïlou", "etablissement_theme1": "LIEU_DIT_NC", "etablissement_theme2": "TRIBU", "etablissement_theme3": "Kuru raa", "longitude": 165.44899405604838, "latitude": -21.336853600338287, "geo_source": "tribus_villages_nc", "iris_id": 160, "iris_codgeo": "807", "iris_libgeo": "Boréaré - Coula - Karagreu" }, "geometry": { "type": "Point", "coordinates": [ 165.448994056048377, -21.336853600338287 ] } },
{ "type": "Feature", "properties": { "code_departement": 988.0, "code_commune": 98808.0, "commune": "Houaïlou", "commune_norm": "HOUAILOU", "code_bv": "0007", "bureau_nom": "Néaoua", "bureau_nom_norm": "NEAOUA", "match_score": 1.0, "etablissement_nom": "Néaoua", "etablissement_adresse": "Houaïlou", "etablissement_theme1": "LIEU_DIT_NC", "etablissement_theme2": "TRIBU", "etablissement_theme3": "Né awa", "longitude": 165.64550073139779, "latitude": -21.325531853592999, "geo_source": "tribus_villages_nc", "iris_id": 157, "iris_codgeo": "801", "iris_libgeo": "Houailou village" }, "geometry": { "type": "Point", "coordinates": [ 165.645500731397789, -21.325531853592999 ] } },
{ "type": "Feature", "properties": { "code_departement": 988.0, "code_commune": 98808.0, "commune": "Houaïlou", "commune_norm": "HOUAILOU", "code_bv": "0008", "bureau_nom": "Nédivin", "bureau_nom_norm": "NEDIVIN", "match_score": 1.0, "etablissement_nom": "Nédivin", "etablissement_adresse": "Houaïlou", "etablissement_theme1": "LIEU_DIT_NC", "etablissement_theme2": "TRIBU", "etablissement_theme3": "Nédii vârâ", "longitude": 165.57082158687447, "latitude": -21.289736384804883, "geo_source": "tribus_villages_nc", "iris_id": 159, "iris_codgeo": "805", "iris_libgeo": "Nédivin - Bas Nindien" }, "geometry": { "type": "Point", "coordinates": [ 165.570821586874473, -21.289736384804883 ] } },
{ "type": "Feature", "properties": { "code_departement": 988.0, "code_commune": 98809.0, "commune": "L'Ile-des-Pins", "commune_norm": "ILEDESPINS", "code_bv": "0001", "bureau_nom": "Mairie 1", "bureau_nom_norm": "MAIRIE", "match_score": null, "etablissement_nom": null, "etablissement_adresse": null, "etablissement_theme1": null, "etablissement_theme2": null, "etablissement_theme3": null, "longitude": 167.495819, "latitude": -22.66517, "geo_source": "tidygeocoder_osm", "iris_id": 161, "iris_codgeo": "901", "iris_libgeo": "Vao" }, "geometry": { "type": "Point", "coordinates": [ 167.495819, -22.66517 ] } },
{ "type": "Feature", "properties": { "code_departement": 988.0, "code_commune": 98809.0, "commune": "L'Ile-des-Pins", "commune_norm": "ILEDESPINS", "code_bv": "0002", "bureau_nom": "Bâtiment communal Point Information", "bureau_nom_norm": "BATIMENT COMMUNAL POINT INFORMATION", "match_score": null, "etablissement_nom": null, "etablissement_adresse": null, "etablissement_theme1": null, "etablissement_theme2": null, "etablissement_theme3": null, "longitude": 167.495819, "latitude": -22.66517, "geo_source": "tidygeocoder_osm", "iris_id": 161, "iris_codgeo": "901", "iris_libgeo": "Vao" }, "geometry": { "type": "Point", "coordinates": [ 167.495819, -22.66517 ] } },
{ "type": "Feature", "properties": { "code_departement": 988.0, "code_commune": 98810.0, "commune": "Kaala-Gomen", "commune_norm": "KAALAGOMEN", "code_bv": "0001", "bureau_nom": "Mairie", "bureau_nom_norm": "MAIRIE", "match_score": 0.98, "etablissement_nom": "Mairie de Kaala-Gomen", "etablissement_adresse": "804 Avenue de BWAPANU", "etablissement_theme1": "ADMINISTRATION ET ORGANISME", "etablissement_theme2": "Administrations des collectivités", "etablissement_theme3": "Administration de la commune de Kaala-Gomen", "longitude": 164.39718534597699, "latitude": -20.667131484302502, "geo_source": "etablissements_publics_nc", "iris_id": 1, "iris_codgeo": "1001", "iris_libgeo": "Kaala Gomen village et littoral" }, "geometry": { "type": "Point", "coordinates": [ 164.397185345976993, -20.667131484302502 ] } },
{ "type": "Feature", "properties": { "code_departement": 988.0, "code_commune": 98810.0, "commune": "Kaala-Gomen", "commune_norm": "KAALAGOMEN", "code_bv": "0002", "bureau_nom": "Ouéholle", "bureau_nom_norm": "OUEHOLLE", "match_score": 0.93, "etablissement_nom": "Ecole catholique de Ouéholle", "etablissement_adresse": null, "etablissement_theme1": "ENSEIGNEMENT ET FORMATION", "etablissement_theme2": "Enseignement du premier degré", "etablissement_theme3": "Ecole pré-élémentaire", "longitude": 164.54568096001199, "latitude": -20.6046276080457, "geo_source": "etablissements_publics_nc", "iris_id": 2, "iris_codgeo": "1004", "iris_libgeo": "Ouéholle - Ouémou - Kourou" }, "geometry": { "type": "Point", "coordinates": [ 164.545680960011993, -20.6046276080457 ] } },
{ "type": "Feature", "properties": { "code_departement": 988.0, "code_commune": 98810.0, "commune": "Kaala-Gomen", "commune_norm": "KAALAGOMEN", "code_bv": "0003", "bureau_nom": "Maison Païta", "bureau_nom_norm": "MAISON PAITA", "match_score": 0.688, "etablissement_nom": "Maison commune de Piata", "etablissement_adresse": null, "etablissement_theme1": "CULTUREL ET SOCIO EDUCATIF", "etablissement_theme2": "Equipements socio-éducatifs et socio-culturels", "etablissement_theme3": "Maison de jeune et maison de quartier", "longitude": 164.42651232076801, "latitude": -20.649463665398699, "geo_source": "etablissements_publics_nc", "iris_id": 1, "iris_codgeo": "1001", "iris_libgeo": "Kaala Gomen village et littoral" }, "geometry": { "type": "Point", "coordinates": [ 164.426512320768012, -20.649463665398699 ] } },
{ "type": "Feature", "properties": { "code_departement": 988.0, "code_commune": 98810.0, "commune": "Kaala-Gomen", "commune_norm": "KAALAGOMEN", "code_bv": "0004", "bureau_nom": "Maison Gamaï", "bureau_nom_norm": "MAISON GAMAI", "match_score": 0.75, "etablissement_nom": "Maison commune de Gamaï", "etablissement_adresse": null, "etablissement_theme1": "CULTUREL ET SOCIO EDUCATIF", "etablissement_theme2": "Equipements socio-éducatifs et socio-culturels", "etablissement_theme3": "Maison de jeune et maison de quartier", "longitude": 164.486749878062, "latitude": -20.694112640485599, "geo_source": "etablissements_publics_nc", "iris_id": 1, "iris_codgeo": "1001", "iris_libgeo": "Kaala Gomen village et littoral" }, "geometry": { "type": "Point", "coordinates": [ 164.486749878062, -20.694112640485599 ] } },
{ "type": "Feature", "properties": { "code_departement": 988.0, "code_commune": 98810.0, "commune": "Kaala-Gomen", "commune_norm": "KAALAGOMEN", "code_bv": "0005", "bureau_nom": "Maison Baoui", "bureau_nom_norm": "MAISON BAOUI", "match_score": 0.75, "etablissement_nom": "Maison commune de Baoui", "etablissement_adresse": null, "etablissement_theme1": "CULTUREL ET SOCIO EDUCATIF", "etablissement_theme2": "Equipements socio-éducatifs et socio-culturels", "etablissement_theme3": "Maison de jeune et maison de quartier", "longitude": 164.46355259748799, "latitude": -20.6891303658536, "geo_source": "etablissements_publics_nc", "iris_id": 1, "iris_codgeo": "1001", "iris_libgeo": "Kaala Gomen village et littoral" }, "geometry": { "type": "Point", "coordinates": [ 164.46355259748799, -20.6891303658536 ] } },
{ "type": "Feature", "properties": { "code_departement": 988.0, "code_commune": 98810.0, "commune": "Kaala-Gomen", "commune_norm": "KAALAGOMEN", "code_bv": "0006", "bureau_nom": "Ouaco", "bureau_nom_norm": "OUACO", "match_score": 0.93, "etablissement_nom": "Ecole de Ouaco", "etablissement_adresse": "185 Rue Victor ROFFEY", "etablissement_theme1": "ENSEIGNEMENT ET FORMATION", "etablissement_theme2": "Enseignement du premier degré", "etablissement_theme3": "Ecole élémentaire", "longitude": 164.47121597107801, "latitude": -20.8375035625753, "geo_source": "etablissements_publics_nc", "iris_id": 1, "iris_codgeo": "1001", "iris_libgeo": "Kaala Gomen village et littoral" }, "geometry": { "type": "Point", "coordinates": [ 164.47121597107801, -20.8375035625753 ] } },
{ "type": "Feature", "properties": { "code_departement": 988.0, "code_commune": 98811.0, "commune": "Koné", "commune_norm": "KONE", "code_bv": "0001", "bureau_nom": "Salle Au Pitiri", "bureau_nom_norm": "SALLE AU PITIRI", "match_score": 0.556, "etablissement_nom": "Plateau sportif de Téari", "etablissement_adresse": "AVENUE FOUE", "etablissement_theme1": "EQUIPEMENT SPORTIF", "etablissement_theme2": "Terrains sportifs normalisés", "etablissement_theme3": "Terrain polyvalent", "longitude": 164.86637512484299, "latitude": -21.074085090180599, "geo_source": "etablissements_publics_nc", "iris_id": 5, "iris_codgeo": "1102", "iris_libgeo": "Paiamboué - La Caférie - Foué" }, "geometry": { "type": "Point", "coordinates": [ 164.866375124842989, -21.074085090180599 ] } },
{ "type": "Feature", "properties": { "code_departement": 988.0, "code_commune": 98811.0, "commune": "Koné", "commune_norm": "KONE", "code_bv": "0002", "bureau_nom": "Poindah", "bureau_nom_norm": "POINDAH", "match_score": 0.93, "etablissement_nom": "Maison commune de Poindah", "etablissement_adresse": null, "etablissement_theme1": "CULTUREL ET SOCIO EDUCATIF", "etablissement_theme2": "Equipements socio-éducatifs et socio-culturels", "etablissement_theme3": "Maison de jeune et maison de quartier", "longitude": 164.964442641559, "latitude": -21.037210273801801, "geo_source": "etablissements_publics_nc", "iris_id": 7, "iris_codgeo": "1107", "iris_libgeo": "Poindah - Noelly - Néami - Netchaot" }, "geometry": { "type": "Point", "coordinates": [ 164.964442641559003, -21.037210273801801 ] } },
{ "type": "Feature", "properties": { "code_departement": 988.0, "code_commune": 98811.0, "commune": "Koné", "commune_norm": "KONE", "code_bv": "0003", "bureau_nom": "Netchaot", "bureau_nom_norm": "NETCHAOT", "match_score": 0.93, "etablissement_nom": "Ecole maternelle publique de Nétchaot", "etablissement_adresse": "Route du STADE de NETCHAOT", "etablissement_theme1": "ENSEIGNEMENT ET FORMATION", "etablissement_theme2": "Enseignement du premier degré", "etablissement_theme3": "Ecole pré-élémentaire", "longitude": 165.02290231754799, "latitude": -21.005415763133499, "geo_source": "etablissements_publics_nc", "iris_id": 7, "iris_codgeo": "1107", "iris_libgeo": "Poindah - Noelly - Néami - Netchaot" }, "geometry": { "type": "Point", "coordinates": [ 165.022902317547988, -21.005415763133499 ] } },
{ "type": "Feature", "properties": { "code_departement": 988.0, "code_commune": 98811.0, "commune": "Koné", "commune_norm": "KONE", "code_bv": "0004", "bureau_nom": "Tiaoué", "bureau_nom_norm": "TIAOUE", "match_score": 0.93, "etablissement_nom": "Ecole publique de Tiaoué", "etablissement_adresse": "RM5", "etablissement_theme1": "ENSEIGNEMENT ET FORMATION", "etablissement_theme2": "Enseignement du premier degré", "etablissement_theme3": "Ecole primaire", "longitude": 164.91680210800001, "latitude": -21.0000621217301, "geo_source": "etablissements_publics_nc", "iris_id": 7, "iris_codgeo": "1107", "iris_libgeo": "Poindah - Noelly - Néami - Netchaot" }, "geometry": { "type": "Point", "coordinates": [ 164.916802108000013, -21.0000621217301 ] } },
{ "type": "Feature", "properties": { "code_departement": 988.0, "code_commune": 98811.0, "commune": "Koné", "commune_norm": "KONE", "code_bv": "0005", "bureau_nom": "Atéou", "bureau_nom_norm": "ATEOU", "match_score": 0.93, "etablissement_nom": "Ecole publique d'Atéou", "etablissement_adresse": "Route de l'EGLISE d'ATEOU", "etablissement_theme1": "ENSEIGNEMENT ET FORMATION", "etablissement_theme2": "Enseignement du premier degré", "etablissement_theme3": "Ecole primaire", "longitude": 164.90654574925, "latitude": -20.950034354018801, "geo_source": "etablissements_publics_nc", "iris_id": 7, "iris_codgeo": "1107", "iris_libgeo": "Poindah - Noelly - Néami - Netchaot" }, "geometry": { "type": "Point", "coordinates": [ 164.90654574925, -20.950034354018801 ] } },
{ "type": "Feature", "properties": { "code_departement": 988.0, "code_commune": 98811.0, "commune": "Koné", "commune_norm": "KONE", "code_bv": "0006", "bureau_nom": "Bopope", "bureau_nom_norm": "BOPOPE", "match_score": 0.93, "etablissement_nom": "Ecole privée protestante Bopope", "etablissement_adresse": "ROUTE BOPOPE BOPOPE", "etablissement_theme1": "ENSEIGNEMENT ET FORMATION", "etablissement_theme2": "Enseignement du premier degré", "etablissement_theme3": "Ecole primaire", "longitude": 165.079714634727, "latitude": -20.917841505089498, "geo_source": "etablissements_publics_nc", "iris_id": 8, "iris_codgeo": "1108", "iris_libgeo": "Bopope" }, "geometry": { "type": "Point", "coordinates": [ 165.079714634726997, -20.917841505089498 ] } },
{ "type": "Feature", "properties": { "code_departement": 988.0, "code_commune": 98811.0, "commune": "Koné", "commune_norm": "KONE", "code_bv": "0007", "bureau_nom": "Néami", "bureau_nom_norm": "NEAMI", "match_score": 0.93, "etablissement_nom": "Ecole maternelle publique de Néami", "etablissement_adresse": "Route GOROPOADJILEI", "etablissement_theme1": "ENSEIGNEMENT ET FORMATION", "etablissement_theme2": "Enseignement du premier degré", "etablissement_theme3": "Ecole pré-élémentaire", "longitude": 164.971958124292, "latitude": -20.977983356452, "geo_source": "etablissements_publics_nc", "iris_id": 7, "iris_codgeo": "1107", "iris_libgeo": "Poindah - Noelly - Néami - Netchaot" }, "geometry": { "type": "Point", "coordinates": [ 164.971958124292001, -20.977983356452 ] } },
{ "type": "Feature", "properties": { "code_departement": 988.0, "code_commune": 98811.0, "commune": "Koné", "commune_norm": "KONE", "code_bv": "0008", "bureau_nom": "Baco", "bureau_nom_norm": "BACO", "match_score": 0.93, "etablissement_nom": "Maison commune de Baco", "etablissement_adresse": null, "etablissement_theme1": "CULTUREL ET SOCIO EDUCATIF", "etablissement_theme2": "Equipements socio-éducatifs et socio-culturels", "etablissement_theme3": "Maison de jeune et maison de quartier", "longitude": 164.89517717126401, "latitude": -21.0667090848805, "geo_source": "etablissements_publics_nc", "iris_id": 6, "iris_codgeo": "1103", "iris_libgeo": "Baco - Koniambo" }, "geometry": { "type": "Point", "coordinates": [ 164.89517717126401, -21.0667090848805 ] } },
{ "type": "Feature", "properties": { "code_departement": 988.0, "code_commune": 98811.0, "commune": "Koné", "commune_norm": "KONE", "code_bv": "0009", "bureau_nom": "École primaire Les Cigales", "bureau_nom_norm": "ECOLE PRIMAIRE CIGALES", "match_score": 0.88, "etablissement_nom": "Ecole publique Les Cigales", "etablissement_adresse": "12 RUE DES ABEILLES", "etablissement_theme1": "ENSEIGNEMENT ET FORMATION", "etablissement_theme2": "Enseignement du premier degré", "etablissement_theme3": "Ecole primaire", "longitude": 164.87015297619999, "latitude": -21.052151802293501, "geo_source": "etablissements_publics_nc", "iris_id": 4, "iris_codgeo": "1101", "iris_libgeo": "Koné village" }, "geometry": { "type": "Point", "coordinates": [ 164.870152976199989, -21.052151802293501 ] } },
{ "type": "Feature", "properties": { "code_departement": 988.0, "code_commune": 98811.0, "commune": "Koné", "commune_norm": "KONE", "code_bv": "0010", "bureau_nom": "Noëlly", "bureau_nom_norm": "NOELLY", "match_score": 0.93, "etablissement_nom": "Ecole maternelle publique de Noelly", "etablissement_adresse": "Route de l'ECOLE de NOELI", "etablissement_theme1": "ENSEIGNEMENT ET FORMATION", "etablissement_theme2": "Enseignement du premier degré", "etablissement_theme3": "Ecole pré-élémentaire", "longitude": 164.94753877336399, "latitude": -21.004875071098901, "geo_source": "etablissements_publics_nc", "iris_id": 7, "iris_codgeo": "1107", "iris_libgeo": "Poindah - Noelly - Néami - Netchaot" }, "geometry": { "type": "Point", "coordinates": [ 164.947538773363988, -21.004875071098901 ] } },
{ "type": "Feature", "properties": { "code_departement": 988.0, "code_commune": 98811.0, "commune": "Koné", "commune_norm": "KONE", "code_bv": "0011", "bureau_nom": "École Téari", "bureau_nom_norm": "ECOLE TEARI", "match_score": 0.636, "etablissement_nom": "Déchetterie", "etablissement_adresse": "5135 AVENUE DU LAPITA", "etablissement_theme1": "TRANSPORT ET DECHET", "etablissement_theme2": "Gestion des déchets", "etablissement_theme3": "Installation de stockage des déchets", "longitude": 164.82630681361999, "latitude": -21.055344277523801, "geo_source": "etablissements_publics_nc", "iris_id": 4, "iris_codgeo": "1101", "iris_libgeo": "Koné village" }, "geometry": { "type": "Point", "coordinates": [ 164.826306813619993, -21.055344277523801 ] } },
{ "type": "Feature", "properties": { "code_departement": 988.0, "code_commune": 98811.0, "commune": "Koné", "commune_norm": "KONE", "code_bv": "0012", "bureau_nom": "Les Allamandas", "bureau_nom_norm": "ALLAMANDAS", "match_score": 0.93, "etablissement_nom": "Ecole publique Les Allamandas", "etablissement_adresse": "242 RUE PAUL NAPOAREA", "etablissement_theme1": "ENSEIGNEMENT ET FORMATION", "etablissement_theme2": "Enseignement du premier degré", "etablissement_theme3": "Ecole primaire", "longitude": 164.85646111132101, "latitude": -21.052040276968, "geo_source": "etablissements_publics_nc", "iris_id": 4, "iris_codgeo": "1101", "iris_libgeo": "Koné village" }, "geometry": { "type": "Point", "coordinates": [ 164.856461111321011, -21.052040276968 ] } },
{ "type": "Feature", "properties": { "code_departement": 988.0, "code_commune": 98812.0, "commune": "Koumac", "commune_norm": "KOUMAC", "code_bv": "0001", "bureau_nom": "Mairie 1 et centralisateur", "bureau_nom_norm": "MAIRIE ET CENTRALISATEUR", "match_score": 0.99, "etablissement_nom": "Mairie de Koumac", "etablissement_adresse": null, "etablissement_theme1": "ADMINISTRATION ET ORGANISME", "etablissement_theme2": "Administrations des collectivités", "etablissement_theme3": "Administration de la commune de Koumac", "longitude": 164.28024142092701, "latitude": -20.560205045562402, "geo_source": "arrete_manual_etablissements", "iris_id": 9, "iris_codgeo": "1201", "iris_libgeo": "Koumac village" }, "geometry": { "type": "Point", "coordinates": [ 164.280241420927013, -20.560205045562402 ] } },
{ "type": "Feature", "properties": { "code_departement": 988.0, "code_commune": 98812.0, "commune": "Koumac", "commune_norm": "KOUMAC", "code_bv": "0002", "bureau_nom": "École primaire Charles Mermoud 2", "bureau_nom_norm": "ECOLE PRIMAIRE CHARLES MERMOUD", "match_score": 0.874, "etablissement_nom": "Ecole Charles MERMOUD", "etablissement_adresse": null, "etablissement_theme1": "ENSEIGNEMENT ET FORMATION", "etablissement_theme2": "Enseignement du premier degré", "etablissement_theme3": "Ecole primaire", "longitude": 164.28251959596801, "latitude": -20.557292981430599, "geo_source": "etablissements_publics_nc", "iris_id": 9, "iris_codgeo": "1201", "iris_libgeo": "Koumac village" }, "geometry": { "type": "Point", "coordinates": [ 164.282519595968012, -20.557292981430599 ] } },
{ "type": "Feature", "properties": { "code_departement": 988.0, "code_commune": 98813.0, "commune": "La Foa", "commune_norm": "LAFOA", "code_bv": "0001", "bureau_nom": "Centre socio-culturel", "bureau_nom_norm": "CENTRE SOCIO CULTUREL", "match_score": null, "etablissement_nom": null, "etablissement_adresse": null, "etablissement_theme1": null, "etablissement_theme2": null, "etablissement_theme3": null, "longitude": 165.82495689060195, "latitude": -21.708500844468237, "geo_source": "arrete_manual_tribus", "iris_id": 12, "iris_codgeo": "1301", "iris_libgeo": "La Foa village" }, "geometry": { "type": "Point", "coordinates": [ 165.824956890601953, -21.708500844468237 ] } },
{ "type": "Feature", "properties": { "code_departement": 988.0, "code_commune": 98813.0, "commune": "La Foa", "commune_norm": "LAFOA", "code_bv": "0002", "bureau_nom": "Centre socio-culturel", "bureau_nom_norm": "CENTRE SOCIO CULTUREL", "match_score": null, "etablissement_nom": null, "etablissement_adresse": null, "etablissement_theme1": null, "etablissement_theme2": null, "etablissement_theme3": null, "longitude": 165.82495689060195, "latitude": -21.708500844468237, "geo_source": "arrete_manual_tribus", "iris_id": 12, "iris_codgeo": "1301", "iris_libgeo": "La Foa village" }, "geometry": { "type": "Point", "coordinates": [ 165.824956890601953, -21.708500844468237 ] } },
{ "type": "Feature", "properties": { "code_departement": 988.0, "code_commune": 98813.0, "commune": "La Foa", "commune_norm": "LAFOA", "code_bv": "0003", "bureau_nom": "Centre socio-culturel", "bureau_nom_norm": "CENTRE SOCIO CULTUREL", "match_score": null, "etablissement_nom": null, "etablissement_adresse": null, "etablissement_theme1": null, "etablissement_theme2": null, "etablissement_theme3": null, "longitude": 165.82495689060195, "latitude": -21.708500844468237, "geo_source": "arrete_manual_tribus", "iris_id": 12, "iris_codgeo": "1301", "iris_libgeo": "La Foa village" }, "geometry": { "type": "Point", "coordinates": [ 165.824956890601953, -21.708500844468237 ] } },
{ "type": "Feature", "properties": { "code_departement": 988.0, "code_commune": 98813.0, "commune": "La Foa", "commune_norm": "LAFOA", "code_bv": "0004", "bureau_nom": "Centre socio-culturel", "bureau_nom_norm": "CENTRE SOCIO CULTUREL", "match_score": null, "etablissement_nom": null, "etablissement_adresse": null, "etablissement_theme1": null, "etablissement_theme2": null, "etablissement_theme3": null, "longitude": 165.82495689060195, "latitude": -21.708500844468237, "geo_source": "arrete_manual_tribus", "iris_id": 12, "iris_codgeo": "1301", "iris_libgeo": "La Foa village" }, "geometry": { "type": "Point", "coordinates": [ 165.824956890601953, -21.708500844468237 ] } },
{ "type": "Feature", "properties": { "code_departement": 988.0, "code_commune": 98814.0, "commune": "Lifou", "commune_norm": "LIFOU", "code_bv": "0001", "bureau_nom": "Faré des îles", "bureau_nom_norm": "FARE ILES", "match_score": null, "etablissement_nom": null, "etablissement_adresse": null, "etablissement_theme1": null, "etablissement_theme2": null, "etablissement_theme3": null, "longitude": 164.90118433656889, "latitude": -21.121493041727785, "geo_source": "arrete_manual_tribus", "iris_id": 112, "iris_codgeo": "2501", "iris_libgeo": "Pouembout village" }, "geometry": { "type": "Point", "coordinates": [ 164.901184336568889, -21.121493041727785 ] } },
{ "type": "Feature", "properties": { "code_departement": 988.0, "code_commune": 98814.0, "commune": "Lifou", "commune_norm": "LIFOU", "code_bv": "0002", "bureau_nom": "Xepenehe", "bureau_nom_norm": "XEPENEHE", "match_score": 1.0, "etablissement_nom": "Chépénéhé", "etablissement_adresse": "Lifou", "etablissement_theme1": "LIEU_DIT_NC", "etablissement_theme2": "TRIBU", "etablissement_theme3": "Xepenehe", "longitude": 167.15272048120752, "latitude": -20.782658990140551, "geo_source": "tribus_villages_nc", "iris_id": 16, "iris_codgeo": "1403", "iris_libgeo": "Wet" }, "geometry": { "type": "Point", "coordinates": [ 167.152720481207524, -20.782658990140551 ] } },
{ "type": "Feature", "properties": { "code_departement": 988.0, "code_commune": 98814.0, "commune": "Lifou", "commune_norm": "LIFOU", "code_bv": "0003", "bureau_nom": "Drueulu", "bureau_nom_norm": "DRUEULU", "match_score": 1.0, "etablissement_nom": "Douéoulou", "etablissement_adresse": "Lifou", "etablissement_theme1": "LIEU_DIT_NC", "etablissement_theme2": "TRIBU", "etablissement_theme3": "Drueulu", "longitude": 167.07853761275717, "latitude": -20.930242999544458, "geo_source": "tribus_villages_nc", "iris_id": 14, "iris_codgeo": "1401", "iris_libgeo": "Gaitcha" }, "geometry": { "type": "Point", "coordinates": [ 167.078537612757174, -20.930242999544458 ] } },
{ "type": "Feature", "properties": { "code_departement": 988.0, "code_commune": 98814.0, "commune": "Lifou", "commune_norm": "LIFOU", "code_bv": "0004", "bureau_nom": "Jozip", "bureau_nom_norm": "JOZIP", "match_score": 1.0, "etablissement_nom": "Jozip", "etablissement_adresse": "Lifou", "etablissement_theme1": "LIEU_DIT_NC", "etablissement_theme2": "TRIBU", "etablissement_theme3": null, "longitude": 167.34721888788647, "latitude": -20.940435542649407, "geo_source": "tribus_villages_nc", "iris_id": 15, "iris_codgeo": "1402", "iris_libgeo": "Lössi" }, "geometry": { "type": "Point", "coordinates": [ 167.34721888788647, -20.940435542649407 ] } },
{ "type": "Feature", "properties": { "code_departement": 988.0, "code_commune": 98814.0, "commune": "Lifou", "commune_norm": "LIFOU", "code_bv": "0005", "bureau_nom": "Jokin", "bureau_nom_norm": "JOKIN", "match_score": 1.0, "etablissement_nom": "Jokin", "etablissement_adresse": "Lifou", "etablissement_theme1": "LIEU_DIT_NC", "etablissement_theme2": "TRIBU", "etablissement_theme3": null, "longitude": 167.16447665584124, "latitude": -20.703384020726688, "geo_source": "tribus_villages_nc", "iris_id": 16, "iris_codgeo": "1403", "iris_libgeo": "Wet" }, "geometry": { "type": "Point", "coordinates": [ 167.164476655841241, -20.703384020726688 ] } },
{ "type": "Feature", "properties": { "code_departement": 988.0, "code_commune": 98814.0, "commune": "Lifou", "commune_norm": "LIFOU", "code_bv": "0006", "bureau_nom": "Hmelek", "bureau_nom_norm": "HMELEK", "match_score": 1.0, "etablissement_nom": "Hmelek", "etablissement_adresse": "Lifou", "etablissement_theme1": "LIEU_DIT_NC", "etablissement_theme2": "TRIBU", "etablissement_theme3": null, "longitude": 167.28575148149378, "latitude": -21.047986298100245, "geo_source": "tribus_villages_nc", "iris_id": 15, "iris_codgeo": "1402", "iris_libgeo": "Lössi" }, "geometry": { "type": "Point", "coordinates": [ 167.285751481493776, -21.047986298100245 ] } },
{ "type": "Feature", "properties": { "code_departement": 988.0, "code_commune": 98814.0, "commune": "Lifou", "commune_norm": "LIFOU", "code_bv": "0007", "bureau_nom": "Mou", "bureau_nom_norm": "MOU", "match_score": 1.0, "etablissement_nom": "Mou", "etablissement_adresse": "Lifou", "etablissement_theme1": "LIEU_DIT_NC", "etablissement_theme2": "TRIBU", "etablissement_theme3": "Mu", "longitude": 167.41341301025318, "latitude": -21.092299627592674, "geo_source": "tribus_villages_nc", "iris_id": 15, "iris_codgeo": "1402", "iris_libgeo": "Lössi" }, "geometry": { "type": "Point", "coordinates": [ 167.41341301025318, -21.092299627592674 ] } },
{ "type": "Feature", "properties": { "code_departement": 988.0, "code_commune": 98814.0, "commune": "Lifou", "commune_norm": "LIFOU", "code_bv": "0008", "bureau_nom": "Hnathalo", "bureau_nom_norm": "HNATHALO", "match_score": 0.75, "etablissement_nom": "Hnacaöm", "etablissement_adresse": "Lifou", "etablissement_theme1": "LIEU_DIT_NC", "etablissement_theme2": "TRIBU", "etablissement_theme3": null, "longitude": 167.20569292168463, "latitude": -20.721733725543348, "geo_source": "tribus_villages_nc", "iris_id": 16, "iris_codgeo": "1403", "iris_libgeo": "Wet" }, "geometry": { "type": "Point", "coordinates": [ 167.20569292168463, -20.721733725543348 ] } },
{ "type": "Feature", "properties": { "code_departement": 988.0, "code_commune": 98814.0, "commune": "Lifou", "commune_norm": "LIFOU", "code_bv": "0009", "bureau_nom": "Hnacaöm", "bureau_nom_norm": "HNACAOM", "match_score": 1.0, "etablissement_nom": "Hnacaöm", "etablissement_adresse": "Lifou", "etablissement_theme1": "LIEU_DIT_NC", "etablissement_theme2": "TRIBU", "etablissement_theme3": null, "longitude": 167.20569292168463, "latitude": -20.721733725543348, "geo_source": "tribus_villages_nc", "iris_id": 16, "iris_codgeo": "1403", "iris_libgeo": "Wet" }, "geometry": { "type": "Point", "coordinates": [ 167.20569292168463, -20.721733725543348 ] } },
{ "type": "Feature", "properties": { "code_departement": 988.0, "code_commune": 98814.0, "commune": "Lifou", "commune_norm": "LIFOU", "code_bv": "0010", "bureau_nom": "Siloam", "bureau_nom_norm": "SILOAM", "match_score": 1.0, "etablissement_nom": "Siloam", "etablissement_adresse": "Lifou", "etablissement_theme1": "LIEU_DIT_NC", "etablissement_theme2": "TRIBU", "etablissement_theme3": null, "longitude": 167.10495154784974, "latitude": -20.760134496022381, "geo_source": "tribus_villages_nc", "iris_id": 16, "iris_codgeo": "1403", "iris_libgeo": "Wet" }, "geometry": { "type": "Point", "coordinates": [ 167.104951547849737, -20.760134496022381 ] } },
{ "type": "Feature", "properties": { "code_departement": 988.0, "code_commune": 98814.0, "commune": "Lifou", "commune_norm": "LIFOU", "code_bv": "0011", "bureau_nom": "Wasany", "bureau_nom_norm": "WASANY", "match_score": 1.0, "etablissement_nom": "Wasany", "etablissement_adresse": "Lifou", "etablissement_theme1": "LIEU_DIT_NC", "etablissement_theme2": "TRIBU", "etablissement_theme3": null, "longitude": 167.37793880476198, "latitude": -21.007878667303661, "geo_source": "tribus_villages_nc", "iris_id": 15, "iris_codgeo": "1402", "iris_libgeo": "Lössi" }, "geometry": { "type": "Point", "coordinates": [ 167.377938804761982, -21.007878667303661 ] } },
{ "type": "Feature", "properties": { "code_departement": 988.0, "code_commune": 98814.0, "commune": "Lifou", "commune_norm": "LIFOU", "code_bv": "0012", "bureau_nom": "Tiga", "bureau_nom_norm": "TIGA", "match_score": 1.0, "etablissement_nom": "Tiga", "etablissement_adresse": "Lifou", "etablissement_theme1": "LIEU_DIT_NC", "etablissement_theme2": "TRIBU", "etablissement_theme3": "Toka", "longitude": 167.79672481501146, "latitude": -21.094104177809253, "geo_source": "tribus_villages_nc", "iris_id": 15, "iris_codgeo": "1402", "iris_libgeo": "Lössi" }, "geometry": { "type": "Point", "coordinates": [ 167.796724815011459, -21.094104177809253 ] } },
{ "type": "Feature", "properties": { "code_departement": 988.0, "code_commune": 98814.0, "commune": "Lifou", "commune_norm": "LIFOU", "code_bv": "0013", "bureau_nom": "Luecila", "bureau_nom_norm": "LUECILA", "match_score": 1.0, "etablissement_nom": "Luecila", "etablissement_adresse": "Lifou", "etablissement_theme1": "LIEU_DIT_NC", "etablissement_theme2": "TRIBU", "etablissement_theme3": null, "longitude": 167.25787949950455, "latitude": -20.900908884449866, "geo_source": "tribus_villages_nc", "iris_id": 16, "iris_codgeo": "1403", "iris_libgeo": "Wet" }, "geometry": { "type": "Point", "coordinates": [ 167.257879499504554, -20.900908884449866 ] } },
{ "type": "Feature", "properties": { "code_departement": 988.0, "code_commune": 98814.0, "commune": "Lifou", "commune_norm": "LIFOU", "code_bv": "0014", "bureau_nom": "Hapetra", "bureau_nom_norm": "HAPETRA", "match_score": 1.0, "etablissement_nom": "Hapetra", "etablissement_adresse": "Lifou", "etablissement_theme1": "LIEU_DIT_NC", "etablissement_theme2": "TRIBU", "etablissement_theme3": null, "longitude": 167.14706004416075, "latitude": -20.930253420487141, "geo_source": "tribus_villages_nc", "iris_id": 14, "iris_codgeo": "1401", "iris_libgeo": "Gaitcha" }, "geometry": { "type": "Point", "coordinates": [ 167.147060044160753, -20.930253420487141 ] } },
{ "type": "Feature", "properties": { "code_departement": 988.0, "code_commune": 98814.0, "commune": "Lifou", "commune_norm": "LIFOU", "code_bv": "0015", "bureau_nom": "Nang", "bureau_nom_norm": "NANG", "match_score": null, "etablissement_nom": null, "etablissement_adresse": null, "etablissement_theme1": null, "etablissement_theme2": null, "etablissement_theme3": null, "longitude": 167.22376432132651, "latitude": -20.782448209910559, "geo_source": "arrete_manual_tribus", "iris_id": 16, "iris_codgeo": "1403", "iris_libgeo": "Wet" }, "geometry": { "type": "Point", "coordinates": [ 167.223764321326513, -20.782448209910559 ] } },
{ "type": "Feature", "properties": { "code_departement": 988.0, "code_commune": 98814.0, "commune": "Lifou", "commune_norm": "LIFOU", "code_bv": "0016", "bureau_nom": "Xodre", "bureau_nom_norm": "XODRE", "match_score": 1.0, "etablissement_nom": "Xode", "etablissement_adresse": "Lifou", "etablissement_theme1": "LIEU_DIT_NC", "etablissement_theme2": "TRIBU", "etablissement_theme3": "Xodre", "longitude": 167.41059644422373, "latitude": -21.127373900931634, "geo_source": "tribus_villages_nc", "iris_id": 15, "iris_codgeo": "1402", "iris_libgeo": "Lössi" }, "geometry": { "type": "Point", "coordinates": [ 167.410596444223728, -21.127373900931634 ] } },
{ "type": "Feature", "properties": { "code_departement": 988.0, "code_commune": 98814.0, "commune": "Lifou", "commune_norm": "LIFOU", "code_bv": "0017", "bureau_nom": "Huiwatrul", "bureau_nom_norm": "HUIWATRUL", "match_score": 1.0, "etablissement_nom": "Huiwatrul", "etablissement_adresse": "Lifou", "etablissement_theme1": "LIEU_DIT_NC", "etablissement_theme2": "TRIBU", "etablissement_theme3": "Hunöj", "longitude": 167.34969330586503, "latitude": -21.090299188696775, "geo_source": "tribus_villages_nc", "iris_id": 15, "iris_codgeo": "1402", "iris_libgeo": "Lössi" }, "geometry": { "type": "Point", "coordinates": [ 167.349693305865031, -21.090299188696775 ] } },
{ "type": "Feature", "properties": { "code_departement": 988.0, "code_commune": 98814.0, "commune": "Lifou", "commune_norm": "LIFOU", "code_bv": "0018", "bureau_nom": "Wedrumel", "bureau_nom_norm": "WEDRUMEL", "match_score": 1.0, "etablissement_nom": "Wedumel", "etablissement_adresse": "Lifou", "etablissement_theme1": "LIEU_DIT_NC", "etablissement_theme2": "TRIBU", "etablissement_theme3": "Wedrumel", "longitude": 167.11095516275981, "latitude": -20.984726331890663, "geo_source": "tribus_villages_nc", "iris_id": 14, "iris_codgeo": "1401", "iris_libgeo": "Gaitcha" }, "geometry": { "type": "Point", "coordinates": [ 167.110955162759808, -20.984726331890663 ] } },
{ "type": "Feature", "properties": { "code_departement": 988.0, "code_commune": 98814.0, "commune": "Lifou", "commune_norm": "LIFOU", "code_bv": "0019", "bureau_nom": "Traput", "bureau_nom_norm": "TRAPUT", "match_score": 1.0, "etablissement_nom": "Traput", "etablissement_adresse": "Lifou", "etablissement_theme1": "LIEU_DIT_NC", "etablissement_theme2": "TRIBU", "etablissement_theme3": null, "longitude": 167.30947771877948, "latitude": -20.931287472634196, "geo_source": "tribus_villages_nc", "iris_id": 15, "iris_codgeo": "1402", "iris_libgeo": "Lössi" }, "geometry": { "type": "Point", "coordinates": [ 167.309477718779476, -20.931287472634196 ] } },
{ "type": "Feature", "properties": { "code_departement": 988.0, "code_commune": 98814.0, "commune": "Lifou", "commune_norm": "LIFOU", "code_bv": "0020", "bureau_nom": "Kedeigne", "bureau_nom_norm": "KEDEIGNE", "match_score": 1.0, "etablissement_nom": "Kedeigne", "etablissement_adresse": "Lifou", "etablissement_theme1": "LIEU_DIT_NC", "etablissement_theme2": "TRIBU", "etablissement_theme3": "Kejëny", "longitude": 167.21465752873138, "latitude": -21.037060872425982, "geo_source": "tribus_villages_nc", "iris_id": 15, "iris_codgeo": "1402", "iris_libgeo": "Lössi" }, "geometry": { "type": "Point", "coordinates": [ 167.214657528731379, -21.037060872425982 ] } },
{ "type": "Feature", "properties": { "code_departement": 988.0, "code_commune": 98814.0, "commune": "Lifou", "commune_norm": "LIFOU", "code_bv": "0021", "bureau_nom": "Tingeting", "bureau_nom_norm": "TINGETING", "match_score": 1.0, "etablissement_nom": "Tingeting", "etablissement_adresse": "Lifou", "etablissement_theme1": "LIEU_DIT_NC", "etablissement_theme2": "TRIBU", "etablissement_theme3": null, "longitude": 167.26667509635985, "latitude": -20.741613827760364, "geo_source": "tribus_villages_nc", "iris_id": 16, "iris_codgeo": "1403", "iris_libgeo": "Wet" }, "geometry": { "type": "Point", "coordinates": [ 167.266675096359847, -20.741613827760364 ] } },
{ "type": "Feature", "properties": { "code_departement": 988.0, "code_commune": 98814.0, "commune": "Lifou", "commune_norm": "LIFOU", "code_bv": "0022", "bureau_nom": "Hunëtë", "bureau_nom_norm": "HUNETE", "match_score": 1.0, "etablissement_nom": "Hunëtë", "etablissement_adresse": "Lifou", "etablissement_theme1": "LIEU_DIT_NC", "etablissement_theme2": "TRIBU", "etablissement_theme3": null, "longitude": 167.09364365001284, "latitude": -20.763254184835077, "geo_source": "tribus_villages_nc", "iris_id": 16, "iris_codgeo": "1403", "iris_libgeo": "Wet" }, "geometry": { "type": "Point", "coordinates": [ 167.093643650012837, -20.763254184835077 ] } },
{ "type": "Feature", "properties": { "code_departement": 988.0, "code_commune": 98814.0, "commune": "Lifou", "commune_norm": "LIFOU", "code_bv": "0023", "bureau_nom": "Luengoni", "bureau_nom_norm": "LUENGONI", "match_score": null, "etablissement_nom": null, "etablissement_adresse": null, "etablissement_theme1": null, "etablissement_theme2": null, "etablissement_theme3": null, "longitude": 167.4090226, "latitude": -21.033997, "geo_source": "tidygeocoder_osm", "iris_id": null, "iris_codgeo": null, "iris_libgeo": null }, "geometry": { "type": "Point", "coordinates": [ 167.409022599999986, -21.033997 ] } },
{ "type": "Feature", "properties": { "code_departement": 988.0, "code_commune": 98814.0, "commune": "Lifou", "commune_norm": "LIFOU", "code_bv": "0024", "bureau_nom": "Hnanemuhaetra", "bureau_nom_norm": "HNANEMUHAETRA", "match_score": 1.0, "etablissement_nom": "Hnanemuhaetra", "etablissement_adresse": "Lifou", "etablissement_theme1": "LIEU_DIT_NC", "etablissement_theme2": "TRIBU", "etablissement_theme3": null, "longitude": 167.2208209830944, "latitude": -20.707970338645733, "geo_source": "tribus_villages_nc", "iris_id": 16, "iris_codgeo": "1403", "iris_libgeo": "Wet" }, "geometry": { "type": "Point", "coordinates": [ 167.220820983094399, -20.707970338645733 ] } },
{ "type": "Feature", "properties": { "code_departement": 988.0, "code_commune": 98814.0, "commune": "Lifou", "commune_norm": "LIFOU", "code_bv": "0025", "bureau_nom": "Hnassé", "bureau_nom_norm": "HNASSE", "match_score": 0.833, "etablissement_nom": "Hnaasé", "etablissement_adresse": "Lifou", "etablissement_theme1": "LIEU_DIT_NC", "etablissement_theme2": "TRIBU", "etablissement_theme3": null, "longitude": 167.26043772263108, "latitude": -20.914389693811099, "geo_source": "tribus_villages_nc", "iris_id": 15, "iris_codgeo": "1402", "iris_libgeo": "Lössi" }, "geometry": { "type": "Point", "coordinates": [ 167.260437722631082, -20.914389693811099 ] } },
{ "type": "Feature", "properties": { "code_departement": 988.0, "code_commune": 98814.0, "commune": "Lifou", "commune_norm": "LIFOU", "code_bv": "0026", "bureau_nom": "Kirinata", "bureau_nom_norm": "KIRINATA", "match_score": 1.0, "etablissement_nom": "Kirinata", "etablissement_adresse": "Lifou", "etablissement_theme1": "LIEU_DIT_NC", "etablissement_theme2": "TRIBU", "etablissement_theme3": null, "longitude": 167.24979496278135, "latitude": -20.815690614127909, "geo_source": "tribus_villages_nc", "iris_id": 16, "iris_codgeo": "1403", "iris_libgeo": "Wet" }, "geometry": { "type": "Point", "coordinates": [ 167.249794962781351, -20.815690614127909 ] } },
{ "type": "Feature", "properties": { "code_departement": 988.0, "code_commune": 98814.0, "commune": "Lifou", "commune_norm": "LIFOU", "code_bv": "0027", "bureau_nom": "Lieu de vote délocalisé n°1 de Lifou à Nouméa", "bureau_nom_norm": "LIEU VOTE DELOCALISE LIFOU A NOUMEA", "match_score": null, "etablissement_nom": "Centre Culturel Ko We Kara", "etablissement_adresse": "72 RUE AMPERE", "etablissement_theme1": "CULTUREL ET SOCIO EDUCATIF", "etablissement_theme2": "Equipements culturels", "etablissement_theme3": "Centre culturel maison culturelle et centre d'art", "longitude": 166.456104572757, "latitude": -22.235553621717798, "geo_source": "arrete_manual_etablissements", "iris_id": 68, "iris_codgeo": "1832", "iris_libgeo": "Zone industrielle Ducos" }, "geometry": { "type": "Point", "coordinates": [ 166.456104572756999, -22.235553621717798 ] } },
{ "type": "Feature", "properties": { "code_departement": 988.0, "code_commune": 98814.0, "commune": "Lifou", "commune_norm": "LIFOU", "code_bv": "0028", "bureau_nom": "Lieu de vote délocalisé n°2 de Lifou à Nouméa", "bureau_nom_norm": "LIEU VOTE DELOCALISE LIFOU A NOUMEA", "match_score": null, "etablissement_nom": "Centre Culturel Ko We Kara", "etablissement_adresse": "72 RUE AMPERE", "etablissement_theme1": "CULTUREL ET SOCIO EDUCATIF", "etablissement_theme2": "Equipements culturels", "etablissement_theme3": "Centre culturel maison culturelle et centre d'art", "longitude": 166.456104572757, "latitude": -22.235553621717798, "geo_source": "arrete_manual_etablissements", "iris_id": 68, "iris_codgeo": "1832", "iris_libgeo": "Zone industrielle Ducos" }, "geometry": { "type": "Point", "coordinates": [ 166.456104572756999, -22.235553621717798 ] } },
{ "type": "Feature", "properties": { "code_departement": 988.0, "code_commune": 98815.0, "commune": "Maré", "commune_norm": "MARE", "code_bv": "0001", "bureau_nom": "Tadine", "bureau_nom_norm": "TADINE", "match_score": 1.0, "etablissement_nom": "Tadine", "etablissement_adresse": "Maré", "etablissement_theme1": "LIEU_DIT_NC", "etablissement_theme2": "TRIBU", "etablissement_theme3": "Tadin", "longitude": 167.88122247564291, "latitude": -21.546489005326929, "geo_source": "tribus_villages_nc", "iris_id": 19, "iris_codgeo": "1503", "iris_libgeo": "Tadine Pénélo" }, "geometry": { "type": "Point", "coordinates": [ 167.881222475642915, -21.546489005326929 ] } },
{ "type": "Feature", "properties": { "code_departement": 988.0, "code_commune": 98815.0, "commune": "Maré", "commune_norm": "MARE", "code_bv": "0002", "bureau_nom": "Hnawayatche", "bureau_nom_norm": "HNAWAYATCHE", "match_score": 1.0, "etablissement_nom": "Hnawayatche", "etablissement_adresse": "Maré", "etablissement_theme1": "LIEU_DIT_NC", "etablissement_theme2": "TRIBU", "etablissement_theme3": "Hnawayaca", "longitude": 167.85931527784155, "latitude": -21.444202132872793, "geo_source": "tribus_villages_nc", "iris_id": 17, "iris_codgeo": "1501", "iris_libgeo": "Guahma" }, "geometry": { "type": "Point", "coordinates": [ 167.859315277841546, -21.444202132872793 ] } },
{ "type": "Feature", "properties": { "code_departement": 988.0, "code_commune": 98815.0, "commune": "Maré", "commune_norm": "MARE", "code_bv": "0003", "bureau_nom": "Tenane", "bureau_nom_norm": "TENANE", "match_score": 1.0, "etablissement_nom": "Tenan", "etablissement_adresse": "Maré", "etablissement_theme1": "LIEU_DIT_NC", "etablissement_theme2": "TRIBU", "etablissement_theme3": null, "longitude": 167.89430877263374, "latitude": -21.404600747035438, "geo_source": "tribus_villages_nc", "iris_id": 17, "iris_codgeo": "1501", "iris_libgeo": "Guahma" }, "geometry": { "type": "Point", "coordinates": [ 167.894308772633735, -21.404600747035438 ] } },
{ "type": "Feature", "properties": { "code_departement": 988.0, "code_commune": 98815.0, "commune": "Maré", "commune_norm": "MARE", "code_bv": "0004", "bureau_nom": "Atha", "bureau_nom_norm": "ATHA", "match_score": 1.0, "etablissement_nom": "Atha", "etablissement_adresse": "Maré", "etablissement_theme1": "LIEU_DIT_NC", "etablissement_theme2": "TRIBU", "etablissement_theme3": null, "longitude": 168.01753084168095, "latitude": -21.470451728197048, "geo_source": "tribus_villages_nc", "iris_id": 18, "iris_codgeo": "1502", "iris_libgeo": "La Roche" }, "geometry": { "type": "Point", "coordinates": [ 168.017530841680951, -21.470451728197048 ] } },
{ "type": "Feature", "properties": { "code_departement": 988.0, "code_commune": 98815.0, "commune": "Maré", "commune_norm": "MARE", "code_bv": "0005", "bureau_nom": "Tawainedre", "bureau_nom_norm": "TAWAINEDRE", "match_score": 1.0, "etablissement_nom": "Taweinedr", "etablissement_adresse": "Maré", "etablissement_theme1": "LIEU_DIT_NC", "etablissement_theme2": "TRIBU", "etablissement_theme3": null, "longitude": 168.08527860190287, "latitude": -21.502551487309265, "geo_source": "tribus_villages_nc", "iris_id": 19, "iris_codgeo": "1503", "iris_libgeo": "Tadine Pénélo" }, "geometry": { "type": "Point", "coordinates": [ 168.085278601902871, -21.502551487309265 ] } },
{ "type": "Feature", "properties": { "code_departement": 988.0, "code_commune": 98815.0, "commune": "Maré", "commune_norm": "MARE", "code_bv": "0006", "bureau_nom": "Penelo", "bureau_nom_norm": "PENELO", "match_score": 1.0, "etablissement_nom": "Penelo", "etablissement_adresse": "Maré", "etablissement_theme1": "LIEU_DIT_NC", "etablissement_theme2": "TRIBU", "etablissement_theme3": null, "longitude": 168.08945780342214, "latitude": -21.571088655754444, "geo_source": "tribus_villages_nc", "iris_id": 19, "iris_codgeo": "1503", "iris_libgeo": "Tadine Pénélo" }, "geometry": { "type": "Point", "coordinates": [ 168.089457803422135, -21.571088655754444 ] } },
{ "type": "Feature", "properties": { "code_departement": 988.0, "code_commune": 98815.0, "commune": "Maré", "commune_norm": "MARE", "code_bv": "0007", "bureau_nom": "Wabao", "bureau_nom_norm": "WABAO", "match_score": 1.0, "etablissement_nom": "Wabao", "etablissement_adresse": "Maré", "etablissement_theme1": "LIEU_DIT_NC", "etablissement_theme2": "TRIBU", "etablissement_theme3": "Wabawo", "longitude": 167.93937201549338, "latitude": -21.602105979857889, "geo_source": "tribus_villages_nc", "iris_id": 19, "iris_codgeo": "1503", "iris_libgeo": "Tadine Pénélo" }, "geometry": { "type": "Point", "coordinates": [ 167.939372015493376, -21.602105979857889 ] } },
{ "type": "Feature", "properties": { "code_departement": 988.0, "code_commune": 98815.0, "commune": "Maré", "commune_norm": "MARE", "code_bv": "0008", "bureau_nom": "Nece", "bureau_nom_norm": "NECE", "match_score": 1.0, "etablissement_nom": "Netché", "etablissement_adresse": "Maré", "etablissement_theme1": "LIEU_DIT_NC", "etablissement_theme2": "TRIBU", "etablissement_theme3": "Nece", "longitude": 167.83854054341381, "latitude": -21.49048664280733, "geo_source": "tribus_villages_nc", "iris_id": 17, "iris_codgeo": "1501", "iris_libgeo": "Guahma" }, "geometry": { "type": "Point", "coordinates": [ 167.838540543413814, -21.49048664280733 ] } },
{ "type": "Feature", "properties": { "code_departement": 988.0, "code_commune": 98815.0, "commune": "Maré", "commune_norm": "MARE", "code_bv": "0009", "bureau_nom": "Ménaku", "bureau_nom_norm": "MENAKU", "match_score": 1.0, "etablissement_nom": "Menaku", "etablissement_adresse": "Maré", "etablissement_theme1": "LIEU_DIT_NC", "etablissement_theme2": "TRIBU", "etablissement_theme3": null, "longitude": 167.96911686605617, "latitude": -21.444234250592025, "geo_source": "tribus_villages_nc", "iris_id": 17, "iris_codgeo": "1501", "iris_libgeo": "Guahma" }, "geometry": { "type": "Point", "coordinates": [ 167.969116866056169, -21.444234250592025 ] } },
{ "type": "Feature", "properties": { "code_departement": 988.0, "code_commune": 98815.0, "commune": "Maré", "commune_norm": "MARE", "code_bv": "0010", "bureau_nom": "Mebuet", "bureau_nom_norm": "MEBUET", "match_score": 1.0, "etablissement_nom": "Mebuet", "etablissement_adresse": "Maré", "etablissement_theme1": "LIEU_DIT_NC", "etablissement_theme2": "TRIBU", "etablissement_theme3": null, "longitude": 167.84863195183632, "latitude": -21.51331947619321, "geo_source": "tribus_villages_nc", "iris_id": 17, "iris_codgeo": "1501", "iris_libgeo": "Guahma" }, "geometry": { "type": "Point", "coordinates": [ 167.848631951836325, -21.51331947619321 ] } },
{ "type": "Feature", "properties": { "code_departement": 988.0, "code_commune": 98815.0, "commune": "Maré", "commune_norm": "MARE", "code_bv": "0011", "bureau_nom": "Roh", "bureau_nom_norm": "ROH", "match_score": 0.95, "etablissement_nom": "Ro", "etablissement_adresse": "Maré", "etablissement_theme1": "LIEU_DIT_NC", "etablissement_theme2": "TRIBU", "etablissement_theme3": null, "longitude": 167.86202487687797, "latitude": -21.392426328028581, "geo_source": "tribus_villages_nc", "iris_id": 17, "iris_codgeo": "1501", "iris_libgeo": "Guahma" }, "geometry": { "type": "Point", "coordinates": [ 167.862024876877967, -21.392426328028581 ] } },
{ "type": "Feature", "properties": { "code_departement": 988.0, "code_commune": 98815.0, "commune": "Maré", "commune_norm": "MARE", "code_bv": "0012", "bureau_nom": "Eni", "bureau_nom_norm": "ENI", "match_score": 1.0, "etablissement_nom": "Eni", "etablissement_adresse": "Maré", "etablissement_theme1": "LIEU_DIT_NC", "etablissement_theme2": "TRIBU", "etablissement_theme3": null, "longitude": 167.94942757221617, "latitude": -21.626662703467229, "geo_source": "tribus_villages_nc", "iris_id": 19, "iris_codgeo": "1503", "iris_libgeo": "Tadine Pénélo" }, "geometry": { "type": "Point", "coordinates": [ 167.949427572216166, -21.626662703467229 ] } },
{ "type": "Feature", "properties": { "code_departement": 988.0, "code_commune": 98815.0, "commune": "Maré", "commune_norm": "MARE", "code_bv": "0013", "bureau_nom": "La Roche", "bureau_nom_norm": "ROCHE", "match_score": 1.0, "etablissement_nom": "La Roche", "etablissement_adresse": "Maré", "etablissement_theme1": "LIEU_DIT_NC", "etablissement_theme2": "TRIBU", "etablissement_theme3": null, "longitude": 168.03155085257677, "latitude": -21.471745123256497, "geo_source": "tribus_villages_nc", "iris_id": 18, "iris_codgeo": "1502", "iris_libgeo": "La Roche" }, "geometry": { "type": "Point", "coordinates": [ 168.031550852576771, -21.471745123256497 ] } },
{ "type": "Feature", "properties": { "code_departement": 988.0, "code_commune": 98815.0, "commune": "Maré", "commune_norm": "MARE", "code_bv": "0014", "bureau_nom": "Tuho", "bureau_nom_norm": "TUHO", "match_score": 1.0, "etablissement_nom": "Tuho", "etablissement_adresse": "Maré", "etablissement_theme1": "LIEU_DIT_NC", "etablissement_theme2": "TRIBU", "etablissement_theme3": "Tuo", "longitude": 167.89428156445027, "latitude": -21.495179492575161, "geo_source": "tribus_villages_nc", "iris_id": 17, "iris_codgeo": "1501", "iris_libgeo": "Guahma" }, "geometry": { "type": "Point", "coordinates": [ 167.894281564450267, -21.495179492575161 ] } },
{ "type": "Feature", "properties": { "code_departement": 988.0, "code_commune": 98816.0, "commune": "Moindou", "commune_norm": "MOINDOU", "code_bv": "0001", "bureau_nom": "Mairie", "bureau_nom_norm": "MAIRIE", "match_score": 0.7, "etablissement_nom": "MOINDOU", "etablissement_adresse": "Moindou", "etablissement_theme1": "LIEU_DIT_NC", "etablissement_theme2": "VILLE", "etablissement_theme3": "Mére Mwêro", "longitude": 165.67695619871748, "latitude": -21.692710003270872, "geo_source": "tribus_villages_nc", "iris_id": 20, "iris_codgeo": "1601", "iris_libgeo": "Moindou" }, "geometry": { "type": "Point", "coordinates": [ 165.676956198717477, -21.692710003270872 ] } },
{ "type": "Feature", "properties": { "code_departement": 988.0, "code_commune": 98817.0, "commune": "Le Mont-Dore", "commune_norm": "MONTDORE", "code_bv": "0001", "bureau_nom": "Mairie de BOULARI", "bureau_nom_norm": "MAIRIE BOULARI", "match_score": 0.727, "etablissement_nom": "Marina de Port Boulari", "etablissement_adresse": "RUE DES THAZARDS", "etablissement_theme1": "PARC ESPACE PUBLIC ET LOISIR", "etablissement_theme2": "Espaces de loisirs", "etablissement_theme3": "Marinas port de plaisance et port à sec", "longitude": 166.523722376157, "latitude": -22.2317078297453, "geo_source": "etablissements_publics_nc", "iris_id": null, "iris_codgeo": null, "iris_libgeo": null }, "geometry": { "type": "Point", "coordinates": [ 166.523722376156996, -22.2317078297453 ] } },
{ "type": "Feature", "properties": { "code_departement": 988.0, "code_commune": 98817.0, "commune": "Le Mont-Dore", "commune_norm": "MONTDORE", "code_bv": "0002", "bureau_nom": "Groupe scolaire Hélène CHANIEL", "bureau_nom_norm": "GROUPE SCOLAIRE HELENE CHANIEL", "match_score": 1.0, "etablissement_nom": "Groupe scolaire Hélène Chaniel", "etablissement_adresse": "105 RUE HELENE CHANIEL", "etablissement_theme1": "ENSEIGNEMENT ET FORMATION", "etablissement_theme2": "Enseignement du premier degré", "etablissement_theme3": "Groupe scolaire", "longitude": 166.48552859438701, "latitude": -22.2217711398288, "geo_source": "etablissements_publics_nc", "iris_id": 23, "iris_codgeo": "1703", "iris_libgeo": "Pont des Fran‡ais" }, "geometry": { "type": "Point", "coordinates": [ 166.485528594387006, -22.2217711398288 ] } },
{ "type": "Feature", "properties": { "code_departement": 988.0, "code_commune": 98817.0, "commune": "Le Mont-Dore", "commune_norm": "MONTDORE", "code_bv": "0003", "bureau_nom": "École primaire Adolphe BOUTAN", "bureau_nom_norm": "ECOLE PRIMAIRE ADOLPHE BOUTAN", "match_score": 0.828, "etablissement_nom": "Ecole primaire de l'Ile-Ouen", "etablissement_adresse": null, "etablissement_theme1": "ENSEIGNEMENT ET FORMATION", "etablissement_theme2": "Enseignement du premier degré", "etablissement_theme3": "Ecole primaire", "longitude": 166.841440737558, "latitude": -22.4256696418669, "geo_source": "etablissements_publics_nc", "iris_id": 35, "iris_codgeo": "1715", "iris_libgeo": "Mouirange - Grand Sud - Ile Ouen" }, "geometry": { "type": "Point", "coordinates": [ 166.841440737558003, -22.4256696418669 ] } },
{ "type": "Feature", "properties": { "code_departement": 988.0, "code_commune": 98817.0, "commune": "Le Mont-Dore", "commune_norm": "MONTDORE", "code_bv": "0004", "bureau_nom": "École primaire Louis Henri GALINIE 1", "bureau_nom_norm": "ECOLE PRIMAIRE LOUIS HENRI GALINIE", "match_score": 0.923, "etablissement_nom": "Ecole primaire Louis Henri Galinié", "etablissement_adresse": "1133 RUE DES TROIS BANIANS", "etablissement_theme1": "ENSEIGNEMENT ET FORMATION", "etablissement_theme2": "Enseignement du premier degré", "etablissement_theme3": "Ecole élémentaire", "longitude": 166.51275537868699, "latitude": -22.2163077194956, "geo_source": "etablissements_publics_nc", "iris_id": 25, "iris_codgeo": "1705", "iris_libgeo": "Robinson Nord" }, "geometry": { "type": "Point", "coordinates": [ 166.51275537868699, -22.2163077194956 ] } },
{ "type": "Feature", "properties": { "code_departement": 988.0, "code_commune": 98817.0, "commune": "Le Mont-Dore", "commune_norm": "MONTDORE", "code_bv": "0005", "bureau_nom": "École La Rizière 1", "bureau_nom_norm": "ECOLE RIZIERE", "match_score": 0.734, "etablissement_nom": "Ecole primaire La Rizière", "etablissement_adresse": "89 RUE DU VIEUX PONT", "etablissement_theme1": "ENSEIGNEMENT ET FORMATION", "etablissement_theme2": "Enseignement du premier degré", "etablissement_theme3": "Ecole élémentaire", "longitude": 166.573975497183, "latitude": -22.233223328214098, "geo_source": "etablissements_publics_nc", "iris_id": 30, "iris_codgeo": "1710", "iris_libgeo": "La Coulée Nord" }, "geometry": { "type": "Point", "coordinates": [ 166.573975497183, -22.233223328214098 ] } },
{ "type": "Feature", "properties": { "code_departement": 988.0, "code_commune": 98817.0, "commune": "Le Mont-Dore", "commune_norm": "MONTDORE", "code_bv": "0006", "bureau_nom": "École primaire du Vallon Dore", "bureau_nom_norm": "ECOLE PRIMAIRE VALLON DORE", "match_score": 0.886, "etablissement_nom": "Ecole élémentaire du Vallon-Dore", "etablissement_adresse": "1622 LA CORNICHE DU MONT DORE", "etablissement_theme1": "ENSEIGNEMENT ET FORMATION", "etablissement_theme2": "Enseignement du premier degré", "etablissement_theme3": "Ecole élémentaire", "longitude": 166.57185331048899, "latitude": -22.2757480668132, "geo_source": "etablissements_publics_nc", "iris_id": 32, "iris_codgeo": "1712", "iris_libgeo": "Vallon Dore" }, "geometry": { "type": "Point", "coordinates": [ 166.57185331048899, -22.2757480668132 ] } },
{ "type": "Feature", "properties": { "code_departement": 988.0, "code_commune": 98817.0, "commune": "Le Mont-Dore", "commune_norm": "MONTDORE", "code_bv": "0007", "bureau_nom": "Ouara", "bureau_nom_norm": "OUARA", "match_score": 1.0, "etablissement_nom": "Ouara", "etablissement_adresse": "Mont-Dore", "etablissement_theme1": "LIEU_DIT_NC", "etablissement_theme2": "TRIBU", "etablissement_theme3": null, "longitude": 166.84029773306233, "latitude": -22.42316008394107, "geo_source": "tribus_villages_nc", "iris_id": 35, "iris_codgeo": "1715", "iris_libgeo": "Mouirange - Grand Sud - Ile Ouen" }, "geometry": { "type": "Point", "coordinates": [ 166.840297733062329, -22.42316008394107 ] } },
{ "type": "Feature", "properties": { "code_departement": 988.0, "code_commune": 98817.0, "commune": "Le Mont-Dore", "commune_norm": "MONTDORE", "code_bv": "0008", "bureau_nom": "Groupe scolaire de Boulari 1", "bureau_nom_norm": "GROUPE SCOLAIRE BOULARI", "match_score": 1.0, "etablissement_nom": "Groupe scolaire de Boulari", "etablissement_adresse": "154 RUE ANTOINE GRISCELLI", "etablissement_theme1": "ENSEIGNEMENT ET FORMATION", "etablissement_theme2": "Enseignement du premier degré", "etablissement_theme3": "Groupe scolaire", "longitude": 166.52085545145201, "latitude": -22.227499283245201, "geo_source": "etablissements_publics_nc", "iris_id": 27, "iris_codgeo": "1707", "iris_libgeo": "Boulari" }, "geometry": { "type": "Point", "coordinates": [ 166.520855451452007, -22.227499283245201 ] } },
{ "type": "Feature", "properties": { "code_departement": 988.0, "code_commune": 98817.0, "commune": "Le Mont-Dore", "commune_norm": "MONTDORE", "code_bv": "0009", "bureau_nom": "Mairie annexe de Plum 1", "bureau_nom_norm": "MAIRIE ANNEXE PLUM", "match_score": 0.782, "etablissement_nom": "Mairie annexe du Mont-Dore", "etablissement_adresse": "9048 LA CORNICHE DU MONT DORE", "etablissement_theme1": "ADMINISTRATION ET ORGANISME", "etablissement_theme2": "Administrations des collectivités", "etablissement_theme3": "Administration de la commune de Mont-Dore", "longitude": 166.623268718041, "latitude": -22.273090693313598, "geo_source": "etablissements_publics_nc", "iris_id": 34, "iris_codgeo": "1714", "iris_libgeo": "Plum" }, "geometry": { "type": "Point", "coordinates": [ 166.623268718041004, -22.273090693313598 ] } },
{ "type": "Feature", "properties": { "code_departement": 988.0, "code_commune": 98817.0, "commune": "Le Mont-Dore", "commune_norm": "MONTDORE", "code_bv": "0010", "bureau_nom": "École La Rizière 2", "bureau_nom_norm": "ECOLE RIZIERE", "match_score": 0.734, "etablissement_nom": "Ecole primaire La Rizière", "etablissement_adresse": "89 RUE DU VIEUX PONT", "etablissement_theme1": "ENSEIGNEMENT ET FORMATION", "etablissement_theme2": "Enseignement du premier degré", "etablissement_theme3": "Ecole élémentaire", "longitude": 166.573975497183, "latitude": -22.233223328214098, "geo_source": "etablissements_publics_nc", "iris_id": 30, "iris_codgeo": "1710", "iris_libgeo": "La Coulée Nord" }, "geometry": { "type": "Point", "coordinates": [ 166.573975497183, -22.233223328214098 ] } },
{ "type": "Feature", "properties": { "code_departement": 988.0, "code_commune": 98817.0, "commune": "Le Mont-Dore", "commune_norm": "MONTDORE", "code_bv": "0011", "bureau_nom": "Groupe scolaire de Boulari 2", "bureau_nom_norm": "GROUPE SCOLAIRE BOULARI", "match_score": 1.0, "etablissement_nom": "Groupe scolaire de Boulari", "etablissement_adresse": "154 RUE ANTOINE GRISCELLI", "etablissement_theme1": "ENSEIGNEMENT ET FORMATION", "etablissement_theme2": "Enseignement du premier degré", "etablissement_theme3": "Groupe scolaire", "longitude": 166.52085545145201, "latitude": -22.227499283245201, "geo_source": "etablissements_publics_nc", "iris_id": 27, "iris_codgeo": "1707", "iris_libgeo": "Boulari" }, "geometry": { "type": "Point", "coordinates": [ 166.520855451452007, -22.227499283245201 ] } },
{ "type": "Feature", "properties": { "code_departement": 988.0, "code_commune": 98817.0, "commune": "Le Mont-Dore", "commune_norm": "MONTDORE", "code_bv": "0012", "bureau_nom": "Groupe scolaire Saint-Michel 1", "bureau_nom_norm": "GROUPE SCOLAIRE SAINT MICHEL", "match_score": 0.824, "etablissement_nom": "Groupe scolaire de Saint-Joseph de Cluny", "etablissement_adresse": "367 RUE CHARLES FRANCOIS BEAUTEMPS BEAUPRE", "etablissement_theme1": "ENSEIGNEMENT ET FORMATION", "etablissement_theme2": "Enseignement du premier degré", "etablissement_theme3": "Groupe scolaire", "longitude": 166.499920849353, "latitude": -22.224049867663901, "geo_source": "etablissements_publics_nc", "iris_id": 24, "iris_codgeo": "1704", "iris_libgeo": "La Conception" }, "geometry": { "type": "Point", "coordinates": [ 166.499920849353003, -22.224049867663901 ] } },
{ "type": "Feature", "properties": { "code_departement": 988.0, "code_commune": 98817.0, "commune": "Le Mont-Dore", "commune_norm": "MONTDORE", "code_bv": "0013", "bureau_nom": "École maternelle Les Fougères", "bureau_nom_norm": "ECOLE MATERNELLE FOUGERES", "match_score": 0.69, "etablissement_nom": "Ecole primaire de l'Ile-Ouen", "etablissement_adresse": null, "etablissement_theme1": "ENSEIGNEMENT ET FORMATION", "etablissement_theme2": "Enseignement du premier degré", "etablissement_theme3": "Ecole primaire", "longitude": 166.841440737558, "latitude": -22.4256696418669, "geo_source": "etablissements_publics_nc", "iris_id": 35, "iris_codgeo": "1715", "iris_libgeo": "Mouirange - Grand Sud - Ile Ouen" }, "geometry": { "type": "Point", "coordinates": [ 166.841440737558003, -22.4256696418669 ] } },
{ "type": "Feature", "properties": { "code_departement": 988.0, "code_commune": 98817.0, "commune": "Le Mont-Dore", "commune_norm": "MONTDORE", "code_bv": "0014", "bureau_nom": "École maternelle Les Dauphins", "bureau_nom_norm": "ECOLE MATERNELLE DAUPHINS", "match_score": 0.741, "etablissement_nom": "Ecole maternelle les Dauphins", "etablissement_adresse": "1724 LA CORNICHE DU MONT DORE", "etablissement_theme1": "ENSEIGNEMENT ET FORMATION", "etablissement_theme2": "Enseignement du premier degré", "etablissement_theme3": "Ecole pré-élémentaire", "longitude": 166.57252708408001, "latitude": -22.276829471686899, "geo_source": "etablissements_publics_nc", "iris_id": 32, "iris_codgeo": "1712", "iris_libgeo": "Vallon Dore" }, "geometry": { "type": "Point", "coordinates": [ 166.572527084080008, -22.276829471686899 ] } },
{ "type": "Feature", "properties": { "code_departement": 988.0, "code_commune": 98817.0, "commune": "Le Mont-Dore", "commune_norm": "MONTDORE", "code_bv": "0015", "bureau_nom": "École maternelle Les Coccinelles", "bureau_nom_norm": "ECOLE MATERNELLE COCCINELLES", "match_score": 0.771, "etablissement_nom": "Ecole maternelle Les Coccinelles", "etablissement_adresse": "2299 ROUTE DU VALLON DORE", "etablissement_theme1": "ENSEIGNEMENT ET FORMATION", "etablissement_theme2": "Enseignement du premier degré", "etablissement_theme3": "Ecole pré-élémentaire", "longitude": 166.56758162381999, "latitude": -22.250286453760101, "geo_source": "etablissements_publics_nc", "iris_id": 31, "iris_codgeo": "1711", "iris_libgeo": "La Coulée Sud" }, "geometry": { "type": "Point", "coordinates": [ 166.56758162381999, -22.250286453760101 ] } },
{ "type": "Feature", "properties": { "code_departement": 988.0, "code_commune": 98817.0, "commune": "Le Mont-Dore", "commune_norm": "MONTDORE", "code_bv": "0016", "bureau_nom": "École Saint-Joseph de CLUNY", "bureau_nom_norm": "ECOLE SAINT JOSEPH CLUNY", "match_score": 0.83, "etablissement_nom": "Communauté Saint Joseph de CLUNY", "etablissement_adresse": "483 RUE CHARLES FRANCOIS BEAUTEMPS BEAUPRE", "etablissement_theme1": "CULTE", "etablissement_theme2": "Culte", "etablissement_theme3": "Chapelle paroisse et centre religieux", "longitude": 166.49992060120201, "latitude": -22.2239776205159, "geo_source": "etablissements_publics_nc", "iris_id": 24, "iris_codgeo": "1704", "iris_libgeo": "La Conception" }, "geometry": { "type": "Point", "coordinates": [ 166.499920601202007, -22.2239776205159 ] } },
{ "type": "Feature", "properties": { "code_departement": 988.0, "code_commune": 98817.0, "commune": "Le Mont-Dore", "commune_norm": "MONTDORE", "code_bv": "0017", "bureau_nom": "École primaire Louis Henri GALINIE 2", "bureau_nom_norm": "ECOLE PRIMAIRE LOUIS HENRI GALINIE", "match_score": 0.923, "etablissement_nom": "Ecole primaire Louis Henri Galinié", "etablissement_adresse": "1133 RUE DES TROIS BANIANS", "etablissement_theme1": "ENSEIGNEMENT ET FORMATION", "etablissement_theme2": "Enseignement du premier degré", "etablissement_theme3": "Ecole élémentaire", "longitude": 166.51275537868699, "latitude": -22.2163077194956, "geo_source": "etablissements_publics_nc", "iris_id": 25, "iris_codgeo": "1705", "iris_libgeo": "Robinson Nord" }, "geometry": { "type": "Point", "coordinates": [ 166.51275537868699, -22.2163077194956 ] } },
{ "type": "Feature", "properties": { "code_departement": 988.0, "code_commune": 98817.0, "commune": "Le Mont-Dore", "commune_norm": "MONTDORE", "code_bv": "0018", "bureau_nom": "Groupe scolaire de Boulari 3", "bureau_nom_norm": "GROUPE SCOLAIRE BOULARI", "match_score": 1.0, "etablissement_nom": "Groupe scolaire de Boulari", "etablissement_adresse": "154 RUE ANTOINE GRISCELLI", "etablissement_theme1": "ENSEIGNEMENT ET FORMATION", "etablissement_theme2": "Enseignement du premier degré", "etablissement_theme3": "Groupe scolaire", "longitude": 166.52085545145201, "latitude": -22.227499283245201, "geo_source": "etablissements_publics_nc", "iris_id": 27, "iris_codgeo": "1707", "iris_libgeo": "Boulari" }, "geometry": { "type": "Point", "coordinates": [ 166.520855451452007, -22.227499283245201 ] } },
{ "type": "Feature", "properties": { "code_departement": 988.0, "code_commune": 98817.0, "commune": "Le Mont-Dore", "commune_norm": "MONTDORE", "code_bv": "0019", "bureau_nom": "Groupe scolaire de Saint-Michel 2", "bureau_nom_norm": "GROUPE SCOLAIRE SAINT MICHEL", "match_score": 0.824, "etablissement_nom": "Groupe scolaire de Saint-Joseph de Cluny", "etablissement_adresse": "367 RUE CHARLES FRANCOIS BEAUTEMPS BEAUPRE", "etablissement_theme1": "ENSEIGNEMENT ET FORMATION", "etablissement_theme2": "Enseignement du premier degré", "etablissement_theme3": "Groupe scolaire", "longitude": 166.499920849353, "latitude": -22.224049867663901, "geo_source": "etablissements_publics_nc", "iris_id": 24, "iris_codgeo": "1704", "iris_libgeo": "La Conception" }, "geometry": { "type": "Point", "coordinates": [ 166.499920849353003, -22.224049867663901 ] } },
{ "type": "Feature", "properties": { "code_departement": 988.0, "code_commune": 98817.0, "commune": "Le Mont-Dore", "commune_norm": "MONTDORE", "code_bv": "0020", "bureau_nom": "Groupe scolaire de Plum", "bureau_nom_norm": "GROUPE SCOLAIRE PLUM", "match_score": 0.86, "etablissement_nom": "Groupe scolaire de Yahoué", "etablissement_adresse": "264 RUE DES OPUI", "etablissement_theme1": "ENSEIGNEMENT ET FORMATION", "etablissement_theme2": "Enseignement du premier degré", "etablissement_theme3": "Groupe scolaire", "longitude": 166.489906860567, "latitude": -22.2084828348965, "geo_source": "etablissements_publics_nc", "iris_id": 22, "iris_codgeo": "1702", "iris_libgeo": "Yahoué Sud" }, "geometry": { "type": "Point", "coordinates": [ 166.489906860567004, -22.2084828348965 ] } },
{ "type": "Feature", "properties": { "code_departement": 988.0, "code_commune": 98817.0, "commune": "Le Mont-Dore", "commune_norm": "MONTDORE", "code_bv": "0021", "bureau_nom": "École La Rizière 3", "bureau_nom_norm": "ECOLE RIZIERE", "match_score": 0.734, "etablissement_nom": "Ecole primaire La Rizière", "etablissement_adresse": "89 RUE DU VIEUX PONT", "etablissement_theme1": "ENSEIGNEMENT ET FORMATION", "etablissement_theme2": "Enseignement du premier degré", "etablissement_theme3": "Ecole élémentaire", "longitude": 166.573975497183, "latitude": -22.233223328214098, "geo_source": "etablissements_publics_nc", "iris_id": 30, "iris_codgeo": "1710", "iris_libgeo": "La Coulée Nord" }, "geometry": { "type": "Point", "coordinates": [ 166.573975497183, -22.233223328214098 ] } },
{ "type": "Feature", "properties": { "code_departement": 988.0, "code_commune": 98817.0, "commune": "Le Mont-Dore", "commune_norm": "MONTDORE", "code_bv": "0022", "bureau_nom": "École de la Briqueterie 1", "bureau_nom_norm": "ECOLE BRIQUETERIE", "match_score": 0.756, "etablissement_nom": "Groupe scolaire La Briquetterie", "etablissement_adresse": "297 RUE DES ROSEAUX", "etablissement_theme1": "ENSEIGNEMENT ET FORMATION", "etablissement_theme2": "Enseignement du premier degré", "etablissement_theme3": "Groupe scolaire", "longitude": 166.566445622614, "latitude": -22.262509093491499, "geo_source": "etablissements_publics_nc", "iris_id": 32, "iris_codgeo": "1712", "iris_libgeo": "Vallon Dore" }, "geometry": { "type": "Point", "coordinates": [ 166.566445622613998, -22.262509093491499 ] } },
{ "type": "Feature", "properties": { "code_departement": 988.0, "code_commune": 98817.0, "commune": "Le Mont-Dore", "commune_norm": "MONTDORE", "code_bv": "0023", "bureau_nom": "École de la Briqueterie 2", "bureau_nom_norm": "ECOLE BRIQUETERIE", "match_score": 0.756, "etablissement_nom": "Groupe scolaire La Briquetterie", "etablissement_adresse": "297 RUE DES ROSEAUX", "etablissement_theme1": "ENSEIGNEMENT ET FORMATION", "etablissement_theme2": "Enseignement du premier degré", "etablissement_theme3": "Groupe scolaire", "longitude": 166.566445622614, "latitude": -22.262509093491499, "geo_source": "etablissements_publics_nc", "iris_id": 32, "iris_codgeo": "1712", "iris_libgeo": "Vallon Dore" }, "geometry": { "type": "Point", "coordinates": [ 166.566445622613998, -22.262509093491499 ] } },
{ "type": "Feature", "properties": { "code_departement": 988.0, "code_commune": 98817.0, "commune": "Le Mont-Dore", "commune_norm": "MONTDORE", "code_bv": "0024", "bureau_nom": "Mairie 2", "bureau_nom_norm": "MAIRIE", "match_score": 0.98, "etablissement_nom": "Mairie du Mont-Dore", "etablissement_adresse": "4468 AVENUE DES DEUX BAIES", "etablissement_theme1": "ADMINISTRATION ET ORGANISME", "etablissement_theme2": "Administrations des collectivités", "etablissement_theme3": "Administration de la commune de Mont-Dore", "longitude": 166.52325942545201, "latitude": -22.229749552709801, "geo_source": "etablissements_publics_nc", "iris_id": 27, "iris_codgeo": "1707", "iris_libgeo": "Boulari" }, "geometry": { "type": "Point", "coordinates": [ 166.523259425452011, -22.229749552709801 ] } },
{ "type": "Feature", "properties": { "code_departement": 988.0, "code_commune": 98817.0, "commune": "Le Mont-Dore", "commune_norm": "MONTDORE", "code_bv": "0025", "bureau_nom": "Groupe scolaire de Yahoué", "bureau_nom_norm": "GROUPE SCOLAIRE YAHOUE", "match_score": 1.0, "etablissement_nom": "Groupe scolaire de Yahoué", "etablissement_adresse": "264 RUE DES OPUI", "etablissement_theme1": "ENSEIGNEMENT ET FORMATION", "etablissement_theme2": "Enseignement du premier degré", "etablissement_theme3": "Groupe scolaire", "longitude": 166.489906860567, "latitude": -22.2084828348965, "geo_source": "etablissements_publics_nc", "iris_id": 22, "iris_codgeo": "1702", "iris_libgeo": "Yahoué Sud" }, "geometry": { "type": "Point", "coordinates": [ 166.489906860567004, -22.2084828348965 ] } },
{ "type": "Feature", "properties": { "code_departement": 988.0, "code_commune": 98818.0, "commune": "Nouméa", "commune_norm": "NOUMEA", "code_bv": "0001", "bureau_nom": "Mairie 1", "bureau_nom_norm": "MAIRIE", "match_score": 0.93, "etablissement_nom": "Hôtel de Ville de Nouméa", "etablissement_adresse": "16 RUE DU GENERAL MANGIN", "etablissement_theme1": "ADMINISTRATION ET ORGANISME", "etablissement_theme2": "Administrations des collectivités", "etablissement_theme3": "Administration de la commune de Nouméa", "longitude": 166.439401925184, "latitude": -22.271405610422899, "geo_source": "etablissements_publics_nc", "iris_id": 58, "iris_codgeo": "1822", "iris_libgeo": "Centre ville" }, "geometry": { "type": "Point", "coordinates": [ 166.439401925184001, -22.271405610422899 ] } },
{ "type": "Feature", "properties": { "code_departement": 988.0, "code_commune": 98818.0, "commune": "Nouméa", "commune_norm": "NOUMEA", "code_bv": "0002", "bureau_nom": "Mairie 2", "bureau_nom_norm": "MAIRIE", "match_score": 0.93, "etablissement_nom": "Hôtel de Ville de Nouméa", "etablissement_adresse": "16 RUE DU GENERAL MANGIN", "etablissement_theme1": "ADMINISTRATION ET ORGANISME", "etablissement_theme2": "Administrations des collectivités", "etablissement_theme3": "Administration de la commune de Nouméa", "longitude": 166.439401925184, "latitude": -22.271405610422899, "geo_source": "etablissements_publics_nc", "iris_id": 58, "iris_codgeo": "1822", "iris_libgeo": "Centre ville" }, "geometry": { "type": "Point", "coordinates": [ 166.439401925184001, -22.271405610422899 ] } },
{ "type": "Feature", "properties": { "code_departement": 988.0, "code_commune": 98818.0, "commune": "Nouméa", "commune_norm": "NOUMEA", "code_bv": "0003", "bureau_nom": "École Frédéric SURLEAU", "bureau_nom_norm": "ECOLE FREDERIC SURLEAU", "match_score": 0.836, "etablissement_nom": "Ecole Frédéric SURLEAU", "etablissement_adresse": "5 RUE FREDERIC SURLEAU", "etablissement_theme1": "ENSEIGNEMENT ET FORMATION", "etablissement_theme2": "Enseignement du premier degré", "etablissement_theme3": "Ecole élémentaire", "longitude": 166.446180272936, "latitude": -22.273284213573699, "geo_source": "etablissements_publics_nc", "iris_id": 58, "iris_codgeo": "1822", "iris_libgeo": "Centre ville" }, "geometry": { "type": "Point", "coordinates": [ 166.446180272936004, -22.273284213573699 ] } },
{ "type": "Feature", "properties": { "code_departement": 988.0, "code_commune": 98818.0, "commune": "Nouméa", "commune_norm": "NOUMEA", "code_bv": "0004", "bureau_nom": "École Marguerite LEFRANCOIS", "bureau_nom_norm": "ECOLE MARGUERITE LEFRANCOIS", "match_score": 0.821, "etablissement_nom": "Ecole Marguerite LEFRANCOIS", "etablissement_adresse": "8 RUE FRANCOIS ECORCHON", "etablissement_theme1": "ENSEIGNEMENT ET FORMATION", "etablissement_theme2": "Enseignement du premier degré", "etablissement_theme3": "Ecole pré-élémentaire", "longitude": 166.44604457406601, "latitude": -22.285990909729801, "geo_source": "etablissements_publics_nc", "iris_id": 45, "iris_codgeo": "1809", "iris_libgeo": "Orphelinat" }, "geometry": { "type": "Point", "coordinates": [ 166.446044574066008, -22.285990909729801 ] } },
{ "type": "Feature", "properties": { "code_departement": 988.0, "code_commune": 98818.0, "commune": "Nouméa", "commune_norm": "NOUMEA", "code_bv": "0005", "bureau_nom": "École Yvonne DUPONT 1", "bureau_nom_norm": "ECOLE YVONNE DUPONT", "match_score": 0.98, "etablissement_nom": "Parc école Yvonne DUPONT", "etablissement_adresse": "2 RUE MARCELLIN LACABANNE", "etablissement_theme1": "PARC ESPACE PUBLIC ET LOISIR", "etablissement_theme2": "Parcs et espaces verts", "etablissement_theme3": "Parc", "longitude": 166.44217365735199, "latitude": -22.292674881403499, "geo_source": "etablissements_publics_nc", "iris_id": 42, "iris_codgeo": "1806", "iris_libgeo": "Motor Pool - Receiving" }, "geometry": { "type": "Point", "coordinates": [ 166.442173657351987, -22.292674881403499 ] } },
{ "type": "Feature", "properties": { "code_departement": 988.0, "code_commune": 98818.0, "commune": "Nouméa", "commune_norm": "NOUMEA", "code_bv": "0006", "bureau_nom": "École Eloi FRANC 1", "bureau_nom_norm": "ECOLE ELOI FRANC", "match_score": 0.83, "etablissement_nom": "Ecole Eloi FRANC", "etablissement_adresse": "10 RUE PIERRE SAUVAN", "etablissement_theme1": "ENSEIGNEMENT ET FORMATION", "etablissement_theme2": "Enseignement du premier degré", "etablissement_theme3": "Ecole primaire", "longitude": 166.44782646784199, "latitude": -22.297428142809501, "geo_source": "etablissements_publics_nc", "iris_id": 39, "iris_codgeo": "1803", "iris_libgeo": "Anse Vata Est" }, "geometry": { "type": "Point", "coordinates": [ 166.447826467841992, -22.297428142809501 ] } },
{ "type": "Feature", "properties": { "code_departement": 988.0, "code_commune": 98818.0, "commune": "Nouméa", "commune_norm": "NOUMEA", "code_bv": "0007", "bureau_nom": "École Eloi FRANC 2", "bureau_nom_norm": "ECOLE ELOI FRANC", "match_score": 0.83, "etablissement_nom": "Ecole Eloi FRANC", "etablissement_adresse": "10 RUE PIERRE SAUVAN", "etablissement_theme1": "ENSEIGNEMENT ET FORMATION", "etablissement_theme2": "Enseignement du premier degré", "etablissement_theme3": "Ecole primaire", "longitude": 166.44782646784199, "latitude": -22.297428142809501, "geo_source": "etablissements_publics_nc", "iris_id": 39, "iris_codgeo": "1803", "iris_libgeo": "Anse Vata Est" }, "geometry": { "type": "Point", "coordinates": [ 166.447826467841992, -22.297428142809501 ] } },
{ "type": "Feature", "properties": { "code_departement": 988.0, "code_commune": 98818.0, "commune": "Nouméa", "commune_norm": "NOUMEA", "code_bv": "0008", "bureau_nom": "École Fernande LERICHE 1", "bureau_nom_norm": "ECOLE FERNANDE LERICHE", "match_score": 0.836, "etablissement_nom": "Ecole Fernande LERICHE", "etablissement_adresse": "13 RUE PIERRE SAUVAN", "etablissement_theme1": "ENSEIGNEMENT ET FORMATION", "etablissement_theme2": "Enseignement du premier degré", "etablissement_theme3": "Ecole élémentaire", "longitude": 166.448431376266, "latitude": -22.298474095067199, "geo_source": "etablissements_publics_nc", "iris_id": 39, "iris_codgeo": "1803", "iris_libgeo": "Anse Vata Est" }, "geometry": { "type": "Point", "coordinates": [ 166.448431376266001, -22.298474095067199 ] } },
{ "type": "Feature", "properties": { "code_departement": 988.0, "code_commune": 98818.0, "commune": "Nouméa", "commune_norm": "NOUMEA", "code_bv": "0009", "bureau_nom": "École Fernande LERICHE 2", "bureau_nom_norm": "ECOLE FERNANDE LERICHE", "match_score": 0.836, "etablissement_nom": "Ecole Fernande LERICHE", "etablissement_adresse": "13 RUE PIERRE SAUVAN", "etablissement_theme1": "ENSEIGNEMENT ET FORMATION", "etablissement_theme2": "Enseignement du premier degré", "etablissement_theme3": "Ecole élémentaire", "longitude": 166.448431376266, "latitude": -22.298474095067199, "geo_source": "etablissements_publics_nc", "iris_id": 39, "iris_codgeo": "1803", "iris_libgeo": "Anse Vata Est" }, "geometry": { "type": "Point", "coordinates": [ 166.448431376266001, -22.298474095067199 ] } },
{ "type": "Feature", "properties": { "code_departement": 988.0, "code_commune": 98818.0, "commune": "Nouméa", "commune_norm": "NOUMEA", "code_bv": "0010", "bureau_nom": "École Jean MERMOUD 1", "bureau_nom_norm": "ECOLE JEAN MERMOUD", "match_score": 0.85, "etablissement_nom": "Ecole Jean MERMOUD", "etablissement_adresse": "19 RUE MICHEL KAUMA", "etablissement_theme1": "ENSEIGNEMENT ET FORMATION", "etablissement_theme2": "Enseignement du premier degré", "etablissement_theme3": "Ecole primaire", "longitude": 166.454827725543, "latitude": -22.295684460492801, "geo_source": "etablissements_publics_nc", "iris_id": 43, "iris_codgeo": "1807", "iris_libgeo": "N'Géa" }, "geometry": { "type": "Point", "coordinates": [ 166.454827725542998, -22.295684460492801 ] } },
{ "type": "Feature", "properties": { "code_departement": 988.0, "code_commune": 98818.0, "commune": "Nouméa", "commune_norm": "NOUMEA", "code_bv": "0011", "bureau_nom": "École Jean MERMOUD 2", "bureau_nom_norm": "ECOLE JEAN MERMOUD", "match_score": 0.85, "etablissement_nom": "Ecole Jean MERMOUD", "etablissement_adresse": "19 RUE MICHEL KAUMA", "etablissement_theme1": "ENSEIGNEMENT ET FORMATION", "etablissement_theme2": "Enseignement du premier degré", "etablissement_theme3": "Ecole primaire", "longitude": 166.454827725543, "latitude": -22.295684460492801, "geo_source": "etablissements_publics_nc", "iris_id": 43, "iris_codgeo": "1807", "iris_libgeo": "N'Géa" }, "geometry": { "type": "Point", "coordinates": [ 166.454827725542998, -22.295684460492801 ] } },
{ "type": "Feature", "properties": { "code_departement": 988.0, "code_commune": 98818.0, "commune": "Nouméa", "commune_norm": "NOUMEA", "code_bv": "0012", "bureau_nom": "École Ernest RISBEC 1", "bureau_nom_norm": "ECOLE ERNEST RISBEC", "match_score": 0.859, "etablissement_nom": "Ecole Ernest RISBEC", "etablissement_adresse": "19 RUE DU COMMANDANT RIVIERE", "etablissement_theme1": "ENSEIGNEMENT ET FORMATION", "etablissement_theme2": "Enseignement du premier degré", "etablissement_theme3": "Ecole primaire", "longitude": 166.45170494092901, "latitude": -22.283844518806301, "geo_source": "etablissements_publics_nc", "iris_id": 44, "iris_codgeo": "1808", "iris_libgeo": "Trianon" }, "geometry": { "type": "Point", "coordinates": [ 166.451704940929005, -22.283844518806301 ] } },
{ "type": "Feature", "properties": { "code_departement": 988.0, "code_commune": 98818.0, "commune": "Nouméa", "commune_norm": "NOUMEA", "code_bv": "0013", "bureau_nom": "École Ernest RISBEC 2", "bureau_nom_norm": "ECOLE ERNEST RISBEC", "match_score": 0.859, "etablissement_nom": "Ecole Ernest RISBEC", "etablissement_adresse": "19 RUE DU COMMANDANT RIVIERE", "etablissement_theme1": "ENSEIGNEMENT ET FORMATION", "etablissement_theme2": "Enseignement du premier degré", "etablissement_theme3": "Ecole primaire", "longitude": 166.45170494092901, "latitude": -22.283844518806301, "geo_source": "etablissements_publics_nc", "iris_id": 44, "iris_codgeo": "1808", "iris_libgeo": "Trianon" }, "geometry": { "type": "Point", "coordinates": [ 166.451704940929005, -22.283844518806301 ] } },
{ "type": "Feature", "properties": { "code_departement": 988.0, "code_commune": 98818.0, "commune": "Nouméa", "commune_norm": "NOUMEA", "code_bv": "0014", "bureau_nom": "École Paul BOYER 1", "bureau_nom_norm": "ECOLE PAUL BOYER", "match_score": 0.812, "etablissement_nom": "Ecole Paul BOYER", "etablissement_adresse": "10 RUE BOUGAINVILLE", "etablissement_theme1": "ENSEIGNEMENT ET FORMATION", "etablissement_theme2": "Enseignement du premier degré", "etablissement_theme3": "Groupe scolaire", "longitude": 166.45248296915301, "latitude": -22.2781620536236, "geo_source": "etablissements_publics_nc", "iris_id": 47, "iris_codgeo": "1811", "iris_libgeo": "Faubourg Blanchot" }, "geometry": { "type": "Point", "coordinates": [ 166.45248296915301, -22.2781620536236 ] } },
{ "type": "Feature", "properties": { "code_departement": 988.0, "code_commune": 98818.0, "commune": "Nouméa", "commune_norm": "NOUMEA", "code_bv": "0015", "bureau_nom": "École les CAPUCINES", "bureau_nom_norm": "ECOLE CAPUCINES", "match_score": 0.8, "etablissement_nom": "Ecole LES CAPUCINES", "etablissement_adresse": "41 RUE TARAGNAT", "etablissement_theme1": "ENSEIGNEMENT ET FORMATION", "etablissement_theme2": "Enseignement du premier degré", "etablissement_theme3": "Groupe scolaire", "longitude": 166.457228804171, "latitude": -22.275367711957799, "geo_source": "etablissements_publics_nc", "iris_id": 49, "iris_codgeo": "1813", "iris_libgeo": "Vallée des Colons Sud Ouest" }, "geometry": { "type": "Point", "coordinates": [ 166.457228804170995, -22.275367711957799 ] } },
{ "type": "Feature", "properties": { "code_departement": 988.0, "code_commune": 98818.0, "commune": "Nouméa", "commune_norm": "NOUMEA", "code_bv": "0016", "bureau_nom": "École Candide KOCH 1", "bureau_nom_norm": "ECOLE CANDIDE KOCH", "match_score": 0.833, "etablissement_nom": "Ecole Candide KOCH", "etablissement_adresse": "33 RUE TARAGNAT", "etablissement_theme1": "ENSEIGNEMENT ET FORMATION", "etablissement_theme2": "Enseignement du premier degré", "etablissement_theme3": "Groupe scolaire", "longitude": 166.45645004022299, "latitude": -22.2745660873879, "geo_source": "etablissements_publics_nc", "iris_id": 49, "iris_codgeo": "1813", "iris_libgeo": "Vallée des Colons Sud Ouest" }, "geometry": { "type": "Point", "coordinates": [ 166.45645004022299, -22.2745660873879 ] } },
{ "type": "Feature", "properties": { "code_departement": 988.0, "code_commune": 98818.0, "commune": "Nouméa", "commune_norm": "NOUMEA", "code_bv": "0017", "bureau_nom": "École Candide KOCH 2", "bureau_nom_norm": "ECOLE CANDIDE KOCH", "match_score": 0.833, "etablissement_nom": "Ecole Candide KOCH", "etablissement_adresse": "33 RUE TARAGNAT", "etablissement_theme1": "ENSEIGNEMENT ET FORMATION", "etablissement_theme2": "Enseignement du premier degré", "etablissement_theme3": "Groupe scolaire", "longitude": 166.45645004022299, "latitude": -22.2745660873879, "geo_source": "etablissements_publics_nc", "iris_id": 49, "iris_codgeo": "1813", "iris_libgeo": "Vallée des Colons Sud Ouest" }, "geometry": { "type": "Point", "coordinates": [ 166.45645004022299, -22.2745660873879 ] } },
{ "type": "Feature", "properties": { "code_departement": 988.0, "code_commune": 98818.0, "commune": "Nouméa", "commune_norm": "NOUMEA", "code_bv": "0018", "bureau_nom": "École Emily PANNE 1", "bureau_nom_norm": "ECOLE EMILY PANNE", "match_score": 0.841, "etablissement_nom": "Ecole Emily PANNE", "etablissement_adresse": "115 RUE AUGUSTE BENEBIG", "etablissement_theme1": "ENSEIGNEMENT ET FORMATION", "etablissement_theme2": "Enseignement du premier degré", "etablissement_theme3": "Ecole primaire", "longitude": 166.45486051243699, "latitude": -22.268926132580098, "geo_source": "etablissements_publics_nc", "iris_id": 56, "iris_codgeo": "1820", "iris_libgeo": "Vallée des Colons Nord Est" }, "geometry": { "type": "Point", "coordinates": [ 166.454860512436994, -22.268926132580098 ] } },
{ "type": "Feature", "properties": { "code_departement": 988.0, "code_commune": 98818.0, "commune": "Nouméa", "commune_norm": "NOUMEA", "code_bv": "0019", "bureau_nom": "École Emily PANNE 2", "bureau_nom_norm": "ECOLE EMILY PANNE", "match_score": 0.841, "etablissement_nom": "Ecole Emily PANNE", "etablissement_adresse": "115 RUE AUGUSTE BENEBIG", "etablissement_theme1": "ENSEIGNEMENT ET FORMATION", "etablissement_theme2": "Enseignement du premier degré", "etablissement_theme3": "Ecole primaire", "longitude": 166.45486051243699, "latitude": -22.268926132580098, "geo_source": "etablissements_publics_nc", "iris_id": 56, "iris_codgeo": "1820", "iris_libgeo": "Vallée des Colons Nord Est" }, "geometry": { "type": "Point", "coordinates": [ 166.454860512436994, -22.268926132580098 ] } },
{ "type": "Feature", "properties": { "code_departement": 988.0, "code_commune": 98818.0, "commune": "Nouméa", "commune_norm": "NOUMEA", "code_bv": "0020", "bureau_nom": "École Antoinette CHARBONNEAUX", "bureau_nom_norm": "ECOLE ANTOINETTE CHARBONNEAUX", "match_score": 0.879, "etablissement_nom": "Ecole Antoinette CHARBONNEAUX", "etablissement_adresse": "1 RUE ANDRE ROLLY", "etablissement_theme1": "ENSEIGNEMENT ET FORMATION", "etablissement_theme2": "Enseignement du premier degré", "etablissement_theme3": "Ecole élémentaire", "longitude": 166.46666463723, "latitude": -22.273716213111001, "geo_source": "etablissements_publics_nc", "iris_id": 52, "iris_codgeo": "1816", "iris_libgeo": "Magenta Tours" }, "geometry": { "type": "Point", "coordinates": [ 166.466664637229997, -22.273716213111001 ] } },
{ "type": "Feature", "properties": { "code_departement": 988.0, "code_commune": 98818.0, "commune": "Nouméa", "commune_norm": "NOUMEA", "code_bv": "0021", "bureau_nom": "École Marie HAVET 1", "bureau_nom_norm": "ECOLE MARIE HAVET", "match_score": 0.841, "etablissement_nom": "Ecole Marie HAVET", "etablissement_adresse": "231 RUE ARNOLD DALY", "etablissement_theme1": "ENSEIGNEMENT ET FORMATION", "etablissement_theme2": "Enseignement du premier degré", "etablissement_theme3": "Ecole primaire", "longitude": 166.471138313555, "latitude": -22.282888056301701, "geo_source": "etablissements_publics_nc", "iris_id": 54, "iris_codgeo": "1818", "iris_libgeo": "Ouémo" }, "geometry": { "type": "Point", "coordinates": [ 166.471138313555002, -22.282888056301701 ] } },
{ "type": "Feature", "properties": { "code_departement": 988.0, "code_commune": 98818.0, "commune": "Nouméa", "commune_norm": "NOUMEA", "code_bv": "0022", "bureau_nom": "École Marie HAVET 2", "bureau_nom_norm": "ECOLE MARIE HAVET", "match_score": 0.841, "etablissement_nom": "Ecole Marie HAVET", "etablissement_adresse": "231 RUE ARNOLD DALY", "etablissement_theme1": "ENSEIGNEMENT ET FORMATION", "etablissement_theme2": "Enseignement du premier degré", "etablissement_theme3": "Ecole primaire", "longitude": 166.471138313555, "latitude": -22.282888056301701, "geo_source": "etablissements_publics_nc", "iris_id": 54, "iris_codgeo": "1818", "iris_libgeo": "Ouémo" }, "geometry": { "type": "Point", "coordinates": [ 166.471138313555002, -22.282888056301701 ] } },
{ "type": "Feature", "properties": { "code_departement": 988.0, "code_commune": 98818.0, "commune": "Nouméa", "commune_norm": "NOUMEA", "code_bv": "0023", "bureau_nom": "École Christine BOLETTI 1", "bureau_nom_norm": "ECOLE CHRISTINE BOLETTI", "match_score": 0.792, "etablissement_nom": "Ecole Christine BOLETTI", "etablissement_adresse": "10 RUE CHARLES STEINMETZ", "etablissement_theme1": "ENSEIGNEMENT ET FORMATION", "etablissement_theme2": "Enseignement du premier degré", "etablissement_theme3": "Ecole pré-élémentaire", "longitude": 166.465990390657, "latitude": -22.266177338024701, "geo_source": "etablissements_publics_nc", "iris_id": 63, "iris_codgeo": "1827", "iris_libgeo": "Aérodrome Sud" }, "geometry": { "type": "Point", "coordinates": [ 166.465990390656998, -22.266177338024701 ] } },
{ "type": "Feature", "properties": { "code_departement": 988.0, "code_commune": 98818.0, "commune": "Nouméa", "commune_norm": "NOUMEA", "code_bv": "0024", "bureau_nom": "École Christine BOLETTI 2", "bureau_nom_norm": "ECOLE CHRISTINE BOLETTI", "match_score": 0.792, "etablissement_nom": "Ecole Christine BOLETTI", "etablissement_adresse": "10 RUE CHARLES STEINMETZ", "etablissement_theme1": "ENSEIGNEMENT ET FORMATION", "etablissement_theme2": "Enseignement du premier degré", "etablissement_theme3": "Ecole pré-élémentaire", "longitude": 166.465990390657, "latitude": -22.266177338024701, "geo_source": "etablissements_publics_nc", "iris_id": 63, "iris_codgeo": "1827", "iris_libgeo": "Aérodrome Sud" }, "geometry": { "type": "Point", "coordinates": [ 166.465990390656998, -22.266177338024701 ] } },
{ "type": "Feature", "properties": { "code_departement": 988.0, "code_commune": 98818.0, "commune": "Nouméa", "commune_norm": "NOUMEA", "code_bv": "0025", "bureau_nom": "École Michel CACOT 1", "bureau_nom_norm": "ECOLE MICHEL CACOT", "match_score": 0.85, "etablissement_nom": "Ecole Michel CACOT", "etablissement_adresse": "231 RUE ARMAND OHLEN", "etablissement_theme1": "ENSEIGNEMENT ET FORMATION", "etablissement_theme2": "Enseignement du premier degré", "etablissement_theme3": "Ecole primaire", "longitude": 166.46365222343101, "latitude": -22.266219932480102, "geo_source": "etablissements_publics_nc", "iris_id": 62, "iris_codgeo": "1826", "iris_libgeo": "Portes de Fer - Sud" }, "geometry": { "type": "Point", "coordinates": [ 166.463652223431012, -22.266219932480102 ] } },
{ "type": "Feature", "properties": { "code_departement": 988.0, "code_commune": 98818.0, "commune": "Nouméa", "commune_norm": "NOUMEA", "code_bv": "0026", "bureau_nom": "École Michel CACOT 2", "bureau_nom_norm": "ECOLE MICHEL CACOT", "match_score": 0.85, "etablissement_nom": "Ecole Michel CACOT", "etablissement_adresse": "231 RUE ARMAND OHLEN", "etablissement_theme1": "ENSEIGNEMENT ET FORMATION", "etablissement_theme2": "Enseignement du premier degré", "etablissement_theme3": "Ecole primaire", "longitude": 166.46365222343101, "latitude": -22.266219932480102, "geo_source": "etablissements_publics_nc", "iris_id": 62, "iris_codgeo": "1826", "iris_libgeo": "Portes de Fer - Sud" }, "geometry": { "type": "Point", "coordinates": [ 166.463652223431012, -22.266219932480102 ] } },
{ "type": "Feature", "properties": { "code_departement": 988.0, "code_commune": 98818.0, "commune": "Nouméa", "commune_norm": "NOUMEA", "code_bv": "0027", "bureau_nom": "École Céline TEYSSANDIER de LAUBAREDE", "bureau_nom_norm": "ECOLE CELINE TEYSSANDIER LAUBAREDE", "match_score": 0.933, "etablissement_nom": "Ecole primaire Céline TEYSSANDIER DE LAUBAREDE", "etablissement_adresse": "29 ROUTE DES DEUX VALLEES - RUE JACQUES BARRAU", "etablissement_theme1": "ENSEIGNEMENT ET FORMATION", "etablissement_theme2": "Enseignement du premier degré", "etablissement_theme3": "Ecole primaire", "longitude": 166.445705500987, "latitude": -22.264001775132702, "geo_source": "etablissements_publics_nc", "iris_id": 60, "iris_codgeo": "1824", "iris_libgeo": "Vallée du Tir" }, "geometry": { "type": "Point", "coordinates": [ 166.445705500987003, -22.264001775132702 ] } },
{ "type": "Feature", "properties": { "code_departement": 988.0, "code_commune": 98818.0, "commune": "Nouméa", "commune_norm": "NOUMEA", "code_bv": "0028", "bureau_nom": "École Gustave MOUCHET 1", "bureau_nom_norm": "ECOLE GUSTAVE MOUCHET", "match_score": 0.874, "etablissement_nom": "Ecole Gustave MOUCHET", "etablissement_adresse": "8 RUE DES FRERES CHARPENTIER", "etablissement_theme1": "ENSEIGNEMENT ET FORMATION", "etablissement_theme2": "Enseignement du premier degré", "etablissement_theme3": "Ecole primaire", "longitude": 166.45441470306099, "latitude": -22.250450188119299, "geo_source": "etablissements_publics_nc", "iris_id": 64, "iris_codgeo": "1828", "iris_libgeo": "Portes de Fer - Nord" }, "geometry": { "type": "Point", "coordinates": [ 166.454414703060991, -22.250450188119299 ] } },
{ "type": "Feature", "properties": { "code_departement": 988.0, "code_commune": 98818.0, "commune": "Nouméa", "commune_norm": "NOUMEA", "code_bv": "0029", "bureau_nom": "École Gustave MOUCHET 2", "bureau_nom_norm": "ECOLE GUSTAVE MOUCHET", "match_score": 0.874, "etablissement_nom": "Ecole Gustave MOUCHET", "etablissement_adresse": "8 RUE DES FRERES CHARPENTIER", "etablissement_theme1": "ENSEIGNEMENT ET FORMATION", "etablissement_theme2": "Enseignement du premier degré", "etablissement_theme3": "Ecole primaire", "longitude": 166.45441470306099, "latitude": -22.250450188119299, "geo_source": "etablissements_publics_nc", "iris_id": 64, "iris_codgeo": "1828", "iris_libgeo": "Portes de Fer - Nord" }, "geometry": { "type": "Point", "coordinates": [ 166.454414703060991, -22.250450188119299 ] } },
{ "type": "Feature", "properties": { "code_departement": 988.0, "code_commune": 98818.0, "commune": "Nouméa", "commune_norm": "NOUMEA", "code_bv": "0030", "bureau_nom": "École Mathilde BROQUET 1", "bureau_nom_norm": "ECOLE MATHILDE BROQUET", "match_score": 0.836, "etablissement_nom": "Ecole Mathilde BROQUET", "etablissement_adresse": "24 RUE PIERRE ARTIGUE", "etablissement_theme1": "ENSEIGNEMENT ET FORMATION", "etablissement_theme2": "Enseignement du premier degré", "etablissement_theme3": "Ecole élémentaire", "longitude": 166.46754984038699, "latitude": -22.256293239868, "geo_source": "etablissements_publics_nc", "iris_id": 63, "iris_codgeo": "1827", "iris_libgeo": "Aérodrome Sud" }, "geometry": { "type": "Point", "coordinates": [ 166.467549840386994, -22.256293239868 ] } },
{ "type": "Feature", "properties": { "code_departement": 988.0, "code_commune": 98818.0, "commune": "Nouméa", "commune_norm": "NOUMEA", "code_bv": "0031", "bureau_nom": "École Marie COURTOT 1", "bureau_nom_norm": "ECOLE MARIE COURTOT", "match_score": 0.859, "etablissement_nom": "Ecole Marie COURTOT", "etablissement_adresse": "234 RUE JACQUES IEKAWE", "etablissement_theme1": "ENSEIGNEMENT ET FORMATION", "etablissement_theme2": "Enseignement du premier degré", "etablissement_theme3": "Ecole primaire", "longitude": 166.47046437885899, "latitude": -22.242522007082901, "geo_source": "etablissements_publics_nc", "iris_id": 70, "iris_codgeo": "1834", "iris_libgeo": "PK 6 Nord" }, "geometry": { "type": "Point", "coordinates": [ 166.470464378858992, -22.242522007082901 ] } },
{ "type": "Feature", "properties": { "code_departement": 988.0, "code_commune": 98818.0, "commune": "Nouméa", "commune_norm": "NOUMEA", "code_bv": "0032", "bureau_nom": "École Marie COURTOT 2", "bureau_nom_norm": "ECOLE MARIE COURTOT", "match_score": 0.859, "etablissement_nom": "Ecole Marie COURTOT", "etablissement_adresse": "234 RUE JACQUES IEKAWE", "etablissement_theme1": "ENSEIGNEMENT ET FORMATION", "etablissement_theme2": "Enseignement du premier degré", "etablissement_theme3": "Ecole primaire", "longitude": 166.47046437885899, "latitude": -22.242522007082901, "geo_source": "etablissements_publics_nc", "iris_id": 70, "iris_codgeo": "1834", "iris_libgeo": "PK 6 Nord" }, "geometry": { "type": "Point", "coordinates": [ 166.470464378858992, -22.242522007082901 ] } },
{ "type": "Feature", "properties": { "code_departement": 988.0, "code_commune": 98818.0, "commune": "Nouméa", "commune_norm": "NOUMEA", "code_bv": "0033", "bureau_nom": "École Robert BURCK", "bureau_nom_norm": "ECOLE ROBERT BURCK", "match_score": 0.833, "etablissement_nom": "Ecole Robert BURCK", "etablissement_adresse": "3 RUE DU CAPITAINE VIDAL", "etablissement_theme1": "ENSEIGNEMENT ET FORMATION", "etablissement_theme2": "Enseignement du premier degré", "etablissement_theme3": "Groupe scolaire", "longitude": 166.46360194987301, "latitude": -22.238260433019299, "geo_source": "etablissements_publics_nc", "iris_id": 69, "iris_codgeo": "1833", "iris_libgeo": "Riviére Salée Sud" }, "geometry": { "type": "Point", "coordinates": [ 166.463601949873009, -22.238260433019299 ] } },
{ "type": "Feature", "properties": { "code_departement": 988.0, "code_commune": 98818.0, "commune": "Nouméa", "commune_norm": "NOUMEA", "code_bv": "0034", "bureau_nom": "École les ROSES", "bureau_nom_norm": "ECOLE ROSES", "match_score": 0.633, "etablissement_nom": "Ecole FILANTE", "etablissement_adresse": "8 RUE MARCELLIN LACABANNE", "etablissement_theme1": "ENSEIGNEMENT ET FORMATION", "etablissement_theme2": "Enseignement du premier degré", "etablissement_theme3": "Autre structure scolaire", "longitude": 166.44313508710599, "latitude": -22.292907147620699, "geo_source": "etablissements_publics_nc", "iris_id": 42, "iris_codgeo": "1806", "iris_libgeo": "Motor Pool - Receiving" }, "geometry": { "type": "Point", "coordinates": [ 166.443135087105986, -22.292907147620699 ] } },
{ "type": "Feature", "properties": { "code_departement": 988.0, "code_commune": 98818.0, "commune": "Nouméa", "commune_norm": "NOUMEA", "code_bv": "0035", "bureau_nom": "École les ŒILLETS", "bureau_nom_norm": "ECOLE ILLETS", "match_score": 0.77, "etablissement_nom": "Ecole FILANTE", "etablissement_adresse": "8 RUE MARCELLIN LACABANNE", "etablissement_theme1": "ENSEIGNEMENT ET FORMATION", "etablissement_theme2": "Enseignement du premier degré", "etablissement_theme3": "Autre structure scolaire", "longitude": 166.44313508710599, "latitude": -22.292907147620699, "geo_source": "etablissements_publics_nc", "iris_id": 42, "iris_codgeo": "1806", "iris_libgeo": "Motor Pool - Receiving" }, "geometry": { "type": "Point", "coordinates": [ 166.443135087105986, -22.292907147620699 ] } },
{ "type": "Feature", "properties": { "code_departement": 988.0, "code_commune": 98818.0, "commune": "Nouméa", "commune_norm": "NOUMEA", "code_bv": "0036", "bureau_nom": "École Jacques TROUILLOT", "bureau_nom_norm": "ECOLE JACQUES TROUILLOT", "match_score": 0.886, "etablissement_nom": "Ecole Jacques TROUILLOT", "etablissement_adresse": "15 RUE NOELAT", "etablissement_theme1": "ENSEIGNEMENT ET FORMATION", "etablissement_theme2": "Enseignement du premier degré", "etablissement_theme3": "Ecole primaire", "longitude": 166.471000599479, "latitude": -22.228359981950099, "geo_source": "etablissements_publics_nc", "iris_id": 74, "iris_codgeo": "1838", "iris_libgeo": "Riviére Salée Nord Est" }, "geometry": { "type": "Point", "coordinates": [ 166.471000599478998, -22.228359981950099 ] } },
{ "type": "Feature", "properties": { "code_departement": 988.0, "code_commune": 98818.0, "commune": "Nouméa", "commune_norm": "NOUMEA", "code_bv": "0037", "bureau_nom": "École Mauricette DEVAMBEZ 1", "bureau_nom_norm": "ECOLE MAURICETTE DEVAMBEZ", "match_score": 0.627, "etablissement_nom": "Ecole Michel AMIOT", "etablissement_adresse": "12 RUE DE PRONY", "etablissement_theme1": "ENSEIGNEMENT ET FORMATION", "etablissement_theme2": "Enseignement du premier degré", "etablissement_theme3": "Ecole primaire", "longitude": 166.468616034294, "latitude": -22.2680303864914, "geo_source": "etablissements_publics_nc", "iris_id": 53, "iris_codgeo": "1817", "iris_libgeo": "Magenta Est" }, "geometry": { "type": "Point", "coordinates": [ 166.468616034294001, -22.2680303864914 ] } },
{ "type": "Feature", "properties": { "code_departement": 988.0, "code_commune": 98818.0, "commune": "Nouméa", "commune_norm": "NOUMEA", "code_bv": "0038", "bureau_nom": "École Mauricette DEVAMBEZ 2", "bureau_nom_norm": "ECOLE MAURICETTE DEVAMBEZ", "match_score": 0.627, "etablissement_nom": "Ecole Michel AMIOT", "etablissement_adresse": "12 RUE DE PRONY", "etablissement_theme1": "ENSEIGNEMENT ET FORMATION", "etablissement_theme2": "Enseignement du premier degré", "etablissement_theme3": "Ecole primaire", "longitude": 166.468616034294, "latitude": -22.2680303864914, "geo_source": "etablissements_publics_nc", "iris_id": 53, "iris_codgeo": "1817", "iris_libgeo": "Magenta Est" }, "geometry": { "type": "Point", "coordinates": [ 166.468616034294001, -22.2680303864914 ] } },
{ "type": "Feature", "properties": { "code_departement": 988.0, "code_commune": 98818.0, "commune": "Nouméa", "commune_norm": "NOUMEA", "code_bv": "0039", "bureau_nom": "École Adrienne LOMONT 1", "bureau_nom_norm": "ECOLE ADRIENNE LOMONT", "match_score": 0.874, "etablissement_nom": "Ecole Adrienne LOMONT", "etablissement_adresse": "10B RUE DU MARECHAL LYAUTEY", "etablissement_theme1": "ENSEIGNEMENT ET FORMATION", "etablissement_theme2": "Enseignement du premier degré", "etablissement_theme3": "Ecole primaire", "longitude": 166.48415721657801, "latitude": -22.220646226025199, "geo_source": "etablissements_publics_nc", "iris_id": 76, "iris_codgeo": "1840", "iris_libgeo": "Normandie Nord" }, "geometry": { "type": "Point", "coordinates": [ 166.484157216578012, -22.220646226025199 ] } },
{ "type": "Feature", "properties": { "code_departement": 988.0, "code_commune": 98818.0, "commune": "Nouméa", "commune_norm": "NOUMEA", "code_bv": "0040", "bureau_nom": "École Adrienne LOMONT 2", "bureau_nom_norm": "ECOLE ADRIENNE LOMONT", "match_score": 0.874, "etablissement_nom": "Ecole Adrienne LOMONT", "etablissement_adresse": "10B RUE DU MARECHAL LYAUTEY", "etablissement_theme1": "ENSEIGNEMENT ET FORMATION", "etablissement_theme2": "Enseignement du premier degré", "etablissement_theme3": "Ecole primaire", "longitude": 166.48415721657801, "latitude": -22.220646226025199, "geo_source": "etablissements_publics_nc", "iris_id": 76, "iris_codgeo": "1840", "iris_libgeo": "Normandie Nord" }, "geometry": { "type": "Point", "coordinates": [ 166.484157216578012, -22.220646226025199 ] } },
{ "type": "Feature", "properties": { "code_departement": 988.0, "code_commune": 98818.0, "commune": "Nouméa", "commune_norm": "NOUMEA", "code_bv": "0041", "bureau_nom": "École Gustave LODS 1", "bureau_nom_norm": "ECOLE GUSTAVE LODS", "match_score": 0.85, "etablissement_nom": "Ecole Gustave LODS", "etablissement_adresse": "63 RUE VARIN", "etablissement_theme1": "ENSEIGNEMENT ET FORMATION", "etablissement_theme2": "Enseignement du premier degré", "etablissement_theme3": "Ecole primaire", "longitude": 166.435430928496, "latitude": -22.238137166211398, "geo_source": "etablissements_publics_nc", "iris_id": 79, "iris_codgeo": "1843", "iris_libgeo": "Logicoop" }, "geometry": { "type": "Point", "coordinates": [ 166.435430928496004, -22.238137166211398 ] } },
{ "type": "Feature", "properties": { "code_departement": 988.0, "code_commune": 98818.0, "commune": "Nouméa", "commune_norm": "NOUMEA", "code_bv": "0042", "bureau_nom": "École Gustave LODS 2", "bureau_nom_norm": "ECOLE GUSTAVE LODS", "match_score": 0.85, "etablissement_nom": "Ecole Gustave LODS", "etablissement_adresse": "63 RUE VARIN", "etablissement_theme1": "ENSEIGNEMENT ET FORMATION", "etablissement_theme2": "Enseignement du premier degré", "etablissement_theme3": "Ecole primaire", "longitude": 166.435430928496, "latitude": -22.238137166211398, "geo_source": "etablissements_publics_nc", "iris_id": 79, "iris_codgeo": "1843", "iris_libgeo": "Logicoop" }, "geometry": { "type": "Point", "coordinates": [ 166.435430928496004, -22.238137166211398 ] } },
{ "type": "Feature", "properties": { "code_departement": 988.0, "code_commune": 98818.0, "commune": "Nouméa", "commune_norm": "NOUMEA", "code_bv": "0043", "bureau_nom": "École Daniel TALON", "bureau_nom_norm": "ECOLE DANIEL TALON", "match_score": 0.8, "etablissement_nom": "Ecole Daniel TALON", "etablissement_adresse": "5 RUE PIERRE ISSAMATRO", "etablissement_theme1": "ENSEIGNEMENT ET FORMATION", "etablissement_theme2": "Enseignement du premier degré", "etablissement_theme3": "Ecole élémentaire", "longitude": 166.429735177846, "latitude": -22.234349815387802, "geo_source": "etablissements_publics_nc", "iris_id": 79, "iris_codgeo": "1843", "iris_libgeo": "Logicoop" }, "geometry": { "type": "Point", "coordinates": [ 166.429735177845998, -22.234349815387802 ] } },
{ "type": "Feature", "properties": { "code_departement": 988.0, "code_commune": 98818.0, "commune": "Nouméa", "commune_norm": "NOUMEA", "code_bv": "0044", "bureau_nom": "École Louise VERGES", "bureau_nom_norm": "ECOLE LOUISE VERGES", "match_score": 0.615, "etablissement_nom": "Ecole Serge LAIGLE", "etablissement_adresse": "7 RUE GEORGES LEQUES", "etablissement_theme1": "ENSEIGNEMENT ET FORMATION", "etablissement_theme2": "Enseignement du premier degré", "etablissement_theme3": "Ecole primaire", "longitude": 166.48601674580399, "latitude": -22.234340838822501, "geo_source": "etablissements_publics_nc", "iris_id": 71, "iris_codgeo": "1835", "iris_libgeo": "Tina" }, "geometry": { "type": "Point", "coordinates": [ 166.486016745803994, -22.234340838822501 ] } },
{ "type": "Feature", "properties": { "code_departement": 988.0, "code_commune": 98818.0, "commune": "Nouméa", "commune_norm": "NOUMEA", "code_bv": "0045", "bureau_nom": "École Mathilde BROQUET 2", "bureau_nom_norm": "ECOLE MATHILDE BROQUET", "match_score": 0.836, "etablissement_nom": "Ecole Mathilde BROQUET", "etablissement_adresse": "24 RUE PIERRE ARTIGUE", "etablissement_theme1": "ENSEIGNEMENT ET FORMATION", "etablissement_theme2": "Enseignement du premier degré", "etablissement_theme3": "Ecole élémentaire", "longitude": 166.46754984038699, "latitude": -22.256293239868, "geo_source": "etablissements_publics_nc", "iris_id": 63, "iris_codgeo": "1827", "iris_libgeo": "Aérodrome Sud" }, "geometry": { "type": "Point", "coordinates": [ 166.467549840386994, -22.256293239868 ] } },
{ "type": "Feature", "properties": { "code_departement": 988.0, "code_commune": 98818.0, "commune": "Nouméa", "commune_norm": "NOUMEA", "code_bv": "0046", "bureau_nom": "École Yvonne DUPONT 2", "bureau_nom_norm": "ECOLE YVONNE DUPONT", "match_score": 0.98, "etablissement_nom": "Parc école Yvonne DUPONT", "etablissement_adresse": "2 RUE MARCELLIN LACABANNE", "etablissement_theme1": "PARC ESPACE PUBLIC ET LOISIR", "etablissement_theme2": "Parcs et espaces verts", "etablissement_theme3": "Parc", "longitude": 166.44217365735199, "latitude": -22.292674881403499, "geo_source": "etablissements_publics_nc", "iris_id": 42, "iris_codgeo": "1806", "iris_libgeo": "Motor Pool - Receiving" }, "geometry": { "type": "Point", "coordinates": [ 166.442173657351987, -22.292674881403499 ] } },
{ "type": "Feature", "properties": { "code_departement": 988.0, "code_commune": 98818.0, "commune": "Nouméa", "commune_norm": "NOUMEA", "code_bv": "0047", "bureau_nom": "École Paul BOYER 2", "bureau_nom_norm": "ECOLE PAUL BOYER", "match_score": 0.812, "etablissement_nom": "Ecole Paul BOYER", "etablissement_adresse": "10 RUE BOUGAINVILLE", "etablissement_theme1": "ENSEIGNEMENT ET FORMATION", "etablissement_theme2": "Enseignement du premier degré", "etablissement_theme3": "Groupe scolaire", "longitude": 166.45248296915301, "latitude": -22.2781620536236, "geo_source": "etablissements_publics_nc", "iris_id": 47, "iris_codgeo": "1811", "iris_libgeo": "Faubourg Blanchot" }, "geometry": { "type": "Point", "coordinates": [ 166.45248296915301, -22.2781620536236 ] } },
{ "type": "Feature", "properties": { "code_departement": 988.0, "code_commune": 98818.0, "commune": "Nouméa", "commune_norm": "NOUMEA", "code_bv": "0048", "bureau_nom": "École Marguerite ARSAPIN", "bureau_nom_norm": "ECOLE MARGUERITE ARSAPIN", "match_score": 0.74, "etablissement_nom": "Ecole Marguerite CARLIER", "etablissement_adresse": "14 RUE DE BOUGAINVILLE", "etablissement_theme1": "ENSEIGNEMENT ET FORMATION", "etablissement_theme2": "Enseignement du premier degré", "etablissement_theme3": "Groupe scolaire", "longitude": 166.454280714904, "latitude": -22.279006096744599, "geo_source": "etablissements_publics_nc", "iris_id": 47, "iris_codgeo": "1811", "iris_libgeo": "Faubourg Blanchot" }, "geometry": { "type": "Point", "coordinates": [ 166.454280714904002, -22.279006096744599 ] } },
{ "type": "Feature", "properties": { "code_departement": 988.0, "code_commune": 98818.0, "commune": "Nouméa", "commune_norm": "NOUMEA", "code_bv": "0049", "bureau_nom": "École les PERVENCHES", "bureau_nom_norm": "ECOLE PERVENCHES", "match_score": 0.717, "etablissement_nom": "Ecole LES PERVENCHES", "etablissement_adresse": "4 RUE PIERRE ARTIGUE", "etablissement_theme1": "ENSEIGNEMENT ET FORMATION", "etablissement_theme2": "Enseignement du premier degré", "etablissement_theme3": "Ecole pré-élémentaire", "longitude": 166.46393514466499, "latitude": -22.257576617909301, "geo_source": "etablissements_publics_nc", "iris_id": 62, "iris_codgeo": "1826", "iris_libgeo": "Portes de Fer - Sud" }, "geometry": { "type": "Point", "coordinates": [ 166.463935144664987, -22.257576617909301 ] } },
{ "type": "Feature", "properties": { "code_departement": 988.0, "code_commune": 98818.0, "commune": "Nouméa", "commune_norm": "NOUMEA", "code_bv": "0050", "bureau_nom": "École Albert PERRAUD", "bureau_nom_norm": "ECOLE ALBERT PERRAUD", "match_score": 0.866, "etablissement_nom": "Ecole Albert PERRAUD", "etablissement_adresse": "1 RUE HENRI BAUDOEUF", "etablissement_theme1": "ENSEIGNEMENT ET FORMATION", "etablissement_theme2": "Enseignement du premier degré", "etablissement_theme3": "Ecole primaire", "longitude": 166.467888234029, "latitude": -22.261963683677099, "geo_source": "etablissements_publics_nc", "iris_id": 63, "iris_codgeo": "1827", "iris_libgeo": "Aérodrome Sud" }, "geometry": { "type": "Point", "coordinates": [ 166.467888234029004, -22.261963683677099 ] } },
{ "type": "Feature", "properties": { "code_departement": 988.0, "code_commune": 98818.0, "commune": "Nouméa", "commune_norm": "NOUMEA", "code_bv": "0051", "bureau_nom": "École Michel AMIOT", "bureau_nom_norm": "ECOLE MICHEL AMIOT", "match_score": 0.85, "etablissement_nom": "Ecole Michel AMIOT", "etablissement_adresse": "12 RUE DE PRONY", "etablissement_theme1": "ENSEIGNEMENT ET FORMATION", "etablissement_theme2": "Enseignement du premier degré", "etablissement_theme3": "Ecole primaire", "longitude": 166.468616034294, "latitude": -22.2680303864914, "geo_source": "etablissements_publics_nc", "iris_id": 53, "iris_codgeo": "1817", "iris_libgeo": "Magenta Est" }, "geometry": { "type": "Point", "coordinates": [ 166.468616034294001, -22.2680303864914 ] } },
{ "type": "Feature", "properties": { "code_departement": 988.0, "code_commune": 98818.0, "commune": "Nouméa", "commune_norm": "NOUMEA", "code_bv": "0052", "bureau_nom": "École Charles BICHON", "bureau_nom_norm": "ECOLE CHARLES BICHON", "match_score": 0.819, "etablissement_nom": "Ecole Charles BICHON", "etablissement_adresse": "82 AVENUE DU GENERAL DE GAULLE", "etablissement_theme1": "ENSEIGNEMENT ET FORMATION", "etablissement_theme2": "Enseignement du premier degré", "etablissement_theme3": "Ecole élémentaire", "longitude": 166.443767790723, "latitude": -22.280813268062499, "geo_source": "etablissements_publics_nc", "iris_id": 45, "iris_codgeo": "1809", "iris_libgeo": "Orphelinat" }, "geometry": { "type": "Point", "coordinates": [ 166.443767790723001, -22.280813268062499 ] } },
{ "type": "Feature", "properties": { "code_departement": 988.0, "code_commune": 98818.0, "commune": "Nouméa", "commune_norm": "NOUMEA", "code_bv": "0053", "bureau_nom": "École les LYS", "bureau_nom_norm": "ECOLE LYS", "match_score": 0.686, "etablissement_nom": "Ecole FILANTE", "etablissement_adresse": "8 RUE MARCELLIN LACABANNE", "etablissement_theme1": "ENSEIGNEMENT ET FORMATION", "etablissement_theme2": "Enseignement du premier degré", "etablissement_theme3": "Autre structure scolaire", "longitude": 166.44313508710599, "latitude": -22.292907147620699, "geo_source": "etablissements_publics_nc", "iris_id": 42, "iris_codgeo": "1806", "iris_libgeo": "Motor Pool - Receiving" }, "geometry": { "type": "Point", "coordinates": [ 166.443135087105986, -22.292907147620699 ] } },
{ "type": "Feature", "properties": { "code_departement": 988.0, "code_commune": 98818.0, "commune": "Nouméa", "commune_norm": "NOUMEA", "code_bv": "0054", "bureau_nom": "École le PETIT POUCET", "bureau_nom_norm": "ECOLE PETIT POUCET", "match_score": 0.762, "etablissement_nom": "Espace vert petit poucet", "etablissement_adresse": "1 RUE DURMONT-D'URVILLE", "etablissement_theme1": "PARC ESPACE PUBLIC ET LOISIR", "etablissement_theme2": "Parcs et espaces verts", "etablissement_theme3": "Espace vert", "longitude": 166.446452105063, "latitude": -22.263846267665901, "geo_source": "etablissements_publics_nc", "iris_id": 60, "iris_codgeo": "1824", "iris_libgeo": "Vallée du Tir" }, "geometry": { "type": "Point", "coordinates": [ 166.446452105063003, -22.263846267665901 ] } },
{ "type": "Feature", "properties": { "code_departement": 988.0, "code_commune": 98818.0, "commune": "Nouméa", "commune_norm": "NOUMEA", "code_bv": "0055", "bureau_nom": "École Serge LAIGLE", "bureau_nom_norm": "ECOLE SERGE LAIGLE", "match_score": 0.85, "etablissement_nom": "Ecole Serge LAIGLE", "etablissement_adresse": "7 RUE GEORGES LEQUES", "etablissement_theme1": "ENSEIGNEMENT ET FORMATION", "etablissement_theme2": "Enseignement du premier degré", "etablissement_theme3": "Ecole primaire", "longitude": 166.48601674580399, "latitude": -22.234340838822501, "geo_source": "etablissements_publics_nc", "iris_id": 71, "iris_codgeo": "1835", "iris_libgeo": "Tina" }, "geometry": { "type": "Point", "coordinates": [ 166.486016745803994, -22.234340838822501 ] } },
{ "type": "Feature", "properties": { "code_departement": 988.0, "code_commune": 98818.0, "commune": "Nouméa", "commune_norm": "NOUMEA", "code_bv": "0056", "bureau_nom": "École Guy CHAMPMOREAU", "bureau_nom_norm": "ECOLE GUY CHAMPMOREAU", "match_score": 0.874, "etablissement_nom": "Ecole Guy CHAMPMOREAU", "etablissement_adresse": "17 RUE PASCAL SIHAZE", "etablissement_theme1": "ENSEIGNEMENT ET FORMATION", "etablissement_theme2": "Enseignement du premier degré", "etablissement_theme3": "Ecole primaire", "longitude": 166.452313565802, "latitude": -22.289216194352498, "geo_source": "etablissements_publics_nc", "iris_id": 43, "iris_codgeo": "1807", "iris_libgeo": "N'Géa" }, "geometry": { "type": "Point", "coordinates": [ 166.452313565802001, -22.289216194352498 ] } },
{ "type": "Feature", "properties": { "code_departement": 988.0, "code_commune": 98818.0, "commune": "Nouméa", "commune_norm": "NOUMEA", "code_bv": "0057", "bureau_nom": "Mairie 3", "bureau_nom_norm": "MAIRIE", "match_score": 0.93, "etablissement_nom": "Hôtel de Ville de Nouméa", "etablissement_adresse": "16 RUE DU GENERAL MANGIN", "etablissement_theme1": "ADMINISTRATION ET ORGANISME", "etablissement_theme2": "Administrations des collectivités", "etablissement_theme3": "Administration de la commune de Nouméa", "longitude": 166.439401925184, "latitude": -22.271405610422899, "geo_source": "etablissements_publics_nc", "iris_id": 58, "iris_codgeo": "1822", "iris_libgeo": "Centre ville" }, "geometry": { "type": "Point", "coordinates": [ 166.439401925184001, -22.271405610422899 ] } },
{ "type": "Feature", "properties": { "code_departement": 988.0, "code_commune": 98819.0, "commune": "Ouégoa", "commune_norm": "OUEGOA", "code_bv": "0001", "bureau_nom": "Mairie", "bureau_nom_norm": "MAIRIE", "match_score": 0.7, "etablissement_nom": "OUEGOA", "etablissement_adresse": "Ouégoa", "etablissement_theme1": "LIEU_DIT_NC", "etablissement_theme2": "VILLE", "etablissement_theme3": null, "longitude": 164.43943670837254, "latitude": -20.344085347850388, "geo_source": "tribus_villages_nc", "iris_id": 82, "iris_codgeo": "1901", "iris_libgeo": "Ouégoa village - Balagam - Paraoua - Tarap" }, "geometry": { "type": "Point", "coordinates": [ 164.43943670837254, -20.344085347850388 ] } },
{ "type": "Feature", "properties": { "code_departement": 988.0, "code_commune": 98819.0, "commune": "Ouégoa", "commune_norm": "OUEGOA", "code_bv": "0002", "bureau_nom": "Bondé", "bureau_nom_norm": "BONDE", "match_score": 1.0, "etablissement_nom": "Bondé", "etablissement_adresse": "Ouégoa", "etablissement_theme1": "LIEU_DIT_NC", "etablissement_theme2": "LDH", "etablissement_theme3": "Bodé", "longitude": 164.4324943000077, "latitude": -20.429158724947957, "geo_source": "tribus_villages_nc", "iris_id": 84, "iris_codgeo": "1903", "iris_libgeo": "Bondé" }, "geometry": { "type": "Point", "coordinates": [ 164.432494300007704, -20.429158724947957 ] } },
{ "type": "Feature", "properties": { "code_departement": 988.0, "code_commune": 98819.0, "commune": "Ouégoa", "commune_norm": "OUEGOA", "code_bv": "0003", "bureau_nom": "Paimboas", "bureau_nom_norm": "PAIMBOAS", "match_score": 0.99, "etablissement_nom": "Ouénia", "etablissement_adresse": "Ouégoa", "etablissement_theme1": "ARRETE_MANUAL", "etablissement_theme2": "TRIBU", "etablissement_theme3": "Wénya", "longitude": 164.52279333171543, "latitude": -20.521704366269581, "geo_source": "arrete_manual_tribus", "iris_id": 84, "iris_codgeo": "1903", "iris_libgeo": "Bondé" }, "geometry": { "type": "Point", "coordinates": [ 164.522793331715434, -20.521704366269581 ] } },
{ "type": "Feature", "properties": { "code_departement": 988.0, "code_commune": 98819.0, "commune": "Ouégoa", "commune_norm": "OUEGOA", "code_bv": "0004", "bureau_nom": "Tiari", "bureau_nom_norm": "TIARI", "match_score": 1.0, "etablissement_nom": "Tiari", "etablissement_adresse": "Ouégoa", "etablissement_theme1": "LIEU_DIT_NC", "etablissement_theme2": "TRIBU", "etablissement_theme3": "Ciari", "longitude": 164.3468221527753, "latitude": -20.245820839427363, "geo_source": "tribus_villages_nc", "iris_id": 83, "iris_codgeo": "1902", "iris_libgeo": "Pam - Tiari" }, "geometry": { "type": "Point", "coordinates": [ 164.346822152775303, -20.245820839427363 ] } },
{ "type": "Feature", "properties": { "code_departement": 988.0, "code_commune": 98820.0, "commune": "Ouvéa", "commune_norm": "OUVEA", "code_bv": "0001", "bureau_nom": "Mairie", "bureau_nom_norm": "MAIRIE", "match_score": null, "etablissement_nom": null, "etablissement_adresse": null, "etablissement_theme1": null, "etablissement_theme2": null, "etablissement_theme3": null, "longitude": 166.53518020591449, "latitude": -20.652759156712985, "geo_source": "arrete_manual_tribus", "iris_id": 86, "iris_codgeo": "2002", "iris_libgeo": "Fayaoué" }, "geometry": { "type": "Point", "coordinates": [ 166.535180205914486, -20.652759156712985 ] } },
{ "type": "Feature", "properties": { "code_departement": 988.0, "code_commune": 98820.0, "commune": "Ouvéa", "commune_norm": "OUVEA", "code_bv": "0002", "bureau_nom": "Fayaoué", "bureau_nom_norm": "FAYAOUE", "match_score": 1.0, "etablissement_nom": "Fayaoué", "etablissement_adresse": "Ouvéa", "etablissement_theme1": "LIEU_DIT_NC", "etablissement_theme2": "TRIBU", "etablissement_theme3": "Fajawe", "longitude": 166.53518020591449, "latitude": -20.652759156712985, "geo_source": "tribus_villages_nc", "iris_id": 86, "iris_codgeo": "2002", "iris_libgeo": "Fayaoué" }, "geometry": { "type": "Point", "coordinates": [ 166.535180205914486, -20.652759156712985 ] } },
{ "type": "Feature", "properties": { "code_departement": 988.0, "code_commune": 98820.0, "commune": "Ouvéa", "commune_norm": "OUVEA", "code_bv": "0003", "bureau_nom": "Heo", "bureau_nom_norm": "HEO", "match_score": 1.0, "etablissement_nom": "St Joseph", "etablissement_adresse": "Ouvéa", "etablissement_theme1": "LIEU_DIT_NC", "etablissement_theme2": "TRIBU", "etablissement_theme3": "Heo", "longitude": 166.60278918905198, "latitude": -20.449050170696911, "geo_source": "tribus_villages_nc", "iris_id": 85, "iris_codgeo": "2001", "iris_libgeo": "Saint Joseph Gossanah Takedji" }, "geometry": { "type": "Point", "coordinates": [ 166.602789189051975, -20.449050170696911 ] } },
{ "type": "Feature", "properties": { "code_departement": 988.0, "code_commune": 98820.0, "commune": "Ouvéa", "commune_norm": "OUVEA", "code_bv": "0004", "bureau_nom": "Mouli", "bureau_nom_norm": "MOULI", "match_score": 1.0, "etablissement_nom": "Mouli", "etablissement_adresse": "Ouvéa", "etablissement_theme1": "LIEU_DIT_NC", "etablissement_theme2": "TRIBU", "etablissement_theme3": "Muli", "longitude": 166.42132025613634, "latitude": -20.723254848476039, "geo_source": "tribus_villages_nc", "iris_id": 87, "iris_codgeo": "2003", "iris_libgeo": "Mouli" }, "geometry": { "type": "Point", "coordinates": [ 166.42132025613634, -20.723254848476039 ] } },
{ "type": "Feature", "properties": { "code_departement": 988.0, "code_commune": 98820.0, "commune": "Ouvéa", "commune_norm": "OUVEA", "code_bv": "0005", "bureau_nom": "Wénéki", "bureau_nom_norm": "WENEKI", "match_score": 1.0, "etablissement_nom": "Weneki", "etablissement_adresse": "Ouvéa", "etablissement_theme1": "LIEU_DIT_NC", "etablissement_theme2": "TRIBU", "etablissement_theme3": null, "longitude": 166.61213110267843, "latitude": -20.446260739171009, "geo_source": "tribus_villages_nc", "iris_id": 85, "iris_codgeo": "2001", "iris_libgeo": "Saint Joseph Gossanah Takedji" }, "geometry": { "type": "Point", "coordinates": [ 166.612131102678433, -20.446260739171009 ] } },
{ "type": "Feature", "properties": { "code_departement": 988.0, "code_commune": 98820.0, "commune": "Ouvéa", "commune_norm": "OUVEA", "code_bv": "0006", "bureau_nom": "Ognahut", "bureau_nom_norm": "OGNAHUT", "match_score": 1.0, "etablissement_nom": "Ognahut", "etablissement_adresse": "Ouvéa", "etablissement_theme1": "LIEU_DIT_NC", "etablissement_theme2": "TRIBU", "etablissement_theme3": "Hanyââû", "longitude": 166.55961927804398, "latitude": -20.65637156152609, "geo_source": "tribus_villages_nc", "iris_id": 86, "iris_codgeo": "2002", "iris_libgeo": "Fayaoué" }, "geometry": { "type": "Point", "coordinates": [ 166.559619278043982, -20.65637156152609 ] } },
{ "type": "Feature", "properties": { "code_departement": 988.0, "code_commune": 98820.0, "commune": "Ouvéa", "commune_norm": "OUVEA", "code_bv": "0007", "bureau_nom": "Lekine", "bureau_nom_norm": "LEKINE", "match_score": 1.0, "etablissement_nom": "Lekine", "etablissement_adresse": "Ouvéa", "etablissement_theme1": "LIEU_DIT_NC", "etablissement_theme2": "TRIBU", "etablissement_theme3": "Lekiny", "longitude": 166.49017173263093, "latitude": -20.693596939392659, "geo_source": "tribus_villages_nc", "iris_id": 87, "iris_codgeo": "2003", "iris_libgeo": "Mouli" }, "geometry": { "type": "Point", "coordinates": [ 166.490171732630927, -20.693596939392659 ] } },
{ "type": "Feature", "properties": { "code_departement": 988.0, "code_commune": 98821.0, "commune": "Païta", "commune_norm": "PAITA", "code_bv": "0001", "bureau_nom": "Dock socio-culturel 1", "bureau_nom_norm": "DOCK SOCIO CULTUREL", "match_score": 0.973, "etablissement_nom": "Dock socioculturel", "etablissement_adresse": "AVENUE JAMES PADDON", "etablissement_theme1": "CULTUREL ET SOCIO EDUCATIF", "etablissement_theme2": "Equipements culturels", "etablissement_theme3": "Centre culturel maison culturelle et centre d'art", "longitude": 166.366370328351, "latitude": -22.129495535408601, "geo_source": "etablissements_publics_nc", "iris_id": 91, "iris_codgeo": "2101", "iris_libgeo": "Paita centre" }, "geometry": { "type": "Point", "coordinates": [ 166.366370328350996, -22.129495535408601 ] } },
{ "type": "Feature", "properties": { "code_departement": 988.0, "code_commune": 98821.0, "commune": "Païta", "commune_norm": "PAITA", "code_bv": "0002", "bureau_nom": "Dock socio-culturel 2", "bureau_nom_norm": "DOCK SOCIO CULTUREL", "match_score": 0.973, "etablissement_nom": "Dock socioculturel", "etablissement_adresse": "AVENUE JAMES PADDON", "etablissement_theme1": "CULTUREL ET SOCIO EDUCATIF", "etablissement_theme2": "Equipements culturels", "etablissement_theme3": "Centre culturel maison culturelle et centre d'art", "longitude": 166.366370328351, "latitude": -22.129495535408601, "geo_source": "etablissements_publics_nc", "iris_id": 91, "iris_codgeo": "2101", "iris_libgeo": "Paita centre" }, "geometry": { "type": "Point", "coordinates": [ 166.366370328350996, -22.129495535408601 ] } },
{ "type": "Feature", "properties": { "code_departement": 988.0, "code_commune": 98821.0, "commune": "Païta", "commune_norm": "PAITA", "code_bv": "0003", "bureau_nom": "Dock socio-culturel 3", "bureau_nom_norm": "DOCK SOCIO CULTUREL", "match_score": 0.973, "etablissement_nom": "Dock socioculturel", "etablissement_adresse": "AVENUE JAMES PADDON", "etablissement_theme1": "CULTUREL ET SOCIO EDUCATIF", "etablissement_theme2": "Equipements culturels", "etablissement_theme3": "Centre culturel maison culturelle et centre d'art", "longitude": 166.366370328351, "latitude": -22.129495535408601, "geo_source": "etablissements_publics_nc", "iris_id": 91, "iris_codgeo": "2101", "iris_libgeo": "Paita centre" }, "geometry": { "type": "Point", "coordinates": [ 166.366370328350996, -22.129495535408601 ] } },
{ "type": "Feature", "properties": { "code_departement": 988.0, "code_commune": 98821.0, "commune": "Païta", "commune_norm": "PAITA", "code_bv": "0004", "bureau_nom": "Dock socio-culturel 4", "bureau_nom_norm": "DOCK SOCIO CULTUREL", "match_score": 0.973, "etablissement_nom": "Dock socioculturel", "etablissement_adresse": "AVENUE JAMES PADDON", "etablissement_theme1": "CULTUREL ET SOCIO EDUCATIF", "etablissement_theme2": "Equipements culturels", "etablissement_theme3": "Centre culturel maison culturelle et centre d'art", "longitude": 166.366370328351, "latitude": -22.129495535408601, "geo_source": "etablissements_publics_nc", "iris_id": 91, "iris_codgeo": "2101", "iris_libgeo": "Paita centre" }, "geometry": { "type": "Point", "coordinates": [ 166.366370328350996, -22.129495535408601 ] } },
{ "type": "Feature", "properties": { "code_departement": 988.0, "code_commune": 98821.0, "commune": "Païta", "commune_norm": "PAITA", "code_bv": "0005", "bureau_nom": "Dock socio-culturel 5", "bureau_nom_norm": "DOCK SOCIO CULTUREL", "match_score": 0.973, "etablissement_nom": "Dock socioculturel", "etablissement_adresse": "AVENUE JAMES PADDON", "etablissement_theme1": "CULTUREL ET SOCIO EDUCATIF", "etablissement_theme2": "Equipements culturels", "etablissement_theme3": "Centre culturel maison culturelle et centre d'art", "longitude": 166.366370328351, "latitude": -22.129495535408601, "geo_source": "etablissements_publics_nc", "iris_id": 91, "iris_codgeo": "2101", "iris_libgeo": "Paita centre" }, "geometry": { "type": "Point", "coordinates": [ 166.366370328350996, -22.129495535408601 ] } },
{ "type": "Feature", "properties": { "code_departement": 988.0, "code_commune": 98821.0, "commune": "Païta", "commune_norm": "PAITA", "code_bv": "0006", "bureau_nom": "Mairie", "bureau_nom_norm": "MAIRIE", "match_score": 0.98, "etablissement_nom": "Mairie de Païta", "etablissement_adresse": null, "etablissement_theme1": "ADMINISTRATION ET ORGANISME", "etablissement_theme2": "Administrations des collectivités", "etablissement_theme3": "Administration de la commune de Païta", "longitude": 166.361658608639, "latitude": -22.129198695198401, "geo_source": "etablissements_publics_nc", "iris_id": 91, "iris_codgeo": "2101", "iris_libgeo": "Paita centre" }, "geometry": { "type": "Point", "coordinates": [ 166.361658608639004, -22.129198695198401 ] } },
{ "type": "Feature", "properties": { "code_departement": 988.0, "code_commune": 98821.0, "commune": "Païta", "commune_norm": "PAITA", "code_bv": "0007", "bureau_nom": "École Vi Vete", "bureau_nom_norm": "ECOLE VI VETE", "match_score": 0.669, "etablissement_nom": "Ecole maternelle Vi-Vete", "etablissement_adresse": null, "etablissement_theme1": "ENSEIGNEMENT ET FORMATION", "etablissement_theme2": "Enseignement du premier degré", "etablissement_theme3": "Ecole pré-élémentaire", "longitude": 166.35629172440599, "latitude": -22.134484419519001, "geo_source": "etablissements_publics_nc", "iris_id": 91, "iris_codgeo": "2101", "iris_libgeo": "Paita centre" }, "geometry": { "type": "Point", "coordinates": [ 166.356291724405992, -22.134484419519001 ] } },
{ "type": "Feature", "properties": { "code_departement": 988.0, "code_commune": 98821.0, "commune": "Païta", "commune_norm": "PAITA", "code_bv": "0008", "bureau_nom": "École James Paddon", "bureau_nom_norm": "ECOLE JAMES PADDON", "match_score": 0.8, "etablissement_nom": "Ecole James Paddon", "etablissement_adresse": null, "etablissement_theme1": "ENSEIGNEMENT ET FORMATION", "etablissement_theme2": "Enseignement du premier degré", "etablissement_theme3": "Ecole élémentaire", "longitude": 166.35935316060099, "latitude": -22.133764423745799, "geo_source": "etablissements_publics_nc", "iris_id": 91, "iris_codgeo": "2101", "iris_libgeo": "Paita centre" }, "geometry": { "type": "Point", "coordinates": [ 166.359353160600989, -22.133764423745799 ] } },
{ "type": "Feature", "properties": { "code_departement": 988.0, "code_commune": 98821.0, "commune": "Païta", "commune_norm": "PAITA", "code_bv": "0009", "bureau_nom": "École élémentaire Scheffleras 1", "bureau_nom_norm": "ECOLE ELEMENTAIRE SCHEFFLERAS", "match_score": 1.0, "etablissement_nom": "Ecole Scheffleras", "etablissement_adresse": null, "etablissement_theme1": "ENSEIGNEMENT ET FORMATION", "etablissement_theme2": "Enseignement du premier degré", "etablissement_theme3": "Ecole élémentaire", "longitude": 166.36989887390999, "latitude": -22.125739824766701, "geo_source": "etablissements_publics_nc", "iris_id": 92, "iris_codgeo": "2102", "iris_libgeo": "Scheffleras" }, "geometry": { "type": "Point", "coordinates": [ 166.369898873909989, -22.125739824766701 ] } },
{ "type": "Feature", "properties": { "code_departement": 988.0, "code_commune": 98821.0, "commune": "Païta", "commune_norm": "PAITA", "code_bv": "0010", "bureau_nom": "École élémentaire Scheffleras 2", "bureau_nom_norm": "ECOLE ELEMENTAIRE SCHEFFLERAS", "match_score": 1.0, "etablissement_nom": "Ecole Scheffleras", "etablissement_adresse": null, "etablissement_theme1": "ENSEIGNEMENT ET FORMATION", "etablissement_theme2": "Enseignement du premier degré", "etablissement_theme3": "Ecole élémentaire", "longitude": 166.36989887390999, "latitude": -22.125739824766701, "geo_source": "etablissements_publics_nc", "iris_id": 92, "iris_codgeo": "2102", "iris_libgeo": "Scheffleras" }, "geometry": { "type": "Point", "coordinates": [ 166.369898873909989, -22.125739824766701 ] } },
{ "type": "Feature", "properties": { "code_departement": 988.0, "code_commune": 98821.0, "commune": "Païta", "commune_norm": "PAITA", "code_bv": "0011", "bureau_nom": "École maternelle Scheffleras 1", "bureau_nom_norm": "ECOLE MATERNELLE SCHEFFLERAS", "match_score": 0.787, "etablissement_nom": "Ecole Scheffleras", "etablissement_adresse": null, "etablissement_theme1": "ENSEIGNEMENT ET FORMATION", "etablissement_theme2": "Enseignement du premier degré", "etablissement_theme3": "Ecole élémentaire", "longitude": 166.36989887390999, "latitude": -22.125739824766701, "geo_source": "etablissements_publics_nc", "iris_id": 92, "iris_codgeo": "2102", "iris_libgeo": "Scheffleras" }, "geometry": { "type": "Point", "coordinates": [ 166.369898873909989, -22.125739824766701 ] } },
{ "type": "Feature", "properties": { "code_departement": 988.0, "code_commune": 98821.0, "commune": "Païta", "commune_norm": "PAITA", "code_bv": "0012", "bureau_nom": "École maternelle Scheffleras 2", "bureau_nom_norm": "ECOLE MATERNELLE SCHEFFLERAS", "match_score": 0.787, "etablissement_nom": "Ecole Scheffleras", "etablissement_adresse": null, "etablissement_theme1": "ENSEIGNEMENT ET FORMATION", "etablissement_theme2": "Enseignement du premier degré", "etablissement_theme3": "Ecole élémentaire", "longitude": 166.36989887390999, "latitude": -22.125739824766701, "geo_source": "etablissements_publics_nc", "iris_id": 92, "iris_codgeo": "2102", "iris_libgeo": "Scheffleras" }, "geometry": { "type": "Point", "coordinates": [ 166.369898873909989, -22.125739824766701 ] } },
{ "type": "Feature", "properties": { "code_departement": 988.0, "code_commune": 98821.0, "commune": "Païta", "commune_norm": "PAITA", "code_bv": "0013", "bureau_nom": "École primaire Jean Ounou COTTIN 1", "bureau_nom_norm": "ECOLE PRIMAIRE JEAN OUNOU COTTIN", "match_score": 0.8, "etablissement_nom": "Groupe scolaire Jean Ounou COTTIN", "etablissement_adresse": null, "etablissement_theme1": "ENSEIGNEMENT ET FORMATION", "etablissement_theme2": "Enseignement du premier degré", "etablissement_theme3": "Groupe scolaire", "longitude": 166.265966445473, "latitude": -22.060531854491298, "geo_source": "etablissements_publics_nc", "iris_id": 96, "iris_codgeo": "2106", "iris_libgeo": "Tamoa Bangou Saint Laurent" }, "geometry": { "type": "Point", "coordinates": [ 166.265966445472998, -22.060531854491298 ] } },
{ "type": "Feature", "properties": { "code_departement": 988.0, "code_commune": 98821.0, "commune": "Païta", "commune_norm": "PAITA", "code_bv": "0014", "bureau_nom": "École primaire Jean Ounou COTTIN 2", "bureau_nom_norm": "ECOLE PRIMAIRE JEAN OUNOU COTTIN", "match_score": 0.8, "etablissement_nom": "Groupe scolaire Jean Ounou COTTIN", "etablissement_adresse": null, "etablissement_theme1": "ENSEIGNEMENT ET FORMATION", "etablissement_theme2": "Enseignement du premier degré", "etablissement_theme3": "Groupe scolaire", "longitude": 166.265966445473, "latitude": -22.060531854491298, "geo_source": "etablissements_publics_nc", "iris_id": 96, "iris_codgeo": "2106", "iris_libgeo": "Tamoa Bangou Saint Laurent" }, "geometry": { "type": "Point", "coordinates": [ 166.265966445472998, -22.060531854491298 ] } },
{ "type": "Feature", "properties": { "code_departement": 988.0, "code_commune": 98821.0, "commune": "Païta", "commune_norm": "PAITA", "code_bv": "0015", "bureau_nom": "Mairie annexe de Tontouta", "bureau_nom_norm": "MAIRIE ANNEXE TONTOUTA", "match_score": 0.83, "etablissement_nom": "Mairie annexe de Païta", "etablissement_adresse": null, "etablissement_theme1": "ADMINISTRATION ET ORGANISME", "etablissement_theme2": "Administrations des collectivités", "etablissement_theme3": "Administration de la commune de Païta", "longitude": 166.22014428712001, "latitude": -22.013038499405098, "geo_source": "etablissements_publics_nc", "iris_id": 97, "iris_codgeo": "2107", "iris_libgeo": "Tontouta Tiaré" }, "geometry": { "type": "Point", "coordinates": [ 166.220144287120007, -22.013038499405098 ] } },
{ "type": "Feature", "properties": { "code_departement": 988.0, "code_commune": 98821.0, "commune": "Païta", "commune_norm": "PAITA", "code_bv": "0016", "bureau_nom": "École Robert Abel- 1", "bureau_nom_norm": "ECOLE ROBERT ABEL", "match_score": 0.8, "etablissement_nom": "Ecole Robert ABEL", "etablissement_adresse": null, "etablissement_theme1": "ENSEIGNEMENT ET FORMATION", "etablissement_theme2": "Enseignement du premier degré", "etablissement_theme3": "Ecole primaire", "longitude": 166.37918902993499, "latitude": -22.1384982889128, "geo_source": "etablissements_publics_nc", "iris_id": 93, "iris_codgeo": "2103", "iris_libgeo": "Nogouta-Les 3 Vallées" }, "geometry": { "type": "Point", "coordinates": [ 166.379189029934992, -22.1384982889128 ] } },
{ "type": "Feature", "properties": { "code_departement": 988.0, "code_commune": 98821.0, "commune": "Païta", "commune_norm": "PAITA", "code_bv": "0017", "bureau_nom": "École Robert Abel- 2", "bureau_nom_norm": "ECOLE ROBERT ABEL", "match_score": 0.8, "etablissement_nom": "Ecole Robert ABEL", "etablissement_adresse": null, "etablissement_theme1": "ENSEIGNEMENT ET FORMATION", "etablissement_theme2": "Enseignement du premier degré", "etablissement_theme3": "Ecole primaire", "longitude": 166.37918902993499, "latitude": -22.1384982889128, "geo_source": "etablissements_publics_nc", "iris_id": 93, "iris_codgeo": "2103", "iris_libgeo": "Nogouta-Les 3 Vallées" }, "geometry": { "type": "Point", "coordinates": [ 166.379189029934992, -22.1384982889128 ] } },
{ "type": "Feature", "properties": { "code_departement": 988.0, "code_commune": 98821.0, "commune": "Païta", "commune_norm": "PAITA", "code_bv": "0018", "bureau_nom": "Ecole James Paddon 2", "bureau_nom_norm": "ECOLE JAMES PADDON", "match_score": 0.8, "etablissement_nom": "Ecole James Paddon", "etablissement_adresse": null, "etablissement_theme1": "ENSEIGNEMENT ET FORMATION", "etablissement_theme2": "Enseignement du premier degré", "etablissement_theme3": "Ecole élémentaire", "longitude": 166.35935316060099, "latitude": -22.133764423745799, "geo_source": "etablissements_publics_nc", "iris_id": 91, "iris_codgeo": "2101", "iris_libgeo": "Paita centre" }, "geometry": { "type": "Point", "coordinates": [ 166.359353160600989, -22.133764423745799 ] } },
{ "type": "Feature", "properties": { "code_departement": 988.0, "code_commune": 98821.0, "commune": "Païta", "commune_norm": "PAITA", "code_bv": "0019", "bureau_nom": "Ecole Jean Ounou Cottin 3", "bureau_nom_norm": "ECOLE JEAN OUNOU COTTIN", "match_score": 0.821, "etablissement_nom": "Groupe scolaire Jean Ounou COTTIN", "etablissement_adresse": null, "etablissement_theme1": "ENSEIGNEMENT ET FORMATION", "etablissement_theme2": "Enseignement du premier degré", "etablissement_theme3": "Groupe scolaire", "longitude": 166.265966445473, "latitude": -22.060531854491298, "geo_source": "etablissements_publics_nc", "iris_id": 96, "iris_codgeo": "2106", "iris_libgeo": "Tamoa Bangou Saint Laurent" }, "geometry": { "type": "Point", "coordinates": [ 166.265966445472998, -22.060531854491298 ] } },
{ "type": "Feature", "properties": { "code_departement": 988.0, "code_commune": 98822.0, "commune": "Poindimié", "commune_norm": "POINDIMIE", "code_bv": "0001", "bureau_nom": "Mairie", "bureau_nom_norm": "MAIRIE", "match_score": 0.7, "etablissement_nom": "POINDIMIE", "etablissement_adresse": "Poindimié", "etablissement_theme1": "LIEU_DIT_NC", "etablissement_theme2": "VILLE", "etablissement_theme3": "Pwêêdi Wiimiâ", "longitude": 165.33315827223544, "latitude": -20.938215187057807, "geo_source": "tribus_villages_nc", "iris_id": 102, "iris_codgeo": "2201", "iris_libgeo": "Poindimié village" }, "geometry": { "type": "Point", "coordinates": [ 165.333158272235437, -20.938215187057807 ] } },
{ "type": "Feature", "properties": { "code_departement": 988.0, "code_commune": 98822.0, "commune": "Poindimié", "commune_norm": "POINDIMIE", "code_bv": "0002", "bureau_nom": "Ouindo", "bureau_nom_norm": "OUINDO", "match_score": 1.0, "etablissement_nom": "Ouindo", "etablissement_adresse": "Poindimié", "etablissement_theme1": "LIEU_DIT_NC", "etablissement_theme2": "TRIBU", "etablissement_theme3": "Wiidö", "longitude": 165.39928663560227, "latitude": -20.986245034909111, "geo_source": "tribus_villages_nc", "iris_id": 104, "iris_codgeo": "2204", "iris_libgeo": "Tibarama - Bayes - Ouindo - Ometteux - Napoém" }, "geometry": { "type": "Point", "coordinates": [ 165.399286635602266, -20.986245034909111 ] } },
{ "type": "Feature", "properties": { "code_departement": 988.0, "code_commune": 98822.0, "commune": "Poindimié", "commune_norm": "POINDIMIE", "code_bv": "0003", "bureau_nom": "Bayes", "bureau_nom_norm": "BAYES", "match_score": 1.0, "etablissement_nom": "Bayes", "etablissement_adresse": "Poindimié", "etablissement_theme1": "LIEU_DIT_NC", "etablissement_theme2": "TRIBU", "etablissement_theme3": "Nägèè", "longitude": 165.41027144991733, "latitude": -20.951085344741379, "geo_source": "tribus_villages_nc", "iris_id": 104, "iris_codgeo": "2204", "iris_libgeo": "Tibarama - Bayes - Ouindo - Ometteux - Napoém" }, "geometry": { "type": "Point", "coordinates": [ 165.410271449917332, -20.951085344741379 ] } },
{ "type": "Feature", "properties": { "code_departement": 988.0, "code_commune": 98822.0, "commune": "Poindimié", "commune_norm": "POINDIMIE", "code_bv": "0004", "bureau_nom": "Amoa", "bureau_nom_norm": "AMOA", "match_score": 0.667, "etablissement_nom": "Paama", "etablissement_adresse": "Poindimié", "etablissement_theme1": "LIEU_DIT_NC", "etablissement_theme2": "TRIBU", "etablissement_theme3": "Na ara pô", "longitude": 165.39810099674145, "latitude": -20.941090905606881, "geo_source": "tribus_villages_nc", "iris_id": 104, "iris_codgeo": "2204", "iris_libgeo": "Tibarama - Bayes - Ouindo - Ometteux - Napoém" }, "geometry": { "type": "Point", "coordinates": [ 165.398100996741448, -20.941090905606881 ] } },
{ "type": "Feature", "properties": { "code_departement": 988.0, "code_commune": 98822.0, "commune": "Poindimié", "commune_norm": "POINDIMIE", "code_bv": "0005", "bureau_nom": "Tyé", "bureau_nom_norm": "TYE", "match_score": 1.0, "etablissement_nom": "Tié", "etablissement_adresse": "Poindimié", "etablissement_theme1": "LIEU_DIT_NC", "etablissement_theme2": "TRIBU", "etablissement_theme3": "Cié", "longitude": 165.2980420173767, "latitude": -20.900766814763863, "geo_source": "tribus_villages_nc", "iris_id": 103, "iris_codgeo": "2202", "iris_libgeo": "Tiéti - Tyé" }, "geometry": { "type": "Point", "coordinates": [ 165.298042017376702, -20.900766814763863 ] } },
{ "type": "Feature", "properties": { "code_departement": 988.0, "code_commune": 98822.0, "commune": "Poindimié", "commune_norm": "POINDIMIE", "code_bv": "0006", "bureau_nom": "Tiwaka", "bureau_nom_norm": "TIWAKA", "match_score": 1.0, "etablissement_nom": "Tiwaka", "etablissement_adresse": "Poindimié", "etablissement_theme1": "LIEU_DIT_NC", "etablissement_theme2": "TRIBU", "etablissement_theme3": null, "longitude": 165.22299948568272, "latitude": -20.895132063083377, "geo_source": "tribus_villages_nc", "iris_id": 103, "iris_codgeo": "2202", "iris_libgeo": "Tiéti - Tyé" }, "geometry": { "type": "Point", "coordinates": [ 165.22299948568272, -20.895132063083377 ] } },
{ "type": "Feature", "properties": { "code_departement": 988.0, "code_commune": 98822.0, "commune": "Poindimié", "commune_norm": "POINDIMIE", "code_bv": "0007", "bureau_nom": "Tiéti", "bureau_nom_norm": "TIETI", "match_score": 1.0, "etablissement_nom": "Tiéti", "etablissement_adresse": "Poindimié", "etablissement_theme1": "LIEU_DIT_NC", "etablissement_theme2": "TRIBU", "etablissement_theme3": "Näcètii", "longitude": 165.31101622324238, "latitude": -20.919563042768107, "geo_source": "tribus_villages_nc", "iris_id": 103, "iris_codgeo": "2202", "iris_libgeo": "Tiéti - Tyé" }, "geometry": { "type": "Point", "coordinates": [ 165.311016223242376, -20.919563042768107 ] } },
{ "type": "Feature", "properties": { "code_departement": 988.0, "code_commune": 98823.0, "commune": "Ponérihouen", "commune_norm": "PONERIHOUEN", "code_bv": "0001", "bureau_nom": "Mairie", "bureau_nom_norm": "MAIRIE", "match_score": 0.7, "etablissement_nom": "PONERIHOUEN", "etablissement_adresse": "Ponérihouen", "etablissement_theme1": "LIEU_DIT_NC", "etablissement_theme2": "VILLE", "etablissement_theme3": "Pwäräiriwä", "longitude": 165.40196429415164, "latitude": -21.070938768181968, "geo_source": "tribus_villages_nc", "iris_id": 106, "iris_codgeo": "2302", "iris_libgeo": "Ponérihouen village" }, "geometry": { "type": "Point", "coordinates": [ 165.401964294151639, -21.070938768181968 ] } },
{ "type": "Feature", "properties": { "code_departement": 988.0, "code_commune": 98823.0, "commune": "Ponérihouen", "commune_norm": "PONERIHOUEN", "code_bv": "0002", "bureau_nom": "Monéo", "bureau_nom_norm": "MONEO", "match_score": 1.0, "etablissement_nom": "Monéo", "etablissement_adresse": "Ponérihouen", "etablissement_theme1": "LIEU_DIT_NC", "etablissement_theme2": "TRIBU", "etablissement_theme3": "Kwéaa", "longitude": 165.47846310724432, "latitude": -21.150451617013218, "geo_source": "tribus_villages_nc", "iris_id": 106, "iris_codgeo": "2302", "iris_libgeo": "Ponérihouen village" }, "geometry": { "type": "Point", "coordinates": [ 165.478463107244323, -21.150451617013218 ] } },
{ "type": "Feature", "properties": { "code_departement": 988.0, "code_commune": 98823.0, "commune": "Ponérihouen", "commune_norm": "PONERIHOUEN", "code_bv": "0003", "bureau_nom": "Tchamba", "bureau_nom_norm": "TCHAMBA", "match_score": 1.0, "etablissement_nom": "Tchamba", "etablissement_adresse": "Ponérihouen", "etablissement_theme1": "LIEU_DIT_NC", "etablissement_theme2": "TRIBU", "etablissement_theme3": "(Câba)", "longitude": 165.2930233618618, "latitude": -21.038585818858223, "geo_source": "tribus_villages_nc", "iris_id": 107, "iris_codgeo": "2303", "iris_libgeo": "Goyetta - Goa - Nébouéba - St Yves" }, "geometry": { "type": "Point", "coordinates": [ 165.293023361861799, -21.038585818858223 ] } },
{ "type": "Feature", "properties": { "code_departement": 988.0, "code_commune": 98823.0, "commune": "Ponérihouen", "commune_norm": "PONERIHOUEN", "code_bv": "0004", "bureau_nom": "Goa (maison commune)", "bureau_nom_norm": "GOA MAISON COMMUNE", "match_score": 0.95, "etablissement_nom": "Goa", "etablissement_adresse": "Ponérihouen", "etablissement_theme1": "LIEU_DIT_NC", "etablissement_theme2": "TRIBU", "etablissement_theme3": "Göröwâméadù", "longitude": 165.30971500397104, "latitude": -21.10629747908845, "geo_source": "tribus_villages_nc", "iris_id": 107, "iris_codgeo": "2303", "iris_libgeo": "Goyetta - Goa - Nébouéba - St Yves" }, "geometry": { "type": "Point", "coordinates": [ 165.309715003971036, -21.10629747908845 ] } },
{ "type": "Feature", "properties": { "code_departement": 988.0, "code_commune": 98823.0, "commune": "Ponérihouen", "commune_norm": "PONERIHOUEN", "code_bv": "0005", "bureau_nom": "Grondu (maison commune)", "bureau_nom_norm": "GRONDU MAISON COMMUNE", "match_score": 0.95, "etablissement_nom": "Grondu", "etablissement_adresse": "Ponérihouen", "etablissement_theme1": "LIEU_DIT_NC", "etablissement_theme2": "TRIBU", "etablissement_theme3": "Göröidù", "longitude": 165.38976794045686, "latitude": -21.076609909810266, "geo_source": "tribus_villages_nc", "iris_id": 106, "iris_codgeo": "2302", "iris_libgeo": "Ponérihouen village" }, "geometry": { "type": "Point", "coordinates": [ 165.389767940456863, -21.076609909810266 ] } },
{ "type": "Feature", "properties": { "code_departement": 988.0, "code_commune": 98823.0, "commune": "Ponérihouen", "commune_norm": "PONERIHOUEN", "code_bv": "0006", "bureau_nom": "Mou (chefferie)", "bureau_nom_norm": "MOU CHEFFERIE", "match_score": 0.95, "etablissement_nom": "Mou", "etablissement_adresse": "Ponérihouen", "etablissement_theme1": "LIEU_DIT_NC", "etablissement_theme2": "TRIBU", "etablissement_theme3": "Aupatöriba", "longitude": 165.44259083569398, "latitude": -21.096964824103249, "geo_source": "tribus_villages_nc", "iris_id": 106, "iris_codgeo": "2302", "iris_libgeo": "Ponérihouen village" }, "geometry": { "type": "Point", "coordinates": [ 165.442590835693977, -21.096964824103249 ] } },
{ "type": "Feature", "properties": { "code_departement": 988.0, "code_commune": 98823.0, "commune": "Ponérihouen", "commune_norm": "PONERIHOUEN", "code_bv": "0007", "bureau_nom": "Goyetta Commune de POUEBO", "bureau_nom_norm": "GOYETTA COMMUNE POUEBO", "match_score": 0.95, "etablissement_nom": "Pöö", "etablissement_adresse": "Ponérihouen", "etablissement_theme1": "LIEU_DIT_NC", "etablissement_theme2": "TRIBU", "etablissement_theme3": "Pwënîrî wâdé", "longitude": 165.38150315716302, "latitude": -21.172095237391581, "geo_source": "tribus_villages_nc", "iris_id": 106, "iris_codgeo": "2302", "iris_libgeo": "Ponérihouen village" }, "geometry": { "type": "Point", "coordinates": [ 165.381503157163024, -21.172095237391581 ] } },
{ "type": "Feature", "properties": { "code_departement": 988.0, "code_commune": 98824.0, "commune": "Pouébo", "commune_norm": "POUEBO", "code_bv": "0001", "bureau_nom": "Mairie", "bureau_nom_norm": "MAIRIE", "match_score": 0.7, "etablissement_nom": "POUEBO", "etablissement_adresse": "Pouébo", "etablissement_theme1": "LIEU_DIT_NC", "etablissement_theme2": "VILLE", "etablissement_theme3": null, "longitude": 164.5872015210802, "latitude": -20.399273159074973, "geo_source": "tribus_villages_nc", "iris_id": 109, "iris_codgeo": "2401", "iris_libgeo": "Pouébo village - St Ferdinand - St Louis" }, "geometry": { "type": "Point", "coordinates": [ 164.587201521080203, -20.399273159074973 ] } },
{ "type": "Feature", "properties": { "code_departement": 988.0, "code_commune": 98824.0, "commune": "Pouébo", "commune_norm": "POUEBO", "code_bv": "0002", "bureau_nom": "Saint Denis Ballade", "bureau_nom_norm": "SAINT DENIS BALLADE", "match_score": 0.973, "etablissement_nom": "St Denis", "etablissement_adresse": "Pouébo", "etablissement_theme1": "LIEU_DIT_NC", "etablissement_theme2": "TRIBU", "etablissement_theme3": null, "longitude": 164.49963895578423, "latitude": -20.310000557096696, "geo_source": "tribus_villages_nc", "iris_id": 109, "iris_codgeo": "2401", "iris_libgeo": "Pouébo village - St Ferdinand - St Louis" }, "geometry": { "type": "Point", "coordinates": [ 164.499638955784235, -20.310000557096696 ] } },
{ "type": "Feature", "properties": { "code_departement": 988.0, "code_commune": 98824.0, "commune": "Pouébo", "commune_norm": "POUEBO", "code_bv": "0003", "bureau_nom": "Yambé", "bureau_nom_norm": "YAMBE", "match_score": 1.0, "etablissement_nom": "Yambé", "etablissement_adresse": "Pouébo", "etablissement_theme1": "LIEU_DIT_NC", "etablissement_theme2": "TRIBU", "etablissement_theme3": "Yabé", "longitude": 164.658766232452, "latitude": -20.439464504971355, "geo_source": "tribus_villages_nc", "iris_id": 110, "iris_codgeo": "2402", "iris_libgeo": "Tchamboéne - Diahoué - Colnett" }, "geometry": { "type": "Point", "coordinates": [ 164.658766232451995, -20.439464504971355 ] } },
{ "type": "Feature", "properties": { "code_departement": 988.0, "code_commune": 98824.0, "commune": "Pouébo", "commune_norm": "POUEBO", "code_bv": "0004", "bureau_nom": "Saint-Louis", "bureau_nom_norm": "SAINT LOUIS", "match_score": 1.0, "etablissement_nom": "St Louis", "etablissement_adresse": "Pouébo", "etablissement_theme1": "LIEU_DIT_NC", "etablissement_theme2": "TRIBU", "etablissement_theme3": null, "longitude": 164.56475883280652, "latitude": -20.370617010719258, "geo_source": "tribus_villages_nc", "iris_id": 109, "iris_codgeo": "2401", "iris_libgeo": "Pouébo village - St Ferdinand - St Louis" }, "geometry": { "type": "Point", "coordinates": [ 164.564758832806518, -20.370617010719258 ] } },
{ "type": "Feature", "properties": { "code_departement": 988.0, "code_commune": 98824.0, "commune": "Pouébo", "commune_norm": "POUEBO", "code_bv": "0005", "bureau_nom": "Colnett - maison commune", "bureau_nom_norm": "COLNETT MAISON COMMUNE", "match_score": 0.95, "etablissement_nom": "Colnett", "etablissement_adresse": "Pouébo", "etablissement_theme1": "LIEU_DIT_NC", "etablissement_theme2": "TRIBU", "etablissement_theme3": null, "longitude": 164.73002659765442, "latitude": -20.4756971674156, "geo_source": "tribus_villages_nc", "iris_id": 110, "iris_codgeo": "2402", "iris_libgeo": "Tchamboéne - Diahoué - Colnett" }, "geometry": { "type": "Point", "coordinates": [ 164.730026597654415, -20.4756971674156 ] } },
{ "type": "Feature", "properties": { "code_departement": 988.0, "code_commune": 98825.0, "commune": "Pouembout", "commune_norm": "POUEMBOUT", "code_bv": "0001", "bureau_nom": "Mairie", "bureau_nom_norm": "MAIRIE", "match_score": 0.98, "etablissement_nom": "Mairie de Pouembout", "etablissement_adresse": "302 AVENUE DE POUEMBOUT", "etablissement_theme1": "ADMINISTRATION ET ORGANISME", "etablissement_theme2": "Administrations des collectivités", "etablissement_theme3": "Administration de la commune de Pouembout", "longitude": 164.90109951493301, "latitude": -21.121433329818199, "geo_source": "etablissements_publics_nc", "iris_id": 112, "iris_codgeo": "2501", "iris_libgeo": "Pouembout village" }, "geometry": { "type": "Point", "coordinates": [ 164.901099514933009, -21.121433329818199 ] } },
{ "type": "Feature", "properties": { "code_departement": 988.0, "code_commune": 98825.0, "commune": "Pouembout", "commune_norm": "POUEMBOUT", "code_bv": "0002", "bureau_nom": "Paouta", "bureau_nom_norm": "PAOUTA", "match_score": 0.93, "etablissement_nom": "Maison commune de Paouta", "etablissement_adresse": null, "etablissement_theme1": "CULTUREL ET SOCIO EDUCATIF", "etablissement_theme2": "Equipements socio-éducatifs et socio-culturels", "etablissement_theme3": "Maison de jeune et maison de quartier", "longitude": 165.004824198459, "latitude": -21.061258041708001, "geo_source": "etablissements_publics_nc", "iris_id": 113, "iris_codgeo": "2503", "iris_libgeo": "Pinda - Ouaté - Kopéto" }, "geometry": { "type": "Point", "coordinates": [ 165.004824198459005, -21.061258041708001 ] } },
{ "type": "Feature", "properties": { "code_departement": 988.0, "code_commune": 98826.0, "commune": "Poum", "commune_norm": "POUM", "code_bv": "0001", "bureau_nom": "Mairie", "bureau_nom_norm": "MAIRIE", "match_score": 0.7, "etablissement_nom": "POUM", "etablissement_adresse": "Poum", "etablissement_theme1": "LIEU_DIT_NC", "etablissement_theme2": "VILLE", "etablissement_theme3": null, "longitude": 164.02565823453438, "latitude": -20.232335490929035, "geo_source": "tribus_villages_nc", "iris_id": 114, "iris_codgeo": "2601", "iris_libgeo": "Poum du village - Poingam" }, "geometry": { "type": "Point", "coordinates": [ 164.025658234534376, -20.232335490929035 ] } },
{ "type": "Feature", "properties": { "code_departement": 988.0, "code_commune": 98826.0, "commune": "Poum", "commune_norm": "POUM", "code_bv": "0002", "bureau_nom": "Tiabet", "bureau_nom_norm": "TIABET", "match_score": 1.0, "etablissement_nom": "Tiabet", "etablissement_adresse": "Poum", "etablissement_theme1": "LIEU_DIT_NC", "etablissement_theme2": "TRIBU", "etablissement_theme3": "Cavet", "longitude": 164.0259384508845, "latitude": -20.127138518272172, "geo_source": "tribus_villages_nc", "iris_id": 114, "iris_codgeo": "2601", "iris_libgeo": "Poum du village - Poingam" }, "geometry": { "type": "Point", "coordinates": [ 164.025938450884496, -20.127138518272172 ] } },
{ "type": "Feature", "properties": { "code_departement": 988.0, "code_commune": 98826.0, "commune": "Poum", "commune_norm": "POUM", "code_bv": "0003", "bureau_nom": "École catholique d’Arama", "bureau_nom_norm": "ECOLE CATHOLIQUE D ARAMA", "match_score": 0.95, "etablissement_nom": "Arama", "etablissement_adresse": "Poum", "etablissement_theme1": "LIEU_DIT_NC", "etablissement_theme2": "LDH", "etablissement_theme3": "Aramwâ", "longitude": 164.20258021961365, "latitude": -20.252916819670393, "geo_source": "tribus_villages_nc", "iris_id": 115, "iris_codgeo": "2603", "iris_libgeo": "Bouarou - Pangai - Narai" }, "geometry": { "type": "Point", "coordinates": [ 164.202580219613651, -20.252916819670393 ] } },
{ "type": "Feature", "properties": { "code_departement": 988.0, "code_commune": 98827.0, "commune": "Poya", "commune_norm": "POYA", "code_bv": "0001", "bureau_nom": null, "bureau_nom_norm": null, "match_score": 0.99, "etablissement_nom": "Népoui", "etablissement_adresse": "Poya", "etablissement_theme1": "ARRETE_MANUAL", "etablissement_theme2": "VILLE", "etablissement_theme3": null, "longitude": 164.99768585786552, "latitude": -21.326893497720405, "geo_source": "arrete_manual_tribus", "iris_id": 116, "iris_codgeo": "2701", "iris_libgeo": "Poya villageé Népoui" }, "geometry": { "type": "Point", "coordinates": [ 164.99768585786552, -21.326893497720405 ] } },
{ "type": "Feature", "properties": { "code_departement": 988.0, "code_commune": 98827.0, "commune": "Poya", "commune_norm": "POYA", "code_bv": "0002", "bureau_nom": null, "bureau_nom_norm": null, "match_score": 0.99, "etablissement_nom": "Goipin", "etablissement_adresse": "Poya", "etablissement_theme1": "ARRETE_MANUAL", "etablissement_theme2": "TRIBU", "etablissement_theme3": null, "longitude": 165.27390161257972, "latitude": -21.22505994951149, "geo_source": "arrete_manual_tribus", "iris_id": 117, "iris_codgeo": "2705", "iris_libgeo": "Gohapin - Montfaoué - Néklia - Kradji" }, "geometry": { "type": "Point", "coordinates": [ 165.273901612579721, -21.22505994951149 ] } },
{ "type": "Feature", "properties": { "code_departement": 988.0, "code_commune": 98827.0, "commune": "Poya", "commune_norm": "POYA", "code_bv": "0003", "bureau_nom": null, "bureau_nom_norm": null, "match_score": 0.99, "etablissement_nom": "Népoui", "etablissement_adresse": "Poya", "etablissement_theme1": "ARRETE_MANUAL", "etablissement_theme2": "VILLE", "etablissement_theme3": null, "longitude": 164.99768585786552, "latitude": -21.326893497720405, "geo_source": "arrete_manual_tribus", "iris_id": 116, "iris_codgeo": "2701", "iris_libgeo": "Poya villageé Népoui" }, "geometry": { "type": "Point", "coordinates": [ 164.99768585786552, -21.326893497720405 ] } },
{ "type": "Feature", "properties": { "code_departement": 988.0, "code_commune": 98827.0, "commune": "Poya", "commune_norm": "POYA", "code_bv": "0004", "bureau_nom": null, "bureau_nom_norm": null, "match_score": 0.99, "etablissement_nom": "Montfaoué", "etablissement_adresse": "Poya", "etablissement_theme1": "ARRETE_MANUAL", "etablissement_theme2": "TRIBU", "etablissement_theme3": null, "longitude": 165.29331247769281, "latitude": -21.277955211764784, "geo_source": "arrete_manual_tribus", "iris_id": 117, "iris_codgeo": "2705", "iris_libgeo": "Gohapin - Montfaoué - Néklia - Kradji" }, "geometry": { "type": "Point", "coordinates": [ 165.293312477692808, -21.277955211764784 ] } },
{ "type": "Feature", "properties": { "code_departement": 988.0, "code_commune": 98827.0, "commune": "Poya", "commune_norm": "POYA", "code_bv": "0005", "bureau_nom": null, "bureau_nom_norm": null, "match_score": 0.99, "etablissement_nom": "Moindah", "etablissement_adresse": "Poya", "etablissement_theme1": "ARRETE_MANUAL", "etablissement_theme2": "LDH", "etablissement_theme3": null, "longitude": 165.24546954708069, "latitude": -21.408457526351299, "geo_source": "arrete_manual_tribus", "iris_id": 118, "iris_codgeo": "2706", "iris_libgeo": "Poya Sud" }, "geometry": { "type": "Point", "coordinates": [ 165.245469547080688, -21.408457526351299 ] } },
{ "type": "Feature", "properties": { "code_departement": 988.0, "code_commune": 98827.0, "commune": "Poya", "commune_norm": "POYA", "code_bv": "0006", "bureau_nom": null, "bureau_nom_norm": null, "match_score": 0.99, "etablissement_nom": "Nekliaï", "etablissement_adresse": "Poya", "etablissement_theme1": "ARRETE_MANUAL", "etablissement_theme2": "TRIBU", "etablissement_theme3": "Nékilyai", "longitude": 165.18629869052509, "latitude": -21.29493580556391, "geo_source": "arrete_manual_tribus", "iris_id": 117, "iris_codgeo": "2705", "iris_libgeo": "Gohapin - Montfaoué - Néklia - Kradji" }, "geometry": { "type": "Point", "coordinates": [ 165.186298690525092, -21.29493580556391 ] } },
{ "type": "Feature", "properties": { "code_departement": 988.0, "code_commune": 98828.0, "commune": "Sarraméa", "commune_norm": "SARRAMEA", "code_bv": "0001", "bureau_nom": "Mairie", "bureau_nom_norm": "MAIRIE", "match_score": 0.7, "etablissement_nom": "SARRAMEA", "etablissement_adresse": "Sarraméa", "etablissement_theme1": "LIEU_DIT_NC", "etablissement_theme2": "VILLE", "etablissement_theme3": "Chara Méa", "longitude": 165.85386596919105, "latitude": -21.642344787633757, "geo_source": "tribus_villages_nc", "iris_id": 119, "iris_codgeo": "2801", "iris_libgeo": "Sarraméa" }, "geometry": { "type": "Point", "coordinates": [ 165.853865969191048, -21.642344787633757 ] } },
{ "type": "Feature", "properties": { "code_departement": 988.0, "code_commune": 98829.0, "commune": "Thio", "commune_norm": "THIO", "code_bv": "0001", "bureau_nom": "Mairie", "bureau_nom_norm": "MAIRIE", "match_score": 0.7, "etablissement_nom": "THIO", "etablissement_adresse": "Thio", "etablissement_theme1": "LIEU_DIT_NC", "etablissement_theme2": "VILLE", "etablissement_theme3": "Cö", "longitude": 166.21553174553168, "latitude": -21.610374938390603, "geo_source": "tribus_villages_nc", "iris_id": 120, "iris_codgeo": "2901", "iris_libgeo": "Thio village" }, "geometry": { "type": "Point", "coordinates": [ 166.215531745531678, -21.610374938390603 ] } },
{ "type": "Feature", "properties": { "code_departement": 988.0, "code_commune": 98829.0, "commune": "Thio", "commune_norm": "THIO", "code_bv": "0002", "bureau_nom": "Mairie", "bureau_nom_norm": "MAIRIE", "match_score": 0.7, "etablissement_nom": "THIO", "etablissement_adresse": "Thio", "etablissement_theme1": "LIEU_DIT_NC", "etablissement_theme2": "VILLE", "etablissement_theme3": "Cö", "longitude": 166.21553174553168, "latitude": -21.610374938390603, "geo_source": "tribus_villages_nc", "iris_id": 120, "iris_codgeo": "2901", "iris_libgeo": "Thio village" }, "geometry": { "type": "Point", "coordinates": [ 166.215531745531678, -21.610374938390603 ] } },
{ "type": "Feature", "properties": { "code_departement": 988.0, "code_commune": 98829.0, "commune": "Thio", "commune_norm": "THIO", "code_bv": "0003", "bureau_nom": "Grand Borendy", "bureau_nom_norm": "GRAND BORENDY", "match_score": 1.0, "etablissement_nom": "Grand Borindi", "etablissement_adresse": "Thio", "etablissement_theme1": "LIEU_DIT_NC", "etablissement_theme2": "TRIBU", "etablissement_theme3": "Xöwi", "longitude": 166.45075740277505, "latitude": -21.738718340168145, "geo_source": "tribus_villages_nc", "iris_id": 121, "iris_codgeo": "2902", "iris_libgeo": "Ouindo Borendy" }, "geometry": { "type": "Point", "coordinates": [ 166.450757402775054, -21.738718340168145 ] } },
{ "type": "Feature", "properties": { "code_departement": 988.0, "code_commune": 98829.0, "commune": "Thio", "commune_norm": "THIO", "code_bv": "0004", "bureau_nom": "Saint-Pierre", "bureau_nom_norm": "SAINT PIERRE", "match_score": 1.0, "etablissement_nom": "St Pierre", "etablissement_adresse": "Thio", "etablissement_theme1": "LIEU_DIT_NC", "etablissement_theme2": "TRIBU", "etablissement_theme3": "Pwimuru", "longitude": 166.14983539215794, "latitude": -21.67410856554519, "geo_source": "tribus_villages_nc", "iris_id": 121, "iris_codgeo": "2902", "iris_libgeo": "Ouindo Borendy" }, "geometry": { "type": "Point", "coordinates": [ 166.149835392157939, -21.67410856554519 ] } },
{ "type": "Feature", "properties": { "code_departement": 988.0, "code_commune": 98830.0, "commune": "Touho", "commune_norm": "TOUHO", "code_bv": "0001", "bureau_nom": "Mairie", "bureau_nom_norm": "MAIRIE", "match_score": 0.7, "etablissement_nom": "TOUHO", "etablissement_adresse": "Touho", "etablissement_theme1": "LIEU_DIT_NC", "etablissement_theme2": "VILLE", "etablissement_theme3": "Tuo", "longitude": 165.23869122747195, "latitude": -20.779757353385332, "geo_source": "tribus_villages_nc", "iris_id": 122, "iris_codgeo": "3001", "iris_libgeo": "Touho village" }, "geometry": { "type": "Point", "coordinates": [ 165.238691227471946, -20.779757353385332 ] } },
{ "type": "Feature", "properties": { "code_departement": 988.0, "code_commune": 98830.0, "commune": "Touho", "commune_norm": "TOUHO", "code_bv": "0002", "bureau_nom": "Tiouandé", "bureau_nom_norm": "TIOUANDE", "match_score": 1.0, "etablissement_nom": "Tiouandé", "etablissement_adresse": "Touho", "etablissement_theme1": "LIEU_DIT_NC", "etablissement_theme2": "TRIBU", "etablissement_theme3": "Tewaade", "longitude": 165.04706639545026, "latitude": -20.742192862631615, "geo_source": "tribus_villages_nc", "iris_id": 123, "iris_codgeo": "3003", "iris_libgeo": "Tiouandé - Ouanache - Congouma - Paola" }, "geometry": { "type": "Point", "coordinates": [ 165.047066395450258, -20.742192862631615 ] } },
{ "type": "Feature", "properties": { "code_departement": 988.0, "code_commune": 98830.0, "commune": "Touho", "commune_norm": "TOUHO", "code_bv": "0003", "bureau_nom": "Kokingone", "bureau_nom_norm": "KOKINGONE", "match_score": 1.0, "etablissement_nom": "Kokingone", "etablissement_adresse": "Touho", "etablissement_theme1": "LIEU_DIT_NC", "etablissement_theme2": "TRIBU", "etablissement_theme3": "Ko cèï goon", "longitude": 165.25551905392797, "latitude": -20.855225307251182, "geo_source": "tribus_villages_nc", "iris_id": 124, "iris_codgeo": "3004", "iris_libgeo": "Koe - Kokingone - Tiwaka - Pombéi" }, "geometry": { "type": "Point", "coordinates": [ 165.255519053927969, -20.855225307251182 ] } },
{ "type": "Feature", "properties": { "code_departement": 988.0, "code_commune": 98830.0, "commune": "Touho", "commune_norm": "TOUHO", "code_bv": "0004", "bureau_nom": "Paola", "bureau_nom_norm": "PAOLA", "match_score": 1.0, "etablissement_nom": "Paola", "etablissement_adresse": "Touho", "etablissement_theme1": "LIEU_DIT_NC", "etablissement_theme2": "TRIBU", "etablissement_theme3": "Pwoï", "longitude": 165.11035952387471, "latitude": -20.77393379422664, "geo_source": "tribus_villages_nc", "iris_id": 123, "iris_codgeo": "3003", "iris_libgeo": "Tiouandé - Ouanache - Congouma - Paola" }, "geometry": { "type": "Point", "coordinates": [ 165.110359523874706, -20.77393379422664 ] } },
{ "type": "Feature", "properties": { "code_departement": 988.0, "code_commune": 98831.0, "commune": "Voh", "commune_norm": "VOH", "code_bv": "0001", "bureau_nom": "Mairie", "bureau_nom_norm": "MAIRIE", "match_score": 0.98, "etablissement_nom": "Mairie de Voh", "etablissement_adresse": null, "etablissement_theme1": "ADMINISTRATION ET ORGANISME", "etablissement_theme2": "Administrations des collectivités", "etablissement_theme3": "Administration de la commune de Voh", "longitude": 164.68618205152401, "latitude": -20.948828885759699, "geo_source": "etablissements_publics_nc", "iris_id": 129, "iris_codgeo": "3101", "iris_libgeo": "Voh village - Gatope" }, "geometry": { "type": "Point", "coordinates": [ 164.686182051524014, -20.948828885759699 ] } },
{ "type": "Feature", "properties": { "code_departement": 988.0, "code_commune": 98831.0, "commune": "Voh", "commune_norm": "VOH", "code_bv": "0002", "bureau_nom": "Témala", "bureau_nom_norm": "TEMALA", "match_score": 0.93, "etablissement_nom": "Ecole primaire de Témala Ouélisse", "etablissement_adresse": null, "etablissement_theme1": "ENSEIGNEMENT ET FORMATION", "etablissement_theme2": "Enseignement du premier degré", "etablissement_theme3": "Ecole élémentaire", "longitude": 164.68926792994901, "latitude": -20.87135077045, "geo_source": "etablissements_publics_nc", "iris_id": 130, "iris_codgeo": "3103", "iris_libgeo": "Témala" }, "geometry": { "type": "Point", "coordinates": [ 164.689267929949011, -20.87135077045 ] } },
{ "type": "Feature", "properties": { "code_departement": 988.0, "code_commune": 98831.0, "commune": "Voh", "commune_norm": "VOH", "code_bv": "0003", "bureau_nom": "Ouengo", "bureau_nom_norm": "OUENGO", "match_score": 1.0, "etablissement_nom": "Ouango - Pouépaï", "etablissement_adresse": "Voh", "etablissement_theme1": "LIEU_DIT_NC", "etablissement_theme2": "TRIBU", "etablissement_theme3": "Hwaago", "longitude": 164.74217311646055, "latitude": -20.784454291123556, "geo_source": "tribus_villages_nc", "iris_id": 130, "iris_codgeo": "3103", "iris_libgeo": "Témala" }, "geometry": { "type": "Point", "coordinates": [ 164.742173116460549, -20.784454291123556 ] } },
{ "type": "Feature", "properties": { "code_departement": 988.0, "code_commune": 98831.0, "commune": "Voh", "commune_norm": "VOH", "code_bv": "0004", "bureau_nom": "Local socio-éducatif de Tieta", "bureau_nom_norm": "LOCAL SOCIO EDUCATIF TIETA", "match_score": 0.846, "etablissement_nom": "Foyer socio-éducatif de Tiéta", "etablissement_adresse": null, "etablissement_theme1": "CULTUREL ET SOCIO EDUCATIF", "etablissement_theme2": "Equipements socio-éducatifs et socio-culturels", "etablissement_theme3": "Foyer socio culturel", "longitude": 164.74013372409499, "latitude": -20.921072451197901, "geo_source": "etablissements_publics_nc", "iris_id": 131, "iris_codgeo": "3106", "iris_libgeo": "Tiéta" }, "geometry": { "type": "Point", "coordinates": [ 164.740133724094989, -20.921072451197901 ] } },
{ "type": "Feature", "properties": { "code_departement": 988.0, "code_commune": 98831.0, "commune": "Voh", "commune_norm": "VOH", "code_bv": "0005", "bureau_nom": "Local socio-éducatif de Oundjo", "bureau_nom_norm": "LOCAL SOCIO EDUCATIF OUNDJO", "match_score": 0.821, "etablissement_nom": "Foyer socio-éducatif d'Oundjo", "etablissement_adresse": null, "etablissement_theme1": "CULTUREL ET SOCIO EDUCATIF", "etablissement_theme2": "Equipements socio-éducatifs et socio-culturels", "etablissement_theme3": "Foyer socio culturel", "longitude": 164.697579851987, "latitude": -21.0373781816945, "geo_source": "etablissements_publics_nc", "iris_id": 129, "iris_codgeo": "3101", "iris_libgeo": "Voh village - Gatope" }, "geometry": { "type": "Point", "coordinates": [ 164.697579851987001, -21.0373781816945 ] } },
{ "type": "Feature", "properties": { "code_departement": 988.0, "code_commune": 98831.0, "commune": "Voh", "commune_norm": "VOH", "code_bv": "0006", "bureau_nom": "Local socio-éducatif de Boyen", "bureau_nom_norm": "LOCAL SOCIO EDUCATIF BOYEN", "match_score": 0.717, "etablissement_nom": "Foyer socio-éducatif de Gatope", "etablissement_adresse": null, "etablissement_theme1": "CULTUREL ET SOCIO EDUCATIF", "etablissement_theme2": "Equipements socio-éducatifs et socio-culturels", "etablissement_theme3": "Foyer socio culturel", "longitude": 164.666715225632, "latitude": -20.965213393063401, "geo_source": "etablissements_publics_nc", "iris_id": 129, "iris_codgeo": "3101", "iris_libgeo": "Voh village - Gatope" }, "geometry": { "type": "Point", "coordinates": [ 164.666715225632004, -20.965213393063401 ] } },
{ "type": "Feature", "properties": { "code_departement": 988.0, "code_commune": 98831.0, "commune": "Voh", "commune_norm": "VOH", "code_bv": "0007", "bureau_nom": "Local socio-éducatif de Témala", "bureau_nom_norm": "LOCAL SOCIO EDUCATIF TEMALA", "match_score": 0.755, "etablissement_nom": "Foyer socio-éducatif de Tiéta", "etablissement_adresse": null, "etablissement_theme1": "CULTUREL ET SOCIO EDUCATIF", "etablissement_theme2": "Equipements socio-éducatifs et socio-culturels", "etablissement_theme3": "Foyer socio culturel", "longitude": 164.74013372409499, "latitude": -20.921072451197901, "geo_source": "etablissements_publics_nc", "iris_id": 131, "iris_codgeo": "3106", "iris_libgeo": "Tiéta" }, "geometry": { "type": "Point", "coordinates": [ 164.740133724094989, -20.921072451197901 ] } },
{ "type": "Feature", "properties": { "code_departement": 988.0, "code_commune": 98831.0, "commune": "Voh", "commune_norm": "VOH", "code_bv": "0008", "bureau_nom": null, "bureau_nom_norm": null, "match_score": 0.99, "etablissement_nom": "Gatope", "etablissement_adresse": "Voh", "etablissement_theme1": "ARRETE_MANUAL", "etablissement_theme2": "TRIBU", "etablissement_theme3": "Webwihoon", "longitude": 164.66949443382563, "latitude": -20.965828575807695, "geo_source": "arrete_manual_tribus", "iris_id": 129, "iris_codgeo": "3101", "iris_libgeo": "Voh village - Gatope" }, "geometry": { "type": "Point", "coordinates": [ 164.669494433825633, -20.965828575807695 ] } },
{ "type": "Feature", "properties": { "code_departement": 988.0, "code_commune": 98832.0, "commune": "Yaté", "commune_norm": "YATE", "code_bv": "0001", "bureau_nom": "Mairie", "bureau_nom_norm": "MAIRIE", "match_score": 0.7, "etablissement_nom": "YATE", "etablissement_adresse": "Yaté", "etablissement_theme1": "LIEU_DIT_NC", "etablissement_theme2": "VILLE", "etablissement_theme3": null, "longitude": 166.94326054599946, "latitude": -22.160589634475429, "geo_source": "tribus_villages_nc", "iris_id": 132, "iris_codgeo": "3201", "iris_libgeo": "Waho Touaourou Goro" }, "geometry": { "type": "Point", "coordinates": [ 166.943260545999465, -22.160589634475429 ] } },
{ "type": "Feature", "properties": { "code_departement": 988.0, "code_commune": 98832.0, "commune": "Yaté", "commune_norm": "YATE", "code_bv": "0002", "bureau_nom": "Touaourou", "bureau_nom_norm": "TOUAOUROU", "match_score": 1.0, "etablissement_nom": "Touaourou", "etablissement_adresse": "Yaté", "etablissement_theme1": "LIEU_DIT_NC", "etablissement_theme2": "TRIBU", "etablissement_theme3": null, "longitude": 166.97497872151834, "latitude": -22.190244269832505, "geo_source": "tribus_villages_nc", "iris_id": 132, "iris_codgeo": "3201", "iris_libgeo": "Waho Touaourou Goro" }, "geometry": { "type": "Point", "coordinates": [ 166.97497872151834, -22.190244269832505 ] } },
{ "type": "Feature", "properties": { "code_departement": 988.0, "code_commune": 98832.0, "commune": "Yaté", "commune_norm": "YATE", "code_bv": "0003", "bureau_nom": "Goro", "bureau_nom_norm": "GORO", "match_score": 1.0, "etablissement_nom": "Goro", "etablissement_adresse": "Yaté", "etablissement_theme1": "LIEU_DIT_NC", "etablissement_theme2": "TRIBU", "etablissement_theme3": "Xéré", "longitude": 167.01636592903029, "latitude": -22.286011229502463, "geo_source": "tribus_villages_nc", "iris_id": 132, "iris_codgeo": "3201", "iris_libgeo": "Waho Touaourou Goro" }, "geometry": { "type": "Point", "coordinates": [ 167.016365929030286, -22.286011229502463 ] } },
{ "type": "Feature", "properties": { "code_departement": 988.0, "code_commune": 98832.0, "commune": "Yaté", "commune_norm": "YATE", "code_bv": "0004", "bureau_nom": "Unia", "bureau_nom_norm": "UNIA", "match_score": 1.0, "etablissement_nom": "Unia", "etablissement_adresse": "Yaté", "etablissement_theme1": "LIEU_DIT_NC", "etablissement_theme2": "TRIBU", "etablissement_theme3": null, "longitude": 166.89998901288348, "latitude": -22.06107261844911, "geo_source": "tribus_villages_nc", "iris_id": 133, "iris_codgeo": "3202", "iris_libgeo": "Unia Ouinné" }, "geometry": { "type": "Point", "coordinates": [ 166.899989012883481, -22.06107261844911 ] } },
{ "type": "Feature", "properties": { "code_departement": 988.0, "code_commune": 98833.0, "commune": "Kouaoua", "commune_norm": "KOUAOUA", "code_bv": "0001", "bureau_nom": "Mairie", "bureau_nom_norm": "MAIRIE", "match_score": 0.7, "etablissement_nom": "KOUAOUA", "etablissement_adresse": "Kouaoua", "etablissement_theme1": "LIEU_DIT_NC", "etablissement_theme2": "VILLE", "etablissement_theme3": "Aumu", "longitude": 165.82856671021466, "latitude": -21.396045166693337, "geo_source": "tribus_villages_nc", "iris_id": 134, "iris_codgeo": "3301", "iris_libgeo": "Kouaoua village - Amon Kasiori" }, "geometry": { "type": "Point", "coordinates": [ 165.828566710214659, -21.396045166693337 ] } },
{ "type": "Feature", "properties": { "code_departement": 988.0, "code_commune": 98833.0, "commune": "Kouaoua", "commune_norm": "KOUAOUA", "code_bv": "0002", "bureau_nom": "Maison commune de Ouérou-Pimet", "bureau_nom_norm": "MAISON COMMUNE OUEROU PIMET", "match_score": 0.95, "etablissement_nom": "Ouéroupimé", "etablissement_adresse": "Kouaoua", "etablissement_theme1": "LIEU_DIT_NC", "etablissement_theme2": "TRIBU", "etablissement_theme3": "Wérupimé", "longitude": 165.72221294003012, "latitude": -21.49791198784617, "geo_source": "tribus_villages_nc", "iris_id": 135, "iris_codgeo": "3302", "iris_libgeo": "Méa Mébara - Ouérou Pimet" }, "geometry": { "type": "Point", "coordinates": [ 165.722212940030118, -21.49791198784617 ] } },
{ "type": "Feature", "properties": { "code_departement": 988.0, "code_commune": 98833.0, "commune": "Kouaoua", "commune_norm": "KOUAOUA", "code_bv": "0003", "bureau_nom": "Koh", "bureau_nom_norm": "KOH", "match_score": 1.0, "etablissement_nom": "Koh", "etablissement_adresse": "Kouaoua", "etablissement_theme1": "LIEU_DIT_NC", "etablissement_theme2": "TRIBU", "etablissement_theme3": null, "longitude": 165.83542921955194, "latitude": -21.536184530370736, "geo_source": "tribus_villages_nc", "iris_id": 135, "iris_codgeo": "3302", "iris_libgeo": "Méa Mébara - Ouérou Pimet" }, "geometry": { "type": "Point", "coordinates": [ 165.835429219551941, -21.536184530370736 ] } },
{ "type": "Feature", "properties": { "code_departement": 988.0, "code_commune": 98833.0, "commune": "Kouaoua", "commune_norm": "KOUAOUA", "code_bv": "0004", "bureau_nom": "Méa-Mébara", "bureau_nom_norm": "MEA MEBARA", "match_score": 1.0, "etablissement_nom": "Méa Mébara", "etablissement_adresse": "Kouaoua", "etablissement_theme1": "LIEU_DIT_NC", "etablissement_theme2": "TRIBU", "etablissement_theme3": null, "longitude": 165.78859040310297, "latitude": -21.469132110021317, "geo_source": "tribus_villages_nc", "iris_id": 135, "iris_codgeo": "3302", "iris_libgeo": "Méa Mébara - Ouérou Pimet" }, "geometry": { "type": "Point", "coordinates": [ 165.788590403102972, -21.469132110021317 ] } }
]
}
