{
"type": "FeatureCollection",
"name": "noumea_limite",
"crs": { "type": "name", "properties": { "name": "urn:ogc:def:crs:OGC:1.3:CRS84" } },
"features": [
{ "type": "Feature", "properties": { "name": "Nouméa" }, "geometry": { "type": "MultiPolygon", "coordinates": [ [ [ [ 166.426365299999986, -22.2681312 ], [ 166.426451599999979, -22.2679334 ], [ 166.4262994, -22.267776199999989 ], [ 166.425995199999988, -22.2672539 ], [ 166.426005299999986, -22.2670359 ], [ 166.426218299999988, -22.26662 ], [ 166.4262081, -22.266376600000022 ], [ 166.4267051, -22.265509500000011 ], [ 166.4272934, -22.264246800000045 ], [ 166.42747079999998, -22.2640186 ], [ 166.427658499999978, -22.263881599999987 ], [ 166.4283634, -22.2637244 ], [ 166.4286473, -22.2637396 ], [ 166.4289009, -22.263841099999983 ], [ 166.4291443, -22.263866399999976 ], [ 166.4293472, -22.263947600000016 ], [ 166.429453599999988, -22.263922200000021 ], [ 166.4295703, -22.263988099999988 ], [ 166.430052, -22.2641048 ], [ 166.430325899999985, -22.264084500000038 ], [ 166.430452699999989, -22.2639831 ], [ 166.4305186, -22.263881599999966 ], [ 166.430427300000019, -22.263861399999954 ], [ 166.4304679, -22.2637194 ], [ 166.437547099999989, -22.2654385 ], [ 166.437582599999985, -22.2653168 ], [ 166.4378007, -22.2653675 ], [ 166.4388047, -22.2650886 ], [ 166.439002499999987, -22.2654993 ], [ 166.4391597, -22.2655652 ], [ 166.4406861, -22.265134200000027 ], [ 166.44073179999998, -22.265053100000017 ], [ 166.441041099999978, -22.264819800000023 ], [ 166.4411375, -22.2648857 ], [ 166.4410969, -22.264758899999961 ], [ 166.4413504, -22.264571300000011 ], [ 166.4413707, -22.264606799999974 ], [ 166.443373113889947, -22.261695150255331 ], [ 166.4432673, -22.261564099999987 ], [ 166.4431811, -22.261619899999989 ], [ 166.44314559999998, -22.2615844 ], [ 166.44163949999998, -22.259637100000024 ], [ 166.441482300000018, -22.259743599999982 ], [ 166.4412135, -22.2593886 ], [ 166.440995499999985, -22.25923139999998 ], [ 166.440894, -22.259317699999954 ], [ 166.4410614, -22.259545899999988 ], [ 166.440929499999982, -22.2596321 ], [ 166.4407368, -22.2593582 ], [ 166.440696299999985, -22.2593582 ], [ 166.4402399, -22.259652300000013 ], [ 166.440244899999982, -22.259718300000021 ], [ 166.439900099999988, -22.2599465 ], [ 166.440173900000019, -22.261026599999983 ], [ 166.4384193, -22.261888699999989 ], [ 166.4344385, -22.2568987 ], [ 166.434616, -22.256777 ], [ 166.434631199999984, -22.25663 ], [ 166.434474, -22.2563257 ], [ 166.4343625, -22.256285099999975 ], [ 166.434073399999988, -22.2564322 ], [ 166.434032799999983, -22.256386599999988 ], [ 166.4342661, -22.256148199999981 ], [ 166.4342509, -22.255980899999987 ], [ 166.434022699999986, -22.2556107 ], [ 166.433936499999987, -22.255570100000011 ], [ 166.4337539, -22.2553521 ], [ 166.433723499999985, -22.2552101 ], [ 166.433312799999982, -22.254799300000023 ], [ 166.433044, -22.2546675 ], [ 166.4314669, -22.2541857 ], [ 166.4300672, -22.253937199999978 ], [ 166.429489099999984, -22.253967599999974 ], [ 166.4288451, -22.2538459 ], [ 166.428642299999979, -22.253759700000025 ], [ 166.4283887, -22.253572099999985 ], [ 166.42823150000001, -22.253354 ], [ 166.428084399999989, -22.2529179 ], [ 166.428023599999989, -22.2525528 ], [ 166.4280287, -22.251934100000017 ], [ 166.4276788, -22.2517262 ], [ 166.427481, -22.2515284 ], [ 166.4271666, -22.2506968 ], [ 166.4272325, -22.250341799999983 ], [ 166.4274658, -22.249865100000022 ], [ 166.4278512, -22.249347899999982 ], [ 166.4278664, -22.2492008 ], [ 166.4278157, -22.248992899999987 ], [ 166.427846099999982, -22.2487901 ], [ 166.427983, -22.248556799999982 ], [ 166.4280743, -22.248506100000014 ], [ 166.4282112, -22.2484959 ], [ 166.4290378, -22.2487393 ], [ 166.4340379, -22.2506714 ], [ 166.434742799999981, -22.2509301 ], [ 166.4347783, -22.2508946 ], [ 166.434732699999984, -22.250783 ], [ 166.4338909, -22.2504483 ], [ 166.4278917, -22.248161200000037 ], [ 166.4278512, -22.2481055 ], [ 166.4278816, -22.2479736 ], [ 166.429428299999984, -22.245975599999976 ], [ 166.4315987, -22.2446267 ], [ 166.4408129, -22.2478012 ], [ 166.442628400000018, -22.2478012 ], [ 166.4468374, -22.249246500000044 ], [ 166.4490382, -22.249246499999987 ], [ 166.449535199999985, -22.248972599999981 ], [ 166.449662, -22.249241399999967 ], [ 166.4494794, -22.249535500000036 ], [ 166.448657900000029, -22.251538599999964 ], [ 166.4488557, -22.252355 ], [ 166.448561499999983, -22.2525427 ], [ 166.448946899999981, -22.252563 ], [ 166.4489064, -22.2525528 ], [ 166.448860699999983, -22.252355 ], [ 166.449246099999982, -22.2521268 ], [ 166.449109199999981, -22.251731299999985 ], [ 166.4491802, -22.251188699999954 ], [ 166.4494388, -22.25058019999998 ], [ 166.4494541, -22.25021 ], [ 166.4493171, -22.2503063 ], [ 166.449656899999979, -22.2493327 ], [ 166.449667, -22.249241399999988 ], [ 166.449525, -22.248937099999985 ], [ 166.449357699999979, -22.249013200000025 ], [ 166.4491549, -22.2488103 ], [ 166.4490281, -22.248825600000014 ], [ 166.4488557, -22.248714 ], [ 166.4484804, -22.2487393 ], [ 166.4483333, -22.248658199999969 ], [ 166.446274499999987, -22.248658199999969 ], [ 166.4460818, -22.248480699999956 ], [ 166.4459449, -22.2482272 ], [ 166.4450929, -22.2471166 ], [ 166.445138499999985, -22.2471014 ], [ 166.444991499999986, -22.247065899999988 ], [ 166.4446872, -22.247228199999949 ], [ 166.44417, -22.247218 ], [ 166.4435057, -22.2467058 ], [ 166.4429935, -22.246579099999984 ], [ 166.442734799999982, -22.2466298 ], [ 166.4424407, -22.246817399999983 ], [ 166.44240019999998, -22.2467312 ], [ 166.4424357, -22.246381299999964 ], [ 166.4423545, -22.246158200000018 ], [ 166.442537099999981, -22.2460719 ], [ 166.442638499999987, -22.2456713 ], [ 166.4425168, -22.2453417 ], [ 166.442313899999988, -22.2453924 ], [ 166.4422582, -22.2453214 ], [ 166.442476199999987, -22.2450882 ], [ 166.442237899999981, -22.2452961 ], [ 166.442248, -22.245483699999987 ], [ 166.441989399999983, -22.245534399999968 ], [ 166.4417358, -22.2454279 ], [ 166.4416699, -22.24525549999996 ], [ 166.441690199999982, -22.245159099999988 ], [ 166.441462, -22.2448853 ], [ 166.441492399999987, -22.244768700000012 ], [ 166.4416091, -22.2446825 ], [ 166.4413352, -22.244530299999987 ], [ 166.441228699999982, -22.244246399999977 ], [ 166.4410867, -22.2442311 ], [ 166.4408991, -22.244292 ], [ 166.4407673, -22.244266600000021 ], [ 166.4402145, -22.2436581 ], [ 166.4399153, -22.243511 ], [ 166.4397885, -22.243414700000034 ], [ 166.439722599999982, -22.243298099999976 ], [ 166.4395654, -22.2432828 ], [ 166.4394031, -22.2432068 ], [ 166.4391242, -22.2429481 ], [ 166.438896, -22.242953200000034 ], [ 166.4388808, -22.2428366 ], [ 166.438754, -22.2428873 ], [ 166.438698300000027, -22.242841699999985 ], [ 166.4386678, -22.242704699999944 ], [ 166.438530899999989, -22.242684499999989 ], [ 166.4384498, -22.242750399999981 ], [ 166.4383484, -22.242755399999968 ], [ 166.4382976, -22.24282640000003 ], [ 166.438272300000023, -22.242770699999983 ], [ 166.438181, -22.2427352 ], [ 166.4378869, -22.2427808 ], [ 166.4378007, -22.242841699999985 ], [ 166.437608, -22.2428366 ], [ 166.4371617, -22.2431256 ], [ 166.437121099999985, -22.2431104 ], [ 166.4369386, -22.2432423 ], [ 166.436761099999984, -22.2434553 ], [ 166.436502499999989, -22.243582 ], [ 166.43627429999998, -22.2437646 ], [ 166.435914200000013, -22.244134800000033 ], [ 166.4357469, -22.2444999 ], [ 166.435914200000013, -22.24419060000001 ], [ 166.436198199999978, -22.2438711 ], [ 166.4362286, -22.243906599999985 ], [ 166.436137399999978, -22.244048599999989 ], [ 166.436112, -22.244210899999981 ], [ 166.436183, -22.244266600000039 ], [ 166.436086599999982, -22.2443985 ], [ 166.4361323, -22.244418800000048 ], [ 166.4359092, -22.244682499999964 ], [ 166.435828, -22.2446622 ], [ 166.435716500000012, -22.244758500000014 ], [ 166.435665699999987, -22.244743300000017 ], [ 166.435539, -22.244875200000017 ], [ 166.4352854, -22.244905599999985 ], [ 166.435153599999978, -22.244804199999987 ], [ 166.4350775, -22.244581 ], [ 166.435006499999986, -22.244530300000019 ], [ 166.4350014, -22.244413699999988 ], [ 166.434894899999989, -22.244322399999948 ], [ 166.4348899, -22.2441855 ], [ 166.4347986, -22.244013099999968 ], [ 166.4348037, -22.2438609 ], [ 166.4346769, -22.243759499999985 ], [ 166.43466669999998, -22.243526300000013 ], [ 166.4345907, -22.2432676 ], [ 166.4344537, -22.2429481 ], [ 166.434296499999988, -22.242770699999983 ], [ 166.4343523, -22.242699700000024 ], [ 166.4346414, -22.2429583 ], [ 166.4348239, -22.243358900000015 ], [ 166.4348087, -22.243287899999967 ], [ 166.434616, -22.2428873 ], [ 166.4342915, -22.242649 ], [ 166.4342509, -22.242760499999971 ], [ 166.4342154, -22.242745299999974 ], [ 166.434261, -22.2426388 ], [ 166.433799599999986, -22.242476500000013 ], [ 166.433449699999983, -22.2424258 ], [ 166.4333787, -22.242507 ], [ 166.433160599999979, -22.2425881 ], [ 166.4328107, -22.242643899999962 ], [ 166.4322985, -22.2426388 ], [ 166.431943599999983, -22.2425171 ], [ 166.4317154, -22.2424968 ], [ 166.4315176, -22.242344700000018 ], [ 166.4312032, -22.242217899999982 ], [ 166.430985099999987, -22.2422585 ], [ 166.430909, -22.242359899999972 ], [ 166.430265, -22.242441 ], [ 166.4300977, -22.2424258 ], [ 166.430026699999985, -22.2421266 ], [ 166.430148399999979, -22.2418274 ], [ 166.430148399999979, -22.241229 ], [ 166.429991199999989, -22.2410262 ], [ 166.429590600000012, -22.240798 ], [ 166.429590600000012, -22.2407574 ], [ 166.429154499999981, -22.240600199999978 ], [ 166.4292964, -22.240585 ], [ 166.4296058, -22.2407219 ], [ 166.4296108, -22.2404177 ], [ 166.4294181, -22.240503899999961 ], [ 166.429119, -22.2404278 ], [ 166.42877919999998, -22.2404177 ], [ 166.428246699999988, -22.2405394 ], [ 166.4281656, -22.240574899999963 ], [ 166.4282518, -22.240625599999976 ], [ 166.428216300000031, -22.240656 ], [ 166.427896799999985, -22.2406915 ], [ 166.4277903, -22.2408589 ], [ 166.4276128, -22.2409907 ], [ 166.4275063, -22.241142800000034 ], [ 166.4274201, -22.241163100000019 ], [ 166.4273897, -22.241218899999989 ], [ 166.4272781, -22.241218899999961 ], [ 166.427161499999983, -22.2413153 ], [ 166.4270449, -22.241305099999973 ], [ 166.4270094, -22.241366 ], [ 166.4269435, -22.241366 ], [ 166.4269232, -22.241431899999988 ], [ 166.426786199999981, -22.241431899999988 ], [ 166.426563099999981, -22.241117500000026 ], [ 166.426502299999981, -22.240909600000013 ], [ 166.4263298, -22.240869 ], [ 166.4258734, -22.240874100000013 ], [ 166.4249505, -22.2410921 ], [ 166.4248795, -22.241117500000026 ], [ 166.424768, -22.2412544 ], [ 166.4246513, -22.241289899999984 ], [ 166.4245702, -22.241259500000012 ], [ 166.4244079, -22.241087100000041 ], [ 166.424473799999987, -22.2408893 ], [ 166.4242456, -22.241305099999973 ], [ 166.424382499999979, -22.241112400000027 ], [ 166.424473799999987, -22.241244300000016 ], [ 166.424301400000019, -22.24142169999995 ], [ 166.4240935, -22.2417717 ], [ 166.42399709999998, -22.241736200000016 ], [ 166.4240326, -22.241660099999986 ], [ 166.423976899999985, -22.24176150000002 ], [ 166.4240783, -22.2418224 ], [ 166.4239718, -22.242004899999984 ], [ 166.4238298, -22.242025200000029 ], [ 166.4238856, -22.242075900000032 ], [ 166.4239059, -22.242410600000028 ], [ 166.4240326, -22.242659100000019 ], [ 166.4247375, -22.243566799999989 ], [ 166.424712199999988, -22.243693599999975 ], [ 166.424661499999985, -22.243729100000021 ], [ 166.424631, -22.2439928 ], [ 166.4247071, -22.24451 ], [ 166.4248744, -22.244743300000017 ], [ 166.4253004, -22.245007 ], [ 166.4255033, -22.245291 ], [ 166.425772, -22.245326499999951 ], [ 166.4260966, -22.245280899999987 ], [ 166.4262335, -22.245346799999982 ], [ 166.426294399999989, -22.245311300000015 ], [ 166.426284200000026, -22.24535689999998 ], [ 166.4263755, -22.2453366 ], [ 166.426411, -22.245433 ], [ 166.4265378, -22.245468499999973 ], [ 166.4264871, -22.245559799999985 ], [ 166.426527599999986, -22.2456663 ], [ 166.426766, -22.245833599999973 ], [ 166.426913, -22.2460719 ], [ 166.426816699999989, -22.246188599999964 ], [ 166.4270195, -22.2463914 ], [ 166.426842, -22.246756500000011 ], [ 166.4265834, -22.246756500000011 ], [ 166.4265428, -22.246842799999982 ], [ 166.4261625, -22.247030399999982 ], [ 166.4261929, -22.247091199999989 ], [ 166.4259597, -22.2475324 ], [ 166.425782199999986, -22.2474107 ], [ 166.4258075, -22.247268700000014 ], [ 166.425559, -22.247709900000025 ], [ 166.4255083, -22.248115599999974 ], [ 166.4250621, -22.248364099999975 ], [ 166.4248542, -22.248566899999986 ], [ 166.424336899999986, -22.2489219 ], [ 166.4242811, -22.2488357 ], [ 166.424271, -22.248359 ], [ 166.424159399999979, -22.2478874 ], [ 166.423951499999987, -22.247588200000038 ], [ 166.4236574, -22.2473752 ], [ 166.423388599999981, -22.247289 ], [ 166.4227091, -22.2474513 ], [ 166.421857099999983, -22.24724340000002 ], [ 166.4217557, -22.247253500000021 ], [ 166.4213095, -22.247461399999985 ], [ 166.421061, -22.247649099999986 ], [ 166.420924099999979, -22.2476389 ], [ 166.4208429, -22.2475831 ], [ 166.4208429, -22.2474158 ], [ 166.4209291, -22.2472586 ], [ 166.421360199999981, -22.246858 ], [ 166.421598500000016, -22.2467616 ], [ 166.4216391, -22.246842799999961 ], [ 166.4215326, -22.247050699999985 ], [ 166.421563, -22.247071 ], [ 166.421659399999982, -22.2468782 ], [ 166.4216644, -22.246670300000019 ], [ 166.4214768, -22.246274799999977 ], [ 166.4215529, -22.24629 ], [ 166.421608699999979, -22.2462393 ], [ 166.421421, -22.246203799999979 ], [ 166.4211776, -22.24597049999997 ], [ 166.4212638, -22.2461227 ], [ 166.4212283, -22.246158200000018 ], [ 166.4209545, -22.2460719 ], [ 166.4207466, -22.245935 ], [ 166.420376399999981, -22.2454279 ], [ 166.4203612, -22.245103399999969 ], [ 166.4200975, -22.2450222 ], [ 166.4197881, -22.245007 ], [ 166.4197273, -22.244799099999987 ], [ 166.419717099999986, -22.244383300000031 ], [ 166.4196208, -22.244073899999982 ], [ 166.4192506, -22.243708800000011 ], [ 166.4189768, -22.243648 ], [ 166.418363199999988, -22.2436936 ], [ 166.417851, -22.243881199999976 ], [ 166.4177445, -22.244048600000028 ], [ 166.417987899999986, -22.2443985 ], [ 166.4179676, -22.244428899999985 ], [ 166.4176836, -22.2440587 ], [ 166.417277899999988, -22.244281799999982 ], [ 166.416988899999978, -22.2445506 ], [ 166.416831700000017, -22.2447839 ], [ 166.416892499999989, -22.2449005 ], [ 166.4168114, -22.2448346 ], [ 166.4167708, -22.2448498 ], [ 166.416928, -22.245067900000027 ], [ 166.416735300000028, -22.245458300000021 ], [ 166.416628799999984, -22.2458691 ], [ 166.416654199999982, -22.2459959 ], [ 166.4168469, -22.246188599999964 ], [ 166.416826599999979, -22.246315400000032 ], [ 166.416704899999985, -22.246437100000026 ], [ 166.4164767, -22.246832600000015 ], [ 166.4161724, -22.2470557 ], [ 166.4160355, -22.247076 ], [ 166.415842799999979, -22.2472992 ], [ 166.4154777, -22.2474462 ], [ 166.415087199999988, -22.2478164 ], [ 166.4149452, -22.2478215 ], [ 166.4147475, -22.2477302 ], [ 166.4148185, -22.2474614 ], [ 166.4147475, -22.247268700000014 ], [ 166.41477279999998, -22.2471825 ], [ 166.414859, -22.2471166 ], [ 166.414874199999986, -22.247005 ], [ 166.414762699999983, -22.246989800000016 ], [ 166.414701799999989, -22.246858 ], [ 166.414762699999983, -22.246300100000024 ], [ 166.414539499999989, -22.2463204 ], [ 166.414504, -22.246355899999983 ], [ 166.414499, -22.246325499999987 ], [ 166.414103399999988, -22.246361 ], [ 166.414052699999985, -22.2463914 ], [ 166.414052699999985, -22.246462399999984 ], [ 166.414240399999983, -22.2465283 ], [ 166.4140831, -22.246528300000026 ], [ 166.414073, -22.246574 ], [ 166.413991899999985, -22.246568900000021 ], [ 166.414042599999988, -22.2463914 ], [ 166.4140071, -22.246320399999988 ], [ 166.414499, -22.246295100000015 ], [ 166.4145345, -22.2462596 ], [ 166.4145345, -22.246295099999962 ], [ 166.4147576, -22.2462748 ], [ 166.4147576, -22.246148 ], [ 166.414823499999983, -22.24614289999996 ], [ 166.4149199, -22.2460517 ], [ 166.415011199999981, -22.246046600000035 ], [ 166.4151024, -22.245935 ], [ 166.415285, -22.245509100000017 ], [ 166.415447299999983, -22.245372100000012 ], [ 166.415371199999981, -22.245331599999989 ], [ 166.4154016, -22.2452707 ], [ 166.415548699999988, -22.2453417 ], [ 166.415609499999988, -22.2453011 ], [ 166.4154878, -22.245209899999988 ], [ 166.4156298, -22.245285900000017 ], [ 166.4157921, -22.244880200000015 ], [ 166.415782, -22.2447332 ], [ 166.4157313, -22.2446723 ], [ 166.415771799999987, -22.244434 ], [ 166.4155386, -22.244423799999986 ], [ 166.4155436, -22.2443782 ], [ 166.415771799999987, -22.2443883 ], [ 166.4157769, -22.244317299999967 ], [ 166.4154523, -22.2442159 ], [ 166.41545739999998, -22.2441855 ], [ 166.4156197, -22.244226100000031 ], [ 166.41564, -22.2439725 ], [ 166.4155538, -22.243906600000024 ], [ 166.415624799999989, -22.243648 ], [ 166.4157059, -22.243622600000016 ], [ 166.4157515, -22.243338599999987 ], [ 166.4159848, -22.2433741 ], [ 166.4159899, -22.2432423 ], [ 166.415797199999986, -22.243211800000019 ], [ 166.415995, -22.243216899999986 ], [ 166.4159899, -22.2431763 ], [ 166.415807299999983, -22.243130699999977 ], [ 166.415817500000031, -22.243009 ], [ 166.4157617, -22.2429989 ], [ 166.415771799999987, -22.2429583 ], [ 166.4158631, -22.242953200000034 ], [ 166.4160913, -22.2429938 ], [ 166.4160659, -22.242932899999978 ], [ 166.415908699999989, -22.242882200000029 ], [ 166.4160051, -22.242532300000018 ], [ 166.415924, -22.2425171 ], [ 166.4160761, -22.241979599999986 ], [ 166.4162029, -22.2420151 ], [ 166.41621809999998, -22.241964399999979 ], [ 166.416182599999985, -22.2419086 ], [ 166.416243400000013, -22.2417666 ], [ 166.4162029, -22.2415181 ], [ 166.4162637, -22.2413 ], [ 166.4164463, -22.241117500000026 ], [ 166.4164868, -22.240995799999986 ], [ 166.4164463, -22.240929899999987 ], [ 166.4164767, -22.2407574 ], [ 166.41644119999998, -22.240742199999985 ], [ 166.4164108, -22.24043289999997 ], [ 166.4164514, -22.240367 ], [ 166.416426, -22.2399308 ], [ 166.416532499999988, -22.239895299999944 ], [ 166.416542599999985, -22.239819299999986 ], [ 166.416481799999985, -22.2397381 ], [ 166.416405699999984, -22.23973310000002 ], [ 166.416405699999984, -22.239667099999988 ], [ 166.416182599999985, -22.2397686 ], [ 166.416147099999989, -22.2397179 ], [ 166.416405699999984, -22.2395556 ], [ 166.41638039999998, -22.239444 ], [ 166.416426, -22.2392615 ], [ 166.416715, -22.2388253 ], [ 166.416669399999989, -22.2388 ], [ 166.416309399999989, -22.2392919 ], [ 166.416157199999986, -22.239368 ], [ 166.415959499999985, -22.2393477 ], [ 166.4158377, -22.2397889 ], [ 166.415807299999983, -22.239783800000023 ], [ 166.415934099999987, -22.239342600000011 ], [ 166.4154067, -22.2392108 ], [ 166.4154523, -22.2389673 ], [ 166.415421899999984, -22.238962300000015 ], [ 166.415386399999988, -22.2391144 ], [ 166.4153154, -22.2391296 ], [ 166.4152292, -22.239368 ], [ 166.41523429999998, -22.2392615 ], [ 166.4151886, -22.239251299999967 ], [ 166.415158199999979, -22.239357799999976 ], [ 166.415178500000025, -22.239251299999967 ], [ 166.4151177, -22.239236099999982 ], [ 166.414889499999987, -22.239220899999982 ], [ 166.4146055, -22.239276700000012 ], [ 166.4145091, -22.239134699999987 ], [ 166.4143925, -22.2391499 ], [ 166.4143925, -22.239307099999987 ], [ 166.4142201, -22.239388200000011 ], [ 166.414002, -22.239413599999985 ], [ 166.4139868, -22.239271599999988 ], [ 166.4136825, -22.23931719999997 ], [ 166.4136369, -22.23946430000003 ], [ 166.4134695, -22.239494699999984 ], [ 166.4135101, -22.23973310000002 ], [ 166.413403599999981, -22.239413600000024 ], [ 166.413221099999987, -22.2394542 ], [ 166.41304359999998, -22.239570799999974 ], [ 166.4130131, -22.239545399999969 ], [ 166.4129624, -22.239621499999966 ], [ 166.4130233, -22.239707700000018 ], [ 166.412957399999982, -22.2396874 ], [ 166.412592200000034, -22.240047499999985 ], [ 166.4127292, -22.240194499999966 ], [ 166.412577, -22.240361899999975 ], [ 166.4126531, -22.2403923 ], [ 166.412632799999983, -22.240422700000014 ], [ 166.4125517, -22.240392299999979 ], [ 166.412536499999987, -22.2404481 ], [ 166.4123894, -22.2404329 ], [ 166.412298099999987, -22.2405647 ], [ 166.41228289999998, -22.240691500000018 ], [ 166.4125314, -22.2408386 ], [ 166.4120902, -22.2416043 ], [ 166.411948199999983, -22.241563699999979 ], [ 166.411826499999989, -22.241665199999961 ], [ 166.411811299999982, -22.24179190000001 ], [ 166.41172, -22.2419136 ], [ 166.4116338, -22.242162099999987 ], [ 166.411552699999987, -22.2425881 ], [ 166.411065799999989, -22.2430191 ], [ 166.4106094, -22.2433336 ], [ 166.410518199999984, -22.243186499999986 ], [ 166.4104624, -22.2429583 ], [ 166.4103103, -22.242725 ], [ 166.409671299999985, -22.242223 ], [ 166.4093924, -22.242091100000025 ], [ 166.40940759999998, -22.2419897 ], [ 166.4093062, -22.242055599999983 ], [ 166.4087331, -22.24188830000001 ], [ 166.408677399999988, -22.241964399999979 ], [ 166.4084542, -22.242045500000017 ], [ 166.408363, -22.2419187 ], [ 166.4084289, -22.2419745 ], [ 166.40851, -22.2419542 ], [ 166.4085354, -22.241624599999987 ], [ 166.408413699999983, -22.2414015 ], [ 166.408292, -22.2413102 ], [ 166.407942, -22.241680399999989 ], [ 166.4078356, -22.2415942 ], [ 166.4081804, -22.241218899999989 ], [ 166.4081702, -22.2411276 ], [ 166.408063799999979, -22.241000800000023 ], [ 166.407414700000032, -22.24055969999997 ], [ 166.4069481, -22.240351700000023 ], [ 166.4067656, -22.240311200000022 ], [ 166.4067605, -22.240346699999982 ], [ 166.4066895, -22.240356800000022 ], [ 166.4065779, -22.2402199 ], [ 166.406512, -22.2401996 ], [ 166.4064664, -22.239951099999978 ], [ 166.406522099999989, -22.239854800000014 ], [ 166.406512, -22.2397736 ], [ 166.406623599999989, -22.239697600000017 ], [ 166.4066743, -22.239489699999986 ], [ 166.4069278, -22.2393629 ], [ 166.406968399999982, -22.239231 ], [ 166.407054599999981, -22.2392868 ], [ 166.407151, -22.2392209 ], [ 166.407181399999985, -22.239241200000045 ], [ 166.4071763, -22.239165099999976 ], [ 166.407232099999987, -22.2391296 ], [ 166.407222, -22.2392462 ], [ 166.407333500000021, -22.2393071 ], [ 166.407429900000011, -22.239297 ], [ 166.4074857, -22.2391651 ], [ 166.4074451, -22.238871 ], [ 166.407480599999985, -22.238774600000028 ], [ 166.407592099999988, -22.238632599999988 ], [ 166.407627600000012, -22.238495700000012 ], [ 166.407764599999979, -22.2384197 ], [ 166.407830499999989, -22.2381813 ], [ 166.4078812, -22.238135700000029 ], [ 166.407926799999984, -22.238191499999985 ], [ 166.407830499999989, -22.2384501 ], [ 166.407916699999987, -22.2383943 ], [ 166.407992799999988, -22.238227 ], [ 166.4080181, -22.238110300000017 ], [ 166.4079978, -22.238059600000021 ], [ 166.407921800000025, -22.238064699999974 ], [ 166.40790149999998, -22.237943 ], [ 166.408712899999983, -22.237577899999952 ], [ 166.4087839, -22.237273600000023 ], [ 166.4088447, -22.237233 ], [ 166.4089208, -22.237055499999968 ], [ 166.4089512, -22.2368679 ], [ 166.4089208, -22.2366651 ], [ 166.4086064, -22.2357573 ], [ 166.4084339, -22.235407399999986 ], [ 166.4082412, -22.235245200000019 ], [ 166.4082311, -22.235306 ], [ 166.408292, -22.235311100000015 ], [ 166.408276699999988, -22.2354074 ], [ 166.4080688, -22.235382099999946 ], [ 166.408089099999984, -22.2352857 ], [ 166.408221, -22.2353009 ], [ 166.408221, -22.2352249 ], [ 166.408200699999981, -22.2351285 ], [ 166.4080688, -22.2350119 ], [ 166.4069633, -22.236021 ], [ 166.406907500000017, -22.235960199999973 ], [ 166.4069532, -22.23597029999998 ], [ 166.4080587, -22.2349967 ], [ 166.407703699999985, -22.2346265 ], [ 166.407232099999987, -22.2343476 ], [ 166.4068213, -22.2342005 ], [ 166.4064511, -22.234149799999983 ], [ 166.406111399999986, -22.234220799999967 ], [ 166.4058173, -22.2343983 ], [ 166.405523099999982, -22.2346569 ], [ 166.4055536, -22.234692399999989 ], [ 166.4055079, -22.2347279 ], [ 166.4053203, -22.23474310000001 ], [ 166.4050363, -22.234900300000017 ], [ 166.404889199999985, -22.2351184 ], [ 166.404863899999981, -22.235219800000024 ], [ 166.4048943, -22.23524010000002 ], [ 166.404716799999989, -22.2354581 ], [ 166.4044227, -22.2356508 ], [ 166.4044075, -22.235706600000022 ], [ 166.403956199999982, -22.2357016 ], [ 166.403895299999988, -22.2357827 ], [ 166.403895299999988, -22.235706600000022 ], [ 166.403621499999986, -22.2356914 ], [ 166.40356570000003, -22.235742099999985 ], [ 166.4033983, -22.2356255 ], [ 166.4031397, -22.2356204 ], [ 166.40316, -22.235478400000023 ], [ 166.403099199999986, -22.2354226 ], [ 166.402936899999986, -22.2353161 ], [ 166.4026428, -22.2352249 ], [ 166.40191249999998, -22.2352705 ], [ 166.4018314, -22.235311100000015 ], [ 166.4018922, -22.235331400000021 ], [ 166.401780699999989, -22.235387099999983 ], [ 166.4017604, -22.235311100000015 ], [ 166.4017097, -22.2353567 ], [ 166.4016843, -22.235311100000015 ], [ 166.401633600000025, -22.2353161 ], [ 166.4015728, -22.235346599999989 ], [ 166.4016235, -22.235412500000027 ], [ 166.4014967, -22.235448 ], [ 166.401288800000032, -22.235351600000033 ], [ 166.401344599999987, -22.2353009 ], [ 166.4012989, -22.2352705 ], [ 166.4012381, -22.235361799999986 ], [ 166.400949, -22.2352604 ], [ 166.400766399999981, -22.235138699999951 ], [ 166.400756299999983, -22.235057499999968 ], [ 166.400670099999985, -22.234991599999979 ], [ 166.4007766, -22.2350372 ], [ 166.4007715, -22.2350068 ], [ 166.4005281, -22.2348699 ], [ 166.4001173, -22.234773499999985 ], [ 166.3995798, -22.234829300000015 ], [ 166.399326299999984, -22.2349358 ], [ 166.3992806, -22.235077799999978 ], [ 166.3992198, -22.235052499999963 ], [ 166.3991183, -22.23508289999997 ], [ 166.399022, -22.2349713 ], [ 166.398951, -22.2349713 ], [ 166.3989865, -22.2349257 ], [ 166.3989104, -22.2348141 ], [ 166.39881410000001, -22.234753299999976 ], [ 166.398763399999979, -22.234783699999969 ], [ 166.39867719999998, -22.2346518 ], [ 166.3986214, -22.2346518 ], [ 166.398590899999988, -22.234504799999975 ], [ 166.3985504, -22.23450979999998 ], [ 166.3985707, -22.2344135 ], [ 166.398479399999985, -22.2342411 ], [ 166.3980128, -22.2335159 ], [ 166.397804899999983, -22.2333131 ], [ 166.3966791, -22.2327197 ], [ 166.3964154, -22.23264880000001 ], [ 166.3963901, -22.2326842 ], [ 166.396288699999985, -22.232664 ], [ 166.39622780000002, -22.2325524 ], [ 166.3960605, -22.2324662 ], [ 166.396172, -22.232587899999981 ], [ 166.396075699999983, -22.232593 ], [ 166.396101, -22.232572700000027 ], [ 166.3960453, -22.232557500000016 ], [ 166.3960554, -22.2325169 ], [ 166.395954, -22.232486500000046 ], [ 166.3959844, -22.232451 ], [ 166.3959185, -22.232344500000011 ], [ 166.3954621, -22.2319946 ], [ 166.39526429999998, -22.2317613 ], [ 166.395031, -22.231578699999982 ], [ 166.3949448, -22.231583799999985 ], [ 166.394955, -22.231528 ], [ 166.394671, -22.231299799999974 ], [ 166.394706499999984, -22.231381 ], [ 166.394594899999987, -22.2313607 ], [ 166.394442799999979, -22.2311731 ], [ 166.3942501, -22.2311021 ], [ 166.3942146, -22.230939799999987 ], [ 166.394270399999982, -22.230965100000017 ], [ 166.394209499999988, -22.2308637 ], [ 166.394108099999983, -22.230884 ], [ 166.3940371, -22.23081810000004 ], [ 166.3940371, -22.230747099999988 ], [ 166.3938393, -22.2306507 ], [ 166.3938393, -22.230584799999985 ], [ 166.3939255, -22.2305189 ], [ 166.393996499999986, -22.230595 ], [ 166.394027, -22.230549299999979 ], [ 166.3940168, -22.23005740000001 ], [ 166.393981299999979, -22.230072599999982 ], [ 166.393920499999979, -22.2300118 ], [ 166.3940067, -22.229869800000035 ], [ 166.3941284, -22.229839400000028 ], [ 166.394158799999985, -22.22967709999995 ], [ 166.3942247, -22.2296974 ], [ 166.394245, -22.2295807 ], [ 166.3941892, -22.229601 ], [ 166.3941284, -22.2294793 ], [ 166.394168899999983, -22.229494499999987 ], [ 166.3941994, -22.229383 ], [ 166.3942754, -22.229408300000021 ], [ 166.394356599999981, -22.229367699999969 ], [ 166.3944529, -22.2294185 ], [ 166.394447899999989, -22.2293272 ], [ 166.3946862, -22.229367700000026 ], [ 166.3946862, -22.229403200000011 ], [ 166.3947521, -22.229352499999965 ], [ 166.3949499, -22.2293627 ], [ 166.395000600000031, -22.2293323 ], [ 166.39496, -22.2292613 ], [ 166.39501580000001, -22.2291903 ], [ 166.395152699999983, -22.229251099999988 ], [ 166.395178099999981, -22.2292004 ], [ 166.3952998, -22.2293373 ], [ 166.3954671, -22.229296800000011 ], [ 166.3954824, -22.229256200000037 ], [ 166.3955686, -22.229352499999965 ], [ 166.3957613, -22.229403200000029 ], [ 166.3957461, -22.2294438 ], [ 166.3958982, -22.2295148 ], [ 166.395999599999982, -22.2296872 ], [ 166.396263299999987, -22.229788700000011 ], [ 166.396400199999988, -22.22979370000002 ], [ 166.396511799999985, -22.229864700000011 ], [ 166.39670959999998, -22.2301893 ], [ 166.397059499999983, -22.230427600000016 ], [ 166.397840399999978, -22.230711599999989 ], [ 166.398154799999986, -22.230736900000011 ], [ 166.3986873, -22.230681199999989 ], [ 166.3991589, -22.230498600000011 ], [ 166.39972179999998, -22.230194300000022 ], [ 166.4002137, -22.229859600000026 ], [ 166.400594, -22.2295148 ], [ 166.4009034, -22.229164900000018 ], [ 166.4011113, -22.228830199999955 ], [ 166.4013496, -22.2281507 ], [ 166.4014612, -22.22801380000001 ], [ 166.401420600000023, -22.2280036 ], [ 166.4014612, -22.2279478 ], [ 166.4014105, -22.2278718 ], [ 166.4014967, -22.227958 ], [ 166.401527099999981, -22.2279174 ], [ 166.401567699999987, -22.2279529 ], [ 166.401806, -22.2277856 ], [ 166.4021052, -22.2276486 ], [ 166.4020545, -22.2276132 ], [ 166.402176199999985, -22.22757770000004 ], [ 166.4021711, -22.2276385 ], [ 166.402389199999988, -22.227603 ], [ 166.4026782, -22.227379899999985 ], [ 166.4029572, -22.227526899999965 ], [ 166.4032614, -22.2277856 ], [ 166.403905499999979, -22.228039100000014 ], [ 166.4044075, -22.228830199999972 ], [ 166.404666099999986, -22.229099 ], [ 166.404965299999986, -22.229322099999987 ], [ 166.4053659, -22.229763299999984 ], [ 166.4054572, -22.230072599999982 ], [ 166.4056651, -22.230392100000017 ], [ 166.406197599999985, -22.231015899999953 ], [ 166.406583, -22.23133530000004 ], [ 166.406643799999983, -22.2312998 ], [ 166.4066286, -22.2313911 ], [ 166.4068213, -22.231675099999975 ], [ 166.4069025, -22.2318881 ], [ 166.40720170000003, -22.232283599999985 ], [ 166.407328399999983, -22.2325727 ], [ 166.40744, -22.232709600000035 ], [ 166.407627600000012, -22.232831299999955 ], [ 166.4078051, -22.232806 ], [ 166.4081956, -22.232953 ], [ 166.4082108, -22.2330088 ], [ 166.4085049, -22.233186299999982 ], [ 166.4084542, -22.2331914 ], [ 166.408439, -22.2332826 ], [ 166.408646899999979, -22.2333587 ], [ 166.4089309, -22.233389100000011 ], [ 166.4093265, -22.2333232 ], [ 166.4101784, -22.232902299999978 ], [ 166.4106348, -22.232795800000012 ], [ 166.4112433, -22.2323749 ], [ 166.4118062, -22.231832300000011 ], [ 166.4124249, -22.2311426 ], [ 166.4138448, -22.229981399999989 ], [ 166.4143215, -22.22937790000001 ], [ 166.414575, -22.228880899999989 ], [ 166.4147475, -22.2286679 ], [ 166.4151177, -22.228414399999981 ], [ 166.4152546, -22.228368700000026 ], [ 166.4156501, -22.228399199999981 ], [ 166.4161217, -22.228343400000011 ], [ 166.4163601, -22.2283637 ], [ 166.4167607, -22.2282268 ], [ 166.416791099999983, -22.228105 ], [ 166.4170751, -22.2279123 ], [ 166.417166399999985, -22.227887 ], [ 166.4172424, -22.2279174 ], [ 166.4176431, -22.227826099999987 ], [ 166.4175568, -22.227765300000033 ], [ 166.417602499999987, -22.227745 ], [ 166.4179169, -22.227790599999988 ], [ 166.417724199999981, -22.227902200000042 ], [ 166.4174351, -22.2279529 ], [ 166.417465599999986, -22.2279783 ], [ 166.4176177, -22.2279681 ], [ 166.4178205, -22.2278718 ], [ 166.4180082, -22.227841299999969 ], [ 166.4186776, -22.227816 ], [ 166.419230299999981, -22.227892099999977 ], [ 166.419630899999987, -22.227892099999956 ], [ 166.420006199999989, -22.228008699999975 ], [ 166.420117799999986, -22.227973200000037 ], [ 166.4202192, -22.2278312 ], [ 166.4202445, -22.227887 ], [ 166.420163399999979, -22.228008699999961 ], [ 166.420158300000026, -22.228105 ], [ 166.4202699, -22.2284347 ], [ 166.419940299999979, -22.2284955 ], [ 166.419869299999988, -22.2286426 ], [ 166.419803299999984, -22.2286832 ], [ 166.4199098, -22.228830199999972 ], [ 166.4198896, -22.229063500000017 ], [ 166.419930099999988, -22.229159799999987 ], [ 166.420209, -22.2292714 ], [ 166.4206959, -22.229707499999986 ], [ 166.421147199999979, -22.229834300000011 ], [ 166.4212537, -22.2297734 ], [ 166.4219129, -22.229682200000028 ], [ 166.421958599999982, -22.229626400000019 ], [ 166.421928100000031, -22.2295097 ], [ 166.4219636, -22.2294793 ], [ 166.4222882, -22.229504700000014 ], [ 166.422846, -22.229256200000023 ], [ 166.4229829, -22.2291142 ], [ 166.4229474, -22.229078699999988 ], [ 166.423140099999983, -22.2288404 ], [ 166.423104599999988, -22.2287389 ], [ 166.4231351, -22.228708499999989 ], [ 166.423190799999986, -22.228804899999975 ], [ 166.423403799999988, -22.228733899999987 ], [ 166.42347479999998, -22.2286527 ], [ 166.423652299999986, -22.228718599999983 ], [ 166.423900799999984, -22.22890119999996 ], [ 166.424007300000028, -22.228886 ], [ 166.4240834, -22.22876429999997 ], [ 166.4241543, -22.2288049 ], [ 166.42393629999998, -22.2291903 ], [ 166.423961599999984, -22.2294692 ], [ 166.4238957, -22.229616199999988 ], [ 166.423916, -22.229788699999968 ], [ 166.4239464, -22.2299256 ], [ 166.424058, -22.229986399999948 ], [ 166.424448499999983, -22.2306609 ], [ 166.424489, -22.230610200000033 ], [ 166.4244688, -22.230676099999986 ], [ 166.424757799999981, -22.2308181 ], [ 166.4249505, -22.231026 ], [ 166.425148299999989, -22.2311578 ], [ 166.425199, -22.231173100000039 ], [ 166.425183799999985, -22.2311173 ], [ 166.4252548, -22.2310514 ], [ 166.4253004, -22.23110710000001 ], [ 166.425234500000016, -22.231183200000011 ], [ 166.425483, -22.231233899999967 ], [ 166.425767, -22.2314165 ], [ 166.425954600000011, -22.231452 ], [ 166.426284200000026, -22.231396199999978 ], [ 166.4264921, -22.231523 ], [ 166.4266595, -22.2315483 ], [ 166.4269435, -22.231523 ], [ 166.4270905, -22.231624399999955 ], [ 166.427186899999981, -22.231594 ], [ 166.4272325, -22.231497599999962 ], [ 166.427425199999988, -22.2314875 ], [ 166.4275773, -22.2315635 ], [ 166.427983, -22.2316295 ], [ 166.4280895, -22.231893200000016 ], [ 166.42815539999998, -22.231862699999986 ], [ 166.4282264, -22.2316345 ], [ 166.428429300000033, -22.231492499999984 ], [ 166.4286727, -22.231457 ], [ 166.4288755, -22.23155849999997 ], [ 166.4289719, -22.2314672 ], [ 166.4293776, -22.231421499999989 ], [ 166.4294739, -22.231320099999969 ], [ 166.4296565, -22.231299799999974 ], [ 166.429686899999979, -22.231203499999971 ], [ 166.429565199999985, -22.230828200000012 ], [ 166.429575400000033, -22.230681199999989 ], [ 166.429676799999982, -22.230407300000014 ], [ 166.4297579, -22.2302907 ], [ 166.429813699999983, -22.230280500000013 ], [ 166.4298695, -22.230148699999969 ], [ 166.429925299999979, -22.229864700000025 ], [ 166.4298796, -22.229631399999988 ], [ 166.429940499999987, -22.2293627 ], [ 166.4297326, -22.2285006 ], [ 166.429778199999987, -22.228389 ], [ 166.4299455, -22.228272400000016 ], [ 166.4300977, -22.2282268 ], [ 166.4300977, -22.228186199999975 ], [ 166.4298086, -22.227816 ], [ 166.4295601, -22.2276436 ], [ 166.4294181, -22.227597899999989 ], [ 166.429291399999983, -22.2276284 ], [ 166.429179799999986, -22.2277349 ], [ 166.428855299999981, -22.227892099999977 ], [ 166.428804499999984, -22.2281152 ], [ 166.4290378, -22.2281963 ], [ 166.4290632, -22.228282499999988 ], [ 166.429017499999986, -22.228338300000033 ], [ 166.4286879, -22.228348499999989 ], [ 166.428469899999982, -22.228282499999988 ], [ 166.428246699999988, -22.2281101 ], [ 166.4281757, -22.227973199999976 ], [ 166.428196, -22.227866699999971 ], [ 166.428545899999989, -22.2274914 ], [ 166.4287285, -22.22718720000001 ], [ 166.4287488, -22.227085799999983 ], [ 166.428606799999983, -22.2269843 ], [ 166.428693, -22.22693359999996 ], [ 166.428819799999985, -22.226959 ], [ 166.4288248, -22.226888 ], [ 166.4287589, -22.226817 ], [ 166.4287995, -22.226583699999978 ], [ 166.428956699999986, -22.226482300000022 ], [ 166.429154499999981, -22.2260766 ], [ 166.429266, -22.225549200000028 ], [ 166.4292102, -22.2254985 ], [ 166.429291399999983, -22.2253971 ], [ 166.429154499999981, -22.2252652 ], [ 166.429119, -22.225336199999969 ], [ 166.4288451, -22.225138499999986 ], [ 166.4288857, -22.2250269 ], [ 166.4289516, -22.225052200000029 ], [ 166.429068200000017, -22.2242865 ], [ 166.428966799999984, -22.223911200000021 ], [ 166.428718299999986, -22.223642500000015 ], [ 166.42848, -22.223064399999984 ], [ 166.4282011, -22.22286659999995 ], [ 166.427785299999982, -22.2228108 ], [ 166.427734499999985, -22.222922399999973 ], [ 166.4275063, -22.222968 ], [ 166.427501299999989, -22.2231049 ], [ 166.4271919, -22.2233484 ], [ 166.4270702, -22.2235715 ], [ 166.4268471, -22.2236628 ], [ 166.426629, -22.223485300000011 ], [ 166.4265935, -22.223155699999943 ], [ 166.426725399999981, -22.22278040000003 ], [ 166.4268927, -22.2226435 ], [ 166.4272224, -22.2225928 ], [ 166.427628, -22.222684 ], [ 166.4280287, -22.222679 ], [ 166.4282924, -22.222552199999974 ], [ 166.428216300000031, -22.2225066 ], [ 166.428743699999984, -22.2220907 ], [ 166.4289871, -22.22202480000001 ], [ 166.429093599999987, -22.22204 ], [ 166.429149400000028, -22.221994400000018 ], [ 166.4293725, -22.222045099999956 ], [ 166.42953989999998, -22.222136399999961 ], [ 166.4295804, -22.222222599999967 ], [ 166.429291399999983, -22.222105900000013 ], [ 166.4289617, -22.222141400000012 ], [ 166.4289617, -22.222151599999961 ], [ 166.429337, -22.2221566 ], [ 166.430194, -22.222653600000012 ], [ 166.430412099999984, -22.222684 ], [ 166.4305896, -22.2226333 ], [ 166.430427300000019, -22.2226739 ], [ 166.430427300000019, -22.2225268 ], [ 166.4306149, -22.222440599999988 ], [ 166.4307163, -22.22244059999997 ], [ 166.4307518, -22.22240009999998 ], [ 166.430691, -22.2223494 ], [ 166.430898899999988, -22.2224356 ], [ 166.430893799999978, -22.2227449 ], [ 166.4308685, -22.222729699999988 ], [ 166.43074679999998, -22.222917299999974 ], [ 166.430625099999986, -22.222968 ], [ 166.430361399999981, -22.2229782 ], [ 166.430361399999981, -22.2228767 ], [ 166.4303056, -22.2228159 ], [ 166.430077399999988, -22.2226891 ], [ 166.4298289, -22.2226536 ], [ 166.429834, -22.2227348 ], [ 166.4300115, -22.223028899999974 ], [ 166.429874499999983, -22.223383899999977 ], [ 166.429915099999988, -22.2237338 ], [ 166.430047, -22.2240177 ], [ 166.430194, -22.2241496 ], [ 166.430265, -22.224646600000046 ], [ 166.4306555, -22.2247125 ], [ 166.430934400000012, -22.224682099999988 ], [ 166.4311018, -22.2245857 ], [ 166.4312995, -22.224357499999982 ], [ 166.43179139999998, -22.2241192 ], [ 166.432344199999989, -22.2241648 ], [ 166.4331708, -22.224448800000026 ], [ 166.4335207, -22.224631300000024 ], [ 166.4338756, -22.224900099999989 ], [ 166.434519699999981, -22.2250979 ], [ 166.434783400000015, -22.2252247 ], [ 166.4350217, -22.225239899999988 ], [ 166.4351992, -22.2253717 ], [ 166.435168799999985, -22.225534 ], [ 166.434920299999987, -22.225625300000011 ], [ 166.434717399999982, -22.2258383 ], [ 166.4346921, -22.226198300000014 ], [ 166.434849300000025, -22.226401200000016 ], [ 166.4349254, -22.2266294 ], [ 166.434793499999984, -22.2268322 ], [ 166.4346515, -22.226928599999969 ], [ 166.434469, -22.2269539 ], [ 166.4340024, -22.226898099999968 ], [ 166.4337691, -22.2271162 ], [ 166.4337691, -22.227177 ], [ 166.433723499999985, -22.227156800000028 ], [ 166.4335257, -22.227324099999983 ], [ 166.4328361, -22.227973199999976 ], [ 166.432861399999979, -22.228191299999988 ], [ 166.432714399999981, -22.2284651 ], [ 166.432638299999979, -22.2285107 ], [ 166.4326941, -22.2286071 ], [ 166.4326484, -22.2286832 ], [ 166.4327346, -22.228779499999987 ], [ 166.4326839, -22.228896099999989 ], [ 166.432618, -22.228886 ], [ 166.4326484, -22.229104099999983 ], [ 166.433038899999985, -22.229702400000019 ], [ 166.433115, -22.229758199999988 ], [ 166.4334649, -22.229545200000032 ], [ 166.4334395, -22.2296061 ], [ 166.4331353, -22.2298191 ], [ 166.433297499999981, -22.2300676 ], [ 166.4335815, -22.2302197 ], [ 166.433688, -22.230184200000014 ], [ 166.4337641, -22.230229799999982 ], [ 166.4337894, -22.2301842 ], [ 166.434058199999981, -22.230275499999987 ], [ 166.4341901, -22.230229799999982 ], [ 166.434484199999986, -22.23028560000002 ], [ 166.435194100000018, -22.230529 ], [ 166.435265099999981, -22.2306355 ], [ 166.43565049999998, -22.2306305 ], [ 166.4363301, -22.2307217 ], [ 166.4364315, -22.2307572 ], [ 166.4364568, -22.23081810000004 ], [ 166.4365228, -22.230752200000037 ], [ 166.4365278, -22.230823199999985 ], [ 166.4366952, -22.230853600000017 ], [ 166.4367662, -22.2309702 ], [ 166.436710399999981, -22.2313708 ], [ 166.4367459, -22.231492499999984 ], [ 166.43725809999998, -22.2317968 ], [ 166.4377246, -22.2323597 ], [ 166.4379731, -22.232501699999972 ], [ 166.4381861, -22.2324814 ], [ 166.438226599999979, -22.2325169 ], [ 166.438454799999988, -22.2323191 ], [ 166.438642499999986, -22.232293799999979 ], [ 166.438607, -22.232151799999976 ], [ 166.438850399999978, -22.231771500000026 ], [ 166.4387591, -22.2315737 ], [ 166.438855499999988, -22.2312542 ], [ 166.4389822, -22.231132499999969 ], [ 166.4392916, -22.231112199999973 ], [ 166.4393676, -22.2312846 ], [ 166.439418400000022, -22.231289700000012 ], [ 166.439337200000011, -22.231137600000022 ], [ 166.439540099999988, -22.230939799999987 ], [ 166.4421567, -22.2346265 ], [ 166.4395451, -22.2308891 ], [ 166.4395046, -22.230884 ], [ 166.4397023, -22.230762300000016 ], [ 166.4395654, -22.230742 ], [ 166.4394031, -22.2307826 ], [ 166.4392713, -22.2307065 ], [ 166.4391597, -22.2305696 ], [ 166.4389822, -22.230148699999969 ], [ 166.4390076, -22.2297481 ], [ 166.438941699999987, -22.2295402 ], [ 166.4388352, -22.2294692 ], [ 166.4388453, -22.229398199999981 ], [ 166.438612, -22.229043199999989 ], [ 166.4381607, -22.228449900000012 ], [ 166.437942699999979, -22.227942799999962 ], [ 166.4380137, -22.227532 ], [ 166.4382368, -22.227080699999977 ], [ 166.4385715, -22.225037 ], [ 166.4386374, -22.22495080000002 ], [ 166.439661799999982, -22.225037 ], [ 166.442035, -22.2249103 ], [ 166.442476199999987, -22.2249305 ], [ 166.442750099999984, -22.224834199999989 ], [ 166.443373799999989, -22.2248443 ], [ 166.443698399999988, -22.224722599999986 ], [ 166.4440635, -22.2248139 ], [ 166.444469199999986, -22.22478850000002 ], [ 166.4446314, -22.2248595 ], [ 166.444616199999984, -22.2250218 ], [ 166.444677099999979, -22.2249103 ], [ 166.444682199999988, -22.2249559 ], [ 166.444727799999981, -22.224961 ], [ 166.4447734, -22.2249103 ], [ 166.4449966, -22.224981300000028 ], [ 166.445042199999989, -22.225042100000017 ], [ 166.44525010000001, -22.2251182 ], [ 166.4452704, -22.225168899999989 ], [ 166.44533629999998, -22.2251537 ], [ 166.4457775, -22.22535139999998 ], [ 166.446137599999986, -22.2254579 ], [ 166.4461781, -22.225534 ], [ 166.4463658, -22.225503600000014 ], [ 166.4465635, -22.225615099999981 ], [ 166.4467004, -22.2257622 ], [ 166.44724309999998, -22.225990400000022 ], [ 166.447385, -22.2261273 ], [ 166.4477147, -22.2261679 ], [ 166.447917499999988, -22.225949799999988 ], [ 166.4480139, -22.2260208 ], [ 166.4480494, -22.2258586 ], [ 166.4482573, -22.225792600000016 ], [ 166.4483536, -22.225711499999946 ], [ 166.448475299999984, -22.225721599999989 ], [ 166.448764399999988, -22.225878800000018 ], [ 166.4488557, -22.2260563 ], [ 166.448896199999979, -22.2262947 ], [ 166.4487441, -22.226598899999981 ], [ 166.448825199999987, -22.2265888 ], [ 166.4488557, -22.226685100000019 ], [ 166.4489419, -22.226685100000019 ], [ 166.449134599999979, -22.2265178 ], [ 166.4494033, -22.225878799999986 ], [ 166.4497127, -22.225402200000044 ], [ 166.4498141, -22.2251587 ], [ 166.4493932, -22.224976199999972 ], [ 166.4492918, -22.225042100000017 ], [ 166.449134599999979, -22.225042099999982 ], [ 166.448901299999989, -22.224910299999976 ], [ 166.448739, -22.224641500000022 ], [ 166.4487542, -22.2244792 ], [ 166.4488557, -22.224286499999987 ], [ 166.449023, -22.2242104 ], [ 166.4508841, -22.2251283 ], [ 166.4511681, -22.225214500000046 ], [ 166.4514571, -22.22540220000003 ], [ 166.4514724, -22.2254681 ], [ 166.4521924, -22.225828099999983 ], [ 166.452314199999989, -22.2259245 ], [ 166.452486599999986, -22.2261679 ], [ 166.452623499999987, -22.2262287 ], [ 166.45283139999998, -22.22647219999995 ], [ 166.4530393, -22.226634399999966 ], [ 166.45309, -22.2269387 ], [ 166.4530647, -22.227182100000025 ], [ 166.453206699999981, -22.227126299999984 ], [ 166.4534399, -22.227121300000015 ], [ 166.4536022, -22.2272531 ], [ 166.453703599999983, -22.227420399999989 ], [ 166.4537087, -22.2277044 ], [ 166.453779699999984, -22.227790599999988 ], [ 166.4537746, -22.227932600000013 ], [ 166.4537087, -22.22801380000001 ], [ 166.453566699999982, -22.228059400000042 ], [ 166.453424700000028, -22.2280442 ], [ 166.453282699999988, -22.227958 ], [ 166.4527807, -22.227932600000013 ], [ 166.452836499999989, -22.2279884 ], [ 166.452821299999982, -22.2281659 ], [ 166.4531915, -22.228267300000031 ], [ 166.453282699999988, -22.2284448 ], [ 166.453429799999981, -22.22856650000001 ], [ 166.4539014, -22.2286324 ], [ 166.454291899999987, -22.228957 ], [ 166.454352699999987, -22.2293221 ], [ 166.454677299999986, -22.229885 ], [ 166.4547432, -22.2299205 ], [ 166.4551692, -22.230833300000018 ], [ 166.4553923, -22.231457 ], [ 166.4558031, -22.23211629999998 ], [ 166.4561023, -22.232937800000045 ], [ 166.456330499999979, -22.23293780000002 ], [ 166.4563507, -22.232892199999942 ], [ 166.4560516, -22.2321619 ], [ 166.4559653, -22.23168020000001 ], [ 166.4560313, -22.231675099999975 ], [ 166.45600589999998, -22.231543299999988 ], [ 166.455706699999979, -22.230615199999988 ], [ 166.4557321, -22.2305899 ], [ 166.4557777, -22.2306355 ], [ 166.45600589999998, -22.2310818 ], [ 166.4561885, -22.2310006 ], [ 166.456421700000021, -22.230980400000011 ], [ 166.456502900000032, -22.2308637 ], [ 166.456842599999987, -22.2306 ], [ 166.457177299999984, -22.2301335 ], [ 166.4570759, -22.230113199999987 ], [ 166.4569948, -22.2300016 ], [ 166.456543399999987, -22.229839400000028 ], [ 166.455356800000033, -22.229286599999984 ], [ 166.455448099999984, -22.229241 ], [ 166.45628990000003, -22.229626400000019 ], [ 166.456396399999988, -22.2296923 ], [ 166.456391299999979, -22.2297481 ], [ 166.4566499, -22.2298546 ], [ 166.4566246, -22.2297988 ], [ 166.4570556, -22.229925599999977 ], [ 166.4572737, -22.2299205 ], [ 166.4573599, -22.2298292 ], [ 166.4574968, -22.229514800000036 ], [ 166.457725, -22.229464100000015 ], [ 166.4578214, -22.22922579999997 ], [ 166.457897399999979, -22.229175 ], [ 166.4578721, -22.2291345 ], [ 166.458161099999984, -22.228830199999972 ], [ 166.4582068, -22.228673 ], [ 166.458364, -22.2284347 ], [ 166.4583538, -22.228373800000018 ], [ 166.4584553, -22.228236899999978 ], [ 166.458511, -22.2280391 ], [ 166.458298, -22.227892099999977 ], [ 166.4580546, -22.2278059 ], [ 166.4579786, -22.2278312 ], [ 166.4580191, -22.2279833 ], [ 166.457963399999983, -22.2279783 ], [ 166.457902499999989, -22.227775400000027 ], [ 166.4579228, -22.227501600000011 ], [ 166.4581916, -22.226979299999982 ], [ 166.4582321, -22.226786600000018 ], [ 166.4582321, -22.226669900000029 ], [ 166.4581155, -22.226467099999962 ], [ 166.4581155, -22.226350399999969 ], [ 166.458262599999983, -22.2263707 ], [ 166.458399499999985, -22.226487400000035 ], [ 166.4586429, -22.2271365 ], [ 166.458886299999989, -22.2273545 ], [ 166.458982599999985, -22.227319 ], [ 166.45901809999998, -22.2272277 ], [ 166.4592616, -22.2270705 ], [ 166.4593883, -22.226888 ], [ 166.4596723, -22.226700399999967 ], [ 166.4597636, -22.226355500000011 ], [ 166.4599411, -22.2264113 ], [ 166.460138900000032, -22.226249 ], [ 166.460367100000013, -22.226345399999985 ], [ 166.4604938, -22.226147599999987 ], [ 166.460336600000034, -22.2259194 ], [ 166.460301099999981, -22.225787599999965 ], [ 166.4603468, -22.2256658 ], [ 166.460189599999978, -22.225483300000011 ], [ 166.460078, -22.225442700000023 ], [ 166.4598346, -22.225442700000023 ], [ 166.4597636, -22.2253971 ], [ 166.459718, -22.225214500000032 ], [ 166.459657099999987, -22.2251587 ], [ 166.4596216, -22.224895 ], [ 166.4597382, -22.224626300000018 ], [ 166.4595912, -22.224464 ], [ 166.4593021, -22.224311900000028 ], [ 166.459292, -22.224266199999985 ], [ 166.4593376, -22.2242459 ], [ 166.4596115, -22.2243474 ], [ 166.4602301, -22.22492040000002 ], [ 166.4605243, -22.225067499999984 ], [ 166.4615081, -22.2258332 ], [ 166.461487799999986, -22.225990400000022 ], [ 166.4616196, -22.225909300000026 ], [ 166.4620912, -22.226304799999973 ], [ 166.4621927, -22.2262642 ], [ 166.462481699999984, -22.2262642 ], [ 166.462857, -22.2263859 ], [ 166.463328599999983, -22.226193199999983 ], [ 166.463516199999987, -22.226071499999964 ], [ 166.463663299999979, -22.226041099999986 ], [ 166.464069, -22.2261983 ], [ 166.4649665, -22.226746 ], [ 166.4654179, -22.22652790000004 ], [ 166.466214, -22.226746 ], [ 166.4663002, -22.2268931 ], [ 166.4663002, -22.226811899999987 ], [ 166.4664067, -22.226786600000018 ], [ 166.4672587, -22.227019800000011 ], [ 166.4676187, -22.2274458 ], [ 166.467836799999986, -22.2275472 ], [ 166.468095399999982, -22.227603 ], [ 166.4681867, -22.22756750000001 ], [ 166.4693987, -22.22653810000001 ], [ 166.4700579, -22.2265026 ], [ 166.4702608, -22.2265533 ], [ 166.4706208, -22.2265634 ], [ 166.4709504, -22.2273292 ], [ 166.4717365, -22.22739 ], [ 166.472416, -22.22707559999996 ], [ 166.472882500000026, -22.226761200000013 ], [ 166.4733186, -22.2263504 ], [ 166.473800399999988, -22.2261222 ], [ 166.4741807, -22.226173 ], [ 166.4743531, -22.2261222 ], [ 166.475118899999984, -22.2254376 ], [ 166.4753369, -22.225361600000014 ], [ 166.476401900000013, -22.2254985 ], [ 166.4767771, -22.2256202 ], [ 166.476974899999988, -22.2260259 ], [ 166.476959699999981, -22.225645599999989 ], [ 166.4771169, -22.225184100000011 ], [ 166.4773907, -22.224824 ], [ 166.477497199999988, -22.224722599999986 ], [ 166.4780246, -22.2245451 ], [ 166.47832889999998, -22.224347399999957 ], [ 166.4783086, -22.2240532 ], [ 166.478541899999982, -22.2239721 ], [ 166.4782985, -22.223916299999971 ], [ 166.4781362, -22.2231759 ], [ 166.4795054, -22.221674900000014 ], [ 166.4800531, -22.2208179 ], [ 166.4800023, -22.2205694 ], [ 166.479799499999984, -22.2205745 ], [ 166.479662599999983, -22.2204375 ], [ 166.478988099999981, -22.2201384 ], [ 166.4791707, -22.2198341 ], [ 166.479414099999985, -22.219271199999969 ], [ 166.479576399999985, -22.219179900000015 ], [ 166.480479, -22.2188756 ], [ 166.480859399999986, -22.2189213 ], [ 166.4815389, -22.21889089999997 ], [ 166.481777199999982, -22.2188047 ], [ 166.482624099999981, -22.2172225 ], [ 166.48376, -22.2171819 ], [ 166.4853321, -22.2166951 ], [ 166.4865035, -22.2166494 ], [ 166.4865643, -22.2168928 ], [ 166.4867672, -22.217187 ], [ 166.4867672, -22.217359400000017 ], [ 166.4866658, -22.2177701 ], [ 166.486792499999979, -22.2180998 ], [ 166.486823, -22.218399 ], [ 166.48708160000001, -22.2189264 ], [ 166.4871779, -22.2196667 ], [ 166.4848858, -22.219043 ], [ 166.4852205, -22.2203108 ], [ 166.484906099999989, -22.2203158 ], [ 166.48483, -22.220833099999989 ], [ 166.48451559999998, -22.2207165 ], [ 166.4845106, -22.222866599999989 ], [ 166.484814799999981, -22.222856499999974 ], [ 166.484814799999981, -22.2227398 ], [ 166.485403099999985, -22.2225725 ], [ 166.4855298, -22.222577600000015 ], [ 166.4852104, -22.222947699999974 ], [ 166.48664549999998, -22.2213047 ], [ 166.486792499999979, -22.2212743 ], [ 166.4868027, -22.221147499999951 ], [ 166.4869244, -22.221041 ], [ 166.487218499999983, -22.2214061 ], [ 166.48733009999998, -22.2216546 ], [ 166.48733009999998, -22.221801699999979 ], [ 166.4871425, -22.221827 ], [ 166.487096799999989, -22.222004500000015 ], [ 166.487193199999979, -22.2221719 ], [ 166.487370699999985, -22.2222986 ], [ 166.487553199999979, -22.222663799999975 ], [ 166.4876952, -22.222694199999982 ], [ 166.488278399999984, -22.222369600000011 ], [ 166.4890289, -22.2220907 ], [ 166.4891912, -22.2221566 ], [ 166.4894904, -22.2224153 ], [ 166.4897896, -22.2225066 ], [ 166.489749, -22.222537 ], [ 166.4899011, -22.222836199999985 ], [ 166.489870699999983, -22.222861500000036 ], [ 166.489622199999985, -22.2228565 ], [ 166.48929769999998, -22.222613 ], [ 166.4892672, -22.2226333 ], [ 166.489287499999989, -22.223023800000011 ], [ 166.489221599999979, -22.2230745 ], [ 166.4890086, -22.223059300000028 ], [ 166.488821, -22.222942699999983 ], [ 166.488724599999983, -22.222963 ], [ 166.4887297, -22.2232723 ], [ 166.489226700000017, -22.2235715 ], [ 166.4893027, -22.223470099999972 ], [ 166.489262199999985, -22.2235563 ], [ 166.490104, -22.222871699999985 ], [ 166.490682099999987, -22.22335850000001 ], [ 166.490768299999985, -22.223394 ], [ 166.4908139, -22.2232317 ], [ 166.4909356, -22.223241899999984 ], [ 166.491452899999985, -22.2237388 ], [ 166.491701399999982, -22.223901100000035 ], [ 166.4918687, -22.223941699999987 ], [ 166.491934599999979, -22.223860499999972 ], [ 166.491934599999979, -22.2236932 ], [ 166.4920411, -22.223566399999971 ], [ 166.492188199999987, -22.2236374 ], [ 166.4925381, -22.2236577 ], [ 166.492669899999981, -22.223708400000035 ], [ 166.492771399999981, -22.223830099999983 ], [ 166.4928069, -22.2239772 ], [ 166.4927511, -22.224033 ], [ 166.4929032, -22.224038 ], [ 166.4929032, -22.2238048 ], [ 166.492685199999983, -22.223490299999984 ], [ 166.492822099999984, -22.2234903 ], [ 166.4929438, -22.223754 ], [ 166.493080699999979, -22.22382 ], [ 166.493121299999984, -22.2239721 ], [ 166.493273400000021, -22.224149599999986 ], [ 166.4929539, -22.2242713 ], [ 166.492771399999981, -22.224555300000016 ], [ 166.492872799999986, -22.2245502 ], [ 166.492908299999982, -22.224606 ], [ 166.492822099999984, -22.2246719 ], [ 166.4928272, -22.2247936 ], [ 166.492766300000028, -22.2249052 ], [ 166.492796699999985, -22.2249559 ], [ 166.4927207, -22.2249559 ], [ 166.492735899999985, -22.2250269 ], [ 166.4926547, -22.2252196 ], [ 166.492533, -22.225305800000012 ], [ 166.492563499999989, -22.2254376 ], [ 166.493207500000011, -22.225189199999981 ], [ 166.493471199999988, -22.225143500000016 ], [ 166.493567499999983, -22.2251334 ], [ 166.4936284, -22.225179 ], [ 166.494165899999985, -22.225138499999971 ], [ 166.4948454, -22.225168899999989 ], [ 166.4950331, -22.2251942 ], [ 166.4965341, -22.225706399999982 ], [ 166.49649359999998, -22.2257723 ], [ 166.496260299999989, -22.225676 ], [ 166.4961538, -22.22576730000003 ], [ 166.4960676, -22.2257774 ], [ 166.495748099999986, -22.2255391 ], [ 166.4957684, -22.225488400000021 ], [ 166.4956264, -22.2255188 ], [ 166.4955655, -22.225493400000019 ], [ 166.4956315, -22.2254224 ], [ 166.4954591, -22.225366700000013 ], [ 166.495362699999987, -22.225523899999974 ], [ 166.4953272, -22.2256861 ], [ 166.4952055, -22.2258484 ], [ 166.49534749999998, -22.2258636 ], [ 166.4951599, -22.2259752 ], [ 166.495073599999984, -22.225965 ], [ 166.4947592, -22.226157700000016 ], [ 166.494602, -22.2264519 ], [ 166.494591899999989, -22.226335200000022 ], [ 166.4944854, -22.2263048 ], [ 166.493856599999987, -22.227050299999963 ], [ 166.4939225, -22.227172 ], [ 166.4938464, -22.2272075 ], [ 166.4938972, -22.2273444 ], [ 166.4938769, -22.227471199999982 ], [ 166.4942116, -22.2278211 ], [ 166.494328199999984, -22.2278566 ], [ 166.494455, -22.2279681 ], [ 166.494500599999981, -22.2280594 ], [ 166.494490499999984, -22.2282166 ], [ 166.494586799999979, -22.2283738 ], [ 166.494617200000022, -22.22856650000001 ], [ 166.4944093, -22.228678099999989 ], [ 166.494353599999982, -22.2287592 ], [ 166.4943992, -22.228860600000036 ], [ 166.494323100000031, -22.2290229 ], [ 166.494313, -22.229251099999988 ], [ 166.494130399999989, -22.2297227 ], [ 166.4936233, -22.2300067 ], [ 166.4934915, -22.2300219 ], [ 166.4933393, -22.230163899999987 ], [ 166.4927917, -22.230077699999971 ], [ 166.492624299999989, -22.230351500000012 ], [ 166.492522899999983, -22.2306355 ], [ 166.4924671, -22.231208599999981 ], [ 166.4925432, -22.231299799999949 ], [ 166.492528, -22.231340399999961 ], [ 166.4926294, -22.2315483 ], [ 166.492735899999985, -22.23163960000003 ], [ 166.4943434, -22.232664 ], [ 166.4946578, -22.2328161 ], [ 166.494830200000024, -22.2328262 ], [ 166.494875899999982, -22.232770499999987 ], [ 166.4948809, -22.232811 ], [ 166.495053399999989, -22.2328972 ], [ 166.49518519999998, -22.2328972 ], [ 166.4952714, -22.232836399999975 ], [ 166.4952309, -22.232907399999984 ], [ 166.4952917, -22.232942899999969 ], [ 166.495383, -22.232841500000021 ], [ 166.495758199999983, -22.232876899999965 ], [ 166.4958292, -22.2328262 ], [ 166.4958749, -22.2328871 ], [ 166.4958901, -22.233135599999986 ], [ 166.496027, -22.233135599999986 ], [ 166.496478299999978, -22.233404300000021 ], [ 166.496524, -22.233368799999983 ], [ 166.496605099999982, -22.233490599999978 ], [ 166.496716699999979, -22.233480400000019 ], [ 166.496706499999988, -22.2335463 ], [ 166.4969652, -22.233774499999978 ], [ 166.497122400000023, -22.2339824 ], [ 166.4972491, -22.2339723 ], [ 166.4971883, -22.2340889 ], [ 166.4975078, -22.2344287 ], [ 166.497594, -22.234459099999963 ], [ 166.4980707, -22.234905400000017 ], [ 166.498212699999982, -22.2352604 ], [ 166.4982482, -22.2353212 ], [ 166.498309, -22.2353161 ], [ 166.498253200000022, -22.235336399999976 ], [ 166.4983699, -22.235503799999986 ], [ 166.4983445, -22.2355393 ], [ 166.498400299999986, -22.235569699999989 ], [ 166.4984307, -22.235706599999979 ], [ 166.4986031, -22.2358892 ], [ 166.49904429999998, -22.236254300000017 ], [ 166.4991407, -22.236198499999986 ], [ 166.4990545, -22.236269500000024 ], [ 166.5014937, -22.238384199999985 ], [ 166.503253299999983, -22.2387898 ], [ 166.503963299999981, -22.2401641 ], [ 166.5038619, -22.2402148 ], [ 166.5038466, -22.240367 ], [ 166.503851699999984, -22.2405698 ], [ 166.503988599999985, -22.2406915 ], [ 166.504039299999988, -22.240914599999989 ], [ 166.503943, -22.2410516 ], [ 166.5039329, -22.2411682 ], [ 166.503765499999986, -22.241224 ], [ 166.5036692, -22.2413102 ], [ 166.503390199999984, -22.2413254 ], [ 166.503390199999984, -22.241442 ], [ 166.503293899999989, -22.241442 ], [ 166.5030454, -22.2413153 ], [ 166.502533199999988, -22.2413102 ], [ 166.5025484, -22.241183399999979 ], [ 166.5025535, -22.241295 ], [ 166.503035300000022, -22.241295 ], [ 166.503304, -22.2414268 ], [ 166.50336489999998, -22.241431899999988 ], [ 166.503375, -22.241386299999988 ], [ 166.50337, -22.241335499999987 ], [ 166.5033091, -22.2413558 ], [ 166.503253299999983, -22.2412798 ], [ 166.503106299999985, -22.241218899999989 ], [ 166.502168100000034, -22.2410516 ], [ 166.5017523, -22.2408234 ], [ 166.501138699999984, -22.2405698 ], [ 166.50101189999998, -22.2404633 ], [ 166.500281699999988, -22.2403315 ], [ 166.498222799999979, -22.2391753 ], [ 166.496524, -22.2387746 ], [ 166.4962755, -22.238840600000017 ], [ 166.4962248, -22.238911600000023 ], [ 166.495661899999988, -22.239155 ], [ 166.4956923, -22.239180299999987 ], [ 166.4956416, -22.239205700000021 ], [ 166.495636499999989, -22.239165099999976 ], [ 166.4954438, -22.239251299999967 ], [ 166.495438799999988, -22.2392919 ], [ 166.495423599999981, -22.2392615 ], [ 166.4952156, -22.239352699999984 ], [ 166.4952309, -22.239388200000011 ], [ 166.4951954, -22.2393629 ], [ 166.4947288, -22.2395657 ], [ 166.4947187, -22.2396063 ], [ 166.4946984, -22.2395759 ], [ 166.492832199999981, -22.240377100000018 ], [ 166.492735899999985, -22.240382199999985 ], [ 166.490306799999985, -22.239155 ], [ 166.4908393, -22.2381002 ], [ 166.4907581, -22.2379734 ], [ 166.490702400000032, -22.237714799999988 ], [ 166.4907531, -22.2372533 ], [ 166.490494399999989, -22.237015 ], [ 166.4904133, -22.236857799999989 ], [ 166.490083699999985, -22.236578900000019 ], [ 166.4898048, -22.2365484 ], [ 166.4896019, -22.23639119999995 ], [ 166.4892064, -22.236614299999985 ], [ 166.488963, -22.236578899999959 ], [ 166.4888818, -22.2364267 ], [ 166.4888311, -22.236016 ], [ 166.4883595, -22.235701599999977 ], [ 166.4882327, -22.2355596 ], [ 166.488106, -22.2352908 ], [ 166.48769009999998, -22.2354531 ], [ 166.4875025, -22.235762399999981 ], [ 166.487112, -22.2361782 ], [ 166.486944699999981, -22.2362695 ], [ 166.486965, -22.236416600000016 ], [ 166.486909199999985, -22.236533199999975 ], [ 166.4865643, -22.236649799999952 ], [ 166.4864426, -22.236791800000013 ], [ 166.486270199999979, -22.236852699999979 ], [ 166.4859558, -22.2372229 ], [ 166.4859102, -22.23734970000001 ], [ 166.4859964, -22.237425700000017 ], [ 166.4865288, -22.2374815 ], [ 166.4872844, -22.2374815 ], [ 166.4886181, -22.237953099999977 ], [ 166.488775299999986, -22.238196499999987 ], [ 166.4889021, -22.2387898 ], [ 166.489130300000028, -22.239109299999974 ], [ 166.489099899999985, -22.2393122 ], [ 166.488937599999986, -22.239515 ], [ 166.488699299999979, -22.239626599999987 ], [ 166.4884964, -22.239601199999985 ], [ 166.488166799999988, -22.2392716 ], [ 166.4880451, -22.2392108 ], [ 166.487543099999982, -22.239302 ], [ 166.487243899999982, -22.2392615 ], [ 166.4870106, -22.239109299999974 ], [ 166.4866506, -22.238759399999989 ], [ 166.4865035, -22.238871 ], [ 166.4861789, -22.2389572 ], [ 166.486052199999989, -22.239134699999987 ], [ 166.486042, -22.2392716 ], [ 166.4864122, -22.239875099999978 ], [ 166.4870512, -22.240367 ], [ 166.4871627, -22.240382199999985 ], [ 166.487380799999983, -22.240610400000037 ], [ 166.4873402, -22.2406611 ], [ 166.4872236, -22.2406864 ], [ 166.4868635, -22.240564700000022 ], [ 166.486270199999979, -22.240635699999988 ], [ 166.4860775, -22.2408639 ], [ 166.486037, -22.241041399999986 ], [ 166.4859051, -22.241142800000016 ], [ 166.4857733, -22.241142800000034 ], [ 166.4852306, -22.2408081 ], [ 166.484612, -22.2406307 ], [ 166.484145399999989, -22.2404177 ], [ 166.4840592, -22.2402503 ], [ 166.4839274, -22.2397077 ], [ 166.483689, -22.239332499999986 ], [ 166.483471, -22.23909919999997 ], [ 166.48317179999998, -22.239018 ], [ 166.4830653, -22.238942 ], [ 166.482974, -22.238749299999984 ], [ 166.4828422, -22.239139799999986 ], [ 166.4827205, -22.2392108 ], [ 166.482674799999984, -22.239332499999986 ], [ 166.4828219, -22.2394694 ], [ 166.4830906, -22.2395556 ], [ 166.483136299999984, -22.239697600000017 ], [ 166.483110899999986, -22.2398396 ], [ 166.482756, -22.240422700000014 ], [ 166.482578499999988, -22.240503899999961 ], [ 166.4825937, -22.2406459 ], [ 166.4823604, -22.2407017 ], [ 166.482406, -22.240767599999977 ], [ 166.482527800000014, -22.240818299999962 ], [ 166.4830298, -22.240874100000013 ], [ 166.483151500000019, -22.240924799999981 ], [ 166.4836028, -22.2414927 ], [ 166.4836789, -22.241710799999957 ], [ 166.4836383, -22.241898400000046 ], [ 166.483547, -22.242050599999981 ], [ 166.483258, -22.242248299999972 ], [ 166.483496299999985, -22.242410600000028 ], [ 166.483542, -22.242532300000018 ], [ 166.4837651, -22.2423903 ], [ 166.483907099999982, -22.242420799999987 ], [ 166.484069399999981, -22.2425222 ], [ 166.4844497, -22.2423396 ], [ 166.4847489, -22.242365 ], [ 166.4853422, -22.24283149999998 ], [ 166.4858645, -22.2429989 ], [ 166.486016700000022, -22.2431104 ], [ 166.4865897, -22.243085099999977 ], [ 166.4870613, -22.2428721 ], [ 166.487543099999982, -22.2429481 ], [ 166.4878879, -22.242730100000013 ], [ 166.488511599999981, -22.242507 ], [ 166.4889528, -22.2421469 ], [ 166.489657699999981, -22.241776699999985 ], [ 166.489845299999985, -22.241771700000015 ], [ 166.4904995, -22.2419542 ], [ 166.490535, -22.2421976 ], [ 166.490464, -22.242471499999965 ], [ 166.490210499999989, -22.2428772 ], [ 166.4896324, -22.243384300000013 ], [ 166.4892013, -22.243582 ], [ 166.488810799999982, -22.244043499999986 ], [ 166.488506600000022, -22.244175399999985 ], [ 166.488248, -22.2441703 ], [ 166.488151599999981, -22.2442058 ], [ 166.488253, -22.2443123 ], [ 166.4882581, -22.2444086 ], [ 166.4883088, -22.244454300000012 ], [ 166.4890188, -22.244920799999981 ], [ 166.490220599999986, -22.244535399999975 ], [ 166.4908697, -22.2440536 ], [ 166.4916709, -22.2436023 ], [ 166.4921223, -22.243556699999967 ], [ 166.492264299999988, -22.243627700000012 ], [ 166.492264299999988, -22.2437697 ], [ 166.492102, -22.2442159 ], [ 166.4918484, -22.2445506 ], [ 166.4916862, -22.2446723 ], [ 166.4915188, -22.244718 ], [ 166.4908596, -22.2447535 ], [ 166.490519799999987, -22.244824499999975 ], [ 166.490418399999982, -22.2448904 ], [ 166.490306799999985, -22.245057699999986 ], [ 166.490266199999979, -22.2452403 ], [ 166.49034229999998, -22.2455293 ], [ 166.490656699999988, -22.245625700000012 ], [ 166.4909458, -22.245772799999987 ], [ 166.49125, -22.245813299999977 ], [ 166.491351499999979, -22.2458691 ], [ 166.4916811, -22.2464573 ], [ 166.4918535, -22.2465537 ], [ 166.492284499999982, -22.246477600000031 ], [ 166.492746, -22.246213900000015 ], [ 166.4930046, -22.24614289999996 ], [ 166.4931771, -22.2461379 ], [ 166.4934915, -22.246234199999979 ], [ 166.4935625, -22.2463407 ], [ 166.493557399999986, -22.246599299999978 ], [ 166.4934154, -22.2467109 ], [ 166.493192300000032, -22.2467312 ], [ 166.492933599999986, -22.2468478 ], [ 166.492796699999985, -22.247162199999977 ], [ 166.4928424, -22.247578100000037 ], [ 166.4932886, -22.2485568 ], [ 166.493420499999985, -22.248678499999968 ], [ 166.49420139999998, -22.248957399999988 ], [ 166.494586799999979, -22.249307300000016 ], [ 166.4949063, -22.2493327 ], [ 166.495256200000028, -22.249226199999988 ], [ 166.495550300000019, -22.249358 ], [ 166.4957278, -22.2496724 ], [ 166.4960777, -22.24999189999998 ], [ 166.4961183, -22.25011869999998 ], [ 166.496158899999983, -22.2502911 ], [ 166.4961284, -22.250499 ], [ 166.4960777, -22.2505903 ], [ 166.495961099999988, -22.2506511 ], [ 166.495525, -22.2508185 ], [ 166.4951954, -22.250854 ], [ 166.495088899999985, -22.2508084 ], [ 166.4947288, -22.2503469 ], [ 166.4943941, -22.250235300000014 ], [ 166.494054399999982, -22.250336700000027 ], [ 166.4939631, -22.2504077 ], [ 166.4935726, -22.250945299999984 ], [ 166.4934509, -22.250990900000016 ], [ 166.4932024, -22.2509098 ], [ 166.4931061, -22.2508388 ], [ 166.4928272, -22.2502049 ], [ 166.492817, -22.249652100000013 ], [ 166.4923758, -22.2492667 ], [ 166.4922896, -22.2487241 ], [ 166.492223699999983, -22.248602399999982 ], [ 166.4919448, -22.248455399999973 ], [ 166.4915442, -22.248480699999988 ], [ 166.491392, -22.2483692 ], [ 166.4914377, -22.2481257 ], [ 166.4915949, -22.247938100000013 ], [ 166.4916354, -22.2476136 ], [ 166.491589799999986, -22.2474868 ], [ 166.491478199999989, -22.24741580000002 ], [ 166.4912348, -22.247050699999985 ], [ 166.4906212, -22.247096299999978 ], [ 166.4903119, -22.246721 ], [ 166.490144499999985, -22.246604400000017 ], [ 166.489683099999979, -22.2466501 ], [ 166.489561399999985, -22.2466247 ], [ 166.489323, -22.246148 ], [ 166.4891405, -22.246001 ], [ 166.488876799999986, -22.2459655 ], [ 166.4886942, -22.246117599999987 ], [ 166.488491399999987, -22.246183499999987 ], [ 166.488004499999988, -22.2459046 ], [ 166.487705300000016, -22.2459553 ], [ 166.4874264, -22.246097299999956 ], [ 166.4872743, -22.2460872 ], [ 166.487208399999986, -22.2460415 ], [ 166.486569399999979, -22.2461379 ], [ 166.486584599999986, -22.246213900000015 ], [ 166.486371599999984, -22.2463052 ], [ 166.4861789, -22.246300100000024 ], [ 166.4857175, -22.246183499999987 ], [ 166.485398, -22.246249399999986 ], [ 166.4848097, -22.2461024 ], [ 166.484840199999979, -22.246193700000038 ], [ 166.4847996, -22.246234199999979 ], [ 166.4849213, -22.2463356 ], [ 166.4853828, -22.246366100000039 ], [ 166.4858341, -22.246614599999983 ], [ 166.4861587, -22.246518199999961 ], [ 166.4863666, -22.246320399999988 ], [ 166.4865542, -22.2462494 ], [ 166.486670799999985, -22.2462545 ], [ 166.48680779999998, -22.246411699999971 ], [ 166.4868128, -22.2466703 ], [ 166.4868686, -22.246802199999969 ], [ 166.4867672, -22.246888399999985 ], [ 166.4863564, -22.2469797 ], [ 166.486047099999979, -22.2472129 ], [ 166.485753, -22.2472332 ], [ 166.485509600000029, -22.2471115 ], [ 166.485377699999987, -22.2474868 ], [ 166.4851191, -22.247674399999973 ], [ 166.484931499999988, -22.2477353 ], [ 166.4846576, -22.2477606 ], [ 166.4839984, -22.2474462 ], [ 166.483775200000025, -22.2474056 ], [ 166.4838665, -22.247496899999984 ], [ 166.4844903, -22.2478265 ], [ 166.484941599999985, -22.2478671 ], [ 166.4851597, -22.2478215 ], [ 166.4854588, -22.247862 ], [ 166.485626199999984, -22.2478418 ], [ 166.485763099999986, -22.24799389999998 ], [ 166.485788499999984, -22.2481004 ], [ 166.4857428, -22.2483032 ], [ 166.485550099999983, -22.2484706 ], [ 166.485423299999979, -22.248485799999987 ], [ 166.4852306, -22.24843 ], [ 166.4852712, -22.248551699999986 ], [ 166.485428400000018, -22.2485517 ], [ 166.485469, -22.248632800000014 ], [ 166.485687, -22.248501 ], [ 166.4863767, -22.2478823 ], [ 166.486584599999986, -22.2477505 ], [ 166.48685340000003, -22.247684599999982 ], [ 166.4875025, -22.247689599999987 ], [ 166.487786500000027, -22.247603400000024 ], [ 166.488019799999989, -22.2475882 ], [ 166.488623200000035, -22.247943199999987 ], [ 166.4891405, -22.248135899999966 ], [ 166.48929769999998, -22.2482931 ], [ 166.489323, -22.2485365 ], [ 166.489252, -22.248830599999987 ], [ 166.4890948, -22.2489777 ], [ 166.4889478, -22.249003 ], [ 166.488248, -22.2488408 ], [ 166.487903099999983, -22.249063899999989 ], [ 166.487766199999982, -22.249094300000031 ], [ 166.487406099999987, -22.248937099999985 ], [ 166.487370699999985, -22.249013200000025 ], [ 166.487467, -22.249363100000014 ], [ 166.4877003, -22.2493327 ], [ 166.4877459, -22.249363100000014 ], [ 166.487477100000035, -22.249474699999976 ], [ 166.487380799999983, -22.2499665 ], [ 166.4872844, -22.25017449999995 ], [ 166.4873098, -22.2502049 ], [ 166.4873402, -22.250215 ], [ 166.4873605, -22.250139 ], [ 166.4877611, -22.249768800000027 ], [ 166.487964, -22.2496572 ], [ 166.488126199999982, -22.2496217 ], [ 166.488460899999978, -22.2496319 ], [ 166.4887804, -22.249550700000022 ], [ 166.489039, -22.2495761 ], [ 166.4893382, -22.249682600000035 ], [ 166.4898048, -22.2496369 ], [ 166.490276400000027, -22.249707899999965 ], [ 166.4906263, -22.249682600000035 ], [ 166.490829099999985, -22.249855 ], [ 166.4908697, -22.2500984 ], [ 166.4907734, -22.250235300000014 ], [ 166.490479199999982, -22.2504077 ], [ 166.490535, -22.250641 ], [ 166.490428499999979, -22.250925 ], [ 166.490144499999985, -22.2510365 ], [ 166.4903474, -22.251112600000017 ], [ 166.4903778, -22.251214 ], [ 166.49028149999998, -22.251234300000053 ], [ 166.490068499999978, -22.251112600000017 ], [ 166.489809799999989, -22.251330700000015 ], [ 166.4897186, -22.2514828 ], [ 166.489612099999988, -22.251518299999979 ], [ 166.4897236, -22.2515183 ], [ 166.489708399999984, -22.2517921 ], [ 166.489622199999985, -22.252005099999984 ], [ 166.489774399999988, -22.2522638 ], [ 166.4898555, -22.2522638 ], [ 166.489946799999984, -22.2521775 ], [ 166.490083699999985, -22.2521877 ], [ 166.490104, -22.2521471 ], [ 166.490271299999989, -22.252131900000027 ], [ 166.4907581, -22.252162299999988 ], [ 166.4913109, -22.252137 ], [ 166.4914427, -22.252182599999969 ], [ 166.491513699999985, -22.252273900000013 ], [ 166.4915239, -22.2527506 ], [ 166.4915949, -22.252461499999967 ], [ 166.491787599999981, -22.252365199999989 ], [ 166.492396099999979, -22.252329700000022 ], [ 166.4932024, -22.252446299999988 ], [ 166.4932988, -22.252497 ], [ 166.4933393, -22.252755699999984 ], [ 166.493608099999989, -22.2530346 ], [ 166.493643599999984, -22.253212099999971 ], [ 166.493856599999987, -22.253349 ], [ 166.4939884, -22.253531500000026 ], [ 166.4939479, -22.2538662 ], [ 166.4938464, -22.2539169 ], [ 166.493856599999987, -22.254190799999972 ], [ 166.4936487, -22.2545052 ], [ 166.493542199999979, -22.254561 ], [ 166.493258199999985, -22.254206 ], [ 166.493131399999982, -22.254135 ], [ 166.492822099999984, -22.2541705 ], [ 166.4925939, -22.2542719 ], [ 166.492497499999985, -22.2543632 ], [ 166.4926294, -22.2543328 ], [ 166.4926446, -22.254378399999986 ], [ 166.492675, -22.2546015 ], [ 166.492609099999981, -22.255017400000021 ], [ 166.492522899999983, -22.2551948 ], [ 166.4923555, -22.2553166 ], [ 166.492223699999983, -22.255341899999973 ], [ 166.492031, -22.255270899999971 ], [ 166.4919194, -22.2551543 ], [ 166.4918839, -22.2548297 ], [ 166.4916304, -22.2546269 ], [ 166.491351499999979, -22.2545255 ], [ 166.4911233, -22.254515300000019 ], [ 166.49102689999998, -22.2545508 ], [ 166.4910979, -22.2546827 ], [ 166.4911233, -22.255012300000029 ], [ 166.4910979, -22.25525569999995 ], [ 166.4910371, -22.2552912 ], [ 166.490930599999984, -22.2556158 ], [ 166.4910878, -22.2558034 ], [ 166.4912703, -22.255884500000015 ], [ 166.491417399999989, -22.256036699999989 ], [ 166.49154919999998, -22.25610260000002 ], [ 166.4921933, -22.2562598 ], [ 166.492959, -22.256376400000015 ], [ 166.4931618, -22.2564474 ], [ 166.493314, -22.256599500000025 ], [ 166.4934154, -22.2566097 ], [ 166.49339, -22.256533599999987 ], [ 166.4934255, -22.2565387 ], [ 166.493527, -22.2568024 ], [ 166.4935371, -22.2570864 ], [ 166.4932531, -22.2580651 ], [ 166.493258199999985, -22.258257800000024 ], [ 166.4933393, -22.2582882 ], [ 166.4933495, -22.258440400000012 ], [ 166.4934053, -22.2585266 ], [ 166.4933748, -22.25856210000002 ], [ 166.4934255, -22.2586381 ], [ 166.4934103, -22.258764899999978 ], [ 166.493303799999978, -22.25877 ], [ 166.4932633, -22.258709100000019 ], [ 166.49315679999998, -22.2586888 ], [ 166.493131399999982, -22.258628 ], [ 166.493101, -22.258663499999987 ], [ 166.493085799999989, -22.2585976 ], [ 166.493009699999988, -22.258602599999989 ], [ 166.493009699999988, -22.25847079999998 ], [ 166.4929742, -22.2584201 ], [ 166.492908299999982, -22.25842010000002 ], [ 166.492908299999982, -22.2583795 ], [ 166.492959, -22.2583136 ], [ 166.4930604, -22.258460599999982 ], [ 166.493009699999988, -22.2583237 ], [ 166.4925685, -22.2578724 ], [ 166.4923758, -22.257847 ], [ 166.4922947, -22.257938300000013 ], [ 166.492142600000022, -22.2578724 ], [ 166.4916862, -22.257989 ], [ 166.4914326, -22.258075200000025 ], [ 166.49125, -22.258232400000011 ], [ 166.4909711, -22.258557 ], [ 166.490682099999987, -22.259003199999981 ], [ 166.490590799999978, -22.25927710000003 ], [ 166.4907734, -22.259383599999946 ], [ 166.4910066, -22.2592669 ], [ 166.491067499999986, -22.2593227 ], [ 166.490996500000023, -22.259403900000013 ], [ 166.490793599999989, -22.259500199999966 ], [ 166.49056539999998, -22.2593481 ], [ 166.490529899999984, -22.259373399999973 ], [ 166.490641499999981, -22.259733500000017 ], [ 166.4906162, -22.259829799999988 ], [ 166.490464, -22.2597893 ], [ 166.489962, -22.2597741 ], [ 166.4895462, -22.2598552 ], [ 166.489089799999988, -22.259885600000029 ], [ 166.488679, -22.2597893 ], [ 166.488623200000035, -22.259682799999975 ], [ 166.488552199999987, -22.2597132 ], [ 166.488602899999989, -22.2595966 ], [ 166.4886435, -22.2596321 ], [ 166.488760099999979, -22.259464700000017 ], [ 166.488821, -22.259211199999982 ], [ 166.488851400000016, -22.258775 ], [ 166.4889021, -22.2587395 ], [ 166.4888159, -22.258557 ], [ 166.488927499999988, -22.258435300000016 ], [ 166.4890644, -22.2584759 ], [ 166.489105, -22.258450500000031 ], [ 166.489312899999987, -22.2581969 ], [ 166.489221599999979, -22.258110700000014 ], [ 166.4891405, -22.25815129999997 ], [ 166.4890086, -22.258125900000024 ], [ 166.4884711, -22.2575935 ], [ 166.48804, -22.257350100000011 ], [ 166.487416299999978, -22.2572385 ], [ 166.4868737, -22.2572791 ], [ 166.4862043, -22.257487 ], [ 166.4860065, -22.257689800000023 ], [ 166.4858696, -22.257918 ], [ 166.4861282, -22.258257800000024 ], [ 166.4860826, -22.2585925 ], [ 166.4859964, -22.2587852 ], [ 166.4859, -22.258851099999966 ], [ 166.485682, -22.2587345 ], [ 166.485590699999989, -22.258754799999977 ], [ 166.485469, -22.2586584 ], [ 166.485276299999981, -22.258653299999985 ], [ 166.4849568, -22.2583896 ], [ 166.4847235, -22.258273 ], [ 166.48445479999998, -22.258252699999986 ], [ 166.484328, -22.2583237 ], [ 166.4838919, -22.2583643 ], [ 166.483881699999984, -22.258252699999986 ], [ 166.4835521, -22.2578927 ], [ 166.48317179999998, -22.257674600000012 ], [ 166.4829842, -22.2571624 ], [ 166.4828574, -22.2570458 ], [ 166.482477, -22.257040699999962 ], [ 166.482451699999984, -22.2569951 ], [ 166.4819192, -22.2571067 ], [ 166.4809253, -22.2575935 ], [ 166.4805297, -22.257750700000013 ], [ 166.4804689, -22.257730399999989 ], [ 166.480184899999983, -22.2574312 ], [ 166.480088599999988, -22.257218199999986 ], [ 166.4801393, -22.2570154 ], [ 166.48005809999998, -22.2568531 ], [ 166.4801393, -22.256685800000014 ], [ 166.480098699999985, -22.25662489999997 ], [ 166.4798959, -22.256584299999968 ], [ 166.4798908, -22.256751699999988 ], [ 166.479835, -22.256822699999983 ], [ 166.479008400000026, -22.2572233 ], [ 166.478841099999983, -22.257339900000016 ], [ 166.4788563, -22.2574515 ], [ 166.478369499999985, -22.257634 ], [ 166.4777609, -22.2579789 ], [ 166.476797399999981, -22.2584251 ], [ 166.4759708, -22.2589627 ], [ 166.4757933, -22.258906899999982 ], [ 166.475828799999988, -22.259054 ], [ 166.4757477, -22.259216200000015 ], [ 166.475129, -22.259845 ], [ 166.474794299999985, -22.2603217 ], [ 166.474627, -22.26068680000002 ], [ 166.4739069, -22.261554 ], [ 166.4739069, -22.262720399999985 ], [ 166.473983, -22.264297499999973 ], [ 166.473912, -22.2645003 ], [ 166.473714199999989, -22.264642299999977 ], [ 166.473699, -22.264703199999968 ], [ 166.473683800000032, -22.264642299999977 ], [ 166.473587399999985, -22.264672700000027 ], [ 166.4723247, -22.2646829 ], [ 166.4723095, -22.2645916 ], [ 166.4722639, -22.264672700000027 ], [ 166.471858199999986, -22.266584500000011 ], [ 166.4718531, -22.266787399999984 ], [ 166.4719393, -22.2672641 ], [ 166.4720154, -22.267411099999986 ], [ 166.4721371, -22.267517600000026 ], [ 166.4720255, -22.2675683 ], [ 166.4723602, -22.267756 ], [ 166.4731462, -22.268592699999985 ], [ 166.473714199999989, -22.2689578 ], [ 166.474231399999979, -22.268623099999989 ], [ 166.47394749999998, -22.268755 ], [ 166.473983, -22.268628199999974 ], [ 166.4740641, -22.268607900000013 ], [ 166.4740894, -22.268536900000022 ], [ 166.4741402, -22.2685825 ], [ 166.4741909, -22.268496299999985 ], [ 166.4743176, -22.2685217 ], [ 166.474322700000016, -22.2685775 ], [ 166.474434299999984, -22.2685369 ], [ 166.4746118, -22.268673799999956 ], [ 166.474703, -22.268547 ], [ 166.474769, -22.268542 ], [ 166.4748501, -22.26863830000001 ], [ 166.4749515, -22.2685724 ], [ 166.4750225, -22.268678900000015 ], [ 166.475078299999979, -22.268673799999942 ], [ 166.47515439999998, -22.268618 ], [ 166.475144199999988, -22.2685369 ], [ 166.4752, -22.2685572 ], [ 166.4754079, -22.2683594 ], [ 166.4755753, -22.268618 ], [ 166.4754586, -22.268678900000015 ], [ 166.4756108, -22.2688817 ], [ 166.4756564, -22.2690237 ], [ 166.475585400000028, -22.269586600000018 ], [ 166.4756361, -22.269612 ], [ 166.475691899999987, -22.269546100000014 ], [ 166.4757122, -22.2696475 ], [ 166.4757731, -22.2696069 ], [ 166.475839, -22.26963730000001 ], [ 166.4759455, -22.2698199 ], [ 166.476366399999989, -22.269992299999963 ], [ 166.476386700000035, -22.270144399999989 ], [ 166.4764779, -22.2701597 ], [ 166.4763968, -22.270327 ], [ 166.4762852, -22.270403100000021 ], [ 166.476335899999981, -22.270403100000021 ], [ 166.4763309, -22.270453800000016 ], [ 166.47603669999998, -22.270453800000016 ], [ 166.475991099999987, -22.270408099999987 ], [ 166.4760418, -22.270215399999977 ], [ 166.475727399999982, -22.270413199999989 ], [ 166.475631099999987, -22.270727600000018 ], [ 166.475615799999986, -22.27116370000001 ], [ 166.475691899999987, -22.27124990000004 ], [ 166.475864299999984, -22.271326 ], [ 166.476685799999984, -22.2715593 ], [ 166.4769191, -22.271752 ], [ 166.477274099999988, -22.2719599 ], [ 166.4774617, -22.272183 ], [ 166.477735599999988, -22.2726901 ], [ 166.4778776, -22.272801699999984 ], [ 166.4778522, -22.2730299 ], [ 166.4779029, -22.2730806 ], [ 166.477994199999983, -22.2730553 ], [ 166.4778015, -22.2733443 ], [ 166.478070299999985, -22.273050200000025 ], [ 166.478217299999983, -22.2729335 ], [ 166.478268, -22.2729386 ], [ 166.478242699999981, -22.273070500000042 ], [ 166.4781159, -22.27315160000002 ], [ 166.478121, -22.2732784 ], [ 166.478516499999984, -22.273744899999983 ], [ 166.478775099999979, -22.273937600000039 ], [ 166.478942499999988, -22.27419630000001 ], [ 166.4791707, -22.27483520000002 ], [ 166.479241699999989, -22.275200299999977 ], [ 166.479236599999979, -22.275479199999985 ], [ 166.479287299999982, -22.2756162 ], [ 166.4795459, -22.275884899999983 ], [ 166.479601699999989, -22.275839299999948 ], [ 166.479637199999985, -22.27589 ], [ 166.4796169, -22.275768299999985 ], [ 166.479687899999988, -22.275854499999987 ], [ 166.479728500000022, -22.275829099999974 ], [ 166.4798451, -22.276077600000015 ], [ 166.4799821, -22.2761537 ], [ 166.4800023, -22.2762653 ], [ 166.480098699999985, -22.276224699999979 ], [ 166.480174799999986, -22.276361600000026 ], [ 166.480560199999985, -22.27657969999996 ], [ 166.4805399, -22.276625299999949 ], [ 166.4806768, -22.276696300000012 ], [ 166.480692, -22.2768028 ], [ 166.480834, -22.2768637 ], [ 166.4808391, -22.2769651 ], [ 166.4809151, -22.277061400000026 ], [ 166.4808391, -22.277102 ], [ 166.480793399999982, -22.2770665 ], [ 166.4808391, -22.2771527 ], [ 166.480742699999979, -22.2772693 ], [ 166.4807275, -22.277325100000013 ], [ 166.4807681, -22.277350500000018 ], [ 166.4806159, -22.2774113 ], [ 166.480707199999983, -22.277492499999987 ], [ 166.480595699999981, -22.2774265 ], [ 166.480560199999985, -22.2775432 ], [ 166.480534799999987, -22.2774773 ], [ 166.4804182, -22.277492500000012 ], [ 166.480321799999984, -22.2775837 ], [ 166.4803015, -22.277533 ], [ 166.480195, -22.2775584 ], [ 166.4799922, -22.277512800000039 ], [ 166.479911099999981, -22.27736059999998 ], [ 166.479698099999979, -22.27729470000002 ], [ 166.479459699999978, -22.277081699999979 ], [ 166.479302500000017, -22.277081699999979 ], [ 166.4790591, -22.2771628 ], [ 166.478754899999984, -22.2773606 ], [ 166.4785267, -22.2776345 ], [ 166.478379599999982, -22.277964099999977 ], [ 166.4784151, -22.277974199999957 ], [ 166.478430299999985, -22.27813650000002 ], [ 166.4784861, -22.2781872 ], [ 166.478582400000022, -22.2785625 ], [ 166.478552, -22.278598 ], [ 166.4785267, -22.2785675 ], [ 166.4785622, -22.278755199999985 ], [ 166.4785013, -22.2788008 ], [ 166.4785216, -22.278917400000026 ], [ 166.478450600000031, -22.278912400000021 ], [ 166.478405, -22.279029 ], [ 166.4784354, -22.279115200000025 ], [ 166.4783745, -22.279069600000014 ], [ 166.478293399999984, -22.279171 ], [ 166.478369499999985, -22.279171 ], [ 166.478369499999985, -22.279211600000032 ], [ 166.4783137, -22.2792065 ], [ 166.4782782, -22.279449899999953 ], [ 166.4783745, -22.2796528 ], [ 166.4785317, -22.279703500000021 ], [ 166.4786991, -22.2798607 ], [ 166.4789121, -22.279886 ], [ 166.47912, -22.2798404 ], [ 166.4791707, -22.279815 ], [ 166.4791707, -22.279739 ], [ 166.4792924, -22.279668 ], [ 166.479449599999981, -22.279744 ], [ 166.479586499999982, -22.279926600000024 ], [ 166.4795916, -22.2800787 ], [ 166.4799161, -22.280509799999979 ], [ 166.479971899999981, -22.2808394 ], [ 166.4803421, -22.281270400000015 ], [ 166.480443499999978, -22.2816508 ], [ 166.480570299999982, -22.2818536 ], [ 166.4806514, -22.2819449 ], [ 166.480671699999988, -22.281934700000011 ], [ 166.4806007, -22.281879 ], [ 166.4807377, -22.2815646 ], [ 166.4807022, -22.2817674 ], [ 166.4807377, -22.2817218 ], [ 166.4808289, -22.281716700000029 ], [ 166.4807884, -22.281879 ], [ 166.4808644, -22.281818100000013 ], [ 166.480844099999985, -22.281919499999969 ], [ 166.4809304, -22.281909399999989 ], [ 166.4809608, -22.2820311 ], [ 166.4810115, -22.281980400000016 ], [ 166.4810014, -22.282132499999989 ], [ 166.481072300000022, -22.282076699999987 ], [ 166.4810774, -22.28217820000004 ], [ 166.481153500000033, -22.2822086 ], [ 166.4811484, -22.2822542 ], [ 166.4811839, -22.2822238 ], [ 166.481209299999989, -22.282249199999978 ], [ 166.4812296, -22.2824368 ], [ 166.4813158, -22.282507799999987 ], [ 166.481331, -22.282766400000021 ], [ 166.481402, -22.2828729 ], [ 166.4813868, -22.2826701 ], [ 166.4814223, -22.2826701 ], [ 166.481493199999989, -22.2828678 ], [ 166.4816099, -22.28302 ], [ 166.4816961, -22.2830605 ], [ 166.48186339999998, -22.283603099999951 ], [ 166.4820004, -22.2837958 ], [ 166.4815592, -22.2838466 ], [ 166.481579499999981, -22.283735 ], [ 166.4813766, -22.283608200000028 ], [ 166.4813715, -22.283456100000013 ], [ 166.481427299999979, -22.2834257 ], [ 166.4814121, -22.283283699999988 ], [ 166.4813715, -22.2833547 ], [ 166.481285300000025, -22.28338 ], [ 166.4805044, -22.283385100000022 ], [ 166.4803523, -22.2834307 ], [ 166.480261, -22.2834814 ], [ 166.4802052, -22.2837046 ], [ 166.480149399999988, -22.2836944 ], [ 166.4800683, -22.2837553 ], [ 166.480048, -22.283821200000013 ], [ 166.4800936, -22.283877 ], [ 166.479961799999984, -22.283882 ], [ 166.479911099999981, -22.2840393 ], [ 166.4796575, -22.283993600000034 ], [ 166.4797691, -22.284095 ], [ 166.4795814, -22.284024 ], [ 166.479241699999989, -22.2838111 ], [ 166.479226499999982, -22.2837553 ], [ 166.479049, -22.2836792 ], [ 166.479008400000026, -22.2837451 ], [ 166.4790439, -22.2838364 ], [ 166.4789323, -22.283755299999989 ], [ 166.4788867, -22.283770499999989 ], [ 166.4788259, -22.283603099999972 ], [ 166.478952599999985, -22.283522 ], [ 166.478765, -22.283395199999962 ], [ 166.4789729, -22.2826244 ], [ 166.478927299999981, -22.2825636 ], [ 166.478678800000012, -22.2825382 ], [ 166.478623, -22.2824875 ], [ 166.47868889999998, -22.282401299999989 ], [ 166.479018599999989, -22.282477399999976 ], [ 166.479191, -22.2817674 ], [ 166.479013499999979, -22.28157980000001 ], [ 166.4786484, -22.281554400000019 ], [ 166.4786737, -22.281493599999987 ], [ 166.4789171, -22.2815037 ], [ 166.4789222, -22.281341399999985 ], [ 166.4788461, -22.281234900000015 ], [ 166.478420199999988, -22.281366800000011 ], [ 166.4781362, -22.2815392 ], [ 166.478034799999989, -22.281524 ], [ 166.4780145, -22.2814429 ], [ 166.4780905, -22.281366800000011 ], [ 166.47879039999998, -22.2811538 ], [ 166.478780199999989, -22.281022 ], [ 166.478836, -22.281001700000022 ], [ 166.4788715, -22.2810828 ], [ 166.478942499999988, -22.2811082 ], [ 166.479576399999985, -22.2808394 ], [ 166.479687899999988, -22.28082920000001 ], [ 166.4797184, -22.28088 ], [ 166.4796474, -22.280935699999976 ], [ 166.4790591, -22.281128399999975 ], [ 166.4789323, -22.2812197 ], [ 166.4790693, -22.2814429 ], [ 166.479074299999979, -22.28157980000001 ], [ 166.479226499999982, -22.2816863 ], [ 166.479262, -22.2815696 ], [ 166.479302500000017, -22.2815595 ], [ 166.47931269999998, -22.281737 ], [ 166.4793583, -22.2817775 ], [ 166.4798046, -22.281884 ], [ 166.479860399999978, -22.2818029 ], [ 166.4799314, -22.2818029 ], [ 166.479911099999981, -22.281884 ], [ 166.479971899999981, -22.281919499999987 ], [ 166.479961799999984, -22.281980400000016 ], [ 166.479875599999986, -22.281990500000031 ], [ 166.479758899999979, -22.282594 ], [ 166.4798908, -22.28258379999998 ], [ 166.4801291, -22.282401299999989 ], [ 166.480220399999979, -22.2820767 ], [ 166.479977, -22.2819855 ], [ 166.4799821, -22.281934700000011 ], [ 166.480220399999979, -22.281884 ], [ 166.4802813, -22.281737 ], [ 166.4802458, -22.281691300000013 ], [ 166.480098699999985, -22.281752200000032 ], [ 166.480007400000034, -22.2817218 ], [ 166.479977, -22.281671099999979 ], [ 166.480007400000034, -22.281488500000016 ], [ 166.479936399999985, -22.281757299999988 ], [ 166.479921199999978, -22.2817877 ], [ 166.479875599999986, -22.2817674 ], [ 166.4799516, -22.281402299999979 ], [ 166.479885699999983, -22.281022 ], [ 166.4798299, -22.280925600000025 ], [ 166.479764, -22.280935699999986 ], [ 166.479698099999979, -22.280809 ], [ 166.479799499999984, -22.280656799999974 ], [ 166.4797792, -22.2805301 ], [ 166.4797082, -22.280403300000025 ], [ 166.479449599999981, -22.2804946 ], [ 166.4793228, -22.2806416 ], [ 166.4791301, -22.2806822 ], [ 166.4789831, -22.2806518 ], [ 166.478901899999983, -22.280525 ], [ 166.4788259, -22.280489500000044 ], [ 166.478557099999989, -22.2805453 ], [ 166.4788106, -22.2808546 ], [ 166.4788106, -22.280981399999977 ], [ 166.478775099999979, -22.2809915 ], [ 166.478694, -22.2808901 ], [ 166.4786484, -22.2807228 ], [ 166.4785013, -22.280606099999975 ], [ 166.478450600000031, -22.280727799999966 ], [ 166.4784151, -22.280727799999951 ], [ 166.47841, -22.280448900000017 ], [ 166.4783644, -22.280357599999949 ], [ 166.4775479, -22.280312 ], [ 166.4773147, -22.2803374 ], [ 166.4772944, -22.2803931 ], [ 166.4773654, -22.280525 ], [ 166.477695, -22.281016899999987 ], [ 166.4776392, -22.2810676 ], [ 166.477522599999986, -22.2809611 ], [ 166.4771676, -22.2803374 ], [ 166.4769952, -22.280312 ], [ 166.4767264, -22.2805656 ], [ 166.4770408, -22.280935699999986 ], [ 166.476985, -22.280966200000027 ], [ 166.4769445, -22.280935699999986 ], [ 166.4766808, -22.280661900000041 ], [ 166.4764729, -22.2807633 ], [ 166.4762294, -22.281022 ], [ 166.4760824, -22.2813262 ], [ 166.47613819999998, -22.2814834 ], [ 166.4759962, -22.281721800000014 ], [ 166.4760114, -22.281909399999989 ], [ 166.47597589999998, -22.281939800000028 ], [ 166.475904899999989, -22.281914500000031 ], [ 166.4757021, -22.2815189 ], [ 166.4755753, -22.281488499999973 ], [ 166.475565099999983, -22.281620300000029 ], [ 166.4755246, -22.281524 ], [ 166.475331899999986, -22.2815392 ], [ 166.475068199999981, -22.2816761 ], [ 166.47469289999998, -22.281995599999981 ], [ 166.474398799999989, -22.2823455 ], [ 166.474094499999978, -22.282837400000027 ], [ 166.4741909, -22.282949 ], [ 166.4741402, -22.28302 ], [ 166.4741655, -22.2831214 ], [ 166.47413, -22.283222799999972 ], [ 166.4742162, -22.283405400000039 ], [ 166.474343, -22.283593 ], [ 166.474860299999989, -22.284019 ], [ 166.474905899999982, -22.284115299999971 ], [ 166.4749363, -22.284303 ], [ 166.4748501, -22.284434799999982 ], [ 166.4747132, -22.2844449 ], [ 166.4742771, -22.28407480000001 ], [ 166.474231399999979, -22.2839683 ], [ 166.4743176, -22.2837806 ], [ 166.4743024, -22.2837147 ], [ 166.4741503, -22.2834713 ], [ 166.47400829999998, -22.283344500000013 ], [ 166.4736077, -22.2832735 ], [ 166.4727101, -22.283319199999987 ], [ 166.4721219, -22.2834459 ], [ 166.4715285, -22.283638600000018 ], [ 166.471275, -22.283892200000025 ], [ 166.471219199999979, -22.284003800000015 ], [ 166.471224299999989, -22.2841559 ], [ 166.471183699999983, -22.2841711 ], [ 166.4711888, -22.2841052 ], [ 166.4710265, -22.284247199999985 ], [ 166.470798299999984, -22.2843486 ], [ 166.4707273, -22.284439900000013 ], [ 166.470326699999987, -22.284597099999971 ], [ 166.4703216, -22.2846478 ], [ 166.469966600000021, -22.2847441 ], [ 166.4698804, -22.28482020000002 ], [ 166.469885500000032, -22.284876 ], [ 166.4695457, -22.2849571 ], [ 166.4694697, -22.285018 ], [ 166.4692871, -22.2850078 ], [ 166.469064, -22.2853577 ], [ 166.469064, -22.2854287 ], [ 166.469018299999988, -22.2854439 ], [ 166.468982899999986, -22.2856012 ], [ 166.468932099999989, -22.2856214 ], [ 166.468957499999988, -22.2857076 ], [ 166.4687141, -22.285844600000019 ], [ 166.468632899999989, -22.28596630000002 ], [ 166.468496, -22.286057500000023 ], [ 166.468790099999978, -22.2863973 ], [ 166.468729299999978, -22.2864379 ], [ 166.46848079999998, -22.2860677 ], [ 166.468394599999982, -22.286164 ], [ 166.468328700000029, -22.286199500000013 ], [ 166.468283, -22.286174200000016 ], [ 166.4682171, -22.2862503 ], [ 166.468196799999987, -22.286179300000025 ], [ 166.4681309, -22.2862148 ], [ 166.4681563, -22.2863466 ], [ 166.4678774, -22.2859815 ], [ 166.4679636, -22.28597639999996 ], [ 166.467983799999985, -22.285930799999971 ], [ 166.467760699999985, -22.2856874 ], [ 166.4676644, -22.285641700000031 ], [ 166.467360099999979, -22.2856366 ], [ 166.4670305, -22.2856924 ], [ 166.4668733, -22.2857736 ], [ 166.466503099999983, -22.285824299999987 ], [ 166.466543699999988, -22.285844600000019 ], [ 166.466503099999983, -22.285915600000017 ], [ 166.466214, -22.285859800000051 ], [ 166.4661228, -22.285798900000025 ], [ 166.466127799999981, -22.285591 ], [ 166.465996, -22.2855555 ], [ 166.465980799999983, -22.2854997 ], [ 166.46603650000003, -22.285474400000012 ], [ 166.4660467, -22.285388199999971 ], [ 166.4660873, -22.285388199999971 ], [ 166.466077099999978, -22.284602100000019 ], [ 166.4661126, -22.284368900000029 ], [ 166.4661988, -22.284247199999985 ], [ 166.4660974, -22.2842725 ], [ 166.466092299999985, -22.284242099999975 ], [ 166.466203899999982, -22.284206600000019 ], [ 166.4661887, -22.2840595 ], [ 166.466244499999988, -22.283948 ], [ 166.466305299999988, -22.2839226 ], [ 166.4663256, -22.2837654 ], [ 166.4665082, -22.2834257 ], [ 166.4665335, -22.2831417 ], [ 166.4663205, -22.282812 ], [ 166.466249500000032, -22.282594 ], [ 166.466416899999984, -22.282649799999987 ], [ 166.4669544, -22.282431700000018 ], [ 166.4670558, -22.282365800000012 ], [ 166.46703549999998, -22.282320200000012 ], [ 166.467066, -22.282355600000013 ], [ 166.4672435, -22.282046300000012 ], [ 166.467360099999979, -22.281995599999981 ], [ 166.4675579, -22.282046300000012 ], [ 166.4677658, -22.282299900000027 ], [ 166.4679382, -22.28228469999997 ], [ 166.4679128, -22.282244099999968 ], [ 166.467948299999989, -22.2822796 ], [ 166.4679788, -22.2822542 ], [ 166.4681918, -22.2820311 ], [ 166.4681613, -22.282005700000017 ], [ 166.468196799999987, -22.282026 ], [ 166.468247500000018, -22.281975300000031 ], [ 166.4682171, -22.28196010000001 ], [ 166.4683236, -22.2818891 ], [ 166.4682526, -22.2818485 ], [ 166.4683236, -22.281863799999989 ], [ 166.4683642, -22.281777499999986 ], [ 166.4683135, -22.2817319 ], [ 166.4683895, -22.2817623 ], [ 166.468435199999988, -22.2816305 ], [ 166.4685467, -22.2815848 ], [ 166.468957499999988, -22.281737 ], [ 166.4689474, -22.2819246 ], [ 166.4691248, -22.2823506 ], [ 166.469135, -22.2825484 ], [ 166.4692263, -22.282619299999983 ], [ 166.469292199999984, -22.282786699999988 ], [ 166.4696928, -22.2826548 ], [ 166.46976890000002, -22.2827157 ], [ 166.4698196, -22.282705599999968 ], [ 166.469986899999981, -22.2826092 ], [ 166.470037599999984, -22.282720799999989 ], [ 166.470412899999985, -22.282558500000036 ], [ 166.4705093, -22.2823151 ], [ 166.470712099999986, -22.2823151 ], [ 166.4707425, -22.2822086 ], [ 166.4709656, -22.281909399999989 ], [ 166.4713308, -22.281524 ], [ 166.4715032, -22.28112839999995 ], [ 166.4711533, -22.281082799999975 ], [ 166.4708896, -22.28111830000001 ], [ 166.470722199999983, -22.281092899999987 ], [ 166.4707324, -22.281022 ], [ 166.471432199999981, -22.281042199999987 ], [ 166.471584299999989, -22.281011800000016 ], [ 166.471848, -22.280712600000026 ], [ 166.4718531, -22.280525 ], [ 166.4719393, -22.2805402 ], [ 166.4720002, -22.2806873 ], [ 166.472192899999982, -22.280601 ], [ 166.472487, -22.280585800000015 ], [ 166.47250219999998, -22.2804083 ], [ 166.471472799999987, -22.280393099999973 ], [ 166.471447399999988, -22.2803374 ], [ 166.472456599999987, -22.2803475 ], [ 166.472527499999984, -22.280306899999989 ], [ 166.4725326, -22.280215599999984 ], [ 166.472441299999986, -22.2798201 ], [ 166.471756699999986, -22.279556400000018 ], [ 166.471594499999981, -22.279536099999966 ], [ 166.4708642, -22.279926600000024 ], [ 166.4710316, -22.280235899999983 ], [ 166.471183699999983, -22.2803678 ], [ 166.4711279, -22.2804388 ], [ 166.4710011, -22.2804083 ], [ 166.4708135, -22.279997600000012 ], [ 166.470747599999982, -22.2799621 ], [ 166.470078199999989, -22.280286599999986 ], [ 166.4698449, -22.280448900000017 ], [ 166.469738399999983, -22.280433699999989 ], [ 166.4697486, -22.280332299999987 ], [ 166.4705194, -22.2800128 ], [ 166.470696899999979, -22.2798911 ], [ 166.470707, -22.2797998 ], [ 166.4704433, -22.2794601 ], [ 166.470473799999979, -22.279348499999969 ], [ 166.470585299999982, -22.279404300000024 ], [ 166.470762799999989, -22.279779499999986 ], [ 166.470859199999978, -22.2798353 ], [ 166.4716502, -22.279444800000036 ], [ 166.4717111, -22.279353599999968 ], [ 166.4718125, -22.2793434 ], [ 166.4718531, -22.2794246 ], [ 166.4717872, -22.2794955 ], [ 166.4725377, -22.2797694 ], [ 166.4726188, -22.279951899999947 ], [ 166.4726138, -22.2802816 ], [ 166.472715199999982, -22.280327200000013 ], [ 166.4729231, -22.2803374 ], [ 166.473450499999984, -22.280063499999986 ], [ 166.4734201, -22.278390099999989 ], [ 166.4734201, -22.278506699999987 ], [ 166.4730702, -22.2784458 ], [ 166.4720103, -22.278658800000013 ], [ 166.4719139, -22.278582800000013 ], [ 166.4718886, -22.278359599999945 ], [ 166.4716655, -22.278237900000011 ], [ 166.47111270000002, -22.278547299999989 ], [ 166.471386599999988, -22.278932699999984 ], [ 166.471422, -22.2791152 ], [ 166.4713663, -22.2791051 ], [ 166.4712446, -22.278963099999981 ], [ 166.4710417, -22.2785625 ], [ 166.470073099999979, -22.279034100000011 ], [ 166.4698551, -22.2790899 ], [ 166.4700478, -22.278932699999984 ], [ 166.4702151, -22.278887 ], [ 166.4709809, -22.27850160000002 ], [ 166.4707527, -22.278095900000011 ], [ 166.470696899999979, -22.2778829 ], [ 166.4707527, -22.277888 ], [ 166.4708693, -22.2780401 ], [ 166.4709403, -22.278232800000019 ], [ 166.4710823, -22.27843569999996 ], [ 166.4719748, -22.2779894 ], [ 166.472045800000018, -22.277766299999989 ], [ 166.4716857, -22.276934600000015 ], [ 166.4715793, -22.276939699999989 ], [ 166.4711786, -22.277117199999982 ], [ 166.4710062, -22.27713750000002 ], [ 166.4711431, -22.277031 ], [ 166.471619799999985, -22.2768434 ], [ 166.4711989, -22.2757886 ], [ 166.471259799999984, -22.2757683 ], [ 166.4713663, -22.2759103 ], [ 166.4717111, -22.276797699999989 ], [ 166.4718277, -22.276797699999989 ], [ 166.472203, -22.2766101 ], [ 166.472487, -22.276559399999979 ], [ 166.4724819, -22.276610099999971 ], [ 166.472390600000011, -22.276670899999989 ], [ 166.471772, -22.276899099999987 ], [ 166.4720965, -22.2777257 ], [ 166.4721878, -22.277690199999952 ], [ 166.4727, -22.276838299999984 ], [ 166.472948399999979, -22.276518800000012 ], [ 166.4728369, -22.2763515 ], [ 166.47286219999998, -22.276229799999985 ], [ 166.472771, -22.2760928 ], [ 166.4726594, -22.275732799999975 ], [ 166.472466699999984, -22.275377799999983 ], [ 166.472132, -22.2755097 ], [ 166.4720965, -22.275428500000025 ], [ 166.4724363, -22.275286499999989 ], [ 166.4719647, -22.2741912 ], [ 166.472055899999987, -22.274150599999974 ], [ 166.4721776, -22.2743281 ], [ 166.472192899999982, -22.274475199999959 ], [ 166.47250219999998, -22.275215499999987 ], [ 166.4726239, -22.275235799999983 ], [ 166.4730042, -22.2750431 ], [ 166.4730702, -22.2747338 ], [ 166.47296369999998, -22.2742977 ], [ 166.47306, -22.274074499999983 ], [ 166.4730093, -22.273968099999969 ], [ 166.473115799999988, -22.2737804 ], [ 166.4731209, -22.273531900000016 ], [ 166.4730347, -22.27332909999998 ], [ 166.4730093, -22.273024800000012 ], [ 166.472705, -22.2729944 ], [ 166.472527499999984, -22.272700300000022 ], [ 166.4725377, -22.272487299999987 ], [ 166.4727811, -22.272325 ], [ 166.47286219999998, -22.2723301 ], [ 166.472877499999981, -22.272254 ], [ 166.4729839, -22.272178 ], [ 166.4725225, -22.2723301 ], [ 166.472684800000025, -22.272061300000015 ], [ 166.472679699999986, -22.2718788 ], [ 166.4727557, -22.2718585 ], [ 166.472847, -22.2716911 ], [ 166.4728217, -22.271528899999961 ], [ 166.472740499999986, -22.27150350000003 ], [ 166.472492099999982, -22.271478099999964 ], [ 166.4722639, -22.271615100000034 ], [ 166.472487, -22.271554200000011 ], [ 166.472634, -22.2715644 ], [ 166.4727355, -22.271665800000026 ], [ 166.4727456, -22.2718179 ], [ 166.472669500000023, -22.2718433 ], [ 166.472639099999981, -22.271706300000016 ], [ 166.4725478, -22.2716455 ], [ 166.472380499999986, -22.271660699999984 ], [ 166.4721219, -22.2718331 ], [ 166.4720357, -22.2715644 ], [ 166.4719849, -22.271539 ], [ 166.472055899999987, -22.2719498 ], [ 166.471832800000016, -22.2725481 ], [ 166.471695899999986, -22.273324 ], [ 166.471619799999985, -22.273466 ], [ 166.4713054, -22.2737652 ], [ 166.4711888, -22.2737956 ], [ 166.471021399999984, -22.273719599999982 ], [ 166.47081860000003, -22.2735015 ], [ 166.4709048, -22.2733646 ], [ 166.4708896, -22.2728321 ], [ 166.470585299999982, -22.2724062 ], [ 166.470199899999983, -22.2717368 ], [ 166.470037599999984, -22.271574499999971 ], [ 166.469981900000022, -22.271371699999971 ], [ 166.469992, -22.2708443 ], [ 166.469890599999985, -22.272051199999986 ], [ 166.4696624, -22.273800699999978 ], [ 166.4698196, -22.2736942 ], [ 166.470240499999989, -22.273668899999965 ], [ 166.47061069999998, -22.2737246 ], [ 166.470702, -22.273841300000012 ], [ 166.4706462, -22.2739376 ], [ 166.470575199999985, -22.2745107 ], [ 166.4704332, -22.2749163 ], [ 166.470179600000023, -22.274850400000016 ], [ 166.4698297, -22.274840300000037 ], [ 166.469550799999979, -22.2745766 ], [ 166.4695711, -22.2742571 ], [ 166.4695356, -22.274556299999972 ], [ 166.4688865, -22.274181 ], [ 166.4692719, -22.27455120000003 ], [ 166.4695204, -22.274667899999969 ], [ 166.46962689999998, -22.274814899999988 ], [ 166.469540699999982, -22.2751344 ], [ 166.4694494, -22.27515469999998 ], [ 166.4695457, -22.275215499999987 ], [ 166.469561, -22.2753271 ], [ 166.469652199999985, -22.2754691 ], [ 166.4696573, -22.2756618 ], [ 166.4696117, -22.2757176 ], [ 166.469353, -22.275671899999988 ], [ 166.4695762, -22.27578350000001 ], [ 166.469403799999981, -22.27618410000002 ], [ 166.469277, -22.2762906 ], [ 166.4691502, -22.2762653 ], [ 166.4692973, -22.276356500000034 ], [ 166.4691705, -22.276529 ], [ 166.4691147, -22.27686370000001 ], [ 166.4692009, -22.277609099999975 ], [ 166.4694494, -22.2788819 ], [ 166.469348, -22.279069600000014 ], [ 166.4692313, -22.2796933 ], [ 166.468957499999988, -22.2803678 ], [ 166.4688155, -22.280596 ], [ 166.4683895, -22.280844500000018 ], [ 166.467735399999981, -22.2800889 ], [ 166.4678926, -22.28088 ], [ 166.46765929999998, -22.2808394 ], [ 166.4673043, -22.2808495 ], [ 166.465818499999983, -22.2805301 ], [ 166.4655041, -22.28049960000001 ], [ 166.4653367, -22.2803881 ], [ 166.4649412, -22.2802664 ], [ 166.4636734, -22.2796933 ], [ 166.462395499999985, -22.279257199999986 ], [ 166.4621419, -22.279236900000019 ], [ 166.4621166, -22.27928260000003 ], [ 166.4621115, -22.279236900000019 ], [ 166.4616196, -22.2792065 ], [ 166.460899499999982, -22.279302799999975 ], [ 166.458582, -22.276534 ], [ 166.4607829, -22.279313 ], [ 166.460701699999987, -22.279384 ], [ 166.4606561, -22.2793637 ], [ 166.4605953, -22.279176100000019 ], [ 166.460488799999979, -22.279201399999987 ], [ 166.4605851, -22.279571600000015 ], [ 166.460463399999981, -22.2796173 ], [ 166.460367100000013, -22.279571600000015 ], [ 166.459819399999986, -22.2798759 ], [ 166.4595608, -22.279860699999979 ], [ 166.4595253, -22.2798911 ], [ 166.4595455, -22.279962099999985 ], [ 166.458582, -22.280844500000018 ], [ 166.458546499999983, -22.281098 ], [ 166.4583843, -22.281341399999985 ], [ 166.458262599999983, -22.281671099999979 ], [ 166.458323399999983, -22.2822948 ], [ 166.4584198, -22.282381 ], [ 166.458622599999984, -22.2828932 ], [ 166.4585617, -22.28302 ], [ 166.4586885, -22.283055500000014 ], [ 166.458784899999984, -22.2831721 ], [ 166.4591906, -22.284642699999988 ], [ 166.4584451, -22.284495699999987 ], [ 166.459109399999988, -22.284698499999987 ], [ 166.459124600000024, -22.284764400000014 ], [ 166.458886299999989, -22.285053500000032 ], [ 166.4580445, -22.2856823 ], [ 166.4577301, -22.2861032 ], [ 166.4576236, -22.2863517 ], [ 166.457466399999987, -22.286412499999983 ], [ 166.457588099999981, -22.2865038 ], [ 166.457613399999985, -22.286595100000024 ], [ 166.457714899999985, -22.287665100000023 ], [ 166.4579684, -22.288055599999964 ], [ 166.4584907, -22.2884308 ], [ 166.4586885, -22.2884156 ], [ 166.458947099999989, -22.288070799999975 ], [ 166.459195599999987, -22.2879136 ], [ 166.4590232, -22.288212799999972 ], [ 166.459008, -22.2887554 ], [ 166.459297099999986, -22.28903429999998 ], [ 166.4594543, -22.2894907 ], [ 166.459393399999982, -22.2912199 ], [ 166.459444099999985, -22.2913568 ], [ 166.4594289, -22.2916865 ], [ 166.4595354, -22.2924421 ], [ 166.4594593, -22.2925841 ], [ 166.4594137, -22.2931013 ], [ 166.459195599999987, -22.293542499999983 ], [ 166.4592413, -22.293618599999981 ], [ 166.4591753, -22.293826500000016 ], [ 166.45865809999998, -22.2948914 ], [ 166.458511, -22.2953275 ], [ 166.458521199999979, -22.295555700000016 ], [ 166.4590283, -22.2963215 ], [ 166.4591906, -22.2967069 ], [ 166.459048599999988, -22.298010100000027 ], [ 166.4589015, -22.2983093 ], [ 166.458612499999987, -22.29869980000004 ], [ 166.458211799999987, -22.298497 ], [ 166.4585516, -22.298786 ], [ 166.4580394, -22.299577099999969 ], [ 166.457674299999979, -22.3004392 ], [ 166.4575171, -22.301062900000026 ], [ 166.457552599999985, -22.301088299999982 ], [ 166.4576489, -22.3017577 ], [ 166.457846700000033, -22.3023561 ], [ 166.4579836, -22.302974700000011 ], [ 166.4581053, -22.3032689 ], [ 166.4583031, -22.303314499999981 ], [ 166.458435, -22.303279 ], [ 166.458485699999983, -22.3031725 ], [ 166.458577, -22.303197900000036 ], [ 166.458597199999986, -22.3032942 ], [ 166.4584907, -22.3034362 ], [ 166.4586885, -22.303776 ], [ 166.4588001, -22.303852 ], [ 166.458896399999986, -22.3037658 ], [ 166.458992800000033, -22.303755700000018 ], [ 166.4589066, -22.303973699999972 ], [ 166.459079, -22.304156300000024 ], [ 166.459363, -22.3043287 ], [ 166.4595151, -22.304186700000024 ], [ 166.4596216, -22.304217199999965 ], [ 166.4596723, -22.30417659999998 ], [ 166.4596368, -22.30407519999995 ], [ 166.4596875, -22.304024399999978 ], [ 166.459778799999981, -22.303659299999989 ], [ 166.459829499999984, -22.3036086 ], [ 166.459870099999989, -22.3036238 ], [ 166.4598092, -22.3040549 ], [ 166.4600121, -22.3044961 ], [ 166.459905599999985, -22.304775 ], [ 166.459930899999989, -22.3048308 ], [ 166.460123600000031, -22.304972699999958 ], [ 166.460351800000012, -22.305064 ], [ 166.4606206, -22.3050488 ], [ 166.4607068, -22.3048612 ], [ 166.460701699999987, -22.304704 ], [ 166.4607474, -22.3046381 ], [ 166.4608691, -22.3046735 ], [ 166.460924899999981, -22.304810500000027 ], [ 166.4608437, -22.3049271 ], [ 166.4607423, -22.3053429 ], [ 166.4606612, -22.305439299999989 ], [ 166.460762599999981, -22.3057334 ], [ 166.4609705, -22.305951499999981 ], [ 166.461269700000031, -22.306007200000025 ], [ 166.4613407, -22.305992 ], [ 166.4612799, -22.305779 ], [ 166.461335599999984, -22.3057131 ], [ 166.4613965, -22.3057233 ], [ 166.4615131, -22.306052899999987 ], [ 166.4621419, -22.3065093 ], [ 166.4621622, -22.306590399999983 ], [ 166.4620507, -22.306732400000026 ], [ 166.461061799999982, -22.306925099999987 ], [ 166.460924899999981, -22.3070418 ], [ 166.460214899999983, -22.307919099999989 ], [ 166.4593782, -22.3090702 ], [ 166.4589674, -22.30941 ], [ 166.458886299999989, -22.3092477 ], [ 166.4587646, -22.309156400000013 ], [ 166.4586885, -22.309242599999955 ], [ 166.458577, -22.3092426 ], [ 166.458511, -22.3093745 ], [ 166.4584198, -22.309389699999983 ], [ 166.4583843, -22.3096229 ], [ 166.4585313, -22.309749700000022 ], [ 166.45871889999998, -22.309699 ], [ 166.458759499999985, -22.3097396 ], [ 166.458947099999989, -22.309754799999979 ], [ 166.4593275, -22.309557 ], [ 166.4593528, -22.3096077 ], [ 166.459109399999988, -22.3097294 ], [ 166.45844, -22.310687899999945 ], [ 166.458222, -22.31070310000004 ], [ 166.4576185, -22.310353200000037 ], [ 166.4570353, -22.310941399999976 ], [ 166.456715900000034, -22.311352199999988 ], [ 166.456330499999979, -22.311651399999985 ], [ 166.4557625, -22.3119151 ], [ 166.4550323, -22.312001299999988 ], [ 166.4546316, -22.311996199999978 ], [ 166.4544085, -22.311940399999958 ], [ 166.4538963, -22.311742699999989 ], [ 166.4533284, -22.311448499999983 ], [ 166.45249160000003, -22.3112457 ], [ 166.4512796, -22.3111848 ], [ 166.4500626, -22.311316699999988 ], [ 166.449996699999986, -22.3113826 ], [ 166.449869899999982, -22.3112812 ], [ 166.449697499999985, -22.3112761 ], [ 166.4489216, -22.3115043 ], [ 166.4487542, -22.311813699999977 ], [ 166.4487289, -22.3119759 ], [ 166.448774499999985, -22.312259899999969 ], [ 166.448713699999985, -22.3124222 ], [ 166.448637599999984, -22.3124932 ], [ 166.448237, -22.3124628 ], [ 166.4481356, -22.3123968 ], [ 166.448125399999981, -22.3122244 ], [ 166.4483486, -22.3116919 ], [ 166.4484601, -22.3111544 ], [ 166.448444900000027, -22.3110581 ], [ 166.4483486, -22.310956599999983 ], [ 166.4483486, -22.31084 ], [ 166.448551399999985, -22.309653399999988 ], [ 166.448541300000016, -22.309095499999984 ], [ 166.44845, -22.3085225 ], [ 166.4480696, -22.307579300000011 ], [ 166.44776539999998, -22.3073004 ], [ 166.447694399999989, -22.306773 ], [ 166.447618299999988, -22.306788199999986 ], [ 166.4475727, -22.30666140000001 ], [ 166.4475879, -22.306565100000032 ], [ 166.447669, -22.3065245 ], [ 166.4474358, -22.306489 ], [ 166.4470757, -22.3065093 ], [ 166.447004699999979, -22.306524499999984 ], [ 166.447009799999989, -22.306631 ], [ 166.4469033, -22.3066563 ], [ 166.446867799999978, -22.3067375 ], [ 166.446822199999986, -22.3067223 ], [ 166.446791700000034, -22.306778100000013 ], [ 166.446634499999988, -22.3066969 ], [ 166.4467867, -22.3065093 ], [ 166.4467765, -22.306453499999989 ], [ 166.446883, -22.306433199999976 ], [ 166.4468982, -22.306499099999986 ], [ 166.4472836, -22.306453499999989 ], [ 166.4472836, -22.3063927 ], [ 166.4472228, -22.3063977 ], [ 166.4472025, -22.306265899999961 ], [ 166.447354599999983, -22.3062507 ], [ 166.4473698, -22.3063825 ], [ 166.447319099999987, -22.306392699999961 ], [ 166.447319099999987, -22.306458599999964 ], [ 166.447679199999982, -22.3064636 ], [ 166.447653799999983, -22.3058145 ], [ 166.447557499999988, -22.3055103 ], [ 166.4474763, -22.305449400000029 ], [ 166.44746619999998, -22.305388600000025 ], [ 166.447664, -22.305292200000043 ], [ 166.4476589, -22.305256700000012 ], [ 166.4474865, -22.305271900000029 ], [ 166.4474003, -22.30496260000001 ], [ 166.4472481, -22.3046837 ], [ 166.446756199999982, -22.304146199999948 ], [ 166.4460463, -22.3036796 ], [ 166.4454834, -22.303415899999987 ], [ 166.445199399999979, -22.303096400000015 ], [ 166.4451943, -22.303309399999982 ], [ 166.4445604, -22.303116700000011 ], [ 166.4439063, -22.3029849 ], [ 166.44346, -22.302949399999974 ], [ 166.443419399999982, -22.3029139 ], [ 166.442329199999989, -22.30284289999997 ], [ 166.4414265, -22.302731299999984 ], [ 166.4406253, -22.3027161 ], [ 166.439540099999988, -22.302822600000013 ], [ 166.439053199999989, -22.302929100000011 ], [ 166.438323, -22.303233400000025 ], [ 166.4373899, -22.30347680000002 ], [ 166.437171899999981, -22.3034869 ], [ 166.436725599999988, -22.3040092 ], [ 166.4366647, -22.303948400000017 ], [ 166.436872699999981, -22.3036847 ], [ 166.436872699999981, -22.303568 ], [ 166.4368017, -22.3034971 ], [ 166.4364416, -22.303415899999987 ], [ 166.4358382, -22.3034261 ], [ 166.4356353, -22.303502099999978 ], [ 166.4356353, -22.303578200000022 ], [ 166.4353463, -22.3035883 ], [ 166.43506739999998, -22.303684700000048 ], [ 166.4350471, -22.3037557 ], [ 166.434991299999979, -22.3037354 ], [ 166.4349761, -22.3037709 ], [ 166.43466669999998, -22.3036543 ], [ 166.4344791, -22.303715100000012 ], [ 166.434367499999979, -22.3036847 ], [ 166.43435740000001, -22.3036137 ], [ 166.4344233, -22.303608600000022 ], [ 166.434519699999981, -22.3035224 ], [ 166.4345501, -22.3034007 ], [ 166.434347299999985, -22.302848 ], [ 166.4344284, -22.3025386 ], [ 166.434697199999988, -22.3021279 ], [ 166.43496589999998, -22.3018946 ], [ 166.4352702, -22.301722200000043 ], [ 166.4360968, -22.3015599 ], [ 166.436827, -22.301641 ], [ 166.437121099999985, -22.301590299999983 ], [ 166.4374406, -22.301362099999956 ], [ 166.4377145, -22.301002099999987 ], [ 166.4380339, -22.3003783 ], [ 166.4381354, -22.3000741 ], [ 166.4382824, -22.299115600000015 ], [ 166.438292599999983, -22.2984665 ], [ 166.438226599999979, -22.297858 ], [ 166.438267199999984, -22.297822500000013 ], [ 166.438170899999989, -22.2972647 ], [ 166.438039, -22.29683870000002 ], [ 166.4377297, -22.2961795 ], [ 166.437455799999981, -22.295799099999986 ], [ 166.4367459, -22.2952464 ], [ 166.435914200000013, -22.294845800000029 ], [ 166.43561, -22.2947393 ], [ 166.4353716, -22.2947393 ], [ 166.435118099999983, -22.2948407 ], [ 166.4348848, -22.295018199999973 ], [ 166.4344233, -22.2951145 ], [ 166.4340937, -22.2950486 ], [ 166.434032799999983, -22.2950689 ], [ 166.4337387, -22.2949675 ], [ 166.433698199999981, -22.294997899999974 ], [ 166.433165699999989, -22.294759600000038 ], [ 166.4323645, -22.2946074 ], [ 166.432176799999979, -22.2944756 ], [ 166.431918199999984, -22.294135800000031 ], [ 166.4314415, -22.293943100000018 ], [ 166.4307417, -22.293856900000023 ], [ 166.430660599999982, -22.293806200000024 ], [ 166.4306809, -22.2936896 ], [ 166.430838099999988, -22.2936693 ], [ 166.4313908, -22.2937403 ], [ 166.432339099999979, -22.29296440000002 ], [ 166.432704200000018, -22.292852800000016 ], [ 166.43392129999998, -22.29301 ], [ 166.4346262, -22.2930151 ], [ 166.43496589999998, -22.2929745 ], [ 166.4350369, -22.2930912 ], [ 166.4349609, -22.29283250000001 ], [ 166.4353006, -22.292675299999971 ], [ 166.435356399999989, -22.2927768 ], [ 166.43540710000002, -22.2927615 ], [ 166.43561, -22.2926703 ], [ 166.435691099999985, -22.292584099999981 ], [ 166.4357469, -22.2925891 ], [ 166.4359294, -22.2924421 ], [ 166.4360613, -22.292259500000011 ], [ 166.4362438, -22.291848700000021 ], [ 166.436365599999988, -22.29171180000003 ], [ 166.4355491, -22.291280800000017 ], [ 166.435513599999979, -22.291255400000022 ], [ 166.435544, -22.2912047 ], [ 166.436375699999985, -22.291640800000014 ], [ 166.436436499999985, -22.2916256 ], [ 166.4365684, -22.291478599999987 ], [ 166.436406100000028, -22.291225 ], [ 166.4363554, -22.29100190000003 ], [ 166.436411199999981, -22.2909613 ], [ 166.4366292, -22.291493800000026 ], [ 166.436487299999982, -22.2916865 ], [ 166.436152599999986, -22.2926196 ], [ 166.436396, -22.292822400000013 ], [ 166.4369284, -22.2920262 ], [ 166.436411199999981, -22.292837600000034 ], [ 166.4366394, -22.2930455 ], [ 166.4371313, -22.2923254 ], [ 166.436659699999979, -22.293065800000022 ], [ 166.4367307, -22.2931267 ], [ 166.4369031, -22.293243300000032 ], [ 166.437410199999988, -22.292634799999977 ], [ 166.4369437, -22.293238200000012 ], [ 166.4372074, -22.2933751 ], [ 166.437283399999984, -22.2934614 ], [ 166.437795599999987, -22.292923800000015 ], [ 166.4372986, -22.2934715 ], [ 166.4375268, -22.2936743 ], [ 166.43811, -22.293162199999987 ], [ 166.437542, -22.2936896 ], [ 166.437719499999986, -22.293862 ], [ 166.4382824, -22.2933549 ], [ 166.4377347, -22.293872100000019 ], [ 166.437826, -22.293953199999965 ], [ 166.437881799999985, -22.29410540000001 ], [ 166.4386729, -22.293400500000018 ], [ 166.438901099999981, -22.2929796 ], [ 166.4387084, -22.2928376 ], [ 166.438343299999985, -22.2932332 ], [ 166.438693199999989, -22.2928275 ], [ 166.438642499999986, -22.2928021 ], [ 166.4388605, -22.292548599999989 ], [ 166.4386729, -22.2924167 ], [ 166.43811, -22.293030299999963 ], [ 166.4386577, -22.2924066 ], [ 166.4385106, -22.2923001 ], [ 166.438404100000014, -22.292366 ], [ 166.4384954, -22.2922899 ], [ 166.4384599, -22.292259500000036 ], [ 166.4383585, -22.2923356 ], [ 166.438439599999981, -22.2922494 ], [ 166.4382976, -22.292153 ], [ 166.43776520000003, -22.2927058 ], [ 166.4382824, -22.2921429 ], [ 166.4379984, -22.29194 ], [ 166.4374305, -22.292472499999981 ], [ 166.4379832, -22.291929900000021 ], [ 166.4377246, -22.291727 ], [ 166.4371617, -22.29212769999998 ], [ 166.4377145, -22.291711800000016 ], [ 166.437506499999984, -22.2913923 ], [ 166.436923399999984, -22.291777699999983 ], [ 166.437496399999986, -22.291377099999981 ], [ 166.4372783, -22.2910526 ], [ 166.436751, -22.291331499999973 ], [ 166.4372682, -22.2910323 ], [ 166.437024799999989, -22.290682400000026 ], [ 166.43657349999998, -22.2909106 ], [ 166.4370147, -22.290662099999977 ], [ 166.4368017, -22.2903325 ], [ 166.4369437, -22.290155 ], [ 166.436685, -22.2900029 ], [ 166.4364163, -22.2903274 ], [ 166.4364822, -22.2903984 ], [ 166.436401, -22.290347699999977 ], [ 166.4363148, -22.2904491 ], [ 166.4363808, -22.290520099999974 ], [ 166.436299599999984, -22.2904745 ], [ 166.436203299999988, -22.2905911 ], [ 166.4362793, -22.290662099999977 ], [ 166.436137399999978, -22.290565799999985 ], [ 166.436188099999981, -22.290575899999979 ], [ 166.436238799999984, -22.290515 ], [ 166.4361678, -22.290454199999978 ], [ 166.436254, -22.29049979999996 ], [ 166.436299599999984, -22.290444 ], [ 166.4362286, -22.2903832 ], [ 166.4363148, -22.29042380000001 ], [ 166.4365278, -22.2901651 ], [ 166.436487299999982, -22.290114400000011 ], [ 166.436538, -22.290144900000026 ], [ 166.4365684, -22.2901094 ], [ 166.436497399999979, -22.290053599999986 ], [ 166.4365836, -22.2900941 ], [ 166.4366698, -22.289992699999985 ], [ 166.4365329, -22.2898304 ], [ 166.436401, -22.289749299999968 ], [ 166.4363148, -22.2898 ], [ 166.43597, -22.290226 ], [ 166.4358737, -22.2904136 ], [ 166.4361323, -22.2908497 ], [ 166.4360714, -22.290880199999975 ], [ 166.435828, -22.290428799999983 ], [ 166.4356962, -22.2903528 ], [ 166.435701200000011, -22.290256399999976 ], [ 166.436811799999987, -22.2889379 ], [ 166.4369132, -22.288841599999987 ], [ 166.437070399999982, -22.288811199999984 ], [ 166.4384498, -22.28882129999996 ], [ 166.4387135, -22.288750299999986 ], [ 166.4387743, -22.288801 ], [ 166.4387845, -22.2888923 ], [ 166.4387591, -22.288943 ], [ 166.438601899999981, -22.2889684 ], [ 166.4369944, -22.288973400000021 ], [ 166.436538, -22.2895211 ], [ 166.4364315, -22.2897087 ], [ 166.4368422, -22.2899826 ], [ 166.4371414, -22.2899877 ], [ 166.4371414, -22.289232099999971 ], [ 166.4370552, -22.289216799999988 ], [ 166.437253, -22.289216799999988 ], [ 166.4371668, -22.2892321 ], [ 166.4371617, -22.2899877 ], [ 166.4375674, -22.2899826 ], [ 166.4375674, -22.289227 ], [ 166.437481199999979, -22.289211799999961 ], [ 166.437679, -22.289216799999988 ], [ 166.4375928, -22.289227 ], [ 166.4375877, -22.2899826 ], [ 166.4380339, -22.289982599999977 ], [ 166.4380289, -22.2892321 ], [ 166.437932499999988, -22.289227 ], [ 166.4381506, -22.289216799999988 ], [ 166.4380593, -22.2892321 ], [ 166.4380492, -22.2899826 ], [ 166.4385968, -22.289982599999977 ], [ 166.4385968, -22.2892726 ], [ 166.438480199999987, -22.2892726 ], [ 166.438738799999982, -22.2892523 ], [ 166.438627299999979, -22.2892726 ], [ 166.438617100000016, -22.289982599999977 ], [ 166.439251, -22.2900079 ], [ 166.4392662, -22.2890039 ], [ 166.439164799999986, -22.288963300000017 ], [ 166.439154699999989, -22.2888923 ], [ 166.439418400000022, -22.288461300000012 ], [ 166.4394589, -22.2885018 ], [ 166.439560299999982, -22.2884714 ], [ 166.439677, -22.2885018 ], [ 166.4396922, -22.289627599999964 ], [ 166.440194199999979, -22.2897138 ], [ 166.440260199999983, -22.289658 ], [ 166.4403666, -22.289389300000025 ], [ 166.4399914, -22.28920669999998 ], [ 166.4399153, -22.2893081 ], [ 166.440011699999985, -22.289110400000027 ], [ 166.4399965, -22.289191499999955 ], [ 166.440397099999984, -22.289338600000011 ], [ 166.4405289, -22.289090100000017 ], [ 166.440158699999984, -22.288907499999976 ], [ 166.4405289, -22.2890647 ], [ 166.4405796, -22.289008900000038 ], [ 166.4405746, -22.288902400000012 ], [ 166.440179, -22.288735099999982 ], [ 166.4403007, -22.2884765 ], [ 166.4413504, -22.288937900000025 ], [ 166.441730799999988, -22.288872 ], [ 166.4417815, -22.2890241 ], [ 166.441730799999988, -22.289029200000023 ], [ 166.4417257, -22.2891205 ], [ 166.4419438, -22.289526199999976 ], [ 166.442177, -22.28969860000003 ], [ 166.442450899999983, -22.2896935 ], [ 166.4435767, -22.288694500000013 ], [ 166.4441497, -22.2880201 ], [ 166.444185200000021, -22.287670200000019 ], [ 166.444119299999983, -22.2868588 ], [ 166.444367699999987, -22.2857634 ], [ 166.444281499999988, -22.284597099999971 ], [ 166.4443221, -22.284566599999987 ], [ 166.4441345, -22.284333399999984 ], [ 166.4436882, -22.2841052 ], [ 166.4436375, -22.2841812 ], [ 166.44360709999998, -22.284166 ], [ 166.4436426, -22.284110199999962 ], [ 166.443596900000017, -22.28407480000001 ], [ 166.443307899999979, -22.2840139 ], [ 166.4432318, -22.2839328 ], [ 166.4432318, -22.284019 ], [ 166.4430442, -22.283983499999984 ], [ 166.4429073, -22.284008799999985 ], [ 166.4429022, -22.284287700000011 ], [ 166.4429326, -22.2843587 ], [ 166.443029, -22.2843942 ], [ 166.4430188, -22.284505800000019 ], [ 166.442937699999987, -22.2845311 ], [ 166.4429884, -22.2846376 ], [ 166.4424813, -22.2855961 ], [ 166.440696299999985, -22.286108300000045 ], [ 166.4406811, -22.2860677 ], [ 166.442476199999987, -22.2855504 ], [ 166.442937699999987, -22.284652900000022 ], [ 166.4424712, -22.284586900000015 ], [ 166.4420452, -22.2854237 ], [ 166.442014799999981, -22.2854135 ], [ 166.4424407, -22.2845819 ], [ 166.442065499999984, -22.284521 ], [ 166.4415381, -22.2854845 ], [ 166.442035, -22.284510899999962 ], [ 166.44161410000001, -22.2844551 ], [ 166.4410107, -22.2856417 ], [ 166.440980199999984, -22.285626500000021 ], [ 166.4415837, -22.284455100000013 ], [ 166.4410614, -22.2844551 ], [ 166.4405289, -22.2854896 ], [ 166.44049339999998, -22.2854794 ], [ 166.44101569999998, -22.284455100000013 ], [ 166.4406354, -22.284480399999961 ], [ 166.440457899999984, -22.284404399999957 ], [ 166.440042100000028, -22.2852259 ], [ 166.4400167, -22.285210699999983 ], [ 166.4404376, -22.2843942 ], [ 166.4399762, -22.284166 ], [ 166.439575599999984, -22.2846376 ], [ 166.4394691, -22.2848608 ], [ 166.43944879999998, -22.2850484 ], [ 166.439499499999982, -22.2852208 ], [ 166.439611099999979, -22.285367899999976 ], [ 166.440097899999984, -22.285733 ], [ 166.4402906, -22.285793900000012 ], [ 166.4403007, -22.285925700000035 ], [ 166.4402044, -22.2859916 ], [ 166.440062399999988, -22.2859358 ], [ 166.440011699999985, -22.285829399999987 ], [ 166.439423399999981, -22.285393199999987 ], [ 166.4392814, -22.2850484 ], [ 166.439276399999983, -22.284911500000021 ], [ 166.4393676, -22.2846376 ], [ 166.4397936, -22.2840697 ], [ 166.4398139, -22.283735 ], [ 166.439413299999984, -22.2837908 ], [ 166.4389569, -22.283658899999985 ], [ 166.4385968, -22.283750200000018 ], [ 166.438165799999979, -22.2837198 ], [ 166.437892, -22.28361839999998 ], [ 166.437486299999989, -22.2832634 ], [ 166.4366394, -22.282812 ], [ 166.4363199, -22.282741099999988 ], [ 166.4355491, -22.282746100000022 ], [ 166.4351383, -22.282943899999967 ], [ 166.43496589999998, -22.283156900000016 ], [ 166.435062300000027, -22.283232899999977 ], [ 166.435042, -22.283258300000011 ], [ 166.4349609, -22.283197500000011 ], [ 166.43490509999998, -22.2833039 ], [ 166.4348239, -22.2835575 ], [ 166.4348594, -22.283658899999985 ], [ 166.434829, -22.283714700000022 ], [ 166.4347732, -22.283689300000052 ], [ 166.434818899999982, -22.2837248 ], [ 166.434494299999983, -22.2834865 ], [ 166.4342509, -22.2837553 ], [ 166.434256, -22.28381610000001 ], [ 166.434347299999985, -22.2838973 ], [ 166.434631199999984, -22.283613299999985 ], [ 166.43435740000001, -22.2839125 ], [ 166.43460589999998, -22.284155899999988 ], [ 166.4346769, -22.284166 ], [ 166.4349609, -22.283871899999962 ], [ 166.4348746, -22.283775599999974 ], [ 166.4349456, -22.283841499999962 ], [ 166.4349862, -22.283851599999988 ], [ 166.4349101, -22.2837603 ], [ 166.435016599999983, -22.2838415 ], [ 166.434656599999983, -22.2842218 ], [ 166.4344994, -22.284221800000033 ], [ 166.4342661, -22.28407480000001 ], [ 166.4339416, -22.284024 ], [ 166.433500399999986, -22.2841305 ], [ 166.433485199999978, -22.2842218 ], [ 166.433262, -22.284155899999952 ], [ 166.433211300000011, -22.2842167 ], [ 166.432790399999988, -22.2840697 ], [ 166.432729599999988, -22.284110199999962 ], [ 166.4325217, -22.2839226 ], [ 166.432389799999982, -22.283689300000052 ], [ 166.432354299999986, -22.283709600000012 ], [ 166.432379699999984, -22.283658899999985 ], [ 166.43231369999998, -22.2834713 ], [ 166.4322985, -22.283283699999988 ], [ 166.4323847, -22.2828678 ], [ 166.432851299999982, -22.2822339 ], [ 166.433196100000032, -22.281884 ], [ 166.433449699999983, -22.281402299999979 ], [ 166.433809699999983, -22.2810372 ], [ 166.433759, -22.28101180000003 ], [ 166.4337894, -22.28094590000001 ], [ 166.433835099999982, -22.280986500000029 ], [ 166.4338706, -22.280951 ], [ 166.4338148, -22.2808191 ], [ 166.43368289999998, -22.2809155 ], [ 166.4336322, -22.280854599999987 ], [ 166.4338148, -22.2807177 ], [ 166.4339061, -22.2809155 ], [ 166.434012599999988, -22.280869799999966 ], [ 166.434012599999988, -22.2807633 ], [ 166.4340633, -22.280778499999986 ], [ 166.4340531, -22.280869799999966 ], [ 166.434195099999982, -22.2808546 ], [ 166.4341241, -22.2806467 ], [ 166.4341546, -22.2806416 ], [ 166.434220499999981, -22.2808546 ], [ 166.434611, -22.2807228 ], [ 166.4346515, -22.280793799999987 ], [ 166.435143399999987, -22.2805453 ], [ 166.4352499, -22.280454 ], [ 166.4351738, -22.2802968 ], [ 166.4351586, -22.280215599999984 ], [ 166.435194100000018, -22.2802004 ], [ 166.435062300000027, -22.280038200000011 ], [ 166.4349456, -22.279972199999978 ], [ 166.43490509999998, -22.279815 ], [ 166.4349355, -22.279739 ], [ 166.4362337, -22.27890219999998 ], [ 166.436401, -22.2788414 ], [ 166.4363554, -22.278755199999985 ], [ 166.436401, -22.278724700000033 ], [ 166.435990299999986, -22.278126400000026 ], [ 166.435899, -22.2778424 ], [ 166.43597, -22.27750260000002 ], [ 166.4363148, -22.276670899999989 ], [ 166.436467, -22.276645599999981 ], [ 166.436538, -22.276782499999989 ], [ 166.436467, -22.276878900000018 ], [ 166.436385799999982, -22.276894099999978 ], [ 166.4363301, -22.277031 ], [ 166.4363909, -22.2770969 ], [ 166.4362844, -22.2773758 ], [ 166.43617279999998, -22.277380900000015 ], [ 166.436051099999986, -22.2777156 ], [ 166.436066399999987, -22.277923499999979 ], [ 166.4367307, -22.2788667 ], [ 166.436761099999984, -22.278846400000013 ], [ 166.4369082, -22.2791152 ], [ 166.437019699999979, -22.2790544 ], [ 166.437060300000013, -22.2791152 ], [ 166.437171899999981, -22.2790493 ], [ 166.436411199999981, -22.2779641 ], [ 166.436436499999985, -22.2779489 ], [ 166.4371414, -22.2789783 ], [ 166.4376536, -22.278674 ], [ 166.436963900000023, -22.277695299999987 ], [ 166.4369944, -22.277675 ], [ 166.4377855, -22.2788262 ], [ 166.438094799999988, -22.2786385 ], [ 166.4372631, -22.277431599999979 ], [ 166.4382114, -22.278765300000032 ], [ 166.438515699999982, -22.2785777 ], [ 166.4376638, -22.2773708 ], [ 166.438525799999979, -22.2785726 ], [ 166.438840199999987, -22.2783799 ], [ 166.43811, -22.2773048 ], [ 166.438855499999988, -22.278369800000021 ], [ 166.439164799999986, -22.278182099999988 ], [ 166.438525799999979, -22.277238900000022 ], [ 166.439251, -22.2782633 ], [ 166.4395553, -22.2780807 ], [ 166.4389467, -22.2771831 ], [ 166.4395705, -22.278070599999964 ], [ 166.439961, -22.27783220000001 ], [ 166.4393981, -22.2770361 ], [ 166.4399762, -22.277827200000011 ], [ 166.440447799999987, -22.2775381 ], [ 166.439834199999979, -22.2766101 ], [ 166.440463, -22.277528 ], [ 166.4410665, -22.277193300000011 ], [ 166.4409143, -22.2772541 ], [ 166.441036, -22.277162799999982 ], [ 166.4410259, -22.2770361 ], [ 166.4407977, -22.277031 ], [ 166.4410259, -22.277020900000011 ], [ 166.4410107, -22.276858600000015 ], [ 166.4407875, -22.276889 ], [ 166.4410107, -22.2768484 ], [ 166.440995499999985, -22.2766811 ], [ 166.440655699999979, -22.276691199999984 ], [ 166.440995499999985, -22.276670899999989 ], [ 166.440980199999984, -22.276503600000012 ], [ 166.4406405, -22.276513700000013 ], [ 166.440980199999984, -22.276488400000012 ], [ 166.440965, -22.276326100000013 ], [ 166.4407419, -22.2763515 ], [ 166.440965, -22.2763109 ], [ 166.4409498, -22.2761486 ], [ 166.440889, -22.276153699999963 ], [ 166.440894, -22.2762044 ], [ 166.4404782, -22.2757886 ], [ 166.440523899999988, -22.275753099999978 ], [ 166.440706399999982, -22.2759661 ], [ 166.4409346, -22.2759559 ], [ 166.4409245, -22.275864599999981 ], [ 166.440807799999988, -22.2758139 ], [ 166.44079259999998, -22.2756415 ], [ 166.4408991, -22.275570499999986 ], [ 166.440457899999984, -22.2749721 ], [ 166.4393068, -22.2750076 ], [ 166.439322, -22.275164800000024 ], [ 166.439661799999982, -22.275139500000023 ], [ 166.4396668, -22.275169900000012 ], [ 166.439327099999986, -22.275190199999958 ], [ 166.439377799999988, -22.275819 ], [ 166.439301699999987, -22.2758241 ], [ 166.4393068, -22.2758748 ], [ 166.437704299999979, -22.2760168 ], [ 166.4376992, -22.275971099999989 ], [ 166.4375877, -22.2759762 ], [ 166.436213399999986, -22.276113100000021 ], [ 166.436066399999987, -22.27621450000002 ], [ 166.435975099999979, -22.276397100000015 ], [ 166.4358331, -22.276392 ], [ 166.435777299999984, -22.276331199999948 ], [ 166.435802699999982, -22.27618410000002 ], [ 166.4360106, -22.2759965 ], [ 166.437633299999987, -22.275854499999987 ], [ 166.438018699999986, -22.2748403 ], [ 166.4379122, -22.274657699999977 ], [ 166.438054199999982, -22.274591799999989 ], [ 166.4372175, -22.273136399999967 ], [ 166.437111, -22.2719244 ], [ 166.4370147, -22.271899 ], [ 166.436933499999981, -22.270976099999984 ], [ 166.437024799999989, -22.2709305 ], [ 166.4368777, -22.26928740000001 ], [ 166.4370147, -22.2691252 ], [ 166.4369538, -22.2683645 ], [ 166.4343878, -22.268369599999971 ], [ 166.4342306, -22.268405100000017 ], [ 166.4342103, -22.268592699999985 ], [ 166.4335562, -22.2685825 ], [ 166.4335308, -22.268455799999984 ], [ 166.433561199999986, -22.268435499999985 ], [ 166.4334953, -22.268364500000043 ], [ 166.433409100000034, -22.26835429999997 ], [ 166.427283200000034, -22.2683949 ], [ 166.42711079999998, -22.2683696 ], [ 166.4269435, -22.2682884 ], [ 166.4265733, -22.268024700000026 ], [ 166.426365299999986, -22.2681312 ] ], [ [ 166.4348239, -22.243358900000015 ], [ 166.434879699999982, -22.243556699999967 ], [ 166.43490509999998, -22.243582 ], [ 166.434879699999982, -22.243475499999988 ], [ 166.4348239, -22.243358900000015 ] ], [ [ 166.484084600000017, -22.230321099999959 ], [ 166.484267099999983, -22.2304276 ], [ 166.484170799999987, -22.230341399999986 ], [ 166.484180745367297, -22.230298259836285 ], [ 166.484084600000017, -22.230321099999959 ] ], [ [ 166.481402, -22.231168 ], [ 166.48162, -22.2314469 ], [ 166.4815389, -22.231137600000022 ], [ 166.4814882, -22.231168 ], [ 166.481331, -22.2311477 ], [ 166.481402, -22.231168 ] ], [ [ 166.4806058, -22.242572900000017 ], [ 166.480560199999985, -22.2424968 ], [ 166.48049461787474, -22.242424197874481 ], [ 166.4804993, -22.242633699999978 ], [ 166.4806058, -22.242572900000017 ] ], [ [ 166.478795400000024, -22.2399055 ], [ 166.47810579999998, -22.2399613 ], [ 166.4775986, -22.2399866 ], [ 166.4777609, -22.2399917 ], [ 166.478795400000024, -22.2399055 ] ], [ [ 166.477532700000012, -22.2264874 ], [ 166.477309599999984, -22.226355500000011 ], [ 166.4774668, -22.2265026 ], [ 166.477796399999988, -22.2271111 ], [ 166.4776037, -22.22647219999995 ], [ 166.477532700000012, -22.2264874 ] ], [ [ 166.4709149, -22.2371316 ], [ 166.470549799999986, -22.2368882 ], [ 166.4709656, -22.237167100000018 ], [ 166.4709149, -22.2371316 ] ], [ [ 166.469162477168936, -22.246507426997017 ], [ 166.469119799999987, -22.246721 ], [ 166.469216099999983, -22.2466653 ], [ 166.469162477168936, -22.246507426997017 ] ], [ [ 166.468491, -22.255418 ], [ 166.468146099999984, -22.2549413 ], [ 166.4681309, -22.2553166 ], [ 166.468369199999984, -22.255524500000011 ], [ 166.4684859, -22.255448400000024 ], [ 166.4692364, -22.2556158 ], [ 166.468491, -22.255418 ] ], [ [ 166.4681867, -22.274074500000015 ], [ 166.468146099999984, -22.2740796 ], [ 166.468196799999987, -22.2741658 ], [ 166.4681867, -22.274074500000015 ] ], [ [ 166.4680701, -22.24555980000002 ], [ 166.4678621, -22.245346800000018 ], [ 166.4679686, -22.245509100000032 ], [ 166.4680701, -22.24555980000002 ] ], [ [ 166.4668733, -22.2443528 ], [ 166.466743780403391, -22.244139513501555 ], [ 166.4665082, -22.244535399999975 ], [ 166.4666552, -22.2444391 ], [ 166.4669798, -22.2443985 ], [ 166.4668733, -22.2443528 ] ], [ [ 166.4657019, -22.255950400000014 ], [ 166.4661126, -22.2559707 ], [ 166.466366199999982, -22.255595500000013 ], [ 166.4661126, -22.255778 ], [ 166.4657019, -22.255950400000014 ] ], [ [ 166.4659402, -22.233668 ], [ 166.465859099999989, -22.2337188 ], [ 166.46570778526484, -22.233919814641339 ], [ 166.4659402, -22.233668 ] ], [ [ 166.4657221, -22.2772998 ], [ 166.464773799999989, -22.277426500000029 ], [ 166.4646572, -22.2774975 ], [ 166.46494629999998, -22.277502599999988 ], [ 166.465002, -22.277431599999979 ], [ 166.4657221, -22.2772998 ] ], [ [ 166.4647028, -22.2670105 ], [ 166.4644696, -22.2671829 ], [ 166.465002, -22.267066299999975 ], [ 166.464672399999984, -22.267117 ], [ 166.4647028, -22.2670105 ] ], [ [ 166.463748614809703, -22.26978095813703 ], [ 166.463602399999985, -22.2691911 ], [ 166.4636328, -22.269328 ], [ 166.463748614809703, -22.26978095813703 ] ], [ [ 166.4631511, -22.2673959 ], [ 166.463217, -22.2672539 ], [ 166.463140899999985, -22.267253900000039 ], [ 166.4631511, -22.2673959 ] ], [ [ 166.4631714, -22.2675734 ], [ 166.463156199999986, -22.267522699999958 ], [ 166.463040190299296, -22.267548132931271 ], [ 166.4631714, -22.2675734 ] ], [ [ 166.462385399999988, -22.2543936 ], [ 166.4624259, -22.2542466 ], [ 166.462517199999979, -22.2540691 ], [ 166.462446199999988, -22.2542009 ], [ 166.46235489999998, -22.254160300000038 ], [ 166.462385399999988, -22.2543936 ] ], [ [ 166.4619442, -22.244357900000011 ], [ 166.4586632, -22.244357900000011 ], [ 166.458460299999984, -22.2440587 ], [ 166.4586023, -22.245402599999981 ], [ 166.458612499999987, -22.2452758 ], [ 166.4619442, -22.244357900000011 ] ], [ [ 166.4586175, -22.2684456 ], [ 166.4586074, -22.2683696 ], [ 166.458364, -22.26821739999998 ], [ 166.458500900000018, -22.268303599999989 ], [ 166.4586175, -22.2684456 ] ], [ [ 166.456728714222919, -22.24779358276874 ], [ 166.456847700000026, -22.2477302 ], [ 166.4567514, -22.2477809 ], [ 166.456728714222919, -22.24779358276874 ] ], [ [ 166.456629699999979, -22.297589200000036 ], [ 166.456655, -22.297497900000014 ], [ 166.4566144, -22.2975233 ], [ 166.45646739999998, -22.297427 ], [ 166.456629699999979, -22.297589200000036 ] ], [ [ 166.4540079, -22.270256 ], [ 166.4539217, -22.270159699999983 ], [ 166.453210906044546, -22.270558702535393 ], [ 166.4540079, -22.270256 ] ], [ [ 166.4538101, -22.285241100000032 ], [ 166.453605623374813, -22.285097524791663 ], [ 166.453490949824868, -22.285241100000349 ], [ 166.4538101, -22.285241100000032 ] ], [ [ 166.4536326, -22.2558997 ], [ 166.453693499999986, -22.255884500000015 ], [ 166.453668099999987, -22.2557121 ], [ 166.4536326, -22.2558997 ] ], [ [ 166.4529886, -22.294282899999988 ], [ 166.4528111, -22.2909867 ], [ 166.452375, -22.2925587 ], [ 166.4519592, -22.294668300000026 ], [ 166.452385099999987, -22.293993800000017 ], [ 166.4529886, -22.294282899999988 ] ], [ [ 166.4498293, -22.226746 ], [ 166.449788700000028, -22.226933600000017 ], [ 166.4499054, -22.227009700000014 ], [ 166.450448, -22.2271618 ], [ 166.45064069999998, -22.2272531 ], [ 166.450863799999979, -22.227461 ], [ 166.451016, -22.2275422 ], [ 166.451715799999988, -22.227861599999965 ], [ 166.451786799999979, -22.2278059 ], [ 166.45192369999998, -22.227841299999969 ], [ 166.4521823, -22.22804930000002 ], [ 166.4526793, -22.228267299999974 ], [ 166.452633599999984, -22.227958 ], [ 166.452709699999986, -22.2279631 ], [ 166.452699599999988, -22.227922500000016 ], [ 166.452369899999979, -22.2278768 ], [ 166.4522939, -22.227674 ], [ 166.4520657, -22.2275472 ], [ 166.451913499999989, -22.227511699999976 ], [ 166.4516346, -22.2275269 ], [ 166.4515687, -22.2274458 ], [ 166.451016, -22.2271669 ], [ 166.4503212, -22.226893100000026 ], [ 166.450184299999989, -22.226705400000039 ], [ 166.450047399999988, -22.2266446 ], [ 166.4498293, -22.226746 ] ], [ [ 166.4513354, -22.257705 ], [ 166.4514115, -22.257771 ], [ 166.452111299999984, -22.2574515 ], [ 166.451649799999984, -22.2576543 ], [ 166.451163, -22.257705 ], [ 166.4513354, -22.257705 ] ], [ [ 166.452111299999984, -22.2574515 ], [ 166.4522127, -22.2574109 ], [ 166.4524156, -22.257416 ], [ 166.452334399999984, -22.257355099999987 ], [ 166.4527401, -22.25694440000002 ], [ 166.452111299999984, -22.2574515 ] ], [ [ 166.451386099999979, -22.2967322 ], [ 166.4512594, -22.296554699999952 ], [ 166.4513202, -22.296640900000014 ], [ 166.4512746, -22.297158200000013 ], [ 166.451386099999979, -22.2967322 ] ], [ [ 166.4504125, -22.274784500000035 ], [ 166.449596, -22.2754995 ], [ 166.4496062, -22.2755097 ], [ 166.451152899999983, -22.2753727 ], [ 166.4504125, -22.274784500000035 ] ], [ [ 166.4503669, -22.263978 ], [ 166.450392199999982, -22.2638715 ], [ 166.450377, -22.263901900000022 ], [ 166.450108199999988, -22.2638106 ], [ 166.450280599999985, -22.2638715 ], [ 166.4503669, -22.263978 ] ], [ [ 166.450295899999986, -22.252208 ], [ 166.4498547, -22.2520711 ], [ 166.4497685, -22.252111599999978 ], [ 166.450295899999986, -22.252208 ] ], [ [ 166.449834399999986, -22.2725836 ], [ 166.4497532, -22.2724569 ], [ 166.449751407879177, -22.272455997334475 ], [ 166.449834399999986, -22.2725836 ] ], [ [ 166.448231900000025, -22.2645764 ], [ 166.4489216, -22.2640186 ], [ 166.447679199999982, -22.264196 ], [ 166.448723799999982, -22.264054100000024 ], [ 166.448231900000025, -22.2645764 ] ], [ [ 166.4486072, -22.27897320000001 ], [ 166.448586899999981, -22.2788464 ], [ 166.448545766227937, -22.278858566705068 ], [ 166.4486072, -22.27897320000001 ] ], [ [ 166.448201499999982, -22.305206 ], [ 166.448176099999984, -22.305226299999987 ], [ 166.4482928, -22.30514010000002 ], [ 166.448201499999982, -22.305206 ] ], [ [ 166.4467664, -22.287893300000015 ], [ 166.446285505723978, -22.288468788376036 ], [ 166.447679199999982, -22.289029200000023 ], [ 166.4467664, -22.287893300000015 ] ], [ [ 166.446812, -22.27841540000005 ], [ 166.4467613, -22.2784306 ], [ 166.446695399999982, -22.2783799 ], [ 166.4467867, -22.278633499999973 ], [ 166.446812, -22.27841540000005 ] ], [ [ 166.4459094, -22.268258 ], [ 166.4459144, -22.268126100000011 ], [ 166.4457674, -22.2669091 ], [ 166.4457826, -22.267035899999986 ], [ 166.445529, -22.267005399999963 ], [ 166.4459094, -22.268258 ] ], [ [ 166.4451081, -22.296433 ], [ 166.4451436, -22.29623519999998 ], [ 166.4452958, -22.295439100000017 ], [ 166.4452704, -22.2955506 ], [ 166.445204499999988, -22.295505 ], [ 166.4451081, -22.296433 ] ], [ [ 166.4432673, -22.2799165 ], [ 166.443272399999984, -22.2807887 ], [ 166.4432775, -22.280357599999988 ], [ 166.4434397, -22.280190300000037 ], [ 166.443272399999984, -22.2801954 ], [ 166.4432673, -22.2799165 ] ], [ [ 166.441031, -22.295778799999976 ], [ 166.441644599999989, -22.2956064 ], [ 166.441644599999989, -22.29555570000004 ], [ 166.4421212, -22.2952768 ], [ 166.441690199999982, -22.2954746 ], [ 166.44025510000003, -22.295038500000025 ], [ 166.441031, -22.295778799999976 ] ], [ [ 166.439945699999981, -22.236873 ], [ 166.440620199999984, -22.2358943 ], [ 166.441132399999987, -22.235275599999987 ], [ 166.4399914, -22.2363608 ], [ 166.440123199999988, -22.236244199999984 ], [ 166.439945699999981, -22.236873 ] ], [ [ 166.440371699999986, -22.2389572 ], [ 166.440460283071161, -22.239023896264968 ], [ 166.440620199999984, -22.238764500000027 ], [ 166.440447799999987, -22.2390028 ], [ 166.440371699999986, -22.2389572 ] ], [ [ 166.426126999948366, -22.232461100064747 ], [ 166.426198, -22.232400300000016 ], [ 166.426142199999987, -22.2324459 ], [ 166.426126999948366, -22.232461100064747 ] ], [ [ 166.4203358, -22.235792800000013 ], [ 166.4203561, -22.235939899999973 ], [ 166.420351, -22.235899299999971 ], [ 166.4205944, -22.235955100000023 ], [ 166.4203358, -22.235792800000013 ] ] ], [ [ [ 166.426365299999986, -22.2681312 ], [ 166.4265428, -22.2682377 ], [ 166.4268319, -22.268552100000015 ], [ 166.4270956, -22.2692722 ], [ 166.4270956, -22.269393899999972 ], [ 166.426826799999986, -22.2700937 ], [ 166.427085399999982, -22.270220500000043 ], [ 166.4272274, -22.270666800000011 ], [ 166.4275926, -22.2707834 ], [ 166.427648299999987, -22.2706668 ], [ 166.4278055, -22.270717499999964 ], [ 166.4278258, -22.270666800000011 ], [ 166.427658499999978, -22.270611 ], [ 166.4276686, -22.2705806 ], [ 166.427836, -22.270636299999982 ], [ 166.427800499999989, -22.270489299999969 ], [ 166.4276433, -22.270448699999989 ], [ 166.4277903, -22.270469 ], [ 166.4278157, -22.270190099999965 ], [ 166.427896799999985, -22.2701242 ], [ 166.428049, -22.270190099999965 ], [ 166.4281047, -22.27029660000002 ], [ 166.4283634, -22.271564400000031 ], [ 166.4282112, -22.2729893 ], [ 166.4282873, -22.273141499999973 ], [ 166.428145299999983, -22.2736283 ], [ 166.4273289, -22.274723599999966 ], [ 166.428049, -22.27487579999995 ], [ 166.4281149, -22.274962 ], [ 166.4280642, -22.27515469999998 ], [ 166.428033699999986, -22.27514960000002 ], [ 166.428069199999982, -22.274946799999984 ], [ 166.4279019, -22.274875800000011 ], [ 166.427268, -22.27482 ], [ 166.4272274, -22.274946799999984 ], [ 166.4271057, -22.274956899999985 ], [ 166.427055, -22.2750076 ], [ 166.426862299999982, -22.2759001 ], [ 166.4268927, -22.2765695 ], [ 166.4265226, -22.276949899999988 ], [ 166.4265226, -22.277020900000025 ], [ 166.426365299999986, -22.277228800000024 ], [ 166.4262335, -22.277578700000014 ], [ 166.426269, -22.277675 ], [ 166.426142199999987, -22.278369799999961 ], [ 166.4262081, -22.2790493 ], [ 166.4262741, -22.27928260000003 ], [ 166.4264363, -22.279551300000012 ], [ 166.4268065, -22.2799215 ], [ 166.426908, -22.280134499999988 ], [ 166.427065199999987, -22.2802055 ], [ 166.427039799999989, -22.280317100000016 ], [ 166.427384599999982, -22.28026130000001 ], [ 166.4274303, -22.280332299999987 ], [ 166.4273289, -22.2803475 ], [ 166.4271818, -22.280626399999974 ], [ 166.4271057, -22.281047300000047 ], [ 166.4268319, -22.281838399999987 ], [ 166.426786199999981, -22.282239 ], [ 166.4266544, -22.282649799999987 ], [ 166.426558, -22.2826701 ], [ 166.4265226, -22.2827816 ], [ 166.4264871, -22.282771499999981 ], [ 166.4265124, -22.2826751 ], [ 166.426314599999984, -22.282720799999964 ], [ 166.4262994, -22.2826548 ], [ 166.4262132, -22.2826802 ], [ 166.4262386, -22.282807 ], [ 166.426116899999982, -22.282883 ], [ 166.425858200000022, -22.2827157 ], [ 166.425838, -22.282761300000011 ], [ 166.425716199999982, -22.282756300000013 ], [ 166.425767, -22.2826346 ], [ 166.425701, -22.2825788 ], [ 166.425457599999987, -22.282523 ], [ 166.425234500000016, -22.2823404 ], [ 166.425133099999982, -22.2823303 ], [ 166.4251128, -22.2822238 ], [ 166.4249049, -22.281939800000028 ], [ 166.4248136, -22.2817015 ], [ 166.424595499999981, -22.2814682 ], [ 166.4246158, -22.281427599999972 ], [ 166.424544799999978, -22.281285600000011 ], [ 166.424342, -22.281169 ], [ 166.42445859999998, -22.281179199999976 ], [ 166.424321699999979, -22.281062499999983 ], [ 166.424326799999989, -22.281001700000022 ], [ 166.4241189, -22.2807633 ], [ 166.4241087, -22.2806163 ], [ 166.4241696, -22.2805554 ], [ 166.424174599999986, -22.280403300000025 ], [ 166.4240935, -22.2802004 ], [ 166.4240022, -22.280134499999988 ], [ 166.4240529, -22.2799976 ], [ 166.424271, -22.279794700000018 ], [ 166.424326799999989, -22.279607100000014 ], [ 166.4244282, -22.278303799999957 ], [ 166.4244079, -22.278197300000016 ], [ 166.424342, -22.2781872 ], [ 166.4243572, -22.278106100000031 ], [ 166.4245702, -22.278146599999978 ], [ 166.424595499999981, -22.278116199999982 ], [ 166.4244028, -22.2780503 ], [ 166.4243673, -22.27794380000001 ], [ 166.4243927, -22.27783729999997 ], [ 166.424585399999984, -22.27767 ], [ 166.424859199999986, -22.277533 ], [ 166.424844, -22.2773454 ], [ 166.4250418, -22.277193299999983 ], [ 166.425138100000026, -22.2771679 ], [ 166.425320699999986, -22.277233800000012 ], [ 166.4254018, -22.277167899999977 ], [ 166.4255996, -22.276807900000026 ], [ 166.4258075, -22.275920399999983 ], [ 166.4257974, -22.275342299999974 ], [ 166.425706099999985, -22.274921399999982 ], [ 166.4254373, -22.2749011 ], [ 166.4253917, -22.2747845 ], [ 166.425533699999988, -22.2746374 ], [ 166.425767, -22.274637399999985 ], [ 166.4257771, -22.274348399999983 ], [ 166.425619899999987, -22.273952800000014 ], [ 166.425406899999984, -22.2735877 ], [ 166.4249252, -22.27295380000001 ], [ 166.4241898, -22.2723199 ], [ 166.4239464, -22.2719954 ], [ 166.4237436, -22.2718128 ], [ 166.4233937, -22.271554200000026 ], [ 166.423201, -22.2714477 ], [ 166.423155300000019, -22.271468 ], [ 166.423155300000019, -22.271407099999973 ], [ 166.422815599999979, -22.271209399999989 ], [ 166.422131, -22.270971 ], [ 166.4213196, -22.270945699999967 ], [ 166.4204322, -22.2713615 ], [ 166.420275, -22.271326 ], [ 166.420102499999985, -22.2711992 ], [ 166.419869299999988, -22.2714477 ], [ 166.419742499999984, -22.2714731 ], [ 166.4196969, -22.271381800000011 ], [ 166.4198997, -22.2709558 ], [ 166.419752599999981, -22.270621100000042 ], [ 166.419468699999982, -22.2705146 ], [ 166.4188398, -22.270413199999989 ], [ 166.4182212, -22.270458899999976 ], [ 166.4178307, -22.270555199999965 ], [ 166.4174706, -22.2706972 ], [ 166.417176500000011, -22.2708848 ], [ 166.4171005, -22.271168799999977 ], [ 166.416928, -22.2713869 ], [ 166.4169077, -22.271574499999971 ], [ 166.416816499999982, -22.271777300000057 ], [ 166.416988899999978, -22.27213230000002 ], [ 166.416892499999989, -22.272644500000013 ], [ 166.4167505, -22.272872699999986 ], [ 166.416639, -22.272903100000022 ], [ 166.416542599999985, -22.273050199999986 ], [ 166.416466599999978, -22.27304 ], [ 166.416466599999978, -22.272816900000024 ], [ 166.4165731, -22.2726749 ], [ 166.416395599999987, -22.2724569 ], [ 166.4162891, -22.2721323 ], [ 166.415771799999987, -22.2715999 ], [ 166.415594299999981, -22.271539 ], [ 166.4155639, -22.2715441 ], [ 166.4156298, -22.27161 ], [ 166.415584199999984, -22.2716151 ], [ 166.4154777, -22.271417299999978 ], [ 166.415356, -22.271381800000011 ], [ 166.41529509999998, -22.2714376 ], [ 166.41523429999998, -22.271270200000018 ], [ 166.4149909, -22.2711384 ], [ 166.414925, -22.270915300000016 ], [ 166.4148438, -22.270879799999964 ], [ 166.414823499999983, -22.270915300000016 ], [ 166.414788, -22.2708595 ], [ 166.4147221, -22.2708747 ], [ 166.4149554, -22.270611 ], [ 166.414975699999985, -22.2706465 ], [ 166.4148793, -22.2708189 ], [ 166.4149402, -22.270839199999983 ], [ 166.415072, -22.2703371 ], [ 166.415036499999985, -22.2701647 ], [ 166.4149554, -22.2701546 ], [ 166.41493509999998, -22.2699365 ], [ 166.414975699999985, -22.2698047 ], [ 166.4149402, -22.269698200000015 ], [ 166.4148083, -22.269561300000024 ], [ 166.4148337, -22.2694649 ], [ 166.4141846, -22.269251900000025 ], [ 166.4132768, -22.2691302 ], [ 166.4127748, -22.2691607 ], [ 166.4124756, -22.2692925 ], [ 166.4110709, -22.270291499999988 ], [ 166.4104725, -22.2708645 ], [ 166.410482699999989, -22.2711435 ], [ 166.410781899999989, -22.271554200000011 ], [ 166.4107261, -22.271888900000018 ], [ 166.4107971, -22.2721425 ], [ 166.4110709, -22.27248220000001 ], [ 166.4111926, -22.272502499999984 ], [ 166.4112687, -22.272609 ], [ 166.410989799999982, -22.273095800000032 ], [ 166.410842699999989, -22.2735877 ], [ 166.4107362, -22.273673900000016 ], [ 166.4102393, -22.273836199999987 ], [ 166.4101226, -22.273963 ], [ 166.410077, -22.27388179999997 ], [ 166.4101632, -22.2735877 ], [ 166.4100111, -22.2734457 ], [ 166.410021199999989, -22.273182 ], [ 166.4099603, -22.2730096 ], [ 166.4099958, -22.2727763 ], [ 166.4102595, -22.272624199999981 ], [ 166.4102646, -22.272461899999978 ], [ 166.410102300000034, -22.272142499999962 ], [ 166.410198700000024, -22.2719041 ], [ 166.4100415, -22.2717114 ], [ 166.4097169, -22.2715035 ], [ 166.4089816, -22.2711992 ], [ 166.4080587, -22.2710572 ], [ 166.407328399999983, -22.2710471 ], [ 166.4067656, -22.2711992 ], [ 166.403895299999988, -22.271371699999989 ], [ 166.4038395, -22.271402099999975 ], [ 166.4038294, -22.271533899999977 ], [ 166.403707699999984, -22.271473100000033 ], [ 166.4033679, -22.2715289 ], [ 166.4031752, -22.2714781 ], [ 166.4030941, -22.2713615 ], [ 166.4028811, -22.2713007 ], [ 166.4029521, -22.2712753 ], [ 166.4029166, -22.2712449 ], [ 166.4024044, -22.271158700000022 ], [ 166.4014561, -22.271108 ], [ 166.4009845, -22.270915300000016 ], [ 166.399848599999984, -22.2705907 ], [ 166.3997319, -22.2705653 ], [ 166.399762399999986, -22.2706465 ], [ 166.399498699999981, -22.270595799999988 ], [ 166.3994581, -22.2706262 ], [ 166.3992198, -22.2705045 ], [ 166.3991488, -22.27053490000004 ], [ 166.398606199999989, -22.270362500000029 ], [ 166.398449, -22.270403100000021 ], [ 166.3982258, -22.2701952 ], [ 166.398312, -22.270205300000029 ], [ 166.3983881, -22.2701394 ], [ 166.3984185, -22.270210400000046 ], [ 166.39890029999998, -22.2703422 ], [ 166.3984642, -22.270139400000037 ], [ 166.398383, -22.269672799999977 ], [ 166.398078799999979, -22.26915050000002 ], [ 166.397546299999988, -22.268471 ], [ 166.3973435, -22.268303599999989 ], [ 166.397282599999983, -22.268283399999952 ], [ 166.3972167, -22.268329 ], [ 166.397313, -22.268227599999989 ], [ 166.397008799999981, -22.267953700000024 ], [ 166.3964307, -22.2672438 ], [ 166.39556349999998, -22.2666352 ], [ 166.395218699999987, -22.266462799999982 ], [ 166.395152699999983, -22.266528799999989 ], [ 166.395218699999987, -22.2663462 ], [ 166.394818, -22.266112899999971 ], [ 166.3939306, -22.26582890000002 ], [ 166.3934793, -22.26577820000001 ], [ 166.3934793, -22.265854299999983 ], [ 166.3933069, -22.2658847 ], [ 166.392602, -22.2656312 ], [ 166.392191199999985, -22.265058100000012 ], [ 166.3922318, -22.264987100000013 ], [ 166.392302799999982, -22.265103799999988 ], [ 166.3923687, -22.2651241 ], [ 166.3923079, -22.2645865 ], [ 166.391816, -22.264155500000019 ], [ 166.3909032, -22.2637346 ], [ 166.3906192, -22.2637396 ], [ 166.390522799999985, -22.263704199999964 ], [ 166.390497499999981, -22.263754899999988 ], [ 166.390284499999979, -22.263633200000012 ], [ 166.390172899999982, -22.2637346 ], [ 166.390223599999985, -22.2638208 ], [ 166.39019829999998, -22.263841099999983 ], [ 166.3901019, -22.263841099999983 ], [ 166.3900157, -22.263754899999988 ], [ 166.38995989999998, -22.263765 ], [ 166.3899092, -22.263668699999986 ], [ 166.3899346, -22.2635774 ], [ 166.3898788, -22.2633593 ], [ 166.3897977, -22.263293400000016 ], [ 166.389914299999987, -22.2631565 ], [ 166.3898433, -22.263019599999986 ], [ 166.3897064, -22.262837 ], [ 166.389701299999984, -22.262902899999979 ], [ 166.389650599999982, -22.2628978 ], [ 166.3894985, -22.262664599999976 ], [ 166.3893311, -22.26265440000002 ], [ 166.3893311, -22.262568200000015 ], [ 166.389138399999979, -22.2625023 ], [ 166.3890471, -22.262431299999989 ], [ 166.389077599999979, -22.262370499999989 ], [ 166.388981199999989, -22.262370499999989 ], [ 166.3889609, -22.2622842 ], [ 166.388829099999981, -22.262198 ], [ 166.3887834, -22.2620256 ], [ 166.388955899999985, -22.2620104 ], [ 166.3888342, -22.2620104 ], [ 166.3887733, -22.2617518 ], [ 166.388829099999981, -22.2617112 ], [ 166.388895, -22.261756899999952 ], [ 166.3888849, -22.261696 ], [ 166.388631299999986, -22.261300499999983 ], [ 166.3883017, -22.2609556 ], [ 166.388494399999985, -22.2612295 ], [ 166.388367599999981, -22.2611889 ], [ 166.388251, -22.261052 ], [ 166.388195199999984, -22.261041800000026 ], [ 166.3880025, -22.260762899999985 ], [ 166.3880278, -22.260732499999971 ], [ 166.3877794, -22.260367399999975 ], [ 166.387784399999987, -22.260316700000015 ], [ 166.3880126, -22.2605347 ], [ 166.3880025, -22.260499199999977 ], [ 166.387632299999979, -22.2600631 ], [ 166.3873534, -22.2598349 ], [ 166.387221499999981, -22.259769 ], [ 166.3871962, -22.259799400000016 ], [ 166.3870441, -22.259763900000028 ], [ 166.3870643, -22.2596473 ], [ 166.387170799999978, -22.259677699999987 ], [ 166.3868057, -22.259327800000012 ], [ 166.38678539999998, -22.259403899999977 ], [ 166.386714399999988, -22.259403900000013 ], [ 166.386577499999987, -22.2593126 ], [ 166.386577499999987, -22.2592568 ], [ 166.386491299999989, -22.259261900000023 ], [ 166.3865116, -22.259201 ], [ 166.3864558, -22.2591757 ], [ 166.38648120000002, -22.2591503 ], [ 166.386430499999989, -22.259125 ], [ 166.3864102, -22.259023500000055 ], [ 166.3864558, -22.258922099999985 ], [ 166.386354399999988, -22.2588613 ], [ 166.3866587, -22.258795299999989 ], [ 166.386790499999989, -22.25881050000001 ], [ 166.387104900000026, -22.258704 ], [ 166.387135299999983, -22.2588156 ], [ 166.3870643, -22.2588714 ], [ 166.3873889, -22.2588258 ], [ 166.387485199999986, -22.258891700000031 ], [ 166.387662700000021, -22.258881499999983 ], [ 166.387754, -22.25894749999998 ], [ 166.3878149, -22.258912 ], [ 166.3878149, -22.258993099999948 ], [ 166.3877033, -22.258977900000012 ], [ 166.3876526, -22.258922099999985 ], [ 166.3876678, -22.258967699999989 ], [ 166.387819899999982, -22.259074199999958 ], [ 166.3879771, -22.2591199 ], [ 166.38800759999998, -22.2591503 ], [ 166.3879771, -22.259236499999954 ], [ 166.388119099999983, -22.2592771 ], [ 166.388093799999979, -22.2593329 ], [ 166.388195199999984, -22.259479900000013 ], [ 166.3882763, -22.259479900000013 ], [ 166.3883473, -22.259535700000015 ], [ 166.3884386, -22.259621899999964 ], [ 166.388453799999979, -22.259718300000021 ], [ 166.3885755, -22.2597588 ], [ 166.388595800000019, -22.259850100000033 ], [ 166.388717499999984, -22.259895799999985 ], [ 166.3889356, -22.2600783 ], [ 166.388874700000031, -22.260159499999979 ], [ 166.388915299999979, -22.2602 ], [ 166.3891232, -22.260265900000014 ], [ 166.3891131, -22.260184799999976 ], [ 166.389087700000033, -22.260225399999975 ], [ 166.388981199999989, -22.260220299999986 ], [ 166.389042099999983, -22.260129 ], [ 166.389138399999979, -22.260108699999989 ], [ 166.3891942, -22.260195 ], [ 166.3893108, -22.2602304 ], [ 166.3893818, -22.2603217 ], [ 166.3893717, -22.260433300000013 ], [ 166.389452799999987, -22.2604992 ], [ 166.38943759999998, -22.260560099999989 ], [ 166.389605, -22.260590499999974 ], [ 166.3898839, -22.2605094 ], [ 166.390761199999986, -22.260124 ], [ 166.3910046, -22.259809499999971 ], [ 166.3909488, -22.2597791 ], [ 166.3910553, -22.259769 ], [ 166.3913139, -22.259317699999954 ], [ 166.3914103, -22.25883080000002 ], [ 166.3909995, -22.25878009999996 ], [ 166.3911263, -22.2578927 ], [ 166.3911364, -22.2580549 ], [ 166.39139, -22.258039700000047 ], [ 166.3912632, -22.257796300000013 ], [ 166.3911415, -22.257750700000013 ], [ 166.391080599999981, -22.257623900000013 ], [ 166.3909234, -22.257527599999968 ], [ 166.3907865, -22.2571827 ], [ 166.3905685, -22.2569849 ], [ 166.390375799999987, -22.2566604 ], [ 166.390061399999979, -22.256295299999987 ], [ 166.389665799999989, -22.2560721 ], [ 166.3894224, -22.256036699999989 ], [ 166.3890269, -22.255869299999986 ], [ 166.3886972, -22.2556614 ], [ 166.3885502, -22.255631 ], [ 166.388606, -22.255696900000011 ], [ 166.388570499999986, -22.25573750000002 ], [ 166.38854, -22.255625899999988 ], [ 166.388159699999989, -22.2553368 ], [ 166.3876577, -22.2550833 ], [ 166.3873889, -22.254530499999984 ], [ 166.3872672, -22.2543885 ], [ 166.3871404, -22.254353 ], [ 166.3870796, -22.2541553 ], [ 166.386851399999983, -22.25380030000003 ], [ 166.38648120000002, -22.253531500000026 ], [ 166.386278299999987, -22.2533185 ], [ 166.386029799999989, -22.252923 ], [ 166.3859081, -22.2529179 ], [ 166.385664700000035, -22.252791099999989 ], [ 166.3857104, -22.2527303 ], [ 166.385654599999981, -22.2526644 ], [ 166.385705299999984, -22.2526644 ], [ 166.3857205, -22.2525832 ], [ 166.3856089, -22.2525528 ], [ 166.385669799999988, -22.252436200000012 ], [ 166.3856241, -22.2523905 ], [ 166.3857256, -22.252314500000015 ], [ 166.385664700000035, -22.252218099999979 ], [ 166.3857712, -22.2521573 ], [ 166.385791499999982, -22.252248500000018 ], [ 166.3858828, -22.2520863 ], [ 166.3857864, -22.2520406 ], [ 166.385801599999979, -22.251984800000024 ], [ 166.385745899999989, -22.251934100000032 ], [ 166.3858473, -22.251853 ], [ 166.385852299999982, -22.2517921 ], [ 166.3860096, -22.251858099999957 ], [ 166.3859994, -22.251766800000031 ], [ 166.386182, -22.2515437 ], [ 166.386278299999987, -22.251285 ], [ 166.3862935, -22.250914800000011 ], [ 166.3863493, -22.250874300000042 ], [ 166.386324, -22.250833699999973 ], [ 166.3863797, -22.250610599999977 ], [ 166.386471, -22.2505548 ], [ 166.3865471, -22.250286 ], [ 166.386684, -22.250179500000034 ], [ 166.386775299999982, -22.250027400000025 ], [ 166.386810800000035, -22.249439199999973 ], [ 166.386800599999987, -22.2493834 ], [ 166.3867094, -22.249363100000014 ], [ 166.386653599999988, -22.2489777 ], [ 166.386689099999984, -22.2489473 ], [ 166.3867347, -22.249003 ], [ 166.386755, -22.2489675 ], [ 166.3867702, -22.248729200000017 ], [ 166.3868716, -22.2485568 ], [ 166.38702379999998, -22.248455399999958 ], [ 166.3871455, -22.2484655 ], [ 166.3871303, -22.248577099999959 ], [ 166.387221499999981, -22.248506100000014 ], [ 166.3872063, -22.248399600000017 ], [ 166.3871556, -22.248414799999978 ], [ 166.3871962, -22.2482931 ], [ 166.387252, -22.248348900000021 ], [ 166.387338199999988, -22.248318399999981 ], [ 166.387383799999981, -22.2483894 ], [ 166.3875157, -22.2483387 ], [ 166.387596799999983, -22.2482474 ], [ 166.3875765, -22.248191699999982 ], [ 166.387647499999986, -22.2481765 ], [ 166.3876272, -22.248130799999981 ], [ 166.3877794, -22.2481207 ], [ 166.3877388, -22.2480497 ], [ 166.387819899999982, -22.2480801 ], [ 166.387946699999986, -22.247993899999965 ], [ 166.3880786, -22.247943199999987 ], [ 166.38818, -22.2479533 ], [ 166.3884133, -22.247836700000057 ], [ 166.3883423, -22.247811300000034 ], [ 166.3883473, -22.2477505 ], [ 166.3883778, -22.247791 ], [ 166.3884234, -22.2477657 ], [ 166.388606, -22.247821500000018 ], [ 166.3890116, -22.2477403 ], [ 166.390051199999988, -22.2473752 ], [ 166.3904163, -22.2473194 ], [ 166.3913545, -22.247349899999989 ], [ 166.391805800000014, -22.2471318 ], [ 166.391968099999985, -22.247172400000014 ], [ 166.3921253, -22.2473448 ], [ 166.392084700000026, -22.2482779 ], [ 166.3921507, -22.2485213 ], [ 166.3923079, -22.248830599999987 ], [ 166.392957, -22.2493124 ], [ 166.393956, -22.249804299999983 ], [ 166.39441739999998, -22.2501491 ], [ 166.394731799999988, -22.2503063 ], [ 166.3952846, -22.251061899999989 ], [ 166.3954367, -22.25116330000002 ], [ 166.395812, -22.251645099999969 ], [ 166.3969783, -22.252826600000024 ], [ 166.397622399999989, -22.2538561 ], [ 166.3977745, -22.253937199999978 ], [ 166.3978354, -22.254190799999972 ], [ 166.398165, -22.2548348 ], [ 166.398266399999983, -22.254976799999984 ], [ 166.398383, -22.2550224 ], [ 166.398504700000018, -22.2553216 ], [ 166.398590899999988, -22.2553521 ], [ 166.39871770000002, -22.255702 ], [ 166.3990423, -22.2561634 ], [ 166.3991792, -22.256457599999944 ], [ 166.3994581, -22.256650299999983 ], [ 166.399524, -22.256746599999978 ], [ 166.3995037, -22.256807500000022 ], [ 166.399666, -22.2570559 ], [ 166.3998029, -22.257040699999987 ], [ 166.3998384, -22.257299399999983 ], [ 166.400619399999982, -22.258298399999976 ], [ 166.400832399999985, -22.258460600000021 ], [ 166.4011265, -22.258511300000016 ], [ 166.4015829, -22.2583237 ], [ 166.401953099999986, -22.2583998 ], [ 166.4021306, -22.2583136 ], [ 166.40207479999998, -22.2581462 ], [ 166.402115399999985, -22.258095499999989 ], [ 166.4021864, -22.2581259 ], [ 166.402257300000031, -22.2582679 ], [ 166.402485499999983, -22.258257799999981 ], [ 166.402779700000025, -22.258176699999975 ], [ 166.4030434, -22.2583034 ], [ 166.4032614, -22.258496099999988 ], [ 166.4033375, -22.258937299999985 ], [ 166.4033375, -22.258983 ], [ 166.40322089999998, -22.259069200000013 ], [ 166.4032513, -22.2591047 ], [ 166.4032056, -22.2591047 ], [ 166.4032564, -22.2592467 ], [ 166.4032665, -22.259540800000014 ], [ 166.4034744, -22.25967259999998 ], [ 166.403433799999988, -22.25974870000001 ], [ 166.4033172, -22.25978420000002 ], [ 166.403302, -22.259982 ], [ 166.403210699999988, -22.260083399999985 ], [ 166.403236099999987, -22.260326799999955 ], [ 166.403433799999988, -22.260707099999976 ], [ 166.403535299999987, -22.2607274 ], [ 166.4035251, -22.260768 ], [ 166.4034643, -22.2607731 ], [ 166.40352009999998, -22.260986 ], [ 166.403930799999983, -22.2613816 ], [ 166.4041489, -22.261376499999962 ], [ 166.404118399999987, -22.2611382 ], [ 166.4039765, -22.2610317 ], [ 166.4040018, -22.2610013 ], [ 166.404143799999986, -22.261097599999982 ], [ 166.404179299999981, -22.261285200000025 ], [ 166.40423, -22.261341 ], [ 166.4044683, -22.261310599999941 ], [ 166.404488599999979, -22.2612548 ], [ 166.4045495, -22.261249699999976 ], [ 166.4045748, -22.261300499999983 ], [ 166.4049704, -22.26128019999998 ], [ 166.4049805, -22.261158499999986 ], [ 166.4049856, -22.2612295 ], [ 166.4052087, -22.261194 ], [ 166.405538299999989, -22.261452599999966 ], [ 166.4055586, -22.26157430000001 ], [ 166.405726, -22.261777099999964 ], [ 166.405847699999981, -22.261701099999986 ], [ 166.4058274, -22.261782200000013 ], [ 166.4058832, -22.2618329 ], [ 166.4060657, -22.2618988 ], [ 166.406299, -22.261924199999985 ], [ 166.4065019, -22.261888699999989 ], [ 166.4069278, -22.26198 ], [ 166.407267599999983, -22.261949600000019 ], [ 166.4079978, -22.2619952 ], [ 166.408129699999989, -22.261954600000028 ], [ 166.408175299999982, -22.2618431 ], [ 166.408261499999981, -22.261787300000041 ], [ 166.4084441, -22.2617721 ], [ 166.4090881, -22.261868400000019 ], [ 166.4092555, -22.2619293 ], [ 166.4094887, -22.262111800000017 ], [ 166.409732099999985, -22.262152399999987 ], [ 166.409747399999986, -22.262198 ], [ 166.4096865, -22.262279199999988 ], [ 166.4097372, -22.2624769 ], [ 166.410355899999985, -22.263156500000012 ], [ 166.4106094, -22.263668699999986 ], [ 166.410751399999981, -22.264089599999988 ], [ 166.411212899999981, -22.264835 ], [ 166.411562799999984, -22.2652001 ], [ 166.4118164, -22.265245799999963 ], [ 166.41219670000001, -22.2655399 ], [ 166.4123387, -22.26555 ], [ 166.412364, -22.265676800000019 ], [ 166.412835699999988, -22.2663006 ], [ 166.4131856, -22.266615 ], [ 166.413403599999981, -22.266772199999977 ], [ 166.4135101, -22.266797499999985 ], [ 166.413591299999979, -22.2668939 ], [ 166.4140324, -22.2669395 ], [ 166.4143215, -22.2668432 ], [ 166.414575, -22.2667012 ], [ 166.414975699999985, -22.266320799999978 ], [ 166.4150771, -22.266118 ], [ 166.4151024, -22.26582890000002 ], [ 166.415310399999981, -22.2658847 ], [ 166.4154016, -22.265828899999978 ], [ 166.415883399999984, -22.265834 ], [ 166.416228200000035, -22.2657377 ], [ 166.4168215, -22.26577820000001 ], [ 166.417374300000034, -22.2657072 ], [ 166.4174351, -22.2656971 ], [ 166.417815499999989, -22.265357299999984 ], [ 166.418013200000019, -22.2652965 ], [ 166.4183784, -22.26529140000001 ], [ 166.4194991, -22.2655652 ], [ 166.419529499999982, -22.2656413 ], [ 166.4196461, -22.2655855 ], [ 166.4198845, -22.265651500000018 ], [ 166.420751599999988, -22.26605209999996 ], [ 166.420736399999981, -22.2660977 ], [ 166.4211269, -22.266285299999961 ], [ 166.421446399999979, -22.266498299999963 ], [ 166.423140099999983, -22.266975 ], [ 166.4231858, -22.26686849999998 ], [ 166.424301400000019, -22.267238699999972 ], [ 166.424260799999985, -22.2673401 ], [ 166.42596469999998, -22.267852300000012 ], [ 166.4262436, -22.2680095 ], [ 166.426365299999986, -22.2681312 ] ] ], [ [ [ 166.426795, -22.231528100000023 ], [ 166.426877499999989, -22.2315027 ], [ 166.4268572, -22.2315128 ], [ 166.426795, -22.231528100000023 ] ] ] ] } }
]
}
