province,commune,code_bv,bureau_nom,inscrits,votants,exprimes,numero_liste,liste,etiquette,voix,pct_exprimes,longitude,latitude
Province Sud,Boulouparis,0001,Mairie,880,599,580,1,Un autre monde est possible !,Éveil océanien,29,5,166.047711423762,-21.8654175541592
Province Sud,Boulouparis,0001,Mairie,880,599,580,2,Kanaky pour tous,FLNKS,155,26.724137931034484,166.047711423762,-21.8654175541592
Province Sud,Boulouparis,0001,Mairie,880,599,580,3,"France Calédonie, une patrie",RN-MCFNC,7,1.206896551724138,166.047711423762,-21.8654175541592
Province Sud,Boulouparis,0001,Mairie,880,599,580,5,Une Province pour tous,DVC-Calédonie ensemble,40,6.896551724137931,166.047711423762,-21.8654175541592
Province Sud,Boulouparis,0001,Mairie,880,599,580,6,Souveraineté Kanaky Nouvelle-Calédonie,SKNC,4,0.6896551724137931,166.047711423762,-21.8654175541592
Province Sud,Boulouparis,0001,Mairie,880,599,580,7,Faire Pays,Faire Pays,17,2.9310344827586206,166.047711423762,-21.8654175541592
Province Sud,Boulouparis,0001,Mairie,880,599,580,8,Pour une Calédonie française,Pour une Calédonie française,16,2.7586206896551726,166.047711423762,-21.8654175541592
Province Sud,Boulouparis,0001,Mairie,880,599,580,9,"Nous, réunis !","Nous, réunis",18,3.103448275862069,166.047711423762,-21.8654175541592
Province Sud,Boulouparis,0001,Mairie,880,599,580,10,Les Loyalistes et Le Rassemblement - Forts et unis,LL-LR,271,46.724137931034484,166.047711423762,-21.8654175541592
Province Sud,Boulouparis,0001,Mairie,880,599,580,11,Unis pour le Pays,UNI,15,2.586206896551724,166.047711423762,-21.8654175541592
Province Sud,Boulouparis,0001,Mairie,880,599,580,12,Un espoir pour demain,Un espoir pour demain,8,1.3793103448275863,166.047711423762,-21.8654175541592
Province Sud,Boulouparis,0002,Maison des associations du village de Boulouparis,714,578,570,1,Un autre monde est possible !,Éveil océanien,16,2.807017543859649,166.049037015845,-21.8654352350015
Province Sud,Boulouparis,0002,Maison des associations du village de Boulouparis,714,578,570,2,Kanaky pour tous,FLNKS,73,12.807017543859649,166.049037015845,-21.8654352350015
Province Sud,Boulouparis,0002,Maison des associations du village de Boulouparis,714,578,570,3,"France Calédonie, une patrie",RN-MCFNC,6,1.0526315789473684,166.049037015845,-21.8654352350015
Province Sud,Boulouparis,0002,Maison des associations du village de Boulouparis,714,578,570,5,Une Province pour tous,DVC-Calédonie ensemble,19,3.3333333333333335,166.049037015845,-21.8654352350015
Province Sud,Boulouparis,0002,Maison des associations du village de Boulouparis,714,578,570,6,Souveraineté Kanaky Nouvelle-Calédonie,SKNC,4,0.7017543859649122,166.049037015845,-21.8654352350015
Province Sud,Boulouparis,0002,Maison des associations du village de Boulouparis,714,578,570,7,Faire Pays,Faire Pays,9,1.5789473684210527,166.049037015845,-21.8654352350015
Province Sud,Boulouparis,0002,Maison des associations du village de Boulouparis,714,578,570,8,Pour une Calédonie française,Pour une Calédonie française,10,1.7543859649122806,166.049037015845,-21.8654352350015
Province Sud,Boulouparis,0002,Maison des associations du village de Boulouparis,714,578,570,9,"Nous, réunis !","Nous, réunis",7,1.2280701754385965,166.049037015845,-21.8654352350015
Province Sud,Boulouparis,0002,Maison des associations du village de Boulouparis,714,578,570,10,Les Loyalistes et Le Rassemblement - Forts et unis,LL-LR,406,71.2280701754386,166.049037015845,-21.8654352350015
Province Sud,Boulouparis,0002,Maison des associations du village de Boulouparis,714,578,570,11,Unis pour le Pays,UNI,11,1.9298245614035088,166.049037015845,-21.8654352350015
Province Sud,Boulouparis,0002,Maison des associations du village de Boulouparis,714,578,570,12,Un espoir pour demain,Un espoir pour demain,9,1.5789473684210527,166.049037015845,-21.8654352350015
Province Sud,Boulouparis,0003,Centre culturel de Boulouparis,762,587,577,1,Un autre monde est possible !,Éveil océanien,13,2.2530329289428077,166.047082551458,-21.8655893376649
Province Sud,Boulouparis,0003,Centre culturel de Boulouparis,762,587,577,2,Kanaky pour tous,FLNKS,83,14.38474870017331,166.047082551458,-21.8655893376649
Province Sud,Boulouparis,0003,Centre culturel de Boulouparis,762,587,577,3,"France Calédonie, une patrie",RN-MCFNC,9,1.559792027729636,166.047082551458,-21.8655893376649
Province Sud,Boulouparis,0003,Centre culturel de Boulouparis,762,587,577,5,Une Province pour tous,DVC-Calédonie ensemble,13,2.2530329289428077,166.047082551458,-21.8655893376649
Province Sud,Boulouparis,0003,Centre culturel de Boulouparis,762,587,577,6,Souveraineté Kanaky Nouvelle-Calédonie,SKNC,4,0.6932409012131716,166.047082551458,-21.8655893376649
Province Sud,Boulouparis,0003,Centre culturel de Boulouparis,762,587,577,7,Faire Pays,Faire Pays,19,3.292894280762565,166.047082551458,-21.8655893376649
Province Sud,Boulouparis,0003,Centre culturel de Boulouparis,762,587,577,8,Pour une Calédonie française,Pour une Calédonie française,26,4.506065857885615,166.047082551458,-21.8655893376649
Province Sud,Boulouparis,0003,Centre culturel de Boulouparis,762,587,577,9,"Nous, réunis !","Nous, réunis",28,4.852686308492201,166.047082551458,-21.8655893376649
Province Sud,Boulouparis,0003,Centre culturel de Boulouparis,762,587,577,10,Les Loyalistes et Le Rassemblement - Forts et unis,LL-LR,360,62.39168110918544,166.047082551458,-21.8655893376649
Province Sud,Boulouparis,0003,Centre culturel de Boulouparis,762,587,577,11,Unis pour le Pays,UNI,8,1.3864818024263432,166.047082551458,-21.8655893376649
Province Sud,Boulouparis,0003,Centre culturel de Boulouparis,762,587,577,12,Un espoir pour demain,Un espoir pour demain,14,2.4263431542461005,166.047082551458,-21.8655893376649
Province Sud,Boulouparis,0004,Maison des associations du village de Tomo,716,492,470,1,Un autre monde est possible !,Éveil océanien,29,6.170212765957447,166.049037015845,-21.8654352350015
Province Sud,Boulouparis,0004,Maison des associations du village de Tomo,716,492,470,2,Kanaky pour tous,FLNKS,114,24.25531914893617,166.049037015845,-21.8654352350015
Province Sud,Boulouparis,0004,Maison des associations du village de Tomo,716,492,470,3,"France Calédonie, une patrie",RN-MCFNC,12,2.5531914893617023,166.049037015845,-21.8654352350015
Province Sud,Boulouparis,0004,Maison des associations du village de Tomo,716,492,470,5,Une Province pour tous,DVC-Calédonie ensemble,19,4.042553191489362,166.049037015845,-21.8654352350015
Province Sud,Boulouparis,0004,Maison des associations du village de Tomo,716,492,470,6,Souveraineté Kanaky Nouvelle-Calédonie,SKNC,11,2.3404255319148937,166.049037015845,-21.8654352350015
Province Sud,Boulouparis,0004,Maison des associations du village de Tomo,716,492,470,7,Faire Pays,Faire Pays,12,2.5531914893617023,166.049037015845,-21.8654352350015
Province Sud,Boulouparis,0004,Maison des associations du village de Tomo,716,492,470,8,Pour une Calédonie française,Pour une Calédonie française,17,3.617021276595745,166.049037015845,-21.8654352350015
Province Sud,Boulouparis,0004,Maison des associations du village de Tomo,716,492,470,9,"Nous, réunis !","Nous, réunis",19,4.042553191489362,166.049037015845,-21.8654352350015
Province Sud,Boulouparis,0004,Maison des associations du village de Tomo,716,492,470,10,Les Loyalistes et Le Rassemblement - Forts et unis,LL-LR,202,42.97872340425532,166.049037015845,-21.8654352350015
Province Sud,Boulouparis,0004,Maison des associations du village de Tomo,716,492,470,11,Unis pour le Pays,UNI,26,5.531914893617022,166.049037015845,-21.8654352350015
Province Sud,Boulouparis,0004,Maison des associations du village de Tomo,716,492,470,12,Un espoir pour demain,Un espoir pour demain,9,1.9148936170212767,166.049037015845,-21.8654352350015
Province Sud,Bourail,0001,Mairie,886,605,593,1,Un autre monde est possible !,Éveil océanien,23,3.87858347386172,165.497503614793,-21.5680444203004
Province Sud,Bourail,0001,Mairie,886,605,593,2,Kanaky pour tous,FLNKS,53,8.937605396290051,165.497503614793,-21.5680444203004
Province Sud,Bourail,0001,Mairie,886,605,593,3,"France Calédonie, une patrie",RN-MCFNC,7,1.1804384485666104,165.497503614793,-21.5680444203004
Province Sud,Bourail,0001,Mairie,886,605,593,5,Une Province pour tous,DVC-Calédonie ensemble,27,4.5531197301854975,165.497503614793,-21.5680444203004
Province Sud,Bourail,0001,Mairie,886,605,593,6,Souveraineté Kanaky Nouvelle-Calédonie,SKNC,22,3.709949409780776,165.497503614793,-21.5680444203004
Province Sud,Bourail,0001,Mairie,886,605,593,7,Faire Pays,Faire Pays,37,6.239460370994941,165.497503614793,-21.5680444203004
Province Sud,Bourail,0001,Mairie,886,605,593,8,Pour une Calédonie française,Pour une Calédonie française,8,1.349072512647555,165.497503614793,-21.5680444203004
Province Sud,Bourail,0001,Mairie,886,605,593,9,"Nous, réunis !","Nous, réunis",41,6.913996627318719,165.497503614793,-21.5680444203004
Province Sud,Bourail,0001,Mairie,886,605,593,10,Les Loyalistes et Le Rassemblement - Forts et unis,LL-LR,322,54.30016863406408,165.497503614793,-21.5680444203004
Province Sud,Bourail,0001,Mairie,886,605,593,11,Unis pour le Pays,UNI,37,6.239460370994941,165.497503614793,-21.5680444203004
Province Sud,Bourail,0001,Mairie,886,605,593,12,Un espoir pour demain,Un espoir pour demain,16,2.69814502529511,165.497503614793,-21.5680444203004
Province Sud,Bourail,0002,Pothé,900,535,526,1,Un autre monde est possible !,Éveil océanien,15,2.8517110266159698,165.491900847299,-21.4547330481005
Province Sud,Bourail,0002,Pothé,900,535,526,2,Kanaky pour tous,FLNKS,276,52.47148288973384,165.491900847299,-21.4547330481005
Province Sud,Bourail,0002,Pothé,900,535,526,3,"France Calédonie, une patrie",RN-MCFNC,1,0.19011406844106463,165.491900847299,-21.4547330481005
Province Sud,Bourail,0002,Pothé,900,535,526,5,Une Province pour tous,DVC-Calédonie ensemble,22,4.182509505703422,165.491900847299,-21.4547330481005
Province Sud,Bourail,0002,Pothé,900,535,526,6,Souveraineté Kanaky Nouvelle-Calédonie,SKNC,21,3.9923954372623576,165.491900847299,-21.4547330481005
Province Sud,Bourail,0002,Pothé,900,535,526,7,Faire Pays,Faire Pays,38,7.224334600760456,165.491900847299,-21.4547330481005
Province Sud,Bourail,0002,Pothé,900,535,526,8,Pour une Calédonie française,Pour une Calédonie française,3,0.5703422053231939,165.491900847299,-21.4547330481005
Province Sud,Bourail,0002,Pothé,900,535,526,9,"Nous, réunis !","Nous, réunis",9,1.7110266159695817,165.491900847299,-21.4547330481005
Province Sud,Bourail,0002,Pothé,900,535,526,10,Les Loyalistes et Le Rassemblement - Forts et unis,LL-LR,15,2.8517110266159698,165.491900847299,-21.4547330481005
Province Sud,Bourail,0002,Pothé,900,535,526,11,Unis pour le Pays,UNI,123,23.38403041825095,165.491900847299,-21.4547330481005
Province Sud,Bourail,0002,Pothé,900,535,526,12,Un espoir pour demain,Un espoir pour demain,3,0.5703422053231939,165.491900847299,-21.4547330481005
Province Sud,Bourail,0003,Colisée 1,934,718,700,1,Un autre monde est possible !,Éveil océanien,29,4.142857142857143,165.49385205691,-21.5656940047007
Province Sud,Bourail,0003,Colisée 1,934,718,700,2,Kanaky pour tous,FLNKS,54,7.714285714285714,165.49385205691,-21.5656940047007
Province Sud,Bourail,0003,Colisée 1,934,718,700,3,"France Calédonie, une patrie",RN-MCFNC,7,1,165.49385205691,-21.5656940047007
Province Sud,Bourail,0003,Colisée 1,934,718,700,5,Une Province pour tous,DVC-Calédonie ensemble,24,3.4285714285714284,165.49385205691,-21.5656940047007
Province Sud,Bourail,0003,Colisée 1,934,718,700,6,Souveraineté Kanaky Nouvelle-Calédonie,SKNC,14,2,165.49385205691,-21.5656940047007
Province Sud,Bourail,0003,Colisée 1,934,718,700,7,Faire Pays,Faire Pays,40,5.714285714285714,165.49385205691,-21.5656940047007
Province Sud,Bourail,0003,Colisée 1,934,718,700,8,Pour une Calédonie française,Pour une Calédonie française,10,1.4285714285714286,165.49385205691,-21.5656940047007
Province Sud,Bourail,0003,Colisée 1,934,718,700,9,"Nous, réunis !","Nous, réunis",47,6.714285714285714,165.49385205691,-21.5656940047007
Province Sud,Bourail,0003,Colisée 1,934,718,700,10,Les Loyalistes et Le Rassemblement - Forts et unis,LL-LR,431,61.57142857142857,165.49385205691,-21.5656940047007
Province Sud,Bourail,0003,Colisée 1,934,718,700,11,Unis pour le Pays,UNI,36,5.142857142857143,165.49385205691,-21.5656940047007
Province Sud,Bourail,0003,Colisée 1,934,718,700,12,Un espoir pour demain,Un espoir pour demain,8,1.1428571428571428,165.49385205691,-21.5656940047007
Province Sud,Bourail,0004,Ecole Les Lys D'Eau,805,585,574,1,Un autre monde est possible !,Éveil océanien,10,1.7421602787456445,165.49748641875,-21.5730483252455
Province Sud,Bourail,0004,Ecole Les Lys D'Eau,805,585,574,2,Kanaky pour tous,FLNKS,40,6.968641114982578,165.49748641875,-21.5730483252455
Province Sud,Bourail,0004,Ecole Les Lys D'Eau,805,585,574,3,"France Calédonie, une patrie",RN-MCFNC,8,1.3937282229965158,165.49748641875,-21.5730483252455
Province Sud,Bourail,0004,Ecole Les Lys D'Eau,805,585,574,5,Une Province pour tous,DVC-Calédonie ensemble,35,6.097560975609756,165.49748641875,-21.5730483252455
Province Sud,Bourail,0004,Ecole Les Lys D'Eau,805,585,574,6,Souveraineté Kanaky Nouvelle-Calédonie,SKNC,9,1.5679442508710801,165.49748641875,-21.5730483252455
Province Sud,Bourail,0004,Ecole Les Lys D'Eau,805,585,574,7,Faire Pays,Faire Pays,37,6.445993031358885,165.49748641875,-21.5730483252455
Province Sud,Bourail,0004,Ecole Les Lys D'Eau,805,585,574,8,Pour une Calédonie française,Pour une Calédonie française,6,1.0452961672473868,165.49748641875,-21.5730483252455
Province Sud,Bourail,0004,Ecole Les Lys D'Eau,805,585,574,9,"Nous, réunis !","Nous, réunis",30,5.2264808362369335,165.49748641875,-21.5730483252455
Province Sud,Bourail,0004,Ecole Les Lys D'Eau,805,585,574,10,Les Loyalistes et Le Rassemblement - Forts et unis,LL-LR,359,62.54355400696864,165.49748641875,-21.5730483252455
Province Sud,Bourail,0004,Ecole Les Lys D'Eau,805,585,574,11,Unis pour le Pays,UNI,33,5.7491289198606275,165.49748641875,-21.5730483252455
Province Sud,Bourail,0004,Ecole Les Lys D'Eau,805,585,574,12,Un espoir pour demain,Un espoir pour demain,7,1.2195121951219512,165.49748641875,-21.5730483252455
Province Sud,Bourail,0005,Colisée 2,936,663,650,1,Un autre monde est possible !,Éveil océanien,7,1.0769230769230769,165.497379452405,-21.57045570157
Province Sud,Bourail,0005,Colisée 2,936,663,650,2,Kanaky pour tous,FLNKS,68,10.461538461538462,165.497379452405,-21.57045570157
Province Sud,Bourail,0005,Colisée 2,936,663,650,3,"France Calédonie, une patrie",RN-MCFNC,4,0.6153846153846154,165.497379452405,-21.57045570157
Province Sud,Bourail,0005,Colisée 2,936,663,650,5,Une Province pour tous,DVC-Calédonie ensemble,27,4.153846153846154,165.497379452405,-21.57045570157
Province Sud,Bourail,0005,Colisée 2,936,663,650,6,Souveraineté Kanaky Nouvelle-Calédonie,SKNC,15,2.3076923076923075,165.497379452405,-21.57045570157
Province Sud,Bourail,0005,Colisée 2,936,663,650,7,Faire Pays,Faire Pays,24,3.6923076923076925,165.497379452405,-21.57045570157
Province Sud,Bourail,0005,Colisée 2,936,663,650,8,Pour une Calédonie française,Pour une Calédonie française,14,2.1538461538461537,165.497379452405,-21.57045570157
Province Sud,Bourail,0005,Colisée 2,936,663,650,9,"Nous, réunis !","Nous, réunis",46,7.076923076923077,165.497379452405,-21.57045570157
Province Sud,Bourail,0005,Colisée 2,936,663,650,10,Les Loyalistes et Le Rassemblement - Forts et unis,LL-LR,406,62.46153846153846,165.497379452405,-21.57045570157
Province Sud,Bourail,0005,Colisée 2,936,663,650,11,Unis pour le Pays,UNI,23,3.5384615384615383,165.497379452405,-21.57045570157
Province Sud,Bourail,0005,Colisée 2,936,663,650,12,Un espoir pour demain,Un espoir pour demain,16,2.4615384615384617,165.497379452405,-21.57045570157
Province Sud,Dumbéa,0001,Hôtel de Ville 1,903,632,621,1,Un autre monde est possible !,Éveil océanien,21,3.3816425120772946,166.457501065839,-22.1675460417822
Province Sud,Dumbéa,0001,Hôtel de Ville 1,903,632,621,2,Kanaky pour tous,FLNKS,33,5.314009661835748,166.457501065839,-22.1675460417822
Province Sud,Dumbéa,0001,Hôtel de Ville 1,903,632,621,3,"France Calédonie, une patrie",RN-MCFNC,9,1.4492753623188406,166.457501065839,-22.1675460417822
Province Sud,Dumbéa,0001,Hôtel de Ville 1,903,632,621,5,Une Province pour tous,DVC-Calédonie ensemble,16,2.576489533011272,166.457501065839,-22.1675460417822
Province Sud,Dumbéa,0001,Hôtel de Ville 1,903,632,621,6,Souveraineté Kanaky Nouvelle-Calédonie,SKNC,6,0.966183574879227,166.457501065839,-22.1675460417822
Province Sud,Dumbéa,0001,Hôtel de Ville 1,903,632,621,7,Faire Pays,Faire Pays,27,4.3478260869565215,166.457501065839,-22.1675460417822
Province Sud,Dumbéa,0001,Hôtel de Ville 1,903,632,621,8,Pour une Calédonie française,Pour une Calédonie française,6,0.966183574879227,166.457501065839,-22.1675460417822
Province Sud,Dumbéa,0001,Hôtel de Ville 1,903,632,621,9,"Nous, réunis !","Nous, réunis",36,5.797101449275362,166.457501065839,-22.1675460417822
Province Sud,Dumbéa,0001,Hôtel de Ville 1,903,632,621,10,Les Loyalistes et Le Rassemblement - Forts et unis,LL-LR,443,71.33655394524959,166.457501065839,-22.1675460417822
Province Sud,Dumbéa,0001,Hôtel de Ville 1,903,632,621,11,Unis pour le Pays,UNI,9,1.4492753623188406,166.457501065839,-22.1675460417822
Province Sud,Dumbéa,0001,Hôtel de Ville 1,903,632,621,12,Un espoir pour demain,Un espoir pour demain,15,2.4154589371980677,166.457501065839,-22.1675460417822
Province Sud,Dumbéa,0002,Hôtel de Ville 2,887,534,527,1,Un autre monde est possible !,Éveil océanien,125,23.719165085388994,166.457501065839,-22.1675460417822
Province Sud,Dumbéa,0002,Hôtel de Ville 2,887,534,527,2,Kanaky pour tous,FLNKS,102,19.35483870967742,166.457501065839,-22.1675460417822
Province Sud,Dumbéa,0002,Hôtel de Ville 2,887,534,527,3,"France Calédonie, une patrie",RN-MCFNC,3,0.5692599620493358,166.457501065839,-22.1675460417822
Province Sud,Dumbéa,0002,Hôtel de Ville 2,887,534,527,5,Une Province pour tous,DVC-Calédonie ensemble,31,5.882352941176471,166.457501065839,-22.1675460417822
Province Sud,Dumbéa,0002,Hôtel de Ville 2,887,534,527,6,Souveraineté Kanaky Nouvelle-Calédonie,SKNC,7,1.3282732447817838,166.457501065839,-22.1675460417822
Province Sud,Dumbéa,0002,Hôtel de Ville 2,887,534,527,7,Faire Pays,Faire Pays,22,4.174573055028463,166.457501065839,-22.1675460417822
Province Sud,Dumbéa,0002,Hôtel de Ville 2,887,534,527,8,Pour une Calédonie française,Pour une Calédonie française,6,1.1385199240986716,166.457501065839,-22.1675460417822
Province Sud,Dumbéa,0002,Hôtel de Ville 2,887,534,527,9,"Nous, réunis !","Nous, réunis",34,6.451612903225806,166.457501065839,-22.1675460417822
Province Sud,Dumbéa,0002,Hôtel de Ville 2,887,534,527,10,Les Loyalistes et Le Rassemblement - Forts et unis,LL-LR,178,33.776091081593925,166.457501065839,-22.1675460417822
Province Sud,Dumbéa,0002,Hôtel de Ville 2,887,534,527,11,Unis pour le Pays,UNI,12,2.2770398481973433,166.457501065839,-22.1675460417822
Province Sud,Dumbéa,0002,Hôtel de Ville 2,887,534,527,12,Un espoir pour demain,Un espoir pour demain,7,1.3282732447817838,166.457501065839,-22.1675460417822
Province Sud,Dumbéa,0003,Hôtel de Ville 3,1009,613,596,1,Un autre monde est possible !,Éveil océanien,110,18.456375838926174,166.457501065839,-22.1675460417822
Province Sud,Dumbéa,0003,Hôtel de Ville 3,1009,613,596,2,Kanaky pour tous,FLNKS,134,22.483221476510067,166.457501065839,-22.1675460417822
Province Sud,Dumbéa,0003,Hôtel de Ville 3,1009,613,596,3,"France Calédonie, une patrie",RN-MCFNC,6,1.0067114093959733,166.457501065839,-22.1675460417822
Province Sud,Dumbéa,0003,Hôtel de Ville 3,1009,613,596,5,Une Province pour tous,DVC-Calédonie ensemble,49,8.221476510067115,166.457501065839,-22.1675460417822
Province Sud,Dumbéa,0003,Hôtel de Ville 3,1009,613,596,6,Souveraineté Kanaky Nouvelle-Calédonie,SKNC,15,2.5167785234899327,166.457501065839,-22.1675460417822
Province Sud,Dumbéa,0003,Hôtel de Ville 3,1009,613,596,7,Faire Pays,Faire Pays,29,4.865771812080537,166.457501065839,-22.1675460417822
Province Sud,Dumbéa,0003,Hôtel de Ville 3,1009,613,596,8,Pour une Calédonie française,Pour une Calédonie française,4,0.6711409395973155,166.457501065839,-22.1675460417822
Province Sud,Dumbéa,0003,Hôtel de Ville 3,1009,613,596,9,"Nous, réunis !","Nous, réunis",46,7.718120805369128,166.457501065839,-22.1675460417822
Province Sud,Dumbéa,0003,Hôtel de Ville 3,1009,613,596,10,Les Loyalistes et Le Rassemblement - Forts et unis,LL-LR,181,30.369127516778523,166.457501065839,-22.1675460417822
Province Sud,Dumbéa,0003,Hôtel de Ville 3,1009,613,596,11,Unis pour le Pays,UNI,17,2.8523489932885906,166.457501065839,-22.1675460417822
Province Sud,Dumbéa,0003,Hôtel de Ville 3,1009,613,596,12,Un espoir pour demain,Un espoir pour demain,5,0.8389261744966443,166.457501065839,-22.1675460417822
Province Sud,Dumbéa,0004,Salle omnisports d'Auteuil Ernest Chambonnier 1,974,591,585,1,Un autre monde est possible !,Éveil océanien,72,12.307692307692308,166.474584305922,-22.2148395317313
Province Sud,Dumbéa,0004,Salle omnisports d'Auteuil Ernest Chambonnier 1,974,591,585,2,Kanaky pour tous,FLNKS,136,23.247863247863247,166.474584305922,-22.2148395317313
Province Sud,Dumbéa,0004,Salle omnisports d'Auteuil Ernest Chambonnier 1,974,591,585,3,"France Calédonie, une patrie",RN-MCFNC,4,0.6837606837606838,166.474584305922,-22.2148395317313
Province Sud,Dumbéa,0004,Salle omnisports d'Auteuil Ernest Chambonnier 1,974,591,585,5,Une Province pour tous,DVC-Calédonie ensemble,51,8.717948717948717,166.474584305922,-22.2148395317313
Province Sud,Dumbéa,0004,Salle omnisports d'Auteuil Ernest Chambonnier 1,974,591,585,6,Souveraineté Kanaky Nouvelle-Calédonie,SKNC,10,1.7094017094017093,166.474584305922,-22.2148395317313
Province Sud,Dumbéa,0004,Salle omnisports d'Auteuil Ernest Chambonnier 1,974,591,585,7,Faire Pays,Faire Pays,44,7.521367521367521,166.474584305922,-22.2148395317313
Province Sud,Dumbéa,0004,Salle omnisports d'Auteuil Ernest Chambonnier 1,974,591,585,8,Pour une Calédonie française,Pour une Calédonie française,5,0.8547008547008547,166.474584305922,-22.2148395317313
Province Sud,Dumbéa,0004,Salle omnisports d'Auteuil Ernest Chambonnier 1,974,591,585,9,"Nous, réunis !","Nous, réunis",24,4.102564102564102,166.474584305922,-22.2148395317313
Province Sud,Dumbéa,0004,Salle omnisports d'Auteuil Ernest Chambonnier 1,974,591,585,10,Les Loyalistes et Le Rassemblement - Forts et unis,LL-LR,213,36.41025641025641,166.474584305922,-22.2148395317313
Province Sud,Dumbéa,0004,Salle omnisports d'Auteuil Ernest Chambonnier 1,974,591,585,11,Unis pour le Pays,UNI,21,3.58974358974359,166.474584305922,-22.2148395317313
Province Sud,Dumbéa,0004,Salle omnisports d'Auteuil Ernest Chambonnier 1,974,591,585,12,Un espoir pour demain,Un espoir pour demain,5,0.8547008547008547,166.474584305922,-22.2148395317313
Province Sud,Dumbéa,0005,Salle omnisports d'Auteuil Ernest Chambonnier 2,643,330,317,1,Un autre monde est possible !,Éveil océanien,74,23.34384858044164,166.474584305922,-22.2148395317313
Province Sud,Dumbéa,0005,Salle omnisports d'Auteuil Ernest Chambonnier 2,643,330,317,2,Kanaky pour tous,FLNKS,75,23.65930599369085,166.474584305922,-22.2148395317313
Province Sud,Dumbéa,0005,Salle omnisports d'Auteuil Ernest Chambonnier 2,643,330,317,3,"France Calédonie, une patrie",RN-MCFNC,1,0.31545741324921134,166.474584305922,-22.2148395317313
Province Sud,Dumbéa,0005,Salle omnisports d'Auteuil Ernest Chambonnier 2,643,330,317,5,Une Province pour tous,DVC-Calédonie ensemble,43,13.564668769716087,166.474584305922,-22.2148395317313
Province Sud,Dumbéa,0005,Salle omnisports d'Auteuil Ernest Chambonnier 2,643,330,317,6,Souveraineté Kanaky Nouvelle-Calédonie,SKNC,6,1.8927444794952681,166.474584305922,-22.2148395317313
Province Sud,Dumbéa,0005,Salle omnisports d'Auteuil Ernest Chambonnier 2,643,330,317,7,Faire Pays,Faire Pays,16,5.047318611987381,166.474584305922,-22.2148395317313
Province Sud,Dumbéa,0005,Salle omnisports d'Auteuil Ernest Chambonnier 2,643,330,317,8,Pour une Calédonie française,Pour une Calédonie française,2,0.6309148264984227,166.474584305922,-22.2148395317313
Province Sud,Dumbéa,0005,Salle omnisports d'Auteuil Ernest Chambonnier 2,643,330,317,9,"Nous, réunis !","Nous, réunis",8,2.5236593059936907,166.474584305922,-22.2148395317313
Province Sud,Dumbéa,0005,Salle omnisports d'Auteuil Ernest Chambonnier 2,643,330,317,10,Les Loyalistes et Le Rassemblement - Forts et unis,LL-LR,83,26.182965299684543,166.474584305922,-22.2148395317313
Province Sud,Dumbéa,0005,Salle omnisports d'Auteuil Ernest Chambonnier 2,643,330,317,11,Unis pour le Pays,UNI,8,2.5236593059936907,166.474584305922,-22.2148395317313
Province Sud,Dumbéa,0005,Salle omnisports d'Auteuil Ernest Chambonnier 2,643,330,317,12,Un espoir pour demain,Un espoir pour demain,1,0.31545741324921134,166.474584305922,-22.2148395317313
Province Sud,Dumbéa,0006,Salle omnisports d'Auteuil Ernest Chambonnier 3,785,469,453,1,Un autre monde est possible !,Éveil océanien,161,35.54083885209713,166.474913290828,-22.2056811434969
Province Sud,Dumbéa,0006,Salle omnisports d'Auteuil Ernest Chambonnier 3,785,469,453,2,Kanaky pour tous,FLNKS,58,12.803532008830022,166.474913290828,-22.2056811434969
Province Sud,Dumbéa,0006,Salle omnisports d'Auteuil Ernest Chambonnier 3,785,469,453,3,"France Calédonie, une patrie",RN-MCFNC,1,0.22075055187637968,166.474913290828,-22.2056811434969
Province Sud,Dumbéa,0006,Salle omnisports d'Auteuil Ernest Chambonnier 3,785,469,453,5,Une Province pour tous,DVC-Calédonie ensemble,32,7.06401766004415,166.474913290828,-22.2056811434969
Province Sud,Dumbéa,0006,Salle omnisports d'Auteuil Ernest Chambonnier 3,785,469,453,6,Souveraineté Kanaky Nouvelle-Calédonie,SKNC,3,0.6622516556291391,166.474913290828,-22.2056811434969
Province Sud,Dumbéa,0006,Salle omnisports d'Auteuil Ernest Chambonnier 3,785,469,453,7,Faire Pays,Faire Pays,22,4.856512141280353,166.474913290828,-22.2056811434969
Province Sud,Dumbéa,0006,Salle omnisports d'Auteuil Ernest Chambonnier 3,785,469,453,8,Pour une Calédonie française,Pour une Calédonie française,4,0.8830022075055187,166.474913290828,-22.2056811434969
Province Sud,Dumbéa,0006,Salle omnisports d'Auteuil Ernest Chambonnier 3,785,469,453,9,"Nous, réunis !","Nous, réunis",17,3.752759381898455,166.474913290828,-22.2056811434969
Province Sud,Dumbéa,0006,Salle omnisports d'Auteuil Ernest Chambonnier 3,785,469,453,10,Les Loyalistes et Le Rassemblement - Forts et unis,LL-LR,134,29.58057395143488,166.474913290828,-22.2056811434969
Province Sud,Dumbéa,0006,Salle omnisports d'Auteuil Ernest Chambonnier 3,785,469,453,11,Unis pour le Pays,UNI,14,3.0905077262693155,166.474913290828,-22.2056811434969
Province Sud,Dumbéa,0006,Salle omnisports d'Auteuil Ernest Chambonnier 3,785,469,453,12,Un espoir pour demain,Un espoir pour demain,7,1.5452538631346577,166.474913290828,-22.2056811434969
Province Sud,Dumbéa,0007,Salle omnisports d'Auteuil Ernest Chambonnier 4,998,617,600,1,Un autre monde est possible !,Éveil océanien,122,20.333333333333332,166.474913290828,-22.2056811434969
Province Sud,Dumbéa,0007,Salle omnisports d'Auteuil Ernest Chambonnier 4,998,617,600,2,Kanaky pour tous,FLNKS,143,23.833333333333332,166.474913290828,-22.2056811434969
Province Sud,Dumbéa,0007,Salle omnisports d'Auteuil Ernest Chambonnier 4,998,617,600,3,"France Calédonie, une patrie",RN-MCFNC,7,1.1666666666666667,166.474913290828,-22.2056811434969
Province Sud,Dumbéa,0007,Salle omnisports d'Auteuil Ernest Chambonnier 4,998,617,600,5,Une Province pour tous,DVC-Calédonie ensemble,38,6.333333333333333,166.474913290828,-22.2056811434969
Province Sud,Dumbéa,0007,Salle omnisports d'Auteuil Ernest Chambonnier 4,998,617,600,6,Souveraineté Kanaky Nouvelle-Calédonie,SKNC,12,2,166.474913290828,-22.2056811434969
Province Sud,Dumbéa,0007,Salle omnisports d'Auteuil Ernest Chambonnier 4,998,617,600,7,Faire Pays,Faire Pays,24,4,166.474913290828,-22.2056811434969
Province Sud,Dumbéa,0007,Salle omnisports d'Auteuil Ernest Chambonnier 4,998,617,600,8,Pour une Calédonie française,Pour une Calédonie française,7,1.1666666666666667,166.474913290828,-22.2056811434969
Province Sud,Dumbéa,0007,Salle omnisports d'Auteuil Ernest Chambonnier 4,998,617,600,9,"Nous, réunis !","Nous, réunis",37,6.166666666666667,166.474913290828,-22.2056811434969
Province Sud,Dumbéa,0007,Salle omnisports d'Auteuil Ernest Chambonnier 4,998,617,600,10,Les Loyalistes et Le Rassemblement - Forts et unis,LL-LR,185,30.833333333333332,166.474913290828,-22.2056811434969
Province Sud,Dumbéa,0007,Salle omnisports d'Auteuil Ernest Chambonnier 4,998,617,600,11,Unis pour le Pays,UNI,12,2,166.474913290828,-22.2056811434969
Province Sud,Dumbéa,0007,Salle omnisports d'Auteuil Ernest Chambonnier 4,998,617,600,12,Un espoir pour demain,Un espoir pour demain,13,2.1666666666666665,166.474913290828,-22.2056811434969
Province Sud,Dumbéa,0008,Salle omnisports d'Auteuil Ernest Chambonnier 5,765,515,498,1,Un autre monde est possible !,Éveil océanien,40,8.032128514056225,166.474126141924,-22.2081759337081
Province Sud,Dumbéa,0008,Salle omnisports d'Auteuil Ernest Chambonnier 5,765,515,498,2,Kanaky pour tous,FLNKS,93,18.674698795180724,166.474126141924,-22.2081759337081
Province Sud,Dumbéa,0008,Salle omnisports d'Auteuil Ernest Chambonnier 5,765,515,498,3,"France Calédonie, une patrie",RN-MCFNC,2,0.40160642570281124,166.474126141924,-22.2081759337081
Province Sud,Dumbéa,0008,Salle omnisports d'Auteuil Ernest Chambonnier 5,765,515,498,5,Une Province pour tous,DVC-Calédonie ensemble,16,3.21285140562249,166.474126141924,-22.2081759337081
Province Sud,Dumbéa,0008,Salle omnisports d'Auteuil Ernest Chambonnier 5,765,515,498,6,Souveraineté Kanaky Nouvelle-Calédonie,SKNC,8,1.606425702811245,166.474126141924,-22.2081759337081
Province Sud,Dumbéa,0008,Salle omnisports d'Auteuil Ernest Chambonnier 5,765,515,498,7,Faire Pays,Faire Pays,19,3.8152610441767068,166.474126141924,-22.2081759337081
Province Sud,Dumbéa,0008,Salle omnisports d'Auteuil Ernest Chambonnier 5,765,515,498,8,Pour une Calédonie française,Pour une Calédonie française,5,1.0040160642570282,166.474126141924,-22.2081759337081
Province Sud,Dumbéa,0008,Salle omnisports d'Auteuil Ernest Chambonnier 5,765,515,498,9,"Nous, réunis !","Nous, réunis",26,5.220883534136546,166.474126141924,-22.2081759337081
Province Sud,Dumbéa,0008,Salle omnisports d'Auteuil Ernest Chambonnier 5,765,515,498,10,Les Loyalistes et Le Rassemblement - Forts et unis,LL-LR,269,54.01606425702811,166.474126141924,-22.2081759337081
Province Sud,Dumbéa,0008,Salle omnisports d'Auteuil Ernest Chambonnier 5,765,515,498,11,Unis pour le Pays,UNI,12,2.4096385542168677,166.474126141924,-22.2081759337081
Province Sud,Dumbéa,0008,Salle omnisports d'Auteuil Ernest Chambonnier 5,765,515,498,12,Un espoir pour demain,Un espoir pour demain,8,1.606425702811245,166.474126141924,-22.2081759337081
Province Sud,Dumbéa,0009,Salle omnisports d'Auteuil Ernest Chambonnier 6,398,211,209,1,Un autre monde est possible !,Éveil océanien,36,17.22488038277512,166.474126141924,-22.2081759337081
Province Sud,Dumbéa,0009,Salle omnisports d'Auteuil Ernest Chambonnier 6,398,211,209,2,Kanaky pour tous,FLNKS,51,24.401913875598087,166.474126141924,-22.2081759337081
Province Sud,Dumbéa,0009,Salle omnisports d'Auteuil Ernest Chambonnier 6,398,211,209,3,"France Calédonie, une patrie",RN-MCFNC,0,0,166.474126141924,-22.2081759337081
Province Sud,Dumbéa,0009,Salle omnisports d'Auteuil Ernest Chambonnier 6,398,211,209,5,Une Province pour tous,DVC-Calédonie ensemble,22,10.526315789473685,166.474126141924,-22.2081759337081
Province Sud,Dumbéa,0009,Salle omnisports d'Auteuil Ernest Chambonnier 6,398,211,209,6,Souveraineté Kanaky Nouvelle-Calédonie,SKNC,3,1.4354066985645932,166.474126141924,-22.2081759337081
Province Sud,Dumbéa,0009,Salle omnisports d'Auteuil Ernest Chambonnier 6,398,211,209,7,Faire Pays,Faire Pays,8,3.827751196172249,166.474126141924,-22.2081759337081
Province Sud,Dumbéa,0009,Salle omnisports d'Auteuil Ernest Chambonnier 6,398,211,209,8,Pour une Calédonie française,Pour une Calédonie française,1,0.4784688995215311,166.474126141924,-22.2081759337081
Province Sud,Dumbéa,0009,Salle omnisports d'Auteuil Ernest Chambonnier 6,398,211,209,9,"Nous, réunis !","Nous, réunis",18,8.61244019138756,166.474126141924,-22.2081759337081
Province Sud,Dumbéa,0009,Salle omnisports d'Auteuil Ernest Chambonnier 6,398,211,209,10,Les Loyalistes et Le Rassemblement - Forts et unis,LL-LR,48,22.966507177033492,166.474126141924,-22.2081759337081
Province Sud,Dumbéa,0009,Salle omnisports d'Auteuil Ernest Chambonnier 6,398,211,209,11,Unis pour le Pays,UNI,15,7.177033492822966,166.474126141924,-22.2081759337081
Province Sud,Dumbéa,0009,Salle omnisports d'Auteuil Ernest Chambonnier 6,398,211,209,12,Un espoir pour demain,Un espoir pour demain,7,3.349282296650718,166.474126141924,-22.2081759337081
Province Sud,Dumbéa,0010,Maison de la Jeunesse 1,878,605,588,1,Un autre monde est possible !,Éveil océanien,72,12.244897959183673,166.474126141924,-22.2081759337081
Province Sud,Dumbéa,0010,Maison de la Jeunesse 1,878,605,588,2,Kanaky pour tous,FLNKS,70,11.904761904761905,166.474126141924,-22.2081759337081
Province Sud,Dumbéa,0010,Maison de la Jeunesse 1,878,605,588,3,"France Calédonie, une patrie",RN-MCFNC,4,0.6802721088435374,166.474126141924,-22.2081759337081
Province Sud,Dumbéa,0010,Maison de la Jeunesse 1,878,605,588,5,Une Province pour tous,DVC-Calédonie ensemble,47,7.993197278911564,166.474126141924,-22.2081759337081
Province Sud,Dumbéa,0010,Maison de la Jeunesse 1,878,605,588,6,Souveraineté Kanaky Nouvelle-Calédonie,SKNC,3,0.5102040816326531,166.474126141924,-22.2081759337081
Province Sud,Dumbéa,0010,Maison de la Jeunesse 1,878,605,588,7,Faire Pays,Faire Pays,36,6.122448979591836,166.474126141924,-22.2081759337081
Province Sud,Dumbéa,0010,Maison de la Jeunesse 1,878,605,588,8,Pour une Calédonie française,Pour une Calédonie française,8,1.3605442176870748,166.474126141924,-22.2081759337081
Province Sud,Dumbéa,0010,Maison de la Jeunesse 1,878,605,588,9,"Nous, réunis !","Nous, réunis",24,4.081632653061225,166.474126141924,-22.2081759337081
Province Sud,Dumbéa,0010,Maison de la Jeunesse 1,878,605,588,10,Les Loyalistes et Le Rassemblement - Forts et unis,LL-LR,301,51.19047619047619,166.474126141924,-22.2081759337081
Province Sud,Dumbéa,0010,Maison de la Jeunesse 1,878,605,588,11,Unis pour le Pays,UNI,15,2.5510204081632653,166.474126141924,-22.2081759337081
Province Sud,Dumbéa,0010,Maison de la Jeunesse 1,878,605,588,12,Un espoir pour demain,Un espoir pour demain,8,1.3605442176870748,166.474126141924,-22.2081759337081
Province Sud,Dumbéa,0011,Maison de la Jeunesse 2,782,540,530,1,Un autre monde est possible !,Éveil océanien,48,9.056603773584905,166.460870510376,-22.2089353285944
Province Sud,Dumbéa,0011,Maison de la Jeunesse 2,782,540,530,2,Kanaky pour tous,FLNKS,41,7.735849056603773,166.460870510376,-22.2089353285944
Province Sud,Dumbéa,0011,Maison de la Jeunesse 2,782,540,530,3,"France Calédonie, une patrie",RN-MCFNC,5,0.9433962264150944,166.460870510376,-22.2089353285944
Province Sud,Dumbéa,0011,Maison de la Jeunesse 2,782,540,530,5,Une Province pour tous,DVC-Calédonie ensemble,36,6.7924528301886795,166.460870510376,-22.2089353285944
Province Sud,Dumbéa,0011,Maison de la Jeunesse 2,782,540,530,6,Souveraineté Kanaky Nouvelle-Calédonie,SKNC,5,0.9433962264150944,166.460870510376,-22.2089353285944
Province Sud,Dumbéa,0011,Maison de la Jeunesse 2,782,540,530,7,Faire Pays,Faire Pays,25,4.716981132075472,166.460870510376,-22.2089353285944
Province Sud,Dumbéa,0011,Maison de la Jeunesse 2,782,540,530,8,Pour une Calédonie française,Pour une Calédonie française,17,3.207547169811321,166.460870510376,-22.2089353285944
Province Sud,Dumbéa,0011,Maison de la Jeunesse 2,782,540,530,9,"Nous, réunis !","Nous, réunis",26,4.90566037735849,166.460870510376,-22.2089353285944
Province Sud,Dumbéa,0011,Maison de la Jeunesse 2,782,540,530,10,Les Loyalistes et Le Rassemblement - Forts et unis,LL-LR,315,59.43396226415094,166.460870510376,-22.2089353285944
Province Sud,Dumbéa,0011,Maison de la Jeunesse 2,782,540,530,11,Unis pour le Pays,UNI,6,1.1320754716981132,166.460870510376,-22.2089353285944
Province Sud,Dumbéa,0011,Maison de la Jeunesse 2,782,540,530,12,Un espoir pour demain,Un espoir pour demain,6,1.1320754716981132,166.460870510376,-22.2089353285944
Province Sud,Dumbéa,0012,Ecole primaire Gustave Clain 1,868,523,511,1,Un autre monde est possible !,Éveil océanien,83,16.2426614481409,166.460870510376,-22.2089353285944
Province Sud,Dumbéa,0012,Ecole primaire Gustave Clain 1,868,523,511,2,Kanaky pour tous,FLNKS,80,15.655577299412915,166.460870510376,-22.2089353285944
Province Sud,Dumbéa,0012,Ecole primaire Gustave Clain 1,868,523,511,3,"France Calédonie, une patrie",RN-MCFNC,3,0.5870841487279843,166.460870510376,-22.2089353285944
Province Sud,Dumbéa,0012,Ecole primaire Gustave Clain 1,868,523,511,5,Une Province pour tous,DVC-Calédonie ensemble,27,5.283757338551859,166.460870510376,-22.2089353285944
Province Sud,Dumbéa,0012,Ecole primaire Gustave Clain 1,868,523,511,6,Souveraineté Kanaky Nouvelle-Calédonie,SKNC,5,0.9784735812133072,166.460870510376,-22.2089353285944
Province Sud,Dumbéa,0012,Ecole primaire Gustave Clain 1,868,523,511,7,Faire Pays,Faire Pays,24,4.6966731898238745,166.460870510376,-22.2089353285944
Province Sud,Dumbéa,0012,Ecole primaire Gustave Clain 1,868,523,511,8,Pour une Calédonie française,Pour une Calédonie française,5,0.9784735812133072,166.460870510376,-22.2089353285944
Province Sud,Dumbéa,0012,Ecole primaire Gustave Clain 1,868,523,511,9,"Nous, réunis !","Nous, réunis",34,6.653620352250489,166.460870510376,-22.2089353285944
Province Sud,Dumbéa,0012,Ecole primaire Gustave Clain 1,868,523,511,10,Les Loyalistes et Le Rassemblement - Forts et unis,LL-LR,235,45.98825831702544,166.460870510376,-22.2089353285944
Province Sud,Dumbéa,0012,Ecole primaire Gustave Clain 1,868,523,511,11,Unis pour le Pays,UNI,10,1.9569471624266144,166.460870510376,-22.2089353285944
Province Sud,Dumbéa,0012,Ecole primaire Gustave Clain 1,868,523,511,12,Un espoir pour demain,Un espoir pour demain,5,0.9784735812133072,166.460870510376,-22.2089353285944
Province Sud,Dumbéa,0013,Ecole primaire Gustave Clain 2,821,492,484,1,Un autre monde est possible !,Éveil océanien,56,11.570247933884298,166.461460951246,-22.2085634346196
Province Sud,Dumbéa,0013,Ecole primaire Gustave Clain 2,821,492,484,2,Kanaky pour tous,FLNKS,112,23.140495867768596,166.461460951246,-22.2085634346196
Province Sud,Dumbéa,0013,Ecole primaire Gustave Clain 2,821,492,484,3,"France Calédonie, une patrie",RN-MCFNC,4,0.8264462809917356,166.461460951246,-22.2085634346196
Province Sud,Dumbéa,0013,Ecole primaire Gustave Clain 2,821,492,484,5,Une Province pour tous,DVC-Calédonie ensemble,21,4.338842975206612,166.461460951246,-22.2085634346196
Province Sud,Dumbéa,0013,Ecole primaire Gustave Clain 2,821,492,484,6,Souveraineté Kanaky Nouvelle-Calédonie,SKNC,6,1.2396694214876034,166.461460951246,-22.2085634346196
Province Sud,Dumbéa,0013,Ecole primaire Gustave Clain 2,821,492,484,7,Faire Pays,Faire Pays,15,3.0991735537190084,166.461460951246,-22.2085634346196
Province Sud,Dumbéa,0013,Ecole primaire Gustave Clain 2,821,492,484,8,Pour une Calédonie française,Pour une Calédonie française,5,1.0330578512396693,166.461460951246,-22.2085634346196
Province Sud,Dumbéa,0013,Ecole primaire Gustave Clain 2,821,492,484,9,"Nous, réunis !","Nous, réunis",34,7.024793388429752,166.461460951246,-22.2085634346196
Province Sud,Dumbéa,0013,Ecole primaire Gustave Clain 2,821,492,484,10,Les Loyalistes et Le Rassemblement - Forts et unis,LL-LR,209,43.18181818181818,166.461460951246,-22.2085634346196
Province Sud,Dumbéa,0013,Ecole primaire Gustave Clain 2,821,492,484,11,Unis pour le Pays,UNI,17,3.512396694214876,166.461460951246,-22.2085634346196
Province Sud,Dumbéa,0013,Ecole primaire Gustave Clain 2,821,492,484,12,Un espoir pour demain,Un espoir pour demain,5,1.0330578512396693,166.461460951246,-22.2085634346196
Province Sud,Dumbéa,0014,Ecole maternelle l'Oasis 1,727,501,494,1,Un autre monde est possible !,Éveil océanien,58,11.740890688259109,166.461460951246,-22.2085634346196
Province Sud,Dumbéa,0014,Ecole maternelle l'Oasis 1,727,501,494,2,Kanaky pour tous,FLNKS,51,10.323886639676113,166.461460951246,-22.2085634346196
Province Sud,Dumbéa,0014,Ecole maternelle l'Oasis 1,727,501,494,3,"France Calédonie, une patrie",RN-MCFNC,5,1.0121457489878543,166.461460951246,-22.2085634346196
Province Sud,Dumbéa,0014,Ecole maternelle l'Oasis 1,727,501,494,5,Une Province pour tous,DVC-Calédonie ensemble,22,4.4534412955465585,166.461460951246,-22.2085634346196
Province Sud,Dumbéa,0014,Ecole maternelle l'Oasis 1,727,501,494,6,Souveraineté Kanaky Nouvelle-Calédonie,SKNC,1,0.20242914979757085,166.461460951246,-22.2085634346196
Province Sud,Dumbéa,0014,Ecole maternelle l'Oasis 1,727,501,494,7,Faire Pays,Faire Pays,25,5.060728744939271,166.461460951246,-22.2085634346196
Province Sud,Dumbéa,0014,Ecole maternelle l'Oasis 1,727,501,494,8,Pour une Calédonie française,Pour une Calédonie française,9,1.8218623481781377,166.461460951246,-22.2085634346196
Province Sud,Dumbéa,0014,Ecole maternelle l'Oasis 1,727,501,494,9,"Nous, réunis !","Nous, réunis",32,6.477732793522267,166.461460951246,-22.2085634346196
Province Sud,Dumbéa,0014,Ecole maternelle l'Oasis 1,727,501,494,10,Les Loyalistes et Le Rassemblement - Forts et unis,LL-LR,270,54.65587044534413,166.461460951246,-22.2085634346196
Province Sud,Dumbéa,0014,Ecole maternelle l'Oasis 1,727,501,494,11,Unis pour le Pays,UNI,15,3.0364372469635628,166.461460951246,-22.2085634346196
Province Sud,Dumbéa,0014,Ecole maternelle l'Oasis 1,727,501,494,12,Un espoir pour demain,Un espoir pour demain,6,1.214574898785425,166.461460951246,-22.2085634346196
Province Sud,Dumbéa,0015,Ecole maternelle l'Oasis 2,739,487,474,1,Un autre monde est possible !,Éveil océanien,87,18.354430379746834,166.445998676866,-22.2013803961715
Province Sud,Dumbéa,0015,Ecole maternelle l'Oasis 2,739,487,474,2,Kanaky pour tous,FLNKS,75,15.822784810126583,166.445998676866,-22.2013803961715
Province Sud,Dumbéa,0015,Ecole maternelle l'Oasis 2,739,487,474,3,"France Calédonie, une patrie",RN-MCFNC,3,0.6329113924050633,166.445998676866,-22.2013803961715
Province Sud,Dumbéa,0015,Ecole maternelle l'Oasis 2,739,487,474,5,Une Province pour tous,DVC-Calédonie ensemble,22,4.641350210970464,166.445998676866,-22.2013803961715
Province Sud,Dumbéa,0015,Ecole maternelle l'Oasis 2,739,487,474,6,Souveraineté Kanaky Nouvelle-Calédonie,SKNC,5,1.0548523206751055,166.445998676866,-22.2013803961715
Province Sud,Dumbéa,0015,Ecole maternelle l'Oasis 2,739,487,474,7,Faire Pays,Faire Pays,12,2.5316455696202533,166.445998676866,-22.2013803961715
Province Sud,Dumbéa,0015,Ecole maternelle l'Oasis 2,739,487,474,8,Pour une Calédonie française,Pour une Calédonie française,5,1.0548523206751055,166.445998676866,-22.2013803961715
Province Sud,Dumbéa,0015,Ecole maternelle l'Oasis 2,739,487,474,9,"Nous, réunis !","Nous, réunis",24,5.063291139240507,166.445998676866,-22.2013803961715
Province Sud,Dumbéa,0015,Ecole maternelle l'Oasis 2,739,487,474,10,Les Loyalistes et Le Rassemblement - Forts et unis,LL-LR,225,47.46835443037975,166.445998676866,-22.2013803961715
Province Sud,Dumbéa,0015,Ecole maternelle l'Oasis 2,739,487,474,11,Unis pour le Pays,UNI,8,1.6877637130801688,166.445998676866,-22.2013803961715
Province Sud,Dumbéa,0015,Ecole maternelle l'Oasis 2,739,487,474,12,Un espoir pour demain,Un espoir pour demain,8,1.6877637130801688,166.445998676866,-22.2013803961715
Province Sud,Dumbéa,0016,Groupe scolaire Michelle Delacharlerie-Rolly 1,648,383,371,1,Un autre monde est possible !,Éveil océanien,51,13.746630727762803,166.445998676866,-22.2013803961715
Province Sud,Dumbéa,0016,Groupe scolaire Michelle Delacharlerie-Rolly 1,648,383,371,2,Kanaky pour tous,FLNKS,68,18.328840970350406,166.445998676866,-22.2013803961715
Province Sud,Dumbéa,0016,Groupe scolaire Michelle Delacharlerie-Rolly 1,648,383,371,3,"France Calédonie, une patrie",RN-MCFNC,2,0.5390835579514824,166.445998676866,-22.2013803961715
Province Sud,Dumbéa,0016,Groupe scolaire Michelle Delacharlerie-Rolly 1,648,383,371,5,Une Province pour tous,DVC-Calédonie ensemble,47,12.668463611859838,166.445998676866,-22.2013803961715
Province Sud,Dumbéa,0016,Groupe scolaire Michelle Delacharlerie-Rolly 1,648,383,371,6,Souveraineté Kanaky Nouvelle-Calédonie,SKNC,2,0.5390835579514824,166.445998676866,-22.2013803961715
Province Sud,Dumbéa,0016,Groupe scolaire Michelle Delacharlerie-Rolly 1,648,383,371,7,Faire Pays,Faire Pays,21,5.660377358490566,166.445998676866,-22.2013803961715
Province Sud,Dumbéa,0016,Groupe scolaire Michelle Delacharlerie-Rolly 1,648,383,371,8,Pour une Calédonie française,Pour une Calédonie française,5,1.3477088948787062,166.445998676866,-22.2013803961715
Province Sud,Dumbéa,0016,Groupe scolaire Michelle Delacharlerie-Rolly 1,648,383,371,9,"Nous, réunis !","Nous, réunis",31,8.355795148247978,166.445998676866,-22.2013803961715
Province Sud,Dumbéa,0016,Groupe scolaire Michelle Delacharlerie-Rolly 1,648,383,371,10,Les Loyalistes et Le Rassemblement - Forts et unis,LL-LR,121,32.61455525606469,166.445998676866,-22.2013803961715
Province Sud,Dumbéa,0016,Groupe scolaire Michelle Delacharlerie-Rolly 1,648,383,371,11,Unis pour le Pays,UNI,19,5.121293800539084,166.445998676866,-22.2013803961715
Province Sud,Dumbéa,0016,Groupe scolaire Michelle Delacharlerie-Rolly 1,648,383,371,12,Un espoir pour demain,Un espoir pour demain,4,1.0781671159029649,166.445998676866,-22.2013803961715
Province Sud,Dumbéa,0017,Groupe scolaire Michelle Delacharlerie-Rolly 2,778,402,394,1,Un autre monde est possible !,Éveil océanien,75,19.03553299492386,166.44418672502,-22.192372203396
Province Sud,Dumbéa,0017,Groupe scolaire Michelle Delacharlerie-Rolly 2,778,402,394,2,Kanaky pour tous,FLNKS,117,29.695431472081218,166.44418672502,-22.192372203396
Province Sud,Dumbéa,0017,Groupe scolaire Michelle Delacharlerie-Rolly 2,778,402,394,3,"France Calédonie, une patrie",RN-MCFNC,6,1.5228426395939085,166.44418672502,-22.192372203396
Province Sud,Dumbéa,0017,Groupe scolaire Michelle Delacharlerie-Rolly 2,778,402,394,5,Une Province pour tous,DVC-Calédonie ensemble,24,6.091370558375634,166.44418672502,-22.192372203396
Province Sud,Dumbéa,0017,Groupe scolaire Michelle Delacharlerie-Rolly 2,778,402,394,6,Souveraineté Kanaky Nouvelle-Calédonie,SKNC,1,0.25380710659898476,166.44418672502,-22.192372203396
Province Sud,Dumbéa,0017,Groupe scolaire Michelle Delacharlerie-Rolly 2,778,402,394,7,Faire Pays,Faire Pays,32,8.121827411167512,166.44418672502,-22.192372203396
Province Sud,Dumbéa,0017,Groupe scolaire Michelle Delacharlerie-Rolly 2,778,402,394,8,Pour une Calédonie française,Pour une Calédonie française,6,1.5228426395939085,166.44418672502,-22.192372203396
Province Sud,Dumbéa,0017,Groupe scolaire Michelle Delacharlerie-Rolly 2,778,402,394,9,"Nous, réunis !","Nous, réunis",29,7.3604060913705585,166.44418672502,-22.192372203396
Province Sud,Dumbéa,0017,Groupe scolaire Michelle Delacharlerie-Rolly 2,778,402,394,10,Les Loyalistes et Le Rassemblement - Forts et unis,LL-LR,91,23.096446700507613,166.44418672502,-22.192372203396
Province Sud,Dumbéa,0017,Groupe scolaire Michelle Delacharlerie-Rolly 2,778,402,394,11,Unis pour le Pays,UNI,12,3.045685279187817,166.44418672502,-22.192372203396
Province Sud,Dumbéa,0017,Groupe scolaire Michelle Delacharlerie-Rolly 2,778,402,394,12,Un espoir pour demain,Un espoir pour demain,1,0.25380710659898476,166.44418672502,-22.192372203396
Province Sud,Dumbéa,0018,Groupe scolaire Renée Fong 1,840,601,590,1,Un autre monde est possible !,Éveil océanien,65,11.016949152542374,166.44418672502,-22.192372203396
Province Sud,Dumbéa,0018,Groupe scolaire Renée Fong 1,840,601,590,2,Kanaky pour tous,FLNKS,53,8.983050847457626,166.44418672502,-22.192372203396
Province Sud,Dumbéa,0018,Groupe scolaire Renée Fong 1,840,601,590,3,"France Calédonie, une patrie",RN-MCFNC,5,0.847457627118644,166.44418672502,-22.192372203396
Province Sud,Dumbéa,0018,Groupe scolaire Renée Fong 1,840,601,590,5,Une Province pour tous,DVC-Calédonie ensemble,20,3.389830508474576,166.44418672502,-22.192372203396
Province Sud,Dumbéa,0018,Groupe scolaire Renée Fong 1,840,601,590,6,Souveraineté Kanaky Nouvelle-Calédonie,SKNC,3,0.5084745762711864,166.44418672502,-22.192372203396
Province Sud,Dumbéa,0018,Groupe scolaire Renée Fong 1,840,601,590,7,Faire Pays,Faire Pays,14,2.3728813559322033,166.44418672502,-22.192372203396
Province Sud,Dumbéa,0018,Groupe scolaire Renée Fong 1,840,601,590,8,Pour une Calédonie française,Pour une Calédonie française,7,1.1864406779661016,166.44418672502,-22.192372203396
Province Sud,Dumbéa,0018,Groupe scolaire Renée Fong 1,840,601,590,9,"Nous, réunis !","Nous, réunis",23,3.8983050847457625,166.44418672502,-22.192372203396
Province Sud,Dumbéa,0018,Groupe scolaire Renée Fong 1,840,601,590,10,Les Loyalistes et Le Rassemblement - Forts et unis,LL-LR,387,65.59322033898304,166.44418672502,-22.192372203396
Province Sud,Dumbéa,0018,Groupe scolaire Renée Fong 1,840,601,590,11,Unis pour le Pays,UNI,11,1.8644067796610169,166.44418672502,-22.192372203396
Province Sud,Dumbéa,0018,Groupe scolaire Renée Fong 1,840,601,590,12,Un espoir pour demain,Un espoir pour demain,2,0.3389830508474576,166.44418672502,-22.192372203396
Province Sud,Dumbéa,0019,Groupe scolaire Renée Fong 2,1223,724,712,1,Un autre monde est possible !,Éveil océanien,137,19.241573033707866,166.457501065839,-22.1675460417822
Province Sud,Dumbéa,0019,Groupe scolaire Renée Fong 2,1223,724,712,2,Kanaky pour tous,FLNKS,197,27.668539325842698,166.457501065839,-22.1675460417822
Province Sud,Dumbéa,0019,Groupe scolaire Renée Fong 2,1223,724,712,3,"France Calédonie, une patrie",RN-MCFNC,2,0.2808988764044944,166.457501065839,-22.1675460417822
Province Sud,Dumbéa,0019,Groupe scolaire Renée Fong 2,1223,724,712,5,Une Province pour tous,DVC-Calédonie ensemble,49,6.882022471910112,166.457501065839,-22.1675460417822
Province Sud,Dumbéa,0019,Groupe scolaire Renée Fong 2,1223,724,712,6,Souveraineté Kanaky Nouvelle-Calédonie,SKNC,8,1.1235955056179776,166.457501065839,-22.1675460417822
Province Sud,Dumbéa,0019,Groupe scolaire Renée Fong 2,1223,724,712,7,Faire Pays,Faire Pays,37,5.196629213483146,166.457501065839,-22.1675460417822
Province Sud,Dumbéa,0019,Groupe scolaire Renée Fong 2,1223,724,712,8,Pour une Calédonie française,Pour une Calédonie française,9,1.2640449438202248,166.457501065839,-22.1675460417822
Province Sud,Dumbéa,0019,Groupe scolaire Renée Fong 2,1223,724,712,9,"Nous, réunis !","Nous, réunis",54,7.584269662921348,166.457501065839,-22.1675460417822
Province Sud,Dumbéa,0019,Groupe scolaire Renée Fong 2,1223,724,712,10,Les Loyalistes et Le Rassemblement - Forts et unis,LL-LR,186,26.123595505617978,166.457501065839,-22.1675460417822
Province Sud,Dumbéa,0019,Groupe scolaire Renée Fong 2,1223,724,712,11,Unis pour le Pays,UNI,21,2.949438202247191,166.457501065839,-22.1675460417822
Province Sud,Dumbéa,0019,Groupe scolaire Renée Fong 2,1223,724,712,12,Un espoir pour demain,Un espoir pour demain,12,1.6853932584269662,166.457501065839,-22.1675460417822
Province Sud,Dumbéa,0020,Mairie du Nord 1,714,491,484,1,Un autre monde est possible !,Éveil océanien,36,7.43801652892562,166.457501065839,-22.1675460417822
Province Sud,Dumbéa,0020,Mairie du Nord 1,714,491,484,2,Kanaky pour tous,FLNKS,28,5.785123966942149,166.457501065839,-22.1675460417822
Province Sud,Dumbéa,0020,Mairie du Nord 1,714,491,484,3,"France Calédonie, une patrie",RN-MCFNC,6,1.2396694214876034,166.457501065839,-22.1675460417822
Province Sud,Dumbéa,0020,Mairie du Nord 1,714,491,484,5,Une Province pour tous,DVC-Calédonie ensemble,16,3.3057851239669422,166.457501065839,-22.1675460417822
Province Sud,Dumbéa,0020,Mairie du Nord 1,714,491,484,6,Souveraineté Kanaky Nouvelle-Calédonie,SKNC,4,0.8264462809917356,166.457501065839,-22.1675460417822
Province Sud,Dumbéa,0020,Mairie du Nord 1,714,491,484,7,Faire Pays,Faire Pays,18,3.71900826446281,166.457501065839,-22.1675460417822
Province Sud,Dumbéa,0020,Mairie du Nord 1,714,491,484,8,Pour une Calédonie française,Pour une Calédonie française,14,2.8925619834710745,166.457501065839,-22.1675460417822
Province Sud,Dumbéa,0020,Mairie du Nord 1,714,491,484,9,"Nous, réunis !","Nous, réunis",24,4.958677685950414,166.457501065839,-22.1675460417822
Province Sud,Dumbéa,0020,Mairie du Nord 1,714,491,484,10,Les Loyalistes et Le Rassemblement - Forts et unis,LL-LR,327,67.56198347107438,166.457501065839,-22.1675460417822
Province Sud,Dumbéa,0020,Mairie du Nord 1,714,491,484,11,Unis pour le Pays,UNI,9,1.859504132231405,166.457501065839,-22.1675460417822
Province Sud,Dumbéa,0020,Mairie du Nord 1,714,491,484,12,Un espoir pour demain,Un espoir pour demain,2,0.4132231404958678,166.457501065839,-22.1675460417822
Province Sud,Dumbéa,0021,Mairie du Nord 2,652,493,486,1,Un autre monde est possible !,Éveil océanien,13,2.674897119341564,166.457501065839,-22.1675460417822
Province Sud,Dumbéa,0021,Mairie du Nord 2,652,493,486,2,Kanaky pour tous,FLNKS,37,7.613168724279835,166.457501065839,-22.1675460417822
Province Sud,Dumbéa,0021,Mairie du Nord 2,652,493,486,3,"France Calédonie, une patrie",RN-MCFNC,12,2.4691358024691357,166.457501065839,-22.1675460417822
Province Sud,Dumbéa,0021,Mairie du Nord 2,652,493,486,5,Une Province pour tous,DVC-Calédonie ensemble,27,5.555555555555555,166.457501065839,-22.1675460417822
Province Sud,Dumbéa,0021,Mairie du Nord 2,652,493,486,6,Souveraineté Kanaky Nouvelle-Calédonie,SKNC,4,0.823045267489712,166.457501065839,-22.1675460417822
Province Sud,Dumbéa,0021,Mairie du Nord 2,652,493,486,7,Faire Pays,Faire Pays,17,3.4979423868312756,166.457501065839,-22.1675460417822
Province Sud,Dumbéa,0021,Mairie du Nord 2,652,493,486,8,Pour une Calédonie française,Pour une Calédonie française,12,2.4691358024691357,166.457501065839,-22.1675460417822
Province Sud,Dumbéa,0021,Mairie du Nord 2,652,493,486,9,"Nous, réunis !","Nous, réunis",32,6.584362139917696,166.457501065839,-22.1675460417822
Province Sud,Dumbéa,0021,Mairie du Nord 2,652,493,486,10,Les Loyalistes et Le Rassemblement - Forts et unis,LL-LR,322,66.2551440329218,166.457501065839,-22.1675460417822
Province Sud,Dumbéa,0021,Mairie du Nord 2,652,493,486,11,Unis pour le Pays,UNI,4,0.823045267489712,166.457501065839,-22.1675460417822
Province Sud,Dumbéa,0021,Mairie du Nord 2,652,493,486,12,Un espoir pour demain,Un espoir pour demain,6,1.2345679012345678,166.457501065839,-22.1675460417822
Province Sud,Dumbéa,0022,Mairie du Nord 3,715,433,421,1,Un autre monde est possible !,Éveil océanien,120,28.50356294536817,166.434846490836,-22.1399347171588
Province Sud,Dumbéa,0022,Mairie du Nord 3,715,433,421,2,Kanaky pour tous,FLNKS,20,4.750593824228028,166.434846490836,-22.1399347171588
Province Sud,Dumbéa,0022,Mairie du Nord 3,715,433,421,3,"France Calédonie, une patrie",RN-MCFNC,5,1.187648456057007,166.434846490836,-22.1399347171588
Province Sud,Dumbéa,0022,Mairie du Nord 3,715,433,421,5,Une Province pour tous,DVC-Calédonie ensemble,31,7.363420427553444,166.434846490836,-22.1399347171588
Province Sud,Dumbéa,0022,Mairie du Nord 3,715,433,421,6,Souveraineté Kanaky Nouvelle-Calédonie,SKNC,7,1.66270783847981,166.434846490836,-22.1399347171588
Province Sud,Dumbéa,0022,Mairie du Nord 3,715,433,421,7,Faire Pays,Faire Pays,8,1.9002375296912113,166.434846490836,-22.1399347171588
Province Sud,Dumbéa,0022,Mairie du Nord 3,715,433,421,8,Pour une Calédonie française,Pour une Calédonie française,11,2.6128266033254155,166.434846490836,-22.1399347171588
Province Sud,Dumbéa,0022,Mairie du Nord 3,715,433,421,9,"Nous, réunis !","Nous, réunis",24,5.7007125890736345,166.434846490836,-22.1399347171588
Province Sud,Dumbéa,0022,Mairie du Nord 3,715,433,421,10,Les Loyalistes et Le Rassemblement - Forts et unis,LL-LR,188,44.65558194774347,166.434846490836,-22.1399347171588
Province Sud,Dumbéa,0022,Mairie du Nord 3,715,433,421,11,Unis pour le Pays,UNI,2,0.4750593824228028,166.434846490836,-22.1399347171588
Province Sud,Dumbéa,0022,Mairie du Nord 3,715,433,421,12,Un espoir pour demain,Un espoir pour demain,5,1.187648456057007,166.434846490836,-22.1399347171588
Province Sud,Dumbéa,0023,Ecole primaire Paul Duboisé 1,905,645,635,1,Un autre monde est possible !,Éveil océanien,76,11.968503937007874,166.434846490836,-22.1399347171588
Province Sud,Dumbéa,0023,Ecole primaire Paul Duboisé 1,905,645,635,2,Kanaky pour tous,FLNKS,41,6.456692913385827,166.434846490836,-22.1399347171588
Province Sud,Dumbéa,0023,Ecole primaire Paul Duboisé 1,905,645,635,3,"France Calédonie, une patrie",RN-MCFNC,3,0.47244094488188976,166.434846490836,-22.1399347171588
Province Sud,Dumbéa,0023,Ecole primaire Paul Duboisé 1,905,645,635,5,Une Province pour tous,DVC-Calédonie ensemble,42,6.6141732283464565,166.434846490836,-22.1399347171588
Province Sud,Dumbéa,0023,Ecole primaire Paul Duboisé 1,905,645,635,6,Souveraineté Kanaky Nouvelle-Calédonie,SKNC,1,0.15748031496062992,166.434846490836,-22.1399347171588
Province Sud,Dumbéa,0023,Ecole primaire Paul Duboisé 1,905,645,635,7,Faire Pays,Faire Pays,14,2.204724409448819,166.434846490836,-22.1399347171588
Province Sud,Dumbéa,0023,Ecole primaire Paul Duboisé 1,905,645,635,8,Pour une Calédonie française,Pour une Calédonie française,9,1.4173228346456692,166.434846490836,-22.1399347171588
Province Sud,Dumbéa,0023,Ecole primaire Paul Duboisé 1,905,645,635,9,"Nous, réunis !","Nous, réunis",42,6.6141732283464565,166.434846490836,-22.1399347171588
Province Sud,Dumbéa,0023,Ecole primaire Paul Duboisé 1,905,645,635,10,Les Loyalistes et Le Rassemblement - Forts et unis,LL-LR,389,61.25984251968504,166.434846490836,-22.1399347171588
Province Sud,Dumbéa,0023,Ecole primaire Paul Duboisé 1,905,645,635,11,Unis pour le Pays,UNI,8,1.2598425196850394,166.434846490836,-22.1399347171588
Province Sud,Dumbéa,0023,Ecole primaire Paul Duboisé 1,905,645,635,12,Un espoir pour demain,Un espoir pour demain,10,1.5748031496062993,166.434846490836,-22.1399347171588
Province Sud,Dumbéa,0024,Ecole primaire Paul Duboisé 2,827,512,489,1,Un autre monde est possible !,Éveil océanien,120,24.539877300613497,166.436047169124,-22.1394710088392
Province Sud,Dumbéa,0024,Ecole primaire Paul Duboisé 2,827,512,489,2,Kanaky pour tous,FLNKS,60,12.269938650306749,166.436047169124,-22.1394710088392
Province Sud,Dumbéa,0024,Ecole primaire Paul Duboisé 2,827,512,489,3,"France Calédonie, une patrie",RN-MCFNC,3,0.6134969325153374,166.436047169124,-22.1394710088392
Province Sud,Dumbéa,0024,Ecole primaire Paul Duboisé 2,827,512,489,5,Une Province pour tous,DVC-Calédonie ensemble,40,8.1799591002045,166.436047169124,-22.1394710088392
Province Sud,Dumbéa,0024,Ecole primaire Paul Duboisé 2,827,512,489,6,Souveraineté Kanaky Nouvelle-Calédonie,SKNC,2,0.40899795501022496,166.436047169124,-22.1394710088392
Province Sud,Dumbéa,0024,Ecole primaire Paul Duboisé 2,827,512,489,7,Faire Pays,Faire Pays,29,5.930470347648262,166.436047169124,-22.1394710088392
Province Sud,Dumbéa,0024,Ecole primaire Paul Duboisé 2,827,512,489,8,Pour une Calédonie française,Pour une Calédonie française,7,1.4314928425357873,166.436047169124,-22.1394710088392
Province Sud,Dumbéa,0024,Ecole primaire Paul Duboisé 2,827,512,489,9,"Nous, réunis !","Nous, réunis",34,6.952965235173824,166.436047169124,-22.1394710088392
Province Sud,Dumbéa,0024,Ecole primaire Paul Duboisé 2,827,512,489,10,Les Loyalistes et Le Rassemblement - Forts et unis,LL-LR,184,37.627811860940696,166.436047169124,-22.1394710088392
Province Sud,Dumbéa,0024,Ecole primaire Paul Duboisé 2,827,512,489,11,Unis pour le Pays,UNI,6,1.2269938650306749,166.436047169124,-22.1394710088392
Province Sud,Dumbéa,0024,Ecole primaire Paul Duboisé 2,827,512,489,12,Un espoir pour demain,Un espoir pour demain,4,0.8179959100204499,166.436047169124,-22.1394710088392
Province Sud,Dumbéa,0025,Ecole maternelle les Colibris,802,516,508,1,Un autre monde est possible !,Éveil océanien,55,10.826771653543307,166.436047169124,-22.1394710088392
Province Sud,Dumbéa,0025,Ecole maternelle les Colibris,802,516,508,2,Kanaky pour tous,FLNKS,62,12.204724409448819,166.436047169124,-22.1394710088392
Province Sud,Dumbéa,0025,Ecole maternelle les Colibris,802,516,508,3,"France Calédonie, une patrie",RN-MCFNC,10,1.968503937007874,166.436047169124,-22.1394710088392
Province Sud,Dumbéa,0025,Ecole maternelle les Colibris,802,516,508,5,Une Province pour tous,DVC-Calédonie ensemble,27,5.31496062992126,166.436047169124,-22.1394710088392
Province Sud,Dumbéa,0025,Ecole maternelle les Colibris,802,516,508,6,Souveraineté Kanaky Nouvelle-Calédonie,SKNC,5,0.984251968503937,166.436047169124,-22.1394710088392
Province Sud,Dumbéa,0025,Ecole maternelle les Colibris,802,516,508,7,Faire Pays,Faire Pays,19,3.7401574803149606,166.436047169124,-22.1394710088392
Province Sud,Dumbéa,0025,Ecole maternelle les Colibris,802,516,508,8,Pour une Calédonie française,Pour une Calédonie française,13,2.559055118110236,166.436047169124,-22.1394710088392
Province Sud,Dumbéa,0025,Ecole maternelle les Colibris,802,516,508,9,"Nous, réunis !","Nous, réunis",35,6.889763779527559,166.436047169124,-22.1394710088392
Province Sud,Dumbéa,0025,Ecole maternelle les Colibris,802,516,508,10,Les Loyalistes et Le Rassemblement - Forts et unis,LL-LR,267,52.55905511811024,166.436047169124,-22.1394710088392
Province Sud,Dumbéa,0025,Ecole maternelle les Colibris,802,516,508,11,Unis pour le Pays,UNI,7,1.3779527559055118,166.436047169124,-22.1394710088392
Province Sud,Dumbéa,0025,Ecole maternelle les Colibris,802,516,508,12,Un espoir pour demain,Un espoir pour demain,8,1.5748031496062993,166.436047169124,-22.1394710088392
Province Sud,Dumbéa,0026,Groupe scolaire Frédéric-Louis Dorbritz 1,629,494,490,1,Un autre monde est possible !,Éveil océanien,22,4.489795918367347,166.437530865088,-22.1944939226253
Province Sud,Dumbéa,0026,Groupe scolaire Frédéric-Louis Dorbritz 1,629,494,490,2,Kanaky pour tous,FLNKS,14,2.857142857142857,166.437530865088,-22.1944939226253
Province Sud,Dumbéa,0026,Groupe scolaire Frédéric-Louis Dorbritz 1,629,494,490,3,"France Calédonie, une patrie",RN-MCFNC,13,2.6530612244897958,166.437530865088,-22.1944939226253
Province Sud,Dumbéa,0026,Groupe scolaire Frédéric-Louis Dorbritz 1,629,494,490,5,Une Province pour tous,DVC-Calédonie ensemble,14,2.857142857142857,166.437530865088,-22.1944939226253
Province Sud,Dumbéa,0026,Groupe scolaire Frédéric-Louis Dorbritz 1,629,494,490,6,Souveraineté Kanaky Nouvelle-Calédonie,SKNC,2,0.40816326530612246,166.437530865088,-22.1944939226253
Province Sud,Dumbéa,0026,Groupe scolaire Frédéric-Louis Dorbritz 1,629,494,490,7,Faire Pays,Faire Pays,6,1.2244897959183674,166.437530865088,-22.1944939226253
Province Sud,Dumbéa,0026,Groupe scolaire Frédéric-Louis Dorbritz 1,629,494,490,8,Pour une Calédonie française,Pour une Calédonie française,11,2.2448979591836733,166.437530865088,-22.1944939226253
Province Sud,Dumbéa,0026,Groupe scolaire Frédéric-Louis Dorbritz 1,629,494,490,9,"Nous, réunis !","Nous, réunis",36,7.346938775510204,166.437530865088,-22.1944939226253
Province Sud,Dumbéa,0026,Groupe scolaire Frédéric-Louis Dorbritz 1,629,494,490,10,Les Loyalistes et Le Rassemblement - Forts et unis,LL-LR,353,72.04081632653062,166.437530865088,-22.1944939226253
Province Sud,Dumbéa,0026,Groupe scolaire Frédéric-Louis Dorbritz 1,629,494,490,11,Unis pour le Pays,UNI,10,2.0408163265306123,166.437530865088,-22.1944939226253
Province Sud,Dumbéa,0026,Groupe scolaire Frédéric-Louis Dorbritz 1,629,494,490,12,Un espoir pour demain,Un espoir pour demain,9,1.836734693877551,166.437530865088,-22.1944939226253
Province Sud,Farino,0001,Mairie,635,500,481,1,Un autre monde est possible !,Éveil océanien,11,2.286902286902287,165.77595416144513,-21.666848976720875
Province Sud,Farino,0001,Mairie,635,500,481,2,Kanaky pour tous,FLNKS,39,8.108108108108109,165.77595416144513,-21.666848976720875
Province Sud,Farino,0001,Mairie,635,500,481,3,"France Calédonie, une patrie",RN-MCFNC,2,0.4158004158004158,165.77595416144513,-21.666848976720875
Province Sud,Farino,0001,Mairie,635,500,481,5,Une Province pour tous,DVC-Calédonie ensemble,39,8.108108108108109,165.77595416144513,-21.666848976720875
Province Sud,Farino,0001,Mairie,635,500,481,6,Souveraineté Kanaky Nouvelle-Calédonie,SKNC,4,0.8316008316008316,165.77595416144513,-21.666848976720875
Province Sud,Farino,0001,Mairie,635,500,481,7,Faire Pays,Faire Pays,17,3.5343035343035343,165.77595416144513,-21.666848976720875
Province Sud,Farino,0001,Mairie,635,500,481,8,Pour une Calédonie française,Pour une Calédonie française,16,3.3264033264033266,165.77595416144513,-21.666848976720875
Province Sud,Farino,0001,Mairie,635,500,481,9,"Nous, réunis !","Nous, réunis",37,7.6923076923076925,165.77595416144513,-21.666848976720875
Province Sud,Farino,0001,Mairie,635,500,481,10,Les Loyalistes et Le Rassemblement - Forts et unis,LL-LR,293,60.91476091476091,165.77595416144513,-21.666848976720875
Province Sud,Farino,0001,Mairie,635,500,481,11,Unis pour le Pays,UNI,20,4.158004158004158,165.77595416144513,-21.666848976720875
Province Sud,Farino,0001,Mairie,635,500,481,12,Un espoir pour demain,Un espoir pour demain,3,0.6237006237006237,165.77595416144513,-21.666848976720875
Province Sud,Ile des Pins,0001,Mairie 1,1030,586,583,1,Un autre monde est possible !,Éveil océanien,13,2.229845626072041,167.495819,-22.66517
Province Sud,Ile des Pins,0001,Mairie 1,1030,586,583,2,Kanaky pour tous,FLNKS,185,31.732418524871356,167.495819,-22.66517
Province Sud,Ile des Pins,0001,Mairie 1,1030,586,583,3,"France Calédonie, une patrie",RN-MCFNC,6,1.0291595197255574,167.495819,-22.66517
Province Sud,Ile des Pins,0001,Mairie 1,1030,586,583,5,Une Province pour tous,DVC-Calédonie ensemble,40,6.861063464837049,167.495819,-22.66517
Province Sud,Ile des Pins,0001,Mairie 1,1030,586,583,6,Souveraineté Kanaky Nouvelle-Calédonie,SKNC,37,6.346483704974271,167.495819,-22.66517
Province Sud,Ile des Pins,0001,Mairie 1,1030,586,583,7,Faire Pays,Faire Pays,12,2.058319039451115,167.495819,-22.66517
Province Sud,Ile des Pins,0001,Mairie 1,1030,586,583,8,Pour une Calédonie française,Pour une Calédonie française,1,0.17152658662092624,167.495819,-22.66517
Province Sud,Ile des Pins,0001,Mairie 1,1030,586,583,9,"Nous, réunis !","Nous, réunis",12,2.058319039451115,167.495819,-22.66517
Province Sud,Ile des Pins,0001,Mairie 1,1030,586,583,10,Les Loyalistes et Le Rassemblement - Forts et unis,LL-LR,77,13.20754716981132,167.495819,-22.66517
Province Sud,Ile des Pins,0001,Mairie 1,1030,586,583,11,Unis pour le Pays,UNI,191,32.76157804459691,167.495819,-22.66517
Province Sud,Ile des Pins,0001,Mairie 1,1030,586,583,12,Un espoir pour demain,Un espoir pour demain,9,1.5437392795883362,167.495819,-22.66517
Province Sud,Ile des Pins,0002,Batiment Communal Point 1,825,502,499,1,Un autre monde est possible !,Éveil océanien,4,0.8016032064128257,167.495819,-22.66517
Province Sud,Ile des Pins,0002,Batiment Communal Point 1,825,502,499,2,Kanaky pour tous,FLNKS,170,34.06813627254509,167.495819,-22.66517
Province Sud,Ile des Pins,0002,Batiment Communal Point 1,825,502,499,3,"France Calédonie, une patrie",RN-MCFNC,6,1.2024048096192386,167.495819,-22.66517
Province Sud,Ile des Pins,0002,Batiment Communal Point 1,825,502,499,5,Une Province pour tous,DVC-Calédonie ensemble,41,8.216432865731463,167.495819,-22.66517
Province Sud,Ile des Pins,0002,Batiment Communal Point 1,825,502,499,6,Souveraineté Kanaky Nouvelle-Calédonie,SKNC,27,5.410821643286573,167.495819,-22.66517
Province Sud,Ile des Pins,0002,Batiment Communal Point 1,825,502,499,7,Faire Pays,Faire Pays,8,1.6032064128256514,167.495819,-22.66517
Province Sud,Ile des Pins,0002,Batiment Communal Point 1,825,502,499,8,Pour une Calédonie française,Pour une Calédonie française,3,0.6012024048096193,167.495819,-22.66517
Province Sud,Ile des Pins,0002,Batiment Communal Point 1,825,502,499,9,"Nous, réunis !","Nous, réunis",4,0.8016032064128257,167.495819,-22.66517
Province Sud,Ile des Pins,0002,Batiment Communal Point 1,825,502,499,10,Les Loyalistes et Le Rassemblement - Forts et unis,LL-LR,36,7.214428857715431,167.495819,-22.66517
Province Sud,Ile des Pins,0002,Batiment Communal Point 1,825,502,499,11,Unis pour le Pays,UNI,200,40.08016032064128,167.495819,-22.66517
Province Sud,Ile des Pins,0002,Batiment Communal Point 1,825,502,499,12,Un espoir pour demain,Un espoir pour demain,0,0,167.495819,-22.66517
Province Sud,La Foa,0001,Centre Socio-Culturel 1,866,618,609,1,Un autre monde est possible !,Éveil océanien,57,9.35960591133005,165.82495689060195,-21.708500844468237
Province Sud,La Foa,0001,Centre Socio-Culturel 1,866,618,609,2,Kanaky pour tous,FLNKS,55,9.0311986863711,165.82495689060195,-21.708500844468237
Province Sud,La Foa,0001,Centre Socio-Culturel 1,866,618,609,3,"France Calédonie, une patrie",RN-MCFNC,5,0.8210180623973727,165.82495689060195,-21.708500844468237
Province Sud,La Foa,0001,Centre Socio-Culturel 1,866,618,609,5,Une Province pour tous,DVC-Calédonie ensemble,119,19.54022988505747,165.82495689060195,-21.708500844468237
Province Sud,La Foa,0001,Centre Socio-Culturel 1,866,618,609,6,Souveraineté Kanaky Nouvelle-Calédonie,SKNC,3,0.49261083743842365,165.82495689060195,-21.708500844468237
Province Sud,La Foa,0001,Centre Socio-Culturel 1,866,618,609,7,Faire Pays,Faire Pays,18,2.955665024630542,165.82495689060195,-21.708500844468237
Province Sud,La Foa,0001,Centre Socio-Culturel 1,866,618,609,8,Pour une Calédonie française,Pour une Calédonie française,15,2.4630541871921183,165.82495689060195,-21.708500844468237
Province Sud,La Foa,0001,Centre Socio-Culturel 1,866,618,609,9,"Nous, réunis !","Nous, réunis",35,5.747126436781609,165.82495689060195,-21.708500844468237
Province Sud,La Foa,0001,Centre Socio-Culturel 1,866,618,609,10,Les Loyalistes et Le Rassemblement - Forts et unis,LL-LR,264,43.34975369458128,165.82495689060195,-21.708500844468237
Province Sud,La Foa,0001,Centre Socio-Culturel 1,866,618,609,11,Unis pour le Pays,UNI,35,5.747126436781609,165.82495689060195,-21.708500844468237
Province Sud,La Foa,0001,Centre Socio-Culturel 1,866,618,609,12,Un espoir pour demain,Un espoir pour demain,3,0.49261083743842365,165.82495689060195,-21.708500844468237
Province Sud,La Foa,0002,Centre Socio Culturel 2,775,587,577,1,Un autre monde est possible !,Éveil océanien,26,4.506065857885615,165.82495689060195,-21.708500844468237
Province Sud,La Foa,0002,Centre Socio Culturel 2,775,587,577,2,Kanaky pour tous,FLNKS,85,14.731369150779896,165.82495689060195,-21.708500844468237
Province Sud,La Foa,0002,Centre Socio Culturel 2,775,587,577,3,"France Calédonie, une patrie",RN-MCFNC,4,0.6932409012131716,165.82495689060195,-21.708500844468237
Province Sud,La Foa,0002,Centre Socio Culturel 2,775,587,577,5,Une Province pour tous,DVC-Calédonie ensemble,94,16.291161178509533,165.82495689060195,-21.708500844468237
Province Sud,La Foa,0002,Centre Socio Culturel 2,775,587,577,6,Souveraineté Kanaky Nouvelle-Calédonie,SKNC,12,2.079722703639515,165.82495689060195,-21.708500844468237
Province Sud,La Foa,0002,Centre Socio Culturel 2,775,587,577,7,Faire Pays,Faire Pays,24,4.15944540727903,165.82495689060195,-21.708500844468237
Province Sud,La Foa,0002,Centre Socio Culturel 2,775,587,577,8,Pour une Calédonie française,Pour une Calédonie française,8,1.3864818024263432,165.82495689060195,-21.708500844468237
Province Sud,La Foa,0002,Centre Socio Culturel 2,775,587,577,9,"Nous, réunis !","Nous, réunis",23,3.9861351819757367,165.82495689060195,-21.708500844468237
Province Sud,La Foa,0002,Centre Socio Culturel 2,775,587,577,10,Les Loyalistes et Le Rassemblement - Forts et unis,LL-LR,236,40.901213171577126,165.82495689060195,-21.708500844468237
Province Sud,La Foa,0002,Centre Socio Culturel 2,775,587,577,11,Unis pour le Pays,UNI,59,10.225303292894282,165.82495689060195,-21.708500844468237
Province Sud,La Foa,0002,Centre Socio Culturel 2,775,587,577,12,Un espoir pour demain,Un espoir pour demain,6,1.0398613518197575,165.82495689060195,-21.708500844468237
Province Sud,La Foa,0003,Centre Socio-Culturel 3,767,583,575,1,Un autre monde est possible !,Éveil océanien,56,9.73913043478261,165.82495689060195,-21.708500844468237
Province Sud,La Foa,0003,Centre Socio-Culturel 3,767,583,575,2,Kanaky pour tous,FLNKS,61,10.608695652173912,165.82495689060195,-21.708500844468237
Province Sud,La Foa,0003,Centre Socio-Culturel 3,767,583,575,3,"France Calédonie, une patrie",RN-MCFNC,2,0.34782608695652173,165.82495689060195,-21.708500844468237
Province Sud,La Foa,0003,Centre Socio-Culturel 3,767,583,575,5,Une Province pour tous,DVC-Calédonie ensemble,90,15.652173913043478,165.82495689060195,-21.708500844468237
Province Sud,La Foa,0003,Centre Socio-Culturel 3,767,583,575,6,Souveraineté Kanaky Nouvelle-Calédonie,SKNC,10,1.7391304347826086,165.82495689060195,-21.708500844468237
Province Sud,La Foa,0003,Centre Socio-Culturel 3,767,583,575,7,Faire Pays,Faire Pays,14,2.4347826086956523,165.82495689060195,-21.708500844468237
Province Sud,La Foa,0003,Centre Socio-Culturel 3,767,583,575,8,Pour une Calédonie française,Pour une Calédonie française,7,1.2173913043478262,165.82495689060195,-21.708500844468237
Province Sud,La Foa,0003,Centre Socio-Culturel 3,767,583,575,9,"Nous, réunis !","Nous, réunis",33,5.739130434782608,165.82495689060195,-21.708500844468237
Province Sud,La Foa,0003,Centre Socio-Culturel 3,767,583,575,10,Les Loyalistes et Le Rassemblement - Forts et unis,LL-LR,243,42.26086956521739,165.82495689060195,-21.708500844468237
Province Sud,La Foa,0003,Centre Socio-Culturel 3,767,583,575,11,Unis pour le Pays,UNI,53,9.217391304347826,165.82495689060195,-21.708500844468237
Province Sud,La Foa,0003,Centre Socio-Culturel 3,767,583,575,12,Un espoir pour demain,Un espoir pour demain,6,1.0434782608695652,165.82495689060195,-21.708500844468237
Province Sud,La Foa,0004,Centre Socio-Culturel 4,753,544,530,1,Un autre monde est possible !,Éveil océanien,105,19.81132075471698,165.82495689060195,-21.708500844468237
Province Sud,La Foa,0004,Centre Socio-Culturel 4,753,544,530,2,Kanaky pour tous,FLNKS,50,9.433962264150944,165.82495689060195,-21.708500844468237
Province Sud,La Foa,0004,Centre Socio-Culturel 4,753,544,530,3,"France Calédonie, une patrie",RN-MCFNC,3,0.5660377358490566,165.82495689060195,-21.708500844468237
Province Sud,La Foa,0004,Centre Socio-Culturel 4,753,544,530,5,Une Province pour tous,DVC-Calédonie ensemble,69,13.018867924528301,165.82495689060195,-21.708500844468237
Province Sud,La Foa,0004,Centre Socio-Culturel 4,753,544,530,6,Souveraineté Kanaky Nouvelle-Calédonie,SKNC,5,0.9433962264150944,165.82495689060195,-21.708500844468237
Province Sud,La Foa,0004,Centre Socio-Culturel 4,753,544,530,7,Faire Pays,Faire Pays,21,3.9622641509433962,165.82495689060195,-21.708500844468237
Province Sud,La Foa,0004,Centre Socio-Culturel 4,753,544,530,8,Pour une Calédonie française,Pour une Calédonie française,10,1.8867924528301887,165.82495689060195,-21.708500844468237
Province Sud,La Foa,0004,Centre Socio-Culturel 4,753,544,530,9,"Nous, réunis !","Nous, réunis",21,3.9622641509433962,165.82495689060195,-21.708500844468237
Province Sud,La Foa,0004,Centre Socio-Culturel 4,753,544,530,10,Les Loyalistes et Le Rassemblement - Forts et unis,LL-LR,211,39.81132075471698,165.82495689060195,-21.708500844468237
Province Sud,La Foa,0004,Centre Socio-Culturel 4,753,544,530,11,Unis pour le Pays,UNI,31,5.849056603773585,165.82495689060195,-21.708500844468237
Province Sud,La Foa,0004,Centre Socio-Culturel 4,753,544,530,12,Un espoir pour demain,Un espoir pour demain,4,0.7547169811320755,165.82495689060195,-21.708500844468237
Province Sud,Moindou,0001,Mairie,819,614,604,1,Un autre monde est possible !,Éveil océanien,17,2.814569536423841,165.67695619871748,-21.69271000327087
Province Sud,Moindou,0001,Mairie,819,614,604,2,Kanaky pour tous,FLNKS,141,23.344370860927153,165.67695619871748,-21.69271000327087
Province Sud,Moindou,0001,Mairie,819,614,604,3,"France Calédonie, une patrie",RN-MCFNC,1,0.16556291390728478,165.67695619871748,-21.69271000327087
Province Sud,Moindou,0001,Mairie,819,614,604,5,Une Province pour tous,DVC-Calédonie ensemble,34,5.629139072847682,165.67695619871748,-21.69271000327087
Province Sud,Moindou,0001,Mairie,819,614,604,6,Souveraineté Kanaky Nouvelle-Calédonie,SKNC,11,1.8211920529801324,165.67695619871748,-21.69271000327087
Province Sud,Moindou,0001,Mairie,819,614,604,7,Faire Pays,Faire Pays,18,2.980132450331126,165.67695619871748,-21.69271000327087
Province Sud,Moindou,0001,Mairie,819,614,604,8,Pour une Calédonie française,Pour une Calédonie française,2,0.33112582781456956,165.67695619871748,-21.69271000327087
Province Sud,Moindou,0001,Mairie,819,614,604,9,"Nous, réunis !","Nous, réunis",12,1.9867549668874172,165.67695619871748,-21.69271000327087
Province Sud,Moindou,0001,Mairie,819,614,604,10,Les Loyalistes et Le Rassemblement - Forts et unis,LL-LR,264,43.70860927152318,165.67695619871748,-21.69271000327087
Province Sud,Moindou,0001,Mairie,819,614,604,11,Unis pour le Pays,UNI,90,14.900662251655628,165.67695619871748,-21.69271000327087
Province Sud,Moindou,0001,Mairie,819,614,604,12,Un espoir pour demain,Un espoir pour demain,14,2.3178807947019866,165.67695619871748,-21.69271000327087
Province Sud,Mont-Dore,0001,Mairie de BOULARI,830,509,498,1,Un autre monde est possible !,Éveil océanien,42,8.433734939759036,166.523722376157,-22.2317078297453
Province Sud,Mont-Dore,0001,Mairie de BOULARI,830,509,498,2,Kanaky pour tous,FLNKS,100,20.080321285140563,166.523722376157,-22.2317078297453
Province Sud,Mont-Dore,0001,Mairie de BOULARI,830,509,498,3,"France Calédonie, une patrie",RN-MCFNC,4,0.8032128514056225,166.523722376157,-22.2317078297453
Province Sud,Mont-Dore,0001,Mairie de BOULARI,830,509,498,5,Une Province pour tous,DVC-Calédonie ensemble,17,3.4136546184738954,166.523722376157,-22.2317078297453
Province Sud,Mont-Dore,0001,Mairie de BOULARI,830,509,498,6,Souveraineté Kanaky Nouvelle-Calédonie,SKNC,5,1.0040160642570282,166.523722376157,-22.2317078297453
Province Sud,Mont-Dore,0001,Mairie de BOULARI,830,509,498,7,Faire Pays,Faire Pays,30,6.024096385542169,166.523722376157,-22.2317078297453
Province Sud,Mont-Dore,0001,Mairie de BOULARI,830,509,498,8,Pour une Calédonie française,Pour une Calédonie française,7,1.4056224899598393,166.523722376157,-22.2317078297453
Province Sud,Mont-Dore,0001,Mairie de BOULARI,830,509,498,9,"Nous, réunis !","Nous, réunis",42,8.433734939759036,166.523722376157,-22.2317078297453
Province Sud,Mont-Dore,0001,Mairie de BOULARI,830,509,498,10,Les Loyalistes et Le Rassemblement - Forts et unis,LL-LR,225,45.18072289156626,166.523722376157,-22.2317078297453
Province Sud,Mont-Dore,0001,Mairie de BOULARI,830,509,498,11,Unis pour le Pays,UNI,19,3.8152610441767068,166.523722376157,-22.2317078297453
Province Sud,Mont-Dore,0001,Mairie de BOULARI,830,509,498,12,Un espoir pour demain,Un espoir pour demain,7,1.4056224899598393,166.523722376157,-22.2317078297453
Province Sud,Mont-Dore,0002,Groupe scolaire Hélène CHANEL,575,399,389,1,Un autre monde est possible !,Éveil océanien,31,7.969151670951157,166.485528594387,-22.2217711398288
Province Sud,Mont-Dore,0002,Groupe scolaire Hélène CHANEL,575,399,389,2,Kanaky pour tous,FLNKS,40,10.282776349614396,166.485528594387,-22.2217711398288
Province Sud,Mont-Dore,0002,Groupe scolaire Hélène CHANEL,575,399,389,3,"France Calédonie, une patrie",RN-MCFNC,9,2.3136246786632393,166.485528594387,-22.2217711398288
Province Sud,Mont-Dore,0002,Groupe scolaire Hélène CHANEL,575,399,389,5,Une Province pour tous,DVC-Calédonie ensemble,21,5.3984575835475574,166.485528594387,-22.2217711398288
Province Sud,Mont-Dore,0002,Groupe scolaire Hélène CHANEL,575,399,389,6,Souveraineté Kanaky Nouvelle-Calédonie,SKNC,0,0,166.485528594387,-22.2217711398288
Province Sud,Mont-Dore,0002,Groupe scolaire Hélène CHANEL,575,399,389,7,Faire Pays,Faire Pays,16,4.113110539845758,166.485528594387,-22.2217711398288
Province Sud,Mont-Dore,0002,Groupe scolaire Hélène CHANEL,575,399,389,8,Pour une Calédonie française,Pour une Calédonie française,3,0.7712082262210797,166.485528594387,-22.2217711398288
Province Sud,Mont-Dore,0002,Groupe scolaire Hélène CHANEL,575,399,389,9,"Nous, réunis !","Nous, réunis",16,4.113110539845758,166.485528594387,-22.2217711398288
Province Sud,Mont-Dore,0002,Groupe scolaire Hélène CHANEL,575,399,389,10,Les Loyalistes et Le Rassemblement - Forts et unis,LL-LR,241,61.95372750642674,166.485528594387,-22.2217711398288
Province Sud,Mont-Dore,0002,Groupe scolaire Hélène CHANEL,575,399,389,11,Unis pour le Pays,UNI,2,0.5141388174807198,166.485528594387,-22.2217711398288
Province Sud,Mont-Dore,0002,Groupe scolaire Hélène CHANEL,575,399,389,12,Un espoir pour demain,Un espoir pour demain,10,2.570694087403599,166.485528594387,-22.2217711398288
Province Sud,Mont-Dore,0003,Ecole primaire Adolphe BOUTAN,801,617,600,1,Un autre monde est possible !,Éveil océanien,24,4,166.841440737558,-22.4256696418669
Province Sud,Mont-Dore,0003,Ecole primaire Adolphe BOUTAN,801,617,600,2,Kanaky pour tous,FLNKS,64,10.666666666666666,166.841440737558,-22.4256696418669
Province Sud,Mont-Dore,0003,Ecole primaire Adolphe BOUTAN,801,617,600,3,"France Calédonie, une patrie",RN-MCFNC,12,2,166.841440737558,-22.4256696418669
Province Sud,Mont-Dore,0003,Ecole primaire Adolphe BOUTAN,801,617,600,5,Une Province pour tous,DVC-Calédonie ensemble,22,3.6666666666666665,166.841440737558,-22.4256696418669
Province Sud,Mont-Dore,0003,Ecole primaire Adolphe BOUTAN,801,617,600,6,Souveraineté Kanaky Nouvelle-Calédonie,SKNC,10,1.6666666666666667,166.841440737558,-22.4256696418669
Province Sud,Mont-Dore,0003,Ecole primaire Adolphe BOUTAN,801,617,600,7,Faire Pays,Faire Pays,31,5.166666666666667,166.841440737558,-22.4256696418669
Province Sud,Mont-Dore,0003,Ecole primaire Adolphe BOUTAN,801,617,600,8,Pour une Calédonie française,Pour une Calédonie française,11,1.8333333333333333,166.841440737558,-22.4256696418669
Province Sud,Mont-Dore,0003,Ecole primaire Adolphe BOUTAN,801,617,600,9,"Nous, réunis !","Nous, réunis",30,5,166.841440737558,-22.4256696418669
Province Sud,Mont-Dore,0003,Ecole primaire Adolphe BOUTAN,801,617,600,10,Les Loyalistes et Le Rassemblement - Forts et unis,LL-LR,379,63.166666666666664,166.841440737558,-22.4256696418669
Province Sud,Mont-Dore,0003,Ecole primaire Adolphe BOUTAN,801,617,600,11,Unis pour le Pays,UNI,8,1.3333333333333333,166.841440737558,-22.4256696418669
Province Sud,Mont-Dore,0003,Ecole primaire Adolphe BOUTAN,801,617,600,12,Un espoir pour demain,Un espoir pour demain,9,1.5,166.841440737558,-22.4256696418669
Province Sud,Mont-Dore,0004,Ecole primaire Louis Henri GALINE 1,828,568,546,1,Un autre monde est possible !,Éveil océanien,98,17.94871794871795,166.512755378687,-22.2163077194956
Province Sud,Mont-Dore,0004,Ecole primaire Louis Henri GALINE 1,828,568,546,2,Kanaky pour tous,FLNKS,55,10.073260073260073,166.512755378687,-22.2163077194956
Province Sud,Mont-Dore,0004,Ecole primaire Louis Henri GALINE 1,828,568,546,3,"France Calédonie, une patrie",RN-MCFNC,4,0.7326007326007326,166.512755378687,-22.2163077194956
Province Sud,Mont-Dore,0004,Ecole primaire Louis Henri GALINE 1,828,568,546,5,Une Province pour tous,DVC-Calédonie ensemble,24,4.395604395604396,166.512755378687,-22.2163077194956
Province Sud,Mont-Dore,0004,Ecole primaire Louis Henri GALINE 1,828,568,546,6,Souveraineté Kanaky Nouvelle-Calédonie,SKNC,8,1.465201465201465,166.512755378687,-22.2163077194956
Province Sud,Mont-Dore,0004,Ecole primaire Louis Henri GALINE 1,828,568,546,7,Faire Pays,Faire Pays,30,5.4945054945054945,166.512755378687,-22.2163077194956
Province Sud,Mont-Dore,0004,Ecole primaire Louis Henri GALINE 1,828,568,546,8,Pour une Calédonie française,Pour une Calédonie française,9,1.6483516483516483,166.512755378687,-22.2163077194956
Province Sud,Mont-Dore,0004,Ecole primaire Louis Henri GALINE 1,828,568,546,9,"Nous, réunis !","Nous, réunis",34,6.227106227106227,166.512755378687,-22.2163077194956
Province Sud,Mont-Dore,0004,Ecole primaire Louis Henri GALINE 1,828,568,546,10,Les Loyalistes et Le Rassemblement - Forts et unis,LL-LR,258,47.252747252747255,166.512755378687,-22.2163077194956
Province Sud,Mont-Dore,0004,Ecole primaire Louis Henri GALINE 1,828,568,546,11,Unis pour le Pays,UNI,13,2.380952380952381,166.512755378687,-22.2163077194956
Province Sud,Mont-Dore,0004,Ecole primaire Louis Henri GALINE 1,828,568,546,12,Un espoir pour demain,Un espoir pour demain,13,2.380952380952381,166.512755378687,-22.2163077194956
Province Sud,Mont-Dore,0005,Ecole La Rizière 1,1112,686,662,1,Un autre monde est possible !,Éveil océanien,19,2.8700906344410875,166.573975497183,-22.2332233282141
Province Sud,Mont-Dore,0005,Ecole La Rizière 1,1112,686,662,2,Kanaky pour tous,FLNKS,519,78.3987915407855,166.573975497183,-22.2332233282141
Province Sud,Mont-Dore,0005,Ecole La Rizière 1,1112,686,662,3,"France Calédonie, une patrie",RN-MCFNC,0,0,166.573975497183,-22.2332233282141
Province Sud,Mont-Dore,0005,Ecole La Rizière 1,1112,686,662,5,Une Province pour tous,DVC-Calédonie ensemble,17,2.56797583081571,166.573975497183,-22.2332233282141
Province Sud,Mont-Dore,0005,Ecole La Rizière 1,1112,686,662,6,Souveraineté Kanaky Nouvelle-Calédonie,SKNC,12,1.8126888217522659,166.573975497183,-22.2332233282141
Province Sud,Mont-Dore,0005,Ecole La Rizière 1,1112,686,662,7,Faire Pays,Faire Pays,22,3.323262839879154,166.573975497183,-22.2332233282141
Province Sud,Mont-Dore,0005,Ecole La Rizière 1,1112,686,662,8,Pour une Calédonie française,Pour une Calédonie française,1,0.1510574018126888,166.573975497183,-22.2332233282141
Province Sud,Mont-Dore,0005,Ecole La Rizière 1,1112,686,662,9,"Nous, réunis !","Nous, réunis",25,3.7764350453172204,166.573975497183,-22.2332233282141
Province Sud,Mont-Dore,0005,Ecole La Rizière 1,1112,686,662,10,Les Loyalistes et Le Rassemblement - Forts et unis,LL-LR,11,1.661631419939577,166.573975497183,-22.2332233282141
Province Sud,Mont-Dore,0005,Ecole La Rizière 1,1112,686,662,11,Unis pour le Pays,UNI,32,4.833836858006042,166.573975497183,-22.2332233282141
Province Sud,Mont-Dore,0005,Ecole La Rizière 1,1112,686,662,12,Un espoir pour demain,Un espoir pour demain,4,0.6042296072507553,166.573975497183,-22.2332233282141
Province Sud,Mont-Dore,0006,Ecole primaire du Vallon-Dore,807,545,524,1,Un autre monde est possible !,Éveil océanien,69,13.16793893129771,166.571853310489,-22.2757480668132
Province Sud,Mont-Dore,0006,Ecole primaire du Vallon-Dore,807,545,524,2,Kanaky pour tous,FLNKS,51,9.732824427480915,166.571853310489,-22.2757480668132
Province Sud,Mont-Dore,0006,Ecole primaire du Vallon-Dore,807,545,524,3,"France Calédonie, une patrie",RN-MCFNC,6,1.1450381679389312,166.571853310489,-22.2757480668132
Province Sud,Mont-Dore,0006,Ecole primaire du Vallon-Dore,807,545,524,5,Une Province pour tous,DVC-Calédonie ensemble,16,3.053435114503817,166.571853310489,-22.2757480668132
Province Sud,Mont-Dore,0006,Ecole primaire du Vallon-Dore,807,545,524,6,Souveraineté Kanaky Nouvelle-Calédonie,SKNC,5,0.9541984732824428,166.571853310489,-22.2757480668132
Province Sud,Mont-Dore,0006,Ecole primaire du Vallon-Dore,807,545,524,7,Faire Pays,Faire Pays,29,5.534351145038168,166.571853310489,-22.2757480668132
Province Sud,Mont-Dore,0006,Ecole primaire du Vallon-Dore,807,545,524,8,Pour une Calédonie française,Pour une Calédonie française,8,1.5267175572519085,166.571853310489,-22.2757480668132
Province Sud,Mont-Dore,0006,Ecole primaire du Vallon-Dore,807,545,524,9,"Nous, réunis !","Nous, réunis",43,8.206106870229007,166.571853310489,-22.2757480668132
Province Sud,Mont-Dore,0006,Ecole primaire du Vallon-Dore,807,545,524,10,Les Loyalistes et Le Rassemblement - Forts et unis,LL-LR,267,50.954198473282446,166.571853310489,-22.2757480668132
Province Sud,Mont-Dore,0006,Ecole primaire du Vallon-Dore,807,545,524,11,Unis pour le Pays,UNI,19,3.6259541984732824,166.571853310489,-22.2757480668132
Province Sud,Mont-Dore,0006,Ecole primaire du Vallon-Dore,807,545,524,12,Un espoir pour demain,Un espoir pour demain,11,2.099236641221374,166.571853310489,-22.2757480668132
Province Sud,Mont-Dore,0007,Groupe scolaire de Plum,720,440,432,1,Un autre monde est possible !,Éveil océanien,20,4.62962962962963,166.84029773306233,-22.42316008394107
Province Sud,Mont-Dore,0007,Groupe scolaire de Plum,720,440,432,2,Kanaky pour tous,FLNKS,125,28.935185185185187,166.84029773306233,-22.42316008394107
Province Sud,Mont-Dore,0007,Groupe scolaire de Plum,720,440,432,3,"France Calédonie, une patrie",RN-MCFNC,8,1.8518518518518519,166.84029773306233,-22.42316008394107
Province Sud,Mont-Dore,0007,Groupe scolaire de Plum,720,440,432,5,Une Province pour tous,DVC-Calédonie ensemble,19,4.398148148148148,166.84029773306233,-22.42316008394107
Province Sud,Mont-Dore,0007,Groupe scolaire de Plum,720,440,432,6,Souveraineté Kanaky Nouvelle-Calédonie,SKNC,6,1.3888888888888888,166.84029773306233,-22.42316008394107
Province Sud,Mont-Dore,0007,Groupe scolaire de Plum,720,440,432,7,Faire Pays,Faire Pays,31,7.175925925925926,166.84029773306233,-22.42316008394107
Province Sud,Mont-Dore,0007,Groupe scolaire de Plum,720,440,432,8,Pour une Calédonie française,Pour une Calédonie française,12,2.7777777777777777,166.84029773306233,-22.42316008394107
Province Sud,Mont-Dore,0007,Groupe scolaire de Plum,720,440,432,9,"Nous, réunis !","Nous, réunis",14,3.240740740740741,166.84029773306233,-22.42316008394107
Province Sud,Mont-Dore,0007,Groupe scolaire de Plum,720,440,432,10,Les Loyalistes et Le Rassemblement - Forts et unis,LL-LR,168,38.888888888888886,166.84029773306233,-22.42316008394107
Province Sud,Mont-Dore,0007,Groupe scolaire de Plum,720,440,432,11,Unis pour le Pays,UNI,12,2.7777777777777777,166.84029773306233,-22.42316008394107
Province Sud,Mont-Dore,0007,Groupe scolaire de Plum,720,440,432,12,Un espoir pour demain,Un espoir pour demain,17,3.935185185185185,166.84029773306233,-22.42316008394107
Province Sud,Mont-Dore,0008,Groupe scolaire de Boulari 1,871,612,600,1,Un autre monde est possible !,Éveil océanien,50,8.333333333333334,166.520855451452,-22.2274992832452
Province Sud,Mont-Dore,0008,Groupe scolaire de Boulari 1,871,612,600,2,Kanaky pour tous,FLNKS,49,8.166666666666666,166.520855451452,-22.2274992832452
Province Sud,Mont-Dore,0008,Groupe scolaire de Boulari 1,871,612,600,3,"France Calédonie, une patrie",RN-MCFNC,7,1.1666666666666667,166.520855451452,-22.2274992832452
Province Sud,Mont-Dore,0008,Groupe scolaire de Boulari 1,871,612,600,5,Une Province pour tous,DVC-Calédonie ensemble,13,2.1666666666666665,166.520855451452,-22.2274992832452
Province Sud,Mont-Dore,0008,Groupe scolaire de Boulari 1,871,612,600,6,Souveraineté Kanaky Nouvelle-Calédonie,SKNC,3,0.5,166.520855451452,-22.2274992832452
Province Sud,Mont-Dore,0008,Groupe scolaire de Boulari 1,871,612,600,7,Faire Pays,Faire Pays,29,4.833333333333333,166.520855451452,-22.2274992832452
Province Sud,Mont-Dore,0008,Groupe scolaire de Boulari 1,871,612,600,8,Pour une Calédonie française,Pour une Calédonie française,9,1.5,166.520855451452,-22.2274992832452
Province Sud,Mont-Dore,0008,Groupe scolaire de Boulari 1,871,612,600,9,"Nous, réunis !","Nous, réunis",24,4,166.520855451452,-22.2274992832452
Province Sud,Mont-Dore,0008,Groupe scolaire de Boulari 1,871,612,600,10,Les Loyalistes et Le Rassemblement - Forts et unis,LL-LR,385,64.16666666666667,166.520855451452,-22.2274992832452
Province Sud,Mont-Dore,0008,Groupe scolaire de Boulari 1,871,612,600,11,Unis pour le Pays,UNI,15,2.5,166.520855451452,-22.2274992832452
Province Sud,Mont-Dore,0008,Groupe scolaire de Boulari 1,871,612,600,12,Un espoir pour demain,Un espoir pour demain,16,2.6666666666666665,166.520855451452,-22.2274992832452
Province Sud,Mont-Dore,0009,Mairie Annexe De Plum 1,988,542,510,1,Un autre monde est possible !,Éveil océanien,112,21.96078431372549,166.623268718041,-22.2730906933136
Province Sud,Mont-Dore,0009,Mairie Annexe De Plum 1,988,542,510,2,Kanaky pour tous,FLNKS,100,19.607843137254903,166.623268718041,-22.2730906933136
Province Sud,Mont-Dore,0009,Mairie Annexe De Plum 1,988,542,510,3,"France Calédonie, une patrie",RN-MCFNC,5,0.9803921568627451,166.623268718041,-22.2730906933136
Province Sud,Mont-Dore,0009,Mairie Annexe De Plum 1,988,542,510,5,Une Province pour tous,DVC-Calédonie ensemble,18,3.5294117647058822,166.623268718041,-22.2730906933136
Province Sud,Mont-Dore,0009,Mairie Annexe De Plum 1,988,542,510,6,Souveraineté Kanaky Nouvelle-Calédonie,SKNC,8,1.5686274509803921,166.623268718041,-22.2730906933136
Province Sud,Mont-Dore,0009,Mairie Annexe De Plum 1,988,542,510,7,Faire Pays,Faire Pays,20,3.9215686274509802,166.623268718041,-22.2730906933136
Province Sud,Mont-Dore,0009,Mairie Annexe De Plum 1,988,542,510,8,Pour une Calédonie française,Pour une Calédonie française,8,1.5686274509803921,166.623268718041,-22.2730906933136
Province Sud,Mont-Dore,0009,Mairie Annexe De Plum 1,988,542,510,9,"Nous, réunis !","Nous, réunis",30,5.882352941176471,166.623268718041,-22.2730906933136
Province Sud,Mont-Dore,0009,Mairie Annexe De Plum 1,988,542,510,10,Les Loyalistes et Le Rassemblement - Forts et unis,LL-LR,172,33.72549019607843,166.623268718041,-22.2730906933136
Province Sud,Mont-Dore,0009,Mairie Annexe De Plum 1,988,542,510,11,Unis pour le Pays,UNI,29,5.686274509803922,166.623268718041,-22.2730906933136
Province Sud,Mont-Dore,0009,Mairie Annexe De Plum 1,988,542,510,12,Un espoir pour demain,Un espoir pour demain,8,1.5686274509803921,166.623268718041,-22.2730906933136
Province Sud,Mont-Dore,0010,Ecole La Rizière 2,952,558,538,1,Un autre monde est possible !,Éveil océanien,60,11.152416356877323,166.573975497183,-22.2332233282141
Province Sud,Mont-Dore,0010,Ecole La Rizière 2,952,558,538,2,Kanaky pour tous,FLNKS,125,23.234200743494423,166.573975497183,-22.2332233282141
Province Sud,Mont-Dore,0010,Ecole La Rizière 2,952,558,538,3,"France Calédonie, une patrie",RN-MCFNC,2,0.37174721189591076,166.573975497183,-22.2332233282141
Province Sud,Mont-Dore,0010,Ecole La Rizière 2,952,558,538,5,Une Province pour tous,DVC-Calédonie ensemble,19,3.5315985130111525,166.573975497183,-22.2332233282141
Province Sud,Mont-Dore,0010,Ecole La Rizière 2,952,558,538,6,Souveraineté Kanaky Nouvelle-Calédonie,SKNC,8,1.486988847583643,166.573975497183,-22.2332233282141
Province Sud,Mont-Dore,0010,Ecole La Rizière 2,952,558,538,7,Faire Pays,Faire Pays,36,6.691449814126394,166.573975497183,-22.2332233282141
Province Sud,Mont-Dore,0010,Ecole La Rizière 2,952,558,538,8,Pour une Calédonie française,Pour une Calédonie française,6,1.1152416356877324,166.573975497183,-22.2332233282141
Province Sud,Mont-Dore,0010,Ecole La Rizière 2,952,558,538,9,"Nous, réunis !","Nous, réunis",51,9.479553903345725,166.573975497183,-22.2332233282141
Province Sud,Mont-Dore,0010,Ecole La Rizière 2,952,558,538,10,Les Loyalistes et Le Rassemblement - Forts et unis,LL-LR,194,36.059479553903344,166.573975497183,-22.2332233282141
Province Sud,Mont-Dore,0010,Ecole La Rizière 2,952,558,538,11,Unis pour le Pays,UNI,23,4.275092936802974,166.573975497183,-22.2332233282141
Province Sud,Mont-Dore,0010,Ecole La Rizière 2,952,558,538,12,Un espoir pour demain,Un espoir pour demain,14,2.6022304832713754,166.573975497183,-22.2332233282141
Province Sud,Mont-Dore,0011,Groupe scolaire de Boulari 2,709,516,507,1,Un autre monde est possible !,Éveil océanien,53,10.453648915187376,166.520855451452,-22.2274992832452
Province Sud,Mont-Dore,0011,Groupe scolaire de Boulari 2,709,516,507,2,Kanaky pour tous,FLNKS,30,5.9171597633136095,166.520855451452,-22.2274992832452
Province Sud,Mont-Dore,0011,Groupe scolaire de Boulari 2,709,516,507,3,"France Calédonie, une patrie",RN-MCFNC,11,2.1696252465483234,166.520855451452,-22.2274992832452
Province Sud,Mont-Dore,0011,Groupe scolaire de Boulari 2,709,516,507,5,Une Province pour tous,DVC-Calédonie ensemble,16,3.155818540433925,166.520855451452,-22.2274992832452
Province Sud,Mont-Dore,0011,Groupe scolaire de Boulari 2,709,516,507,6,Souveraineté Kanaky Nouvelle-Calédonie,SKNC,3,0.591715976331361,166.520855451452,-22.2274992832452
Province Sud,Mont-Dore,0011,Groupe scolaire de Boulari 2,709,516,507,7,Faire Pays,Faire Pays,14,2.7613412228796843,166.520855451452,-22.2274992832452
Province Sud,Mont-Dore,0011,Groupe scolaire de Boulari 2,709,516,507,8,Pour une Calédonie française,Pour une Calédonie française,9,1.7751479289940828,166.520855451452,-22.2274992832452
Province Sud,Mont-Dore,0011,Groupe scolaire de Boulari 2,709,516,507,9,"Nous, réunis !","Nous, réunis",38,7.495069033530572,166.520855451452,-22.2274992832452
Province Sud,Mont-Dore,0011,Groupe scolaire de Boulari 2,709,516,507,10,Les Loyalistes et Le Rassemblement - Forts et unis,LL-LR,323,63.70808678500986,166.520855451452,-22.2274992832452
Province Sud,Mont-Dore,0011,Groupe scolaire de Boulari 2,709,516,507,11,Unis pour le Pays,UNI,5,0.9861932938856016,166.520855451452,-22.2274992832452
Province Sud,Mont-Dore,0011,Groupe scolaire de Boulari 2,709,516,507,12,Un espoir pour demain,Un espoir pour demain,5,0.9861932938856016,166.520855451452,-22.2274992832452
Province Sud,Mont-Dore,0012,Groupe scolaire de Saint-Michel 1,757,476,459,1,Un autre monde est possible !,Éveil océanien,79,17.21132897603486,166.499920849353,-22.2240498676639
Province Sud,Mont-Dore,0012,Groupe scolaire de Saint-Michel 1,757,476,459,2,Kanaky pour tous,FLNKS,95,20.697167755991284,166.499920849353,-22.2240498676639
Province Sud,Mont-Dore,0012,Groupe scolaire de Saint-Michel 1,757,476,459,3,"France Calédonie, une patrie",RN-MCFNC,2,0.4357298474945534,166.499920849353,-22.2240498676639
Province Sud,Mont-Dore,0012,Groupe scolaire de Saint-Michel 1,757,476,459,5,Une Province pour tous,DVC-Calédonie ensemble,24,5.228758169934641,166.499920849353,-22.2240498676639
Province Sud,Mont-Dore,0012,Groupe scolaire de Saint-Michel 1,757,476,459,6,Souveraineté Kanaky Nouvelle-Calédonie,SKNC,4,0.8714596949891068,166.499920849353,-22.2240498676639
Province Sud,Mont-Dore,0012,Groupe scolaire de Saint-Michel 1,757,476,459,7,Faire Pays,Faire Pays,32,6.971677559912854,166.499920849353,-22.2240498676639
Province Sud,Mont-Dore,0012,Groupe scolaire de Saint-Michel 1,757,476,459,8,Pour une Calédonie française,Pour une Calédonie française,6,1.3071895424836601,166.499920849353,-22.2240498676639
Province Sud,Mont-Dore,0012,Groupe scolaire de Saint-Michel 1,757,476,459,9,"Nous, réunis !","Nous, réunis",32,6.971677559912854,166.499920849353,-22.2240498676639
Province Sud,Mont-Dore,0012,Groupe scolaire de Saint-Michel 1,757,476,459,10,Les Loyalistes et Le Rassemblement - Forts et unis,LL-LR,161,35.07625272331155,166.499920849353,-22.2240498676639
Province Sud,Mont-Dore,0012,Groupe scolaire de Saint-Michel 1,757,476,459,11,Unis pour le Pays,UNI,15,3.2679738562091503,166.499920849353,-22.2240498676639
Province Sud,Mont-Dore,0012,Groupe scolaire de Saint-Michel 1,757,476,459,12,Un espoir pour demain,Un espoir pour demain,9,1.9607843137254901,166.499920849353,-22.2240498676639
Province Sud,Mont-Dore,0013,Ecole maternelle Les Fougères,486,312,305,1,Un autre monde est possible !,Éveil océanien,64,20.983606557377048,166.841440737558,-22.4256696418669
Province Sud,Mont-Dore,0013,Ecole maternelle Les Fougères,486,312,305,2,Kanaky pour tous,FLNKS,56,18.360655737704917,166.841440737558,-22.4256696418669
Province Sud,Mont-Dore,0013,Ecole maternelle Les Fougères,486,312,305,3,"France Calédonie, une patrie",RN-MCFNC,1,0.32786885245901637,166.841440737558,-22.4256696418669
Province Sud,Mont-Dore,0013,Ecole maternelle Les Fougères,486,312,305,5,Une Province pour tous,DVC-Calédonie ensemble,11,3.6065573770491803,166.841440737558,-22.4256696418669
Province Sud,Mont-Dore,0013,Ecole maternelle Les Fougères,486,312,305,6,Souveraineté Kanaky Nouvelle-Calédonie,SKNC,2,0.6557377049180327,166.841440737558,-22.4256696418669
Province Sud,Mont-Dore,0013,Ecole maternelle Les Fougères,486,312,305,7,Faire Pays,Faire Pays,14,4.590163934426229,166.841440737558,-22.4256696418669
Province Sud,Mont-Dore,0013,Ecole maternelle Les Fougères,486,312,305,8,Pour une Calédonie française,Pour une Calédonie française,0,0,166.841440737558,-22.4256696418669
Province Sud,Mont-Dore,0013,Ecole maternelle Les Fougères,486,312,305,9,"Nous, réunis !","Nous, réunis",19,6.229508196721311,166.841440737558,-22.4256696418669
Province Sud,Mont-Dore,0013,Ecole maternelle Les Fougères,486,312,305,10,Les Loyalistes et Le Rassemblement - Forts et unis,LL-LR,127,41.63934426229508,166.841440737558,-22.4256696418669
Province Sud,Mont-Dore,0013,Ecole maternelle Les Fougères,486,312,305,11,Unis pour le Pays,UNI,2,0.6557377049180327,166.841440737558,-22.4256696418669
Province Sud,Mont-Dore,0013,Ecole maternelle Les Fougères,486,312,305,12,Un espoir pour demain,Un espoir pour demain,9,2.9508196721311477,166.841440737558,-22.4256696418669
Province Sud,Mont-Dore,0014,Ecole maternelle les Dauphins,866,620,604,1,Un autre monde est possible !,Éveil océanien,36,5.960264900662252,166.57252708408,-22.2768294716869
Province Sud,Mont-Dore,0014,Ecole maternelle les Dauphins,866,620,604,2,Kanaky pour tous,FLNKS,64,10.596026490066226,166.57252708408,-22.2768294716869
Province Sud,Mont-Dore,0014,Ecole maternelle les Dauphins,866,620,604,3,"France Calédonie, une patrie",RN-MCFNC,4,0.6622516556291391,166.57252708408,-22.2768294716869
Province Sud,Mont-Dore,0014,Ecole maternelle les Dauphins,866,620,604,5,Une Province pour tous,DVC-Calédonie ensemble,22,3.642384105960265,166.57252708408,-22.2768294716869
Province Sud,Mont-Dore,0014,Ecole maternelle les Dauphins,866,620,604,6,Souveraineté Kanaky Nouvelle-Calédonie,SKNC,5,0.8278145695364238,166.57252708408,-22.2768294716869
Province Sud,Mont-Dore,0014,Ecole maternelle les Dauphins,866,620,604,7,Faire Pays,Faire Pays,37,6.125827814569536,166.57252708408,-22.2768294716869
Province Sud,Mont-Dore,0014,Ecole maternelle les Dauphins,866,620,604,8,Pour une Calédonie française,Pour une Calédonie française,11,1.8211920529801324,166.57252708408,-22.2768294716869
Province Sud,Mont-Dore,0014,Ecole maternelle les Dauphins,866,620,604,9,"Nous, réunis !","Nous, réunis",39,6.456953642384106,166.57252708408,-22.2768294716869
Province Sud,Mont-Dore,0014,Ecole maternelle les Dauphins,866,620,604,10,Les Loyalistes et Le Rassemblement - Forts et unis,LL-LR,346,57.28476821192053,166.57252708408,-22.2768294716869
Province Sud,Mont-Dore,0014,Ecole maternelle les Dauphins,866,620,604,11,Unis pour le Pays,UNI,22,3.642384105960265,166.57252708408,-22.2768294716869
Province Sud,Mont-Dore,0014,Ecole maternelle les Dauphins,866,620,604,12,Un espoir pour demain,Un espoir pour demain,18,2.980132450331126,166.57252708408,-22.2768294716869
Province Sud,Mont-Dore,0015,Ecole Maternelle Les Coccinelles,1187,756,724,1,Un autre monde est possible !,Éveil océanien,94,12.98342541436464,166.56758162382,-22.2502864537601
Province Sud,Mont-Dore,0015,Ecole Maternelle Les Coccinelles,1187,756,724,2,Kanaky pour tous,FLNKS,149,20.58011049723757,166.56758162382,-22.2502864537601
Province Sud,Mont-Dore,0015,Ecole Maternelle Les Coccinelles,1187,756,724,3,"France Calédonie, une patrie",RN-MCFNC,13,1.7955801104972375,166.56758162382,-22.2502864537601
Province Sud,Mont-Dore,0015,Ecole Maternelle Les Coccinelles,1187,756,724,5,Une Province pour tous,DVC-Calédonie ensemble,44,6.077348066298343,166.56758162382,-22.2502864537601
Province Sud,Mont-Dore,0015,Ecole Maternelle Les Coccinelles,1187,756,724,6,Souveraineté Kanaky Nouvelle-Calédonie,SKNC,7,0.9668508287292817,166.56758162382,-22.2502864537601
Province Sud,Mont-Dore,0015,Ecole Maternelle Les Coccinelles,1187,756,724,7,Faire Pays,Faire Pays,37,5.110497237569061,166.56758162382,-22.2502864537601
Province Sud,Mont-Dore,0015,Ecole Maternelle Les Coccinelles,1187,756,724,8,Pour une Calédonie française,Pour une Calédonie française,8,1.1049723756906078,166.56758162382,-22.2502864537601
Province Sud,Mont-Dore,0015,Ecole Maternelle Les Coccinelles,1187,756,724,9,"Nous, réunis !","Nous, réunis",52,7.18232044198895,166.56758162382,-22.2502864537601
Province Sud,Mont-Dore,0015,Ecole Maternelle Les Coccinelles,1187,756,724,10,Les Loyalistes et Le Rassemblement - Forts et unis,LL-LR,277,38.25966850828729,166.56758162382,-22.2502864537601
Province Sud,Mont-Dore,0015,Ecole Maternelle Les Coccinelles,1187,756,724,11,Unis pour le Pays,UNI,24,3.314917127071823,166.56758162382,-22.2502864537601
Province Sud,Mont-Dore,0015,Ecole Maternelle Les Coccinelles,1187,756,724,12,Un espoir pour demain,Un espoir pour demain,19,2.6243093922651934,166.56758162382,-22.2502864537601
Province Sud,Mont-Dore,0016,Ecole Saint-Joseph de CLUNY,1024,717,702,1,Un autre monde est possible !,Éveil océanien,146,20.797720797720796,166.499920601202,-22.2239776205159
Province Sud,Mont-Dore,0016,Ecole Saint-Joseph de CLUNY,1024,717,702,2,Kanaky pour tous,FLNKS,214,30.484330484330485,166.499920601202,-22.2239776205159
Province Sud,Mont-Dore,0016,Ecole Saint-Joseph de CLUNY,1024,717,702,3,"France Calédonie, une patrie",RN-MCFNC,1,0.14245014245014245,166.499920601202,-22.2239776205159
Province Sud,Mont-Dore,0016,Ecole Saint-Joseph de CLUNY,1024,717,702,5,Une Province pour tous,DVC-Calédonie ensemble,17,2.421652421652422,166.499920601202,-22.2239776205159
Province Sud,Mont-Dore,0016,Ecole Saint-Joseph de CLUNY,1024,717,702,6,Souveraineté Kanaky Nouvelle-Calédonie,SKNC,10,1.4245014245014245,166.499920601202,-22.2239776205159
Province Sud,Mont-Dore,0016,Ecole Saint-Joseph de CLUNY,1024,717,702,7,Faire Pays,Faire Pays,34,4.843304843304844,166.499920601202,-22.2239776205159
Province Sud,Mont-Dore,0016,Ecole Saint-Joseph de CLUNY,1024,717,702,8,Pour une Calédonie française,Pour une Calédonie française,3,0.42735042735042733,166.499920601202,-22.2239776205159
Province Sud,Mont-Dore,0016,Ecole Saint-Joseph de CLUNY,1024,717,702,9,"Nous, réunis !","Nous, réunis",57,8.11965811965812,166.499920601202,-22.2239776205159
Province Sud,Mont-Dore,0016,Ecole Saint-Joseph de CLUNY,1024,717,702,10,Les Loyalistes et Le Rassemblement - Forts et unis,LL-LR,202,28.774928774928775,166.499920601202,-22.2239776205159
Province Sud,Mont-Dore,0016,Ecole Saint-Joseph de CLUNY,1024,717,702,11,Unis pour le Pays,UNI,12,1.7094017094017093,166.499920601202,-22.2239776205159
Province Sud,Mont-Dore,0016,Ecole Saint-Joseph de CLUNY,1024,717,702,12,Un espoir pour demain,Un espoir pour demain,6,0.8547008547008547,166.499920601202,-22.2239776205159
Province Sud,Mont-Dore,0017,Ecole primaire Louis Henri GALINE 2,842,557,539,1,Un autre monde est possible !,Éveil océanien,110,20.408163265306122,166.512755378687,-22.2163077194956
Province Sud,Mont-Dore,0017,Ecole primaire Louis Henri GALINE 2,842,557,539,2,Kanaky pour tous,FLNKS,36,6.679035250463822,166.512755378687,-22.2163077194956
Province Sud,Mont-Dore,0017,Ecole primaire Louis Henri GALINE 2,842,557,539,3,"France Calédonie, une patrie",RN-MCFNC,5,0.9276437847866419,166.512755378687,-22.2163077194956
Province Sud,Mont-Dore,0017,Ecole primaire Louis Henri GALINE 2,842,557,539,5,Une Province pour tous,DVC-Calédonie ensemble,49,9.090909090909092,166.512755378687,-22.2163077194956
Province Sud,Mont-Dore,0017,Ecole primaire Louis Henri GALINE 2,842,557,539,6,Souveraineté Kanaky Nouvelle-Calédonie,SKNC,2,0.37105751391465674,166.512755378687,-22.2163077194956
Province Sud,Mont-Dore,0017,Ecole primaire Louis Henri GALINE 2,842,557,539,7,Faire Pays,Faire Pays,11,2.0408163265306123,166.512755378687,-22.2163077194956
Province Sud,Mont-Dore,0017,Ecole primaire Louis Henri GALINE 2,842,557,539,8,Pour une Calédonie française,Pour une Calédonie française,8,1.484230055658627,166.512755378687,-22.2163077194956
Province Sud,Mont-Dore,0017,Ecole primaire Louis Henri GALINE 2,842,557,539,9,"Nous, réunis !","Nous, réunis",32,5.936920222634508,166.512755378687,-22.2163077194956
Province Sud,Mont-Dore,0017,Ecole primaire Louis Henri GALINE 2,842,557,539,10,Les Loyalistes et Le Rassemblement - Forts et unis,LL-LR,266,49.35064935064935,166.512755378687,-22.2163077194956
Province Sud,Mont-Dore,0017,Ecole primaire Louis Henri GALINE 2,842,557,539,11,Unis pour le Pays,UNI,12,2.226345083487941,166.512755378687,-22.2163077194956
Province Sud,Mont-Dore,0017,Ecole primaire Louis Henri GALINE 2,842,557,539,12,Un espoir pour demain,Un espoir pour demain,8,1.484230055658627,166.512755378687,-22.2163077194956
Province Sud,Mont-Dore,0018,Groupe scolaire Boulari 3,923,616,606,1,Un autre monde est possible !,Éveil océanien,78,12.871287128712872,166.520855451452,-22.2274992832452
Province Sud,Mont-Dore,0018,Groupe scolaire Boulari 3,923,616,606,2,Kanaky pour tous,FLNKS,67,11.056105610561056,166.520855451452,-22.2274992832452
Province Sud,Mont-Dore,0018,Groupe scolaire Boulari 3,923,616,606,3,"France Calédonie, une patrie",RN-MCFNC,2,0.33003300330033003,166.520855451452,-22.2274992832452
Province Sud,Mont-Dore,0018,Groupe scolaire Boulari 3,923,616,606,5,Une Province pour tous,DVC-Calédonie ensemble,49,8.085808580858085,166.520855451452,-22.2274992832452
Province Sud,Mont-Dore,0018,Groupe scolaire Boulari 3,923,616,606,6,Souveraineté Kanaky Nouvelle-Calédonie,SKNC,4,0.6600660066006601,166.520855451452,-22.2274992832452
Province Sud,Mont-Dore,0018,Groupe scolaire Boulari 3,923,616,606,7,Faire Pays,Faire Pays,27,4.455445544554456,166.520855451452,-22.2274992832452
Province Sud,Mont-Dore,0018,Groupe scolaire Boulari 3,923,616,606,8,Pour une Calédonie française,Pour une Calédonie française,16,2.6402640264026402,166.520855451452,-22.2274992832452
Province Sud,Mont-Dore,0018,Groupe scolaire Boulari 3,923,616,606,9,"Nous, réunis !","Nous, réunis",35,5.775577557755776,166.520855451452,-22.2274992832452
Province Sud,Mont-Dore,0018,Groupe scolaire Boulari 3,923,616,606,10,Les Loyalistes et Le Rassemblement - Forts et unis,LL-LR,307,50.66006600660066,166.520855451452,-22.2274992832452
Province Sud,Mont-Dore,0018,Groupe scolaire Boulari 3,923,616,606,11,Unis pour le Pays,UNI,11,1.8151815181518152,166.520855451452,-22.2274992832452
Province Sud,Mont-Dore,0018,Groupe scolaire Boulari 3,923,616,606,12,Un espoir pour demain,Un espoir pour demain,10,1.6501650165016502,166.520855451452,-22.2274992832452
Province Sud,Mont-Dore,0019,Groupe scolaire Saint-Michel 2,613,413,392,1,Un autre monde est possible !,Éveil océanien,64,16.3265306122449,166.499920849353,-22.2240498676639
Province Sud,Mont-Dore,0019,Groupe scolaire Saint-Michel 2,613,413,392,2,Kanaky pour tous,FLNKS,13,3.316326530612245,166.499920849353,-22.2240498676639
Province Sud,Mont-Dore,0019,Groupe scolaire Saint-Michel 2,613,413,392,3,"France Calédonie, une patrie",RN-MCFNC,6,1.530612244897959,166.499920849353,-22.2240498676639
Province Sud,Mont-Dore,0019,Groupe scolaire Saint-Michel 2,613,413,392,5,Une Province pour tous,DVC-Calédonie ensemble,18,4.591836734693878,166.499920849353,-22.2240498676639
Province Sud,Mont-Dore,0019,Groupe scolaire Saint-Michel 2,613,413,392,6,Souveraineté Kanaky Nouvelle-Calédonie,SKNC,0,0,166.499920849353,-22.2240498676639
Province Sud,Mont-Dore,0019,Groupe scolaire Saint-Michel 2,613,413,392,7,Faire Pays,Faire Pays,16,4.081632653061225,166.499920849353,-22.2240498676639
Province Sud,Mont-Dore,0019,Groupe scolaire Saint-Michel 2,613,413,392,8,Pour une Calédonie française,Pour une Calédonie française,5,1.2755102040816326,166.499920849353,-22.2240498676639
Province Sud,Mont-Dore,0019,Groupe scolaire Saint-Michel 2,613,413,392,9,"Nous, réunis !","Nous, réunis",16,4.081632653061225,166.499920849353,-22.2240498676639
Province Sud,Mont-Dore,0019,Groupe scolaire Saint-Michel 2,613,413,392,10,Les Loyalistes et Le Rassemblement - Forts et unis,LL-LR,239,60.96938775510204,166.499920849353,-22.2240498676639
Province Sud,Mont-Dore,0019,Groupe scolaire Saint-Michel 2,613,413,392,11,Unis pour le Pays,UNI,4,1.0204081632653061,166.499920849353,-22.2240498676639
Province Sud,Mont-Dore,0019,Groupe scolaire Saint-Michel 2,613,413,392,12,Un espoir pour demain,Un espoir pour demain,11,2.806122448979592,166.499920849353,-22.2240498676639
Province Sud,Mont-Dore,0020,Ecole La Rizière 3,625,346,329,1,Un autre monde est possible !,Éveil océanien,16,4.86322188449848,166.489906860567,-22.2084828348965
Province Sud,Mont-Dore,0020,Ecole La Rizière 3,625,346,329,2,Kanaky pour tous,FLNKS,62,18.84498480243161,166.489906860567,-22.2084828348965
Province Sud,Mont-Dore,0020,Ecole La Rizière 3,625,346,329,3,"France Calédonie, une patrie",RN-MCFNC,3,0.9118541033434651,166.489906860567,-22.2084828348965
Province Sud,Mont-Dore,0020,Ecole La Rizière 3,625,346,329,5,Une Province pour tous,DVC-Calédonie ensemble,13,3.951367781155015,166.489906860567,-22.2084828348965
Province Sud,Mont-Dore,0020,Ecole La Rizière 3,625,346,329,6,Souveraineté Kanaky Nouvelle-Calédonie,SKNC,1,0.303951367781155,166.489906860567,-22.2084828348965
Province Sud,Mont-Dore,0020,Ecole La Rizière 3,625,346,329,7,Faire Pays,Faire Pays,19,5.775075987841945,166.489906860567,-22.2084828348965
Province Sud,Mont-Dore,0020,Ecole La Rizière 3,625,346,329,8,Pour une Calédonie française,Pour une Calédonie française,4,1.21580547112462,166.489906860567,-22.2084828348965
Province Sud,Mont-Dore,0020,Ecole La Rizière 3,625,346,329,9,"Nous, réunis !","Nous, réunis",33,10.030395136778116,166.489906860567,-22.2084828348965
Province Sud,Mont-Dore,0020,Ecole La Rizière 3,625,346,329,10,Les Loyalistes et Le Rassemblement - Forts et unis,LL-LR,155,47.11246200607903,166.489906860567,-22.2084828348965
Province Sud,Mont-Dore,0020,Ecole La Rizière 3,625,346,329,11,Unis pour le Pays,UNI,19,5.775075987841945,166.489906860567,-22.2084828348965
Province Sud,Mont-Dore,0020,Ecole La Rizière 3,625,346,329,12,Un espoir pour demain,Un espoir pour demain,4,1.21580547112462,166.489906860567,-22.2084828348965
Province Sud,Mont-Dore,0021,Ecole de La Briqueterie 1,760,468,449,1,Un autre monde est possible !,Éveil océanien,53,11.804008908685969,166.573975497183,-22.2332233282141
Province Sud,Mont-Dore,0021,Ecole de La Briqueterie 1,760,468,449,2,Kanaky pour tous,FLNKS,90,20.044543429844097,166.573975497183,-22.2332233282141
Province Sud,Mont-Dore,0021,Ecole de La Briqueterie 1,760,468,449,3,"France Calédonie, une patrie",RN-MCFNC,2,0.44543429844098,166.573975497183,-22.2332233282141
Province Sud,Mont-Dore,0021,Ecole de La Briqueterie 1,760,468,449,5,Une Province pour tous,DVC-Calédonie ensemble,22,4.8997772828507795,166.573975497183,-22.2332233282141
Province Sud,Mont-Dore,0021,Ecole de La Briqueterie 1,760,468,449,6,Souveraineté Kanaky Nouvelle-Calédonie,SKNC,2,0.44543429844098,166.573975497183,-22.2332233282141
Province Sud,Mont-Dore,0021,Ecole de La Briqueterie 1,760,468,449,7,Faire Pays,Faire Pays,34,7.572383073496659,166.573975497183,-22.2332233282141
Province Sud,Mont-Dore,0021,Ecole de La Briqueterie 1,760,468,449,8,Pour une Calédonie française,Pour une Calédonie française,2,0.44543429844098,166.573975497183,-22.2332233282141
Province Sud,Mont-Dore,0021,Ecole de La Briqueterie 1,760,468,449,9,"Nous, réunis !","Nous, réunis",35,7.795100222717149,166.573975497183,-22.2332233282141
Province Sud,Mont-Dore,0021,Ecole de La Briqueterie 1,760,468,449,10,Les Loyalistes et Le Rassemblement - Forts et unis,LL-LR,188,41.87082405345212,166.573975497183,-22.2332233282141
Province Sud,Mont-Dore,0021,Ecole de La Briqueterie 1,760,468,449,11,Unis pour le Pays,UNI,14,3.11804008908686,166.573975497183,-22.2332233282141
Province Sud,Mont-Dore,0021,Ecole de La Briqueterie 1,760,468,449,12,Un espoir pour demain,Un espoir pour demain,7,1.55902004454343,166.573975497183,-22.2332233282141
Province Sud,Mont-Dore,0022,Ecole de La Briqueterie 2,665,430,417,1,Un autre monde est possible !,Éveil océanien,27,6.474820143884892,166.566445622614,-22.2625090934915
Province Sud,Mont-Dore,0022,Ecole de La Briqueterie 2,665,430,417,2,Kanaky pour tous,FLNKS,30,7.1942446043165464,166.566445622614,-22.2625090934915
Province Sud,Mont-Dore,0022,Ecole de La Briqueterie 2,665,430,417,3,"France Calédonie, une patrie",RN-MCFNC,4,0.9592326139088729,166.566445622614,-22.2625090934915
Province Sud,Mont-Dore,0022,Ecole de La Briqueterie 2,665,430,417,5,Une Province pour tous,DVC-Calédonie ensemble,19,4.556354916067146,166.566445622614,-22.2625090934915
Province Sud,Mont-Dore,0022,Ecole de La Briqueterie 2,665,430,417,6,Souveraineté Kanaky Nouvelle-Calédonie,SKNC,4,0.9592326139088729,166.566445622614,-22.2625090934915
Province Sud,Mont-Dore,0022,Ecole de La Briqueterie 2,665,430,417,7,Faire Pays,Faire Pays,22,5.275779376498801,166.566445622614,-22.2625090934915
Province Sud,Mont-Dore,0022,Ecole de La Briqueterie 2,665,430,417,8,Pour une Calédonie française,Pour une Calédonie française,4,0.9592326139088729,166.566445622614,-22.2625090934915
Province Sud,Mont-Dore,0022,Ecole de La Briqueterie 2,665,430,417,9,"Nous, réunis !","Nous, réunis",33,7.913669064748201,166.566445622614,-22.2625090934915
Province Sud,Mont-Dore,0022,Ecole de La Briqueterie 2,665,430,417,10,Les Loyalistes et Le Rassemblement - Forts et unis,LL-LR,255,61.15107913669065,166.566445622614,-22.2625090934915
Province Sud,Mont-Dore,0022,Ecole de La Briqueterie 2,665,430,417,11,Unis pour le Pays,UNI,8,1.9184652278177459,166.566445622614,-22.2625090934915
Province Sud,Mont-Dore,0022,Ecole de La Briqueterie 2,665,430,417,12,Un espoir pour demain,Un espoir pour demain,11,2.6378896882494005,166.566445622614,-22.2625090934915
Province Sud,Mont-Dore,0023,Mairie 2,517,330,320,1,Un autre monde est possible !,Éveil océanien,12,3.75,166.566445622614,-22.2625090934915
Province Sud,Mont-Dore,0023,Mairie 2,517,330,320,2,Kanaky pour tous,FLNKS,32,10,166.566445622614,-22.2625090934915
Province Sud,Mont-Dore,0023,Mairie 2,517,330,320,3,"France Calédonie, une patrie",RN-MCFNC,5,1.5625,166.566445622614,-22.2625090934915
Province Sud,Mont-Dore,0023,Mairie 2,517,330,320,5,Une Province pour tous,DVC-Calédonie ensemble,15,4.6875,166.566445622614,-22.2625090934915
Province Sud,Mont-Dore,0023,Mairie 2,517,330,320,6,Souveraineté Kanaky Nouvelle-Calédonie,SKNC,3,0.9375,166.566445622614,-22.2625090934915
Province Sud,Mont-Dore,0023,Mairie 2,517,330,320,7,Faire Pays,Faire Pays,13,4.0625,166.566445622614,-22.2625090934915
Province Sud,Mont-Dore,0023,Mairie 2,517,330,320,8,Pour une Calédonie française,Pour une Calédonie française,7,2.1875,166.566445622614,-22.2625090934915
Province Sud,Mont-Dore,0023,Mairie 2,517,330,320,9,"Nous, réunis !","Nous, réunis",14,4.375,166.566445622614,-22.2625090934915
Province Sud,Mont-Dore,0023,Mairie 2,517,330,320,10,Les Loyalistes et Le Rassemblement - Forts et unis,LL-LR,208,65,166.566445622614,-22.2625090934915
Province Sud,Mont-Dore,0023,Mairie 2,517,330,320,11,Unis pour le Pays,UNI,4,1.25,166.566445622614,-22.2625090934915
Province Sud,Mont-Dore,0023,Mairie 2,517,330,320,12,Un espoir pour demain,Un espoir pour demain,7,2.1875,166.566445622614,-22.2625090934915
Province Sud,Mont-Dore,0024,Groupe scolaire de Yahoué,783,492,485,1,Un autre monde est possible !,Éveil océanien,94,19.38144329896907,166.523259425452,-22.2297495527098
Province Sud,Mont-Dore,0024,Groupe scolaire de Yahoué,783,492,485,2,Kanaky pour tous,FLNKS,64,13.195876288659793,166.523259425452,-22.2297495527098
Province Sud,Mont-Dore,0024,Groupe scolaire de Yahoué,783,492,485,3,"France Calédonie, une patrie",RN-MCFNC,5,1.0309278350515463,166.523259425452,-22.2297495527098
Province Sud,Mont-Dore,0024,Groupe scolaire de Yahoué,783,492,485,5,Une Province pour tous,DVC-Calédonie ensemble,26,5.360824742268041,166.523259425452,-22.2297495527098
Province Sud,Mont-Dore,0024,Groupe scolaire de Yahoué,783,492,485,6,Souveraineté Kanaky Nouvelle-Calédonie,SKNC,10,2.0618556701030926,166.523259425452,-22.2297495527098
Province Sud,Mont-Dore,0024,Groupe scolaire de Yahoué,783,492,485,7,Faire Pays,Faire Pays,23,4.742268041237113,166.523259425452,-22.2297495527098
Province Sud,Mont-Dore,0024,Groupe scolaire de Yahoué,783,492,485,8,Pour une Calédonie française,Pour une Calédonie française,2,0.41237113402061853,166.523259425452,-22.2297495527098
Province Sud,Mont-Dore,0024,Groupe scolaire de Yahoué,783,492,485,9,"Nous, réunis !","Nous, réunis",30,6.185567010309279,166.523259425452,-22.2297495527098
Province Sud,Mont-Dore,0024,Groupe scolaire de Yahoué,783,492,485,10,Les Loyalistes et Le Rassemblement - Forts et unis,LL-LR,198,40.824742268041234,166.523259425452,-22.2297495527098
Province Sud,Mont-Dore,0024,Groupe scolaire de Yahoué,783,492,485,11,Unis pour le Pays,UNI,18,3.711340206185567,166.523259425452,-22.2297495527098
Province Sud,Mont-Dore,0024,Groupe scolaire de Yahoué,783,492,485,12,Un espoir pour demain,Un espoir pour demain,15,3.0927835051546393,166.523259425452,-22.2297495527098
Province Sud,Nouméa,0001,Mairie 1,630,383,380,1,Un autre monde est possible !,Éveil océanien,28,7.368421052631579,166.439401925184,-22.2714056104229
Province Sud,Nouméa,0001,Mairie 1,630,383,380,2,Kanaky pour tous,FLNKS,47,12.368421052631579,166.439401925184,-22.2714056104229
Province Sud,Nouméa,0001,Mairie 1,630,383,380,3,"France Calédonie, une patrie",RN-MCFNC,4,1.0526315789473684,166.439401925184,-22.2714056104229
Province Sud,Nouméa,0001,Mairie 1,630,383,380,5,Une Province pour tous,DVC-Calédonie ensemble,20,5.2631578947368425,166.439401925184,-22.2714056104229
Province Sud,Nouméa,0001,Mairie 1,630,383,380,6,Souveraineté Kanaky Nouvelle-Calédonie,SKNC,3,0.7894736842105263,166.439401925184,-22.2714056104229
Province Sud,Nouméa,0001,Mairie 1,630,383,380,7,Faire Pays,Faire Pays,29,7.631578947368421,166.439401925184,-22.2714056104229
Province Sud,Nouméa,0001,Mairie 1,630,383,380,8,Pour une Calédonie française,Pour une Calédonie française,8,2.1052631578947367,166.439401925184,-22.2714056104229
Province Sud,Nouméa,0001,Mairie 1,630,383,380,9,"Nous, réunis !","Nous, réunis",29,7.631578947368421,166.439401925184,-22.2714056104229
Province Sud,Nouméa,0001,Mairie 1,630,383,380,10,Les Loyalistes et Le Rassemblement - Forts et unis,LL-LR,194,51.05263157894737,166.439401925184,-22.2714056104229
Province Sud,Nouméa,0001,Mairie 1,630,383,380,11,Unis pour le Pays,UNI,8,2.1052631578947367,166.439401925184,-22.2714056104229
Province Sud,Nouméa,0001,Mairie 1,630,383,380,12,Un espoir pour demain,Un espoir pour demain,10,2.6315789473684212,166.439401925184,-22.2714056104229
Province Sud,Nouméa,0002,Mairie 2,1192,545,539,1,Un autre monde est possible !,Éveil océanien,28,5.194805194805195,166.439401925184,-22.2714056104229
Province Sud,Nouméa,0002,Mairie 2,1192,545,539,2,Kanaky pour tous,FLNKS,131,24.304267161410017,166.439401925184,-22.2714056104229
Province Sud,Nouméa,0002,Mairie 2,1192,545,539,3,"France Calédonie, une patrie",RN-MCFNC,12,2.226345083487941,166.439401925184,-22.2714056104229
Province Sud,Nouméa,0002,Mairie 2,1192,545,539,5,Une Province pour tous,DVC-Calédonie ensemble,26,4.823747680890538,166.439401925184,-22.2714056104229
Province Sud,Nouméa,0002,Mairie 2,1192,545,539,6,Souveraineté Kanaky Nouvelle-Calédonie,SKNC,9,1.6697588126159555,166.439401925184,-22.2714056104229
Province Sud,Nouméa,0002,Mairie 2,1192,545,539,7,Faire Pays,Faire Pays,51,9.461966604823747,166.439401925184,-22.2714056104229
Province Sud,Nouméa,0002,Mairie 2,1192,545,539,8,Pour une Calédonie française,Pour une Calédonie française,12,2.226345083487941,166.439401925184,-22.2714056104229
Province Sud,Nouméa,0002,Mairie 2,1192,545,539,9,"Nous, réunis !","Nous, réunis",27,5.009276437847866,166.439401925184,-22.2714056104229
Province Sud,Nouméa,0002,Mairie 2,1192,545,539,10,Les Loyalistes et Le Rassemblement - Forts et unis,LL-LR,210,38.96103896103896,166.439401925184,-22.2714056104229
Province Sud,Nouméa,0002,Mairie 2,1192,545,539,11,Unis pour le Pays,UNI,23,4.267161410018553,166.439401925184,-22.2714056104229
Province Sud,Nouméa,0002,Mairie 2,1192,545,539,12,Un espoir pour demain,Un espoir pour demain,10,1.8552875695732838,166.439401925184,-22.2714056104229
Province Sud,Nouméa,0003,Ecole Frédéric Surleau,756,504,499,1,Un autre monde est possible !,Éveil océanien,19,3.8076152304609217,166.446180272936,-22.2732842135737
Province Sud,Nouméa,0003,Ecole Frédéric Surleau,756,504,499,2,Kanaky pour tous,FLNKS,35,7.014028056112225,166.446180272936,-22.2732842135737
Province Sud,Nouméa,0003,Ecole Frédéric Surleau,756,504,499,3,"France Calédonie, une patrie",RN-MCFNC,5,1.002004008016032,166.446180272936,-22.2732842135737
Province Sud,Nouméa,0003,Ecole Frédéric Surleau,756,504,499,5,Une Province pour tous,DVC-Calédonie ensemble,17,3.406813627254509,166.446180272936,-22.2732842135737
Province Sud,Nouméa,0003,Ecole Frédéric Surleau,756,504,499,6,Souveraineté Kanaky Nouvelle-Calédonie,SKNC,2,0.40080160320641284,166.446180272936,-22.2732842135737
Province Sud,Nouméa,0003,Ecole Frédéric Surleau,756,504,499,7,Faire Pays,Faire Pays,33,6.613226452905812,166.446180272936,-22.2732842135737
Province Sud,Nouméa,0003,Ecole Frédéric Surleau,756,504,499,8,Pour une Calédonie française,Pour une Calédonie française,10,2.004008016032064,166.446180272936,-22.2732842135737
Province Sud,Nouméa,0003,Ecole Frédéric Surleau,756,504,499,9,"Nous, réunis !","Nous, réunis",28,5.61122244488978,166.446180272936,-22.2732842135737
Province Sud,Nouméa,0003,Ecole Frédéric Surleau,756,504,499,10,Les Loyalistes et Le Rassemblement - Forts et unis,LL-LR,326,65.33066132264528,166.446180272936,-22.2732842135737
Province Sud,Nouméa,0003,Ecole Frédéric Surleau,756,504,499,11,Unis pour le Pays,UNI,8,1.6032064128256514,166.446180272936,-22.2732842135737
Province Sud,Nouméa,0003,Ecole Frédéric Surleau,756,504,499,12,Un espoir pour demain,Un espoir pour demain,16,3.2064128256513027,166.446180272936,-22.2732842135737
Province Sud,Nouméa,0004,Ecole Marguerite Lefrançois,737,566,562,1,Un autre monde est possible !,Éveil océanien,11,1.9572953736654803,166.446044574066,-22.2859909097298
Province Sud,Nouméa,0004,Ecole Marguerite Lefrançois,737,566,562,2,Kanaky pour tous,FLNKS,3,0.5338078291814946,166.446044574066,-22.2859909097298
Province Sud,Nouméa,0004,Ecole Marguerite Lefrançois,737,566,562,3,"France Calédonie, une patrie",RN-MCFNC,3,0.5338078291814946,166.446044574066,-22.2859909097298
Province Sud,Nouméa,0004,Ecole Marguerite Lefrançois,737,566,562,5,Une Province pour tous,DVC-Calédonie ensemble,14,2.491103202846975,166.446044574066,-22.2859909097298
Province Sud,Nouméa,0004,Ecole Marguerite Lefrançois,737,566,562,6,Souveraineté Kanaky Nouvelle-Calédonie,SKNC,0,0,166.446044574066,-22.2859909097298
Province Sud,Nouméa,0004,Ecole Marguerite Lefrançois,737,566,562,7,Faire Pays,Faire Pays,16,2.8469750889679717,166.446044574066,-22.2859909097298
Province Sud,Nouméa,0004,Ecole Marguerite Lefrançois,737,566,562,8,Pour une Calédonie française,Pour une Calédonie française,5,0.8896797153024911,166.446044574066,-22.2859909097298
Province Sud,Nouméa,0004,Ecole Marguerite Lefrançois,737,566,562,9,"Nous, réunis !","Nous, réunis",16,2.8469750889679717,166.446044574066,-22.2859909097298
Province Sud,Nouméa,0004,Ecole Marguerite Lefrançois,737,566,562,10,Les Loyalistes et Le Rassemblement - Forts et unis,LL-LR,467,83.09608540925267,166.446044574066,-22.2859909097298
Province Sud,Nouméa,0004,Ecole Marguerite Lefrançois,737,566,562,11,Unis pour le Pays,UNI,4,0.7117437722419929,166.446044574066,-22.2859909097298
Province Sud,Nouméa,0004,Ecole Marguerite Lefrançois,737,566,562,12,Un espoir pour demain,Un espoir pour demain,23,4.092526690391459,166.446044574066,-22.2859909097298
Province Sud,Nouméa,0005,Ecole Yvonne Dupont 1,706,558,555,1,Un autre monde est possible !,Éveil océanien,6,1.0810810810810811,166.442173657352,-22.2926748814035
Province Sud,Nouméa,0005,Ecole Yvonne Dupont 1,706,558,555,2,Kanaky pour tous,FLNKS,7,1.2612612612612613,166.442173657352,-22.2926748814035
Province Sud,Nouméa,0005,Ecole Yvonne Dupont 1,706,558,555,3,"France Calédonie, une patrie",RN-MCFNC,5,0.9009009009009009,166.442173657352,-22.2926748814035
Province Sud,Nouméa,0005,Ecole Yvonne Dupont 1,706,558,555,5,Une Province pour tous,DVC-Calédonie ensemble,12,2.1621621621621623,166.442173657352,-22.2926748814035
Province Sud,Nouméa,0005,Ecole Yvonne Dupont 1,706,558,555,6,Souveraineté Kanaky Nouvelle-Calédonie,SKNC,5,0.9009009009009009,166.442173657352,-22.2926748814035
Province Sud,Nouméa,0005,Ecole Yvonne Dupont 1,706,558,555,7,Faire Pays,Faire Pays,16,2.8828828828828827,166.442173657352,-22.2926748814035
Province Sud,Nouméa,0005,Ecole Yvonne Dupont 1,706,558,555,8,Pour une Calédonie française,Pour une Calédonie française,15,2.7027027027027026,166.442173657352,-22.2926748814035
Province Sud,Nouméa,0005,Ecole Yvonne Dupont 1,706,558,555,9,"Nous, réunis !","Nous, réunis",27,4.864864864864865,166.442173657352,-22.2926748814035
Province Sud,Nouméa,0005,Ecole Yvonne Dupont 1,706,558,555,10,Les Loyalistes et Le Rassemblement - Forts et unis,LL-LR,438,78.91891891891892,166.442173657352,-22.2926748814035
Province Sud,Nouméa,0005,Ecole Yvonne Dupont 1,706,558,555,11,Unis pour le Pays,UNI,6,1.0810810810810811,166.442173657352,-22.2926748814035
Province Sud,Nouméa,0005,Ecole Yvonne Dupont 1,706,558,555,12,Un espoir pour demain,Un espoir pour demain,18,3.2432432432432434,166.442173657352,-22.2926748814035
Province Sud,Nouméa,0006,Ecole Eloi Franc 1,913,674,662,1,Un autre monde est possible !,Éveil océanien,21,3.1722054380664653,166.447826467842,-22.2974281428095
Province Sud,Nouméa,0006,Ecole Eloi Franc 1,913,674,662,2,Kanaky pour tous,FLNKS,31,4.682779456193353,166.447826467842,-22.2974281428095
Province Sud,Nouméa,0006,Ecole Eloi Franc 1,913,674,662,3,"France Calédonie, une patrie",RN-MCFNC,7,1.0574018126888218,166.447826467842,-22.2974281428095
Province Sud,Nouméa,0006,Ecole Eloi Franc 1,913,674,662,5,Une Province pour tous,DVC-Calédonie ensemble,24,3.6253776435045317,166.447826467842,-22.2974281428095
Province Sud,Nouméa,0006,Ecole Eloi Franc 1,913,674,662,6,Souveraineté Kanaky Nouvelle-Calédonie,SKNC,7,1.0574018126888218,166.447826467842,-22.2974281428095
Province Sud,Nouméa,0006,Ecole Eloi Franc 1,913,674,662,7,Faire Pays,Faire Pays,22,3.323262839879154,166.447826467842,-22.2974281428095
Province Sud,Nouméa,0006,Ecole Eloi Franc 1,913,674,662,8,Pour une Calédonie française,Pour une Calédonie française,7,1.0574018126888218,166.447826467842,-22.2974281428095
Province Sud,Nouméa,0006,Ecole Eloi Franc 1,913,674,662,9,"Nous, réunis !","Nous, réunis",27,4.078549848942598,166.447826467842,-22.2974281428095
Province Sud,Nouméa,0006,Ecole Eloi Franc 1,913,674,662,10,Les Loyalistes et Le Rassemblement - Forts et unis,LL-LR,490,74.01812688821752,166.447826467842,-22.2974281428095
Province Sud,Nouméa,0006,Ecole Eloi Franc 1,913,674,662,11,Unis pour le Pays,UNI,8,1.2084592145015105,166.447826467842,-22.2974281428095
Province Sud,Nouméa,0006,Ecole Eloi Franc 1,913,674,662,12,Un espoir pour demain,Un espoir pour demain,18,2.719033232628399,166.447826467842,-22.2974281428095
Province Sud,Nouméa,0007,Ecole Eloi Franc 2,772,576,570,1,Un autre monde est possible !,Éveil océanien,6,1.0526315789473684,166.447826467842,-22.2974281428095
Province Sud,Nouméa,0007,Ecole Eloi Franc 2,772,576,570,2,Kanaky pour tous,FLNKS,8,1.4035087719298245,166.447826467842,-22.2974281428095
Province Sud,Nouméa,0007,Ecole Eloi Franc 2,772,576,570,3,"France Calédonie, une patrie",RN-MCFNC,2,0.3508771929824561,166.447826467842,-22.2974281428095
Province Sud,Nouméa,0007,Ecole Eloi Franc 2,772,576,570,5,Une Province pour tous,DVC-Calédonie ensemble,15,2.6315789473684212,166.447826467842,-22.2974281428095
Province Sud,Nouméa,0007,Ecole Eloi Franc 2,772,576,570,6,Souveraineté Kanaky Nouvelle-Calédonie,SKNC,5,0.8771929824561403,166.447826467842,-22.2974281428095
Province Sud,Nouméa,0007,Ecole Eloi Franc 2,772,576,570,7,Faire Pays,Faire Pays,12,2.1052631578947367,166.447826467842,-22.2974281428095
Province Sud,Nouméa,0007,Ecole Eloi Franc 2,772,576,570,8,Pour une Calédonie française,Pour une Calédonie française,4,0.7017543859649122,166.447826467842,-22.2974281428095
Province Sud,Nouméa,0007,Ecole Eloi Franc 2,772,576,570,9,"Nous, réunis !","Nous, réunis",25,4.385964912280702,166.447826467842,-22.2974281428095
Province Sud,Nouméa,0007,Ecole Eloi Franc 2,772,576,570,10,Les Loyalistes et Le Rassemblement - Forts et unis,LL-LR,479,84.03508771929825,166.447826467842,-22.2974281428095
Province Sud,Nouméa,0007,Ecole Eloi Franc 2,772,576,570,11,Unis pour le Pays,UNI,1,0.17543859649122806,166.447826467842,-22.2974281428095
Province Sud,Nouméa,0007,Ecole Eloi Franc 2,772,576,570,12,Un espoir pour demain,Un espoir pour demain,13,2.280701754385965,166.447826467842,-22.2974281428095
Province Sud,Nouméa,0008,Ecole Fernande Leriche 1,705,540,538,1,Un autre monde est possible !,Éveil océanien,0,0,166.448431376266,-22.2984740950672
Province Sud,Nouméa,0008,Ecole Fernande Leriche 1,705,540,538,2,Kanaky pour tous,FLNKS,6,1.1152416356877324,166.448431376266,-22.2984740950672
Province Sud,Nouméa,0008,Ecole Fernande Leriche 1,705,540,538,3,"France Calédonie, une patrie",RN-MCFNC,1,0.18587360594795538,166.448431376266,-22.2984740950672
Province Sud,Nouméa,0008,Ecole Fernande Leriche 1,705,540,538,5,Une Province pour tous,DVC-Calédonie ensemble,10,1.858736059479554,166.448431376266,-22.2984740950672
Province Sud,Nouméa,0008,Ecole Fernande Leriche 1,705,540,538,6,Souveraineté Kanaky Nouvelle-Calédonie,SKNC,4,0.7434944237918215,166.448431376266,-22.2984740950672
Province Sud,Nouméa,0008,Ecole Fernande Leriche 1,705,540,538,7,Faire Pays,Faire Pays,12,2.2304832713754648,166.448431376266,-22.2984740950672
Province Sud,Nouméa,0008,Ecole Fernande Leriche 1,705,540,538,8,Pour une Calédonie française,Pour une Calédonie française,9,1.6728624535315986,166.448431376266,-22.2984740950672
Province Sud,Nouméa,0008,Ecole Fernande Leriche 1,705,540,538,9,"Nous, réunis !","Nous, réunis",19,3.5315985130111525,166.448431376266,-22.2984740950672
Province Sud,Nouméa,0008,Ecole Fernande Leriche 1,705,540,538,10,Les Loyalistes et Le Rassemblement - Forts et unis,LL-LR,461,85.68773234200744,166.448431376266,-22.2984740950672
Province Sud,Nouméa,0008,Ecole Fernande Leriche 1,705,540,538,11,Unis pour le Pays,UNI,1,0.18587360594795538,166.448431376266,-22.2984740950672
Province Sud,Nouméa,0008,Ecole Fernande Leriche 1,705,540,538,12,Un espoir pour demain,Un espoir pour demain,15,2.7881040892193307,166.448431376266,-22.2984740950672
Province Sud,Nouméa,0009,Ecole Fernande Leriche 2,812,615,612,1,Un autre monde est possible !,Éveil océanien,9,1.4705882352941178,166.448431376266,-22.2984740950672
Province Sud,Nouméa,0009,Ecole Fernande Leriche 2,812,615,612,2,Kanaky pour tous,FLNKS,14,2.287581699346405,166.448431376266,-22.2984740950672
Province Sud,Nouméa,0009,Ecole Fernande Leriche 2,812,615,612,3,"France Calédonie, une patrie",RN-MCFNC,8,1.3071895424836601,166.448431376266,-22.2984740950672
Province Sud,Nouméa,0009,Ecole Fernande Leriche 2,812,615,612,5,Une Province pour tous,DVC-Calédonie ensemble,12,1.9607843137254901,166.448431376266,-22.2984740950672
Province Sud,Nouméa,0009,Ecole Fernande Leriche 2,812,615,612,6,Souveraineté Kanaky Nouvelle-Calédonie,SKNC,1,0.16339869281045752,166.448431376266,-22.2984740950672
Province Sud,Nouméa,0009,Ecole Fernande Leriche 2,812,615,612,7,Faire Pays,Faire Pays,11,1.7973856209150327,166.448431376266,-22.2984740950672
Province Sud,Nouméa,0009,Ecole Fernande Leriche 2,812,615,612,8,Pour une Calédonie française,Pour une Calédonie française,8,1.3071895424836601,166.448431376266,-22.2984740950672
Province Sud,Nouméa,0009,Ecole Fernande Leriche 2,812,615,612,9,"Nous, réunis !","Nous, réunis",24,3.9215686274509802,166.448431376266,-22.2984740950672
Province Sud,Nouméa,0009,Ecole Fernande Leriche 2,812,615,612,10,Les Loyalistes et Le Rassemblement - Forts et unis,LL-LR,498,81.37254901960785,166.448431376266,-22.2984740950672
Province Sud,Nouméa,0009,Ecole Fernande Leriche 2,812,615,612,11,Unis pour le Pays,UNI,2,0.32679738562091504,166.448431376266,-22.2984740950672
Province Sud,Nouméa,0009,Ecole Fernande Leriche 2,812,615,612,12,Un espoir pour demain,Un espoir pour demain,25,4.084967320261438,166.448431376266,-22.2984740950672
Province Sud,Nouméa,0010,Ecole Jean Mermoud 1,806,628,622,1,Un autre monde est possible !,Éveil océanien,3,0.48231511254019294,166.454827725543,-22.2956844604928
Province Sud,Nouméa,0010,Ecole Jean Mermoud 1,806,628,622,2,Kanaky pour tous,FLNKS,4,0.6430868167202572,166.454827725543,-22.2956844604928
Province Sud,Nouméa,0010,Ecole Jean Mermoud 1,806,628,622,3,"France Calédonie, une patrie",RN-MCFNC,3,0.48231511254019294,166.454827725543,-22.2956844604928
Province Sud,Nouméa,0010,Ecole Jean Mermoud 1,806,628,622,5,Une Province pour tous,DVC-Calédonie ensemble,11,1.7684887459807075,166.454827725543,-22.2956844604928
Province Sud,Nouméa,0010,Ecole Jean Mermoud 1,806,628,622,6,Souveraineté Kanaky Nouvelle-Calédonie,SKNC,0,0,166.454827725543,-22.2956844604928
Province Sud,Nouméa,0010,Ecole Jean Mermoud 1,806,628,622,7,Faire Pays,Faire Pays,11,1.7684887459807075,166.454827725543,-22.2956844604928
Province Sud,Nouméa,0010,Ecole Jean Mermoud 1,806,628,622,8,Pour une Calédonie française,Pour une Calédonie française,9,1.4469453376205788,166.454827725543,-22.2956844604928
Province Sud,Nouméa,0010,Ecole Jean Mermoud 1,806,628,622,9,"Nous, réunis !","Nous, réunis",17,2.733118971061093,166.454827725543,-22.2956844604928
Province Sud,Nouméa,0010,Ecole Jean Mermoud 1,806,628,622,10,Les Loyalistes et Le Rassemblement - Forts et unis,LL-LR,519,83.44051446945338,166.454827725543,-22.2956844604928
Province Sud,Nouméa,0010,Ecole Jean Mermoud 1,806,628,622,11,Unis pour le Pays,UNI,5,0.8038585209003215,166.454827725543,-22.2956844604928
Province Sud,Nouméa,0010,Ecole Jean Mermoud 1,806,628,622,12,Un espoir pour demain,Un espoir pour demain,40,6.430868167202572,166.454827725543,-22.2956844604928
Province Sud,Nouméa,0011,Ecole Jean Mermoud 2,965,819,813,1,Un autre monde est possible !,Éveil océanien,10,1.2300123001230012,166.454827725543,-22.2956844604928
Province Sud,Nouméa,0011,Ecole Jean Mermoud 2,965,819,813,2,Kanaky pour tous,FLNKS,1,0.12300123001230012,166.454827725543,-22.2956844604928
Province Sud,Nouméa,0011,Ecole Jean Mermoud 2,965,819,813,3,"France Calédonie, une patrie",RN-MCFNC,7,0.8610086100861009,166.454827725543,-22.2956844604928
Province Sud,Nouméa,0011,Ecole Jean Mermoud 2,965,819,813,5,Une Province pour tous,DVC-Calédonie ensemble,9,1.1070110701107012,166.454827725543,-22.2956844604928
Province Sud,Nouméa,0011,Ecole Jean Mermoud 2,965,819,813,6,Souveraineté Kanaky Nouvelle-Calédonie,SKNC,0,0,166.454827725543,-22.2956844604928
Province Sud,Nouméa,0011,Ecole Jean Mermoud 2,965,819,813,7,Faire Pays,Faire Pays,9,1.1070110701107012,166.454827725543,-22.2956844604928
Province Sud,Nouméa,0011,Ecole Jean Mermoud 2,965,819,813,8,Pour une Calédonie française,Pour une Calédonie française,4,0.4920049200492005,166.454827725543,-22.2956844604928
Province Sud,Nouméa,0011,Ecole Jean Mermoud 2,965,819,813,9,"Nous, réunis !","Nous, réunis",38,4.674046740467404,166.454827725543,-22.2956844604928
Province Sud,Nouméa,0011,Ecole Jean Mermoud 2,965,819,813,10,Les Loyalistes et Le Rassemblement - Forts et unis,LL-LR,702,86.34686346863468,166.454827725543,-22.2956844604928
Province Sud,Nouméa,0011,Ecole Jean Mermoud 2,965,819,813,11,Unis pour le Pays,UNI,1,0.12300123001230012,166.454827725543,-22.2956844604928
Province Sud,Nouméa,0011,Ecole Jean Mermoud 2,965,819,813,12,Un espoir pour demain,Un espoir pour demain,32,3.936039360393604,166.454827725543,-22.2956844604928
Province Sud,Nouméa,0012,Ecole Ernest Risbec 1,851,619,615,1,Un autre monde est possible !,Éveil océanien,5,0.8130081300813008,166.451704940929,-22.2838445188063
Province Sud,Nouméa,0012,Ecole Ernest Risbec 1,851,619,615,2,Kanaky pour tous,FLNKS,10,1.6260162601626016,166.451704940929,-22.2838445188063
Province Sud,Nouméa,0012,Ecole Ernest Risbec 1,851,619,615,3,"France Calédonie, une patrie",RN-MCFNC,2,0.3252032520325203,166.451704940929,-22.2838445188063
Province Sud,Nouméa,0012,Ecole Ernest Risbec 1,851,619,615,5,Une Province pour tous,DVC-Calédonie ensemble,14,2.2764227642276422,166.451704940929,-22.2838445188063
Province Sud,Nouméa,0012,Ecole Ernest Risbec 1,851,619,615,6,Souveraineté Kanaky Nouvelle-Calédonie,SKNC,1,0.16260162601626016,166.451704940929,-22.2838445188063
Province Sud,Nouméa,0012,Ecole Ernest Risbec 1,851,619,615,7,Faire Pays,Faire Pays,15,2.4390243902439024,166.451704940929,-22.2838445188063
Province Sud,Nouméa,0012,Ecole Ernest Risbec 1,851,619,615,8,Pour une Calédonie française,Pour une Calédonie française,14,2.2764227642276422,166.451704940929,-22.2838445188063
Province Sud,Nouméa,0012,Ecole Ernest Risbec 1,851,619,615,9,"Nous, réunis !","Nous, réunis",34,5.528455284552845,166.451704940929,-22.2838445188063
Province Sud,Nouméa,0012,Ecole Ernest Risbec 1,851,619,615,10,Les Loyalistes et Le Rassemblement - Forts et unis,LL-LR,502,81.6260162601626,166.451704940929,-22.2838445188063
Province Sud,Nouméa,0012,Ecole Ernest Risbec 1,851,619,615,11,Unis pour le Pays,UNI,6,0.975609756097561,166.451704940929,-22.2838445188063
Province Sud,Nouméa,0012,Ecole Ernest Risbec 1,851,619,615,12,Un espoir pour demain,Un espoir pour demain,12,1.951219512195122,166.451704940929,-22.2838445188063
Province Sud,Nouméa,0013,Ecole Ernest Risbec 2,798,584,577,1,Un autre monde est possible !,Éveil océanien,15,2.5996533795493932,166.451704940929,-22.2838445188063
Province Sud,Nouméa,0013,Ecole Ernest Risbec 2,798,584,577,2,Kanaky pour tous,FLNKS,8,1.3864818024263432,166.451704940929,-22.2838445188063
Province Sud,Nouméa,0013,Ecole Ernest Risbec 2,798,584,577,3,"France Calédonie, une patrie",RN-MCFNC,3,0.5199306759098787,166.451704940929,-22.2838445188063
Province Sud,Nouméa,0013,Ecole Ernest Risbec 2,798,584,577,5,Une Province pour tous,DVC-Calédonie ensemble,23,3.9861351819757367,166.451704940929,-22.2838445188063
Province Sud,Nouméa,0013,Ecole Ernest Risbec 2,798,584,577,6,Souveraineté Kanaky Nouvelle-Calédonie,SKNC,2,0.3466204506065858,166.451704940929,-22.2838445188063
Province Sud,Nouméa,0013,Ecole Ernest Risbec 2,798,584,577,7,Faire Pays,Faire Pays,24,4.15944540727903,166.451704940929,-22.2838445188063
Province Sud,Nouméa,0013,Ecole Ernest Risbec 2,798,584,577,8,Pour une Calédonie française,Pour une Calédonie française,5,0.8665511265164645,166.451704940929,-22.2838445188063
Province Sud,Nouméa,0013,Ecole Ernest Risbec 2,798,584,577,9,"Nous, réunis !","Nous, réunis",27,4.679376083188908,166.451704940929,-22.2838445188063
Province Sud,Nouméa,0013,Ecole Ernest Risbec 2,798,584,577,10,Les Loyalistes et Le Rassemblement - Forts et unis,LL-LR,447,77.46967071057192,166.451704940929,-22.2838445188063
Province Sud,Nouméa,0013,Ecole Ernest Risbec 2,798,584,577,11,Unis pour le Pays,UNI,6,1.0398613518197575,166.451704940929,-22.2838445188063
Province Sud,Nouméa,0013,Ecole Ernest Risbec 2,798,584,577,12,Un espoir pour demain,Un espoir pour demain,17,2.946273830155979,166.451704940929,-22.2838445188063
Province Sud,Nouméa,0014,Ecole Paul Boyer 1,706,472,469,1,Un autre monde est possible !,Éveil océanien,11,2.345415778251599,166.452482969153,-22.2781620536236
Province Sud,Nouméa,0014,Ecole Paul Boyer 1,706,472,469,2,Kanaky pour tous,FLNKS,23,4.904051172707889,166.452482969153,-22.2781620536236
Province Sud,Nouméa,0014,Ecole Paul Boyer 1,706,472,469,3,"France Calédonie, une patrie",RN-MCFNC,8,1.7057569296375266,166.452482969153,-22.2781620536236
Province Sud,Nouméa,0014,Ecole Paul Boyer 1,706,472,469,5,Une Province pour tous,DVC-Calédonie ensemble,16,3.411513859275053,166.452482969153,-22.2781620536236
Province Sud,Nouméa,0014,Ecole Paul Boyer 1,706,472,469,6,Souveraineté Kanaky Nouvelle-Calédonie,SKNC,1,0.21321961620469082,166.452482969153,-22.2781620536236
Province Sud,Nouméa,0014,Ecole Paul Boyer 1,706,472,469,7,Faire Pays,Faire Pays,8,1.7057569296375266,166.452482969153,-22.2781620536236
Province Sud,Nouméa,0014,Ecole Paul Boyer 1,706,472,469,8,Pour une Calédonie française,Pour une Calédonie française,7,1.492537313432836,166.452482969153,-22.2781620536236
Province Sud,Nouméa,0014,Ecole Paul Boyer 1,706,472,469,9,"Nous, réunis !","Nous, réunis",29,6.183368869936034,166.452482969153,-22.2781620536236
Province Sud,Nouméa,0014,Ecole Paul Boyer 1,706,472,469,10,Les Loyalistes et Le Rassemblement - Forts et unis,LL-LR,354,75.47974413646055,166.452482969153,-22.2781620536236
Province Sud,Nouméa,0014,Ecole Paul Boyer 1,706,472,469,11,Unis pour le Pays,UNI,3,0.6396588486140725,166.452482969153,-22.2781620536236
Province Sud,Nouméa,0014,Ecole Paul Boyer 1,706,472,469,12,Un espoir pour demain,Un espoir pour demain,9,1.9189765458422174,166.452482969153,-22.2781620536236
Province Sud,Nouméa,0015,Ecole Les Capucines,761,571,566,1,Un autre monde est possible !,Éveil océanien,10,1.7667844522968197,166.457228804171,-22.2753677119578
Province Sud,Nouméa,0015,Ecole Les Capucines,761,571,566,2,Kanaky pour tous,FLNKS,14,2.4734982332155475,166.457228804171,-22.2753677119578
Province Sud,Nouméa,0015,Ecole Les Capucines,761,571,566,3,"France Calédonie, une patrie",RN-MCFNC,4,0.7067137809187279,166.457228804171,-22.2753677119578
Province Sud,Nouméa,0015,Ecole Les Capucines,761,571,566,5,Une Province pour tous,DVC-Calédonie ensemble,17,3.0035335689045937,166.457228804171,-22.2753677119578
Province Sud,Nouméa,0015,Ecole Les Capucines,761,571,566,6,Souveraineté Kanaky Nouvelle-Calédonie,SKNC,2,0.35335689045936397,166.457228804171,-22.2753677119578
Province Sud,Nouméa,0015,Ecole Les Capucines,761,571,566,7,Faire Pays,Faire Pays,15,2.65017667844523,166.457228804171,-22.2753677119578
Province Sud,Nouméa,0015,Ecole Les Capucines,761,571,566,8,Pour une Calédonie française,Pour une Calédonie française,13,2.2968197879858656,166.457228804171,-22.2753677119578
Province Sud,Nouméa,0015,Ecole Les Capucines,761,571,566,9,"Nous, réunis !","Nous, réunis",24,4.240282685512367,166.457228804171,-22.2753677119578
Province Sud,Nouméa,0015,Ecole Les Capucines,761,571,566,10,Les Loyalistes et Le Rassemblement - Forts et unis,LL-LR,448,79.15194346289752,166.457228804171,-22.2753677119578
Province Sud,Nouméa,0015,Ecole Les Capucines,761,571,566,11,Unis pour le Pays,UNI,10,1.7667844522968197,166.457228804171,-22.2753677119578
Province Sud,Nouméa,0015,Ecole Les Capucines,761,571,566,12,Un espoir pour demain,Un espoir pour demain,9,1.5901060070671378,166.457228804171,-22.2753677119578
Province Sud,Nouméa,0016,Ecole Candide Koch 1,811,574,568,1,Un autre monde est possible !,Éveil océanien,13,2.288732394366197,166.456450040223,-22.2745660873879
Province Sud,Nouméa,0016,Ecole Candide Koch 1,811,574,568,2,Kanaky pour tous,FLNKS,34,5.985915492957746,166.456450040223,-22.2745660873879
Province Sud,Nouméa,0016,Ecole Candide Koch 1,811,574,568,3,"France Calédonie, une patrie",RN-MCFNC,7,1.232394366197183,166.456450040223,-22.2745660873879
Province Sud,Nouméa,0016,Ecole Candide Koch 1,811,574,568,5,Une Province pour tous,DVC-Calédonie ensemble,19,3.3450704225352115,166.456450040223,-22.2745660873879
Province Sud,Nouméa,0016,Ecole Candide Koch 1,811,574,568,6,Souveraineté Kanaky Nouvelle-Calédonie,SKNC,2,0.352112676056338,166.456450040223,-22.2745660873879
Province Sud,Nouméa,0016,Ecole Candide Koch 1,811,574,568,7,Faire Pays,Faire Pays,24,4.225352112676056,166.456450040223,-22.2745660873879
Province Sud,Nouméa,0016,Ecole Candide Koch 1,811,574,568,8,Pour une Calédonie française,Pour une Calédonie française,10,1.7605633802816902,166.456450040223,-22.2745660873879
Province Sud,Nouméa,0016,Ecole Candide Koch 1,811,574,568,9,"Nous, réunis !","Nous, réunis",30,5.28169014084507,166.456450040223,-22.2745660873879
Province Sud,Nouméa,0016,Ecole Candide Koch 1,811,574,568,10,Les Loyalistes et Le Rassemblement - Forts et unis,LL-LR,406,71.47887323943662,166.456450040223,-22.2745660873879
Province Sud,Nouméa,0016,Ecole Candide Koch 1,811,574,568,11,Unis pour le Pays,UNI,6,1.056338028169014,166.456450040223,-22.2745660873879
Province Sud,Nouméa,0016,Ecole Candide Koch 1,811,574,568,12,Un espoir pour demain,Un espoir pour demain,17,2.992957746478873,166.456450040223,-22.2745660873879
Province Sud,Nouméa,0017,Ecole Candide Koch 2,884,677,667,1,Un autre monde est possible !,Éveil océanien,9,1.3493253373313343,166.456450040223,-22.2745660873879
Province Sud,Nouméa,0017,Ecole Candide Koch 2,884,677,667,2,Kanaky pour tous,FLNKS,22,3.2983508245877062,166.456450040223,-22.2745660873879
Province Sud,Nouméa,0017,Ecole Candide Koch 2,884,677,667,3,"France Calédonie, une patrie",RN-MCFNC,5,0.7496251874062968,166.456450040223,-22.2745660873879
Province Sud,Nouméa,0017,Ecole Candide Koch 2,884,677,667,5,Une Province pour tous,DVC-Calédonie ensemble,16,2.39880059970015,166.456450040223,-22.2745660873879
Province Sud,Nouméa,0017,Ecole Candide Koch 2,884,677,667,6,Souveraineté Kanaky Nouvelle-Calédonie,SKNC,2,0.29985007496251875,166.456450040223,-22.2745660873879
Province Sud,Nouméa,0017,Ecole Candide Koch 2,884,677,667,7,Faire Pays,Faire Pays,27,4.047976011994003,166.456450040223,-22.2745660873879
Province Sud,Nouméa,0017,Ecole Candide Koch 2,884,677,667,8,Pour une Calédonie française,Pour une Calédonie française,8,1.199400299850075,166.456450040223,-22.2745660873879
Province Sud,Nouméa,0017,Ecole Candide Koch 2,884,677,667,9,"Nous, réunis !","Nous, réunis",29,4.3478260869565215,166.456450040223,-22.2745660873879
Province Sud,Nouméa,0017,Ecole Candide Koch 2,884,677,667,10,Les Loyalistes et Le Rassemblement - Forts et unis,LL-LR,529,79.3103448275862,166.456450040223,-22.2745660873879
Province Sud,Nouméa,0017,Ecole Candide Koch 2,884,677,667,11,Unis pour le Pays,UNI,3,0.4497751124437781,166.456450040223,-22.2745660873879
Province Sud,Nouméa,0017,Ecole Candide Koch 2,884,677,667,12,Un espoir pour demain,Un espoir pour demain,17,2.548725637181409,166.456450040223,-22.2745660873879
Province Sud,Nouméa,0018,Ecole Suzanne Russier 1,774,544,534,1,Un autre monde est possible !,Éveil océanien,17,3.183520599250936,166.454860512437,-22.2689261325801
Province Sud,Nouméa,0018,Ecole Suzanne Russier 1,774,544,534,2,Kanaky pour tous,FLNKS,24,4.49438202247191,166.454860512437,-22.2689261325801
Province Sud,Nouméa,0018,Ecole Suzanne Russier 1,774,544,534,3,"France Calédonie, une patrie",RN-MCFNC,4,0.7490636704119851,166.454860512437,-22.2689261325801
Province Sud,Nouméa,0018,Ecole Suzanne Russier 1,774,544,534,5,Une Province pour tous,DVC-Calédonie ensemble,17,3.183520599250936,166.454860512437,-22.2689261325801
Province Sud,Nouméa,0018,Ecole Suzanne Russier 1,774,544,534,6,Souveraineté Kanaky Nouvelle-Calédonie,SKNC,2,0.37453183520599254,166.454860512437,-22.2689261325801
Province Sud,Nouméa,0018,Ecole Suzanne Russier 1,774,544,534,7,Faire Pays,Faire Pays,28,5.2434456928838955,166.454860512437,-22.2689261325801
Province Sud,Nouméa,0018,Ecole Suzanne Russier 1,774,544,534,8,Pour une Calédonie française,Pour une Calédonie française,11,2.059925093632959,166.454860512437,-22.2689261325801
Province Sud,Nouméa,0018,Ecole Suzanne Russier 1,774,544,534,9,"Nous, réunis !","Nous, réunis",29,5.430711610486892,166.454860512437,-22.2689261325801
Province Sud,Nouméa,0018,Ecole Suzanne Russier 1,774,544,534,10,Les Loyalistes et Le Rassemblement - Forts et unis,LL-LR,375,70.2247191011236,166.454860512437,-22.2689261325801
Province Sud,Nouméa,0018,Ecole Suzanne Russier 1,774,544,534,11,Unis pour le Pays,UNI,8,1.4981273408239701,166.454860512437,-22.2689261325801
Province Sud,Nouméa,0018,Ecole Suzanne Russier 1,774,544,534,12,Un espoir pour demain,Un espoir pour demain,19,3.5580524344569286,166.454860512437,-22.2689261325801
Province Sud,Nouméa,0019,Ecole Suzanne Russier 2,887,597,589,1,Un autre monde est possible !,Éveil océanien,27,4.584040747028863,166.454860512437,-22.2689261325801
Province Sud,Nouméa,0019,Ecole Suzanne Russier 2,887,597,589,2,Kanaky pour tous,FLNKS,56,9.507640067911714,166.454860512437,-22.2689261325801
Province Sud,Nouméa,0019,Ecole Suzanne Russier 2,887,597,589,3,"France Calédonie, une patrie",RN-MCFNC,10,1.697792869269949,166.454860512437,-22.2689261325801
Province Sud,Nouméa,0019,Ecole Suzanne Russier 2,887,597,589,5,Une Province pour tous,DVC-Calédonie ensemble,24,4.074702886247878,166.454860512437,-22.2689261325801
Province Sud,Nouméa,0019,Ecole Suzanne Russier 2,887,597,589,6,Souveraineté Kanaky Nouvelle-Calédonie,SKNC,3,0.5093378607809848,166.454860512437,-22.2689261325801
Province Sud,Nouméa,0019,Ecole Suzanne Russier 2,887,597,589,7,Faire Pays,Faire Pays,28,4.753820033955857,166.454860512437,-22.2689261325801
Province Sud,Nouméa,0019,Ecole Suzanne Russier 2,887,597,589,8,Pour une Calédonie française,Pour une Calédonie française,12,2.037351443123939,166.454860512437,-22.2689261325801
Province Sud,Nouméa,0019,Ecole Suzanne Russier 2,887,597,589,9,"Nous, réunis !","Nous, réunis",27,4.584040747028863,166.454860512437,-22.2689261325801
Province Sud,Nouméa,0019,Ecole Suzanne Russier 2,887,597,589,10,Les Loyalistes et Le Rassemblement - Forts et unis,LL-LR,379,64.34634974533107,166.454860512437,-22.2689261325801
Province Sud,Nouméa,0019,Ecole Suzanne Russier 2,887,597,589,11,Unis pour le Pays,UNI,10,1.697792869269949,166.454860512437,-22.2689261325801
Province Sud,Nouméa,0019,Ecole Suzanne Russier 2,887,597,589,12,Un espoir pour demain,Un espoir pour demain,13,2.2071307300509337,166.454860512437,-22.2689261325801
Province Sud,Nouméa,0020,Ecole Antoinette Charbonneaux,766,606,602,1,Un autre monde est possible !,Éveil océanien,5,0.8305647840531561,166.46666463723,-22.273716213111
Province Sud,Nouméa,0020,Ecole Antoinette Charbonneaux,766,606,602,2,Kanaky pour tous,FLNKS,6,0.9966777408637874,166.46666463723,-22.273716213111
Province Sud,Nouméa,0020,Ecole Antoinette Charbonneaux,766,606,602,3,"France Calédonie, une patrie",RN-MCFNC,5,0.8305647840531561,166.46666463723,-22.273716213111
Province Sud,Nouméa,0020,Ecole Antoinette Charbonneaux,766,606,602,5,Une Province pour tous,DVC-Calédonie ensemble,6,0.9966777408637874,166.46666463723,-22.273716213111
Province Sud,Nouméa,0020,Ecole Antoinette Charbonneaux,766,606,602,6,Souveraineté Kanaky Nouvelle-Calédonie,SKNC,2,0.33222591362126247,166.46666463723,-22.273716213111
Province Sud,Nouméa,0020,Ecole Antoinette Charbonneaux,766,606,602,7,Faire Pays,Faire Pays,20,3.3222591362126246,166.46666463723,-22.273716213111
Province Sud,Nouméa,0020,Ecole Antoinette Charbonneaux,766,606,602,8,Pour une Calédonie française,Pour une Calédonie française,15,2.4916943521594686,166.46666463723,-22.273716213111
Province Sud,Nouméa,0020,Ecole Antoinette Charbonneaux,766,606,602,9,"Nous, réunis !","Nous, réunis",17,2.823920265780731,166.46666463723,-22.273716213111
Province Sud,Nouméa,0020,Ecole Antoinette Charbonneaux,766,606,602,10,Les Loyalistes et Le Rassemblement - Forts et unis,LL-LR,499,82.89036544850498,166.46666463723,-22.273716213111
Province Sud,Nouméa,0020,Ecole Antoinette Charbonneaux,766,606,602,11,Unis pour le Pays,UNI,7,1.1627906976744187,166.46666463723,-22.273716213111
Province Sud,Nouméa,0020,Ecole Antoinette Charbonneaux,766,606,602,12,Un espoir pour demain,Un espoir pour demain,20,3.3222591362126246,166.46666463723,-22.273716213111
Province Sud,Nouméa,0021,Ecole Marie Havet 1,896,674,667,1,Un autre monde est possible !,Éveil océanien,6,0.8995502248875562,166.471138313555,-22.2828880563017
Province Sud,Nouméa,0021,Ecole Marie Havet 1,896,674,667,2,Kanaky pour tous,FLNKS,17,2.548725637181409,166.471138313555,-22.2828880563017
Province Sud,Nouméa,0021,Ecole Marie Havet 1,896,674,667,3,"France Calédonie, une patrie",RN-MCFNC,5,0.7496251874062968,166.471138313555,-22.2828880563017
Province Sud,Nouméa,0021,Ecole Marie Havet 1,896,674,667,5,Une Province pour tous,DVC-Calédonie ensemble,7,1.0494752623688155,166.471138313555,-22.2828880563017
Province Sud,Nouméa,0021,Ecole Marie Havet 1,896,674,667,6,Souveraineté Kanaky Nouvelle-Calédonie,SKNC,2,0.29985007496251875,166.471138313555,-22.2828880563017
Province Sud,Nouméa,0021,Ecole Marie Havet 1,896,674,667,7,Faire Pays,Faire Pays,32,4.7976011994003,166.471138313555,-22.2828880563017
Province Sud,Nouméa,0021,Ecole Marie Havet 1,896,674,667,8,Pour une Calédonie française,Pour une Calédonie française,6,0.8995502248875562,166.471138313555,-22.2828880563017
Province Sud,Nouméa,0021,Ecole Marie Havet 1,896,674,667,9,"Nous, réunis !","Nous, réunis",23,3.4482758620689653,166.471138313555,-22.2828880563017
Province Sud,Nouméa,0021,Ecole Marie Havet 1,896,674,667,10,Les Loyalistes et Le Rassemblement - Forts et unis,LL-LR,546,81.85907046476761,166.471138313555,-22.2828880563017
Province Sud,Nouméa,0021,Ecole Marie Havet 1,896,674,667,11,Unis pour le Pays,UNI,4,0.5997001499250375,166.471138313555,-22.2828880563017
Province Sud,Nouméa,0021,Ecole Marie Havet 1,896,674,667,12,Un espoir pour demain,Un espoir pour demain,19,2.848575712143928,166.471138313555,-22.2828880563017
Province Sud,Nouméa,0022,Ecole Marie Havet 2,944,710,702,1,Un autre monde est possible !,Éveil océanien,8,1.1396011396011396,166.471138313555,-22.2828880563017
Province Sud,Nouméa,0022,Ecole Marie Havet 2,944,710,702,2,Kanaky pour tous,FLNKS,24,3.4188034188034186,166.471138313555,-22.2828880563017
Province Sud,Nouméa,0022,Ecole Marie Havet 2,944,710,702,3,"France Calédonie, une patrie",RN-MCFNC,3,0.42735042735042733,166.471138313555,-22.2828880563017
Province Sud,Nouméa,0022,Ecole Marie Havet 2,944,710,702,5,Une Province pour tous,DVC-Calédonie ensemble,17,2.421652421652422,166.471138313555,-22.2828880563017
Province Sud,Nouméa,0022,Ecole Marie Havet 2,944,710,702,6,Souveraineté Kanaky Nouvelle-Calédonie,SKNC,2,0.2849002849002849,166.471138313555,-22.2828880563017
Province Sud,Nouméa,0022,Ecole Marie Havet 2,944,710,702,7,Faire Pays,Faire Pays,35,4.985754985754986,166.471138313555,-22.2828880563017
Province Sud,Nouméa,0022,Ecole Marie Havet 2,944,710,702,8,Pour une Calédonie française,Pour une Calédonie française,10,1.4245014245014245,166.471138313555,-22.2828880563017
Province Sud,Nouméa,0022,Ecole Marie Havet 2,944,710,702,9,"Nous, réunis !","Nous, réunis",23,3.2763532763532766,166.471138313555,-22.2828880563017
Province Sud,Nouméa,0022,Ecole Marie Havet 2,944,710,702,10,Les Loyalistes et Le Rassemblement - Forts et unis,LL-LR,554,78.91737891737891,166.471138313555,-22.2828880563017
Province Sud,Nouméa,0022,Ecole Marie Havet 2,944,710,702,11,Unis pour le Pays,UNI,3,0.42735042735042733,166.471138313555,-22.2828880563017
Province Sud,Nouméa,0022,Ecole Marie Havet 2,944,710,702,12,Un espoir pour demain,Un espoir pour demain,23,3.2763532763532766,166.471138313555,-22.2828880563017
Province Sud,Nouméa,0023,Ecole Chistine Boletti 1,902,657,649,1,Un autre monde est possible !,Éveil océanien,28,4.314329738058552,166.465990390657,-22.2661773380247
Province Sud,Nouméa,0023,Ecole Chistine Boletti 1,902,657,649,2,Kanaky pour tous,FLNKS,43,6.62557781201849,166.465990390657,-22.2661773380247
Province Sud,Nouméa,0023,Ecole Chistine Boletti 1,902,657,649,3,"France Calédonie, une patrie",RN-MCFNC,6,0.9244992295839753,166.465990390657,-22.2661773380247
Province Sud,Nouméa,0023,Ecole Chistine Boletti 1,902,657,649,5,Une Province pour tous,DVC-Calédonie ensemble,20,3.0816640986132513,166.465990390657,-22.2661773380247
Province Sud,Nouméa,0023,Ecole Chistine Boletti 1,902,657,649,6,Souveraineté Kanaky Nouvelle-Calédonie,SKNC,5,0.7704160246533128,166.465990390657,-22.2661773380247
Province Sud,Nouméa,0023,Ecole Chistine Boletti 1,902,657,649,7,Faire Pays,Faire Pays,20,3.0816640986132513,166.465990390657,-22.2661773380247
Province Sud,Nouméa,0023,Ecole Chistine Boletti 1,902,657,649,8,Pour une Calédonie française,Pour une Calédonie française,13,2.0030816640986133,166.465990390657,-22.2661773380247
Province Sud,Nouméa,0023,Ecole Chistine Boletti 1,902,657,649,9,"Nous, réunis !","Nous, réunis",37,5.701078582434515,166.465990390657,-22.2661773380247
Province Sud,Nouméa,0023,Ecole Chistine Boletti 1,902,657,649,10,Les Loyalistes et Le Rassemblement - Forts et unis,LL-LR,456,70.26194144838213,166.465990390657,-22.2661773380247
Province Sud,Nouméa,0023,Ecole Chistine Boletti 1,902,657,649,11,Unis pour le Pays,UNI,12,1.8489984591679507,166.465990390657,-22.2661773380247
Province Sud,Nouméa,0023,Ecole Chistine Boletti 1,902,657,649,12,Un espoir pour demain,Un espoir pour demain,9,1.386748844375963,166.465990390657,-22.2661773380247
Province Sud,Nouméa,0024,Ecole Chistine Boletti 2,1070,582,573,1,Un autre monde est possible !,Éveil océanien,29,5.061082024432809,166.465990390657,-22.2661773380247
Province Sud,Nouméa,0024,Ecole Chistine Boletti 2,1070,582,573,2,Kanaky pour tous,FLNKS,128,22.338568935427574,166.465990390657,-22.2661773380247
Province Sud,Nouméa,0024,Ecole Chistine Boletti 2,1070,582,573,3,"France Calédonie, une patrie",RN-MCFNC,3,0.5235602094240838,166.465990390657,-22.2661773380247
Province Sud,Nouméa,0024,Ecole Chistine Boletti 2,1070,582,573,5,Une Province pour tous,DVC-Calédonie ensemble,43,7.504363001745201,166.465990390657,-22.2661773380247
Province Sud,Nouméa,0024,Ecole Chistine Boletti 2,1070,582,573,6,Souveraineté Kanaky Nouvelle-Calédonie,SKNC,12,2.094240837696335,166.465990390657,-22.2661773380247
Province Sud,Nouméa,0024,Ecole Chistine Boletti 2,1070,582,573,7,Faire Pays,Faire Pays,37,6.457242582897033,166.465990390657,-22.2661773380247
Province Sud,Nouméa,0024,Ecole Chistine Boletti 2,1070,582,573,8,Pour une Calédonie française,Pour une Calédonie française,12,2.094240837696335,166.465990390657,-22.2661773380247
Province Sud,Nouméa,0024,Ecole Chistine Boletti 2,1070,582,573,9,"Nous, réunis !","Nous, réunis",39,6.806282722513089,166.465990390657,-22.2661773380247
Province Sud,Nouméa,0024,Ecole Chistine Boletti 2,1070,582,573,10,Les Loyalistes et Le Rassemblement - Forts et unis,LL-LR,236,41.18673647469459,166.465990390657,-22.2661773380247
Province Sud,Nouméa,0024,Ecole Chistine Boletti 2,1070,582,573,11,Unis pour le Pays,UNI,21,3.6649214659685865,166.465990390657,-22.2661773380247
Province Sud,Nouméa,0024,Ecole Chistine Boletti 2,1070,582,573,12,Un espoir pour demain,Un espoir pour demain,13,2.268760907504363,166.465990390657,-22.2661773380247
Province Sud,Nouméa,0025,Ecole Michel Cacot 1,969,720,712,1,Un autre monde est possible !,Éveil océanien,15,2.106741573033708,166.463652223431,-22.2662199324801
Province Sud,Nouméa,0025,Ecole Michel Cacot 1,969,720,712,2,Kanaky pour tous,FLNKS,21,2.949438202247191,166.463652223431,-22.2662199324801
Province Sud,Nouméa,0025,Ecole Michel Cacot 1,969,720,712,3,"France Calédonie, une patrie",RN-MCFNC,8,1.1235955056179776,166.463652223431,-22.2662199324801
Province Sud,Nouméa,0025,Ecole Michel Cacot 1,969,720,712,5,Une Province pour tous,DVC-Calédonie ensemble,17,2.3876404494382024,166.463652223431,-22.2662199324801
Province Sud,Nouméa,0025,Ecole Michel Cacot 1,969,720,712,6,Souveraineté Kanaky Nouvelle-Calédonie,SKNC,3,0.42134831460674155,166.463652223431,-22.2662199324801
Province Sud,Nouméa,0025,Ecole Michel Cacot 1,969,720,712,7,Faire Pays,Faire Pays,14,1.9662921348314606,166.463652223431,-22.2662199324801
Province Sud,Nouméa,0025,Ecole Michel Cacot 1,969,720,712,8,Pour une Calédonie française,Pour une Calédonie française,13,1.8258426966292134,166.463652223431,-22.2662199324801
Province Sud,Nouméa,0025,Ecole Michel Cacot 1,969,720,712,9,"Nous, réunis !","Nous, réunis",52,7.303370786516854,166.463652223431,-22.2662199324801
Province Sud,Nouméa,0025,Ecole Michel Cacot 1,969,720,712,10,Les Loyalistes et Le Rassemblement - Forts et unis,LL-LR,536,75.28089887640449,166.463652223431,-22.2662199324801
Province Sud,Nouméa,0025,Ecole Michel Cacot 1,969,720,712,11,Unis pour le Pays,UNI,12,1.6853932584269662,166.463652223431,-22.2662199324801
Province Sud,Nouméa,0025,Ecole Michel Cacot 1,969,720,712,12,Un espoir pour demain,Un espoir pour demain,21,2.949438202247191,166.463652223431,-22.2662199324801
Province Sud,Nouméa,0026,Ecole Michel Cacot 2,872,648,635,1,Un autre monde est possible !,Éveil océanien,12,1.889763779527559,166.463652223431,-22.2662199324801
Province Sud,Nouméa,0026,Ecole Michel Cacot 2,872,648,635,2,Kanaky pour tous,FLNKS,24,3.779527559055118,166.463652223431,-22.2662199324801
Province Sud,Nouméa,0026,Ecole Michel Cacot 2,872,648,635,3,"France Calédonie, une patrie",RN-MCFNC,4,0.6299212598425197,166.463652223431,-22.2662199324801
Province Sud,Nouméa,0026,Ecole Michel Cacot 2,872,648,635,5,Une Province pour tous,DVC-Calédonie ensemble,10,1.5748031496062993,166.463652223431,-22.2662199324801
Province Sud,Nouméa,0026,Ecole Michel Cacot 2,872,648,635,6,Souveraineté Kanaky Nouvelle-Calédonie,SKNC,2,0.31496062992125984,166.463652223431,-22.2662199324801
Province Sud,Nouméa,0026,Ecole Michel Cacot 2,872,648,635,7,Faire Pays,Faire Pays,22,3.4645669291338583,166.463652223431,-22.2662199324801
Province Sud,Nouméa,0026,Ecole Michel Cacot 2,872,648,635,8,Pour une Calédonie française,Pour une Calédonie française,8,1.2598425196850394,166.463652223431,-22.2662199324801
Province Sud,Nouméa,0026,Ecole Michel Cacot 2,872,648,635,9,"Nous, réunis !","Nous, réunis",30,4.724409448818897,166.463652223431,-22.2662199324801
Province Sud,Nouméa,0026,Ecole Michel Cacot 2,872,648,635,10,Les Loyalistes et Le Rassemblement - Forts et unis,LL-LR,502,79.05511811023622,166.463652223431,-22.2662199324801
Province Sud,Nouméa,0026,Ecole Michel Cacot 2,872,648,635,11,Unis pour le Pays,UNI,8,1.2598425196850394,166.463652223431,-22.2662199324801
Province Sud,Nouméa,0026,Ecole Michel Cacot 2,872,648,635,12,Un espoir pour demain,Un espoir pour demain,13,2.047244094488189,166.463652223431,-22.2662199324801
Province Sud,Nouméa,0027,Ecole C. T. de Laubarède,997,528,522,1,Un autre monde est possible !,Éveil océanien,20,3.8314176245210727,166.445705500987,-22.2640017751327
Province Sud,Nouméa,0027,Ecole C. T. de Laubarède,997,528,522,2,Kanaky pour tous,FLNKS,140,26.81992337164751,166.445705500987,-22.2640017751327
Province Sud,Nouméa,0027,Ecole C. T. de Laubarède,997,528,522,3,"France Calédonie, une patrie",RN-MCFNC,5,0.9578544061302682,166.445705500987,-22.2640017751327
Province Sud,Nouméa,0027,Ecole C. T. de Laubarède,997,528,522,5,Une Province pour tous,DVC-Calédonie ensemble,29,5.555555555555555,166.445705500987,-22.2640017751327
Province Sud,Nouméa,0027,Ecole C. T. de Laubarède,997,528,522,6,Souveraineté Kanaky Nouvelle-Calédonie,SKNC,10,1.9157088122605364,166.445705500987,-22.2640017751327
Province Sud,Nouméa,0027,Ecole C. T. de Laubarède,997,528,522,7,Faire Pays,Faire Pays,28,5.363984674329502,166.445705500987,-22.2640017751327
Province Sud,Nouméa,0027,Ecole C. T. de Laubarède,997,528,522,8,Pour une Calédonie française,Pour une Calédonie française,9,1.7241379310344827,166.445705500987,-22.2640017751327
Province Sud,Nouméa,0027,Ecole C. T. de Laubarède,997,528,522,9,"Nous, réunis !","Nous, réunis",57,10.919540229885058,166.445705500987,-22.2640017751327
Province Sud,Nouméa,0027,Ecole C. T. de Laubarède,997,528,522,10,Les Loyalistes et Le Rassemblement - Forts et unis,LL-LR,199,38.122605363984675,166.445705500987,-22.2640017751327
Province Sud,Nouméa,0027,Ecole C. T. de Laubarède,997,528,522,11,Unis pour le Pays,UNI,19,3.6398467432950192,166.445705500987,-22.2640017751327
Province Sud,Nouméa,0027,Ecole C. T. de Laubarède,997,528,522,12,Un espoir pour demain,Un espoir pour demain,6,1.1494252873563218,166.445705500987,-22.2640017751327
Province Sud,Nouméa,0028,Ecole Gustave Mouchet 1,1075,532,521,1,Un autre monde est possible !,Éveil océanien,38,7.293666026871401,166.454414703061,-22.2504501881193
Province Sud,Nouméa,0028,Ecole Gustave Mouchet 1,1075,532,521,2,Kanaky pour tous,FLNKS,240,46.06525911708253,166.454414703061,-22.2504501881193
Province Sud,Nouméa,0028,Ecole Gustave Mouchet 1,1075,532,521,3,"France Calédonie, une patrie",RN-MCFNC,3,0.5758157389635317,166.454414703061,-22.2504501881193
Province Sud,Nouméa,0028,Ecole Gustave Mouchet 1,1075,532,521,5,Une Province pour tous,DVC-Calédonie ensemble,40,7.677543186180422,166.454414703061,-22.2504501881193
Province Sud,Nouméa,0028,Ecole Gustave Mouchet 1,1075,532,521,6,Souveraineté Kanaky Nouvelle-Calédonie,SKNC,12,2.3032629558541267,166.454414703061,-22.2504501881193
Province Sud,Nouméa,0028,Ecole Gustave Mouchet 1,1075,532,521,7,Faire Pays,Faire Pays,48,9.213051823416507,166.454414703061,-22.2504501881193
Province Sud,Nouméa,0028,Ecole Gustave Mouchet 1,1075,532,521,8,Pour une Calédonie française,Pour une Calédonie française,2,0.3838771593090211,166.454414703061,-22.2504501881193
Province Sud,Nouméa,0028,Ecole Gustave Mouchet 1,1075,532,521,9,"Nous, réunis !","Nous, réunis",37,7.1017274472168905,166.454414703061,-22.2504501881193
Province Sud,Nouméa,0028,Ecole Gustave Mouchet 1,1075,532,521,10,Les Loyalistes et Le Rassemblement - Forts et unis,LL-LR,60,11.516314779270633,166.454414703061,-22.2504501881193
Province Sud,Nouméa,0028,Ecole Gustave Mouchet 1,1075,532,521,11,Unis pour le Pays,UNI,36,6.90978886756238,166.454414703061,-22.2504501881193
Province Sud,Nouméa,0028,Ecole Gustave Mouchet 1,1075,532,521,12,Un espoir pour demain,Un espoir pour demain,5,0.9596928982725528,166.454414703061,-22.2504501881193
Province Sud,Nouméa,0029,Ecole Gustave Mouchet 2,959,454,446,1,Un autre monde est possible !,Éveil océanien,38,8.52017937219731,166.454414703061,-22.2504501881193
Province Sud,Nouméa,0029,Ecole Gustave Mouchet 2,959,454,446,2,Kanaky pour tous,FLNKS,159,35.65022421524664,166.454414703061,-22.2504501881193
Province Sud,Nouméa,0029,Ecole Gustave Mouchet 2,959,454,446,3,"France Calédonie, une patrie",RN-MCFNC,6,1.345291479820628,166.454414703061,-22.2504501881193
Province Sud,Nouméa,0029,Ecole Gustave Mouchet 2,959,454,446,5,Une Province pour tous,DVC-Calédonie ensemble,27,6.053811659192825,166.454414703061,-22.2504501881193
Province Sud,Nouméa,0029,Ecole Gustave Mouchet 2,959,454,446,6,Souveraineté Kanaky Nouvelle-Calédonie,SKNC,3,0.672645739910314,166.454414703061,-22.2504501881193
Province Sud,Nouméa,0029,Ecole Gustave Mouchet 2,959,454,446,7,Faire Pays,Faire Pays,36,8.071748878923767,166.454414703061,-22.2504501881193
Province Sud,Nouméa,0029,Ecole Gustave Mouchet 2,959,454,446,8,Pour une Calédonie française,Pour une Calédonie française,3,0.672645739910314,166.454414703061,-22.2504501881193
Province Sud,Nouméa,0029,Ecole Gustave Mouchet 2,959,454,446,9,"Nous, réunis !","Nous, réunis",26,5.829596412556054,166.454414703061,-22.2504501881193
Province Sud,Nouméa,0029,Ecole Gustave Mouchet 2,959,454,446,10,Les Loyalistes et Le Rassemblement - Forts et unis,LL-LR,132,29.59641255605381,166.454414703061,-22.2504501881193
Province Sud,Nouméa,0029,Ecole Gustave Mouchet 2,959,454,446,11,Unis pour le Pays,UNI,13,2.914798206278027,166.454414703061,-22.2504501881193
Province Sud,Nouméa,0029,Ecole Gustave Mouchet 2,959,454,446,12,Un espoir pour demain,Un espoir pour demain,3,0.672645739910314,166.454414703061,-22.2504501881193
Province Sud,Nouméa,0030,Ecole Mathilde Broquet 1,1165,730,710,1,Un autre monde est possible !,Éveil océanien,76,10.704225352112676,166.467549840387,-22.256293239868
Province Sud,Nouméa,0030,Ecole Mathilde Broquet 1,1165,730,710,2,Kanaky pour tous,FLNKS,111,15.633802816901408,166.467549840387,-22.256293239868
Province Sud,Nouméa,0030,Ecole Mathilde Broquet 1,1165,730,710,3,"France Calédonie, une patrie",RN-MCFNC,6,0.8450704225352113,166.467549840387,-22.256293239868
Province Sud,Nouméa,0030,Ecole Mathilde Broquet 1,1165,730,710,5,Une Province pour tous,DVC-Calédonie ensemble,38,5.352112676056338,166.467549840387,-22.256293239868
Province Sud,Nouméa,0030,Ecole Mathilde Broquet 1,1165,730,710,6,Souveraineté Kanaky Nouvelle-Calédonie,SKNC,9,1.267605633802817,166.467549840387,-22.256293239868
Province Sud,Nouméa,0030,Ecole Mathilde Broquet 1,1165,730,710,7,Faire Pays,Faire Pays,33,4.647887323943662,166.467549840387,-22.256293239868
Province Sud,Nouméa,0030,Ecole Mathilde Broquet 1,1165,730,710,8,Pour une Calédonie française,Pour une Calédonie française,7,0.9859154929577465,166.467549840387,-22.256293239868
Province Sud,Nouméa,0030,Ecole Mathilde Broquet 1,1165,730,710,9,"Nous, réunis !","Nous, réunis",53,7.464788732394366,166.467549840387,-22.256293239868
Province Sud,Nouméa,0030,Ecole Mathilde Broquet 1,1165,730,710,10,Les Loyalistes et Le Rassemblement - Forts et unis,LL-LR,345,48.59154929577465,166.467549840387,-22.256293239868
Province Sud,Nouméa,0030,Ecole Mathilde Broquet 1,1165,730,710,11,Unis pour le Pays,UNI,21,2.9577464788732395,166.467549840387,-22.256293239868
Province Sud,Nouméa,0030,Ecole Mathilde Broquet 1,1165,730,710,12,Un espoir pour demain,Un espoir pour demain,11,1.5492957746478873,166.467549840387,-22.256293239868
Province Sud,Nouméa,0031,Ecole Marie Courtot 1,1250,798,775,1,Un autre monde est possible !,Éveil océanien,61,7.870967741935484,166.470464378859,-22.2425220070829
Province Sud,Nouméa,0031,Ecole Marie Courtot 1,1250,798,775,2,Kanaky pour tous,FLNKS,129,16.64516129032258,166.470464378859,-22.2425220070829
Province Sud,Nouméa,0031,Ecole Marie Courtot 1,1250,798,775,3,"France Calédonie, une patrie",RN-MCFNC,6,0.7741935483870968,166.470464378859,-22.2425220070829
Province Sud,Nouméa,0031,Ecole Marie Courtot 1,1250,798,775,5,Une Province pour tous,DVC-Calédonie ensemble,27,3.4838709677419355,166.470464378859,-22.2425220070829
Province Sud,Nouméa,0031,Ecole Marie Courtot 1,1250,798,775,6,Souveraineté Kanaky Nouvelle-Calédonie,SKNC,3,0.3870967741935484,166.470464378859,-22.2425220070829
Province Sud,Nouméa,0031,Ecole Marie Courtot 1,1250,798,775,7,Faire Pays,Faire Pays,47,6.064516129032258,166.470464378859,-22.2425220070829
Province Sud,Nouméa,0031,Ecole Marie Courtot 1,1250,798,775,8,Pour une Calédonie française,Pour une Calédonie française,11,1.4193548387096775,166.470464378859,-22.2425220070829
Province Sud,Nouméa,0031,Ecole Marie Courtot 1,1250,798,775,9,"Nous, réunis !","Nous, réunis",43,5.548387096774194,166.470464378859,-22.2425220070829
Province Sud,Nouméa,0031,Ecole Marie Courtot 1,1250,798,775,10,Les Loyalistes et Le Rassemblement - Forts et unis,LL-LR,425,54.83870967741935,166.470464378859,-22.2425220070829
Province Sud,Nouméa,0031,Ecole Marie Courtot 1,1250,798,775,11,Unis pour le Pays,UNI,9,1.1612903225806452,166.470464378859,-22.2425220070829
Province Sud,Nouméa,0031,Ecole Marie Courtot 1,1250,798,775,12,Un espoir pour demain,Un espoir pour demain,14,1.8064516129032258,166.470464378859,-22.2425220070829
Province Sud,Nouméa,0032,Ecole Marie Courtot 2,880,687,680,1,Un autre monde est possible !,Éveil océanien,12,1.7647058823529411,166.470464378859,-22.2425220070829
Province Sud,Nouméa,0032,Ecole Marie Courtot 2,880,687,680,2,Kanaky pour tous,FLNKS,10,1.4705882352941178,166.470464378859,-22.2425220070829
Province Sud,Nouméa,0032,Ecole Marie Courtot 2,880,687,680,3,"France Calédonie, une patrie",RN-MCFNC,6,0.8823529411764706,166.470464378859,-22.2425220070829
Province Sud,Nouméa,0032,Ecole Marie Courtot 2,880,687,680,5,Une Province pour tous,DVC-Calédonie ensemble,18,2.6470588235294117,166.470464378859,-22.2425220070829
Province Sud,Nouméa,0032,Ecole Marie Courtot 2,880,687,680,6,Souveraineté Kanaky Nouvelle-Calédonie,SKNC,5,0.7352941176470589,166.470464378859,-22.2425220070829
Province Sud,Nouméa,0032,Ecole Marie Courtot 2,880,687,680,7,Faire Pays,Faire Pays,17,2.5,166.470464378859,-22.2425220070829
Province Sud,Nouméa,0032,Ecole Marie Courtot 2,880,687,680,8,Pour une Calédonie française,Pour une Calédonie française,12,1.7647058823529411,166.470464378859,-22.2425220070829
Province Sud,Nouméa,0032,Ecole Marie Courtot 2,880,687,680,9,"Nous, réunis !","Nous, réunis",43,6.323529411764706,166.470464378859,-22.2425220070829
Province Sud,Nouméa,0032,Ecole Marie Courtot 2,880,687,680,10,Les Loyalistes et Le Rassemblement - Forts et unis,LL-LR,538,79.11764705882354,166.470464378859,-22.2425220070829
Province Sud,Nouméa,0032,Ecole Marie Courtot 2,880,687,680,11,Unis pour le Pays,UNI,7,1.0294117647058822,166.470464378859,-22.2425220070829
Province Sud,Nouméa,0032,Ecole Marie Courtot 2,880,687,680,12,Un espoir pour demain,Un espoir pour demain,12,1.7647058823529411,166.470464378859,-22.2425220070829
Province Sud,Nouméa,0033,Ecole Robert Burck,960,595,585,1,Un autre monde est possible !,Éveil océanien,84,14.35897435897436,166.463601949873,-22.2382604330193
Province Sud,Nouméa,0033,Ecole Robert Burck,960,595,585,2,Kanaky pour tous,FLNKS,151,25.811965811965813,166.463601949873,-22.2382604330193
Province Sud,Nouméa,0033,Ecole Robert Burck,960,595,585,3,"France Calédonie, une patrie",RN-MCFNC,2,0.3418803418803419,166.463601949873,-22.2382604330193
Province Sud,Nouméa,0033,Ecole Robert Burck,960,595,585,5,Une Province pour tous,DVC-Calédonie ensemble,58,9.914529914529915,166.463601949873,-22.2382604330193
Province Sud,Nouméa,0033,Ecole Robert Burck,960,595,585,6,Souveraineté Kanaky Nouvelle-Calédonie,SKNC,11,1.8803418803418803,166.463601949873,-22.2382604330193
Province Sud,Nouméa,0033,Ecole Robert Burck,960,595,585,7,Faire Pays,Faire Pays,38,6.495726495726496,166.463601949873,-22.2382604330193
Province Sud,Nouméa,0033,Ecole Robert Burck,960,595,585,8,Pour une Calédonie française,Pour une Calédonie française,9,1.5384615384615385,166.463601949873,-22.2382604330193
Province Sud,Nouméa,0033,Ecole Robert Burck,960,595,585,9,"Nous, réunis !","Nous, réunis",35,5.982905982905983,166.463601949873,-22.2382604330193
Province Sud,Nouméa,0033,Ecole Robert Burck,960,595,585,10,Les Loyalistes et Le Rassemblement - Forts et unis,LL-LR,166,28.376068376068375,166.463601949873,-22.2382604330193
Province Sud,Nouméa,0033,Ecole Robert Burck,960,595,585,11,Unis pour le Pays,UNI,22,3.7606837606837606,166.463601949873,-22.2382604330193
Province Sud,Nouméa,0033,Ecole Robert Burck,960,595,585,12,Un espoir pour demain,Un espoir pour demain,9,1.5384615384615385,166.463601949873,-22.2382604330193
Province Sud,Nouméa,0034,Ecole Les Roses,909,576,561,1,Un autre monde est possible !,Éveil océanien,68,12.121212121212121,166.443135087106,-22.2929071476207
Province Sud,Nouméa,0034,Ecole Les Roses,909,576,561,2,Kanaky pour tous,FLNKS,90,16.042780748663102,166.443135087106,-22.2929071476207
Province Sud,Nouméa,0034,Ecole Les Roses,909,576,561,3,"France Calédonie, une patrie",RN-MCFNC,4,0.7130124777183601,166.443135087106,-22.2929071476207
Province Sud,Nouméa,0034,Ecole Les Roses,909,576,561,5,Une Province pour tous,DVC-Calédonie ensemble,42,7.4866310160427805,166.443135087106,-22.2929071476207
Province Sud,Nouméa,0034,Ecole Les Roses,909,576,561,6,Souveraineté Kanaky Nouvelle-Calédonie,SKNC,4,0.7130124777183601,166.443135087106,-22.2929071476207
Province Sud,Nouméa,0034,Ecole Les Roses,909,576,561,7,Faire Pays,Faire Pays,36,6.4171122994652405,166.443135087106,-22.2929071476207
Province Sud,Nouméa,0034,Ecole Les Roses,909,576,561,8,Pour une Calédonie française,Pour une Calédonie française,5,0.8912655971479501,166.443135087106,-22.2929071476207
Province Sud,Nouméa,0034,Ecole Les Roses,909,576,561,9,"Nous, réunis !","Nous, réunis",48,8.556149732620321,166.443135087106,-22.2929071476207
Province Sud,Nouméa,0034,Ecole Les Roses,909,576,561,10,Les Loyalistes et Le Rassemblement - Forts et unis,LL-LR,244,43.49376114081996,166.443135087106,-22.2929071476207
Province Sud,Nouméa,0034,Ecole Les Roses,909,576,561,11,Unis pour le Pays,UNI,11,1.9607843137254901,166.443135087106,-22.2929071476207
Province Sud,Nouméa,0034,Ecole Les Roses,909,576,561,12,Un espoir pour demain,Un espoir pour demain,9,1.6042780748663101,166.443135087106,-22.2929071476207
Province Sud,Nouméa,0035,Ecole Les Oeillets,894,589,580,1,Un autre monde est possible !,Éveil océanien,66,11.379310344827585,166.443135087106,-22.2929071476207
Province Sud,Nouméa,0035,Ecole Les Oeillets,894,589,580,2,Kanaky pour tous,FLNKS,95,16.379310344827587,166.443135087106,-22.2929071476207
Province Sud,Nouméa,0035,Ecole Les Oeillets,894,589,580,3,"France Calédonie, une patrie",RN-MCFNC,2,0.3448275862068966,166.443135087106,-22.2929071476207
Province Sud,Nouméa,0035,Ecole Les Oeillets,894,589,580,5,Une Province pour tous,DVC-Calédonie ensemble,30,5.172413793103448,166.443135087106,-22.2929071476207
Province Sud,Nouméa,0035,Ecole Les Oeillets,894,589,580,6,Souveraineté Kanaky Nouvelle-Calédonie,SKNC,9,1.5517241379310345,166.443135087106,-22.2929071476207
Province Sud,Nouméa,0035,Ecole Les Oeillets,894,589,580,7,Faire Pays,Faire Pays,36,6.206896551724138,166.443135087106,-22.2929071476207
Province Sud,Nouméa,0035,Ecole Les Oeillets,894,589,580,8,Pour une Calédonie française,Pour une Calédonie française,8,1.3793103448275863,166.443135087106,-22.2929071476207
Province Sud,Nouméa,0035,Ecole Les Oeillets,894,589,580,9,"Nous, réunis !","Nous, réunis",45,7.758620689655173,166.443135087106,-22.2929071476207
Province Sud,Nouméa,0035,Ecole Les Oeillets,894,589,580,10,Les Loyalistes et Le Rassemblement - Forts et unis,LL-LR,270,46.55172413793103,166.443135087106,-22.2929071476207
Province Sud,Nouméa,0035,Ecole Les Oeillets,894,589,580,11,Unis pour le Pays,UNI,13,2.2413793103448274,166.443135087106,-22.2929071476207
Province Sud,Nouméa,0035,Ecole Les Oeillets,894,589,580,12,Un espoir pour demain,Un espoir pour demain,6,1.0344827586206897,166.443135087106,-22.2929071476207
Province Sud,Nouméa,0036,Ecole Jacques Trouillot,871,576,560,1,Un autre monde est possible !,Éveil océanien,60,10.714285714285714,166.471000599479,-22.2283599819501
Province Sud,Nouméa,0036,Ecole Jacques Trouillot,871,576,560,2,Kanaky pour tous,FLNKS,86,15.357142857142858,166.471000599479,-22.2283599819501
Province Sud,Nouméa,0036,Ecole Jacques Trouillot,871,576,560,3,"France Calédonie, une patrie",RN-MCFNC,4,0.7142857142857143,166.471000599479,-22.2283599819501
Province Sud,Nouméa,0036,Ecole Jacques Trouillot,871,576,560,5,Une Province pour tous,DVC-Calédonie ensemble,22,3.9285714285714284,166.471000599479,-22.2283599819501
Province Sud,Nouméa,0036,Ecole Jacques Trouillot,871,576,560,6,Souveraineté Kanaky Nouvelle-Calédonie,SKNC,7,1.25,166.471000599479,-22.2283599819501
Province Sud,Nouméa,0036,Ecole Jacques Trouillot,871,576,560,7,Faire Pays,Faire Pays,44,7.857142857142857,166.471000599479,-22.2283599819501
Province Sud,Nouméa,0036,Ecole Jacques Trouillot,871,576,560,8,Pour une Calédonie française,Pour une Calédonie française,10,1.7857142857142858,166.471000599479,-22.2283599819501
Province Sud,Nouméa,0036,Ecole Jacques Trouillot,871,576,560,9,"Nous, réunis !","Nous, réunis",48,8.571428571428571,166.471000599479,-22.2283599819501
Province Sud,Nouméa,0036,Ecole Jacques Trouillot,871,576,560,10,Les Loyalistes et Le Rassemblement - Forts et unis,LL-LR,228,40.714285714285715,166.471000599479,-22.2283599819501
Province Sud,Nouméa,0036,Ecole Jacques Trouillot,871,576,560,11,Unis pour le Pays,UNI,34,6.071428571428571,166.471000599479,-22.2283599819501
Province Sud,Nouméa,0036,Ecole Jacques Trouillot,871,576,560,12,Un espoir pour demain,Un espoir pour demain,17,3.0357142857142856,166.471000599479,-22.2283599819501
Province Sud,Nouméa,0037,Ecole Les Hibiscus 1,1378,685,668,1,Un autre monde est possible !,Éveil océanien,140,20.95808383233533,166.468616034294,-22.2680303864914
Province Sud,Nouméa,0037,Ecole Les Hibiscus 1,1378,685,668,2,Kanaky pour tous,FLNKS,220,32.93413173652694,166.468616034294,-22.2680303864914
Province Sud,Nouméa,0037,Ecole Les Hibiscus 1,1378,685,668,3,"France Calédonie, une patrie",RN-MCFNC,2,0.2994011976047904,166.468616034294,-22.2680303864914
Province Sud,Nouméa,0037,Ecole Les Hibiscus 1,1378,685,668,5,Une Province pour tous,DVC-Calédonie ensemble,39,5.838323353293413,166.468616034294,-22.2680303864914
Province Sud,Nouméa,0037,Ecole Les Hibiscus 1,1378,685,668,6,Souveraineté Kanaky Nouvelle-Calédonie,SKNC,18,2.694610778443114,166.468616034294,-22.2680303864914
Province Sud,Nouméa,0037,Ecole Les Hibiscus 1,1378,685,668,7,Faire Pays,Faire Pays,47,7.0359281437125745,166.468616034294,-22.2680303864914
Province Sud,Nouméa,0037,Ecole Les Hibiscus 1,1378,685,668,8,Pour une Calédonie française,Pour une Calédonie française,6,0.8982035928143712,166.468616034294,-22.2680303864914
Province Sud,Nouméa,0037,Ecole Les Hibiscus 1,1378,685,668,9,"Nous, réunis !","Nous, réunis",64,9.580838323353293,166.468616034294,-22.2680303864914
Province Sud,Nouméa,0037,Ecole Les Hibiscus 1,1378,685,668,10,Les Loyalistes et Le Rassemblement - Forts et unis,LL-LR,94,14.071856287425149,166.468616034294,-22.2680303864914
Province Sud,Nouméa,0037,Ecole Les Hibiscus 1,1378,685,668,11,Unis pour le Pays,UNI,30,4.491017964071856,166.468616034294,-22.2680303864914
Province Sud,Nouméa,0037,Ecole Les Hibiscus 1,1378,685,668,12,Un espoir pour demain,Un espoir pour demain,8,1.1976047904191616,166.468616034294,-22.2680303864914
Province Sud,Nouméa,0038,Ecole Les Hibiscus 2,1110,726,716,1,Un autre monde est possible !,Éveil océanien,58,8.100558659217876,166.468616034294,-22.2680303864914
Province Sud,Nouméa,0038,Ecole Les Hibiscus 2,1110,726,716,2,Kanaky pour tous,FLNKS,110,15.363128491620111,166.468616034294,-22.2680303864914
Province Sud,Nouméa,0038,Ecole Les Hibiscus 2,1110,726,716,3,"France Calédonie, une patrie",RN-MCFNC,4,0.5586592178770949,166.468616034294,-22.2680303864914
Province Sud,Nouméa,0038,Ecole Les Hibiscus 2,1110,726,716,5,Une Province pour tous,DVC-Calédonie ensemble,27,3.7709497206703912,166.468616034294,-22.2680303864914
Province Sud,Nouméa,0038,Ecole Les Hibiscus 2,1110,726,716,6,Souveraineté Kanaky Nouvelle-Calédonie,SKNC,10,1.3966480446927374,166.468616034294,-22.2680303864914
Province Sud,Nouméa,0038,Ecole Les Hibiscus 2,1110,726,716,7,Faire Pays,Faire Pays,34,4.748603351955308,166.468616034294,-22.2680303864914
Province Sud,Nouméa,0038,Ecole Les Hibiscus 2,1110,726,716,8,Pour une Calédonie française,Pour une Calédonie française,14,1.9553072625698324,166.468616034294,-22.2680303864914
Province Sud,Nouméa,0038,Ecole Les Hibiscus 2,1110,726,716,9,"Nous, réunis !","Nous, réunis",53,7.402234636871508,166.468616034294,-22.2680303864914
Province Sud,Nouméa,0038,Ecole Les Hibiscus 2,1110,726,716,10,Les Loyalistes et Le Rassemblement - Forts et unis,LL-LR,373,52.09497206703911,166.468616034294,-22.2680303864914
Province Sud,Nouméa,0038,Ecole Les Hibiscus 2,1110,726,716,11,Unis pour le Pays,UNI,22,3.0726256983240225,166.468616034294,-22.2680303864914
Province Sud,Nouméa,0038,Ecole Les Hibiscus 2,1110,726,716,12,Un espoir pour demain,Un espoir pour demain,11,1.5363128491620113,166.468616034294,-22.2680303864914
Province Sud,Nouméa,0039,Ecole Adrienne Lomont 1,705,391,384,1,Un autre monde est possible !,Éveil océanien,64,16.666666666666668,166.484157216578,-22.2206462260252
Province Sud,Nouméa,0039,Ecole Adrienne Lomont 1,705,391,384,2,Kanaky pour tous,FLNKS,74,19.270833333333332,166.484157216578,-22.2206462260252
Province Sud,Nouméa,0039,Ecole Adrienne Lomont 1,705,391,384,3,"France Calédonie, une patrie",RN-MCFNC,5,1.3020833333333333,166.484157216578,-22.2206462260252
Province Sud,Nouméa,0039,Ecole Adrienne Lomont 1,705,391,384,5,Une Province pour tous,DVC-Calédonie ensemble,23,5.989583333333333,166.484157216578,-22.2206462260252
Province Sud,Nouméa,0039,Ecole Adrienne Lomont 1,705,391,384,6,Souveraineté Kanaky Nouvelle-Calédonie,SKNC,6,1.5625,166.484157216578,-22.2206462260252
Province Sud,Nouméa,0039,Ecole Adrienne Lomont 1,705,391,384,7,Faire Pays,Faire Pays,28,7.291666666666667,166.484157216578,-22.2206462260252
Province Sud,Nouméa,0039,Ecole Adrienne Lomont 1,705,391,384,8,Pour une Calédonie française,Pour une Calédonie française,9,2.34375,166.484157216578,-22.2206462260252
Province Sud,Nouméa,0039,Ecole Adrienne Lomont 1,705,391,384,9,"Nous, réunis !","Nous, réunis",30,7.8125,166.484157216578,-22.2206462260252
Province Sud,Nouméa,0039,Ecole Adrienne Lomont 1,705,391,384,10,Les Loyalistes et Le Rassemblement - Forts et unis,LL-LR,132,34.375,166.484157216578,-22.2206462260252
Province Sud,Nouméa,0039,Ecole Adrienne Lomont 1,705,391,384,11,Unis pour le Pays,UNI,11,2.8645833333333335,166.484157216578,-22.2206462260252
Province Sud,Nouméa,0039,Ecole Adrienne Lomont 1,705,391,384,12,Un espoir pour demain,Un espoir pour demain,2,0.5208333333333334,166.484157216578,-22.2206462260252
Province Sud,Nouméa,0040,Ecole Adrienne Lomont 2,1463,891,874,1,Un autre monde est possible !,Éveil océanien,100,11.441647597254004,166.484157216578,-22.2206462260252
Province Sud,Nouméa,0040,Ecole Adrienne Lomont 2,1463,891,874,2,Kanaky pour tous,FLNKS,142,16.247139588100687,166.484157216578,-22.2206462260252
Province Sud,Nouméa,0040,Ecole Adrienne Lomont 2,1463,891,874,3,"France Calédonie, une patrie",RN-MCFNC,7,0.8009153318077803,166.484157216578,-22.2206462260252
Province Sud,Nouméa,0040,Ecole Adrienne Lomont 2,1463,891,874,5,Une Province pour tous,DVC-Calédonie ensemble,40,4.576659038901602,166.484157216578,-22.2206462260252
Province Sud,Nouméa,0040,Ecole Adrienne Lomont 2,1463,891,874,6,Souveraineté Kanaky Nouvelle-Calédonie,SKNC,4,0.4576659038901602,166.484157216578,-22.2206462260252
Province Sud,Nouméa,0040,Ecole Adrienne Lomont 2,1463,891,874,7,Faire Pays,Faire Pays,27,3.0892448512585813,166.484157216578,-22.2206462260252
Province Sud,Nouméa,0040,Ecole Adrienne Lomont 2,1463,891,874,8,Pour une Calédonie française,Pour une Calédonie française,12,1.3729977116704806,166.484157216578,-22.2206462260252
Province Sud,Nouméa,0040,Ecole Adrienne Lomont 2,1463,891,874,9,"Nous, réunis !","Nous, réunis",74,8.466819221967963,166.484157216578,-22.2206462260252
Province Sud,Nouméa,0040,Ecole Adrienne Lomont 2,1463,891,874,10,Les Loyalistes et Le Rassemblement - Forts et unis,LL-LR,432,49.4279176201373,166.484157216578,-22.2206462260252
Province Sud,Nouméa,0040,Ecole Adrienne Lomont 2,1463,891,874,11,Unis pour le Pays,UNI,22,2.517162471395881,166.484157216578,-22.2206462260252
Province Sud,Nouméa,0040,Ecole Adrienne Lomont 2,1463,891,874,12,Un espoir pour demain,Un espoir pour demain,14,1.6018306636155606,166.484157216578,-22.2206462260252
Province Sud,Nouméa,0041,Ecole Gustave Lods 1,1068,607,580,1,Un autre monde est possible !,Éveil océanien,112,19.310344827586206,166.435430928496,-22.2381371662114
Province Sud,Nouméa,0041,Ecole Gustave Lods 1,1068,607,580,2,Kanaky pour tous,FLNKS,79,13.620689655172415,166.435430928496,-22.2381371662114
Province Sud,Nouméa,0041,Ecole Gustave Lods 1,1068,607,580,3,"France Calédonie, une patrie",RN-MCFNC,3,0.5172413793103449,166.435430928496,-22.2381371662114
Province Sud,Nouméa,0041,Ecole Gustave Lods 1,1068,607,580,5,Une Province pour tous,DVC-Calédonie ensemble,47,8.10344827586207,166.435430928496,-22.2381371662114
Province Sud,Nouméa,0041,Ecole Gustave Lods 1,1068,607,580,6,Souveraineté Kanaky Nouvelle-Calédonie,SKNC,14,2.413793103448276,166.435430928496,-22.2381371662114
Province Sud,Nouméa,0041,Ecole Gustave Lods 1,1068,607,580,7,Faire Pays,Faire Pays,27,4.655172413793103,166.435430928496,-22.2381371662114
Province Sud,Nouméa,0041,Ecole Gustave Lods 1,1068,607,580,8,Pour une Calédonie française,Pour une Calédonie française,10,1.7241379310344827,166.435430928496,-22.2381371662114
Province Sud,Nouméa,0041,Ecole Gustave Lods 1,1068,607,580,9,"Nous, réunis !","Nous, réunis",66,11.379310344827585,166.435430928496,-22.2381371662114
Province Sud,Nouméa,0041,Ecole Gustave Lods 1,1068,607,580,10,Les Loyalistes et Le Rassemblement - Forts et unis,LL-LR,199,34.310344827586206,166.435430928496,-22.2381371662114
Province Sud,Nouméa,0041,Ecole Gustave Lods 1,1068,607,580,11,Unis pour le Pays,UNI,14,2.413793103448276,166.435430928496,-22.2381371662114
Province Sud,Nouméa,0041,Ecole Gustave Lods 1,1068,607,580,12,Un espoir pour demain,Un espoir pour demain,9,1.5517241379310345,166.435430928496,-22.2381371662114
Province Sud,Nouméa,0042,Ecole Gustave Lods 2,1257,714,691,1,Un autre monde est possible !,Éveil océanien,75,10.85383502170767,166.435430928496,-22.2381371662114
Province Sud,Nouméa,0042,Ecole Gustave Lods 2,1257,714,691,2,Kanaky pour tous,FLNKS,142,20.549927641099856,166.435430928496,-22.2381371662114
Province Sud,Nouméa,0042,Ecole Gustave Lods 2,1257,714,691,3,"France Calédonie, une patrie",RN-MCFNC,4,0.5788712011577424,166.435430928496,-22.2381371662114
Province Sud,Nouméa,0042,Ecole Gustave Lods 2,1257,714,691,5,Une Province pour tous,DVC-Calédonie ensemble,36,5.209840810419681,166.435430928496,-22.2381371662114
Province Sud,Nouméa,0042,Ecole Gustave Lods 2,1257,714,691,6,Souveraineté Kanaky Nouvelle-Calédonie,SKNC,16,2.3154848046309695,166.435430928496,-22.2381371662114
Province Sud,Nouméa,0042,Ecole Gustave Lods 2,1257,714,691,7,Faire Pays,Faire Pays,40,5.788712011577424,166.435430928496,-22.2381371662114
Province Sud,Nouméa,0042,Ecole Gustave Lods 2,1257,714,691,8,Pour une Calédonie française,Pour une Calédonie française,4,0.5788712011577424,166.435430928496,-22.2381371662114
Province Sud,Nouméa,0042,Ecole Gustave Lods 2,1257,714,691,9,"Nous, réunis !","Nous, réunis",44,6.367583212735166,166.435430928496,-22.2381371662114
Province Sud,Nouméa,0042,Ecole Gustave Lods 2,1257,714,691,10,Les Loyalistes et Le Rassemblement - Forts et unis,LL-LR,303,43.849493487698986,166.435430928496,-22.2381371662114
Province Sud,Nouméa,0042,Ecole Gustave Lods 2,1257,714,691,11,Unis pour le Pays,UNI,17,2.460202604920405,166.435430928496,-22.2381371662114
Province Sud,Nouméa,0042,Ecole Gustave Lods 2,1257,714,691,12,Un espoir pour demain,Un espoir pour demain,10,1.447178002894356,166.435430928496,-22.2381371662114
Province Sud,Nouméa,0043,Ecole Daniel Talon,1848,1048,1009,1,Un autre monde est possible !,Éveil océanien,145,14.370664023785926,166.429735177846,-22.2343498153878
Province Sud,Nouméa,0043,Ecole Daniel Talon,1848,1048,1009,2,Kanaky pour tous,FLNKS,327,32.40832507433102,166.429735177846,-22.2343498153878
Province Sud,Nouméa,0043,Ecole Daniel Talon,1848,1048,1009,3,"France Calédonie, une patrie",RN-MCFNC,11,1.0901883052527255,166.429735177846,-22.2343498153878
Province Sud,Nouméa,0043,Ecole Daniel Talon,1848,1048,1009,5,Une Province pour tous,DVC-Calédonie ensemble,78,7.730426164519326,166.429735177846,-22.2343498153878
Province Sud,Nouméa,0043,Ecole Daniel Talon,1848,1048,1009,6,Souveraineté Kanaky Nouvelle-Calédonie,SKNC,20,1.9821605550049555,166.429735177846,-22.2343498153878
Province Sud,Nouméa,0043,Ecole Daniel Talon,1848,1048,1009,7,Faire Pays,Faire Pays,68,6.739345887016849,166.429735177846,-22.2343498153878
Province Sud,Nouméa,0043,Ecole Daniel Talon,1848,1048,1009,8,Pour une Calédonie française,Pour une Calédonie française,14,1.3875123885034688,166.429735177846,-22.2343498153878
Province Sud,Nouméa,0043,Ecole Daniel Talon,1848,1048,1009,9,"Nous, réunis !","Nous, réunis",101,10.009910802775025,166.429735177846,-22.2343498153878
Province Sud,Nouméa,0043,Ecole Daniel Talon,1848,1048,1009,10,Les Loyalistes et Le Rassemblement - Forts et unis,LL-LR,198,19.62338949454906,166.429735177846,-22.2343498153878
Province Sud,Nouméa,0043,Ecole Daniel Talon,1848,1048,1009,11,Unis pour le Pays,UNI,33,3.270564915758176,166.429735177846,-22.2343498153878
Province Sud,Nouméa,0043,Ecole Daniel Talon,1848,1048,1009,12,Un espoir pour demain,Un espoir pour demain,14,1.3875123885034688,166.429735177846,-22.2343498153878
Province Sud,Nouméa,0044,Ecole Maurice Fonrobert,1058,575,566,1,Un autre monde est possible !,Éveil océanien,88,15.547703180212014,166.486016745804,-22.2343408388225
Province Sud,Nouméa,0044,Ecole Maurice Fonrobert,1058,575,566,2,Kanaky pour tous,FLNKS,265,46.81978798586572,166.486016745804,-22.2343408388225
Province Sud,Nouméa,0044,Ecole Maurice Fonrobert,1058,575,566,3,"France Calédonie, une patrie",RN-MCFNC,2,0.35335689045936397,166.486016745804,-22.2343408388225
Province Sud,Nouméa,0044,Ecole Maurice Fonrobert,1058,575,566,5,Une Province pour tous,DVC-Calédonie ensemble,46,8.12720848056537,166.486016745804,-22.2343408388225
Province Sud,Nouméa,0044,Ecole Maurice Fonrobert,1058,575,566,6,Souveraineté Kanaky Nouvelle-Calédonie,SKNC,8,1.4134275618374559,166.486016745804,-22.2343408388225
Province Sud,Nouméa,0044,Ecole Maurice Fonrobert,1058,575,566,7,Faire Pays,Faire Pays,38,6.713780918727915,166.486016745804,-22.2343408388225
Province Sud,Nouméa,0044,Ecole Maurice Fonrobert,1058,575,566,8,Pour une Calédonie française,Pour une Calédonie française,5,0.8833922261484098,166.486016745804,-22.2343408388225
Province Sud,Nouméa,0044,Ecole Maurice Fonrobert,1058,575,566,9,"Nous, réunis !","Nous, réunis",47,8.303886925795053,166.486016745804,-22.2343408388225
Province Sud,Nouméa,0044,Ecole Maurice Fonrobert,1058,575,566,10,Les Loyalistes et Le Rassemblement - Forts et unis,LL-LR,39,6.890459363957597,166.486016745804,-22.2343408388225
Province Sud,Nouméa,0044,Ecole Maurice Fonrobert,1058,575,566,11,Unis pour le Pays,UNI,28,4.946996466431095,166.486016745804,-22.2343408388225
Province Sud,Nouméa,0044,Ecole Maurice Fonrobert,1058,575,566,12,Un espoir pour demain,Un espoir pour demain,0,0,166.486016745804,-22.2343408388225
Province Sud,Nouméa,0045,Ecole Mathilde Broquet 2,1338,874,866,1,Un autre monde est possible !,Éveil océanien,54,6.235565819861431,166.467549840387,-22.256293239868
Province Sud,Nouméa,0045,Ecole Mathilde Broquet 2,1338,874,866,2,Kanaky pour tous,FLNKS,113,13.04849884526559,166.467549840387,-22.256293239868
Province Sud,Nouméa,0045,Ecole Mathilde Broquet 2,1338,874,866,3,"France Calédonie, une patrie",RN-MCFNC,9,1.0392609699769053,166.467549840387,-22.256293239868
Province Sud,Nouméa,0045,Ecole Mathilde Broquet 2,1338,874,866,5,Une Province pour tous,DVC-Calédonie ensemble,34,3.9260969976905313,166.467549840387,-22.256293239868
Province Sud,Nouméa,0045,Ecole Mathilde Broquet 2,1338,874,866,6,Souveraineté Kanaky Nouvelle-Calédonie,SKNC,2,0.23094688221709006,166.467549840387,-22.256293239868
Province Sud,Nouméa,0045,Ecole Mathilde Broquet 2,1338,874,866,7,Faire Pays,Faire Pays,49,5.658198614318707,166.467549840387,-22.256293239868
Province Sud,Nouméa,0045,Ecole Mathilde Broquet 2,1338,874,866,8,Pour une Calédonie française,Pour une Calédonie française,10,1.1547344110854503,166.467549840387,-22.256293239868
Province Sud,Nouméa,0045,Ecole Mathilde Broquet 2,1338,874,866,9,"Nous, réunis !","Nous, réunis",39,4.503464203233256,166.467549840387,-22.256293239868
Province Sud,Nouméa,0045,Ecole Mathilde Broquet 2,1338,874,866,10,Les Loyalistes et Le Rassemblement - Forts et unis,LL-LR,513,59.237875288683604,166.467549840387,-22.256293239868
Province Sud,Nouméa,0045,Ecole Mathilde Broquet 2,1338,874,866,11,Unis pour le Pays,UNI,20,2.3094688221709005,166.467549840387,-22.256293239868
Province Sud,Nouméa,0045,Ecole Mathilde Broquet 2,1338,874,866,12,Un espoir pour demain,Un espoir pour demain,23,2.655889145496536,166.467549840387,-22.256293239868
Province Sud,Nouméa,0046,Ecole Yvonne Dupont 2,585,454,453,1,Un autre monde est possible !,Éveil océanien,9,1.9867549668874172,166.442173657352,-22.2926748814035
Province Sud,Nouméa,0046,Ecole Yvonne Dupont 2,585,454,453,2,Kanaky pour tous,FLNKS,6,1.3245033112582782,166.442173657352,-22.2926748814035
Province Sud,Nouméa,0046,Ecole Yvonne Dupont 2,585,454,453,3,"France Calédonie, une patrie",RN-MCFNC,6,1.3245033112582782,166.442173657352,-22.2926748814035
Province Sud,Nouméa,0046,Ecole Yvonne Dupont 2,585,454,453,5,Une Province pour tous,DVC-Calédonie ensemble,11,2.4282560706401766,166.442173657352,-22.2926748814035
Province Sud,Nouméa,0046,Ecole Yvonne Dupont 2,585,454,453,6,Souveraineté Kanaky Nouvelle-Calédonie,SKNC,0,0,166.442173657352,-22.2926748814035
Province Sud,Nouméa,0046,Ecole Yvonne Dupont 2,585,454,453,7,Faire Pays,Faire Pays,3,0.6622516556291391,166.442173657352,-22.2926748814035
Province Sud,Nouméa,0046,Ecole Yvonne Dupont 2,585,454,453,8,Pour une Calédonie française,Pour une Calédonie française,5,1.1037527593818985,166.442173657352,-22.2926748814035
Province Sud,Nouméa,0046,Ecole Yvonne Dupont 2,585,454,453,9,"Nous, réunis !","Nous, réunis",19,4.194260485651214,166.442173657352,-22.2926748814035
Province Sud,Nouméa,0046,Ecole Yvonne Dupont 2,585,454,453,10,Les Loyalistes et Le Rassemblement - Forts et unis,LL-LR,386,85.20971302428256,166.442173657352,-22.2926748814035
Province Sud,Nouméa,0046,Ecole Yvonne Dupont 2,585,454,453,11,Unis pour le Pays,UNI,2,0.44150110375275936,166.442173657352,-22.2926748814035
Province Sud,Nouméa,0046,Ecole Yvonne Dupont 2,585,454,453,12,Un espoir pour demain,Un espoir pour demain,6,1.3245033112582782,166.442173657352,-22.2926748814035
Province Sud,Nouméa,0047,Ecole Paul Boyer 2,706,532,530,1,Un autre monde est possible !,Éveil océanien,4,0.7547169811320755,166.452482969153,-22.2781620536236
Province Sud,Nouméa,0047,Ecole Paul Boyer 2,706,532,530,2,Kanaky pour tous,FLNKS,7,1.320754716981132,166.452482969153,-22.2781620536236
Province Sud,Nouméa,0047,Ecole Paul Boyer 2,706,532,530,3,"France Calédonie, une patrie",RN-MCFNC,3,0.5660377358490566,166.452482969153,-22.2781620536236
Province Sud,Nouméa,0047,Ecole Paul Boyer 2,706,532,530,5,Une Province pour tous,DVC-Calédonie ensemble,15,2.830188679245283,166.452482969153,-22.2781620536236
Province Sud,Nouméa,0047,Ecole Paul Boyer 2,706,532,530,6,Souveraineté Kanaky Nouvelle-Calédonie,SKNC,3,0.5660377358490566,166.452482969153,-22.2781620536236
Province Sud,Nouméa,0047,Ecole Paul Boyer 2,706,532,530,7,Faire Pays,Faire Pays,16,3.018867924528302,166.452482969153,-22.2781620536236
Province Sud,Nouméa,0047,Ecole Paul Boyer 2,706,532,530,8,Pour une Calédonie française,Pour une Calédonie française,7,1.320754716981132,166.452482969153,-22.2781620536236
Province Sud,Nouméa,0047,Ecole Paul Boyer 2,706,532,530,9,"Nous, réunis !","Nous, réunis",24,4.528301886792453,166.452482969153,-22.2781620536236
Province Sud,Nouméa,0047,Ecole Paul Boyer 2,706,532,530,10,Les Loyalistes et Le Rassemblement - Forts et unis,LL-LR,433,81.69811320754717,166.452482969153,-22.2781620536236
Province Sud,Nouméa,0047,Ecole Paul Boyer 2,706,532,530,11,Unis pour le Pays,UNI,2,0.37735849056603776,166.452482969153,-22.2781620536236
Province Sud,Nouméa,0047,Ecole Paul Boyer 2,706,532,530,12,Un espoir pour demain,Un espoir pour demain,16,3.018867924528302,166.452482969153,-22.2781620536236
Province Sud,Nouméa,0048,Ecole Marguerite Arsapin,925,536,521,1,Un autre monde est possible !,Éveil océanien,81,15.547024952015356,166.454280714904,-22.2790060967446
Province Sud,Nouméa,0048,Ecole Marguerite Arsapin,925,536,521,2,Kanaky pour tous,FLNKS,100,19.193857965451055,166.454280714904,-22.2790060967446
Province Sud,Nouméa,0048,Ecole Marguerite Arsapin,925,536,521,3,"France Calédonie, une patrie",RN-MCFNC,4,0.7677543186180422,166.454280714904,-22.2790060967446
Province Sud,Nouméa,0048,Ecole Marguerite Arsapin,925,536,521,5,Une Province pour tous,DVC-Calédonie ensemble,39,7.485604606525912,166.454280714904,-22.2790060967446
Province Sud,Nouméa,0048,Ecole Marguerite Arsapin,925,536,521,6,Souveraineté Kanaky Nouvelle-Calédonie,SKNC,7,1.3435700575815739,166.454280714904,-22.2790060967446
Province Sud,Nouméa,0048,Ecole Marguerite Arsapin,925,536,521,7,Faire Pays,Faire Pays,37,7.1017274472168905,166.454280714904,-22.2790060967446
Province Sud,Nouméa,0048,Ecole Marguerite Arsapin,925,536,521,8,Pour une Calédonie française,Pour une Calédonie française,3,0.5758157389635317,166.454280714904,-22.2790060967446
Province Sud,Nouméa,0048,Ecole Marguerite Arsapin,925,536,521,9,"Nous, réunis !","Nous, réunis",32,6.142034548944338,166.454280714904,-22.2790060967446
Province Sud,Nouméa,0048,Ecole Marguerite Arsapin,925,536,521,10,Les Loyalistes et Le Rassemblement - Forts et unis,LL-LR,198,38.00383877159309,166.454280714904,-22.2790060967446
Province Sud,Nouméa,0048,Ecole Marguerite Arsapin,925,536,521,11,Unis pour le Pays,UNI,10,1.9193857965451055,166.454280714904,-22.2790060967446
Province Sud,Nouméa,0048,Ecole Marguerite Arsapin,925,536,521,12,Un espoir pour demain,Un espoir pour demain,10,1.9193857965451055,166.454280714904,-22.2790060967446
Province Sud,Nouméa,0049,Ecole Les Pervenches,896,648,639,1,Un autre monde est possible !,Éveil océanien,18,2.816901408450704,166.463935144665,-22.2575766179093
Province Sud,Nouméa,0049,Ecole Les Pervenches,896,648,639,2,Kanaky pour tous,FLNKS,29,4.538341158059468,166.463935144665,-22.2575766179093
Province Sud,Nouméa,0049,Ecole Les Pervenches,896,648,639,3,"France Calédonie, une patrie",RN-MCFNC,7,1.0954616588419406,166.463935144665,-22.2575766179093
Province Sud,Nouméa,0049,Ecole Les Pervenches,896,648,639,5,Une Province pour tous,DVC-Calédonie ensemble,14,2.190923317683881,166.463935144665,-22.2575766179093
Province Sud,Nouméa,0049,Ecole Les Pervenches,896,648,639,6,Souveraineté Kanaky Nouvelle-Calédonie,SKNC,3,0.4694835680751174,166.463935144665,-22.2575766179093
Province Sud,Nouméa,0049,Ecole Les Pervenches,896,648,639,7,Faire Pays,Faire Pays,28,4.381846635367762,166.463935144665,-22.2575766179093
Province Sud,Nouméa,0049,Ecole Les Pervenches,896,648,639,8,Pour une Calédonie française,Pour une Calédonie française,9,1.408450704225352,166.463935144665,-22.2575766179093
Province Sud,Nouméa,0049,Ecole Les Pervenches,896,648,639,9,"Nous, réunis !","Nous, réunis",34,5.320813771517997,166.463935144665,-22.2575766179093
Province Sud,Nouméa,0049,Ecole Les Pervenches,896,648,639,10,Les Loyalistes et Le Rassemblement - Forts et unis,LL-LR,484,75.7433489827856,166.463935144665,-22.2575766179093
Province Sud,Nouméa,0049,Ecole Les Pervenches,896,648,639,11,Unis pour le Pays,UNI,2,0.3129890453834116,166.463935144665,-22.2575766179093
Province Sud,Nouméa,0049,Ecole Les Pervenches,896,648,639,12,Un espoir pour demain,Un espoir pour demain,11,1.7214397496087637,166.463935144665,-22.2575766179093
Province Sud,Nouméa,0050,Ecole Albert Perraud,1545,793,776,1,Un autre monde est possible !,Éveil océanien,60,7.731958762886598,166.467888234029,-22.2619636836771
Province Sud,Nouméa,0050,Ecole Albert Perraud,1545,793,776,2,Kanaky pour tous,FLNKS,274,35.30927835051546,166.467888234029,-22.2619636836771
Province Sud,Nouméa,0050,Ecole Albert Perraud,1545,793,776,3,"France Calédonie, une patrie",RN-MCFNC,10,1.288659793814433,166.467888234029,-22.2619636836771
Province Sud,Nouméa,0050,Ecole Albert Perraud,1545,793,776,5,Une Province pour tous,DVC-Calédonie ensemble,58,7.474226804123711,166.467888234029,-22.2619636836771
Province Sud,Nouméa,0050,Ecole Albert Perraud,1545,793,776,6,Souveraineté Kanaky Nouvelle-Calédonie,SKNC,13,1.675257731958763,166.467888234029,-22.2619636836771
Province Sud,Nouméa,0050,Ecole Albert Perraud,1545,793,776,7,Faire Pays,Faire Pays,62,7.989690721649485,166.467888234029,-22.2619636836771
Province Sud,Nouméa,0050,Ecole Albert Perraud,1545,793,776,8,Pour une Calédonie française,Pour une Calédonie française,10,1.288659793814433,166.467888234029,-22.2619636836771
Province Sud,Nouméa,0050,Ecole Albert Perraud,1545,793,776,9,"Nous, réunis !","Nous, réunis",61,7.860824742268041,166.467888234029,-22.2619636836771
Province Sud,Nouméa,0050,Ecole Albert Perraud,1545,793,776,10,Les Loyalistes et Le Rassemblement - Forts et unis,LL-LR,184,23.711340206185568,166.467888234029,-22.2619636836771
Province Sud,Nouméa,0050,Ecole Albert Perraud,1545,793,776,11,Unis pour le Pays,UNI,35,4.510309278350515,166.467888234029,-22.2619636836771
Province Sud,Nouméa,0050,Ecole Albert Perraud,1545,793,776,12,Un espoir pour demain,Un espoir pour demain,9,1.1597938144329898,166.467888234029,-22.2619636836771
Province Sud,Nouméa,0051,Ecole Michel Amiot,1032,752,741,1,Un autre monde est possible !,Éveil océanien,32,4.318488529014845,166.468616034294,-22.2680303864914
Province Sud,Nouméa,0051,Ecole Michel Amiot,1032,752,741,2,Kanaky pour tous,FLNKS,56,7.557354925775979,166.468616034294,-22.2680303864914
Province Sud,Nouméa,0051,Ecole Michel Amiot,1032,752,741,3,"France Calédonie, une patrie",RN-MCFNC,7,0.9446693657219973,166.468616034294,-22.2680303864914
Province Sud,Nouméa,0051,Ecole Michel Amiot,1032,752,741,5,Une Province pour tous,DVC-Calédonie ensemble,26,3.508771929824561,166.468616034294,-22.2680303864914
Province Sud,Nouméa,0051,Ecole Michel Amiot,1032,752,741,6,Souveraineté Kanaky Nouvelle-Calédonie,SKNC,2,0.2699055330634278,166.468616034294,-22.2680303864914
Province Sud,Nouméa,0051,Ecole Michel Amiot,1032,752,741,7,Faire Pays,Faire Pays,21,2.834008097165992,166.468616034294,-22.2680303864914
Province Sud,Nouméa,0051,Ecole Michel Amiot,1032,752,741,8,Pour une Calédonie française,Pour une Calédonie française,11,1.484480431848853,166.468616034294,-22.2680303864914
Province Sud,Nouméa,0051,Ecole Michel Amiot,1032,752,741,9,"Nous, réunis !","Nous, réunis",46,6.207827260458839,166.468616034294,-22.2680303864914
Province Sud,Nouméa,0051,Ecole Michel Amiot,1032,752,741,10,Les Loyalistes et Le Rassemblement - Forts et unis,LL-LR,509,68.69095816464238,166.468616034294,-22.2680303864914
Province Sud,Nouméa,0051,Ecole Michel Amiot,1032,752,741,11,Unis pour le Pays,UNI,14,1.8893387314439947,166.468616034294,-22.2680303864914
Province Sud,Nouméa,0051,Ecole Michel Amiot,1032,752,741,12,Un espoir pour demain,Un espoir pour demain,17,2.294197031039136,166.468616034294,-22.2680303864914
Province Sud,Nouméa,0052,Ecole Charles Bichon,679,471,463,1,Un autre monde est possible !,Éveil océanien,6,1.2958963282937366,166.443767790723,-22.2808132680625
Province Sud,Nouméa,0052,Ecole Charles Bichon,679,471,463,2,Kanaky pour tous,FLNKS,11,2.375809935205184,166.443767790723,-22.2808132680625
Province Sud,Nouméa,0052,Ecole Charles Bichon,679,471,463,3,"France Calédonie, une patrie",RN-MCFNC,4,0.8639308855291576,166.443767790723,-22.2808132680625
Province Sud,Nouméa,0052,Ecole Charles Bichon,679,471,463,5,Une Province pour tous,DVC-Calédonie ensemble,15,3.239740820734341,166.443767790723,-22.2808132680625
Province Sud,Nouméa,0052,Ecole Charles Bichon,679,471,463,6,Souveraineté Kanaky Nouvelle-Calédonie,SKNC,3,0.6479481641468683,166.443767790723,-22.2808132680625
Province Sud,Nouméa,0052,Ecole Charles Bichon,679,471,463,7,Faire Pays,Faire Pays,22,4.751619870410368,166.443767790723,-22.2808132680625
Province Sud,Nouméa,0052,Ecole Charles Bichon,679,471,463,8,Pour une Calédonie française,Pour une Calédonie française,3,0.6479481641468683,166.443767790723,-22.2808132680625
Province Sud,Nouméa,0052,Ecole Charles Bichon,679,471,463,9,"Nous, réunis !","Nous, réunis",22,4.751619870410368,166.443767790723,-22.2808132680625
Province Sud,Nouméa,0052,Ecole Charles Bichon,679,471,463,10,Les Loyalistes et Le Rassemblement - Forts et unis,LL-LR,348,75.16198704103672,166.443767790723,-22.2808132680625
Province Sud,Nouméa,0052,Ecole Charles Bichon,679,471,463,11,Unis pour le Pays,UNI,10,2.159827213822894,166.443767790723,-22.2808132680625
Province Sud,Nouméa,0052,Ecole Charles Bichon,679,471,463,12,Un espoir pour demain,Un espoir pour demain,19,4.103671706263499,166.443767790723,-22.2808132680625
Province Sud,Nouméa,0053,Ecole Les Lys,777,613,603,1,Un autre monde est possible !,Éveil océanien,12,1.9900497512437811,166.443135087106,-22.2929071476207
Province Sud,Nouméa,0053,Ecole Les Lys,777,613,603,2,Kanaky pour tous,FLNKS,19,3.1509121061359866,166.443135087106,-22.2929071476207
Province Sud,Nouméa,0053,Ecole Les Lys,777,613,603,3,"France Calédonie, une patrie",RN-MCFNC,5,0.8291873963515755,166.443135087106,-22.2929071476207
Province Sud,Nouméa,0053,Ecole Les Lys,777,613,603,5,Une Province pour tous,DVC-Calédonie ensemble,13,2.155887230514096,166.443135087106,-22.2929071476207
Province Sud,Nouméa,0053,Ecole Les Lys,777,613,603,6,Souveraineté Kanaky Nouvelle-Calédonie,SKNC,3,0.4975124378109453,166.443135087106,-22.2929071476207
Province Sud,Nouméa,0053,Ecole Les Lys,777,613,603,7,Faire Pays,Faire Pays,19,3.1509121061359866,166.443135087106,-22.2929071476207
Province Sud,Nouméa,0053,Ecole Les Lys,777,613,603,8,Pour une Calédonie française,Pour une Calédonie française,9,1.492537313432836,166.443135087106,-22.2929071476207
Province Sud,Nouméa,0053,Ecole Les Lys,777,613,603,9,"Nous, réunis !","Nous, réunis",18,2.985074626865672,166.443135087106,-22.2929071476207
Province Sud,Nouméa,0053,Ecole Les Lys,777,613,603,10,Les Loyalistes et Le Rassemblement - Forts et unis,LL-LR,494,81.92371475953566,166.443135087106,-22.2929071476207
Province Sud,Nouméa,0053,Ecole Les Lys,777,613,603,11,Unis pour le Pays,UNI,1,0.16583747927031509,166.443135087106,-22.2929071476207
Province Sud,Nouméa,0053,Ecole Les Lys,777,613,603,12,Un espoir pour demain,Un espoir pour demain,10,1.658374792703151,166.443135087106,-22.2929071476207
Province Sud,Nouméa,0054,Ecole Le petit poucet,1023,635,619,1,Un autre monde est possible !,Éveil océanien,46,7.431340872374798,166.446452105063,-22.2638462676659
Province Sud,Nouméa,0054,Ecole Le petit poucet,1023,635,619,2,Kanaky pour tous,FLNKS,81,13.08562197092084,166.446452105063,-22.2638462676659
Province Sud,Nouméa,0054,Ecole Le petit poucet,1023,635,619,3,"France Calédonie, une patrie",RN-MCFNC,9,1.4539579967689822,166.446452105063,-22.2638462676659
Province Sud,Nouméa,0054,Ecole Le petit poucet,1023,635,619,5,Une Province pour tous,DVC-Calédonie ensemble,22,3.5541195476575123,166.446452105063,-22.2638462676659
Province Sud,Nouméa,0054,Ecole Le petit poucet,1023,635,619,6,Souveraineté Kanaky Nouvelle-Calédonie,SKNC,3,0.48465266558966075,166.446452105063,-22.2638462676659
Province Sud,Nouméa,0054,Ecole Le petit poucet,1023,635,619,7,Faire Pays,Faire Pays,27,4.361873990306947,166.446452105063,-22.2638462676659
Province Sud,Nouméa,0054,Ecole Le petit poucet,1023,635,619,8,Pour une Calédonie française,Pour une Calédonie française,5,0.8077544426494345,166.446452105063,-22.2638462676659
Province Sud,Nouméa,0054,Ecole Le petit poucet,1023,635,619,9,"Nous, réunis !","Nous, réunis",39,6.30048465266559,166.446452105063,-22.2638462676659
Province Sud,Nouméa,0054,Ecole Le petit poucet,1023,635,619,10,Les Loyalistes et Le Rassemblement - Forts et unis,LL-LR,362,58.48142164781906,166.446452105063,-22.2638462676659
Province Sud,Nouméa,0054,Ecole Le petit poucet,1023,635,619,11,Unis pour le Pays,UNI,6,0.9693053311793215,166.446452105063,-22.2638462676659
Province Sud,Nouméa,0054,Ecole Le petit poucet,1023,635,619,12,Un espoir pour demain,Un espoir pour demain,19,3.0694668820678515,166.446452105063,-22.2638462676659
Province Sud,Nouméa,0055,Ecole Serge Laigle,1071,853,847,1,Un autre monde est possible !,Éveil océanien,28,3.3057851239669422,166.486016745804,-22.2343408388225
Province Sud,Nouméa,0055,Ecole Serge Laigle,1071,853,847,2,Kanaky pour tous,FLNKS,5,0.5903187721369539,166.486016745804,-22.2343408388225
Province Sud,Nouméa,0055,Ecole Serge Laigle,1071,853,847,3,"France Calédonie, une patrie",RN-MCFNC,14,1.6528925619834711,166.486016745804,-22.2343408388225
Province Sud,Nouméa,0055,Ecole Serge Laigle,1071,853,847,5,Une Province pour tous,DVC-Calédonie ensemble,24,2.833530106257379,166.486016745804,-22.2343408388225
Province Sud,Nouméa,0055,Ecole Serge Laigle,1071,853,847,6,Souveraineté Kanaky Nouvelle-Calédonie,SKNC,1,0.1180637544273908,166.486016745804,-22.2343408388225
Province Sud,Nouméa,0055,Ecole Serge Laigle,1071,853,847,7,Faire Pays,Faire Pays,12,1.4167650531286895,166.486016745804,-22.2343408388225
Province Sud,Nouméa,0055,Ecole Serge Laigle,1071,853,847,8,Pour une Calédonie française,Pour une Calédonie française,13,1.5348288075560803,166.486016745804,-22.2343408388225
Province Sud,Nouméa,0055,Ecole Serge Laigle,1071,853,847,9,"Nous, réunis !","Nous, réunis",49,5.785123966942149,166.486016745804,-22.2343408388225
Province Sud,Nouméa,0055,Ecole Serge Laigle,1071,853,847,10,Les Loyalistes et Le Rassemblement - Forts et unis,LL-LR,675,79.69303423848878,166.486016745804,-22.2343408388225
Province Sud,Nouméa,0055,Ecole Serge Laigle,1071,853,847,11,Unis pour le Pays,UNI,7,0.8264462809917356,166.486016745804,-22.2343408388225
Province Sud,Nouméa,0055,Ecole Serge Laigle,1071,853,847,12,Un espoir pour demain,Un espoir pour demain,19,2.243211334120425,166.486016745804,-22.2343408388225
Province Sud,Nouméa,0056,Ecole Guy Champmoreau,1306,817,808,1,Un autre monde est possible !,Éveil océanien,41,5.074257425742574,166.452313565802,-22.2892161943525
Province Sud,Nouméa,0056,Ecole Guy Champmoreau,1306,817,808,2,Kanaky pour tous,FLNKS,86,10.643564356435643,166.452313565802,-22.2892161943525
Province Sud,Nouméa,0056,Ecole Guy Champmoreau,1306,817,808,3,"France Calédonie, une patrie",RN-MCFNC,5,0.6188118811881188,166.452313565802,-22.2892161943525
Province Sud,Nouméa,0056,Ecole Guy Champmoreau,1306,817,808,5,Une Province pour tous,DVC-Calédonie ensemble,31,3.8366336633663365,166.452313565802,-22.2892161943525
Province Sud,Nouméa,0056,Ecole Guy Champmoreau,1306,817,808,6,Souveraineté Kanaky Nouvelle-Calédonie,SKNC,3,0.3712871287128713,166.452313565802,-22.2892161943525
Province Sud,Nouméa,0056,Ecole Guy Champmoreau,1306,817,808,7,Faire Pays,Faire Pays,31,3.8366336633663365,166.452313565802,-22.2892161943525
Province Sud,Nouméa,0056,Ecole Guy Champmoreau,1306,817,808,8,Pour une Calédonie française,Pour une Calédonie française,9,1.113861386138614,166.452313565802,-22.2892161943525
Province Sud,Nouméa,0056,Ecole Guy Champmoreau,1306,817,808,9,"Nous, réunis !","Nous, réunis",52,6.435643564356436,166.452313565802,-22.2892161943525
Province Sud,Nouméa,0056,Ecole Guy Champmoreau,1306,817,808,10,Les Loyalistes et Le Rassemblement - Forts et unis,LL-LR,509,62.995049504950494,166.452313565802,-22.2892161943525
Province Sud,Nouméa,0056,Ecole Guy Champmoreau,1306,817,808,11,Unis pour le Pays,UNI,14,1.7326732673267327,166.452313565802,-22.2892161943525
Province Sud,Nouméa,0056,Ecole Guy Champmoreau,1306,817,808,12,Un espoir pour demain,Un espoir pour demain,27,3.3415841584158414,166.452313565802,-22.2892161943525
Province Sud,Nouméa,0057,Mairie 3,62,3,3,1,Un autre monde est possible !,Éveil océanien,0,0,166.439401925184,-22.2714056104229
Province Sud,Nouméa,0057,Mairie 3,62,3,3,2,Kanaky pour tous,FLNKS,1,33.333333333333336,166.439401925184,-22.2714056104229
Province Sud,Nouméa,0057,Mairie 3,62,3,3,3,"France Calédonie, une patrie",RN-MCFNC,0,0,166.439401925184,-22.2714056104229
Province Sud,Nouméa,0057,Mairie 3,62,3,3,5,Une Province pour tous,DVC-Calédonie ensemble,0,0,166.439401925184,-22.2714056104229
Province Sud,Nouméa,0057,Mairie 3,62,3,3,6,Souveraineté Kanaky Nouvelle-Calédonie,SKNC,0,0,166.439401925184,-22.2714056104229
Province Sud,Nouméa,0057,Mairie 3,62,3,3,7,Faire Pays,Faire Pays,0,0,166.439401925184,-22.2714056104229
Province Sud,Nouméa,0057,Mairie 3,62,3,3,8,Pour une Calédonie française,Pour une Calédonie française,2,66.66666666666667,166.439401925184,-22.2714056104229
Province Sud,Nouméa,0057,Mairie 3,62,3,3,9,"Nous, réunis !","Nous, réunis",0,0,166.439401925184,-22.2714056104229
Province Sud,Nouméa,0057,Mairie 3,62,3,3,10,Les Loyalistes et Le Rassemblement - Forts et unis,LL-LR,0,0,166.439401925184,-22.2714056104229
Province Sud,Nouméa,0057,Mairie 3,62,3,3,11,Unis pour le Pays,UNI,0,0,166.439401925184,-22.2714056104229
Province Sud,Nouméa,0057,Mairie 3,62,3,3,12,Un espoir pour demain,Un espoir pour demain,0,0,166.439401925184,-22.2714056104229
Province Sud,Païta,0001,Arène du sud 1,654,360,352,1,Un autre monde est possible !,Éveil océanien,89,25.28409090909091,166.366370328351,-22.1294955354086
Province Sud,Païta,0001,Arène du sud 1,654,360,352,2,Kanaky pour tous,FLNKS,55,15.625,166.366370328351,-22.1294955354086
Province Sud,Païta,0001,Arène du sud 1,654,360,352,3,"France Calédonie, une patrie",RN-MCFNC,2,0.5681818181818182,166.366370328351,-22.1294955354086
Province Sud,Païta,0001,Arène du sud 1,654,360,352,5,Une Province pour tous,DVC-Calédonie ensemble,11,3.125,166.366370328351,-22.1294955354086
Province Sud,Païta,0001,Arène du sud 1,654,360,352,6,Souveraineté Kanaky Nouvelle-Calédonie,SKNC,4,1.1363636363636365,166.366370328351,-22.1294955354086
Province Sud,Païta,0001,Arène du sud 1,654,360,352,7,Faire Pays,Faire Pays,16,4.545454545454546,166.366370328351,-22.1294955354086
Province Sud,Païta,0001,Arène du sud 1,654,360,352,8,Pour une Calédonie française,Pour une Calédonie française,6,1.7045454545454546,166.366370328351,-22.1294955354086
Province Sud,Païta,0001,Arène du sud 1,654,360,352,9,"Nous, réunis !","Nous, réunis",12,3.409090909090909,166.366370328351,-22.1294955354086
Province Sud,Païta,0001,Arène du sud 1,654,360,352,10,Les Loyalistes et Le Rassemblement - Forts et unis,LL-LR,123,34.94318181818182,166.366370328351,-22.1294955354086
Province Sud,Païta,0001,Arène du sud 1,654,360,352,11,Unis pour le Pays,UNI,26,7.386363636363637,166.366370328351,-22.1294955354086
Province Sud,Païta,0001,Arène du sud 1,654,360,352,12,Un espoir pour demain,Un espoir pour demain,8,2.272727272727273,166.366370328351,-22.1294955354086
Province Sud,Païta,0002,Arène du sud 2,750,499,496,1,Un autre monde est possible !,Éveil océanien,219,44.153225806451616,166.366370328351,-22.1294955354086
Province Sud,Païta,0002,Arène du sud 2,750,499,496,2,Kanaky pour tous,FLNKS,68,13.709677419354838,166.366370328351,-22.1294955354086
Province Sud,Païta,0002,Arène du sud 2,750,499,496,3,"France Calédonie, une patrie",RN-MCFNC,0,0,166.366370328351,-22.1294955354086
Province Sud,Païta,0002,Arène du sud 2,750,499,496,5,Une Province pour tous,DVC-Calédonie ensemble,15,3.024193548387097,166.366370328351,-22.1294955354086
Province Sud,Païta,0002,Arène du sud 2,750,499,496,6,Souveraineté Kanaky Nouvelle-Calédonie,SKNC,4,0.8064516129032258,166.366370328351,-22.1294955354086
Province Sud,Païta,0002,Arène du sud 2,750,499,496,7,Faire Pays,Faire Pays,11,2.217741935483871,166.366370328351,-22.1294955354086
Province Sud,Païta,0002,Arène du sud 2,750,499,496,8,Pour une Calédonie française,Pour une Calédonie française,5,1.0080645161290323,166.366370328351,-22.1294955354086
Province Sud,Païta,0002,Arène du sud 2,750,499,496,9,"Nous, réunis !","Nous, réunis",18,3.629032258064516,166.366370328351,-22.1294955354086
Province Sud,Païta,0002,Arène du sud 2,750,499,496,10,Les Loyalistes et Le Rassemblement - Forts et unis,LL-LR,137,27.620967741935484,166.366370328351,-22.1294955354086
Province Sud,Païta,0002,Arène du sud 2,750,499,496,11,Unis pour le Pays,UNI,15,3.024193548387097,166.366370328351,-22.1294955354086
Province Sud,Païta,0002,Arène du sud 2,750,499,496,12,Un espoir pour demain,Un espoir pour demain,4,0.8064516129032258,166.366370328351,-22.1294955354086
Province Sud,Païta,0003,Ecole Robert ABEL 1,754,484,475,1,Un autre monde est possible !,Éveil océanien,109,22.94736842105263,166.366370328351,-22.1294955354086
Province Sud,Païta,0003,Ecole Robert ABEL 1,754,484,475,2,Kanaky pour tous,FLNKS,39,8.210526315789474,166.366370328351,-22.1294955354086
Province Sud,Païta,0003,Ecole Robert ABEL 1,754,484,475,3,"France Calédonie, une patrie",RN-MCFNC,4,0.8421052631578947,166.366370328351,-22.1294955354086
Province Sud,Païta,0003,Ecole Robert ABEL 1,754,484,475,5,Une Province pour tous,DVC-Calédonie ensemble,23,4.842105263157895,166.366370328351,-22.1294955354086
Province Sud,Païta,0003,Ecole Robert ABEL 1,754,484,475,6,Souveraineté Kanaky Nouvelle-Calédonie,SKNC,9,1.894736842105263,166.366370328351,-22.1294955354086
Province Sud,Païta,0003,Ecole Robert ABEL 1,754,484,475,7,Faire Pays,Faire Pays,22,4.631578947368421,166.366370328351,-22.1294955354086
Province Sud,Païta,0003,Ecole Robert ABEL 1,754,484,475,8,Pour une Calédonie française,Pour une Calédonie française,9,1.894736842105263,166.366370328351,-22.1294955354086
Province Sud,Païta,0003,Ecole Robert ABEL 1,754,484,475,9,"Nous, réunis !","Nous, réunis",36,7.578947368421052,166.366370328351,-22.1294955354086
Province Sud,Païta,0003,Ecole Robert ABEL 1,754,484,475,10,Les Loyalistes et Le Rassemblement - Forts et unis,LL-LR,196,41.26315789473684,166.366370328351,-22.1294955354086
Province Sud,Païta,0003,Ecole Robert ABEL 1,754,484,475,11,Unis pour le Pays,UNI,17,3.5789473684210527,166.366370328351,-22.1294955354086
Province Sud,Païta,0003,Ecole Robert ABEL 1,754,484,475,12,Un espoir pour demain,Un espoir pour demain,11,2.3157894736842106,166.366370328351,-22.1294955354086
Province Sud,Païta,0004,Dock socio-culturel 1,766,530,518,1,Un autre monde est possible !,Éveil océanien,79,15.250965250965251,166.366370328351,-22.1294955354086
Province Sud,Païta,0004,Dock socio-culturel 1,766,530,518,2,Kanaky pour tous,FLNKS,51,9.845559845559846,166.366370328351,-22.1294955354086
Province Sud,Païta,0004,Dock socio-culturel 1,766,530,518,3,"France Calédonie, une patrie",RN-MCFNC,4,0.7722007722007722,166.366370328351,-22.1294955354086
Province Sud,Païta,0004,Dock socio-culturel 1,766,530,518,5,Une Province pour tous,DVC-Calédonie ensemble,11,2.1235521235521237,166.366370328351,-22.1294955354086
Province Sud,Païta,0004,Dock socio-culturel 1,766,530,518,6,Souveraineté Kanaky Nouvelle-Calédonie,SKNC,6,1.1583011583011582,166.366370328351,-22.1294955354086
Province Sud,Païta,0004,Dock socio-culturel 1,766,530,518,7,Faire Pays,Faire Pays,17,3.281853281853282,166.366370328351,-22.1294955354086
Province Sud,Païta,0004,Dock socio-culturel 1,766,530,518,8,Pour une Calédonie française,Pour une Calédonie française,12,2.3166023166023164,166.366370328351,-22.1294955354086
Province Sud,Païta,0004,Dock socio-culturel 1,766,530,518,9,"Nous, réunis !","Nous, réunis",30,5.7915057915057915,166.366370328351,-22.1294955354086
Province Sud,Païta,0004,Dock socio-culturel 1,766,530,518,10,Les Loyalistes et Le Rassemblement - Forts et unis,LL-LR,292,56.37065637065637,166.366370328351,-22.1294955354086
Province Sud,Païta,0004,Dock socio-culturel 1,766,530,518,11,Unis pour le Pays,UNI,8,1.5444015444015444,166.366370328351,-22.1294955354086
Province Sud,Païta,0004,Dock socio-culturel 1,766,530,518,12,Un espoir pour demain,Un espoir pour demain,8,1.5444015444015444,166.366370328351,-22.1294955354086
Province Sud,Païta,0005,ecole Patrice JEAN 1,829,556,537,1,Un autre monde est possible !,Éveil océanien,131,24.394785847299815,166.366370328351,-22.1294955354086
Province Sud,Païta,0005,ecole Patrice JEAN 1,829,556,537,2,Kanaky pour tous,FLNKS,41,7.635009310986964,166.366370328351,-22.1294955354086
Province Sud,Païta,0005,ecole Patrice JEAN 1,829,556,537,3,"France Calédonie, une patrie",RN-MCFNC,2,0.37243947858473,166.366370328351,-22.1294955354086
Province Sud,Païta,0005,ecole Patrice JEAN 1,829,556,537,5,Une Province pour tous,DVC-Calédonie ensemble,12,2.2346368715083798,166.366370328351,-22.1294955354086
Province Sud,Païta,0005,ecole Patrice JEAN 1,829,556,537,6,Souveraineté Kanaky Nouvelle-Calédonie,SKNC,16,2.97951582867784,166.366370328351,-22.1294955354086
Province Sud,Païta,0005,ecole Patrice JEAN 1,829,556,537,7,Faire Pays,Faire Pays,19,3.538175046554935,166.366370328351,-22.1294955354086
Province Sud,Païta,0005,ecole Patrice JEAN 1,829,556,537,8,Pour une Calédonie française,Pour une Calédonie française,8,1.48975791433892,166.366370328351,-22.1294955354086
Province Sud,Païta,0005,ecole Patrice JEAN 1,829,556,537,9,"Nous, réunis !","Nous, réunis",33,6.145251396648045,166.366370328351,-22.1294955354086
Province Sud,Païta,0005,ecole Patrice JEAN 1,829,556,537,10,Les Loyalistes et Le Rassemblement - Forts et unis,LL-LR,250,46.554934823091244,166.366370328351,-22.1294955354086
Province Sud,Païta,0005,ecole Patrice JEAN 1,829,556,537,11,Unis pour le Pays,UNI,15,2.793296089385475,166.366370328351,-22.1294955354086
Province Sud,Païta,0005,ecole Patrice JEAN 1,829,556,537,12,Un espoir pour demain,Un espoir pour demain,10,1.86219739292365,166.366370328351,-22.1294955354086
Province Sud,Païta,0006,Mairie,828,551,544,1,Un autre monde est possible !,Éveil océanien,44,8.088235294117647,166.361658608639,-22.1291986951984
Province Sud,Païta,0006,Mairie,828,551,544,2,Kanaky pour tous,FLNKS,166,30.514705882352942,166.361658608639,-22.1291986951984
Province Sud,Païta,0006,Mairie,828,551,544,3,"France Calédonie, une patrie",RN-MCFNC,3,0.5514705882352942,166.361658608639,-22.1291986951984
Province Sud,Païta,0006,Mairie,828,551,544,5,Une Province pour tous,DVC-Calédonie ensemble,27,4.963235294117647,166.361658608639,-22.1291986951984
Province Sud,Païta,0006,Mairie,828,551,544,6,Souveraineté Kanaky Nouvelle-Calédonie,SKNC,9,1.6544117647058822,166.361658608639,-22.1291986951984
Province Sud,Païta,0006,Mairie,828,551,544,7,Faire Pays,Faire Pays,24,4.411764705882353,166.361658608639,-22.1291986951984
Province Sud,Païta,0006,Mairie,828,551,544,8,Pour une Calédonie française,Pour une Calédonie française,2,0.36764705882352944,166.361658608639,-22.1291986951984
Province Sud,Païta,0006,Mairie,828,551,544,9,"Nous, réunis !","Nous, réunis",16,2.9411764705882355,166.361658608639,-22.1291986951984
Province Sud,Païta,0006,Mairie,828,551,544,10,Les Loyalistes et Le Rassemblement - Forts et unis,LL-LR,198,36.39705882352941,166.361658608639,-22.1291986951984
Province Sud,Païta,0006,Mairie,828,551,544,11,Unis pour le Pays,UNI,44,8.088235294117647,166.361658608639,-22.1291986951984
Province Sud,Païta,0006,Mairie,828,551,544,12,Un espoir pour demain,Un espoir pour demain,11,2.0220588235294117,166.361658608639,-22.1291986951984
Province Sud,Païta,0007,Ecole Patrice JEAN 2,830,528,517,1,Un autre monde est possible !,Éveil océanien,222,42.94003868471954,166.356291724406,-22.134484419519
Province Sud,Païta,0007,Ecole Patrice JEAN 2,830,528,517,2,Kanaky pour tous,FLNKS,52,10.058027079303676,166.356291724406,-22.134484419519
Province Sud,Païta,0007,Ecole Patrice JEAN 2,830,528,517,3,"France Calédonie, une patrie",RN-MCFNC,4,0.7736943907156673,166.356291724406,-22.134484419519
Province Sud,Païta,0007,Ecole Patrice JEAN 2,830,528,517,5,Une Province pour tous,DVC-Calédonie ensemble,11,2.127659574468085,166.356291724406,-22.134484419519
Province Sud,Païta,0007,Ecole Patrice JEAN 2,830,528,517,6,Souveraineté Kanaky Nouvelle-Calédonie,SKNC,19,3.6750483558994196,166.356291724406,-22.134484419519
Province Sud,Païta,0007,Ecole Patrice JEAN 2,830,528,517,7,Faire Pays,Faire Pays,9,1.7408123791102514,166.356291724406,-22.134484419519
Province Sud,Païta,0007,Ecole Patrice JEAN 2,830,528,517,8,Pour une Calédonie française,Pour une Calédonie française,5,0.9671179883945842,166.356291724406,-22.134484419519
Province Sud,Païta,0007,Ecole Patrice JEAN 2,830,528,517,9,"Nous, réunis !","Nous, réunis",22,4.25531914893617,166.356291724406,-22.134484419519
Province Sud,Païta,0007,Ecole Patrice JEAN 2,830,528,517,10,Les Loyalistes et Le Rassemblement - Forts et unis,LL-LR,161,31.14119922630561,166.356291724406,-22.134484419519
Province Sud,Païta,0007,Ecole Patrice JEAN 2,830,528,517,11,Unis pour le Pays,UNI,4,0.7736943907156673,166.356291724406,-22.134484419519
Province Sud,Païta,0007,Ecole Patrice JEAN 2,830,528,517,12,Un espoir pour demain,Un espoir pour demain,8,1.5473887814313345,166.356291724406,-22.134484419519
Province Sud,Païta,0008,Ecole Patrice JEAN 3,866,572,558,1,Un autre monde est possible !,Éveil océanien,78,13.978494623655914,166.359353160601,-22.1337644237458
Province Sud,Païta,0008,Ecole Patrice JEAN 3,866,572,558,2,Kanaky pour tous,FLNKS,58,10.394265232974911,166.359353160601,-22.1337644237458
Province Sud,Païta,0008,Ecole Patrice JEAN 3,866,572,558,3,"France Calédonie, une patrie",RN-MCFNC,5,0.8960573476702509,166.359353160601,-22.1337644237458
Province Sud,Païta,0008,Ecole Patrice JEAN 3,866,572,558,5,Une Province pour tous,DVC-Calédonie ensemble,19,3.4050179211469533,166.359353160601,-22.1337644237458
Province Sud,Païta,0008,Ecole Patrice JEAN 3,866,572,558,6,Souveraineté Kanaky Nouvelle-Calédonie,SKNC,6,1.075268817204301,166.359353160601,-22.1337644237458
Province Sud,Païta,0008,Ecole Patrice JEAN 3,866,572,558,7,Faire Pays,Faire Pays,30,5.376344086021505,166.359353160601,-22.1337644237458
Province Sud,Païta,0008,Ecole Patrice JEAN 3,866,572,558,8,Pour une Calédonie française,Pour une Calédonie française,5,0.8960573476702509,166.359353160601,-22.1337644237458
Province Sud,Païta,0008,Ecole Patrice JEAN 3,866,572,558,9,"Nous, réunis !","Nous, réunis",25,4.480286738351254,166.359353160601,-22.1337644237458
Province Sud,Païta,0008,Ecole Patrice JEAN 3,866,572,558,10,Les Loyalistes et Le Rassemblement - Forts et unis,LL-LR,307,55.017921146953405,166.359353160601,-22.1337644237458
Province Sud,Païta,0008,Ecole Patrice JEAN 3,866,572,558,11,Unis pour le Pays,UNI,20,3.5842293906810037,166.359353160601,-22.1337644237458
Province Sud,Païta,0008,Ecole Patrice JEAN 3,866,572,558,12,Un espoir pour demain,Un espoir pour demain,5,0.8960573476702509,166.359353160601,-22.1337644237458
Province Sud,Païta,0009,Dock socio-culturel 2,840,483,470,1,Un autre monde est possible !,Éveil océanien,157,33.40425531914894,166.36989887391,-22.1257398247667
Province Sud,Païta,0009,Dock socio-culturel 2,840,483,470,2,Kanaky pour tous,FLNKS,85,18.085106382978722,166.36989887391,-22.1257398247667
Province Sud,Païta,0009,Dock socio-culturel 2,840,483,470,3,"France Calédonie, une patrie",RN-MCFNC,4,0.851063829787234,166.36989887391,-22.1257398247667
Province Sud,Païta,0009,Dock socio-culturel 2,840,483,470,5,Une Province pour tous,DVC-Calédonie ensemble,26,5.531914893617022,166.36989887391,-22.1257398247667
Province Sud,Païta,0009,Dock socio-culturel 2,840,483,470,6,Souveraineté Kanaky Nouvelle-Calédonie,SKNC,15,3.1914893617021276,166.36989887391,-22.1257398247667
Province Sud,Païta,0009,Dock socio-culturel 2,840,483,470,7,Faire Pays,Faire Pays,29,6.170212765957447,166.36989887391,-22.1257398247667
Province Sud,Païta,0009,Dock socio-culturel 2,840,483,470,8,Pour une Calédonie française,Pour une Calédonie française,3,0.6382978723404256,166.36989887391,-22.1257398247667
Province Sud,Païta,0009,Dock socio-culturel 2,840,483,470,9,"Nous, réunis !","Nous, réunis",18,3.8297872340425534,166.36989887391,-22.1257398247667
Province Sud,Païta,0009,Dock socio-culturel 2,840,483,470,10,Les Loyalistes et Le Rassemblement - Forts et unis,LL-LR,115,24.46808510638298,166.36989887391,-22.1257398247667
Province Sud,Païta,0009,Dock socio-culturel 2,840,483,470,11,Unis pour le Pays,UNI,13,2.765957446808511,166.36989887391,-22.1257398247667
Province Sud,Païta,0009,Dock socio-culturel 2,840,483,470,12,Un espoir pour demain,Un espoir pour demain,5,1.0638297872340425,166.36989887391,-22.1257398247667
Province Sud,Païta,0010,Dock socio-culturel 3,939,555,539,1,Un autre monde est possible !,Éveil océanien,185,34.32282003710575,166.36989887391,-22.1257398247667
Province Sud,Païta,0010,Dock socio-culturel 3,939,555,539,2,Kanaky pour tous,FLNKS,89,16.512059369202227,166.36989887391,-22.1257398247667
Province Sud,Païta,0010,Dock socio-culturel 3,939,555,539,3,"France Calédonie, une patrie",RN-MCFNC,1,0.18552875695732837,166.36989887391,-22.1257398247667
Province Sud,Païta,0010,Dock socio-culturel 3,939,555,539,5,Une Province pour tous,DVC-Calédonie ensemble,10,1.8552875695732838,166.36989887391,-22.1257398247667
Province Sud,Païta,0010,Dock socio-culturel 3,939,555,539,6,Souveraineté Kanaky Nouvelle-Calédonie,SKNC,11,2.0408163265306123,166.36989887391,-22.1257398247667
Province Sud,Païta,0010,Dock socio-culturel 3,939,555,539,7,Faire Pays,Faire Pays,22,4.081632653061225,166.36989887391,-22.1257398247667
Province Sud,Païta,0010,Dock socio-culturel 3,939,555,539,8,Pour une Calédonie française,Pour une Calédonie française,8,1.484230055658627,166.36989887391,-22.1257398247667
Province Sud,Païta,0010,Dock socio-culturel 3,939,555,539,9,"Nous, réunis !","Nous, réunis",36,6.679035250463822,166.36989887391,-22.1257398247667
Province Sud,Païta,0010,Dock socio-culturel 3,939,555,539,10,Les Loyalistes et Le Rassemblement - Forts et unis,LL-LR,151,28.014842300556587,166.36989887391,-22.1257398247667
Province Sud,Païta,0010,Dock socio-culturel 3,939,555,539,11,Unis pour le Pays,UNI,20,3.7105751391465676,166.36989887391,-22.1257398247667
Province Sud,Païta,0010,Dock socio-culturel 3,939,555,539,12,Un espoir pour demain,Un espoir pour demain,6,1.1131725417439704,166.36989887391,-22.1257398247667
Province Sud,Païta,0011,Dock socio-culturel 4,817,568,558,1,Un autre monde est possible !,Éveil océanien,169,30.28673835125448,166.36989887391,-22.1257398247667
Province Sud,Païta,0011,Dock socio-culturel 4,817,568,558,2,Kanaky pour tous,FLNKS,64,11.469534050179211,166.36989887391,-22.1257398247667
Province Sud,Païta,0011,Dock socio-culturel 4,817,568,558,3,"France Calédonie, une patrie",RN-MCFNC,5,0.8960573476702509,166.36989887391,-22.1257398247667
Province Sud,Païta,0011,Dock socio-culturel 4,817,568,558,5,Une Province pour tous,DVC-Calédonie ensemble,18,3.225806451612903,166.36989887391,-22.1257398247667
Province Sud,Païta,0011,Dock socio-culturel 4,817,568,558,6,Souveraineté Kanaky Nouvelle-Calédonie,SKNC,11,1.971326164874552,166.36989887391,-22.1257398247667
Province Sud,Païta,0011,Dock socio-culturel 4,817,568,558,7,Faire Pays,Faire Pays,12,2.150537634408602,166.36989887391,-22.1257398247667
Province Sud,Païta,0011,Dock socio-culturel 4,817,568,558,8,Pour une Calédonie française,Pour une Calédonie française,13,2.3297491039426523,166.36989887391,-22.1257398247667
Province Sud,Païta,0011,Dock socio-culturel 4,817,568,558,9,"Nous, réunis !","Nous, réunis",17,3.046594982078853,166.36989887391,-22.1257398247667
Province Sud,Païta,0011,Dock socio-culturel 4,817,568,558,10,Les Loyalistes et Le Rassemblement - Forts et unis,LL-LR,226,40.50179211469534,166.36989887391,-22.1257398247667
Province Sud,Païta,0011,Dock socio-culturel 4,817,568,558,11,Unis pour le Pays,UNI,16,2.867383512544803,166.36989887391,-22.1257398247667
Province Sud,Païta,0011,Dock socio-culturel 4,817,568,558,12,Un espoir pour demain,Un espoir pour demain,7,1.2544802867383513,166.36989887391,-22.1257398247667
Province Sud,Païta,0012,Dock socio-culturel 5,703,493,482,1,Un autre monde est possible !,Éveil océanien,56,11.618257261410788,166.36989887391,-22.1257398247667
Province Sud,Païta,0012,Dock socio-culturel 5,703,493,482,2,Kanaky pour tous,FLNKS,35,7.261410788381743,166.36989887391,-22.1257398247667
Province Sud,Païta,0012,Dock socio-culturel 5,703,493,482,3,"France Calédonie, une patrie",RN-MCFNC,5,1.037344398340249,166.36989887391,-22.1257398247667
Province Sud,Païta,0012,Dock socio-culturel 5,703,493,482,5,Une Province pour tous,DVC-Calédonie ensemble,10,2.074688796680498,166.36989887391,-22.1257398247667
Province Sud,Païta,0012,Dock socio-culturel 5,703,493,482,6,Souveraineté Kanaky Nouvelle-Calédonie,SKNC,6,1.2448132780082988,166.36989887391,-22.1257398247667
Province Sud,Païta,0012,Dock socio-culturel 5,703,493,482,7,Faire Pays,Faire Pays,26,5.394190871369295,166.36989887391,-22.1257398247667
Province Sud,Païta,0012,Dock socio-culturel 5,703,493,482,8,Pour une Calédonie française,Pour une Calédonie française,16,3.319502074688797,166.36989887391,-22.1257398247667
Province Sud,Païta,0012,Dock socio-culturel 5,703,493,482,9,"Nous, réunis !","Nous, réunis",28,5.809128630705394,166.36989887391,-22.1257398247667
Province Sud,Païta,0012,Dock socio-culturel 5,703,493,482,10,Les Loyalistes et Le Rassemblement - Forts et unis,LL-LR,274,56.84647302904564,166.36989887391,-22.1257398247667
Province Sud,Païta,0012,Dock socio-culturel 5,703,493,482,11,Unis pour le Pays,UNI,20,4.149377593360996,166.36989887391,-22.1257398247667
Province Sud,Païta,0012,Dock socio-culturel 5,703,493,482,12,Un espoir pour demain,Un espoir pour demain,6,1.2448132780082988,166.36989887391,-22.1257398247667
Province Sud,Païta,0013,Ecole Henri Martinet 1,715,447,430,1,Un autre monde est possible !,Éveil océanien,42,9.767441860465116,166.265966445473,-22.0605318544913
Province Sud,Païta,0013,Ecole Henri Martinet 1,715,447,430,2,Kanaky pour tous,FLNKS,52,12.093023255813954,166.265966445473,-22.0605318544913
Province Sud,Païta,0013,Ecole Henri Martinet 1,715,447,430,3,"France Calédonie, une patrie",RN-MCFNC,3,0.6976744186046512,166.265966445473,-22.0605318544913
Province Sud,Païta,0013,Ecole Henri Martinet 1,715,447,430,5,Une Province pour tous,DVC-Calédonie ensemble,26,6.046511627906977,166.265966445473,-22.0605318544913
Province Sud,Païta,0013,Ecole Henri Martinet 1,715,447,430,6,Souveraineté Kanaky Nouvelle-Calédonie,SKNC,10,2.3255813953488373,166.265966445473,-22.0605318544913
Province Sud,Païta,0013,Ecole Henri Martinet 1,715,447,430,7,Faire Pays,Faire Pays,21,4.883720930232558,166.265966445473,-22.0605318544913
Province Sud,Païta,0013,Ecole Henri Martinet 1,715,447,430,8,Pour une Calédonie française,Pour une Calédonie française,9,2.0930232558139537,166.265966445473,-22.0605318544913
Province Sud,Païta,0013,Ecole Henri Martinet 1,715,447,430,9,"Nous, réunis !","Nous, réunis",31,7.209302325581396,166.265966445473,-22.0605318544913
Province Sud,Païta,0013,Ecole Henri Martinet 1,715,447,430,10,Les Loyalistes et Le Rassemblement - Forts et unis,LL-LR,201,46.74418604651163,166.265966445473,-22.0605318544913
Province Sud,Païta,0013,Ecole Henri Martinet 1,715,447,430,11,Unis pour le Pays,UNI,23,5.348837209302325,166.265966445473,-22.0605318544913
Province Sud,Païta,0013,Ecole Henri Martinet 1,715,447,430,12,Un espoir pour demain,Un espoir pour demain,12,2.7906976744186047,166.265966445473,-22.0605318544913
Province Sud,Païta,0014,Ecole Henri Martinet 2,592,400,393,1,Un autre monde est possible !,Éveil océanien,68,17.302798982188296,166.265966445473,-22.0605318544913
Province Sud,Païta,0014,Ecole Henri Martinet 2,592,400,393,2,Kanaky pour tous,FLNKS,187,47.58269720101781,166.265966445473,-22.0605318544913
Province Sud,Païta,0014,Ecole Henri Martinet 2,592,400,393,3,"France Calédonie, une patrie",RN-MCFNC,3,0.7633587786259542,166.265966445473,-22.0605318544913
Province Sud,Païta,0014,Ecole Henri Martinet 2,592,400,393,5,Une Province pour tous,DVC-Calédonie ensemble,13,3.3078880407124682,166.265966445473,-22.0605318544913
Province Sud,Païta,0014,Ecole Henri Martinet 2,592,400,393,6,Souveraineté Kanaky Nouvelle-Calédonie,SKNC,24,6.106870229007634,166.265966445473,-22.0605318544913
Province Sud,Païta,0014,Ecole Henri Martinet 2,592,400,393,7,Faire Pays,Faire Pays,27,6.870229007633588,166.265966445473,-22.0605318544913
Province Sud,Païta,0014,Ecole Henri Martinet 2,592,400,393,8,Pour une Calédonie française,Pour une Calédonie française,1,0.2544529262086514,166.265966445473,-22.0605318544913
Province Sud,Païta,0014,Ecole Henri Martinet 2,592,400,393,9,"Nous, réunis !","Nous, réunis",10,2.544529262086514,166.265966445473,-22.0605318544913
Province Sud,Païta,0014,Ecole Henri Martinet 2,592,400,393,10,Les Loyalistes et Le Rassemblement - Forts et unis,LL-LR,21,5.343511450381679,166.265966445473,-22.0605318544913
Province Sud,Païta,0014,Ecole Henri Martinet 2,592,400,393,11,Unis pour le Pays,UNI,34,8.651399491094148,166.265966445473,-22.0605318544913
Province Sud,Païta,0014,Ecole Henri Martinet 2,592,400,393,12,Un espoir pour demain,Un espoir pour demain,5,1.272264631043257,166.265966445473,-22.0605318544913
Province Sud,Païta,0015,Ecole Henri Martinet 3,667,423,414,1,Un autre monde est possible !,Éveil océanien,64,15.458937198067632,166.22014428712,-22.0130384994051
Province Sud,Païta,0015,Ecole Henri Martinet 3,667,423,414,2,Kanaky pour tous,FLNKS,34,8.21256038647343,166.22014428712,-22.0130384994051
Province Sud,Païta,0015,Ecole Henri Martinet 3,667,423,414,3,"France Calédonie, une patrie",RN-MCFNC,8,1.932367149758454,166.22014428712,-22.0130384994051
Province Sud,Païta,0015,Ecole Henri Martinet 3,667,423,414,5,Une Province pour tous,DVC-Calédonie ensemble,26,6.280193236714976,166.22014428712,-22.0130384994051
Province Sud,Païta,0015,Ecole Henri Martinet 3,667,423,414,6,Souveraineté Kanaky Nouvelle-Calédonie,SKNC,4,0.966183574879227,166.22014428712,-22.0130384994051
Province Sud,Païta,0015,Ecole Henri Martinet 3,667,423,414,7,Faire Pays,Faire Pays,12,2.898550724637681,166.22014428712,-22.0130384994051
Province Sud,Païta,0015,Ecole Henri Martinet 3,667,423,414,8,Pour une Calédonie française,Pour une Calédonie française,10,2.4154589371980677,166.22014428712,-22.0130384994051
Province Sud,Païta,0015,Ecole Henri Martinet 3,667,423,414,9,"Nous, réunis !","Nous, réunis",24,5.797101449275362,166.22014428712,-22.0130384994051
Province Sud,Païta,0015,Ecole Henri Martinet 3,667,423,414,10,Les Loyalistes et Le Rassemblement - Forts et unis,LL-LR,211,50.966183574879224,166.22014428712,-22.0130384994051
Province Sud,Païta,0015,Ecole Henri Martinet 3,667,423,414,11,Unis pour le Pays,UNI,12,2.898550724637681,166.22014428712,-22.0130384994051
Province Sud,Païta,0015,Ecole Henri Martinet 3,667,423,414,12,Un espoir pour demain,Un espoir pour demain,9,2.1739130434782608,166.22014428712,-22.0130384994051
Province Sud,Païta,0016,Ecole Robert ABEL 2,598,473,466,1,Un autre monde est possible !,Éveil océanien,29,6.223175965665236,166.379189029935,-22.1384982889128
Province Sud,Païta,0016,Ecole Robert ABEL 2,598,473,466,2,Kanaky pour tous,FLNKS,10,2.1459227467811157,166.379189029935,-22.1384982889128
Province Sud,Païta,0016,Ecole Robert ABEL 2,598,473,466,3,"France Calédonie, une patrie",RN-MCFNC,4,0.8583690987124464,166.379189029935,-22.1384982889128
Province Sud,Païta,0016,Ecole Robert ABEL 2,598,473,466,5,Une Province pour tous,DVC-Calédonie ensemble,10,2.1459227467811157,166.379189029935,-22.1384982889128
Province Sud,Païta,0016,Ecole Robert ABEL 2,598,473,466,6,Souveraineté Kanaky Nouvelle-Calédonie,SKNC,2,0.4291845493562232,166.379189029935,-22.1384982889128
Province Sud,Païta,0016,Ecole Robert ABEL 2,598,473,466,7,Faire Pays,Faire Pays,13,2.7896995708154506,166.379189029935,-22.1384982889128
Province Sud,Païta,0016,Ecole Robert ABEL 2,598,473,466,8,Pour une Calédonie française,Pour une Calédonie française,4,0.8583690987124464,166.379189029935,-22.1384982889128
Province Sud,Païta,0016,Ecole Robert ABEL 2,598,473,466,9,"Nous, réunis !","Nous, réunis",16,3.4334763948497855,166.379189029935,-22.1384982889128
Province Sud,Païta,0016,Ecole Robert ABEL 2,598,473,466,10,Les Loyalistes et Le Rassemblement - Forts et unis,LL-LR,366,78.54077253218884,166.379189029935,-22.1384982889128
Province Sud,Païta,0016,Ecole Robert ABEL 2,598,473,466,11,Unis pour le Pays,UNI,3,0.6437768240343348,166.379189029935,-22.1384982889128
Province Sud,Païta,0016,Ecole Robert ABEL 2,598,473,466,12,Un espoir pour demain,Un espoir pour demain,9,1.9313304721030042,166.379189029935,-22.1384982889128
Province Sud,Païta,0017,Ecole Robert ABEL 3,993,668,657,1,Un autre monde est possible !,Éveil océanien,163,24.809741248097414,166.379189029935,-22.1384982889128
Province Sud,Païta,0017,Ecole Robert ABEL 3,993,668,657,2,Kanaky pour tous,FLNKS,92,14.003044140030442,166.379189029935,-22.1384982889128
Province Sud,Païta,0017,Ecole Robert ABEL 3,993,668,657,3,"France Calédonie, une patrie",RN-MCFNC,3,0.45662100456621,166.379189029935,-22.1384982889128
Province Sud,Païta,0017,Ecole Robert ABEL 3,993,668,657,5,Une Province pour tous,DVC-Calédonie ensemble,22,3.34855403348554,166.379189029935,-22.1384982889128
Province Sud,Païta,0017,Ecole Robert ABEL 3,993,668,657,6,Souveraineté Kanaky Nouvelle-Calédonie,SKNC,10,1.5220700152207,166.379189029935,-22.1384982889128
Province Sud,Païta,0017,Ecole Robert ABEL 3,993,668,657,7,Faire Pays,Faire Pays,16,2.43531202435312,166.379189029935,-22.1384982889128
Province Sud,Païta,0017,Ecole Robert ABEL 3,993,668,657,8,Pour une Calédonie française,Pour une Calédonie française,6,0.91324200913242,166.379189029935,-22.1384982889128
Province Sud,Païta,0017,Ecole Robert ABEL 3,993,668,657,9,"Nous, réunis !","Nous, réunis",30,4.566210045662101,166.379189029935,-22.1384982889128
Province Sud,Païta,0017,Ecole Robert ABEL 3,993,668,657,10,Les Loyalistes et Le Rassemblement - Forts et unis,LL-LR,296,45.053272450532724,166.379189029935,-22.1384982889128
Province Sud,Païta,0017,Ecole Robert ABEL 3,993,668,657,11,Unis pour le Pays,UNI,9,1.36986301369863,166.379189029935,-22.1384982889128
Province Sud,Païta,0017,Ecole Robert ABEL 3,993,668,657,12,Un espoir pour demain,Un espoir pour demain,10,1.5220700152207,166.379189029935,-22.1384982889128
Province Sud,Païta,0018,Ecole Patrice JEAN 4,1052,689,673,1,Un autre monde est possible !,Éveil océanien,204,30.312035661218424,166.359353160601,-22.1337644237458
Province Sud,Païta,0018,Ecole Patrice JEAN 4,1052,689,673,2,Kanaky pour tous,FLNKS,90,13.37295690936107,166.359353160601,-22.1337644237458
Province Sud,Païta,0018,Ecole Patrice JEAN 4,1052,689,673,3,"France Calédonie, une patrie",RN-MCFNC,10,1.485884101040119,166.359353160601,-22.1337644237458
Province Sud,Païta,0018,Ecole Patrice JEAN 4,1052,689,673,5,Une Province pour tous,DVC-Calédonie ensemble,21,3.1203566121842496,166.359353160601,-22.1337644237458
Province Sud,Païta,0018,Ecole Patrice JEAN 4,1052,689,673,6,Souveraineté Kanaky Nouvelle-Calédonie,SKNC,10,1.485884101040119,166.359353160601,-22.1337644237458
Province Sud,Païta,0018,Ecole Patrice JEAN 4,1052,689,673,7,Faire Pays,Faire Pays,27,4.011887072808321,166.359353160601,-22.1337644237458
Province Sud,Païta,0018,Ecole Patrice JEAN 4,1052,689,673,8,Pour une Calédonie française,Pour une Calédonie française,7,1.0401188707280833,166.359353160601,-22.1337644237458
Province Sud,Païta,0018,Ecole Patrice JEAN 4,1052,689,673,9,"Nous, réunis !","Nous, réunis",33,4.903417533432393,166.359353160601,-22.1337644237458
Province Sud,Païta,0018,Ecole Patrice JEAN 4,1052,689,673,10,Les Loyalistes et Le Rassemblement - Forts et unis,LL-LR,237,35.21545319465082,166.359353160601,-22.1337644237458
Province Sud,Païta,0018,Ecole Patrice JEAN 4,1052,689,673,11,Unis pour le Pays,UNI,23,3.4175334323922733,166.359353160601,-22.1337644237458
Province Sud,Païta,0018,Ecole Patrice JEAN 4,1052,689,673,12,Un espoir pour demain,Un espoir pour demain,11,1.6344725111441307,166.359353160601,-22.1337644237458
Province Sud,Païta,0019,Ecole Henri Martinet 4,562,381,370,1,Un autre monde est possible !,Éveil océanien,31,8.378378378378379,166.265966445473,-22.0605318544913
Province Sud,Païta,0019,Ecole Henri Martinet 4,562,381,370,2,Kanaky pour tous,FLNKS,24,6.486486486486487,166.265966445473,-22.0605318544913
Province Sud,Païta,0019,Ecole Henri Martinet 4,562,381,370,3,"France Calédonie, une patrie",RN-MCFNC,13,3.5135135135135136,166.265966445473,-22.0605318544913
Province Sud,Païta,0019,Ecole Henri Martinet 4,562,381,370,5,Une Province pour tous,DVC-Calédonie ensemble,13,3.5135135135135136,166.265966445473,-22.0605318544913
Province Sud,Païta,0019,Ecole Henri Martinet 4,562,381,370,6,Souveraineté Kanaky Nouvelle-Calédonie,SKNC,9,2.4324324324324325,166.265966445473,-22.0605318544913
Province Sud,Païta,0019,Ecole Henri Martinet 4,562,381,370,7,Faire Pays,Faire Pays,24,6.486486486486487,166.265966445473,-22.0605318544913
Province Sud,Païta,0019,Ecole Henri Martinet 4,562,381,370,8,Pour une Calédonie française,Pour une Calédonie française,4,1.0810810810810811,166.265966445473,-22.0605318544913
Province Sud,Païta,0019,Ecole Henri Martinet 4,562,381,370,9,"Nous, réunis !","Nous, réunis",16,4.324324324324325,166.265966445473,-22.0605318544913
Province Sud,Païta,0019,Ecole Henri Martinet 4,562,381,370,10,Les Loyalistes et Le Rassemblement - Forts et unis,LL-LR,226,61.08108108108108,166.265966445473,-22.0605318544913
Province Sud,Païta,0019,Ecole Henri Martinet 4,562,381,370,11,Unis pour le Pays,UNI,2,0.5405405405405406,166.265966445473,-22.0605318544913
Province Sud,Païta,0019,Ecole Henri Martinet 4,562,381,370,12,Un espoir pour demain,Un espoir pour demain,8,2.1621621621621623,166.265966445473,-22.0605318544913
Province Sud,Poya Sud,0005,Maison commune de Moindah,202,163,162,1,Un autre monde est possible !,Éveil océanien,1,0.6172839506172839,165.2454695470807,-21.4084575263513
Province Sud,Poya Sud,0005,Maison commune de Moindah,202,163,162,2,Kanaky pour tous,FLNKS,2,1.2345679012345678,165.2454695470807,-21.4084575263513
Province Sud,Poya Sud,0005,Maison commune de Moindah,202,163,162,3,"France Calédonie, une patrie",RN-MCFNC,7,4.320987654320987,165.2454695470807,-21.4084575263513
Province Sud,Poya Sud,0005,Maison commune de Moindah,202,163,162,5,Une Province pour tous,DVC-Calédonie ensemble,5,3.0864197530864197,165.2454695470807,-21.4084575263513
Province Sud,Poya Sud,0005,Maison commune de Moindah,202,163,162,6,Souveraineté Kanaky Nouvelle-Calédonie,SKNC,2,1.2345679012345678,165.2454695470807,-21.4084575263513
Province Sud,Poya Sud,0005,Maison commune de Moindah,202,163,162,7,Faire Pays,Faire Pays,3,1.8518518518518519,165.2454695470807,-21.4084575263513
Province Sud,Poya Sud,0005,Maison commune de Moindah,202,163,162,8,Pour une Calédonie française,Pour une Calédonie française,0,0,165.2454695470807,-21.4084575263513
Province Sud,Poya Sud,0005,Maison commune de Moindah,202,163,162,9,"Nous, réunis !","Nous, réunis",5,3.0864197530864197,165.2454695470807,-21.4084575263513
Province Sud,Poya Sud,0005,Maison commune de Moindah,202,163,162,10,Les Loyalistes et Le Rassemblement - Forts et unis,LL-LR,134,82.71604938271605,165.2454695470807,-21.4084575263513
Province Sud,Poya Sud,0005,Maison commune de Moindah,202,163,162,11,Unis pour le Pays,UNI,2,1.2345679012345678,165.2454695470807,-21.4084575263513
Province Sud,Poya Sud,0005,Maison commune de Moindah,202,163,162,12,Un espoir pour demain,Un espoir pour demain,1,0.6172839506172839,165.2454695470807,-21.4084575263513
Province Sud,Sarraméa,0001,Mairie,533,364,356,1,Un autre monde est possible !,Éveil océanien,19,5.337078651685394,165.85386596919105,-21.642344787633757
Province Sud,Sarraméa,0001,Mairie,533,364,356,2,Kanaky pour tous,FLNKS,179,50.28089887640449,165.85386596919105,-21.642344787633757
Province Sud,Sarraméa,0001,Mairie,533,364,356,3,"France Calédonie, une patrie",RN-MCFNC,0,0,165.85386596919105,-21.642344787633757
Province Sud,Sarraméa,0001,Mairie,533,364,356,5,Une Province pour tous,DVC-Calédonie ensemble,25,7.022471910112359,165.85386596919105,-21.642344787633757
Province Sud,Sarraméa,0001,Mairie,533,364,356,6,Souveraineté Kanaky Nouvelle-Calédonie,SKNC,10,2.808988764044944,165.85386596919105,-21.642344787633757
Province Sud,Sarraméa,0001,Mairie,533,364,356,7,Faire Pays,Faire Pays,19,5.337078651685394,165.85386596919105,-21.642344787633757
Province Sud,Sarraméa,0001,Mairie,533,364,356,8,Pour une Calédonie française,Pour une Calédonie française,5,1.404494382022472,165.85386596919105,-21.642344787633757
Province Sud,Sarraméa,0001,Mairie,533,364,356,9,"Nous, réunis !","Nous, réunis",20,5.617977528089888,165.85386596919105,-21.642344787633757
Province Sud,Sarraméa,0001,Mairie,533,364,356,10,Les Loyalistes et Le Rassemblement - Forts et unis,LL-LR,31,8.707865168539326,165.85386596919105,-21.642344787633757
Province Sud,Sarraméa,0001,Mairie,533,364,356,11,Unis pour le Pays,UNI,45,12.640449438202246,165.85386596919105,-21.642344787633757
Province Sud,Sarraméa,0001,Mairie,533,364,356,12,Un espoir pour demain,Un espoir pour demain,3,0.8426966292134831,165.85386596919105,-21.642344787633757
Province Sud,Thio,0001,Mairie,870,574,564,1,Un autre monde est possible !,Éveil océanien,152,26.95035460992908,166.21553174553168,-21.610374938390603
Province Sud,Thio,0001,Mairie,870,574,564,2,Kanaky pour tous,FLNKS,185,32.801418439716315,166.21553174553168,-21.610374938390603
Province Sud,Thio,0001,Mairie,870,574,564,3,"France Calédonie, une patrie",RN-MCFNC,3,0.5319148936170213,166.21553174553168,-21.610374938390603
Province Sud,Thio,0001,Mairie,870,574,564,5,Une Province pour tous,DVC-Calédonie ensemble,7,1.2411347517730495,166.21553174553168,-21.610374938390603
Province Sud,Thio,0001,Mairie,870,574,564,6,Souveraineté Kanaky Nouvelle-Calédonie,SKNC,11,1.950354609929078,166.21553174553168,-21.610374938390603
Province Sud,Thio,0001,Mairie,870,574,564,7,Faire Pays,Faire Pays,12,2.127659574468085,166.21553174553168,-21.610374938390603
Province Sud,Thio,0001,Mairie,870,574,564,8,Pour une Calédonie française,Pour une Calédonie française,0,0,166.21553174553168,-21.610374938390603
Province Sud,Thio,0001,Mairie,870,574,564,9,"Nous, réunis !","Nous, réunis",6,1.0638297872340425,166.21553174553168,-21.610374938390603
Province Sud,Thio,0001,Mairie,870,574,564,10,Les Loyalistes et Le Rassemblement - Forts et unis,LL-LR,50,8.865248226950355,166.21553174553168,-21.610374938390603
Province Sud,Thio,0001,Mairie,870,574,564,11,Unis pour le Pays,UNI,134,23.75886524822695,166.21553174553168,-21.610374938390603
Province Sud,Thio,0001,Mairie,870,574,564,12,Un espoir pour demain,Un espoir pour demain,4,0.7092198581560284,166.21553174553168,-21.610374938390603
Province Sud,Thio,0002,Mairie (annexe),615,374,373,1,Un autre monde est possible !,Éveil océanien,60,16.0857908847185,166.21553174553168,-21.610374938390603
Province Sud,Thio,0002,Mairie (annexe),615,374,373,2,Kanaky pour tous,FLNKS,165,44.23592493297587,166.21553174553168,-21.610374938390603
Province Sud,Thio,0002,Mairie (annexe),615,374,373,3,"France Calédonie, une patrie",RN-MCFNC,0,0,166.21553174553168,-21.610374938390603
Province Sud,Thio,0002,Mairie (annexe),615,374,373,5,Une Province pour tous,DVC-Calédonie ensemble,4,1.0723860589812333,166.21553174553168,-21.610374938390603
Province Sud,Thio,0002,Mairie (annexe),615,374,373,6,Souveraineté Kanaky Nouvelle-Calédonie,SKNC,11,2.9490616621983916,166.21553174553168,-21.610374938390603
Province Sud,Thio,0002,Mairie (annexe),615,374,373,7,Faire Pays,Faire Pays,13,3.485254691689008,166.21553174553168,-21.610374938390603
Province Sud,Thio,0002,Mairie (annexe),615,374,373,8,Pour une Calédonie française,Pour une Calédonie française,1,0.2680965147453083,166.21553174553168,-21.610374938390603
Province Sud,Thio,0002,Mairie (annexe),615,374,373,9,"Nous, réunis !","Nous, réunis",3,0.8042895442359249,166.21553174553168,-21.610374938390603
Province Sud,Thio,0002,Mairie (annexe),615,374,373,10,Les Loyalistes et Le Rassemblement - Forts et unis,LL-LR,0,0,166.21553174553168,-21.610374938390603
Province Sud,Thio,0002,Mairie (annexe),615,374,373,11,Unis pour le Pays,UNI,111,29.758713136729224,166.21553174553168,-21.610374938390603
Province Sud,Thio,0002,Mairie (annexe),615,374,373,12,Un espoir pour demain,Un espoir pour demain,5,1.3404825737265416,166.21553174553168,-21.610374938390603
Province Sud,Thio,0003,Grand Borendy,312,194,191,1,Un autre monde est possible !,Éveil océanien,23,12.041884816753926,166.45075740277505,-21.738718340168145
Province Sud,Thio,0003,Grand Borendy,312,194,191,2,Kanaky pour tous,FLNKS,82,42.931937172774866,166.45075740277505,-21.738718340168145
Province Sud,Thio,0003,Grand Borendy,312,194,191,3,"France Calédonie, une patrie",RN-MCFNC,0,0,166.45075740277505,-21.738718340168145
Province Sud,Thio,0003,Grand Borendy,312,194,191,5,Une Province pour tous,DVC-Calédonie ensemble,3,1.5706806282722514,166.45075740277505,-21.738718340168145
Province Sud,Thio,0003,Grand Borendy,312,194,191,6,Souveraineté Kanaky Nouvelle-Calédonie,SKNC,8,4.18848167539267,166.45075740277505,-21.738718340168145
Province Sud,Thio,0003,Grand Borendy,312,194,191,7,Faire Pays,Faire Pays,1,0.5235602094240838,166.45075740277505,-21.738718340168145
Province Sud,Thio,0003,Grand Borendy,312,194,191,8,Pour une Calédonie française,Pour une Calédonie française,0,0,166.45075740277505,-21.738718340168145
Province Sud,Thio,0003,Grand Borendy,312,194,191,9,"Nous, réunis !","Nous, réunis",2,1.0471204188481675,166.45075740277505,-21.738718340168145
Province Sud,Thio,0003,Grand Borendy,312,194,191,10,Les Loyalistes et Le Rassemblement - Forts et unis,LL-LR,0,0,166.45075740277505,-21.738718340168145
Province Sud,Thio,0003,Grand Borendy,312,194,191,11,Unis pour le Pays,UNI,72,37.696335078534034,166.45075740277505,-21.738718340168145
Province Sud,Thio,0003,Grand Borendy,312,194,191,12,Un espoir pour demain,Un espoir pour demain,0,0,166.45075740277505,-21.738718340168145
Province Sud,Thio,0004,Saint-Pierre,481,289,287,1,Un autre monde est possible !,Éveil océanien,36,12.543554006968641,166.14983539215794,-21.67410856554519
Province Sud,Thio,0004,Saint-Pierre,481,289,287,2,Kanaky pour tous,FLNKS,157,54.70383275261324,166.14983539215794,-21.67410856554519
Province Sud,Thio,0004,Saint-Pierre,481,289,287,3,"France Calédonie, une patrie",RN-MCFNC,0,0,166.14983539215794,-21.67410856554519
Province Sud,Thio,0004,Saint-Pierre,481,289,287,5,Une Province pour tous,DVC-Calédonie ensemble,5,1.7421602787456445,166.14983539215794,-21.67410856554519
Province Sud,Thio,0004,Saint-Pierre,481,289,287,6,Souveraineté Kanaky Nouvelle-Calédonie,SKNC,7,2.4390243902439024,166.14983539215794,-21.67410856554519
Province Sud,Thio,0004,Saint-Pierre,481,289,287,7,Faire Pays,Faire Pays,7,2.4390243902439024,166.14983539215794,-21.67410856554519
Province Sud,Thio,0004,Saint-Pierre,481,289,287,8,Pour une Calédonie française,Pour une Calédonie française,0,0,166.14983539215794,-21.67410856554519
Province Sud,Thio,0004,Saint-Pierre,481,289,287,9,"Nous, réunis !","Nous, réunis",1,0.34843205574912894,166.14983539215794,-21.67410856554519
Province Sud,Thio,0004,Saint-Pierre,481,289,287,10,Les Loyalistes et Le Rassemblement - Forts et unis,LL-LR,2,0.6968641114982579,166.14983539215794,-21.67410856554519
Province Sud,Thio,0004,Saint-Pierre,481,289,287,11,Unis pour le Pays,UNI,72,25.087108013937282,166.14983539215794,-21.67410856554519
Province Sud,Thio,0004,Saint-Pierre,481,289,287,12,Un espoir pour demain,Un espoir pour demain,0,0,166.14983539215794,-21.67410856554519
Province Sud,Yaté,0001,Mairie,303,211,209,1,Un autre monde est possible !,Éveil océanien,17,8.133971291866029,166.94326054599946,-22.16058963447543
Province Sud,Yaté,0001,Mairie,303,211,209,2,Kanaky pour tous,FLNKS,143,68.42105263157895,166.94326054599946,-22.16058963447543
Province Sud,Yaté,0001,Mairie,303,211,209,3,"France Calédonie, une patrie",RN-MCFNC,0,0,166.94326054599946,-22.16058963447543
Province Sud,Yaté,0001,Mairie,303,211,209,5,Une Province pour tous,DVC-Calédonie ensemble,2,0.9569377990430622,166.94326054599946,-22.16058963447543
Province Sud,Yaté,0001,Mairie,303,211,209,6,Souveraineté Kanaky Nouvelle-Calédonie,SKNC,0,0,166.94326054599946,-22.16058963447543
Province Sud,Yaté,0001,Mairie,303,211,209,7,Faire Pays,Faire Pays,11,5.2631578947368425,166.94326054599946,-22.16058963447543
Province Sud,Yaté,0001,Mairie,303,211,209,8,Pour une Calédonie française,Pour une Calédonie française,0,0,166.94326054599946,-22.16058963447543
Province Sud,Yaté,0001,Mairie,303,211,209,9,"Nous, réunis !","Nous, réunis",0,0,166.94326054599946,-22.16058963447543
Province Sud,Yaté,0001,Mairie,303,211,209,10,Les Loyalistes et Le Rassemblement - Forts et unis,LL-LR,5,2.3923444976076556,166.94326054599946,-22.16058963447543
Province Sud,Yaté,0001,Mairie,303,211,209,11,Unis pour le Pays,UNI,30,14.354066985645932,166.94326054599946,-22.16058963447543
Province Sud,Yaté,0001,Mairie,303,211,209,12,Un espoir pour demain,Un espoir pour demain,1,0.4784688995215311,166.94326054599946,-22.16058963447543
Province Sud,Yaté,0002,Mairie (Waho central),484,347,347,1,Un autre monde est possible !,Éveil océanien,8,2.3054755043227666,166.97497872151834,-22.190244269832505
Province Sud,Yaté,0002,Mairie (Waho central),484,347,347,2,Kanaky pour tous,FLNKS,226,65.12968299711815,166.97497872151834,-22.190244269832505
Province Sud,Yaté,0002,Mairie (Waho central),484,347,347,3,"France Calédonie, une patrie",RN-MCFNC,0,0,166.97497872151834,-22.190244269832505
Province Sud,Yaté,0002,Mairie (Waho central),484,347,347,5,Une Province pour tous,DVC-Calédonie ensemble,2,0.57636887608069165,166.97497872151834,-22.190244269832505
Province Sud,Yaté,0002,Mairie (Waho central),484,347,347,6,Souveraineté Kanaky Nouvelle-Calédonie,SKNC,1,0.2881844380403458,166.97497872151834,-22.190244269832505
Province Sud,Yaté,0002,Mairie (Waho central),484,347,347,7,Faire Pays,Faire Pays,4,1.1527377521613833,166.97497872151834,-22.190244269832505
Province Sud,Yaté,0002,Mairie (Waho central),484,347,347,8,Pour une Calédonie française,Pour une Calédonie française,0,0,166.97497872151834,-22.190244269832505
Province Sud,Yaté,0002,Mairie (Waho central),484,347,347,9,"Nous, réunis !","Nous, réunis",1,0.2881844380403458,166.97497872151834,-22.190244269832505
Province Sud,Yaté,0002,Mairie (Waho central),484,347,347,10,Les Loyalistes et Le Rassemblement - Forts et unis,LL-LR,2,0.57636887608069165,166.97497872151834,-22.190244269832505
Province Sud,Yaté,0002,Mairie (Waho central),484,347,347,11,Unis pour le Pays,UNI,103,29.68299711815562,166.97497872151834,-22.190244269832505
Province Sud,Yaté,0002,Mairie (Waho central),484,347,347,12,Un espoir pour demain,Un espoir pour demain,0,0,166.97497872151834,-22.190244269832505
Province Sud,Yaté,0003,Goro,242,165,165,1,Un autre monde est possible !,Éveil océanien,2,1.2121212121212122,167.0163659290303,-22.286011229502463
Province Sud,Yaté,0003,Goro,242,165,165,2,Kanaky pour tous,FLNKS,106,64.24242424242425,167.0163659290303,-22.286011229502463
Province Sud,Yaté,0003,Goro,242,165,165,3,"France Calédonie, une patrie",RN-MCFNC,0,0,167.0163659290303,-22.286011229502463
Province Sud,Yaté,0003,Goro,242,165,165,5,Une Province pour tous,DVC-Calédonie ensemble,11,6.666666666666667,167.0163659290303,-22.286011229502463
Province Sud,Yaté,0003,Goro,242,165,165,6,Souveraineté Kanaky Nouvelle-Calédonie,SKNC,4,2.4242424242424243,167.0163659290303,-22.286011229502463
Province Sud,Yaté,0003,Goro,242,165,165,7,Faire Pays,Faire Pays,12,7.2727272727272725,167.0163659290303,-22.286011229502463
Province Sud,Yaté,0003,Goro,242,165,165,8,Pour une Calédonie française,Pour une Calédonie française,0,0,167.0163659290303,-22.286011229502463
Province Sud,Yaté,0003,Goro,242,165,165,9,"Nous, réunis !","Nous, réunis",2,1.2121212121212122,167.0163659290303,-22.286011229502463
Province Sud,Yaté,0003,Goro,242,165,165,10,Les Loyalistes et Le Rassemblement - Forts et unis,LL-LR,3,1.8181818181818181,167.0163659290303,-22.286011229502463
Province Sud,Yaté,0003,Goro,242,165,165,11,Unis pour le Pays,UNI,22,13.333333333333334,167.0163659290303,-22.286011229502463
Province Sud,Yaté,0003,Goro,242,165,165,12,Un espoir pour demain,Un espoir pour demain,3,1.8181818181818181,167.0163659290303,-22.286011229502463
Province Sud,Yaté,0004,Unia,793,585,581,1,Un autre monde est possible !,Éveil océanien,49,8.433734939759036,166.89998901288348,-22.06107261844911
Province Sud,Yaté,0004,Unia,793,585,581,2,Kanaky pour tous,FLNKS,323,55.593803786574874,166.89998901288348,-22.06107261844911
Province Sud,Yaté,0004,Unia,793,585,581,3,"France Calédonie, une patrie",RN-MCFNC,0,0,166.89998901288348,-22.06107261844911
Province Sud,Yaté,0004,Unia,793,585,581,5,Une Province pour tous,DVC-Calédonie ensemble,1,0.1721170395869191,166.89998901288348,-22.06107261844911
Province Sud,Yaté,0004,Unia,793,585,581,6,Souveraineté Kanaky Nouvelle-Calédonie,SKNC,4,0.6884681583476764,166.89998901288348,-22.06107261844911
Province Sud,Yaté,0004,Unia,793,585,581,7,Faire Pays,Faire Pays,11,1.8932874354561102,166.89998901288348,-22.06107261844911
Province Sud,Yaté,0004,Unia,793,585,581,8,Pour une Calédonie française,Pour une Calédonie française,1,0.1721170395869191,166.89998901288348,-22.06107261844911
Province Sud,Yaté,0004,Unia,793,585,581,9,"Nous, réunis !","Nous, réunis",7,1.2048192771084338,166.89998901288348,-22.06107261844911
Province Sud,Yaté,0004,Unia,793,585,581,10,Les Loyalistes et Le Rassemblement - Forts et unis,LL-LR,2,0.3442340791738382,166.89998901288348,-22.06107261844911
Province Sud,Yaté,0004,Unia,793,585,581,11,Unis pour le Pays,UNI,182,31.325301204819276,166.89998901288348,-22.06107261844911
Province Sud,Yaté,0004,Unia,793,585,581,12,Un espoir pour demain,Un espoir pour demain,1,0.1721170395869191,166.89998901288348,-22.06107261844911
Province Nord,Bélep,0001,Mairie,941,417,417,1,Agissons ensemble pour le Nord,LL-LR Nord,0,0,163.6480110596638,-19.71203277091468
Province Nord,Bélep,0001,Mairie,941,417,417,2,Alternative Nord pour un pays souverain,Alternative Nord,8,1.9184652278177459,163.6480110596638,-19.71203277091468
Province Nord,Bélep,0001,Mairie,941,417,417,3,UC-FLNKS,UC-FLNKS,266,63.78896882494005,163.6480110596638,-19.71203277091468
Province Nord,Bélep,0001,Mairie,941,417,417,4,Faire Pays,Faire Pays,6,1.4388489208633093,163.6480110596638,-19.71203277091468
Province Nord,Bélep,0001,Mairie,941,417,417,5,Union nationale pour l'indépendance,UNI,137,32.853717026378895,163.6480110596638,-19.71203277091468
Province Nord,Canala,0001,Mairie,402,265,263,1,Agissons ensemble pour le Nord,LL-LR Nord,5,1.9011406844106464,165.96392757417755,-21.522084905801098
Province Nord,Canala,0001,Mairie,402,265,263,2,Alternative Nord pour un pays souverain,Alternative Nord,8,3.041825095057034,165.96392757417755,-21.522084905801098
Province Nord,Canala,0001,Mairie,402,265,263,3,UC-FLNKS,UC-FLNKS,130,49.42965779467681,165.96392757417755,-21.522084905801098
Province Nord,Canala,0001,Mairie,402,265,263,4,Faire Pays,Faire Pays,12,4.562737642585551,165.96392757417755,-21.522084905801098
Province Nord,Canala,0001,Mairie,402,265,263,5,Union nationale pour l'indépendance,UNI,108,41.06463878326996,165.96392757417755,-21.522084905801098
Province Nord,Canala,0002,Nakéty (Marie annexe),510,347,344,1,Agissons ensemble pour le Nord,LL-LR Nord,1,0.29069767441860467,166.04631481753384,-21.54222544058342
Province Nord,Canala,0002,Nakéty (Marie annexe),510,347,344,2,Alternative Nord pour un pays souverain,Alternative Nord,8,2.3255813953488373,166.04631481753384,-21.54222544058342
Province Nord,Canala,0002,Nakéty (Marie annexe),510,347,344,3,UC-FLNKS,UC-FLNKS,139,40.406976744186046,166.04631481753384,-21.54222544058342
Province Nord,Canala,0002,Nakéty (Marie annexe),510,347,344,4,Faire Pays,Faire Pays,17,4.941860465116279,166.04631481753384,-21.54222544058342
Province Nord,Canala,0002,Nakéty (Marie annexe),510,347,344,5,Union nationale pour l'indépendance,UNI,179,52.03488372093023,166.04631481753384,-21.54222544058342
Province Nord,Canala,0003,Nanon - Kénérou (maison commune),463,293,287,1,Agissons ensemble pour le Nord,LL-LR Nord,0,0,165.88480729759476,-21.546697208816735
Province Nord,Canala,0003,Nanon - Kénérou (maison commune),463,293,287,2,Alternative Nord pour un pays souverain,Alternative Nord,0,0,165.88480729759476,-21.546697208816735
Province Nord,Canala,0003,Nanon - Kénérou (maison commune),463,293,287,3,UC-FLNKS,UC-FLNKS,156,54.35540069686411,165.88480729759476,-21.546697208816735
Province Nord,Canala,0003,Nanon - Kénérou (maison commune),463,293,287,4,Faire Pays,Faire Pays,2,0.6968641114982579,165.88480729759476,-21.546697208816735
Province Nord,Canala,0003,Nanon - Kénérou (maison commune),463,293,287,5,Union nationale pour l'indépendance,UNI,129,44.94773519163763,165.88480729759476,-21.546697208816735
Province Nord,Canala,0004,Méhoué (maison commune de Méhoué),820,589,582,1,Agissons ensemble pour le Nord,LL-LR Nord,11,1.8900343642611683,165.9494172177474,-21.51958486452521
Province Nord,Canala,0004,Méhoué (maison commune de Méhoué),820,589,582,2,Alternative Nord pour un pays souverain,Alternative Nord,15,2.577319587628866,165.9494172177474,-21.51958486452521
Province Nord,Canala,0004,Méhoué (maison commune de Méhoué),820,589,582,3,UC-FLNKS,UC-FLNKS,381,65.4639175257732,165.9494172177474,-21.51958486452521
Province Nord,Canala,0004,Méhoué (maison commune de Méhoué),820,589,582,4,Faire Pays,Faire Pays,31,5.326460481099656,165.9494172177474,-21.51958486452521
Province Nord,Canala,0004,Méhoué (maison commune de Méhoué),820,589,582,5,Union nationale pour l'indépendance,UNI,144,24.742268041237114,165.9494172177474,-21.51958486452521
Province Nord,Canala,0005,Gélima (maison commune),752,528,521,1,Agissons ensemble pour le Nord,LL-LR Nord,15,2.8790786948176583,165.98151543430086,-21.534392845846163
Province Nord,Canala,0005,Gélima (maison commune),752,528,521,2,Alternative Nord pour un pays souverain,Alternative Nord,14,2.6871401151631478,165.98151543430086,-21.534392845846163
Province Nord,Canala,0005,Gélima (maison commune),752,528,521,3,UC-FLNKS,UC-FLNKS,314,60.268714011516316,165.98151543430086,-21.534392845846163
Province Nord,Canala,0005,Gélima (maison commune),752,528,521,4,Faire Pays,Faire Pays,9,1.727447216890595,165.98151543430086,-21.534392845846163
Province Nord,Canala,0005,Gélima (maison commune),752,528,521,5,Union nationale pour l'indépendance,UNI,169,32.437619961612285,165.98151543430086,-21.534392845846163
Province Nord,Canala,0006,Mérénémé (maison commune),317,193,189,1,Agissons ensemble pour le Nord,LL-LR Nord,1,0.5291005291005291,165.92818615112122,-21.514857403632252
Province Nord,Canala,0006,Mérénémé (maison commune),317,193,189,2,Alternative Nord pour un pays souverain,Alternative Nord,5,2.6455026455026456,165.92818615112122,-21.514857403632252
Province Nord,Canala,0006,Mérénémé (maison commune),317,193,189,3,UC-FLNKS,UC-FLNKS,119,62.96296296296296,165.92818615112122,-21.514857403632252
Province Nord,Canala,0006,Mérénémé (maison commune),317,193,189,4,Faire Pays,Faire Pays,13,6.878306878306878,165.92818615112122,-21.514857403632252
Province Nord,Canala,0006,Mérénémé (maison commune),317,193,189,5,Union nationale pour l'indépendance,UNI,51,26.984126984126984,165.92818615112122,-21.514857403632252
Province Nord,Canala,0007,Tenda Koumendi (école de Ného situé à la tribu de tenda-Koumendi),345,212,210,1,Agissons ensemble pour le Nord,LL-LR Nord,2,0.9523809523809523,166.03563428874068,-21.545648677139223
Province Nord,Canala,0007,Tenda Koumendi (école de Ného situé à la tribu de tenda-Koumendi),345,212,210,2,Alternative Nord pour un pays souverain,Alternative Nord,10,4.761904761904762,166.03563428874068,-21.545648677139223
Province Nord,Canala,0007,Tenda Koumendi (école de Ného situé à la tribu de tenda-Koumendi),345,212,210,3,UC-FLNKS,UC-FLNKS,86,40.95238095238095,166.03563428874068,-21.545648677139223
Province Nord,Canala,0007,Tenda Koumendi (école de Ného situé à la tribu de tenda-Koumendi),345,212,210,4,Faire Pays,Faire Pays,12,5.714285714285714,166.03563428874068,-21.545648677139223
Province Nord,Canala,0007,Tenda Koumendi (école de Ného situé à la tribu de tenda-Koumendi),345,212,210,5,Union nationale pour l'indépendance,UNI,100,47.61904761904762,166.03563428874068,-21.545648677139223
Province Nord,Hienghène,0001,Mairie,574,327,327,1,Agissons ensemble pour le Nord,LL-LR Nord,7,2.140672782874618,164.94565765433836,-20.688834938182335
Province Nord,Hienghène,0001,Mairie,574,327,327,2,Alternative Nord pour un pays souverain,Alternative Nord,5,1.529051987767584,164.94565765433836,-20.688834938182335
Province Nord,Hienghène,0001,Mairie,574,327,327,3,UC-FLNKS,UC-FLNKS,269,82.26299694189602,164.94565765433836,-20.688834938182335
Province Nord,Hienghène,0001,Mairie,574,327,327,4,Faire Pays,Faire Pays,8,2.4464831804281344,164.94565765433836,-20.688834938182335
Province Nord,Hienghène,0001,Mairie,574,327,327,5,Union nationale pour l'indépendance,UNI,38,11.62079510703364,164.94565765433836,-20.688834938182335
Province Nord,Hienghène,0002,Tendo,228,129,128,1,Agissons ensemble pour le Nord,LL-LR Nord,6,4.6875,164.8162801367713,-20.71273259336387
Province Nord,Hienghène,0002,Tendo,228,129,128,2,Alternative Nord pour un pays souverain,Alternative Nord,6,4.6875,164.8162801367713,-20.71273259336387
Province Nord,Hienghène,0002,Tendo,228,129,128,3,UC-FLNKS,UC-FLNKS,72,56.25,164.8162801367713,-20.71273259336387
Province Nord,Hienghène,0002,Tendo,228,129,128,4,Faire Pays,Faire Pays,4,3.125,164.8162801367713,-20.71273259336387
Province Nord,Hienghène,0002,Tendo,228,129,128,5,Union nationale pour l'indépendance,UNI,40,31.25,164.8162801367713,-20.71273259336387
Province Nord,Hienghène,0003,Bas-Coulna,116,78,77,1,Agissons ensemble pour le Nord,LL-LR Nord,2,2.5974025974025974,164.78261362354763,-20.687835024386533
Province Nord,Hienghène,0003,Bas-Coulna,116,78,77,2,Alternative Nord pour un pays souverain,Alternative Nord,2,2.5974025974025974,164.78261362354763,-20.687835024386533
Province Nord,Hienghène,0003,Bas-Coulna,116,78,77,3,UC-FLNKS,UC-FLNKS,46,59.74025974025974,164.78261362354763,-20.687835024386533
Province Nord,Hienghène,0003,Bas-Coulna,116,78,77,4,Faire Pays,Faire Pays,0,0,164.78261362354763,-20.687835024386533
Province Nord,Hienghène,0003,Bas-Coulna,116,78,77,5,Union nationale pour l'indépendance,UNI,27,35.064935064935064,164.78261362354763,-20.687835024386533
Province Nord,Hienghène,0004,Haut-Coulna,99,52,52,1,Agissons ensemble pour le Nord,LL-LR Nord,0,0,164.7358564404401,-20.63480876362534
Province Nord,Hienghène,0004,Haut-Coulna,99,52,52,2,Alternative Nord pour un pays souverain,Alternative Nord,1,1.9230769230769231,164.7358564404401,-20.63480876362534
Province Nord,Hienghène,0004,Haut-Coulna,99,52,52,3,UC-FLNKS,UC-FLNKS,39,75,164.7358564404401,-20.63480876362534
Province Nord,Hienghène,0004,Haut-Coulna,99,52,52,4,Faire Pays,Faire Pays,0,0,164.7358564404401,-20.63480876362534
Province Nord,Hienghène,0004,Haut-Coulna,99,52,52,5,Union nationale pour l'indépendance,UNI,12,23.076923076923077,164.7358564404401,-20.63480876362534
Province Nord,Hienghène,0005,Ouayaguette,188,108,108,1,Agissons ensemble pour le Nord,LL-LR Nord,7,6.481481481481482,164.6835205195477,-20.659220188803257
Province Nord,Hienghène,0005,Ouayaguette,188,108,108,2,Alternative Nord pour un pays souverain,Alternative Nord,2,1.8518518518518519,164.6835205195477,-20.659220188803257
Province Nord,Hienghène,0005,Ouayaguette,188,108,108,3,UC-FLNKS,UC-FLNKS,75,69.44444444444444,164.6835205195477,-20.659220188803257
Province Nord,Hienghène,0005,Ouayaguette,188,108,108,4,Faire Pays,Faire Pays,2,1.8518518518518519,164.6835205195477,-20.659220188803257
Province Nord,Hienghène,0005,Ouayaguette,188,108,108,5,Union nationale pour l'indépendance,UNI,22,20.37037037037037,164.6835205195477,-20.659220188803257
Province Nord,Hienghène,0006,Ouaième,206,122,121,1,Agissons ensemble pour le Nord,LL-LR Nord,1,0.8264462809917356,164.84911233352278,-20.61488125992091
Province Nord,Hienghène,0006,Ouaième,206,122,121,2,Alternative Nord pour un pays souverain,Alternative Nord,4,3.3057851239669422,164.84911233352278,-20.61488125992091
Province Nord,Hienghène,0006,Ouaième,206,122,121,3,UC-FLNKS,UC-FLNKS,91,75.20661157024793,164.84911233352278,-20.61488125992091
Province Nord,Hienghène,0006,Ouaième,206,122,121,4,Faire Pays,Faire Pays,5,4.132231404958677,164.84911233352278,-20.61488125992091
Province Nord,Hienghène,0006,Ouaième,206,122,121,5,Union nationale pour l'indépendance,UNI,20,16.52892561983471,164.84911233352278,-20.61488125992091
Province Nord,Hienghène,0007,Oué-Hawa,67,38,38,1,Agissons ensemble pour le Nord,LL-LR Nord,2,5.2631578947368425,165.03458545186362,-20.765966185987494
Province Nord,Hienghène,0007,Oué-Hawa,67,38,38,2,Alternative Nord pour un pays souverain,Alternative Nord,0,0,165.03458545186362,-20.765966185987494
Province Nord,Hienghène,0007,Oué-Hawa,67,38,38,3,UC-FLNKS,UC-FLNKS,28,73.6842105263158,165.03458545186362,-20.765966185987494
Province Nord,Hienghène,0007,Oué-Hawa,67,38,38,4,Faire Pays,Faire Pays,0,0,165.03458545186362,-20.765966185987494
Province Nord,Hienghène,0007,Oué-Hawa,67,38,38,5,Union nationale pour l'indépendance,UNI,8,21.05263157894737,165.03458545186362,-20.765966185987494
Province Nord,Hienghène,0008,Tiendanite,106,83,83,1,Agissons ensemble pour le Nord,LL-LR Nord,0,0,164.8988687236624,-20.75818441571426
Province Nord,Hienghène,0008,Tiendanite,106,83,83,2,Alternative Nord pour un pays souverain,Alternative Nord,0,0,164.8988687236624,-20.75818441571426
Province Nord,Hienghène,0008,Tiendanite,106,83,83,3,UC-FLNKS,UC-FLNKS,79,95.18072289156626,164.8988687236624,-20.75818441571426
Province Nord,Hienghène,0008,Tiendanite,106,83,83,4,Faire Pays,Faire Pays,1,1.2048192771084338,164.8988687236624,-20.75818441571426
Province Nord,Hienghène,0008,Tiendanite,106,83,83,5,Union nationale pour l'indépendance,UNI,3,3.6144578313253013,164.8988687236624,-20.75818441571426
Province Nord,Hienghène,0009,Ouaré,590,351,335,1,Agissons ensemble pour le Nord,LL-LR Nord,2,0.5970149253731343,164.93523458965643,-20.673024668353836
Province Nord,Hienghène,0009,Ouaré,590,351,335,2,Alternative Nord pour un pays souverain,Alternative Nord,18,5.373134328358209,164.93523458965643,-20.673024668353836
Province Nord,Hienghène,0009,Ouaré,590,351,335,3,UC-FLNKS,UC-FLNKS,179,53.43283582089552,164.93523458965643,-20.673024668353836
Province Nord,Hienghène,0009,Ouaré,590,351,335,4,Faire Pays,Faire Pays,15,4.477611940298507,164.93523458965643,-20.673024668353836
Province Nord,Hienghène,0009,Ouaré,590,351,335,5,Union nationale pour l'indépendance,UNI,121,36.11940298507463,164.93523458965643,-20.673024668353836
Province Nord,Hienghène,0010,Léwarap,306,175,173,1,Agissons ensemble pour le Nord,LL-LR Nord,1,0.5780346820809249,164.92837654735197,-20.722390044785012
Province Nord,Hienghène,0010,Léwarap,306,175,173,2,Alternative Nord pour un pays souverain,Alternative Nord,4,2.3121387283236996,164.92837654735197,-20.722390044785012
Province Nord,Hienghène,0010,Léwarap,306,175,173,3,UC-FLNKS,UC-FLNKS,129,74.56647398843931,164.92837654735197,-20.722390044785012
Province Nord,Hienghène,0010,Léwarap,306,175,173,4,Faire Pays,Faire Pays,10,5.780346820809249,164.92837654735197,-20.722390044785012
Province Nord,Hienghène,0010,Léwarap,306,175,173,5,Union nationale pour l'indépendance,UNI,29,16.76300578034682,164.92837654735197,-20.722390044785012
Province Nord,Houaïlou,0001,Salle Paul NEDJA (ancienne mairie),429,243,240,1,Agissons ensemble pour le Nord,LL-LR Nord,14,5.833333333333333,165.6260919909217,-21.278284372962112
Province Nord,Houaïlou,0001,Salle Paul NEDJA (ancienne mairie),429,243,240,2,Alternative Nord pour un pays souverain,Alternative Nord,21,8.75,165.6260919909217,-21.278284372962112
Province Nord,Houaïlou,0001,Salle Paul NEDJA (ancienne mairie),429,243,240,3,UC-FLNKS,UC-FLNKS,131,54.583333333333336,165.6260919909217,-21.278284372962112
Province Nord,Houaïlou,0001,Salle Paul NEDJA (ancienne mairie),429,243,240,4,Faire Pays,Faire Pays,9,3.75,165.6260919909217,-21.278284372962112
Province Nord,Houaïlou,0001,Salle Paul NEDJA (ancienne mairie),429,243,240,5,Union nationale pour l'indépendance,UNI,65,27.083333333333332,165.6260919909217,-21.278284372962112
Province Nord,Houaïlou,0002,Nediouen (maison commune),664,431,415,1,Agissons ensemble pour le Nord,LL-LR Nord,29,6.9879518072289155,165.76989808558005,-21.33124821435679
Province Nord,Houaïlou,0002,Nediouen (maison commune),664,431,415,2,Alternative Nord pour un pays souverain,Alternative Nord,5,1.2048192771084338,165.76989808558005,-21.33124821435679
Province Nord,Houaïlou,0002,Nediouen (maison commune),664,431,415,3,UC-FLNKS,UC-FLNKS,297,71.56626506024097,165.76989808558005,-21.33124821435679
Province Nord,Houaïlou,0002,Nediouen (maison commune),664,431,415,4,Faire Pays,Faire Pays,8,1.927710843373494,165.76989808558005,-21.33124821435679
Province Nord,Houaïlou,0002,Nediouen (maison commune),664,431,415,5,Union nationale pour l'indépendance,UNI,76,18.313253012048193,165.76989808558005,-21.33124821435679
Province Nord,Houaïlou,0003,Bâ (école primaire),375,214,212,1,Agissons ensemble pour le Nord,LL-LR Nord,11,5.188679245283019,165.55842620966266,-21.19827944865936
Province Nord,Houaïlou,0003,Bâ (école primaire),375,214,212,2,Alternative Nord pour un pays souverain,Alternative Nord,5,2.358490566037736,165.55842620966266,-21.19827944865936
Province Nord,Houaïlou,0003,Bâ (école primaire),375,214,212,3,UC-FLNKS,UC-FLNKS,88,41.509433962264154,165.55842620966266,-21.19827944865936
Province Nord,Houaïlou,0003,Bâ (école primaire),375,214,212,4,Faire Pays,Faire Pays,12,5.660377358490566,165.55842620966266,-21.19827944865936
Province Nord,Houaïlou,0003,Bâ (école primaire),375,214,212,5,Union nationale pour l'indépendance,UNI,96,45.283018867924525,165.55842620966266,-21.19827944865936
Province Nord,Houaïlou,0004,Nessakoéa (maison commune),312,168,168,1,Agissons ensemble pour le Nord,LL-LR Nord,3,1.7857142857142858,165.5267547278778,-21.28421939373571
Province Nord,Houaïlou,0004,Nessakoéa (maison commune),312,168,168,2,Alternative Nord pour un pays souverain,Alternative Nord,5,2.9761904761904763,165.5267547278778,-21.28421939373571
Province Nord,Houaïlou,0004,Nessakoéa (maison commune),312,168,168,3,UC-FLNKS,UC-FLNKS,115,68.45238095238095,165.5267547278778,-21.28421939373571
Province Nord,Houaïlou,0004,Nessakoéa (maison commune),312,168,168,4,Faire Pays,Faire Pays,1,0.5952380952380952,165.5267547278778,-21.28421939373571
Province Nord,Houaïlou,0004,Nessakoéa (maison commune),312,168,168,5,Union nationale pour l'indépendance,UNI,44,26.19047619047619,165.5267547278778,-21.28421939373571
Province Nord,Houaïlou,0005,Poro (foyer socio-culturel),567,301,295,1,Agissons ensemble pour le Nord,LL-LR Nord,18,6.101694915254237,165.70953015747588,-21.30262511634177
Province Nord,Houaïlou,0005,Poro (foyer socio-culturel),567,301,295,2,Alternative Nord pour un pays souverain,Alternative Nord,22,7.4576271186440675,165.70953015747588,-21.30262511634177
Province Nord,Houaïlou,0005,Poro (foyer socio-culturel),567,301,295,3,UC-FLNKS,UC-FLNKS,151,51.186440677966104,165.70953015747588,-21.30262511634177
Province Nord,Houaïlou,0005,Poro (foyer socio-culturel),567,301,295,4,Faire Pays,Faire Pays,7,2.3728813559322033,165.70953015747588,-21.30262511634177
Province Nord,Houaïlou,0005,Poro (foyer socio-culturel),567,301,295,5,Union nationale pour l'indépendance,UNI,97,32.88135593220339,165.70953015747588,-21.30262511634177
Province Nord,Houaïlou,0006,Coula (maison commune),482,259,254,1,Agissons ensemble pour le Nord,LL-LR Nord,16,6.299212598425197,165.44899405604838,-21.336853600338287
Province Nord,Houaïlou,0006,Coula (maison commune),482,259,254,2,Alternative Nord pour un pays souverain,Alternative Nord,7,2.7559055118110236,165.44899405604838,-21.336853600338287
Province Nord,Houaïlou,0006,Coula (maison commune),482,259,254,3,UC-FLNKS,UC-FLNKS,162,63.77952755905512,165.44899405604838,-21.336853600338287
Province Nord,Houaïlou,0006,Coula (maison commune),482,259,254,4,Faire Pays,Faire Pays,5,1.968503937007874,165.44899405604838,-21.336853600338287
Province Nord,Houaïlou,0006,Coula (maison commune),482,259,254,5,Union nationale pour l'indépendance,UNI,64,25.19685039370079,165.44899405604838,-21.336853600338287
Province Nord,Houaïlou,0007,Néaoua (maison commune),328,176,173,1,Agissons ensemble pour le Nord,LL-LR Nord,0,0,165.6455007313978,-21.325531853593
Province Nord,Houaïlou,0007,Néaoua (maison commune),328,176,173,2,Alternative Nord pour un pays souverain,Alternative Nord,19,10.982658959537572,165.6455007313978,-21.325531853593
Province Nord,Houaïlou,0007,Néaoua (maison commune),328,176,173,3,UC-FLNKS,UC-FLNKS,96,55.49132947976879,165.6455007313978,-21.325531853593
Province Nord,Houaïlou,0007,Néaoua (maison commune),328,176,173,4,Faire Pays,Faire Pays,1,0.5780346820809249,165.6455007313978,-21.325531853593
Province Nord,Houaïlou,0007,Néaoua (maison commune),328,176,173,5,Union nationale pour l'indépendance,UNI,57,32.947976878612714,165.6455007313978,-21.325531853593
Province Nord,Houaïlou,0008,Nédivin (maison commune),537,292,288,1,Agissons ensemble pour le Nord,LL-LR Nord,7,2.4305555555555554,165.57082158687447,-21.289736384804883
Province Nord,Houaïlou,0008,Nédivin (maison commune),537,292,288,2,Alternative Nord pour un pays souverain,Alternative Nord,11,3.8194444444444446,165.57082158687447,-21.289736384804883
Province Nord,Houaïlou,0008,Nédivin (maison commune),537,292,288,3,UC-FLNKS,UC-FLNKS,172,59.72222222222222,165.57082158687447,-21.289736384804883
Province Nord,Houaïlou,0008,Nédivin (maison commune),537,292,288,4,Faire Pays,Faire Pays,12,4.166666666666667,165.57082158687447,-21.289736384804883
Province Nord,Houaïlou,0008,Nédivin (maison commune),537,292,288,5,Union nationale pour l'indépendance,UNI,86,29.86111111111111,165.57082158687447,-21.289736384804883
Province Nord,Kaala-Gomen,0001,Mairie,559,349,340,1,Agissons ensemble pour le Nord,LL-LR Nord,82,24.11764705882353,164.397185345977,-20.6671314843025
Province Nord,Kaala-Gomen,0001,Mairie,559,349,340,2,Alternative Nord pour un pays souverain,Alternative Nord,17,5,164.397185345977,-20.6671314843025
Province Nord,Kaala-Gomen,0001,Mairie,559,349,340,3,UC-FLNKS,UC-FLNKS,104,30.58823529411765,164.397185345977,-20.6671314843025
Province Nord,Kaala-Gomen,0001,Mairie,559,349,340,4,Faire Pays,Faire Pays,13,3.823529411764706,164.397185345977,-20.6671314843025
Province Nord,Kaala-Gomen,0001,Mairie,559,349,340,5,Union nationale pour l'indépendance,UNI,124,36.470588235294116,164.397185345977,-20.6671314843025
Province Nord,Kaala-Gomen,0002,Ouéholle,393,253,253,1,Agissons ensemble pour le Nord,LL-LR Nord,3,1.1857707509881423,164.545680960012,-20.6046276080457
Province Nord,Kaala-Gomen,0002,Ouéholle,393,253,253,2,Alternative Nord pour un pays souverain,Alternative Nord,1,0.3952569169960474,164.545680960012,-20.6046276080457
Province Nord,Kaala-Gomen,0002,Ouéholle,393,253,253,3,UC-FLNKS,UC-FLNKS,216,85.37549407114625,164.545680960012,-20.6046276080457
Province Nord,Kaala-Gomen,0002,Ouéholle,393,253,253,4,Faire Pays,Faire Pays,0,0,164.545680960012,-20.6046276080457
Province Nord,Kaala-Gomen,0002,Ouéholle,393,253,253,5,Union nationale pour l'indépendance,UNI,33,13.043478260869565,164.545680960012,-20.6046276080457
Province Nord,Kaala-Gomen,0003,Maison Commune de Païta,289,175,172,1,Agissons ensemble pour le Nord,LL-LR Nord,3,1.744186046511628,164.426512320768,-20.6494636653987
Province Nord,Kaala-Gomen,0003,Maison Commune de Païta,289,175,172,2,Alternative Nord pour un pays souverain,Alternative Nord,9,5.232558139534884,164.426512320768,-20.6494636653987
Province Nord,Kaala-Gomen,0003,Maison Commune de Païta,289,175,172,3,UC-FLNKS,UC-FLNKS,62,36.04651162790697,164.426512320768,-20.6494636653987
Province Nord,Kaala-Gomen,0003,Maison Commune de Païta,289,175,172,4,Faire Pays,Faire Pays,1,0.5813953488372093,164.426512320768,-20.6494636653987
Province Nord,Kaala-Gomen,0003,Maison Commune de Païta,289,175,172,5,Union nationale pour l'indépendance,UNI,97,56.395348837209305,164.426512320768,-20.6494636653987
Province Nord,Kaala-Gomen,0004,Maison Commune de Gamaï,191,120,119,1,Agissons ensemble pour le Nord,LL-LR Nord,1,0.8403361344537815,164.486749878062,-20.6941126404856
Province Nord,Kaala-Gomen,0004,Maison Commune de Gamaï,191,120,119,2,Alternative Nord pour un pays souverain,Alternative Nord,3,2.5210084033613445,164.486749878062,-20.6941126404856
Province Nord,Kaala-Gomen,0004,Maison Commune de Gamaï,191,120,119,3,UC-FLNKS,UC-FLNKS,74,62.18487394957983,164.486749878062,-20.6941126404856
Province Nord,Kaala-Gomen,0004,Maison Commune de Gamaï,191,120,119,4,Faire Pays,Faire Pays,0,0,164.486749878062,-20.6941126404856
Province Nord,Kaala-Gomen,0004,Maison Commune de Gamaï,191,120,119,5,Union nationale pour l'indépendance,UNI,41,34.45378151260504,164.486749878062,-20.6941126404856
Province Nord,Kaala-Gomen,0005,Maison Commune de Baoui,143,111,110,1,Agissons ensemble pour le Nord,LL-LR Nord,1,0.9090909090909091,164.463552597488,-20.6891303658536
Province Nord,Kaala-Gomen,0005,Maison Commune de Baoui,143,111,110,2,Alternative Nord pour un pays souverain,Alternative Nord,5,4.545454545454546,164.463552597488,-20.6891303658536
Province Nord,Kaala-Gomen,0005,Maison Commune de Baoui,143,111,110,3,UC-FLNKS,UC-FLNKS,34,30.90909090909091,164.463552597488,-20.6891303658536
Province Nord,Kaala-Gomen,0005,Maison Commune de Baoui,143,111,110,4,Faire Pays,Faire Pays,3,2.727272727272727,164.463552597488,-20.6891303658536
Province Nord,Kaala-Gomen,0005,Maison Commune de Baoui,143,111,110,5,Union nationale pour l'indépendance,UNI,67,60.90909090909091,164.463552597488,-20.6891303658536
Province Nord,Kaala-Gomen,0006,Ouaco,216,145,143,1,Agissons ensemble pour le Nord,LL-LR Nord,61,42.65734265734266,164.471215971078,-20.8375035625753
Province Nord,Kaala-Gomen,0006,Ouaco,216,145,143,2,Alternative Nord pour un pays souverain,Alternative Nord,2,1.3986013986013985,164.471215971078,-20.8375035625753
Province Nord,Kaala-Gomen,0006,Ouaco,216,145,143,3,UC-FLNKS,UC-FLNKS,27,18.88111888111888,164.471215971078,-20.8375035625753
Province Nord,Kaala-Gomen,0006,Ouaco,216,145,143,4,Faire Pays,Faire Pays,9,6.293706293706293,164.471215971078,-20.8375035625753
Province Nord,Kaala-Gomen,0006,Ouaco,216,145,143,5,Union nationale pour l'indépendance,UNI,44,30.76923076923077,164.471215971078,-20.8375035625753
Province Nord,Koné,0001,Salle Au Pitiri,675,417,410,1,Agissons ensemble pour le Nord,LL-LR Nord,236,57.5609756097561,164.866375124843,-21.0740850901806
Province Nord,Koné,0001,Salle Au Pitiri,675,417,410,2,Alternative Nord pour un pays souverain,Alternative Nord,6,1.4634146341463414,164.866375124843,-21.0740850901806
Province Nord,Koné,0001,Salle Au Pitiri,675,417,410,3,UC-FLNKS,UC-FLNKS,55,13.414634146341463,164.866375124843,-21.0740850901806
Province Nord,Koné,0001,Salle Au Pitiri,675,417,410,4,Faire Pays,Faire Pays,11,2.682926829268293,164.866375124843,-21.0740850901806
Province Nord,Koné,0001,Salle Au Pitiri,675,417,410,5,Union nationale pour l'indépendance,UNI,102,24.878048780487806,164.866375124843,-21.0740850901806
Province Nord,Koné,0002,Poindah,182,116,115,1,Agissons ensemble pour le Nord,LL-LR Nord,12,10.434782608695652,164.964442641559,-21.0372102738018
Province Nord,Koné,0002,Poindah,182,116,115,2,Alternative Nord pour un pays souverain,Alternative Nord,3,2.608695652173913,164.964442641559,-21.0372102738018
Province Nord,Koné,0002,Poindah,182,116,115,3,UC-FLNKS,UC-FLNKS,62,53.91304347826087,164.964442641559,-21.0372102738018
Province Nord,Koné,0002,Poindah,182,116,115,4,Faire Pays,Faire Pays,3,2.608695652173913,164.964442641559,-21.0372102738018
Province Nord,Koné,0002,Poindah,182,116,115,5,Union nationale pour l'indépendance,UNI,35,30.434782608695652,164.964442641559,-21.0372102738018
Province Nord,Koné,0003,Netchaot,407,291,288,1,Agissons ensemble pour le Nord,LL-LR Nord,6,2.0833333333333335,165.022902317548,-21.0054157631335
Province Nord,Koné,0003,Netchaot,407,291,288,2,Alternative Nord pour un pays souverain,Alternative Nord,1,0.3472222222222222,165.022902317548,-21.0054157631335
Province Nord,Koné,0003,Netchaot,407,291,288,3,UC-FLNKS,UC-FLNKS,40,13.88888888888889,165.022902317548,-21.0054157631335
Province Nord,Koné,0003,Netchaot,407,291,288,4,Faire Pays,Faire Pays,2,0.6944444444444444,165.022902317548,-21.0054157631335
Province Nord,Koné,0003,Netchaot,407,291,288,5,Union nationale pour l'indépendance,UNI,239,82.98611111111111,165.022902317548,-21.0054157631335
Province Nord,Koné,0004,Tiaoué,286,230,228,1,Agissons ensemble pour le Nord,LL-LR Nord,0,0,164.916802108,-21.0000621217301
Province Nord,Koné,0004,Tiaoué,286,230,228,2,Alternative Nord pour un pays souverain,Alternative Nord,1,0.43859649122807015,164.916802108,-21.0000621217301
Province Nord,Koné,0004,Tiaoué,286,230,228,3,UC-FLNKS,UC-FLNKS,185,81.14035087719299,164.916802108,-21.0000621217301
Province Nord,Koné,0004,Tiaoué,286,230,228,4,Faire Pays,Faire Pays,0,0,164.916802108,-21.0000621217301
Province Nord,Koné,0004,Tiaoué,286,230,228,5,Union nationale pour l'indépendance,UNI,42,18.42105263157895,164.916802108,-21.0000621217301
Province Nord,Koné,0005,Atéou,127,97,97,1,Agissons ensemble pour le Nord,LL-LR Nord,0,0,164.90654574925,-20.9500343540188
Province Nord,Koné,0005,Atéou,127,97,97,2,Alternative Nord pour un pays souverain,Alternative Nord,1,1.0309278350515463,164.90654574925,-20.9500343540188
Province Nord,Koné,0005,Atéou,127,97,97,3,UC-FLNKS,UC-FLNKS,69,71.1340206185567,164.90654574925,-20.9500343540188
Province Nord,Koné,0005,Atéou,127,97,97,4,Faire Pays,Faire Pays,0,0,164.90654574925,-20.9500343540188
Province Nord,Koné,0005,Atéou,127,97,97,5,Union nationale pour l'indépendance,UNI,27,27.835051546391753,164.90654574925,-20.9500343540188
Province Nord,Koné,0006,Bopope,234,152,151,1,Agissons ensemble pour le Nord,LL-LR Nord,4,2.6490066225165565,165.079714634727,-20.9178415050895
Province Nord,Koné,0006,Bopope,234,152,151,2,Alternative Nord pour un pays souverain,Alternative Nord,1,0.6622516556291391,165.079714634727,-20.9178415050895
Province Nord,Koné,0006,Bopope,234,152,151,3,UC-FLNKS,UC-FLNKS,54,35.76158940397351,165.079714634727,-20.9178415050895
Province Nord,Koné,0006,Bopope,234,152,151,4,Faire Pays,Faire Pays,0,0,165.079714634727,-20.9178415050895
Province Nord,Koné,0006,Bopope,234,152,151,5,Union nationale pour l'indépendance,UNI,92,60.9271523178808,165.079714634727,-20.9178415050895
Province Nord,Koné,0007,Neami,234,155,154,1,Agissons ensemble pour le Nord,LL-LR Nord,11,7.142857142857143,164.971958124292,-20.977983356452
Province Nord,Koné,0007,Neami,234,155,154,2,Alternative Nord pour un pays souverain,Alternative Nord,3,1.948051948051948,164.971958124292,-20.977983356452
Province Nord,Koné,0007,Neami,234,155,154,3,UC-FLNKS,UC-FLNKS,62,40.25974025974026,164.971958124292,-20.977983356452
Province Nord,Koné,0007,Neami,234,155,154,4,Faire Pays,Faire Pays,2,1.2987012987012987,164.971958124292,-20.977983356452
Province Nord,Koné,0007,Neami,234,155,154,5,Union nationale pour l'indépendance,UNI,76,49.35064935064935,164.971958124292,-20.977983356452
Province Nord,Koné,0008,Baco,467,325,317,1,Agissons ensemble pour le Nord,LL-LR Nord,14,4.416403785488959,164.895177171264,-21.0667090848805
Province Nord,Koné,0008,Baco,467,325,317,2,Alternative Nord pour un pays souverain,Alternative Nord,9,2.8391167192429023,164.895177171264,-21.0667090848805
Province Nord,Koné,0008,Baco,467,325,317,3,UC-FLNKS,UC-FLNKS,131,41.32492113564669,164.895177171264,-21.0667090848805
Province Nord,Koné,0008,Baco,467,325,317,4,Faire Pays,Faire Pays,8,2.5236593059936907,164.895177171264,-21.0667090848805
Province Nord,Koné,0008,Baco,467,325,317,5,Union nationale pour l'indépendance,UNI,155,48.89589905362776,164.895177171264,-21.0667090848805
Province Nord,Koné,0009,Ecole Primaire Les Cigales,799,533,527,1,Agissons ensemble pour le Nord,LL-LR Nord,153,29.032258064516128,164.8701529762,-21.0521518022935
Province Nord,Koné,0009,Ecole Primaire Les Cigales,799,533,527,2,Alternative Nord pour un pays souverain,Alternative Nord,21,3.984819734345351,164.8701529762,-21.0521518022935
Province Nord,Koné,0009,Ecole Primaire Les Cigales,799,533,527,3,UC-FLNKS,UC-FLNKS,158,29.98102466793169,164.8701529762,-21.0521518022935
Province Nord,Koné,0009,Ecole Primaire Les Cigales,799,533,527,4,Faire Pays,Faire Pays,19,3.6053130929791273,164.8701529762,-21.0521518022935
Province Nord,Koné,0009,Ecole Primaire Les Cigales,799,533,527,5,Union nationale pour l'indépendance,UNI,176,33.396584440227706,164.8701529762,-21.0521518022935
Province Nord,Koné,0010,Noëlly,218,165,163,1,Agissons ensemble pour le Nord,LL-LR Nord,2,1.2269938650306749,164.947538773364,-21.0048750710989
Province Nord,Koné,0010,Noëlly,218,165,163,2,Alternative Nord pour un pays souverain,Alternative Nord,0,0,164.947538773364,-21.0048750710989
Province Nord,Koné,0010,Noëlly,218,165,163,3,UC-FLNKS,UC-FLNKS,41,25.153374233128833,164.947538773364,-21.0048750710989
Province Nord,Koné,0010,Noëlly,218,165,163,4,Faire Pays,Faire Pays,4,2.4539877300613497,164.947538773364,-21.0048750710989
Province Nord,Koné,0010,Noëlly,218,165,163,5,Union nationale pour l'indépendance,UNI,116,71.16564417177914,164.947538773364,-21.0048750710989
Province Nord,Koné,0011,Ecole Téari,698,384,372,1,Agissons ensemble pour le Nord,LL-LR Nord,169,45.43010752688172,164.82630681362,-21.0553442775238
Province Nord,Koné,0011,Ecole Téari,698,384,372,2,Alternative Nord pour un pays souverain,Alternative Nord,8,2.150537634408602,164.82630681362,-21.0553442775238
Province Nord,Koné,0011,Ecole Téari,698,384,372,3,UC-FLNKS,UC-FLNKS,88,23.655913978494624,164.82630681362,-21.0553442775238
Province Nord,Koné,0011,Ecole Téari,698,384,372,4,Faire Pays,Faire Pays,15,4.032258064516129,164.82630681362,-21.0553442775238
Province Nord,Koné,0011,Ecole Téari,698,384,372,5,Union nationale pour l'indépendance,UNI,92,24.731182795698924,164.82630681362,-21.0553442775238
Province Nord,Koné,0012,Les Allamandas,538,365,356,1,Agissons ensemble pour le Nord,LL-LR Nord,205,57.58426966292135,164.856461111321,-21.052040276968
Province Nord,Koné,0012,Les Allamandas,538,365,356,2,Alternative Nord pour un pays souverain,Alternative Nord,11,3.0898876404494384,164.856461111321,-21.052040276968
Province Nord,Koné,0012,Les Allamandas,538,365,356,3,UC-FLNKS,UC-FLNKS,55,15.44943820224719,164.856461111321,-21.052040276968
Province Nord,Koné,0012,Les Allamandas,538,365,356,4,Faire Pays,Faire Pays,15,4.213483146067416,164.856461111321,-21.052040276968
Province Nord,Koné,0012,Les Allamandas,538,365,356,5,Union nationale pour l'indépendance,UNI,70,19.662921348314608,164.856461111321,-21.052040276968
Province Nord,Kouaoua,0001,Centre administratif de Niminra 1,571,337,330,1,Agissons ensemble pour le Nord,LL-LR Nord,100,30.303030303030305,165.82856671021466,-21.396045166693337
Province Nord,Kouaoua,0001,Centre administratif de Niminra 1,571,337,330,2,Alternative Nord pour un pays souverain,Alternative Nord,6,1.8181818181818181,165.82856671021466,-21.396045166693337
Province Nord,Kouaoua,0001,Centre administratif de Niminra 1,571,337,330,3,UC-FLNKS,UC-FLNKS,166,50.303030303030305,165.82856671021466,-21.396045166693337
Province Nord,Kouaoua,0001,Centre administratif de Niminra 1,571,337,330,4,Faire Pays,Faire Pays,3,0.9090909090909091,165.82856671021466,-21.396045166693337
Province Nord,Kouaoua,0001,Centre administratif de Niminra 1,571,337,330,5,Union nationale pour l'indépendance,UNI,55,16.666666666666668,165.82856671021466,-21.396045166693337
Province Nord,Kouaoua,0002,Centre administratif de Niminra 2,286,162,160,1,Agissons ensemble pour le Nord,LL-LR Nord,20,12.5,165.72221294003012,-21.49791198784617
Province Nord,Kouaoua,0002,Centre administratif de Niminra 2,286,162,160,2,Alternative Nord pour un pays souverain,Alternative Nord,0,0,165.72221294003012,-21.49791198784617
Province Nord,Kouaoua,0002,Centre administratif de Niminra 2,286,162,160,3,UC-FLNKS,UC-FLNKS,87,54.375,165.72221294003012,-21.49791198784617
Province Nord,Kouaoua,0002,Centre administratif de Niminra 2,286,162,160,4,Faire Pays,Faire Pays,0,0,165.72221294003012,-21.49791198784617
Province Nord,Kouaoua,0002,Centre administratif de Niminra 2,286,162,160,5,Union nationale pour l'indépendance,UNI,53,33.125,165.72221294003012,-21.49791198784617
Province Nord,Kouaoua,0003,Centre administratif de Niminra 3,148,97,96,1,Agissons ensemble pour le Nord,LL-LR Nord,6,6.25,165.83542921955194,-21.536184530370736
Province Nord,Kouaoua,0003,Centre administratif de Niminra 3,148,97,96,2,Alternative Nord pour un pays souverain,Alternative Nord,0,0,165.83542921955194,-21.536184530370736
Province Nord,Kouaoua,0003,Centre administratif de Niminra 3,148,97,96,3,UC-FLNKS,UC-FLNKS,66,68.75,165.83542921955194,-21.536184530370736
Province Nord,Kouaoua,0003,Centre administratif de Niminra 3,148,97,96,4,Faire Pays,Faire Pays,1,1.0416666666666667,165.83542921955194,-21.536184530370736
Province Nord,Kouaoua,0003,Centre administratif de Niminra 3,148,97,96,5,Union nationale pour l'indépendance,UNI,23,23.958333333333332,165.83542921955194,-21.536184530370736
Province Nord,Kouaoua,0004,Centre administratif de Niminra 4,190,105,105,1,Agissons ensemble pour le Nord,LL-LR Nord,18,17.142857142857142,165.78859040310297,-21.469132110021317
Province Nord,Kouaoua,0004,Centre administratif de Niminra 4,190,105,105,2,Alternative Nord pour un pays souverain,Alternative Nord,1,0.9523809523809523,165.78859040310297,-21.469132110021317
Province Nord,Kouaoua,0004,Centre administratif de Niminra 4,190,105,105,3,UC-FLNKS,UC-FLNKS,67,63.80952380952381,165.78859040310297,-21.469132110021317
Province Nord,Kouaoua,0004,Centre administratif de Niminra 4,190,105,105,4,Faire Pays,Faire Pays,0,0,165.78859040310297,-21.469132110021317
Province Nord,Kouaoua,0004,Centre administratif de Niminra 4,190,105,105,5,Union nationale pour l'indépendance,UNI,19,18.095238095238095,165.78859040310297,-21.469132110021317
Province Nord,Koumac,0001,Mairie,1304,772,756,1,Agissons ensemble pour le Nord,LL-LR Nord,309,40.87301587301587,164.280241420927,-20.5602050455624
Province Nord,Koumac,0001,Mairie,1304,772,756,2,Alternative Nord pour un pays souverain,Alternative Nord,15,1.9841269841269842,164.280241420927,-20.5602050455624
Province Nord,Koumac,0001,Mairie,1304,772,756,3,UC-FLNKS,UC-FLNKS,188,24.867724867724867,164.280241420927,-20.5602050455624
Province Nord,Koumac,0001,Mairie,1304,772,756,4,Faire Pays,Faire Pays,23,3.0423280423280423,164.280241420927,-20.5602050455624
Province Nord,Koumac,0001,Mairie,1304,772,756,5,Union nationale pour l'indépendance,UNI,221,29.232804232804234,164.280241420927,-20.5602050455624
Province Nord,Koumac,0002,Médiathèque Louis BASTIEN,1594,970,952,1,Agissons ensemble pour le Nord,LL-LR Nord,577,60.609243697478995,164.282519595968,-20.5572929814306
Province Nord,Koumac,0002,Médiathèque Louis BASTIEN,1594,970,952,2,Alternative Nord pour un pays souverain,Alternative Nord,9,0.9453781512605042,164.282519595968,-20.5572929814306
Province Nord,Koumac,0002,Médiathèque Louis BASTIEN,1594,970,952,3,UC-FLNKS,UC-FLNKS,164,17.22689075630252,164.282519595968,-20.5572929814306
Province Nord,Koumac,0002,Médiathèque Louis BASTIEN,1594,970,952,4,Faire Pays,Faire Pays,36,3.7815126050420167,164.282519595968,-20.5572929814306
Province Nord,Koumac,0002,Médiathèque Louis BASTIEN,1594,970,952,5,Union nationale pour l'indépendance,UNI,166,17.436974789915965,164.282519595968,-20.5572929814306
Province Nord,Ouégoa,0001,Salle polyvalente de Ouégoné,834,543,534,1,Agissons ensemble pour le Nord,LL-LR Nord,352,65.91760299625469,164.43943670837254,-20.34408534785039
Province Nord,Ouégoa,0001,Salle polyvalente de Ouégoné,834,543,534,2,Alternative Nord pour un pays souverain,Alternative Nord,10,1.8726591760299625,164.43943670837254,-20.34408534785039
Province Nord,Ouégoa,0001,Salle polyvalente de Ouégoné,834,543,534,3,UC-FLNKS,UC-FLNKS,63,11.797752808988765,164.43943670837254,-20.34408534785039
Province Nord,Ouégoa,0001,Salle polyvalente de Ouégoné,834,543,534,4,Faire Pays,Faire Pays,12,2.247191011235955,164.43943670837254,-20.34408534785039
Province Nord,Ouégoa,0001,Salle polyvalente de Ouégoné,834,543,534,5,Union nationale pour l'indépendance,UNI,97,18.164794007490638,164.43943670837254,-20.34408534785039
Province Nord,Ouégoa,0002,Bondé,857,525,522,1,Agissons ensemble pour le Nord,LL-LR Nord,2,0.3831417624521073,164.4324943000077,-20.429158724947957
Province Nord,Ouégoa,0002,Bondé,857,525,522,2,Alternative Nord pour un pays souverain,Alternative Nord,7,1.3409961685823755,164.4324943000077,-20.429158724947957
Province Nord,Ouégoa,0002,Bondé,857,525,522,3,UC-FLNKS,UC-FLNKS,261,50,164.4324943000077,-20.429158724947957
Province Nord,Ouégoa,0002,Bondé,857,525,522,4,Faire Pays,Faire Pays,0,0,164.4324943000077,-20.429158724947957
Province Nord,Ouégoa,0002,Bondé,857,525,522,5,Union nationale pour l'indépendance,UNI,252,48.275862068965516,164.4324943000077,-20.429158724947957
Province Nord,Ouégoa,0003,Paimboas,383,201,200,1,Agissons ensemble pour le Nord,LL-LR Nord,3,1.5,164.52279333171543,-20.52170436626958
Province Nord,Ouégoa,0003,Paimboas,383,201,200,2,Alternative Nord pour un pays souverain,Alternative Nord,0,0,164.52279333171543,-20.52170436626958
Province Nord,Ouégoa,0003,Paimboas,383,201,200,3,UC-FLNKS,UC-FLNKS,76,38,164.52279333171543,-20.52170436626958
Province Nord,Ouégoa,0003,Paimboas,383,201,200,4,Faire Pays,Faire Pays,1,0.5,164.52279333171543,-20.52170436626958
Province Nord,Ouégoa,0003,Paimboas,383,201,200,5,Union nationale pour l'indépendance,UNI,120,60,164.52279333171543,-20.52170436626958
Province Nord,Ouégoa,0004,Tiari,152,81,79,1,Agissons ensemble pour le Nord,LL-LR Nord,6,7.594936708860759,164.3468221527753,-20.245820839427363
Province Nord,Ouégoa,0004,Tiari,152,81,79,2,Alternative Nord pour un pays souverain,Alternative Nord,2,2.5316455696202533,164.3468221527753,-20.245820839427363
Province Nord,Ouégoa,0004,Tiari,152,81,79,3,UC-FLNKS,UC-FLNKS,53,67.0886075949367,164.3468221527753,-20.245820839427363
Province Nord,Ouégoa,0004,Tiari,152,81,79,4,Faire Pays,Faire Pays,0,0,164.3468221527753,-20.245820839427363
Province Nord,Ouégoa,0004,Tiari,152,81,79,5,Union nationale pour l'indépendance,UNI,18,22.78481012658228,164.3468221527753,-20.245820839427363
Province Nord,Poindimié,0001,Mairie,1184,687,676,1,Agissons ensemble pour le Nord,LL-LR Nord,224,33.13609467455621,165.33315827223544,-20.938215187057807
Province Nord,Poindimié,0001,Mairie,1184,687,676,2,Alternative Nord pour un pays souverain,Alternative Nord,18,2.662721893491124,165.33315827223544,-20.938215187057807
Province Nord,Poindimié,0001,Mairie,1184,687,676,3,UC-FLNKS,UC-FLNKS,111,16.420118343195266,165.33315827223544,-20.938215187057807
Province Nord,Poindimié,0001,Mairie,1184,687,676,4,Faire Pays,Faire Pays,56,8.284023668639053,165.33315827223544,-20.938215187057807
Province Nord,Poindimié,0001,Mairie,1184,687,676,5,Union nationale pour l'indépendance,UNI,267,39.49704142011834,165.33315827223544,-20.938215187057807
Province Nord,Poindimié,0002,Ouindo,519,304,293,1,Agissons ensemble pour le Nord,LL-LR Nord,14,4.778156996587031,165.39928663560227,-20.98624503490911
Province Nord,Poindimié,0002,Ouindo,519,304,293,2,Alternative Nord pour un pays souverain,Alternative Nord,16,5.460750853242321,165.39928663560227,-20.98624503490911
Province Nord,Poindimié,0002,Ouindo,519,304,293,3,UC-FLNKS,UC-FLNKS,68,23.208191126279864,165.39928663560227,-20.98624503490911
Province Nord,Poindimié,0002,Ouindo,519,304,293,4,Faire Pays,Faire Pays,45,15.358361774744028,165.39928663560227,-20.98624503490911
Province Nord,Poindimié,0002,Ouindo,519,304,293,5,Union nationale pour l'indépendance,UNI,150,51.19453924914676,165.39928663560227,-20.98624503490911
Province Nord,Poindimié,0003,Bayes,585,327,324,1,Agissons ensemble pour le Nord,LL-LR Nord,5,1.5432098765432098,165.41027144991733,-20.95108534474138
Province Nord,Poindimié,0003,Bayes,585,327,324,2,Alternative Nord pour un pays souverain,Alternative Nord,9,2.7777777777777777,165.41027144991733,-20.95108534474138
Province Nord,Poindimié,0003,Bayes,585,327,324,3,UC-FLNKS,UC-FLNKS,58,17.901234567901234,165.41027144991733,-20.95108534474138
Province Nord,Poindimié,0003,Bayes,585,327,324,4,Faire Pays,Faire Pays,69,21.296296296296298,165.41027144991733,-20.95108534474138
Province Nord,Poindimié,0003,Bayes,585,327,324,5,Union nationale pour l'indépendance,UNI,183,56.48148148148148,165.41027144991733,-20.95108534474138
Province Nord,Poindimié,0004,Amoa,505,359,353,1,Agissons ensemble pour le Nord,LL-LR Nord,15,4.2492917847025495,165.39810099674145,-20.94109090560688
Province Nord,Poindimié,0004,Amoa,505,359,353,2,Alternative Nord pour un pays souverain,Alternative Nord,6,1.6997167138810199,165.39810099674145,-20.94109090560688
Province Nord,Poindimié,0004,Amoa,505,359,353,3,UC-FLNKS,UC-FLNKS,28,7.932011331444759,165.39810099674145,-20.94109090560688
Province Nord,Poindimié,0004,Amoa,505,359,353,4,Faire Pays,Faire Pays,5,1.4164305949008498,165.39810099674145,-20.94109090560688
Province Nord,Poindimié,0004,Amoa,505,359,353,5,Union nationale pour l'indépendance,UNI,299,84.70254957507082,165.39810099674145,-20.94109090560688
Province Nord,Poindimié,0005,Tyé,564,394,389,1,Agissons ensemble pour le Nord,LL-LR Nord,7,1.7994858611825193,165.2980420173767,-20.900766814763863
Province Nord,Poindimié,0005,Tyé,564,394,389,2,Alternative Nord pour un pays souverain,Alternative Nord,11,2.827763496143959,165.2980420173767,-20.900766814763863
Province Nord,Poindimié,0005,Tyé,564,394,389,3,UC-FLNKS,UC-FLNKS,137,35.2185089974293,165.2980420173767,-20.900766814763863
Province Nord,Poindimié,0005,Tyé,564,394,389,4,Faire Pays,Faire Pays,16,4.113110539845758,165.2980420173767,-20.900766814763863
Province Nord,Poindimié,0005,Tyé,564,394,389,5,Union nationale pour l'indépendance,UNI,218,56.041131105398456,165.2980420173767,-20.900766814763863
Province Nord,Poindimié,0006,Tiwaka,324,189,185,1,Agissons ensemble pour le Nord,LL-LR Nord,7,3.7837837837837838,165.22299948568272,-20.895132063083377
Province Nord,Poindimié,0006,Tiwaka,324,189,185,2,Alternative Nord pour un pays souverain,Alternative Nord,6,3.2432432432432434,165.22299948568272,-20.895132063083377
Province Nord,Poindimié,0006,Tiwaka,324,189,185,3,UC-FLNKS,UC-FLNKS,126,68.10810810810811,165.22299948568272,-20.895132063083377
Province Nord,Poindimié,0006,Tiwaka,324,189,185,4,Faire Pays,Faire Pays,5,2.7027027027027026,165.22299948568272,-20.895132063083377
Province Nord,Poindimié,0006,Tiwaka,324,189,185,5,Union nationale pour l'indépendance,UNI,41,22.16216216216216,165.22299948568272,-20.895132063083377
Province Nord,Poindimié,0007,Tiéti,602,391,384,1,Agissons ensemble pour le Nord,LL-LR Nord,24,6.25,165.31101622324238,-20.919563042768107
Province Nord,Poindimié,0007,Tiéti,602,391,384,2,Alternative Nord pour un pays souverain,Alternative Nord,20,5.208333333333333,165.31101622324238,-20.919563042768107
Province Nord,Poindimié,0007,Tiéti,602,391,384,3,UC-FLNKS,UC-FLNKS,53,13.802083333333334,165.31101622324238,-20.919563042768107
Province Nord,Poindimié,0007,Tiéti,602,391,384,4,Faire Pays,Faire Pays,10,2.6041666666666665,165.31101622324238,-20.919563042768107
Province Nord,Poindimié,0007,Tiéti,602,391,384,5,Union nationale pour l'indépendance,UNI,277,72.13541666666667,165.31101622324238,-20.919563042768107
Province Nord,Ponérihouen,0001,Mairie,493,296,292,1,Agissons ensemble pour le Nord,LL-LR Nord,63,21.575342465753426,165.40196429415164,-21.070938768181968
Province Nord,Ponérihouen,0001,Mairie,493,296,292,2,Alternative Nord pour un pays souverain,Alternative Nord,39,13.356164383561644,165.40196429415164,-21.070938768181968
Province Nord,Ponérihouen,0001,Mairie,493,296,292,3,UC-FLNKS,UC-FLNKS,93,31.84931506849315,165.40196429415164,-21.070938768181968
Province Nord,Ponérihouen,0001,Mairie,493,296,292,4,Faire Pays,Faire Pays,8,2.73972602739726,165.40196429415164,-21.070938768181968
Province Nord,Ponérihouen,0001,Mairie,493,296,292,5,Union nationale pour l'indépendance,UNI,89,30.47945205479452,165.40196429415164,-21.070938768181968
Province Nord,Ponérihouen,0002,Monéo,453,286,279,1,Agissons ensemble pour le Nord,LL-LR Nord,11,3.942652329749104,165.47846310724432,-21.150451617013218
Province Nord,Ponérihouen,0002,Monéo,453,286,279,2,Alternative Nord pour un pays souverain,Alternative Nord,59,21.14695340501792,165.47846310724432,-21.150451617013218
Province Nord,Ponérihouen,0002,Monéo,453,286,279,3,UC-FLNKS,UC-FLNKS,127,45.51971326164875,165.47846310724432,-21.150451617013218
Province Nord,Ponérihouen,0002,Monéo,453,286,279,4,Faire Pays,Faire Pays,3,1.075268817204301,165.47846310724432,-21.150451617013218
Province Nord,Ponérihouen,0002,Monéo,453,286,279,5,Union nationale pour l'indépendance,UNI,79,28.315412186379927,165.47846310724432,-21.150451617013218
Province Nord,Ponérihouen,0003,Tchamba,317,201,198,1,Agissons ensemble pour le Nord,LL-LR Nord,12,6.0606060606060606,165.2930233618618,-21.038585818858223
Province Nord,Ponérihouen,0003,Tchamba,317,201,198,2,Alternative Nord pour un pays souverain,Alternative Nord,77,38.888888888888886,165.2930233618618,-21.038585818858223
Province Nord,Ponérihouen,0003,Tchamba,317,201,198,3,UC-FLNKS,UC-FLNKS,69,34.84848484848485,165.2930233618618,-21.038585818858223
Province Nord,Ponérihouen,0003,Tchamba,317,201,198,4,Faire Pays,Faire Pays,0,0,165.2930233618618,-21.038585818858223
Province Nord,Ponérihouen,0003,Tchamba,317,201,198,5,Union nationale pour l'indépendance,UNI,40,20.2020202020202,165.2930233618618,-21.038585818858223
Province Nord,Ponérihouen,0004,Goa,408,242,239,1,Agissons ensemble pour le Nord,LL-LR Nord,2,0.8368200836820083,165.30971500397104,-21.10629747908845
Province Nord,Ponérihouen,0004,Goa,408,242,239,2,Alternative Nord pour un pays souverain,Alternative Nord,72,30.1255230125523,165.30971500397104,-21.10629747908845
Province Nord,Ponérihouen,0004,Goa,408,242,239,3,UC-FLNKS,UC-FLNKS,108,45.18828451882845,165.30971500397104,-21.10629747908845
Province Nord,Ponérihouen,0004,Goa,408,242,239,4,Faire Pays,Faire Pays,4,1.6736401673640167,165.30971500397104,-21.10629747908845
Province Nord,Ponérihouen,0004,Goa,408,242,239,5,Union nationale pour l'indépendance,UNI,53,22.175732217573223,165.30971500397104,-21.10629747908845
Province Nord,Ponérihouen,0005,Grondu,509,347,343,1,Agissons ensemble pour le Nord,LL-LR Nord,3,0.8746355685131195,165.38976794045686,-21.076609909810266
Province Nord,Ponérihouen,0005,Grondu,509,347,343,2,Alternative Nord pour un pays souverain,Alternative Nord,95,27.696793002915452,165.38976794045686,-21.076609909810266
Province Nord,Ponérihouen,0005,Grondu,509,347,343,3,UC-FLNKS,UC-FLNKS,113,32.94460641399417,165.38976794045686,-21.076609909810266
Province Nord,Ponérihouen,0005,Grondu,509,347,343,4,Faire Pays,Faire Pays,11,3.206997084548105,165.38976794045686,-21.076609909810266
Province Nord,Ponérihouen,0005,Grondu,509,347,343,5,Union nationale pour l'indépendance,UNI,121,35.27696793002915,165.38976794045686,-21.076609909810266
Province Nord,Ponérihouen,0006,Mou,169,90,90,1,Agissons ensemble pour le Nord,LL-LR Nord,5,5.555555555555555,165.44259083569398,-21.09696482410325
Province Nord,Ponérihouen,0006,Mou,169,90,90,2,Alternative Nord pour un pays souverain,Alternative Nord,22,24.444444444444443,165.44259083569398,-21.09696482410325
Province Nord,Ponérihouen,0006,Mou,169,90,90,3,UC-FLNKS,UC-FLNKS,23,25.555555555555557,165.44259083569398,-21.09696482410325
Province Nord,Ponérihouen,0006,Mou,169,90,90,4,Faire Pays,Faire Pays,1,1.1111111111111112,165.44259083569398,-21.09696482410325
Province Nord,Ponérihouen,0006,Mou,169,90,90,5,Union nationale pour l'indépendance,UNI,39,43.333333333333336,165.44259083569398,-21.09696482410325
Province Nord,Ponérihouen,0007,Goyetta,334,202,201,1,Agissons ensemble pour le Nord,LL-LR Nord,1,0.4975124378109453,165.38150315716302,-21.17209523739158
Province Nord,Ponérihouen,0007,Goyetta,334,202,201,2,Alternative Nord pour un pays souverain,Alternative Nord,10,4.975124378109452,165.38150315716302,-21.17209523739158
Province Nord,Ponérihouen,0007,Goyetta,334,202,201,3,UC-FLNKS,UC-FLNKS,102,50.74626865671642,165.38150315716302,-21.17209523739158
Province Nord,Ponérihouen,0007,Goyetta,334,202,201,4,Faire Pays,Faire Pays,10,4.975124378109452,165.38150315716302,-21.17209523739158
Province Nord,Ponérihouen,0007,Goyetta,334,202,201,5,Union nationale pour l'indépendance,UNI,78,38.80597014925373,165.38150315716302,-21.17209523739158
Province Nord,Pouembout,0001,Mairie,948,612,598,1,Agissons ensemble pour le Nord,LL-LR Nord,315,52.675585284280935,164.901099514933,-21.1214333298182
Province Nord,Pouembout,0001,Mairie,948,612,598,2,Alternative Nord pour un pays souverain,Alternative Nord,10,1.6722408026755853,164.901099514933,-21.1214333298182
Province Nord,Pouembout,0001,Mairie,948,612,598,3,UC-FLNKS,UC-FLNKS,89,14.882943143812708,164.901099514933,-21.1214333298182
Province Nord,Pouembout,0001,Mairie,948,612,598,4,Faire Pays,Faire Pays,36,6.0200668896321075,164.901099514933,-21.1214333298182
Province Nord,Pouembout,0001,Mairie,948,612,598,5,Union nationale pour l'indépendance,UNI,148,24.74916387959866,164.901099514933,-21.1214333298182
Province Nord,Pouembout,0002,Cantine école primaire,790,535,530,1,Agissons ensemble pour le Nord,LL-LR Nord,191,36.0377358490566,165.004824198459,-21.061258041708
Province Nord,Pouembout,0002,Cantine école primaire,790,535,530,2,Alternative Nord pour un pays souverain,Alternative Nord,4,0.7547169811320755,165.004824198459,-21.061258041708
Province Nord,Pouembout,0002,Cantine école primaire,790,535,530,3,UC-FLNKS,UC-FLNKS,219,41.320754716981135,165.004824198459,-21.061258041708
Province Nord,Pouembout,0002,Cantine école primaire,790,535,530,4,Faire Pays,Faire Pays,12,2.2641509433962264,165.004824198459,-21.061258041708
Province Nord,Pouembout,0002,Cantine école primaire,790,535,530,5,Union nationale pour l'indépendance,UNI,104,19.62264150943396,165.004824198459,-21.061258041708
Province Nord,Poum,0001,Mairie,653,411,402,1,Agissons ensemble pour le Nord,LL-LR Nord,77,19.154228855721392,164.02565823453438,-20.232335490929035
Province Nord,Poum,0001,Mairie,653,411,402,2,Alternative Nord pour un pays souverain,Alternative Nord,30,7.462686567164179,164.02565823453438,-20.232335490929035
Province Nord,Poum,0001,Mairie,653,411,402,3,UC-FLNKS,UC-FLNKS,111,27.611940298507463,164.02565823453438,-20.232335490929035
Province Nord,Poum,0001,Mairie,653,411,402,4,Faire Pays,Faire Pays,16,3.9800995024875623,164.02565823453438,-20.232335490929035
Province Nord,Poum,0001,Mairie,653,411,402,5,Union nationale pour l'indépendance,UNI,168,41.791044776119406,164.02565823453438,-20.232335490929035
Province Nord,Poum,0002,Tiabet,448,280,279,1,Agissons ensemble pour le Nord,LL-LR Nord,6,2.150537634408602,164.0259384508845,-20.127138518272172
Province Nord,Poum,0002,Tiabet,448,280,279,2,Alternative Nord pour un pays souverain,Alternative Nord,3,1.075268817204301,164.0259384508845,-20.127138518272172
Province Nord,Poum,0002,Tiabet,448,280,279,3,UC-FLNKS,UC-FLNKS,128,45.878136200716845,164.0259384508845,-20.127138518272172
Province Nord,Poum,0002,Tiabet,448,280,279,4,Faire Pays,Faire Pays,0,0,164.0259384508845,-20.127138518272172
Province Nord,Poum,0002,Tiabet,448,280,279,5,Union nationale pour l'indépendance,UNI,142,50.89605734767025,164.0259384508845,-20.127138518272172
Province Nord,Poum,0003,La maison des femmes d'Arama,418,245,244,1,Agissons ensemble pour le Nord,LL-LR Nord,5,2.0491803278688523,164.20258021961365,-20.252916819670393
Province Nord,Poum,0003,La maison des femmes d'Arama,418,245,244,2,Alternative Nord pour un pays souverain,Alternative Nord,20,8.19672131147541,164.20258021961365,-20.252916819670393
Province Nord,Poum,0003,La maison des femmes d'Arama,418,245,244,3,UC-FLNKS,UC-FLNKS,149,61.0655737704918,164.20258021961365,-20.252916819670393
Province Nord,Poum,0003,La maison des femmes d'Arama,418,245,244,4,Faire Pays,Faire Pays,4,1.639344262295082,164.20258021961365,-20.252916819670393
Province Nord,Poum,0003,La maison des femmes d'Arama,418,245,244,5,Union nationale pour l'indépendance,UNI,66,27.049180327868854,164.20258021961365,-20.252916819670393
Province Nord,Pouébo,0001,Mairie,750,372,372,1,Agissons ensemble pour le Nord,LL-LR Nord,3,0.8064516129032258,164.5872015210802,-20.399273159074973
Province Nord,Pouébo,0001,Mairie,750,372,372,2,Alternative Nord pour un pays souverain,Alternative Nord,13,3.4946236559139785,164.5872015210802,-20.399273159074973
Province Nord,Pouébo,0001,Mairie,750,372,372,3,UC-FLNKS,UC-FLNKS,195,52.41935483870968,164.5872015210802,-20.399273159074973
Province Nord,Pouébo,0001,Mairie,750,372,372,4,Faire Pays,Faire Pays,12,3.225806451612903,164.5872015210802,-20.399273159074973
Province Nord,Pouébo,0001,Mairie,750,372,372,5,Union nationale pour l'indépendance,UNI,149,40.053763440860216,164.5872015210802,-20.399273159074973
Province Nord,Pouébo,0002,Saint Denis Balade,587,297,296,1,Agissons ensemble pour le Nord,LL-LR Nord,15,5.0675675675675675,164.49963895578423,-20.310000557096696
Province Nord,Pouébo,0002,Saint Denis Balade,587,297,296,2,Alternative Nord pour un pays souverain,Alternative Nord,18,6.081081081081081,164.49963895578423,-20.310000557096696
Province Nord,Pouébo,0002,Saint Denis Balade,587,297,296,3,UC-FLNKS,UC-FLNKS,122,41.21621621621622,164.49963895578423,-20.310000557096696
Province Nord,Pouébo,0002,Saint Denis Balade,587,297,296,4,Faire Pays,Faire Pays,2,0.6756756756756757,164.49963895578423,-20.310000557096696
Province Nord,Pouébo,0002,Saint Denis Balade,587,297,296,5,Union nationale pour l'indépendance,UNI,139,46.95945945945946,164.49963895578423,-20.310000557096696
Province Nord,Pouébo,0003,Yambé,405,190,189,1,Agissons ensemble pour le Nord,LL-LR Nord,0,0,164.658766232452,-20.439464504971355
Province Nord,Pouébo,0003,Yambé,405,190,189,2,Alternative Nord pour un pays souverain,Alternative Nord,29,15.343915343915343,164.658766232452,-20.439464504971355
Province Nord,Pouébo,0003,Yambé,405,190,189,3,UC-FLNKS,UC-FLNKS,95,50.264550264550266,164.658766232452,-20.439464504971355
Province Nord,Pouébo,0003,Yambé,405,190,189,4,Faire Pays,Faire Pays,1,0.5291005291005291,164.658766232452,-20.439464504971355
Province Nord,Pouébo,0003,Yambé,405,190,189,5,Union nationale pour l'indépendance,UNI,64,33.86243386243386,164.658766232452,-20.439464504971355
Province Nord,Pouébo,0004,Saint-Louis,542,314,308,1,Agissons ensemble pour le Nord,LL-LR Nord,6,1.948051948051948,164.56475883280652,-20.370617010719258
Province Nord,Pouébo,0004,Saint-Louis,542,314,308,2,Alternative Nord pour un pays souverain,Alternative Nord,56,18.181818181818183,164.56475883280652,-20.370617010719258
Province Nord,Pouébo,0004,Saint-Louis,542,314,308,3,UC-FLNKS,UC-FLNKS,114,37.01298701298701,164.56475883280652,-20.370617010719258
Province Nord,Pouébo,0004,Saint-Louis,542,314,308,4,Faire Pays,Faire Pays,3,0.974025974025974,164.56475883280652,-20.370617010719258
Province Nord,Pouébo,0004,Saint-Louis,542,314,308,5,Union nationale pour l'indépendance,UNI,129,41.883116883116884,164.56475883280652,-20.370617010719258
Province Nord,Pouébo,0005,Colnett,119,59,57,1,Agissons ensemble pour le Nord,LL-LR Nord,2,3.508771929824561,164.73002659765442,-20.4756971674156
Province Nord,Pouébo,0005,Colnett,119,59,57,2,Alternative Nord pour un pays souverain,Alternative Nord,10,17.54385964912281,164.73002659765442,-20.4756971674156
Province Nord,Pouébo,0005,Colnett,119,59,57,3,UC-FLNKS,UC-FLNKS,35,61.40350877192982,164.73002659765442,-20.4756971674156
Province Nord,Pouébo,0005,Colnett,119,59,57,4,Faire Pays,Faire Pays,1,1.7543859649122806,164.73002659765442,-20.4756971674156
Province Nord,Pouébo,0005,Colnett,119,59,57,5,Union nationale pour l'indépendance,UNI,9,15.789473684210526,164.73002659765442,-20.4756971674156
Province Nord,Poya Nord,0001,Salle ancienne mairie,574,380,366,1,Agissons ensemble pour le Nord,LL-LR Nord,115,31.420765027322403,164.99768585786552,-21.326893497720405
Province Nord,Poya Nord,0001,Salle ancienne mairie,574,380,366,2,Alternative Nord pour un pays souverain,Alternative Nord,57,15.573770491803279,164.99768585786552,-21.326893497720405
Province Nord,Poya Nord,0001,Salle ancienne mairie,574,380,366,3,UC-FLNKS,UC-FLNKS,85,23.224043715846996,164.99768585786552,-21.326893497720405
Province Nord,Poya Nord,0001,Salle ancienne mairie,574,380,366,4,Faire Pays,Faire Pays,8,2.185792349726776,164.99768585786552,-21.326893497720405
Province Nord,Poya Nord,0001,Salle ancienne mairie,574,380,366,5,Union nationale pour l'indépendance,UNI,101,27.595628415300546,164.99768585786552,-21.326893497720405
Province Nord,Poya Nord,0002,Gohapin,493,356,353,1,Agissons ensemble pour le Nord,LL-LR Nord,0,0,165.27390161257972,-21.22505994951149
Province Nord,Poya Nord,0002,Gohapin,493,356,353,2,Alternative Nord pour un pays souverain,Alternative Nord,1,0.28328611898017,165.27390161257972,-21.22505994951149
Province Nord,Poya Nord,0002,Gohapin,493,356,353,3,UC-FLNKS,UC-FLNKS,337,95.46742209631728,165.27390161257972,-21.22505994951149
Province Nord,Poya Nord,0002,Gohapin,493,356,353,4,Faire Pays,Faire Pays,3,0.8498583569405099,165.27390161257972,-21.22505994951149
Province Nord,Poya Nord,0002,Gohapin,493,356,353,5,Union nationale pour l'indépendance,UNI,12,3.3994334277620397,165.27390161257972,-21.22505994951149
Province Nord,Poya Nord,0003,Salle des fêtes de Népoui,761,463,448,1,Agissons ensemble pour le Nord,LL-LR Nord,167,37.276785714285715,164.99768585786552,-21.326893497720405
Province Nord,Poya Nord,0003,Salle des fêtes de Népoui,761,463,448,2,Alternative Nord pour un pays souverain,Alternative Nord,16,3.5714285714285716,164.99768585786552,-21.326893497720405
Province Nord,Poya Nord,0003,Salle des fêtes de Népoui,761,463,448,3,UC-FLNKS,UC-FLNKS,129,28.794642857142858,164.99768585786552,-21.326893497720405
Province Nord,Poya Nord,0003,Salle des fêtes de Népoui,761,463,448,4,Faire Pays,Faire Pays,30,6.696428571428571,164.99768585786552,-21.326893497720405
Province Nord,Poya Nord,0003,Salle des fêtes de Népoui,761,463,448,5,Union nationale pour l'indépendance,UNI,106,23.660714285714285,164.99768585786552,-21.326893497720405
Province Nord,Poya Nord,0004,Montfaoué,264,165,163,1,Agissons ensemble pour le Nord,LL-LR Nord,0,0,165.2933124776928,-21.277955211764784
Province Nord,Poya Nord,0004,Montfaoué,264,165,163,2,Alternative Nord pour un pays souverain,Alternative Nord,50,30.67484662576687,165.2933124776928,-21.277955211764784
Province Nord,Poya Nord,0004,Montfaoué,264,165,163,3,UC-FLNKS,UC-FLNKS,55,33.74233128834356,165.2933124776928,-21.277955211764784
Province Nord,Poya Nord,0004,Montfaoué,264,165,163,4,Faire Pays,Faire Pays,5,3.067484662576687,165.2933124776928,-21.277955211764784
Province Nord,Poya Nord,0004,Montfaoué,264,165,163,5,Union nationale pour l'indépendance,UNI,53,32.515337423312886,165.2933124776928,-21.277955211764784
Province Nord,Poya Nord,0006,Nékliai,203,148,148,1,Agissons ensemble pour le Nord,LL-LR Nord,9,6.081081081081081,165.1862986905251,-21.29493580556391
Province Nord,Poya Nord,0006,Nékliai,203,148,148,2,Alternative Nord pour un pays souverain,Alternative Nord,15,10.135135135135135,165.1862986905251,-21.29493580556391
Province Nord,Poya Nord,0006,Nékliai,203,148,148,3,UC-FLNKS,UC-FLNKS,89,60.13513513513514,165.1862986905251,-21.29493580556391
Province Nord,Poya Nord,0006,Nékliai,203,148,148,4,Faire Pays,Faire Pays,8,5.405405405405405,165.1862986905251,-21.29493580556391
Province Nord,Poya Nord,0006,Nékliai,203,148,148,5,Union nationale pour l'indépendance,UNI,27,18.243243243243242,165.1862986905251,-21.29493580556391
Province Nord,Touho,0001,Mairie,1013,623,613,1,Agissons ensemble pour le Nord,LL-LR Nord,101,16.476345840130506,165.23869122747195,-20.77975735338533
Province Nord,Touho,0001,Mairie,1013,623,613,2,Alternative Nord pour un pays souverain,Alternative Nord,18,2.936378466557912,165.23869122747195,-20.77975735338533
Province Nord,Touho,0001,Mairie,1013,623,613,3,UC-FLNKS,UC-FLNKS,206,33.605220228384994,165.23869122747195,-20.77975735338533
Province Nord,Touho,0001,Mairie,1013,623,613,4,Faire Pays,Faire Pays,17,2.7732463295269167,165.23869122747195,-20.77975735338533
Province Nord,Touho,0001,Mairie,1013,623,613,5,Union nationale pour l'indépendance,UNI,271,44.208809135399676,165.23869122747195,-20.77975735338533
Province Nord,Touho,0002,Téganpaîk,234,120,114,1,Agissons ensemble pour le Nord,LL-LR Nord,2,1.7543859649122806,165.04706639545026,-20.742192862631615
Province Nord,Touho,0002,Téganpaîk,234,120,114,2,Alternative Nord pour un pays souverain,Alternative Nord,5,4.385964912280702,165.04706639545026,-20.742192862631615
Province Nord,Touho,0002,Téganpaîk,234,120,114,3,UC-FLNKS,UC-FLNKS,62,54.3859649122807,165.04706639545026,-20.742192862631615
Province Nord,Touho,0002,Téganpaîk,234,120,114,4,Faire Pays,Faire Pays,2,1.7543859649122806,165.04706639545026,-20.742192862631615
Province Nord,Touho,0002,Téganpaîk,234,120,114,5,Union nationale pour l'indépendance,UNI,43,37.719298245614034,165.04706639545026,-20.742192862631615
Province Nord,Touho,0003,Kokingone,316,188,186,1,Agissons ensemble pour le Nord,LL-LR Nord,2,1.075268817204301,165.25551905392797,-20.85522530725118
Province Nord,Touho,0003,Kokingone,316,188,186,2,Alternative Nord pour un pays souverain,Alternative Nord,3,1.6129032258064515,165.25551905392797,-20.85522530725118
Province Nord,Touho,0003,Kokingone,316,188,186,3,UC-FLNKS,UC-FLNKS,85,45.69892473118279,165.25551905392797,-20.85522530725118
Province Nord,Touho,0003,Kokingone,316,188,186,4,Faire Pays,Faire Pays,2,1.075268817204301,165.25551905392797,-20.85522530725118
Province Nord,Touho,0003,Kokingone,316,188,186,5,Union nationale pour l'indépendance,UNI,94,50.53763440860215,165.25551905392797,-20.85522530725118
Province Nord,Touho,0004,Paola,408,254,253,1,Agissons ensemble pour le Nord,LL-LR Nord,2,0.7905138339920948,165.1103595238747,-20.77393379422664
Province Nord,Touho,0004,Paola,408,254,253,2,Alternative Nord pour un pays souverain,Alternative Nord,4,1.5810276679841897,165.1103595238747,-20.77393379422664
Province Nord,Touho,0004,Paola,408,254,253,3,UC-FLNKS,UC-FLNKS,61,24.110671936758894,165.1103595238747,-20.77393379422664
Province Nord,Touho,0004,Paola,408,254,253,4,Faire Pays,Faire Pays,3,1.1857707509881423,165.1103595238747,-20.77393379422664
Province Nord,Touho,0004,Paola,408,254,253,5,Union nationale pour l'indépendance,UNI,183,72.33201581027669,165.1103595238747,-20.77393379422664
Province Nord,Voh,0001,Mairie,727,441,426,1,Agissons ensemble pour le Nord,LL-LR Nord,223,52.347417840375584,164.686182051524,-20.9488288857597
Province Nord,Voh,0001,Mairie,727,441,426,2,Alternative Nord pour un pays souverain,Alternative Nord,14,3.2863849765258215,164.686182051524,-20.9488288857597
Province Nord,Voh,0001,Mairie,727,441,426,3,UC-FLNKS,UC-FLNKS,51,11.971830985915492,164.686182051524,-20.9488288857597
Province Nord,Voh,0001,Mairie,727,441,426,4,Faire Pays,Faire Pays,40,9.389671361502348,164.686182051524,-20.9488288857597
Province Nord,Voh,0001,Mairie,727,441,426,5,Union nationale pour l'indépendance,UNI,98,23.004694835680752,164.686182051524,-20.9488288857597
Province Nord,Voh,0002,Témala,317,219,214,1,Agissons ensemble pour le Nord,LL-LR Nord,92,42.99065420560748,164.689267929949,-20.87135077045
Province Nord,Voh,0002,Témala,317,219,214,2,Alternative Nord pour un pays souverain,Alternative Nord,5,2.336448598130841,164.689267929949,-20.87135077045
Province Nord,Voh,0002,Témala,317,219,214,3,UC-FLNKS,UC-FLNKS,37,17.289719626168225,164.689267929949,-20.87135077045
Province Nord,Voh,0002,Témala,317,219,214,4,Faire Pays,Faire Pays,10,4.672897196261682,164.689267929949,-20.87135077045
Province Nord,Voh,0002,Témala,317,219,214,5,Union nationale pour l'indépendance,UNI,70,32.71028037383178,164.689267929949,-20.87135077045
Province Nord,Voh,0003,Ouengo,54,41,41,1,Agissons ensemble pour le Nord,LL-LR Nord,0,0,164.74217311646055,-20.784454291123556
Province Nord,Voh,0003,Ouengo,54,41,41,2,Alternative Nord pour un pays souverain,Alternative Nord,0,0,164.74217311646055,-20.784454291123556
Province Nord,Voh,0003,Ouengo,54,41,41,3,UC-FLNKS,UC-FLNKS,0,0,164.74217311646055,-20.784454291123556
Province Nord,Voh,0003,Ouengo,54,41,41,4,Faire Pays,Faire Pays,0,0,164.74217311646055,-20.784454291123556
Province Nord,Voh,0003,Ouengo,54,41,41,5,Union nationale pour l'indépendance,UNI,41,100,164.74217311646055,-20.784454291123556
Province Nord,Voh,0004,Local socio-éducatif de TIETA,277,189,189,1,Agissons ensemble pour le Nord,LL-LR Nord,5,2.6455026455026456,164.740133724095,-20.9210724511979
Province Nord,Voh,0004,Local socio-éducatif de TIETA,277,189,189,2,Alternative Nord pour un pays souverain,Alternative Nord,13,6.878306878306878,164.740133724095,-20.9210724511979
Province Nord,Voh,0004,Local socio-éducatif de TIETA,277,189,189,3,UC-FLNKS,UC-FLNKS,42,22.22222222222222,164.740133724095,-20.9210724511979
Province Nord,Voh,0004,Local socio-éducatif de TIETA,277,189,189,4,Faire Pays,Faire Pays,7,3.7037037037037037,164.740133724095,-20.9210724511979
Province Nord,Voh,0004,Local socio-éducatif de TIETA,277,189,189,5,Union nationale pour l'indépendance,UNI,122,64.55026455026454,164.740133724095,-20.9210724511979
Province Nord,Voh,0005,Local socio-éducatif de OUNDJO,359,225,221,1,Agissons ensemble pour le Nord,LL-LR Nord,4,1.8099547511312217,164.697579851987,-21.0373781816945
Province Nord,Voh,0005,Local socio-éducatif de OUNDJO,359,225,221,2,Alternative Nord pour un pays souverain,Alternative Nord,4,1.8099547511312217,164.697579851987,-21.0373781816945
Province Nord,Voh,0005,Local socio-éducatif de OUNDJO,359,225,221,3,UC-FLNKS,UC-FLNKS,53,23.981900452488688,164.697579851987,-21.0373781816945
Province Nord,Voh,0005,Local socio-éducatif de OUNDJO,359,225,221,4,Faire Pays,Faire Pays,1,0.45248868778280543,164.697579851987,-21.0373781816945
Province Nord,Voh,0005,Local socio-éducatif de OUNDJO,359,225,221,5,Union nationale pour l'indépendance,UNI,159,71.94570135746606,164.697579851987,-21.0373781816945
Province Nord,Voh,0006,Ecole publique de BOYEN,202,137,134,1,Agissons ensemble pour le Nord,LL-LR Nord,7,5.223880597014926,164.666715225632,-20.9652133930634
Province Nord,Voh,0006,Ecole publique de BOYEN,202,137,134,2,Alternative Nord pour un pays souverain,Alternative Nord,7,5.223880597014926,164.666715225632,-20.9652133930634
Province Nord,Voh,0006,Ecole publique de BOYEN,202,137,134,3,UC-FLNKS,UC-FLNKS,58,43.28358208955224,164.666715225632,-20.9652133930634
Province Nord,Voh,0006,Ecole publique de BOYEN,202,137,134,4,Faire Pays,Faire Pays,3,2.2388059701492535,164.666715225632,-20.9652133930634
Province Nord,Voh,0006,Ecole publique de BOYEN,202,137,134,5,Union nationale pour l'indépendance,UNI,59,44.02985074626866,164.666715225632,-20.9652133930634
Province Nord,Voh,0007,Local socio-éducatif de TEMALA,358,265,263,1,Agissons ensemble pour le Nord,LL-LR Nord,0,0,164.740133724095,-20.9210724511979
Province Nord,Voh,0007,Local socio-éducatif de TEMALA,358,265,263,2,Alternative Nord pour un pays souverain,Alternative Nord,14,5.32319391634981,164.740133724095,-20.9210724511979
Province Nord,Voh,0007,Local socio-éducatif de TEMALA,358,265,263,3,UC-FLNKS,UC-FLNKS,37,14.068441064638783,164.740133724095,-20.9210724511979
Province Nord,Voh,0007,Local socio-éducatif de TEMALA,358,265,263,4,Faire Pays,Faire Pays,1,0.38022813688212925,164.740133724095,-20.9210724511979
Province Nord,Voh,0007,Local socio-éducatif de TEMALA,358,265,263,5,Union nationale pour l'indépendance,UNI,211,80.22813688212928,164.740133724095,-20.9210724511979
Province Nord,Voh,0008,Socio-éducatif de GATOPE,138,93,88,1,Agissons ensemble pour le Nord,LL-LR Nord,2,2.272727272727273,164.66949443382563,-20.965828575807695
Province Nord,Voh,0008,Socio-éducatif de GATOPE,138,93,88,2,Alternative Nord pour un pays souverain,Alternative Nord,3,3.409090909090909,164.66949443382563,-20.965828575807695
Province Nord,Voh,0008,Socio-éducatif de GATOPE,138,93,88,3,UC-FLNKS,UC-FLNKS,40,45.45454545454545,164.66949443382563,-20.965828575807695
Province Nord,Voh,0008,Socio-éducatif de GATOPE,138,93,88,4,Faire Pays,Faire Pays,0,0,164.66949443382563,-20.965828575807695
Province Nord,Voh,0008,Socio-éducatif de GATOPE,138,93,88,5,Union nationale pour l'indépendance,UNI,43,48.86363636363637,164.66949443382563,-20.965828575807695
Province des Iles,Lifou,0001,Salle de mariage - mairie de Lifou,645,349,346,1,Palika Îles,Palika Îles,46,13.294797687861271,164.9011843365689,-21.121493041727785
Province des Iles,Lifou,0001,Salle de mariage - mairie de Lifou,645,349,346,2,Un nouveau souffle,Un nouveau souffle,9,2.601156069364162,164.9011843365689,-21.121493041727785
Province des Iles,Lifou,0001,Salle de mariage - mairie de Lifou,645,349,346,3,Baselaia,Baselaia,17,4.913294797687861,164.9011843365689,-21.121493041727785
Province des Iles,Lifou,0001,Salle de mariage - mairie de Lifou,645,349,346,4,Nation autochtone,Nation autochtone / DA,84,24.277456647398843,164.9011843365689,-21.121493041727785
Province des Iles,Lifou,0001,Salle de mariage - mairie de Lifou,645,349,346,5,UC-FLNKS Îles,UC-FLNKS Îles,69,19.942196531791907,164.9011843365689,-21.121493041727785
Province des Iles,Lifou,0001,Salle de mariage - mairie de Lifou,645,349,346,6,S'engager et œuvrer,UPK,8,2.3121387283236996,164.9011843365689,-21.121493041727785
Province des Iles,Lifou,0001,Salle de mariage - mairie de Lifou,645,349,346,7,Union pour construire dans le consensus,UCC,113,32.65895953757225,164.9011843365689,-21.121493041727785
Province des Iles,Lifou,0002,Xépénéhé,625,352,326,1,Palika Îles,Palika Îles,22,6.748466257668712,167.15272048120752,-20.78265899014055
Province des Iles,Lifou,0002,Xépénéhé,625,352,326,2,Un nouveau souffle,Un nouveau souffle,4,1.2269938650306749,167.15272048120752,-20.78265899014055
Province des Iles,Lifou,0002,Xépénéhé,625,352,326,3,Baselaia,Baselaia,1,0.3067484662576687,167.15272048120752,-20.78265899014055
Province des Iles,Lifou,0002,Xépénéhé,625,352,326,4,Nation autochtone,Nation autochtone / DA,111,34.04907975460123,167.15272048120752,-20.78265899014055
Province des Iles,Lifou,0002,Xépénéhé,625,352,326,5,UC-FLNKS Îles,UC-FLNKS Îles,129,39.57055214723926,167.15272048120752,-20.78265899014055
Province des Iles,Lifou,0002,Xépénéhé,625,352,326,6,S'engager et œuvrer,UPK,1,0.3067484662576687,167.15272048120752,-20.78265899014055
Province des Iles,Lifou,0002,Xépénéhé,625,352,326,7,Union pour construire dans le consensus,UCC,58,17.791411042944784,167.15272048120752,-20.78265899014055
Province des Iles,Lifou,0003,Drueulu,747,391,391,1,Palika Îles,Palika Îles,126,32.22506393861892,167.07853761275717,-20.930242999544458
Province des Iles,Lifou,0003,Drueulu,747,391,391,2,Un nouveau souffle,Un nouveau souffle,3,0.7672634271099744,167.07853761275717,-20.930242999544458
Province des Iles,Lifou,0003,Drueulu,747,391,391,3,Baselaia,Baselaia,9,2.3017902813299234,167.07853761275717,-20.930242999544458
Province des Iles,Lifou,0003,Drueulu,747,391,391,4,Nation autochtone,Nation autochtone / DA,68,17.391304347826086,167.07853761275717,-20.930242999544458
Province des Iles,Lifou,0003,Drueulu,747,391,391,5,UC-FLNKS Îles,UC-FLNKS Îles,153,39.130434782608695,167.07853761275717,-20.930242999544458
Province des Iles,Lifou,0003,Drueulu,747,391,391,6,S'engager et œuvrer,UPK,5,1.278772378516624,167.07853761275717,-20.930242999544458
Province des Iles,Lifou,0003,Drueulu,747,391,391,7,Union pour construire dans le consensus,UCC,27,6.90537084398977,167.07853761275717,-20.930242999544458
Province des Iles,Lifou,0004,Jozip,387,243,241,1,Palika Îles,Palika Îles,131,54.356846473029044,167.34721888788647,-20.940435542649407
Province des Iles,Lifou,0004,Jozip,387,243,241,2,Un nouveau souffle,Un nouveau souffle,2,0.8298755186721992,167.34721888788647,-20.940435542649407
Province des Iles,Lifou,0004,Jozip,387,243,241,3,Baselaia,Baselaia,2,0.8298755186721992,167.34721888788647,-20.940435542649407
Province des Iles,Lifou,0004,Jozip,387,243,241,4,Nation autochtone,Nation autochtone / DA,29,12.033195020746888,167.34721888788647,-20.940435542649407
Province des Iles,Lifou,0004,Jozip,387,243,241,5,UC-FLNKS Îles,UC-FLNKS Îles,45,18.672199170124482,167.34721888788647,-20.940435542649407
Province des Iles,Lifou,0004,Jozip,387,243,241,6,S'engager et œuvrer,UPK,2,0.8298755186721992,167.34721888788647,-20.940435542649407
Province des Iles,Lifou,0004,Jozip,387,243,241,7,Union pour construire dans le consensus,UCC,30,12.448132780082988,167.34721888788647,-20.940435542649407
Province des Iles,Lifou,0005,Jokin,456,217,212,1,Palika Îles,Palika Îles,14,6.60377358490566,167.16447665584124,-20.703384020726688
Province des Iles,Lifou,0005,Jokin,456,217,212,2,Un nouveau souffle,Un nouveau souffle,0,0,167.16447665584124,-20.703384020726688
Province des Iles,Lifou,0005,Jokin,456,217,212,3,Baselaia,Baselaia,4,1.8867924528301887,167.16447665584124,-20.703384020726688
Province des Iles,Lifou,0005,Jokin,456,217,212,4,Nation autochtone,Nation autochtone / DA,43,20.28301886792453,167.16447665584124,-20.703384020726688
Province des Iles,Lifou,0005,Jokin,456,217,212,5,UC-FLNKS Îles,UC-FLNKS Îles,85,40.094339622641506,167.16447665584124,-20.703384020726688
Province des Iles,Lifou,0005,Jokin,456,217,212,6,S'engager et œuvrer,UPK,1,0.4716981132075472,167.16447665584124,-20.703384020726688
Province des Iles,Lifou,0005,Jokin,456,217,212,7,Union pour construire dans le consensus,UCC,65,30.660377358490567,167.16447665584124,-20.703384020726688
Province des Iles,Lifou,0006,Hmelek,394,157,153,1,Palika Îles,Palika Îles,26,16.99346405228758,167.28575148149378,-21.047986298100245
Province des Iles,Lifou,0006,Hmelek,394,157,153,2,Un nouveau souffle,Un nouveau souffle,14,9.15032679738562,167.28575148149378,-21.047986298100245
Province des Iles,Lifou,0006,Hmelek,394,157,153,3,Baselaia,Baselaia,4,2.6143790849673203,167.28575148149378,-21.047986298100245
Province des Iles,Lifou,0006,Hmelek,394,157,153,4,Nation autochtone,Nation autochtone / DA,30,19.607843137254903,167.28575148149378,-21.047986298100245
Province des Iles,Lifou,0006,Hmelek,394,157,153,5,UC-FLNKS Îles,UC-FLNKS Îles,65,42.48366013071895,167.28575148149378,-21.047986298100245
Province des Iles,Lifou,0006,Hmelek,394,157,153,6,S'engager et œuvrer,UPK,2,1.3071895424836601,167.28575148149378,-21.047986298100245
Province des Iles,Lifou,0006,Hmelek,394,157,153,7,Union pour construire dans le consensus,UCC,12,7.8431372549019605,167.28575148149378,-21.047986298100245
Province des Iles,Lifou,0007,Mou,546,269,268,1,Palika Îles,Palika Îles,75,27.98507462686567,167.41341301025318,-21.092299627592674
Province des Iles,Lifou,0007,Mou,546,269,268,2,Un nouveau souffle,Un nouveau souffle,20,7.462686567164179,167.41341301025318,-21.092299627592674
Province des Iles,Lifou,0007,Mou,546,269,268,3,Baselaia,Baselaia,2,0.746268656716418,167.41341301025318,-21.092299627592674
Province des Iles,Lifou,0007,Mou,546,269,268,4,Nation autochtone,Nation autochtone / DA,49,18.28358208955224,167.41341301025318,-21.092299627592674
Province des Iles,Lifou,0007,Mou,546,269,268,5,UC-FLNKS Îles,UC-FLNKS Îles,97,36.19402985074627,167.41341301025318,-21.092299627592674
Province des Iles,Lifou,0007,Mou,546,269,268,6,S'engager et œuvrer,UPK,0,0,167.41341301025318,-21.092299627592674
Province des Iles,Lifou,0007,Mou,546,269,268,7,Union pour construire dans le consensus,UCC,25,9.328358208955224,167.41341301025318,-21.092299627592674
Province des Iles,Lifou,0008,Hnathalo,641,376,373,1,Palika Îles,Palika Îles,82,21.98391420911528,167.20569292168463,-20.72173372554335
Province des Iles,Lifou,0008,Hnathalo,641,376,373,2,Un nouveau souffle,Un nouveau souffle,2,0.5361930294906166,167.20569292168463,-20.72173372554335
Province des Iles,Lifou,0008,Hnathalo,641,376,373,3,Baselaia,Baselaia,13,3.485254691689008,167.20569292168463,-20.72173372554335
Province des Iles,Lifou,0008,Hnathalo,641,376,373,4,Nation autochtone,Nation autochtone / DA,15,4.021447721179625,167.20569292168463,-20.72173372554335
Province des Iles,Lifou,0008,Hnathalo,641,376,373,5,UC-FLNKS Îles,UC-FLNKS Îles,224,60.05361930294906,167.20569292168463,-20.72173372554335
Province des Iles,Lifou,0008,Hnathalo,641,376,373,6,S'engager et œuvrer,UPK,6,1.6085790884718498,167.20569292168463,-20.72173372554335
Province des Iles,Lifou,0008,Hnathalo,641,376,373,7,Union pour construire dans le consensus,UCC,31,8.310991957104557,167.20569292168463,-20.72173372554335
Province des Iles,Lifou,0009,Hnacaöm,222,104,102,1,Palika Îles,Palika Îles,10,9.803921568627452,167.20569292168463,-20.72173372554335
Province des Iles,Lifou,0009,Hnacaöm,222,104,102,2,Un nouveau souffle,Un nouveau souffle,3,2.9411764705882355,167.20569292168463,-20.72173372554335
Province des Iles,Lifou,0009,Hnacaöm,222,104,102,3,Baselaia,Baselaia,2,1.9607843137254901,167.20569292168463,-20.72173372554335
Province des Iles,Lifou,0009,Hnacaöm,222,104,102,4,Nation autochtone,Nation autochtone / DA,11,10.784313725490197,167.20569292168463,-20.72173372554335
Province des Iles,Lifou,0009,Hnacaöm,222,104,102,5,UC-FLNKS Îles,UC-FLNKS Îles,60,58.8235294117647,167.20569292168463,-20.72173372554335
Province des Iles,Lifou,0009,Hnacaöm,222,104,102,6,S'engager et œuvrer,UPK,2,1.9607843137254901,167.20569292168463,-20.72173372554335
Province des Iles,Lifou,0009,Hnacaöm,222,104,102,7,Union pour construire dans le consensus,UCC,14,13.72549019607843,167.20569292168463,-20.72173372554335
Province des Iles,Lifou,0010,Siloam,345,188,182,1,Palika Îles,Palika Îles,18,9.89010989010989,167.10495154784974,-20.76013449602238
Province des Iles,Lifou,0010,Siloam,345,188,182,2,Un nouveau souffle,Un nouveau souffle,5,2.7472527472527473,167.10495154784974,-20.76013449602238
Province des Iles,Lifou,0010,Siloam,345,188,182,3,Baselaia,Baselaia,1,0.5494505494505495,167.10495154784974,-20.76013449602238
Province des Iles,Lifou,0010,Siloam,345,188,182,4,Nation autochtone,Nation autochtone / DA,9,4.945054945054945,167.10495154784974,-20.76013449602238
Province des Iles,Lifou,0010,Siloam,345,188,182,5,UC-FLNKS Îles,UC-FLNKS Îles,139,76.37362637362638,167.10495154784974,-20.76013449602238
Province des Iles,Lifou,0010,Siloam,345,188,182,6,S'engager et œuvrer,UPK,1,0.5494505494505495,167.10495154784974,-20.76013449602238
Province des Iles,Lifou,0010,Siloam,345,188,182,7,Union pour construire dans le consensus,UCC,9,4.945054945054945,167.10495154784974,-20.76013449602238
Province des Iles,Lifou,0011,Wasany,353,158,156,1,Palika Îles,Palika Îles,46,29.487179487179485,167.37793880476198,-21.00787866730366
Province des Iles,Lifou,0011,Wasany,353,158,156,2,Un nouveau souffle,Un nouveau souffle,2,1.2820512820512822,167.37793880476198,-21.00787866730366
Province des Iles,Lifou,0011,Wasany,353,158,156,3,Baselaia,Baselaia,3,1.9230769230769231,167.37793880476198,-21.00787866730366
Province des Iles,Lifou,0011,Wasany,353,158,156,4,Nation autochtone,Nation autochtone / DA,33,21.153846153846153,167.37793880476198,-21.00787866730366
Province des Iles,Lifou,0011,Wasany,353,158,156,5,UC-FLNKS Îles,UC-FLNKS Îles,58,37.17948717948718,167.37793880476198,-21.00787866730366
Province des Iles,Lifou,0011,Wasany,353,158,156,6,S'engager et œuvrer,UPK,5,3.2051282051282053,167.37793880476198,-21.00787866730366
Province des Iles,Lifou,0011,Wasany,353,158,156,7,Union pour construire dans le consensus,UCC,9,5.769230769230769,167.37793880476198,-21.00787866730366
Province des Iles,Lifou,0012,Tiga,175,47,47,1,Palika Îles,Palika Îles,2,4.25531914893617,167.79672481501146,-21.094104177809253
Province des Iles,Lifou,0012,Tiga,175,47,47,2,Un nouveau souffle,Un nouveau souffle,0,0,167.79672481501146,-21.094104177809253
Province des Iles,Lifou,0012,Tiga,175,47,47,3,Baselaia,Baselaia,0,0,167.79672481501146,-21.094104177809253
Province des Iles,Lifou,0012,Tiga,175,47,47,4,Nation autochtone,Nation autochtone / DA,25,53.191489361702125,167.79672481501146,-21.094104177809253
Province des Iles,Lifou,0012,Tiga,175,47,47,5,UC-FLNKS Îles,UC-FLNKS Îles,7,14.893617021276595,167.79672481501146,-21.094104177809253
Province des Iles,Lifou,0012,Tiga,175,47,47,6,S'engager et œuvrer,UPK,0,0,167.79672481501146,-21.094104177809253
Province des Iles,Lifou,0012,Tiga,175,47,47,7,Union pour construire dans le consensus,UCC,13,27.659574468085108,167.79672481501146,-21.094104177809253
Province des Iles,Lifou,0013,Luecila,744,454,449,1,Palika Îles,Palika Îles,112,24.94432071269488,167.25787949950455,-20.900908884449866
Province des Iles,Lifou,0013,Luecila,744,454,449,2,Un nouveau souffle,Un nouveau souffle,9,2.0044543429844097,167.25787949950455,-20.900908884449866
Province des Iles,Lifou,0013,Luecila,744,454,449,3,Baselaia,Baselaia,12,2.6726057906458798,167.25787949950455,-20.900908884449866
Province des Iles,Lifou,0013,Luecila,744,454,449,4,Nation autochtone,Nation autochtone / DA,30,6.6815144766147,167.25787949950455,-20.900908884449866
Province des Iles,Lifou,0013,Luecila,744,454,449,5,UC-FLNKS Îles,UC-FLNKS Îles,47,10.46770601336303,167.25787949950455,-20.900908884449866
Province des Iles,Lifou,0013,Luecila,744,454,449,6,S'engager et œuvrer,UPK,9,2.0044543429844097,167.25787949950455,-20.900908884449866
Province des Iles,Lifou,0013,Luecila,744,454,449,7,Union pour construire dans le consensus,UCC,230,51.224944320712694,167.25787949950455,-20.900908884449866
Province des Iles,Lifou,0014,Hapetra,415,252,249,1,Palika Îles,Palika Îles,109,43.77510040160642,167.14706004416075,-20.93025342048714
Province des Iles,Lifou,0014,Hapetra,415,252,249,2,Un nouveau souffle,Un nouveau souffle,2,0.8032128514056225,167.14706004416075,-20.93025342048714
Province des Iles,Lifou,0014,Hapetra,415,252,249,3,Baselaia,Baselaia,3,1.2048192771084338,167.14706004416075,-20.93025342048714
Province des Iles,Lifou,0014,Hapetra,415,252,249,4,Nation autochtone,Nation autochtone / DA,28,11.244979919678714,167.14706004416075,-20.93025342048714
Province des Iles,Lifou,0014,Hapetra,415,252,249,5,UC-FLNKS Îles,UC-FLNKS Îles,84,33.734939759036145,167.14706004416075,-20.93025342048714
Province des Iles,Lifou,0014,Hapetra,415,252,249,6,S'engager et œuvrer,UPK,4,1.606425702811245,167.14706004416075,-20.93025342048714
Province des Iles,Lifou,0014,Hapetra,415,252,249,7,Union pour construire dans le consensus,UCC,19,7.6305220883534135,167.14706004416075,-20.93025342048714
Province des Iles,Lifou,0015,Nang,406,204,199,1,Palika Îles,Palika Îles,54,27.1356783919598,167.2237643213265,-20.78244820991056
Province des Iles,Lifou,0015,Nang,406,204,199,2,Un nouveau souffle,Un nouveau souffle,3,1.5075376884422111,167.2237643213265,-20.78244820991056
Province des Iles,Lifou,0015,Nang,406,204,199,3,Baselaia,Baselaia,1,0.5025125628140703,167.2237643213265,-20.78244820991056
Province des Iles,Lifou,0015,Nang,406,204,199,4,Nation autochtone,Nation autochtone / DA,23,11.557788944723619,167.2237643213265,-20.78244820991056
Province des Iles,Lifou,0015,Nang,406,204,199,5,UC-FLNKS Îles,UC-FLNKS Îles,82,41.20603015075377,167.2237643213265,-20.78244820991056
Province des Iles,Lifou,0015,Nang,406,204,199,6,S'engager et œuvrer,UPK,2,1.0050251256281406,167.2237643213265,-20.78244820991056
Province des Iles,Lifou,0015,Nang,406,204,199,7,Union pour construire dans le consensus,UCC,34,17.08542713567839,167.2237643213265,-20.78244820991056
Province des Iles,Lifou,0016,Xodre,173,74,74,1,Palika Îles,Palika Îles,27,36.486486486486484,167.41059644422373,-21.127373900931634
Province des Iles,Lifou,0016,Xodre,173,74,74,2,Un nouveau souffle,Un nouveau souffle,4,5.405405405405405,167.41059644422373,-21.127373900931634
Province des Iles,Lifou,0016,Xodre,173,74,74,3,Baselaia,Baselaia,0,0,167.41059644422373,-21.127373900931634
Province des Iles,Lifou,0016,Xodre,173,74,74,4,Nation autochtone,Nation autochtone / DA,2,2.7027027027027026,167.41059644422373,-21.127373900931634
Province des Iles,Lifou,0016,Xodre,173,74,74,5,UC-FLNKS Îles,UC-FLNKS Îles,35,47.2972972972973,167.41059644422373,-21.127373900931634
Province des Iles,Lifou,0016,Xodre,173,74,74,6,S'engager et œuvrer,UPK,1,1.3513513513513513,167.41059644422373,-21.127373900931634
Province des Iles,Lifou,0016,Xodre,173,74,74,7,Union pour construire dans le consensus,UCC,5,6.756756756756757,167.41059644422373,-21.127373900931634
Province des Iles,Lifou,0017,Huiwatrul,450,255,252,1,Palika Îles,Palika Îles,107,42.46031746031746,167.34969330586503,-21.090299188696775
Province des Iles,Lifou,0017,Huiwatrul,450,255,252,2,Un nouveau souffle,Un nouveau souffle,2,0.7936507936507936,167.34969330586503,-21.090299188696775
Province des Iles,Lifou,0017,Huiwatrul,450,255,252,3,Baselaia,Baselaia,0,0,167.34969330586503,-21.090299188696775
Province des Iles,Lifou,0017,Huiwatrul,450,255,252,4,Nation autochtone,Nation autochtone / DA,5,1.9841269841269842,167.34969330586503,-21.090299188696775
Province des Iles,Lifou,0017,Huiwatrul,450,255,252,5,UC-FLNKS Îles,UC-FLNKS Îles,121,48.01587301587302,167.34969330586503,-21.090299188696775
Province des Iles,Lifou,0017,Huiwatrul,450,255,252,6,S'engager et œuvrer,UPK,7,2.7777777777777777,167.34969330586503,-21.090299188696775
Province des Iles,Lifou,0017,Huiwatrul,450,255,252,7,Union pour construire dans le consensus,UCC,10,3.9682539682539684,167.34969330586503,-21.090299188696775
Province des Iles,Lifou,0018,Wedrumel,371,208,207,1,Palika Îles,Palika Îles,48,23.18840579710145,167.1109551627598,-20.984726331890663
Province des Iles,Lifou,0018,Wedrumel,371,208,207,2,Un nouveau souffle,Un nouveau souffle,3,1.4492753623188406,167.1109551627598,-20.984726331890663
Province des Iles,Lifou,0018,Wedrumel,371,208,207,3,Baselaia,Baselaia,6,2.898550724637681,167.1109551627598,-20.984726331890663
Province des Iles,Lifou,0018,Wedrumel,371,208,207,4,Nation autochtone,Nation autochtone / DA,9,4.3478260869565215,167.1109551627598,-20.984726331890663
Province des Iles,Lifou,0018,Wedrumel,371,208,207,5,UC-FLNKS Îles,UC-FLNKS Îles,122,58.93719806763285,167.1109551627598,-20.984726331890663
Province des Iles,Lifou,0018,Wedrumel,371,208,207,6,S'engager et œuvrer,UPK,4,1.932367149758454,167.1109551627598,-20.984726331890663
Province des Iles,Lifou,0018,Wedrumel,371,208,207,7,Union pour construire dans le consensus,UCC,15,7.246376811594203,167.1109551627598,-20.984726331890663
Province des Iles,Lifou,0019,Traput,402,268,266,1,Palika Îles,Palika Îles,59,22.18045112781955,167.30947771877948,-20.931287472634196
Province des Iles,Lifou,0019,Traput,402,268,266,2,Un nouveau souffle,Un nouveau souffle,6,2.255639097744361,167.30947771877948,-20.931287472634196
Province des Iles,Lifou,0019,Traput,402,268,266,3,Baselaia,Baselaia,1,0.37593984962406013,167.30947771877948,-20.931287472634196
Province des Iles,Lifou,0019,Traput,402,268,266,4,Nation autochtone,Nation autochtone / DA,4,1.5037593984962405,167.30947771877948,-20.931287472634196
Province des Iles,Lifou,0019,Traput,402,268,266,5,UC-FLNKS Îles,UC-FLNKS Îles,186,69.92481203007519,167.30947771877948,-20.931287472634196
Province des Iles,Lifou,0019,Traput,402,268,266,6,S'engager et œuvrer,UPK,4,1.5037593984962405,167.30947771877948,-20.931287472634196
Province des Iles,Lifou,0019,Traput,402,268,266,7,Union pour construire dans le consensus,UCC,6,2.255639097744361,167.30947771877948,-20.931287472634196
Province des Iles,Lifou,0020,Kedeigne,470,341,339,1,Palika Îles,Palika Îles,216,63.716814159292035,167.21465752873138,-21.037060872425982
Province des Iles,Lifou,0020,Kedeigne,470,341,339,2,Un nouveau souffle,Un nouveau souffle,8,2.359882005899705,167.21465752873138,-21.037060872425982
Province des Iles,Lifou,0020,Kedeigne,470,341,339,3,Baselaia,Baselaia,2,0.5899705014749262,167.21465752873138,-21.037060872425982
Province des Iles,Lifou,0020,Kedeigne,470,341,339,4,Nation autochtone,Nation autochtone / DA,2,0.5899705014749262,167.21465752873138,-21.037060872425982
Province des Iles,Lifou,0020,Kedeigne,470,341,339,5,UC-FLNKS Îles,UC-FLNKS Îles,86,25.36873156342183,167.21465752873138,-21.037060872425982
Province des Iles,Lifou,0020,Kedeigne,470,341,339,6,S'engager et œuvrer,UPK,13,3.8348082595870205,167.21465752873138,-21.037060872425982
Province des Iles,Lifou,0020,Kedeigne,470,341,339,7,Union pour construire dans le consensus,UCC,12,3.5398230088495577,167.21465752873138,-21.037060872425982
Province des Iles,Lifou,0021,Tingeting,297,129,125,1,Palika Îles,Palika Îles,49,39.2,167.26667509635985,-20.741613827760364
Province des Iles,Lifou,0021,Tingeting,297,129,125,2,Un nouveau souffle,Un nouveau souffle,4,3.2,167.26667509635985,-20.741613827760364
Province des Iles,Lifou,0021,Tingeting,297,129,125,3,Baselaia,Baselaia,10,8,167.26667509635985,-20.741613827760364
Province des Iles,Lifou,0021,Tingeting,297,129,125,4,Nation autochtone,Nation autochtone / DA,10,8,167.26667509635985,-20.741613827760364
Province des Iles,Lifou,0021,Tingeting,297,129,125,5,UC-FLNKS Îles,UC-FLNKS Îles,19,15.2,167.26667509635985,-20.741613827760364
Province des Iles,Lifou,0021,Tingeting,297,129,125,6,S'engager et œuvrer,UPK,3,2.4,167.26667509635985,-20.741613827760364
Province des Iles,Lifou,0021,Tingeting,297,129,125,7,Union pour construire dans le consensus,UCC,30,24,167.26667509635985,-20.741613827760364
Province des Iles,Lifou,0022,Hunëtë,234,104,103,1,Palika Îles,Palika Îles,15,14.563106796116505,167.09364365001284,-20.763254184835077
Province des Iles,Lifou,0022,Hunëtë,234,104,103,2,Un nouveau souffle,Un nouveau souffle,1,0.970873786407767,167.09364365001284,-20.763254184835077
Province des Iles,Lifou,0022,Hunëtë,234,104,103,3,Baselaia,Baselaia,2,1.941747572815534,167.09364365001284,-20.763254184835077
Province des Iles,Lifou,0022,Hunëtë,234,104,103,4,Nation autochtone,Nation autochtone / DA,7,6.796116504854369,167.09364365001284,-20.763254184835077
Province des Iles,Lifou,0022,Hunëtë,234,104,103,5,UC-FLNKS Îles,UC-FLNKS Îles,75,72.81553398058253,167.09364365001284,-20.763254184835077
Province des Iles,Lifou,0022,Hunëtë,234,104,103,6,S'engager et œuvrer,UPK,1,0.970873786407767,167.09364365001284,-20.763254184835077
Province des Iles,Lifou,0022,Hunëtë,234,104,103,7,Union pour construire dans le consensus,UCC,2,1.941747572815534,167.09364365001284,-20.763254184835077
Province des Iles,Lifou,0023,Luengoni,342,207,203,1,Palika Îles,Palika Îles,13,6.403940886699507,167.4090226,-21.033997
Province des Iles,Lifou,0023,Luengoni,342,207,203,2,Un nouveau souffle,Un nouveau souffle,7,3.4482758620689653,167.4090226,-21.033997
Province des Iles,Lifou,0023,Luengoni,342,207,203,3,Baselaia,Baselaia,1,0.49261083743842365,167.4090226,-21.033997
Province des Iles,Lifou,0023,Luengoni,342,207,203,4,Nation autochtone,Nation autochtone / DA,14,6.896551724137931,167.4090226,-21.033997
Province des Iles,Lifou,0023,Luengoni,342,207,203,5,UC-FLNKS Îles,UC-FLNKS Îles,156,76.84729064039409,167.4090226,-21.033997
Province des Iles,Lifou,0023,Luengoni,342,207,203,6,S'engager et œuvrer,UPK,0,0,167.4090226,-21.033997
Province des Iles,Lifou,0023,Luengoni,342,207,203,7,Union pour construire dans le consensus,UCC,12,5.911330049261084,167.4090226,-21.033997
Province des Iles,Lifou,0024,Hnanemuhaetra,155,65,65,1,Palika Îles,Palika Îles,6,9.23076923076923,167.2208209830944,-20.707970338645733
Province des Iles,Lifou,0024,Hnanemuhaetra,155,65,65,2,Un nouveau souffle,Un nouveau souffle,3,4.615384615384615,167.2208209830944,-20.707970338645733
Province des Iles,Lifou,0024,Hnanemuhaetra,155,65,65,3,Baselaia,Baselaia,4,6.153846153846154,167.2208209830944,-20.707970338645733
Province des Iles,Lifou,0024,Hnanemuhaetra,155,65,65,4,Nation autochtone,Nation autochtone / DA,4,6.153846153846154,167.2208209830944,-20.707970338645733
Province des Iles,Lifou,0024,Hnanemuhaetra,155,65,65,5,UC-FLNKS Îles,UC-FLNKS Îles,35,53.84615384615385,167.2208209830944,-20.707970338645733
Province des Iles,Lifou,0024,Hnanemuhaetra,155,65,65,6,S'engager et œuvrer,UPK,0,0,167.2208209830944,-20.707970338645733
Province des Iles,Lifou,0024,Hnanemuhaetra,155,65,65,7,Union pour construire dans le consensus,UCC,13,20,167.2208209830944,-20.707970338645733
Province des Iles,Lifou,0025,Hnassé,250,129,129,1,Palika Îles,Palika Îles,30,23.25581395348837,167.26043772263108,-20.9143896938111
Province des Iles,Lifou,0025,Hnassé,250,129,129,2,Un nouveau souffle,Un nouveau souffle,3,2.3255813953488373,167.26043772263108,-20.9143896938111
Province des Iles,Lifou,0025,Hnassé,250,129,129,3,Baselaia,Baselaia,4,3.10077519379845,167.26043772263108,-20.9143896938111
Province des Iles,Lifou,0025,Hnassé,250,129,129,4,Nation autochtone,Nation autochtone / DA,4,3.10077519379845,167.26043772263108,-20.9143896938111
Province des Iles,Lifou,0025,Hnassé,250,129,129,5,UC-FLNKS Îles,UC-FLNKS Îles,25,19.37984496124031,167.26043772263108,-20.9143896938111
Province des Iles,Lifou,0025,Hnassé,250,129,129,6,S'engager et œuvrer,UPK,13,10.077519379844961,167.26043772263108,-20.9143896938111
Province des Iles,Lifou,0025,Hnassé,250,129,129,7,Union pour construire dans le consensus,UCC,50,38.75968992248062,167.26043772263108,-20.9143896938111
Province des Iles,Lifou,0026,Kirinata,174,97,97,1,Palika Îles,Palika Îles,16,16.49484536082474,167.24979496278135,-20.81569061412791
Province des Iles,Lifou,0026,Kirinata,174,97,97,2,Un nouveau souffle,Un nouveau souffle,0,0,167.24979496278135,-20.81569061412791
Province des Iles,Lifou,0026,Kirinata,174,97,97,3,Baselaia,Baselaia,3,3.0927835051546393,167.24979496278135,-20.81569061412791
Province des Iles,Lifou,0026,Kirinata,174,97,97,4,Nation autochtone,Nation autochtone / DA,3,3.0927835051546393,167.24979496278135,-20.81569061412791
Province des Iles,Lifou,0026,Kirinata,174,97,97,5,UC-FLNKS Îles,UC-FLNKS Îles,57,58.76288659793814,167.24979496278135,-20.81569061412791
Province des Iles,Lifou,0026,Kirinata,174,97,97,6,S'engager et œuvrer,UPK,1,1.0309278350515463,167.24979496278135,-20.81569061412791
Province des Iles,Lifou,0026,Kirinata,174,97,97,7,Union pour construire dans le consensus,UCC,17,17.52577319587629,167.24979496278135,-20.81569061412791
Province des Iles,Lifou,0027,Thuahaick,241,127,126,1,Palika Îles,Palika Îles,32,25.396825396825395,166.456104572757,-22.2355536217178
Province des Iles,Lifou,0027,Thuahaick,241,127,126,2,Un nouveau souffle,Un nouveau souffle,0,0,166.456104572757,-22.2355536217178
Province des Iles,Lifou,0027,Thuahaick,241,127,126,3,Baselaia,Baselaia,0,0,166.456104572757,-22.2355536217178
Province des Iles,Lifou,0027,Thuahaick,241,127,126,4,Nation autochtone,Nation autochtone / DA,8,6.349206349206349,166.456104572757,-22.2355536217178
Province des Iles,Lifou,0027,Thuahaick,241,127,126,5,UC-FLNKS Îles,UC-FLNKS Îles,75,59.523809523809526,166.456104572757,-22.2355536217178
Province des Iles,Lifou,0027,Thuahaick,241,127,126,6,S'engager et œuvrer,UPK,9,7.142857142857143,166.456104572757,-22.2355536217178
Province des Iles,Lifou,0027,Thuahaick,241,127,126,7,Union pour construire dans le consensus,UCC,2,1.5873015873015872,166.456104572757,-22.2355536217178
Province des Iles,Lifou,0028,Easo-Ewë,132,76,69,1,Palika Îles,Palika Îles,2,2.898550724637681,166.456104572757,-22.2355536217178
Province des Iles,Lifou,0028,Easo-Ewë,132,76,69,2,Un nouveau souffle,Un nouveau souffle,0,0,166.456104572757,-22.2355536217178
Province des Iles,Lifou,0028,Easo-Ewë,132,76,69,3,Baselaia,Baselaia,2,2.898550724637681,166.456104572757,-22.2355536217178
Province des Iles,Lifou,0028,Easo-Ewë,132,76,69,4,Nation autochtone,Nation autochtone / DA,16,23.18840579710145,166.456104572757,-22.2355536217178
Province des Iles,Lifou,0028,Easo-Ewë,132,76,69,5,UC-FLNKS Îles,UC-FLNKS Îles,37,53.6231884057971,166.456104572757,-22.2355536217178
Province des Iles,Lifou,0028,Easo-Ewë,132,76,69,6,S'engager et œuvrer,UPK,1,1.4492753623188406,166.456104572757,-22.2355536217178
Province des Iles,Lifou,0028,Easo-Ewë,132,76,69,7,Union pour construire dans le consensus,UCC,11,15.942028985507246,166.456104572757,-22.2355536217178
Province des Iles,Maré,0001,Tadine,586,433,428,1,Palika Îles,Palika Îles,42,9.813084112149532,167.88122247564291,-21.54648900532693
Province des Iles,Maré,0001,Tadine,586,433,428,2,Un nouveau souffle,Un nouveau souffle,0,0,167.88122247564291,-21.54648900532693
Province des Iles,Maré,0001,Tadine,586,433,428,3,Baselaia,Baselaia,0,0,167.88122247564291,-21.54648900532693
Province des Iles,Maré,0001,Tadine,586,433,428,4,Nation autochtone,Nation autochtone / DA,288,67.28971962616822,167.88122247564291,-21.54648900532693
Province des Iles,Maré,0001,Tadine,586,433,428,5,UC-FLNKS Îles,UC-FLNKS Îles,67,15.654205607476635,167.88122247564291,-21.54648900532693
Province des Iles,Maré,0001,Tadine,586,433,428,6,S'engager et œuvrer,UPK,0,0,167.88122247564291,-21.54648900532693
Province des Iles,Maré,0001,Tadine,586,433,428,7,Union pour construire dans le consensus,UCC,31,7.242990654205608,167.88122247564291,-21.54648900532693
Province des Iles,Maré,0002,Hnawayetche,644,414,411,1,Palika Îles,Palika Îles,3,0.7299270072992701,167.85931527784155,-21.444202132872793
Province des Iles,Maré,0002,Hnawayetche,644,414,411,2,Un nouveau souffle,Un nouveau souffle,3,0.7299270072992701,167.85931527784155,-21.444202132872793
Province des Iles,Maré,0002,Hnawayetche,644,414,411,3,Baselaia,Baselaia,0,0,167.85931527784155,-21.444202132872793
Province des Iles,Maré,0002,Hnawayetche,644,414,411,4,Nation autochtone,Nation autochtone / DA,325,79.07542579075425,167.85931527784155,-21.444202132872793
Province des Iles,Maré,0002,Hnawayetche,644,414,411,5,UC-FLNKS Îles,UC-FLNKS Îles,65,15.815085158150852,167.85931527784155,-21.444202132872793
Province des Iles,Maré,0002,Hnawayetche,644,414,411,6,S'engager et œuvrer,UPK,2,0.48661800486618007,167.85931527784155,-21.444202132872793
Province des Iles,Maré,0002,Hnawayetche,644,414,411,7,Union pour construire dans le consensus,UCC,13,3.1630170316301705,167.85931527784155,-21.444202132872793
Province des Iles,Maré,0003,Tenane,363,230,229,1,Palika Îles,Palika Îles,29,12.663755458515285,167.89430877263374,-21.40460074703544
Province des Iles,Maré,0003,Tenane,363,230,229,2,Un nouveau souffle,Un nouveau souffle,0,0,167.89430877263374,-21.40460074703544
Province des Iles,Maré,0003,Tenane,363,230,229,3,Baselaia,Baselaia,0,0,167.89430877263374,-21.40460074703544
Province des Iles,Maré,0003,Tenane,363,230,229,4,Nation autochtone,Nation autochtone / DA,158,68.99563318777292,167.89430877263374,-21.40460074703544
Province des Iles,Maré,0003,Tenane,363,230,229,5,UC-FLNKS Îles,UC-FLNKS Îles,37,16.157205240174672,167.89430877263374,-21.40460074703544
Province des Iles,Maré,0003,Tenane,363,230,229,6,S'engager et œuvrer,UPK,1,0.4366812227074236,167.89430877263374,-21.40460074703544
Province des Iles,Maré,0003,Tenane,363,230,229,7,Union pour construire dans le consensus,UCC,4,1.7467248908296944,167.89430877263374,-21.40460074703544
Province des Iles,Maré,0004,Atha,347,204,201,1,Palika Îles,Palika Îles,11,5.472636815920398,168.01753084168095,-21.470451728197048
Province des Iles,Maré,0004,Atha,347,204,201,2,Un nouveau souffle,Un nouveau souffle,0,0,168.01753084168095,-21.470451728197048
Province des Iles,Maré,0004,Atha,347,204,201,3,Baselaia,Baselaia,0,0,168.01753084168095,-21.470451728197048
Province des Iles,Maré,0004,Atha,347,204,201,4,Nation autochtone,Nation autochtone / DA,97,48.25870646766169,168.01753084168095,-21.470451728197048
Province des Iles,Maré,0004,Atha,347,204,201,5,UC-FLNKS Îles,UC-FLNKS Îles,53,26.3681592039801,168.01753084168095,-21.470451728197048
Province des Iles,Maré,0004,Atha,347,204,201,6,S'engager et œuvrer,UPK,0,0,168.01753084168095,-21.470451728197048
Province des Iles,Maré,0004,Atha,347,204,201,7,Union pour construire dans le consensus,UCC,40,19.90049751243781,168.01753084168095,-21.470451728197048
Province des Iles,Maré,0005,Tawainedre,444,231,231,1,Palika Îles,Palika Îles,56,24.242424242424242,168.08527860190287,-21.502551487309265
Province des Iles,Maré,0005,Tawainedre,444,231,231,2,Un nouveau souffle,Un nouveau souffle,0,0,168.08527860190287,-21.502551487309265
Province des Iles,Maré,0005,Tawainedre,444,231,231,3,Baselaia,Baselaia,1,0.4329004329004329,168.08527860190287,-21.502551487309265
Province des Iles,Maré,0005,Tawainedre,444,231,231,4,Nation autochtone,Nation autochtone / DA,103,44.58874458874459,168.08527860190287,-21.502551487309265
Province des Iles,Maré,0005,Tawainedre,444,231,231,5,UC-FLNKS Îles,UC-FLNKS Îles,48,20.77922077922078,168.08527860190287,-21.502551487309265
Province des Iles,Maré,0005,Tawainedre,444,231,231,6,S'engager et œuvrer,UPK,0,0,168.08527860190287,-21.502551487309265
Province des Iles,Maré,0005,Tawainedre,444,231,231,7,Union pour construire dans le consensus,UCC,23,9.956709956709958,168.08527860190287,-21.502551487309265
Province des Iles,Maré,0006,Penelo,779,453,451,1,Palika Îles,Palika Îles,146,32.37250554323725,168.08945780342214,-21.571088655754444
Province des Iles,Maré,0006,Penelo,779,453,451,2,Un nouveau souffle,Un nouveau souffle,1,0.22172949002217296,168.08945780342214,-21.571088655754444
Province des Iles,Maré,0006,Penelo,779,453,451,3,Baselaia,Baselaia,1,0.22172949002217296,168.08945780342214,-21.571088655754444
Province des Iles,Maré,0006,Penelo,779,453,451,4,Nation autochtone,Nation autochtone / DA,176,39.02439024390244,168.08945780342214,-21.571088655754444
Province des Iles,Maré,0006,Penelo,779,453,451,5,UC-FLNKS Îles,UC-FLNKS Îles,91,20.177383592017737,168.08945780342214,-21.571088655754444
Province des Iles,Maré,0006,Penelo,779,453,451,6,S'engager et œuvrer,UPK,5,1.1086474501108647,168.08945780342214,-21.571088655754444
Province des Iles,Maré,0006,Penelo,779,453,451,7,Union pour construire dans le consensus,UCC,31,6.873614190687362,168.08945780342214,-21.571088655754444
Province des Iles,Maré,0007,Wabao,645,432,431,1,Palika Îles,Palika Îles,168,38.97911832946636,167.93937201549338,-21.60210597985789
Province des Iles,Maré,0007,Wabao,645,432,431,2,Un nouveau souffle,Un nouveau souffle,0,0,167.93937201549338,-21.60210597985789
Province des Iles,Maré,0007,Wabao,645,432,431,3,Baselaia,Baselaia,0,0,167.93937201549338,-21.60210597985789
Province des Iles,Maré,0007,Wabao,645,432,431,4,Nation autochtone,Nation autochtone / DA,176,40.835266821345705,167.93937201549338,-21.60210597985789
Province des Iles,Maré,0007,Wabao,645,432,431,5,UC-FLNKS Îles,UC-FLNKS Îles,82,19.02552204176334,167.93937201549338,-21.60210597985789
Province des Iles,Maré,0007,Wabao,645,432,431,6,S'engager et œuvrer,UPK,4,0.9280742459396751,167.93937201549338,-21.60210597985789
Province des Iles,Maré,0007,Wabao,645,432,431,7,Union pour construire dans le consensus,UCC,1,0.23201856148491878,167.93937201549338,-21.60210597985789
Province des Iles,Maré,0008,Nece,762,486,486,1,Palika Îles,Palika Îles,14,2.880658436213992,167.8385405434138,-21.49048664280733
Province des Iles,Maré,0008,Nece,762,486,486,2,Un nouveau souffle,Un nouveau souffle,1,0.205761316872428,167.8385405434138,-21.49048664280733
Province des Iles,Maré,0008,Nece,762,486,486,3,Baselaia,Baselaia,0,0,167.8385405434138,-21.49048664280733
Province des Iles,Maré,0008,Nece,762,486,486,4,Nation autochtone,Nation autochtone / DA,422,86.83127572016461,167.8385405434138,-21.49048664280733
Province des Iles,Maré,0008,Nece,762,486,486,5,UC-FLNKS Îles,UC-FLNKS Îles,38,7.818930041152264,167.8385405434138,-21.49048664280733
Province des Iles,Maré,0008,Nece,762,486,486,6,S'engager et œuvrer,UPK,1,0.205761316872428,167.8385405434138,-21.49048664280733
Province des Iles,Maré,0008,Nece,762,486,486,7,Union pour construire dans le consensus,UCC,10,2.05761316872428,167.8385405434138,-21.49048664280733
Province des Iles,Maré,0009,Ménaku,275,161,159,1,Palika Îles,Palika Îles,4,2.5157232704402515,167.96911686605617,-21.444234250592025
Province des Iles,Maré,0009,Ménaku,275,161,159,2,Un nouveau souffle,Un nouveau souffle,2,1.2578616352201257,167.96911686605617,-21.444234250592025
Province des Iles,Maré,0009,Ménaku,275,161,159,3,Baselaia,Baselaia,1,0.6289308176100629,167.96911686605617,-21.444234250592025
Province des Iles,Maré,0009,Ménaku,275,161,159,4,Nation autochtone,Nation autochtone / DA,123,77.35849056603773,167.96911686605617,-21.444234250592025
Province des Iles,Maré,0009,Ménaku,275,161,159,5,UC-FLNKS Îles,UC-FLNKS Îles,22,13.836477987421384,167.96911686605617,-21.444234250592025
Province des Iles,Maré,0009,Ménaku,275,161,159,6,S'engager et œuvrer,UPK,0,0,167.96911686605617,-21.444234250592025
Province des Iles,Maré,0009,Ménaku,275,161,159,7,Union pour construire dans le consensus,UCC,7,4.40251572327044,167.96911686605617,-21.444234250592025
Province des Iles,Maré,0010,Mebuet,360,239,239,1,Palika Îles,Palika Îles,6,2.510460251046025,167.84863195183632,-21.51331947619321
Province des Iles,Maré,0010,Mebuet,360,239,239,2,Un nouveau souffle,Un nouveau souffle,0,0,167.84863195183632,-21.51331947619321
Province des Iles,Maré,0010,Mebuet,360,239,239,3,Baselaia,Baselaia,0,0,167.84863195183632,-21.51331947619321
Province des Iles,Maré,0010,Mebuet,360,239,239,4,Nation autochtone,Nation autochtone / DA,198,82.84518828451883,167.84863195183632,-21.51331947619321
Province des Iles,Maré,0010,Mebuet,360,239,239,5,UC-FLNKS Îles,UC-FLNKS Îles,22,9.205020920502092,167.84863195183632,-21.51331947619321
Province des Iles,Maré,0010,Mebuet,360,239,239,6,S'engager et œuvrer,UPK,0,0,167.84863195183632,-21.51331947619321
Province des Iles,Maré,0010,Mebuet,360,239,239,7,Union pour construire dans le consensus,UCC,13,5.439330543933054,167.84863195183632,-21.51331947619321
Province des Iles,Maré,0011,Roh,287,171,171,1,Palika Îles,Palika Îles,4,2.3391812865497075,167.86202487687797,-21.39242632802858
Province des Iles,Maré,0011,Roh,287,171,171,2,Un nouveau souffle,Un nouveau souffle,0,0,167.86202487687797,-21.39242632802858
Province des Iles,Maré,0011,Roh,287,171,171,3,Baselaia,Baselaia,0,0,167.86202487687797,-21.39242632802858
Province des Iles,Maré,0011,Roh,287,171,171,4,Nation autochtone,Nation autochtone / DA,143,83.62573099415205,167.86202487687797,-21.39242632802858
Province des Iles,Maré,0011,Roh,287,171,171,5,UC-FLNKS Îles,UC-FLNKS Îles,12,7.017543859649122,167.86202487687797,-21.39242632802858
Province des Iles,Maré,0011,Roh,287,171,171,6,S'engager et œuvrer,UPK,0,0,167.86202487687797,-21.39242632802858
Province des Iles,Maré,0011,Roh,287,171,171,7,Union pour construire dans le consensus,UCC,12,7.017543859649122,167.86202487687797,-21.39242632802858
Province des Iles,Maré,0012,Eni,375,242,241,1,Palika Îles,Palika Îles,75,31.12033195020747,167.94942757221617,-21.62666270346723
Province des Iles,Maré,0012,Eni,375,242,241,2,Un nouveau souffle,Un nouveau souffle,0,0,167.94942757221617,-21.62666270346723
Province des Iles,Maré,0012,Eni,375,242,241,3,Baselaia,Baselaia,0,0,167.94942757221617,-21.62666270346723
Province des Iles,Maré,0012,Eni,375,242,241,4,Nation autochtone,Nation autochtone / DA,112,46.47302904564315,167.94942757221617,-21.62666270346723
Province des Iles,Maré,0012,Eni,375,242,241,5,UC-FLNKS Îles,UC-FLNKS Îles,46,19.08713692946058,167.94942757221617,-21.62666270346723
Province des Iles,Maré,0012,Eni,375,242,241,6,S'engager et œuvrer,UPK,0,0,167.94942757221617,-21.62666270346723
Province des Iles,Maré,0012,Eni,375,242,241,7,Union pour construire dans le consensus,UCC,8,3.319502074688797,167.94942757221617,-21.62666270346723
Province des Iles,Maré,0013,La Roche,671,362,359,1,Palika Îles,Palika Îles,12,3.3426183844011144,168.03155085257677,-21.471745123256497
Province des Iles,Maré,0013,La Roche,671,362,359,2,Un nouveau souffle,Un nouveau souffle,0,0,168.03155085257677,-21.471745123256497
Province des Iles,Maré,0013,La Roche,671,362,359,3,Baselaia,Baselaia,1,0.2785515320334262,168.03155085257677,-21.471745123256497
Province des Iles,Maré,0013,La Roche,671,362,359,4,Nation autochtone,Nation autochtone / DA,177,49.30362116991643,168.03155085257677,-21.471745123256497
Province des Iles,Maré,0013,La Roche,671,362,359,5,UC-FLNKS Îles,UC-FLNKS Îles,119,33.147632311977716,168.03155085257677,-21.471745123256497
Province des Iles,Maré,0013,La Roche,671,362,359,6,S'engager et œuvrer,UPK,1,0.2785515320334262,168.03155085257677,-21.471745123256497
Province des Iles,Maré,0013,La Roche,671,362,359,7,Union pour construire dans le consensus,UCC,49,13.649025069637883,168.03155085257677,-21.471745123256497
Province des Iles,Maré,0014,Tuo,435,294,291,1,Palika Îles,Palika Îles,10,3.4364261168384878,167.89428156445027,-21.49517949257516
Province des Iles,Maré,0014,Tuo,435,294,291,2,Un nouveau souffle,Un nouveau souffle,0,0,167.89428156445027,-21.49517949257516
Province des Iles,Maré,0014,Tuo,435,294,291,3,Baselaia,Baselaia,0,0,167.89428156445027,-21.49517949257516
Province des Iles,Maré,0014,Tuo,435,294,291,4,Nation autochtone,Nation autochtone / DA,221,75.94501718213058,167.89428156445027,-21.49517949257516
Province des Iles,Maré,0014,Tuo,435,294,291,5,UC-FLNKS Îles,UC-FLNKS Îles,55,18.900343642611684,167.89428156445027,-21.49517949257516
Province des Iles,Maré,0014,Tuo,435,294,291,6,S'engager et œuvrer,UPK,0,0,167.89428156445027,-21.49517949257516
Province des Iles,Maré,0014,Tuo,435,294,291,7,Union pour construire dans le consensus,UCC,5,1.7182130584192439,167.89428156445027,-21.49517949257516
Province des Iles,Ouvéa,0001,Mairie,955,409,404,1,Palika Îles,Palika Îles,118,29.207920792079207,166.5351802059145,-20.652759156712985
Province des Iles,Ouvéa,0001,Mairie,955,409,404,2,Un nouveau souffle,Un nouveau souffle,73,18.06930693069307,166.5351802059145,-20.652759156712985
Province des Iles,Ouvéa,0001,Mairie,955,409,404,3,Baselaia,Baselaia,5,1.2376237623762376,166.5351802059145,-20.652759156712985
Province des Iles,Ouvéa,0001,Mairie,955,409,404,4,Nation autochtone,Nation autochtone / DA,45,11.138613861386139,166.5351802059145,-20.652759156712985
Province des Iles,Ouvéa,0001,Mairie,955,409,404,5,UC-FLNKS Îles,UC-FLNKS Îles,151,37.37623762376238,166.5351802059145,-20.652759156712985
Province des Iles,Ouvéa,0001,Mairie,955,409,404,6,S'engager et œuvrer,UPK,0,0,166.5351802059145,-20.652759156712985
Province des Iles,Ouvéa,0001,Mairie,955,409,404,7,Union pour construire dans le consensus,UCC,12,2.9702970297029703,166.5351802059145,-20.652759156712985
Province des Iles,Ouvéa,0002,Fayaoué,844,348,342,1,Palika Îles,Palika Îles,186,54.3859649122807,166.5351802059145,-20.652759156712985
Province des Iles,Ouvéa,0002,Fayaoué,844,348,342,2,Un nouveau souffle,Un nouveau souffle,24,7.017543859649122,166.5351802059145,-20.652759156712985
Province des Iles,Ouvéa,0002,Fayaoué,844,348,342,3,Baselaia,Baselaia,5,1.4619883040935673,166.5351802059145,-20.652759156712985
Province des Iles,Ouvéa,0002,Fayaoué,844,348,342,4,Nation autochtone,Nation autochtone / DA,78,22.80701754385965,166.5351802059145,-20.652759156712985
Province des Iles,Ouvéa,0002,Fayaoué,844,348,342,5,UC-FLNKS Îles,UC-FLNKS Îles,42,12.280701754385966,166.5351802059145,-20.652759156712985
Province des Iles,Ouvéa,0002,Fayaoué,844,348,342,6,S'engager et œuvrer,UPK,0,0,166.5351802059145,-20.652759156712985
Province des Iles,Ouvéa,0002,Fayaoué,844,348,342,7,Union pour construire dans le consensus,UCC,7,2.046783625730994,166.5351802059145,-20.652759156712985
Province des Iles,Ouvéa,0003,Heo,550,289,289,1,Palika Îles,Palika Îles,18,6.228373702422146,166.60278918905198,-20.44905017069691
Province des Iles,Ouvéa,0003,Heo,550,289,289,2,Un nouveau souffle,Un nouveau souffle,17,5.882352941176471,166.60278918905198,-20.44905017069691
Province des Iles,Ouvéa,0003,Heo,550,289,289,3,Baselaia,Baselaia,1,0.3460207612456747,166.60278918905198,-20.44905017069691
Province des Iles,Ouvéa,0003,Heo,550,289,289,4,Nation autochtone,Nation autochtone / DA,50,17.301038062283737,166.60278918905198,-20.44905017069691
Province des Iles,Ouvéa,0003,Heo,550,289,289,5,UC-FLNKS Îles,UC-FLNKS Îles,198,68.5121107266436,166.60278918905198,-20.44905017069691
Province des Iles,Ouvéa,0003,Heo,550,289,289,6,S'engager et œuvrer,UPK,0,0,166.60278918905198,-20.44905017069691
Province des Iles,Ouvéa,0003,Heo,550,289,289,7,Union pour construire dans le consensus,UCC,5,1.7301038062283738,166.60278918905198,-20.44905017069691
Province des Iles,Ouvéa,0004,Mouli,392,181,175,1,Palika Îles,Palika Îles,2,1.1428571428571428,166.42132025613634,-20.72325484847604
Province des Iles,Ouvéa,0004,Mouli,392,181,175,2,Un nouveau souffle,Un nouveau souffle,7,4,166.42132025613634,-20.72325484847604
Province des Iles,Ouvéa,0004,Mouli,392,181,175,3,Baselaia,Baselaia,3,1.7142857142857142,166.42132025613634,-20.72325484847604
Province des Iles,Ouvéa,0004,Mouli,392,181,175,4,Nation autochtone,Nation autochtone / DA,71,40.57142857142857,166.42132025613634,-20.72325484847604
Province des Iles,Ouvéa,0004,Mouli,392,181,175,5,UC-FLNKS Îles,UC-FLNKS Îles,88,50.285714285714285,166.42132025613634,-20.72325484847604
Province des Iles,Ouvéa,0004,Mouli,392,181,175,6,S'engager et œuvrer,UPK,2,1.1428571428571428,166.42132025613634,-20.72325484847604
Province des Iles,Ouvéa,0004,Mouli,392,181,175,7,Union pour construire dans le consensus,UCC,2,1.1428571428571428,166.42132025613634,-20.72325484847604
Province des Iles,Ouvéa,0005,Wénéki,840,345,329,1,Palika Îles,Palika Îles,29,8.814589665653495,166.61213110267843,-20.44626073917101
Province des Iles,Ouvéa,0005,Wénéki,840,345,329,2,Un nouveau souffle,Un nouveau souffle,11,3.3434650455927053,166.61213110267843,-20.44626073917101
Province des Iles,Ouvéa,0005,Wénéki,840,345,329,3,Baselaia,Baselaia,10,3.0395136778115504,166.61213110267843,-20.44626073917101
Province des Iles,Ouvéa,0005,Wénéki,840,345,329,4,Nation autochtone,Nation autochtone / DA,74,22.492401215805472,166.61213110267843,-20.44626073917101
Province des Iles,Ouvéa,0005,Wénéki,840,345,329,5,UC-FLNKS Îles,UC-FLNKS Îles,201,61.09422492401216,166.61213110267843,-20.44626073917101
Province des Iles,Ouvéa,0005,Wénéki,840,345,329,6,S'engager et œuvrer,UPK,0,0,166.61213110267843,-20.44626073917101
Province des Iles,Ouvéa,0005,Wénéki,840,345,329,7,Union pour construire dans le consensus,UCC,4,1.21580547112462,166.61213110267843,-20.44626073917101
Province des Iles,Ouvéa,0006,Ognahut,447,199,195,1,Palika Îles,Palika Îles,49,25.128205128205128,166.55961927804398,-20.65637156152609
Province des Iles,Ouvéa,0006,Ognahut,447,199,195,2,Un nouveau souffle,Un nouveau souffle,9,4.615384615384615,166.55961927804398,-20.65637156152609
Province des Iles,Ouvéa,0006,Ognahut,447,199,195,3,Baselaia,Baselaia,0,0,166.55961927804398,-20.65637156152609
Province des Iles,Ouvéa,0006,Ognahut,447,199,195,4,Nation autochtone,Nation autochtone / DA,53,27.17948717948718,166.55961927804398,-20.65637156152609
Province des Iles,Ouvéa,0006,Ognahut,447,199,195,5,UC-FLNKS Îles,UC-FLNKS Îles,68,34.87179487179487,166.55961927804398,-20.65637156152609
Province des Iles,Ouvéa,0006,Ognahut,447,199,195,6,S'engager et œuvrer,UPK,4,2.051282051282051,166.55961927804398,-20.65637156152609
Province des Iles,Ouvéa,0006,Ognahut,447,199,195,7,Union pour construire dans le consensus,UCC,12,6.153846153846154,166.55961927804398,-20.65637156152609
Province des Iles,Ouvéa,0007,Lekine,300,170,168,1,Palika Îles,Palika Îles,6,3.5714285714285716,166.49017173263093,-20.69359693939266
Province des Iles,Ouvéa,0007,Lekine,300,170,168,2,Un nouveau souffle,Un nouveau souffle,3,1.7857142857142858,166.49017173263093,-20.69359693939266
Province des Iles,Ouvéa,0007,Lekine,300,170,168,3,Baselaia,Baselaia,0,0,166.49017173263093,-20.69359693939266
Province des Iles,Ouvéa,0007,Lekine,300,170,168,4,Nation autochtone,Nation autochtone / DA,89,52.976190476190474,166.49017173263093,-20.69359693939266
Province des Iles,Ouvéa,0007,Lekine,300,170,168,5,UC-FLNKS Îles,UC-FLNKS Îles,68,40.476190476190474,166.49017173263093,-20.69359693939266
Province des Iles,Ouvéa,0007,Lekine,300,170,168,6,S'engager et œuvrer,UPK,0,0,166.49017173263093,-20.69359693939266
Province des Iles,Ouvéa,0007,Lekine,300,170,168,7,Union pour construire dans le consensus,UCC,2,1.1904761904761905,166.49017173263093,-20.69359693939266
