nom_cle_comparaison_2019,nom_cle_comparaison_2026,nom_affiche_2019,province_2019,liste_2019,rang_2019,nom_affiche_2026,province_2026,liste_2026,rang_2026,nom_clean_2019,nom_clean_2026,tokens_2019,tokens_2026,tokens_communs,nb_tokens_communs,nb_tokens_rares_communs,n_tokens_2019,n_tokens_2026,dice_tokens,lev_distance,lev_ratio,meme_province,tokens_non_prenoms_communs,a_token_non_prenom_commun
ALLA WILLIAM,PALADINI WILLIAM,Alla WILLIAM,Province Sud,Alliance citoyenne pour la transition,11,PALADINI William,Province Sud,Pour une Caledonie francaise,17,ALLA WILLIAM ALLA WILLIAM,PALADINI WILLIAM PALADINI WILLIAM,ALLA|WILLIAM,PALADINI|WILLIAM,WILLIAM,1,1,2,2,0.5,12,0.36363636363636365,TRUE,WILLIAM,TRUE
FLORENCE ROLLAND,DALBIEZ ROLLAND,Florence ROLLAND,Province Sud,Caledoniens Ensemble,24,DALBIEZ Rolland,Province Sud,"France Caledonie, une patrie",48,FLORENCE ROLLAND FLORENCE ROLLAND,DALBIEZ ROLLAND DALBIEZ ROLLAND,FLORENCE|ROLLAND,DALBIEZ|ROLLAND,ROLLAND,1,1,2,2,0.5,14,0.42424242424242425,TRUE,ROLLAND,TRUE
MERY TCHAOUNYANE,STEEVE TCHAOUNYANE,Mery TCHAOUNYANE,Province Nord,MNIS Nord,11,TCHAOUNYANE Steeve,Province Nord,UNI,15,MERY TCHAOUNYANE MERY TCHAOUNYANE,STEEVE TCHAOUNYANE TCHAOUNYANE STEEVE,MERY|TCHAOUNYANE,STEEVE|TCHAOUNYANE,TCHAOUNYANE,1,1,2,2,0.5,17,0.4594594594594595,TRUE,TCHAOUNYANE,TRUE
GAIA JAMES,GAIA KATIA,James GAIA,Province Sud,MNIS Sud,15,GAÏA Katia,Province Sud,Un autre monde est possible,22,GAIA JAMES JAMES GAIA,GAIA KATIA GAIA KATIA,GAIA|JAMES,GAIA|KATIA,GAIA,1,1,2,2,0.5,10,0.47619047619047616,TRUE,GAIA,TRUE
NAXUE WARREN,GAVIN WARREN,Warren NAXUE,Province Sud,Construire autrement,3,GAVIN WARREN,Province Sud,Faire Pays,21,NAXUE WARREN WARREN NAXUE,GAVIN WARREN GAVIN WARREN,NAXUE|WARREN,GAVIN|WARREN,WARREN,1,1,2,2,0.5,12,0.48,TRUE,WARREN,TRUE
CYNTHIA UGOLINI,CYNTHIA JAN,Cynthia UGOLINI,Province Sud,Rassemblement national,26,JAN Cynthia,Province Sud,Les Loyalistes et Le Rassemblement,11,CYNTHIA UGOLINI CYNTHIA UGOLINI,CYNTHIA JAN JAN CYNTHIA,CYNTHIA|UGOLINI,CYNTHIA|JAN,CYNTHIA,1,1,2,2,0.5,15,0.4838709677419355,TRUE,CYNTHIA,TRUE
ANNE TILLEWA,MAURICE TILLEWA,Anne TILLEWA,Province des Iles,Parti travailliste,12,e. TILLEWA Maurice,Province des Iles,UC-FLNKS Iles,7,ANNE TILLEWA ANNE TILLEWA,MAURICE TILLEWA E TILLEWA MAURICE,ANNE|TILLEWA,MAURICE|TILLEWA,TILLEWA,1,1,2,2,0.5,16,0.48484848484848486,TRUE,TILLEWA,TRUE
ILAISANE LAUOUVEA,ALICE LAUOUVEA,Ilaisane LAUOUVEA,Province Sud,FLNKS,36,… LAUOUVEA Alice,Province Sud,Alliance Pacifik enracinee,19,ILAISANE LAUOUVEA ILAISANE LAUOUVEA,ALICE LAUOUVEA LAUOUVEA ALICE,ILAISANE|LAUOUVEA,ALICE|LAUOUVEA,LAUOUVEA,1,1,2,2,0.5,17,0.4857142857142857,TRUE,LAUOUVEA,TRUE
CAWIDRONE WAKANUMUNE,ALPHONSE CAWIDRONE,Cawidrone WAKANUMUNE,Province des Iles,Dynamique autochtone,18,CAWIDRONE Alphonse,Province des Iles,UC-FLNKS Iles,23,CAWIDRONE WAKANUMUNE CAWIDRONE WAKANUMUNE,ALPHONSE CAWIDRONE CAWIDRONE ALPHONSE,CAWIDRONE|WAKANUMUNE,ALPHONSE|CAWIDRONE,CAWIDRONE,1,1,2,2,0.5,21,0.5121951219512195,TRUE,CAWIDRONE,TRUE
BERTRAND PERRONNET,BERTRAND TURAUD,Bertrand PERRONNET,Province Sud,Destin commun caledonien,19,TURAUD Bertrand,Province Sud,Une Province pour tous,11,BERTRAND PERRONNET BERTRAND PERRONNET,BERTRAND TURAUD TURAUD BERTRAND,BERTRAND|PERRONNET,BERTRAND|TURAUD,BERTRAND,1,1,2,2,0.5,19,0.5135135135135135,TRUE,BERTRAND,TRUE
FLORENCE ROLLAND,FLORENCE PUJOL,Florence ROLLAND,Province Sud,Caledoniens Ensemble,24,PUJOL FLORENCE,Province Sud,Faire Pays,44,FLORENCE ROLLAND FLORENCE ROLLAND,FLORENCE PUJOL PUJOL FLORENCE,FLORENCE|ROLLAND,FLORENCE|PUJOL,FLORENCE,1,1,2,2,0.5,17,0.5151515151515151,TRUE,FLORENCE,TRUE
FLORENCE ROLLAND,FLORENCE SITU,Florence ROLLAND,Province Sud,Caledoniens Ensemble,24,SITU Florence,Province Sud,"France Caledonie, une patrie",35,FLORENCE ROLLAND FLORENCE ROLLAND,FLORENCE SITU SITU FLORENCE,FLORENCE|ROLLAND,FLORENCE|SITU,FLORENCE,1,1,2,2,0.5,17,0.5151515151515151,TRUE,FLORENCE,TRUE
TAFUSIMAI TOMASI,AMOSALA TOMASI,Tomasi TAFUSIMAI,Province Sud,Destin commun caledonien,27,AMOSALA Tomasi,Province Sud,Alliance Pacifik enracinee,26,TAFUSIMAI TOMASI TOMASI TAFUSIMAI,AMOSALA TOMASI AMOSALA TOMASI,TAFUSIMAI|TOMASI,AMOSALA|TOMASI,TOMASI,1,1,2,2,0.5,17,0.5151515151515151,TRUE,TOMASI,TRUE
AURELIA LUTA,AURELIA KAATEU,Aurélia LUTA,Province Sud,Construire autrement,50,KAATEU AURELIA,Province Sud,Faire Pays,26,AURELIA LUTA AURELIA LUTA,AURELIA KAATEU KAATEU AURELIA,AURELIA|LUTA,AURELIA|KAATEU,AURELIA,1,1,2,2,0.5,15,0.5172413793103449,TRUE,AURELIA,TRUE
FRIDA TINDAO,JUANITA TINDAO,Frida TINDAO,Province Sud,Parti travailliste et forces progressistes,30,TINDAO Juanita,Province Sud,Alliance Pacifik enracinee,17,FRIDA TINDAO FRIDA TINDAO,JUANITA TINDAO TINDAO JUANITA,FRIDA|TINDAO,JUANITA|TINDAO,TINDAO,1,1,2,2,0.5,15,0.5172413793103449,TRUE,TINDAO,TRUE
ALESIO SALIGA,ASINOC SALIGA,Alesio SALIGA,Province Sud,L'Avenir en confiance,14,SALIGA Asinoc,Province Sud,Kanaky pour tous,34,ALESIO SALIGA ALESIO SALIGA,ASINOC SALIGA SALIGA ASINOC,ALESIO|SALIGA,ASINOC|SALIGA,SALIGA,1,1,2,2,0.5,14,0.5185185185185185,TRUE,SALIGA,TRUE
GAIA HARMONIE,GAIA KATIA,Harmonie GAIA,Province Sud,MNIS Sud,14,GAÏA Katia,Province Sud,Un autre monde est possible,22,GAIA HARMONIE HARMONIE GAIA,GAIA KATIA GAIA KATIA,GAIA|HARMONIE,GAIA|KATIA,GAIA,1,1,2,2,0.5,14,0.5185185185185185,TRUE,GAIA,TRUE
LEONE TOLUAFE,SONIA TOLUAFE,Leone TOLUAFE,Province Sud,Parti travailliste et forces progressistes,37,TOLUAFE Sonia,Province Sud,Un autre monde est possible,37,LEONE TOLUAFE LEONE TOLUAFE,SONIA TOLUAFE TOLUAFE SONIA,LEONE|TOLUAFE,SONIA|TOLUAFE,TOLUAFE,1,1,2,2,0.5,14,0.5185185185185185,TRUE,TOLUAFE,TRUE
MARYSE WAMALO,MARYSE SALAUN,Maryse WAMALO,Province Sud,MNIS Sud,24,SALAUN Maryse,Province Sud,"France Caledonie, une patrie",18,MARYSE WAMALO MARYSE WAMALO,MARYSE SALAUN SALAUN MARYSE,MARYSE|WAMALO,MARYSE|SALAUN,MARYSE,1,1,2,2,0.5,14,0.5185185185185185,TRUE,MARYSE,TRUE
KATIA ZAJAC,GAIA KATIA,Katia ZAJAC,Province Sud,Rassemblement national,24,GAÏA Katia,Province Sud,Un autre monde est possible,22,KATIA ZAJAC KATIA ZAJAC,GAIA KATIA GAIA KATIA,KATIA|ZAJAC,GAIA|KATIA,KATIA,1,1,2,2,0.5,12,0.5217391304347826,TRUE,KATIA,TRUE
KENRICK KOINDREDI,BERNADETTE KOINDREDI,Kenrick KOINDREDI,Province Sud,MNIS Sud,7,KOINDREDI BERNADETTE,Province Sud,Un autre monde est possible,49,KENRICK KOINDREDI KENRICK KOINDREDI,BERNADETTE KOINDREDI KOINDREDI BERNADETTE,KENRICK|KOINDREDI,BERNADETTE|KOINDREDI,KOINDREDI,1,1,2,2,0.5,22,0.5365853658536586,TRUE,KOINDREDI,TRUE
RENAUD TCHAOUNYANE,STEEVE TCHAOUNYANE,Renaud TCHAOUNYANE,Province Nord,MNIS Nord,20,TCHAOUNYANE Steeve,Province Nord,UNI,15,RENAUD TCHAOUNYANE RENAUD TCHAOUNYANE,STEEVE TCHAOUNYANE TCHAOUNYANE STEEVE,RENAUD|TCHAOUNYANE,STEEVE|TCHAOUNYANE,TCHAOUNYANE,1,1,2,2,0.5,20,0.5405405405405406,TRUE,TCHAOUNYANE,TRUE
ALPHONSE MILIE,ALPHONSE CAWIDRONE,Alphonse MILIE,Province des Iles,MNIS Iles,22,CAWIDRONE Alphonse,Province des Iles,UC-FLNKS Iles,23,ALPHONSE MILIE ALPHONSE MILIE,ALPHONSE CAWIDRONE CAWIDRONE ALPHONSE,ALPHONSE|MILIE,ALPHONSE|CAWIDRONE,ALPHONSE,1,1,2,2,0.5,20,0.5405405405405406,TRUE,ALPHONSE,TRUE
GOPOEA PETRONILLE,GOPOEA VERONIQUE,Petronille GOPOEA,Province Sud,Construire autrement,48,GOPOEA Véronique,Province Sud,Un autre monde est possible,47,GOPOEA PETRONILLE PETRONILLE GOPOEA,GOPOEA VERONIQUE GOPOEA VERONIQUE,GOPOEA|PETRONILLE,GOPOEA|VERONIQUE,GOPOEA,1,1,2,2,0.5,19,0.5428571428571428,TRUE,GOPOEA,TRUE
ELISAPETA SALIGA,MEITOGA SALIGA,Elisapeta SALIGA,Province Sud,Caledoniens Ensemble,30,SALIGA Meitoga,Province Sud,Une Province pour tous,18,ELISAPETA SALIGA ELISAPETA SALIGA,MEITOGA SALIGA SALIGA MEITOGA,ELISAPETA|SALIGA,MEITOGA|SALIGA,SALIGA,1,1,2,2,0.5,18,0.5454545454545454,TRUE,SALIGA,TRUE
BAUDOEUF LUDOVIC,DRISS LUDOVIC,Ludovic BAUDOEUF,Province Sud,Destin commun caledonien,43,DRISS Ludovic,Province Sud,Pour une Caledonie francaise,27,BAUDOEUF LUDOVIC LUDOVIC BAUDOEUF,DRISS LUDOVIC DRISS LUDOVIC,BAUDOEUF|LUDOVIC,DRISS|LUDOVIC,LUDOVIC,1,1,2,2,0.5,18,0.5454545454545454,TRUE,LUDOVIC,TRUE
LAGNEAU MARTINE,AVARGUEZ MARTINE,Martine LAGNEAU,Province Sud,Caledoniens Ensemble,10,AVARGUEZ Martine,Province Sud,"France Caledonie, une patrie",30,LAGNEAU MARTINE MARTINE LAGNEAU,AVARGUEZ MARTINE AVARGUEZ MARTINE,LAGNEAU|MARTINE,AVARGUEZ|MARTINE,MARTINE,1,1,2,2,0.5,18,0.5454545454545454,TRUE,MARTINE,TRUE
BOB LUCIEN,KATE KATE LUCIEN,Lucien BOB,Province des Iles,Nouvelle vision des Iles,5,"KATE Lucien, Katé",Province des Iles,Baselaia,19,BOB LUCIEN LUCIEN BOB,KATE KATE LUCIEN KATE LUCIEN KATE,BOB|LUCIEN,KATE|LUCIEN,LUCIEN,1,1,2,2,0.5,18,0.5454545454545454,TRUE,LUCIEN,TRUE
AMOSALA BERNARD,AMOSALA TOMASI,Bernard AMOSALA,Province Sud,L'Eveil oceanien,45,AMOSALA Tomasi,Province Sud,Alliance Pacifik enracinee,26,AMOSALA BERNARD BERNARD AMOSALA,AMOSALA TOMASI AMOSALA TOMASI,AMOSALA|BERNARD,AMOSALA|TOMASI,AMOSALA,1,1,2,2,0.5,17,0.5483870967741935,TRUE,AMOSALA,TRUE
DENISE HORNGREN,DENISE WAHEO,Denise HORNGREN,Province Sud,Rassemblement national,20,WAHEO Denise,Province Sud,Kanaky pour tous,38,DENISE HORNGREN DENISE HORNGREN,DENISE WAHEO WAHEO DENISE,DENISE|HORNGREN,DENISE|WAHEO,DENISE,1,1,2,2,0.5,17,0.5483870967741935,TRUE,DENISE,TRUE
EMMANUEL TURI,BERART EMMANUEL,Emmanuel TURI,Province Sud,Caledonie nouvelle et reunie,27,BERART Emmanuel,Province Sud,Les Loyalistes et Le Rassemblement,40,EMMANUEL TURI EMMANUEL TURI,BERART EMMANUEL BERART EMMANUEL,EMMANUEL|TURI,BERART|EMMANUEL,EMMANUEL,1,1,2,2,0.5,17,0.5483870967741935,TRUE,EMMANUEL,TRUE
BABIN LINDSEY,BABIN ELISABETH,Lindsey BABIN,Province Sud,Rassemblement national,8,BABIN Elisabeth,Province Sud,Un espoir pour demain,44,BABIN LINDSEY LINDSEY BABIN,BABIN ELISABETH BABIN ELISABETH,BABIN|LINDSEY,BABIN|ELISABETH,BABIN,1,1,2,2,0.5,17,0.5483870967741935,TRUE,BABIN,TRUE
ALESIO SALIGA,MEITOGA SALIGA,Alesio SALIGA,Province Sud,L'Avenir en confiance,14,SALIGA Meitoga,Province Sud,Une Province pour tous,18,ALESIO SALIGA ALESIO SALIGA,MEITOGA SALIGA SALIGA MEITOGA,ALESIO|SALIGA,MEITOGA|SALIGA,SALIGA,1,1,2,2,0.5,16,0.5517241379310345,TRUE,SALIGA,TRUE
JEROME SIRET,JEROME VAKOUME,Jérôme SIRET,Province Sud,L'Avenir en confiance,40,VAKOUME Jerome,Province Sud,Alliance Pacifik enracinee,6,JEROME SIRET JEROME SIRET,JEROME VAKOUME VAKOUME JEROME,JEROME|SIRET,JEROME|VAKOUME,JEROME,1,1,2,2,0.5,16,0.5517241379310345,TRUE,JEROME,TRUE
MAPERI PASCAL,LAFLEUR PASCAL,Pascal MAPERI,Province Sud,MNIS Sud,21,LAFLEUR Pascal,Province Sud,Un espoir pour demain,1,MAPERI PASCAL PASCAL MAPERI,LAFLEUR PASCAL LAFLEUR PASCAL,MAPERI|PASCAL,LAFLEUR|PASCAL,PASCAL,1,1,2,2,0.5,16,0.5517241379310345,TRUE,PASCAL,TRUE
PIERRE TEUIRA,HEIMANA TEUIRA,Pierre TEUIRA,Province Sud,Destin commun caledonien,37,TEUIRA Heimana,Province Sud,Un autre monde est possible,25,PIERRE TEUIRA PIERRE TEUIRA,HEIMANA TEUIRA TEUIRA HEIMANA,PIERRE|TEUIRA,HEIMANA|TEUIRA,TEUIRA,1,1,2,2,0.5,16,0.5517241379310345,TRUE,TEUIRA,TRUE
GERARD POADJA,EDDY POADJA,Gérard POADJA,Province Nord,Caledoniens Ensemble Nord,1,POADJA Eddy,Province Nord,UNI,19,GERARD POADJA GERARD POADJA,EDDY POADJA POADJA EDDY,GERARD|POADJA,EDDY|POADJA,POADJA,1,1,2,2,0.5,15,0.5555555555555556,TRUE,POADJA,TRUE
GERARD SALAUN,MARYSE SALAUN,Gérard SALAUN,Province Sud,L'Avenir en confiance,50,SALAUN Maryse,Province Sud,"France Caledonie, une patrie",18,GERARD SALAUN GERARD SALAUN,MARYSE SALAUN SALAUN MARYSE,GERARD|SALAUN,MARYSE|SALAUN,SALAUN,1,1,2,2,0.5,15,0.5555555555555556,TRUE,SALAUN,TRUE
MIGUEL WAMALO,MIGUEL POLI,Miguel WAMALO,Province Sud,MNIS Sud,11,POLI Miguel,Province Sud,"France Caledonie, une patrie",40,MIGUEL WAMALO MIGUEL WAMALO,MIGUEL POLI POLI MIGUEL,MIGUEL|WAMALO,MIGUEL|POLI,MIGUEL,1,1,2,2,0.5,15,0.5555555555555556,TRUE,MIGUEL,TRUE
MAPERI PASCAL,MAPERI SAGATO,Pascal MAPERI,Province Sud,MNIS Sud,21,MAPERI Sagato,Province Sud,Unis pour le Pays,7,MAPERI PASCAL PASCAL MAPERI,MAPERI SAGATO MAPERI SAGATO,MAPERI|PASCAL,MAPERI|SAGATO,MAPERI,1,1,2,2,0.5,15,0.5555555555555556,TRUE,MAPERI,TRUE
BRIGITTE TCHAOUNYANE,STEEVE TCHAOUNYANE,Brigitte TCHAOUNYANE,Province Nord,MNIS Nord,29,TCHAOUNYANE Steeve,Province Nord,UNI,15,BRIGITTE TCHAOUNYANE BRIGITTE TCHAOUNYANE,STEEVE TCHAOUNYANE TCHAOUNYANE STEEVE,BRIGITTE|TCHAOUNYANE,STEEVE|TCHAOUNYANE,TCHAOUNYANE,1,1,2,2,0.5,23,0.5609756097560976,TRUE,TCHAOUNYANE,TRUE
ALERTE LAETITIA,CRONSTEADT LAETITIA,Laëtitia ALERTE,Province Sud,Caledonie nouvelle et reunie,18,CRONSTEADT Laëtitia,Province Sud,Un autre monde est possible,6,ALERTE LAETITIA LAETITIA ALERTE,CRONSTEADT LAETITIA CRONSTEADT LAETITIA,ALERTE|LAETITIA,CRONSTEADT|LAETITIA,LAETITIA,1,1,2,2,0.5,22,0.5641025641025641,TRUE,LAETITIA,TRUE
EMMANUEL TURI,EMMANUEL LELEIVAI,Emmanuel TURI,Province Sud,Caledonie nouvelle et reunie,27,LELEIVAÏ Emmanuel,Province Sud,Une Province pour tous,42,EMMANUEL TURI EMMANUEL TURI,EMMANUEL LELEIVAI LELEIVAI EMMANUEL,EMMANUEL|TURI,EMMANUEL|LELEIVAI,EMMANUEL,1,1,2,2,0.5,20,0.5714285714285714,TRUE,EMMANUEL,TRUE
KENRICK KOINDREDI,KOINDREDI MYRIAM,Kenrick KOINDREDI,Province Sud,MNIS Sud,7,KOINDREDI Myriam,Province Sud,Kanaky pour tous,30,KENRICK KOINDREDI KENRICK KOINDREDI,KOINDREDI MYRIAM KOINDREDI MYRIAM,KENRICK|KOINDREDI,KOINDREDI|MYRIAM,KOINDREDI,1,1,2,2,0.5,20,0.5714285714285714,TRUE,KOINDREDI,TRUE
LAURIANE METZDORF,LAURIANE LOMBARD,Lauriane METZDORF,Province Sud,Rassemblement national,18,LOMBARD Lauriane,Province Sud,Pour une Caledonie francaise,42,LAURIANE METZDORF LAURIANE METZDORF,LAURIANE LOMBARD LOMBARD LAURIANE,LAURIANE|METZDORF,LAURIANE|LOMBARD,LAURIANE,1,1,2,2,0.5,20,0.5714285714285714,TRUE,LAURIANE,TRUE
KAWA SONIA,KAWA LEYLA,Sonia KAWA,Province Sud,Parti travailliste et forces progressistes,20,KAWA LEYLA,Province Sud,Faire Pays,36,KAWA SONIA SONIA KAWA,KAWA LEYLA KAWA LEYLA,KAWA|SONIA,KAWA|LEYLA,KAWA,1,1,2,2,0.5,12,0.5714285714285714,TRUE,KAWA,TRUE
CHIPAULT STEPHANE,COURTE STEPHANE,Stephane CHIPAULT,Province Sud,Rassemblement national,9,COURTE STEPHANE,Province Sud,Faire Pays,3,CHIPAULT STEPHANE STEPHANE CHIPAULT,COURTE STEPHANE COURTE STEPHANE,CHIPAULT|STEPHANE,COURTE|STEPHANE,STEPHANE,1,1,2,2,0.5,20,0.5714285714285714,TRUE,STEPHANE,TRUE
CHIPAULT STEPHANE,QUINET STEPHANE,Stephane CHIPAULT,Province Sud,Rassemblement national,9,QUINET Stephane,Province Sud,"France Caledonie, une patrie",5,CHIPAULT STEPHANE STEPHANE CHIPAULT,QUINET STEPHANE QUINET STEPHANE,CHIPAULT|STEPHANE,QUINET|STEPHANE,STEPHANE,1,1,2,2,0.5,20,0.5714285714285714,TRUE,STEPHANE,TRUE
ASHLEY TERIIPAIA,TERIIPAIA WALTER,Ashley TERIIPAIA,Province Sud,Caledonie nouvelle et reunie,12,TERIIPAIA Walter,Province Sud,"France Caledonie, une patrie",25,ASHLEY TERIIPAIA ASHLEY TERIIPAIA,TERIIPAIA WALTER TERIIPAIA WALTER,ASHLEY|TERIIPAIA,TERIIPAIA|WALTER,TERIIPAIA,1,1,2,2,0.5,19,0.5757575757575758,TRUE,TERIIPAIA,TRUE
ELISAPETA SALIGA,ASINOC SALIGA,Elisapeta SALIGA,Province Sud,Caledoniens Ensemble,30,SALIGA Asinoc,Province Sud,Kanaky pour tous,34,ELISAPETA SALIGA ELISAPETA SALIGA,ASINOC SALIGA SALIGA ASINOC,ELISAPETA|SALIGA,ASINOC|SALIGA,SALIGA,1,1,2,2,0.5,19,0.5757575757575758,TRUE,SALIGA,TRUE
KELETAONA MAREVA,HACE MAREVA,Mareva KELETAONA,Province Sud,Alliance citoyenne pour la transition,39,HACE Mareva,Province Sud,Alliance Pacifik enracinee,13,KELETAONA MAREVA MAREVA KELETAONA,HACE MAREVA HACE MAREVA,KELETAONA|MAREVA,HACE|MAREVA,MAREVA,1,1,2,2,0.5,19,0.5757575757575758,TRUE,MAREVA,TRUE
EMILE WAETHEANE,EMILE LAKOREDINE,Emile WAETHEANE,Province des Iles,Unitaire Kanaky Generation,13,LAKOREDINE Emile,Province des Iles,Palika Iles,2,EMILE WAETHEANE EMILE WAETHEANE,EMILE LAKOREDINE LAKOREDINE EMILE,EMILE|WAETHEANE,EMILE|LAKOREDINE,EMILE,1,1,2,2,0.5,19,0.5757575757575758,TRUE,EMILE,TRUE
CHENU GINO,CHENU ISABELLE,Gino CHENU,Province Nord,Agissons pour le Nord,29,CHENU Isabelle,Province Nord,Agissons ensemble pour le Nord,11,CHENU GINO GINO CHENU,CHENU ISABELLE CHENU ISABELLE,CHENU|GINO,CHENU|ISABELLE,CHENU,1,1,2,2,0.5,17,0.5862068965517241,TRUE,CHENU,TRUE
ARMELLE CAGNON,ARMELLE VERONS,Armelle CAGNON,Province Sud,Parti travailliste et forces progressistes,34,VERONS Armelle,Province Sud,Une Province pour tous,14,ARMELLE CAGNON ARMELLE CAGNON,ARMELLE VERONS VERONS ARMELLE,ARMELLE|CAGNON,ARMELLE|VERONS,ARMELLE,1,1,2,2,0.5,17,0.5862068965517241,TRUE,ARMELLE,TRUE
DRISS VANESSA,BOURNE VANESSA,Vanessa DRISS,Province Sud,Destin commun caledonien,32,BOURNE Vanessa,Province Sud,Un espoir pour demain,34,DRISS VANESSA VANESSA DRISS,BOURNE VANESSA BOURNE VANESSA,DRISS|VANESSA,BOURNE|VANESSA,VANESSA,1,1,2,2,0.5,17,0.5862068965517241,TRUE,VANESSA,TRUE
CIMUTRU KARYL,CIMUTRU HELENE,Karyl CIMUTRU,Province des Iles,Unitaire Kanaky Generation,17,CIMUTRU Hélène,Province des Iles,Baselaia,8,CIMUTRU KARYL KARYL CIMUTRU,CIMUTRU HELENE CIMUTRU HELENE,CIMUTRU|KARYL,CIMUTRU|HELENE,CIMUTRU,1,1,2,2,0.5,17,0.5862068965517241,TRUE,CIMUTRU,TRUE
MARCEL WADIENO,ROBERT WADIENO,Marcel WADIENO,Province des Iles,UC-FLNKS,15,WADIENO Robert,Province des Iles,UC-FLNKS Iles,11,MARCEL WADIENO MARCEL WADIENO,ROBERT WADIENO WADIENO ROBERT,MARCEL|WADIENO,ROBERT|WADIENO,WADIENO,1,1,2,2,0.5,17,0.5862068965517241,TRUE,WADIENO,TRUE
ALEXANDRE NEMEBREUX,ALEXANDRE MACHFUL,Alexandre NEMEBREUX,Province Sud,Caledoniens Ensemble,25,MACHFUL Alexandre,Province Sud,"Nous, reunis",3,ALEXANDRE NEMEBREUX ALEXANDRE NEMEBREUX,ALEXANDRE MACHFUL MACHFUL ALEXANDRE,ALEXANDRE|NEMEBREUX,ALEXANDRE|MACHFUL,ALEXANDRE,1,1,2,2,0.5,23,0.5897435897435898,TRUE,ALEXANDRE,TRUE
EUGENE PARAWI,GIANNI PARAWI,Eugène PARAWI,Province Nord,Agissons pour le Nord,31,PARAWI Gianni,Province Nord,Agissons ensemble pour le Nord,20,EUGENE PARAWI EUGENE PARAWI,GIANNI PARAWI PARAWI GIANNI,EUGENE|PARAWI,GIANNI|PARAWI,PARAWI,1,1,2,2,0.5,16,0.5925925925925926,TRUE,PARAWI,TRUE
ALESIO SALIGA,ROMEO SALIGA,Alesio SALIGA,Province Sud,L'Avenir en confiance,14,SALIGA Roméo,Province Sud,Une Province pour tous,34,ALESIO SALIGA ALESIO SALIGA,ROMEO SALIGA SALIGA ROMEO,ALESIO|SALIGA,ROMEO|SALIGA,SALIGA,1,1,2,2,0.5,16,0.5925925925925926,TRUE,SALIGA,TRUE
ANEX RICHARD,COSTA RICHARD,Richard ANEX,Province Sud,Alliance citoyenne pour la transition,42,COSTA RICHARD,Province Sud,Faire Pays,45,ANEX RICHARD RICHARD ANEX,COSTA RICHARD COSTA RICHARD,ANEX|RICHARD,COSTA|RICHARD,RICHARD,1,1,2,2,0.5,16,0.5925925925925926,TRUE,RICHARD,TRUE
DRISS VANESSA,BEOU VANESSA,Vanessa DRISS,Province Sud,Destin commun caledonien,32,BEOU Vanessa,Province Sud,Alliance Pacifik enracinee,43,DRISS VANESSA VANESSA DRISS,BEOU VANESSA BEOU VANESSA,DRISS|VANESSA,BEOU|VANESSA,VANESSA,1,1,2,2,0.5,16,0.5925925925925926,TRUE,VANESSA,TRUE
ALEXANDRE MARTINEZ,ALEXANDRE MACHFUL,Alexandre MARTINEZ,Province Sud,Alliance citoyenne pour la transition,8,MACHFUL Alexandre,Province Sud,"Nous, reunis",3,ALEXANDRE MARTINEZ ALEXANDRE MARTINEZ,ALEXANDRE MACHFUL MACHFUL ALEXANDRE,ALEXANDRE|MARTINEZ,ALEXANDRE|MACHFUL,ALEXANDRE,1,1,2,2,0.5,22,0.5945945945945946,TRUE,ALEXANDRE,TRUE
ERIC ESCHENBRENNER,ERIC STREETER,Eric ESCHENBRENNER,Province Sud,L'Avenir en confiance,46,STREETER ERIC,Province Sud,Faire Pays,41,ERIC ESCHENBRENNER ERIC ESCHENBRENNER,ERIC STREETER STREETER ERIC,ERIC|ESCHENBRENNER,ERIC|STREETER,ERIC,1,1,2,2,0.5,22,0.5945945945945946,TRUE,ERIC,TRUE
DE GRESLAN LUDOVIC,DRISS LUDOVIC,Ludovic DE GRESLAN,Province Sud,Rassemblement national,17,DRISS Ludovic,Province Sud,Pour une Caledonie francaise,27,DE GRESLAN LUDOVIC LUDOVIC DE GRESLAN,DRISS LUDOVIC DRISS LUDOVIC,GRESLAN|LUDOVIC,DRISS|LUDOVIC,LUDOVIC,1,1,2,2,0.5,22,0.5945945945945946,TRUE,LUDOVIC,TRUE
LAGNEAU MARTINE,BOUTEILLER MARTINE,Martine LAGNEAU,Province Sud,Caledoniens Ensemble,10,BOUTEILLER Martine,Province Sud,"Nous, reunis",10,LAGNEAU MARTINE MARTINE LAGNEAU,BOUTEILLER MARTINE BOUTEILLER MARTINE,LAGNEAU|MARTINE,BOUTEILLER|MARTINE,MARTINE,1,1,2,2,0.5,22,0.5945945945945946,TRUE,MARTINE,TRUE
DRAWILO THAMEUE,DRAWILO JACQUELINE,Thameue DRAWILO,Province des Iles,Avec nous,5,DRAWILO Jacqueline,Province des Iles,Palika Iles,21,DRAWILO THAMEUE THAMEUE DRAWILO,DRAWILO JACQUELINE DRAWILO JACQUELINE,DRAWILO|THAMEUE,DRAWILO|JACQUELINE,DRAWILO,1,1,2,2,0.5,22,0.5945945945945946,TRUE,DRAWILO,TRUE
KEYLA VAMA,TATIANA VAMA,Keyla VAMA,Province Sud,MNIS Sud,26,VAMA Tatiana,Province Sud,Kanaky pour tous,22,KEYLA VAMA KEYLA VAMA,TATIANA VAMA VAMA TATIANA,KEYLA|VAMA,TATIANA|VAMA,VAMA,1,1,2,2,0.5,15,0.6,TRUE,VAMA,TRUE
CLAVEL ROGER,ALOSIO ROGER,Roger CLAVEL,Province Sud,Rassemblement national,41,ALOSIO Roger,Province Sud,Les Loyalistes et Le Rassemblement,44,CLAVEL ROGER ROGER CLAVEL,ALOSIO ROGER ALOSIO ROGER,CLAVEL|ROGER,ALOSIO|ROGER,ROGER,1,1,2,2,0.5,15,0.6,TRUE,ROGER,TRUE
CHIPAULT STEPHANE,POIWI STEPHANE,Stephane CHIPAULT,Province Sud,Rassemblement national,9,POIWI Stephane,Province Sud,Les Loyalistes et Le Rassemblement,28,CHIPAULT STEPHANE STEPHANE CHIPAULT,POIWI STEPHANE POIWI STEPHANE,CHIPAULT|STEPHANE,POIWI|STEPHANE,STEPHANE,1,1,2,2,0.5,21,0.6,TRUE,STEPHANE,TRUE
AMI WAHEO,NELSON WAHEO,Ami WAHEO,Province des Iles,Avec nous,23,WAHEO Nelson,Province des Iles,UC-FLNKS Iles,13,AMI WAHEO AMI WAHEO,NELSON WAHEO WAHEO NELSON,AMI|WAHEO,NELSON|WAHEO,WAHEO,1,1,2,2,0.5,15,0.6,TRUE,WAHEO,TRUE
CHRISTOPHE LOUECKHOTE,LOUECKHOTE MARTIN,Christophe LOUECKHOTE,Province Sud,L'Avenir en confiance,30,LOUECKHOTE Martin,Province Sud,Les Loyalistes et Le Rassemblement,38,CHRISTOPHE LOUECKHOTE CHRISTOPHE LOUECKHOTE,LOUECKHOTE MARTIN LOUECKHOTE MARTIN,CHRISTOPHE|LOUECKHOTE,LOUECKHOTE|MARTIN,LOUECKHOTE,1,1,2,2,0.5,26,0.6046511627906976,TRUE,LOUECKHOTE,TRUE
ELISAPETA SALIGA,ROMEO SALIGA,Elisapeta SALIGA,Province Sud,Caledoniens Ensemble,30,SALIGA Roméo,Province Sud,Une Province pour tous,34,ELISAPETA SALIGA ELISAPETA SALIGA,ROMEO SALIGA SALIGA ROMEO,ELISAPETA|SALIGA,ROMEO|SALIGA,SALIGA,1,1,2,2,0.5,20,0.6060606060606061,TRUE,SALIGA,TRUE
FLORENCE ROLLAND,MARTINO ROLLAND,Florence ROLLAND,Province Sud,Caledoniens Ensemble,24,ROLLAND Martino,Province Sud,"France Caledonie, une patrie",34,FLORENCE ROLLAND FLORENCE ROLLAND,MARTINO ROLLAND ROLLAND MARTINO,FLORENCE|ROLLAND,MARTINO|ROLLAND,ROLLAND,1,1,2,2,0.5,20,0.6060606060606061,TRUE,ROLLAND,TRUE
HABY WILLIAM,PALADINI WILLIAM,William HABY,Province Sud,Destin commun caledonien,21,PALADINI William,Province Sud,Pour une Caledonie francaise,17,HABY WILLIAM WILLIAM HABY,PALADINI WILLIAM PALADINI WILLIAM,HABY|WILLIAM,PALADINI|WILLIAM,WILLIAM,1,1,2,2,0.5,20,0.6060606060606061,TRUE,WILLIAM,TRUE
AUGUSTE WABEALO,ODILE WABEALO,Auguste WABEALO,Province Nord,Parti travailliste,17,WABEALO Odile,Province Nord,UNI,26,AUGUSTE WABEALO AUGUSTE WABEALO,ODILE WABEALO WABEALO ODILE,AUGUSTE|WABEALO,ODILE|WABEALO,WABEALO,1,1,2,2,0.5,19,0.6129032258064516,TRUE,WABEALO,TRUE
ATELIANO LAMATA,EVELYNE LAMATA,Atéliano LAMATA,Province Sud,Destin commun caledonien,3,LAMATA Evelyne,Province Sud,Un autre monde est possible,45,ATELIANO LAMATA ATELIANO LAMATA,EVELYNE LAMATA LAMATA EVELYNE,ATELIANO|LAMATA,EVELYNE|LAMATA,LAMATA,1,1,2,2,0.5,19,0.6129032258064516,TRUE,LAMATA,TRUE
BROSSARD MARCEL,BROSSARD HUGUES,Marcel BROSSARD,Province Sud,Caledonie nouvelle et reunie,31,BROSSARD Hugues,Province Sud,Pour une Caledonie francaise,21,BROSSARD MARCEL MARCEL BROSSARD,BROSSARD HUGUES BROSSARD HUGUES,BROSSARD|MARCEL,BROSSARD|HUGUES,BROSSARD,1,1,2,2,0.5,19,0.6129032258064516,TRUE,BROSSARD,TRUE
BOURGINE CHRISTELLE,BOURGINE YVES,Christelle BOURGINE,Province Sud,Rassemblement national,48,BOURGINE Yves,Province Sud,Pour une Caledonie francaise,39,BOURGINE CHRISTELLE CHRISTELLE BOURGINE,BOURGINE YVES BOURGINE YVES,BOURGINE|CHRISTELLE,BOURGINE|YVES,BOURGINE,1,1,2,2,0.5,24,0.6153846153846154,TRUE,BOURGINE,TRUE
DE FREDERIC GRESLAN,FREDERIC TELLIEZ,Frédéric DE GRESLAN,Province Sud,Caledoniens Ensemble,43,TELLIEZ Frédéric,Province Sud,"France Caledonie, une patrie",17,DE FREDERIC GRESLAN FREDERIC DE GRESLAN,FREDERIC TELLIEZ TELLIEZ FREDERIC,FREDERIC|GRESLAN,FREDERIC|TELLIEZ,FREDERIC,1,1,2,2,0.5,24,0.6153846153846154,TRUE,FREDERIC,TRUE
AUDREY NYITEIJ,AUDREY DUVAL,Audrey NYITEIJ,Province Sud,Construire autrement,22,DUVAL Audrey,Province Sud,Un espoir pour demain,36,AUDREY NYITEIJ AUDREY NYITEIJ,AUDREY DUVAL DUVAL AUDREY,AUDREY|NYITEIJ,AUDREY|DUVAL,AUDREY,1,1,2,2,0.5,18,0.6206896551724138,TRUE,AUDREY,TRUE
BOANEMOA CHARLOTTE,BOANEMOA JOSEPH,Charlotte BOANEMOA,Province Sud,MNIS Sud,10,BOANEMOA Joseph,Province Sud,Kanaky pour tous,15,BOANEMOA CHARLOTTE CHARLOTTE BOANEMOA,BOANEMOA JOSEPH BOANEMOA JOSEPH,BOANEMOA|CHARLOTTE,BOANEMOA|JOSEPH,BOANEMOA,1,1,2,2,0.5,23,0.6216216216216216,TRUE,BOANEMOA,TRUE
EMMANUEL OUETCHO,EMMANUEL LELEIVAI,Emmanuel OUETCHO,Province Sud,FLNKS,41,LELEIVAÏ Emmanuel,Province Sud,Une Province pour tous,42,EMMANUEL OUETCHO EMMANUEL OUETCHO,EMMANUEL LELEIVAI LELEIVAI EMMANUEL,EMMANUEL|OUETCHO,EMMANUEL|LELEIVAI,EMMANUEL,1,1,2,2,0.5,22,0.6285714285714286,TRUE,EMMANUEL,TRUE
GAYON TIDJINE,SERGE TIDJINE,Gayon TIDJINE,Province Nord,Agissons pour le Nord,11,. TIDJINE Serge,Province Nord,Alternative Nord pour un pays souverain,3,GAYON TIDJINE GAYON TIDJINE,SERGE TIDJINE TIDJINE SERGE,GAYON|TIDJINE,SERGE|TIDJINE,TIDJINE,1,1,2,2,0.5,17,0.6296296296296297,TRUE,TIDJINE,TRUE
ERIC HENRIOT,ERIC STREETER,Eric HENRIOT,Province Sud,Rassemblement national,21,STREETER ERIC,Province Sud,Faire Pays,41,ERIC HENRIOT ERIC HENRIOT,ERIC STREETER STREETER ERIC,ERIC|HENRIOT,ERIC|STREETER,ERIC,1,1,2,2,0.5,17,0.6296296296296297,TRUE,ERIC,TRUE
GEORGES TOURA,ALEX TOURA,Georges TOURA,Province Sud,Parti travailliste et forces progressistes,13,TOURA Alex,Province Sud,Kanaky pour tous,35,GEORGES TOURA GEORGES TOURA,ALEX TOURA TOURA ALEX,GEORGES|TOURA,ALEX|TOURA,TOURA,1,1,2,2,0.5,17,0.6296296296296297,TRUE,TOURA,TRUE
GODOT PATRICK,NICAR PATRICK,Patrick GODOT,Province Sud,Rassemblement national,47,NICAR Patrick,Province Sud,Unis pour le Pays,31,GODOT PATRICK PATRICK GODOT,NICAR PATRICK NICAR PATRICK,GODOT|PATRICK,NICAR|PATRICK,PATRICK,1,1,2,2,0.5,17,0.6296296296296297,TRUE,PATRICK,TRUE
ARNAUD FILITIKA,FILITIKA MICHAEL,Arnaud FILITIKA,Province Sud,L'Eveil oceanien,27,FILITIKA Michaël,Province Sud,"Nous, reunis",25,ARNAUD FILITIKA ARNAUD FILITIKA,FILITIKA MICHAEL FILITIKA MICHAEL,ARNAUD|FILITIKA,FILITIKA|MICHAEL,FILITIKA,1,1,2,2,0.5,21,0.6363636363636364,TRUE,FILITIKA,TRUE
EMMANUEL OUETCHO,BERART EMMANUEL,Emmanuel OUETCHO,Province Sud,FLNKS,41,BERART Emmanuel,Province Sud,Les Loyalistes et Le Rassemblement,40,EMMANUEL OUETCHO EMMANUEL OUETCHO,BERART EMMANUEL BERART EMMANUEL,EMMANUEL|OUETCHO,BERART|EMMANUEL,EMMANUEL,1,1,2,2,0.5,21,0.6363636363636364,TRUE,EMMANUEL,TRUE
GERALD ROBELIN,GERALD ROUQUETTE,Gérald ROBELIN,Province Sud,L'Avenir en confiance,44,ROUQUETTE Gerald,Province Sud,"France Caledonie, une patrie",42,GERALD ROBELIN GERALD ROBELIN,GERALD ROUQUETTE ROUQUETTE GERALD,GERALD|ROBELIN,GERALD|ROUQUETTE,GERALD,1,1,2,2,0.5,21,0.6363636363636364,TRUE,GERALD,TRUE
KELETAONA MAREVA,JEAN KELETAONA,Mareva KELETAONA,Province Sud,Alliance citoyenne pour la transition,39,KELETAONA Jean,Province Sud,Alliance Pacifik enracinee,38,KELETAONA MAREVA MAREVA KELETAONA,JEAN KELETAONA KELETAONA JEAN,KELETAONA|MAREVA,JEAN|KELETAONA,KELETAONA,1,1,2,2,0.5,21,0.6363636363636364,TRUE,KELETAONA,TRUE
DEVILLERS NADINE,FONTENEL NADINE,Nadine DEVILLERS,Province Sud,Rassemblement national,50,FONTENEL Nadine,Province Sud,"Nous, reunis",18,DEVILLERS NADINE NADINE DEVILLERS,FONTENEL NADINE FONTENEL NADINE,DEVILLERS|NADINE,FONTENEL|NADINE,NADINE,1,1,2,2,0.5,21,0.6363636363636364,TRUE,NADINE,TRUE
DEVILLERS STELLA,ANDRY STELLA,Stella DEVILLERS,Province Sud,Rassemblement national,46,ANDRY Stella,Province Sud,Un espoir pour demain,12,DEVILLERS STELLA STELLA DEVILLERS,ANDRY STELLA ANDRY STELLA,DEVILLERS|STELLA,ANDRY|STELLA,STELLA,1,1,2,2,0.5,21,0.6363636363636364,TRUE,STELLA,TRUE
MANUKULA YANNICK,POCHARD YANNICK,Yannick MANUKULA,Province Sud,L'Eveil oceanien,13,POCHARD Yannick,Province Sud,"France Caledonie, une patrie",50,MANUKULA YANNICK YANNICK MANUKULA,POCHARD YANNICK POCHARD YANNICK,MANUKULA|YANNICK,POCHARD|YANNICK,YANNICK,1,1,2,2,0.5,21,0.6363636363636364,TRUE,YANNICK,TRUE
EMILE WANGAN,EMILE LAKOREDINE,Emile WANGAN,Province des Iles,Parti travailliste,7,LAKOREDINE Emile,Province des Iles,Palika Iles,2,EMILE WANGAN EMILE WANGAN,EMILE LAKOREDINE LAKOREDINE EMILE,EMILE|WANGAN,EMILE|LAKOREDINE,EMILE,1,1,2,2,0.5,21,0.6363636363636364,TRUE,EMILE,TRUE
ENZO VAMA,TATIANA VAMA,Enzo VAMA,Province Sud,MNIS Sud,29,VAMA Tatiana,Province Sud,Kanaky pour tous,22,ENZO VAMA ENZO VAMA,TATIANA VAMA VAMA TATIANA,ENZO|VAMA,TATIANA|VAMA,VAMA,1,1,2,2,0.5,16,0.64,TRUE,VAMA,TRUE
BOLO DAVY,BOLO THIERRY,Davy BOLO,Province des Iles,Unitaire Kanaky Generation,1,BOLO Thierry,Province des Iles,Nation autochtone,4,BOLO DAVY DAVY BOLO,BOLO THIERRY BOLO THIERRY,BOLO|DAVY,BOLO|THIERRY,BOLO,1,1,2,2,0.5,16,0.64,TRUE,BOLO,TRUE
DE FREDERIC GRESLAN,FREDERIC HUBERT,Frédéric DE GRESLAN,Province Sud,Caledoniens Ensemble,43,HUBERT Frédéric,Province Sud,"Nous, reunis",33,DE FREDERIC GRESLAN FREDERIC DE GRESLAN,FREDERIC HUBERT HUBERT FREDERIC,FREDERIC|GRESLAN,FREDERIC|HUBERT,FREDERIC,1,1,2,2,0.5,25,0.6410256410256411,TRUE,FREDERIC,TRUE
CHANTAL COURTOT,COURTOT JORDAN,Chantal COURTOT,Province Sud,L'Avenir en confiance,29,COURTOT Jordan,Province Sud,Les Loyalistes et Le Rassemblement,18,CHANTAL COURTOT CHANTAL COURTOT,COURTOT JORDAN COURTOT JORDAN,CHANTAL|COURTOT,COURTOT|JORDAN,COURTOT,1,1,2,2,0.5,20,0.6451612903225806,TRUE,COURTOT,TRUE
CYNTHIA UGOLINI,MICHEL UGOLINI,Cynthia UGOLINI,Province Sud,Rassemblement national,26,UGOLINI Michel,Province Sud,Un espoir pour demain,41,CYNTHIA UGOLINI CYNTHIA UGOLINI,MICHEL UGOLINI UGOLINI MICHEL,CYNTHIA|UGOLINI,MICHEL|UGOLINI,UGOLINI,1,1,2,2,0.5,20,0.6451612903225806,TRUE,UGOLINI,TRUE
JALABERT NADINE,FONTENEL NADINE,Nadine JALABERT,Province Sud,L'Avenir en confiance,15,FONTENEL Nadine,Province Sud,"Nous, reunis",18,JALABERT NADINE NADINE JALABERT,FONTENEL NADINE FONTENEL NADINE,JALABERT|NADINE,FONTENEL|NADINE,NADINE,1,1,2,2,0.5,20,0.6451612903225806,TRUE,NADINE,TRUE
DAVID UGOLINI,MICHEL UGOLINI,David UGOLINI,Province Sud,L'Avenir en confiance,32,UGOLINI Michel,Province Sud,Un espoir pour demain,41,DAVID UGOLINI DAVID UGOLINI,MICHEL UGOLINI UGOLINI MICHEL,DAVID|UGOLINI,MICHEL|UGOLINI,UGOLINI,1,1,2,2,0.5,19,0.6551724137931034,TRUE,UGOLINI,TRUE
KIKI SERGE,GASTALDI SERGE,Serge KIKI,Province Sud,Parti travailliste et forces progressistes,15,GASTALDI Serge,Province Sud,Pour une Caledonie francaise,45,KIKI SERGE SERGE KIKI,GASTALDI SERGE GASTALDI SERGE,KIKI|SERGE,GASTALDI|SERGE,SERGE,1,1,2,2,0.5,19,0.6551724137931034,TRUE,SERGE,TRUE
SERGE WAHOO,SERGE TIDJINE,Serge WAHOO,Province Nord,Caledoniens Ensemble Nord,15,. TIDJINE Serge,Province Nord,Alternative Nord pour un pays souverain,3,SERGE WAHOO SERGE WAHOO,SERGE TIDJINE TIDJINE SERGE,SERGE|WAHOO,SERGE|TIDJINE,SERGE,1,1,2,2,0.5,18,0.6666666666666666,TRUE,SERGE,TRUE
DAVID UGOLINI,DAVID MEYER,David UGOLINI,Province Sud,L'Avenir en confiance,32,MEYER David,Province Sud,"Nous, reunis",17,DAVID UGOLINI DAVID UGOLINI,DAVID MEYER MEYER DAVID,DAVID|UGOLINI,DAVID|MEYER,DAVID,1,1,2,2,0.5,18,0.6666666666666666,TRUE,DAVID,TRUE
DIDIER VERNAY,ROMANE VERNAY,Didier VERNAY,Province Sud,Rassemblement national,13,VERNAY Romane,Province Sud,"France Caledonie, une patrie",12,DIDIER VERNAY DIDIER VERNAY,ROMANE VERNAY VERNAY ROMANE,DIDIER|VERNAY,ROMANE|VERNAY,VERNAY,1,1,2,2,0.5,18,0.6666666666666666,TRUE,VERNAY,TRUE
DE FREDERIC GRESLAN,FREDERIC HOMBOE,Frédéric DE GRESLAN,Province Sud,Caledoniens Ensemble,43,HOMBOE Frédéric,Province Sud,Un espoir pour demain,21,DE FREDERIC GRESLAN FREDERIC DE GRESLAN,FREDERIC HOMBOE HOMBOE FREDERIC,FREDERIC|GRESLAN,FREDERIC|HOMBOE,FREDERIC,1,1,2,2,0.5,26,0.6666666666666666,TRUE,FREDERIC,TRUE
ISABELLE LAFLEUR,LAFLEUR PASCAL,Isabelle LAFLEUR,Province Sud,L'Avenir en confiance,47,LAFLEUR Pascal,Province Sud,Un espoir pour demain,1,ISABELLE LAFLEUR ISABELLE LAFLEUR,LAFLEUR PASCAL LAFLEUR PASCAL,ISABELLE|LAFLEUR,LAFLEUR|PASCAL,LAFLEUR,1,1,2,2,0.5,22,0.6666666666666666,TRUE,LAFLEUR,TRUE
MIGUEL WAMALO,LAIGLE MIGUEL,Miguel WAMALO,Province Sud,MNIS Sud,11,LAIGLE Miguel,Province Sud,Un espoir pour demain,43,MIGUEL WAMALO MIGUEL WAMALO,LAIGLE MIGUEL LAIGLE MIGUEL,MIGUEL|WAMALO,LAIGLE|MIGUEL,MIGUEL,1,1,2,2,0.5,18,0.6666666666666666,TRUE,MIGUEL,TRUE
GUILLOTIN PASCAL,LAFLEUR PASCAL,Pascal GUILLOTIN,Province Sud,Alliance citoyenne pour la transition,14,LAFLEUR Pascal,Province Sud,Un espoir pour demain,1,GUILLOTIN PASCAL PASCAL GUILLOTIN,LAFLEUR PASCAL LAFLEUR PASCAL,GUILLOTIN|PASCAL,LAFLEUR|PASCAL,PASCAL,1,1,2,2,0.5,22,0.6666666666666666,TRUE,PASCAL,TRUE
REGIS ROUSTAN,BOI REGIS,Régis ROUSTAN,Province Sud,Caledoniens Ensemble,29,BOI Régis,Province Sud,Alliance Pacifik enracinee,34,REGIS ROUSTAN REGIS ROUSTAN,BOI REGIS BOI REGIS,REGIS|ROUSTAN,BOI|REGIS,REGIS,1,1,2,2,0.5,18,0.6666666666666666,TRUE,REGIS,TRUE
DRISS VANESSA,DRISS LUDOVIC,Vanessa DRISS,Province Sud,Destin commun caledonien,32,DRISS Ludovic,Province Sud,Pour une Caledonie francaise,27,DRISS VANESSA VANESSA DRISS,DRISS LUDOVIC DRISS LUDOVIC,DRISS|VANESSA,DRISS|LUDOVIC,DRISS,1,1,2,2,0.5,18,0.6666666666666666,TRUE,DRISS,TRUE
GATA WILFRIED,GATA HELENE,Wilfried GATA,Province Sud,Caledonie nouvelle et reunie,49,GATA Hélène,Province Sud,Alliance Pacifik enracinee,7,GATA WILFRIED WILFRIED GATA,GATA HELENE GATA HELENE,GATA|WILFRIED,GATA|HELENE,GATA,1,1,2,2,0.5,18,0.6666666666666666,TRUE,GATA,TRUE
JEROME SIRET,BETRANCOURT JEROME,Jérôme SIRET,Province Sud,L'Avenir en confiance,40,BETRANCOURT JEROME,Province Sud,Faire Pays,11,JEROME SIRET JEROME SIRET,BETRANCOURT JEROME BETRANCOURT JEROME,JEROME|SIRET,BETRANCOURT|JEROME,JEROME,1,1,2,2,0.5,25,0.6756756756756757,TRUE,JEROME,TRUE
CAWIDRONE ROBERT,ALPHONSE CAWIDRONE,Robert CAWIDRONE,Province des Iles,Dynamique autochtone,4,CAWIDRONE Alphonse,Province des Iles,UC-FLNKS Iles,23,CAWIDRONE ROBERT ROBERT CAWIDRONE,ALPHONSE CAWIDRONE CAWIDRONE ALPHONSE,CAWIDRONE|ROBERT,ALPHONSE|CAWIDRONE,CAWIDRONE,1,1,2,2,0.5,25,0.6756756756756757,TRUE,CAWIDRONE,TRUE
DENISE HORNGREN,DENISE WEILLANT,Denise HORNGREN,Province Sud,Rassemblement national,20,WEILLANT Denise,Province Sud,Pour une Caledonie francaise,36,DENISE HORNGREN DENISE HORNGREN,DENISE WEILLANT WEILLANT DENISE,DENISE|HORNGREN,DENISE|WEILLANT,DENISE,1,1,2,2,0.5,21,0.6774193548387096,TRUE,DENISE,TRUE
GEORGES HMAE,ANTOINE HMAE,Georges HMAE,Province des Iles,Dynamique autochtone,8,HMAE Antoine,Province des Iles,Un nouveau souffle,17,GEORGES HMAE GEORGES HMAE,ANTOINE HMAE HMAE ANTOINE,GEORGES|HMAE,ANTOINE|HMAE,HMAE,1,1,2,2,0.5,17,0.68,TRUE,HMAE,TRUE
CATHERINE DUHNARA,CARNICELLI CATHERINE,Catherine DUHNARA,Province Sud,MNIS Sud,48,CARNICELLI Catherine,Province Sud,Pour une Caledonie francaise,18,CATHERINE DUHNARA CATHERINE DUHNARA,CARNICELLI CATHERINE CARNICELLI CATHERINE,CATHERINE|DUHNARA,CARNICELLI|CATHERINE,CATHERINE,1,1,2,2,0.5,28,0.6829268292682927,TRUE,CATHERINE,TRUE
NEDENON STEPHANIA,GASTON NEDENON,Stéphania NEDENON,Province Nord,Caledoniens Ensemble Nord,14,NEDENON Gaston,Province Nord,UC-FLNKS,7,NEDENON STEPHANIA STEPHANIA NEDENON,GASTON NEDENON NEDENON GASTON,NEDENON|STEPHANIA,GASTON|NEDENON,NEDENON,1,1,2,2,0.5,24,0.6857142857142857,TRUE,NEDENON,TRUE
GASTALDI YANN,THAVOAVIANON YANN,Yann GASTALDI,Province Nord,Caledoniens Ensemble Nord,9,THAVOAVIANON Yann,Province Nord,UC-FLNKS,19,GASTALDI YANN YANN GASTALDI,THAVOAVIANON YANN THAVOAVIANON YANN,GASTALDI|YANN,THAVOAVIANON|YANN,YANN,1,1,2,2,0.5,24,0.6857142857142857,TRUE,YANN,TRUE
CHRISTELE LACROSE,ANGELINA LACROSE,Christele LACROSE,Province Sud,Rassemblement national,12,LACROSE Angélina,Province Sud,Une Province pour tous,2,CHRISTELE LACROSE CHRISTELE LACROSE,ANGELINA LACROSE LACROSE ANGELINA,CHRISTELE|LACROSE,ANGELINA|LACROSE,LACROSE,1,1,2,2,0.5,24,0.6857142857142857,TRUE,LACROSE,TRUE
BERNARD MARANT,MARANT PASCALE,Bernard MARANT,Province Sud,Caledoniens Ensemble,47,MARANT Pascale,Province Sud,"Nous, reunis",30,BERNARD MARANT BERNARD MARANT,MARANT PASCALE MARANT PASCALE,BERNARD|MARANT,MARANT|PASCALE,MARANT,1,1,2,2,0.5,20,0.6896551724137931,TRUE,MARANT,TRUE
DEVILLERS STELLA,BACOUR DE STELLA,Stella DEVILLERS,Province Sud,Rassemblement national,46,DE BACOUR Stella,Province Sud,Pour une Caledonie francaise,48,DEVILLERS STELLA STELLA DEVILLERS,BACOUR DE STELLA DE BACOUR STELLA,DEVILLERS|STELLA,BACOUR|STELLA,STELLA,1,1,2,2,0.5,23,0.696969696969697,TRUE,STELLA,TRUE
MATHIEU TOTELE,FALELAVAKI MATHIEU,Mathieu TOTELE,Province Sud,FLNKS,35,FALELAVAKI Mathieu,Province Sud,Souverainete Kanaky NC,43,MATHIEU TOTELE MATHIEU TOTELE,FALELAVAKI MATHIEU FALELAVAKI MATHIEU,MATHIEU|TOTELE,FALELAVAKI|MATHIEU,MATHIEU,1,1,2,2,0.5,26,0.7027027027027027,TRUE,MATHIEU,TRUE
BOULA EDOUARD,EDOUARD TAIN,Edouard BOULA,Province des Iles,Unitaire Kanaky Generation,21,TAIN Edouard,Province des Iles,S'engager et oeuvrer,15,BOULA EDOUARD EDOUARD BOULA,EDOUARD TAIN TAIN EDOUARD,BOULA|EDOUARD,EDOUARD|TAIN,EDOUARD,1,1,2,2,0.5,19,0.7037037037037037,TRUE,EDOUARD,TRUE
BARBANCON SERGE,GASTALDI SERGE,Serge BARBANÇON,Province Sud,Caledonie nouvelle et reunie,43,GASTALDI Serge,Province Sud,Pour une Caledonie francaise,45,BARBANCON SERGE SERGE BARBANCON,GASTALDI SERGE GASTALDI SERGE,BARBANCON|SERGE,GASTALDI|SERGE,SERGE,1,1,2,2,0.5,22,0.7096774193548387,TRUE,SERGE,TRUE
HEAFALA PELENATO,PELENATO VAOHEILALA,Pélénato HEAFALA,Province Sud,Caledonie nouvelle et reunie,35,VAOHEILALA Pelenato,Province Sud,Unis pour le Pays,19,HEAFALA PELENATO PELENATO HEAFALA,PELENATO VAOHEILALA VAOHEILALA PELENATO,HEAFALA|PELENATO,PELENATO|VAOHEILALA,PELENATO,1,1,2,2,0.5,28,0.717948717948718,TRUE,PELENATO,TRUE
ERIC HENRIOT,DEVAUD ERIC,Eric HENRIOT,Province Sud,Rassemblement national,21,DEVAUD Eric,Province Sud,Pour une Caledonie francaise,37,ERIC HENRIOT ERIC HENRIOT,DEVAUD ERIC DEVAUD ERIC,ERIC|HENRIOT,DEVAUD|ERIC,ERIC,1,1,2,2,0.5,18,0.72,TRUE,ERIC,TRUE
LIKUVALU POLIKALEPO,POLIKALEPO TAOFIFENUA,Polikalepo LIKUVALU,Province Sud,L'Eveil oceanien,39,TAOFIFENUA Polikalepo,Province Sud,Un autre monde est possible,21,LIKUVALU POLIKALEPO POLIKALEPO LIKUVALU,POLIKALEPO TAOFIFENUA TAOFIFENUA POLIKALEPO,LIKUVALU|POLIKALEPO,POLIKALEPO|TAOFIFENUA,POLIKALEPO,1,1,2,2,0.5,31,0.7209302325581395,TRUE,POLIKALEPO,TRUE
DOMINIQUE DURAND,DURAND PHILIPPE,Dominique DURAND,Province Sud,Rassemblement national,30,DURAND Philippe,Province Sud,Pour une Caledonie francaise,35,DOMINIQUE DURAND DOMINIQUE DURAND,DURAND PHILIPPE DURAND PHILIPPE,DOMINIQUE|DURAND,DURAND|PHILIPPE,DURAND,1,1,2,2,0.5,24,0.7272727272727273,TRUE,DURAND,TRUE
BOANEMOA CHARLOTTE,CHARLOTTE KALOI,Charlotte BOANEMOA,Province Sud,MNIS Sud,10,KALOÏ Charlotte,Province Sud,Kanaky pour tous,20,BOANEMOA CHARLOTTE CHARLOTTE BOANEMOA,CHARLOTTE KALOI KALOI CHARLOTTE,BOANEMOA|CHARLOTTE,CHARLOTTE|KALOI,CHARLOTTE,1,1,2,2,0.5,27,0.7297297297297297,TRUE,CHARLOTTE,TRUE
EHNYIMANE FLORENCE,FLORENCE PUJOL,Florence EHNYIMANE,Province Sud,MNIS Sud,12,PUJOL FLORENCE,Province Sud,Faire Pays,44,EHNYIMANE FLORENCE FLORENCE EHNYIMANE,FLORENCE PUJOL PUJOL FLORENCE,EHNYIMANE|FLORENCE,FLORENCE|PUJOL,FLORENCE,1,1,2,2,0.5,27,0.7297297297297297,TRUE,FLORENCE,TRUE
EHNYIMANE FLORENCE,FLORENCE SITU,Florence EHNYIMANE,Province Sud,MNIS Sud,12,SITU Florence,Province Sud,"France Caledonie, une patrie",35,EHNYIMANE FLORENCE FLORENCE EHNYIMANE,FLORENCE SITU SITU FLORENCE,EHNYIMANE|FLORENCE,FLORENCE|SITU,FLORENCE,1,1,2,2,0.5,27,0.7297297297297297,TRUE,FLORENCE,TRUE
MATHIEU OUNDO,FALELAVAKI MATHIEU,Mathieu OUNDO,Province Sud,Parti travailliste et forces progressistes,25,FALELAVAKI Mathieu,Province Sud,Souverainete Kanaky NC,43,MATHIEU OUNDO MATHIEU OUNDO,FALELAVAKI MATHIEU FALELAVAKI MATHIEU,MATHIEU|OUNDO,FALELAVAKI|MATHIEU,MATHIEU,1,1,2,2,0.5,27,0.7297297297297297,TRUE,MATHIEU,TRUE
TOMASI TUAKOIFENUA,AMOSALA TOMASI,Tomasi TUAKOIFENUA,Province Sud,Destin commun caledonien,9,AMOSALA Tomasi,Province Sud,Alliance Pacifik enracinee,26,TOMASI TUAKOIFENUA TOMASI TUAKOIFENUA,AMOSALA TOMASI AMOSALA TOMASI,TOMASI|TUAKOIFENUA,AMOSALA|TOMASI,TOMASI,1,1,2,2,0.5,27,0.7297297297297297,TRUE,TOMASI,TRUE
HEMA KOLOTILE,HEMA SANDRA,Kolotile HEMA,Province Sud,Parti travailliste et forces progressistes,44,HEMA Sandra,Province Sud,Un autre monde est possible,4,HEMA KOLOTILE KOLOTILE HEMA,HEMA SANDRA HEMA SANDRA,HEMA|KOLOTILE,HEMA|SANDRA,HEMA,1,1,2,2,0.5,20,0.7407407407407407,TRUE,HEMA,TRUE
GODOT PATRICK,PATRICK TARA,Patrick GODOT,Province Sud,Rassemblement national,47,TARA Patrick,Province Sud,Kanaky pour tous,17,GODOT PATRICK PATRICK GODOT,PATRICK TARA TARA PATRICK,GODOT|PATRICK,PATRICK|TARA,PATRICK,1,1,2,2,0.5,20,0.7407407407407407,TRUE,PATRICK,TRUE
CITRE EDOUARD,EDOUARD TAIN,Edouard CITRE,Province des Iles,Avec nous,3,TAIN Edouard,Province des Iles,S'engager et oeuvrer,15,CITRE EDOUARD EDOUARD CITRE,EDOUARD TAIN TAIN EDOUARD,CITRE|EDOUARD,EDOUARD|TAIN,EDOUARD,1,1,2,2,0.5,20,0.7407407407407407,TRUE,EDOUARD,TRUE
KAIKILEKOFE NICOLA TAUTU,KAIKILEKOFE MELEKIATE,Nicola KAIKILEKOFE née TAUTU,Province Sud,L'Eveil oceanien,14,KAIKILEKOFE Melekiate,Province Sud,Un autre monde est possible,42,KAIKILEKOFE NICOLA TAUTU NICOLA KAIKILEKOFE NEE TAUTU,KAIKILEKOFE MELEKIATE KAIKILEKOFE MELEKIATE,KAIKILEKOFE|NICOLA|TAUTU,KAIKILEKOFE|MELEKIATE,KAIKILEKOFE,1,1,3,2,0.4,22,0.41509433962264153,TRUE,KAIKILEKOFE,TRUE
CHERIKA MARIE ROLLAND,MARTINO ROLLAND,Rolland-Marie CHERIKA,Province Sud,Parti travailliste et forces progressistes,31,ROLLAND Martino,Province Sud,"France Caledonie, une patrie",34,CHERIKA MARIE ROLLAND ROLLAND MARIE CHERIKA,MARTINO ROLLAND ROLLAND MARTINO,CHERIKA|MARIE|ROLLAND,MARTINO|ROLLAND,ROLLAND,1,1,3,2,0.4,20,0.46511627906976744,TRUE,ROLLAND,TRUE
HANOU SAIHULIWA TALOIE,SAIHULIWA YAELLE,Taloié SAIHULIWA épouse HANOU,Province Sud,Parti travailliste et forces progressistes,50,SAIHULIWA YAËLLE,Province Sud,Faire Pays,14,HANOU SAIHULIWA TALOIE TALOIE SAIHULIWA EPOUSE HANOU,SAIHULIWA YAELLE SAIHULIWA YAELLE,HANOU|SAIHULIWA|TALOIE,SAIHULIWA|YAELLE,SAIHULIWA,1,1,3,2,0.4,26,0.5,TRUE,SAIHULIWA,TRUE
KELETAONA MAREVA,KELETAONA MARIA VIOLAINE,Mareva KELETAONA,Province Sud,Alliance citoyenne pour la transition,39,KELETAONA Maria-Violaine,Province Sud,Alliance Pacifik enracinee,15,KELETAONA MAREVA MAREVA KELETAONA,KELETAONA MARIA VIOLAINE KELETAONA MARIA VIOLAINE,KELETAONA|MAREVA,KELETAONA|MARIA|VIOLAINE,KELETAONA,1,1,2,3,0.4,25,0.5102040816326531,TRUE,KELETAONA,TRUE
GILLES REMOND,ERYN GILLES MARIE,Gilles REMOND,Province Sud,Construire autrement,5,"ERYN Gilles, J.Marie",Province Sud,Pour une Caledonie francaise,49,GILLES REMOND GILLES REMOND,ERYN GILLES MARIE ERYN GILLES J MARIE,GILLES|REMOND,ERYN|GILLES|MARIE,GILLES,1,1,2,3,0.4,19,0.5135135135135135,TRUE,GILLES,TRUE
KELETAONA MAREVA,BARBOU KELETAONA LUTE,Mareva KELETAONA,Province Sud,Alliance citoyenne pour la transition,39,BARBOU née KELETAONA Lute,Province Sud,Les Loyalistes et Le Rassemblement,29,KELETAONA MAREVA MAREVA KELETAONA,BARBOU KELETAONA LUTE BARBOU NEE KELETAONA LUTE,KELETAONA|MAREVA,BARBOU|KELETAONA|LUTE,KELETAONA,1,1,2,3,0.4,25,0.5319148936170213,TRUE,KELETAONA,TRUE
IGNACE WANGANE,IGNACE MONAWA OSCAR,Ignace WANGANE,Province Sud,Construire autrement,33,"MONAWA Ignace, Oscar",Province Sud,Unis pour le Pays,23,IGNACE WANGANE IGNACE WANGANE,IGNACE MONAWA OSCAR MONAWA IGNACE OSCAR,IGNACE|WANGANE,IGNACE|MONAWA|OSCAR,IGNACE,1,1,2,3,0.4,21,0.5384615384615384,TRUE,IGNACE,TRUE
JULES MENREMPON,EUGENE MENREMPON TANAICHE,Jules MENREMPON,Province Nord,MNIS Nord,4,MENREMPON Eugene Tanaiche,Province Nord,Alternative Nord pour un pays souverain,1,JULES MENREMPON JULES MENREMPON,EUGENE MENREMPON TANAICHE MENREMPON EUGENE TANAICHE,JULES|MENREMPON,EUGENE|MENREMPON|TANAICHE,MENREMPON,1,1,2,3,0.4,28,0.5490196078431373,TRUE,MENREMPON,TRUE
PATITA SOANE VAOHEILALA,PELENATO VAOHEILALA,Soane-Patita VAOHEILALA,Province Sud,Rassemblement national,37,VAOHEILALA Pelenato,Province Sud,Unis pour le Pays,19,PATITA SOANE VAOHEILALA SOANE PATITA VAOHEILALA,PELENATO VAOHEILALA VAOHEILALA PELENATO,PATITA|SOANE|VAOHEILALA,PELENATO|VAOHEILALA,VAOHEILALA,1,1,3,2,0.4,26,0.5531914893617021,TRUE,VAOHEILALA,TRUE
BROSSARD HNAJA YVANA,BROSSARD HUGUES,Yvana BROSSARD née HNAJA,Province Sud,Caledonie nouvelle et reunie,44,BROSSARD Hugues,Province Sud,Pour une Caledonie francaise,21,BROSSARD HNAJA YVANA YVANA BROSSARD NEE HNAJA,BROSSARD HUGUES BROSSARD HUGUES,BROSSARD|HNAJA|YVANA,BROSSARD|HUGUES,BROSSARD,1,1,3,2,0.4,25,0.5555555555555556,TRUE,BROSSARD,TRUE
ALAIN PIDJOT,ALLARD NADINE PIDJOT,Alain PIDJOT,Province Sud,FLNKS,25,PIDJOT-ALLARD Nadine,Province Sud,"Nous, reunis",2,ALAIN PIDJOT ALAIN PIDJOT,ALLARD NADINE PIDJOT PIDJOT ALLARD NADINE,ALAIN|PIDJOT,ALLARD|NADINE|PIDJOT,PIDJOT,1,1,2,3,0.4,23,0.5609756097560976,TRUE,PIDJOT,TRUE
CEDRIC TAUGAMOA YANN,CEDRIC MEDIARA,Yann Cedric TAUGAMOA,Province Sud,L'Eveil oceanien,35,MEDIARA Cédric,Province Sud,Unis pour le Pays,37,CEDRIC TAUGAMOA YANN YANN CEDRIC TAUGAMOA,CEDRIC MEDIARA MEDIARA CEDRIC,CEDRIC|TAUGAMOA|YANN,CEDRIC|MEDIARA,CEDRIC,1,1,3,2,0.4,23,0.5609756097560976,TRUE,CEDRIC,TRUE
KARINE PIG POININE,KARINE LAIGLE,"Karine, Pig POININE",Province Nord,UNI,30,LAIGLE Karine,Province Nord,UNI,12,KARINE PIG POININE KARINE PIG POININE,KARINE LAIGLE LAIGLE KARINE,KARINE|PIG|POININE,KARINE|LAIGLE,KARINE,1,1,3,2,0.4,21,0.5675675675675675,TRUE,KARINE,TRUE
EUGENE UKEIWE,LAURE MARIE UKEIWE,Eugène UKEIWE,Province Sud,Caledoniens Ensemble,19,UKEIWE Marie-Laure,Province Sud,Les Loyalistes et Le Rassemblement,5,EUGENE UKEIWE EUGENE UKEIWE,LAURE MARIE UKEIWE UKEIWE MARIE LAURE,EUGENE|UKEIWE,LAURE|MARIE|UKEIWE,UKEIWE,1,1,2,3,0.4,21,0.5675675675675675,TRUE,UKEIWE,TRUE
ANDREA NICOLE SONG,MOREAU NICOLE,Nicole ANDREA-SONG,Province Sud,L'Avenir en confiance,31,MOREAU Nicole,Province Sud,"Nous, reunis",28,ANDREA NICOLE SONG NICOLE ANDREA SONG,MOREAU NICOLE MOREAU NICOLE,ANDREA|NICOLE|SONG,MOREAU|NICOLE,NICOLE,1,1,3,2,0.4,21,0.5675675675675675,TRUE,NICOLE,TRUE
ELISABETH SORGE VUDINH,ELISABETH PAHOA,Elisabeth VUDINH née SORGE,Province Sud,Caledonie nouvelle et reunie,42,PAHOA Elisabeth,Province Sud,"France Caledonie, une patrie",4,ELISABETH SORGE VUDINH ELISABETH VUDINH NEE SORGE,ELISABETH PAHOA PAHOA ELISABETH,ELISABETH|SORGE|VUDINH,ELISABETH|PAHOA,ELISABETH,1,1,3,2,0.4,28,0.5714285714285714,TRUE,ELISABETH,TRUE
ANSELME WEA,GEISER HELENE WEA,Anselme WEA,Province des Iles,Parti travailliste,3,"WEA Hélène, Geiser",Province des Iles,Baselaia,16,ANSELME WEA ANSELME WEA,GEISER HELENE WEA WEA HELENE GEISER,ANSELME|WEA,GEISER|HELENE|WEA,WEA,1,1,2,3,0.4,20,0.5714285714285714,TRUE,WEA,TRUE
FRIDA TINDAO,JOHN ROCK TINDAO,Frida TINDAO,Province Sud,Parti travailliste et forces progressistes,30,TINDAO John Rock,Province Sud,Une Province pour tous,19,FRIDA TINDAO FRIDA TINDAO,JOHN ROCK TINDAO TINDAO JOHN ROCK,FRIDA|TINDAO,JOHN|ROCK|TINDAO,TINDAO,1,1,2,3,0.4,19,0.5757575757575758,TRUE,TINDAO,TRUE
KAWAI NEKIRIAI,AMOURA ANNICK NEKIRIAI,Kawaï NEKIRIAÏ,Province Nord,MNIS Nord,32,NEKIRIAI Annick Amoura,Province Nord,Alternative Nord pour un pays souverain,30,KAWAI NEKIRIAI KAWAI NEKIRIAI,AMOURA ANNICK NEKIRIAI NEKIRIAI ANNICK AMOURA,KAWAI|NEKIRIAI,AMOURA|ANNICK|NEKIRIAI,NEKIRIAI,1,1,2,3,0.4,26,0.5777777777777777,TRUE,NEKIRIAI,TRUE
PRISCA TONE,PRISCA RAIZA TONHOUERI,Prisca TONE,Province Sud,L'Eveil oceanien,30,"TONHOUERI Prisca, Raiza",Province Sud,Unis pour le Pays,32,PRISCA TONE PRISCA TONE,PRISCA RAIZA TONHOUERI TONHOUERI PRISCA RAIZA,PRISCA|TONE,PRISCA|RAIZA|TONHOUERI,PRISCA,1,1,2,3,0.4,26,0.5777777777777777,TRUE,PRISCA,TRUE
JO PEYRONNET,JOSEPH LEON PEYRONNET,D'Jo PEYRONNET,Province Sud,Caledoniens Ensemble,23,PEYRONNET Léon-Joseph,Province Sud,Les Loyalistes et Le Rassemblement,50,JO PEYRONNET D JO PEYRONNET,JOSEPH LEON PEYRONNET PEYRONNET LEON JOSEPH,JO|PEYRONNET,JOSEPH|LEON|PEYRONNET,PEYRONNET,1,1,2,3,0.4,25,0.5813953488372093,TRUE,PEYRONNET,TRUE
FRANCOIS GUAENERE,CENI GUAENERE JACQUES,François GUAENERE,Province des Iles,Dynamique autochtone,14,"GUAENERE Jacques, Ceni",Province des Iles,Nation autochtone,16,FRANCOIS GUAENERE FRANCOIS GUAENERE,CENI GUAENERE JACQUES GUAENERE JACQUES CENI,FRANCOIS|GUAENERE,CENI|GUAENERE|JACQUES,GUAENERE,1,1,2,3,0.4,25,0.5813953488372093,TRUE,GUAENERE,TRUE
BRIGITTE TCHAOUNYANE,BRIGITTE MOUNH POARAGNIMOU,Brigitte TCHAOUNYANE,Province Nord,MNIS Nord,29,POARAGNIMOU Brigitte Mounh,Province Nord,Alternative Nord pour un pays souverain,10,BRIGITTE TCHAOUNYANE BRIGITTE TCHAOUNYANE,BRIGITTE MOUNH POARAGNIMOU POARAGNIMOU BRIGITTE MOUNH,BRIGITTE|TCHAOUNYANE,BRIGITTE|MOUNH|POARAGNIMOU,BRIGITTE,1,1,2,3,0.4,31,0.5849056603773585,TRUE,BRIGITTE,TRUE
CEDRIC TAUGAMOA YANN,CEDRIC OBERTAN,Yann Cedric TAUGAMOA,Province Sud,L'Eveil oceanien,35,OBERTAN CEDRIC,Province Sud,Faire Pays,47,CEDRIC TAUGAMOA YANN YANN CEDRIC TAUGAMOA,CEDRIC OBERTAN OBERTAN CEDRIC,CEDRIC|TAUGAMOA|YANN,CEDRIC|OBERTAN,CEDRIC,1,1,3,2,0.4,24,0.5853658536585366,TRUE,CEDRIC,TRUE
AP JULIEN TRAN,ANNE TRAN,Julien TRAN AP,Province Sud,L'Avenir en confiance,24,TRAN Anne,Province Sud,Un autre monde est possible,14,AP JULIEN TRAN JULIEN TRAN AP,ANNE TRAN TRAN ANNE,AP|JULIEN|TRAN,ANNE|TRAN,TRAN,1,1,3,2,0.4,17,0.5862068965517241,TRUE,TRAN,TRUE
GODOT PATRICK,AIFA PATRICK PIERRE,Patrick GODOT,Province Sud,Rassemblement national,47,AÏFA Patrick Pierre,Province Sud,Souverainete Kanaky NC,23,GODOT PATRICK PATRICK GODOT,AIFA PATRICK PIERRE AIFA PATRICK PIERRE,GODOT|PATRICK,AIFA|PATRICK|PIERRE,PATRICK,1,1,2,3,0.4,23,0.5897435897435898,TRUE,PATRICK,TRUE
CHRISTINE KAPISIRI MILCA,KAPISSIRI MILCA,"Milca, Christine KAPISIRI",Province Sud,FLNKS,46,KAPISSIRI Milca,Province Sud,Unis pour le Pays,22,CHRISTINE KAPISIRI MILCA MILCA CHRISTINE KAPISIRI,KAPISSIRI MILCA KAPISSIRI MILCA,CHRISTINE|KAPISIRI|MILCA,KAPISSIRI|MILCA,MILCA,1,1,3,2,0.4,29,0.5918367346938775,TRUE,MILCA,TRUE
MARC WAIA,BERNARD LALIE WAIA,Marc WAIA,Province des Iles,Dynamique autochtone,22,"LALIE Bernard, Waïa",Province des Iles,Baselaia,7,MARC WAIA MARC WAIA,BERNARD LALIE WAIA LALIE BERNARD WAIA,MARC|WAIA,BERNARD|LALIE|WAIA,WAIA,1,1,2,3,0.4,22,0.5945945945945946,TRUE,WAIA,TRUE
AURELIE LOMBARDO,AURELIE JEANNE POUKIOU,Aurélie LOMBARDO,Province Sud,MNIS Sud,6,"POUKIOU Aurélie, Jeanne r",Province Sud,Kanaky pour tous,44,AURELIE LOMBARDO AURELIE LOMBARDO,AURELIE JEANNE POUKIOU POUKIOU AURELIE JEANNE R,AURELIE|LOMBARDO,AURELIE|JEANNE|POUKIOU,AURELIE,1,1,2,3,0.4,28,0.5957446808510638,TRUE,AURELIE,TRUE
DANIELLE PREBIN,DANIELLE GUAENERE JULIA,Danielle PREBIN,Province Sud,Parti travailliste et forces progressistes,28,GUAENERE Julia Danielle,Province Sud,Unis pour le Pays,8,DANIELLE PREBIN DANIELLE PREBIN,DANIELLE GUAENERE JULIA GUAENERE JULIA DANIELLE,DANIELLE|PREBIN,DANIELLE|GUAENERE|JULIA,DANIELLE,1,1,2,3,0.4,28,0.5957446808510638,TRUE,DANIELLE,TRUE
CERVERA CORNAILLE MARTINE,BOUTEILLER MARTINE,Martine CORNAILLE née CERVERA,Province Sud,Alliance citoyenne pour la transition,1,BOUTEILLER Martine,Province Sud,"Nous, reunis",10,CERVERA CORNAILLE MARTINE MARTINE CORNAILLE NEE CERVERA,BOUTEILLER MARTINE BOUTEILLER MARTINE,CERVERA|CORNAILLE|MARTINE,BOUTEILLER|MARTINE,MARTINE,1,1,3,2,0.4,33,0.6,TRUE,MARTINE,TRUE
HELLOA JACQUELINE WAHEO,NELSON WAHEO,Jacqueline WAHEO ép HELLOA,Province des Iles,Parti travailliste,6,WAHEO Nelson,Province des Iles,UC-FLNKS Iles,13,HELLOA JACQUELINE WAHEO JACQUELINE WAHEO EP HELLOA,NELSON WAHEO WAHEO NELSON,HELLOA|JACQUELINE|WAHEO,NELSON|WAHEO,WAHEO,1,1,3,2,0.4,30,0.6,TRUE,WAHEO,TRUE
EDOUARD WAHMEREUNGO,EDOUARD TAVOUVAS YOAN,Edouard WAHMEREUNGO,Province Sud,Parti travailliste et forces progressistes,7,"TAVOUVAS Yoan, Edouard",Province Sud,"Nous, reunis",27,EDOUARD WAHMEREUNGO EDOUARD WAHMEREUNGO,EDOUARD TAVOUVAS YOAN TAVOUVAS YOAN EDOUARD,EDOUARD|WAHMEREUNGO,EDOUARD|TAVOUVAS|YOAN,EDOUARD,1,1,2,3,0.4,26,0.6046511627906976,TRUE,EDOUARD,TRUE
PAOURO SANDRA SUZANNE,GUYETTE SUZANNE,"Sandra, Suzanne PAOURO",Province Sud,FLNKS,24,GUYETTE Suzanne,Province Sud,Un autre monde est possible,18,PAOURO SANDRA SUZANNE SANDRA SUZANNE PAOURO,GUYETTE SUZANNE GUYETTE SUZANNE,PAOURO|SANDRA|SUZANNE,GUYETTE|SUZANNE,SUZANNE,1,1,3,2,0.4,26,0.6046511627906976,TRUE,SUZANNE,TRUE
KOUATHE YOAN,EDOUARD TAVOUVAS YOAN,Yoan KOUATHE,Province Sud,MNIS Sud,25,"TAVOUVAS Yoan, Edouard",Province Sud,"Nous, reunis",27,KOUATHE YOAN YOAN KOUATHE,EDOUARD TAVOUVAS YOAN TAVOUVAS YOAN EDOUARD,KOUATHE|YOAN,EDOUARD|TAVOUVAS|YOAN,YOAN,1,1,2,3,0.4,26,0.6046511627906976,TRUE,YOAN,TRUE
IHILY MAIMA ROSE,IHILY PIERRE,Rose Maïma IHILY,Province des Iles,Palika Iles,20,IHILY Pierre,Province des Iles,S'engager et oeuvrer,7,IHILY MAIMA ROSE ROSE MAIMA IHILY,IHILY PIERRE IHILY PIERRE,IHILY|MAIMA|ROSE,IHILY|PIERRE,IHILY,1,1,3,2,0.4,20,0.6060606060606061,TRUE,IHILY,TRUE
EUGENE PARAWI,EUGENE MENREMPON TANAICHE,Eugène PARAWI,Province Nord,Agissons pour le Nord,31,MENREMPON Eugene Tanaiche,Province Nord,Alternative Nord pour un pays souverain,1,EUGENE PARAWI EUGENE PARAWI,EUGENE MENREMPON TANAICHE MENREMPON EUGENE TANAICHE,EUGENE|PARAWI,EUGENE|MENREMPON|TANAICHE,EUGENE,1,1,2,3,0.4,31,0.6078431372549019,TRUE,EUGENE,TRUE
HONIE QENEGEI,HONIE ISABELLE SEIKO,Honie QENEGEI,Province des Iles,MNIS Iles,3,SEIKO ISABELLE HONIE,Province des Iles,Union pour construire dans le consensus,18,HONIE QENEGEI HONIE QENEGEI,HONIE ISABELLE SEIKO SEIKO ISABELLE HONIE,HONIE|QENEGEI,HONIE|ISABELLE|SEIKO,HONIE,1,1,2,3,0.4,25,0.6097560975609756,TRUE,HONIE,TRUE
ELISABETH SORGE VUDINH,BABIN ELISABETH,Elisabeth VUDINH née SORGE,Province Sud,Caledonie nouvelle et reunie,42,BABIN Elisabeth,Province Sud,Un espoir pour demain,44,ELISABETH SORGE VUDINH ELISABETH VUDINH NEE SORGE,BABIN ELISABETH BABIN ELISABETH,ELISABETH|SORGE|VUDINH,BABIN|ELISABETH,ELISABETH,1,1,3,2,0.4,30,0.6122448979591837,TRUE,ELISABETH,TRUE
MICHAEL UVEAKOVI,ALEXANDRE MICHAEL TAURAATUA,Michael UVEAKOVI,Province Sud,L'Eveil oceanien,47,TAURAATUA Michaël Alexandre,Province Sud,"Nous, reunis",37,MICHAEL UVEAKOVI MICHAEL UVEAKOVI,ALEXANDRE MICHAEL TAURAATUA TAURAATUA MICHAEL ALEXANDRE,MICHAEL|UVEAKOVI,ALEXANDRE|MICHAEL|TAURAATUA,MICHAEL,1,1,2,3,0.4,34,0.6181818181818182,TRUE,MICHAEL,TRUE
GAIA JAMES,GAIA JEAN ROCK,James GAIA,Province Sud,MNIS Sud,15,GAIA Jean-Rock,Province Sud,Unis pour le Pays,35,GAIA JAMES JAMES GAIA,GAIA JEAN ROCK GAIA JEAN ROCK,GAIA|JAMES,GAIA|JEAN|ROCK,GAIA,1,1,2,3,0.4,18,0.6206896551724138,TRUE,GAIA,TRUE
KAWAI NEKIRIAI,NEKIRIAI RENE WAGA,Kawaï NEKIRIAÏ,Province Nord,MNIS Nord,32,NEKIRIAI Rene Waga,Province Nord,Alternative Nord pour un pays souverain,31,KAWAI NEKIRIAI KAWAI NEKIRIAI,NEKIRIAI RENE WAGA NEKIRIAI RENE WAGA,KAWAI|NEKIRIAI,NEKIRIAI|RENE|WAGA,NEKIRIAI,1,1,2,3,0.4,23,0.6216216216216216,TRUE,NEKIRIAI,TRUE
ANDREA NICOLE SONG,HAEWENG NICOLE,Nicole ANDREA-SONG,Province Sud,L'Avenir en confiance,31,HAEWENG NICOLE,Province Sud,Faire Pays,20,ANDREA NICOLE SONG NICOLE ANDREA SONG,HAEWENG NICOLE HAEWENG NICOLE,ANDREA|NICOLE|SONG,HAEWENG|NICOLE,NICOLE,1,1,3,2,0.4,23,0.6216216216216216,TRUE,NICOLE,TRUE
ELISA HNACIPAN TIDJINE,SERGE TIDJINE,Elisa TIDJINE ép HNACIPAN,Province Nord,Parti travailliste,16,. TIDJINE Serge,Province Nord,Alternative Nord pour un pays souverain,3,ELISA HNACIPAN TIDJINE ELISA TIDJINE EP HNACIPAN,SERGE TIDJINE TIDJINE SERGE,ELISA|HNACIPAN|TIDJINE,SERGE|TIDJINE,TIDJINE,1,1,3,2,0.4,30,0.625,TRUE,TIDJINE,TRUE
ANGELE KOTEUREU MARIE,KOTEUREU YOLENE,Marie-Angèle KOTEUREU,Province Sud,Construire autrement,12,KOTEUREU Yolène,Province Sud,Une Province pour tous,16,ANGELE KOTEUREU MARIE MARIE ANGELE KOTEUREU,KOTEUREU YOLENE KOTEUREU YOLENE,ANGELE|KOTEUREU|MARIE,KOTEUREU|YOLENE,KOTEUREU,1,1,3,2,0.4,27,0.627906976744186,TRUE,KOTEUREU,TRUE
PAOURO SANDRA SUZANNE,HEMA SANDRA,"Sandra, Suzanne PAOURO",Province Sud,FLNKS,24,HEMA Sandra,Province Sud,Un autre monde est possible,4,PAOURO SANDRA SUZANNE SANDRA SUZANNE PAOURO,HEMA SANDRA HEMA SANDRA,PAOURO|SANDRA|SUZANNE,HEMA|SANDRA,SANDRA,1,1,3,2,0.4,27,0.627906976744186,TRUE,SANDRA,TRUE
JEWINE KATE PHILOMENE,KATE KATE LUCIEN,Philomène KATE ep JEWINE,Province des Iles,Palika Iles,8,"KATE Lucien, Katé",Province des Iles,Baselaia,19,JEWINE KATE PHILOMENE PHILOMENE KATE EP JEWINE,KATE KATE LUCIEN KATE LUCIEN KATE,JEWINE|KATE|PHILOMENE,KATE|LUCIEN,KATE,1,1,3,2,0.4,29,0.6304347826086957,TRUE,KATE,TRUE
JALABERT NADINE,ALLARD NADINE PIDJOT,Nadine JALABERT,Province Sud,L'Avenir en confiance,15,PIDJOT-ALLARD Nadine,Province Sud,"Nous, reunis",2,JALABERT NADINE NADINE JALABERT,ALLARD NADINE PIDJOT PIDJOT ALLARD NADINE,JALABERT|NADINE,ALLARD|NADINE|PIDJOT,NADINE,1,1,2,3,0.4,26,0.6341463414634146,TRUE,NADINE,TRUE
BEARUNE ISIDORE,BEARUNE COPANE MAGGY,Isidore BEARUNE,Province des Iles,Dynamique autochtone,20,"BEARUNE Copane, Maggy",Province des Iles,Nation autochtone,13,BEARUNE ISIDORE ISIDORE BEARUNE,BEARUNE COPANE MAGGY BEARUNE COPANE MAGGY,BEARUNE|ISIDORE,BEARUNE|COPANE|MAGGY,BEARUNE,1,1,2,3,0.4,26,0.6341463414634146,TRUE,BEARUNE,TRUE
KICINE YVETTE,INYA LUEWADIA YVETTE,Yvette KICINE,Province des Iles,Parti travailliste,4,"LUEWADIA Yvette, Inya",Province des Iles,Nation autochtone,11,KICINE YVETTE YVETTE KICINE,INYA LUEWADIA YVETTE LUEWADIA YVETTE INYA,KICINE|YVETTE,INYA|LUEWADIA|YVETTE,YVETTE,1,1,2,3,0.4,26,0.6341463414634146,TRUE,YVETTE,TRUE
CHLOE MARIA TOTO,LOUIS TOTO,Chloé Maria TOTO,Province des Iles,Nouvelle vision des Iles,6,TOTO Louis,Province des Iles,S'engager et oeuvrer,23,CHLOE MARIA TOTO CHLOE MARIA TOTO,LOUIS TOTO TOTO LOUIS,CHLOE|MARIA|TOTO,LOUIS|TOTO,TOTO,1,1,3,2,0.4,21,0.6363636363636364,TRUE,TOTO,TRUE
JULIA VAISALA,DANIELLE GUAENERE JULIA,Julia VAISALA,Province Sud,L'Eveil oceanien,16,GUAENERE Julia Danielle,Province Sud,Unis pour le Pays,8,JULIA VAISALA JULIA VAISALA,DANIELLE GUAENERE JULIA GUAENERE JULIA DANIELLE,JULIA|VAISALA,DANIELLE|GUAENERE|JULIA,JULIA,1,1,2,3,0.4,30,0.6382978723404256,TRUE,JULIA,TRUE
BRUKOA MARJORIE,BELLA MARJORIE POIGOUNE,Marjorie BRUKOA,Province Sud,MNIS Sud,30,"POIGOUNE Bella, Marjorie",Province Sud,Unis pour le Pays,6,BRUKOA MARJORIE MARJORIE BRUKOA,BELLA MARJORIE POIGOUNE POIGOUNE BELLA MARJORIE,BRUKOA|MARJORIE,BELLA|MARJORIE|POIGOUNE,MARJORIE,1,1,2,3,0.4,30,0.6382978723404256,TRUE,MARJORIE,TRUE
GREGORY PUAKAVASE,EMILE GREGORY SIMON,Grégory PUAKAVASE,Province Sud,Caledonie nouvelle et reunie,19,SIMON GREGORY EMILE,Province Sud,Faire Pays,9,GREGORY PUAKAVASE GREGORY PUAKAVASE,EMILE GREGORY SIMON SIMON GREGORY EMILE,GREGORY|PUAKAVASE,EMILE|GREGORY|SIMON,GREGORY,1,1,2,3,0.4,25,0.6410256410256411,TRUE,GREGORY,TRUE
CAROLINE MACHORO REIGNIER,FRANCETTE MACHORO,Caroline MACHORO-REIGNIER,Province Nord,UC-FLNKS,2,MACHORO Francette,Province Nord,Alternative Nord pour un pays souverain,12,CAROLINE MACHORO REIGNIER CAROLINE MACHORO REIGNIER,FRANCETTE MACHORO MACHORO FRANCETTE,CAROLINE|MACHORO|REIGNIER,FRANCETTE|MACHORO,MACHORO,1,1,3,2,0.4,33,0.6470588235294118,TRUE,MACHORO,TRUE
BEARUNE ISIDORE,BEARUNE ENOKA STEPHANIE,Isidore BEARUNE,Province des Iles,Dynamique autochtone,20,BEARUNE épouse ENOKA Stéphanie,Province des Iles,Baselaia,22,BEARUNE ISIDORE ISIDORE BEARUNE,BEARUNE ENOKA STEPHANIE BEARUNE EPOUSE ENOKA STEPHANIE,BEARUNE|ISIDORE,BEARUNE|ENOKA|STEPHANIE,BEARUNE,1,1,2,3,0.4,35,0.6481481481481481,TRUE,BEARUNE,TRUE
CLAVEL ROGER,FICHTER ROGER RUDY,Roger CLAVEL,Province Sud,Rassemblement national,41,"FICHTER Rudy, Roger",Province Sud,Unis pour le Pays,11,CLAVEL ROGER ROGER CLAVEL,FICHTER ROGER RUDY FICHTER RUDY ROGER,CLAVEL|ROGER,FICHTER|ROGER|RUDY,ROGER,1,1,2,3,0.4,24,0.6486486486486487,TRUE,ROGER,TRUE
FALELAVAKI HENRIETTE WAHUZUE,FALELAVAKI MATHIEU,Henriette WAHUZUE-FALELAVAKI,Province Sud,L'Avenir en confiance,37,FALELAVAKI Mathieu,Province Sud,Souverainete Kanaky NC,43,FALELAVAKI HENRIETTE WAHUZUE HENRIETTE WAHUZUE FALELAVAKI,FALELAVAKI MATHIEU FALELAVAKI MATHIEU,FALELAVAKI|HENRIETTE|WAHUZUE,FALELAVAKI|MATHIEU,FALELAVAKI,1,1,3,2,0.4,37,0.6491228070175439,TRUE,FALELAVAKI,TRUE
EDOUARD LEONI,EDOUARD TAVOUVAS YOAN,Edouard LEONI,Province Sud,Caledonie nouvelle et reunie,1,"TAVOUVAS Yoan, Edouard",Province Sud,"Nous, reunis",27,EDOUARD LEONI EDOUARD LEONI,EDOUARD TAVOUVAS YOAN TAVOUVAS YOAN EDOUARD,EDOUARD|LEONI,EDOUARD|TAVOUVAS|YOAN,EDOUARD,1,1,2,3,0.4,28,0.6511627906976745,TRUE,EDOUARD,TRUE
COGULET GERARD,BONNARD FRANCK GERARD,Gérard COGULET,Province Sud,Caledonie nouvelle et reunie,23,BONNARD Franck-Gérard,Province Sud,Unis pour le Pays,5,COGULET GERARD GERARD COGULET,BONNARD FRANCK GERARD BONNARD FRANCK GERARD,COGULET|GERARD,BONNARD|FRANCK|GERARD,GERARD,1,1,2,3,0.4,28,0.6511627906976745,TRUE,GERARD,TRUE
ANGELE KOTEUREU MARIE,DENIS KOTEUREU,Marie-Angèle KOTEUREU,Province Sud,Construire autrement,12,KOTEUREU Denis,Province Sud,Alliance Pacifik enracinee,16,ANGELE KOTEUREU MARIE MARIE ANGELE KOTEUREU,DENIS KOTEUREU KOTEUREU DENIS,ANGELE|KOTEUREU|MARIE,DENIS|KOTEUREU,KOTEUREU,1,1,3,2,0.4,28,0.6511627906976745,TRUE,KOTEUREU,TRUE
ANGELE KOTEUREU MARIE,JACINTHE KOTEUREU,Marie-Angèle KOTEUREU,Province Sud,Construire autrement,12,KOTEUREU Jacinthe,Province Sud,Alliance Pacifik enracinee,11,ANGELE KOTEUREU MARIE MARIE ANGELE KOTEUREU,JACINTHE KOTEUREU KOTEUREU JACINTHE,ANGELE|KOTEUREU|MARIE,JACINTHE|KOTEUREU,KOTEUREU,1,1,3,2,0.4,28,0.6511627906976745,TRUE,KOTEUREU,TRUE
DUHNARA HNASSIL,DADA DUHNARA PALENE,Hnassil DUHNARA,Province des Iles,MNIS Iles,12,DUHNARA EPOUSE PALENE DADA,Province des Iles,Union pour construire dans le consensus,6,DUHNARA HNASSIL HNASSIL DUHNARA,DADA DUHNARA PALENE DUHNARA EPOUSE PALENE DADA,DUHNARA|HNASSIL,DADA|DUHNARA|PALENE,DUHNARA,1,1,2,3,0.4,30,0.6521739130434783,TRUE,DUHNARA,TRUE
ELISABETH SORGE VUDINH,ELISABETH TAUOTAHIA,Elisabeth VUDINH née SORGE,Province Sud,Caledonie nouvelle et reunie,42,TAUOTAHIA Elisabeth,Province Sud,Souverainete Kanaky NC,20,ELISABETH SORGE VUDINH ELISABETH VUDINH NEE SORGE,ELISABETH TAUOTAHIA TAUOTAHIA ELISABETH,ELISABETH|SORGE|VUDINH,ELISABETH|TAUOTAHIA,ELISABETH,1,1,3,2,0.4,32,0.6530612244897959,TRUE,ELISABETH,TRUE
BLANCHE ENOKA NGAIOHNI,CHARLES NGAIOHNI,Blanche ENOKA née NGAIOHNI,Province des Iles,Dynamique autochtone,17,NGAIOHNI CHARLES,Province des Iles,Union pour construire dans le consensus,5,BLANCHE ENOKA NGAIOHNI BLANCHE ENOKA NEE NGAIOHNI,CHARLES NGAIOHNI NGAIOHNI CHARLES,BLANCHE|ENOKA|NGAIOHNI,CHARLES|NGAIOHNI,NGAIOHNI,1,1,3,2,0.4,32,0.6530612244897959,TRUE,NGAIOHNI,TRUE
FRANCESCA SALIGA SUMOI,MEITOGA SALIGA,Francesca SUMOI épouse SALIGA,Province Sud,Destin commun caledonien,4,SALIGA Meitoga,Province Sud,Une Province pour tous,18,FRANCESCA SALIGA SUMOI FRANCESCA SUMOI EPOUSE SALIGA,MEITOGA SALIGA SALIGA MEITOGA,FRANCESCA|SALIGA|SUMOI,MEITOGA|SALIGA,SALIGA,1,1,3,2,0.4,34,0.6538461538461539,TRUE,SALIGA,TRUE
ATHANASE NAAOUTCHOUE POINDI,NAAOUTCHOUE SYLVIANE,"Athanase, Poindi NAAOUTCHOUE",Province Nord,UNI,27,NAAOUTCHOUE Sylviane,Province Nord,UNI,8,ATHANASE NAAOUTCHOUE POINDI ATHANASE POINDI NAAOUTCHOUE,NAAOUTCHOUE SYLVIANE NAAOUTCHOUE SYLVIANE,ATHANASE|NAAOUTCHOUE|POINDI,NAAOUTCHOUE|SYLVIANE,NAAOUTCHOUE,1,1,3,2,0.4,36,0.6545454545454545,TRUE,NAAOUTCHOUE,TRUE
ALEXANDRE MARTINEZ,ALEXANDRE MICHAEL TAURAATUA,Alexandre MARTINEZ,Province Sud,Alliance citoyenne pour la transition,8,TAURAATUA Michaël Alexandre,Province Sud,"Nous, reunis",37,ALEXANDRE MARTINEZ ALEXANDRE MARTINEZ,ALEXANDRE MICHAEL TAURAATUA TAURAATUA MICHAEL ALEXANDRE,ALEXANDRE|MARTINEZ,ALEXANDRE|MICHAEL|TAURAATUA,ALEXANDRE,1,1,2,3,0.4,36,0.6545454545454545,TRUE,ALEXANDRE,TRUE
ALEXANDRE NEMEBREUX,ALEXANDRE MICHAEL TAURAATUA,Alexandre NEMEBREUX,Province Sud,Caledoniens Ensemble,25,TAURAATUA Michaël Alexandre,Province Sud,"Nous, reunis",37,ALEXANDRE NEMEBREUX ALEXANDRE NEMEBREUX,ALEXANDRE MICHAEL TAURAATUA TAURAATUA MICHAEL ALEXANDRE,ALEXANDRE|NEMEBREUX,ALEXANDRE|MICHAEL|TAURAATUA,ALEXANDRE,1,1,2,3,0.4,36,0.6545454545454545,TRUE,ALEXANDRE,TRUE
BROUILLON HERVE,ANDRE DUQUESNE HERVE,Hervé BROUILLON,Province Sud,Construire autrement,21,"DUQUESNE Hervé, André",Province Sud,Souverainete Kanaky NC,39,BROUILLON HERVE HERVE BROUILLON,ANDRE DUQUESNE HERVE DUQUESNE HERVE ANDRE,BROUILLON|HERVE,ANDRE|DUQUESNE|HERVE,HERVE,1,1,2,3,0.4,27,0.6585365853658537,TRUE,HERVE,TRUE
DEVILLERS NADINE,ALLARD NADINE PIDJOT,Nadine DEVILLERS,Province Sud,Rassemblement national,50,PIDJOT-ALLARD Nadine,Province Sud,"Nous, reunis",2,DEVILLERS NADINE NADINE DEVILLERS,ALLARD NADINE PIDJOT PIDJOT ALLARD NADINE,DEVILLERS|NADINE,ALLARD|NADINE|PIDJOT,NADINE,1,1,2,3,0.4,27,0.6585365853658537,TRUE,NADINE,TRUE
KILAMA LUCIA VAIAGINA,KOTRA LUCIA,Lucia KILAMA née VAIAGINA,Province Sud,L'Eveil oceanien,22,KOTRA Lucia,Province Sud,Kanaky pour tous,10,KILAMA LUCIA VAIAGINA LUCIA KILAMA NEE VAIAGINA,KOTRA LUCIA KOTRA LUCIA,KILAMA|LUCIA|VAIAGINA,KOTRA|LUCIA,LUCIA,1,1,3,2,0.4,31,0.6595744680851063,TRUE,LUCIA,TRUE
CILAKO ODETTE SINYEUE,ODETTE UEDRE,Odette SINYEUE née CILAKO,Province Sud,Alliance citoyenne pour la transition,23,UEDRE Odette,Province Sud,Kanaky pour tous,50,CILAKO ODETTE SINYEUE ODETTE SINYEUE NEE CILAKO,ODETTE UEDRE UEDRE ODETTE,CILAKO|ODETTE|SINYEUE,ODETTE|UEDRE,ODETTE,1,1,3,2,0.4,31,0.6595744680851063,TRUE,ODETTE,TRUE
QAEKO ROXANE WAITRONYIE,QAEKO SIAPO,"Roxane, Qaeko WAITRONYIE",Province des Iles,Nouvelle vision des Iles,16,SIAPO Qaeko,Province des Iles,Un nouveau souffle,4,QAEKO ROXANE WAITRONYIE ROXANE QAEKO WAITRONYIE,QAEKO SIAPO SIAPO QAEKO,QAEKO|ROXANE|WAITRONYIE,QAEKO|SIAPO,QAEKO,1,1,3,2,0.4,31,0.6595744680851063,TRUE,QAEKO,TRUE
CROMBEZ MELISSA,LUCYNDA MELISSA MOENIR,Mélissa CROMBEZ,Province Sud,Caledonie nouvelle et reunie,6,MOENIR Lucynda Melissa,Province Sud,Souverainete Kanaky NC,8,CROMBEZ MELISSA MELISSA CROMBEZ,LUCYNDA MELISSA MOENIR MOENIR LUCYNDA MELISSA,CROMBEZ|MELISSA,LUCYNDA|MELISSA|MOENIR,MELISSA,1,1,2,3,0.4,30,0.6666666666666666,TRUE,MELISSA,TRUE
AGOURERE DIACOMA NICOLE,MOREAU NICOLE,Nicole DIACOMA épouse AGOURERE,Province Sud,Parti travailliste et forces progressistes,42,MOREAU Nicole,Province Sud,"Nous, reunis",28,AGOURERE DIACOMA NICOLE NICOLE DIACOMA EPOUSE AGOURERE,MOREAU NICOLE MOREAU NICOLE,AGOURERE|DIACOMA|NICOLE,MOREAU|NICOLE,NICOLE,1,1,3,2,0.4,36,0.6666666666666666,TRUE,NICOLE,TRUE
SINAMO TOATITI VANESSA,BEOU VANESSA,Vanessa TOATITI ép SINAMO,Province Sud,Destin commun caledonien,34,BEOU Vanessa,Province Sud,Alliance Pacifik enracinee,43,SINAMO TOATITI VANESSA VANESSA TOATITI EP SINAMO,BEOU VANESSA BEOU VANESSA,SINAMO|TOATITI|VANESSA,BEOU|VANESSA,VANESSA,1,1,3,2,0.4,32,0.6666666666666666,TRUE,VANESSA,TRUE
DRILE FRANCOIS WAHETRA,WAHETRA WALI,"François, Drile WAHETRA",Province des Iles,Nouvelle vision des Iles,21,Ï WAHETRA Wali,Province des Iles,Palika Iles,1,DRILE FRANCOIS WAHETRA FRANCOIS DRILE WAHETRA,WAHETRA WALI I WAHETRA WALI,DRILE|FRANCOIS|WAHETRA,WAHETRA|WALI,WAHETRA,1,1,3,2,0.4,30,0.6666666666666666,TRUE,WAHETRA,TRUE
ATHANASE NAAOUTCHOUE POINDI,EMILEDOUARD NAAOUTCHOUE,"Athanase, Poindi NAAOUTCHOUE",Province Nord,UNI,27,NAAOUTCHOUE Emiledouard,Province Nord,Faire Pays,17,ATHANASE NAAOUTCHOUE POINDI ATHANASE POINDI NAAOUTCHOUE,EMILEDOUARD NAAOUTCHOUE NAAOUTCHOUE EMILEDOUARD,ATHANASE|NAAOUTCHOUE|POINDI,EMILEDOUARD|NAAOUTCHOUE,NAAOUTCHOUE,1,1,3,2,0.4,37,0.6727272727272727,TRUE,NAAOUTCHOUE,TRUE
CERVERA CORNAILLE MARTINE,AVARGUEZ MARTINE,Martine CORNAILLE née CERVERA,Province Sud,Alliance citoyenne pour la transition,1,AVARGUEZ Martine,Province Sud,"France Caledonie, une patrie",30,CERVERA CORNAILLE MARTINE MARTINE CORNAILLE NEE CERVERA,AVARGUEZ MARTINE AVARGUEZ MARTINE,CERVERA|CORNAILLE|MARTINE,AVARGUEZ|MARTINE,MARTINE,1,1,3,2,0.4,37,0.6727272727272727,TRUE,MARTINE,TRUE
FRANCESCA SALIGA SUMOI,ASINOC SALIGA,Francesca SUMOI épouse SALIGA,Province Sud,Destin commun caledonien,4,SALIGA Asinoc,Province Sud,Kanaky pour tous,34,FRANCESCA SALIGA SUMOI FRANCESCA SUMOI EPOUSE SALIGA,ASINOC SALIGA SALIGA ASINOC,FRANCESCA|SALIGA|SUMOI,ASINOC|SALIGA,SALIGA,1,1,3,2,0.4,35,0.6730769230769231,TRUE,SALIGA,TRUE
FRANCESCA SALIGA SUMOI,ROMEO SALIGA,Francesca SUMOI épouse SALIGA,Province Sud,Destin commun caledonien,4,SALIGA Roméo,Province Sud,Une Province pour tous,34,FRANCESCA SALIGA SUMOI FRANCESCA SUMOI EPOUSE SALIGA,ROMEO SALIGA SALIGA ROMEO,FRANCESCA|SALIGA|SUMOI,ROMEO|SALIGA,SALIGA,1,1,3,2,0.4,35,0.6730769230769231,TRUE,SALIGA,TRUE
BAPTISTE FALELAVAKI JEAN,FALELAVAKI MATHIEU,Jean-Baptiste FALELAVAKI,Province Sud,Construire autrement,27,FALELAVAKI Mathieu,Province Sud,Souverainete Kanaky NC,43,BAPTISTE FALELAVAKI JEAN JEAN BAPTISTE FALELAVAKI,FALELAVAKI MATHIEU FALELAVAKI MATHIEU,BAPTISTE|FALELAVAKI|JEAN,FALELAVAKI|MATHIEU,FALELAVAKI,1,1,3,2,0.4,33,0.673469387755102,TRUE,FALELAVAKI,TRUE
NASSAI WABEALO WASSIN,ODILE WABEALO,Nassai WASSIN ép WABEALO,Province Nord,Parti travailliste,30,WABEALO Odile,Province Nord,UNI,26,NASSAI WABEALO WASSIN NASSAI WASSIN EP WABEALO,ODILE WABEALO WABEALO ODILE,NASSAI|WABEALO|WASSIN,ODILE|WABEALO,WABEALO,1,1,3,2,0.4,31,0.6739130434782609,TRUE,WABEALO,TRUE
GERARD SALAUN,BONNARD FRANCK GERARD,Gérard SALAUN,Province Sud,L'Avenir en confiance,50,BONNARD Franck-Gérard,Province Sud,Unis pour le Pays,5,GERARD SALAUN GERARD SALAUN,BONNARD FRANCK GERARD BONNARD FRANCK GERARD,GERARD|SALAUN,BONNARD|FRANCK|GERARD,GERARD,1,1,2,3,0.4,29,0.6744186046511628,TRUE,GERARD,TRUE
CHERIKA MARIE ROLLAND,DALBIEZ ROLLAND,Rolland-Marie CHERIKA,Province Sud,Parti travailliste et forces progressistes,31,DALBIEZ Rolland,Province Sud,"France Caledonie, une patrie",48,CHERIKA MARIE ROLLAND ROLLAND MARIE CHERIKA,DALBIEZ ROLLAND DALBIEZ ROLLAND,CHERIKA|MARIE|ROLLAND,DALBIEZ|ROLLAND,ROLLAND,1,1,3,2,0.4,29,0.6744186046511628,TRUE,ROLLAND,TRUE
CHANTAL COURTOT,ARCANGELO COURTOT MARYLINE,Chantal COURTOT,Province Sud,L'Avenir en confiance,29,COURTOT épouse D'ARCANGELO Maryline,Province Sud,Les Loyalistes et Le Rassemblement,43,CHANTAL COURTOT CHANTAL COURTOT,ARCANGELO COURTOT MARYLINE COURTOT EPOUSE D ARCANGELO MARYLINE,CHANTAL|COURTOT,ARCANGELO|COURTOT|MARYLINE,COURTOT,1,1,2,3,0.4,42,0.6774193548387096,TRUE,COURTOT,TRUE
AP JULIEN TRAN,BOANEMOI JULIEN,Julien TRAN AP,Province Sud,L'Avenir en confiance,24,BOANEMOI Julien,Province Sud,Kanaky pour tous,41,AP JULIEN TRAN JULIEN TRAN AP,BOANEMOI JULIEN BOANEMOI JULIEN,AP|JULIEN|TRAN,BOANEMOI|JULIEN,JULIEN,1,1,3,2,0.4,21,0.6774193548387096,TRUE,JULIEN,TRUE
ATCHEE MARYLINE,ARCANGELO COURTOT MARYLINE,Maryline ATCHEE,Province Sud,MNIS Sud,4,COURTOT épouse D'ARCANGELO Maryline,Province Sud,Les Loyalistes et Le Rassemblement,43,ATCHEE MARYLINE MARYLINE ATCHEE,ARCANGELO COURTOT MARYLINE COURTOT EPOUSE D ARCANGELO MARYLINE,ATCHEE|MARYLINE,ARCANGELO|COURTOT|MARYLINE,MARYLINE,1,1,2,3,0.4,42,0.6774193548387096,TRUE,MARYLINE,TRUE
FAUPALA PULEOTO VIRGINIE,HAELEMAI VIRGINIE,Virginie FAUPALA née PULEOTO,Province Sud,L'Eveil oceanien,32,HAELEMAÏ Virginie,Province Sud,Un autre monde est possible,8,FAUPALA PULEOTO VIRGINIE VIRGINIE FAUPALA NEE PULEOTO,HAELEMAI VIRGINIE HAELEMAI VIRGINIE,FAUPALA|PULEOTO|VIRGINIE,HAELEMAI|VIRGINIE,VIRGINIE,1,1,3,2,0.4,36,0.6792452830188679,TRUE,VIRGINIE,TRUE
FAUPALA PULEOTO VIRGINIE,PAILLARD VIRGINIE,Virginie FAUPALA née PULEOTO,Province Sud,L'Eveil oceanien,32,À PAILLARD Virginie,Province Sud,Unis pour le Pays,4,FAUPALA PULEOTO VIRGINIE VIRGINIE FAUPALA NEE PULEOTO,PAILLARD VIRGINIE A PAILLARD VIRGINIE,FAUPALA|PULEOTO|VIRGINIE,PAILLARD|VIRGINIE,VIRGINIE,1,1,3,2,0.4,36,0.6792452830188679,TRUE,VIRGINIE,TRUE
EPIFANIA GATA TUPUOLA,GATA HELENE,Epifania GATA née TUPUOLA,Province Sud,Caledonie nouvelle et reunie,2,GATA Hélène,Province Sud,Alliance Pacifik enracinee,7,EPIFANIA GATA TUPUOLA EPIFANIA GATA NEE TUPUOLA,GATA HELENE GATA HELENE,EPIFANIA|GATA|TUPUOLA,GATA|HELENE,GATA,1,1,3,2,0.4,32,0.6808510638297872,TRUE,GATA,TRUE
JEAN PHILIPPE ROUQUETTE,GERALD ROUQUETTE,Jean-Philippe ROUQUETTE,Province Sud,Rassemblement national,19,ROUQUETTE Gerald,Province Sud,"France Caledonie, une patrie",42,JEAN PHILIPPE ROUQUETTE JEAN PHILIPPE ROUQUETTE,GERALD ROUQUETTE ROUQUETTE GERALD,JEAN|PHILIPPE|ROUQUETTE,GERALD|ROUQUETTE,ROUQUETTE,1,1,3,2,0.4,32,0.6808510638297872,TRUE,ROUQUETTE,TRUE
CITRE EDOUARD,CITRE FULBERT WADEWI,Edouard CITRE,Province des Iles,Avec nous,3,"CITRE Fulbert, Wadewi",Province des Iles,Baselaia,21,CITRE EDOUARD EDOUARD CITRE,CITRE FULBERT WADEWI CITRE FULBERT WADEWI,CITRE|EDOUARD,CITRE|FULBERT|WADEWI,CITRE,1,1,2,3,0.4,28,0.6829268292682927,TRUE,CITRE,TRUE
ENOKA LUCIE,BEARUNE ENOKA STEPHANIE,Lucie ENOKA,Province des Iles,Parti travailliste,8,BEARUNE épouse ENOKA Stéphanie,Province des Iles,Baselaia,22,ENOKA LUCIE LUCIE ENOKA,BEARUNE ENOKA STEPHANIE BEARUNE EPOUSE ENOKA STEPHANIE,ENOKA|LUCIE,BEARUNE|ENOKA|STEPHANIE,ENOKA,1,1,2,3,0.4,37,0.6851851851851852,TRUE,ENOKA,TRUE
HELENE IEKAWE,IEKAWE JOCELYNE PHADOM,Hélène IEKAWE,Province Sud,Caledoniens Ensemble,14,PHADOM ép. IEKAWE Jocelyne,Province Sud,Kanaky pour tous,36,HELENE IEKAWE HELENE IEKAWE,IEKAWE JOCELYNE PHADOM PHADOM EP IEKAWE JOCELYNE,HELENE|IEKAWE,IEKAWE|JOCELYNE|PHADOM,IEKAWE,1,1,2,3,0.4,33,0.6875,TRUE,IEKAWE,TRUE
SINAMO TOATITI VANESSA,BOURNE VANESSA,Vanessa TOATITI ép SINAMO,Province Sud,Destin commun caledonien,34,BOURNE Vanessa,Province Sud,Un espoir pour demain,34,SINAMO TOATITI VANESSA VANESSA TOATITI EP SINAMO,BOURNE VANESSA BOURNE VANESSA,SINAMO|TOATITI|VANESSA,BOURNE|VANESSA,VANESSA,1,1,3,2,0.4,33,0.6875,TRUE,VANESSA,TRUE
ELYANE GOPOEA POUICEMA,ASTRID GOPOEA,"Elyane, Pouicema GOPOEA",Province Nord,UNI,22,GOPOEA Astrid,Province Nord,UNI,16,ELYANE GOPOEA POUICEMA ELYANE POUICEMA GOPOEA,ASTRID GOPOEA GOPOEA ASTRID,ELYANE|GOPOEA|POUICEMA,ASTRID|GOPOEA,GOPOEA,1,1,3,2,0.4,31,0.6888888888888889,TRUE,GOPOEA,TRUE
ADRO KATRAWA MADELEINE,AURELIA KATRAWA,"Madeleine, Adro KATRAWA",Province des Iles,UC-FLNKS,18,KATRAWA Aurélia,Province des Iles,Palika Iles,5,ADRO KATRAWA MADELEINE MADELEINE ADRO KATRAWA,AURELIA KATRAWA KATRAWA AURELIA,ADRO|KATRAWA|MADELEINE,AURELIA|KATRAWA,KATRAWA,1,1,3,2,0.4,31,0.6888888888888889,TRUE,KATRAWA,TRUE
GAIA HARMONIE,GAIA JEAN ROCK,Harmonie GAIA,Province Sud,MNIS Sud,14,GAIA Jean-Rock,Province Sud,Unis pour le Pays,35,GAIA HARMONIE HARMONIE GAIA,GAIA JEAN ROCK GAIA JEAN ROCK,GAIA|HARMONIE,GAIA|JEAN|ROCK,GAIA,1,1,2,3,0.4,20,0.6896551724137931,TRUE,GAIA,TRUE
ARROYO KARINE,EZZINE KARINE SARATINSKY,Karine ARROYO,Province Sud,Alliance citoyenne pour la transition,15,SARATINSKY ep EZZINE Karine,Province Sud,Unis pour le Pays,30,ARROYO KARINE KARINE ARROYO,EZZINE KARINE SARATINSKY SARATINSKY EP EZZINE KARINE,ARROYO|KARINE,EZZINE|KARINE|SARATINSKY,KARINE,1,1,2,3,0.4,36,0.6923076923076923,TRUE,KARINE,TRUE
GRAZIELLA MUNANOA,FOISNON GISELE GRAZIELLA,Graziella MUNANOA,Province Sud,L'Eveil oceanien,48,FOISNON Gisèle Graziella,Province Sud,"Nous, reunis",44,GRAZIELLA MUNANOA GRAZIELLA MUNANOA,FOISNON GISELE GRAZIELLA FOISNON GISELE GRAZIELLA,GRAZIELLA|MUNANOA,FOISNON|GISELE|GRAZIELLA,GRAZIELLA,1,1,2,3,0.4,34,0.6938775510204082,TRUE,GRAZIELLA,TRUE
GODOT PATRICK,BAI PATRICK TEIN,Patrick GODOT,Province Sud,Rassemblement national,47,TEIN BAI Patrick,Province Sud,Les Loyalistes et Le Rassemblement,42,GODOT PATRICK PATRICK GODOT,BAI PATRICK TEIN TEIN BAI PATRICK,GODOT|PATRICK,BAI|PATRICK|TEIN,PATRICK,1,1,2,3,0.4,23,0.696969696969697,TRUE,PATRICK,TRUE
GAIA HARMONIE,ALOSIO GAIA NIKITA,Harmonie GAIA,Province Sud,MNIS Sud,14,GAIA ép. ALOSIO Nikita,Province Sud,Kanaky pour tous,12,GAIA HARMONIE HARMONIE GAIA,ALOSIO GAIA NIKITA GAIA EP ALOSIO NIKITA,GAIA|HARMONIE,ALOSIO|GAIA|NIKITA,GAIA,1,1,2,3,0.4,28,0.7,TRUE,GAIA,TRUE
GAIA JAMES,ALOSIO GAIA NIKITA,James GAIA,Province Sud,MNIS Sud,15,GAIA ép. ALOSIO Nikita,Province Sud,Kanaky pour tous,12,GAIA JAMES JAMES GAIA,ALOSIO GAIA NIKITA GAIA EP ALOSIO NIKITA,GAIA|JAMES,ALOSIO|GAIA|NIKITA,GAIA,1,1,2,3,0.4,28,0.7,TRUE,GAIA,TRUE
MILLET MONIQUE,GASTALDI JANDOT MONIQUE,Monique MILLET,Province Sud,Caledoniens Ensemble,18,GASTALDI ép JANDOT Monique,Province Sud,Une Province pour tous,41,MILLET MONIQUE MONIQUE MILLET,GASTALDI JANDOT MONIQUE GASTALDI EP JANDOT MONIQUE,MILLET|MONIQUE,GASTALDI|JANDOT|MONIQUE,MONIQUE,1,1,2,3,0.4,35,0.7,TRUE,MONIQUE,TRUE
FALELAVAKI HENRIETTE WAHUZUE,HENRIETTE TENDA,Henriette WAHUZUE-FALELAVAKI,Province Sud,L'Avenir en confiance,37,TENDA Henriette,Province Sud,Kanaky pour tous,40,FALELAVAKI HENRIETTE WAHUZUE HENRIETTE WAHUZUE FALELAVAKI,HENRIETTE TENDA TENDA HENRIETTE,FALELAVAKI|HENRIETTE|WAHUZUE,HENRIETTE|TENDA,HENRIETTE,1,1,3,2,0.4,40,0.7017543859649122,TRUE,HENRIETTE,TRUE
ANTOINE NOMAI TEIN,MAGUY NOMAI,Antoine Tein NOMAI,Province Nord,Parti travailliste,31,NOMAI Maguy,Province Nord,UC-FLNKS,28,ANTOINE NOMAI TEIN ANTOINE TEIN NOMAI,MAGUY NOMAI NOMAI MAGUY,ANTOINE|NOMAI|TEIN,MAGUY|NOMAI,NOMAI,1,1,3,2,0.4,26,0.7027027027027027,TRUE,NOMAI,TRUE
CLEMENTINE GOPE WAMO,SAMUEL WAMO,Clémentine WAMO ep GOPE,Province des Iles,Palika Iles,10,WAMO Samuel,Province des Iles,Palika Iles,6,CLEMENTINE GOPE WAMO CLEMENTINE WAMO EP GOPE,SAMUEL WAMO WAMO SAMUEL,CLEMENTINE|GOPE|WAMO,SAMUEL|WAMO,WAMO,1,1,3,2,0.4,31,0.7045454545454546,TRUE,WAMO,TRUE
PEBELLIER SIMONE TOURNIER,MAEVA TOURNIER,Simone PEBELLIER épouse TOURNIER,Province Sud,Rassemblement national,44,TOURNIER Maéva,Province Sud,"Nous, reunis",38,PEBELLIER SIMONE TOURNIER SIMONE PEBELLIER EPOUSE TOURNIER,MAEVA TOURNIER TOURNIER MAEVA,PEBELLIER|SIMONE|TOURNIER,MAEVA|TOURNIER,TOURNIER,1,1,3,2,0.4,41,0.7068965517241379,TRUE,TOURNIER,TRUE
CITRE CLAUDINE,CITRE FULBERT WADEWI,Claudine CITRE,Province des Iles,Avec nous,14,"CITRE Fulbert, Wadewi",Province des Iles,Baselaia,21,CITRE CLAUDINE CLAUDINE CITRE,CITRE FULBERT WADEWI CITRE FULBERT WADEWI,CITRE|CLAUDINE,CITRE|FULBERT|WADEWI,CITRE,1,1,2,3,0.4,29,0.7073170731707317,TRUE,CITRE,TRUE
ELISA JEWINE WADROBERT,ELISA KONYI,Elisa JEWINE ép. WADROBERT,Province des Iles,Nouvelle vision des Iles,14,KONYI Elisa,Province des Iles,Palika Iles,19,ELISA JEWINE WADROBERT ELISA JEWINE EP WADROBERT,ELISA KONYI KONYI ELISA,ELISA|JEWINE|WADROBERT,ELISA|KONYI,ELISA,1,1,3,2,0.4,34,0.7083333333333334,TRUE,ELISA,TRUE
FREDERIC GOPE,GOPE SEIKO SIMONE,Frédéric GOPE,Province des Iles,MNIS Iles,2,SEIKO ép. GOPE Simone,Province des Iles,Palika Iles,23,FREDERIC GOPE FREDERIC GOPE,GOPE SEIKO SIMONE SEIKO EP GOPE SIMONE,FREDERIC|GOPE,GOPE|SEIKO|SIMONE,GOPE,1,1,2,3,0.4,27,0.7105263157894737,TRUE,GOPE,TRUE
MIRIAM VERDUGER,LYSIANE MIRIAM SASTRODIHARDJO,Miriam VERDUGER,Province Sud,Alliance citoyenne pour la transition,7,"SASTRODIHARDJO Lysiane, Miriam",Province Sud,Souverainete Kanaky NC,18,MIRIAM VERDUGER MIRIAM VERDUGER,LYSIANE MIRIAM SASTRODIHARDJO SASTRODIHARDJO LYSIANE MIRIAM,MIRIAM|VERDUGER,LYSIANE|MIRIAM|SASTRODIHARDJO,MIRIAM,1,1,2,3,0.4,42,0.711864406779661,TRUE,MIRIAM,TRUE
ELISABETH SORGE VUDINH,FERDINAND SORGE,Elisabeth VUDINH née SORGE,Province Sud,Caledonie nouvelle et reunie,42,SORGE Ferdinand,Province Sud,Un espoir pour demain,35,ELISABETH SORGE VUDINH ELISABETH VUDINH NEE SORGE,FERDINAND SORGE SORGE FERDINAND,ELISABETH|SORGE|VUDINH,FERDINAND|SORGE,SORGE,1,1,3,2,0.4,35,0.7142857142857143,TRUE,SORGE,TRUE
MAITUKU MALIA SAVEA,FRANCK MAITUKU,Malia SAVEA née MAITUKU,Province Sud,L'Eveil oceanien,50,MAITUKU Franck,Province Sud,Un autre monde est possible,32,MAITUKU MALIA SAVEA MALIA SAVEA NEE MAITUKU,FRANCK MAITUKU MAITUKU FRANCK,MAITUKU|MALIA|SAVEA,FRANCK|MAITUKU,MAITUKU,1,1,3,2,0.4,31,0.7209302325581395,TRUE,MAITUKU,TRUE
AGOURERE DIACOMA NICOLE,HAEWENG NICOLE,Nicole DIACOMA épouse AGOURERE,Province Sud,Parti travailliste et forces progressistes,42,HAEWENG NICOLE,Province Sud,Faire Pays,20,AGOURERE DIACOMA NICOLE NICOLE DIACOMA EPOUSE AGOURERE,HAEWENG NICOLE HAEWENG NICOLE,AGOURERE|DIACOMA|NICOLE,HAEWENG|NICOLE,NICOLE,1,1,3,2,0.4,39,0.7222222222222222,TRUE,NICOLE,TRUE
KURTOVITCH LINDA,CHARLINE KASSIRAN LINDA,Linda KURTOVITCH,Province Sud,Construire autrement,18,"KASSIRAN Charline, Linda",Province Sud,Pour une Caledonie francaise,12,KURTOVITCH LINDA LINDA KURTOVITCH,CHARLINE KASSIRAN LINDA KASSIRAN CHARLINE LINDA,KURTOVITCH|LINDA,CHARLINE|KASSIRAN|LINDA,LINDA,1,1,2,3,0.4,34,0.723404255319149,TRUE,LINDA,TRUE
JULIA VAISALA,EMILLIENNE JULIA OUNEI,Julia VAISALA,Province Sud,L'Eveil oceanien,16,"OUNEI Emillienne, Julia",Province Sud,Souverainete Kanaky NC,16,JULIA VAISALA JULIA VAISALA,EMILLIENNE JULIA OUNEI OUNEI EMILLIENNE JULIA,JULIA|VAISALA,EMILLIENNE|JULIA|OUNEI,JULIA,1,1,2,3,0.4,33,0.7333333333333333,TRUE,JULIA,TRUE
ANGE HOMBOE MARIE,FREDERIC HOMBOE,Marie-Ange HOMBOE,Province Sud,Construire autrement,24,HOMBOE Frédéric,Province Sud,Un espoir pour demain,21,ANGE HOMBOE MARIE MARIE ANGE HOMBOE,FREDERIC HOMBOE HOMBOE FREDERIC,ANGE|HOMBOE|MARIE,FREDERIC|HOMBOE,HOMBOE,1,1,3,2,0.4,26,0.7428571428571429,TRUE,HOMBOE,TRUE
NENA SYLVIO,HENRI JOVIAL NENA,Sylvio NENA,Province des Iles,Parti travailliste,21,"NENA Henri, Jovial",Province des Iles,Baselaia,11,NENA SYLVIO SYLVIO NENA,HENRI JOVIAL NENA NENA HENRI JOVIAL,NENA|SYLVIO,HENRI|JOVIAL|NENA,NENA,1,1,2,3,0.4,26,0.7428571428571429,TRUE,NENA,TRUE
JONATHAN LAURENT,GATUHAU LAURENT,Jonathan LAURENT,Province Sud,Rassemblement national,25,GATUHAU Laurent,Province Sud,Alliance Pacifik enracinee,8,JONATHAN LAURENT JONATHAN LAURENT,GATUHAU LAURENT GATUHAU LAURENT,JONATHAN|LAURENT,GATUHAU|LAURENT,LAURENT,1,0,2,2,0.5,10,0.30303030303030304,TRUE,LAURENT,TRUE
JONATHAN LAURENT,CHATENAY LAURENT,Jonathan LAURENT,Province Sud,Rassemblement national,25,CHATENAY LAURENT,Province Sud,Faire Pays,5,JONATHAN LAURENT JONATHAN LAURENT,CHATENAY LAURENT CHATENAY LAURENT,JONATHAN|LAURENT,CHATENAY|LAURENT,LAURENT,1,0,2,2,0.5,12,0.36363636363636365,TRUE,LAURENT,TRUE
JONATHAN LAURENT,DINCLAUX LAURENT,Jonathan LAURENT,Province Sud,Rassemblement national,25,DINCLAUX Laurent,Province Sud,Kanaky pour tous,19,JONATHAN LAURENT JONATHAN LAURENT,DINCLAUX LAURENT DINCLAUX LAURENT,JONATHAN|LAURENT,DINCLAUX|LAURENT,LAURENT,1,0,2,2,0.5,14,0.42424242424242425,TRUE,LAURENT,TRUE
DEVILLERS MARC,DEVILLERS VANESSA,Marc DEVILLERS,Province Nord,Caledoniens Ensemble Nord,21,DEVILLERS Vanessa,Province Nord,Faire Pays,2,DEVILLERS MARC MARC DEVILLERS,DEVILLERS VANESSA DEVILLERS VANESSA,DEVILLERS|MARC,DEVILLERS|VANESSA,DEVILLERS,1,0,2,2,0.5,15,0.42857142857142855,TRUE,DEVILLERS,TRUE
CHRISTIAN COLLOT,CHRISTIAN TEIN,Christian COLLOT,Province Sud,Alliance citoyenne pour la transition,20,TEIN Christian,Province Sud,Kanaky pour tous,47,CHRISTIAN COLLOT CHRISTIAN COLLOT,CHRISTIAN TEIN TEIN CHRISTIAN,CHRISTIAN|COLLOT,CHRISTIAN|TEIN,CHRISTIAN,1,0,2,2,0.5,15,0.45454545454545453,TRUE,CHRISTIAN,TRUE
CHRISTIAN TAMASO,CHRISTIAN TEIN,Christian TAMASO,Province Sud,Parti travailliste et forces progressistes,21,TEIN Christian,Province Sud,Kanaky pour tous,47,CHRISTIAN TAMASO CHRISTIAN TAMASO,CHRISTIAN TEIN TEIN CHRISTIAN,CHRISTIAN|TAMASO,CHRISTIAN|TEIN,CHRISTIAN,1,0,2,2,0.5,15,0.45454545454545453,TRUE,CHRISTIAN,TRUE
DEVILLERS MAUDE,DEVILLERS VANESSA,Maude DEVILLERS,Province Nord,Caledoniens Ensemble Nord,28,DEVILLERS Vanessa,Province Nord,Faire Pays,2,DEVILLERS MAUDE MAUDE DEVILLERS,DEVILLERS VANESSA DEVILLERS VANESSA,DEVILLERS|MAUDE,DEVILLERS|VANESSA,DEVILLERS,1,0,2,2,0.5,16,0.45714285714285713,TRUE,DEVILLERS,TRUE
GOMES PHILIPPE,LEME PHILIPPE,Philippe GOMES,Province Sud,Caledoniens Ensemble,1,LEME Philippe,Province Sud,"Nous, reunis",43,GOMES PHILIPPE PHILIPPE GOMES,LEME PHILIPPE LEME PHILIPPE,GOMES|PHILIPPE,LEME|PHILIPPE,PHILIPPE,1,0,2,2,0.5,14,0.4827586206896552,TRUE,PHILIPPE,TRUE
HELENE IEKAWE,HELENE WENEGUEI,Hélène IEKAWE,Province Sud,Caledoniens Ensemble,14,WENEGUEI Hélène,Province Sud,Un autre monde est possible,43,HELENE IEKAWE HELENE IEKAWE,HELENE WENEGUEI WENEGUEI HELENE,HELENE|IEKAWE,HELENE|WENEGUEI,HELENE,1,0,2,2,0.5,15,0.4838709677419355,TRUE,HELENE,TRUE
JONATHAN LAURENT,BARBIER LAURENT,Jonathan LAURENT,Province Sud,Rassemblement national,25,BARBIER Laurent,Province Sud,"France Caledonie, une patrie",32,JONATHAN LAURENT JONATHAN LAURENT,BARBIER LAURENT BARBIER LAURENT,JONATHAN|LAURENT,BARBIER|LAURENT,LAURENT,1,0,2,2,0.5,16,0.48484848484848486,TRUE,LAURENT,TRUE
JONATHAN LAURENT,EDO LAURENT,Jonathan LAURENT,Province Sud,Rassemblement national,25,EDO Laurent,Province Sud,Pour une Caledonie francaise,11,JONATHAN LAURENT JONATHAN LAURENT,EDO LAURENT EDO LAURENT,JONATHAN|LAURENT,EDO|LAURENT,LAURENT,1,0,2,2,0.5,16,0.48484848484848486,TRUE,LAURENT,TRUE
BLAISE PHILIPPE,LEMAITRE PHILIPPE,Philippe BLAISE,Province Sud,L'Avenir en confiance,6,LEMAITRE Philippe,Province Sud,Pour une Caledonie francaise,5,BLAISE PHILIPPE PHILIPPE BLAISE,LEMAITRE PHILIPPE LEMAITRE PHILIPPE,BLAISE|PHILIPPE,LEMAITRE|PHILIPPE,PHILIPPE,1,0,2,2,0.5,17,0.4857142857142857,TRUE,PHILIPPE,TRUE
DEVILLERS VALERIE,HERBERT VALERIE,Valérie DEVILLERS,Province Sud,Construire autrement,40,HERBERT Valérie,Province Sud,Pour une Caledonie francaise,50,DEVILLERS VALERIE VALERIE DEVILLERS,HERBERT VALERIE HERBERT VALERIE,DEVILLERS|VALERIE,HERBERT|VALERIE,VALERIE,1,0,2,2,0.5,17,0.4857142857142857,TRUE,VALERIE,TRUE
DOMINIQUE DURAND,DOMINIQUE NEWLAND,Dominique DURAND,Province Sud,Rassemblement national,30,NEWLAND Dominique,Province Sud,Les Loyalistes et Le Rassemblement,45,DOMINIQUE DURAND DOMINIQUE DURAND,DOMINIQUE NEWLAND NEWLAND DOMINIQUE,DOMINIQUE|DURAND,DOMINIQUE|NEWLAND,DOMINIQUE,1,0,2,2,0.5,18,0.5142857142857142,TRUE,DOMINIQUE,TRUE
LARRY MARTIN,LOUECKHOTE MARTIN,Larry MARTIN,Province Sud,Construire autrement,9,LOUECKHOTE Martin,Province Sud,Les Loyalistes et Le Rassemblement,38,LARRY MARTIN LARRY MARTIN,LOUECKHOTE MARTIN LOUECKHOTE MARTIN,LARRY|MARTIN,LOUECKHOTE|MARTIN,MARTIN,1,0,2,2,0.5,18,0.5142857142857142,TRUE,MARTIN,TRUE
BLAISE PHILIPPE,DESEIGNE PHILIPPE,Philippe BLAISE,Province Sud,L'Avenir en confiance,6,DESEIGNE Philippe,Province Sud,Unis pour le Pays,25,BLAISE PHILIPPE PHILIPPE BLAISE,DESEIGNE PHILIPPE DESEIGNE PHILIPPE,BLAISE|PHILIPPE,DESEIGNE|PHILIPPE,PHILIPPE,1,0,2,2,0.5,18,0.5142857142857142,TRUE,PHILIPPE,TRUE
JACQUELINE VOUDJO,JACQUELINE MALIE,Jacqueline VOUDJO,Province des Iles,MNIS Iles,21,MALIE Jacqueline,Province des Iles,Palika Iles,9,JACQUELINE VOUDJO JACQUELINE VOUDJO,JACQUELINE MALIE MALIE JACQUELINE,JACQUELINE|VOUDJO,JACQUELINE|MALIE,JACQUELINE,1,0,2,2,0.5,18,0.5142857142857142,TRUE,JACQUELINE,TRUE
BLAISE PHILIPPE,HNAGEJE PHILIPPE,Philippe BLAISE,Province Sud,L'Avenir en confiance,6,HNAGEJE Philippe,Province Sud,Une Province pour tous,44,BLAISE PHILIPPE PHILIPPE BLAISE,HNAGEJE PHILIPPE HNAGEJE PHILIPPE,BLAISE|PHILIPPE,HNAGEJE|PHILIPPE,PHILIPPE,1,0,2,2,0.5,17,0.5151515151515151,TRUE,PHILIPPE,TRUE
BLAISE PHILIPPE,LEME PHILIPPE,Philippe BLAISE,Province Sud,L'Avenir en confiance,6,LEME Philippe,Province Sud,"Nous, reunis",43,BLAISE PHILIPPE PHILIPPE BLAISE,LEME PHILIPPE LEME PHILIPPE,BLAISE|PHILIPPE,LEME|PHILIPPE,PHILIPPE,1,0,2,2,0.5,16,0.5161290322580645,TRUE,PHILIPPE,TRUE
HENRI ZEGOU,HENIN HENRI,Henri ZEGOU,Province Sud,Rassemblement national,49,HENIN Henri,Province Sud,Pour une Caledonie francaise,41,HENRI ZEGOU HENRI ZEGOU,HENIN HENRI HENIN HENRI,HENRI|ZEGOU,HENIN|HENRI,HENRI,1,0,2,2,0.5,12,0.5217391304347826,TRUE,HENRI,TRUE
DOMINIQUE LASSARD,DOMINIQUE NEWLAND,Dominique LASSARD,Province Sud,Alliance citoyenne pour la transition,31,NEWLAND Dominique,Province Sud,Les Loyalistes et Le Rassemblement,45,DOMINIQUE LASSARD DOMINIQUE LASSARD,DOMINIQUE NEWLAND NEWLAND DOMINIQUE,DOMINIQUE|LASSARD,DOMINIQUE|NEWLAND,DOMINIQUE,1,0,2,2,0.5,19,0.5428571428571428,TRUE,DOMINIQUE,TRUE
MARTINEZ PHILIPPE,DESEIGNE PHILIPPE,Philippe MARTINEZ,Province Sud,Rassemblement national,31,DESEIGNE Philippe,Province Sud,Unis pour le Pays,25,MARTINEZ PHILIPPE PHILIPPE MARTINEZ,DESEIGNE PHILIPPE DESEIGNE PHILIPPE,MARTINEZ|PHILIPPE,DESEIGNE|PHILIPPE,PHILIPPE,1,0,2,2,0.5,19,0.5428571428571428,TRUE,PHILIPPE,TRUE
MARTINEZ PHILIPPE,LEMAITRE PHILIPPE,Philippe MARTINEZ,Province Sud,Rassemblement national,31,LEMAITRE Philippe,Province Sud,Pour une Caledonie francaise,5,MARTINEZ PHILIPPE PHILIPPE MARTINEZ,LEMAITRE PHILIPPE LEMAITRE PHILIPPE,MARTINEZ|PHILIPPE,LEMAITRE|PHILIPPE,PHILIPPE,1,0,2,2,0.5,19,0.5428571428571428,TRUE,PHILIPPE,TRUE
MICHEL PHILIPPE,LEMAITRE PHILIPPE,Philippe MICHEL,Province Sud,Caledoniens Ensemble,7,LEMAITRE Philippe,Province Sud,Pour une Caledonie francaise,5,MICHEL PHILIPPE PHILIPPE MICHEL,LEMAITRE PHILIPPE LEMAITRE PHILIPPE,MICHEL|PHILIPPE,LEMAITRE|PHILIPPE,PHILIPPE,1,0,2,2,0.5,19,0.5428571428571428,TRUE,PHILIPPE,TRUE
CHRISTIAN TAMASO,CHRISTIAN KAATEU,Christian TAMASO,Province Sud,Parti travailliste et forces progressistes,21,KAATEU Christian,Province Sud,Unis pour le Pays,29,CHRISTIAN TAMASO CHRISTIAN TAMASO,CHRISTIAN KAATEU KAATEU CHRISTIAN,CHRISTIAN|TAMASO,CHRISTIAN|KAATEU,CHRISTIAN,1,0,2,2,0.5,18,0.5454545454545454,TRUE,CHRISTIAN,TRUE
JONATHAN LAURENT,ALAIN LAURENT,Jonathan LAURENT,Province Sud,Rassemblement national,25,LAURENT Alain,Province Sud,"France Caledonie, une patrie",21,JONATHAN LAURENT JONATHAN LAURENT,ALAIN LAURENT LAURENT ALAIN,JONATHAN|LAURENT,ALAIN|LAURENT,LAURENT,1,0,2,2,0.5,18,0.5454545454545454,TRUE,LAURENT,TRUE
BALET BERNARD,BASQUIN BERNARD,Bernard BALET,Province Sud,Construire autrement,23,BASQUIN Bernard,Province Sud,"Nous, reunis",35,BALET BERNARD BERNARD BALET,BASQUIN BERNARD BASQUIN BERNARD,BALET|BERNARD,BASQUIN|BERNARD,BERNARD,1,0,2,2,0.5,17,0.5483870967741935,TRUE,BERNARD,TRUE
GASSER ISABELLE,GOTA ISABELLE,Isabelle GASSER,Province Sud,Construire autrement,26,GOTA Isabelle,Province Sud,"France Caledonie, une patrie",49,GASSER ISABELLE ISABELLE GASSER,GOTA ISABELLE GOTA ISABELLE,GASSER|ISABELLE,GOTA|ISABELLE,ISABELLE,1,0,2,2,0.5,17,0.5483870967741935,TRUE,ISABELLE,TRUE
GOMES PHILIPPE,GAZEAU PHILIPPE,Philippe GOMES,Province Sud,Caledoniens Ensemble,1,GAZEAU Philippe,Province Sud,Un espoir pour demain,45,GOMES PHILIPPE PHILIPPE GOMES,GAZEAU PHILIPPE GAZEAU PHILIPPE,GOMES|PHILIPPE,GAZEAU|PHILIPPE,PHILIPPE,1,0,2,2,0.5,17,0.5483870967741935,TRUE,PHILIPPE,TRUE
MICHEL PHILIPPE,LEME PHILIPPE,Philippe MICHEL,Province Sud,Caledoniens Ensemble,7,LEME Philippe,Province Sud,"Nous, reunis",43,MICHEL PHILIPPE PHILIPPE MICHEL,LEME PHILIPPE LEME PHILIPPE,MICHEL|PHILIPPE,LEME|PHILIPPE,PHILIPPE,1,0,2,2,0.5,17,0.5483870967741935,TRUE,PHILIPPE,TRUE
HELENE IEKAWE,HELENE NAPOREA,Hélène IEKAWE,Province Sud,Caledoniens Ensemble,14,NAPOREA Hélène,Province Sud,Souverainete Kanaky NC,32,HELENE IEKAWE HELENE IEKAWE,HELENE NAPOREA NAPOREA HELENE,HELENE|IEKAWE,HELENE|NAPOREA,HELENE,1,0,2,2,0.5,16,0.5517241379310345,TRUE,HELENE,TRUE
LAURENT WELEPA,ALAIN LAURENT,Laurent WELEPA,Province Sud,MNIS Sud,13,LAURENT Alain,Province Sud,"France Caledonie, une patrie",21,LAURENT WELEPA LAURENT WELEPA,ALAIN LAURENT LAURENT ALAIN,LAURENT|WELEPA,ALAIN|LAURENT,LAURENT,1,0,2,2,0.5,16,0.5517241379310345,TRUE,LAURENT,TRUE
LAURENT WELEPA,EDO LAURENT,Laurent WELEPA,Province Sud,MNIS Sud,13,EDO Laurent,Province Sud,Pour une Caledonie francaise,11,LAURENT WELEPA LAURENT WELEPA,EDO LAURENT EDO LAURENT,LAURENT|WELEPA,EDO|LAURENT,LAURENT,1,0,2,2,0.5,16,0.5517241379310345,TRUE,LAURENT,TRUE
KOUATHE ROBERT,KAKUE ROBERT,Robert KOUATHE,Province Sud,Caledonie nouvelle et reunie,47,KAKUE ROBERT,Province Sud,Faire Pays,1,KOUATHE ROBERT ROBERT KOUATHE,KAKUE ROBERT KAKUE ROBERT,KOUATHE|ROBERT,KAKUE|ROBERT,ROBERT,1,0,2,2,0.5,16,0.5517241379310345,TRUE,ROBERT,TRUE
ALAIN HOUDAN,ALAIN LAURENT,Alain HOUDAN,Province Sud,Alliance citoyenne pour la transition,36,LAURENT Alain,Province Sud,"France Caledonie, une patrie",21,ALAIN HOUDAN ALAIN HOUDAN,ALAIN LAURENT LAURENT ALAIN,ALAIN|HOUDAN,ALAIN|LAURENT,ALAIN,1,0,2,2,0.5,15,0.5555555555555556,TRUE,ALAIN,TRUE
HELENE IEKAWE,HELENE KALOKO,Hélène IEKAWE,Province Sud,Caledoniens Ensemble,14,KALOKO Hélène,Province Sud,Alliance Pacifik enracinee,33,HELENE IEKAWE HELENE IEKAWE,HELENE KALOKO KALOKO HELENE,HELENE|IEKAWE,HELENE|KALOKO,HELENE,1,0,2,2,0.5,15,0.5555555555555556,TRUE,HELENE,TRUE
LARRY MARTIN,MARTIN TUTURU,Larry MARTIN,Province Sud,Construire autrement,9,TUTURU Martin,Province Sud,Un autre monde est possible,27,LARRY MARTIN LARRY MARTIN,MARTIN TUTURU TUTURU MARTIN,LARRY|MARTIN,MARTIN|TUTURU,MARTIN,1,0,2,2,0.5,15,0.5555555555555556,TRUE,MARTIN,TRUE
LAURENT PAITA,ALAIN LAURENT,Laurent PAÏTA,Province Sud,Parti travailliste et forces progressistes,9,LAURENT Alain,Province Sud,"France Caledonie, une patrie",21,LAURENT PAITA LAURENT PAITA,ALAIN LAURENT LAURENT ALAIN,LAURENT|PAITA,ALAIN|LAURENT,LAURENT,1,0,2,2,0.5,15,0.5555555555555556,TRUE,LAURENT,TRUE
LAURENT PAITA,EDO LAURENT,Laurent PAÏTA,Province Sud,Parti travailliste et forces progressistes,9,EDO Laurent,Province Sud,Pour une Caledonie francaise,11,LAURENT PAITA LAURENT PAITA,EDO LAURENT EDO LAURENT,LAURENT|PAITA,EDO|LAURENT,LAURENT,1,0,2,2,0.5,15,0.5555555555555556,TRUE,LAURENT,TRUE
LAIGLE MONDY,LAIGLE MIGUEL,Mondy LAIGLE,Province Sud,Caledoniens Ensemble,26,LAIGLE Miguel,Province Sud,Un espoir pour demain,43,LAIGLE MONDY MONDY LAIGLE,LAIGLE MIGUEL LAIGLE MIGUEL,LAIGLE|MONDY,LAIGLE|MIGUEL,LAIGLE,1,0,2,2,0.5,15,0.5555555555555556,TRUE,LAIGLE,TRUE
SONIA STUART,SONIA TOLUAFE,Sonia STUART,Province Sud,Caledonie nouvelle et reunie,26,TOLUAFE Sonia,Province Sud,Un autre monde est possible,37,SONIA STUART SONIA STUART,SONIA TOLUAFE TOLUAFE SONIA,SONIA|STUART,SONIA|TOLUAFE,SONIA,1,0,2,2,0.5,15,0.5555555555555556,TRUE,SONIA,TRUE
SONIA TEIN,SONIA TOLUAFE,Sonia TEIN,Province Sud,Caledonie nouvelle et reunie,30,TOLUAFE Sonia,Province Sud,Un autre monde est possible,37,SONIA TEIN SONIA TEIN,SONIA TOLUAFE TOLUAFE SONIA,SONIA|TEIN,SONIA|TOLUAFE,SONIA,1,0,2,2,0.5,15,0.5555555555555556,TRUE,SONIA,TRUE
ROBERT YVES,PIMBE ROBERT,Yves ROBERT,Province Nord,MNIS Nord,16,PIMBE Robert,Province Nord,Faire Pays,29,ROBERT YVES YVES ROBERT,PIMBE ROBERT PIMBE ROBERT,ROBERT|YVES,PIMBE|ROBERT,ROBERT,1,0,2,2,0.5,14,0.56,TRUE,ROBERT,TRUE
JACQUELINE VOUDJO,DRAWILO JACQUELINE,Jacqueline VOUDJO,Province des Iles,MNIS Iles,21,DRAWILO Jacqueline,Province des Iles,Palika Iles,21,JACQUELINE VOUDJO JACQUELINE VOUDJO,DRAWILO JACQUELINE DRAWILO JACQUELINE,JACQUELINE|VOUDJO,DRAWILO|JACQUELINE,JACQUELINE,1,0,2,2,0.5,21,0.5675675675675675,TRUE,JACQUELINE,TRUE
BERNARD BOUANAOUE,BERNARD LAIGLE,Bernard BOUANAOUE,Province Sud,Parti travailliste et forces progressistes,43,LAIGLE Bernard,Province Sud,Pour une Caledonie francaise,47,BERNARD BOUANAOUE BERNARD BOUANAOUE,BERNARD LAIGLE LAIGLE BERNARD,BERNARD|BOUANAOUE,BERNARD|LAIGLE,BERNARD,1,0,2,2,0.5,20,0.5714285714285714,TRUE,BERNARD,TRUE
MARTINEZ PHILIPPE,HNAGEJE PHILIPPE,Philippe MARTINEZ,Province Sud,Rassemblement national,31,HNAGEJE Philippe,Province Sud,Une Province pour tous,44,MARTINEZ PHILIPPE PHILIPPE MARTINEZ,HNAGEJE PHILIPPE HNAGEJE PHILIPPE,MARTINEZ|PHILIPPE,HNAGEJE|PHILIPPE,PHILIPPE,1,0,2,2,0.5,20,0.5714285714285714,TRUE,PHILIPPE,TRUE
MARTINEZ PHILIPPE,LEME PHILIPPE,Philippe MARTINEZ,Province Sud,Rassemblement national,31,LEME Philippe,Province Sud,"Nous, reunis",43,MARTINEZ PHILIPPE PHILIPPE MARTINEZ,LEME PHILIPPE LEME PHILIPPE,MARTINEZ|PHILIPPE,LEME|PHILIPPE,PHILIPPE,1,0,2,2,0.5,20,0.5714285714285714,TRUE,PHILIPPE,TRUE
MICHEL PHILIPPE,DESEIGNE PHILIPPE,Philippe MICHEL,Province Sud,Caledoniens Ensemble,7,DESEIGNE Philippe,Province Sud,Unis pour le Pays,25,MICHEL PHILIPPE PHILIPPE MICHEL,DESEIGNE PHILIPPE DESEIGNE PHILIPPE,MICHEL|PHILIPPE,DESEIGNE|PHILIPPE,PHILIPPE,1,0,2,2,0.5,20,0.5714285714285714,TRUE,PHILIPPE,TRUE
KAWA SONIA,SIRO SONIA,Sonia KAWA,Province Sud,Parti travailliste et forces progressistes,20,SIRO Sonia,Province Sud,Unis pour le Pays,26,KAWA SONIA SONIA KAWA,SIRO SONIA SIRO SONIA,KAWA|SONIA,SIRO|SONIA,SONIA,1,0,2,2,0.5,12,0.5714285714285714,TRUE,SONIA,TRUE
DEVILLERS VALERIE,BOURINEAU VALERIE,Valérie DEVILLERS,Province Sud,Construire autrement,40,BOURINEAU Valérie,Province Sud,Un espoir pour demain,14,DEVILLERS VALERIE VALERIE DEVILLERS,BOURINEAU VALERIE BOURINEAU VALERIE,DEVILLERS|VALERIE,BOURINEAU|VALERIE,VALERIE,1,0,2,2,0.5,20,0.5714285714285714,TRUE,VALERIE,TRUE
DEVILLERS VALERIE,FERRIOT VALERIE,Valérie DEVILLERS,Province Sud,Construire autrement,40,FERRIOT Valérie,Province Sud,"Nous, reunis",42,DEVILLERS VALERIE VALERIE DEVILLERS,FERRIOT VALERIE FERRIOT VALERIE,DEVILLERS|VALERIE,FERRIOT|VALERIE,VALERIE,1,0,2,2,0.5,20,0.5714285714285714,TRUE,VALERIE,TRUE
DEVILLERS VALERIE,QUINQUIS VALERIE,Valérie DEVILLERS,Province Sud,Construire autrement,40,QUINQUIS Valerie,Province Sud,"France Caledonie, une patrie",8,DEVILLERS VALERIE VALERIE DEVILLERS,QUINQUIS VALERIE QUINQUIS VALERIE,DEVILLERS|VALERIE,QUINQUIS|VALERIE,VALERIE,1,0,2,2,0.5,20,0.5714285714285714,TRUE,VALERIE,TRUE
ANDREANI BERNARD,BASQUIN BERNARD,Bernard ANDREANI,Province Sud,Alliance citoyenne pour la transition,50,BASQUIN Bernard,Province Sud,"Nous, reunis",35,ANDREANI BERNARD BERNARD ANDREANI,BASQUIN BERNARD BASQUIN BERNARD,ANDREANI|BERNARD,BASQUIN|BERNARD,BERNARD,1,0,2,2,0.5,19,0.5757575757575758,TRUE,BERNARD,TRUE
CHRISTIAN COLLOT,CHRISTIAN KAATEU,Christian COLLOT,Province Sud,Alliance citoyenne pour la transition,20,KAATEU Christian,Province Sud,Unis pour le Pays,29,CHRISTIAN COLLOT CHRISTIAN COLLOT,CHRISTIAN KAATEU KAATEU CHRISTIAN,CHRISTIAN|COLLOT,CHRISTIAN|KAATEU,CHRISTIAN,1,0,2,2,0.5,19,0.5757575757575758,TRUE,CHRISTIAN,TRUE
MICHEL PHILIPPE,HNAGEJE PHILIPPE,Philippe MICHEL,Province Sud,Caledoniens Ensemble,7,HNAGEJE Philippe,Province Sud,Une Province pour tous,44,MICHEL PHILIPPE PHILIPPE MICHEL,HNAGEJE PHILIPPE HNAGEJE PHILIPPE,MICHEL|PHILIPPE,HNAGEJE|PHILIPPE,PHILIPPE,1,0,2,2,0.5,19,0.5757575757575758,TRUE,PHILIPPE,TRUE
MARIA MAULIGALO,MARIA PHAM,Maria MAULIGALO,Province Sud,Parti travailliste et forces progressistes,18,PHAM Maria,Province Sud,"France Caledonie, une patrie",14,MARIA MAULIGALO MARIA MAULIGALO,MARIA PHAM PHAM MARIA,MARIA|MAULIGALO,MARIA|PHAM,MARIA,1,0,2,2,0.5,18,0.5806451612903226,TRUE,MARIA,TRUE
LAIGLE MONDY,LAIGLE MARYLISE,Mondy LAIGLE,Province Sud,Caledoniens Ensemble,26,LAIGLE Marylise,Province Sud,Une Province pour tous,43,LAIGLE MONDY MONDY LAIGLE,LAIGLE MARYLISE LAIGLE MARYLISE,LAIGLE|MONDY,LAIGLE|MARYLISE,LAIGLE,1,0,2,2,0.5,18,0.5806451612903226,TRUE,LAIGLE,TRUE
JODAR NICOLAS,MACHFUL NICOLAS,Nicolas JODAR,Province Sud,Construire autrement,35,MACHFUL Nicolas,Province Sud,"Nous, reunis",49,JODAR NICOLAS NICOLAS JODAR,MACHFUL NICOLAS MACHFUL NICOLAS,JODAR|NICOLAS,MACHFUL|NICOLAS,NICOLAS,1,0,2,2,0.5,18,0.5806451612903226,TRUE,NICOLAS,TRUE
MERO NICOLAS,MACHFUL NICOLAS,Nicolas MERO,Province Sud,Caledonie nouvelle et reunie,33,MACHFUL Nicolas,Province Sud,"Nous, reunis",49,MERO NICOLAS NICOLAS MERO,MACHFUL NICOLAS MACHFUL NICOLAS,MERO|NICOLAS,MACHFUL|NICOLAS,NICOLAS,1,0,2,2,0.5,18,0.5806451612903226,TRUE,NICOLAS,TRUE
DELRIEU PASCALE,MARANT PASCALE,Pascale DELRIEU,Province Sud,Alliance citoyenne pour la transition,33,MARANT Pascale,Province Sud,"Nous, reunis",30,DELRIEU PASCALE PASCALE DELRIEU,MARANT PASCALE MARANT PASCALE,DELRIEU|PASCALE,MARANT|PASCALE,PASCALE,1,0,2,2,0.5,18,0.5806451612903226,TRUE,PASCALE,TRUE
FERNAND MARTIN,ANTONIO MARTIN,Fernand MARTIN,Province Nord,Caledoniens Ensemble Nord,25,MARTIN Antonio,Province Nord,Agissons ensemble pour le Nord,8,FERNAND MARTIN FERNAND MARTIN,ANTONIO MARTIN MARTIN ANTONIO,FERNAND|MARTIN,ANTONIO|MARTIN,MARTIN,1,0,2,2,0.5,17,0.5862068965517241,TRUE,MARTIN,TRUE
BABIN ISABELLE,CHENU ISABELLE,Isabelle BABIN,Province Nord,UC-FLNKS,16,CHENU Isabelle,Province Nord,Agissons ensemble pour le Nord,11,BABIN ISABELLE ISABELLE BABIN,CHENU ISABELLE CHENU ISABELLE,BABIN|ISABELLE,CHENU|ISABELLE,ISABELLE,1,0,2,2,0.5,17,0.5862068965517241,TRUE,ISABELLE,TRUE
COURTOT ROBERT,PIMBE ROBERT,Robert COURTOT,Province Nord,UC-FLNKS,11,PIMBE Robert,Province Nord,Faire Pays,29,COURTOT ROBERT ROBERT COURTOT,PIMBE ROBERT PIMBE ROBERT,COURTOT|ROBERT,PIMBE|ROBERT,ROBERT,1,0,2,2,0.5,17,0.5862068965517241,TRUE,ROBERT,TRUE
BERNARD MARANT,BERNARD LAIGLE,Bernard MARANT,Province Sud,Caledoniens Ensemble,47,LAIGLE Bernard,Province Sud,Pour une Caledonie francaise,47,BERNARD MARANT BERNARD MARANT,BERNARD LAIGLE LAIGLE BERNARD,BERNARD|MARANT,BERNARD|LAIGLE,BERNARD,1,0,2,2,0.5,17,0.5862068965517241,TRUE,BERNARD,TRUE
DIDIER POIDYALIWANE,DIDIER PAOLA,Didier POIDYALIWANE,Province Nord,UC-FLNKS,13,PAOLA Didier,Province Nord,UC-FLNKS,23,DIDIER POIDYALIWANE DIDIER POIDYALIWANE,DIDIER PAOLA PAOLA DIDIER,DIDIER|POIDYALIWANE,DIDIER|PAOLA,DIDIER,1,0,2,2,0.5,23,0.5897435897435898,TRUE,DIDIER,TRUE
ISABELLE LAFLEUR,ISABELLE TALLONNIER,Isabelle LAFLEUR,Province Sud,L'Avenir en confiance,47,TALLONNIER Isabelle,Province Sud,"France Caledonie, une patrie",33,ISABELLE LAFLEUR ISABELLE LAFLEUR,ISABELLE TALLONNIER TALLONNIER ISABELLE,ISABELLE|LAFLEUR,ISABELLE|TALLONNIER,ISABELLE,1,0,2,2,0.5,23,0.5897435897435898,TRUE,ISABELLE,TRUE
MICHEL PHILIPPE,ETCHEVERRY PHILIPPE,Philippe MICHEL,Province Sud,Caledoniens Ensemble,7,ETCHEVERRY Philippe,Province Sud,"France Caledonie, une patrie",23,MICHEL PHILIPPE PHILIPPE MICHEL,ETCHEVERRY PHILIPPE ETCHEVERRY PHILIPPE,MICHEL|PHILIPPE,ETCHEVERRY|PHILIPPE,PHILIPPE,1,0,2,2,0.5,23,0.5897435897435898,TRUE,PHILIPPE,TRUE
IHAGE ROBERT,PIMBE ROBERT,Robert IHAGE,Province Nord,Agissons pour le Nord,9,PIMBE Robert,Province Nord,Faire Pays,29,IHAGE ROBERT ROBERT IHAGE,PIMBE ROBERT PIMBE ROBERT,IHAGE|ROBERT,PIMBE|ROBERT,ROBERT,1,0,2,2,0.5,15,0.6,TRUE,ROBERT,TRUE
DOMINIQUE DURAND,ARNOULD DOMINIQUE,Dominique DURAND,Province Sud,Rassemblement national,30,ARNOULD Dominique,Province Sud,"Nous, reunis",41,DOMINIQUE DURAND DOMINIQUE DURAND,ARNOULD DOMINIQUE ARNOULD DOMINIQUE,DOMINIQUE|DURAND,ARNOULD|DOMINIQUE,DOMINIQUE,1,0,2,2,0.5,21,0.6,TRUE,DOMINIQUE,TRUE
DOMINIQUE GILLIOT,DOMINIQUE NEWLAND,Dominique GILLIOT,Province Sud,Caledonie nouvelle et reunie,24,NEWLAND Dominique,Province Sud,Les Loyalistes et Le Rassemblement,45,DOMINIQUE GILLIOT DOMINIQUE GILLIOT,DOMINIQUE NEWLAND NEWLAND DOMINIQUE,DOMINIQUE|GILLIOT,DOMINIQUE|NEWLAND,DOMINIQUE,1,0,2,2,0.5,21,0.6,TRUE,DOMINIQUE,TRUE
DOUELLON ISABELLE,GOTA ISABELLE,Isabelle DOUELLON,Province Sud,Rassemblement national,28,GOTA Isabelle,Province Sud,"France Caledonie, une patrie",49,DOUELLON ISABELLE ISABELLE DOUELLON,GOTA ISABELLE GOTA ISABELLE,DOUELLON|ISABELLE,GOTA|ISABELLE,ISABELLE,1,0,2,2,0.5,21,0.6,TRUE,ISABELLE,TRUE
GOMES PHILIPPE,DESEIGNE PHILIPPE,Philippe GOMES,Province Sud,Caledoniens Ensemble,1,DESEIGNE Philippe,Province Sud,Unis pour le Pays,25,GOMES PHILIPPE PHILIPPE GOMES,DESEIGNE PHILIPPE DESEIGNE PHILIPPE,GOMES|PHILIPPE,DESEIGNE|PHILIPPE,PHILIPPE,1,0,2,2,0.5,21,0.6,TRUE,PHILIPPE,TRUE
GOMES PHILIPPE,LEMAITRE PHILIPPE,Philippe GOMES,Province Sud,Caledoniens Ensemble,1,LEMAITRE Philippe,Province Sud,Pour une Caledonie francaise,5,GOMES PHILIPPE PHILIPPE GOMES,LEMAITRE PHILIPPE LEMAITRE PHILIPPE,GOMES|PHILIPPE,LEMAITRE|PHILIPPE,PHILIPPE,1,0,2,2,0.5,21,0.6,TRUE,PHILIPPE,TRUE
MARTINEZ PHILIPPE,DURAND PHILIPPE,Philippe MARTINEZ,Province Sud,Rassemblement national,31,DURAND Philippe,Province Sud,Pour une Caledonie francaise,35,MARTINEZ PHILIPPE PHILIPPE MARTINEZ,DURAND PHILIPPE DURAND PHILIPPE,MARTINEZ|PHILIPPE,DURAND|PHILIPPE,PHILIPPE,1,0,2,2,0.5,21,0.6,TRUE,PHILIPPE,TRUE
KAWA SONIA,DEVAUD SONIA,Sonia KAWA,Province Sud,Parti travailliste et forces progressistes,20,DEVAUD Sonia,Province Sud,Pour une Caledonie francaise,14,KAWA SONIA SONIA KAWA,DEVAUD SONIA DEVAUD SONIA,KAWA|SONIA,DEVAUD|SONIA,SONIA,1,0,2,2,0.5,15,0.6,TRUE,SONIA,TRUE
FRANCK GARREC LE,FRANCK VAKALEPU,Franck LE GARREC,Province Sud,Alliance citoyenne pour la transition,12,VAKALEPU Franck,Province Sud,Un autre monde est possible,13,FRANCK GARREC LE FRANCK LE GARREC,FRANCK VAKALEPU VAKALEPU FRANCK,FRANCK|GARREC,FRANCK|VAKALEPU,FRANCK,1,0,2,2,0.5,20,0.6060606060606061,TRUE,FRANCK,TRUE
ISABELLE LAFLEUR,GOTA ISABELLE,Isabelle LAFLEUR,Province Sud,L'Avenir en confiance,47,GOTA Isabelle,Province Sud,"France Caledonie, une patrie",49,ISABELLE LAFLEUR ISABELLE LAFLEUR,GOTA ISABELLE GOTA ISABELLE,ISABELLE|LAFLEUR,GOTA|ISABELLE,ISABELLE,1,0,2,2,0.5,20,0.6060606060606061,TRUE,ISABELLE,TRUE
GOMES PHILIPPE,HNAGEJE PHILIPPE,Philippe GOMES,Province Sud,Caledoniens Ensemble,1,HNAGEJE Philippe,Province Sud,Une Province pour tous,44,GOMES PHILIPPE PHILIPPE GOMES,HNAGEJE PHILIPPE HNAGEJE PHILIPPE,GOMES|PHILIPPE,HNAGEJE|PHILIPPE,PHILIPPE,1,0,2,2,0.5,20,0.6060606060606061,TRUE,PHILIPPE,TRUE
ALAIN CARAMESSY,ALAIN LAURENT,Alain CARAMESSY,Province Sud,Alliance citoyenne pour la transition,10,LAURENT Alain,Province Sud,"France Caledonie, une patrie",21,ALAIN CARAMESSY ALAIN CARAMESSY,ALAIN LAURENT LAURENT ALAIN,ALAIN|CARAMESSY,ALAIN|LAURENT,ALAIN,1,0,2,2,0.5,19,0.6129032258064516,TRUE,ALAIN,TRUE
ALAIN BRETON LE,ALAIN LAURENT,Alain LE BRETON,Province Sud,Destin commun caledonien,23,LAURENT Alain,Province Sud,"France Caledonie, une patrie",21,ALAIN BRETON LE ALAIN LE BRETON,ALAIN LAURENT LAURENT ALAIN,ALAIN|BRETON,ALAIN|LAURENT,ALAIN,1,0,2,2,0.5,19,0.6129032258064516,TRUE,ALAIN,TRUE
AMOSALA BERNARD,BASQUIN BERNARD,Bernard AMOSALA,Province Sud,L'Eveil oceanien,45,BASQUIN Bernard,Province Sud,"Nous, reunis",35,AMOSALA BERNARD BERNARD AMOSALA,BASQUIN BERNARD BASQUIN BERNARD,AMOSALA|BERNARD,BASQUIN|BERNARD,BERNARD,1,0,2,2,0.5,19,0.6129032258064516,TRUE,BERNARD,TRUE
LAURENT PAITA,BARBIER LAURENT,Laurent PAÏTA,Province Sud,Parti travailliste et forces progressistes,9,BARBIER Laurent,Province Sud,"France Caledonie, une patrie",32,LAURENT PAITA LAURENT PAITA,BARBIER LAURENT BARBIER LAURENT,LAURENT|PAITA,BARBIER|LAURENT,LAURENT,1,0,2,2,0.5,19,0.6129032258064516,TRUE,LAURENT,TRUE
LAURENT PAITA,GATUHAU LAURENT,Laurent PAÏTA,Province Sud,Parti travailliste et forces progressistes,9,GATUHAU Laurent,Province Sud,Alliance Pacifik enracinee,8,LAURENT PAITA LAURENT PAITA,GATUHAU LAURENT GATUHAU LAURENT,LAURENT|PAITA,GATUHAU|LAURENT,LAURENT,1,0,2,2,0.5,19,0.6129032258064516,TRUE,LAURENT,TRUE
PASCALE SERVENT,MARANT PASCALE,Pascale SERVENT,Province Sud,L'Avenir en confiance,41,MARANT Pascale,Province Sud,"Nous, reunis",30,PASCALE SERVENT PASCALE SERVENT,MARANT PASCALE MARANT PASCALE,PASCALE|SERVENT,MARANT|PASCALE,PASCALE,1,0,2,2,0.5,19,0.6129032258064516,TRUE,PASCALE,TRUE
BLAISE PHILIPPE,DURAND PHILIPPE,Philippe BLAISE,Province Sud,L'Avenir en confiance,6,DURAND Philippe,Province Sud,Pour une Caledonie francaise,35,BLAISE PHILIPPE PHILIPPE BLAISE,DURAND PHILIPPE DURAND PHILIPPE,BLAISE|PHILIPPE,DURAND|PHILIPPE,PHILIPPE,1,0,2,2,0.5,19,0.6129032258064516,TRUE,PHILIPPE,TRUE
BLAISE PHILIPPE,GAZEAU PHILIPPE,Philippe BLAISE,Province Sud,L'Avenir en confiance,6,GAZEAU Philippe,Province Sud,Un espoir pour demain,45,BLAISE PHILIPPE PHILIPPE BLAISE,GAZEAU PHILIPPE GAZEAU PHILIPPE,BLAISE|PHILIPPE,GAZEAU|PHILIPPE,PHILIPPE,1,0,2,2,0.5,19,0.6129032258064516,TRUE,PHILIPPE,TRUE
GOMES PHILIPPE,DURAND PHILIPPE,Philippe GOMES,Province Sud,Caledoniens Ensemble,1,DURAND Philippe,Province Sud,Pour une Caledonie francaise,35,GOMES PHILIPPE PHILIPPE GOMES,DURAND PHILIPPE DURAND PHILIPPE,GOMES|PHILIPPE,DURAND|PHILIPPE,PHILIPPE,1,0,2,2,0.5,19,0.6129032258064516,TRUE,PHILIPPE,TRUE
MICHEL PHILIPPE,DURAND PHILIPPE,Philippe MICHEL,Province Sud,Caledoniens Ensemble,7,DURAND Philippe,Province Sud,Pour une Caledonie francaise,35,MICHEL PHILIPPE PHILIPPE MICHEL,DURAND PHILIPPE DURAND PHILIPPE,MICHEL|PHILIPPE,DURAND|PHILIPPE,PHILIPPE,1,0,2,2,0.5,19,0.6129032258064516,TRUE,PHILIPPE,TRUE
MICHEL PHILIPPE,GAZEAU PHILIPPE,Philippe MICHEL,Province Sud,Caledoniens Ensemble,7,GAZEAU Philippe,Province Sud,Un espoir pour demain,45,MICHEL PHILIPPE PHILIPPE MICHEL,GAZEAU PHILIPPE GAZEAU PHILIPPE,MICHEL|PHILIPPE,GAZEAU|PHILIPPE,PHILIPPE,1,0,2,2,0.5,19,0.6129032258064516,TRUE,PHILIPPE,TRUE
BLAISE PHILIPPE,ETCHEVERRY PHILIPPE,Philippe BLAISE,Province Sud,L'Avenir en confiance,6,ETCHEVERRY Philippe,Province Sud,"France Caledonie, une patrie",23,BLAISE PHILIPPE PHILIPPE BLAISE,ETCHEVERRY PHILIPPE ETCHEVERRY PHILIPPE,BLAISE|PHILIPPE,ETCHEVERRY|PHILIPPE,PHILIPPE,1,0,2,2,0.5,24,0.6153846153846154,TRUE,PHILIPPE,TRUE
BERNARD ENOKA,BERNARD LAIGLE,Bernard ENOKA,Province Sud,MNIS Sud,47,LAIGLE Bernard,Province Sud,Pour une Caledonie francaise,47,BERNARD ENOKA BERNARD ENOKA,BERNARD LAIGLE LAIGLE BERNARD,BERNARD|ENOKA,BERNARD|LAIGLE,BERNARD,1,0,2,2,0.5,18,0.6206896551724138,TRUE,BERNARD,TRUE
DIDIER VERNAY,DIDIER KADDOUR,Didier VERNAY,Province Sud,Rassemblement national,13,KADDOUR Didier,Province Sud,Un espoir pour demain,15,DIDIER VERNAY DIDIER VERNAY,DIDIER KADDOUR KADDOUR DIDIER,DIDIER|VERNAY,DIDIER|KADDOUR,DIDIER,1,0,2,2,0.5,18,0.6206896551724138,TRUE,DIDIER,TRUE
HELENE IEKAWE,BREMOND HELENE,Hélène IEKAWE,Province Sud,Caledoniens Ensemble,14,BRÉMOND Hélène,Province Sud,"France Caledonie, une patrie",10,HELENE IEKAWE HELENE IEKAWE,BREMOND HELENE BREMOND HELENE,HELENE|IEKAWE,BREMOND|HELENE,HELENE,1,0,2,2,0.5,18,0.6206896551724138,TRUE,HELENE,TRUE
GOUASSEM SONIA,SIRO SONIA,Sonia GOUASSEM,Province Sud,Destin commun caledonien,20,SIRO Sonia,Province Sud,Unis pour le Pays,26,GOUASSEM SONIA SONIA GOUASSEM,SIRO SONIA SIRO SONIA,GOUASSEM|SONIA,SIRO|SONIA,SONIA,1,0,2,2,0.5,18,0.6206896551724138,TRUE,SONIA,TRUE
SONIA TEIN,CHRISTIAN TEIN,Sonia TEIN,Province Sud,Caledonie nouvelle et reunie,30,TEIN Christian,Province Sud,Kanaky pour tous,47,SONIA TEIN SONIA TEIN,CHRISTIAN TEIN TEIN CHRISTIAN,SONIA|TEIN,CHRISTIAN|TEIN,TEIN,1,0,2,2,0.5,18,0.6206896551724138,TRUE,TEIN,TRUE
DOMINIQUE HUMBERT,DOMINIQUE NEWLAND,Dominique HUMBERT,Province Sud,Parti travailliste et forces progressistes,11,NEWLAND Dominique,Province Sud,Les Loyalistes et Le Rassemblement,45,DOMINIQUE HUMBERT DOMINIQUE HUMBERT,DOMINIQUE NEWLAND NEWLAND DOMINIQUE,DOMINIQUE|HUMBERT,DOMINIQUE|NEWLAND,DOMINIQUE,1,0,2,2,0.5,22,0.6285714285714286,TRUE,DOMINIQUE,TRUE
DOMINIQUE LASSARD,ARNOULD DOMINIQUE,Dominique LASSARD,Province Sud,Alliance citoyenne pour la transition,31,ARNOULD Dominique,Province Sud,"Nous, reunis",41,DOMINIQUE LASSARD DOMINIQUE LASSARD,ARNOULD DOMINIQUE ARNOULD DOMINIQUE,DOMINIQUE|LASSARD,ARNOULD|DOMINIQUE,DOMINIQUE,1,0,2,2,0.5,22,0.6285714285714286,TRUE,DOMINIQUE,TRUE
MARTINEZ PHILIPPE,GAZEAU PHILIPPE,Philippe MARTINEZ,Province Sud,Rassemblement national,31,GAZEAU Philippe,Province Sud,Un espoir pour demain,45,MARTINEZ PHILIPPE PHILIPPE MARTINEZ,GAZEAU PHILIPPE GAZEAU PHILIPPE,MARTINEZ|PHILIPPE,GAZEAU|PHILIPPE,PHILIPPE,1,0,2,2,0.5,22,0.6285714285714286,TRUE,PHILIPPE,TRUE
ALAIN BECARD,ALAIN LAURENT,Alain BECARD,Province Sud,Caledonie nouvelle et reunie,21,LAURENT Alain,Province Sud,"France Caledonie, une patrie",21,ALAIN BECARD ALAIN BECARD,ALAIN LAURENT LAURENT ALAIN,ALAIN|BECARD,ALAIN|LAURENT,ALAIN,1,0,2,2,0.5,17,0.6296296296296297,TRUE,ALAIN,TRUE
ALAIN PIDJOT,ALAIN LAURENT,Alain PIDJOT,Province Sud,FLNKS,25,LAURENT Alain,Province Sud,"France Caledonie, une patrie",21,ALAIN PIDJOT ALAIN PIDJOT,ALAIN LAURENT LAURENT ALAIN,ALAIN|PIDJOT,ALAIN|LAURENT,ALAIN,1,0,2,2,0.5,17,0.6296296296296297,TRUE,ALAIN,TRUE
HELENE IEKAWE,GATA HELENE,Hélène IEKAWE,Province Sud,Caledoniens Ensemble,14,GATA Hélène,Province Sud,Alliance Pacifik enracinee,7,HELENE IEKAWE HELENE IEKAWE,GATA HELENE GATA HELENE,HELENE|IEKAWE,GATA|HELENE,HELENE,1,0,2,2,0.5,17,0.6296296296296297,TRUE,HELENE,TRUE
CHAMPMOREAU ISABELLE,GOTA ISABELLE,Isabelle CHAMPMOREAU,Province Sud,L'Avenir en confiance,9,GOTA Isabelle,Province Sud,"France Caledonie, une patrie",49,CHAMPMOREAU ISABELLE ISABELLE CHAMPMOREAU,GOTA ISABELLE GOTA ISABELLE,CHAMPMOREAU|ISABELLE,GOTA|ISABELLE,ISABELLE,1,0,2,2,0.5,26,0.6341463414634146,TRUE,ISABELLE,TRUE
FRANCK GARREC LE,FRANCK MAITUKU,Franck LE GARREC,Province Sud,Alliance citoyenne pour la transition,12,MAITUKU Franck,Province Sud,Un autre monde est possible,32,FRANCK GARREC LE FRANCK LE GARREC,FRANCK MAITUKU MAITUKU FRANCK,FRANCK|GARREC,FRANCK|MAITUKU,FRANCK,1,0,2,2,0.5,21,0.6363636363636364,TRUE,FRANCK,TRUE
ISABELLE LAFLEUR,ISABELLE RINAUDO,Isabelle LAFLEUR,Province Sud,L'Avenir en confiance,47,RINAUDO Isabelle,Province Sud,Un espoir pour demain,30,ISABELLE LAFLEUR ISABELLE LAFLEUR,ISABELLE RINAUDO RINAUDO ISABELLE,ISABELLE|LAFLEUR,ISABELLE|RINAUDO,ISABELLE,1,0,2,2,0.5,21,0.6363636363636364,TRUE,ISABELLE,TRUE
LAURENT PAITA,CHATENAY LAURENT,Laurent PAÏTA,Province Sud,Parti travailliste et forces progressistes,9,CHATENAY LAURENT,Province Sud,Faire Pays,5,LAURENT PAITA LAURENT PAITA,CHATENAY LAURENT CHATENAY LAURENT,LAURENT|PAITA,CHATENAY|LAURENT,LAURENT,1,0,2,2,0.5,21,0.6363636363636364,TRUE,LAURENT,TRUE
BRIGNONE NICOLAS,MACHFUL NICOLAS,Nicolas BRIGNONE,Province Sud,L'Avenir en confiance,28,MACHFUL Nicolas,Province Sud,"Nous, reunis",49,BRIGNONE NICOLAS NICOLAS BRIGNONE,MACHFUL NICOLAS MACHFUL NICOLAS,BRIGNONE|NICOLAS,MACHFUL|NICOLAS,NICOLAS,1,0,2,2,0.5,21,0.6363636363636364,TRUE,NICOLAS,TRUE
GOUASSEM SONIA,BOUTEILLER SONIA,Sonia GOUASSEM,Province Sud,Destin commun caledonien,20,BOUTEILLER Sonia,Province Sud,"France Caledonie, une patrie",16,GOUASSEM SONIA SONIA GOUASSEM,BOUTEILLER SONIA BOUTEILLER SONIA,GOUASSEM|SONIA,BOUTEILLER|SONIA,SONIA,1,0,2,2,0.5,21,0.6363636363636364,TRUE,SONIA,TRUE
SONIA TEIN,BOUTEILLER SONIA,Sonia TEIN,Province Sud,Caledonie nouvelle et reunie,30,BOUTEILLER Sonia,Province Sud,"France Caledonie, une patrie",16,SONIA TEIN SONIA TEIN,BOUTEILLER SONIA BOUTEILLER SONIA,SONIA|TEIN,BOUTEILLER|SONIA,SONIA,1,0,2,2,0.5,21,0.6363636363636364,TRUE,SONIA,TRUE
HMALOKO THIERRY,PAPROCKI THIERRY,Thierry HMALOKO,Province Sud,MNIS Sud,43,PAPROCKI Thierry,Province Sud,Un espoir pour demain,33,HMALOKO THIERRY THIERRY HMALOKO,PAPROCKI THIERRY PAPROCKI THIERRY,HMALOKO|THIERRY,PAPROCKI|THIERRY,THIERRY,1,0,2,2,0.5,21,0.6363636363636364,TRUE,THIERRY,TRUE
SONIA STUART,SIRO SONIA,Sonia STUART,Province Sud,Caledonie nouvelle et reunie,26,SIRO Sonia,Province Sud,Unis pour le Pays,26,SONIA STUART SONIA STUART,SIRO SONIA SIRO SONIA,SONIA|STUART,SIRO|SONIA,SONIA,1,0,2,2,0.5,16,0.64,TRUE,SONIA,TRUE
MARTINEZ PHILIPPE,ETCHEVERRY PHILIPPE,Philippe MARTINEZ,Province Sud,Rassemblement national,31,ETCHEVERRY Philippe,Province Sud,"France Caledonie, une patrie",23,MARTINEZ PHILIPPE PHILIPPE MARTINEZ,ETCHEVERRY PHILIPPE ETCHEVERRY PHILIPPE,MARTINEZ|PHILIPPE,ETCHEVERRY|PHILIPPE,PHILIPPE,1,0,2,2,0.5,25,0.6410256410256411,TRUE,PHILIPPE,TRUE
ALAIN BRETON LE,ALAIN DESTOURS,Alain LE BRETON,Province Sud,Destin commun caledonien,23,DESTOURS Alain,Province Sud,Pour une Caledonie francaise,19,ALAIN BRETON LE ALAIN LE BRETON,ALAIN DESTOURS DESTOURS ALAIN,ALAIN|BRETON,ALAIN|DESTOURS,ALAIN,1,0,2,2,0.5,20,0.6451612903225806,TRUE,ALAIN,TRUE
ALAIN BECARD,ALAIN DESTOURS,Alain BECARD,Province Sud,Caledonie nouvelle et reunie,21,DESTOURS Alain,Province Sud,Pour une Caledonie francaise,19,ALAIN BECARD ALAIN BECARD,ALAIN DESTOURS DESTOURS ALAIN,ALAIN|BECARD,ALAIN|DESTOURS,ALAIN,1,0,2,2,0.5,19,0.6551724137931034,TRUE,ALAIN,TRUE
ALAIN HOUDAN,ALAIN DESTOURS,Alain HOUDAN,Province Sud,Alliance citoyenne pour la transition,36,DESTOURS Alain,Province Sud,Pour une Caledonie francaise,19,ALAIN HOUDAN ALAIN HOUDAN,ALAIN DESTOURS DESTOURS ALAIN,ALAIN|HOUDAN,ALAIN|DESTOURS,ALAIN,1,0,2,2,0.5,19,0.6551724137931034,TRUE,ALAIN,TRUE
DOMINIQUE GILLIOT,ARNOULD DOMINIQUE,Dominique GILLIOT,Province Sud,Caledonie nouvelle et reunie,24,ARNOULD Dominique,Province Sud,"Nous, reunis",41,DOMINIQUE GILLIOT DOMINIQUE GILLIOT,ARNOULD DOMINIQUE ARNOULD DOMINIQUE,DOMINIQUE|GILLIOT,ARNOULD|DOMINIQUE,DOMINIQUE,1,0,2,2,0.5,23,0.6571428571428571,TRUE,DOMINIQUE,TRUE
DOMINIQUE HUMBERT,ARNOULD DOMINIQUE,Dominique HUMBERT,Province Sud,Parti travailliste et forces progressistes,11,ARNOULD Dominique,Province Sud,"Nous, reunis",41,DOMINIQUE HUMBERT DOMINIQUE HUMBERT,ARNOULD DOMINIQUE ARNOULD DOMINIQUE,DOMINIQUE|HUMBERT,ARNOULD|DOMINIQUE,DOMINIQUE,1,0,2,2,0.5,23,0.6571428571428571,TRUE,DOMINIQUE,TRUE
LAURENT PAITA,DINCLAUX LAURENT,Laurent PAÏTA,Province Sud,Parti travailliste et forces progressistes,9,DINCLAUX Laurent,Province Sud,Kanaky pour tous,19,LAURENT PAITA LAURENT PAITA,DINCLAUX LAURENT DINCLAUX LAURENT,LAURENT|PAITA,DINCLAUX|LAURENT,LAURENT,1,0,2,2,0.5,22,0.6666666666666666,TRUE,LAURENT,TRUE
LAURENT WELEPA,CHATENAY LAURENT,Laurent WELEPA,Province Sud,MNIS Sud,13,CHATENAY LAURENT,Province Sud,Faire Pays,5,LAURENT WELEPA LAURENT WELEPA,CHATENAY LAURENT CHATENAY LAURENT,LAURENT|WELEPA,CHATENAY|LAURENT,LAURENT,1,0,2,2,0.5,22,0.6666666666666666,TRUE,LAURENT,TRUE
NICOLAS PUGIBET,NICOLAS YAMAMOTO,Nicolas PUGIBET,Province Sud,Construire autrement,29,YAMAMOTO Nicolas,Province Sud,Les Loyalistes et Le Rassemblement,24,NICOLAS PUGIBET NICOLAS PUGIBET,NICOLAS YAMAMOTO YAMAMOTO NICOLAS,NICOLAS|PUGIBET,NICOLAS|YAMAMOTO,NICOLAS,1,0,2,2,0.5,22,0.6666666666666666,TRUE,NICOLAS,TRUE
BUKOVEC OLIVIER,CAPECCHI OLIVIER,Olivier BUKOVEC,Province Sud,Caledonie nouvelle et reunie,5,CAPECCHI Olivier,Province Sud,Un autre monde est possible,9,BUKOVEC OLIVIER OLIVIER BUKOVEC,CAPECCHI OLIVIER CAPECCHI OLIVIER,BUKOVEC|OLIVIER,CAPECCHI|OLIVIER,OLIVIER,1,0,2,2,0.5,22,0.6666666666666666,TRUE,OLIVIER,TRUE
GOMES PHILIPPE,ETCHEVERRY PHILIPPE,Philippe GOMES,Province Sud,Caledoniens Ensemble,1,ETCHEVERRY Philippe,Province Sud,"France Caledonie, une patrie",23,GOMES PHILIPPE PHILIPPE GOMES,ETCHEVERRY PHILIPPE ETCHEVERRY PHILIPPE,GOMES|PHILIPPE,ETCHEVERRY|PHILIPPE,PHILIPPE,1,0,2,2,0.5,26,0.6666666666666666,TRUE,PHILIPPE,TRUE
KAWA SONIA,BOUTEILLER SONIA,Sonia KAWA,Province Sud,Parti travailliste et forces progressistes,20,BOUTEILLER Sonia,Province Sud,"France Caledonie, une patrie",16,KAWA SONIA SONIA KAWA,BOUTEILLER SONIA BOUTEILLER SONIA,KAWA|SONIA,BOUTEILLER|SONIA,SONIA,1,0,2,2,0.5,22,0.6666666666666666,TRUE,SONIA,TRUE
KAWA SONIA,SONIA TOLUAFE,Sonia KAWA,Province Sud,Parti travailliste et forces progressistes,20,TOLUAFE Sonia,Province Sud,Un autre monde est possible,37,KAWA SONIA SONIA KAWA,SONIA TOLUAFE TOLUAFE SONIA,KAWA|SONIA,SONIA|TOLUAFE,SONIA,1,0,2,2,0.5,18,0.6666666666666666,TRUE,SONIA,TRUE
SONIA TEIN,SIRO SONIA,Sonia TEIN,Province Sud,Caledonie nouvelle et reunie,30,SIRO Sonia,Province Sud,Unis pour le Pays,26,SONIA TEIN SONIA TEIN,SIRO SONIA SIRO SONIA,SONIA|TEIN,SIRO|SONIA,SONIA,1,0,2,2,0.5,14,0.6666666666666666,TRUE,SONIA,TRUE
SANTA THIERRY,PAPROCKI THIERRY,Thierry SANTA,Province Sud,L'Avenir en confiance,2,PAPROCKI Thierry,Province Sud,Un espoir pour demain,33,SANTA THIERRY THIERRY SANTA,PAPROCKI THIERRY PAPROCKI THIERRY,SANTA|THIERRY,PAPROCKI|THIERRY,THIERRY,1,0,2,2,0.5,22,0.6666666666666666,TRUE,THIERRY,TRUE
BERNARD ENOKA,BASQUIN BERNARD,Bernard ENOKA,Province Sud,MNIS Sud,47,BASQUIN Bernard,Province Sud,"Nous, reunis",35,BERNARD ENOKA BERNARD ENOKA,BASQUIN BERNARD BASQUIN BERNARD,BERNARD|ENOKA,BASQUIN|BERNARD,BERNARD,1,0,2,2,0.5,21,0.6774193548387096,TRUE,BERNARD,TRUE
BERNARD MARANT,BASQUIN BERNARD,Bernard MARANT,Province Sud,Caledoniens Ensemble,47,BASQUIN Bernard,Province Sud,"Nous, reunis",35,BERNARD MARANT BERNARD MARANT,BASQUIN BERNARD BASQUIN BERNARD,BERNARD|MARANT,BASQUIN|BERNARD,BERNARD,1,0,2,2,0.5,21,0.6774193548387096,TRUE,BERNARD,TRUE
DIDIER VERNAY,DIDIER MARCUZZO,Didier VERNAY,Province Sud,Rassemblement national,13,MARCUZZO Didier,Province Sud,"France Caledonie, une patrie",29,DIDIER VERNAY DIDIER VERNAY,DIDIER MARCUZZO MARCUZZO DIDIER,DIDIER|VERNAY,DIDIER|MARCUZZO,DIDIER,1,0,2,2,0.5,21,0.6774193548387096,TRUE,DIDIER,TRUE
HENRI WAWALAHAE,HENIN HENRI,Henri WAWALAHAE,Province Sud,Parti travailliste et forces progressistes,49,HENIN Henri,Province Sud,Pour une Caledonie francaise,41,HENRI WAWALAHAE HENRI WAWALAHAE,HENIN HENRI HENIN HENRI,HENRI|WAWALAHAE,HENIN|HENRI,HENRI,1,0,2,2,0.5,21,0.6774193548387096,TRUE,HENRI,TRUE
LAURENT WELEPA,GATUHAU LAURENT,Laurent WELEPA,Province Sud,MNIS Sud,13,GATUHAU Laurent,Province Sud,Alliance Pacifik enracinee,8,LAURENT WELEPA LAURENT WELEPA,GATUHAU LAURENT GATUHAU LAURENT,LAURENT|WELEPA,GATUHAU|LAURENT,LAURENT,1,0,2,2,0.5,21,0.6774193548387096,TRUE,LAURENT,TRUE
MAGULU MARIA,MARIA PHAM,Maria MAGULU,Province Sud,Destin commun caledonien,50,PHAM Maria,Province Sud,"France Caledonie, une patrie",14,MAGULU MARIA MARIA MAGULU,MARIA PHAM PHAM MARIA,MAGULU|MARIA,MARIA|PHAM,MARIA,1,0,2,2,0.5,17,0.68,TRUE,MARIA,TRUE
SONIA TEIN,DEVAUD SONIA,Sonia TEIN,Province Sud,Caledonie nouvelle et reunie,30,DEVAUD Sonia,Province Sud,Pour une Caledonie francaise,14,SONIA TEIN SONIA TEIN,DEVAUD SONIA DEVAUD SONIA,SONIA|TEIN,DEVAUD|SONIA,SONIA,1,0,2,2,0.5,17,0.68,TRUE,SONIA,TRUE
BERNARD BOUANAOUE,BASQUIN BERNARD,Bernard BOUANAOUE,Province Sud,Parti travailliste et forces progressistes,43,BASQUIN Bernard,Province Sud,"Nous, reunis",35,BERNARD BOUANAOUE BERNARD BOUANAOUE,BASQUIN BERNARD BASQUIN BERNARD,BERNARD|BOUANAOUE,BASQUIN|BERNARD,BERNARD,1,0,2,2,0.5,24,0.6857142857142857,TRUE,BERNARD,TRUE
LEMAISTRE OLIVIER,CAPECCHI OLIVIER,Olivier LEMAISTRE,Province Sud,Caledonie nouvelle et reunie,3,CAPECCHI Olivier,Province Sud,Un autre monde est possible,9,LEMAISTRE OLIVIER OLIVIER LEMAISTRE,CAPECCHI OLIVIER CAPECCHI OLIVIER,LEMAISTRE|OLIVIER,CAPECCHI|OLIVIER,OLIVIER,1,0,2,2,0.5,24,0.6857142857142857,TRUE,OLIVIER,TRUE
GOUASSEM SONIA,DEVAUD SONIA,Sonia GOUASSEM,Province Sud,Destin commun caledonien,20,DEVAUD Sonia,Province Sud,Pour une Caledonie francaise,14,GOUASSEM SONIA SONIA GOUASSEM,DEVAUD SONIA DEVAUD SONIA,GOUASSEM|SONIA,DEVAUD|SONIA,SONIA,1,0,2,2,0.5,20,0.6896551724137931,TRUE,SONIA,TRUE
LAURENT WELEPA,DINCLAUX LAURENT,Laurent WELEPA,Province Sud,MNIS Sud,13,DINCLAUX Laurent,Province Sud,Kanaky pour tous,19,LAURENT WELEPA LAURENT WELEPA,DINCLAUX LAURENT DINCLAUX LAURENT,LAURENT|WELEPA,DINCLAUX|LAURENT,LAURENT,1,0,2,2,0.5,23,0.696969696969697,TRUE,LAURENT,TRUE
HOUDAN OLIVIER,CAPECCHI OLIVIER,Olivier HOUDAN,Province Sud,Construire autrement,49,CAPECCHI Olivier,Province Sud,Un autre monde est possible,9,HOUDAN OLIVIER OLIVIER HOUDAN,CAPECCHI OLIVIER CAPECCHI OLIVIER,HOUDAN|OLIVIER,CAPECCHI|OLIVIER,OLIVIER,1,0,2,2,0.5,23,0.696969696969697,TRUE,OLIVIER,TRUE
HENRI LOLOHEA,HENRI LUEPACK,Henri LOLOHEA,Province des Iles,MNIS Iles,20,LUEPACK Henri,Province des Iles,Un nouveau souffle,7,HENRI LOLOHEA HENRI LOLOHEA,HENRI LUEPACK LUEPACK HENRI,HENRI|LOLOHEA,HENRI|LUEPACK,HENRI,1,0,2,2,0.5,19,0.7037037037037037,TRUE,HENRI,TRUE
HENRI SELEFEN,HENRI LUEPACK,Henri SELEFEN,Province des Iles,MNIS Iles,4,LUEPACK Henri,Province des Iles,Un nouveau souffle,7,HENRI SELEFEN HENRI SELEFEN,HENRI LUEPACK LUEPACK HENRI,HENRI|SELEFEN,HENRI|LUEPACK,HENRI,1,0,2,2,0.5,19,0.7037037037037037,TRUE,HENRI,TRUE
ALAIN CARAMESSY,ALAIN DESTOURS,Alain CARAMESSY,Province Sud,Alliance citoyenne pour la transition,10,DESTOURS Alain,Province Sud,Pour une Caledonie francaise,19,ALAIN CARAMESSY ALAIN CARAMESSY,ALAIN DESTOURS DESTOURS ALAIN,ALAIN|CARAMESSY,ALAIN|DESTOURS,ALAIN,1,0,2,2,0.5,22,0.7096774193548387,TRUE,ALAIN,TRUE
LAURENT WELEPA,BARBIER LAURENT,Laurent WELEPA,Province Sud,MNIS Sud,13,BARBIER Laurent,Province Sud,"France Caledonie, une patrie",32,LAURENT WELEPA LAURENT WELEPA,BARBIER LAURENT BARBIER LAURENT,LAURENT|WELEPA,BARBIER|LAURENT,LAURENT,1,0,2,2,0.5,22,0.7096774193548387,TRUE,LAURENT,TRUE
ALAIN PIDJOT,ALAIN DESTOURS,Alain PIDJOT,Province Sud,FLNKS,25,DESTOURS Alain,Province Sud,Pour une Caledonie francaise,19,ALAIN PIDJOT ALAIN PIDJOT,ALAIN DESTOURS DESTOURS ALAIN,ALAIN|PIDJOT,ALAIN|DESTOURS,ALAIN,1,0,2,2,0.5,21,0.7241379310344828,TRUE,ALAIN,TRUE
SONIA STUART,BOUTEILLER SONIA,Sonia STUART,Province Sud,Caledonie nouvelle et reunie,26,BOUTEILLER Sonia,Province Sud,"France Caledonie, une patrie",16,SONIA STUART SONIA STUART,BOUTEILLER SONIA BOUTEILLER SONIA,SONIA|STUART,BOUTEILLER|SONIA,SONIA,1,0,2,2,0.5,24,0.7272727272727273,TRUE,SONIA,TRUE
NICOLAS PUGIBET,MACHFUL NICOLAS,Nicolas PUGIBET,Province Sud,Construire autrement,29,MACHFUL Nicolas,Province Sud,"Nous, reunis",49,NICOLAS PUGIBET NICOLAS PUGIBET,MACHFUL NICOLAS MACHFUL NICOLAS,NICOLAS|PUGIBET,MACHFUL|NICOLAS,NICOLAS,1,0,2,2,0.5,23,0.7419354838709677,TRUE,NICOLAS,TRUE
DOUELLON ISABELLE,ISABELLE RINAUDO,Isabelle DOUELLON,Province Sud,Rassemblement national,28,RINAUDO Isabelle,Province Sud,Un espoir pour demain,30,DOUELLON ISABELLE ISABELLE DOUELLON,ISABELLE RINAUDO RINAUDO ISABELLE,DOUELLON|ISABELLE,ISABELLE|RINAUDO,ISABELLE,1,0,2,2,0.5,26,0.7428571428571429,TRUE,ISABELLE,TRUE
LEMAISTRE OLIVIER,OLIVIER REVERCE,Olivier LEMAISTRE,Province Sud,Caledonie nouvelle et reunie,3,REVERCE OLIVIER,Province Sud,Faire Pays,15,LEMAISTRE OLIVIER OLIVIER LEMAISTRE,OLIVIER REVERCE REVERCE OLIVIER,LEMAISTRE|OLIVIER,OLIVIER|REVERCE,OLIVIER,1,0,2,2,0.5,26,0.7428571428571429,TRUE,OLIVIER,TRUE
DOUELLON ISABELLE,ISABELLE TALLONNIER,Isabelle DOUELLON,Province Sud,Rassemblement national,28,TALLONNIER Isabelle,Province Sud,"France Caledonie, une patrie",33,DOUELLON ISABELLE ISABELLE DOUELLON,ISABELLE TALLONNIER TALLONNIER ISABELLE,DOUELLON|ISABELLE,ISABELLE|TALLONNIER,ISABELLE,1,0,2,2,0.5,29,0.7435897435897436,TRUE,ISABELLE,TRUE
DOMINIQUE MOLE,DOMINIQUE HMELEUE LAWI,Dominique MOLE,Province des Iles,Nouvelle vision des Iles,3,LAWI Dominique Hmeleue,Province des Iles,UC-FLNKS Iles,9,DOMINIQUE MOLE DOMINIQUE MOLE,DOMINIQUE HMELEUE LAWI LAWI DOMINIQUE HMELEUE,DOMINIQUE|MOLE,DOMINIQUE|HMELEUE|LAWI,DOMINIQUE,1,0,2,3,0.4,18,0.4,TRUE,DOMINIQUE,TRUE
CHIARA JEAN PHILIPPE,GAZEAU PHILIPPE,Jean-Philippe CHIARA,Province Sud,Rassemblement national,45,GAZEAU Philippe,Province Sud,Un espoir pour demain,45,CHIARA JEAN PHILIPPE JEAN PHILIPPE CHIARA,GAZEAU PHILIPPE GAZEAU PHILIPPE,CHIARA|JEAN|PHILIPPE,GAZEAU|PHILIPPE,PHILIPPE,1,0,3,2,0.4,19,0.4634146341463415,TRUE,PHILIPPE,TRUE
CHIARA JEAN PHILIPPE,DURAND PHILIPPE,Jean-Philippe CHIARA,Province Sud,Rassemblement national,45,DURAND Philippe,Province Sud,Pour une Caledonie francaise,35,CHIARA JEAN PHILIPPE JEAN PHILIPPE CHIARA,DURAND PHILIPPE DURAND PHILIPPE,CHIARA|JEAN|PHILIPPE,DURAND|PHILIPPE,PHILIPPE,1,0,3,2,0.4,20,0.4878048780487805,TRUE,PHILIPPE,TRUE
CHIARA JEAN PHILIPPE,HNAGEJE PHILIPPE,Jean-Philippe CHIARA,Province Sud,Rassemblement national,45,HNAGEJE Philippe,Province Sud,Une Province pour tous,44,CHIARA JEAN PHILIPPE JEAN PHILIPPE CHIARA,HNAGEJE PHILIPPE HNAGEJE PHILIPPE,CHIARA|JEAN|PHILIPPE,HNAGEJE|PHILIPPE,PHILIPPE,1,0,3,2,0.4,20,0.4878048780487805,TRUE,PHILIPPE,TRUE
CHIARA JEAN PHILIPPE,LEME PHILIPPE,Jean-Philippe CHIARA,Province Sud,Rassemblement national,45,LEME Philippe,Province Sud,"Nous, reunis",43,CHIARA JEAN PHILIPPE JEAN PHILIPPE CHIARA,LEME PHILIPPE LEME PHILIPPE,CHIARA|JEAN|PHILIPPE,LEME|PHILIPPE,PHILIPPE,1,0,3,2,0.4,20,0.4878048780487805,TRUE,PHILIPPE,TRUE
CHRISTIAN TAMASO,CHRISTIAN ONEATA PEAUTAU,Christian TAMASO,Province Sud,Parti travailliste et forces progressistes,21,PEAUTAU Christian Oneata,Province Sud,Alliance Pacifik enracinee,22,CHRISTIAN TAMASO CHRISTIAN TAMASO,CHRISTIAN ONEATA PEAUTAU PEAUTAU CHRISTIAN ONEATA,CHRISTIAN|TAMASO,CHRISTIAN|ONEATA|PEAUTAU,CHRISTIAN,1,0,2,3,0.4,24,0.4897959183673469,TRUE,CHRISTIAN,TRUE
HENRI LOLOHEA,HENRI JOVIAL NENA,Henri LOLOHEA,Province des Iles,MNIS Iles,20,"NENA Henri, Jovial",Province des Iles,Baselaia,11,HENRI LOLOHEA HENRI LOLOHEA,HENRI JOVIAL NENA NENA HENRI JOVIAL,HENRI|LOLOHEA,HENRI|JOVIAL|NENA,HENRI,1,0,2,3,0.4,18,0.5142857142857142,TRUE,HENRI,TRUE
HENRI ZEGOU,HENRI JUNI MAO,Henri ZEGOU,Province Sud,Rassemblement national,49,JUNI Henri Mao,Province Sud,Kanaky pour tous,23,HENRI ZEGOU HENRI ZEGOU,HENRI JUNI MAO JUNI HENRI MAO,HENRI|ZEGOU,HENRI|JUNI|MAO,HENRI,1,0,2,3,0.4,15,0.5172413793103449,TRUE,HENRI,TRUE
DEVILLERS VALERIE,CHEVALIER SEVERINE VALERIE,Valérie DEVILLERS,Province Sud,Construire autrement,40,CHEVALIER Séverine-Valérie,Province Sud,Un espoir pour demain,20,DEVILLERS VALERIE VALERIE DEVILLERS,CHEVALIER SEVERINE VALERIE CHEVALIER SEVERINE VALERIE,DEVILLERS|VALERIE,CHEVALIER|SEVERINE|VALERIE,VALERIE,1,0,2,3,0.4,28,0.5283018867924528,TRUE,VALERIE,TRUE
CHRISTIAN COLLOT,CHRISTIAN ONEATA PEAUTAU,Christian COLLOT,Province Sud,Alliance citoyenne pour la transition,20,PEAUTAU Christian Oneata,Province Sud,Alliance Pacifik enracinee,22,CHRISTIAN COLLOT CHRISTIAN COLLOT,CHRISTIAN ONEATA PEAUTAU PEAUTAU CHRISTIAN ONEATA,CHRISTIAN|COLLOT,CHRISTIAN|ONEATA|PEAUTAU,CHRISTIAN,1,0,2,3,0.4,26,0.5306122448979592,TRUE,CHRISTIAN,TRUE
JEAN PHILIPPE ROUQUETTE,LEME PHILIPPE,Jean-Philippe ROUQUETTE,Province Sud,Rassemblement national,19,LEME Philippe,Province Sud,"Nous, reunis",43,JEAN PHILIPPE ROUQUETTE JEAN PHILIPPE ROUQUETTE,LEME PHILIPPE LEME PHILIPPE,JEAN|PHILIPPE|ROUQUETTE,LEME|PHILIPPE,PHILIPPE,1,0,3,2,0.4,25,0.5319148936170213,TRUE,PHILIPPE,TRUE
CHIARA JEAN PHILIPPE,LEMAITRE PHILIPPE,Jean-Philippe CHIARA,Province Sud,Rassemblement national,45,LEMAITRE Philippe,Province Sud,Pour une Caledonie francaise,5,CHIARA JEAN PHILIPPE JEAN PHILIPPE CHIARA,LEMAITRE PHILIPPE LEMAITRE PHILIPPE,CHIARA|JEAN|PHILIPPE,LEMAITRE|PHILIPPE,PHILIPPE,1,0,3,2,0.4,22,0.5365853658536586,TRUE,PHILIPPE,TRUE
BLAISE PHILIPPE,KAOUA PHILIPPE WEDOI,Philippe BLAISE,Province Sud,L'Avenir en confiance,6,WEDOI Philippe Kaoua,Province Sud,Kanaky pour tous,31,BLAISE PHILIPPE PHILIPPE BLAISE,KAOUA PHILIPPE WEDOI WEDOI PHILIPPE KAOUA,BLAISE|PHILIPPE,KAOUA|PHILIPPE|WEDOI,PHILIPPE,1,0,2,3,0.4,22,0.5365853658536586,TRUE,PHILIPPE,TRUE
GOMES PHILIPPE,KAOUA PHILIPPE WEDOI,Philippe GOMES,Province Sud,Caledoniens Ensemble,1,WEDOI Philippe Kaoua,Province Sud,Kanaky pour tous,31,GOMES PHILIPPE PHILIPPE GOMES,KAOUA PHILIPPE WEDOI WEDOI PHILIPPE KAOUA,GOMES|PHILIPPE,KAOUA|PHILIPPE|WEDOI,PHILIPPE,1,0,2,3,0.4,22,0.5365853658536586,TRUE,PHILIPPE,TRUE
DEVILLERS MAUDE,DEVILLERS GAUVAN JOYCE,Maude DEVILLERS,Province Nord,Caledoniens Ensemble Nord,28,DEVILLERS épouse GAUVAN Joyce,Province Nord,Agissons ensemble pour le Nord,25,DEVILLERS MAUDE MAUDE DEVILLERS,DEVILLERS GAUVAN JOYCE DEVILLERS EPOUSE GAUVAN JOYCE,DEVILLERS|MAUDE,DEVILLERS|GAUVAN|JOYCE,DEVILLERS,1,0,2,3,0.4,28,0.5384615384615384,TRUE,DEVILLERS,TRUE
HELENE MARIE WAMALO,HELENE KALOKO,Marie-Hélène WAMALO,Province Sud,MNIS Sud,18,KALOKO Hélène,Province Sud,Alliance Pacifik enracinee,33,HELENE MARIE WAMALO MARIE HELENE WAMALO,HELENE KALOKO KALOKO HELENE,HELENE|MARIE|WAMALO,HELENE|KALOKO,HELENE,1,0,3,2,0.4,21,0.5384615384615384,TRUE,HELENE,TRUE
HELENE MARIE WAMALO,HELENE NAPOREA,Marie-Hélène WAMALO,Province Sud,MNIS Sud,18,NAPOREA Hélène,Province Sud,Souverainete Kanaky NC,32,HELENE MARIE WAMALO MARIE HELENE WAMALO,HELENE NAPOREA NAPOREA HELENE,HELENE|MARIE|WAMALO,HELENE|NAPOREA,HELENE,1,0,3,2,0.4,21,0.5384615384615384,TRUE,HELENE,TRUE
HELLOA JACQUELINE WAHEO,DRAWILO JACQUELINE,Jacqueline WAHEO ép HELLOA,Province des Iles,Parti travailliste,6,DRAWILO Jacqueline,Province des Iles,Palika Iles,21,HELLOA JACQUELINE WAHEO JACQUELINE WAHEO EP HELLOA,DRAWILO JACQUELINE DRAWILO JACQUELINE,HELLOA|JACQUELINE|WAHEO,DRAWILO|JACQUELINE,JACQUELINE,1,0,3,2,0.4,27,0.54,TRUE,JACQUELINE,TRUE
HENRI SELEFEN,HENRI JOVIAL NENA,Henri SELEFEN,Province des Iles,MNIS Iles,4,"NENA Henri, Jovial",Province des Iles,Baselaia,11,HENRI SELEFEN HENRI SELEFEN,HENRI JOVIAL NENA NENA HENRI JOVIAL,HENRI|SELEFEN,HENRI|JOVIAL|NENA,HENRI,1,0,2,3,0.4,19,0.5428571428571428,TRUE,HENRI,TRUE
BLAISE PHILIPPE,CHRISTOPHE PHILIPPE VINCENT,Philippe BLAISE,Province Sud,L'Avenir en confiance,6,VINCENT Philippe Christophe,Province Sud,Souverainete Kanaky NC,29,BLAISE PHILIPPE PHILIPPE BLAISE,CHRISTOPHE PHILIPPE VINCENT VINCENT PHILIPPE CHRISTOPHE,BLAISE|PHILIPPE,CHRISTOPHE|PHILIPPE|VINCENT,PHILIPPE,1,0,2,3,0.4,30,0.5454545454545454,TRUE,PHILIPPE,TRUE
JEAN PHILIPPE ROUQUETTE,DURAND PHILIPPE,Jean-Philippe ROUQUETTE,Province Sud,Rassemblement national,19,DURAND Philippe,Province Sud,Pour une Caledonie francaise,35,JEAN PHILIPPE ROUQUETTE JEAN PHILIPPE ROUQUETTE,DURAND PHILIPPE DURAND PHILIPPE,JEAN|PHILIPPE|ROUQUETTE,DURAND|PHILIPPE,PHILIPPE,1,0,3,2,0.4,26,0.5531914893617021,TRUE,PHILIPPE,TRUE
JEAN PHILIPPE ROUQUETTE,GAZEAU PHILIPPE,Jean-Philippe ROUQUETTE,Province Sud,Rassemblement national,19,GAZEAU Philippe,Province Sud,Un espoir pour demain,45,JEAN PHILIPPE ROUQUETTE JEAN PHILIPPE ROUQUETTE,GAZEAU PHILIPPE GAZEAU PHILIPPE,JEAN|PHILIPPE|ROUQUETTE,GAZEAU|PHILIPPE,PHILIPPE,1,0,3,2,0.4,26,0.5531914893617021,TRUE,PHILIPPE,TRUE
MARIE PASCALE VOLTIGEUR,MARANT PASCALE,Marie-Pascale VOLTIGEUR,Province Sud,Caledoniens Ensemble,34,MARANT Pascale,Province Sud,"Nous, reunis",30,MARIE PASCALE VOLTIGEUR MARIE PASCALE VOLTIGEUR,MARANT PASCALE MARANT PASCALE,MARIE|PASCALE|VOLTIGEUR,MARANT|PASCALE,PASCALE,1,0,3,2,0.4,26,0.5531914893617021,TRUE,PASCALE,TRUE
DEVILLERS MARC,DEVILLERS GAUVAN JOYCE,Marc DEVILLERS,Province Nord,Caledoniens Ensemble Nord,21,DEVILLERS épouse GAUVAN Joyce,Province Nord,Agissons ensemble pour le Nord,25,DEVILLERS MARC MARC DEVILLERS,DEVILLERS GAUVAN JOYCE DEVILLERS EPOUSE GAUVAN JOYCE,DEVILLERS|MARC,DEVILLERS|GAUVAN|JOYCE,DEVILLERS,1,0,2,3,0.4,29,0.5576923076923077,TRUE,DEVILLERS,TRUE
CHRISTIAN TAMASO,CHRISTIAN JEAN WADRA,Christian TAMASO,Province Sud,Parti travailliste et forces progressistes,21,WADRA JEAN-CHRISTIAN,Province Sud,Faire Pays,29,CHRISTIAN TAMASO CHRISTIAN TAMASO,CHRISTIAN JEAN WADRA WADRA JEAN CHRISTIAN,CHRISTIAN|TAMASO,CHRISTIAN|JEAN|WADRA,CHRISTIAN,1,0,2,3,0.4,23,0.5609756097560976,TRUE,CHRISTIAN,TRUE
CHIARA JEAN PHILIPPE,DESEIGNE PHILIPPE,Jean-Philippe CHIARA,Province Sud,Rassemblement national,45,DESEIGNE Philippe,Province Sud,Unis pour le Pays,25,CHIARA JEAN PHILIPPE JEAN PHILIPPE CHIARA,DESEIGNE PHILIPPE DESEIGNE PHILIPPE,CHIARA|JEAN|PHILIPPE,DESEIGNE|PHILIPPE,PHILIPPE,1,0,3,2,0.4,23,0.5609756097560976,TRUE,PHILIPPE,TRUE
MERO NICOLAS,KEMEDJIE NICOLAS SELEFEN,Nicolas MERO,Province Sud,Caledonie nouvelle et reunie,33,SELEFEN Nicolas Kemedjie,Province Sud,Souverainete Kanaky NC,47,MERO NICOLAS NICOLAS MERO,KEMEDJIE NICOLAS SELEFEN SELEFEN NICOLAS KEMEDJIE,MERO|NICOLAS,KEMEDJIE|NICOLAS|SELEFEN,NICOLAS,1,0,2,3,0.4,28,0.5714285714285714,TRUE,NICOLAS,TRUE
JEAN PHILIPPE ROUQUETTE,HNAGEJE PHILIPPE,Jean-Philippe ROUQUETTE,Province Sud,Rassemblement national,19,HNAGEJE Philippe,Province Sud,Une Province pour tous,44,JEAN PHILIPPE ROUQUETTE JEAN PHILIPPE ROUQUETTE,HNAGEJE PHILIPPE HNAGEJE PHILIPPE,JEAN|PHILIPPE|ROUQUETTE,HNAGEJE|PHILIPPE,PHILIPPE,1,0,3,2,0.4,27,0.574468085106383,TRUE,PHILIPPE,TRUE
JEAN PHILIPPE ROUQUETTE,PHILIPPE TOGOLEI,Jean-Philippe ROUQUETTE,Province Sud,Rassemblement national,19,TOGOLEI Philippe,Province Sud,Souverainete Kanaky NC,21,JEAN PHILIPPE ROUQUETTE JEAN PHILIPPE ROUQUETTE,PHILIPPE TOGOLEI TOGOLEI PHILIPPE,JEAN|PHILIPPE|ROUQUETTE,PHILIPPE|TOGOLEI,PHILIPPE,1,0,3,2,0.4,27,0.574468085106383,TRUE,PHILIPPE,TRUE
HELLOA JACQUELINE WAHEO,JACQUELINE MALIE,Jacqueline WAHEO ép HELLOA,Province des Iles,Parti travailliste,6,MALIE Jacqueline,Province des Iles,Palika Iles,9,HELLOA JACQUELINE WAHEO JACQUELINE WAHEO EP HELLOA,JACQUELINE MALIE MALIE JACQUELINE,HELLOA|JACQUELINE|WAHEO,JACQUELINE|MALIE,JACQUELINE,1,0,3,2,0.4,29,0.58,TRUE,JACQUELINE,TRUE
FRANCK GARREC LE,BONNARD FRANCK GERARD,Franck LE GARREC,Province Sud,Alliance citoyenne pour la transition,12,BONNARD Franck-Gérard,Province Sud,Unis pour le Pays,5,FRANCK GARREC LE FRANCK LE GARREC,BONNARD FRANCK GERARD BONNARD FRANCK GERARD,FRANCK|GARREC,BONNARD|FRANCK|GERARD,FRANCK,1,0,2,3,0.4,25,0.5813953488372093,TRUE,FRANCK,TRUE
HENRI SELEFEN,CHARLES HENRI QENENOJ,Henri SELEFEN,Province des Iles,MNIS Iles,4,QENENOJ HENRI CHARLES,Province des Iles,Union pour construire dans le consensus,17,HENRI SELEFEN HENRI SELEFEN,CHARLES HENRI QENENOJ QENENOJ HENRI CHARLES,HENRI|SELEFEN,CHARLES|HENRI|QENENOJ,HENRI,1,0,2,3,0.4,25,0.5813953488372093,TRUE,HENRI,TRUE
MARTINEZ PHILIPPE,CHRISTOPHE PHILIPPE VINCENT,Philippe MARTINEZ,Province Sud,Rassemblement national,31,VINCENT Philippe Christophe,Province Sud,Souverainete Kanaky NC,29,MARTINEZ PHILIPPE PHILIPPE MARTINEZ,CHRISTOPHE PHILIPPE VINCENT VINCENT PHILIPPE CHRISTOPHE,MARTINEZ|PHILIPPE,CHRISTOPHE|PHILIPPE|VINCENT,PHILIPPE,1,0,2,3,0.4,32,0.5818181818181818,TRUE,PHILIPPE,TRUE
MICHEL PHILIPPE,CHRISTOPHE PHILIPPE VINCENT,Philippe MICHEL,Province Sud,Caledoniens Ensemble,7,VINCENT Philippe Christophe,Province Sud,Souverainete Kanaky NC,29,MICHEL PHILIPPE PHILIPPE MICHEL,CHRISTOPHE PHILIPPE VINCENT VINCENT PHILIPPE CHRISTOPHE,MICHEL|PHILIPPE,CHRISTOPHE|PHILIPPE|VINCENT,PHILIPPE,1,0,2,3,0.4,32,0.5818181818181818,TRUE,PHILIPPE,TRUE
DARRICAU NATHALIE,LAIGLE LAUNAY NATHALIE,Nathalie DARRICAU,Province Sud,Construire autrement,32,LAUNAY ep LAIGLE Nathalie,Province Sud,Un espoir pour demain,46,DARRICAU NATHALIE NATHALIE DARRICAU,LAIGLE LAUNAY NATHALIE LAUNAY EP LAIGLE NATHALIE,DARRICAU|NATHALIE,LAIGLE|LAUNAY|NATHALIE,NATHALIE,1,0,2,3,0.4,28,0.5833333333333334,TRUE,NATHALIE,TRUE
CHRISTIAN COLLOT,CHRISTIAN JEAN WADRA,Christian COLLOT,Province Sud,Alliance citoyenne pour la transition,20,WADRA JEAN-CHRISTIAN,Province Sud,Faire Pays,29,CHRISTIAN COLLOT CHRISTIAN COLLOT,CHRISTIAN JEAN WADRA WADRA JEAN CHRISTIAN,CHRISTIAN|COLLOT,CHRISTIAN|JEAN|WADRA,CHRISTIAN,1,0,2,3,0.4,24,0.5853658536585366,TRUE,CHRISTIAN,TRUE
MICHEL PHILIPPE,KAOUA PHILIPPE WEDOI,Philippe MICHEL,Province Sud,Caledoniens Ensemble,7,WEDOI Philippe Kaoua,Province Sud,Kanaky pour tous,31,MICHEL PHILIPPE PHILIPPE MICHEL,KAOUA PHILIPPE WEDOI WEDOI PHILIPPE KAOUA,MICHEL|PHILIPPE,KAOUA|PHILIPPE|WEDOI,PHILIPPE,1,0,2,3,0.4,24,0.5853658536585366,TRUE,PHILIPPE,TRUE
BERNARD ENOKA,BERNARD DUVAL HENRI,Bernard ENOKA,Province Sud,MNIS Sud,47,DUVAL Henri-Bernard,Province Sud,Un espoir pour demain,25,BERNARD ENOKA BERNARD ENOKA,BERNARD DUVAL HENRI DUVAL HENRI BERNARD,BERNARD|ENOKA,BERNARD|DUVAL|HENRI,BERNARD,1,0,2,3,0.4,23,0.5897435897435898,TRUE,BERNARD,TRUE
BERNARD MARANT,BERNARD DUVAL HENRI,Bernard MARANT,Province Sud,Caledoniens Ensemble,47,DUVAL Henri-Bernard,Province Sud,Un espoir pour demain,25,BERNARD MARANT BERNARD MARANT,BERNARD DUVAL HENRI DUVAL HENRI BERNARD,BERNARD|MARANT,BERNARD|DUVAL|HENRI,BERNARD,1,0,2,3,0.4,23,0.5897435897435898,TRUE,BERNARD,TRUE
JEAN PHILIPPE ROUQUETTE,DESEIGNE PHILIPPE,Jean-Philippe ROUQUETTE,Province Sud,Rassemblement national,19,DESEIGNE Philippe,Province Sud,Unis pour le Pays,25,JEAN PHILIPPE ROUQUETTE JEAN PHILIPPE ROUQUETTE,DESEIGNE PHILIPPE DESEIGNE PHILIPPE,JEAN|PHILIPPE|ROUQUETTE,DESEIGNE|PHILIPPE,PHILIPPE,1,0,3,2,0.4,28,0.5957446808510638,TRUE,PHILIPPE,TRUE
JEAN PHILIPPE ROUQUETTE,LEMAITRE PHILIPPE,Jean-Philippe ROUQUETTE,Province Sud,Rassemblement national,19,LEMAITRE Philippe,Province Sud,Pour une Caledonie francaise,5,JEAN PHILIPPE ROUQUETTE JEAN PHILIPPE ROUQUETTE,LEMAITRE PHILIPPE LEMAITRE PHILIPPE,JEAN|PHILIPPE|ROUQUETTE,LEMAITRE|PHILIPPE,PHILIPPE,1,0,3,2,0.4,28,0.5957446808510638,TRUE,PHILIPPE,TRUE
LAIGLE MONDY,LAIGLE LAUNAY NATHALIE,Mondy LAIGLE,Province Sud,Caledoniens Ensemble,26,LAUNAY ep LAIGLE Nathalie,Province Sud,Un espoir pour demain,46,LAIGLE MONDY MONDY LAIGLE,LAIGLE LAUNAY NATHALIE LAUNAY EP LAIGLE NATHALIE,LAIGLE|MONDY,LAIGLE|LAUNAY|NATHALIE,LAIGLE,1,0,2,3,0.4,29,0.6041666666666666,TRUE,LAIGLE,TRUE
HENRI SELEFEN,HENRI HUMUNIE WANEWI,Henri SELEFEN,Province des Iles,MNIS Iles,4,HUMUNIE Henri Wanéwi,Province des Iles,UC-FLNKS Iles,21,HENRI SELEFEN HENRI SELEFEN,HENRI HUMUNIE WANEWI HUMUNIE HENRI WANEWI,HENRI|SELEFEN,HENRI|HUMUNIE|WANEWI,HENRI,1,0,2,3,0.4,25,0.6097560975609756,TRUE,HENRI,TRUE
BRIGNONE NICOLAS,KEMEDJIE NICOLAS SELEFEN,Nicolas BRIGNONE,Province Sud,L'Avenir en confiance,28,SELEFEN Nicolas Kemedjie,Province Sud,Souverainete Kanaky NC,47,BRIGNONE NICOLAS NICOLAS BRIGNONE,KEMEDJIE NICOLAS SELEFEN SELEFEN NICOLAS KEMEDJIE,BRIGNONE|NICOLAS,KEMEDJIE|NICOLAS|SELEFEN,NICOLAS,1,0,2,3,0.4,30,0.6122448979591837,TRUE,NICOLAS,TRUE
JODAR NICOLAS,KEMEDJIE NICOLAS SELEFEN,Nicolas JODAR,Province Sud,Construire autrement,35,SELEFEN Nicolas Kemedjie,Province Sud,Souverainete Kanaky NC,47,JODAR NICOLAS NICOLAS JODAR,KEMEDJIE NICOLAS SELEFEN SELEFEN NICOLAS KEMEDJIE,JODAR|NICOLAS,KEMEDJIE|NICOLAS|SELEFEN,NICOLAS,1,0,2,3,0.4,30,0.6122448979591837,TRUE,NICOLAS,TRUE
HENRI WAWALAHAE,HENRI JUNI MAO,Henri WAWALAHAE,Province Sud,Parti travailliste et forces progressistes,49,JUNI Henri Mao,Province Sud,Kanaky pour tous,23,HENRI WAWALAHAE HENRI WAWALAHAE,HENRI JUNI MAO JUNI HENRI MAO,HENRI|WAWALAHAE,HENRI|JUNI|MAO,HENRI,1,0,2,3,0.4,19,0.6129032258064516,TRUE,HENRI,TRUE
BERNARD BOUANAOUE,BERNARD DUVAL HENRI,Bernard BOUANAOUE,Province Sud,Parti travailliste et forces progressistes,43,DUVAL Henri-Bernard,Province Sud,Un espoir pour demain,25,BERNARD BOUANAOUE BERNARD BOUANAOUE,BERNARD DUVAL HENRI DUVAL HENRI BERNARD,BERNARD|BOUANAOUE,BERNARD|DUVAL|HENRI,BERNARD,1,0,2,3,0.4,24,0.6153846153846154,TRUE,BERNARD,TRUE
HELENE MARIE WAMALO,HELENE WENEGUEI,Marie-Hélène WAMALO,Province Sud,MNIS Sud,18,WENEGUEI Hélène,Province Sud,Un autre monde est possible,43,HELENE MARIE WAMALO MARIE HELENE WAMALO,HELENE WENEGUEI WENEGUEI HELENE,HELENE|MARIE|WAMALO,HELENE|WENEGUEI,HELENE,1,0,3,2,0.4,24,0.6153846153846154,TRUE,HELENE,TRUE
GOMES PHILIPPE,CHRISTOPHE PHILIPPE VINCENT,Philippe GOMES,Province Sud,Caledoniens Ensemble,1,VINCENT Philippe Christophe,Province Sud,Souverainete Kanaky NC,29,GOMES PHILIPPE PHILIPPE GOMES,CHRISTOPHE PHILIPPE VINCENT VINCENT PHILIPPE CHRISTOPHE,GOMES|PHILIPPE,CHRISTOPHE|PHILIPPE|VINCENT,PHILIPPE,1,0,2,3,0.4,34,0.6181818181818182,TRUE,PHILIPPE,TRUE
HELENE IEKAWE,HELENE KIKANOI POLUTELE,Hélène IEKAWE,Province Sud,Caledoniens Ensemble,14,POLUTELE ép. KIKANOI Hélène,Province Sud,Kanaky pour tous,46,HELENE IEKAWE HELENE IEKAWE,HELENE KIKANOI POLUTELE POLUTELE EP KIKANOI HELENE,HELENE|IEKAWE,HELENE|KIKANOI|POLUTELE,HELENE,1,0,2,3,0.4,31,0.62,TRUE,HELENE,TRUE
NERHON RENE,NEKIRIAI RENE WAGA,René NERHON,Province Nord,MNIS Nord,6,NEKIRIAI Rene Waga,Province Nord,Alternative Nord pour un pays souverain,31,NERHON RENE RENE NERHON,NEKIRIAI RENE WAGA NEKIRIAI RENE WAGA,NERHON|RENE,NEKIRIAI|RENE|WAGA,RENE,1,0,2,3,0.4,23,0.6216216216216216,TRUE,RENE,TRUE
SANTA THIERRY,LONNE MAYERAU THIERRY,Thierry SANTA,Province Sud,L'Avenir en confiance,2,MAYERAU-LONNE Thierry,Province Sud,Un espoir pour demain,5,SANTA THIERRY THIERRY SANTA,LONNE MAYERAU THIERRY MAYERAU LONNE THIERRY,SANTA|THIERRY,LONNE|MAYERAU|THIERRY,THIERRY,1,0,2,3,0.4,27,0.627906976744186,TRUE,THIERRY,TRUE
HENRI LOLOHEA,CHARLES HENRI QENENOJ,Henri LOLOHEA,Province des Iles,MNIS Iles,20,QENENOJ HENRI CHARLES,Province des Iles,Union pour construire dans le consensus,17,HENRI LOLOHEA HENRI LOLOHEA,CHARLES HENRI QENENOJ QENENOJ HENRI CHARLES,HENRI|LOLOHEA,CHARLES|HENRI|QENENOJ,HENRI,1,0,2,3,0.4,27,0.627906976744186,TRUE,HENRI,TRUE
MALIA TAFILI,HAUTAUFAAO MALIA PAKAINA,Malia TAFILI,Province Sud,L'Eveil oceanien,10,HAUTAUFAAO Malia Pakaina,Province Sud,Souverainete Kanaky NC,14,MALIA TAFILI MALIA TAFILI,HAUTAUFAAO MALIA PAKAINA HAUTAUFAAO MALIA PAKAINA,MALIA|TAFILI,HAUTAUFAAO|MALIA|PAKAINA,MALIA,1,0,2,3,0.4,31,0.6326530612244898,TRUE,MALIA,TRUE
NICOLAS PUGIBET,KEMEDJIE NICOLAS SELEFEN,Nicolas PUGIBET,Province Sud,Construire autrement,29,SELEFEN Nicolas Kemedjie,Province Sud,Souverainete Kanaky NC,47,NICOLAS PUGIBET NICOLAS PUGIBET,KEMEDJIE NICOLAS SELEFEN SELEFEN NICOLAS KEMEDJIE,NICOLAS|PUGIBET,KEMEDJIE|NICOLAS|SELEFEN,NICOLAS,1,0,2,3,0.4,31,0.6326530612244898,TRUE,NICOLAS,TRUE
MARTINEZ PHILIPPE,KAOUA PHILIPPE WEDOI,Philippe MARTINEZ,Province Sud,Rassemblement national,31,WEDOI Philippe Kaoua,Province Sud,Kanaky pour tous,31,MARTINEZ PHILIPPE PHILIPPE MARTINEZ,KAOUA PHILIPPE WEDOI WEDOI PHILIPPE KAOUA,MARTINEZ|PHILIPPE,KAOUA|PHILIPPE|WEDOI,PHILIPPE,1,0,2,3,0.4,26,0.6341463414634146,TRUE,PHILIPPE,TRUE
HENRI LOLOHEA,HENRI HNACCIA UJICAS,Henri LOLOHEA,Province des Iles,MNIS Iles,20,UJICAS Henri Hnaccia,Province des Iles,S'engager et oeuvrer,21,HENRI LOLOHEA HENRI LOLOHEA,HENRI HNACCIA UJICAS UJICAS HENRI HNACCIA,HENRI|LOLOHEA,HENRI|HNACCIA|UJICAS,HENRI,1,0,2,3,0.4,26,0.6341463414634146,TRUE,HENRI,TRUE
SONIA TEIN,BAI PATRICK TEIN,Sonia TEIN,Province Sud,Caledonie nouvelle et reunie,30,TEIN BAI Patrick,Province Sud,Les Loyalistes et Le Rassemblement,42,SONIA TEIN SONIA TEIN,BAI PATRICK TEIN TEIN BAI PATRICK,SONIA|TEIN,BAI|PATRICK|TEIN,TEIN,1,0,2,3,0.4,21,0.6363636363636364,TRUE,TEIN,TRUE
HENRI WAWALAHAE,BERNARD DUVAL HENRI,Henri WAWALAHAE,Province Sud,Parti travailliste et forces progressistes,49,DUVAL Henri-Bernard,Province Sud,Un espoir pour demain,25,HENRI WAWALAHAE HENRI WAWALAHAE,BERNARD DUVAL HENRI DUVAL HENRI BERNARD,HENRI|WAWALAHAE,BERNARD|DUVAL|HENRI,HENRI,1,0,2,3,0.4,25,0.6410256410256411,TRUE,HENRI,TRUE
HENRI ZEGOU,BERNARD DUVAL HENRI,Henri ZEGOU,Province Sud,Rassemblement national,49,DUVAL Henri-Bernard,Province Sud,Un espoir pour demain,25,HENRI ZEGOU HENRI ZEGOU,BERNARD DUVAL HENRI DUVAL HENRI BERNARD,HENRI|ZEGOU,BERNARD|DUVAL|HENRI,HENRI,1,0,2,3,0.4,25,0.6410256410256411,TRUE,HENRI,TRUE
CUENOT GUY OLIVIER,CAPECCHI OLIVIER,Guy-Olivier CUENOT,Province Sud,L'Avenir en confiance,18,CAPECCHI Olivier,Province Sud,Un autre monde est possible,9,CUENOT GUY OLIVIER GUY OLIVIER CUENOT,CAPECCHI OLIVIER CAPECCHI OLIVIER,CUENOT|GUY|OLIVIER,CAPECCHI|OLIVIER,OLIVIER,1,0,3,2,0.4,24,0.6486486486486487,TRUE,OLIVIER,TRUE
DELRIEU PASCALE,ANNE DOUEPERE PASCALE,Pascale DELRIEU,Province Sud,Alliance citoyenne pour la transition,33,DOUEPERE Anne Pascale,Province Sud,Souverainete Kanaky NC,26,DELRIEU PASCALE PASCALE DELRIEU,ANNE DOUEPERE PASCALE DOUEPERE ANNE PASCALE,DELRIEU|PASCALE,ANNE|DOUEPERE|PASCALE,PASCALE,1,0,2,3,0.4,28,0.6511627906976745,TRUE,PASCALE,TRUE
MARIA MAULIGALO,KELETAONA MARIA VIOLAINE,Maria MAULIGALO,Province Sud,Parti travailliste et forces progressistes,18,KELETAONA Maria-Violaine,Province Sud,Alliance Pacifik enracinee,15,MARIA MAULIGALO MARIA MAULIGALO,KELETAONA MARIA VIOLAINE KELETAONA MARIA VIOLAINE,MARIA|MAULIGALO,KELETAONA|MARIA|VIOLAINE,MARIA,1,0,2,3,0.4,32,0.6530612244897959,TRUE,MARIA,TRUE
CHIARA JEAN PHILIPPE,ETCHEVERRY PHILIPPE,Jean-Philippe CHIARA,Province Sud,Rassemblement national,45,ETCHEVERRY Philippe,Province Sud,"France Caledonie, une patrie",23,CHIARA JEAN PHILIPPE JEAN PHILIPPE CHIARA,ETCHEVERRY PHILIPPE ETCHEVERRY PHILIPPE,CHIARA|JEAN|PHILIPPE,ETCHEVERRY|PHILIPPE,PHILIPPE,1,0,3,2,0.4,27,0.6585365853658537,TRUE,PHILIPPE,TRUE
DALY LAROQUE VALERIE,BOURINEAU VALERIE,Valérie LAROQUE-DALY,Province Sud,L'Avenir en confiance,49,BOURINEAU Valérie,Province Sud,Un espoir pour demain,14,DALY LAROQUE VALERIE VALERIE LAROQUE DALY,BOURINEAU VALERIE BOURINEAU VALERIE,DALY|LAROQUE|VALERIE,BOURINEAU|VALERIE,VALERIE,1,0,3,2,0.4,27,0.6585365853658537,TRUE,VALERIE,TRUE
DALY LAROQUE VALERIE,FERRIOT VALERIE,Valérie LAROQUE-DALY,Province Sud,L'Avenir en confiance,49,FERRIOT Valérie,Province Sud,"Nous, reunis",42,DALY LAROQUE VALERIE VALERIE LAROQUE DALY,FERRIOT VALERIE FERRIOT VALERIE,DALY|LAROQUE|VALERIE,FERRIOT|VALERIE,VALERIE,1,0,3,2,0.4,27,0.6585365853658537,TRUE,VALERIE,TRUE
DALY LAROQUE VALERIE,HERBERT VALERIE,Valérie LAROQUE-DALY,Province Sud,L'Avenir en confiance,49,HERBERT Valérie,Province Sud,Pour une Caledonie francaise,50,DALY LAROQUE VALERIE VALERIE LAROQUE DALY,HERBERT VALERIE HERBERT VALERIE,DALY|LAROQUE|VALERIE,HERBERT|VALERIE,VALERIE,1,0,3,2,0.4,27,0.6585365853658537,TRUE,VALERIE,TRUE
HENRI LOLOHEA,HENRI HUMUNIE WANEWI,Henri LOLOHEA,Province des Iles,MNIS Iles,20,HUMUNIE Henri Wanéwi,Province des Iles,UC-FLNKS Iles,21,HENRI LOLOHEA HENRI LOLOHEA,HENRI HUMUNIE WANEWI HUMUNIE HENRI WANEWI,HENRI|LOLOHEA,HENRI|HUMUNIE|WANEWI,HENRI,1,0,2,3,0.4,27,0.6585365853658537,TRUE,HENRI,TRUE
HENRI SELEFEN,HENRI HNACCIA UJICAS,Henri SELEFEN,Province des Iles,MNIS Iles,4,UJICAS Henri Hnaccia,Province des Iles,S'engager et oeuvrer,21,HENRI SELEFEN HENRI SELEFEN,HENRI HNACCIA UJICAS UJICAS HENRI HNACCIA,HENRI|SELEFEN,HENRI|HNACCIA|UJICAS,HENRI,1,0,2,3,0.4,27,0.6585365853658537,TRUE,HENRI,TRUE
JEAN PHILIPPE ROUQUETTE,ETCHEVERRY PHILIPPE,Jean-Philippe ROUQUETTE,Province Sud,Rassemblement national,19,ETCHEVERRY Philippe,Province Sud,"France Caledonie, une patrie",23,JEAN PHILIPPE ROUQUETTE JEAN PHILIPPE ROUQUETTE,ETCHEVERRY PHILIPPE ETCHEVERRY PHILIPPE,JEAN|PHILIPPE|ROUQUETTE,ETCHEVERRY|PHILIPPE,PHILIPPE,1,0,3,2,0.4,31,0.6595744680851063,TRUE,PHILIPPE,TRUE
ISABELLE LAFLEUR,ISABELLE MARIE VAITULUKINA,Isabelle LAFLEUR,Province Sud,L'Avenir en confiance,47,"VAITULUKINA MARIE, ISABELLE",Province Sud,Faire Pays,10,ISABELLE LAFLEUR ISABELLE LAFLEUR,ISABELLE MARIE VAITULUKINA VAITULUKINA MARIE ISABELLE,ISABELLE|LAFLEUR,ISABELLE|MARIE|VAITULUKINA,ISABELLE,1,0,2,3,0.4,35,0.660377358490566,TRUE,ISABELLE,TRUE
ARLETTE TEIN,BAI TEIN VALERIE,Arlette TEIN,Province Nord,Parti travailliste,4,TEIN-BAÏ Valérie,Province Nord,Agissons ensemble pour le Nord,5,ARLETTE TEIN ARLETTE TEIN,BAI TEIN VALERIE TEIN BAI VALERIE,ARLETTE|TEIN,BAI|TEIN|VALERIE,TEIN,1,0,2,3,0.4,22,0.6666666666666666,TRUE,TEIN,TRUE
ARLETTE TEIN,BOAH STEPHANIE TEIN,Arlette TEIN,Province Nord,Parti travailliste,4,TEIN-BOAH Stéphanie,Province Nord,UNI,31,ARLETTE TEIN ARLETTE TEIN,BOAH STEPHANIE TEIN TEIN BOAH STEPHANIE,ARLETTE|TEIN,BOAH|STEPHANIE|TEIN,TEIN,1,0,2,3,0.4,26,0.6666666666666666,TRUE,TEIN,TRUE
DIDIER TROTRO XOLAWAWA,DIDIER KADDOUR,"Didier, Trotro XOLAWAWA",Province Sud,FLNKS,45,KADDOUR Didier,Province Sud,Un espoir pour demain,15,DIDIER TROTRO XOLAWAWA DIDIER TROTRO XOLAWAWA,DIDIER KADDOUR KADDOUR DIDIER,DIDIER|TROTRO|XOLAWAWA,DIDIER|KADDOUR,DIDIER,1,0,3,2,0.4,30,0.6666666666666666,TRUE,DIDIER,TRUE
DIDIER TROTRO XOLAWAWA,DIDIER MARCUZZO,"Didier, Trotro XOLAWAWA",Province Sud,FLNKS,45,MARCUZZO Didier,Province Sud,"France Caledonie, une patrie",29,DIDIER TROTRO XOLAWAWA DIDIER TROTRO XOLAWAWA,DIDIER MARCUZZO MARCUZZO DIDIER,DIDIER|TROTRO|XOLAWAWA,DIDIER|MARCUZZO,DIDIER,1,0,3,2,0.4,30,0.6666666666666666,TRUE,DIDIER,TRUE
HMALOKO THIERRY,LONNE MAYERAU THIERRY,Thierry HMALOKO,Province Sud,MNIS Sud,43,MAYERAU-LONNE Thierry,Province Sud,Un espoir pour demain,5,HMALOKO THIERRY THIERRY HMALOKO,LONNE MAYERAU THIERRY MAYERAU LONNE THIERRY,HMALOKO|THIERRY,LONNE|MAYERAU|THIERRY,THIERRY,1,0,2,3,0.4,29,0.6744186046511628,TRUE,THIERRY,TRUE
CHIARA JEAN PHILIPPE,PHILIPPE TOGOLEI,Jean-Philippe CHIARA,Province Sud,Rassemblement national,45,TOGOLEI Philippe,Province Sud,Souverainete Kanaky NC,21,CHIARA JEAN PHILIPPE JEAN PHILIPPE CHIARA,PHILIPPE TOGOLEI TOGOLEI PHILIPPE,CHIARA|JEAN|PHILIPPE,PHILIPPE|TOGOLEI,PHILIPPE,1,0,3,2,0.4,28,0.6829268292682927,TRUE,PHILIPPE,TRUE
DALY LAROQUE VALERIE,QUINQUIS VALERIE,Valérie LAROQUE-DALY,Province Sud,L'Avenir en confiance,49,QUINQUIS Valerie,Province Sud,"France Caledonie, une patrie",8,DALY LAROQUE VALERIE VALERIE LAROQUE DALY,QUINQUIS VALERIE QUINQUIS VALERIE,DALY|LAROQUE|VALERIE,QUINQUIS|VALERIE,VALERIE,1,0,3,2,0.4,28,0.6829268292682927,TRUE,VALERIE,TRUE
CAWIDRONE ROBERT,BEL LALIE ROBERT,Robert CAWIDRONE,Province des Iles,Dynamique autochtone,4,D LALIE Robert Bel,Province des Iles,Un nouveau souffle,13,CAWIDRONE ROBERT ROBERT CAWIDRONE,BEL LALIE ROBERT D LALIE ROBERT BEL,CAWIDRONE|ROBERT,BEL|LALIE|ROBERT,ROBERT,1,0,2,3,0.4,24,0.6857142857142857,TRUE,ROBERT,TRUE
NATHALIE ROSSILLE,LAIGLE LAUNAY NATHALIE,Nathalie ROSSILLE,Province Sud,Rassemblement national,36,LAUNAY ep LAIGLE Nathalie,Province Sud,Un espoir pour demain,46,NATHALIE ROSSILLE NATHALIE ROSSILLE,LAIGLE LAUNAY NATHALIE LAUNAY EP LAIGLE NATHALIE,NATHALIE|ROSSILLE,LAIGLE|LAUNAY|NATHALIE,NATHALIE,1,0,2,3,0.4,33,0.6875,TRUE,NATHALIE,TRUE
FABRICE HENRI HNANGANYAN,HENRI LUEPACK,"Fabrice, Henri HNANGANYAN",Province des Iles,Palika Iles,9,LUEPACK Henri,Province des Iles,Un nouveau souffle,7,FABRICE HENRI HNANGANYAN FABRICE HENRI HNANGANYAN,HENRI LUEPACK LUEPACK HENRI,FABRICE|HENRI|HNANGANYAN,HENRI|LUEPACK,HENRI,1,0,3,2,0.4,34,0.6938775510204082,TRUE,HENRI,TRUE
PASCALE SERVENT,ANNE DOUEPERE PASCALE,Pascale SERVENT,Province Sud,L'Avenir en confiance,41,DOUEPERE Anne Pascale,Province Sud,Souverainete Kanaky NC,26,PASCALE SERVENT PASCALE SERVENT,ANNE DOUEPERE PASCALE DOUEPERE ANNE PASCALE,PASCALE|SERVENT,ANNE|DOUEPERE|PASCALE,PASCALE,1,0,2,3,0.4,30,0.6976744186046512,TRUE,PASCALE,TRUE
JEANNE POELLABAUER,AURELIE JEANNE POUKIOU,Jeanne POELLABAUER,Province Sud,L'Avenir en confiance,33,"POUKIOU Aurélie, Jeanne r",Province Sud,Kanaky pour tous,44,JEANNE POELLABAUER JEANNE POELLABAUER,AURELIE JEANNE POUKIOU POUKIOU AURELIE JEANNE R,JEANNE|POELLABAUER,AURELIE|JEANNE|POUKIOU,JEANNE,1,0,2,3,0.4,33,0.7021276595744681,TRUE,JEANNE,TRUE
HELENE LUEPAK WEJIEME,CIMUTRU HELENE,Hélène LUEPAK ép WEJIEME,Province des Iles,Parti travailliste,22,CIMUTRU Hélène,Province des Iles,Baselaia,8,HELENE LUEPAK WEJIEME HELENE LUEPAK EP WEJIEME,CIMUTRU HELENE CIMUTRU HELENE,HELENE|LUEPAK|WEJIEME,CIMUTRU|HELENE,HELENE,1,0,3,2,0.4,33,0.717391304347826,TRUE,HELENE,TRUE
HELENE MARIE WAMALO,BREMOND HELENE,Marie-Hélène WAMALO,Province Sud,MNIS Sud,18,BRÉMOND Hélène,Province Sud,"France Caledonie, une patrie",10,HELENE MARIE WAMALO MARIE HELENE WAMALO,BREMOND HELENE BREMOND HELENE,HELENE|MARIE|WAMALO,BREMOND|HELENE,HELENE,1,0,3,2,0.4,28,0.717948717948718,TRUE,HELENE,TRUE
HELENE MARIE WAMALO,GATA HELENE,Marie-Hélène WAMALO,Province Sud,MNIS Sud,18,GATA Hélène,Province Sud,Alliance Pacifik enracinee,7,HELENE MARIE WAMALO MARIE HELENE WAMALO,GATA HELENE GATA HELENE,HELENE|MARIE|WAMALO,GATA|HELENE,HELENE,1,0,3,2,0.4,28,0.717948717948718,TRUE,HELENE,TRUE
GISELE MARTIN SONG,ANTONIO MARTIN,Gisèle SONG ép MARTIN,Province Nord,Agissons pour le Nord,8,MARTIN Antonio,Province Nord,Agissons ensemble pour le Nord,8,GISELE MARTIN SONG GISELE SONG EP MARTIN,ANTONIO MARTIN MARTIN ANTONIO,GISELE|MARTIN|SONG,ANTONIO|MARTIN,MARTIN,1,0,3,2,0.4,29,0.725,TRUE,MARTIN,TRUE
ETO KAPOERI ROBERT,ROBERT WADIENO,Robert Eto KAPOERI,Province des Iles,Palika Iles,3,WADIENO Robert,Province des Iles,UC-FLNKS Iles,11,ETO KAPOERI ROBERT ROBERT ETO KAPOERI,ROBERT WADIENO WADIENO ROBERT,ETO|KAPOERI|ROBERT,ROBERT|WADIENO,ROBERT,1,0,3,2,0.4,27,0.7297297297297297,TRUE,ROBERT,TRUE
MAGULU MARIA,KELETAONA MARIA VIOLAINE,Maria MAGULU,Province Sud,Destin commun caledonien,50,KELETAONA Maria-Violaine,Province Sud,Alliance Pacifik enracinee,15,MAGULU MARIA MARIA MAGULU,KELETAONA MARIA VIOLAINE KELETAONA MARIA VIOLAINE,MAGULU|MARIA,KELETAONA|MARIA|VIOLAINE,MARIA,1,0,2,3,0.4,36,0.7346938775510204,TRUE,MARIA,TRUE
HELENE ISHINGO NGADAE,CIMUTRU HELENE,"Hélène, Ishingo NGADAE",Province des Iles,Avec nous,12,CIMUTRU Hélène,Province des Iles,Baselaia,8,HELENE ISHINGO NGADAE HELENE ISHINGO NGADAE,CIMUTRU HELENE CIMUTRU HELENE,HELENE|ISHINGO|NGADAE,CIMUTRU|HELENE,HELENE,1,0,3,2,0.4,32,0.7441860465116279,TRUE,HELENE,TRUE
